[2026-02-12T03:53:22.017+0000] {processor.py:161} INFO - Started process (PID=8726) to work on /opt/airflow/dags/product_pipeline_dag.py
[2026-02-12T03:53:22.045+0000] {processor.py:830} INFO - Processing file /opt/airflow/dags/product_pipeline_dag.py for tasks to queue
[2026-02-12T03:53:22.580+0000] {logging_mixin.py:188} INFO - [2026-02-12T03:53:22.547+0000] {dagbag.py:545} INFO - Filling up the DagBag from /opt/airflow/dags/product_pipeline_dag.py
[2026-02-12T03:53:24.404+0000] {logging_mixin.py:188} INFO - [2026-02-12T03:53:24.228+0000] {dagbag.py:355} ERROR - Failed to import: /opt/airflow/dags/product_pipeline_dag.py
Traceback (most recent call last):
  File "/home/airflow/.local/lib/python3.12/site-packages/airflow/models/dagbag.py", line 351, in parse
    loader.exec_module(new_module)
  File "<frozen importlib._bootstrap_external>", line 995, in exec_module
  File "<frozen importlib._bootstrap>", line 488, in _call_with_frames_removed
  File "/opt/airflow/dags/product_pipeline_dag.py", line 82, in <module>
    clean_tasks >> load_tasks
    ~~~~~~~~~~~~^^~~~~~~~~~~~
TypeError: unsupported operand type(s) for >>: 'list' and 'list'
[2026-02-12T03:53:24.607+0000] {processor.py:842} WARNING - No viable dags retrieved from /opt/airflow/dags/product_pipeline_dag.py
[2026-02-12T03:53:27.198+0000] {processor.py:183} INFO - Processing /opt/airflow/dags/product_pipeline_dag.py took 6.086 seconds
[2026-02-12T03:54:52.877+0000] {processor.py:161} INFO - Started process (PID=8749) to work on /opt/airflow/dags/product_pipeline_dag.py
[2026-02-12T03:54:52.906+0000] {processor.py:830} INFO - Processing file /opt/airflow/dags/product_pipeline_dag.py for tasks to queue
[2026-02-12T03:54:53.588+0000] {logging_mixin.py:188} INFO - [2026-02-12T03:54:53.036+0000] {dagbag.py:545} INFO - Filling up the DagBag from /opt/airflow/dags/product_pipeline_dag.py
[2026-02-12T03:54:55.558+0000] {logging_mixin.py:188} INFO - [2026-02-12T03:54:55.515+0000] {dagbag.py:355} ERROR - Failed to import: /opt/airflow/dags/product_pipeline_dag.py
Traceback (most recent call last):
  File "/home/airflow/.local/lib/python3.12/site-packages/airflow/models/dagbag.py", line 351, in parse
    loader.exec_module(new_module)
  File "<frozen importlib._bootstrap_external>", line 995, in exec_module
  File "<frozen importlib._bootstrap>", line 488, in _call_with_frames_removed
  File "/opt/airflow/dags/product_pipeline_dag.py", line 82, in <module>
    clean_tasks >> load_tasks
    ~~~~~~~~~~~~^^~~~~~~~~~~~
TypeError: unsupported operand type(s) for >>: 'list' and 'list'
[2026-02-12T03:54:55.586+0000] {processor.py:842} WARNING - No viable dags retrieved from /opt/airflow/dags/product_pipeline_dag.py
[2026-02-12T03:54:56.555+0000] {processor.py:183} INFO - Processing /opt/airflow/dags/product_pipeline_dag.py took 2.651 seconds
[2026-02-12T03:55:38.248+0000] {processor.py:161} INFO - Started process (PID=8771) to work on /opt/airflow/dags/product_pipeline_dag.py
[2026-02-12T03:55:38.261+0000] {processor.py:830} INFO - Processing file /opt/airflow/dags/product_pipeline_dag.py for tasks to queue
[2026-02-12T03:55:38.351+0000] {logging_mixin.py:188} INFO - [2026-02-12T03:55:38.337+0000] {dagbag.py:545} INFO - Filling up the DagBag from /opt/airflow/dags/product_pipeline_dag.py
[2026-02-12T03:55:38.824+0000] {logging_mixin.py:188} INFO - [2026-02-12T03:55:38.786+0000] {dagbag.py:355} ERROR - Failed to import: /opt/airflow/dags/product_pipeline_dag.py
Traceback (most recent call last):
  File "/home/airflow/.local/lib/python3.12/site-packages/airflow/models/dagbag.py", line 351, in parse
    loader.exec_module(new_module)
  File "<frozen importlib._bootstrap_external>", line 995, in exec_module
  File "<frozen importlib._bootstrap>", line 488, in _call_with_frames_removed
  File "/opt/airflow/dags/product_pipeline_dag.py", line 82, in <module>
    clean_tasks >> load_tasks
    ~~~~~~~~~~~~^^~~~~~~~~~~~
TypeError: unsupported operand type(s) for >>: 'list' and 'list'
[2026-02-12T03:55:38.835+0000] {processor.py:842} WARNING - No viable dags retrieved from /opt/airflow/dags/product_pipeline_dag.py
[2026-02-12T03:55:39.237+0000] {processor.py:183} INFO - Processing /opt/airflow/dags/product_pipeline_dag.py took 1.040 seconds
[2026-02-12T03:56:16.153+0000] {processor.py:161} INFO - Started process (PID=8788) to work on /opt/airflow/dags/product_pipeline_dag.py
[2026-02-12T03:56:16.198+0000] {processor.py:830} INFO - Processing file /opt/airflow/dags/product_pipeline_dag.py for tasks to queue
[2026-02-12T03:56:16.362+0000] {logging_mixin.py:188} INFO - [2026-02-12T03:56:16.333+0000] {dagbag.py:545} INFO - Filling up the DagBag from /opt/airflow/dags/product_pipeline_dag.py
[2026-02-12T03:56:17.073+0000] {logging_mixin.py:188} INFO - [2026-02-12T03:56:16.992+0000] {dagbag.py:355} ERROR - Failed to import: /opt/airflow/dags/product_pipeline_dag.py
Traceback (most recent call last):
  File "/home/airflow/.local/lib/python3.12/site-packages/airflow/models/dagbag.py", line 351, in parse
    loader.exec_module(new_module)
  File "<frozen importlib._bootstrap_external>", line 995, in exec_module
  File "<frozen importlib._bootstrap>", line 488, in _call_with_frames_removed
  File "/opt/airflow/dags/product_pipeline_dag.py", line 82, in <module>
    clean_tasks >> load_tasks
    ~~~~~~~~~~~~^^~~~~~~~~~~~
TypeError: unsupported operand type(s) for >>: 'list' and 'list'
[2026-02-12T03:56:17.097+0000] {processor.py:842} WARNING - No viable dags retrieved from /opt/airflow/dags/product_pipeline_dag.py
[2026-02-12T03:56:19.334+0000] {processor.py:183} INFO - Processing /opt/airflow/dags/product_pipeline_dag.py took 3.479 seconds
[2026-02-12T03:57:02.735+0000] {processor.py:161} INFO - Started process (PID=8805) to work on /opt/airflow/dags/product_pipeline_dag.py
[2026-02-12T03:57:02.777+0000] {processor.py:830} INFO - Processing file /opt/airflow/dags/product_pipeline_dag.py for tasks to queue
[2026-02-12T03:57:02.864+0000] {logging_mixin.py:188} INFO - [2026-02-12T03:57:02.851+0000] {dagbag.py:545} INFO - Filling up the DagBag from /opt/airflow/dags/product_pipeline_dag.py
[2026-02-12T03:57:03.350+0000] {logging_mixin.py:188} INFO - [2026-02-12T03:57:03.323+0000] {dagbag.py:355} ERROR - Failed to import: /opt/airflow/dags/product_pipeline_dag.py
Traceback (most recent call last):
  File "/home/airflow/.local/lib/python3.12/site-packages/airflow/models/dagbag.py", line 351, in parse
    loader.exec_module(new_module)
  File "<frozen importlib._bootstrap_external>", line 995, in exec_module
  File "<frozen importlib._bootstrap>", line 488, in _call_with_frames_removed
  File "/opt/airflow/dags/product_pipeline_dag.py", line 82, in <module>
    clean_tasks >> load_tasks
    ~~~~~~~~~~~~^^~~~~~~~~~~~
TypeError: unsupported operand type(s) for >>: 'list' and 'list'
[2026-02-12T03:57:03.358+0000] {processor.py:842} WARNING - No viable dags retrieved from /opt/airflow/dags/product_pipeline_dag.py
[2026-02-12T03:57:03.680+0000] {processor.py:183} INFO - Processing /opt/airflow/dags/product_pipeline_dag.py took 1.109 seconds
[2026-02-12T04:04:10.766+0000] {processor.py:161} INFO - Started process (PID=8819) to work on /opt/airflow/dags/product_pipeline_dag.py
[2026-02-12T04:04:10.855+0000] {processor.py:830} INFO - Processing file /opt/airflow/dags/product_pipeline_dag.py for tasks to queue
[2026-02-12T04:04:11.664+0000] {logging_mixin.py:188} INFO - [2026-02-12T04:04:11.535+0000] {dagbag.py:545} INFO - Filling up the DagBag from /opt/airflow/dags/product_pipeline_dag.py
[2026-02-12T04:04:12.947+0000] {logging_mixin.py:188} INFO - [2026-02-12T04:04:12.886+0000] {dagbag.py:355} ERROR - Failed to import: /opt/airflow/dags/product_pipeline_dag.py
Traceback (most recent call last):
  File "/home/airflow/.local/lib/python3.12/site-packages/airflow/models/dagbag.py", line 351, in parse
    loader.exec_module(new_module)
  File "<frozen importlib._bootstrap_external>", line 995, in exec_module
  File "<frozen importlib._bootstrap>", line 488, in _call_with_frames_removed
  File "/opt/airflow/dags/product_pipeline_dag.py", line 82, in <module>
    clean_tasks >> load_tasks
    ~~~~~~~~~~~~^^~~~~~~~~~~~
TypeError: unsupported operand type(s) for >>: 'list' and 'list'
[2026-02-12T04:04:12.965+0000] {processor.py:842} WARNING - No viable dags retrieved from /opt/airflow/dags/product_pipeline_dag.py
[2026-02-12T04:04:14.462+0000] {processor.py:183} INFO - Processing /opt/airflow/dags/product_pipeline_dag.py took 4.437 seconds
[2026-02-12T04:04:45.349+0000] {processor.py:161} INFO - Started process (PID=8848) to work on /opt/airflow/dags/product_pipeline_dag.py
[2026-02-12T04:04:45.356+0000] {processor.py:830} INFO - Processing file /opt/airflow/dags/product_pipeline_dag.py for tasks to queue
[2026-02-12T04:04:45.380+0000] {logging_mixin.py:188} INFO - [2026-02-12T04:04:45.374+0000] {dagbag.py:545} INFO - Filling up the DagBag from /opt/airflow/dags/product_pipeline_dag.py
[2026-02-12T04:04:45.495+0000] {logging_mixin.py:188} INFO - [2026-02-12T04:04:45.475+0000] {dagbag.py:355} ERROR - Failed to import: /opt/airflow/dags/product_pipeline_dag.py
Traceback (most recent call last):
  File "/home/airflow/.local/lib/python3.12/site-packages/airflow/models/dagbag.py", line 351, in parse
    loader.exec_module(new_module)
  File "<frozen importlib._bootstrap_external>", line 995, in exec_module
  File "<frozen importlib._bootstrap>", line 488, in _call_with_frames_removed
  File "/opt/airflow/dags/product_pipeline_dag.py", line 82, in <module>
    clean_tasks >> load_tasks
    ~~~~~~~~~~~~^^~~~~~~~~~~~
TypeError: unsupported operand type(s) for >>: 'list' and 'list'
[2026-02-12T04:04:45.501+0000] {processor.py:842} WARNING - No viable dags retrieved from /opt/airflow/dags/product_pipeline_dag.py
[2026-02-12T04:04:45.575+0000] {processor.py:183} INFO - Processing /opt/airflow/dags/product_pipeline_dag.py took 0.303 seconds
[2026-02-12T04:34:44.429+0000] {processor.py:161} INFO - Started process (PID=8877) to work on /opt/airflow/dags/product_pipeline_dag.py
[2026-02-12T04:34:44.459+0000] {processor.py:830} INFO - Processing file /opt/airflow/dags/product_pipeline_dag.py for tasks to queue
[2026-02-12T04:34:44.624+0000] {logging_mixin.py:188} INFO - [2026-02-12T04:34:44.593+0000] {dagbag.py:545} INFO - Filling up the DagBag from /opt/airflow/dags/product_pipeline_dag.py
[2026-02-12T04:34:45.679+0000] {logging_mixin.py:188} INFO - [2026-02-12T04:34:45.603+0000] {dagbag.py:355} ERROR - Failed to import: /opt/airflow/dags/product_pipeline_dag.py
Traceback (most recent call last):
  File "/home/airflow/.local/lib/python3.12/site-packages/airflow/models/dagbag.py", line 351, in parse
    loader.exec_module(new_module)
  File "<frozen importlib._bootstrap_external>", line 995, in exec_module
  File "<frozen importlib._bootstrap>", line 488, in _call_with_frames_removed
  File "/opt/airflow/dags/product_pipeline_dag.py", line 82, in <module>
    clean_tasks >> load_tasks
    ~~~~~~~~~~~~^^~~~~~~~~~~~
TypeError: unsupported operand type(s) for >>: 'list' and 'list'
[2026-02-12T04:34:45.702+0000] {processor.py:842} WARNING - No viable dags retrieved from /opt/airflow/dags/product_pipeline_dag.py
[2026-02-12T04:34:47.514+0000] {processor.py:183} INFO - Processing /opt/airflow/dags/product_pipeline_dag.py took 3.713 seconds
[2026-02-12T04:35:19.045+0000] {processor.py:161} INFO - Started process (PID=8906) to work on /opt/airflow/dags/product_pipeline_dag.py
[2026-02-12T04:35:19.053+0000] {processor.py:830} INFO - Processing file /opt/airflow/dags/product_pipeline_dag.py for tasks to queue
[2026-02-12T04:35:19.081+0000] {logging_mixin.py:188} INFO - [2026-02-12T04:35:19.077+0000] {dagbag.py:545} INFO - Filling up the DagBag from /opt/airflow/dags/product_pipeline_dag.py
[2026-02-12T04:35:19.232+0000] {logging_mixin.py:188} INFO - [2026-02-12T04:35:19.206+0000] {dagbag.py:355} ERROR - Failed to import: /opt/airflow/dags/product_pipeline_dag.py
Traceback (most recent call last):
  File "/home/airflow/.local/lib/python3.12/site-packages/airflow/models/dagbag.py", line 351, in parse
    loader.exec_module(new_module)
  File "<frozen importlib._bootstrap_external>", line 995, in exec_module
  File "<frozen importlib._bootstrap>", line 488, in _call_with_frames_removed
  File "/opt/airflow/dags/product_pipeline_dag.py", line 82, in <module>
    clean_tasks >> load_tasks
    ~~~~~~~~~~~~^^~~~~~~~~~~~
TypeError: unsupported operand type(s) for >>: 'list' and 'list'
[2026-02-12T04:35:19.240+0000] {processor.py:842} WARNING - No viable dags retrieved from /opt/airflow/dags/product_pipeline_dag.py
[2026-02-12T04:35:19.375+0000] {processor.py:183} INFO - Processing /opt/airflow/dags/product_pipeline_dag.py took 0.477 seconds
[2026-02-12T04:36:30.026+0000] {processor.py:161} INFO - Started process (PID=8935) to work on /opt/airflow/dags/product_pipeline_dag.py
[2026-02-12T04:36:30.040+0000] {processor.py:830} INFO - Processing file /opt/airflow/dags/product_pipeline_dag.py for tasks to queue
[2026-02-12T04:36:30.080+0000] {logging_mixin.py:188} INFO - [2026-02-12T04:36:30.071+0000] {dagbag.py:545} INFO - Filling up the DagBag from /opt/airflow/dags/product_pipeline_dag.py
[2026-02-12T04:36:30.246+0000] {logging_mixin.py:188} INFO - [2026-02-12T04:36:30.224+0000] {dagbag.py:355} ERROR - Failed to import: /opt/airflow/dags/product_pipeline_dag.py
Traceback (most recent call last):
  File "/home/airflow/.local/lib/python3.12/site-packages/airflow/models/dagbag.py", line 351, in parse
    loader.exec_module(new_module)
  File "<frozen importlib._bootstrap_external>", line 995, in exec_module
  File "<frozen importlib._bootstrap>", line 488, in _call_with_frames_removed
  File "/opt/airflow/dags/product_pipeline_dag.py", line 82, in <module>
    clean_tasks >> load_tasks
    ~~~~~~~~~~~~^^~~~~~~~~~~~
TypeError: unsupported operand type(s) for >>: 'list' and 'list'
[2026-02-12T04:36:30.250+0000] {processor.py:842} WARNING - No viable dags retrieved from /opt/airflow/dags/product_pipeline_dag.py
[2026-02-12T04:36:30.419+0000] {processor.py:183} INFO - Processing /opt/airflow/dags/product_pipeline_dag.py took 0.590 seconds
[2026-02-12T11:50:32.673+0000] {processor.py:161} INFO - Started process (PID=189) to work on /opt/airflow/dags/product_pipeline_dag.py
[2026-02-12T11:50:32.679+0000] {processor.py:830} INFO - Processing file /opt/airflow/dags/product_pipeline_dag.py for tasks to queue
[2026-02-12T11:50:32.691+0000] {logging_mixin.py:188} INFO - [2026-02-12T11:50:32.689+0000] {dagbag.py:545} INFO - Filling up the DagBag from /opt/airflow/dags/product_pipeline_dag.py
[2026-02-12T11:50:32.813+0000] {processor.py:840} INFO - DAG(s) 'product_price_pipeline' retrieved from /opt/airflow/dags/product_pipeline_dag.py
[2026-02-12T11:50:32.914+0000] {logging_mixin.py:188} INFO - [2026-02-12T11:50:32.913+0000] {dag.py:3089} INFO - Sync 1 DAGs
[2026-02-12T11:50:32.978+0000] {logging_mixin.py:188} INFO - [2026-02-12T11:50:32.977+0000] {dag.py:3947} INFO - Setting next_dagrun for product_price_pipeline to 2026-02-11 00:00:00+00:00, run_after=2026-02-12 00:00:00+00:00
[2026-02-12T11:50:33.045+0000] {processor.py:183} INFO - Processing /opt/airflow/dags/product_pipeline_dag.py took 0.398 seconds
[2026-02-12T11:51:03.415+0000] {processor.py:161} INFO - Started process (PID=218) to work on /opt/airflow/dags/product_pipeline_dag.py
[2026-02-12T11:51:03.424+0000] {processor.py:830} INFO - Processing file /opt/airflow/dags/product_pipeline_dag.py for tasks to queue
[2026-02-12T11:51:03.443+0000] {logging_mixin.py:188} INFO - [2026-02-12T11:51:03.438+0000] {dagbag.py:545} INFO - Filling up the DagBag from /opt/airflow/dags/product_pipeline_dag.py
[2026-02-12T11:51:03.584+0000] {processor.py:840} INFO - DAG(s) 'product_price_pipeline' retrieved from /opt/airflow/dags/product_pipeline_dag.py
[2026-02-12T11:51:04.144+0000] {logging_mixin.py:188} INFO - [2026-02-12T11:51:04.143+0000] {dag.py:3089} INFO - Sync 1 DAGs
[2026-02-12T11:51:04.210+0000] {logging_mixin.py:188} INFO - [2026-02-12T11:51:04.209+0000] {dag.py:3947} INFO - Setting next_dagrun for product_price_pipeline to 2026-02-11 00:00:00+00:00, run_after=2026-02-12 00:00:00+00:00
[2026-02-12T11:51:04.286+0000] {processor.py:183} INFO - Processing /opt/airflow/dags/product_pipeline_dag.py took 0.912 seconds
[2026-02-12T11:51:34.810+0000] {processor.py:161} INFO - Started process (PID=247) to work on /opt/airflow/dags/product_pipeline_dag.py
[2026-02-12T11:51:34.822+0000] {processor.py:830} INFO - Processing file /opt/airflow/dags/product_pipeline_dag.py for tasks to queue
[2026-02-12T11:51:34.844+0000] {logging_mixin.py:188} INFO - [2026-02-12T11:51:34.841+0000] {dagbag.py:545} INFO - Filling up the DagBag from /opt/airflow/dags/product_pipeline_dag.py
[2026-02-12T11:51:34.971+0000] {processor.py:840} INFO - DAG(s) 'product_price_pipeline' retrieved from /opt/airflow/dags/product_pipeline_dag.py
[2026-02-12T11:51:35.122+0000] {logging_mixin.py:188} INFO - [2026-02-12T11:51:35.122+0000] {dag.py:3089} INFO - Sync 1 DAGs
[2026-02-12T11:51:35.180+0000] {logging_mixin.py:188} INFO - [2026-02-12T11:51:35.179+0000] {dag.py:3947} INFO - Setting next_dagrun for product_price_pipeline to 2026-02-11 00:00:00+00:00, run_after=2026-02-12 00:00:00+00:00
[2026-02-12T11:51:35.225+0000] {processor.py:183} INFO - Processing /opt/airflow/dags/product_pipeline_dag.py took 0.464 seconds
[2026-02-12T11:52:05.843+0000] {processor.py:161} INFO - Started process (PID=276) to work on /opt/airflow/dags/product_pipeline_dag.py
[2026-02-12T11:52:05.845+0000] {processor.py:830} INFO - Processing file /opt/airflow/dags/product_pipeline_dag.py for tasks to queue
[2026-02-12T11:52:05.849+0000] {logging_mixin.py:188} INFO - [2026-02-12T11:52:05.848+0000] {dagbag.py:545} INFO - Filling up the DagBag from /opt/airflow/dags/product_pipeline_dag.py
[2026-02-12T11:52:05.893+0000] {processor.py:840} INFO - DAG(s) 'product_price_pipeline' retrieved from /opt/airflow/dags/product_pipeline_dag.py
[2026-02-12T11:52:05.952+0000] {logging_mixin.py:188} INFO - [2026-02-12T11:52:05.951+0000] {dag.py:3089} INFO - Sync 1 DAGs
[2026-02-12T11:52:05.989+0000] {logging_mixin.py:188} INFO - [2026-02-12T11:52:05.989+0000] {dag.py:3947} INFO - Setting next_dagrun for product_price_pipeline to 2026-02-11 00:00:00+00:00, run_after=2026-02-12 00:00:00+00:00
[2026-02-12T11:52:06.023+0000] {processor.py:183} INFO - Processing /opt/airflow/dags/product_pipeline_dag.py took 0.189 seconds
[2026-02-12T11:52:36.365+0000] {processor.py:161} INFO - Started process (PID=305) to work on /opt/airflow/dags/product_pipeline_dag.py
[2026-02-12T11:52:36.369+0000] {processor.py:830} INFO - Processing file /opt/airflow/dags/product_pipeline_dag.py for tasks to queue
[2026-02-12T11:52:36.375+0000] {logging_mixin.py:188} INFO - [2026-02-12T11:52:36.374+0000] {dagbag.py:545} INFO - Filling up the DagBag from /opt/airflow/dags/product_pipeline_dag.py
[2026-02-12T11:52:36.444+0000] {processor.py:840} INFO - DAG(s) 'product_price_pipeline' retrieved from /opt/airflow/dags/product_pipeline_dag.py
[2026-02-12T11:52:36.522+0000] {logging_mixin.py:188} INFO - [2026-02-12T11:52:36.521+0000] {dag.py:3089} INFO - Sync 1 DAGs
[2026-02-12T11:52:36.563+0000] {logging_mixin.py:188} INFO - [2026-02-12T11:52:36.563+0000] {dag.py:3947} INFO - Setting next_dagrun for product_price_pipeline to 2026-02-11 00:00:00+00:00, run_after=2026-02-12 00:00:00+00:00
[2026-02-12T11:52:36.601+0000] {processor.py:183} INFO - Processing /opt/airflow/dags/product_pipeline_dag.py took 0.254 seconds
[2026-02-12T11:53:07.293+0000] {processor.py:161} INFO - Started process (PID=334) to work on /opt/airflow/dags/product_pipeline_dag.py
[2026-02-12T11:53:07.299+0000] {processor.py:830} INFO - Processing file /opt/airflow/dags/product_pipeline_dag.py for tasks to queue
[2026-02-12T11:53:07.306+0000] {logging_mixin.py:188} INFO - [2026-02-12T11:53:07.305+0000] {dagbag.py:545} INFO - Filling up the DagBag from /opt/airflow/dags/product_pipeline_dag.py
[2026-02-12T11:53:07.386+0000] {processor.py:840} INFO - DAG(s) 'product_price_pipeline' retrieved from /opt/airflow/dags/product_pipeline_dag.py
[2026-02-12T11:53:07.490+0000] {logging_mixin.py:188} INFO - [2026-02-12T11:53:07.489+0000] {dag.py:3089} INFO - Sync 1 DAGs
[2026-02-12T11:53:07.538+0000] {logging_mixin.py:188} INFO - [2026-02-12T11:53:07.538+0000] {dag.py:3947} INFO - Setting next_dagrun for product_price_pipeline to 2026-02-11 00:00:00+00:00, run_after=2026-02-12 00:00:00+00:00
[2026-02-12T11:53:07.572+0000] {processor.py:183} INFO - Processing /opt/airflow/dags/product_pipeline_dag.py took 0.304 seconds
[2026-02-12T11:53:38.420+0000] {processor.py:161} INFO - Started process (PID=363) to work on /opt/airflow/dags/product_pipeline_dag.py
[2026-02-12T11:53:38.424+0000] {processor.py:830} INFO - Processing file /opt/airflow/dags/product_pipeline_dag.py for tasks to queue
[2026-02-12T11:53:38.430+0000] {logging_mixin.py:188} INFO - [2026-02-12T11:53:38.429+0000] {dagbag.py:545} INFO - Filling up the DagBag from /opt/airflow/dags/product_pipeline_dag.py
[2026-02-12T11:53:38.490+0000] {processor.py:840} INFO - DAG(s) 'product_price_pipeline' retrieved from /opt/airflow/dags/product_pipeline_dag.py
[2026-02-12T11:53:38.585+0000] {logging_mixin.py:188} INFO - [2026-02-12T11:53:38.584+0000] {dag.py:3089} INFO - Sync 1 DAGs
[2026-02-12T11:53:38.630+0000] {logging_mixin.py:188} INFO - [2026-02-12T11:53:38.629+0000] {dag.py:3947} INFO - Setting next_dagrun for product_price_pipeline to 2026-02-11 00:00:00+00:00, run_after=2026-02-12 00:00:00+00:00
[2026-02-12T11:53:38.685+0000] {processor.py:183} INFO - Processing /opt/airflow/dags/product_pipeline_dag.py took 0.277 seconds
[2026-02-12T11:54:09.381+0000] {processor.py:161} INFO - Started process (PID=392) to work on /opt/airflow/dags/product_pipeline_dag.py
[2026-02-12T11:54:09.383+0000] {processor.py:830} INFO - Processing file /opt/airflow/dags/product_pipeline_dag.py for tasks to queue
[2026-02-12T11:54:09.387+0000] {logging_mixin.py:188} INFO - [2026-02-12T11:54:09.386+0000] {dagbag.py:545} INFO - Filling up the DagBag from /opt/airflow/dags/product_pipeline_dag.py
[2026-02-12T11:54:09.443+0000] {processor.py:840} INFO - DAG(s) 'product_price_pipeline' retrieved from /opt/airflow/dags/product_pipeline_dag.py
[2026-02-12T11:54:09.495+0000] {logging_mixin.py:188} INFO - [2026-02-12T11:54:09.494+0000] {dag.py:3089} INFO - Sync 1 DAGs
[2026-02-12T11:54:09.536+0000] {logging_mixin.py:188} INFO - [2026-02-12T11:54:09.535+0000] {dag.py:3947} INFO - Setting next_dagrun for product_price_pipeline to 2026-02-11 00:00:00+00:00, run_after=2026-02-12 00:00:00+00:00
[2026-02-12T11:54:09.569+0000] {processor.py:183} INFO - Processing /opt/airflow/dags/product_pipeline_dag.py took 0.201 seconds
[2026-02-12T11:54:39.763+0000] {processor.py:161} INFO - Started process (PID=421) to work on /opt/airflow/dags/product_pipeline_dag.py
[2026-02-12T11:54:39.765+0000] {processor.py:830} INFO - Processing file /opt/airflow/dags/product_pipeline_dag.py for tasks to queue
[2026-02-12T11:54:39.770+0000] {logging_mixin.py:188} INFO - [2026-02-12T11:54:39.769+0000] {dagbag.py:545} INFO - Filling up the DagBag from /opt/airflow/dags/product_pipeline_dag.py
[2026-02-12T11:54:39.829+0000] {processor.py:840} INFO - DAG(s) 'product_price_pipeline' retrieved from /opt/airflow/dags/product_pipeline_dag.py
[2026-02-12T11:54:39.882+0000] {logging_mixin.py:188} INFO - [2026-02-12T11:54:39.881+0000] {dag.py:3089} INFO - Sync 1 DAGs
[2026-02-12T11:54:39.912+0000] {logging_mixin.py:188} INFO - [2026-02-12T11:54:39.911+0000] {dag.py:3947} INFO - Setting next_dagrun for product_price_pipeline to 2026-02-11 00:00:00+00:00, run_after=2026-02-12 00:00:00+00:00
[2026-02-12T11:54:39.940+0000] {processor.py:183} INFO - Processing /opt/airflow/dags/product_pipeline_dag.py took 0.187 seconds
[2026-02-12T11:55:10.070+0000] {processor.py:161} INFO - Started process (PID=450) to work on /opt/airflow/dags/product_pipeline_dag.py
[2026-02-12T11:55:10.073+0000] {processor.py:830} INFO - Processing file /opt/airflow/dags/product_pipeline_dag.py for tasks to queue
[2026-02-12T11:55:10.076+0000] {logging_mixin.py:188} INFO - [2026-02-12T11:55:10.076+0000] {dagbag.py:545} INFO - Filling up the DagBag from /opt/airflow/dags/product_pipeline_dag.py
[2026-02-12T11:55:10.126+0000] {processor.py:840} INFO - DAG(s) 'product_price_pipeline' retrieved from /opt/airflow/dags/product_pipeline_dag.py
[2026-02-12T11:55:10.185+0000] {logging_mixin.py:188} INFO - [2026-02-12T11:55:10.185+0000] {dag.py:3089} INFO - Sync 1 DAGs
[2026-02-12T11:55:10.224+0000] {logging_mixin.py:188} INFO - [2026-02-12T11:55:10.223+0000] {dag.py:3947} INFO - Setting next_dagrun for product_price_pipeline to 2026-02-11 00:00:00+00:00, run_after=2026-02-12 00:00:00+00:00
[2026-02-12T11:55:10.259+0000] {processor.py:183} INFO - Processing /opt/airflow/dags/product_pipeline_dag.py took 0.199 seconds
[2026-02-12T11:55:40.689+0000] {processor.py:161} INFO - Started process (PID=479) to work on /opt/airflow/dags/product_pipeline_dag.py
[2026-02-12T11:55:40.693+0000] {processor.py:830} INFO - Processing file /opt/airflow/dags/product_pipeline_dag.py for tasks to queue
[2026-02-12T11:55:40.699+0000] {logging_mixin.py:188} INFO - [2026-02-12T11:55:40.697+0000] {dagbag.py:545} INFO - Filling up the DagBag from /opt/airflow/dags/product_pipeline_dag.py
[2026-02-12T11:55:40.768+0000] {processor.py:840} INFO - DAG(s) 'product_price_pipeline' retrieved from /opt/airflow/dags/product_pipeline_dag.py
[2026-02-12T11:55:40.838+0000] {logging_mixin.py:188} INFO - [2026-02-12T11:55:40.838+0000] {dag.py:3089} INFO - Sync 1 DAGs
[2026-02-12T11:55:40.881+0000] {logging_mixin.py:188} INFO - [2026-02-12T11:55:40.881+0000] {dag.py:3947} INFO - Setting next_dagrun for product_price_pipeline to 2026-02-11 00:00:00+00:00, run_after=2026-02-12 00:00:00+00:00
[2026-02-12T11:55:40.917+0000] {processor.py:183} INFO - Processing /opt/airflow/dags/product_pipeline_dag.py took 0.237 seconds
[2026-02-12T11:56:11.541+0000] {processor.py:161} INFO - Started process (PID=508) to work on /opt/airflow/dags/product_pipeline_dag.py
[2026-02-12T11:56:11.544+0000] {processor.py:830} INFO - Processing file /opt/airflow/dags/product_pipeline_dag.py for tasks to queue
[2026-02-12T11:56:11.549+0000] {logging_mixin.py:188} INFO - [2026-02-12T11:56:11.548+0000] {dagbag.py:545} INFO - Filling up the DagBag from /opt/airflow/dags/product_pipeline_dag.py
[2026-02-12T11:56:11.613+0000] {processor.py:840} INFO - DAG(s) 'product_price_pipeline' retrieved from /opt/airflow/dags/product_pipeline_dag.py
[2026-02-12T11:56:11.669+0000] {logging_mixin.py:188} INFO - [2026-02-12T11:56:11.669+0000] {dag.py:3089} INFO - Sync 1 DAGs
[2026-02-12T11:56:11.705+0000] {logging_mixin.py:188} INFO - [2026-02-12T11:56:11.705+0000] {dag.py:3947} INFO - Setting next_dagrun for product_price_pipeline to 2026-02-11 00:00:00+00:00, run_after=2026-02-12 00:00:00+00:00
[2026-02-12T11:56:11.738+0000] {processor.py:183} INFO - Processing /opt/airflow/dags/product_pipeline_dag.py took 0.209 seconds
[2026-02-12T11:56:42.080+0000] {processor.py:161} INFO - Started process (PID=537) to work on /opt/airflow/dags/product_pipeline_dag.py
[2026-02-12T11:56:42.083+0000] {processor.py:830} INFO - Processing file /opt/airflow/dags/product_pipeline_dag.py for tasks to queue
[2026-02-12T11:56:42.088+0000] {logging_mixin.py:188} INFO - [2026-02-12T11:56:42.087+0000] {dagbag.py:545} INFO - Filling up the DagBag from /opt/airflow/dags/product_pipeline_dag.py
[2026-02-12T11:56:42.145+0000] {processor.py:840} INFO - DAG(s) 'product_price_pipeline' retrieved from /opt/airflow/dags/product_pipeline_dag.py
[2026-02-12T11:56:42.241+0000] {logging_mixin.py:188} INFO - [2026-02-12T11:56:42.241+0000] {dag.py:3089} INFO - Sync 1 DAGs
[2026-02-12T11:56:42.285+0000] {logging_mixin.py:188} INFO - [2026-02-12T11:56:42.283+0000] {dag.py:3947} INFO - Setting next_dagrun for product_price_pipeline to 2026-02-11 00:00:00+00:00, run_after=2026-02-12 00:00:00+00:00
[2026-02-12T11:56:42.346+0000] {processor.py:183} INFO - Processing /opt/airflow/dags/product_pipeline_dag.py took 0.278 seconds
[2026-02-12T11:57:12.734+0000] {processor.py:161} INFO - Started process (PID=566) to work on /opt/airflow/dags/product_pipeline_dag.py
[2026-02-12T11:57:12.737+0000] {processor.py:830} INFO - Processing file /opt/airflow/dags/product_pipeline_dag.py for tasks to queue
[2026-02-12T11:57:12.743+0000] {logging_mixin.py:188} INFO - [2026-02-12T11:57:12.742+0000] {dagbag.py:545} INFO - Filling up the DagBag from /opt/airflow/dags/product_pipeline_dag.py
[2026-02-12T11:57:12.855+0000] {processor.py:840} INFO - DAG(s) 'product_price_pipeline' retrieved from /opt/airflow/dags/product_pipeline_dag.py
[2026-02-12T11:57:13.047+0000] {logging_mixin.py:188} INFO - [2026-02-12T11:57:13.037+0000] {dag.py:3089} INFO - Sync 1 DAGs
[2026-02-12T11:57:13.195+0000] {logging_mixin.py:188} INFO - [2026-02-12T11:57:13.195+0000] {dag.py:3947} INFO - Setting next_dagrun for product_price_pipeline to 2026-02-11 00:00:00+00:00, run_after=2026-02-12 00:00:00+00:00
[2026-02-12T11:57:13.274+0000] {processor.py:183} INFO - Processing /opt/airflow/dags/product_pipeline_dag.py took 0.561 seconds
[2026-02-12T11:57:44.011+0000] {processor.py:161} INFO - Started process (PID=595) to work on /opt/airflow/dags/product_pipeline_dag.py
[2026-02-12T11:57:44.021+0000] {processor.py:830} INFO - Processing file /opt/airflow/dags/product_pipeline_dag.py for tasks to queue
[2026-02-12T11:57:44.027+0000] {logging_mixin.py:188} INFO - [2026-02-12T11:57:44.026+0000] {dagbag.py:545} INFO - Filling up the DagBag from /opt/airflow/dags/product_pipeline_dag.py
[2026-02-12T11:57:44.094+0000] {processor.py:840} INFO - DAG(s) 'product_price_pipeline' retrieved from /opt/airflow/dags/product_pipeline_dag.py
[2026-02-12T11:57:44.158+0000] {logging_mixin.py:188} INFO - [2026-02-12T11:57:44.157+0000] {dag.py:3089} INFO - Sync 1 DAGs
[2026-02-12T11:57:44.198+0000] {logging_mixin.py:188} INFO - [2026-02-12T11:57:44.198+0000] {dag.py:3947} INFO - Setting next_dagrun for product_price_pipeline to 2026-02-11 00:00:00+00:00, run_after=2026-02-12 00:00:00+00:00
[2026-02-12T11:57:44.242+0000] {processor.py:183} INFO - Processing /opt/airflow/dags/product_pipeline_dag.py took 0.240 seconds
[2026-02-12T11:57:48.635+0000] {processor.py:161} INFO - Started process (PID=600) to work on /opt/airflow/dags/product_pipeline_dag.py
[2026-02-12T11:57:48.638+0000] {processor.py:830} INFO - Processing file /opt/airflow/dags/product_pipeline_dag.py for tasks to queue
[2026-02-12T11:57:48.644+0000] {logging_mixin.py:188} INFO - [2026-02-12T11:57:48.642+0000] {dagbag.py:545} INFO - Filling up the DagBag from /opt/airflow/dags/product_pipeline_dag.py
[2026-02-12T11:57:48.761+0000] {processor.py:840} INFO - DAG(s) 'product_price_pipeline' retrieved from /opt/airflow/dags/product_pipeline_dag.py
[2026-02-12T11:57:48.853+0000] {logging_mixin.py:188} INFO - [2026-02-12T11:57:48.853+0000] {dag.py:3089} INFO - Sync 1 DAGs
[2026-02-12T11:57:48.905+0000] {logging_mixin.py:188} INFO - [2026-02-12T11:57:48.904+0000] {dag.py:3947} INFO - Setting next_dagrun for product_price_pipeline to 2026-02-11 00:00:00+00:00, run_after=2026-02-12 00:00:00+00:00
[2026-02-12T11:57:48.993+0000] {processor.py:183} INFO - Processing /opt/airflow/dags/product_pipeline_dag.py took 0.375 seconds
[2026-02-12T11:58:19.886+0000] {processor.py:161} INFO - Started process (PID=629) to work on /opt/airflow/dags/product_pipeline_dag.py
[2026-02-12T11:58:19.888+0000] {processor.py:830} INFO - Processing file /opt/airflow/dags/product_pipeline_dag.py for tasks to queue
[2026-02-12T11:58:19.894+0000] {logging_mixin.py:188} INFO - [2026-02-12T11:58:19.893+0000] {dagbag.py:545} INFO - Filling up the DagBag from /opt/airflow/dags/product_pipeline_dag.py
[2026-02-12T11:58:19.949+0000] {processor.py:840} INFO - DAG(s) 'product_price_pipeline' retrieved from /opt/airflow/dags/product_pipeline_dag.py
[2026-02-12T11:58:19.995+0000] {logging_mixin.py:188} INFO - [2026-02-12T11:58:19.994+0000] {dag.py:3089} INFO - Sync 1 DAGs
[2026-02-12T11:58:20.025+0000] {logging_mixin.py:188} INFO - [2026-02-12T11:58:20.025+0000] {dag.py:3947} INFO - Setting next_dagrun for product_price_pipeline to 2026-02-11 00:00:00+00:00, run_after=2026-02-12 00:00:00+00:00
[2026-02-12T11:58:20.061+0000] {processor.py:183} INFO - Processing /opt/airflow/dags/product_pipeline_dag.py took 0.196 seconds
[2026-02-12T11:58:50.830+0000] {processor.py:161} INFO - Started process (PID=658) to work on /opt/airflow/dags/product_pipeline_dag.py
[2026-02-12T11:58:50.837+0000] {processor.py:830} INFO - Processing file /opt/airflow/dags/product_pipeline_dag.py for tasks to queue
[2026-02-12T11:58:50.845+0000] {logging_mixin.py:188} INFO - [2026-02-12T11:58:50.843+0000] {dagbag.py:545} INFO - Filling up the DagBag from /opt/airflow/dags/product_pipeline_dag.py
[2026-02-12T11:58:50.927+0000] {processor.py:840} INFO - DAG(s) 'product_price_pipeline' retrieved from /opt/airflow/dags/product_pipeline_dag.py
[2026-02-12T11:58:51.061+0000] {logging_mixin.py:188} INFO - [2026-02-12T11:58:51.060+0000] {dag.py:3089} INFO - Sync 1 DAGs
[2026-02-12T11:58:51.129+0000] {logging_mixin.py:188} INFO - [2026-02-12T11:58:51.128+0000] {dag.py:3947} INFO - Setting next_dagrun for product_price_pipeline to 2026-02-11 00:00:00+00:00, run_after=2026-02-12 00:00:00+00:00
[2026-02-12T11:58:51.184+0000] {processor.py:183} INFO - Processing /opt/airflow/dags/product_pipeline_dag.py took 0.380 seconds
[2026-02-12T11:59:21.932+0000] {processor.py:161} INFO - Started process (PID=687) to work on /opt/airflow/dags/product_pipeline_dag.py
[2026-02-12T11:59:21.935+0000] {processor.py:830} INFO - Processing file /opt/airflow/dags/product_pipeline_dag.py for tasks to queue
[2026-02-12T11:59:21.940+0000] {logging_mixin.py:188} INFO - [2026-02-12T11:59:21.939+0000] {dagbag.py:545} INFO - Filling up the DagBag from /opt/airflow/dags/product_pipeline_dag.py
[2026-02-12T11:59:21.989+0000] {processor.py:840} INFO - DAG(s) 'product_price_pipeline' retrieved from /opt/airflow/dags/product_pipeline_dag.py
[2026-02-12T11:59:22.040+0000] {logging_mixin.py:188} INFO - [2026-02-12T11:59:22.040+0000] {dag.py:3089} INFO - Sync 1 DAGs
[2026-02-12T11:59:22.068+0000] {logging_mixin.py:188} INFO - [2026-02-12T11:59:22.067+0000] {dag.py:3947} INFO - Setting next_dagrun for product_price_pipeline to 2026-02-11 00:00:00+00:00, run_after=2026-02-12 00:00:00+00:00
[2026-02-12T11:59:22.108+0000] {processor.py:183} INFO - Processing /opt/airflow/dags/product_pipeline_dag.py took 0.187 seconds
[2026-02-12T11:59:52.547+0000] {processor.py:161} INFO - Started process (PID=716) to work on /opt/airflow/dags/product_pipeline_dag.py
[2026-02-12T11:59:52.557+0000] {processor.py:830} INFO - Processing file /opt/airflow/dags/product_pipeline_dag.py for tasks to queue
[2026-02-12T11:59:52.570+0000] {logging_mixin.py:188} INFO - [2026-02-12T11:59:52.568+0000] {dagbag.py:545} INFO - Filling up the DagBag from /opt/airflow/dags/product_pipeline_dag.py
[2026-02-12T11:59:52.702+0000] {processor.py:840} INFO - DAG(s) 'product_price_pipeline' retrieved from /opt/airflow/dags/product_pipeline_dag.py
[2026-02-12T11:59:52.832+0000] {logging_mixin.py:188} INFO - [2026-02-12T11:59:52.832+0000] {dag.py:3089} INFO - Sync 1 DAGs
[2026-02-12T11:59:52.893+0000] {logging_mixin.py:188} INFO - [2026-02-12T11:59:52.892+0000] {dag.py:3947} INFO - Setting next_dagrun for product_price_pipeline to 2026-02-11 00:00:00+00:00, run_after=2026-02-12 00:00:00+00:00
[2026-02-12T11:59:52.936+0000] {processor.py:183} INFO - Processing /opt/airflow/dags/product_pipeline_dag.py took 0.424 seconds
[2026-02-12T12:00:56.683+0000] {processor.py:161} INFO - Started process (PID=191) to work on /opt/airflow/dags/product_pipeline_dag.py
[2026-02-12T12:00:56.688+0000] {processor.py:830} INFO - Processing file /opt/airflow/dags/product_pipeline_dag.py for tasks to queue
[2026-02-12T12:00:56.696+0000] {logging_mixin.py:188} INFO - [2026-02-12T12:00:56.695+0000] {dagbag.py:545} INFO - Filling up the DagBag from /opt/airflow/dags/product_pipeline_dag.py
[2026-02-12T12:00:56.773+0000] {processor.py:840} INFO - DAG(s) 'product_price_pipeline' retrieved from /opt/airflow/dags/product_pipeline_dag.py
[2026-02-12T12:00:56.881+0000] {logging_mixin.py:188} INFO - [2026-02-12T12:00:56.880+0000] {dag.py:3089} INFO - Sync 1 DAGs
[2026-02-12T12:00:56.947+0000] {logging_mixin.py:188} INFO - [2026-02-12T12:00:56.947+0000] {dag.py:3947} INFO - Setting next_dagrun for product_price_pipeline to 2026-02-11 00:00:00+00:00, run_after=2026-02-12 00:00:00+00:00
[2026-02-12T12:00:57.001+0000] {processor.py:183} INFO - Processing /opt/airflow/dags/product_pipeline_dag.py took 0.334 seconds
[2026-02-12T12:01:27.857+0000] {processor.py:161} INFO - Started process (PID=234) to work on /opt/airflow/dags/product_pipeline_dag.py
[2026-02-12T12:01:27.867+0000] {processor.py:830} INFO - Processing file /opt/airflow/dags/product_pipeline_dag.py for tasks to queue
[2026-02-12T12:01:27.884+0000] {logging_mixin.py:188} INFO - [2026-02-12T12:01:27.881+0000] {dagbag.py:545} INFO - Filling up the DagBag from /opt/airflow/dags/product_pipeline_dag.py
[2026-02-12T12:01:28.022+0000] {processor.py:840} INFO - DAG(s) 'product_price_pipeline' retrieved from /opt/airflow/dags/product_pipeline_dag.py
[2026-02-12T12:01:28.490+0000] {logging_mixin.py:188} INFO - [2026-02-12T12:01:28.490+0000] {dag.py:3089} INFO - Sync 1 DAGs
[2026-02-12T12:01:28.560+0000] {logging_mixin.py:188} INFO - [2026-02-12T12:01:28.559+0000] {dag.py:3947} INFO - Setting next_dagrun for product_price_pipeline to 2026-02-11 00:00:00+00:00, run_after=2026-02-12 00:00:00+00:00
[2026-02-12T12:01:28.628+0000] {processor.py:183} INFO - Processing /opt/airflow/dags/product_pipeline_dag.py took 0.850 seconds
[2026-02-12T12:01:58.994+0000] {processor.py:161} INFO - Started process (PID=272) to work on /opt/airflow/dags/product_pipeline_dag.py
[2026-02-12T12:01:58.999+0000] {processor.py:830} INFO - Processing file /opt/airflow/dags/product_pipeline_dag.py for tasks to queue
[2026-02-12T12:01:59.005+0000] {logging_mixin.py:188} INFO - [2026-02-12T12:01:59.004+0000] {dagbag.py:545} INFO - Filling up the DagBag from /opt/airflow/dags/product_pipeline_dag.py
[2026-02-12T12:01:59.103+0000] {processor.py:840} INFO - DAG(s) 'product_price_pipeline' retrieved from /opt/airflow/dags/product_pipeline_dag.py
[2026-02-12T12:01:59.192+0000] {logging_mixin.py:188} INFO - [2026-02-12T12:01:59.191+0000] {dag.py:3089} INFO - Sync 1 DAGs
[2026-02-12T12:01:59.244+0000] {logging_mixin.py:188} INFO - [2026-02-12T12:01:59.243+0000] {dag.py:3947} INFO - Setting next_dagrun for product_price_pipeline to 2026-02-11 00:00:00+00:00, run_after=2026-02-12 00:00:00+00:00
[2026-02-12T12:01:59.282+0000] {processor.py:183} INFO - Processing /opt/airflow/dags/product_pipeline_dag.py took 0.302 seconds
[2026-02-12T12:02:30.055+0000] {processor.py:161} INFO - Started process (PID=301) to work on /opt/airflow/dags/product_pipeline_dag.py
[2026-02-12T12:02:30.058+0000] {processor.py:830} INFO - Processing file /opt/airflow/dags/product_pipeline_dag.py for tasks to queue
[2026-02-12T12:02:30.061+0000] {logging_mixin.py:188} INFO - [2026-02-12T12:02:30.061+0000] {dagbag.py:545} INFO - Filling up the DagBag from /opt/airflow/dags/product_pipeline_dag.py
[2026-02-12T12:02:30.102+0000] {processor.py:840} INFO - DAG(s) 'product_price_pipeline' retrieved from /opt/airflow/dags/product_pipeline_dag.py
[2026-02-12T12:02:30.164+0000] {logging_mixin.py:188} INFO - [2026-02-12T12:02:30.163+0000] {dag.py:3089} INFO - Sync 1 DAGs
[2026-02-12T12:02:30.196+0000] {logging_mixin.py:188} INFO - [2026-02-12T12:02:30.195+0000] {dag.py:3947} INFO - Setting next_dagrun for product_price_pipeline to 2026-02-11 00:00:00+00:00, run_after=2026-02-12 00:00:00+00:00
[2026-02-12T12:02:30.225+0000] {processor.py:183} INFO - Processing /opt/airflow/dags/product_pipeline_dag.py took 0.180 seconds
[2026-02-12T12:03:00.736+0000] {processor.py:161} INFO - Started process (PID=330) to work on /opt/airflow/dags/product_pipeline_dag.py
[2026-02-12T12:03:00.739+0000] {processor.py:830} INFO - Processing file /opt/airflow/dags/product_pipeline_dag.py for tasks to queue
[2026-02-12T12:03:00.744+0000] {logging_mixin.py:188} INFO - [2026-02-12T12:03:00.743+0000] {dagbag.py:545} INFO - Filling up the DagBag from /opt/airflow/dags/product_pipeline_dag.py
[2026-02-12T12:03:00.785+0000] {processor.py:840} INFO - DAG(s) 'product_price_pipeline' retrieved from /opt/airflow/dags/product_pipeline_dag.py
[2026-02-12T12:03:00.849+0000] {logging_mixin.py:188} INFO - [2026-02-12T12:03:00.848+0000] {dag.py:3089} INFO - Sync 1 DAGs
[2026-02-12T12:03:00.879+0000] {logging_mixin.py:188} INFO - [2026-02-12T12:03:00.878+0000] {dag.py:3947} INFO - Setting next_dagrun for product_price_pipeline to 2026-02-11 00:00:00+00:00, run_after=2026-02-12 00:00:00+00:00
[2026-02-12T12:03:00.912+0000] {processor.py:183} INFO - Processing /opt/airflow/dags/product_pipeline_dag.py took 0.187 seconds
[2026-02-12T12:03:31.614+0000] {processor.py:161} INFO - Started process (PID=359) to work on /opt/airflow/dags/product_pipeline_dag.py
[2026-02-12T12:03:31.617+0000] {processor.py:830} INFO - Processing file /opt/airflow/dags/product_pipeline_dag.py for tasks to queue
[2026-02-12T12:03:31.623+0000] {logging_mixin.py:188} INFO - [2026-02-12T12:03:31.622+0000] {dagbag.py:545} INFO - Filling up the DagBag from /opt/airflow/dags/product_pipeline_dag.py
[2026-02-12T12:03:31.717+0000] {processor.py:840} INFO - DAG(s) 'product_price_pipeline' retrieved from /opt/airflow/dags/product_pipeline_dag.py
[2026-02-12T12:03:31.809+0000] {logging_mixin.py:188} INFO - [2026-02-12T12:03:31.808+0000] {dag.py:3089} INFO - Sync 1 DAGs
[2026-02-12T12:03:31.852+0000] {logging_mixin.py:188} INFO - [2026-02-12T12:03:31.851+0000] {dag.py:3947} INFO - Setting next_dagrun for product_price_pipeline to 2026-02-11 00:00:00+00:00, run_after=2026-02-12 00:00:00+00:00
[2026-02-12T12:03:31.895+0000] {processor.py:183} INFO - Processing /opt/airflow/dags/product_pipeline_dag.py took 0.302 seconds
[2026-02-12T12:04:02.441+0000] {processor.py:161} INFO - Started process (PID=388) to work on /opt/airflow/dags/product_pipeline_dag.py
[2026-02-12T12:04:02.443+0000] {processor.py:830} INFO - Processing file /opt/airflow/dags/product_pipeline_dag.py for tasks to queue
[2026-02-12T12:04:02.446+0000] {logging_mixin.py:188} INFO - [2026-02-12T12:04:02.446+0000] {dagbag.py:545} INFO - Filling up the DagBag from /opt/airflow/dags/product_pipeline_dag.py
[2026-02-12T12:04:02.490+0000] {processor.py:840} INFO - DAG(s) 'product_price_pipeline' retrieved from /opt/airflow/dags/product_pipeline_dag.py
[2026-02-12T12:04:02.544+0000] {logging_mixin.py:188} INFO - [2026-02-12T12:04:02.543+0000] {dag.py:3089} INFO - Sync 1 DAGs
[2026-02-12T12:04:02.583+0000] {logging_mixin.py:188} INFO - [2026-02-12T12:04:02.582+0000] {dag.py:3947} INFO - Setting next_dagrun for product_price_pipeline to 2026-02-11 00:00:00+00:00, run_after=2026-02-12 00:00:00+00:00
[2026-02-12T12:04:02.616+0000] {processor.py:183} INFO - Processing /opt/airflow/dags/product_pipeline_dag.py took 0.183 seconds
[2026-02-12T12:04:32.844+0000] {processor.py:161} INFO - Started process (PID=417) to work on /opt/airflow/dags/product_pipeline_dag.py
[2026-02-12T12:04:32.848+0000] {processor.py:830} INFO - Processing file /opt/airflow/dags/product_pipeline_dag.py for tasks to queue
[2026-02-12T12:04:32.851+0000] {logging_mixin.py:188} INFO - [2026-02-12T12:04:32.850+0000] {dagbag.py:545} INFO - Filling up the DagBag from /opt/airflow/dags/product_pipeline_dag.py
[2026-02-12T12:04:32.918+0000] {processor.py:840} INFO - DAG(s) 'product_price_pipeline' retrieved from /opt/airflow/dags/product_pipeline_dag.py
[2026-02-12T12:04:32.986+0000] {logging_mixin.py:188} INFO - [2026-02-12T12:04:32.986+0000] {dag.py:3089} INFO - Sync 1 DAGs
[2026-02-12T12:04:33.047+0000] {logging_mixin.py:188} INFO - [2026-02-12T12:04:33.046+0000] {dag.py:3947} INFO - Setting next_dagrun for product_price_pipeline to 2026-02-11 00:00:00+00:00, run_after=2026-02-12 00:00:00+00:00
[2026-02-12T12:04:33.113+0000] {processor.py:183} INFO - Processing /opt/airflow/dags/product_pipeline_dag.py took 0.276 seconds
[2026-02-12T12:05:04.176+0000] {processor.py:161} INFO - Started process (PID=446) to work on /opt/airflow/dags/product_pipeline_dag.py
[2026-02-12T12:05:04.180+0000] {processor.py:830} INFO - Processing file /opt/airflow/dags/product_pipeline_dag.py for tasks to queue
[2026-02-12T12:05:04.183+0000] {logging_mixin.py:188} INFO - [2026-02-12T12:05:04.183+0000] {dagbag.py:545} INFO - Filling up the DagBag from /opt/airflow/dags/product_pipeline_dag.py
[2026-02-12T12:05:04.277+0000] {processor.py:840} INFO - DAG(s) 'product_price_pipeline' retrieved from /opt/airflow/dags/product_pipeline_dag.py
[2026-02-12T12:05:04.355+0000] {logging_mixin.py:188} INFO - [2026-02-12T12:05:04.355+0000] {dag.py:3089} INFO - Sync 1 DAGs
[2026-02-12T12:05:04.418+0000] {logging_mixin.py:188} INFO - [2026-02-12T12:05:04.418+0000] {dag.py:3947} INFO - Setting next_dagrun for product_price_pipeline to 2026-02-11 00:00:00+00:00, run_after=2026-02-12 00:00:00+00:00
[2026-02-12T12:05:04.483+0000] {processor.py:183} INFO - Processing /opt/airflow/dags/product_pipeline_dag.py took 0.321 seconds
[2026-02-12T12:05:34.797+0000] {processor.py:161} INFO - Started process (PID=475) to work on /opt/airflow/dags/product_pipeline_dag.py
[2026-02-12T12:05:34.800+0000] {processor.py:830} INFO - Processing file /opt/airflow/dags/product_pipeline_dag.py for tasks to queue
[2026-02-12T12:05:34.803+0000] {logging_mixin.py:188} INFO - [2026-02-12T12:05:34.803+0000] {dagbag.py:545} INFO - Filling up the DagBag from /opt/airflow/dags/product_pipeline_dag.py
[2026-02-12T12:05:34.850+0000] {processor.py:840} INFO - DAG(s) 'product_price_pipeline' retrieved from /opt/airflow/dags/product_pipeline_dag.py
[2026-02-12T12:05:34.895+0000] {logging_mixin.py:188} INFO - [2026-02-12T12:05:34.895+0000] {dag.py:3089} INFO - Sync 1 DAGs
[2026-02-12T12:05:34.928+0000] {logging_mixin.py:188} INFO - [2026-02-12T12:05:34.927+0000] {dag.py:3947} INFO - Setting next_dagrun for product_price_pipeline to 2026-02-11 00:00:00+00:00, run_after=2026-02-12 00:00:00+00:00
[2026-02-12T12:05:34.959+0000] {processor.py:183} INFO - Processing /opt/airflow/dags/product_pipeline_dag.py took 0.173 seconds
[2026-02-12T12:06:05.410+0000] {processor.py:161} INFO - Started process (PID=504) to work on /opt/airflow/dags/product_pipeline_dag.py
[2026-02-12T12:06:05.412+0000] {processor.py:830} INFO - Processing file /opt/airflow/dags/product_pipeline_dag.py for tasks to queue
[2026-02-12T12:06:05.416+0000] {logging_mixin.py:188} INFO - [2026-02-12T12:06:05.415+0000] {dagbag.py:545} INFO - Filling up the DagBag from /opt/airflow/dags/product_pipeline_dag.py
[2026-02-12T12:06:05.468+0000] {processor.py:840} INFO - DAG(s) 'product_price_pipeline' retrieved from /opt/airflow/dags/product_pipeline_dag.py
[2026-02-12T12:06:05.527+0000] {logging_mixin.py:188} INFO - [2026-02-12T12:06:05.527+0000] {dag.py:3089} INFO - Sync 1 DAGs
[2026-02-12T12:06:05.566+0000] {logging_mixin.py:188} INFO - [2026-02-12T12:06:05.566+0000] {dag.py:3947} INFO - Setting next_dagrun for product_price_pipeline to 2026-02-11 00:00:00+00:00, run_after=2026-02-12 00:00:00+00:00
[2026-02-12T12:06:05.609+0000] {processor.py:183} INFO - Processing /opt/airflow/dags/product_pipeline_dag.py took 0.207 seconds
[2026-02-12T12:07:16.887+0000] {processor.py:161} INFO - Started process (PID=182) to work on /opt/airflow/dags/product_pipeline_dag.py
[2026-02-12T12:07:16.892+0000] {processor.py:830} INFO - Processing file /opt/airflow/dags/product_pipeline_dag.py for tasks to queue
[2026-02-12T12:07:16.902+0000] {logging_mixin.py:188} INFO - [2026-02-12T12:07:16.900+0000] {dagbag.py:545} INFO - Filling up the DagBag from /opt/airflow/dags/product_pipeline_dag.py
[2026-02-12T12:07:17.006+0000] {processor.py:840} INFO - DAG(s) 'product_price_pipeline' retrieved from /opt/airflow/dags/product_pipeline_dag.py
[2026-02-12T12:07:17.329+0000] {logging_mixin.py:188} INFO - [2026-02-12T12:07:17.328+0000] {dag.py:3089} INFO - Sync 1 DAGs
[2026-02-12T12:07:17.457+0000] {logging_mixin.py:188} INFO - [2026-02-12T12:07:17.456+0000] {dag.py:3947} INFO - Setting next_dagrun for product_price_pipeline to 2026-02-11 00:00:00+00:00, run_after=2026-02-12 00:00:00+00:00
[2026-02-12T12:07:17.531+0000] {processor.py:183} INFO - Processing /opt/airflow/dags/product_pipeline_dag.py took 0.665 seconds
[2026-02-12T12:07:48.425+0000] {processor.py:161} INFO - Started process (PID=238) to work on /opt/airflow/dags/product_pipeline_dag.py
[2026-02-12T12:07:48.428+0000] {processor.py:830} INFO - Processing file /opt/airflow/dags/product_pipeline_dag.py for tasks to queue
[2026-02-12T12:07:48.439+0000] {logging_mixin.py:188} INFO - [2026-02-12T12:07:48.437+0000] {dagbag.py:545} INFO - Filling up the DagBag from /opt/airflow/dags/product_pipeline_dag.py
[2026-02-12T12:07:48.532+0000] {processor.py:840} INFO - DAG(s) 'product_price_pipeline' retrieved from /opt/airflow/dags/product_pipeline_dag.py
[2026-02-12T12:07:48.587+0000] {logging_mixin.py:188} INFO - [2026-02-12T12:07:48.587+0000] {dag.py:3089} INFO - Sync 1 DAGs
[2026-02-12T12:07:48.658+0000] {logging_mixin.py:188} INFO - [2026-02-12T12:07:48.657+0000] {dag.py:3947} INFO - Setting next_dagrun for product_price_pipeline to 2026-02-11 00:00:00+00:00, run_after=2026-02-12 00:00:00+00:00
[2026-02-12T12:07:48.716+0000] {processor.py:183} INFO - Processing /opt/airflow/dags/product_pipeline_dag.py took 0.310 seconds
[2026-02-12T12:08:20.246+0000] {processor.py:161} INFO - Started process (PID=278) to work on /opt/airflow/dags/product_pipeline_dag.py
[2026-02-12T12:08:20.254+0000] {processor.py:830} INFO - Processing file /opt/airflow/dags/product_pipeline_dag.py for tasks to queue
[2026-02-12T12:08:20.283+0000] {logging_mixin.py:188} INFO - [2026-02-12T12:08:20.279+0000] {dagbag.py:545} INFO - Filling up the DagBag from /opt/airflow/dags/product_pipeline_dag.py
[2026-02-12T12:08:20.735+0000] {processor.py:840} INFO - DAG(s) 'product_price_pipeline' retrieved from /opt/airflow/dags/product_pipeline_dag.py
[2026-02-12T12:08:22.443+0000] {logging_mixin.py:188} INFO - [2026-02-12T12:08:22.442+0000] {dag.py:3089} INFO - Sync 1 DAGs
[2026-02-12T12:08:22.542+0000] {logging_mixin.py:188} INFO - [2026-02-12T12:08:22.541+0000] {dag.py:3947} INFO - Setting next_dagrun for product_price_pipeline to 2026-02-11 00:00:00+00:00, run_after=2026-02-12 00:00:00+00:00
[2026-02-12T12:08:22.729+0000] {processor.py:183} INFO - Processing /opt/airflow/dags/product_pipeline_dag.py took 2.573 seconds
[2026-02-12T12:08:53.742+0000] {processor.py:161} INFO - Started process (PID=307) to work on /opt/airflow/dags/product_pipeline_dag.py
[2026-02-12T12:08:53.745+0000] {processor.py:830} INFO - Processing file /opt/airflow/dags/product_pipeline_dag.py for tasks to queue
[2026-02-12T12:08:53.750+0000] {logging_mixin.py:188} INFO - [2026-02-12T12:08:53.750+0000] {dagbag.py:545} INFO - Filling up the DagBag from /opt/airflow/dags/product_pipeline_dag.py
[2026-02-12T12:08:53.801+0000] {processor.py:840} INFO - DAG(s) 'product_price_pipeline' retrieved from /opt/airflow/dags/product_pipeline_dag.py
[2026-02-12T12:08:53.862+0000] {logging_mixin.py:188} INFO - [2026-02-12T12:08:53.861+0000] {dag.py:3089} INFO - Sync 1 DAGs
[2026-02-12T12:08:53.898+0000] {logging_mixin.py:188} INFO - [2026-02-12T12:08:53.897+0000] {dag.py:3947} INFO - Setting next_dagrun for product_price_pipeline to 2026-02-11 00:00:00+00:00, run_after=2026-02-12 00:00:00+00:00
[2026-02-12T12:08:53.929+0000] {processor.py:183} INFO - Processing /opt/airflow/dags/product_pipeline_dag.py took 0.195 seconds
[2026-02-12T12:09:24.222+0000] {processor.py:161} INFO - Started process (PID=336) to work on /opt/airflow/dags/product_pipeline_dag.py
[2026-02-12T12:09:24.224+0000] {processor.py:830} INFO - Processing file /opt/airflow/dags/product_pipeline_dag.py for tasks to queue
[2026-02-12T12:09:24.229+0000] {logging_mixin.py:188} INFO - [2026-02-12T12:09:24.228+0000] {dagbag.py:545} INFO - Filling up the DagBag from /opt/airflow/dags/product_pipeline_dag.py
[2026-02-12T12:09:24.289+0000] {processor.py:840} INFO - DAG(s) 'product_price_pipeline' retrieved from /opt/airflow/dags/product_pipeline_dag.py
[2026-02-12T12:09:24.372+0000] {logging_mixin.py:188} INFO - [2026-02-12T12:09:24.372+0000] {dag.py:3089} INFO - Sync 1 DAGs
[2026-02-12T12:09:24.415+0000] {logging_mixin.py:188} INFO - [2026-02-12T12:09:24.415+0000] {dag.py:3947} INFO - Setting next_dagrun for product_price_pipeline to 2026-02-11 00:00:00+00:00, run_after=2026-02-12 00:00:00+00:00
[2026-02-12T12:09:24.466+0000] {processor.py:183} INFO - Processing /opt/airflow/dags/product_pipeline_dag.py took 0.257 seconds
[2026-02-12T12:09:54.837+0000] {processor.py:161} INFO - Started process (PID=365) to work on /opt/airflow/dags/product_pipeline_dag.py
[2026-02-12T12:09:54.840+0000] {processor.py:830} INFO - Processing file /opt/airflow/dags/product_pipeline_dag.py for tasks to queue
[2026-02-12T12:09:54.847+0000] {logging_mixin.py:188} INFO - [2026-02-12T12:09:54.846+0000] {dagbag.py:545} INFO - Filling up the DagBag from /opt/airflow/dags/product_pipeline_dag.py
[2026-02-12T12:09:54.937+0000] {processor.py:840} INFO - DAG(s) 'product_price_pipeline' retrieved from /opt/airflow/dags/product_pipeline_dag.py
[2026-02-12T12:09:55.070+0000] {logging_mixin.py:188} INFO - [2026-02-12T12:09:55.069+0000] {dag.py:3089} INFO - Sync 1 DAGs
[2026-02-12T12:09:55.118+0000] {logging_mixin.py:188} INFO - [2026-02-12T12:09:55.118+0000] {dag.py:3947} INFO - Setting next_dagrun for product_price_pipeline to 2026-02-11 00:00:00+00:00, run_after=2026-02-12 00:00:00+00:00
[2026-02-12T12:09:55.182+0000] {processor.py:183} INFO - Processing /opt/airflow/dags/product_pipeline_dag.py took 0.360 seconds
[2026-02-12T12:10:25.797+0000] {processor.py:161} INFO - Started process (PID=394) to work on /opt/airflow/dags/product_pipeline_dag.py
[2026-02-12T12:10:25.798+0000] {processor.py:830} INFO - Processing file /opt/airflow/dags/product_pipeline_dag.py for tasks to queue
[2026-02-12T12:10:25.802+0000] {logging_mixin.py:188} INFO - [2026-02-12T12:10:25.802+0000] {dagbag.py:545} INFO - Filling up the DagBag from /opt/airflow/dags/product_pipeline_dag.py
[2026-02-12T12:10:25.866+0000] {processor.py:840} INFO - DAG(s) 'product_price_pipeline' retrieved from /opt/airflow/dags/product_pipeline_dag.py
[2026-02-12T12:10:25.918+0000] {logging_mixin.py:188} INFO - [2026-02-12T12:10:25.917+0000] {dag.py:3089} INFO - Sync 1 DAGs
[2026-02-12T12:10:26.000+0000] {logging_mixin.py:188} INFO - [2026-02-12T12:10:25.999+0000] {dag.py:3947} INFO - Setting next_dagrun for product_price_pipeline to 2026-02-11 00:00:00+00:00, run_after=2026-02-12 00:00:00+00:00
[2026-02-12T12:10:26.054+0000] {processor.py:183} INFO - Processing /opt/airflow/dags/product_pipeline_dag.py took 0.266 seconds
[2026-02-12T12:10:56.612+0000] {processor.py:161} INFO - Started process (PID=423) to work on /opt/airflow/dags/product_pipeline_dag.py
[2026-02-12T12:10:56.614+0000] {processor.py:830} INFO - Processing file /opt/airflow/dags/product_pipeline_dag.py for tasks to queue
[2026-02-12T12:10:56.617+0000] {logging_mixin.py:188} INFO - [2026-02-12T12:10:56.617+0000] {dagbag.py:545} INFO - Filling up the DagBag from /opt/airflow/dags/product_pipeline_dag.py
[2026-02-12T12:10:56.693+0000] {processor.py:840} INFO - DAG(s) 'product_price_pipeline' retrieved from /opt/airflow/dags/product_pipeline_dag.py
[2026-02-12T12:10:56.766+0000] {logging_mixin.py:188} INFO - [2026-02-12T12:10:56.765+0000] {dag.py:3089} INFO - Sync 1 DAGs
[2026-02-12T12:10:56.803+0000] {logging_mixin.py:188} INFO - [2026-02-12T12:10:56.802+0000] {dag.py:3947} INFO - Setting next_dagrun for product_price_pipeline to 2026-02-11 00:00:00+00:00, run_after=2026-02-12 00:00:00+00:00
[2026-02-12T12:10:56.844+0000] {processor.py:183} INFO - Processing /opt/airflow/dags/product_pipeline_dag.py took 0.241 seconds
[2026-02-12T12:11:27.061+0000] {processor.py:161} INFO - Started process (PID=452) to work on /opt/airflow/dags/product_pipeline_dag.py
[2026-02-12T12:11:27.066+0000] {processor.py:830} INFO - Processing file /opt/airflow/dags/product_pipeline_dag.py for tasks to queue
[2026-02-12T12:11:27.070+0000] {logging_mixin.py:188} INFO - [2026-02-12T12:11:27.070+0000] {dagbag.py:545} INFO - Filling up the DagBag from /opt/airflow/dags/product_pipeline_dag.py
[2026-02-12T12:11:27.147+0000] {processor.py:840} INFO - DAG(s) 'product_price_pipeline' retrieved from /opt/airflow/dags/product_pipeline_dag.py
[2026-02-12T12:11:27.237+0000] {logging_mixin.py:188} INFO - [2026-02-12T12:11:27.236+0000] {dag.py:3089} INFO - Sync 1 DAGs
[2026-02-12T12:11:27.303+0000] {logging_mixin.py:188} INFO - [2026-02-12T12:11:27.303+0000] {dag.py:3947} INFO - Setting next_dagrun for product_price_pipeline to 2026-02-11 00:00:00+00:00, run_after=2026-02-12 00:00:00+00:00
[2026-02-12T12:11:27.375+0000] {processor.py:183} INFO - Processing /opt/airflow/dags/product_pipeline_dag.py took 0.328 seconds
[2026-02-12T12:11:57.920+0000] {processor.py:161} INFO - Started process (PID=481) to work on /opt/airflow/dags/product_pipeline_dag.py
[2026-02-12T12:11:57.923+0000] {processor.py:830} INFO - Processing file /opt/airflow/dags/product_pipeline_dag.py for tasks to queue
[2026-02-12T12:11:57.926+0000] {logging_mixin.py:188} INFO - [2026-02-12T12:11:57.926+0000] {dagbag.py:545} INFO - Filling up the DagBag from /opt/airflow/dags/product_pipeline_dag.py
[2026-02-12T12:11:57.978+0000] {processor.py:840} INFO - DAG(s) 'product_price_pipeline' retrieved from /opt/airflow/dags/product_pipeline_dag.py
[2026-02-12T12:11:58.037+0000] {logging_mixin.py:188} INFO - [2026-02-12T12:11:58.036+0000] {dag.py:3089} INFO - Sync 1 DAGs
[2026-02-12T12:11:58.080+0000] {logging_mixin.py:188} INFO - [2026-02-12T12:11:58.080+0000] {dag.py:3947} INFO - Setting next_dagrun for product_price_pipeline to 2026-02-11 00:00:00+00:00, run_after=2026-02-12 00:00:00+00:00
[2026-02-12T12:11:58.112+0000] {processor.py:183} INFO - Processing /opt/airflow/dags/product_pipeline_dag.py took 0.202 seconds
[2026-02-12T12:12:28.490+0000] {processor.py:161} INFO - Started process (PID=510) to work on /opt/airflow/dags/product_pipeline_dag.py
[2026-02-12T12:12:28.492+0000] {processor.py:830} INFO - Processing file /opt/airflow/dags/product_pipeline_dag.py for tasks to queue
[2026-02-12T12:12:28.495+0000] {logging_mixin.py:188} INFO - [2026-02-12T12:12:28.495+0000] {dagbag.py:545} INFO - Filling up the DagBag from /opt/airflow/dags/product_pipeline_dag.py
[2026-02-12T12:12:28.542+0000] {processor.py:840} INFO - DAG(s) 'product_price_pipeline' retrieved from /opt/airflow/dags/product_pipeline_dag.py
[2026-02-12T12:12:28.612+0000] {logging_mixin.py:188} INFO - [2026-02-12T12:12:28.611+0000] {dag.py:3089} INFO - Sync 1 DAGs
[2026-02-12T12:12:28.663+0000] {logging_mixin.py:188} INFO - [2026-02-12T12:12:28.663+0000] {dag.py:3947} INFO - Setting next_dagrun for product_price_pipeline to 2026-02-11 00:00:00+00:00, run_after=2026-02-12 00:00:00+00:00
[2026-02-12T12:12:28.710+0000] {processor.py:183} INFO - Processing /opt/airflow/dags/product_pipeline_dag.py took 0.228 seconds
[2026-02-12T12:12:59.056+0000] {processor.py:161} INFO - Started process (PID=539) to work on /opt/airflow/dags/product_pipeline_dag.py
[2026-02-12T12:12:59.058+0000] {processor.py:830} INFO - Processing file /opt/airflow/dags/product_pipeline_dag.py for tasks to queue
[2026-02-12T12:12:59.061+0000] {logging_mixin.py:188} INFO - [2026-02-12T12:12:59.061+0000] {dagbag.py:545} INFO - Filling up the DagBag from /opt/airflow/dags/product_pipeline_dag.py
[2026-02-12T12:12:59.121+0000] {processor.py:840} INFO - DAG(s) 'product_price_pipeline' retrieved from /opt/airflow/dags/product_pipeline_dag.py
[2026-02-12T12:12:59.184+0000] {logging_mixin.py:188} INFO - [2026-02-12T12:12:59.183+0000] {dag.py:3089} INFO - Sync 1 DAGs
[2026-02-12T12:12:59.225+0000] {logging_mixin.py:188} INFO - [2026-02-12T12:12:59.225+0000] {dag.py:3947} INFO - Setting next_dagrun for product_price_pipeline to 2026-02-11 00:00:00+00:00, run_after=2026-02-12 00:00:00+00:00
[2026-02-12T12:12:59.266+0000] {processor.py:183} INFO - Processing /opt/airflow/dags/product_pipeline_dag.py took 0.220 seconds
[2026-02-12T12:13:29.699+0000] {processor.py:161} INFO - Started process (PID=568) to work on /opt/airflow/dags/product_pipeline_dag.py
[2026-02-12T12:13:29.701+0000] {processor.py:830} INFO - Processing file /opt/airflow/dags/product_pipeline_dag.py for tasks to queue
[2026-02-12T12:13:29.706+0000] {logging_mixin.py:188} INFO - [2026-02-12T12:13:29.704+0000] {dagbag.py:545} INFO - Filling up the DagBag from /opt/airflow/dags/product_pipeline_dag.py
[2026-02-12T12:13:29.765+0000] {processor.py:840} INFO - DAG(s) 'product_price_pipeline' retrieved from /opt/airflow/dags/product_pipeline_dag.py
[2026-02-12T12:13:29.886+0000] {logging_mixin.py:188} INFO - [2026-02-12T12:13:29.885+0000] {dag.py:3089} INFO - Sync 1 DAGs
[2026-02-12T12:13:29.983+0000] {logging_mixin.py:188} INFO - [2026-02-12T12:13:29.983+0000] {dag.py:3947} INFO - Setting next_dagrun for product_price_pipeline to 2026-02-11 00:00:00+00:00, run_after=2026-02-12 00:00:00+00:00
[2026-02-12T12:13:30.023+0000] {processor.py:183} INFO - Processing /opt/airflow/dags/product_pipeline_dag.py took 0.332 seconds
[2026-02-12T12:14:00.816+0000] {processor.py:161} INFO - Started process (PID=597) to work on /opt/airflow/dags/product_pipeline_dag.py
[2026-02-12T12:14:00.819+0000] {processor.py:830} INFO - Processing file /opt/airflow/dags/product_pipeline_dag.py for tasks to queue
[2026-02-12T12:14:00.824+0000] {logging_mixin.py:188} INFO - [2026-02-12T12:14:00.823+0000] {dagbag.py:545} INFO - Filling up the DagBag from /opt/airflow/dags/product_pipeline_dag.py
[2026-02-12T12:14:00.891+0000] {processor.py:840} INFO - DAG(s) 'product_price_pipeline' retrieved from /opt/airflow/dags/product_pipeline_dag.py
[2026-02-12T12:14:00.962+0000] {logging_mixin.py:188} INFO - [2026-02-12T12:14:00.961+0000] {dag.py:3089} INFO - Sync 1 DAGs
[2026-02-12T12:14:01.001+0000] {logging_mixin.py:188} INFO - [2026-02-12T12:14:01.001+0000] {dag.py:3947} INFO - Setting next_dagrun for product_price_pipeline to 2026-02-11 00:00:00+00:00, run_after=2026-02-12 00:00:00+00:00
[2026-02-12T12:14:01.040+0000] {processor.py:183} INFO - Processing /opt/airflow/dags/product_pipeline_dag.py took 0.236 seconds
[2026-02-12T12:14:31.367+0000] {processor.py:161} INFO - Started process (PID=626) to work on /opt/airflow/dags/product_pipeline_dag.py
[2026-02-12T12:14:31.369+0000] {processor.py:830} INFO - Processing file /opt/airflow/dags/product_pipeline_dag.py for tasks to queue
[2026-02-12T12:14:31.373+0000] {logging_mixin.py:188} INFO - [2026-02-12T12:14:31.373+0000] {dagbag.py:545} INFO - Filling up the DagBag from /opt/airflow/dags/product_pipeline_dag.py
[2026-02-12T12:14:31.421+0000] {processor.py:840} INFO - DAG(s) 'product_price_pipeline' retrieved from /opt/airflow/dags/product_pipeline_dag.py
[2026-02-12T12:14:31.477+0000] {logging_mixin.py:188} INFO - [2026-02-12T12:14:31.477+0000] {dag.py:3089} INFO - Sync 1 DAGs
[2026-02-12T12:14:31.507+0000] {logging_mixin.py:188} INFO - [2026-02-12T12:14:31.507+0000] {dag.py:3947} INFO - Setting next_dagrun for product_price_pipeline to 2026-02-11 00:00:00+00:00, run_after=2026-02-12 00:00:00+00:00
[2026-02-12T12:14:31.552+0000] {processor.py:183} INFO - Processing /opt/airflow/dags/product_pipeline_dag.py took 0.194 seconds
[2026-02-12T12:15:01.899+0000] {processor.py:161} INFO - Started process (PID=655) to work on /opt/airflow/dags/product_pipeline_dag.py
[2026-02-12T12:15:01.902+0000] {processor.py:830} INFO - Processing file /opt/airflow/dags/product_pipeline_dag.py for tasks to queue
[2026-02-12T12:15:01.905+0000] {logging_mixin.py:188} INFO - [2026-02-12T12:15:01.905+0000] {dagbag.py:545} INFO - Filling up the DagBag from /opt/airflow/dags/product_pipeline_dag.py
[2026-02-12T12:15:01.955+0000] {processor.py:840} INFO - DAG(s) 'product_price_pipeline' retrieved from /opt/airflow/dags/product_pipeline_dag.py
[2026-02-12T12:15:02.016+0000] {logging_mixin.py:188} INFO - [2026-02-12T12:15:02.015+0000] {dag.py:3089} INFO - Sync 1 DAGs
[2026-02-12T12:15:02.048+0000] {logging_mixin.py:188} INFO - [2026-02-12T12:15:02.048+0000] {dag.py:3947} INFO - Setting next_dagrun for product_price_pipeline to 2026-02-11 00:00:00+00:00, run_after=2026-02-12 00:00:00+00:00
[2026-02-12T12:15:02.078+0000] {processor.py:183} INFO - Processing /opt/airflow/dags/product_pipeline_dag.py took 0.192 seconds
[2026-02-12T12:15:32.357+0000] {processor.py:161} INFO - Started process (PID=684) to work on /opt/airflow/dags/product_pipeline_dag.py
[2026-02-12T12:15:32.359+0000] {processor.py:830} INFO - Processing file /opt/airflow/dags/product_pipeline_dag.py for tasks to queue
[2026-02-12T12:15:32.363+0000] {logging_mixin.py:188} INFO - [2026-02-12T12:15:32.362+0000] {dagbag.py:545} INFO - Filling up the DagBag from /opt/airflow/dags/product_pipeline_dag.py
[2026-02-12T12:15:32.419+0000] {processor.py:840} INFO - DAG(s) 'product_price_pipeline' retrieved from /opt/airflow/dags/product_pipeline_dag.py
[2026-02-12T12:15:32.473+0000] {logging_mixin.py:188} INFO - [2026-02-12T12:15:32.472+0000] {dag.py:3089} INFO - Sync 1 DAGs
[2026-02-12T12:15:32.510+0000] {logging_mixin.py:188} INFO - [2026-02-12T12:15:32.510+0000] {dag.py:3947} INFO - Setting next_dagrun for product_price_pipeline to 2026-02-11 00:00:00+00:00, run_after=2026-02-12 00:00:00+00:00
[2026-02-12T12:15:32.546+0000] {processor.py:183} INFO - Processing /opt/airflow/dags/product_pipeline_dag.py took 0.200 seconds
[2026-02-12T12:16:02.765+0000] {processor.py:161} INFO - Started process (PID=713) to work on /opt/airflow/dags/product_pipeline_dag.py
[2026-02-12T12:16:02.771+0000] {processor.py:830} INFO - Processing file /opt/airflow/dags/product_pipeline_dag.py for tasks to queue
[2026-02-12T12:16:02.775+0000] {logging_mixin.py:188} INFO - [2026-02-12T12:16:02.774+0000] {dagbag.py:545} INFO - Filling up the DagBag from /opt/airflow/dags/product_pipeline_dag.py
[2026-02-12T12:16:02.850+0000] {processor.py:840} INFO - DAG(s) 'product_price_pipeline' retrieved from /opt/airflow/dags/product_pipeline_dag.py
[2026-02-12T12:16:02.918+0000] {logging_mixin.py:188} INFO - [2026-02-12T12:16:02.917+0000] {dag.py:3089} INFO - Sync 1 DAGs
[2026-02-12T12:16:02.954+0000] {logging_mixin.py:188} INFO - [2026-02-12T12:16:02.954+0000] {dag.py:3947} INFO - Setting next_dagrun for product_price_pipeline to 2026-02-11 00:00:00+00:00, run_after=2026-02-12 00:00:00+00:00
[2026-02-12T12:16:02.997+0000] {processor.py:183} INFO - Processing /opt/airflow/dags/product_pipeline_dag.py took 0.242 seconds
[2026-02-12T12:16:33.222+0000] {processor.py:161} INFO - Started process (PID=742) to work on /opt/airflow/dags/product_pipeline_dag.py
[2026-02-12T12:16:33.224+0000] {processor.py:830} INFO - Processing file /opt/airflow/dags/product_pipeline_dag.py for tasks to queue
[2026-02-12T12:16:33.227+0000] {logging_mixin.py:188} INFO - [2026-02-12T12:16:33.227+0000] {dagbag.py:545} INFO - Filling up the DagBag from /opt/airflow/dags/product_pipeline_dag.py
[2026-02-12T12:16:33.279+0000] {processor.py:840} INFO - DAG(s) 'product_price_pipeline' retrieved from /opt/airflow/dags/product_pipeline_dag.py
[2026-02-12T12:16:33.332+0000] {logging_mixin.py:188} INFO - [2026-02-12T12:16:33.332+0000] {dag.py:3089} INFO - Sync 1 DAGs
[2026-02-12T12:16:33.363+0000] {logging_mixin.py:188} INFO - [2026-02-12T12:16:33.362+0000] {dag.py:3947} INFO - Setting next_dagrun for product_price_pipeline to 2026-02-11 00:00:00+00:00, run_after=2026-02-12 00:00:00+00:00
[2026-02-12T12:16:33.401+0000] {processor.py:183} INFO - Processing /opt/airflow/dags/product_pipeline_dag.py took 0.190 seconds
[2026-02-12T12:17:03.544+0000] {processor.py:161} INFO - Started process (PID=771) to work on /opt/airflow/dags/product_pipeline_dag.py
[2026-02-12T12:17:03.546+0000] {processor.py:830} INFO - Processing file /opt/airflow/dags/product_pipeline_dag.py for tasks to queue
[2026-02-12T12:17:03.549+0000] {logging_mixin.py:188} INFO - [2026-02-12T12:17:03.549+0000] {dagbag.py:545} INFO - Filling up the DagBag from /opt/airflow/dags/product_pipeline_dag.py
[2026-02-12T12:17:03.600+0000] {processor.py:840} INFO - DAG(s) 'product_price_pipeline' retrieved from /opt/airflow/dags/product_pipeline_dag.py
[2026-02-12T12:17:03.645+0000] {logging_mixin.py:188} INFO - [2026-02-12T12:17:03.645+0000] {dag.py:3089} INFO - Sync 1 DAGs
[2026-02-12T12:17:03.675+0000] {logging_mixin.py:188} INFO - [2026-02-12T12:17:03.675+0000] {dag.py:3947} INFO - Setting next_dagrun for product_price_pipeline to 2026-02-11 00:00:00+00:00, run_after=2026-02-12 00:00:00+00:00
[2026-02-12T12:17:03.705+0000] {processor.py:183} INFO - Processing /opt/airflow/dags/product_pipeline_dag.py took 0.171 seconds
[2026-02-12T12:17:34.277+0000] {processor.py:161} INFO - Started process (PID=800) to work on /opt/airflow/dags/product_pipeline_dag.py
[2026-02-12T12:17:34.280+0000] {processor.py:830} INFO - Processing file /opt/airflow/dags/product_pipeline_dag.py for tasks to queue
[2026-02-12T12:17:34.286+0000] {logging_mixin.py:188} INFO - [2026-02-12T12:17:34.284+0000] {dagbag.py:545} INFO - Filling up the DagBag from /opt/airflow/dags/product_pipeline_dag.py
[2026-02-12T12:17:34.346+0000] {processor.py:840} INFO - DAG(s) 'product_price_pipeline' retrieved from /opt/airflow/dags/product_pipeline_dag.py
[2026-02-12T12:17:34.407+0000] {logging_mixin.py:188} INFO - [2026-02-12T12:17:34.407+0000] {dag.py:3089} INFO - Sync 1 DAGs
[2026-02-12T12:17:34.464+0000] {logging_mixin.py:188} INFO - [2026-02-12T12:17:34.464+0000] {dag.py:3947} INFO - Setting next_dagrun for product_price_pipeline to 2026-02-11 00:00:00+00:00, run_after=2026-02-12 00:00:00+00:00
[2026-02-12T12:17:34.512+0000] {processor.py:183} INFO - Processing /opt/airflow/dags/product_pipeline_dag.py took 0.245 seconds
[2026-02-12T12:18:05.533+0000] {processor.py:161} INFO - Started process (PID=829) to work on /opt/airflow/dags/product_pipeline_dag.py
[2026-02-12T12:18:05.536+0000] {processor.py:830} INFO - Processing file /opt/airflow/dags/product_pipeline_dag.py for tasks to queue
[2026-02-12T12:18:05.540+0000] {logging_mixin.py:188} INFO - [2026-02-12T12:18:05.539+0000] {dagbag.py:545} INFO - Filling up the DagBag from /opt/airflow/dags/product_pipeline_dag.py
[2026-02-12T12:18:05.598+0000] {processor.py:840} INFO - DAG(s) 'product_price_pipeline' retrieved from /opt/airflow/dags/product_pipeline_dag.py
[2026-02-12T12:18:05.666+0000] {logging_mixin.py:188} INFO - [2026-02-12T12:18:05.665+0000] {dag.py:3089} INFO - Sync 1 DAGs
[2026-02-12T12:18:05.699+0000] {logging_mixin.py:188} INFO - [2026-02-12T12:18:05.699+0000] {dag.py:3947} INFO - Setting next_dagrun for product_price_pipeline to 2026-02-11 00:00:00+00:00, run_after=2026-02-12 00:00:00+00:00
[2026-02-12T12:18:05.728+0000] {processor.py:183} INFO - Processing /opt/airflow/dags/product_pipeline_dag.py took 0.206 seconds
[2026-02-12T12:18:36.313+0000] {processor.py:161} INFO - Started process (PID=858) to work on /opt/airflow/dags/product_pipeline_dag.py
[2026-02-12T12:18:36.315+0000] {processor.py:830} INFO - Processing file /opt/airflow/dags/product_pipeline_dag.py for tasks to queue
[2026-02-12T12:18:36.319+0000] {logging_mixin.py:188} INFO - [2026-02-12T12:18:36.318+0000] {dagbag.py:545} INFO - Filling up the DagBag from /opt/airflow/dags/product_pipeline_dag.py
[2026-02-12T12:18:36.386+0000] {processor.py:840} INFO - DAG(s) 'product_price_pipeline' retrieved from /opt/airflow/dags/product_pipeline_dag.py
[2026-02-12T12:18:36.435+0000] {logging_mixin.py:188} INFO - [2026-02-12T12:18:36.435+0000] {dag.py:3089} INFO - Sync 1 DAGs
[2026-02-12T12:18:36.468+0000] {logging_mixin.py:188} INFO - [2026-02-12T12:18:36.467+0000] {dag.py:3947} INFO - Setting next_dagrun for product_price_pipeline to 2026-02-11 00:00:00+00:00, run_after=2026-02-12 00:00:00+00:00
[2026-02-12T12:18:36.497+0000] {processor.py:183} INFO - Processing /opt/airflow/dags/product_pipeline_dag.py took 0.195 seconds
[2026-02-12T12:19:07.187+0000] {processor.py:161} INFO - Started process (PID=887) to work on /opt/airflow/dags/product_pipeline_dag.py
[2026-02-12T12:19:07.190+0000] {processor.py:830} INFO - Processing file /opt/airflow/dags/product_pipeline_dag.py for tasks to queue
[2026-02-12T12:19:07.193+0000] {logging_mixin.py:188} INFO - [2026-02-12T12:19:07.193+0000] {dagbag.py:545} INFO - Filling up the DagBag from /opt/airflow/dags/product_pipeline_dag.py
[2026-02-12T12:19:07.248+0000] {processor.py:840} INFO - DAG(s) 'product_price_pipeline' retrieved from /opt/airflow/dags/product_pipeline_dag.py
[2026-02-12T12:19:07.303+0000] {logging_mixin.py:188} INFO - [2026-02-12T12:19:07.303+0000] {dag.py:3089} INFO - Sync 1 DAGs
[2026-02-12T12:19:07.338+0000] {logging_mixin.py:188} INFO - [2026-02-12T12:19:07.337+0000] {dag.py:3947} INFO - Setting next_dagrun for product_price_pipeline to 2026-02-11 00:00:00+00:00, run_after=2026-02-12 00:00:00+00:00
[2026-02-12T12:19:07.371+0000] {processor.py:183} INFO - Processing /opt/airflow/dags/product_pipeline_dag.py took 0.194 seconds
[2026-02-12T12:19:37.543+0000] {processor.py:161} INFO - Started process (PID=916) to work on /opt/airflow/dags/product_pipeline_dag.py
[2026-02-12T12:19:37.545+0000] {processor.py:830} INFO - Processing file /opt/airflow/dags/product_pipeline_dag.py for tasks to queue
[2026-02-12T12:19:37.548+0000] {logging_mixin.py:188} INFO - [2026-02-12T12:19:37.547+0000] {dagbag.py:545} INFO - Filling up the DagBag from /opt/airflow/dags/product_pipeline_dag.py
[2026-02-12T12:19:37.601+0000] {processor.py:840} INFO - DAG(s) 'product_price_pipeline' retrieved from /opt/airflow/dags/product_pipeline_dag.py
[2026-02-12T12:19:37.655+0000] {logging_mixin.py:188} INFO - [2026-02-12T12:19:37.655+0000] {dag.py:3089} INFO - Sync 1 DAGs
[2026-02-12T12:19:37.688+0000] {logging_mixin.py:188} INFO - [2026-02-12T12:19:37.688+0000] {dag.py:3947} INFO - Setting next_dagrun for product_price_pipeline to 2026-02-11 00:00:00+00:00, run_after=2026-02-12 00:00:00+00:00
[2026-02-12T12:19:37.719+0000] {processor.py:183} INFO - Processing /opt/airflow/dags/product_pipeline_dag.py took 0.187 seconds
[2026-02-12T12:20:07.862+0000] {processor.py:161} INFO - Started process (PID=945) to work on /opt/airflow/dags/product_pipeline_dag.py
[2026-02-12T12:20:07.865+0000] {processor.py:830} INFO - Processing file /opt/airflow/dags/product_pipeline_dag.py for tasks to queue
[2026-02-12T12:20:07.869+0000] {logging_mixin.py:188} INFO - [2026-02-12T12:20:07.868+0000] {dagbag.py:545} INFO - Filling up the DagBag from /opt/airflow/dags/product_pipeline_dag.py
[2026-02-12T12:20:07.931+0000] {processor.py:840} INFO - DAG(s) 'product_price_pipeline' retrieved from /opt/airflow/dags/product_pipeline_dag.py
[2026-02-12T12:20:07.988+0000] {logging_mixin.py:188} INFO - [2026-02-12T12:20:07.987+0000] {dag.py:3089} INFO - Sync 1 DAGs
[2026-02-12T12:20:08.025+0000] {logging_mixin.py:188} INFO - [2026-02-12T12:20:08.025+0000] {dag.py:3947} INFO - Setting next_dagrun for product_price_pipeline to 2026-02-11 00:00:00+00:00, run_after=2026-02-12 00:00:00+00:00
[2026-02-12T12:20:08.065+0000] {processor.py:183} INFO - Processing /opt/airflow/dags/product_pipeline_dag.py took 0.227 seconds
[2026-02-12T12:20:38.220+0000] {processor.py:161} INFO - Started process (PID=974) to work on /opt/airflow/dags/product_pipeline_dag.py
[2026-02-12T12:20:38.224+0000] {processor.py:830} INFO - Processing file /opt/airflow/dags/product_pipeline_dag.py for tasks to queue
[2026-02-12T12:20:38.229+0000] {logging_mixin.py:188} INFO - [2026-02-12T12:20:38.228+0000] {dagbag.py:545} INFO - Filling up the DagBag from /opt/airflow/dags/product_pipeline_dag.py
[2026-02-12T12:20:38.300+0000] {processor.py:840} INFO - DAG(s) 'product_price_pipeline' retrieved from /opt/airflow/dags/product_pipeline_dag.py
[2026-02-12T12:20:38.355+0000] {logging_mixin.py:188} INFO - [2026-02-12T12:20:38.354+0000] {dag.py:3089} INFO - Sync 1 DAGs
[2026-02-12T12:20:38.385+0000] {logging_mixin.py:188} INFO - [2026-02-12T12:20:38.384+0000] {dag.py:3947} INFO - Setting next_dagrun for product_price_pipeline to 2026-02-11 00:00:00+00:00, run_after=2026-02-12 00:00:00+00:00
[2026-02-12T12:20:38.419+0000] {processor.py:183} INFO - Processing /opt/airflow/dags/product_pipeline_dag.py took 0.210 seconds
[2026-02-12T12:21:08.692+0000] {processor.py:161} INFO - Started process (PID=1003) to work on /opt/airflow/dags/product_pipeline_dag.py
[2026-02-12T12:21:08.695+0000] {processor.py:830} INFO - Processing file /opt/airflow/dags/product_pipeline_dag.py for tasks to queue
[2026-02-12T12:21:08.698+0000] {logging_mixin.py:188} INFO - [2026-02-12T12:21:08.698+0000] {dagbag.py:545} INFO - Filling up the DagBag from /opt/airflow/dags/product_pipeline_dag.py
[2026-02-12T12:21:08.776+0000] {processor.py:840} INFO - DAG(s) 'product_price_pipeline' retrieved from /opt/airflow/dags/product_pipeline_dag.py
[2026-02-12T12:21:08.836+0000] {logging_mixin.py:188} INFO - [2026-02-12T12:21:08.835+0000] {dag.py:3089} INFO - Sync 1 DAGs
[2026-02-12T12:21:08.872+0000] {logging_mixin.py:188} INFO - [2026-02-12T12:21:08.871+0000] {dag.py:3947} INFO - Setting next_dagrun for product_price_pipeline to 2026-02-11 00:00:00+00:00, run_after=2026-02-12 00:00:00+00:00
[2026-02-12T12:21:08.907+0000] {processor.py:183} INFO - Processing /opt/airflow/dags/product_pipeline_dag.py took 0.228 seconds
[2026-02-12T12:21:39.285+0000] {processor.py:161} INFO - Started process (PID=1032) to work on /opt/airflow/dags/product_pipeline_dag.py
[2026-02-12T12:21:39.289+0000] {processor.py:830} INFO - Processing file /opt/airflow/dags/product_pipeline_dag.py for tasks to queue
[2026-02-12T12:21:39.292+0000] {logging_mixin.py:188} INFO - [2026-02-12T12:21:39.292+0000] {dagbag.py:545} INFO - Filling up the DagBag from /opt/airflow/dags/product_pipeline_dag.py
[2026-02-12T12:21:39.359+0000] {processor.py:840} INFO - DAG(s) 'product_price_pipeline' retrieved from /opt/airflow/dags/product_pipeline_dag.py
[2026-02-12T12:21:39.410+0000] {logging_mixin.py:188} INFO - [2026-02-12T12:21:39.410+0000] {dag.py:3089} INFO - Sync 1 DAGs
[2026-02-12T12:21:39.441+0000] {logging_mixin.py:188} INFO - [2026-02-12T12:21:39.441+0000] {dag.py:3947} INFO - Setting next_dagrun for product_price_pipeline to 2026-02-11 00:00:00+00:00, run_after=2026-02-12 00:00:00+00:00
[2026-02-12T12:21:39.476+0000] {processor.py:183} INFO - Processing /opt/airflow/dags/product_pipeline_dag.py took 0.202 seconds
[2026-02-12T12:22:09.999+0000] {processor.py:161} INFO - Started process (PID=1061) to work on /opt/airflow/dags/product_pipeline_dag.py
[2026-02-12T12:22:10.002+0000] {processor.py:830} INFO - Processing file /opt/airflow/dags/product_pipeline_dag.py for tasks to queue
[2026-02-12T12:22:10.007+0000] {logging_mixin.py:188} INFO - [2026-02-12T12:22:10.006+0000] {dagbag.py:545} INFO - Filling up the DagBag from /opt/airflow/dags/product_pipeline_dag.py
[2026-02-12T12:22:10.090+0000] {processor.py:840} INFO - DAG(s) 'product_price_pipeline' retrieved from /opt/airflow/dags/product_pipeline_dag.py
[2026-02-12T12:22:10.157+0000] {logging_mixin.py:188} INFO - [2026-02-12T12:22:10.156+0000] {dag.py:3089} INFO - Sync 1 DAGs
[2026-02-12T12:22:10.190+0000] {logging_mixin.py:188} INFO - [2026-02-12T12:22:10.189+0000] {dag.py:3947} INFO - Setting next_dagrun for product_price_pipeline to 2026-02-11 00:00:00+00:00, run_after=2026-02-12 00:00:00+00:00
[2026-02-12T12:22:10.222+0000] {processor.py:183} INFO - Processing /opt/airflow/dags/product_pipeline_dag.py took 0.236 seconds
[2026-02-12T12:22:40.637+0000] {processor.py:161} INFO - Started process (PID=1090) to work on /opt/airflow/dags/product_pipeline_dag.py
[2026-02-12T12:22:40.639+0000] {processor.py:830} INFO - Processing file /opt/airflow/dags/product_pipeline_dag.py for tasks to queue
[2026-02-12T12:22:40.644+0000] {logging_mixin.py:188} INFO - [2026-02-12T12:22:40.644+0000] {dagbag.py:545} INFO - Filling up the DagBag from /opt/airflow/dags/product_pipeline_dag.py
[2026-02-12T12:22:40.734+0000] {processor.py:840} INFO - DAG(s) 'product_price_pipeline' retrieved from /opt/airflow/dags/product_pipeline_dag.py
[2026-02-12T12:22:40.787+0000] {logging_mixin.py:188} INFO - [2026-02-12T12:22:40.786+0000] {dag.py:3089} INFO - Sync 1 DAGs
[2026-02-12T12:22:40.830+0000] {logging_mixin.py:188} INFO - [2026-02-12T12:22:40.830+0000] {dag.py:3947} INFO - Setting next_dagrun for product_price_pipeline to 2026-02-11 00:00:00+00:00, run_after=2026-02-12 00:00:00+00:00
[2026-02-12T12:22:40.875+0000] {processor.py:183} INFO - Processing /opt/airflow/dags/product_pipeline_dag.py took 0.250 seconds
[2026-02-12T12:23:11.141+0000] {processor.py:161} INFO - Started process (PID=1119) to work on /opt/airflow/dags/product_pipeline_dag.py
[2026-02-12T12:23:11.143+0000] {processor.py:830} INFO - Processing file /opt/airflow/dags/product_pipeline_dag.py for tasks to queue
[2026-02-12T12:23:11.147+0000] {logging_mixin.py:188} INFO - [2026-02-12T12:23:11.146+0000] {dagbag.py:545} INFO - Filling up the DagBag from /opt/airflow/dags/product_pipeline_dag.py
[2026-02-12T12:23:11.220+0000] {processor.py:840} INFO - DAG(s) 'product_price_pipeline' retrieved from /opt/airflow/dags/product_pipeline_dag.py
[2026-02-12T12:23:11.271+0000] {logging_mixin.py:188} INFO - [2026-02-12T12:23:11.270+0000] {dag.py:3089} INFO - Sync 1 DAGs
[2026-02-12T12:23:11.302+0000] {logging_mixin.py:188} INFO - [2026-02-12T12:23:11.301+0000] {dag.py:3947} INFO - Setting next_dagrun for product_price_pipeline to 2026-02-11 00:00:00+00:00, run_after=2026-02-12 00:00:00+00:00
[2026-02-12T12:23:11.337+0000] {processor.py:183} INFO - Processing /opt/airflow/dags/product_pipeline_dag.py took 0.210 seconds
[2026-02-12T12:23:41.636+0000] {processor.py:161} INFO - Started process (PID=1148) to work on /opt/airflow/dags/product_pipeline_dag.py
[2026-02-12T12:23:41.639+0000] {processor.py:830} INFO - Processing file /opt/airflow/dags/product_pipeline_dag.py for tasks to queue
[2026-02-12T12:23:41.643+0000] {logging_mixin.py:188} INFO - [2026-02-12T12:23:41.642+0000] {dagbag.py:545} INFO - Filling up the DagBag from /opt/airflow/dags/product_pipeline_dag.py
[2026-02-12T12:23:41.703+0000] {processor.py:840} INFO - DAG(s) 'product_price_pipeline' retrieved from /opt/airflow/dags/product_pipeline_dag.py
[2026-02-12T12:23:41.753+0000] {logging_mixin.py:188} INFO - [2026-02-12T12:23:41.752+0000] {dag.py:3089} INFO - Sync 1 DAGs
[2026-02-12T12:23:41.786+0000] {logging_mixin.py:188} INFO - [2026-02-12T12:23:41.786+0000] {dag.py:3947} INFO - Setting next_dagrun for product_price_pipeline to 2026-02-11 00:00:00+00:00, run_after=2026-02-12 00:00:00+00:00
[2026-02-12T12:23:41.822+0000] {processor.py:183} INFO - Processing /opt/airflow/dags/product_pipeline_dag.py took 0.198 seconds
[2026-02-12T12:24:11.984+0000] {processor.py:161} INFO - Started process (PID=1177) to work on /opt/airflow/dags/product_pipeline_dag.py
[2026-02-12T12:24:11.986+0000] {processor.py:830} INFO - Processing file /opt/airflow/dags/product_pipeline_dag.py for tasks to queue
[2026-02-12T12:24:11.989+0000] {logging_mixin.py:188} INFO - [2026-02-12T12:24:11.988+0000] {dagbag.py:545} INFO - Filling up the DagBag from /opt/airflow/dags/product_pipeline_dag.py
[2026-02-12T12:24:12.027+0000] {processor.py:840} INFO - DAG(s) 'product_price_pipeline' retrieved from /opt/airflow/dags/product_pipeline_dag.py
[2026-02-12T12:24:12.073+0000] {logging_mixin.py:188} INFO - [2026-02-12T12:24:12.072+0000] {dag.py:3089} INFO - Sync 1 DAGs
[2026-02-12T12:24:12.104+0000] {logging_mixin.py:188} INFO - [2026-02-12T12:24:12.104+0000] {dag.py:3947} INFO - Setting next_dagrun for product_price_pipeline to 2026-02-11 00:00:00+00:00, run_after=2026-02-12 00:00:00+00:00
[2026-02-12T12:24:12.142+0000] {processor.py:183} INFO - Processing /opt/airflow/dags/product_pipeline_dag.py took 0.168 seconds
[2026-02-12T12:24:42.349+0000] {processor.py:161} INFO - Started process (PID=1206) to work on /opt/airflow/dags/product_pipeline_dag.py
[2026-02-12T12:24:42.351+0000] {processor.py:830} INFO - Processing file /opt/airflow/dags/product_pipeline_dag.py for tasks to queue
[2026-02-12T12:24:42.359+0000] {logging_mixin.py:188} INFO - [2026-02-12T12:24:42.356+0000] {dagbag.py:545} INFO - Filling up the DagBag from /opt/airflow/dags/product_pipeline_dag.py
[2026-02-12T12:24:42.427+0000] {processor.py:840} INFO - DAG(s) 'product_price_pipeline' retrieved from /opt/airflow/dags/product_pipeline_dag.py
[2026-02-12T12:24:42.487+0000] {logging_mixin.py:188} INFO - [2026-02-12T12:24:42.487+0000] {dag.py:3089} INFO - Sync 1 DAGs
[2026-02-12T12:24:42.523+0000] {logging_mixin.py:188} INFO - [2026-02-12T12:24:42.523+0000] {dag.py:3947} INFO - Setting next_dagrun for product_price_pipeline to 2026-02-11 00:00:00+00:00, run_after=2026-02-12 00:00:00+00:00
[2026-02-12T12:24:42.560+0000] {processor.py:183} INFO - Processing /opt/airflow/dags/product_pipeline_dag.py took 0.226 seconds
[2026-02-12T12:25:12.880+0000] {processor.py:161} INFO - Started process (PID=1235) to work on /opt/airflow/dags/product_pipeline_dag.py
[2026-02-12T12:25:12.882+0000] {processor.py:830} INFO - Processing file /opt/airflow/dags/product_pipeline_dag.py for tasks to queue
[2026-02-12T12:25:12.887+0000] {logging_mixin.py:188} INFO - [2026-02-12T12:25:12.887+0000] {dagbag.py:545} INFO - Filling up the DagBag from /opt/airflow/dags/product_pipeline_dag.py
[2026-02-12T12:25:12.941+0000] {processor.py:840} INFO - DAG(s) 'product_price_pipeline' retrieved from /opt/airflow/dags/product_pipeline_dag.py
[2026-02-12T12:25:13.010+0000] {logging_mixin.py:188} INFO - [2026-02-12T12:25:13.009+0000] {dag.py:3089} INFO - Sync 1 DAGs
[2026-02-12T12:25:13.054+0000] {logging_mixin.py:188} INFO - [2026-02-12T12:25:13.054+0000] {dag.py:3947} INFO - Setting next_dagrun for product_price_pipeline to 2026-02-11 00:00:00+00:00, run_after=2026-02-12 00:00:00+00:00
[2026-02-12T12:25:13.098+0000] {processor.py:183} INFO - Processing /opt/airflow/dags/product_pipeline_dag.py took 0.227 seconds
[2026-02-12T12:25:43.389+0000] {processor.py:161} INFO - Started process (PID=1264) to work on /opt/airflow/dags/product_pipeline_dag.py
[2026-02-12T12:25:43.390+0000] {processor.py:830} INFO - Processing file /opt/airflow/dags/product_pipeline_dag.py for tasks to queue
[2026-02-12T12:25:43.394+0000] {logging_mixin.py:188} INFO - [2026-02-12T12:25:43.394+0000] {dagbag.py:545} INFO - Filling up the DagBag from /opt/airflow/dags/product_pipeline_dag.py
[2026-02-12T12:25:43.445+0000] {processor.py:840} INFO - DAG(s) 'product_price_pipeline' retrieved from /opt/airflow/dags/product_pipeline_dag.py
[2026-02-12T12:25:43.492+0000] {logging_mixin.py:188} INFO - [2026-02-12T12:25:43.492+0000] {dag.py:3089} INFO - Sync 1 DAGs
[2026-02-12T12:25:43.526+0000] {logging_mixin.py:188} INFO - [2026-02-12T12:25:43.525+0000] {dag.py:3947} INFO - Setting next_dagrun for product_price_pipeline to 2026-02-11 00:00:00+00:00, run_after=2026-02-12 00:00:00+00:00
[2026-02-12T12:25:43.563+0000] {processor.py:183} INFO - Processing /opt/airflow/dags/product_pipeline_dag.py took 0.183 seconds
[2026-02-12T12:26:14.496+0000] {processor.py:161} INFO - Started process (PID=1293) to work on /opt/airflow/dags/product_pipeline_dag.py
[2026-02-12T12:26:14.498+0000] {processor.py:830} INFO - Processing file /opt/airflow/dags/product_pipeline_dag.py for tasks to queue
[2026-02-12T12:26:14.501+0000] {logging_mixin.py:188} INFO - [2026-02-12T12:26:14.501+0000] {dagbag.py:545} INFO - Filling up the DagBag from /opt/airflow/dags/product_pipeline_dag.py
[2026-02-12T12:26:14.536+0000] {processor.py:840} INFO - DAG(s) 'product_price_pipeline' retrieved from /opt/airflow/dags/product_pipeline_dag.py
[2026-02-12T12:26:14.581+0000] {logging_mixin.py:188} INFO - [2026-02-12T12:26:14.581+0000] {dag.py:3089} INFO - Sync 1 DAGs
[2026-02-12T12:26:14.610+0000] {logging_mixin.py:188} INFO - [2026-02-12T12:26:14.610+0000] {dag.py:3947} INFO - Setting next_dagrun for product_price_pipeline to 2026-02-11 00:00:00+00:00, run_after=2026-02-12 00:00:00+00:00
[2026-02-12T12:26:14.645+0000] {processor.py:183} INFO - Processing /opt/airflow/dags/product_pipeline_dag.py took 0.157 seconds
[2026-02-12T12:26:44.858+0000] {processor.py:161} INFO - Started process (PID=1310) to work on /opt/airflow/dags/product_pipeline_dag.py
[2026-02-12T12:26:44.866+0000] {processor.py:830} INFO - Processing file /opt/airflow/dags/product_pipeline_dag.py for tasks to queue
[2026-02-12T12:26:44.870+0000] {logging_mixin.py:188} INFO - [2026-02-12T12:26:44.870+0000] {dagbag.py:545} INFO - Filling up the DagBag from /opt/airflow/dags/product_pipeline_dag.py
[2026-02-12T12:26:44.955+0000] {processor.py:840} INFO - DAG(s) 'product_price_pipeline' retrieved from /opt/airflow/dags/product_pipeline_dag.py
[2026-02-12T12:26:45.032+0000] {logging_mixin.py:188} INFO - [2026-02-12T12:26:45.032+0000] {dag.py:3089} INFO - Sync 1 DAGs
[2026-02-12T12:26:45.074+0000] {logging_mixin.py:188} INFO - [2026-02-12T12:26:45.074+0000] {dag.py:3947} INFO - Setting next_dagrun for product_price_pipeline to 2026-02-11 00:00:00+00:00, run_after=2026-02-12 00:00:00+00:00
[2026-02-12T12:26:45.128+0000] {processor.py:183} INFO - Processing /opt/airflow/dags/product_pipeline_dag.py took 0.285 seconds
[2026-02-12T12:27:15.347+0000] {processor.py:161} INFO - Started process (PID=1327) to work on /opt/airflow/dags/product_pipeline_dag.py
[2026-02-12T12:27:15.349+0000] {processor.py:830} INFO - Processing file /opt/airflow/dags/product_pipeline_dag.py for tasks to queue
[2026-02-12T12:27:15.352+0000] {logging_mixin.py:188} INFO - [2026-02-12T12:27:15.351+0000] {dagbag.py:545} INFO - Filling up the DagBag from /opt/airflow/dags/product_pipeline_dag.py
[2026-02-12T12:27:15.407+0000] {processor.py:840} INFO - DAG(s) 'product_price_pipeline' retrieved from /opt/airflow/dags/product_pipeline_dag.py
[2026-02-12T12:27:15.459+0000] {logging_mixin.py:188} INFO - [2026-02-12T12:27:15.459+0000] {dag.py:3089} INFO - Sync 1 DAGs
[2026-02-12T12:27:15.501+0000] {logging_mixin.py:188} INFO - [2026-02-12T12:27:15.501+0000] {dag.py:3947} INFO - Setting next_dagrun for product_price_pipeline to 2026-02-11 00:00:00+00:00, run_after=2026-02-12 00:00:00+00:00
[2026-02-12T12:27:15.540+0000] {processor.py:183} INFO - Processing /opt/airflow/dags/product_pipeline_dag.py took 0.202 seconds
[2026-02-12T12:27:45.980+0000] {processor.py:161} INFO - Started process (PID=1356) to work on /opt/airflow/dags/product_pipeline_dag.py
[2026-02-12T12:27:45.983+0000] {processor.py:830} INFO - Processing file /opt/airflow/dags/product_pipeline_dag.py for tasks to queue
[2026-02-12T12:27:45.987+0000] {logging_mixin.py:188} INFO - [2026-02-12T12:27:45.986+0000] {dagbag.py:545} INFO - Filling up the DagBag from /opt/airflow/dags/product_pipeline_dag.py
[2026-02-12T12:27:46.059+0000] {processor.py:840} INFO - DAG(s) 'product_price_pipeline' retrieved from /opt/airflow/dags/product_pipeline_dag.py
[2026-02-12T12:27:46.160+0000] {logging_mixin.py:188} INFO - [2026-02-12T12:27:46.160+0000] {dag.py:3089} INFO - Sync 1 DAGs
[2026-02-12T12:27:46.202+0000] {logging_mixin.py:188} INFO - [2026-02-12T12:27:46.201+0000] {dag.py:3947} INFO - Setting next_dagrun for product_price_pipeline to 2026-02-11 00:00:00+00:00, run_after=2026-02-12 00:00:00+00:00
[2026-02-12T12:27:46.256+0000] {processor.py:183} INFO - Processing /opt/airflow/dags/product_pipeline_dag.py took 0.288 seconds
[2026-02-12T12:28:16.880+0000] {processor.py:161} INFO - Started process (PID=1385) to work on /opt/airflow/dags/product_pipeline_dag.py
[2026-02-12T12:28:16.883+0000] {processor.py:830} INFO - Processing file /opt/airflow/dags/product_pipeline_dag.py for tasks to queue
[2026-02-12T12:28:16.886+0000] {logging_mixin.py:188} INFO - [2026-02-12T12:28:16.886+0000] {dagbag.py:545} INFO - Filling up the DagBag from /opt/airflow/dags/product_pipeline_dag.py
[2026-02-12T12:28:16.947+0000] {processor.py:840} INFO - DAG(s) 'product_price_pipeline' retrieved from /opt/airflow/dags/product_pipeline_dag.py
[2026-02-12T12:28:17.006+0000] {logging_mixin.py:188} INFO - [2026-02-12T12:28:17.006+0000] {dag.py:3089} INFO - Sync 1 DAGs
[2026-02-12T12:28:17.035+0000] {logging_mixin.py:188} INFO - [2026-02-12T12:28:17.035+0000] {dag.py:3947} INFO - Setting next_dagrun for product_price_pipeline to 2026-02-11 00:00:00+00:00, run_after=2026-02-12 00:00:00+00:00
[2026-02-12T12:28:17.084+0000] {processor.py:183} INFO - Processing /opt/airflow/dags/product_pipeline_dag.py took 0.213 seconds
[2026-02-12T12:28:47.729+0000] {processor.py:161} INFO - Started process (PID=1414) to work on /opt/airflow/dags/product_pipeline_dag.py
[2026-02-12T12:28:47.730+0000] {processor.py:830} INFO - Processing file /opt/airflow/dags/product_pipeline_dag.py for tasks to queue
[2026-02-12T12:28:47.734+0000] {logging_mixin.py:188} INFO - [2026-02-12T12:28:47.733+0000] {dagbag.py:545} INFO - Filling up the DagBag from /opt/airflow/dags/product_pipeline_dag.py
[2026-02-12T12:28:47.785+0000] {processor.py:840} INFO - DAG(s) 'product_price_pipeline' retrieved from /opt/airflow/dags/product_pipeline_dag.py
[2026-02-12T12:28:47.836+0000] {logging_mixin.py:188} INFO - [2026-02-12T12:28:47.836+0000] {dag.py:3089} INFO - Sync 1 DAGs
[2026-02-12T12:28:47.867+0000] {logging_mixin.py:188} INFO - [2026-02-12T12:28:47.867+0000] {dag.py:3947} INFO - Setting next_dagrun for product_price_pipeline to 2026-02-11 00:00:00+00:00, run_after=2026-02-12 00:00:00+00:00
[2026-02-12T12:28:47.909+0000] {processor.py:183} INFO - Processing /opt/airflow/dags/product_pipeline_dag.py took 0.191 seconds
[2026-02-12T12:29:18.833+0000] {processor.py:161} INFO - Started process (PID=1443) to work on /opt/airflow/dags/product_pipeline_dag.py
[2026-02-12T12:29:18.836+0000] {processor.py:830} INFO - Processing file /opt/airflow/dags/product_pipeline_dag.py for tasks to queue
[2026-02-12T12:29:18.840+0000] {logging_mixin.py:188} INFO - [2026-02-12T12:29:18.839+0000] {dagbag.py:545} INFO - Filling up the DagBag from /opt/airflow/dags/product_pipeline_dag.py
[2026-02-12T12:29:18.901+0000] {processor.py:840} INFO - DAG(s) 'product_price_pipeline' retrieved from /opt/airflow/dags/product_pipeline_dag.py
[2026-02-12T12:29:18.957+0000] {logging_mixin.py:188} INFO - [2026-02-12T12:29:18.957+0000] {dag.py:3089} INFO - Sync 1 DAGs
[2026-02-12T12:29:18.990+0000] {logging_mixin.py:188} INFO - [2026-02-12T12:29:18.990+0000] {dag.py:3947} INFO - Setting next_dagrun for product_price_pipeline to 2026-02-11 00:00:00+00:00, run_after=2026-02-12 00:00:00+00:00
[2026-02-12T12:29:19.038+0000] {processor.py:183} INFO - Processing /opt/airflow/dags/product_pipeline_dag.py took 0.218 seconds
[2026-02-12T12:29:50.034+0000] {processor.py:161} INFO - Started process (PID=1472) to work on /opt/airflow/dags/product_pipeline_dag.py
[2026-02-12T12:29:50.036+0000] {processor.py:830} INFO - Processing file /opt/airflow/dags/product_pipeline_dag.py for tasks to queue
[2026-02-12T12:29:50.039+0000] {logging_mixin.py:188} INFO - [2026-02-12T12:29:50.039+0000] {dagbag.py:545} INFO - Filling up the DagBag from /opt/airflow/dags/product_pipeline_dag.py
[2026-02-12T12:29:50.093+0000] {processor.py:840} INFO - DAG(s) 'product_price_pipeline' retrieved from /opt/airflow/dags/product_pipeline_dag.py
[2026-02-12T12:29:50.147+0000] {logging_mixin.py:188} INFO - [2026-02-12T12:29:50.147+0000] {dag.py:3089} INFO - Sync 1 DAGs
[2026-02-12T12:29:50.180+0000] {logging_mixin.py:188} INFO - [2026-02-12T12:29:50.179+0000] {dag.py:3947} INFO - Setting next_dagrun for product_price_pipeline to 2026-02-11 00:00:00+00:00, run_after=2026-02-12 00:00:00+00:00
[2026-02-12T12:29:50.238+0000] {processor.py:183} INFO - Processing /opt/airflow/dags/product_pipeline_dag.py took 0.214 seconds
[2026-02-12T12:30:21.764+0000] {processor.py:161} INFO - Started process (PID=1501) to work on /opt/airflow/dags/product_pipeline_dag.py
[2026-02-12T12:30:21.767+0000] {processor.py:830} INFO - Processing file /opt/airflow/dags/product_pipeline_dag.py for tasks to queue
[2026-02-12T12:30:21.770+0000] {logging_mixin.py:188} INFO - [2026-02-12T12:30:21.770+0000] {dagbag.py:545} INFO - Filling up the DagBag from /opt/airflow/dags/product_pipeline_dag.py
[2026-02-12T12:30:21.821+0000] {processor.py:840} INFO - DAG(s) 'product_price_pipeline' retrieved from /opt/airflow/dags/product_pipeline_dag.py
[2026-02-12T12:30:21.868+0000] {logging_mixin.py:188} INFO - [2026-02-12T12:30:21.868+0000] {dag.py:3089} INFO - Sync 1 DAGs
[2026-02-12T12:30:21.901+0000] {logging_mixin.py:188} INFO - [2026-02-12T12:30:21.901+0000] {dag.py:3947} INFO - Setting next_dagrun for product_price_pipeline to 2026-02-11 00:00:00+00:00, run_after=2026-02-12 00:00:00+00:00
[2026-02-12T12:30:21.940+0000] {processor.py:183} INFO - Processing /opt/airflow/dags/product_pipeline_dag.py took 0.187 seconds
[2026-02-12T12:30:52.502+0000] {processor.py:161} INFO - Started process (PID=1530) to work on /opt/airflow/dags/product_pipeline_dag.py
[2026-02-12T12:30:52.505+0000] {processor.py:830} INFO - Processing file /opt/airflow/dags/product_pipeline_dag.py for tasks to queue
[2026-02-12T12:30:52.510+0000] {logging_mixin.py:188} INFO - [2026-02-12T12:30:52.509+0000] {dagbag.py:545} INFO - Filling up the DagBag from /opt/airflow/dags/product_pipeline_dag.py
[2026-02-12T12:30:52.576+0000] {processor.py:840} INFO - DAG(s) 'product_price_pipeline' retrieved from /opt/airflow/dags/product_pipeline_dag.py
[2026-02-12T12:30:52.652+0000] {logging_mixin.py:188} INFO - [2026-02-12T12:30:52.652+0000] {dag.py:3089} INFO - Sync 1 DAGs
[2026-02-12T12:30:52.688+0000] {logging_mixin.py:188} INFO - [2026-02-12T12:30:52.688+0000] {dag.py:3947} INFO - Setting next_dagrun for product_price_pipeline to 2026-02-11 00:00:00+00:00, run_after=2026-02-12 00:00:00+00:00
[2026-02-12T12:30:52.738+0000] {processor.py:183} INFO - Processing /opt/airflow/dags/product_pipeline_dag.py took 0.248 seconds
[2026-02-12T12:31:23.972+0000] {processor.py:161} INFO - Started process (PID=1559) to work on /opt/airflow/dags/product_pipeline_dag.py
[2026-02-12T12:31:23.975+0000] {processor.py:830} INFO - Processing file /opt/airflow/dags/product_pipeline_dag.py for tasks to queue
[2026-02-12T12:31:23.979+0000] {logging_mixin.py:188} INFO - [2026-02-12T12:31:23.978+0000] {dagbag.py:545} INFO - Filling up the DagBag from /opt/airflow/dags/product_pipeline_dag.py
[2026-02-12T12:31:24.060+0000] {processor.py:840} INFO - DAG(s) 'product_price_pipeline' retrieved from /opt/airflow/dags/product_pipeline_dag.py
[2026-02-12T12:31:24.123+0000] {logging_mixin.py:188} INFO - [2026-02-12T12:31:24.123+0000] {dag.py:3089} INFO - Sync 1 DAGs
[2026-02-12T12:31:24.163+0000] {logging_mixin.py:188} INFO - [2026-02-12T12:31:24.163+0000] {dag.py:3947} INFO - Setting next_dagrun for product_price_pipeline to 2026-02-11 00:00:00+00:00, run_after=2026-02-12 00:00:00+00:00
[2026-02-12T12:31:24.214+0000] {processor.py:183} INFO - Processing /opt/airflow/dags/product_pipeline_dag.py took 0.251 seconds
[2026-02-12T12:31:55.239+0000] {processor.py:161} INFO - Started process (PID=1588) to work on /opt/airflow/dags/product_pipeline_dag.py
[2026-02-12T12:31:55.241+0000] {processor.py:830} INFO - Processing file /opt/airflow/dags/product_pipeline_dag.py for tasks to queue
[2026-02-12T12:31:55.244+0000] {logging_mixin.py:188} INFO - [2026-02-12T12:31:55.244+0000] {dagbag.py:545} INFO - Filling up the DagBag from /opt/airflow/dags/product_pipeline_dag.py
[2026-02-12T12:31:55.294+0000] {processor.py:840} INFO - DAG(s) 'product_price_pipeline' retrieved from /opt/airflow/dags/product_pipeline_dag.py
[2026-02-12T12:31:55.352+0000] {logging_mixin.py:188} INFO - [2026-02-12T12:31:55.351+0000] {dag.py:3089} INFO - Sync 1 DAGs
[2026-02-12T12:31:55.381+0000] {logging_mixin.py:188} INFO - [2026-02-12T12:31:55.381+0000] {dag.py:3947} INFO - Setting next_dagrun for product_price_pipeline to 2026-02-11 00:00:00+00:00, run_after=2026-02-12 00:00:00+00:00
[2026-02-12T12:31:55.438+0000] {processor.py:183} INFO - Processing /opt/airflow/dags/product_pipeline_dag.py took 0.209 seconds
[2026-02-12T12:32:27.170+0000] {processor.py:161} INFO - Started process (PID=1617) to work on /opt/airflow/dags/product_pipeline_dag.py
[2026-02-12T12:32:27.172+0000] {processor.py:830} INFO - Processing file /opt/airflow/dags/product_pipeline_dag.py for tasks to queue
[2026-02-12T12:32:27.177+0000] {logging_mixin.py:188} INFO - [2026-02-12T12:32:27.176+0000] {dagbag.py:545} INFO - Filling up the DagBag from /opt/airflow/dags/product_pipeline_dag.py
[2026-02-12T12:32:27.241+0000] {processor.py:840} INFO - DAG(s) 'product_price_pipeline' retrieved from /opt/airflow/dags/product_pipeline_dag.py
[2026-02-12T12:32:27.292+0000] {logging_mixin.py:188} INFO - [2026-02-12T12:32:27.292+0000] {dag.py:3089} INFO - Sync 1 DAGs
[2026-02-12T12:32:27.328+0000] {logging_mixin.py:188} INFO - [2026-02-12T12:32:27.328+0000] {dag.py:3947} INFO - Setting next_dagrun for product_price_pipeline to 2026-02-11 00:00:00+00:00, run_after=2026-02-12 00:00:00+00:00
[2026-02-12T12:32:27.376+0000] {processor.py:183} INFO - Processing /opt/airflow/dags/product_pipeline_dag.py took 0.216 seconds
[2026-02-12T12:32:58.103+0000] {processor.py:161} INFO - Started process (PID=1646) to work on /opt/airflow/dags/product_pipeline_dag.py
[2026-02-12T12:32:58.106+0000] {processor.py:830} INFO - Processing file /opt/airflow/dags/product_pipeline_dag.py for tasks to queue
[2026-02-12T12:32:58.110+0000] {logging_mixin.py:188} INFO - [2026-02-12T12:32:58.109+0000] {dagbag.py:545} INFO - Filling up the DagBag from /opt/airflow/dags/product_pipeline_dag.py
[2026-02-12T12:32:58.155+0000] {processor.py:840} INFO - DAG(s) 'product_price_pipeline' retrieved from /opt/airflow/dags/product_pipeline_dag.py
[2026-02-12T12:32:58.225+0000] {logging_mixin.py:188} INFO - [2026-02-12T12:32:58.225+0000] {dag.py:3089} INFO - Sync 1 DAGs
[2026-02-12T12:32:58.268+0000] {logging_mixin.py:188} INFO - [2026-02-12T12:32:58.268+0000] {dag.py:3947} INFO - Setting next_dagrun for product_price_pipeline to 2026-02-11 00:00:00+00:00, run_after=2026-02-12 00:00:00+00:00
[2026-02-12T12:32:58.306+0000] {processor.py:183} INFO - Processing /opt/airflow/dags/product_pipeline_dag.py took 0.213 seconds
[2026-02-12T12:33:29.554+0000] {processor.py:161} INFO - Started process (PID=1675) to work on /opt/airflow/dags/product_pipeline_dag.py
[2026-02-12T12:33:29.556+0000] {processor.py:830} INFO - Processing file /opt/airflow/dags/product_pipeline_dag.py for tasks to queue
[2026-02-12T12:33:29.559+0000] {logging_mixin.py:188} INFO - [2026-02-12T12:33:29.559+0000] {dagbag.py:545} INFO - Filling up the DagBag from /opt/airflow/dags/product_pipeline_dag.py
[2026-02-12T12:33:29.616+0000] {processor.py:840} INFO - DAG(s) 'product_price_pipeline' retrieved from /opt/airflow/dags/product_pipeline_dag.py
[2026-02-12T12:33:29.669+0000] {logging_mixin.py:188} INFO - [2026-02-12T12:33:29.669+0000] {dag.py:3089} INFO - Sync 1 DAGs
[2026-02-12T12:33:29.704+0000] {logging_mixin.py:188} INFO - [2026-02-12T12:33:29.704+0000] {dag.py:3947} INFO - Setting next_dagrun for product_price_pipeline to 2026-02-11 00:00:00+00:00, run_after=2026-02-12 00:00:00+00:00
[2026-02-12T12:33:29.735+0000] {processor.py:183} INFO - Processing /opt/airflow/dags/product_pipeline_dag.py took 0.189 seconds
[2026-02-12T12:34:00.109+0000] {processor.py:161} INFO - Started process (PID=1704) to work on /opt/airflow/dags/product_pipeline_dag.py
[2026-02-12T12:34:00.112+0000] {processor.py:830} INFO - Processing file /opt/airflow/dags/product_pipeline_dag.py for tasks to queue
[2026-02-12T12:34:00.116+0000] {logging_mixin.py:188} INFO - [2026-02-12T12:34:00.116+0000] {dagbag.py:545} INFO - Filling up the DagBag from /opt/airflow/dags/product_pipeline_dag.py
[2026-02-12T12:34:00.176+0000] {processor.py:840} INFO - DAG(s) 'product_price_pipeline' retrieved from /opt/airflow/dags/product_pipeline_dag.py
[2026-02-12T12:34:00.229+0000] {logging_mixin.py:188} INFO - [2026-02-12T12:34:00.229+0000] {dag.py:3089} INFO - Sync 1 DAGs
[2026-02-12T12:34:00.266+0000] {logging_mixin.py:188} INFO - [2026-02-12T12:34:00.266+0000] {dag.py:3947} INFO - Setting next_dagrun for product_price_pipeline to 2026-02-11 00:00:00+00:00, run_after=2026-02-12 00:00:00+00:00
[2026-02-12T12:34:00.307+0000] {processor.py:183} INFO - Processing /opt/airflow/dags/product_pipeline_dag.py took 0.207 seconds
[2026-02-12T12:34:31.340+0000] {processor.py:161} INFO - Started process (PID=1733) to work on /opt/airflow/dags/product_pipeline_dag.py
[2026-02-12T12:34:31.342+0000] {processor.py:830} INFO - Processing file /opt/airflow/dags/product_pipeline_dag.py for tasks to queue
[2026-02-12T12:34:31.345+0000] {logging_mixin.py:188} INFO - [2026-02-12T12:34:31.345+0000] {dagbag.py:545} INFO - Filling up the DagBag from /opt/airflow/dags/product_pipeline_dag.py
[2026-02-12T12:34:31.388+0000] {processor.py:840} INFO - DAG(s) 'product_price_pipeline' retrieved from /opt/airflow/dags/product_pipeline_dag.py
[2026-02-12T12:34:31.425+0000] {logging_mixin.py:188} INFO - [2026-02-12T12:34:31.425+0000] {dag.py:3089} INFO - Sync 1 DAGs
[2026-02-12T12:34:31.458+0000] {logging_mixin.py:188} INFO - [2026-02-12T12:34:31.458+0000] {dag.py:3947} INFO - Setting next_dagrun for product_price_pipeline to 2026-02-11 00:00:00+00:00, run_after=2026-02-12 00:00:00+00:00
[2026-02-12T12:34:31.488+0000] {processor.py:183} INFO - Processing /opt/airflow/dags/product_pipeline_dag.py took 0.158 seconds
[2026-02-12T12:35:02.826+0000] {processor.py:161} INFO - Started process (PID=1763) to work on /opt/airflow/dags/product_pipeline_dag.py
[2026-02-12T12:35:02.839+0000] {processor.py:830} INFO - Processing file /opt/airflow/dags/product_pipeline_dag.py for tasks to queue
[2026-02-12T12:35:02.875+0000] {logging_mixin.py:188} INFO - [2026-02-12T12:35:02.874+0000] {dagbag.py:545} INFO - Filling up the DagBag from /opt/airflow/dags/product_pipeline_dag.py
[2026-02-12T12:35:02.993+0000] {processor.py:840} INFO - DAG(s) 'product_price_pipeline' retrieved from /opt/airflow/dags/product_pipeline_dag.py
[2026-02-12T12:35:03.313+0000] {logging_mixin.py:188} INFO - [2026-02-12T12:35:03.313+0000] {dag.py:3089} INFO - Sync 1 DAGs
[2026-02-12T12:35:03.443+0000] {logging_mixin.py:188} INFO - [2026-02-12T12:35:03.442+0000] {dag.py:3947} INFO - Setting next_dagrun for product_price_pipeline to 2026-02-11 00:00:00+00:00, run_after=2026-02-12 00:00:00+00:00
[2026-02-12T12:35:03.503+0000] {processor.py:183} INFO - Processing /opt/airflow/dags/product_pipeline_dag.py took 0.724 seconds
[2026-02-12T12:35:37.381+0000] {processor.py:161} INFO - Started process (PID=1912) to work on /opt/airflow/dags/product_pipeline_dag.py
[2026-02-12T12:35:37.431+0000] {processor.py:830} INFO - Processing file /opt/airflow/dags/product_pipeline_dag.py for tasks to queue
[2026-02-12T12:35:37.527+0000] {logging_mixin.py:188} INFO - [2026-02-12T12:35:37.508+0000] {dagbag.py:545} INFO - Filling up the DagBag from /opt/airflow/dags/product_pipeline_dag.py
[2026-02-12T12:35:39.313+0000] {processor.py:840} INFO - DAG(s) 'product_price_pipeline' retrieved from /opt/airflow/dags/product_pipeline_dag.py
[2026-02-12T12:35:40.385+0000] {logging_mixin.py:188} INFO - [2026-02-12T12:35:40.384+0000] {dag.py:3089} INFO - Sync 1 DAGs
[2026-02-12T12:35:40.839+0000] {logging_mixin.py:188} INFO - [2026-02-12T12:35:40.838+0000] {dag.py:3947} INFO - Setting next_dagrun for product_price_pipeline to 2026-02-12 00:00:00+00:00, run_after=2026-02-13 00:00:00+00:00
[2026-02-12T12:35:41.201+0000] {processor.py:183} INFO - Processing /opt/airflow/dags/product_pipeline_dag.py took 4.459 seconds
[2026-02-12T12:36:12.071+0000] {processor.py:161} INFO - Started process (PID=2061) to work on /opt/airflow/dags/product_pipeline_dag.py
[2026-02-12T12:36:12.076+0000] {processor.py:830} INFO - Processing file /opt/airflow/dags/product_pipeline_dag.py for tasks to queue
[2026-02-12T12:36:12.127+0000] {logging_mixin.py:188} INFO - [2026-02-12T12:36:12.120+0000] {dagbag.py:545} INFO - Filling up the DagBag from /opt/airflow/dags/product_pipeline_dag.py
[2026-02-12T12:36:12.409+0000] {processor.py:840} INFO - DAG(s) 'product_price_pipeline' retrieved from /opt/airflow/dags/product_pipeline_dag.py
[2026-02-12T12:36:12.656+0000] {logging_mixin.py:188} INFO - [2026-02-12T12:36:12.655+0000] {dag.py:3089} INFO - Sync 1 DAGs
[2026-02-12T12:36:12.775+0000] {logging_mixin.py:188} INFO - [2026-02-12T12:36:12.774+0000] {dag.py:3947} INFO - Setting next_dagrun for product_price_pipeline to 2026-02-12 00:00:00+00:00, run_after=2026-02-13 00:00:00+00:00
[2026-02-12T12:36:12.837+0000] {processor.py:183} INFO - Processing /opt/airflow/dags/product_pipeline_dag.py took 0.896 seconds
[2026-02-12T12:36:43.236+0000] {processor.py:161} INFO - Started process (PID=2090) to work on /opt/airflow/dags/product_pipeline_dag.py
[2026-02-12T12:36:43.238+0000] {processor.py:830} INFO - Processing file /opt/airflow/dags/product_pipeline_dag.py for tasks to queue
[2026-02-12T12:36:43.241+0000] {logging_mixin.py:188} INFO - [2026-02-12T12:36:43.240+0000] {dagbag.py:545} INFO - Filling up the DagBag from /opt/airflow/dags/product_pipeline_dag.py
[2026-02-12T12:36:43.300+0000] {processor.py:840} INFO - DAG(s) 'product_price_pipeline' retrieved from /opt/airflow/dags/product_pipeline_dag.py
[2026-02-12T12:36:43.336+0000] {logging_mixin.py:188} INFO - [2026-02-12T12:36:43.336+0000] {dag.py:3089} INFO - Sync 1 DAGs
[2026-02-12T12:36:43.359+0000] {logging_mixin.py:188} INFO - [2026-02-12T12:36:43.359+0000] {dag.py:3947} INFO - Setting next_dagrun for product_price_pipeline to 2026-02-12 00:00:00+00:00, run_after=2026-02-13 00:00:00+00:00
[2026-02-12T12:36:43.382+0000] {processor.py:183} INFO - Processing /opt/airflow/dags/product_pipeline_dag.py took 0.154 seconds
[2026-02-12T12:37:14.133+0000] {processor.py:161} INFO - Started process (PID=2119) to work on /opt/airflow/dags/product_pipeline_dag.py
[2026-02-12T12:37:14.139+0000] {processor.py:830} INFO - Processing file /opt/airflow/dags/product_pipeline_dag.py for tasks to queue
[2026-02-12T12:37:14.149+0000] {logging_mixin.py:188} INFO - [2026-02-12T12:37:14.147+0000] {dagbag.py:545} INFO - Filling up the DagBag from /opt/airflow/dags/product_pipeline_dag.py
[2026-02-12T12:37:14.254+0000] {processor.py:840} INFO - DAG(s) 'product_price_pipeline' retrieved from /opt/airflow/dags/product_pipeline_dag.py
[2026-02-12T12:37:14.377+0000] {logging_mixin.py:188} INFO - [2026-02-12T12:37:14.377+0000] {dag.py:3089} INFO - Sync 1 DAGs
[2026-02-12T12:37:14.429+0000] {logging_mixin.py:188} INFO - [2026-02-12T12:37:14.428+0000] {dag.py:3947} INFO - Setting next_dagrun for product_price_pipeline to 2026-02-12 00:00:00+00:00, run_after=2026-02-13 00:00:00+00:00
[2026-02-12T12:37:14.470+0000] {processor.py:183} INFO - Processing /opt/airflow/dags/product_pipeline_dag.py took 0.419 seconds
[2026-02-12T12:37:44.992+0000] {processor.py:161} INFO - Started process (PID=2148) to work on /opt/airflow/dags/product_pipeline_dag.py
[2026-02-12T12:37:44.994+0000] {processor.py:830} INFO - Processing file /opt/airflow/dags/product_pipeline_dag.py for tasks to queue
[2026-02-12T12:37:44.998+0000] {logging_mixin.py:188} INFO - [2026-02-12T12:37:44.997+0000] {dagbag.py:545} INFO - Filling up the DagBag from /opt/airflow/dags/product_pipeline_dag.py
[2026-02-12T12:37:45.056+0000] {processor.py:840} INFO - DAG(s) 'product_price_pipeline' retrieved from /opt/airflow/dags/product_pipeline_dag.py
[2026-02-12T12:37:45.095+0000] {logging_mixin.py:188} INFO - [2026-02-12T12:37:45.095+0000] {dag.py:3089} INFO - Sync 1 DAGs
[2026-02-12T12:37:45.115+0000] {logging_mixin.py:188} INFO - [2026-02-12T12:37:45.115+0000] {dag.py:3947} INFO - Setting next_dagrun for product_price_pipeline to 2026-02-12 00:00:00+00:00, run_after=2026-02-13 00:00:00+00:00
[2026-02-12T12:37:45.155+0000] {processor.py:183} INFO - Processing /opt/airflow/dags/product_pipeline_dag.py took 0.172 seconds
[2026-02-12T12:38:15.468+0000] {processor.py:161} INFO - Started process (PID=2177) to work on /opt/airflow/dags/product_pipeline_dag.py
[2026-02-12T12:38:15.471+0000] {processor.py:830} INFO - Processing file /opt/airflow/dags/product_pipeline_dag.py for tasks to queue
[2026-02-12T12:38:15.475+0000] {logging_mixin.py:188} INFO - [2026-02-12T12:38:15.475+0000] {dagbag.py:545} INFO - Filling up the DagBag from /opt/airflow/dags/product_pipeline_dag.py
[2026-02-12T12:38:15.537+0000] {processor.py:840} INFO - DAG(s) 'product_price_pipeline' retrieved from /opt/airflow/dags/product_pipeline_dag.py
[2026-02-12T12:38:15.575+0000] {logging_mixin.py:188} INFO - [2026-02-12T12:38:15.575+0000] {dag.py:3089} INFO - Sync 1 DAGs
[2026-02-12T12:38:15.603+0000] {logging_mixin.py:188} INFO - [2026-02-12T12:38:15.603+0000] {dag.py:3947} INFO - Setting next_dagrun for product_price_pipeline to 2026-02-12 00:00:00+00:00, run_after=2026-02-13 00:00:00+00:00
[2026-02-12T12:38:15.635+0000] {processor.py:183} INFO - Processing /opt/airflow/dags/product_pipeline_dag.py took 0.179 seconds
[2026-02-12T12:38:45.866+0000] {processor.py:161} INFO - Started process (PID=2206) to work on /opt/airflow/dags/product_pipeline_dag.py
[2026-02-12T12:38:45.869+0000] {processor.py:830} INFO - Processing file /opt/airflow/dags/product_pipeline_dag.py for tasks to queue
[2026-02-12T12:38:45.875+0000] {logging_mixin.py:188} INFO - [2026-02-12T12:38:45.874+0000] {dagbag.py:545} INFO - Filling up the DagBag from /opt/airflow/dags/product_pipeline_dag.py
[2026-02-12T12:38:45.960+0000] {processor.py:840} INFO - DAG(s) 'product_price_pipeline' retrieved from /opt/airflow/dags/product_pipeline_dag.py
[2026-02-12T12:38:46.033+0000] {logging_mixin.py:188} INFO - [2026-02-12T12:38:46.032+0000] {dag.py:3089} INFO - Sync 1 DAGs
[2026-02-12T12:38:46.087+0000] {logging_mixin.py:188} INFO - [2026-02-12T12:38:46.086+0000] {dag.py:3947} INFO - Setting next_dagrun for product_price_pipeline to 2026-02-12 00:00:00+00:00, run_after=2026-02-13 00:00:00+00:00
[2026-02-12T12:38:46.130+0000] {processor.py:183} INFO - Processing /opt/airflow/dags/product_pipeline_dag.py took 0.280 seconds
[2026-02-12T12:39:16.653+0000] {processor.py:161} INFO - Started process (PID=2235) to work on /opt/airflow/dags/product_pipeline_dag.py
[2026-02-12T12:39:16.654+0000] {processor.py:830} INFO - Processing file /opt/airflow/dags/product_pipeline_dag.py for tasks to queue
[2026-02-12T12:39:16.658+0000] {logging_mixin.py:188} INFO - [2026-02-12T12:39:16.657+0000] {dagbag.py:545} INFO - Filling up the DagBag from /opt/airflow/dags/product_pipeline_dag.py
[2026-02-12T12:39:16.710+0000] {processor.py:840} INFO - DAG(s) 'product_price_pipeline' retrieved from /opt/airflow/dags/product_pipeline_dag.py
[2026-02-12T12:39:16.744+0000] {logging_mixin.py:188} INFO - [2026-02-12T12:39:16.743+0000] {dag.py:3089} INFO - Sync 1 DAGs
[2026-02-12T12:39:16.764+0000] {logging_mixin.py:188} INFO - [2026-02-12T12:39:16.764+0000] {dag.py:3947} INFO - Setting next_dagrun for product_price_pipeline to 2026-02-12 00:00:00+00:00, run_after=2026-02-13 00:00:00+00:00
[2026-02-12T12:39:16.783+0000] {processor.py:183} INFO - Processing /opt/airflow/dags/product_pipeline_dag.py took 0.142 seconds
[2026-02-12T12:39:47.567+0000] {processor.py:161} INFO - Started process (PID=2264) to work on /opt/airflow/dags/product_pipeline_dag.py
[2026-02-12T12:39:47.569+0000] {processor.py:830} INFO - Processing file /opt/airflow/dags/product_pipeline_dag.py for tasks to queue
[2026-02-12T12:39:47.572+0000] {logging_mixin.py:188} INFO - [2026-02-12T12:39:47.571+0000] {dagbag.py:545} INFO - Filling up the DagBag from /opt/airflow/dags/product_pipeline_dag.py
[2026-02-12T12:39:47.606+0000] {processor.py:840} INFO - DAG(s) 'product_price_pipeline' retrieved from /opt/airflow/dags/product_pipeline_dag.py
[2026-02-12T12:39:47.643+0000] {logging_mixin.py:188} INFO - [2026-02-12T12:39:47.643+0000] {dag.py:3089} INFO - Sync 1 DAGs
[2026-02-12T12:39:47.669+0000] {logging_mixin.py:188} INFO - [2026-02-12T12:39:47.669+0000] {dag.py:3947} INFO - Setting next_dagrun for product_price_pipeline to 2026-02-12 00:00:00+00:00, run_after=2026-02-13 00:00:00+00:00
[2026-02-12T12:39:47.696+0000] {processor.py:183} INFO - Processing /opt/airflow/dags/product_pipeline_dag.py took 0.138 seconds
[2026-02-12T12:40:18.156+0000] {processor.py:161} INFO - Started process (PID=2293) to work on /opt/airflow/dags/product_pipeline_dag.py
[2026-02-12T12:40:18.159+0000] {processor.py:830} INFO - Processing file /opt/airflow/dags/product_pipeline_dag.py for tasks to queue
[2026-02-12T12:40:18.163+0000] {logging_mixin.py:188} INFO - [2026-02-12T12:40:18.163+0000] {dagbag.py:545} INFO - Filling up the DagBag from /opt/airflow/dags/product_pipeline_dag.py
[2026-02-12T12:40:18.226+0000] {processor.py:840} INFO - DAG(s) 'product_price_pipeline' retrieved from /opt/airflow/dags/product_pipeline_dag.py
[2026-02-12T12:40:18.263+0000] {logging_mixin.py:188} INFO - [2026-02-12T12:40:18.263+0000] {dag.py:3089} INFO - Sync 1 DAGs
[2026-02-12T12:40:18.284+0000] {logging_mixin.py:188} INFO - [2026-02-12T12:40:18.284+0000] {dag.py:3947} INFO - Setting next_dagrun for product_price_pipeline to 2026-02-12 00:00:00+00:00, run_after=2026-02-13 00:00:00+00:00
[2026-02-12T12:40:18.304+0000] {processor.py:183} INFO - Processing /opt/airflow/dags/product_pipeline_dag.py took 0.156 seconds
[2026-02-12T12:40:48.697+0000] {processor.py:161} INFO - Started process (PID=2322) to work on /opt/airflow/dags/product_pipeline_dag.py
[2026-02-12T12:40:48.699+0000] {processor.py:830} INFO - Processing file /opt/airflow/dags/product_pipeline_dag.py for tasks to queue
[2026-02-12T12:40:48.702+0000] {logging_mixin.py:188} INFO - [2026-02-12T12:40:48.701+0000] {dagbag.py:545} INFO - Filling up the DagBag from /opt/airflow/dags/product_pipeline_dag.py
[2026-02-12T12:40:48.755+0000] {processor.py:840} INFO - DAG(s) 'product_price_pipeline' retrieved from /opt/airflow/dags/product_pipeline_dag.py
[2026-02-12T12:40:48.799+0000] {logging_mixin.py:188} INFO - [2026-02-12T12:40:48.799+0000] {dag.py:3089} INFO - Sync 1 DAGs
[2026-02-12T12:40:48.837+0000] {logging_mixin.py:188} INFO - [2026-02-12T12:40:48.837+0000] {dag.py:3947} INFO - Setting next_dagrun for product_price_pipeline to 2026-02-12 00:00:00+00:00, run_after=2026-02-13 00:00:00+00:00
[2026-02-12T12:40:48.881+0000] {processor.py:183} INFO - Processing /opt/airflow/dags/product_pipeline_dag.py took 0.195 seconds
[2026-02-12T12:41:19.617+0000] {processor.py:161} INFO - Started process (PID=2411) to work on /opt/airflow/dags/product_pipeline_dag.py
[2026-02-12T12:41:19.622+0000] {processor.py:830} INFO - Processing file /opt/airflow/dags/product_pipeline_dag.py for tasks to queue
[2026-02-12T12:41:19.627+0000] {logging_mixin.py:188} INFO - [2026-02-12T12:41:19.627+0000] {dagbag.py:545} INFO - Filling up the DagBag from /opt/airflow/dags/product_pipeline_dag.py
[2026-02-12T12:41:19.693+0000] {processor.py:840} INFO - DAG(s) 'product_price_pipeline' retrieved from /opt/airflow/dags/product_pipeline_dag.py
[2026-02-12T12:41:19.726+0000] {logging_mixin.py:188} INFO - [2026-02-12T12:41:19.725+0000] {dag.py:3089} INFO - Sync 1 DAGs
[2026-02-12T12:41:19.745+0000] {logging_mixin.py:188} INFO - [2026-02-12T12:41:19.744+0000] {dag.py:3947} INFO - Setting next_dagrun for product_price_pipeline to 2026-02-12 00:00:00+00:00, run_after=2026-02-13 00:00:00+00:00
[2026-02-12T12:41:19.765+0000] {processor.py:183} INFO - Processing /opt/airflow/dags/product_pipeline_dag.py took 0.165 seconds
[2026-02-12T12:41:51.054+0000] {processor.py:161} INFO - Started process (PID=2440) to work on /opt/airflow/dags/product_pipeline_dag.py
[2026-02-12T12:41:51.056+0000] {processor.py:830} INFO - Processing file /opt/airflow/dags/product_pipeline_dag.py for tasks to queue
[2026-02-12T12:41:51.059+0000] {logging_mixin.py:188} INFO - [2026-02-12T12:41:51.059+0000] {dagbag.py:545} INFO - Filling up the DagBag from /opt/airflow/dags/product_pipeline_dag.py
[2026-02-12T12:41:51.114+0000] {processor.py:840} INFO - DAG(s) 'product_price_pipeline' retrieved from /opt/airflow/dags/product_pipeline_dag.py
[2026-02-12T12:41:51.151+0000] {logging_mixin.py:188} INFO - [2026-02-12T12:41:51.151+0000] {dag.py:3089} INFO - Sync 1 DAGs
[2026-02-12T12:41:51.172+0000] {logging_mixin.py:188} INFO - [2026-02-12T12:41:51.172+0000] {dag.py:3947} INFO - Setting next_dagrun for product_price_pipeline to 2026-02-12 00:00:00+00:00, run_after=2026-02-13 00:00:00+00:00
[2026-02-12T12:41:51.192+0000] {processor.py:183} INFO - Processing /opt/airflow/dags/product_pipeline_dag.py took 0.152 seconds
[2026-02-12T12:42:23.235+0000] {processor.py:161} INFO - Started process (PID=2469) to work on /opt/airflow/dags/product_pipeline_dag.py
[2026-02-12T12:42:23.238+0000] {processor.py:830} INFO - Processing file /opt/airflow/dags/product_pipeline_dag.py for tasks to queue
[2026-02-12T12:42:23.243+0000] {logging_mixin.py:188} INFO - [2026-02-12T12:42:23.242+0000] {dagbag.py:545} INFO - Filling up the DagBag from /opt/airflow/dags/product_pipeline_dag.py
[2026-02-12T12:42:23.318+0000] {processor.py:840} INFO - DAG(s) 'product_price_pipeline' retrieved from /opt/airflow/dags/product_pipeline_dag.py
[2026-02-12T12:42:23.364+0000] {logging_mixin.py:188} INFO - [2026-02-12T12:42:23.364+0000] {dag.py:3089} INFO - Sync 1 DAGs
[2026-02-12T12:42:23.386+0000] {logging_mixin.py:188} INFO - [2026-02-12T12:42:23.386+0000] {dag.py:3947} INFO - Setting next_dagrun for product_price_pipeline to 2026-02-12 00:00:00+00:00, run_after=2026-02-13 00:00:00+00:00
[2026-02-12T12:42:23.414+0000] {processor.py:183} INFO - Processing /opt/airflow/dags/product_pipeline_dag.py took 0.193 seconds
[2026-02-12T12:42:53.864+0000] {processor.py:161} INFO - Started process (PID=2498) to work on /opt/airflow/dags/product_pipeline_dag.py
[2026-02-12T12:42:53.866+0000] {processor.py:830} INFO - Processing file /opt/airflow/dags/product_pipeline_dag.py for tasks to queue
[2026-02-12T12:42:53.870+0000] {logging_mixin.py:188} INFO - [2026-02-12T12:42:53.869+0000] {dagbag.py:545} INFO - Filling up the DagBag from /opt/airflow/dags/product_pipeline_dag.py
[2026-02-12T12:42:53.926+0000] {processor.py:840} INFO - DAG(s) 'product_price_pipeline' retrieved from /opt/airflow/dags/product_pipeline_dag.py
[2026-02-12T12:42:53.955+0000] {logging_mixin.py:188} INFO - [2026-02-12T12:42:53.955+0000] {dag.py:3089} INFO - Sync 1 DAGs
[2026-02-12T12:42:53.974+0000] {logging_mixin.py:188} INFO - [2026-02-12T12:42:53.974+0000] {dag.py:3947} INFO - Setting next_dagrun for product_price_pipeline to 2026-02-12 00:00:00+00:00, run_after=2026-02-13 00:00:00+00:00
[2026-02-12T12:42:54.010+0000] {processor.py:183} INFO - Processing /opt/airflow/dags/product_pipeline_dag.py took 0.157 seconds
[2026-02-12T12:43:25.510+0000] {processor.py:161} INFO - Started process (PID=2527) to work on /opt/airflow/dags/product_pipeline_dag.py
[2026-02-12T12:43:25.513+0000] {processor.py:830} INFO - Processing file /opt/airflow/dags/product_pipeline_dag.py for tasks to queue
[2026-02-12T12:43:25.516+0000] {logging_mixin.py:188} INFO - [2026-02-12T12:43:25.515+0000] {dagbag.py:545} INFO - Filling up the DagBag from /opt/airflow/dags/product_pipeline_dag.py
[2026-02-12T12:43:25.568+0000] {processor.py:840} INFO - DAG(s) 'product_price_pipeline' retrieved from /opt/airflow/dags/product_pipeline_dag.py
[2026-02-12T12:43:25.601+0000] {logging_mixin.py:188} INFO - [2026-02-12T12:43:25.601+0000] {dag.py:3089} INFO - Sync 1 DAGs
[2026-02-12T12:43:25.620+0000] {logging_mixin.py:188} INFO - [2026-02-12T12:43:25.620+0000] {dag.py:3947} INFO - Setting next_dagrun for product_price_pipeline to 2026-02-12 00:00:00+00:00, run_after=2026-02-13 00:00:00+00:00
[2026-02-12T12:43:25.665+0000] {processor.py:183} INFO - Processing /opt/airflow/dags/product_pipeline_dag.py took 0.165 seconds
[2026-02-12T12:43:56.754+0000] {processor.py:161} INFO - Started process (PID=2556) to work on /opt/airflow/dags/product_pipeline_dag.py
[2026-02-12T12:43:56.756+0000] {processor.py:830} INFO - Processing file /opt/airflow/dags/product_pipeline_dag.py for tasks to queue
[2026-02-12T12:43:56.759+0000] {logging_mixin.py:188} INFO - [2026-02-12T12:43:56.759+0000] {dagbag.py:545} INFO - Filling up the DagBag from /opt/airflow/dags/product_pipeline_dag.py
[2026-02-12T12:43:56.806+0000] {processor.py:840} INFO - DAG(s) 'product_price_pipeline' retrieved from /opt/airflow/dags/product_pipeline_dag.py
[2026-02-12T12:43:56.863+0000] {logging_mixin.py:188} INFO - [2026-02-12T12:43:56.863+0000] {dag.py:3089} INFO - Sync 1 DAGs
[2026-02-12T12:43:56.887+0000] {logging_mixin.py:188} INFO - [2026-02-12T12:43:56.886+0000] {dag.py:3947} INFO - Setting next_dagrun for product_price_pipeline to 2026-02-12 00:00:00+00:00, run_after=2026-02-13 00:00:00+00:00
[2026-02-12T12:43:56.920+0000] {processor.py:183} INFO - Processing /opt/airflow/dags/product_pipeline_dag.py took 0.176 seconds
[2026-02-12T12:44:28.492+0000] {processor.py:161} INFO - Started process (PID=2585) to work on /opt/airflow/dags/product_pipeline_dag.py
[2026-02-12T12:44:28.495+0000] {processor.py:830} INFO - Processing file /opt/airflow/dags/product_pipeline_dag.py for tasks to queue
[2026-02-12T12:44:28.500+0000] {logging_mixin.py:188} INFO - [2026-02-12T12:44:28.499+0000] {dagbag.py:545} INFO - Filling up the DagBag from /opt/airflow/dags/product_pipeline_dag.py
[2026-02-12T12:44:28.552+0000] {processor.py:840} INFO - DAG(s) 'product_price_pipeline' retrieved from /opt/airflow/dags/product_pipeline_dag.py
[2026-02-12T12:44:28.645+0000] {logging_mixin.py:188} INFO - [2026-02-12T12:44:28.644+0000] {dag.py:3089} INFO - Sync 1 DAGs
[2026-02-12T12:44:28.685+0000] {logging_mixin.py:188} INFO - [2026-02-12T12:44:28.684+0000] {dag.py:3947} INFO - Setting next_dagrun for product_price_pipeline to 2026-02-12 00:00:00+00:00, run_after=2026-02-13 00:00:00+00:00
[2026-02-12T12:44:28.712+0000] {processor.py:183} INFO - Processing /opt/airflow/dags/product_pipeline_dag.py took 0.231 seconds
[2026-02-12T12:44:59.576+0000] {processor.py:161} INFO - Started process (PID=2614) to work on /opt/airflow/dags/product_pipeline_dag.py
[2026-02-12T12:44:59.579+0000] {processor.py:830} INFO - Processing file /opt/airflow/dags/product_pipeline_dag.py for tasks to queue
[2026-02-12T12:44:59.584+0000] {logging_mixin.py:188} INFO - [2026-02-12T12:44:59.583+0000] {dagbag.py:545} INFO - Filling up the DagBag from /opt/airflow/dags/product_pipeline_dag.py
[2026-02-12T12:44:59.646+0000] {processor.py:840} INFO - DAG(s) 'product_price_pipeline' retrieved from /opt/airflow/dags/product_pipeline_dag.py
[2026-02-12T12:44:59.682+0000] {logging_mixin.py:188} INFO - [2026-02-12T12:44:59.682+0000] {dag.py:3089} INFO - Sync 1 DAGs
[2026-02-12T12:44:59.708+0000] {logging_mixin.py:188} INFO - [2026-02-12T12:44:59.707+0000] {dag.py:3947} INFO - Setting next_dagrun for product_price_pipeline to 2026-02-12 00:00:00+00:00, run_after=2026-02-13 00:00:00+00:00
[2026-02-12T12:44:59.732+0000] {processor.py:183} INFO - Processing /opt/airflow/dags/product_pipeline_dag.py took 0.169 seconds
[2026-02-12T12:45:30.791+0000] {processor.py:161} INFO - Started process (PID=2643) to work on /opt/airflow/dags/product_pipeline_dag.py
[2026-02-12T12:45:30.793+0000] {processor.py:830} INFO - Processing file /opt/airflow/dags/product_pipeline_dag.py for tasks to queue
[2026-02-12T12:45:30.798+0000] {logging_mixin.py:188} INFO - [2026-02-12T12:45:30.797+0000] {dagbag.py:545} INFO - Filling up the DagBag from /opt/airflow/dags/product_pipeline_dag.py
[2026-02-12T12:45:30.847+0000] {processor.py:840} INFO - DAG(s) 'product_price_pipeline' retrieved from /opt/airflow/dags/product_pipeline_dag.py
[2026-02-12T12:45:30.894+0000] {logging_mixin.py:188} INFO - [2026-02-12T12:45:30.893+0000] {dag.py:3089} INFO - Sync 1 DAGs
[2026-02-12T12:45:30.920+0000] {logging_mixin.py:188} INFO - [2026-02-12T12:45:30.920+0000] {dag.py:3947} INFO - Setting next_dagrun for product_price_pipeline to 2026-02-12 00:00:00+00:00, run_after=2026-02-13 00:00:00+00:00
[2026-02-12T12:45:30.963+0000] {processor.py:183} INFO - Processing /opt/airflow/dags/product_pipeline_dag.py took 0.180 seconds
[2026-02-12T12:46:02.570+0000] {processor.py:161} INFO - Started process (PID=2672) to work on /opt/airflow/dags/product_pipeline_dag.py
[2026-02-12T12:46:02.573+0000] {processor.py:830} INFO - Processing file /opt/airflow/dags/product_pipeline_dag.py for tasks to queue
[2026-02-12T12:46:02.577+0000] {logging_mixin.py:188} INFO - [2026-02-12T12:46:02.576+0000] {dagbag.py:545} INFO - Filling up the DagBag from /opt/airflow/dags/product_pipeline_dag.py
[2026-02-12T12:46:02.621+0000] {processor.py:840} INFO - DAG(s) 'product_price_pipeline' retrieved from /opt/airflow/dags/product_pipeline_dag.py
[2026-02-12T12:46:02.681+0000] {logging_mixin.py:188} INFO - [2026-02-12T12:46:02.680+0000] {dag.py:3089} INFO - Sync 1 DAGs
[2026-02-12T12:46:02.711+0000] {logging_mixin.py:188} INFO - [2026-02-12T12:46:02.711+0000] {dag.py:3947} INFO - Setting next_dagrun for product_price_pipeline to 2026-02-12 00:00:00+00:00, run_after=2026-02-13 00:00:00+00:00
[2026-02-12T12:46:02.763+0000] {processor.py:183} INFO - Processing /opt/airflow/dags/product_pipeline_dag.py took 0.200 seconds
[2026-02-12T12:46:34.037+0000] {processor.py:161} INFO - Started process (PID=2701) to work on /opt/airflow/dags/product_pipeline_dag.py
[2026-02-12T12:46:34.068+0000] {processor.py:830} INFO - Processing file /opt/airflow/dags/product_pipeline_dag.py for tasks to queue
[2026-02-12T12:46:34.073+0000] {logging_mixin.py:188} INFO - [2026-02-12T12:46:34.072+0000] {dagbag.py:545} INFO - Filling up the DagBag from /opt/airflow/dags/product_pipeline_dag.py
[2026-02-12T12:46:34.146+0000] {processor.py:840} INFO - DAG(s) 'product_price_pipeline' retrieved from /opt/airflow/dags/product_pipeline_dag.py
[2026-02-12T12:46:34.205+0000] {logging_mixin.py:188} INFO - [2026-02-12T12:46:34.205+0000] {dag.py:3089} INFO - Sync 1 DAGs
[2026-02-12T12:46:34.234+0000] {logging_mixin.py:188} INFO - [2026-02-12T12:46:34.233+0000] {dag.py:3947} INFO - Setting next_dagrun for product_price_pipeline to 2026-02-12 00:00:00+00:00, run_after=2026-02-13 00:00:00+00:00
[2026-02-12T12:46:34.268+0000] {processor.py:183} INFO - Processing /opt/airflow/dags/product_pipeline_dag.py took 0.239 seconds
[2026-02-12T12:47:05.117+0000] {processor.py:161} INFO - Started process (PID=2730) to work on /opt/airflow/dags/product_pipeline_dag.py
[2026-02-12T12:47:05.120+0000] {processor.py:830} INFO - Processing file /opt/airflow/dags/product_pipeline_dag.py for tasks to queue
[2026-02-12T12:47:05.122+0000] {logging_mixin.py:188} INFO - [2026-02-12T12:47:05.122+0000] {dagbag.py:545} INFO - Filling up the DagBag from /opt/airflow/dags/product_pipeline_dag.py
[2026-02-12T12:47:05.170+0000] {processor.py:840} INFO - DAG(s) 'product_price_pipeline' retrieved from /opt/airflow/dags/product_pipeline_dag.py
[2026-02-12T12:47:05.218+0000] {logging_mixin.py:188} INFO - [2026-02-12T12:47:05.218+0000] {dag.py:3089} INFO - Sync 1 DAGs
[2026-02-12T12:47:05.247+0000] {logging_mixin.py:188} INFO - [2026-02-12T12:47:05.247+0000] {dag.py:3947} INFO - Setting next_dagrun for product_price_pipeline to 2026-02-12 00:00:00+00:00, run_after=2026-02-13 00:00:00+00:00
[2026-02-12T12:47:05.278+0000] {processor.py:183} INFO - Processing /opt/airflow/dags/product_pipeline_dag.py took 0.168 seconds
[2026-02-12T12:47:36.553+0000] {processor.py:161} INFO - Started process (PID=2771) to work on /opt/airflow/dags/product_pipeline_dag.py
[2026-02-12T12:47:36.555+0000] {processor.py:830} INFO - Processing file /opt/airflow/dags/product_pipeline_dag.py for tasks to queue
[2026-02-12T12:47:36.558+0000] {logging_mixin.py:188} INFO - [2026-02-12T12:47:36.557+0000] {dagbag.py:545} INFO - Filling up the DagBag from /opt/airflow/dags/product_pipeline_dag.py
[2026-02-12T12:47:36.627+0000] {processor.py:840} INFO - DAG(s) 'product_price_pipeline' retrieved from /opt/airflow/dags/product_pipeline_dag.py
[2026-02-12T12:47:36.674+0000] {logging_mixin.py:188} INFO - [2026-02-12T12:47:36.674+0000] {dag.py:3089} INFO - Sync 1 DAGs
[2026-02-12T12:47:36.705+0000] {logging_mixin.py:188} INFO - [2026-02-12T12:47:36.704+0000] {dag.py:3947} INFO - Setting next_dagrun for product_price_pipeline to 2026-02-12 00:00:00+00:00, run_after=2026-02-13 00:00:00+00:00
[2026-02-12T12:47:36.731+0000] {processor.py:183} INFO - Processing /opt/airflow/dags/product_pipeline_dag.py took 0.193 seconds
[2026-02-12T12:48:08.090+0000] {processor.py:161} INFO - Started process (PID=2800) to work on /opt/airflow/dags/product_pipeline_dag.py
[2026-02-12T12:48:08.098+0000] {processor.py:830} INFO - Processing file /opt/airflow/dags/product_pipeline_dag.py for tasks to queue
[2026-02-12T12:48:08.107+0000] {logging_mixin.py:188} INFO - [2026-02-12T12:48:08.105+0000] {dagbag.py:545} INFO - Filling up the DagBag from /opt/airflow/dags/product_pipeline_dag.py
[2026-02-12T12:48:08.221+0000] {processor.py:840} INFO - DAG(s) 'product_price_pipeline' retrieved from /opt/airflow/dags/product_pipeline_dag.py
[2026-02-12T12:48:08.349+0000] {logging_mixin.py:188} INFO - [2026-02-12T12:48:08.348+0000] {dag.py:3089} INFO - Sync 1 DAGs
[2026-02-12T12:48:08.428+0000] {logging_mixin.py:188} INFO - [2026-02-12T12:48:08.428+0000] {dag.py:3947} INFO - Setting next_dagrun for product_price_pipeline to 2026-02-12 00:00:00+00:00, run_after=2026-02-13 00:00:00+00:00
[2026-02-12T12:48:08.478+0000] {processor.py:183} INFO - Processing /opt/airflow/dags/product_pipeline_dag.py took 0.420 seconds
[2026-02-12T12:48:39.617+0000] {processor.py:161} INFO - Started process (PID=2829) to work on /opt/airflow/dags/product_pipeline_dag.py
[2026-02-12T12:48:39.619+0000] {processor.py:830} INFO - Processing file /opt/airflow/dags/product_pipeline_dag.py for tasks to queue
[2026-02-12T12:48:39.622+0000] {logging_mixin.py:188} INFO - [2026-02-12T12:48:39.622+0000] {dagbag.py:545} INFO - Filling up the DagBag from /opt/airflow/dags/product_pipeline_dag.py
[2026-02-12T12:48:39.672+0000] {processor.py:840} INFO - DAG(s) 'product_price_pipeline' retrieved from /opt/airflow/dags/product_pipeline_dag.py
[2026-02-12T12:48:39.741+0000] {logging_mixin.py:188} INFO - [2026-02-12T12:48:39.741+0000] {dag.py:3089} INFO - Sync 1 DAGs
[2026-02-12T12:48:39.786+0000] {logging_mixin.py:188} INFO - [2026-02-12T12:48:39.785+0000] {dag.py:3947} INFO - Setting next_dagrun for product_price_pipeline to 2026-02-12 00:00:00+00:00, run_after=2026-02-13 00:00:00+00:00
[2026-02-12T12:48:39.851+0000] {processor.py:183} INFO - Processing /opt/airflow/dags/product_pipeline_dag.py took 0.245 seconds
[2026-02-12T12:49:11.093+0000] {processor.py:161} INFO - Started process (PID=2858) to work on /opt/airflow/dags/product_pipeline_dag.py
[2026-02-12T12:49:11.097+0000] {processor.py:830} INFO - Processing file /opt/airflow/dags/product_pipeline_dag.py for tasks to queue
[2026-02-12T12:49:11.100+0000] {logging_mixin.py:188} INFO - [2026-02-12T12:49:11.100+0000] {dagbag.py:545} INFO - Filling up the DagBag from /opt/airflow/dags/product_pipeline_dag.py
[2026-02-12T12:49:11.194+0000] {processor.py:840} INFO - DAG(s) 'product_price_pipeline' retrieved from /opt/airflow/dags/product_pipeline_dag.py
[2026-02-12T12:49:11.275+0000] {logging_mixin.py:188} INFO - [2026-02-12T12:49:11.274+0000] {dag.py:3089} INFO - Sync 1 DAGs
[2026-02-12T12:49:11.319+0000] {logging_mixin.py:188} INFO - [2026-02-12T12:49:11.319+0000] {dag.py:3947} INFO - Setting next_dagrun for product_price_pipeline to 2026-02-12 00:00:00+00:00, run_after=2026-02-13 00:00:00+00:00
[2026-02-12T12:49:11.358+0000] {processor.py:183} INFO - Processing /opt/airflow/dags/product_pipeline_dag.py took 0.276 seconds
[2026-02-12T12:49:42.341+0000] {processor.py:161} INFO - Started process (PID=2887) to work on /opt/airflow/dags/product_pipeline_dag.py
[2026-02-12T12:49:42.344+0000] {processor.py:830} INFO - Processing file /opt/airflow/dags/product_pipeline_dag.py for tasks to queue
[2026-02-12T12:49:42.348+0000] {logging_mixin.py:188} INFO - [2026-02-12T12:49:42.347+0000] {dagbag.py:545} INFO - Filling up the DagBag from /opt/airflow/dags/product_pipeline_dag.py
[2026-02-12T12:49:42.449+0000] {processor.py:840} INFO - DAG(s) 'product_price_pipeline' retrieved from /opt/airflow/dags/product_pipeline_dag.py
[2026-02-12T12:49:42.531+0000] {logging_mixin.py:188} INFO - [2026-02-12T12:49:42.530+0000] {dag.py:3089} INFO - Sync 1 DAGs
[2026-02-12T12:49:42.563+0000] {logging_mixin.py:188} INFO - [2026-02-12T12:49:42.563+0000] {dag.py:3947} INFO - Setting next_dagrun for product_price_pipeline to 2026-02-12 00:00:00+00:00, run_after=2026-02-13 00:00:00+00:00
[2026-02-12T12:49:42.599+0000] {processor.py:183} INFO - Processing /opt/airflow/dags/product_pipeline_dag.py took 0.274 seconds
[2026-02-12T12:50:14.414+0000] {processor.py:161} INFO - Started process (PID=2924) to work on /opt/airflow/dags/product_pipeline_dag.py
[2026-02-12T12:50:14.415+0000] {processor.py:830} INFO - Processing file /opt/airflow/dags/product_pipeline_dag.py for tasks to queue
[2026-02-12T12:50:14.419+0000] {logging_mixin.py:188} INFO - [2026-02-12T12:50:14.418+0000] {dagbag.py:545} INFO - Filling up the DagBag from /opt/airflow/dags/product_pipeline_dag.py
[2026-02-12T12:50:14.466+0000] {processor.py:840} INFO - DAG(s) 'product_price_pipeline' retrieved from /opt/airflow/dags/product_pipeline_dag.py
[2026-02-12T12:50:14.556+0000] {logging_mixin.py:188} INFO - [2026-02-12T12:50:14.556+0000] {dag.py:3089} INFO - Sync 1 DAGs
[2026-02-12T12:50:14.598+0000] {logging_mixin.py:188} INFO - [2026-02-12T12:50:14.598+0000] {dag.py:3947} INFO - Setting next_dagrun for product_price_pipeline to 2026-02-12 00:00:00+00:00, run_after=2026-02-13 00:00:00+00:00
[2026-02-12T12:50:14.631+0000] {processor.py:183} INFO - Processing /opt/airflow/dags/product_pipeline_dag.py took 0.232 seconds
[2026-02-12T12:50:45.261+0000] {processor.py:161} INFO - Started process (PID=2953) to work on /opt/airflow/dags/product_pipeline_dag.py
[2026-02-12T12:50:45.264+0000] {processor.py:830} INFO - Processing file /opt/airflow/dags/product_pipeline_dag.py for tasks to queue
[2026-02-12T12:50:45.273+0000] {logging_mixin.py:188} INFO - [2026-02-12T12:50:45.271+0000] {dagbag.py:545} INFO - Filling up the DagBag from /opt/airflow/dags/product_pipeline_dag.py
[2026-02-12T12:50:45.351+0000] {processor.py:840} INFO - DAG(s) 'product_price_pipeline' retrieved from /opt/airflow/dags/product_pipeline_dag.py
[2026-02-12T12:50:45.396+0000] {logging_mixin.py:188} INFO - [2026-02-12T12:50:45.395+0000] {dag.py:3089} INFO - Sync 1 DAGs
[2026-02-12T12:50:45.426+0000] {logging_mixin.py:188} INFO - [2026-02-12T12:50:45.425+0000] {dag.py:3947} INFO - Setting next_dagrun for product_price_pipeline to 2026-02-12 00:00:00+00:00, run_after=2026-02-13 00:00:00+00:00
[2026-02-12T12:50:45.462+0000] {processor.py:183} INFO - Processing /opt/airflow/dags/product_pipeline_dag.py took 0.219 seconds
[2026-02-12T12:51:16.577+0000] {processor.py:161} INFO - Started process (PID=2982) to work on /opt/airflow/dags/product_pipeline_dag.py
[2026-02-12T12:51:16.579+0000] {processor.py:830} INFO - Processing file /opt/airflow/dags/product_pipeline_dag.py for tasks to queue
[2026-02-12T12:51:16.581+0000] {logging_mixin.py:188} INFO - [2026-02-12T12:51:16.581+0000] {dagbag.py:545} INFO - Filling up the DagBag from /opt/airflow/dags/product_pipeline_dag.py
[2026-02-12T12:51:16.618+0000] {processor.py:840} INFO - DAG(s) 'product_price_pipeline' retrieved from /opt/airflow/dags/product_pipeline_dag.py
[2026-02-12T12:51:16.661+0000] {logging_mixin.py:188} INFO - [2026-02-12T12:51:16.660+0000] {dag.py:3089} INFO - Sync 1 DAGs
[2026-02-12T12:51:16.689+0000] {logging_mixin.py:188} INFO - [2026-02-12T12:51:16.689+0000] {dag.py:3947} INFO - Setting next_dagrun for product_price_pipeline to 2026-02-12 00:00:00+00:00, run_after=2026-02-13 00:00:00+00:00
[2026-02-12T12:51:16.720+0000] {processor.py:183} INFO - Processing /opt/airflow/dags/product_pipeline_dag.py took 0.152 seconds
[2026-02-12T12:51:48.352+0000] {processor.py:161} INFO - Started process (PID=3011) to work on /opt/airflow/dags/product_pipeline_dag.py
[2026-02-12T12:51:48.355+0000] {processor.py:830} INFO - Processing file /opt/airflow/dags/product_pipeline_dag.py for tasks to queue
[2026-02-12T12:51:48.359+0000] {logging_mixin.py:188} INFO - [2026-02-12T12:51:48.358+0000] {dagbag.py:545} INFO - Filling up the DagBag from /opt/airflow/dags/product_pipeline_dag.py
[2026-02-12T12:51:48.407+0000] {processor.py:840} INFO - DAG(s) 'product_price_pipeline' retrieved from /opt/airflow/dags/product_pipeline_dag.py
[2026-02-12T12:51:48.459+0000] {logging_mixin.py:188} INFO - [2026-02-12T12:51:48.459+0000] {dag.py:3089} INFO - Sync 1 DAGs
[2026-02-12T12:51:48.484+0000] {logging_mixin.py:188} INFO - [2026-02-12T12:51:48.484+0000] {dag.py:3947} INFO - Setting next_dagrun for product_price_pipeline to 2026-02-12 00:00:00+00:00, run_after=2026-02-13 00:00:00+00:00
[2026-02-12T12:51:48.645+0000] {processor.py:183} INFO - Processing /opt/airflow/dags/product_pipeline_dag.py took 0.300 seconds
[2026-02-12T12:52:21.469+0000] {processor.py:161} INFO - Started process (PID=3040) to work on /opt/airflow/dags/product_pipeline_dag.py
[2026-02-12T12:52:21.472+0000] {processor.py:830} INFO - Processing file /opt/airflow/dags/product_pipeline_dag.py for tasks to queue
[2026-02-12T12:52:21.482+0000] {logging_mixin.py:188} INFO - [2026-02-12T12:52:21.480+0000] {dagbag.py:545} INFO - Filling up the DagBag from /opt/airflow/dags/product_pipeline_dag.py
[2026-02-12T12:52:21.582+0000] {processor.py:840} INFO - DAG(s) 'product_price_pipeline' retrieved from /opt/airflow/dags/product_pipeline_dag.py
[2026-02-12T12:52:21.662+0000] {logging_mixin.py:188} INFO - [2026-02-12T12:52:21.662+0000] {dag.py:3089} INFO - Sync 1 DAGs
[2026-02-12T12:52:21.707+0000] {logging_mixin.py:188} INFO - [2026-02-12T12:52:21.706+0000] {dag.py:3947} INFO - Setting next_dagrun for product_price_pipeline to 2026-02-12 00:00:00+00:00, run_after=2026-02-13 00:00:00+00:00
[2026-02-12T12:52:21.748+0000] {processor.py:183} INFO - Processing /opt/airflow/dags/product_pipeline_dag.py took 0.302 seconds
[2026-02-12T12:52:51.908+0000] {processor.py:161} INFO - Started process (PID=3069) to work on /opt/airflow/dags/product_pipeline_dag.py
[2026-02-12T12:52:51.911+0000] {processor.py:830} INFO - Processing file /opt/airflow/dags/product_pipeline_dag.py for tasks to queue
[2026-02-12T12:52:51.913+0000] {logging_mixin.py:188} INFO - [2026-02-12T12:52:51.913+0000] {dagbag.py:545} INFO - Filling up the DagBag from /opt/airflow/dags/product_pipeline_dag.py
[2026-02-12T12:52:51.967+0000] {processor.py:840} INFO - DAG(s) 'product_price_pipeline' retrieved from /opt/airflow/dags/product_pipeline_dag.py
[2026-02-12T12:52:52.000+0000] {logging_mixin.py:188} INFO - [2026-02-12T12:52:52.000+0000] {dag.py:3089} INFO - Sync 1 DAGs
[2026-02-12T12:52:52.020+0000] {logging_mixin.py:188} INFO - [2026-02-12T12:52:52.020+0000] {dag.py:3947} INFO - Setting next_dagrun for product_price_pipeline to 2026-02-12 00:00:00+00:00, run_after=2026-02-13 00:00:00+00:00
[2026-02-12T12:52:52.050+0000] {processor.py:183} INFO - Processing /opt/airflow/dags/product_pipeline_dag.py took 0.152 seconds
[2026-02-12T12:53:22.789+0000] {processor.py:161} INFO - Started process (PID=3098) to work on /opt/airflow/dags/product_pipeline_dag.py
[2026-02-12T12:53:22.792+0000] {processor.py:830} INFO - Processing file /opt/airflow/dags/product_pipeline_dag.py for tasks to queue
[2026-02-12T12:53:22.798+0000] {logging_mixin.py:188} INFO - [2026-02-12T12:53:22.798+0000] {dagbag.py:545} INFO - Filling up the DagBag from /opt/airflow/dags/product_pipeline_dag.py
[2026-02-12T12:53:22.845+0000] {processor.py:840} INFO - DAG(s) 'product_price_pipeline' retrieved from /opt/airflow/dags/product_pipeline_dag.py
[2026-02-12T12:53:22.929+0000] {logging_mixin.py:188} INFO - [2026-02-12T12:53:22.928+0000] {dag.py:3089} INFO - Sync 1 DAGs
[2026-02-12T12:53:22.972+0000] {logging_mixin.py:188} INFO - [2026-02-12T12:53:22.972+0000] {dag.py:3947} INFO - Setting next_dagrun for product_price_pipeline to 2026-02-12 00:00:00+00:00, run_after=2026-02-13 00:00:00+00:00
[2026-02-12T12:53:23.014+0000] {processor.py:183} INFO - Processing /opt/airflow/dags/product_pipeline_dag.py took 0.240 seconds
[2026-02-12T12:54:35.762+0000] {processor.py:161} INFO - Started process (PID=195) to work on /opt/airflow/dags/product_pipeline_dag.py
[2026-02-12T12:54:35.764+0000] {processor.py:830} INFO - Processing file /opt/airflow/dags/product_pipeline_dag.py for tasks to queue
[2026-02-12T12:54:35.767+0000] {logging_mixin.py:188} INFO - [2026-02-12T12:54:35.766+0000] {dagbag.py:545} INFO - Filling up the DagBag from /opt/airflow/dags/product_pipeline_dag.py
[2026-02-12T12:54:35.823+0000] {processor.py:840} INFO - DAG(s) 'product_price_pipeline' retrieved from /opt/airflow/dags/product_pipeline_dag.py
[2026-02-12T12:54:35.849+0000] {logging_mixin.py:188} INFO - [2026-02-12T12:54:35.848+0000] {dag.py:3089} INFO - Sync 1 DAGs
[2026-02-12T12:54:35.891+0000] {logging_mixin.py:188} INFO - [2026-02-12T12:54:35.891+0000] {dag.py:3947} INFO - Setting next_dagrun for product_price_pipeline to 2026-02-12 00:00:00+00:00, run_after=2026-02-13 00:00:00+00:00
[2026-02-12T12:54:35.959+0000] {processor.py:183} INFO - Processing /opt/airflow/dags/product_pipeline_dag.py took 0.205 seconds
[2026-02-12T12:55:23.301+0000] {processor.py:161} INFO - Started process (PID=192) to work on /opt/airflow/dags/product_pipeline_dag.py
[2026-02-12T12:55:23.305+0000] {processor.py:830} INFO - Processing file /opt/airflow/dags/product_pipeline_dag.py for tasks to queue
[2026-02-12T12:55:23.310+0000] {logging_mixin.py:188} INFO - [2026-02-12T12:55:23.309+0000] {dagbag.py:545} INFO - Filling up the DagBag from /opt/airflow/dags/product_pipeline_dag.py
[2026-02-12T12:55:23.383+0000] {processor.py:840} INFO - DAG(s) 'product_price_pipeline' retrieved from /opt/airflow/dags/product_pipeline_dag.py
[2026-02-12T12:55:23.418+0000] {logging_mixin.py:188} INFO - [2026-02-12T12:55:23.417+0000] {dag.py:3089} INFO - Sync 1 DAGs
[2026-02-12T12:55:23.455+0000] {logging_mixin.py:188} INFO - [2026-02-12T12:55:23.455+0000] {dag.py:3947} INFO - Setting next_dagrun for product_price_pipeline to 2026-02-12 00:00:00+00:00, run_after=2026-02-13 00:00:00+00:00
[2026-02-12T12:55:23.525+0000] {processor.py:183} INFO - Processing /opt/airflow/dags/product_pipeline_dag.py took 0.236 seconds
[2026-02-12T12:55:55.569+0000] {processor.py:161} INFO - Started process (PID=249) to work on /opt/airflow/dags/product_pipeline_dag.py
[2026-02-12T12:55:55.571+0000] {processor.py:830} INFO - Processing file /opt/airflow/dags/product_pipeline_dag.py for tasks to queue
[2026-02-12T12:55:55.574+0000] {logging_mixin.py:188} INFO - [2026-02-12T12:55:55.574+0000] {dagbag.py:545} INFO - Filling up the DagBag from /opt/airflow/dags/product_pipeline_dag.py
[2026-02-12T12:55:55.618+0000] {processor.py:840} INFO - DAG(s) 'product_price_pipeline' retrieved from /opt/airflow/dags/product_pipeline_dag.py
[2026-02-12T12:55:55.746+0000] {logging_mixin.py:188} INFO - [2026-02-12T12:55:55.746+0000] {dag.py:3089} INFO - Sync 1 DAGs
[2026-02-12T12:55:55.769+0000] {logging_mixin.py:188} INFO - [2026-02-12T12:55:55.768+0000] {dag.py:3947} INFO - Setting next_dagrun for product_price_pipeline to 2026-02-12 00:00:00+00:00, run_after=2026-02-13 00:00:00+00:00
[2026-02-12T12:55:55.813+0000] {processor.py:183} INFO - Processing /opt/airflow/dags/product_pipeline_dag.py took 0.251 seconds
[2026-02-12T12:56:27.060+0000] {processor.py:161} INFO - Started process (PID=288) to work on /opt/airflow/dags/product_pipeline_dag.py
[2026-02-12T12:56:27.063+0000] {processor.py:830} INFO - Processing file /opt/airflow/dags/product_pipeline_dag.py for tasks to queue
[2026-02-12T12:56:27.066+0000] {logging_mixin.py:188} INFO - [2026-02-12T12:56:27.065+0000] {dagbag.py:545} INFO - Filling up the DagBag from /opt/airflow/dags/product_pipeline_dag.py
[2026-02-12T12:56:27.117+0000] {processor.py:840} INFO - DAG(s) 'product_price_pipeline' retrieved from /opt/airflow/dags/product_pipeline_dag.py
[2026-02-12T12:56:27.154+0000] {logging_mixin.py:188} INFO - [2026-02-12T12:56:27.154+0000] {dag.py:3089} INFO - Sync 1 DAGs
[2026-02-12T12:56:27.179+0000] {logging_mixin.py:188} INFO - [2026-02-12T12:56:27.179+0000] {dag.py:3947} INFO - Setting next_dagrun for product_price_pipeline to 2026-02-12 00:00:00+00:00, run_after=2026-02-13 00:00:00+00:00
[2026-02-12T12:56:27.219+0000] {processor.py:183} INFO - Processing /opt/airflow/dags/product_pipeline_dag.py took 0.165 seconds
[2026-02-12T12:56:58.726+0000] {processor.py:161} INFO - Started process (PID=318) to work on /opt/airflow/dags/product_pipeline_dag.py
[2026-02-12T12:56:58.729+0000] {processor.py:830} INFO - Processing file /opt/airflow/dags/product_pipeline_dag.py for tasks to queue
[2026-02-12T12:56:58.733+0000] {logging_mixin.py:188} INFO - [2026-02-12T12:56:58.732+0000] {dagbag.py:545} INFO - Filling up the DagBag from /opt/airflow/dags/product_pipeline_dag.py
[2026-02-12T12:56:58.775+0000] {processor.py:840} INFO - DAG(s) 'product_price_pipeline' retrieved from /opt/airflow/dags/product_pipeline_dag.py
[2026-02-12T12:56:58.832+0000] {logging_mixin.py:188} INFO - [2026-02-12T12:56:58.831+0000] {dag.py:3089} INFO - Sync 1 DAGs
[2026-02-12T12:56:58.880+0000] {logging_mixin.py:188} INFO - [2026-02-12T12:56:58.879+0000] {dag.py:3947} INFO - Setting next_dagrun for product_price_pipeline to 2026-02-12 00:00:00+00:00, run_after=2026-02-13 00:00:00+00:00
[2026-02-12T12:56:58.918+0000] {processor.py:183} INFO - Processing /opt/airflow/dags/product_pipeline_dag.py took 0.200 seconds
[2026-02-12T12:57:31.887+0000] {processor.py:161} INFO - Started process (PID=351) to work on /opt/airflow/dags/product_pipeline_dag.py
[2026-02-12T12:57:31.900+0000] {processor.py:830} INFO - Processing file /opt/airflow/dags/product_pipeline_dag.py for tasks to queue
[2026-02-12T12:57:31.911+0000] {logging_mixin.py:188} INFO - [2026-02-12T12:57:31.909+0000] {dagbag.py:545} INFO - Filling up the DagBag from /opt/airflow/dags/product_pipeline_dag.py
[2026-02-12T12:57:31.979+0000] {processor.py:840} INFO - DAG(s) 'product_price_pipeline' retrieved from /opt/airflow/dags/product_pipeline_dag.py
[2026-02-12T12:57:32.064+0000] {logging_mixin.py:188} INFO - [2026-02-12T12:57:32.063+0000] {dag.py:3089} INFO - Sync 1 DAGs
[2026-02-12T12:57:32.130+0000] {logging_mixin.py:188} INFO - [2026-02-12T12:57:32.129+0000] {dag.py:3947} INFO - Setting next_dagrun for product_price_pipeline to 2026-02-12 00:00:00+00:00, run_after=2026-02-13 00:00:00+00:00
[2026-02-12T12:57:32.185+0000] {processor.py:183} INFO - Processing /opt/airflow/dags/product_pipeline_dag.py took 0.315 seconds
[2026-02-12T12:58:02.334+0000] {processor.py:161} INFO - Started process (PID=490) to work on /opt/airflow/dags/product_pipeline_dag.py
[2026-02-12T12:58:02.336+0000] {processor.py:830} INFO - Processing file /opt/airflow/dags/product_pipeline_dag.py for tasks to queue
[2026-02-12T12:58:02.340+0000] {logging_mixin.py:188} INFO - [2026-02-12T12:58:02.340+0000] {dagbag.py:545} INFO - Filling up the DagBag from /opt/airflow/dags/product_pipeline_dag.py
[2026-02-12T12:58:02.385+0000] {processor.py:840} INFO - DAG(s) 'product_price_pipeline' retrieved from /opt/airflow/dags/product_pipeline_dag.py
[2026-02-12T12:58:02.444+0000] {logging_mixin.py:188} INFO - [2026-02-12T12:58:02.444+0000] {dag.py:3089} INFO - Sync 1 DAGs
[2026-02-12T12:58:02.481+0000] {logging_mixin.py:188} INFO - [2026-02-12T12:58:02.481+0000] {dag.py:3947} INFO - Setting next_dagrun for product_price_pipeline to 2026-02-12 00:00:00+00:00, run_after=2026-02-13 00:00:00+00:00
[2026-02-12T12:58:02.509+0000] {processor.py:183} INFO - Processing /opt/airflow/dags/product_pipeline_dag.py took 0.184 seconds
[2026-02-12T12:58:32.833+0000] {processor.py:161} INFO - Started process (PID=518) to work on /opt/airflow/dags/product_pipeline_dag.py
[2026-02-12T12:58:32.835+0000] {processor.py:830} INFO - Processing file /opt/airflow/dags/product_pipeline_dag.py for tasks to queue
[2026-02-12T12:58:32.839+0000] {logging_mixin.py:188} INFO - [2026-02-12T12:58:32.838+0000] {dagbag.py:545} INFO - Filling up the DagBag from /opt/airflow/dags/product_pipeline_dag.py
[2026-02-12T12:58:32.894+0000] {processor.py:840} INFO - DAG(s) 'product_price_pipeline' retrieved from /opt/airflow/dags/product_pipeline_dag.py
[2026-02-12T12:58:32.936+0000] {logging_mixin.py:188} INFO - [2026-02-12T12:58:32.936+0000] {dag.py:3089} INFO - Sync 1 DAGs
[2026-02-12T12:58:32.963+0000] {logging_mixin.py:188} INFO - [2026-02-12T12:58:32.962+0000] {dag.py:3947} INFO - Setting next_dagrun for product_price_pipeline to 2026-02-12 00:00:00+00:00, run_after=2026-02-13 00:00:00+00:00
[2026-02-12T12:58:33.008+0000] {processor.py:183} INFO - Processing /opt/airflow/dags/product_pipeline_dag.py took 0.185 seconds
[2026-02-12T12:59:03.212+0000] {processor.py:161} INFO - Started process (PID=544) to work on /opt/airflow/dags/product_pipeline_dag.py
[2026-02-12T12:59:03.214+0000] {processor.py:830} INFO - Processing file /opt/airflow/dags/product_pipeline_dag.py for tasks to queue
[2026-02-12T12:59:03.218+0000] {logging_mixin.py:188} INFO - [2026-02-12T12:59:03.218+0000] {dagbag.py:545} INFO - Filling up the DagBag from /opt/airflow/dags/product_pipeline_dag.py
[2026-02-12T12:59:03.271+0000] {processor.py:840} INFO - DAG(s) 'product_price_pipeline' retrieved from /opt/airflow/dags/product_pipeline_dag.py
[2026-02-12T12:59:03.307+0000] {logging_mixin.py:188} INFO - [2026-02-12T12:59:03.306+0000] {dag.py:3089} INFO - Sync 1 DAGs
[2026-02-12T12:59:03.336+0000] {logging_mixin.py:188} INFO - [2026-02-12T12:59:03.335+0000] {dag.py:3947} INFO - Setting next_dagrun for product_price_pipeline to 2026-02-12 00:00:00+00:00, run_after=2026-02-13 00:00:00+00:00
[2026-02-12T12:59:03.357+0000] {processor.py:183} INFO - Processing /opt/airflow/dags/product_pipeline_dag.py took 0.158 seconds
[2026-02-12T12:59:33.527+0000] {processor.py:161} INFO - Started process (PID=573) to work on /opt/airflow/dags/product_pipeline_dag.py
[2026-02-12T12:59:33.529+0000] {processor.py:830} INFO - Processing file /opt/airflow/dags/product_pipeline_dag.py for tasks to queue
[2026-02-12T12:59:33.533+0000] {logging_mixin.py:188} INFO - [2026-02-12T12:59:33.532+0000] {dagbag.py:545} INFO - Filling up the DagBag from /opt/airflow/dags/product_pipeline_dag.py
[2026-02-12T12:59:33.581+0000] {processor.py:840} INFO - DAG(s) 'product_price_pipeline' retrieved from /opt/airflow/dags/product_pipeline_dag.py
[2026-02-12T12:59:33.656+0000] {logging_mixin.py:188} INFO - [2026-02-12T12:59:33.655+0000] {dag.py:3089} INFO - Sync 1 DAGs
[2026-02-12T12:59:33.681+0000] {logging_mixin.py:188} INFO - [2026-02-12T12:59:33.681+0000] {dag.py:3947} INFO - Setting next_dagrun for product_price_pipeline to 2026-02-12 00:00:00+00:00, run_after=2026-02-13 00:00:00+00:00
[2026-02-12T12:59:33.723+0000] {processor.py:183} INFO - Processing /opt/airflow/dags/product_pipeline_dag.py took 0.206 seconds
[2026-02-12T13:00:04.009+0000] {processor.py:161} INFO - Started process (PID=602) to work on /opt/airflow/dags/product_pipeline_dag.py
[2026-02-12T13:00:04.011+0000] {processor.py:830} INFO - Processing file /opt/airflow/dags/product_pipeline_dag.py for tasks to queue
[2026-02-12T13:00:04.014+0000] {logging_mixin.py:188} INFO - [2026-02-12T13:00:04.014+0000] {dagbag.py:545} INFO - Filling up the DagBag from /opt/airflow/dags/product_pipeline_dag.py
[2026-02-12T13:00:04.075+0000] {processor.py:840} INFO - DAG(s) 'product_price_pipeline' retrieved from /opt/airflow/dags/product_pipeline_dag.py
[2026-02-12T13:00:04.108+0000] {logging_mixin.py:188} INFO - [2026-02-12T13:00:04.108+0000] {dag.py:3089} INFO - Sync 1 DAGs
[2026-02-12T13:00:04.129+0000] {logging_mixin.py:188} INFO - [2026-02-12T13:00:04.129+0000] {dag.py:3947} INFO - Setting next_dagrun for product_price_pipeline to 2026-02-12 00:00:00+00:00, run_after=2026-02-13 00:00:00+00:00
[2026-02-12T13:00:04.154+0000] {processor.py:183} INFO - Processing /opt/airflow/dags/product_pipeline_dag.py took 0.158 seconds
[2026-02-12T13:00:34.812+0000] {processor.py:161} INFO - Started process (PID=631) to work on /opt/airflow/dags/product_pipeline_dag.py
[2026-02-12T13:00:34.815+0000] {processor.py:830} INFO - Processing file /opt/airflow/dags/product_pipeline_dag.py for tasks to queue
[2026-02-12T13:00:34.817+0000] {logging_mixin.py:188} INFO - [2026-02-12T13:00:34.817+0000] {dagbag.py:545} INFO - Filling up the DagBag from /opt/airflow/dags/product_pipeline_dag.py
[2026-02-12T13:00:34.869+0000] {processor.py:840} INFO - DAG(s) 'product_price_pipeline' retrieved from /opt/airflow/dags/product_pipeline_dag.py
[2026-02-12T13:00:34.900+0000] {logging_mixin.py:188} INFO - [2026-02-12T13:00:34.899+0000] {dag.py:3089} INFO - Sync 1 DAGs
[2026-02-12T13:00:34.921+0000] {logging_mixin.py:188} INFO - [2026-02-12T13:00:34.920+0000] {dag.py:3947} INFO - Setting next_dagrun for product_price_pipeline to 2026-02-12 00:00:00+00:00, run_after=2026-02-13 00:00:00+00:00
[2026-02-12T13:00:34.951+0000] {processor.py:183} INFO - Processing /opt/airflow/dags/product_pipeline_dag.py took 0.148 seconds
[2026-02-12T13:01:05.575+0000] {processor.py:161} INFO - Started process (PID=660) to work on /opt/airflow/dags/product_pipeline_dag.py
[2026-02-12T13:01:05.577+0000] {processor.py:830} INFO - Processing file /opt/airflow/dags/product_pipeline_dag.py for tasks to queue
[2026-02-12T13:01:05.581+0000] {logging_mixin.py:188} INFO - [2026-02-12T13:01:05.581+0000] {dagbag.py:545} INFO - Filling up the DagBag from /opt/airflow/dags/product_pipeline_dag.py
[2026-02-12T13:01:05.637+0000] {processor.py:840} INFO - DAG(s) 'product_price_pipeline' retrieved from /opt/airflow/dags/product_pipeline_dag.py
[2026-02-12T13:01:05.679+0000] {logging_mixin.py:188} INFO - [2026-02-12T13:01:05.679+0000] {dag.py:3089} INFO - Sync 1 DAGs
[2026-02-12T13:01:05.702+0000] {logging_mixin.py:188} INFO - [2026-02-12T13:01:05.702+0000] {dag.py:3947} INFO - Setting next_dagrun for product_price_pipeline to 2026-02-12 00:00:00+00:00, run_after=2026-02-13 00:00:00+00:00
[2026-02-12T13:01:05.727+0000] {processor.py:183} INFO - Processing /opt/airflow/dags/product_pipeline_dag.py took 0.163 seconds
[2026-02-12T13:01:36.068+0000] {processor.py:161} INFO - Started process (PID=689) to work on /opt/airflow/dags/product_pipeline_dag.py
[2026-02-12T13:01:36.071+0000] {processor.py:830} INFO - Processing file /opt/airflow/dags/product_pipeline_dag.py for tasks to queue
[2026-02-12T13:01:36.074+0000] {logging_mixin.py:188} INFO - [2026-02-12T13:01:36.074+0000] {dagbag.py:545} INFO - Filling up the DagBag from /opt/airflow/dags/product_pipeline_dag.py
[2026-02-12T13:01:36.123+0000] {processor.py:840} INFO - DAG(s) 'product_price_pipeline' retrieved from /opt/airflow/dags/product_pipeline_dag.py
[2026-02-12T13:01:36.152+0000] {logging_mixin.py:188} INFO - [2026-02-12T13:01:36.151+0000] {dag.py:3089} INFO - Sync 1 DAGs
[2026-02-12T13:01:36.171+0000] {logging_mixin.py:188} INFO - [2026-02-12T13:01:36.170+0000] {dag.py:3947} INFO - Setting next_dagrun for product_price_pipeline to 2026-02-12 00:00:00+00:00, run_after=2026-02-13 00:00:00+00:00
[2026-02-12T13:01:36.206+0000] {processor.py:183} INFO - Processing /opt/airflow/dags/product_pipeline_dag.py took 0.148 seconds
[2026-02-12T13:02:06.639+0000] {processor.py:161} INFO - Started process (PID=718) to work on /opt/airflow/dags/product_pipeline_dag.py
[2026-02-12T13:02:06.640+0000] {processor.py:830} INFO - Processing file /opt/airflow/dags/product_pipeline_dag.py for tasks to queue
[2026-02-12T13:02:06.642+0000] {logging_mixin.py:188} INFO - [2026-02-12T13:02:06.642+0000] {dagbag.py:545} INFO - Filling up the DagBag from /opt/airflow/dags/product_pipeline_dag.py
[2026-02-12T13:02:06.682+0000] {processor.py:840} INFO - DAG(s) 'product_price_pipeline' retrieved from /opt/airflow/dags/product_pipeline_dag.py
[2026-02-12T13:02:06.715+0000] {logging_mixin.py:188} INFO - [2026-02-12T13:02:06.715+0000] {dag.py:3089} INFO - Sync 1 DAGs
[2026-02-12T13:02:06.736+0000] {logging_mixin.py:188} INFO - [2026-02-12T13:02:06.736+0000] {dag.py:3947} INFO - Setting next_dagrun for product_price_pipeline to 2026-02-12 00:00:00+00:00, run_after=2026-02-13 00:00:00+00:00
[2026-02-12T13:02:06.766+0000] {processor.py:183} INFO - Processing /opt/airflow/dags/product_pipeline_dag.py took 0.133 seconds
[2026-02-12T13:02:37.101+0000] {processor.py:161} INFO - Started process (PID=747) to work on /opt/airflow/dags/product_pipeline_dag.py
[2026-02-12T13:02:37.105+0000] {processor.py:830} INFO - Processing file /opt/airflow/dags/product_pipeline_dag.py for tasks to queue
[2026-02-12T13:02:37.108+0000] {logging_mixin.py:188} INFO - [2026-02-12T13:02:37.108+0000] {dagbag.py:545} INFO - Filling up the DagBag from /opt/airflow/dags/product_pipeline_dag.py
[2026-02-12T13:02:37.160+0000] {processor.py:840} INFO - DAG(s) 'product_price_pipeline' retrieved from /opt/airflow/dags/product_pipeline_dag.py
[2026-02-12T13:02:37.215+0000] {logging_mixin.py:188} INFO - [2026-02-12T13:02:37.215+0000] {dag.py:3089} INFO - Sync 1 DAGs
[2026-02-12T13:02:37.253+0000] {logging_mixin.py:188} INFO - [2026-02-12T13:02:37.253+0000] {dag.py:3947} INFO - Setting next_dagrun for product_price_pipeline to 2026-02-12 00:00:00+00:00, run_after=2026-02-13 00:00:00+00:00
[2026-02-12T13:02:37.289+0000] {processor.py:183} INFO - Processing /opt/airflow/dags/product_pipeline_dag.py took 0.196 seconds
[2026-02-12T13:03:07.737+0000] {processor.py:161} INFO - Started process (PID=806) to work on /opt/airflow/dags/product_pipeline_dag.py
[2026-02-12T13:03:07.739+0000] {processor.py:830} INFO - Processing file /opt/airflow/dags/product_pipeline_dag.py for tasks to queue
[2026-02-12T13:03:07.742+0000] {logging_mixin.py:188} INFO - [2026-02-12T13:03:07.742+0000] {dagbag.py:545} INFO - Filling up the DagBag from /opt/airflow/dags/product_pipeline_dag.py
[2026-02-12T13:03:07.787+0000] {processor.py:840} INFO - DAG(s) 'product_price_pipeline' retrieved from /opt/airflow/dags/product_pipeline_dag.py
[2026-02-12T13:03:07.821+0000] {logging_mixin.py:188} INFO - [2026-02-12T13:03:07.821+0000] {dag.py:3089} INFO - Sync 1 DAGs
[2026-02-12T13:03:07.842+0000] {logging_mixin.py:188} INFO - [2026-02-12T13:03:07.842+0000] {dag.py:3947} INFO - Setting next_dagrun for product_price_pipeline to 2026-02-12 00:00:00+00:00, run_after=2026-02-13 00:00:00+00:00
[2026-02-12T13:03:07.869+0000] {processor.py:183} INFO - Processing /opt/airflow/dags/product_pipeline_dag.py took 0.139 seconds
[2026-02-12T13:03:38.241+0000] {processor.py:161} INFO - Started process (PID=835) to work on /opt/airflow/dags/product_pipeline_dag.py
[2026-02-12T13:03:38.244+0000] {processor.py:830} INFO - Processing file /opt/airflow/dags/product_pipeline_dag.py for tasks to queue
[2026-02-12T13:03:38.249+0000] {logging_mixin.py:188} INFO - [2026-02-12T13:03:38.248+0000] {dagbag.py:545} INFO - Filling up the DagBag from /opt/airflow/dags/product_pipeline_dag.py
[2026-02-12T13:03:38.314+0000] {processor.py:840} INFO - DAG(s) 'product_price_pipeline' retrieved from /opt/airflow/dags/product_pipeline_dag.py
[2026-02-12T13:03:38.359+0000] {logging_mixin.py:188} INFO - [2026-02-12T13:03:38.359+0000] {dag.py:3089} INFO - Sync 1 DAGs
[2026-02-12T13:03:38.386+0000] {logging_mixin.py:188} INFO - [2026-02-12T13:03:38.385+0000] {dag.py:3947} INFO - Setting next_dagrun for product_price_pipeline to 2026-02-12 00:00:00+00:00, run_after=2026-02-13 00:00:00+00:00
[2026-02-12T13:03:38.414+0000] {processor.py:183} INFO - Processing /opt/airflow/dags/product_pipeline_dag.py took 0.190 seconds
[2026-02-12T13:04:08.893+0000] {processor.py:161} INFO - Started process (PID=864) to work on /opt/airflow/dags/product_pipeline_dag.py
[2026-02-12T13:04:08.896+0000] {processor.py:830} INFO - Processing file /opt/airflow/dags/product_pipeline_dag.py for tasks to queue
[2026-02-12T13:04:08.902+0000] {logging_mixin.py:188} INFO - [2026-02-12T13:04:08.900+0000] {dagbag.py:545} INFO - Filling up the DagBag from /opt/airflow/dags/product_pipeline_dag.py
[2026-02-12T13:04:08.973+0000] {processor.py:840} INFO - DAG(s) 'product_price_pipeline' retrieved from /opt/airflow/dags/product_pipeline_dag.py
[2026-02-12T13:04:09.025+0000] {logging_mixin.py:188} INFO - [2026-02-12T13:04:09.024+0000] {dag.py:3089} INFO - Sync 1 DAGs
[2026-02-12T13:04:09.056+0000] {logging_mixin.py:188} INFO - [2026-02-12T13:04:09.056+0000] {dag.py:3947} INFO - Setting next_dagrun for product_price_pipeline to 2026-02-12 00:00:00+00:00, run_after=2026-02-13 00:00:00+00:00
[2026-02-12T13:04:09.088+0000] {processor.py:183} INFO - Processing /opt/airflow/dags/product_pipeline_dag.py took 0.202 seconds
[2026-02-12T13:04:39.307+0000] {processor.py:161} INFO - Started process (PID=893) to work on /opt/airflow/dags/product_pipeline_dag.py
[2026-02-12T13:04:39.309+0000] {processor.py:830} INFO - Processing file /opt/airflow/dags/product_pipeline_dag.py for tasks to queue
[2026-02-12T13:04:39.314+0000] {logging_mixin.py:188} INFO - [2026-02-12T13:04:39.313+0000] {dagbag.py:545} INFO - Filling up the DagBag from /opt/airflow/dags/product_pipeline_dag.py
[2026-02-12T13:04:39.365+0000] {processor.py:840} INFO - DAG(s) 'product_price_pipeline' retrieved from /opt/airflow/dags/product_pipeline_dag.py
[2026-02-12T13:04:39.398+0000] {logging_mixin.py:188} INFO - [2026-02-12T13:04:39.397+0000] {dag.py:3089} INFO - Sync 1 DAGs
[2026-02-12T13:04:39.425+0000] {logging_mixin.py:188} INFO - [2026-02-12T13:04:39.425+0000] {dag.py:3947} INFO - Setting next_dagrun for product_price_pipeline to 2026-02-12 00:00:00+00:00, run_after=2026-02-13 00:00:00+00:00
[2026-02-12T13:04:39.452+0000] {processor.py:183} INFO - Processing /opt/airflow/dags/product_pipeline_dag.py took 0.153 seconds
[2026-02-12T13:05:09.733+0000] {processor.py:161} INFO - Started process (PID=922) to work on /opt/airflow/dags/product_pipeline_dag.py
[2026-02-12T13:05:09.736+0000] {processor.py:830} INFO - Processing file /opt/airflow/dags/product_pipeline_dag.py for tasks to queue
[2026-02-12T13:05:09.741+0000] {logging_mixin.py:188} INFO - [2026-02-12T13:05:09.740+0000] {dagbag.py:545} INFO - Filling up the DagBag from /opt/airflow/dags/product_pipeline_dag.py
[2026-02-12T13:05:09.815+0000] {processor.py:840} INFO - DAG(s) 'product_price_pipeline' retrieved from /opt/airflow/dags/product_pipeline_dag.py
[2026-02-12T13:05:09.875+0000] {logging_mixin.py:188} INFO - [2026-02-12T13:05:09.874+0000] {dag.py:3089} INFO - Sync 1 DAGs
[2026-02-12T13:05:09.901+0000] {logging_mixin.py:188} INFO - [2026-02-12T13:05:09.900+0000] {dag.py:3947} INFO - Setting next_dagrun for product_price_pipeline to 2026-02-12 00:00:00+00:00, run_after=2026-02-13 00:00:00+00:00
[2026-02-12T13:05:09.929+0000] {processor.py:183} INFO - Processing /opt/airflow/dags/product_pipeline_dag.py took 0.214 seconds
[2026-02-12T13:05:40.791+0000] {processor.py:161} INFO - Started process (PID=951) to work on /opt/airflow/dags/product_pipeline_dag.py
[2026-02-12T13:05:40.794+0000] {processor.py:830} INFO - Processing file /opt/airflow/dags/product_pipeline_dag.py for tasks to queue
[2026-02-12T13:05:40.798+0000] {logging_mixin.py:188} INFO - [2026-02-12T13:05:40.798+0000] {dagbag.py:545} INFO - Filling up the DagBag from /opt/airflow/dags/product_pipeline_dag.py
[2026-02-12T13:05:40.858+0000] {processor.py:840} INFO - DAG(s) 'product_price_pipeline' retrieved from /opt/airflow/dags/product_pipeline_dag.py
[2026-02-12T13:05:40.896+0000] {logging_mixin.py:188} INFO - [2026-02-12T13:05:40.895+0000] {dag.py:3089} INFO - Sync 1 DAGs
[2026-02-12T13:05:40.929+0000] {logging_mixin.py:188} INFO - [2026-02-12T13:05:40.928+0000] {dag.py:3947} INFO - Setting next_dagrun for product_price_pipeline to 2026-02-12 00:00:00+00:00, run_after=2026-02-13 00:00:00+00:00
[2026-02-12T13:05:40.951+0000] {processor.py:183} INFO - Processing /opt/airflow/dags/product_pipeline_dag.py took 0.173 seconds
[2026-02-12T13:06:11.381+0000] {processor.py:161} INFO - Started process (PID=980) to work on /opt/airflow/dags/product_pipeline_dag.py
[2026-02-12T13:06:11.385+0000] {processor.py:830} INFO - Processing file /opt/airflow/dags/product_pipeline_dag.py for tasks to queue
[2026-02-12T13:06:11.392+0000] {logging_mixin.py:188} INFO - [2026-02-12T13:06:11.391+0000] {dagbag.py:545} INFO - Filling up the DagBag from /opt/airflow/dags/product_pipeline_dag.py
[2026-02-12T13:06:11.447+0000] {processor.py:840} INFO - DAG(s) 'product_price_pipeline' retrieved from /opt/airflow/dags/product_pipeline_dag.py
[2026-02-12T13:06:11.532+0000] {logging_mixin.py:188} INFO - [2026-02-12T13:06:11.531+0000] {dag.py:3089} INFO - Sync 1 DAGs
[2026-02-12T13:06:11.563+0000] {logging_mixin.py:188} INFO - [2026-02-12T13:06:11.563+0000] {dag.py:3947} INFO - Setting next_dagrun for product_price_pipeline to 2026-02-12 00:00:00+00:00, run_after=2026-02-13 00:00:00+00:00
[2026-02-12T13:06:11.600+0000] {processor.py:183} INFO - Processing /opt/airflow/dags/product_pipeline_dag.py took 0.237 seconds
[2026-02-12T13:06:41.834+0000] {processor.py:161} INFO - Started process (PID=1009) to work on /opt/airflow/dags/product_pipeline_dag.py
[2026-02-12T13:06:41.835+0000] {processor.py:830} INFO - Processing file /opt/airflow/dags/product_pipeline_dag.py for tasks to queue
[2026-02-12T13:06:41.839+0000] {logging_mixin.py:188} INFO - [2026-02-12T13:06:41.838+0000] {dagbag.py:545} INFO - Filling up the DagBag from /opt/airflow/dags/product_pipeline_dag.py
[2026-02-12T13:06:41.882+0000] {processor.py:840} INFO - DAG(s) 'product_price_pipeline' retrieved from /opt/airflow/dags/product_pipeline_dag.py
[2026-02-12T13:06:41.914+0000] {logging_mixin.py:188} INFO - [2026-02-12T13:06:41.914+0000] {dag.py:3089} INFO - Sync 1 DAGs
[2026-02-12T13:06:41.939+0000] {logging_mixin.py:188} INFO - [2026-02-12T13:06:41.938+0000] {dag.py:3947} INFO - Setting next_dagrun for product_price_pipeline to 2026-02-12 00:00:00+00:00, run_after=2026-02-13 00:00:00+00:00
[2026-02-12T13:06:41.971+0000] {processor.py:183} INFO - Processing /opt/airflow/dags/product_pipeline_dag.py took 0.143 seconds
[2026-02-12T13:07:12.533+0000] {processor.py:161} INFO - Started process (PID=1038) to work on /opt/airflow/dags/product_pipeline_dag.py
[2026-02-12T13:07:12.535+0000] {processor.py:830} INFO - Processing file /opt/airflow/dags/product_pipeline_dag.py for tasks to queue
[2026-02-12T13:07:12.541+0000] {logging_mixin.py:188} INFO - [2026-02-12T13:07:12.540+0000] {dagbag.py:545} INFO - Filling up the DagBag from /opt/airflow/dags/product_pipeline_dag.py
[2026-02-12T13:07:12.587+0000] {processor.py:840} INFO - DAG(s) 'product_price_pipeline' retrieved from /opt/airflow/dags/product_pipeline_dag.py
[2026-02-12T13:07:12.635+0000] {logging_mixin.py:188} INFO - [2026-02-12T13:07:12.634+0000] {dag.py:3089} INFO - Sync 1 DAGs
[2026-02-12T13:07:12.667+0000] {logging_mixin.py:188} INFO - [2026-02-12T13:07:12.667+0000] {dag.py:3947} INFO - Setting next_dagrun for product_price_pipeline to 2026-02-12 00:00:00+00:00, run_after=2026-02-13 00:00:00+00:00
[2026-02-12T13:07:12.705+0000] {processor.py:183} INFO - Processing /opt/airflow/dags/product_pipeline_dag.py took 0.180 seconds
[2026-02-12T13:07:42.993+0000] {processor.py:161} INFO - Started process (PID=1067) to work on /opt/airflow/dags/product_pipeline_dag.py
[2026-02-12T13:07:42.996+0000] {processor.py:830} INFO - Processing file /opt/airflow/dags/product_pipeline_dag.py for tasks to queue
[2026-02-12T13:07:43.001+0000] {logging_mixin.py:188} INFO - [2026-02-12T13:07:43.000+0000] {dagbag.py:545} INFO - Filling up the DagBag from /opt/airflow/dags/product_pipeline_dag.py
[2026-02-12T13:07:43.081+0000] {processor.py:840} INFO - DAG(s) 'product_price_pipeline' retrieved from /opt/airflow/dags/product_pipeline_dag.py
[2026-02-12T13:07:43.140+0000] {logging_mixin.py:188} INFO - [2026-02-12T13:07:43.139+0000] {dag.py:3089} INFO - Sync 1 DAGs
[2026-02-12T13:07:43.177+0000] {logging_mixin.py:188} INFO - [2026-02-12T13:07:43.176+0000] {dag.py:3947} INFO - Setting next_dagrun for product_price_pipeline to 2026-02-12 00:00:00+00:00, run_after=2026-02-13 00:00:00+00:00
[2026-02-12T13:07:43.210+0000] {processor.py:183} INFO - Processing /opt/airflow/dags/product_pipeline_dag.py took 0.226 seconds
[2026-02-12T13:08:13.812+0000] {processor.py:161} INFO - Started process (PID=1096) to work on /opt/airflow/dags/product_pipeline_dag.py
[2026-02-12T13:08:13.819+0000] {processor.py:830} INFO - Processing file /opt/airflow/dags/product_pipeline_dag.py for tasks to queue
[2026-02-12T13:08:13.823+0000] {logging_mixin.py:188} INFO - [2026-02-12T13:08:13.823+0000] {dagbag.py:545} INFO - Filling up the DagBag from /opt/airflow/dags/product_pipeline_dag.py
[2026-02-12T13:08:13.889+0000] {processor.py:840} INFO - DAG(s) 'product_price_pipeline' retrieved from /opt/airflow/dags/product_pipeline_dag.py
[2026-02-12T13:08:13.957+0000] {logging_mixin.py:188} INFO - [2026-02-12T13:08:13.957+0000] {dag.py:3089} INFO - Sync 1 DAGs
[2026-02-12T13:08:14.003+0000] {logging_mixin.py:188} INFO - [2026-02-12T13:08:14.002+0000] {dag.py:3947} INFO - Setting next_dagrun for product_price_pipeline to 2026-02-12 00:00:00+00:00, run_after=2026-02-13 00:00:00+00:00
[2026-02-12T13:08:14.050+0000] {processor.py:183} INFO - Processing /opt/airflow/dags/product_pipeline_dag.py took 0.246 seconds
[2026-02-12T13:08:44.348+0000] {processor.py:161} INFO - Started process (PID=1125) to work on /opt/airflow/dags/product_pipeline_dag.py
[2026-02-12T13:08:44.350+0000] {processor.py:830} INFO - Processing file /opt/airflow/dags/product_pipeline_dag.py for tasks to queue
[2026-02-12T13:08:44.353+0000] {logging_mixin.py:188} INFO - [2026-02-12T13:08:44.353+0000] {dagbag.py:545} INFO - Filling up the DagBag from /opt/airflow/dags/product_pipeline_dag.py
[2026-02-12T13:08:44.405+0000] {processor.py:840} INFO - DAG(s) 'product_price_pipeline' retrieved from /opt/airflow/dags/product_pipeline_dag.py
[2026-02-12T13:08:44.434+0000] {logging_mixin.py:188} INFO - [2026-02-12T13:08:44.434+0000] {dag.py:3089} INFO - Sync 1 DAGs
[2026-02-12T13:08:44.452+0000] {logging_mixin.py:188} INFO - [2026-02-12T13:08:44.451+0000] {dag.py:3947} INFO - Setting next_dagrun for product_price_pipeline to 2026-02-12 00:00:00+00:00, run_after=2026-02-13 00:00:00+00:00
[2026-02-12T13:08:44.474+0000] {processor.py:183} INFO - Processing /opt/airflow/dags/product_pipeline_dag.py took 0.136 seconds
[2026-02-12T13:09:14.844+0000] {processor.py:161} INFO - Started process (PID=1154) to work on /opt/airflow/dags/product_pipeline_dag.py
[2026-02-12T13:09:14.847+0000] {processor.py:830} INFO - Processing file /opt/airflow/dags/product_pipeline_dag.py for tasks to queue
[2026-02-12T13:09:14.852+0000] {logging_mixin.py:188} INFO - [2026-02-12T13:09:14.851+0000] {dagbag.py:545} INFO - Filling up the DagBag from /opt/airflow/dags/product_pipeline_dag.py
[2026-02-12T13:09:14.936+0000] {processor.py:840} INFO - DAG(s) 'product_price_pipeline' retrieved from /opt/airflow/dags/product_pipeline_dag.py
[2026-02-12T13:09:14.988+0000] {logging_mixin.py:188} INFO - [2026-02-12T13:09:14.987+0000] {dag.py:3089} INFO - Sync 1 DAGs
[2026-02-12T13:09:15.031+0000] {logging_mixin.py:188} INFO - [2026-02-12T13:09:15.030+0000] {dag.py:3947} INFO - Setting next_dagrun for product_price_pipeline to 2026-02-12 00:00:00+00:00, run_after=2026-02-13 00:00:00+00:00
[2026-02-12T13:09:15.065+0000] {processor.py:183} INFO - Processing /opt/airflow/dags/product_pipeline_dag.py took 0.231 seconds
[2026-02-12T13:09:45.324+0000] {processor.py:161} INFO - Started process (PID=1183) to work on /opt/airflow/dags/product_pipeline_dag.py
[2026-02-12T13:09:45.326+0000] {processor.py:830} INFO - Processing file /opt/airflow/dags/product_pipeline_dag.py for tasks to queue
[2026-02-12T13:09:45.328+0000] {logging_mixin.py:188} INFO - [2026-02-12T13:09:45.328+0000] {dagbag.py:545} INFO - Filling up the DagBag from /opt/airflow/dags/product_pipeline_dag.py
[2026-02-12T13:09:45.369+0000] {processor.py:840} INFO - DAG(s) 'product_price_pipeline' retrieved from /opt/airflow/dags/product_pipeline_dag.py
[2026-02-12T13:09:45.398+0000] {logging_mixin.py:188} INFO - [2026-02-12T13:09:45.398+0000] {dag.py:3089} INFO - Sync 1 DAGs
[2026-02-12T13:09:45.414+0000] {logging_mixin.py:188} INFO - [2026-02-12T13:09:45.414+0000] {dag.py:3947} INFO - Setting next_dagrun for product_price_pipeline to 2026-02-12 00:00:00+00:00, run_after=2026-02-13 00:00:00+00:00
[2026-02-12T13:09:45.435+0000] {processor.py:183} INFO - Processing /opt/airflow/dags/product_pipeline_dag.py took 0.117 seconds
[2026-02-12T13:10:16.026+0000] {processor.py:161} INFO - Started process (PID=1212) to work on /opt/airflow/dags/product_pipeline_dag.py
[2026-02-12T13:10:16.029+0000] {processor.py:830} INFO - Processing file /opt/airflow/dags/product_pipeline_dag.py for tasks to queue
[2026-02-12T13:10:16.034+0000] {logging_mixin.py:188} INFO - [2026-02-12T13:10:16.033+0000] {dagbag.py:545} INFO - Filling up the DagBag from /opt/airflow/dags/product_pipeline_dag.py
[2026-02-12T13:10:16.081+0000] {processor.py:840} INFO - DAG(s) 'product_price_pipeline' retrieved from /opt/airflow/dags/product_pipeline_dag.py
[2026-02-12T13:10:16.125+0000] {logging_mixin.py:188} INFO - [2026-02-12T13:10:16.124+0000] {dag.py:3089} INFO - Sync 1 DAGs
[2026-02-12T13:10:16.153+0000] {logging_mixin.py:188} INFO - [2026-02-12T13:10:16.152+0000] {dag.py:3947} INFO - Setting next_dagrun for product_price_pipeline to 2026-02-12 00:00:00+00:00, run_after=2026-02-13 00:00:00+00:00
[2026-02-12T13:10:16.183+0000] {processor.py:183} INFO - Processing /opt/airflow/dags/product_pipeline_dag.py took 0.169 seconds
[2026-02-12T13:10:46.883+0000] {processor.py:161} INFO - Started process (PID=1241) to work on /opt/airflow/dags/product_pipeline_dag.py
[2026-02-12T13:10:46.886+0000] {processor.py:830} INFO - Processing file /opt/airflow/dags/product_pipeline_dag.py for tasks to queue
[2026-02-12T13:10:46.892+0000] {logging_mixin.py:188} INFO - [2026-02-12T13:10:46.890+0000] {dagbag.py:545} INFO - Filling up the DagBag from /opt/airflow/dags/product_pipeline_dag.py
[2026-02-12T13:10:46.964+0000] {processor.py:840} INFO - DAG(s) 'product_price_pipeline' retrieved from /opt/airflow/dags/product_pipeline_dag.py
[2026-02-12T13:10:47.021+0000] {logging_mixin.py:188} INFO - [2026-02-12T13:10:47.021+0000] {dag.py:3089} INFO - Sync 1 DAGs
[2026-02-12T13:10:47.044+0000] {logging_mixin.py:188} INFO - [2026-02-12T13:10:47.043+0000] {dag.py:3947} INFO - Setting next_dagrun for product_price_pipeline to 2026-02-12 00:00:00+00:00, run_after=2026-02-13 00:00:00+00:00
[2026-02-12T13:10:47.073+0000] {processor.py:183} INFO - Processing /opt/airflow/dags/product_pipeline_dag.py took 0.209 seconds
[2026-02-12T13:11:17.563+0000] {processor.py:161} INFO - Started process (PID=1270) to work on /opt/airflow/dags/product_pipeline_dag.py
[2026-02-12T13:11:17.566+0000] {processor.py:830} INFO - Processing file /opt/airflow/dags/product_pipeline_dag.py for tasks to queue
[2026-02-12T13:11:17.569+0000] {logging_mixin.py:188} INFO - [2026-02-12T13:11:17.569+0000] {dagbag.py:545} INFO - Filling up the DagBag from /opt/airflow/dags/product_pipeline_dag.py
[2026-02-12T13:11:17.624+0000] {processor.py:840} INFO - DAG(s) 'product_price_pipeline' retrieved from /opt/airflow/dags/product_pipeline_dag.py
[2026-02-12T13:11:17.660+0000] {logging_mixin.py:188} INFO - [2026-02-12T13:11:17.660+0000] {dag.py:3089} INFO - Sync 1 DAGs
[2026-02-12T13:11:17.684+0000] {logging_mixin.py:188} INFO - [2026-02-12T13:11:17.684+0000] {dag.py:3947} INFO - Setting next_dagrun for product_price_pipeline to 2026-02-12 00:00:00+00:00, run_after=2026-02-13 00:00:00+00:00
[2026-02-12T13:11:17.709+0000] {processor.py:183} INFO - Processing /opt/airflow/dags/product_pipeline_dag.py took 0.156 seconds
[2026-02-12T13:11:47.936+0000] {processor.py:161} INFO - Started process (PID=1297) to work on /opt/airflow/dags/product_pipeline_dag.py
[2026-02-12T13:11:47.937+0000] {processor.py:830} INFO - Processing file /opt/airflow/dags/product_pipeline_dag.py for tasks to queue
[2026-02-12T13:11:47.940+0000] {logging_mixin.py:188} INFO - [2026-02-12T13:11:47.939+0000] {dagbag.py:545} INFO - Filling up the DagBag from /opt/airflow/dags/product_pipeline_dag.py
[2026-02-12T13:11:47.982+0000] {processor.py:840} INFO - DAG(s) 'product_price_pipeline' retrieved from /opt/airflow/dags/product_pipeline_dag.py
[2026-02-12T13:11:48.009+0000] {logging_mixin.py:188} INFO - [2026-02-12T13:11:48.008+0000] {dag.py:3089} INFO - Sync 1 DAGs
[2026-02-12T13:11:48.027+0000] {logging_mixin.py:188} INFO - [2026-02-12T13:11:48.027+0000] {dag.py:3947} INFO - Setting next_dagrun for product_price_pipeline to 2026-02-12 00:00:00+00:00, run_after=2026-02-13 00:00:00+00:00
[2026-02-12T13:11:48.054+0000] {processor.py:183} INFO - Processing /opt/airflow/dags/product_pipeline_dag.py took 0.125 seconds
[2026-02-12T13:12:19.135+0000] {processor.py:161} INFO - Started process (PID=1328) to work on /opt/airflow/dags/product_pipeline_dag.py
[2026-02-12T13:12:19.136+0000] {processor.py:830} INFO - Processing file /opt/airflow/dags/product_pipeline_dag.py for tasks to queue
[2026-02-12T13:12:19.144+0000] {logging_mixin.py:188} INFO - [2026-02-12T13:12:19.143+0000] {dagbag.py:545} INFO - Filling up the DagBag from /opt/airflow/dags/product_pipeline_dag.py
[2026-02-12T13:12:19.184+0000] {processor.py:840} INFO - DAG(s) 'product_price_pipeline' retrieved from /opt/airflow/dags/product_pipeline_dag.py
[2026-02-12T13:12:19.238+0000] {logging_mixin.py:188} INFO - [2026-02-12T13:12:19.238+0000] {dag.py:3089} INFO - Sync 1 DAGs
[2026-02-12T13:12:19.275+0000] {logging_mixin.py:188} INFO - [2026-02-12T13:12:19.275+0000] {dag.py:3947} INFO - Setting next_dagrun for product_price_pipeline to 2026-02-12 00:00:00+00:00, run_after=2026-02-13 00:00:00+00:00
[2026-02-12T13:12:19.313+0000] {processor.py:183} INFO - Processing /opt/airflow/dags/product_pipeline_dag.py took 0.185 seconds
[2026-02-12T13:12:49.855+0000] {processor.py:161} INFO - Started process (PID=1342) to work on /opt/airflow/dags/product_pipeline_dag.py
[2026-02-12T13:12:49.857+0000] {processor.py:830} INFO - Processing file /opt/airflow/dags/product_pipeline_dag.py for tasks to queue
[2026-02-12T13:12:49.861+0000] {logging_mixin.py:188} INFO - [2026-02-12T13:12:49.860+0000] {dagbag.py:545} INFO - Filling up the DagBag from /opt/airflow/dags/product_pipeline_dag.py
[2026-02-12T13:12:49.908+0000] {processor.py:840} INFO - DAG(s) 'product_price_pipeline' retrieved from /opt/airflow/dags/product_pipeline_dag.py
[2026-02-12T13:12:49.946+0000] {logging_mixin.py:188} INFO - [2026-02-12T13:12:49.946+0000] {dag.py:3089} INFO - Sync 1 DAGs
[2026-02-12T13:12:49.976+0000] {logging_mixin.py:188} INFO - [2026-02-12T13:12:49.975+0000] {dag.py:3947} INFO - Setting next_dagrun for product_price_pipeline to 2026-02-12 00:00:00+00:00, run_after=2026-02-13 00:00:00+00:00
[2026-02-12T13:12:50.011+0000] {processor.py:183} INFO - Processing /opt/airflow/dags/product_pipeline_dag.py took 0.163 seconds
[2026-02-12T13:13:20.567+0000] {processor.py:161} INFO - Started process (PID=1371) to work on /opt/airflow/dags/product_pipeline_dag.py
[2026-02-12T13:13:20.569+0000] {processor.py:830} INFO - Processing file /opt/airflow/dags/product_pipeline_dag.py for tasks to queue
[2026-02-12T13:13:20.572+0000] {logging_mixin.py:188} INFO - [2026-02-12T13:13:20.571+0000] {dagbag.py:545} INFO - Filling up the DagBag from /opt/airflow/dags/product_pipeline_dag.py
[2026-02-12T13:13:20.611+0000] {processor.py:840} INFO - DAG(s) 'product_price_pipeline' retrieved from /opt/airflow/dags/product_pipeline_dag.py
[2026-02-12T13:13:20.662+0000] {logging_mixin.py:188} INFO - [2026-02-12T13:13:20.661+0000] {dag.py:3089} INFO - Sync 1 DAGs
[2026-02-12T13:13:20.700+0000] {logging_mixin.py:188} INFO - [2026-02-12T13:13:20.699+0000] {dag.py:3947} INFO - Setting next_dagrun for product_price_pipeline to 2026-02-12 00:00:00+00:00, run_after=2026-02-13 00:00:00+00:00
[2026-02-12T13:13:20.737+0000] {processor.py:183} INFO - Processing /opt/airflow/dags/product_pipeline_dag.py took 0.177 seconds
[2026-02-12T13:13:52.600+0000] {processor.py:161} INFO - Started process (PID=1409) to work on /opt/airflow/dags/product_pipeline_dag.py
[2026-02-12T13:13:52.602+0000] {processor.py:830} INFO - Processing file /opt/airflow/dags/product_pipeline_dag.py for tasks to queue
[2026-02-12T13:13:52.605+0000] {logging_mixin.py:188} INFO - [2026-02-12T13:13:52.605+0000] {dagbag.py:545} INFO - Filling up the DagBag from /opt/airflow/dags/product_pipeline_dag.py
[2026-02-12T13:13:52.658+0000] {processor.py:840} INFO - DAG(s) 'product_price_pipeline' retrieved from /opt/airflow/dags/product_pipeline_dag.py
[2026-02-12T13:13:52.722+0000] {logging_mixin.py:188} INFO - [2026-02-12T13:13:52.722+0000] {dag.py:3089} INFO - Sync 1 DAGs
[2026-02-12T13:13:52.778+0000] {logging_mixin.py:188} INFO - [2026-02-12T13:13:52.777+0000] {dag.py:3947} INFO - Setting next_dagrun for product_price_pipeline to 2026-02-12 00:00:00+00:00, run_after=2026-02-13 00:00:00+00:00
[2026-02-12T13:13:52.831+0000] {processor.py:183} INFO - Processing /opt/airflow/dags/product_pipeline_dag.py took 0.242 seconds
[2026-02-12T13:15:17.328+0000] {processor.py:161} INFO - Started process (PID=192) to work on /opt/airflow/dags/product_pipeline_dag.py
[2026-02-12T13:15:17.334+0000] {processor.py:830} INFO - Processing file /opt/airflow/dags/product_pipeline_dag.py for tasks to queue
[2026-02-12T13:15:17.341+0000] {logging_mixin.py:188} INFO - [2026-02-12T13:15:17.340+0000] {dagbag.py:545} INFO - Filling up the DagBag from /opt/airflow/dags/product_pipeline_dag.py
[2026-02-12T13:15:17.458+0000] {processor.py:840} INFO - DAG(s) 'product_price_pipeline' retrieved from /opt/airflow/dags/product_pipeline_dag.py
[2026-02-12T13:15:17.506+0000] {logging_mixin.py:188} INFO - [2026-02-12T13:15:17.505+0000] {dag.py:3089} INFO - Sync 1 DAGs
[2026-02-12T13:15:17.682+0000] {logging_mixin.py:188} INFO - [2026-02-12T13:15:17.681+0000] {dag.py:3947} INFO - Setting next_dagrun for product_price_pipeline to 2026-02-12 00:00:00+00:00, run_after=2026-02-13 00:00:00+00:00
[2026-02-12T13:15:17.860+0000] {processor.py:183} INFO - Processing /opt/airflow/dags/product_pipeline_dag.py took 0.551 seconds
[2026-02-12T13:15:49.056+0000] {processor.py:161} INFO - Started process (PID=248) to work on /opt/airflow/dags/product_pipeline_dag.py
[2026-02-12T13:15:49.058+0000] {processor.py:830} INFO - Processing file /opt/airflow/dags/product_pipeline_dag.py for tasks to queue
[2026-02-12T13:15:49.069+0000] {logging_mixin.py:188} INFO - [2026-02-12T13:15:49.067+0000] {dagbag.py:545} INFO - Filling up the DagBag from /opt/airflow/dags/product_pipeline_dag.py
[2026-02-12T13:15:49.160+0000] {processor.py:840} INFO - DAG(s) 'product_price_pipeline' retrieved from /opt/airflow/dags/product_pipeline_dag.py
[2026-02-12T13:15:49.476+0000] {logging_mixin.py:188} INFO - [2026-02-12T13:15:49.476+0000] {dag.py:3089} INFO - Sync 1 DAGs
[2026-02-12T13:15:49.504+0000] {logging_mixin.py:188} INFO - [2026-02-12T13:15:49.504+0000] {dag.py:3947} INFO - Setting next_dagrun for product_price_pipeline to 2026-02-12 00:00:00+00:00, run_after=2026-02-13 00:00:00+00:00
[2026-02-12T13:15:49.556+0000] {processor.py:183} INFO - Processing /opt/airflow/dags/product_pipeline_dag.py took 0.510 seconds
[2026-02-12T13:16:24.076+0000] {processor.py:161} INFO - Started process (PID=288) to work on /opt/airflow/dags/product_pipeline_dag.py
[2026-02-12T13:16:24.081+0000] {processor.py:830} INFO - Processing file /opt/airflow/dags/product_pipeline_dag.py for tasks to queue
[2026-02-12T13:16:24.091+0000] {logging_mixin.py:188} INFO - [2026-02-12T13:16:24.090+0000] {dagbag.py:545} INFO - Filling up the DagBag from /opt/airflow/dags/product_pipeline_dag.py
[2026-02-12T13:16:24.236+0000] {processor.py:840} INFO - DAG(s) 'product_price_pipeline' retrieved from /opt/airflow/dags/product_pipeline_dag.py
[2026-02-12T13:16:24.400+0000] {logging_mixin.py:188} INFO - [2026-02-12T13:16:24.399+0000] {dag.py:3089} INFO - Sync 1 DAGs
[2026-02-12T13:16:24.486+0000] {logging_mixin.py:188} INFO - [2026-02-12T13:16:24.485+0000] {dag.py:3947} INFO - Setting next_dagrun for product_price_pipeline to 2026-02-12 00:00:00+00:00, run_after=2026-02-13 00:00:00+00:00
[2026-02-12T13:16:24.579+0000] {processor.py:183} INFO - Processing /opt/airflow/dags/product_pipeline_dag.py took 0.537 seconds
[2026-02-12T13:16:56.692+0000] {processor.py:161} INFO - Started process (PID=317) to work on /opt/airflow/dags/product_pipeline_dag.py
[2026-02-12T13:16:56.696+0000] {processor.py:830} INFO - Processing file /opt/airflow/dags/product_pipeline_dag.py for tasks to queue
[2026-02-12T13:16:56.703+0000] {logging_mixin.py:188} INFO - [2026-02-12T13:16:56.701+0000] {dagbag.py:545} INFO - Filling up the DagBag from /opt/airflow/dags/product_pipeline_dag.py
[2026-02-12T13:16:56.837+0000] {processor.py:840} INFO - DAG(s) 'product_price_pipeline' retrieved from /opt/airflow/dags/product_pipeline_dag.py
[2026-02-12T13:16:57.027+0000] {logging_mixin.py:188} INFO - [2026-02-12T13:16:57.026+0000] {dag.py:3089} INFO - Sync 1 DAGs
[2026-02-12T13:16:57.113+0000] {logging_mixin.py:188} INFO - [2026-02-12T13:16:57.113+0000] {dag.py:3947} INFO - Setting next_dagrun for product_price_pipeline to 2026-02-12 00:00:00+00:00, run_after=2026-02-13 00:00:00+00:00
[2026-02-12T13:16:57.162+0000] {processor.py:183} INFO - Processing /opt/airflow/dags/product_pipeline_dag.py took 0.485 seconds
[2026-02-12T13:17:27.589+0000] {processor.py:161} INFO - Started process (PID=345) to work on /opt/airflow/dags/product_pipeline_dag.py
[2026-02-12T13:17:27.591+0000] {processor.py:830} INFO - Processing file /opt/airflow/dags/product_pipeline_dag.py for tasks to queue
[2026-02-12T13:17:27.594+0000] {logging_mixin.py:188} INFO - [2026-02-12T13:17:27.594+0000] {dagbag.py:545} INFO - Filling up the DagBag from /opt/airflow/dags/product_pipeline_dag.py
[2026-02-12T13:17:27.652+0000] {processor.py:840} INFO - DAG(s) 'product_price_pipeline' retrieved from /opt/airflow/dags/product_pipeline_dag.py
[2026-02-12T13:17:27.737+0000] {logging_mixin.py:188} INFO - [2026-02-12T13:17:27.737+0000] {dag.py:3089} INFO - Sync 1 DAGs
[2026-02-12T13:17:27.796+0000] {logging_mixin.py:188} INFO - [2026-02-12T13:17:27.795+0000] {dag.py:3947} INFO - Setting next_dagrun for product_price_pipeline to 2026-02-12 00:00:00+00:00, run_after=2026-02-13 00:00:00+00:00
[2026-02-12T13:17:27.861+0000] {processor.py:183} INFO - Processing /opt/airflow/dags/product_pipeline_dag.py took 0.286 seconds
[2026-02-12T13:17:58.754+0000] {processor.py:161} INFO - Started process (PID=374) to work on /opt/airflow/dags/product_pipeline_dag.py
[2026-02-12T13:17:58.755+0000] {processor.py:830} INFO - Processing file /opt/airflow/dags/product_pipeline_dag.py for tasks to queue
[2026-02-12T13:17:58.758+0000] {logging_mixin.py:188} INFO - [2026-02-12T13:17:58.757+0000] {dagbag.py:545} INFO - Filling up the DagBag from /opt/airflow/dags/product_pipeline_dag.py
[2026-02-12T13:17:58.801+0000] {processor.py:840} INFO - DAG(s) 'product_price_pipeline' retrieved from /opt/airflow/dags/product_pipeline_dag.py
[2026-02-12T13:17:58.841+0000] {logging_mixin.py:188} INFO - [2026-02-12T13:17:58.841+0000] {dag.py:3089} INFO - Sync 1 DAGs
[2026-02-12T13:17:58.868+0000] {logging_mixin.py:188} INFO - [2026-02-12T13:17:58.868+0000] {dag.py:3947} INFO - Setting next_dagrun for product_price_pipeline to 2026-02-12 00:00:00+00:00, run_after=2026-02-13 00:00:00+00:00
[2026-02-12T13:17:58.903+0000] {processor.py:183} INFO - Processing /opt/airflow/dags/product_pipeline_dag.py took 0.156 seconds
[2026-02-12T13:18:29.692+0000] {processor.py:161} INFO - Started process (PID=403) to work on /opt/airflow/dags/product_pipeline_dag.py
[2026-02-12T13:18:29.695+0000] {processor.py:830} INFO - Processing file /opt/airflow/dags/product_pipeline_dag.py for tasks to queue
[2026-02-12T13:18:29.698+0000] {logging_mixin.py:188} INFO - [2026-02-12T13:18:29.697+0000] {dagbag.py:545} INFO - Filling up the DagBag from /opt/airflow/dags/product_pipeline_dag.py
[2026-02-12T13:18:29.756+0000] {processor.py:840} INFO - DAG(s) 'product_price_pipeline' retrieved from /opt/airflow/dags/product_pipeline_dag.py
[2026-02-12T13:18:29.837+0000] {logging_mixin.py:188} INFO - [2026-02-12T13:18:29.836+0000] {dag.py:3089} INFO - Sync 1 DAGs
[2026-02-12T13:18:29.882+0000] {logging_mixin.py:188} INFO - [2026-02-12T13:18:29.882+0000] {dag.py:3947} INFO - Setting next_dagrun for product_price_pipeline to 2026-02-12 00:00:00+00:00, run_after=2026-02-13 00:00:00+00:00
[2026-02-12T13:18:29.963+0000] {processor.py:183} INFO - Processing /opt/airflow/dags/product_pipeline_dag.py took 0.286 seconds
[2026-02-12T13:19:00.628+0000] {processor.py:161} INFO - Started process (PID=429) to work on /opt/airflow/dags/product_pipeline_dag.py
[2026-02-12T13:19:00.630+0000] {processor.py:830} INFO - Processing file /opt/airflow/dags/product_pipeline_dag.py for tasks to queue
[2026-02-12T13:19:00.634+0000] {logging_mixin.py:188} INFO - [2026-02-12T13:19:00.634+0000] {dagbag.py:545} INFO - Filling up the DagBag from /opt/airflow/dags/product_pipeline_dag.py
[2026-02-12T13:19:00.689+0000] {processor.py:840} INFO - DAG(s) 'product_price_pipeline' retrieved from /opt/airflow/dags/product_pipeline_dag.py
[2026-02-12T13:19:00.754+0000] {logging_mixin.py:188} INFO - [2026-02-12T13:19:00.753+0000] {dag.py:3089} INFO - Sync 1 DAGs
[2026-02-12T13:19:00.794+0000] {logging_mixin.py:188} INFO - [2026-02-12T13:19:00.793+0000] {dag.py:3947} INFO - Setting next_dagrun for product_price_pipeline to 2026-02-12 00:00:00+00:00, run_after=2026-02-13 00:00:00+00:00
[2026-02-12T13:19:00.850+0000] {processor.py:183} INFO - Processing /opt/airflow/dags/product_pipeline_dag.py took 0.234 seconds
[2026-02-12T13:19:31.077+0000] {processor.py:161} INFO - Started process (PID=455) to work on /opt/airflow/dags/product_pipeline_dag.py
[2026-02-12T13:19:31.078+0000] {processor.py:830} INFO - Processing file /opt/airflow/dags/product_pipeline_dag.py for tasks to queue
[2026-02-12T13:19:31.080+0000] {logging_mixin.py:188} INFO - [2026-02-12T13:19:31.080+0000] {dagbag.py:545} INFO - Filling up the DagBag from /opt/airflow/dags/product_pipeline_dag.py
[2026-02-12T13:19:31.120+0000] {processor.py:840} INFO - DAG(s) 'product_price_pipeline' retrieved from /opt/airflow/dags/product_pipeline_dag.py
[2026-02-12T13:19:31.177+0000] {logging_mixin.py:188} INFO - [2026-02-12T13:19:31.176+0000] {dag.py:3089} INFO - Sync 1 DAGs
[2026-02-12T13:19:31.223+0000] {logging_mixin.py:188} INFO - [2026-02-12T13:19:31.223+0000] {dag.py:3947} INFO - Setting next_dagrun for product_price_pipeline to 2026-02-12 00:00:00+00:00, run_after=2026-02-13 00:00:00+00:00
[2026-02-12T13:19:31.274+0000] {processor.py:183} INFO - Processing /opt/airflow/dags/product_pipeline_dag.py took 0.203 seconds
[2026-02-12T13:20:01.598+0000] {processor.py:161} INFO - Started process (PID=493) to work on /opt/airflow/dags/product_pipeline_dag.py
[2026-02-12T13:20:01.600+0000] {processor.py:830} INFO - Processing file /opt/airflow/dags/product_pipeline_dag.py for tasks to queue
[2026-02-12T13:20:01.603+0000] {logging_mixin.py:188} INFO - [2026-02-12T13:20:01.602+0000] {dagbag.py:545} INFO - Filling up the DagBag from /opt/airflow/dags/product_pipeline_dag.py
[2026-02-12T13:20:01.649+0000] {processor.py:840} INFO - DAG(s) 'product_price_pipeline' retrieved from /opt/airflow/dags/product_pipeline_dag.py
[2026-02-12T13:20:01.700+0000] {logging_mixin.py:188} INFO - [2026-02-12T13:20:01.700+0000] {dag.py:3089} INFO - Sync 1 DAGs
[2026-02-12T13:20:01.740+0000] {logging_mixin.py:188} INFO - [2026-02-12T13:20:01.740+0000] {dag.py:3947} INFO - Setting next_dagrun for product_price_pipeline to 2026-02-12 00:00:00+00:00, run_after=2026-02-13 00:00:00+00:00
[2026-02-12T13:20:02.004+0000] {processor.py:183} INFO - Processing /opt/airflow/dags/product_pipeline_dag.py took 0.413 seconds
[2026-02-12T13:20:32.156+0000] {processor.py:161} INFO - Started process (PID=532) to work on /opt/airflow/dags/product_pipeline_dag.py
[2026-02-12T13:20:32.157+0000] {processor.py:830} INFO - Processing file /opt/airflow/dags/product_pipeline_dag.py for tasks to queue
[2026-02-12T13:20:32.160+0000] {logging_mixin.py:188} INFO - [2026-02-12T13:20:32.159+0000] {dagbag.py:545} INFO - Filling up the DagBag from /opt/airflow/dags/product_pipeline_dag.py
[2026-02-12T13:20:32.219+0000] {processor.py:840} INFO - DAG(s) 'product_price_pipeline' retrieved from /opt/airflow/dags/product_pipeline_dag.py
[2026-02-12T13:20:32.277+0000] {logging_mixin.py:188} INFO - [2026-02-12T13:20:32.277+0000] {dag.py:3089} INFO - Sync 1 DAGs
[2026-02-12T13:20:32.313+0000] {logging_mixin.py:188} INFO - [2026-02-12T13:20:32.313+0000] {dag.py:3947} INFO - Setting next_dagrun for product_price_pipeline to 2026-02-12 00:00:00+00:00, run_after=2026-02-13 00:00:00+00:00
[2026-02-12T13:20:32.365+0000] {processor.py:183} INFO - Processing /opt/airflow/dags/product_pipeline_dag.py took 0.216 seconds
[2026-02-12T13:21:21.770+0000] {processor.py:161} INFO - Started process (PID=205) to work on /opt/airflow/dags/product_pipeline_dag.py
[2026-02-12T13:21:21.774+0000] {processor.py:830} INFO - Processing file /opt/airflow/dags/product_pipeline_dag.py for tasks to queue
[2026-02-12T13:21:21.781+0000] {logging_mixin.py:188} INFO - [2026-02-12T13:21:21.780+0000] {dagbag.py:545} INFO - Filling up the DagBag from /opt/airflow/dags/product_pipeline_dag.py
[2026-02-12T13:21:21.856+0000] {processor.py:840} INFO - DAG(s) 'product_price_pipeline' retrieved from /opt/airflow/dags/product_pipeline_dag.py
[2026-02-12T13:21:21.918+0000] {logging_mixin.py:188} INFO - [2026-02-12T13:21:21.918+0000] {dag.py:3089} INFO - Sync 1 DAGs
[2026-02-12T13:21:21.976+0000] {logging_mixin.py:188} INFO - [2026-02-12T13:21:21.975+0000] {dag.py:3947} INFO - Setting next_dagrun for product_price_pipeline to 2026-02-12 00:00:00+00:00, run_after=2026-02-13 00:00:00+00:00
[2026-02-12T13:21:22.040+0000] {processor.py:183} INFO - Processing /opt/airflow/dags/product_pipeline_dag.py took 0.282 seconds
[2026-02-12T13:21:59.815+0000] {processor.py:161} INFO - Started process (PID=262) to work on /opt/airflow/dags/product_pipeline_dag.py
[2026-02-12T13:21:59.819+0000] {processor.py:830} INFO - Processing file /opt/airflow/dags/product_pipeline_dag.py for tasks to queue
[2026-02-12T13:21:59.827+0000] {logging_mixin.py:188} INFO - [2026-02-12T13:21:59.825+0000] {dagbag.py:545} INFO - Filling up the DagBag from /opt/airflow/dags/product_pipeline_dag.py
[2026-02-12T13:21:59.941+0000] {processor.py:840} INFO - DAG(s) 'product_price_pipeline' retrieved from /opt/airflow/dags/product_pipeline_dag.py
[2026-02-12T13:22:00.325+0000] {logging_mixin.py:188} INFO - [2026-02-12T13:22:00.324+0000] {dag.py:3089} INFO - Sync 1 DAGs
[2026-02-12T13:22:00.373+0000] {logging_mixin.py:188} INFO - [2026-02-12T13:22:00.372+0000] {dag.py:3947} INFO - Setting next_dagrun for product_price_pipeline to 2026-02-12 00:00:00+00:00, run_after=2026-02-13 00:00:00+00:00
[2026-02-12T13:22:00.434+0000] {processor.py:183} INFO - Processing /opt/airflow/dags/product_pipeline_dag.py took 0.639 seconds
[2026-02-12T13:22:31.214+0000] {processor.py:161} INFO - Started process (PID=300) to work on /opt/airflow/dags/product_pipeline_dag.py
[2026-02-12T13:22:31.219+0000] {processor.py:830} INFO - Processing file /opt/airflow/dags/product_pipeline_dag.py for tasks to queue
[2026-02-12T13:22:31.226+0000] {logging_mixin.py:188} INFO - [2026-02-12T13:22:31.224+0000] {dagbag.py:545} INFO - Filling up the DagBag from /opt/airflow/dags/product_pipeline_dag.py
[2026-02-12T13:22:31.314+0000] {processor.py:840} INFO - DAG(s) 'product_price_pipeline' retrieved from /opt/airflow/dags/product_pipeline_dag.py
[2026-02-12T13:22:31.415+0000] {logging_mixin.py:188} INFO - [2026-02-12T13:22:31.414+0000] {dag.py:3089} INFO - Sync 1 DAGs
[2026-02-12T13:22:31.486+0000] {logging_mixin.py:188} INFO - [2026-02-12T13:22:31.485+0000] {dag.py:3947} INFO - Setting next_dagrun for product_price_pipeline to 2026-02-12 00:00:00+00:00, run_after=2026-02-13 00:00:00+00:00
[2026-02-12T13:22:31.560+0000] {processor.py:183} INFO - Processing /opt/airflow/dags/product_pipeline_dag.py took 0.362 seconds
[2026-02-12T13:23:01.768+0000] {processor.py:161} INFO - Started process (PID=331) to work on /opt/airflow/dags/product_pipeline_dag.py
[2026-02-12T13:23:01.772+0000] {processor.py:830} INFO - Processing file /opt/airflow/dags/product_pipeline_dag.py for tasks to queue
[2026-02-12T13:23:01.780+0000] {logging_mixin.py:188} INFO - [2026-02-12T13:23:01.780+0000] {dagbag.py:545} INFO - Filling up the DagBag from /opt/airflow/dags/product_pipeline_dag.py
[2026-02-12T13:23:01.820+0000] {processor.py:840} INFO - DAG(s) 'product_price_pipeline' retrieved from /opt/airflow/dags/product_pipeline_dag.py
[2026-02-12T13:23:01.861+0000] {logging_mixin.py:188} INFO - [2026-02-12T13:23:01.861+0000] {dag.py:3089} INFO - Sync 1 DAGs
[2026-02-12T13:23:01.886+0000] {logging_mixin.py:188} INFO - [2026-02-12T13:23:01.886+0000] {dag.py:3947} INFO - Setting next_dagrun for product_price_pipeline to 2026-02-12 00:00:00+00:00, run_after=2026-02-13 00:00:00+00:00
[2026-02-12T13:23:01.917+0000] {processor.py:183} INFO - Processing /opt/airflow/dags/product_pipeline_dag.py took 0.172 seconds
[2026-02-12T13:23:40.089+0000] {processor.py:161} INFO - Started process (PID=205) to work on /opt/airflow/dags/product_pipeline_dag.py
[2026-02-12T13:23:40.095+0000] {processor.py:830} INFO - Processing file /opt/airflow/dags/product_pipeline_dag.py for tasks to queue
[2026-02-12T13:23:40.104+0000] {logging_mixin.py:188} INFO - [2026-02-12T13:23:40.101+0000] {dagbag.py:545} INFO - Filling up the DagBag from /opt/airflow/dags/product_pipeline_dag.py
[2026-02-12T13:23:40.206+0000] {processor.py:840} INFO - DAG(s) 'product_price_pipeline' retrieved from /opt/airflow/dags/product_pipeline_dag.py
[2026-02-12T13:23:40.262+0000] {logging_mixin.py:188} INFO - [2026-02-12T13:23:40.261+0000] {dag.py:3089} INFO - Sync 1 DAGs
[2026-02-12T13:23:40.378+0000] {logging_mixin.py:188} INFO - [2026-02-12T13:23:40.377+0000] {dag.py:3947} INFO - Setting next_dagrun for product_price_pipeline to 2026-02-12 00:00:00+00:00, run_after=2026-02-13 00:00:00+00:00
[2026-02-12T13:23:40.466+0000] {processor.py:183} INFO - Processing /opt/airflow/dags/product_pipeline_dag.py took 0.389 seconds
[2026-02-12T13:24:12.648+0000] {processor.py:161} INFO - Started process (PID=271) to work on /opt/airflow/dags/product_pipeline_dag.py
[2026-02-12T13:24:12.652+0000] {processor.py:830} INFO - Processing file /opt/airflow/dags/product_pipeline_dag.py for tasks to queue
[2026-02-12T13:24:12.662+0000] {logging_mixin.py:188} INFO - [2026-02-12T13:24:12.660+0000] {dagbag.py:545} INFO - Filling up the DagBag from /opt/airflow/dags/product_pipeline_dag.py
[2026-02-12T13:24:12.760+0000] {processor.py:840} INFO - DAG(s) 'product_price_pipeline' retrieved from /opt/airflow/dags/product_pipeline_dag.py
[2026-02-12T13:24:13.161+0000] {logging_mixin.py:188} INFO - [2026-02-12T13:24:13.160+0000] {dag.py:3089} INFO - Sync 1 DAGs
[2026-02-12T13:24:13.222+0000] {logging_mixin.py:188} INFO - [2026-02-12T13:24:13.222+0000] {dag.py:3947} INFO - Setting next_dagrun for product_price_pipeline to 2026-02-12 00:00:00+00:00, run_after=2026-02-13 00:00:00+00:00
[2026-02-12T13:24:13.297+0000] {processor.py:183} INFO - Processing /opt/airflow/dags/product_pipeline_dag.py took 0.670 seconds
[2026-02-12T13:24:43.660+0000] {processor.py:161} INFO - Started process (PID=300) to work on /opt/airflow/dags/product_pipeline_dag.py
[2026-02-12T13:24:43.663+0000] {processor.py:830} INFO - Processing file /opt/airflow/dags/product_pipeline_dag.py for tasks to queue
[2026-02-12T13:24:43.668+0000] {logging_mixin.py:188} INFO - [2026-02-12T13:24:43.667+0000] {dagbag.py:545} INFO - Filling up the DagBag from /opt/airflow/dags/product_pipeline_dag.py
[2026-02-12T13:24:43.730+0000] {processor.py:840} INFO - DAG(s) 'product_price_pipeline' retrieved from /opt/airflow/dags/product_pipeline_dag.py
[2026-02-12T13:24:43.807+0000] {logging_mixin.py:188} INFO - [2026-02-12T13:24:43.806+0000] {dag.py:3089} INFO - Sync 1 DAGs
[2026-02-12T13:24:43.851+0000] {logging_mixin.py:188} INFO - [2026-02-12T13:24:43.851+0000] {dag.py:3947} INFO - Setting next_dagrun for product_price_pipeline to 2026-02-12 00:00:00+00:00, run_after=2026-02-13 00:00:00+00:00
[2026-02-12T13:24:43.914+0000] {processor.py:183} INFO - Processing /opt/airflow/dags/product_pipeline_dag.py took 0.262 seconds
[2026-02-12T13:25:14.886+0000] {processor.py:161} INFO - Started process (PID=329) to work on /opt/airflow/dags/product_pipeline_dag.py
[2026-02-12T13:25:14.892+0000] {processor.py:830} INFO - Processing file /opt/airflow/dags/product_pipeline_dag.py for tasks to queue
[2026-02-12T13:25:14.897+0000] {logging_mixin.py:188} INFO - [2026-02-12T13:25:14.896+0000] {dagbag.py:545} INFO - Filling up the DagBag from /opt/airflow/dags/product_pipeline_dag.py
[2026-02-12T13:25:14.969+0000] {processor.py:840} INFO - DAG(s) 'product_price_pipeline' retrieved from /opt/airflow/dags/product_pipeline_dag.py
[2026-02-12T13:25:15.183+0000] {logging_mixin.py:188} INFO - [2026-02-12T13:25:15.183+0000] {dag.py:3089} INFO - Sync 1 DAGs
[2026-02-12T13:25:15.242+0000] {logging_mixin.py:188} INFO - [2026-02-12T13:25:15.241+0000] {dag.py:3947} INFO - Setting next_dagrun for product_price_pipeline to 2026-02-12 00:00:00+00:00, run_after=2026-02-13 00:00:00+00:00
[2026-02-12T13:25:15.287+0000] {processor.py:183} INFO - Processing /opt/airflow/dags/product_pipeline_dag.py took 0.425 seconds
[2026-02-12T13:25:45.452+0000] {processor.py:161} INFO - Started process (PID=352) to work on /opt/airflow/dags/product_pipeline_dag.py
[2026-02-12T13:25:45.454+0000] {processor.py:830} INFO - Processing file /opt/airflow/dags/product_pipeline_dag.py for tasks to queue
[2026-02-12T13:25:45.458+0000] {logging_mixin.py:188} INFO - [2026-02-12T13:25:45.457+0000] {dagbag.py:545} INFO - Filling up the DagBag from /opt/airflow/dags/product_pipeline_dag.py
[2026-02-12T13:25:45.508+0000] {processor.py:840} INFO - DAG(s) 'product_price_pipeline' retrieved from /opt/airflow/dags/product_pipeline_dag.py
[2026-02-12T13:25:45.566+0000] {logging_mixin.py:188} INFO - [2026-02-12T13:25:45.566+0000] {dag.py:3089} INFO - Sync 1 DAGs
[2026-02-12T13:25:45.602+0000] {logging_mixin.py:188} INFO - [2026-02-12T13:25:45.601+0000] {dag.py:3947} INFO - Setting next_dagrun for product_price_pipeline to 2026-02-12 00:00:00+00:00, run_after=2026-02-13 00:00:00+00:00
[2026-02-12T13:25:45.640+0000] {processor.py:183} INFO - Processing /opt/airflow/dags/product_pipeline_dag.py took 0.196 seconds
[2026-02-12T13:26:16.078+0000] {processor.py:161} INFO - Started process (PID=387) to work on /opt/airflow/dags/product_pipeline_dag.py
[2026-02-12T13:26:16.080+0000] {processor.py:830} INFO - Processing file /opt/airflow/dags/product_pipeline_dag.py for tasks to queue
[2026-02-12T13:26:16.085+0000] {logging_mixin.py:188} INFO - [2026-02-12T13:26:16.084+0000] {dagbag.py:545} INFO - Filling up the DagBag from /opt/airflow/dags/product_pipeline_dag.py
[2026-02-12T13:26:16.127+0000] {processor.py:840} INFO - DAG(s) 'product_price_pipeline' retrieved from /opt/airflow/dags/product_pipeline_dag.py
[2026-02-12T13:26:16.167+0000] {logging_mixin.py:188} INFO - [2026-02-12T13:26:16.167+0000] {dag.py:3089} INFO - Sync 1 DAGs
[2026-02-12T13:26:16.192+0000] {logging_mixin.py:188} INFO - [2026-02-12T13:26:16.192+0000] {dag.py:3947} INFO - Setting next_dagrun for product_price_pipeline to 2026-02-12 00:00:00+00:00, run_after=2026-02-13 00:00:00+00:00
[2026-02-12T13:26:16.229+0000] {processor.py:183} INFO - Processing /opt/airflow/dags/product_pipeline_dag.py took 0.158 seconds
[2026-02-12T13:27:09.672+0000] {processor.py:161} INFO - Started process (PID=225) to work on /opt/airflow/dags/product_pipeline_dag.py
[2026-02-12T13:27:09.675+0000] {processor.py:830} INFO - Processing file /opt/airflow/dags/product_pipeline_dag.py for tasks to queue
[2026-02-12T13:27:09.680+0000] {logging_mixin.py:188} INFO - [2026-02-12T13:27:09.679+0000] {dagbag.py:545} INFO - Filling up the DagBag from /opt/airflow/dags/product_pipeline_dag.py
[2026-02-12T13:27:09.764+0000] {processor.py:840} INFO - DAG(s) 'product_price_pipeline' retrieved from /opt/airflow/dags/product_pipeline_dag.py
[2026-02-12T13:27:09.803+0000] {logging_mixin.py:188} INFO - [2026-02-12T13:27:09.803+0000] {dag.py:3089} INFO - Sync 1 DAGs
[2026-02-12T13:27:09.872+0000] {logging_mixin.py:188} INFO - [2026-02-12T13:27:09.872+0000] {dag.py:3947} INFO - Setting next_dagrun for product_price_pipeline to 2026-02-12 00:00:00+00:00, run_after=2026-02-13 00:00:00+00:00
[2026-02-12T13:27:09.956+0000] {processor.py:183} INFO - Processing /opt/airflow/dags/product_pipeline_dag.py took 0.318 seconds
[2026-02-12T13:27:41.148+0000] {processor.py:161} INFO - Started process (PID=282) to work on /opt/airflow/dags/product_pipeline_dag.py
[2026-02-12T13:27:41.153+0000] {processor.py:830} INFO - Processing file /opt/airflow/dags/product_pipeline_dag.py for tasks to queue
[2026-02-12T13:27:41.164+0000] {logging_mixin.py:188} INFO - [2026-02-12T13:27:41.162+0000] {dagbag.py:545} INFO - Filling up the DagBag from /opt/airflow/dags/product_pipeline_dag.py
[2026-02-12T13:27:41.255+0000] {processor.py:840} INFO - DAG(s) 'product_price_pipeline' retrieved from /opt/airflow/dags/product_pipeline_dag.py
[2026-02-12T13:27:41.537+0000] {logging_mixin.py:188} INFO - [2026-02-12T13:27:41.537+0000] {dag.py:3089} INFO - Sync 1 DAGs
[2026-02-12T13:27:41.607+0000] {logging_mixin.py:188} INFO - [2026-02-12T13:27:41.606+0000] {dag.py:3947} INFO - Setting next_dagrun for product_price_pipeline to 2026-02-12 00:00:00+00:00, run_after=2026-02-13 00:00:00+00:00
[2026-02-12T13:27:41.666+0000] {processor.py:183} INFO - Processing /opt/airflow/dags/product_pipeline_dag.py took 0.528 seconds
[2026-02-12T13:28:11.856+0000] {processor.py:161} INFO - Started process (PID=314) to work on /opt/airflow/dags/product_pipeline_dag.py
[2026-02-12T13:28:11.858+0000] {processor.py:830} INFO - Processing file /opt/airflow/dags/product_pipeline_dag.py for tasks to queue
[2026-02-12T13:28:11.861+0000] {logging_mixin.py:188} INFO - [2026-02-12T13:28:11.860+0000] {dagbag.py:545} INFO - Filling up the DagBag from /opt/airflow/dags/product_pipeline_dag.py
[2026-02-12T13:28:11.902+0000] {processor.py:840} INFO - DAG(s) 'product_price_pipeline' retrieved from /opt/airflow/dags/product_pipeline_dag.py
[2026-02-12T13:28:11.938+0000] {logging_mixin.py:188} INFO - [2026-02-12T13:28:11.937+0000] {dag.py:3089} INFO - Sync 1 DAGs
[2026-02-12T13:28:11.963+0000] {logging_mixin.py:188} INFO - [2026-02-12T13:28:11.963+0000] {dag.py:3947} INFO - Setting next_dagrun for product_price_pipeline to 2026-02-12 00:00:00+00:00, run_after=2026-02-13 00:00:00+00:00
[2026-02-12T13:28:11.993+0000] {processor.py:183} INFO - Processing /opt/airflow/dags/product_pipeline_dag.py took 0.142 seconds
[2026-02-12T13:28:42.321+0000] {processor.py:161} INFO - Started process (PID=348) to work on /opt/airflow/dags/product_pipeline_dag.py
[2026-02-12T13:28:42.323+0000] {processor.py:830} INFO - Processing file /opt/airflow/dags/product_pipeline_dag.py for tasks to queue
[2026-02-12T13:28:42.327+0000] {logging_mixin.py:188} INFO - [2026-02-12T13:28:42.326+0000] {dagbag.py:545} INFO - Filling up the DagBag from /opt/airflow/dags/product_pipeline_dag.py
[2026-02-12T13:28:42.376+0000] {processor.py:840} INFO - DAG(s) 'product_price_pipeline' retrieved from /opt/airflow/dags/product_pipeline_dag.py
[2026-02-12T13:28:42.410+0000] {logging_mixin.py:188} INFO - [2026-02-12T13:28:42.410+0000] {dag.py:3089} INFO - Sync 1 DAGs
[2026-02-12T13:28:42.433+0000] {logging_mixin.py:188} INFO - [2026-02-12T13:28:42.433+0000] {dag.py:3947} INFO - Setting next_dagrun for product_price_pipeline to 2026-02-12 00:00:00+00:00, run_after=2026-02-13 00:00:00+00:00
[2026-02-12T13:28:42.461+0000] {processor.py:183} INFO - Processing /opt/airflow/dags/product_pipeline_dag.py took 0.150 seconds
[2026-02-12T13:29:33.398+0000] {processor.py:161} INFO - Started process (PID=224) to work on /opt/airflow/dags/product_pipeline_dag.py
[2026-02-12T13:29:33.403+0000] {processor.py:830} INFO - Processing file /opt/airflow/dags/product_pipeline_dag.py for tasks to queue
[2026-02-12T13:29:33.413+0000] {logging_mixin.py:188} INFO - [2026-02-12T13:29:33.412+0000] {dagbag.py:545} INFO - Filling up the DagBag from /opt/airflow/dags/product_pipeline_dag.py
[2026-02-12T13:29:33.510+0000] {processor.py:840} INFO - DAG(s) 'product_price_pipeline' retrieved from /opt/airflow/dags/product_pipeline_dag.py
[2026-02-12T13:29:33.561+0000] {logging_mixin.py:188} INFO - [2026-02-12T13:29:33.560+0000] {dag.py:3089} INFO - Sync 1 DAGs
[2026-02-12T13:29:33.614+0000] {logging_mixin.py:188} INFO - [2026-02-12T13:29:33.613+0000] {dag.py:3947} INFO - Setting next_dagrun for product_price_pipeline to 2026-02-12 00:00:00+00:00, run_after=2026-02-13 00:00:00+00:00
[2026-02-12T13:29:33.673+0000] {processor.py:183} INFO - Processing /opt/airflow/dags/product_pipeline_dag.py took 0.286 seconds
[2026-02-12T13:30:07.562+0000] {processor.py:161} INFO - Started process (PID=281) to work on /opt/airflow/dags/product_pipeline_dag.py
[2026-02-12T13:30:07.571+0000] {processor.py:830} INFO - Processing file /opt/airflow/dags/product_pipeline_dag.py for tasks to queue
[2026-02-12T13:30:07.578+0000] {logging_mixin.py:188} INFO - [2026-02-12T13:30:07.576+0000] {dagbag.py:545} INFO - Filling up the DagBag from /opt/airflow/dags/product_pipeline_dag.py
[2026-02-12T13:30:07.687+0000] {processor.py:840} INFO - DAG(s) 'product_price_pipeline' retrieved from /opt/airflow/dags/product_pipeline_dag.py
[2026-02-12T13:30:08.233+0000] {logging_mixin.py:188} INFO - [2026-02-12T13:30:08.233+0000] {dag.py:3089} INFO - Sync 1 DAGs
[2026-02-12T13:30:08.347+0000] {logging_mixin.py:188} INFO - [2026-02-12T13:30:08.346+0000] {dag.py:3947} INFO - Setting next_dagrun for product_price_pipeline to 2026-02-12 00:00:00+00:00, run_after=2026-02-13 00:00:00+00:00
[2026-02-12T13:30:08.447+0000] {processor.py:183} INFO - Processing /opt/airflow/dags/product_pipeline_dag.py took 0.904 seconds
[2026-02-12T13:30:39.210+0000] {processor.py:161} INFO - Started process (PID=314) to work on /opt/airflow/dags/product_pipeline_dag.py
[2026-02-12T13:30:39.213+0000] {processor.py:830} INFO - Processing file /opt/airflow/dags/product_pipeline_dag.py for tasks to queue
[2026-02-12T13:30:39.223+0000] {logging_mixin.py:188} INFO - [2026-02-12T13:30:39.221+0000] {dagbag.py:545} INFO - Filling up the DagBag from /opt/airflow/dags/product_pipeline_dag.py
[2026-02-12T13:30:39.308+0000] {processor.py:840} INFO - DAG(s) 'product_price_pipeline' retrieved from /opt/airflow/dags/product_pipeline_dag.py
[2026-02-12T13:30:39.407+0000] {logging_mixin.py:188} INFO - [2026-02-12T13:30:39.406+0000] {dag.py:3089} INFO - Sync 1 DAGs
[2026-02-12T13:30:39.476+0000] {logging_mixin.py:188} INFO - [2026-02-12T13:30:39.475+0000] {dag.py:3947} INFO - Setting next_dagrun for product_price_pipeline to 2026-02-12 00:00:00+00:00, run_after=2026-02-13 00:00:00+00:00
[2026-02-12T13:30:39.538+0000] {processor.py:183} INFO - Processing /opt/airflow/dags/product_pipeline_dag.py took 0.351 seconds
[2026-02-12T13:31:36.439+0000] {processor.py:161} INFO - Started process (PID=224) to work on /opt/airflow/dags/product_pipeline_dag.py
[2026-02-12T13:31:36.443+0000] {processor.py:830} INFO - Processing file /opt/airflow/dags/product_pipeline_dag.py for tasks to queue
[2026-02-12T13:31:36.453+0000] {logging_mixin.py:188} INFO - [2026-02-12T13:31:36.452+0000] {dagbag.py:545} INFO - Filling up the DagBag from /opt/airflow/dags/product_pipeline_dag.py
[2026-02-12T13:31:36.550+0000] {processor.py:840} INFO - DAG(s) 'product_price_pipeline' retrieved from /opt/airflow/dags/product_pipeline_dag.py
[2026-02-12T13:31:36.584+0000] {logging_mixin.py:188} INFO - [2026-02-12T13:31:36.583+0000] {dag.py:3089} INFO - Sync 1 DAGs
[2026-02-12T13:31:36.661+0000] {logging_mixin.py:188} INFO - [2026-02-12T13:31:36.661+0000] {dag.py:3947} INFO - Setting next_dagrun for product_price_pipeline to 2026-02-12 00:00:00+00:00, run_after=2026-02-13 00:00:00+00:00
[2026-02-12T13:31:36.750+0000] {processor.py:183} INFO - Processing /opt/airflow/dags/product_pipeline_dag.py took 0.326 seconds
[2026-02-12T13:32:08.568+0000] {processor.py:161} INFO - Started process (PID=282) to work on /opt/airflow/dags/product_pipeline_dag.py
[2026-02-12T13:32:08.573+0000] {processor.py:830} INFO - Processing file /opt/airflow/dags/product_pipeline_dag.py for tasks to queue
[2026-02-12T13:32:08.581+0000] {logging_mixin.py:188} INFO - [2026-02-12T13:32:08.581+0000] {dagbag.py:545} INFO - Filling up the DagBag from /opt/airflow/dags/product_pipeline_dag.py
[2026-02-12T13:32:08.688+0000] {processor.py:840} INFO - DAG(s) 'product_price_pipeline' retrieved from /opt/airflow/dags/product_pipeline_dag.py
[2026-02-12T13:32:09.014+0000] {logging_mixin.py:188} INFO - [2026-02-12T13:32:09.013+0000] {dag.py:3089} INFO - Sync 1 DAGs
[2026-02-12T13:32:09.064+0000] {logging_mixin.py:188} INFO - [2026-02-12T13:32:09.063+0000] {dag.py:3947} INFO - Setting next_dagrun for product_price_pipeline to 2026-02-12 00:00:00+00:00, run_after=2026-02-13 00:00:00+00:00
[2026-02-12T13:32:09.164+0000] {processor.py:183} INFO - Processing /opt/airflow/dags/product_pipeline_dag.py took 0.616 seconds
[2026-02-12T13:32:39.378+0000] {processor.py:161} INFO - Started process (PID=314) to work on /opt/airflow/dags/product_pipeline_dag.py
[2026-02-12T13:32:39.380+0000] {processor.py:830} INFO - Processing file /opt/airflow/dags/product_pipeline_dag.py for tasks to queue
[2026-02-12T13:32:39.384+0000] {logging_mixin.py:188} INFO - [2026-02-12T13:32:39.383+0000] {dagbag.py:545} INFO - Filling up the DagBag from /opt/airflow/dags/product_pipeline_dag.py
[2026-02-12T13:32:39.426+0000] {processor.py:840} INFO - DAG(s) 'product_price_pipeline' retrieved from /opt/airflow/dags/product_pipeline_dag.py
[2026-02-12T13:32:39.464+0000] {logging_mixin.py:188} INFO - [2026-02-12T13:32:39.463+0000] {dag.py:3089} INFO - Sync 1 DAGs
[2026-02-12T13:32:39.495+0000] {logging_mixin.py:188} INFO - [2026-02-12T13:32:39.494+0000] {dag.py:3947} INFO - Setting next_dagrun for product_price_pipeline to 2026-02-12 00:00:00+00:00, run_after=2026-02-13 00:00:00+00:00
[2026-02-12T13:32:39.536+0000] {processor.py:183} INFO - Processing /opt/airflow/dags/product_pipeline_dag.py took 0.166 seconds
[2026-02-12T13:33:10.648+0000] {processor.py:161} INFO - Started process (PID=343) to work on /opt/airflow/dags/product_pipeline_dag.py
[2026-02-12T13:33:10.650+0000] {processor.py:830} INFO - Processing file /opt/airflow/dags/product_pipeline_dag.py for tasks to queue
[2026-02-12T13:33:10.655+0000] {logging_mixin.py:188} INFO - [2026-02-12T13:33:10.654+0000] {dagbag.py:545} INFO - Filling up the DagBag from /opt/airflow/dags/product_pipeline_dag.py
[2026-02-12T13:33:10.702+0000] {processor.py:840} INFO - DAG(s) 'product_price_pipeline' retrieved from /opt/airflow/dags/product_pipeline_dag.py
[2026-02-12T13:33:10.748+0000] {logging_mixin.py:188} INFO - [2026-02-12T13:33:10.747+0000] {dag.py:3089} INFO - Sync 1 DAGs
[2026-02-12T13:33:10.785+0000] {logging_mixin.py:188} INFO - [2026-02-12T13:33:10.784+0000] {dag.py:3947} INFO - Setting next_dagrun for product_price_pipeline to 2026-02-12 00:00:00+00:00, run_after=2026-02-13 00:00:00+00:00
[2026-02-12T13:33:10.826+0000] {processor.py:183} INFO - Processing /opt/airflow/dags/product_pipeline_dag.py took 0.185 seconds
[2026-02-12T13:33:41.416+0000] {processor.py:161} INFO - Started process (PID=372) to work on /opt/airflow/dags/product_pipeline_dag.py
[2026-02-12T13:33:41.420+0000] {processor.py:830} INFO - Processing file /opt/airflow/dags/product_pipeline_dag.py for tasks to queue
[2026-02-12T13:33:41.424+0000] {logging_mixin.py:188} INFO - [2026-02-12T13:33:41.423+0000] {dagbag.py:545} INFO - Filling up the DagBag from /opt/airflow/dags/product_pipeline_dag.py
[2026-02-12T13:33:41.480+0000] {processor.py:840} INFO - DAG(s) 'product_price_pipeline' retrieved from /opt/airflow/dags/product_pipeline_dag.py
[2026-02-12T13:33:41.561+0000] {logging_mixin.py:188} INFO - [2026-02-12T13:33:41.561+0000] {dag.py:3089} INFO - Sync 1 DAGs
[2026-02-12T13:33:41.635+0000] {logging_mixin.py:188} INFO - [2026-02-12T13:33:41.634+0000] {dag.py:3947} INFO - Setting next_dagrun for product_price_pipeline to 2026-02-12 00:00:00+00:00, run_after=2026-02-13 00:00:00+00:00
[2026-02-12T13:33:41.690+0000] {processor.py:183} INFO - Processing /opt/airflow/dags/product_pipeline_dag.py took 0.287 seconds
[2026-02-12T13:34:12.053+0000] {processor.py:161} INFO - Started process (PID=406) to work on /opt/airflow/dags/product_pipeline_dag.py
[2026-02-12T13:34:12.055+0000] {processor.py:830} INFO - Processing file /opt/airflow/dags/product_pipeline_dag.py for tasks to queue
[2026-02-12T13:34:12.058+0000] {logging_mixin.py:188} INFO - [2026-02-12T13:34:12.057+0000] {dagbag.py:545} INFO - Filling up the DagBag from /opt/airflow/dags/product_pipeline_dag.py
[2026-02-12T13:34:12.091+0000] {processor.py:840} INFO - DAG(s) 'product_price_pipeline' retrieved from /opt/airflow/dags/product_pipeline_dag.py
[2026-02-12T13:34:12.132+0000] {logging_mixin.py:188} INFO - [2026-02-12T13:34:12.131+0000] {dag.py:3089} INFO - Sync 1 DAGs
[2026-02-12T13:34:12.158+0000] {logging_mixin.py:188} INFO - [2026-02-12T13:34:12.158+0000] {dag.py:3947} INFO - Setting next_dagrun for product_price_pipeline to 2026-02-12 00:00:00+00:00, run_after=2026-02-13 00:00:00+00:00
[2026-02-12T13:34:12.184+0000] {processor.py:183} INFO - Processing /opt/airflow/dags/product_pipeline_dag.py took 0.140 seconds
[2026-02-12T13:34:42.902+0000] {processor.py:161} INFO - Started process (PID=435) to work on /opt/airflow/dags/product_pipeline_dag.py
[2026-02-12T13:34:42.905+0000] {processor.py:830} INFO - Processing file /opt/airflow/dags/product_pipeline_dag.py for tasks to queue
[2026-02-12T13:34:42.909+0000] {logging_mixin.py:188} INFO - [2026-02-12T13:34:42.908+0000] {dagbag.py:545} INFO - Filling up the DagBag from /opt/airflow/dags/product_pipeline_dag.py
[2026-02-12T13:34:42.950+0000] {processor.py:840} INFO - DAG(s) 'product_price_pipeline' retrieved from /opt/airflow/dags/product_pipeline_dag.py
[2026-02-12T13:34:42.992+0000] {logging_mixin.py:188} INFO - [2026-02-12T13:34:42.991+0000] {dag.py:3089} INFO - Sync 1 DAGs
[2026-02-12T13:34:43.018+0000] {logging_mixin.py:188} INFO - [2026-02-12T13:34:43.017+0000] {dag.py:3947} INFO - Setting next_dagrun for product_price_pipeline to 2026-02-12 00:00:00+00:00, run_after=2026-02-13 00:00:00+00:00
[2026-02-12T13:34:43.059+0000] {processor.py:183} INFO - Processing /opt/airflow/dags/product_pipeline_dag.py took 0.165 seconds
[2026-02-12T13:35:14.330+0000] {processor.py:161} INFO - Started process (PID=464) to work on /opt/airflow/dags/product_pipeline_dag.py
[2026-02-12T13:35:14.332+0000] {processor.py:830} INFO - Processing file /opt/airflow/dags/product_pipeline_dag.py for tasks to queue
[2026-02-12T13:35:14.336+0000] {logging_mixin.py:188} INFO - [2026-02-12T13:35:14.335+0000] {dagbag.py:545} INFO - Filling up the DagBag from /opt/airflow/dags/product_pipeline_dag.py
[2026-02-12T13:35:14.375+0000] {processor.py:840} INFO - DAG(s) 'product_price_pipeline' retrieved from /opt/airflow/dags/product_pipeline_dag.py
[2026-02-12T13:35:14.417+0000] {logging_mixin.py:188} INFO - [2026-02-12T13:35:14.416+0000] {dag.py:3089} INFO - Sync 1 DAGs
[2026-02-12T13:35:14.440+0000] {logging_mixin.py:188} INFO - [2026-02-12T13:35:14.440+0000] {dag.py:3947} INFO - Setting next_dagrun for product_price_pipeline to 2026-02-12 00:00:00+00:00, run_after=2026-02-13 00:00:00+00:00
[2026-02-12T13:35:14.469+0000] {processor.py:183} INFO - Processing /opt/airflow/dags/product_pipeline_dag.py took 0.146 seconds
[2026-02-12T13:35:45.377+0000] {processor.py:161} INFO - Started process (PID=493) to work on /opt/airflow/dags/product_pipeline_dag.py
[2026-02-12T13:35:45.379+0000] {processor.py:830} INFO - Processing file /opt/airflow/dags/product_pipeline_dag.py for tasks to queue
[2026-02-12T13:35:45.383+0000] {logging_mixin.py:188} INFO - [2026-02-12T13:35:45.382+0000] {dagbag.py:545} INFO - Filling up the DagBag from /opt/airflow/dags/product_pipeline_dag.py
[2026-02-12T13:35:45.426+0000] {processor.py:840} INFO - DAG(s) 'product_price_pipeline' retrieved from /opt/airflow/dags/product_pipeline_dag.py
[2026-02-12T13:35:45.464+0000] {logging_mixin.py:188} INFO - [2026-02-12T13:35:45.464+0000] {dag.py:3089} INFO - Sync 1 DAGs
[2026-02-12T13:35:45.492+0000] {logging_mixin.py:188} INFO - [2026-02-12T13:35:45.492+0000] {dag.py:3947} INFO - Setting next_dagrun for product_price_pipeline to 2026-02-12 00:00:00+00:00, run_after=2026-02-13 00:00:00+00:00
[2026-02-12T13:35:45.517+0000] {processor.py:183} INFO - Processing /opt/airflow/dags/product_pipeline_dag.py took 0.148 seconds
[2026-02-12T13:36:16.472+0000] {processor.py:161} INFO - Started process (PID=541) to work on /opt/airflow/dags/product_pipeline_dag.py
[2026-02-12T13:36:16.475+0000] {processor.py:830} INFO - Processing file /opt/airflow/dags/product_pipeline_dag.py for tasks to queue
[2026-02-12T13:36:16.479+0000] {logging_mixin.py:188} INFO - [2026-02-12T13:36:16.478+0000] {dagbag.py:545} INFO - Filling up the DagBag from /opt/airflow/dags/product_pipeline_dag.py
[2026-02-12T13:36:16.520+0000] {processor.py:840} INFO - DAG(s) 'product_price_pipeline' retrieved from /opt/airflow/dags/product_pipeline_dag.py
[2026-02-12T13:36:16.573+0000] {logging_mixin.py:188} INFO - [2026-02-12T13:36:16.572+0000] {dag.py:3089} INFO - Sync 1 DAGs
[2026-02-12T13:36:16.609+0000] {logging_mixin.py:188} INFO - [2026-02-12T13:36:16.608+0000] {dag.py:3947} INFO - Setting next_dagrun for product_price_pipeline to 2026-02-12 00:00:00+00:00, run_after=2026-02-13 00:00:00+00:00
[2026-02-12T13:36:16.640+0000] {processor.py:183} INFO - Processing /opt/airflow/dags/product_pipeline_dag.py took 0.179 seconds
[2026-02-12T13:36:47.560+0000] {processor.py:161} INFO - Started process (PID=571) to work on /opt/airflow/dags/product_pipeline_dag.py
[2026-02-12T13:36:47.562+0000] {processor.py:830} INFO - Processing file /opt/airflow/dags/product_pipeline_dag.py for tasks to queue
[2026-02-12T13:36:47.566+0000] {logging_mixin.py:188} INFO - [2026-02-12T13:36:47.565+0000] {dagbag.py:545} INFO - Filling up the DagBag from /opt/airflow/dags/product_pipeline_dag.py
[2026-02-12T13:36:47.612+0000] {processor.py:840} INFO - DAG(s) 'product_price_pipeline' retrieved from /opt/airflow/dags/product_pipeline_dag.py
[2026-02-12T13:36:47.647+0000] {logging_mixin.py:188} INFO - [2026-02-12T13:36:47.647+0000] {dag.py:3089} INFO - Sync 1 DAGs
[2026-02-12T13:36:47.671+0000] {logging_mixin.py:188} INFO - [2026-02-12T13:36:47.671+0000] {dag.py:3947} INFO - Setting next_dagrun for product_price_pipeline to 2026-02-12 00:00:00+00:00, run_after=2026-02-13 00:00:00+00:00
[2026-02-12T13:36:47.694+0000] {processor.py:183} INFO - Processing /opt/airflow/dags/product_pipeline_dag.py took 0.143 seconds
[2026-02-12T13:37:18.709+0000] {processor.py:161} INFO - Started process (PID=600) to work on /opt/airflow/dags/product_pipeline_dag.py
[2026-02-12T13:37:18.713+0000] {processor.py:830} INFO - Processing file /opt/airflow/dags/product_pipeline_dag.py for tasks to queue
[2026-02-12T13:37:18.723+0000] {logging_mixin.py:188} INFO - [2026-02-12T13:37:18.722+0000] {dagbag.py:545} INFO - Filling up the DagBag from /opt/airflow/dags/product_pipeline_dag.py
[2026-02-12T13:37:18.805+0000] {processor.py:840} INFO - DAG(s) 'product_price_pipeline' retrieved from /opt/airflow/dags/product_pipeline_dag.py
[2026-02-12T13:37:18.889+0000] {logging_mixin.py:188} INFO - [2026-02-12T13:37:18.888+0000] {dag.py:3089} INFO - Sync 1 DAGs
[2026-02-12T13:37:18.937+0000] {logging_mixin.py:188} INFO - [2026-02-12T13:37:18.937+0000] {dag.py:3947} INFO - Setting next_dagrun for product_price_pipeline to 2026-02-12 00:00:00+00:00, run_after=2026-02-13 00:00:00+00:00
[2026-02-12T13:37:18.983+0000] {processor.py:183} INFO - Processing /opt/airflow/dags/product_pipeline_dag.py took 0.287 seconds
[2026-02-12T13:37:49.787+0000] {processor.py:161} INFO - Started process (PID=629) to work on /opt/airflow/dags/product_pipeline_dag.py
[2026-02-12T13:37:49.789+0000] {processor.py:830} INFO - Processing file /opt/airflow/dags/product_pipeline_dag.py for tasks to queue
[2026-02-12T13:37:49.793+0000] {logging_mixin.py:188} INFO - [2026-02-12T13:37:49.793+0000] {dagbag.py:545} INFO - Filling up the DagBag from /opt/airflow/dags/product_pipeline_dag.py
[2026-02-12T13:37:49.841+0000] {processor.py:840} INFO - DAG(s) 'product_price_pipeline' retrieved from /opt/airflow/dags/product_pipeline_dag.py
[2026-02-12T13:37:49.886+0000] {logging_mixin.py:188} INFO - [2026-02-12T13:37:49.886+0000] {dag.py:3089} INFO - Sync 1 DAGs
[2026-02-12T13:37:49.918+0000] {logging_mixin.py:188} INFO - [2026-02-12T13:37:49.917+0000] {dag.py:3947} INFO - Setting next_dagrun for product_price_pipeline to 2026-02-12 00:00:00+00:00, run_after=2026-02-13 00:00:00+00:00
[2026-02-12T13:37:49.946+0000] {processor.py:183} INFO - Processing /opt/airflow/dags/product_pipeline_dag.py took 0.168 seconds
[2026-02-12T13:38:32.595+0000] {processor.py:161} INFO - Started process (PID=205) to work on /opt/airflow/dags/product_pipeline_dag.py
[2026-02-12T13:38:32.602+0000] {processor.py:830} INFO - Processing file /opt/airflow/dags/product_pipeline_dag.py for tasks to queue
[2026-02-12T13:38:32.613+0000] {logging_mixin.py:188} INFO - [2026-02-12T13:38:32.611+0000] {dagbag.py:545} INFO - Filling up the DagBag from /opt/airflow/dags/product_pipeline_dag.py
[2026-02-12T13:38:32.698+0000] {processor.py:840} INFO - DAG(s) 'product_price_pipeline' retrieved from /opt/airflow/dags/product_pipeline_dag.py
[2026-02-12T13:38:32.730+0000] {logging_mixin.py:188} INFO - [2026-02-12T13:38:32.729+0000] {dag.py:3089} INFO - Sync 1 DAGs
[2026-02-12T13:38:32.792+0000] {logging_mixin.py:188} INFO - [2026-02-12T13:38:32.792+0000] {dag.py:3947} INFO - Setting next_dagrun for product_price_pipeline to 2026-02-12 00:00:00+00:00, run_after=2026-02-13 00:00:00+00:00
[2026-02-12T13:38:32.863+0000] {processor.py:183} INFO - Processing /opt/airflow/dags/product_pipeline_dag.py took 0.287 seconds
[2026-02-12T13:39:06.393+0000] {processor.py:161} INFO - Started process (PID=261) to work on /opt/airflow/dags/product_pipeline_dag.py
[2026-02-12T13:39:06.398+0000] {processor.py:830} INFO - Processing file /opt/airflow/dags/product_pipeline_dag.py for tasks to queue
[2026-02-12T13:39:06.405+0000] {logging_mixin.py:188} INFO - [2026-02-12T13:39:06.404+0000] {dagbag.py:545} INFO - Filling up the DagBag from /opt/airflow/dags/product_pipeline_dag.py
[2026-02-12T13:39:06.502+0000] {processor.py:840} INFO - DAG(s) 'product_price_pipeline' retrieved from /opt/airflow/dags/product_pipeline_dag.py
[2026-02-12T13:39:06.792+0000] {logging_mixin.py:188} INFO - [2026-02-12T13:39:06.791+0000] {dag.py:3089} INFO - Sync 1 DAGs
[2026-02-12T13:39:06.874+0000] {logging_mixin.py:188} INFO - [2026-02-12T13:39:06.874+0000] {dag.py:3947} INFO - Setting next_dagrun for product_price_pipeline to 2026-02-12 00:00:00+00:00, run_after=2026-02-13 00:00:00+00:00
[2026-02-12T13:39:06.963+0000] {processor.py:183} INFO - Processing /opt/airflow/dags/product_pipeline_dag.py took 0.583 seconds
[2026-02-12T13:39:37.219+0000] {processor.py:161} INFO - Started process (PID=296) to work on /opt/airflow/dags/product_pipeline_dag.py
[2026-02-12T13:39:37.221+0000] {processor.py:830} INFO - Processing file /opt/airflow/dags/product_pipeline_dag.py for tasks to queue
[2026-02-12T13:39:37.225+0000] {logging_mixin.py:188} INFO - [2026-02-12T13:39:37.224+0000] {dagbag.py:545} INFO - Filling up the DagBag from /opt/airflow/dags/product_pipeline_dag.py
[2026-02-12T13:39:37.279+0000] {processor.py:840} INFO - DAG(s) 'product_price_pipeline' retrieved from /opt/airflow/dags/product_pipeline_dag.py
[2026-02-12T13:39:37.318+0000] {logging_mixin.py:188} INFO - [2026-02-12T13:39:37.318+0000] {dag.py:3089} INFO - Sync 1 DAGs
[2026-02-12T13:39:37.341+0000] {logging_mixin.py:188} INFO - [2026-02-12T13:39:37.341+0000] {dag.py:3947} INFO - Setting next_dagrun for product_price_pipeline to 2026-02-12 00:00:00+00:00, run_after=2026-02-13 00:00:00+00:00
[2026-02-12T13:39:37.369+0000] {processor.py:183} INFO - Processing /opt/airflow/dags/product_pipeline_dag.py took 0.163 seconds
[2026-02-12T13:40:08.007+0000] {processor.py:161} INFO - Started process (PID=323) to work on /opt/airflow/dags/product_pipeline_dag.py
[2026-02-12T13:40:08.010+0000] {processor.py:830} INFO - Processing file /opt/airflow/dags/product_pipeline_dag.py for tasks to queue
[2026-02-12T13:40:08.014+0000] {logging_mixin.py:188} INFO - [2026-02-12T13:40:08.013+0000] {dagbag.py:545} INFO - Filling up the DagBag from /opt/airflow/dags/product_pipeline_dag.py
[2026-02-12T13:40:08.056+0000] {processor.py:840} INFO - DAG(s) 'product_price_pipeline' retrieved from /opt/airflow/dags/product_pipeline_dag.py
[2026-02-12T13:40:08.091+0000] {logging_mixin.py:188} INFO - [2026-02-12T13:40:08.090+0000] {dag.py:3089} INFO - Sync 1 DAGs
[2026-02-12T13:40:08.116+0000] {logging_mixin.py:188} INFO - [2026-02-12T13:40:08.116+0000] {dag.py:3947} INFO - Setting next_dagrun for product_price_pipeline to 2026-02-12 00:00:00+00:00, run_after=2026-02-13 00:00:00+00:00
[2026-02-12T13:40:08.145+0000] {processor.py:183} INFO - Processing /opt/airflow/dags/product_pipeline_dag.py took 0.144 seconds
[2026-02-12T13:40:38.636+0000] {processor.py:161} INFO - Started process (PID=351) to work on /opt/airflow/dags/product_pipeline_dag.py
[2026-02-12T13:40:38.638+0000] {processor.py:830} INFO - Processing file /opt/airflow/dags/product_pipeline_dag.py for tasks to queue
[2026-02-12T13:40:38.640+0000] {logging_mixin.py:188} INFO - [2026-02-12T13:40:38.640+0000] {dagbag.py:545} INFO - Filling up the DagBag from /opt/airflow/dags/product_pipeline_dag.py
[2026-02-12T13:40:38.690+0000] {processor.py:840} INFO - DAG(s) 'product_price_pipeline' retrieved from /opt/airflow/dags/product_pipeline_dag.py
[2026-02-12T13:40:38.720+0000] {logging_mixin.py:188} INFO - [2026-02-12T13:40:38.720+0000] {dag.py:3089} INFO - Sync 1 DAGs
[2026-02-12T13:40:38.740+0000] {logging_mixin.py:188} INFO - [2026-02-12T13:40:38.739+0000] {dag.py:3947} INFO - Setting next_dagrun for product_price_pipeline to 2026-02-12 00:00:00+00:00, run_after=2026-02-13 00:00:00+00:00
[2026-02-12T13:40:38.764+0000] {processor.py:183} INFO - Processing /opt/airflow/dags/product_pipeline_dag.py took 0.135 seconds
[2026-02-12T13:41:09.245+0000] {processor.py:161} INFO - Started process (PID=375) to work on /opt/airflow/dags/product_pipeline_dag.py
[2026-02-12T13:41:09.246+0000] {processor.py:830} INFO - Processing file /opt/airflow/dags/product_pipeline_dag.py for tasks to queue
[2026-02-12T13:41:09.249+0000] {logging_mixin.py:188} INFO - [2026-02-12T13:41:09.249+0000] {dagbag.py:545} INFO - Filling up the DagBag from /opt/airflow/dags/product_pipeline_dag.py
[2026-02-12T13:41:09.285+0000] {processor.py:840} INFO - DAG(s) 'product_price_pipeline' retrieved from /opt/airflow/dags/product_pipeline_dag.py
[2026-02-12T13:41:09.329+0000] {logging_mixin.py:188} INFO - [2026-02-12T13:41:09.328+0000] {dag.py:3089} INFO - Sync 1 DAGs
[2026-02-12T13:41:09.364+0000] {logging_mixin.py:188} INFO - [2026-02-12T13:41:09.364+0000] {dag.py:3947} INFO - Setting next_dagrun for product_price_pipeline to 2026-02-12 00:00:00+00:00, run_after=2026-02-13 00:00:00+00:00
[2026-02-12T13:41:09.396+0000] {processor.py:183} INFO - Processing /opt/airflow/dags/product_pipeline_dag.py took 0.158 seconds
[2026-02-12T13:41:40.632+0000] {processor.py:161} INFO - Started process (PID=404) to work on /opt/airflow/dags/product_pipeline_dag.py
[2026-02-12T13:41:40.635+0000] {processor.py:830} INFO - Processing file /opt/airflow/dags/product_pipeline_dag.py for tasks to queue
[2026-02-12T13:41:40.639+0000] {logging_mixin.py:188} INFO - [2026-02-12T13:41:40.638+0000] {dagbag.py:545} INFO - Filling up the DagBag from /opt/airflow/dags/product_pipeline_dag.py
[2026-02-12T13:41:40.688+0000] {processor.py:840} INFO - DAG(s) 'product_price_pipeline' retrieved from /opt/airflow/dags/product_pipeline_dag.py
[2026-02-12T13:41:40.768+0000] {logging_mixin.py:188} INFO - [2026-02-12T13:41:40.768+0000] {dag.py:3089} INFO - Sync 1 DAGs
[2026-02-12T13:41:40.803+0000] {logging_mixin.py:188} INFO - [2026-02-12T13:41:40.802+0000] {dag.py:3947} INFO - Setting next_dagrun for product_price_pipeline to 2026-02-12 00:00:00+00:00, run_after=2026-02-13 00:00:00+00:00
[2026-02-12T13:41:40.826+0000] {processor.py:183} INFO - Processing /opt/airflow/dags/product_pipeline_dag.py took 0.203 seconds
[2026-02-12T13:42:12.111+0000] {processor.py:161} INFO - Started process (PID=433) to work on /opt/airflow/dags/product_pipeline_dag.py
[2026-02-12T13:42:12.113+0000] {processor.py:830} INFO - Processing file /opt/airflow/dags/product_pipeline_dag.py for tasks to queue
[2026-02-12T13:42:12.117+0000] {logging_mixin.py:188} INFO - [2026-02-12T13:42:12.116+0000] {dagbag.py:545} INFO - Filling up the DagBag from /opt/airflow/dags/product_pipeline_dag.py
[2026-02-12T13:42:12.153+0000] {processor.py:840} INFO - DAG(s) 'product_price_pipeline' retrieved from /opt/airflow/dags/product_pipeline_dag.py
[2026-02-12T13:42:12.192+0000] {logging_mixin.py:188} INFO - [2026-02-12T13:42:12.192+0000] {dag.py:3089} INFO - Sync 1 DAGs
[2026-02-12T13:42:12.220+0000] {logging_mixin.py:188} INFO - [2026-02-12T13:42:12.219+0000] {dag.py:3947} INFO - Setting next_dagrun for product_price_pipeline to 2026-02-12 00:00:00+00:00, run_after=2026-02-13 00:00:00+00:00
[2026-02-12T13:42:12.256+0000] {processor.py:183} INFO - Processing /opt/airflow/dags/product_pipeline_dag.py took 0.154 seconds
[2026-02-12T13:42:43.364+0000] {processor.py:161} INFO - Started process (PID=462) to work on /opt/airflow/dags/product_pipeline_dag.py
[2026-02-12T13:42:43.366+0000] {processor.py:830} INFO - Processing file /opt/airflow/dags/product_pipeline_dag.py for tasks to queue
[2026-02-12T13:42:43.371+0000] {logging_mixin.py:188} INFO - [2026-02-12T13:42:43.370+0000] {dagbag.py:545} INFO - Filling up the DagBag from /opt/airflow/dags/product_pipeline_dag.py
[2026-02-12T13:42:43.413+0000] {processor.py:840} INFO - DAG(s) 'product_price_pipeline' retrieved from /opt/airflow/dags/product_pipeline_dag.py
[2026-02-12T13:42:43.458+0000] {logging_mixin.py:188} INFO - [2026-02-12T13:42:43.457+0000] {dag.py:3089} INFO - Sync 1 DAGs
[2026-02-12T13:42:43.490+0000] {logging_mixin.py:188} INFO - [2026-02-12T13:42:43.490+0000] {dag.py:3947} INFO - Setting next_dagrun for product_price_pipeline to 2026-02-12 00:00:00+00:00, run_after=2026-02-13 00:00:00+00:00
[2026-02-12T13:42:43.521+0000] {processor.py:183} INFO - Processing /opt/airflow/dags/product_pipeline_dag.py took 0.172 seconds
[2026-02-12T13:43:14.427+0000] {processor.py:161} INFO - Started process (PID=492) to work on /opt/airflow/dags/product_pipeline_dag.py
[2026-02-12T13:43:14.430+0000] {processor.py:830} INFO - Processing file /opt/airflow/dags/product_pipeline_dag.py for tasks to queue
[2026-02-12T13:43:14.433+0000] {logging_mixin.py:188} INFO - [2026-02-12T13:43:14.432+0000] {dagbag.py:545} INFO - Filling up the DagBag from /opt/airflow/dags/product_pipeline_dag.py
[2026-02-12T13:43:14.483+0000] {processor.py:840} INFO - DAG(s) 'product_price_pipeline' retrieved from /opt/airflow/dags/product_pipeline_dag.py
[2026-02-12T13:43:14.540+0000] {logging_mixin.py:188} INFO - [2026-02-12T13:43:14.539+0000] {dag.py:3089} INFO - Sync 1 DAGs
[2026-02-12T13:43:14.576+0000] {logging_mixin.py:188} INFO - [2026-02-12T13:43:14.575+0000] {dag.py:3947} INFO - Setting next_dagrun for product_price_pipeline to 2026-02-12 00:00:00+00:00, run_after=2026-02-13 00:00:00+00:00
[2026-02-12T13:43:14.612+0000] {processor.py:183} INFO - Processing /opt/airflow/dags/product_pipeline_dag.py took 0.191 seconds
[2026-02-12T13:43:47.320+0000] {processor.py:161} INFO - Started process (PID=642) to work on /opt/airflow/dags/product_pipeline_dag.py
[2026-02-12T13:43:47.324+0000] {processor.py:830} INFO - Processing file /opt/airflow/dags/product_pipeline_dag.py for tasks to queue
[2026-02-12T13:43:47.329+0000] {logging_mixin.py:188} INFO - [2026-02-12T13:43:47.328+0000] {dagbag.py:545} INFO - Filling up the DagBag from /opt/airflow/dags/product_pipeline_dag.py
[2026-02-12T13:43:47.406+0000] {processor.py:840} INFO - DAG(s) 'product_price_pipeline' retrieved from /opt/airflow/dags/product_pipeline_dag.py
[2026-02-12T13:43:47.536+0000] {logging_mixin.py:188} INFO - [2026-02-12T13:43:47.535+0000] {dag.py:3089} INFO - Sync 1 DAGs
[2026-02-12T13:43:47.730+0000] {logging_mixin.py:188} INFO - [2026-02-12T13:43:47.730+0000] {dag.py:3947} INFO - Setting next_dagrun for product_price_pipeline to 2026-02-12 00:00:00+00:00, run_after=2026-02-13 00:00:00+00:00
[2026-02-12T13:43:47.794+0000] {processor.py:183} INFO - Processing /opt/airflow/dags/product_pipeline_dag.py took 0.487 seconds
[2026-02-12T13:44:18.292+0000] {processor.py:161} INFO - Started process (PID=669) to work on /opt/airflow/dags/product_pipeline_dag.py
[2026-02-12T13:44:18.294+0000] {processor.py:830} INFO - Processing file /opt/airflow/dags/product_pipeline_dag.py for tasks to queue
[2026-02-12T13:44:18.296+0000] {logging_mixin.py:188} INFO - [2026-02-12T13:44:18.296+0000] {dagbag.py:545} INFO - Filling up the DagBag from /opt/airflow/dags/product_pipeline_dag.py
[2026-02-12T13:44:18.340+0000] {processor.py:840} INFO - DAG(s) 'product_price_pipeline' retrieved from /opt/airflow/dags/product_pipeline_dag.py
[2026-02-12T13:44:18.377+0000] {logging_mixin.py:188} INFO - [2026-02-12T13:44:18.377+0000] {dag.py:3089} INFO - Sync 1 DAGs
[2026-02-12T13:44:18.405+0000] {logging_mixin.py:188} INFO - [2026-02-12T13:44:18.405+0000] {dag.py:3947} INFO - Setting next_dagrun for product_price_pipeline to 2026-02-12 00:00:00+00:00, run_after=2026-02-13 00:00:00+00:00
[2026-02-12T13:44:18.432+0000] {processor.py:183} INFO - Processing /opt/airflow/dags/product_pipeline_dag.py took 0.147 seconds
[2026-02-12T13:44:49.134+0000] {processor.py:161} INFO - Started process (PID=698) to work on /opt/airflow/dags/product_pipeline_dag.py
[2026-02-12T13:44:49.136+0000] {processor.py:830} INFO - Processing file /opt/airflow/dags/product_pipeline_dag.py for tasks to queue
[2026-02-12T13:44:49.139+0000] {logging_mixin.py:188} INFO - [2026-02-12T13:44:49.139+0000] {dagbag.py:545} INFO - Filling up the DagBag from /opt/airflow/dags/product_pipeline_dag.py
[2026-02-12T13:44:49.176+0000] {processor.py:840} INFO - DAG(s) 'product_price_pipeline' retrieved from /opt/airflow/dags/product_pipeline_dag.py
[2026-02-12T13:44:49.227+0000] {logging_mixin.py:188} INFO - [2026-02-12T13:44:49.227+0000] {dag.py:3089} INFO - Sync 1 DAGs
[2026-02-12T13:44:49.256+0000] {logging_mixin.py:188} INFO - [2026-02-12T13:44:49.256+0000] {dag.py:3947} INFO - Setting next_dagrun for product_price_pipeline to 2026-02-12 00:00:00+00:00, run_after=2026-02-13 00:00:00+00:00
[2026-02-12T13:44:49.283+0000] {processor.py:183} INFO - Processing /opt/airflow/dags/product_pipeline_dag.py took 0.159 seconds
[2026-02-12T13:45:20.511+0000] {processor.py:161} INFO - Started process (PID=727) to work on /opt/airflow/dags/product_pipeline_dag.py
[2026-02-12T13:45:20.516+0000] {processor.py:830} INFO - Processing file /opt/airflow/dags/product_pipeline_dag.py for tasks to queue
[2026-02-12T13:45:20.523+0000] {logging_mixin.py:188} INFO - [2026-02-12T13:45:20.522+0000] {dagbag.py:545} INFO - Filling up the DagBag from /opt/airflow/dags/product_pipeline_dag.py
[2026-02-12T13:45:20.597+0000] {processor.py:840} INFO - DAG(s) 'product_price_pipeline' retrieved from /opt/airflow/dags/product_pipeline_dag.py
[2026-02-12T13:45:20.691+0000] {logging_mixin.py:188} INFO - [2026-02-12T13:45:20.690+0000] {dag.py:3089} INFO - Sync 1 DAGs
[2026-02-12T13:45:20.732+0000] {logging_mixin.py:188} INFO - [2026-02-12T13:45:20.732+0000] {dag.py:3947} INFO - Setting next_dagrun for product_price_pipeline to 2026-02-12 00:00:00+00:00, run_after=2026-02-13 00:00:00+00:00
[2026-02-12T13:45:20.766+0000] {processor.py:183} INFO - Processing /opt/airflow/dags/product_pipeline_dag.py took 0.280 seconds
[2026-02-12T13:45:51.453+0000] {processor.py:161} INFO - Started process (PID=753) to work on /opt/airflow/dags/product_pipeline_dag.py
[2026-02-12T13:45:51.460+0000] {processor.py:830} INFO - Processing file /opt/airflow/dags/product_pipeline_dag.py for tasks to queue
[2026-02-12T13:45:51.470+0000] {logging_mixin.py:188} INFO - [2026-02-12T13:45:51.469+0000] {dagbag.py:545} INFO - Filling up the DagBag from /opt/airflow/dags/product_pipeline_dag.py
[2026-02-12T13:45:51.512+0000] {processor.py:840} INFO - DAG(s) 'product_price_pipeline' retrieved from /opt/airflow/dags/product_pipeline_dag.py
[2026-02-12T13:45:51.559+0000] {logging_mixin.py:188} INFO - [2026-02-12T13:45:51.559+0000] {dag.py:3089} INFO - Sync 1 DAGs
[2026-02-12T13:45:51.585+0000] {logging_mixin.py:188} INFO - [2026-02-12T13:45:51.584+0000] {dag.py:3947} INFO - Setting next_dagrun for product_price_pipeline to 2026-02-12 00:00:00+00:00, run_after=2026-02-13 00:00:00+00:00
[2026-02-12T13:45:51.616+0000] {processor.py:183} INFO - Processing /opt/airflow/dags/product_pipeline_dag.py took 0.187 seconds
[2026-02-12T13:46:22.429+0000] {processor.py:161} INFO - Started process (PID=785) to work on /opt/airflow/dags/product_pipeline_dag.py
[2026-02-12T13:46:22.432+0000] {processor.py:830} INFO - Processing file /opt/airflow/dags/product_pipeline_dag.py for tasks to queue
[2026-02-12T13:46:22.434+0000] {logging_mixin.py:188} INFO - [2026-02-12T13:46:22.433+0000] {dagbag.py:545} INFO - Filling up the DagBag from /opt/airflow/dags/product_pipeline_dag.py
[2026-02-12T13:46:22.494+0000] {processor.py:840} INFO - DAG(s) 'product_price_pipeline' retrieved from /opt/airflow/dags/product_pipeline_dag.py
[2026-02-12T13:46:22.555+0000] {logging_mixin.py:188} INFO - [2026-02-12T13:46:22.555+0000] {dag.py:3089} INFO - Sync 1 DAGs
[2026-02-12T13:46:22.608+0000] {logging_mixin.py:188} INFO - [2026-02-12T13:46:22.607+0000] {dag.py:3947} INFO - Setting next_dagrun for product_price_pipeline to 2026-02-12 00:00:00+00:00, run_after=2026-02-13 00:00:00+00:00
[2026-02-12T13:46:22.660+0000] {processor.py:183} INFO - Processing /opt/airflow/dags/product_pipeline_dag.py took 0.258 seconds
[2026-02-12T13:46:52.940+0000] {processor.py:161} INFO - Started process (PID=811) to work on /opt/airflow/dags/product_pipeline_dag.py
[2026-02-12T13:46:52.941+0000] {processor.py:830} INFO - Processing file /opt/airflow/dags/product_pipeline_dag.py for tasks to queue
[2026-02-12T13:46:52.944+0000] {logging_mixin.py:188} INFO - [2026-02-12T13:46:52.943+0000] {dagbag.py:545} INFO - Filling up the DagBag from /opt/airflow/dags/product_pipeline_dag.py
[2026-02-12T13:46:52.984+0000] {processor.py:840} INFO - DAG(s) 'product_price_pipeline' retrieved from /opt/airflow/dags/product_pipeline_dag.py
[2026-02-12T13:46:53.023+0000] {logging_mixin.py:188} INFO - [2026-02-12T13:46:53.023+0000] {dag.py:3089} INFO - Sync 1 DAGs
[2026-02-12T13:46:53.048+0000] {logging_mixin.py:188} INFO - [2026-02-12T13:46:53.048+0000] {dag.py:3947} INFO - Setting next_dagrun for product_price_pipeline to 2026-02-12 00:00:00+00:00, run_after=2026-02-13 00:00:00+00:00
[2026-02-12T13:46:53.080+0000] {processor.py:183} INFO - Processing /opt/airflow/dags/product_pipeline_dag.py took 0.145 seconds
[2026-02-12T13:47:23.932+0000] {processor.py:161} INFO - Started process (PID=840) to work on /opt/airflow/dags/product_pipeline_dag.py
[2026-02-12T13:47:23.935+0000] {processor.py:830} INFO - Processing file /opt/airflow/dags/product_pipeline_dag.py for tasks to queue
[2026-02-12T13:47:23.939+0000] {logging_mixin.py:188} INFO - [2026-02-12T13:47:23.939+0000] {dagbag.py:545} INFO - Filling up the DagBag from /opt/airflow/dags/product_pipeline_dag.py
[2026-02-12T13:47:24.009+0000] {processor.py:840} INFO - DAG(s) 'product_price_pipeline' retrieved from /opt/airflow/dags/product_pipeline_dag.py
[2026-02-12T13:47:24.088+0000] {logging_mixin.py:188} INFO - [2026-02-12T13:47:24.087+0000] {dag.py:3089} INFO - Sync 1 DAGs
[2026-02-12T13:47:24.131+0000] {logging_mixin.py:188} INFO - [2026-02-12T13:47:24.131+0000] {dag.py:3947} INFO - Setting next_dagrun for product_price_pipeline to 2026-02-12 00:00:00+00:00, run_after=2026-02-13 00:00:00+00:00
[2026-02-12T13:47:24.180+0000] {processor.py:183} INFO - Processing /opt/airflow/dags/product_pipeline_dag.py took 0.260 seconds
[2026-02-12T13:47:54.495+0000] {processor.py:161} INFO - Started process (PID=869) to work on /opt/airflow/dags/product_pipeline_dag.py
[2026-02-12T13:47:54.497+0000] {processor.py:830} INFO - Processing file /opt/airflow/dags/product_pipeline_dag.py for tasks to queue
[2026-02-12T13:47:54.499+0000] {logging_mixin.py:188} INFO - [2026-02-12T13:47:54.499+0000] {dagbag.py:545} INFO - Filling up the DagBag from /opt/airflow/dags/product_pipeline_dag.py
[2026-02-12T13:47:54.541+0000] {processor.py:840} INFO - DAG(s) 'product_price_pipeline' retrieved from /opt/airflow/dags/product_pipeline_dag.py
[2026-02-12T13:47:54.575+0000] {logging_mixin.py:188} INFO - [2026-02-12T13:47:54.575+0000] {dag.py:3089} INFO - Sync 1 DAGs
[2026-02-12T13:47:54.593+0000] {logging_mixin.py:188} INFO - [2026-02-12T13:47:54.593+0000] {dag.py:3947} INFO - Setting next_dagrun for product_price_pipeline to 2026-02-12 00:00:00+00:00, run_after=2026-02-13 00:00:00+00:00
[2026-02-12T13:47:54.616+0000] {processor.py:183} INFO - Processing /opt/airflow/dags/product_pipeline_dag.py took 0.127 seconds
[2026-02-12T13:48:25.565+0000] {processor.py:161} INFO - Started process (PID=898) to work on /opt/airflow/dags/product_pipeline_dag.py
[2026-02-12T13:48:25.567+0000] {processor.py:830} INFO - Processing file /opt/airflow/dags/product_pipeline_dag.py for tasks to queue
[2026-02-12T13:48:25.570+0000] {logging_mixin.py:188} INFO - [2026-02-12T13:48:25.569+0000] {dagbag.py:545} INFO - Filling up the DagBag from /opt/airflow/dags/product_pipeline_dag.py
[2026-02-12T13:48:25.618+0000] {processor.py:840} INFO - DAG(s) 'product_price_pipeline' retrieved from /opt/airflow/dags/product_pipeline_dag.py
[2026-02-12T13:48:25.656+0000] {logging_mixin.py:188} INFO - [2026-02-12T13:48:25.656+0000] {dag.py:3089} INFO - Sync 1 DAGs
[2026-02-12T13:48:25.682+0000] {logging_mixin.py:188} INFO - [2026-02-12T13:48:25.682+0000] {dag.py:3947} INFO - Setting next_dagrun for product_price_pipeline to 2026-02-12 00:00:00+00:00, run_after=2026-02-13 00:00:00+00:00
[2026-02-12T13:48:25.700+0000] {processor.py:183} INFO - Processing /opt/airflow/dags/product_pipeline_dag.py took 0.142 seconds
[2026-02-12T14:17:40.654+0000] {processor.py:161} INFO - Started process (PID=951) to work on /opt/airflow/dags/product_pipeline_dag.py
[2026-02-12T14:17:40.660+0000] {processor.py:830} INFO - Processing file /opt/airflow/dags/product_pipeline_dag.py for tasks to queue
[2026-02-12T14:17:40.669+0000] {logging_mixin.py:188} INFO - [2026-02-12T14:17:40.667+0000] {dagbag.py:545} INFO - Filling up the DagBag from /opt/airflow/dags/product_pipeline_dag.py
[2026-02-12T14:17:40.821+0000] {processor.py:840} INFO - DAG(s) 'product_price_pipeline' retrieved from /opt/airflow/dags/product_pipeline_dag.py
[2026-02-12T14:17:41.025+0000] {logging_mixin.py:188} INFO - [2026-02-12T14:17:41.025+0000] {dag.py:3089} INFO - Sync 1 DAGs
[2026-02-12T14:17:41.116+0000] {logging_mixin.py:188} INFO - [2026-02-12T14:17:41.115+0000] {dag.py:3947} INFO - Setting next_dagrun for product_price_pipeline to 2026-02-12 00:00:00+00:00, run_after=2026-02-13 00:00:00+00:00
[2026-02-12T14:17:41.225+0000] {processor.py:183} INFO - Processing /opt/airflow/dags/product_pipeline_dag.py took 0.613 seconds
[2026-02-12T14:18:12.097+0000] {processor.py:161} INFO - Started process (PID=980) to work on /opt/airflow/dags/product_pipeline_dag.py
[2026-02-12T14:18:12.101+0000] {processor.py:830} INFO - Processing file /opt/airflow/dags/product_pipeline_dag.py for tasks to queue
[2026-02-12T14:18:12.104+0000] {logging_mixin.py:188} INFO - [2026-02-12T14:18:12.104+0000] {dagbag.py:545} INFO - Filling up the DagBag from /opt/airflow/dags/product_pipeline_dag.py
[2026-02-12T14:18:12.170+0000] {processor.py:840} INFO - DAG(s) 'product_price_pipeline' retrieved from /opt/airflow/dags/product_pipeline_dag.py
[2026-02-12T14:18:12.230+0000] {logging_mixin.py:188} INFO - [2026-02-12T14:18:12.229+0000] {dag.py:3089} INFO - Sync 1 DAGs
[2026-02-12T14:18:12.265+0000] {logging_mixin.py:188} INFO - [2026-02-12T14:18:12.265+0000] {dag.py:3947} INFO - Setting next_dagrun for product_price_pipeline to 2026-02-12 00:00:00+00:00, run_after=2026-02-13 00:00:00+00:00
[2026-02-12T14:18:12.288+0000] {processor.py:183} INFO - Processing /opt/airflow/dags/product_pipeline_dag.py took 0.206 seconds
[2026-02-12T14:18:43.319+0000] {processor.py:161} INFO - Started process (PID=1009) to work on /opt/airflow/dags/product_pipeline_dag.py
[2026-02-12T14:18:43.321+0000] {processor.py:830} INFO - Processing file /opt/airflow/dags/product_pipeline_dag.py for tasks to queue
[2026-02-12T14:18:43.324+0000] {logging_mixin.py:188} INFO - [2026-02-12T14:18:43.323+0000] {dagbag.py:545} INFO - Filling up the DagBag from /opt/airflow/dags/product_pipeline_dag.py
[2026-02-12T14:18:43.374+0000] {processor.py:840} INFO - DAG(s) 'product_price_pipeline' retrieved from /opt/airflow/dags/product_pipeline_dag.py
[2026-02-12T14:18:43.404+0000] {logging_mixin.py:188} INFO - [2026-02-12T14:18:43.404+0000] {dag.py:3089} INFO - Sync 1 DAGs
[2026-02-12T14:18:43.426+0000] {logging_mixin.py:188} INFO - [2026-02-12T14:18:43.425+0000] {dag.py:3947} INFO - Setting next_dagrun for product_price_pipeline to 2026-02-12 00:00:00+00:00, run_after=2026-02-13 00:00:00+00:00
[2026-02-12T14:18:43.455+0000] {processor.py:183} INFO - Processing /opt/airflow/dags/product_pipeline_dag.py took 0.145 seconds
[2026-02-12T14:19:14.487+0000] {processor.py:161} INFO - Started process (PID=1038) to work on /opt/airflow/dags/product_pipeline_dag.py
[2026-02-12T14:19:14.489+0000] {processor.py:830} INFO - Processing file /opt/airflow/dags/product_pipeline_dag.py for tasks to queue
[2026-02-12T14:19:14.491+0000] {logging_mixin.py:188} INFO - [2026-02-12T14:19:14.491+0000] {dagbag.py:545} INFO - Filling up the DagBag from /opt/airflow/dags/product_pipeline_dag.py
[2026-02-12T14:19:14.543+0000] {processor.py:840} INFO - DAG(s) 'product_price_pipeline' retrieved from /opt/airflow/dags/product_pipeline_dag.py
[2026-02-12T14:19:14.569+0000] {logging_mixin.py:188} INFO - [2026-02-12T14:19:14.569+0000] {dag.py:3089} INFO - Sync 1 DAGs
[2026-02-12T14:19:14.587+0000] {logging_mixin.py:188} INFO - [2026-02-12T14:19:14.587+0000] {dag.py:3947} INFO - Setting next_dagrun for product_price_pipeline to 2026-02-12 00:00:00+00:00, run_after=2026-02-13 00:00:00+00:00
[2026-02-12T14:19:14.608+0000] {processor.py:183} INFO - Processing /opt/airflow/dags/product_pipeline_dag.py took 0.131 seconds
[2026-02-12T14:19:45.943+0000] {processor.py:161} INFO - Started process (PID=1067) to work on /opt/airflow/dags/product_pipeline_dag.py
[2026-02-12T14:19:45.945+0000] {processor.py:830} INFO - Processing file /opt/airflow/dags/product_pipeline_dag.py for tasks to queue
[2026-02-12T14:19:45.947+0000] {logging_mixin.py:188} INFO - [2026-02-12T14:19:45.946+0000] {dagbag.py:545} INFO - Filling up the DagBag from /opt/airflow/dags/product_pipeline_dag.py
[2026-02-12T14:19:45.978+0000] {processor.py:840} INFO - DAG(s) 'product_price_pipeline' retrieved from /opt/airflow/dags/product_pipeline_dag.py
[2026-02-12T14:19:46.010+0000] {logging_mixin.py:188} INFO - [2026-02-12T14:19:46.010+0000] {dag.py:3089} INFO - Sync 1 DAGs
[2026-02-12T14:19:46.031+0000] {logging_mixin.py:188} INFO - [2026-02-12T14:19:46.031+0000] {dag.py:3947} INFO - Setting next_dagrun for product_price_pipeline to 2026-02-12 00:00:00+00:00, run_after=2026-02-13 00:00:00+00:00
[2026-02-12T14:19:46.058+0000] {processor.py:183} INFO - Processing /opt/airflow/dags/product_pipeline_dag.py took 0.121 seconds
[2026-02-12T14:20:16.854+0000] {processor.py:161} INFO - Started process (PID=1094) to work on /opt/airflow/dags/product_pipeline_dag.py
[2026-02-12T14:20:16.857+0000] {processor.py:830} INFO - Processing file /opt/airflow/dags/product_pipeline_dag.py for tasks to queue
[2026-02-12T14:20:16.862+0000] {logging_mixin.py:188} INFO - [2026-02-12T14:20:16.862+0000] {dagbag.py:545} INFO - Filling up the DagBag from /opt/airflow/dags/product_pipeline_dag.py
[2026-02-12T14:20:16.904+0000] {processor.py:840} INFO - DAG(s) 'product_price_pipeline' retrieved from /opt/airflow/dags/product_pipeline_dag.py
[2026-02-12T14:20:16.951+0000] {logging_mixin.py:188} INFO - [2026-02-12T14:20:16.950+0000] {dag.py:3089} INFO - Sync 1 DAGs
[2026-02-12T14:20:16.982+0000] {logging_mixin.py:188} INFO - [2026-02-12T14:20:16.982+0000] {dag.py:3947} INFO - Setting next_dagrun for product_price_pipeline to 2026-02-12 00:00:00+00:00, run_after=2026-02-13 00:00:00+00:00
[2026-02-12T14:20:17.015+0000] {processor.py:183} INFO - Processing /opt/airflow/dags/product_pipeline_dag.py took 0.174 seconds
[2026-02-12T14:20:48.719+0000] {processor.py:161} INFO - Started process (PID=1125) to work on /opt/airflow/dags/product_pipeline_dag.py
[2026-02-12T14:20:48.721+0000] {processor.py:830} INFO - Processing file /opt/airflow/dags/product_pipeline_dag.py for tasks to queue
[2026-02-12T14:20:48.724+0000] {logging_mixin.py:188} INFO - [2026-02-12T14:20:48.723+0000] {dagbag.py:545} INFO - Filling up the DagBag from /opt/airflow/dags/product_pipeline_dag.py
[2026-02-12T14:20:48.784+0000] {processor.py:840} INFO - DAG(s) 'product_price_pipeline' retrieved from /opt/airflow/dags/product_pipeline_dag.py
[2026-02-12T14:20:48.817+0000] {logging_mixin.py:188} INFO - [2026-02-12T14:20:48.817+0000] {dag.py:3089} INFO - Sync 1 DAGs
[2026-02-12T14:20:48.839+0000] {logging_mixin.py:188} INFO - [2026-02-12T14:20:48.839+0000] {dag.py:3947} INFO - Setting next_dagrun for product_price_pipeline to 2026-02-12 00:00:00+00:00, run_after=2026-02-13 00:00:00+00:00
[2026-02-12T14:20:48.863+0000] {processor.py:183} INFO - Processing /opt/airflow/dags/product_pipeline_dag.py took 0.150 seconds
[2026-02-12T14:21:20.234+0000] {processor.py:161} INFO - Started process (PID=1154) to work on /opt/airflow/dags/product_pipeline_dag.py
[2026-02-12T14:21:20.237+0000] {processor.py:830} INFO - Processing file /opt/airflow/dags/product_pipeline_dag.py for tasks to queue
[2026-02-12T14:21:20.239+0000] {logging_mixin.py:188} INFO - [2026-02-12T14:21:20.239+0000] {dagbag.py:545} INFO - Filling up the DagBag from /opt/airflow/dags/product_pipeline_dag.py
[2026-02-12T14:21:20.292+0000] {processor.py:840} INFO - DAG(s) 'product_price_pipeline' retrieved from /opt/airflow/dags/product_pipeline_dag.py
[2026-02-12T14:21:20.326+0000] {logging_mixin.py:188} INFO - [2026-02-12T14:21:20.326+0000] {dag.py:3089} INFO - Sync 1 DAGs
[2026-02-12T14:21:20.369+0000] {logging_mixin.py:188} INFO - [2026-02-12T14:21:20.369+0000] {dag.py:3947} INFO - Setting next_dagrun for product_price_pipeline to 2026-02-12 00:00:00+00:00, run_after=2026-02-13 00:00:00+00:00
[2026-02-12T14:21:20.407+0000] {processor.py:183} INFO - Processing /opt/airflow/dags/product_pipeline_dag.py took 0.181 seconds
[2026-02-12T14:21:51.383+0000] {processor.py:161} INFO - Started process (PID=1183) to work on /opt/airflow/dags/product_pipeline_dag.py
[2026-02-12T14:21:51.385+0000] {processor.py:830} INFO - Processing file /opt/airflow/dags/product_pipeline_dag.py for tasks to queue
[2026-02-12T14:21:51.388+0000] {logging_mixin.py:188} INFO - [2026-02-12T14:21:51.388+0000] {dagbag.py:545} INFO - Filling up the DagBag from /opt/airflow/dags/product_pipeline_dag.py
[2026-02-12T14:21:51.466+0000] {processor.py:840} INFO - DAG(s) 'product_price_pipeline' retrieved from /opt/airflow/dags/product_pipeline_dag.py
[2026-02-12T14:21:51.547+0000] {logging_mixin.py:188} INFO - [2026-02-12T14:21:51.546+0000] {dag.py:3089} INFO - Sync 1 DAGs
[2026-02-12T14:21:51.582+0000] {logging_mixin.py:188} INFO - [2026-02-12T14:21:51.581+0000] {dag.py:3947} INFO - Setting next_dagrun for product_price_pipeline to 2026-02-12 00:00:00+00:00, run_after=2026-02-13 00:00:00+00:00
[2026-02-12T14:21:51.614+0000] {processor.py:183} INFO - Processing /opt/airflow/dags/product_pipeline_dag.py took 0.238 seconds
[2026-02-12T14:22:22.352+0000] {processor.py:161} INFO - Started process (PID=1212) to work on /opt/airflow/dags/product_pipeline_dag.py
[2026-02-12T14:22:22.354+0000] {processor.py:830} INFO - Processing file /opt/airflow/dags/product_pipeline_dag.py for tasks to queue
[2026-02-12T14:22:22.357+0000] {logging_mixin.py:188} INFO - [2026-02-12T14:22:22.357+0000] {dagbag.py:545} INFO - Filling up the DagBag from /opt/airflow/dags/product_pipeline_dag.py
[2026-02-12T14:22:22.401+0000] {processor.py:840} INFO - DAG(s) 'product_price_pipeline' retrieved from /opt/airflow/dags/product_pipeline_dag.py
[2026-02-12T14:22:22.442+0000] {logging_mixin.py:188} INFO - [2026-02-12T14:22:22.442+0000] {dag.py:3089} INFO - Sync 1 DAGs
[2026-02-12T14:22:22.466+0000] {logging_mixin.py:188} INFO - [2026-02-12T14:22:22.466+0000] {dag.py:3947} INFO - Setting next_dagrun for product_price_pipeline to 2026-02-12 00:00:00+00:00, run_after=2026-02-13 00:00:00+00:00
[2026-02-12T14:22:22.488+0000] {processor.py:183} INFO - Processing /opt/airflow/dags/product_pipeline_dag.py took 0.146 seconds
[2026-02-12T14:22:53.545+0000] {processor.py:161} INFO - Started process (PID=1241) to work on /opt/airflow/dags/product_pipeline_dag.py
[2026-02-12T14:22:53.548+0000] {processor.py:830} INFO - Processing file /opt/airflow/dags/product_pipeline_dag.py for tasks to queue
[2026-02-12T14:22:53.552+0000] {logging_mixin.py:188} INFO - [2026-02-12T14:22:53.551+0000] {dagbag.py:545} INFO - Filling up the DagBag from /opt/airflow/dags/product_pipeline_dag.py
[2026-02-12T14:22:53.603+0000] {processor.py:840} INFO - DAG(s) 'product_price_pipeline' retrieved from /opt/airflow/dags/product_pipeline_dag.py
[2026-02-12T14:22:53.657+0000] {logging_mixin.py:188} INFO - [2026-02-12T14:22:53.656+0000] {dag.py:3089} INFO - Sync 1 DAGs
[2026-02-12T14:22:53.682+0000] {logging_mixin.py:188} INFO - [2026-02-12T14:22:53.681+0000] {dag.py:3947} INFO - Setting next_dagrun for product_price_pipeline to 2026-02-12 00:00:00+00:00, run_after=2026-02-13 00:00:00+00:00
[2026-02-12T14:22:53.706+0000] {processor.py:183} INFO - Processing /opt/airflow/dags/product_pipeline_dag.py took 0.171 seconds
[2026-02-12T14:23:24.838+0000] {processor.py:161} INFO - Started process (PID=1270) to work on /opt/airflow/dags/product_pipeline_dag.py
[2026-02-12T14:23:24.840+0000] {processor.py:830} INFO - Processing file /opt/airflow/dags/product_pipeline_dag.py for tasks to queue
[2026-02-12T14:23:24.844+0000] {logging_mixin.py:188} INFO - [2026-02-12T14:23:24.843+0000] {dagbag.py:545} INFO - Filling up the DagBag from /opt/airflow/dags/product_pipeline_dag.py
[2026-02-12T14:23:24.908+0000] {processor.py:840} INFO - DAG(s) 'product_price_pipeline' retrieved from /opt/airflow/dags/product_pipeline_dag.py
[2026-02-12T14:23:24.948+0000] {logging_mixin.py:188} INFO - [2026-02-12T14:23:24.948+0000] {dag.py:3089} INFO - Sync 1 DAGs
[2026-02-12T14:23:24.967+0000] {logging_mixin.py:188} INFO - [2026-02-12T14:23:24.967+0000] {dag.py:3947} INFO - Setting next_dagrun for product_price_pipeline to 2026-02-12 00:00:00+00:00, run_after=2026-02-13 00:00:00+00:00
[2026-02-12T14:23:24.987+0000] {processor.py:183} INFO - Processing /opt/airflow/dags/product_pipeline_dag.py took 0.157 seconds
[2026-02-12T14:23:55.980+0000] {processor.py:161} INFO - Started process (PID=1299) to work on /opt/airflow/dags/product_pipeline_dag.py
[2026-02-12T14:23:55.983+0000] {processor.py:830} INFO - Processing file /opt/airflow/dags/product_pipeline_dag.py for tasks to queue
[2026-02-12T14:23:55.987+0000] {logging_mixin.py:188} INFO - [2026-02-12T14:23:55.986+0000] {dagbag.py:545} INFO - Filling up the DagBag from /opt/airflow/dags/product_pipeline_dag.py
[2026-02-12T14:23:56.053+0000] {processor.py:840} INFO - DAG(s) 'product_price_pipeline' retrieved from /opt/airflow/dags/product_pipeline_dag.py
[2026-02-12T14:23:56.086+0000] {logging_mixin.py:188} INFO - [2026-02-12T14:23:56.086+0000] {dag.py:3089} INFO - Sync 1 DAGs
[2026-02-12T14:23:56.110+0000] {logging_mixin.py:188} INFO - [2026-02-12T14:23:56.110+0000] {dag.py:3947} INFO - Setting next_dagrun for product_price_pipeline to 2026-02-12 00:00:00+00:00, run_after=2026-02-13 00:00:00+00:00
[2026-02-12T14:23:56.166+0000] {processor.py:183} INFO - Processing /opt/airflow/dags/product_pipeline_dag.py took 0.198 seconds
[2026-02-12T14:24:27.253+0000] {processor.py:161} INFO - Started process (PID=1328) to work on /opt/airflow/dags/product_pipeline_dag.py
[2026-02-12T14:24:27.255+0000] {processor.py:830} INFO - Processing file /opt/airflow/dags/product_pipeline_dag.py for tasks to queue
[2026-02-12T14:24:27.258+0000] {logging_mixin.py:188} INFO - [2026-02-12T14:24:27.257+0000] {dagbag.py:545} INFO - Filling up the DagBag from /opt/airflow/dags/product_pipeline_dag.py
[2026-02-12T14:24:27.315+0000] {processor.py:840} INFO - DAG(s) 'product_price_pipeline' retrieved from /opt/airflow/dags/product_pipeline_dag.py
[2026-02-12T14:24:27.349+0000] {logging_mixin.py:188} INFO - [2026-02-12T14:24:27.349+0000] {dag.py:3089} INFO - Sync 1 DAGs
[2026-02-12T14:24:27.367+0000] {logging_mixin.py:188} INFO - [2026-02-12T14:24:27.367+0000] {dag.py:3947} INFO - Setting next_dagrun for product_price_pipeline to 2026-02-12 00:00:00+00:00, run_after=2026-02-13 00:00:00+00:00
[2026-02-12T14:24:27.393+0000] {processor.py:183} INFO - Processing /opt/airflow/dags/product_pipeline_dag.py took 0.147 seconds
[2026-02-12T14:24:58.225+0000] {processor.py:161} INFO - Started process (PID=1357) to work on /opt/airflow/dags/product_pipeline_dag.py
[2026-02-12T14:24:58.227+0000] {processor.py:830} INFO - Processing file /opt/airflow/dags/product_pipeline_dag.py for tasks to queue
[2026-02-12T14:24:58.230+0000] {logging_mixin.py:188} INFO - [2026-02-12T14:24:58.230+0000] {dagbag.py:545} INFO - Filling up the DagBag from /opt/airflow/dags/product_pipeline_dag.py
[2026-02-12T14:24:58.292+0000] {processor.py:840} INFO - DAG(s) 'product_price_pipeline' retrieved from /opt/airflow/dags/product_pipeline_dag.py
[2026-02-12T14:24:58.340+0000] {logging_mixin.py:188} INFO - [2026-02-12T14:24:58.340+0000] {dag.py:3089} INFO - Sync 1 DAGs
[2026-02-12T14:24:58.359+0000] {logging_mixin.py:188} INFO - [2026-02-12T14:24:58.359+0000] {dag.py:3947} INFO - Setting next_dagrun for product_price_pipeline to 2026-02-12 00:00:00+00:00, run_after=2026-02-13 00:00:00+00:00
[2026-02-12T14:24:58.377+0000] {processor.py:183} INFO - Processing /opt/airflow/dags/product_pipeline_dag.py took 0.163 seconds
[2026-02-12T14:25:29.375+0000] {processor.py:161} INFO - Started process (PID=1386) to work on /opt/airflow/dags/product_pipeline_dag.py
[2026-02-12T14:25:29.376+0000] {processor.py:830} INFO - Processing file /opt/airflow/dags/product_pipeline_dag.py for tasks to queue
[2026-02-12T14:25:29.379+0000] {logging_mixin.py:188} INFO - [2026-02-12T14:25:29.379+0000] {dagbag.py:545} INFO - Filling up the DagBag from /opt/airflow/dags/product_pipeline_dag.py
[2026-02-12T14:25:29.438+0000] {processor.py:840} INFO - DAG(s) 'product_price_pipeline' retrieved from /opt/airflow/dags/product_pipeline_dag.py
[2026-02-12T14:25:29.466+0000] {logging_mixin.py:188} INFO - [2026-02-12T14:25:29.465+0000] {dag.py:3089} INFO - Sync 1 DAGs
[2026-02-12T14:25:29.488+0000] {logging_mixin.py:188} INFO - [2026-02-12T14:25:29.488+0000] {dag.py:3947} INFO - Setting next_dagrun for product_price_pipeline to 2026-02-12 00:00:00+00:00, run_after=2026-02-13 00:00:00+00:00
[2026-02-12T14:25:29.511+0000] {processor.py:183} INFO - Processing /opt/airflow/dags/product_pipeline_dag.py took 0.144 seconds
[2026-02-12T14:26:00.442+0000] {processor.py:161} INFO - Started process (PID=1415) to work on /opt/airflow/dags/product_pipeline_dag.py
[2026-02-12T14:26:00.445+0000] {processor.py:830} INFO - Processing file /opt/airflow/dags/product_pipeline_dag.py for tasks to queue
[2026-02-12T14:26:00.448+0000] {logging_mixin.py:188} INFO - [2026-02-12T14:26:00.448+0000] {dagbag.py:545} INFO - Filling up the DagBag from /opt/airflow/dags/product_pipeline_dag.py
[2026-02-12T14:26:00.491+0000] {processor.py:840} INFO - DAG(s) 'product_price_pipeline' retrieved from /opt/airflow/dags/product_pipeline_dag.py
[2026-02-12T14:26:00.519+0000] {logging_mixin.py:188} INFO - [2026-02-12T14:26:00.519+0000] {dag.py:3089} INFO - Sync 1 DAGs
[2026-02-12T14:26:00.538+0000] {logging_mixin.py:188} INFO - [2026-02-12T14:26:00.538+0000] {dag.py:3947} INFO - Setting next_dagrun for product_price_pipeline to 2026-02-12 00:00:00+00:00, run_after=2026-02-13 00:00:00+00:00
[2026-02-12T14:26:00.561+0000] {processor.py:183} INFO - Processing /opt/airflow/dags/product_pipeline_dag.py took 0.127 seconds
[2026-02-12T14:26:31.544+0000] {processor.py:161} INFO - Started process (PID=1444) to work on /opt/airflow/dags/product_pipeline_dag.py
[2026-02-12T14:26:31.547+0000] {processor.py:830} INFO - Processing file /opt/airflow/dags/product_pipeline_dag.py for tasks to queue
[2026-02-12T14:26:31.550+0000] {logging_mixin.py:188} INFO - [2026-02-12T14:26:31.549+0000] {dagbag.py:545} INFO - Filling up the DagBag from /opt/airflow/dags/product_pipeline_dag.py
[2026-02-12T14:26:31.609+0000] {processor.py:840} INFO - DAG(s) 'product_price_pipeline' retrieved from /opt/airflow/dags/product_pipeline_dag.py
[2026-02-12T14:26:31.654+0000] {logging_mixin.py:188} INFO - [2026-02-12T14:26:31.654+0000] {dag.py:3089} INFO - Sync 1 DAGs
[2026-02-12T14:26:31.671+0000] {logging_mixin.py:188} INFO - [2026-02-12T14:26:31.671+0000] {dag.py:3947} INFO - Setting next_dagrun for product_price_pipeline to 2026-02-12 00:00:00+00:00, run_after=2026-02-13 00:00:00+00:00
[2026-02-12T14:26:31.693+0000] {processor.py:183} INFO - Processing /opt/airflow/dags/product_pipeline_dag.py took 0.157 seconds
[2026-02-12T14:27:03.307+0000] {processor.py:161} INFO - Started process (PID=1473) to work on /opt/airflow/dags/product_pipeline_dag.py
[2026-02-12T14:27:03.311+0000] {processor.py:830} INFO - Processing file /opt/airflow/dags/product_pipeline_dag.py for tasks to queue
[2026-02-12T14:27:03.317+0000] {logging_mixin.py:188} INFO - [2026-02-12T14:27:03.316+0000] {dagbag.py:545} INFO - Filling up the DagBag from /opt/airflow/dags/product_pipeline_dag.py
[2026-02-12T14:27:03.379+0000] {processor.py:840} INFO - DAG(s) 'product_price_pipeline' retrieved from /opt/airflow/dags/product_pipeline_dag.py
[2026-02-12T14:27:03.441+0000] {logging_mixin.py:188} INFO - [2026-02-12T14:27:03.440+0000] {dag.py:3089} INFO - Sync 1 DAGs
[2026-02-12T14:27:03.494+0000] {logging_mixin.py:188} INFO - [2026-02-12T14:27:03.494+0000] {dag.py:3947} INFO - Setting next_dagrun for product_price_pipeline to 2026-02-12 00:00:00+00:00, run_after=2026-02-13 00:00:00+00:00
[2026-02-12T14:27:03.534+0000] {processor.py:183} INFO - Processing /opt/airflow/dags/product_pipeline_dag.py took 0.240 seconds
[2026-02-12T14:27:44.411+0000] {processor.py:161} INFO - Started process (PID=1502) to work on /opt/airflow/dags/product_pipeline_dag.py
[2026-02-12T14:27:44.414+0000] {processor.py:830} INFO - Processing file /opt/airflow/dags/product_pipeline_dag.py for tasks to queue
[2026-02-12T14:27:44.420+0000] {logging_mixin.py:188} INFO - [2026-02-12T14:27:44.419+0000] {dagbag.py:545} INFO - Filling up the DagBag from /opt/airflow/dags/product_pipeline_dag.py
[2026-02-12T14:27:44.519+0000] {processor.py:840} INFO - DAG(s) 'product_price_pipeline' retrieved from /opt/airflow/dags/product_pipeline_dag.py
[2026-02-12T14:27:44.620+0000] {logging_mixin.py:188} INFO - [2026-02-12T14:27:44.619+0000] {dag.py:3089} INFO - Sync 1 DAGs
[2026-02-12T14:27:44.685+0000] {logging_mixin.py:188} INFO - [2026-02-12T14:27:44.685+0000] {dag.py:3947} INFO - Setting next_dagrun for product_price_pipeline to 2026-02-12 00:00:00+00:00, run_after=2026-02-13 00:00:00+00:00
[2026-02-12T14:27:44.724+0000] {processor.py:183} INFO - Processing /opt/airflow/dags/product_pipeline_dag.py took 0.336 seconds
[2026-02-12T14:28:16.075+0000] {processor.py:161} INFO - Started process (PID=1529) to work on /opt/airflow/dags/product_pipeline_dag.py
[2026-02-12T14:28:16.079+0000] {processor.py:830} INFO - Processing file /opt/airflow/dags/product_pipeline_dag.py for tasks to queue
[2026-02-12T14:28:16.081+0000] {logging_mixin.py:188} INFO - [2026-02-12T14:28:16.081+0000] {dagbag.py:545} INFO - Filling up the DagBag from /opt/airflow/dags/product_pipeline_dag.py
[2026-02-12T14:28:16.139+0000] {processor.py:840} INFO - DAG(s) 'product_price_pipeline' retrieved from /opt/airflow/dags/product_pipeline_dag.py
[2026-02-12T14:28:16.221+0000] {logging_mixin.py:188} INFO - [2026-02-12T14:28:16.221+0000] {dag.py:3089} INFO - Sync 1 DAGs
[2026-02-12T14:28:16.271+0000] {logging_mixin.py:188} INFO - [2026-02-12T14:28:16.271+0000] {dag.py:3947} INFO - Setting next_dagrun for product_price_pipeline to 2026-02-12 00:00:00+00:00, run_after=2026-02-13 00:00:00+00:00
[2026-02-12T14:28:16.316+0000] {processor.py:183} INFO - Processing /opt/airflow/dags/product_pipeline_dag.py took 0.249 seconds
[2026-02-12T14:28:47.284+0000] {processor.py:161} INFO - Started process (PID=1560) to work on /opt/airflow/dags/product_pipeline_dag.py
[2026-02-12T14:28:47.286+0000] {processor.py:830} INFO - Processing file /opt/airflow/dags/product_pipeline_dag.py for tasks to queue
[2026-02-12T14:28:47.289+0000] {logging_mixin.py:188} INFO - [2026-02-12T14:28:47.289+0000] {dagbag.py:545} INFO - Filling up the DagBag from /opt/airflow/dags/product_pipeline_dag.py
[2026-02-12T14:28:47.348+0000] {processor.py:840} INFO - DAG(s) 'product_price_pipeline' retrieved from /opt/airflow/dags/product_pipeline_dag.py
[2026-02-12T14:28:47.394+0000] {logging_mixin.py:188} INFO - [2026-02-12T14:28:47.394+0000] {dag.py:3089} INFO - Sync 1 DAGs
[2026-02-12T14:28:47.419+0000] {logging_mixin.py:188} INFO - [2026-02-12T14:28:47.419+0000] {dag.py:3947} INFO - Setting next_dagrun for product_price_pipeline to 2026-02-12 00:00:00+00:00, run_after=2026-02-13 00:00:00+00:00
[2026-02-12T14:28:47.453+0000] {processor.py:183} INFO - Processing /opt/airflow/dags/product_pipeline_dag.py took 0.181 seconds
[2026-02-12T14:29:18.494+0000] {processor.py:161} INFO - Started process (PID=1589) to work on /opt/airflow/dags/product_pipeline_dag.py
[2026-02-12T14:29:18.496+0000] {processor.py:830} INFO - Processing file /opt/airflow/dags/product_pipeline_dag.py for tasks to queue
[2026-02-12T14:29:18.500+0000] {logging_mixin.py:188} INFO - [2026-02-12T14:29:18.500+0000] {dagbag.py:545} INFO - Filling up the DagBag from /opt/airflow/dags/product_pipeline_dag.py
[2026-02-12T14:29:18.568+0000] {processor.py:840} INFO - DAG(s) 'product_price_pipeline' retrieved from /opt/airflow/dags/product_pipeline_dag.py
[2026-02-12T14:29:18.607+0000] {logging_mixin.py:188} INFO - [2026-02-12T14:29:18.607+0000] {dag.py:3089} INFO - Sync 1 DAGs
[2026-02-12T14:29:18.631+0000] {logging_mixin.py:188} INFO - [2026-02-12T14:29:18.631+0000] {dag.py:3947} INFO - Setting next_dagrun for product_price_pipeline to 2026-02-12 00:00:00+00:00, run_after=2026-02-13 00:00:00+00:00
[2026-02-12T14:29:18.659+0000] {processor.py:183} INFO - Processing /opt/airflow/dags/product_pipeline_dag.py took 0.174 seconds
[2026-02-12T14:29:50.648+0000] {processor.py:161} INFO - Started process (PID=1616) to work on /opt/airflow/dags/product_pipeline_dag.py
[2026-02-12T14:29:50.651+0000] {processor.py:830} INFO - Processing file /opt/airflow/dags/product_pipeline_dag.py for tasks to queue
[2026-02-12T14:29:50.654+0000] {logging_mixin.py:188} INFO - [2026-02-12T14:29:50.654+0000] {dagbag.py:545} INFO - Filling up the DagBag from /opt/airflow/dags/product_pipeline_dag.py
[2026-02-12T14:29:50.714+0000] {processor.py:840} INFO - DAG(s) 'product_price_pipeline' retrieved from /opt/airflow/dags/product_pipeline_dag.py
[2026-02-12T14:29:50.786+0000] {logging_mixin.py:188} INFO - [2026-02-12T14:29:50.786+0000] {dag.py:3089} INFO - Sync 1 DAGs
[2026-02-12T14:29:50.841+0000] {logging_mixin.py:188} INFO - [2026-02-12T14:29:50.840+0000] {dag.py:3947} INFO - Setting next_dagrun for product_price_pipeline to 2026-02-12 00:00:00+00:00, run_after=2026-02-13 00:00:00+00:00
[2026-02-12T14:29:50.897+0000] {processor.py:183} INFO - Processing /opt/airflow/dags/product_pipeline_dag.py took 0.260 seconds
[2026-02-12T14:30:34.866+0000] {processor.py:161} INFO - Started process (PID=1645) to work on /opt/airflow/dags/product_pipeline_dag.py
[2026-02-12T14:30:34.871+0000] {processor.py:830} INFO - Processing file /opt/airflow/dags/product_pipeline_dag.py for tasks to queue
[2026-02-12T14:30:34.878+0000] {logging_mixin.py:188} INFO - [2026-02-12T14:30:34.877+0000] {dagbag.py:545} INFO - Filling up the DagBag from /opt/airflow/dags/product_pipeline_dag.py
[2026-02-12T14:30:35.049+0000] {processor.py:840} INFO - DAG(s) 'product_price_pipeline' retrieved from /opt/airflow/dags/product_pipeline_dag.py
[2026-02-12T14:30:35.320+0000] {logging_mixin.py:188} INFO - [2026-02-12T14:30:35.318+0000] {dag.py:3089} INFO - Sync 1 DAGs
[2026-02-12T14:30:35.439+0000] {logging_mixin.py:188} INFO - [2026-02-12T14:30:35.438+0000] {dag.py:3947} INFO - Setting next_dagrun for product_price_pipeline to 2026-02-12 00:00:00+00:00, run_after=2026-02-13 00:00:00+00:00
[2026-02-12T14:30:35.534+0000] {processor.py:183} INFO - Processing /opt/airflow/dags/product_pipeline_dag.py took 0.687 seconds
[2026-02-12T14:31:07.102+0000] {processor.py:161} INFO - Started process (PID=1674) to work on /opt/airflow/dags/product_pipeline_dag.py
[2026-02-12T14:31:07.108+0000] {processor.py:830} INFO - Processing file /opt/airflow/dags/product_pipeline_dag.py for tasks to queue
[2026-02-12T14:31:07.119+0000] {logging_mixin.py:188} INFO - [2026-02-12T14:31:07.117+0000] {dagbag.py:545} INFO - Filling up the DagBag from /opt/airflow/dags/product_pipeline_dag.py
[2026-02-12T14:31:07.214+0000] {processor.py:840} INFO - DAG(s) 'product_price_pipeline' retrieved from /opt/airflow/dags/product_pipeline_dag.py
[2026-02-12T14:31:07.337+0000] {logging_mixin.py:188} INFO - [2026-02-12T14:31:07.336+0000] {dag.py:3089} INFO - Sync 1 DAGs
[2026-02-12T14:31:07.417+0000] {logging_mixin.py:188} INFO - [2026-02-12T14:31:07.417+0000] {dag.py:3947} INFO - Setting next_dagrun for product_price_pipeline to 2026-02-12 00:00:00+00:00, run_after=2026-02-13 00:00:00+00:00
[2026-02-12T14:31:07.498+0000] {processor.py:183} INFO - Processing /opt/airflow/dags/product_pipeline_dag.py took 0.417 seconds
[2026-02-12T14:31:38.288+0000] {processor.py:161} INFO - Started process (PID=1702) to work on /opt/airflow/dags/product_pipeline_dag.py
[2026-02-12T14:31:38.290+0000] {processor.py:830} INFO - Processing file /opt/airflow/dags/product_pipeline_dag.py for tasks to queue
[2026-02-12T14:31:38.292+0000] {logging_mixin.py:188} INFO - [2026-02-12T14:31:38.292+0000] {dagbag.py:545} INFO - Filling up the DagBag from /opt/airflow/dags/product_pipeline_dag.py
[2026-02-12T14:31:38.344+0000] {processor.py:840} INFO - DAG(s) 'product_price_pipeline' retrieved from /opt/airflow/dags/product_pipeline_dag.py
[2026-02-12T14:31:38.378+0000] {logging_mixin.py:188} INFO - [2026-02-12T14:31:38.378+0000] {dag.py:3089} INFO - Sync 1 DAGs
[2026-02-12T14:31:38.403+0000] {logging_mixin.py:188} INFO - [2026-02-12T14:31:38.403+0000] {dag.py:3947} INFO - Setting next_dagrun for product_price_pipeline to 2026-02-12 00:00:00+00:00, run_after=2026-02-13 00:00:00+00:00
[2026-02-12T14:31:38.432+0000] {processor.py:183} INFO - Processing /opt/airflow/dags/product_pipeline_dag.py took 0.155 seconds
[2026-02-12T14:32:09.060+0000] {processor.py:161} INFO - Started process (PID=1731) to work on /opt/airflow/dags/product_pipeline_dag.py
[2026-02-12T14:32:09.061+0000] {processor.py:830} INFO - Processing file /opt/airflow/dags/product_pipeline_dag.py for tasks to queue
[2026-02-12T14:32:09.063+0000] {logging_mixin.py:188} INFO - [2026-02-12T14:32:09.063+0000] {dagbag.py:545} INFO - Filling up the DagBag from /opt/airflow/dags/product_pipeline_dag.py
[2026-02-12T14:32:09.103+0000] {processor.py:840} INFO - DAG(s) 'product_price_pipeline' retrieved from /opt/airflow/dags/product_pipeline_dag.py
[2026-02-12T14:32:09.135+0000] {logging_mixin.py:188} INFO - [2026-02-12T14:32:09.135+0000] {dag.py:3089} INFO - Sync 1 DAGs
[2026-02-12T14:32:09.157+0000] {logging_mixin.py:188} INFO - [2026-02-12T14:32:09.157+0000] {dag.py:3947} INFO - Setting next_dagrun for product_price_pipeline to 2026-02-12 00:00:00+00:00, run_after=2026-02-13 00:00:00+00:00
[2026-02-12T14:32:09.187+0000] {processor.py:183} INFO - Processing /opt/airflow/dags/product_pipeline_dag.py took 0.134 seconds
[2026-02-12T14:32:39.669+0000] {processor.py:161} INFO - Started process (PID=1754) to work on /opt/airflow/dags/product_pipeline_dag.py
[2026-02-12T14:32:39.672+0000] {processor.py:830} INFO - Processing file /opt/airflow/dags/product_pipeline_dag.py for tasks to queue
[2026-02-12T14:32:39.678+0000] {logging_mixin.py:188} INFO - [2026-02-12T14:32:39.677+0000] {dagbag.py:545} INFO - Filling up the DagBag from /opt/airflow/dags/product_pipeline_dag.py
[2026-02-12T14:32:39.757+0000] {processor.py:840} INFO - DAG(s) 'product_price_pipeline' retrieved from /opt/airflow/dags/product_pipeline_dag.py
[2026-02-12T14:32:39.867+0000] {logging_mixin.py:188} INFO - [2026-02-12T14:32:39.866+0000] {dag.py:3089} INFO - Sync 1 DAGs
[2026-02-12T14:32:39.956+0000] {logging_mixin.py:188} INFO - [2026-02-12T14:32:39.955+0000] {dag.py:3947} INFO - Setting next_dagrun for product_price_pipeline to 2026-02-12 00:00:00+00:00, run_after=2026-02-13 00:00:00+00:00
[2026-02-12T14:32:40.038+0000] {processor.py:183} INFO - Processing /opt/airflow/dags/product_pipeline_dag.py took 0.384 seconds
[2026-02-12T14:33:13.321+0000] {processor.py:161} INFO - Started process (PID=1778) to work on /opt/airflow/dags/product_pipeline_dag.py
[2026-02-12T14:33:13.323+0000] {processor.py:830} INFO - Processing file /opt/airflow/dags/product_pipeline_dag.py for tasks to queue
[2026-02-12T14:33:13.325+0000] {logging_mixin.py:188} INFO - [2026-02-12T14:33:13.325+0000] {dagbag.py:545} INFO - Filling up the DagBag from /opt/airflow/dags/product_pipeline_dag.py
[2026-02-12T14:33:13.376+0000] {processor.py:840} INFO - DAG(s) 'product_price_pipeline' retrieved from /opt/airflow/dags/product_pipeline_dag.py
[2026-02-12T14:33:13.429+0000] {logging_mixin.py:188} INFO - [2026-02-12T14:33:13.429+0000] {dag.py:3089} INFO - Sync 1 DAGs
[2026-02-12T14:33:13.461+0000] {logging_mixin.py:188} INFO - [2026-02-12T14:33:13.461+0000] {dag.py:3947} INFO - Setting next_dagrun for product_price_pipeline to 2026-02-12 00:00:00+00:00, run_after=2026-02-13 00:00:00+00:00
[2026-02-12T14:33:13.495+0000] {processor.py:183} INFO - Processing /opt/airflow/dags/product_pipeline_dag.py took 0.181 seconds
[2026-02-12T14:33:44.818+0000] {processor.py:161} INFO - Started process (PID=1807) to work on /opt/airflow/dags/product_pipeline_dag.py
[2026-02-12T14:33:44.820+0000] {processor.py:830} INFO - Processing file /opt/airflow/dags/product_pipeline_dag.py for tasks to queue
[2026-02-12T14:33:44.822+0000] {logging_mixin.py:188} INFO - [2026-02-12T14:33:44.822+0000] {dagbag.py:545} INFO - Filling up the DagBag from /opt/airflow/dags/product_pipeline_dag.py
[2026-02-12T14:33:44.894+0000] {processor.py:840} INFO - DAG(s) 'product_price_pipeline' retrieved from /opt/airflow/dags/product_pipeline_dag.py
[2026-02-12T14:33:44.952+0000] {logging_mixin.py:188} INFO - [2026-02-12T14:33:44.952+0000] {dag.py:3089} INFO - Sync 1 DAGs
[2026-02-12T14:33:44.984+0000] {logging_mixin.py:188} INFO - [2026-02-12T14:33:44.983+0000] {dag.py:3947} INFO - Setting next_dagrun for product_price_pipeline to 2026-02-12 00:00:00+00:00, run_after=2026-02-13 00:00:00+00:00
[2026-02-12T14:33:45.017+0000] {processor.py:183} INFO - Processing /opt/airflow/dags/product_pipeline_dag.py took 0.208 seconds
[2026-02-12T14:34:16.436+0000] {processor.py:161} INFO - Started process (PID=1836) to work on /opt/airflow/dags/product_pipeline_dag.py
[2026-02-12T14:34:16.438+0000] {processor.py:830} INFO - Processing file /opt/airflow/dags/product_pipeline_dag.py for tasks to queue
[2026-02-12T14:34:16.445+0000] {logging_mixin.py:188} INFO - [2026-02-12T14:34:16.444+0000] {dagbag.py:545} INFO - Filling up the DagBag from /opt/airflow/dags/product_pipeline_dag.py
[2026-02-12T14:34:16.502+0000] {processor.py:840} INFO - DAG(s) 'product_price_pipeline' retrieved from /opt/airflow/dags/product_pipeline_dag.py
[2026-02-12T14:34:16.560+0000] {logging_mixin.py:188} INFO - [2026-02-12T14:34:16.559+0000] {dag.py:3089} INFO - Sync 1 DAGs
[2026-02-12T14:34:16.610+0000] {logging_mixin.py:188} INFO - [2026-02-12T14:34:16.610+0000] {dag.py:3947} INFO - Setting next_dagrun for product_price_pipeline to 2026-02-12 00:00:00+00:00, run_after=2026-02-13 00:00:00+00:00
[2026-02-12T14:34:16.642+0000] {processor.py:183} INFO - Processing /opt/airflow/dags/product_pipeline_dag.py took 0.217 seconds
[2026-02-12T14:34:48.029+0000] {processor.py:161} INFO - Started process (PID=1865) to work on /opt/airflow/dags/product_pipeline_dag.py
[2026-02-12T14:34:48.031+0000] {processor.py:830} INFO - Processing file /opt/airflow/dags/product_pipeline_dag.py for tasks to queue
[2026-02-12T14:34:48.037+0000] {logging_mixin.py:188} INFO - [2026-02-12T14:34:48.035+0000] {dagbag.py:545} INFO - Filling up the DagBag from /opt/airflow/dags/product_pipeline_dag.py
[2026-02-12T14:34:48.097+0000] {processor.py:840} INFO - DAG(s) 'product_price_pipeline' retrieved from /opt/airflow/dags/product_pipeline_dag.py
[2026-02-12T14:34:48.145+0000] {logging_mixin.py:188} INFO - [2026-02-12T14:34:48.145+0000] {dag.py:3089} INFO - Sync 1 DAGs
[2026-02-12T14:34:48.176+0000] {logging_mixin.py:188} INFO - [2026-02-12T14:34:48.176+0000] {dag.py:3947} INFO - Setting next_dagrun for product_price_pipeline to 2026-02-12 00:00:00+00:00, run_after=2026-02-13 00:00:00+00:00
[2026-02-12T14:34:48.201+0000] {processor.py:183} INFO - Processing /opt/airflow/dags/product_pipeline_dag.py took 0.181 seconds
[2026-02-12T14:35:19.556+0000] {processor.py:161} INFO - Started process (PID=1896) to work on /opt/airflow/dags/product_pipeline_dag.py
[2026-02-12T14:35:19.558+0000] {processor.py:830} INFO - Processing file /opt/airflow/dags/product_pipeline_dag.py for tasks to queue
[2026-02-12T14:35:19.561+0000] {logging_mixin.py:188} INFO - [2026-02-12T14:35:19.561+0000] {dagbag.py:545} INFO - Filling up the DagBag from /opt/airflow/dags/product_pipeline_dag.py
[2026-02-12T14:35:19.611+0000] {processor.py:840} INFO - DAG(s) 'product_price_pipeline' retrieved from /opt/airflow/dags/product_pipeline_dag.py
[2026-02-12T14:35:19.677+0000] {logging_mixin.py:188} INFO - [2026-02-12T14:35:19.677+0000] {dag.py:3089} INFO - Sync 1 DAGs
[2026-02-12T14:35:19.761+0000] {logging_mixin.py:188} INFO - [2026-02-12T14:35:19.759+0000] {dag.py:3947} INFO - Setting next_dagrun for product_price_pipeline to 2026-02-12 00:00:00+00:00, run_after=2026-02-13 00:00:00+00:00
[2026-02-12T14:35:19.867+0000] {processor.py:183} INFO - Processing /opt/airflow/dags/product_pipeline_dag.py took 0.318 seconds
[2026-02-12T14:35:51.255+0000] {processor.py:161} INFO - Started process (PID=1923) to work on /opt/airflow/dags/product_pipeline_dag.py
[2026-02-12T14:35:51.257+0000] {processor.py:830} INFO - Processing file /opt/airflow/dags/product_pipeline_dag.py for tasks to queue
[2026-02-12T14:35:51.261+0000] {logging_mixin.py:188} INFO - [2026-02-12T14:35:51.260+0000] {dagbag.py:545} INFO - Filling up the DagBag from /opt/airflow/dags/product_pipeline_dag.py
[2026-02-12T14:35:51.299+0000] {processor.py:840} INFO - DAG(s) 'product_price_pipeline' retrieved from /opt/airflow/dags/product_pipeline_dag.py
[2026-02-12T14:35:51.351+0000] {logging_mixin.py:188} INFO - [2026-02-12T14:35:51.350+0000] {dag.py:3089} INFO - Sync 1 DAGs
[2026-02-12T14:35:51.383+0000] {logging_mixin.py:188} INFO - [2026-02-12T14:35:51.382+0000] {dag.py:3947} INFO - Setting next_dagrun for product_price_pipeline to 2026-02-12 00:00:00+00:00, run_after=2026-02-13 00:00:00+00:00
[2026-02-12T14:35:51.414+0000] {processor.py:183} INFO - Processing /opt/airflow/dags/product_pipeline_dag.py took 0.167 seconds
[2026-02-12T14:36:22.408+0000] {processor.py:161} INFO - Started process (PID=1952) to work on /opt/airflow/dags/product_pipeline_dag.py
[2026-02-12T14:36:22.410+0000] {processor.py:830} INFO - Processing file /opt/airflow/dags/product_pipeline_dag.py for tasks to queue
[2026-02-12T14:36:22.412+0000] {logging_mixin.py:188} INFO - [2026-02-12T14:36:22.412+0000] {dagbag.py:545} INFO - Filling up the DagBag from /opt/airflow/dags/product_pipeline_dag.py
[2026-02-12T14:36:22.466+0000] {processor.py:840} INFO - DAG(s) 'product_price_pipeline' retrieved from /opt/airflow/dags/product_pipeline_dag.py
[2026-02-12T14:36:22.501+0000] {logging_mixin.py:188} INFO - [2026-02-12T14:36:22.501+0000] {dag.py:3089} INFO - Sync 1 DAGs
[2026-02-12T14:36:22.523+0000] {logging_mixin.py:188} INFO - [2026-02-12T14:36:22.523+0000] {dag.py:3947} INFO - Setting next_dagrun for product_price_pipeline to 2026-02-12 00:00:00+00:00, run_after=2026-02-13 00:00:00+00:00
[2026-02-12T14:36:22.547+0000] {processor.py:183} INFO - Processing /opt/airflow/dags/product_pipeline_dag.py took 0.146 seconds
[2026-02-12T14:36:54.241+0000] {processor.py:161} INFO - Started process (PID=1981) to work on /opt/airflow/dags/product_pipeline_dag.py
[2026-02-12T14:36:54.243+0000] {processor.py:830} INFO - Processing file /opt/airflow/dags/product_pipeline_dag.py for tasks to queue
[2026-02-12T14:36:54.246+0000] {logging_mixin.py:188} INFO - [2026-02-12T14:36:54.245+0000] {dagbag.py:545} INFO - Filling up the DagBag from /opt/airflow/dags/product_pipeline_dag.py
[2026-02-12T14:36:54.294+0000] {processor.py:840} INFO - DAG(s) 'product_price_pipeline' retrieved from /opt/airflow/dags/product_pipeline_dag.py
[2026-02-12T14:36:54.337+0000] {logging_mixin.py:188} INFO - [2026-02-12T14:36:54.337+0000] {dag.py:3089} INFO - Sync 1 DAGs
[2026-02-12T14:36:54.382+0000] {logging_mixin.py:188} INFO - [2026-02-12T14:36:54.382+0000] {dag.py:3947} INFO - Setting next_dagrun for product_price_pipeline to 2026-02-12 00:00:00+00:00, run_after=2026-02-13 00:00:00+00:00
[2026-02-12T14:36:54.413+0000] {processor.py:183} INFO - Processing /opt/airflow/dags/product_pipeline_dag.py took 0.181 seconds
[2026-02-12T14:37:25.337+0000] {processor.py:161} INFO - Started process (PID=2010) to work on /opt/airflow/dags/product_pipeline_dag.py
[2026-02-12T14:37:25.340+0000] {processor.py:830} INFO - Processing file /opt/airflow/dags/product_pipeline_dag.py for tasks to queue
[2026-02-12T14:37:25.345+0000] {logging_mixin.py:188} INFO - [2026-02-12T14:37:25.344+0000] {dagbag.py:545} INFO - Filling up the DagBag from /opt/airflow/dags/product_pipeline_dag.py
[2026-02-12T14:37:25.399+0000] {processor.py:840} INFO - DAG(s) 'product_price_pipeline' retrieved from /opt/airflow/dags/product_pipeline_dag.py
[2026-02-12T14:37:25.446+0000] {logging_mixin.py:188} INFO - [2026-02-12T14:37:25.445+0000] {dag.py:3089} INFO - Sync 1 DAGs
[2026-02-12T14:37:25.478+0000] {logging_mixin.py:188} INFO - [2026-02-12T14:37:25.478+0000] {dag.py:3947} INFO - Setting next_dagrun for product_price_pipeline to 2026-02-12 00:00:00+00:00, run_after=2026-02-13 00:00:00+00:00
[2026-02-12T14:37:25.506+0000] {processor.py:183} INFO - Processing /opt/airflow/dags/product_pipeline_dag.py took 0.184 seconds
[2026-02-12T14:38:01.878+0000] {processor.py:161} INFO - Started process (PID=2041) to work on /opt/airflow/dags/product_pipeline_dag.py
[2026-02-12T14:38:01.888+0000] {processor.py:830} INFO - Processing file /opt/airflow/dags/product_pipeline_dag.py for tasks to queue
[2026-02-12T14:38:01.911+0000] {logging_mixin.py:188} INFO - [2026-02-12T14:38:01.908+0000] {dagbag.py:545} INFO - Filling up the DagBag from /opt/airflow/dags/product_pipeline_dag.py
[2026-02-12T14:38:02.107+0000] {processor.py:840} INFO - DAG(s) 'product_price_pipeline' retrieved from /opt/airflow/dags/product_pipeline_dag.py
[2026-02-12T14:38:02.278+0000] {logging_mixin.py:188} INFO - [2026-02-12T14:38:02.278+0000] {dag.py:3089} INFO - Sync 1 DAGs
[2026-02-12T14:38:02.397+0000] {logging_mixin.py:188} INFO - [2026-02-12T14:38:02.396+0000] {dag.py:3947} INFO - Setting next_dagrun for product_price_pipeline to 2026-02-12 00:00:00+00:00, run_after=2026-02-13 00:00:00+00:00
[2026-02-12T14:38:02.468+0000] {processor.py:183} INFO - Processing /opt/airflow/dags/product_pipeline_dag.py took 0.637 seconds
[2026-02-12T14:38:39.961+0000] {processor.py:161} INFO - Started process (PID=2082) to work on /opt/airflow/dags/product_pipeline_dag.py
[2026-02-12T14:38:39.979+0000] {processor.py:830} INFO - Processing file /opt/airflow/dags/product_pipeline_dag.py for tasks to queue
[2026-02-12T14:38:39.985+0000] {logging_mixin.py:188} INFO - [2026-02-12T14:38:39.984+0000] {dagbag.py:545} INFO - Filling up the DagBag from /opt/airflow/dags/product_pipeline_dag.py
[2026-02-12T14:38:40.063+0000] {processor.py:840} INFO - DAG(s) 'product_price_pipeline' retrieved from /opt/airflow/dags/product_pipeline_dag.py
[2026-02-12T14:38:40.143+0000] {logging_mixin.py:188} INFO - [2026-02-12T14:38:40.143+0000] {dag.py:3089} INFO - Sync 1 DAGs
[2026-02-12T14:38:40.181+0000] {logging_mixin.py:188} INFO - [2026-02-12T14:38:40.181+0000] {dag.py:3947} INFO - Setting next_dagrun for product_price_pipeline to 2026-02-12 00:00:00+00:00, run_after=2026-02-13 00:00:00+00:00
[2026-02-12T14:38:40.229+0000] {processor.py:183} INFO - Processing /opt/airflow/dags/product_pipeline_dag.py took 0.282 seconds
[2026-02-12T14:39:11.195+0000] {processor.py:161} INFO - Started process (PID=2109) to work on /opt/airflow/dags/product_pipeline_dag.py
[2026-02-12T14:39:11.197+0000] {processor.py:830} INFO - Processing file /opt/airflow/dags/product_pipeline_dag.py for tasks to queue
[2026-02-12T14:39:11.199+0000] {logging_mixin.py:188} INFO - [2026-02-12T14:39:11.199+0000] {dagbag.py:545} INFO - Filling up the DagBag from /opt/airflow/dags/product_pipeline_dag.py
[2026-02-12T14:39:11.240+0000] {processor.py:840} INFO - DAG(s) 'product_price_pipeline' retrieved from /opt/airflow/dags/product_pipeline_dag.py
[2026-02-12T14:39:11.272+0000] {logging_mixin.py:188} INFO - [2026-02-12T14:39:11.271+0000] {dag.py:3089} INFO - Sync 1 DAGs
[2026-02-12T14:39:11.294+0000] {logging_mixin.py:188} INFO - [2026-02-12T14:39:11.294+0000] {dag.py:3947} INFO - Setting next_dagrun for product_price_pipeline to 2026-02-12 00:00:00+00:00, run_after=2026-02-13 00:00:00+00:00
[2026-02-12T14:39:11.324+0000] {processor.py:183} INFO - Processing /opt/airflow/dags/product_pipeline_dag.py took 0.135 seconds
[2026-02-12T14:39:42.402+0000] {processor.py:161} INFO - Started process (PID=2138) to work on /opt/airflow/dags/product_pipeline_dag.py
[2026-02-12T14:39:42.405+0000] {processor.py:830} INFO - Processing file /opt/airflow/dags/product_pipeline_dag.py for tasks to queue
[2026-02-12T14:39:42.409+0000] {logging_mixin.py:188} INFO - [2026-02-12T14:39:42.408+0000] {dagbag.py:545} INFO - Filling up the DagBag from /opt/airflow/dags/product_pipeline_dag.py
[2026-02-12T14:39:42.459+0000] {processor.py:840} INFO - DAG(s) 'product_price_pipeline' retrieved from /opt/airflow/dags/product_pipeline_dag.py
[2026-02-12T14:39:42.514+0000] {logging_mixin.py:188} INFO - [2026-02-12T14:39:42.513+0000] {dag.py:3089} INFO - Sync 1 DAGs
[2026-02-12T14:39:42.541+0000] {logging_mixin.py:188} INFO - [2026-02-12T14:39:42.541+0000] {dag.py:3947} INFO - Setting next_dagrun for product_price_pipeline to 2026-02-12 00:00:00+00:00, run_after=2026-02-13 00:00:00+00:00
[2026-02-12T14:39:42.716+0000] {processor.py:183} INFO - Processing /opt/airflow/dags/product_pipeline_dag.py took 0.325 seconds
[2026-02-12T14:40:14.076+0000] {processor.py:161} INFO - Started process (PID=2167) to work on /opt/airflow/dags/product_pipeline_dag.py
[2026-02-12T14:40:14.078+0000] {processor.py:830} INFO - Processing file /opt/airflow/dags/product_pipeline_dag.py for tasks to queue
[2026-02-12T14:40:14.081+0000] {logging_mixin.py:188} INFO - [2026-02-12T14:40:14.081+0000] {dagbag.py:545} INFO - Filling up the DagBag from /opt/airflow/dags/product_pipeline_dag.py
[2026-02-12T14:40:14.123+0000] {processor.py:840} INFO - DAG(s) 'product_price_pipeline' retrieved from /opt/airflow/dags/product_pipeline_dag.py
[2026-02-12T14:40:14.183+0000] {logging_mixin.py:188} INFO - [2026-02-12T14:40:14.183+0000] {dag.py:3089} INFO - Sync 1 DAGs
[2026-02-12T14:40:14.223+0000] {logging_mixin.py:188} INFO - [2026-02-12T14:40:14.222+0000] {dag.py:3947} INFO - Setting next_dagrun for product_price_pipeline to 2026-02-12 00:00:00+00:00, run_after=2026-02-13 00:00:00+00:00
[2026-02-12T14:40:14.273+0000] {processor.py:183} INFO - Processing /opt/airflow/dags/product_pipeline_dag.py took 0.206 seconds
[2026-02-12T14:40:58.830+0000] {processor.py:161} INFO - Started process (PID=2196) to work on /opt/airflow/dags/product_pipeline_dag.py
[2026-02-12T14:40:58.833+0000] {processor.py:830} INFO - Processing file /opt/airflow/dags/product_pipeline_dag.py for tasks to queue
[2026-02-12T14:40:58.837+0000] {logging_mixin.py:188} INFO - [2026-02-12T14:40:58.836+0000] {dagbag.py:545} INFO - Filling up the DagBag from /opt/airflow/dags/product_pipeline_dag.py
[2026-02-12T14:40:58.950+0000] {processor.py:840} INFO - DAG(s) 'product_price_pipeline' retrieved from /opt/airflow/dags/product_pipeline_dag.py
[2026-02-12T14:40:59.125+0000] {logging_mixin.py:188} INFO - [2026-02-12T14:40:59.125+0000] {dag.py:3089} INFO - Sync 1 DAGs
[2026-02-12T14:40:59.199+0000] {logging_mixin.py:188} INFO - [2026-02-12T14:40:59.198+0000] {dag.py:3947} INFO - Setting next_dagrun for product_price_pipeline to 2026-02-12 00:00:00+00:00, run_after=2026-02-13 00:00:00+00:00
[2026-02-12T14:40:59.266+0000] {processor.py:183} INFO - Processing /opt/airflow/dags/product_pipeline_dag.py took 0.445 seconds
[2026-02-12T14:41:31.980+0000] {processor.py:161} INFO - Started process (PID=2225) to work on /opt/airflow/dags/product_pipeline_dag.py
[2026-02-12T14:41:31.989+0000] {processor.py:830} INFO - Processing file /opt/airflow/dags/product_pipeline_dag.py for tasks to queue
[2026-02-12T14:41:32.005+0000] {logging_mixin.py:188} INFO - [2026-02-12T14:41:31.999+0000] {dagbag.py:545} INFO - Filling up the DagBag from /opt/airflow/dags/product_pipeline_dag.py
[2026-02-12T14:41:32.209+0000] {processor.py:840} INFO - DAG(s) 'product_price_pipeline' retrieved from /opt/airflow/dags/product_pipeline_dag.py
[2026-02-12T14:41:32.336+0000] {logging_mixin.py:188} INFO - [2026-02-12T14:41:32.335+0000] {dag.py:3089} INFO - Sync 1 DAGs
[2026-02-12T14:41:32.386+0000] {logging_mixin.py:188} INFO - [2026-02-12T14:41:32.386+0000] {dag.py:3947} INFO - Setting next_dagrun for product_price_pipeline to 2026-02-12 00:00:00+00:00, run_after=2026-02-13 00:00:00+00:00
[2026-02-12T14:41:32.447+0000] {processor.py:183} INFO - Processing /opt/airflow/dags/product_pipeline_dag.py took 0.491 seconds
[2026-02-12T14:42:03.814+0000] {processor.py:161} INFO - Started process (PID=2254) to work on /opt/airflow/dags/product_pipeline_dag.py
[2026-02-12T14:42:03.820+0000] {processor.py:830} INFO - Processing file /opt/airflow/dags/product_pipeline_dag.py for tasks to queue
[2026-02-12T14:42:03.827+0000] {logging_mixin.py:188} INFO - [2026-02-12T14:42:03.826+0000] {dagbag.py:545} INFO - Filling up the DagBag from /opt/airflow/dags/product_pipeline_dag.py
[2026-02-12T14:42:03.958+0000] {processor.py:840} INFO - DAG(s) 'product_price_pipeline' retrieved from /opt/airflow/dags/product_pipeline_dag.py
[2026-02-12T14:42:04.076+0000] {logging_mixin.py:188} INFO - [2026-02-12T14:42:04.075+0000] {dag.py:3089} INFO - Sync 1 DAGs
[2026-02-12T14:42:04.138+0000] {logging_mixin.py:188} INFO - [2026-02-12T14:42:04.138+0000] {dag.py:3947} INFO - Setting next_dagrun for product_price_pipeline to 2026-02-12 00:00:00+00:00, run_after=2026-02-13 00:00:00+00:00
[2026-02-12T14:42:04.226+0000] {processor.py:183} INFO - Processing /opt/airflow/dags/product_pipeline_dag.py took 0.433 seconds
[2026-02-12T14:42:38.198+0000] {processor.py:161} INFO - Started process (PID=2283) to work on /opt/airflow/dags/product_pipeline_dag.py
[2026-02-12T14:42:38.201+0000] {processor.py:830} INFO - Processing file /opt/airflow/dags/product_pipeline_dag.py for tasks to queue
[2026-02-12T14:42:38.204+0000] {logging_mixin.py:188} INFO - [2026-02-12T14:42:38.203+0000] {dagbag.py:545} INFO - Filling up the DagBag from /opt/airflow/dags/product_pipeline_dag.py
[2026-02-12T14:42:38.309+0000] {processor.py:840} INFO - DAG(s) 'product_price_pipeline' retrieved from /opt/airflow/dags/product_pipeline_dag.py
[2026-02-12T14:42:38.403+0000] {logging_mixin.py:188} INFO - [2026-02-12T14:42:38.403+0000] {dag.py:3089} INFO - Sync 1 DAGs
[2026-02-12T14:42:38.484+0000] {logging_mixin.py:188} INFO - [2026-02-12T14:42:38.484+0000] {dag.py:3947} INFO - Setting next_dagrun for product_price_pipeline to 2026-02-12 00:00:00+00:00, run_after=2026-02-13 00:00:00+00:00
[2026-02-12T14:42:38.531+0000] {processor.py:183} INFO - Processing /opt/airflow/dags/product_pipeline_dag.py took 0.343 seconds
[2026-02-12T14:43:10.686+0000] {processor.py:161} INFO - Started process (PID=2312) to work on /opt/airflow/dags/product_pipeline_dag.py
[2026-02-12T14:43:10.706+0000] {processor.py:830} INFO - Processing file /opt/airflow/dags/product_pipeline_dag.py for tasks to queue
[2026-02-12T14:43:10.713+0000] {logging_mixin.py:188} INFO - [2026-02-12T14:43:10.711+0000] {dagbag.py:545} INFO - Filling up the DagBag from /opt/airflow/dags/product_pipeline_dag.py
[2026-02-12T14:43:10.821+0000] {processor.py:840} INFO - DAG(s) 'product_price_pipeline' retrieved from /opt/airflow/dags/product_pipeline_dag.py
[2026-02-12T14:43:10.898+0000] {logging_mixin.py:188} INFO - [2026-02-12T14:43:10.898+0000] {dag.py:3089} INFO - Sync 1 DAGs
[2026-02-12T14:43:10.945+0000] {logging_mixin.py:188} INFO - [2026-02-12T14:43:10.945+0000] {dag.py:3947} INFO - Setting next_dagrun for product_price_pipeline to 2026-02-12 00:00:00+00:00, run_after=2026-02-13 00:00:00+00:00
[2026-02-12T14:43:11.003+0000] {processor.py:183} INFO - Processing /opt/airflow/dags/product_pipeline_dag.py took 0.337 seconds
[2026-02-12T14:43:41.941+0000] {processor.py:161} INFO - Started process (PID=2341) to work on /opt/airflow/dags/product_pipeline_dag.py
[2026-02-12T14:43:41.943+0000] {processor.py:830} INFO - Processing file /opt/airflow/dags/product_pipeline_dag.py for tasks to queue
[2026-02-12T14:43:41.946+0000] {logging_mixin.py:188} INFO - [2026-02-12T14:43:41.945+0000] {dagbag.py:545} INFO - Filling up the DagBag from /opt/airflow/dags/product_pipeline_dag.py
[2026-02-12T14:43:41.994+0000] {processor.py:840} INFO - DAG(s) 'product_price_pipeline' retrieved from /opt/airflow/dags/product_pipeline_dag.py
[2026-02-12T14:43:42.038+0000] {logging_mixin.py:188} INFO - [2026-02-12T14:43:42.037+0000] {dag.py:3089} INFO - Sync 1 DAGs
[2026-02-12T14:43:42.068+0000] {logging_mixin.py:188} INFO - [2026-02-12T14:43:42.067+0000] {dag.py:3947} INFO - Setting next_dagrun for product_price_pipeline to 2026-02-12 00:00:00+00:00, run_after=2026-02-13 00:00:00+00:00
[2026-02-12T14:43:42.097+0000] {processor.py:183} INFO - Processing /opt/airflow/dags/product_pipeline_dag.py took 0.163 seconds
[2026-02-12T14:44:12.621+0000] {processor.py:161} INFO - Started process (PID=2370) to work on /opt/airflow/dags/product_pipeline_dag.py
[2026-02-12T14:44:12.624+0000] {processor.py:830} INFO - Processing file /opt/airflow/dags/product_pipeline_dag.py for tasks to queue
[2026-02-12T14:44:12.627+0000] {logging_mixin.py:188} INFO - [2026-02-12T14:44:12.627+0000] {dagbag.py:545} INFO - Filling up the DagBag from /opt/airflow/dags/product_pipeline_dag.py
[2026-02-12T14:44:12.690+0000] {processor.py:840} INFO - DAG(s) 'product_price_pipeline' retrieved from /opt/airflow/dags/product_pipeline_dag.py
[2026-02-12T14:44:12.782+0000] {logging_mixin.py:188} INFO - [2026-02-12T14:44:12.781+0000] {dag.py:3089} INFO - Sync 1 DAGs
[2026-02-12T14:44:12.851+0000] {logging_mixin.py:188} INFO - [2026-02-12T14:44:12.851+0000] {dag.py:3947} INFO - Setting next_dagrun for product_price_pipeline to 2026-02-12 00:00:00+00:00, run_after=2026-02-13 00:00:00+00:00
[2026-02-12T14:44:12.946+0000] {processor.py:183} INFO - Processing /opt/airflow/dags/product_pipeline_dag.py took 0.332 seconds
[2026-02-12T14:46:09.407+0000] {processor.py:161} INFO - Started process (PID=204) to work on /opt/airflow/dags/product_pipeline_dag.py
[2026-02-12T14:46:09.413+0000] {processor.py:830} INFO - Processing file /opt/airflow/dags/product_pipeline_dag.py for tasks to queue
[2026-02-12T14:46:09.421+0000] {logging_mixin.py:188} INFO - [2026-02-12T14:46:09.419+0000] {dagbag.py:545} INFO - Filling up the DagBag from /opt/airflow/dags/product_pipeline_dag.py
[2026-02-12T14:46:09.481+0000] {processor.py:840} INFO - DAG(s) 'product_price_pipeline' retrieved from /opt/airflow/dags/product_pipeline_dag.py
[2026-02-12T14:46:09.543+0000] {logging_mixin.py:188} INFO - [2026-02-12T14:46:09.543+0000] {dag.py:3089} INFO - Sync 1 DAGs
[2026-02-12T14:46:09.590+0000] {logging_mixin.py:188} INFO - [2026-02-12T14:46:09.589+0000] {dag.py:3947} INFO - Setting next_dagrun for product_price_pipeline to 2026-02-12 00:00:00+00:00, run_after=2026-02-13 00:00:00+00:00
[2026-02-12T14:46:09.640+0000] {processor.py:183} INFO - Processing /opt/airflow/dags/product_pipeline_dag.py took 0.254 seconds
[2026-02-12T14:46:40.010+0000] {processor.py:161} INFO - Started process (PID=253) to work on /opt/airflow/dags/product_pipeline_dag.py
[2026-02-12T14:46:40.013+0000] {processor.py:830} INFO - Processing file /opt/airflow/dags/product_pipeline_dag.py for tasks to queue
[2026-02-12T14:46:40.018+0000] {logging_mixin.py:188} INFO - [2026-02-12T14:46:40.018+0000] {dagbag.py:545} INFO - Filling up the DagBag from /opt/airflow/dags/product_pipeline_dag.py
[2026-02-12T14:46:40.074+0000] {processor.py:840} INFO - DAG(s) 'product_price_pipeline' retrieved from /opt/airflow/dags/product_pipeline_dag.py
[2026-02-12T14:46:40.370+0000] {logging_mixin.py:188} INFO - [2026-02-12T14:46:40.370+0000] {dag.py:3089} INFO - Sync 1 DAGs
[2026-02-12T14:46:40.419+0000] {logging_mixin.py:188} INFO - [2026-02-12T14:46:40.419+0000] {dag.py:3947} INFO - Setting next_dagrun for product_price_pipeline to 2026-02-12 00:00:00+00:00, run_after=2026-02-13 00:00:00+00:00
[2026-02-12T14:46:40.479+0000] {processor.py:183} INFO - Processing /opt/airflow/dags/product_pipeline_dag.py took 0.484 seconds
[2026-02-12T14:47:11.165+0000] {processor.py:161} INFO - Started process (PID=290) to work on /opt/airflow/dags/product_pipeline_dag.py
[2026-02-12T14:47:11.167+0000] {processor.py:830} INFO - Processing file /opt/airflow/dags/product_pipeline_dag.py for tasks to queue
[2026-02-12T14:47:11.170+0000] {logging_mixin.py:188} INFO - [2026-02-12T14:47:11.169+0000] {dagbag.py:545} INFO - Filling up the DagBag from /opt/airflow/dags/product_pipeline_dag.py
[2026-02-12T14:47:11.225+0000] {processor.py:840} INFO - DAG(s) 'product_price_pipeline' retrieved from /opt/airflow/dags/product_pipeline_dag.py
[2026-02-12T14:47:11.288+0000] {logging_mixin.py:188} INFO - [2026-02-12T14:47:11.287+0000] {dag.py:3089} INFO - Sync 1 DAGs
[2026-02-12T14:47:11.347+0000] {logging_mixin.py:188} INFO - [2026-02-12T14:47:11.346+0000] {dag.py:3947} INFO - Setting next_dagrun for product_price_pipeline to 2026-02-12 00:00:00+00:00, run_after=2026-02-13 00:00:00+00:00
[2026-02-12T14:47:11.410+0000] {processor.py:183} INFO - Processing /opt/airflow/dags/product_pipeline_dag.py took 0.258 seconds
[2026-02-12T14:47:41.851+0000] {processor.py:161} INFO - Started process (PID=319) to work on /opt/airflow/dags/product_pipeline_dag.py
[2026-02-12T14:47:41.853+0000] {processor.py:830} INFO - Processing file /opt/airflow/dags/product_pipeline_dag.py for tasks to queue
[2026-02-12T14:47:41.856+0000] {logging_mixin.py:188} INFO - [2026-02-12T14:47:41.856+0000] {dagbag.py:545} INFO - Filling up the DagBag from /opt/airflow/dags/product_pipeline_dag.py
[2026-02-12T14:47:41.911+0000] {processor.py:840} INFO - DAG(s) 'product_price_pipeline' retrieved from /opt/airflow/dags/product_pipeline_dag.py
[2026-02-12T14:47:41.975+0000] {logging_mixin.py:188} INFO - [2026-02-12T14:47:41.974+0000] {dag.py:3089} INFO - Sync 1 DAGs
[2026-02-12T14:47:42.019+0000] {logging_mixin.py:188} INFO - [2026-02-12T14:47:42.019+0000] {dag.py:3947} INFO - Setting next_dagrun for product_price_pipeline to 2026-02-12 00:00:00+00:00, run_after=2026-02-13 00:00:00+00:00
[2026-02-12T14:47:42.056+0000] {processor.py:183} INFO - Processing /opt/airflow/dags/product_pipeline_dag.py took 0.216 seconds
[2026-02-12T14:48:13.058+0000] {processor.py:161} INFO - Started process (PID=348) to work on /opt/airflow/dags/product_pipeline_dag.py
[2026-02-12T14:48:13.060+0000] {processor.py:830} INFO - Processing file /opt/airflow/dags/product_pipeline_dag.py for tasks to queue
[2026-02-12T14:48:13.063+0000] {logging_mixin.py:188} INFO - [2026-02-12T14:48:13.063+0000] {dagbag.py:545} INFO - Filling up the DagBag from /opt/airflow/dags/product_pipeline_dag.py
[2026-02-12T14:48:13.122+0000] {processor.py:840} INFO - DAG(s) 'product_price_pipeline' retrieved from /opt/airflow/dags/product_pipeline_dag.py
[2026-02-12T14:48:13.182+0000] {logging_mixin.py:188} INFO - [2026-02-12T14:48:13.182+0000] {dag.py:3089} INFO - Sync 1 DAGs
[2026-02-12T14:48:13.219+0000] {logging_mixin.py:188} INFO - [2026-02-12T14:48:13.219+0000] {dag.py:3947} INFO - Setting next_dagrun for product_price_pipeline to 2026-02-12 00:00:00+00:00, run_after=2026-02-13 00:00:00+00:00
[2026-02-12T14:48:13.262+0000] {processor.py:183} INFO - Processing /opt/airflow/dags/product_pipeline_dag.py took 0.213 seconds
[2026-02-12T14:48:44.207+0000] {processor.py:161} INFO - Started process (PID=375) to work on /opt/airflow/dags/product_pipeline_dag.py
[2026-02-12T14:48:44.210+0000] {processor.py:830} INFO - Processing file /opt/airflow/dags/product_pipeline_dag.py for tasks to queue
[2026-02-12T14:48:44.214+0000] {logging_mixin.py:188} INFO - [2026-02-12T14:48:44.213+0000] {dagbag.py:545} INFO - Filling up the DagBag from /opt/airflow/dags/product_pipeline_dag.py
[2026-02-12T14:48:44.267+0000] {processor.py:840} INFO - DAG(s) 'product_price_pipeline' retrieved from /opt/airflow/dags/product_pipeline_dag.py
[2026-02-12T14:48:44.318+0000] {logging_mixin.py:188} INFO - [2026-02-12T14:48:44.318+0000] {dag.py:3089} INFO - Sync 1 DAGs
[2026-02-12T14:48:44.356+0000] {logging_mixin.py:188} INFO - [2026-02-12T14:48:44.355+0000] {dag.py:3947} INFO - Setting next_dagrun for product_price_pipeline to 2026-02-12 00:00:00+00:00, run_after=2026-02-13 00:00:00+00:00
[2026-02-12T14:48:44.390+0000] {processor.py:183} INFO - Processing /opt/airflow/dags/product_pipeline_dag.py took 0.196 seconds
[2026-02-12T14:49:15.325+0000] {processor.py:161} INFO - Started process (PID=406) to work on /opt/airflow/dags/product_pipeline_dag.py
[2026-02-12T14:49:15.327+0000] {processor.py:830} INFO - Processing file /opt/airflow/dags/product_pipeline_dag.py for tasks to queue
[2026-02-12T14:49:15.331+0000] {logging_mixin.py:188} INFO - [2026-02-12T14:49:15.330+0000] {dagbag.py:545} INFO - Filling up the DagBag from /opt/airflow/dags/product_pipeline_dag.py
[2026-02-12T14:49:15.387+0000] {processor.py:840} INFO - DAG(s) 'product_price_pipeline' retrieved from /opt/airflow/dags/product_pipeline_dag.py
[2026-02-12T14:49:15.454+0000] {logging_mixin.py:188} INFO - [2026-02-12T14:49:15.453+0000] {dag.py:3089} INFO - Sync 1 DAGs
[2026-02-12T14:49:15.501+0000] {logging_mixin.py:188} INFO - [2026-02-12T14:49:15.500+0000] {dag.py:3947} INFO - Setting next_dagrun for product_price_pipeline to 2026-02-12 00:00:00+00:00, run_after=2026-02-13 00:00:00+00:00
[2026-02-12T14:49:15.539+0000] {processor.py:183} INFO - Processing /opt/airflow/dags/product_pipeline_dag.py took 0.225 seconds
[2026-02-12T14:49:46.456+0000] {processor.py:161} INFO - Started process (PID=433) to work on /opt/airflow/dags/product_pipeline_dag.py
[2026-02-12T14:49:46.459+0000] {processor.py:830} INFO - Processing file /opt/airflow/dags/product_pipeline_dag.py for tasks to queue
[2026-02-12T14:49:46.464+0000] {logging_mixin.py:188} INFO - [2026-02-12T14:49:46.462+0000] {dagbag.py:545} INFO - Filling up the DagBag from /opt/airflow/dags/product_pipeline_dag.py
[2026-02-12T14:49:46.528+0000] {processor.py:840} INFO - DAG(s) 'product_price_pipeline' retrieved from /opt/airflow/dags/product_pipeline_dag.py
[2026-02-12T14:49:46.587+0000] {logging_mixin.py:188} INFO - [2026-02-12T14:49:46.587+0000] {dag.py:3089} INFO - Sync 1 DAGs
[2026-02-12T14:49:46.632+0000] {logging_mixin.py:188} INFO - [2026-02-12T14:49:46.631+0000] {dag.py:3947} INFO - Setting next_dagrun for product_price_pipeline to 2026-02-12 00:00:00+00:00, run_after=2026-02-13 00:00:00+00:00
[2026-02-12T14:49:46.659+0000] {processor.py:183} INFO - Processing /opt/airflow/dags/product_pipeline_dag.py took 0.214 seconds
[2026-02-12T14:50:18.049+0000] {processor.py:161} INFO - Started process (PID=464) to work on /opt/airflow/dags/product_pipeline_dag.py
[2026-02-12T14:50:18.054+0000] {processor.py:830} INFO - Processing file /opt/airflow/dags/product_pipeline_dag.py for tasks to queue
[2026-02-12T14:50:18.057+0000] {logging_mixin.py:188} INFO - [2026-02-12T14:50:18.057+0000] {dagbag.py:545} INFO - Filling up the DagBag from /opt/airflow/dags/product_pipeline_dag.py
[2026-02-12T14:50:18.123+0000] {processor.py:840} INFO - DAG(s) 'product_price_pipeline' retrieved from /opt/airflow/dags/product_pipeline_dag.py
[2026-02-12T14:50:18.175+0000] {logging_mixin.py:188} INFO - [2026-02-12T14:50:18.175+0000] {dag.py:3089} INFO - Sync 1 DAGs
[2026-02-12T14:50:18.206+0000] {logging_mixin.py:188} INFO - [2026-02-12T14:50:18.206+0000] {dag.py:3947} INFO - Setting next_dagrun for product_price_pipeline to 2026-02-12 00:00:00+00:00, run_after=2026-02-13 00:00:00+00:00
[2026-02-12T14:50:18.242+0000] {processor.py:183} INFO - Processing /opt/airflow/dags/product_pipeline_dag.py took 0.202 seconds
[2026-02-12T14:52:07.655+0000] {processor.py:161} INFO - Started process (PID=489) to work on /opt/airflow/dags/product_pipeline_dag.py
[2026-02-12T14:52:07.664+0000] {processor.py:830} INFO - Processing file /opt/airflow/dags/product_pipeline_dag.py for tasks to queue
[2026-02-12T14:52:07.683+0000] {logging_mixin.py:188} INFO - [2026-02-12T14:52:07.680+0000] {dagbag.py:545} INFO - Filling up the DagBag from /opt/airflow/dags/product_pipeline_dag.py
[2026-02-12T14:52:07.870+0000] {processor.py:840} INFO - DAG(s) 'product_price_pipeline' retrieved from /opt/airflow/dags/product_pipeline_dag.py
[2026-02-12T14:52:08.061+0000] {logging_mixin.py:188} INFO - [2026-02-12T14:52:08.060+0000] {dag.py:3089} INFO - Sync 1 DAGs
[2026-02-12T14:52:08.189+0000] {logging_mixin.py:188} INFO - [2026-02-12T14:52:08.188+0000] {dag.py:3947} INFO - Setting next_dagrun for product_price_pipeline to 2026-02-12 00:00:00+00:00, run_after=2026-02-13 00:00:00+00:00
[2026-02-12T14:52:08.289+0000] {processor.py:183} INFO - Processing /opt/airflow/dags/product_pipeline_dag.py took 0.674 seconds
[2026-02-12T14:52:38.638+0000] {processor.py:161} INFO - Started process (PID=516) to work on /opt/airflow/dags/product_pipeline_dag.py
[2026-02-12T14:52:38.641+0000] {processor.py:830} INFO - Processing file /opt/airflow/dags/product_pipeline_dag.py for tasks to queue
[2026-02-12T14:52:38.647+0000] {logging_mixin.py:188} INFO - [2026-02-12T14:52:38.647+0000] {dagbag.py:545} INFO - Filling up the DagBag from /opt/airflow/dags/product_pipeline_dag.py
[2026-02-12T14:52:38.753+0000] {processor.py:840} INFO - DAG(s) 'product_price_pipeline' retrieved from /opt/airflow/dags/product_pipeline_dag.py
[2026-02-12T14:52:38.881+0000] {logging_mixin.py:188} INFO - [2026-02-12T14:52:38.881+0000] {dag.py:3089} INFO - Sync 1 DAGs
[2026-02-12T14:52:38.942+0000] {logging_mixin.py:188} INFO - [2026-02-12T14:52:38.941+0000] {dag.py:3947} INFO - Setting next_dagrun for product_price_pipeline to 2026-02-12 00:00:00+00:00, run_after=2026-02-13 00:00:00+00:00
[2026-02-12T14:52:38.996+0000] {processor.py:183} INFO - Processing /opt/airflow/dags/product_pipeline_dag.py took 0.372 seconds
[2026-02-12T14:54:14.736+0000] {processor.py:161} INFO - Started process (PID=668) to work on /opt/airflow/dags/product_pipeline_dag.py
[2026-02-12T14:54:14.766+0000] {processor.py:830} INFO - Processing file /opt/airflow/dags/product_pipeline_dag.py for tasks to queue
[2026-02-12T14:54:14.910+0000] {logging_mixin.py:188} INFO - [2026-02-12T14:54:14.831+0000] {dagbag.py:545} INFO - Filling up the DagBag from /opt/airflow/dags/product_pipeline_dag.py
[2026-02-12T14:54:17.332+0000] {processor.py:840} INFO - DAG(s) 'product_price_pipeline' retrieved from /opt/airflow/dags/product_pipeline_dag.py
[2026-02-12T14:54:19.357+0000] {logging_mixin.py:188} INFO - [2026-02-12T14:54:19.355+0000] {dag.py:3089} INFO - Sync 1 DAGs
[2026-02-12T14:54:21.197+0000] {logging_mixin.py:188} INFO - [2026-02-12T14:54:21.195+0000] {dag.py:3947} INFO - Setting next_dagrun for product_price_pipeline to 2026-02-12 00:00:00+00:00, run_after=2026-02-13 00:00:00+00:00
[2026-02-12T14:54:23.528+0000] {processor.py:183} INFO - Processing /opt/airflow/dags/product_pipeline_dag.py took 8.926 seconds
[2026-02-12T14:55:56.181+0000] {processor.py:161} INFO - Started process (PID=819) to work on /opt/airflow/dags/product_pipeline_dag.py
[2026-02-12T14:55:56.282+0000] {processor.py:830} INFO - Processing file /opt/airflow/dags/product_pipeline_dag.py for tasks to queue
[2026-02-12T14:55:56.570+0000] {logging_mixin.py:188} INFO - [2026-02-12T14:55:56.550+0000] {dagbag.py:545} INFO - Filling up the DagBag from /opt/airflow/dags/product_pipeline_dag.py
[2026-02-12T14:55:59.209+0000] {processor.py:840} INFO - DAG(s) 'product_price_pipeline' retrieved from /opt/airflow/dags/product_pipeline_dag.py
[2026-02-12T14:56:01.276+0000] {logging_mixin.py:188} INFO - [2026-02-12T14:56:01.269+0000] {dag.py:3089} INFO - Sync 1 DAGs
[2026-02-12T14:56:02.343+0000] {logging_mixin.py:188} INFO - [2026-02-12T14:56:02.334+0000] {dag.py:3947} INFO - Setting next_dagrun for product_price_pipeline to 2026-02-12 00:00:00+00:00, run_after=2026-02-13 00:00:00+00:00
[2026-02-12T14:56:02.775+0000] {processor.py:183} INFO - Processing /opt/airflow/dags/product_pipeline_dag.py took 8.420 seconds
[2026-02-12T14:56:33.275+0000] {processor.py:161} INFO - Started process (PID=844) to work on /opt/airflow/dags/product_pipeline_dag.py
[2026-02-12T14:56:33.278+0000] {processor.py:830} INFO - Processing file /opt/airflow/dags/product_pipeline_dag.py for tasks to queue
[2026-02-12T14:56:33.281+0000] {logging_mixin.py:188} INFO - [2026-02-12T14:56:33.280+0000] {dagbag.py:545} INFO - Filling up the DagBag from /opt/airflow/dags/product_pipeline_dag.py
[2026-02-12T14:56:33.339+0000] {processor.py:840} INFO - DAG(s) 'product_price_pipeline' retrieved from /opt/airflow/dags/product_pipeline_dag.py
[2026-02-12T14:56:33.411+0000] {logging_mixin.py:188} INFO - [2026-02-12T14:56:33.411+0000] {dag.py:3089} INFO - Sync 1 DAGs
[2026-02-12T14:56:33.444+0000] {logging_mixin.py:188} INFO - [2026-02-12T14:56:33.444+0000] {dag.py:3947} INFO - Setting next_dagrun for product_price_pipeline to 2026-02-12 00:00:00+00:00, run_after=2026-02-13 00:00:00+00:00
[2026-02-12T14:56:33.476+0000] {processor.py:183} INFO - Processing /opt/airflow/dags/product_pipeline_dag.py took 0.211 seconds
[2026-02-12T14:57:04.679+0000] {processor.py:161} INFO - Started process (PID=876) to work on /opt/airflow/dags/product_pipeline_dag.py
[2026-02-12T14:57:04.683+0000] {processor.py:830} INFO - Processing file /opt/airflow/dags/product_pipeline_dag.py for tasks to queue
[2026-02-12T14:57:04.687+0000] {logging_mixin.py:188} INFO - [2026-02-12T14:57:04.687+0000] {dagbag.py:545} INFO - Filling up the DagBag from /opt/airflow/dags/product_pipeline_dag.py
[2026-02-12T14:57:04.755+0000] {processor.py:840} INFO - DAG(s) 'product_price_pipeline' retrieved from /opt/airflow/dags/product_pipeline_dag.py
[2026-02-12T14:57:04.851+0000] {logging_mixin.py:188} INFO - [2026-02-12T14:57:04.850+0000] {dag.py:3089} INFO - Sync 1 DAGs
[2026-02-12T14:57:04.901+0000] {logging_mixin.py:188} INFO - [2026-02-12T14:57:04.900+0000] {dag.py:3947} INFO - Setting next_dagrun for product_price_pipeline to 2026-02-12 00:00:00+00:00, run_after=2026-02-13 00:00:00+00:00
[2026-02-12T14:57:04.954+0000] {processor.py:183} INFO - Processing /opt/airflow/dags/product_pipeline_dag.py took 0.290 seconds
[2026-02-12T14:57:35.362+0000] {processor.py:161} INFO - Started process (PID=902) to work on /opt/airflow/dags/product_pipeline_dag.py
[2026-02-12T14:57:35.365+0000] {processor.py:830} INFO - Processing file /opt/airflow/dags/product_pipeline_dag.py for tasks to queue
[2026-02-12T14:57:35.369+0000] {logging_mixin.py:188} INFO - [2026-02-12T14:57:35.369+0000] {dagbag.py:545} INFO - Filling up the DagBag from /opt/airflow/dags/product_pipeline_dag.py
[2026-02-12T14:57:35.426+0000] {processor.py:840} INFO - DAG(s) 'product_price_pipeline' retrieved from /opt/airflow/dags/product_pipeline_dag.py
[2026-02-12T14:57:35.489+0000] {logging_mixin.py:188} INFO - [2026-02-12T14:57:35.489+0000] {dag.py:3089} INFO - Sync 1 DAGs
[2026-02-12T14:57:35.532+0000] {logging_mixin.py:188} INFO - [2026-02-12T14:57:35.532+0000] {dag.py:3947} INFO - Setting next_dagrun for product_price_pipeline to 2026-02-12 00:00:00+00:00, run_after=2026-02-13 00:00:00+00:00
[2026-02-12T14:57:35.579+0000] {processor.py:183} INFO - Processing /opt/airflow/dags/product_pipeline_dag.py took 0.228 seconds
[2026-02-12T14:58:05.749+0000] {processor.py:161} INFO - Started process (PID=931) to work on /opt/airflow/dags/product_pipeline_dag.py
[2026-02-12T14:58:05.752+0000] {processor.py:830} INFO - Processing file /opt/airflow/dags/product_pipeline_dag.py for tasks to queue
[2026-02-12T14:58:05.757+0000] {logging_mixin.py:188} INFO - [2026-02-12T14:58:05.756+0000] {dagbag.py:545} INFO - Filling up the DagBag from /opt/airflow/dags/product_pipeline_dag.py
[2026-02-12T14:58:05.817+0000] {processor.py:840} INFO - DAG(s) 'product_price_pipeline' retrieved from /opt/airflow/dags/product_pipeline_dag.py
[2026-02-12T14:58:05.890+0000] {logging_mixin.py:188} INFO - [2026-02-12T14:58:05.890+0000] {dag.py:3089} INFO - Sync 1 DAGs
[2026-02-12T14:58:05.923+0000] {logging_mixin.py:188} INFO - [2026-02-12T14:58:05.923+0000] {dag.py:3947} INFO - Setting next_dagrun for product_price_pipeline to 2026-02-12 00:00:00+00:00, run_after=2026-02-13 00:00:00+00:00
[2026-02-12T14:58:05.957+0000] {processor.py:183} INFO - Processing /opt/airflow/dags/product_pipeline_dag.py took 0.217 seconds
[2026-02-12T14:58:36.317+0000] {processor.py:161} INFO - Started process (PID=960) to work on /opt/airflow/dags/product_pipeline_dag.py
[2026-02-12T14:58:36.322+0000] {processor.py:830} INFO - Processing file /opt/airflow/dags/product_pipeline_dag.py for tasks to queue
[2026-02-12T14:58:36.330+0000] {logging_mixin.py:188} INFO - [2026-02-12T14:58:36.327+0000] {dagbag.py:545} INFO - Filling up the DagBag from /opt/airflow/dags/product_pipeline_dag.py
[2026-02-12T14:58:36.414+0000] {processor.py:840} INFO - DAG(s) 'product_price_pipeline' retrieved from /opt/airflow/dags/product_pipeline_dag.py
[2026-02-12T14:58:36.533+0000] {logging_mixin.py:188} INFO - [2026-02-12T14:58:36.533+0000] {dag.py:3089} INFO - Sync 1 DAGs
[2026-02-12T14:58:36.591+0000] {logging_mixin.py:188} INFO - [2026-02-12T14:58:36.591+0000] {dag.py:3947} INFO - Setting next_dagrun for product_price_pipeline to 2026-02-12 00:00:00+00:00, run_after=2026-02-13 00:00:00+00:00
[2026-02-12T14:58:36.638+0000] {processor.py:183} INFO - Processing /opt/airflow/dags/product_pipeline_dag.py took 0.342 seconds
[2026-02-12T15:03:23.197+0000] {processor.py:161} INFO - Started process (PID=1074) to work on /opt/airflow/dags/product_pipeline_dag.py
[2026-02-12T15:03:23.206+0000] {processor.py:830} INFO - Processing file /opt/airflow/dags/product_pipeline_dag.py for tasks to queue
[2026-02-12T15:03:23.213+0000] {logging_mixin.py:188} INFO - [2026-02-12T15:03:23.211+0000] {dagbag.py:545} INFO - Filling up the DagBag from /opt/airflow/dags/product_pipeline_dag.py
[2026-02-12T15:03:23.509+0000] {processor.py:840} INFO - DAG(s) 'product_price_pipeline' retrieved from /opt/airflow/dags/product_pipeline_dag.py
[2026-02-12T15:03:24.169+0000] {logging_mixin.py:188} INFO - [2026-02-12T15:03:24.168+0000] {dag.py:3089} INFO - Sync 1 DAGs
[2026-02-12T15:03:24.534+0000] {logging_mixin.py:188} INFO - [2026-02-12T15:03:24.531+0000] {dag.py:3947} INFO - Setting next_dagrun for product_price_pipeline to 2026-02-12 00:00:00+00:00, run_after=2026-02-13 00:00:00+00:00
[2026-02-12T15:03:24.650+0000] {processor.py:183} INFO - Processing /opt/airflow/dags/product_pipeline_dag.py took 1.478 seconds
[2026-02-12T15:03:55.140+0000] {processor.py:161} INFO - Started process (PID=1099) to work on /opt/airflow/dags/product_pipeline_dag.py
[2026-02-12T15:03:55.143+0000] {processor.py:830} INFO - Processing file /opt/airflow/dags/product_pipeline_dag.py for tasks to queue
[2026-02-12T15:03:55.146+0000] {logging_mixin.py:188} INFO - [2026-02-12T15:03:55.145+0000] {dagbag.py:545} INFO - Filling up the DagBag from /opt/airflow/dags/product_pipeline_dag.py
[2026-02-12T15:03:55.193+0000] {processor.py:840} INFO - DAG(s) 'product_price_pipeline' retrieved from /opt/airflow/dags/product_pipeline_dag.py
[2026-02-12T15:03:55.250+0000] {logging_mixin.py:188} INFO - [2026-02-12T15:03:55.249+0000] {dag.py:3089} INFO - Sync 1 DAGs
[2026-02-12T15:03:55.284+0000] {logging_mixin.py:188} INFO - [2026-02-12T15:03:55.284+0000] {dag.py:3947} INFO - Setting next_dagrun for product_price_pipeline to 2026-02-12 00:00:00+00:00, run_after=2026-02-13 00:00:00+00:00
[2026-02-12T15:03:55.314+0000] {processor.py:183} INFO - Processing /opt/airflow/dags/product_pipeline_dag.py took 0.182 seconds
[2026-02-12T15:04:25.774+0000] {processor.py:161} INFO - Started process (PID=1128) to work on /opt/airflow/dags/product_pipeline_dag.py
[2026-02-12T15:04:25.778+0000] {processor.py:830} INFO - Processing file /opt/airflow/dags/product_pipeline_dag.py for tasks to queue
[2026-02-12T15:04:25.783+0000] {logging_mixin.py:188} INFO - [2026-02-12T15:04:25.782+0000] {dagbag.py:545} INFO - Filling up the DagBag from /opt/airflow/dags/product_pipeline_dag.py
[2026-02-12T15:04:25.875+0000] {processor.py:840} INFO - DAG(s) 'product_price_pipeline' retrieved from /opt/airflow/dags/product_pipeline_dag.py
[2026-02-12T15:04:25.964+0000] {logging_mixin.py:188} INFO - [2026-02-12T15:04:25.963+0000] {dag.py:3089} INFO - Sync 1 DAGs
[2026-02-12T15:04:26.019+0000] {logging_mixin.py:188} INFO - [2026-02-12T15:04:26.019+0000] {dag.py:3947} INFO - Setting next_dagrun for product_price_pipeline to 2026-02-12 00:00:00+00:00, run_after=2026-02-13 00:00:00+00:00
[2026-02-12T15:04:26.078+0000] {processor.py:183} INFO - Processing /opt/airflow/dags/product_pipeline_dag.py took 0.320 seconds
[2026-02-12T15:04:56.240+0000] {processor.py:161} INFO - Started process (PID=1155) to work on /opt/airflow/dags/product_pipeline_dag.py
[2026-02-12T15:04:56.243+0000] {processor.py:830} INFO - Processing file /opt/airflow/dags/product_pipeline_dag.py for tasks to queue
[2026-02-12T15:04:56.248+0000] {logging_mixin.py:188} INFO - [2026-02-12T15:04:56.247+0000] {dagbag.py:545} INFO - Filling up the DagBag from /opt/airflow/dags/product_pipeline_dag.py
[2026-02-12T15:04:56.330+0000] {processor.py:840} INFO - DAG(s) 'product_price_pipeline' retrieved from /opt/airflow/dags/product_pipeline_dag.py
[2026-02-12T15:04:56.439+0000] {logging_mixin.py:188} INFO - [2026-02-12T15:04:56.439+0000] {dag.py:3089} INFO - Sync 1 DAGs
[2026-02-12T15:04:56.505+0000] {logging_mixin.py:188} INFO - [2026-02-12T15:04:56.504+0000] {dag.py:3947} INFO - Setting next_dagrun for product_price_pipeline to 2026-02-12 00:00:00+00:00, run_after=2026-02-13 00:00:00+00:00
[2026-02-12T15:04:56.565+0000] {processor.py:183} INFO - Processing /opt/airflow/dags/product_pipeline_dag.py took 0.343 seconds
[2026-02-12T15:05:26.705+0000] {processor.py:161} INFO - Started process (PID=1180) to work on /opt/airflow/dags/product_pipeline_dag.py
[2026-02-12T15:05:26.708+0000] {processor.py:830} INFO - Processing file /opt/airflow/dags/product_pipeline_dag.py for tasks to queue
[2026-02-12T15:05:26.713+0000] {logging_mixin.py:188} INFO - [2026-02-12T15:05:26.713+0000] {dagbag.py:545} INFO - Filling up the DagBag from /opt/airflow/dags/product_pipeline_dag.py
[2026-02-12T15:05:26.782+0000] {processor.py:840} INFO - DAG(s) 'product_price_pipeline' retrieved from /opt/airflow/dags/product_pipeline_dag.py
[2026-02-12T15:05:26.856+0000] {logging_mixin.py:188} INFO - [2026-02-12T15:05:26.855+0000] {dag.py:3089} INFO - Sync 1 DAGs
[2026-02-12T15:05:26.908+0000] {logging_mixin.py:188} INFO - [2026-02-12T15:05:26.908+0000] {dag.py:3947} INFO - Setting next_dagrun for product_price_pipeline to 2026-02-12 00:00:00+00:00, run_after=2026-02-13 00:00:00+00:00
[2026-02-12T15:05:26.952+0000] {processor.py:183} INFO - Processing /opt/airflow/dags/product_pipeline_dag.py took 0.260 seconds
[2026-02-12T15:05:57.109+0000] {processor.py:161} INFO - Started process (PID=1209) to work on /opt/airflow/dags/product_pipeline_dag.py
[2026-02-12T15:05:57.111+0000] {processor.py:830} INFO - Processing file /opt/airflow/dags/product_pipeline_dag.py for tasks to queue
[2026-02-12T15:05:57.114+0000] {logging_mixin.py:188} INFO - [2026-02-12T15:05:57.114+0000] {dagbag.py:545} INFO - Filling up the DagBag from /opt/airflow/dags/product_pipeline_dag.py
[2026-02-12T15:05:57.161+0000] {processor.py:840} INFO - DAG(s) 'product_price_pipeline' retrieved from /opt/airflow/dags/product_pipeline_dag.py
[2026-02-12T15:05:57.207+0000] {logging_mixin.py:188} INFO - [2026-02-12T15:05:57.206+0000] {dag.py:3089} INFO - Sync 1 DAGs
[2026-02-12T15:05:57.237+0000] {logging_mixin.py:188} INFO - [2026-02-12T15:05:57.237+0000] {dag.py:3947} INFO - Setting next_dagrun for product_price_pipeline to 2026-02-12 00:00:00+00:00, run_after=2026-02-13 00:00:00+00:00
[2026-02-12T15:05:57.270+0000] {processor.py:183} INFO - Processing /opt/airflow/dags/product_pipeline_dag.py took 0.170 seconds
[2026-02-12T15:06:27.478+0000] {processor.py:161} INFO - Started process (PID=1238) to work on /opt/airflow/dags/product_pipeline_dag.py
[2026-02-12T15:06:27.481+0000] {processor.py:830} INFO - Processing file /opt/airflow/dags/product_pipeline_dag.py for tasks to queue
[2026-02-12T15:06:27.484+0000] {logging_mixin.py:188} INFO - [2026-02-12T15:06:27.483+0000] {dagbag.py:545} INFO - Filling up the DagBag from /opt/airflow/dags/product_pipeline_dag.py
[2026-02-12T15:06:27.549+0000] {processor.py:840} INFO - DAG(s) 'product_price_pipeline' retrieved from /opt/airflow/dags/product_pipeline_dag.py
[2026-02-12T15:06:27.608+0000] {logging_mixin.py:188} INFO - [2026-02-12T15:06:27.608+0000] {dag.py:3089} INFO - Sync 1 DAGs
[2026-02-12T15:06:27.646+0000] {logging_mixin.py:188} INFO - [2026-02-12T15:06:27.646+0000] {dag.py:3947} INFO - Setting next_dagrun for product_price_pipeline to 2026-02-12 00:00:00+00:00, run_after=2026-02-13 00:00:00+00:00
[2026-02-12T15:06:27.685+0000] {processor.py:183} INFO - Processing /opt/airflow/dags/product_pipeline_dag.py took 0.217 seconds
[2026-02-12T15:06:58.006+0000] {processor.py:161} INFO - Started process (PID=1264) to work on /opt/airflow/dags/product_pipeline_dag.py
[2026-02-12T15:06:58.008+0000] {processor.py:830} INFO - Processing file /opt/airflow/dags/product_pipeline_dag.py for tasks to queue
[2026-02-12T15:06:58.011+0000] {logging_mixin.py:188} INFO - [2026-02-12T15:06:58.011+0000] {dagbag.py:545} INFO - Filling up the DagBag from /opt/airflow/dags/product_pipeline_dag.py
[2026-02-12T15:06:58.062+0000] {processor.py:840} INFO - DAG(s) 'product_price_pipeline' retrieved from /opt/airflow/dags/product_pipeline_dag.py
[2026-02-12T15:06:58.123+0000] {logging_mixin.py:188} INFO - [2026-02-12T15:06:58.122+0000] {dag.py:3089} INFO - Sync 1 DAGs
[2026-02-12T15:06:58.165+0000] {logging_mixin.py:188} INFO - [2026-02-12T15:06:58.165+0000] {dag.py:3947} INFO - Setting next_dagrun for product_price_pipeline to 2026-02-12 00:00:00+00:00, run_after=2026-02-13 00:00:00+00:00
[2026-02-12T15:06:58.219+0000] {processor.py:183} INFO - Processing /opt/airflow/dags/product_pipeline_dag.py took 0.224 seconds
[2026-02-12T15:07:29.009+0000] {processor.py:161} INFO - Started process (PID=1293) to work on /opt/airflow/dags/product_pipeline_dag.py
[2026-02-12T15:07:29.012+0000] {processor.py:830} INFO - Processing file /opt/airflow/dags/product_pipeline_dag.py for tasks to queue
[2026-02-12T15:07:29.016+0000] {logging_mixin.py:188} INFO - [2026-02-12T15:07:29.016+0000] {dagbag.py:545} INFO - Filling up the DagBag from /opt/airflow/dags/product_pipeline_dag.py
[2026-02-12T15:07:29.063+0000] {processor.py:840} INFO - DAG(s) 'product_price_pipeline' retrieved from /opt/airflow/dags/product_pipeline_dag.py
[2026-02-12T15:07:29.128+0000] {logging_mixin.py:188} INFO - [2026-02-12T15:07:29.127+0000] {dag.py:3089} INFO - Sync 1 DAGs
[2026-02-12T15:07:29.173+0000] {logging_mixin.py:188} INFO - [2026-02-12T15:07:29.172+0000] {dag.py:3947} INFO - Setting next_dagrun for product_price_pipeline to 2026-02-12 00:00:00+00:00, run_after=2026-02-13 00:00:00+00:00
[2026-02-12T15:07:29.211+0000] {processor.py:183} INFO - Processing /opt/airflow/dags/product_pipeline_dag.py took 0.216 seconds
[2026-02-12T15:08:00.513+0000] {processor.py:161} INFO - Started process (PID=1323) to work on /opt/airflow/dags/product_pipeline_dag.py
[2026-02-12T15:08:00.516+0000] {processor.py:830} INFO - Processing file /opt/airflow/dags/product_pipeline_dag.py for tasks to queue
[2026-02-12T15:08:00.523+0000] {logging_mixin.py:188} INFO - [2026-02-12T15:08:00.522+0000] {dagbag.py:545} INFO - Filling up the DagBag from /opt/airflow/dags/product_pipeline_dag.py
[2026-02-12T15:08:00.593+0000] {processor.py:840} INFO - DAG(s) 'product_price_pipeline' retrieved from /opt/airflow/dags/product_pipeline_dag.py
[2026-02-12T15:08:00.670+0000] {logging_mixin.py:188} INFO - [2026-02-12T15:08:00.670+0000] {dag.py:3089} INFO - Sync 1 DAGs
[2026-02-12T15:08:00.721+0000] {logging_mixin.py:188} INFO - [2026-02-12T15:08:00.720+0000] {dag.py:3947} INFO - Setting next_dagrun for product_price_pipeline to 2026-02-12 00:00:00+00:00, run_after=2026-02-13 00:00:00+00:00
[2026-02-12T15:08:00.789+0000] {processor.py:183} INFO - Processing /opt/airflow/dags/product_pipeline_dag.py took 0.288 seconds
[2026-02-12T15:08:36.219+0000] {processor.py:161} INFO - Started process (PID=1354) to work on /opt/airflow/dags/product_pipeline_dag.py
[2026-02-12T15:08:36.225+0000] {processor.py:830} INFO - Processing file /opt/airflow/dags/product_pipeline_dag.py for tasks to queue
[2026-02-12T15:08:36.234+0000] {logging_mixin.py:188} INFO - [2026-02-12T15:08:36.232+0000] {dagbag.py:545} INFO - Filling up the DagBag from /opt/airflow/dags/product_pipeline_dag.py
[2026-02-12T15:08:36.341+0000] {processor.py:840} INFO - DAG(s) 'product_price_pipeline' retrieved from /opt/airflow/dags/product_pipeline_dag.py
[2026-02-12T15:08:36.458+0000] {logging_mixin.py:188} INFO - [2026-02-12T15:08:36.457+0000] {dag.py:3089} INFO - Sync 1 DAGs
[2026-02-12T15:08:36.548+0000] {logging_mixin.py:188} INFO - [2026-02-12T15:08:36.547+0000] {dag.py:3947} INFO - Setting next_dagrun for product_price_pipeline to 2026-02-12 00:00:00+00:00, run_after=2026-02-13 00:00:00+00:00
[2026-02-12T15:08:36.619+0000] {processor.py:183} INFO - Processing /opt/airflow/dags/product_pipeline_dag.py took 0.420 seconds
[2026-02-12T15:09:08.818+0000] {processor.py:161} INFO - Started process (PID=1389) to work on /opt/airflow/dags/product_pipeline_dag.py
[2026-02-12T15:09:08.820+0000] {processor.py:830} INFO - Processing file /opt/airflow/dags/product_pipeline_dag.py for tasks to queue
[2026-02-12T15:09:08.824+0000] {logging_mixin.py:188} INFO - [2026-02-12T15:09:08.823+0000] {dagbag.py:545} INFO - Filling up the DagBag from /opt/airflow/dags/product_pipeline_dag.py
[2026-02-12T15:09:08.892+0000] {processor.py:840} INFO - DAG(s) 'product_price_pipeline' retrieved from /opt/airflow/dags/product_pipeline_dag.py
[2026-02-12T15:09:08.963+0000] {logging_mixin.py:188} INFO - [2026-02-12T15:09:08.962+0000] {dag.py:3089} INFO - Sync 1 DAGs
[2026-02-12T15:09:09.005+0000] {logging_mixin.py:188} INFO - [2026-02-12T15:09:09.005+0000] {dag.py:3947} INFO - Setting next_dagrun for product_price_pipeline to 2026-02-12 00:00:00+00:00, run_after=2026-02-13 00:00:00+00:00
[2026-02-12T15:09:09.043+0000] {processor.py:183} INFO - Processing /opt/airflow/dags/product_pipeline_dag.py took 0.242 seconds
[2026-02-12T15:10:34.742+0000] {processor.py:161} INFO - Started process (PID=204) to work on /opt/airflow/dags/product_pipeline_dag.py
[2026-02-12T15:10:34.746+0000] {processor.py:830} INFO - Processing file /opt/airflow/dags/product_pipeline_dag.py for tasks to queue
[2026-02-12T15:10:34.751+0000] {logging_mixin.py:188} INFO - [2026-02-12T15:10:34.750+0000] {dagbag.py:545} INFO - Filling up the DagBag from /opt/airflow/dags/product_pipeline_dag.py
[2026-02-12T15:10:34.819+0000] {processor.py:840} INFO - DAG(s) 'product_price_pipeline' retrieved from /opt/airflow/dags/product_pipeline_dag.py
[2026-02-12T15:10:34.864+0000] {logging_mixin.py:188} INFO - [2026-02-12T15:10:34.863+0000] {dag.py:3089} INFO - Sync 1 DAGs
[2026-02-12T15:10:34.928+0000] {logging_mixin.py:188} INFO - [2026-02-12T15:10:34.927+0000] {dag.py:3947} INFO - Setting next_dagrun for product_price_pipeline to 2026-02-12 00:00:00+00:00, run_after=2026-02-13 00:00:00+00:00
[2026-02-12T15:10:35.002+0000] {processor.py:183} INFO - Processing /opt/airflow/dags/product_pipeline_dag.py took 0.273 seconds
[2026-02-12T15:11:08.152+0000] {processor.py:161} INFO - Started process (PID=260) to work on /opt/airflow/dags/product_pipeline_dag.py
[2026-02-12T15:11:08.156+0000] {processor.py:830} INFO - Processing file /opt/airflow/dags/product_pipeline_dag.py for tasks to queue
[2026-02-12T15:11:08.162+0000] {logging_mixin.py:188} INFO - [2026-02-12T15:11:08.161+0000] {dagbag.py:545} INFO - Filling up the DagBag from /opt/airflow/dags/product_pipeline_dag.py
[2026-02-12T15:11:08.213+0000] {processor.py:840} INFO - DAG(s) 'product_price_pipeline' retrieved from /opt/airflow/dags/product_pipeline_dag.py
[2026-02-12T15:11:08.427+0000] {logging_mixin.py:188} INFO - [2026-02-12T15:11:08.427+0000] {dag.py:3089} INFO - Sync 1 DAGs
[2026-02-12T15:11:08.472+0000] {logging_mixin.py:188} INFO - [2026-02-12T15:11:08.471+0000] {dag.py:3947} INFO - Setting next_dagrun for product_price_pipeline to 2026-02-12 00:00:00+00:00, run_after=2026-02-13 00:00:00+00:00
[2026-02-12T15:11:08.517+0000] {processor.py:183} INFO - Processing /opt/airflow/dags/product_pipeline_dag.py took 0.377 seconds
[2026-02-12T15:11:40.195+0000] {processor.py:161} INFO - Started process (PID=300) to work on /opt/airflow/dags/product_pipeline_dag.py
[2026-02-12T15:11:40.198+0000] {processor.py:830} INFO - Processing file /opt/airflow/dags/product_pipeline_dag.py for tasks to queue
[2026-02-12T15:11:40.202+0000] {logging_mixin.py:188} INFO - [2026-02-12T15:11:40.202+0000] {dagbag.py:545} INFO - Filling up the DagBag from /opt/airflow/dags/product_pipeline_dag.py
[2026-02-12T15:11:40.273+0000] {processor.py:840} INFO - DAG(s) 'product_price_pipeline' retrieved from /opt/airflow/dags/product_pipeline_dag.py
[2026-02-12T15:11:40.357+0000] {logging_mixin.py:188} INFO - [2026-02-12T15:11:40.357+0000] {dag.py:3089} INFO - Sync 1 DAGs
[2026-02-12T15:11:40.398+0000] {logging_mixin.py:188} INFO - [2026-02-12T15:11:40.398+0000] {dag.py:3947} INFO - Setting next_dagrun for product_price_pipeline to 2026-02-12 00:00:00+00:00, run_after=2026-02-13 00:00:00+00:00
[2026-02-12T15:11:40.441+0000] {processor.py:183} INFO - Processing /opt/airflow/dags/product_pipeline_dag.py took 0.259 seconds
[2026-02-12T15:12:10.963+0000] {processor.py:161} INFO - Started process (PID=323) to work on /opt/airflow/dags/product_pipeline_dag.py
[2026-02-12T15:12:10.966+0000] {processor.py:830} INFO - Processing file /opt/airflow/dags/product_pipeline_dag.py for tasks to queue
[2026-02-12T15:12:10.971+0000] {logging_mixin.py:188} INFO - [2026-02-12T15:12:10.970+0000] {dagbag.py:545} INFO - Filling up the DagBag from /opt/airflow/dags/product_pipeline_dag.py
[2026-02-12T15:12:11.020+0000] {processor.py:840} INFO - DAG(s) 'product_price_pipeline' retrieved from /opt/airflow/dags/product_pipeline_dag.py
[2026-02-12T15:12:11.078+0000] {logging_mixin.py:188} INFO - [2026-02-12T15:12:11.078+0000] {dag.py:3089} INFO - Sync 1 DAGs
[2026-02-12T15:12:11.124+0000] {logging_mixin.py:188} INFO - [2026-02-12T15:12:11.124+0000] {dag.py:3947} INFO - Setting next_dagrun for product_price_pipeline to 2026-02-12 00:00:00+00:00, run_after=2026-02-13 00:00:00+00:00
[2026-02-12T15:12:11.161+0000] {processor.py:183} INFO - Processing /opt/airflow/dags/product_pipeline_dag.py took 0.212 seconds
[2026-02-12T15:12:41.667+0000] {processor.py:161} INFO - Started process (PID=346) to work on /opt/airflow/dags/product_pipeline_dag.py
[2026-02-12T15:12:41.671+0000] {processor.py:830} INFO - Processing file /opt/airflow/dags/product_pipeline_dag.py for tasks to queue
[2026-02-12T15:12:41.674+0000] {logging_mixin.py:188} INFO - [2026-02-12T15:12:41.674+0000] {dagbag.py:545} INFO - Filling up the DagBag from /opt/airflow/dags/product_pipeline_dag.py
[2026-02-12T15:12:41.746+0000] {processor.py:840} INFO - DAG(s) 'product_price_pipeline' retrieved from /opt/airflow/dags/product_pipeline_dag.py
[2026-02-12T15:12:41.819+0000] {logging_mixin.py:188} INFO - [2026-02-12T15:12:41.819+0000] {dag.py:3089} INFO - Sync 1 DAGs
[2026-02-12T15:12:41.864+0000] {logging_mixin.py:188} INFO - [2026-02-12T15:12:41.864+0000] {dag.py:3947} INFO - Setting next_dagrun for product_price_pipeline to 2026-02-12 00:00:00+00:00, run_after=2026-02-13 00:00:00+00:00
[2026-02-12T15:12:41.915+0000] {processor.py:183} INFO - Processing /opt/airflow/dags/product_pipeline_dag.py took 0.258 seconds
[2026-02-12T15:13:15.124+0000] {processor.py:161} INFO - Started process (PID=378) to work on /opt/airflow/dags/product_pipeline_dag.py
[2026-02-12T15:13:15.127+0000] {processor.py:830} INFO - Processing file /opt/airflow/dags/product_pipeline_dag.py for tasks to queue
[2026-02-12T15:13:15.131+0000] {logging_mixin.py:188} INFO - [2026-02-12T15:13:15.130+0000] {dagbag.py:545} INFO - Filling up the DagBag from /opt/airflow/dags/product_pipeline_dag.py
[2026-02-12T15:13:15.209+0000] {processor.py:840} INFO - DAG(s) 'product_price_pipeline' retrieved from /opt/airflow/dags/product_pipeline_dag.py
[2026-02-12T15:13:15.288+0000] {logging_mixin.py:188} INFO - [2026-02-12T15:13:15.288+0000] {dag.py:3089} INFO - Sync 1 DAGs
[2026-02-12T15:13:15.377+0000] {logging_mixin.py:188} INFO - [2026-02-12T15:13:15.377+0000] {dag.py:3947} INFO - Setting next_dagrun for product_price_pipeline to 2026-02-12 00:00:00+00:00, run_after=2026-02-13 00:00:00+00:00
[2026-02-12T15:13:15.427+0000] {processor.py:183} INFO - Processing /opt/airflow/dags/product_pipeline_dag.py took 0.313 seconds
[2026-02-12T15:13:46.513+0000] {processor.py:161} INFO - Started process (PID=405) to work on /opt/airflow/dags/product_pipeline_dag.py
[2026-02-12T15:13:46.517+0000] {processor.py:830} INFO - Processing file /opt/airflow/dags/product_pipeline_dag.py for tasks to queue
[2026-02-12T15:13:46.523+0000] {logging_mixin.py:188} INFO - [2026-02-12T15:13:46.523+0000] {dagbag.py:545} INFO - Filling up the DagBag from /opt/airflow/dags/product_pipeline_dag.py
[2026-02-12T15:13:46.596+0000] {processor.py:840} INFO - DAG(s) 'product_price_pipeline' retrieved from /opt/airflow/dags/product_pipeline_dag.py
[2026-02-12T15:13:46.652+0000] {logging_mixin.py:188} INFO - [2026-02-12T15:13:46.652+0000] {dag.py:3089} INFO - Sync 1 DAGs
[2026-02-12T15:13:46.693+0000] {logging_mixin.py:188} INFO - [2026-02-12T15:13:46.692+0000] {dag.py:3947} INFO - Setting next_dagrun for product_price_pipeline to 2026-02-12 00:00:00+00:00, run_after=2026-02-13 00:00:00+00:00
[2026-02-12T15:13:46.742+0000] {processor.py:183} INFO - Processing /opt/airflow/dags/product_pipeline_dag.py took 0.241 seconds
[2026-02-12T15:14:18.924+0000] {processor.py:161} INFO - Started process (PID=436) to work on /opt/airflow/dags/product_pipeline_dag.py
[2026-02-12T15:14:18.927+0000] {processor.py:830} INFO - Processing file /opt/airflow/dags/product_pipeline_dag.py for tasks to queue
[2026-02-12T15:14:18.935+0000] {logging_mixin.py:188} INFO - [2026-02-12T15:14:18.934+0000] {dagbag.py:545} INFO - Filling up the DagBag from /opt/airflow/dags/product_pipeline_dag.py
[2026-02-12T15:14:19.014+0000] {processor.py:840} INFO - DAG(s) 'product_price_pipeline' retrieved from /opt/airflow/dags/product_pipeline_dag.py
[2026-02-12T15:14:19.081+0000] {logging_mixin.py:188} INFO - [2026-02-12T15:14:19.080+0000] {dag.py:3089} INFO - Sync 1 DAGs
[2026-02-12T15:14:19.123+0000] {logging_mixin.py:188} INFO - [2026-02-12T15:14:19.123+0000] {dag.py:3947} INFO - Setting next_dagrun for product_price_pipeline to 2026-02-12 00:00:00+00:00, run_after=2026-02-13 00:00:00+00:00
[2026-02-12T15:14:19.171+0000] {processor.py:183} INFO - Processing /opt/airflow/dags/product_pipeline_dag.py took 0.272 seconds
[2026-02-12T15:14:50.531+0000] {processor.py:161} INFO - Started process (PID=591) to work on /opt/airflow/dags/product_pipeline_dag.py
[2026-02-12T15:14:50.533+0000] {processor.py:830} INFO - Processing file /opt/airflow/dags/product_pipeline_dag.py for tasks to queue
[2026-02-12T15:14:50.536+0000] {logging_mixin.py:188} INFO - [2026-02-12T15:14:50.535+0000] {dagbag.py:545} INFO - Filling up the DagBag from /opt/airflow/dags/product_pipeline_dag.py
[2026-02-12T15:14:50.629+0000] {processor.py:840} INFO - DAG(s) 'product_price_pipeline' retrieved from /opt/airflow/dags/product_pipeline_dag.py
[2026-02-12T15:14:50.680+0000] {logging_mixin.py:188} INFO - [2026-02-12T15:14:50.679+0000] {dag.py:3089} INFO - Sync 1 DAGs
[2026-02-12T15:14:50.750+0000] {logging_mixin.py:188} INFO - [2026-02-12T15:14:50.750+0000] {dag.py:3947} INFO - Setting next_dagrun for product_price_pipeline to 2026-02-12 00:00:00+00:00, run_after=2026-02-13 00:00:00+00:00
[2026-02-12T15:14:50.801+0000] {processor.py:183} INFO - Processing /opt/airflow/dags/product_pipeline_dag.py took 0.280 seconds
[2026-02-12T15:15:22.712+0000] {processor.py:161} INFO - Started process (PID=620) to work on /opt/airflow/dags/product_pipeline_dag.py
[2026-02-12T15:15:22.715+0000] {processor.py:830} INFO - Processing file /opt/airflow/dags/product_pipeline_dag.py for tasks to queue
[2026-02-12T15:15:22.719+0000] {logging_mixin.py:188} INFO - [2026-02-12T15:15:22.718+0000] {dagbag.py:545} INFO - Filling up the DagBag from /opt/airflow/dags/product_pipeline_dag.py
[2026-02-12T15:15:22.784+0000] {processor.py:840} INFO - DAG(s) 'product_price_pipeline' retrieved from /opt/airflow/dags/product_pipeline_dag.py
[2026-02-12T15:15:22.848+0000] {logging_mixin.py:188} INFO - [2026-02-12T15:15:22.847+0000] {dag.py:3089} INFO - Sync 1 DAGs
[2026-02-12T15:15:22.894+0000] {logging_mixin.py:188} INFO - [2026-02-12T15:15:22.893+0000] {dag.py:3947} INFO - Setting next_dagrun for product_price_pipeline to 2026-02-12 00:00:00+00:00, run_after=2026-02-13 00:00:00+00:00
[2026-02-12T15:15:22.936+0000] {processor.py:183} INFO - Processing /opt/airflow/dags/product_pipeline_dag.py took 0.236 seconds
[2026-02-12T15:15:54.071+0000] {processor.py:161} INFO - Started process (PID=649) to work on /opt/airflow/dags/product_pipeline_dag.py
[2026-02-12T15:15:54.073+0000] {processor.py:830} INFO - Processing file /opt/airflow/dags/product_pipeline_dag.py for tasks to queue
[2026-02-12T15:15:54.077+0000] {logging_mixin.py:188} INFO - [2026-02-12T15:15:54.076+0000] {dagbag.py:545} INFO - Filling up the DagBag from /opt/airflow/dags/product_pipeline_dag.py
[2026-02-12T15:15:54.143+0000] {processor.py:840} INFO - DAG(s) 'product_price_pipeline' retrieved from /opt/airflow/dags/product_pipeline_dag.py
[2026-02-12T15:15:54.211+0000] {logging_mixin.py:188} INFO - [2026-02-12T15:15:54.210+0000] {dag.py:3089} INFO - Sync 1 DAGs
[2026-02-12T15:15:54.249+0000] {logging_mixin.py:188} INFO - [2026-02-12T15:15:54.249+0000] {dag.py:3947} INFO - Setting next_dagrun for product_price_pipeline to 2026-02-12 00:00:00+00:00, run_after=2026-02-13 00:00:00+00:00
[2026-02-12T15:15:54.297+0000] {processor.py:183} INFO - Processing /opt/airflow/dags/product_pipeline_dag.py took 0.238 seconds
[2026-02-12T15:16:25.148+0000] {processor.py:161} INFO - Started process (PID=678) to work on /opt/airflow/dags/product_pipeline_dag.py
[2026-02-12T15:16:25.151+0000] {processor.py:830} INFO - Processing file /opt/airflow/dags/product_pipeline_dag.py for tasks to queue
[2026-02-12T15:16:25.157+0000] {logging_mixin.py:188} INFO - [2026-02-12T15:16:25.156+0000] {dagbag.py:545} INFO - Filling up the DagBag from /opt/airflow/dags/product_pipeline_dag.py
[2026-02-12T15:16:25.220+0000] {processor.py:840} INFO - DAG(s) 'product_price_pipeline' retrieved from /opt/airflow/dags/product_pipeline_dag.py
[2026-02-12T15:16:25.286+0000] {logging_mixin.py:188} INFO - [2026-02-12T15:16:25.285+0000] {dag.py:3089} INFO - Sync 1 DAGs
[2026-02-12T15:16:25.339+0000] {logging_mixin.py:188} INFO - [2026-02-12T15:16:25.338+0000] {dag.py:3947} INFO - Setting next_dagrun for product_price_pipeline to 2026-02-12 00:00:00+00:00, run_after=2026-02-13 00:00:00+00:00
[2026-02-12T15:16:25.376+0000] {processor.py:183} INFO - Processing /opt/airflow/dags/product_pipeline_dag.py took 0.241 seconds
[2026-02-12T15:16:56.588+0000] {processor.py:161} INFO - Started process (PID=705) to work on /opt/airflow/dags/product_pipeline_dag.py
[2026-02-12T15:16:56.590+0000] {processor.py:830} INFO - Processing file /opt/airflow/dags/product_pipeline_dag.py for tasks to queue
[2026-02-12T15:16:56.595+0000] {logging_mixin.py:188} INFO - [2026-02-12T15:16:56.594+0000] {dagbag.py:545} INFO - Filling up the DagBag from /opt/airflow/dags/product_pipeline_dag.py
[2026-02-12T15:16:56.662+0000] {processor.py:840} INFO - DAG(s) 'product_price_pipeline' retrieved from /opt/airflow/dags/product_pipeline_dag.py
[2026-02-12T15:16:56.732+0000] {logging_mixin.py:188} INFO - [2026-02-12T15:16:56.732+0000] {dag.py:3089} INFO - Sync 1 DAGs
[2026-02-12T15:16:56.780+0000] {logging_mixin.py:188} INFO - [2026-02-12T15:16:56.780+0000] {dag.py:3947} INFO - Setting next_dagrun for product_price_pipeline to 2026-02-12 00:00:00+00:00, run_after=2026-02-13 00:00:00+00:00
[2026-02-12T15:16:56.828+0000] {processor.py:183} INFO - Processing /opt/airflow/dags/product_pipeline_dag.py took 0.250 seconds
[2026-02-12T15:17:27.710+0000] {processor.py:161} INFO - Started process (PID=733) to work on /opt/airflow/dags/product_pipeline_dag.py
[2026-02-12T15:17:27.712+0000] {processor.py:830} INFO - Processing file /opt/airflow/dags/product_pipeline_dag.py for tasks to queue
[2026-02-12T15:17:27.716+0000] {logging_mixin.py:188} INFO - [2026-02-12T15:17:27.715+0000] {dagbag.py:545} INFO - Filling up the DagBag from /opt/airflow/dags/product_pipeline_dag.py
[2026-02-12T15:17:27.762+0000] {processor.py:840} INFO - DAG(s) 'product_price_pipeline' retrieved from /opt/airflow/dags/product_pipeline_dag.py
[2026-02-12T15:17:27.828+0000] {logging_mixin.py:188} INFO - [2026-02-12T15:17:27.827+0000] {dag.py:3089} INFO - Sync 1 DAGs
[2026-02-12T15:17:27.887+0000] {logging_mixin.py:188} INFO - [2026-02-12T15:17:27.887+0000] {dag.py:3947} INFO - Setting next_dagrun for product_price_pipeline to 2026-02-12 00:00:00+00:00, run_after=2026-02-13 00:00:00+00:00
[2026-02-12T15:17:27.936+0000] {processor.py:183} INFO - Processing /opt/airflow/dags/product_pipeline_dag.py took 0.237 seconds
[2026-02-12T15:18:32.020+0000] {processor.py:161} INFO - Started process (PID=775) to work on /opt/airflow/dags/product_pipeline_dag.py
[2026-02-12T15:18:32.024+0000] {processor.py:830} INFO - Processing file /opt/airflow/dags/product_pipeline_dag.py for tasks to queue
[2026-02-12T15:18:32.032+0000] {logging_mixin.py:188} INFO - [2026-02-12T15:18:32.030+0000] {dagbag.py:545} INFO - Filling up the DagBag from /opt/airflow/dags/product_pipeline_dag.py
[2026-02-12T15:18:32.205+0000] {processor.py:840} INFO - DAG(s) 'product_price_pipeline' retrieved from /opt/airflow/dags/product_pipeline_dag.py
[2026-02-12T15:18:32.478+0000] {logging_mixin.py:188} INFO - [2026-02-12T15:18:32.476+0000] {dag.py:3089} INFO - Sync 1 DAGs
[2026-02-12T15:18:32.664+0000] {logging_mixin.py:188} INFO - [2026-02-12T15:18:32.662+0000] {dag.py:3947} INFO - Setting next_dagrun for product_price_pipeline to 2026-02-12 00:00:00+00:00, run_after=2026-02-13 00:00:00+00:00
[2026-02-12T15:18:32.765+0000] {processor.py:183} INFO - Processing /opt/airflow/dags/product_pipeline_dag.py took 0.776 seconds
[2026-02-12T15:19:10.277+0000] {processor.py:161} INFO - Started process (PID=804) to work on /opt/airflow/dags/product_pipeline_dag.py
[2026-02-12T15:19:10.279+0000] {processor.py:830} INFO - Processing file /opt/airflow/dags/product_pipeline_dag.py for tasks to queue
[2026-02-12T15:19:10.283+0000] {logging_mixin.py:188} INFO - [2026-02-12T15:19:10.282+0000] {dagbag.py:545} INFO - Filling up the DagBag from /opt/airflow/dags/product_pipeline_dag.py
[2026-02-12T15:19:10.413+0000] {processor.py:840} INFO - DAG(s) 'product_price_pipeline' retrieved from /opt/airflow/dags/product_pipeline_dag.py
[2026-02-12T15:19:10.574+0000] {logging_mixin.py:188} INFO - [2026-02-12T15:19:10.574+0000] {dag.py:3089} INFO - Sync 1 DAGs
[2026-02-12T15:19:10.632+0000] {logging_mixin.py:188} INFO - [2026-02-12T15:19:10.632+0000] {dag.py:3947} INFO - Setting next_dagrun for product_price_pipeline to 2026-02-12 00:00:00+00:00, run_after=2026-02-13 00:00:00+00:00
[2026-02-12T15:19:10.691+0000] {processor.py:183} INFO - Processing /opt/airflow/dags/product_pipeline_dag.py took 0.421 seconds
[2026-02-12T15:19:43.857+0000] {processor.py:161} INFO - Started process (PID=832) to work on /opt/airflow/dags/product_pipeline_dag.py
[2026-02-12T15:19:43.872+0000] {processor.py:830} INFO - Processing file /opt/airflow/dags/product_pipeline_dag.py for tasks to queue
[2026-02-12T15:19:43.877+0000] {logging_mixin.py:188} INFO - [2026-02-12T15:19:43.876+0000] {dagbag.py:545} INFO - Filling up the DagBag from /opt/airflow/dags/product_pipeline_dag.py
[2026-02-12T15:19:44.063+0000] {processor.py:840} INFO - DAG(s) 'product_price_pipeline' retrieved from /opt/airflow/dags/product_pipeline_dag.py
[2026-02-12T15:19:44.263+0000] {logging_mixin.py:188} INFO - [2026-02-12T15:19:44.262+0000] {dag.py:3089} INFO - Sync 1 DAGs
[2026-02-12T15:19:44.376+0000] {logging_mixin.py:188} INFO - [2026-02-12T15:19:44.375+0000] {dag.py:3947} INFO - Setting next_dagrun for product_price_pipeline to 2026-02-12 00:00:00+00:00, run_after=2026-02-13 00:00:00+00:00
[2026-02-12T15:19:44.458+0000] {processor.py:183} INFO - Processing /opt/airflow/dags/product_pipeline_dag.py took 0.625 seconds
[2026-02-12T15:20:16.265+0000] {processor.py:161} INFO - Started process (PID=856) to work on /opt/airflow/dags/product_pipeline_dag.py
[2026-02-12T15:20:16.269+0000] {processor.py:830} INFO - Processing file /opt/airflow/dags/product_pipeline_dag.py for tasks to queue
[2026-02-12T15:20:16.275+0000] {logging_mixin.py:188} INFO - [2026-02-12T15:20:16.274+0000] {dagbag.py:545} INFO - Filling up the DagBag from /opt/airflow/dags/product_pipeline_dag.py
[2026-02-12T15:20:16.554+0000] {processor.py:840} INFO - DAG(s) 'product_price_pipeline' retrieved from /opt/airflow/dags/product_pipeline_dag.py
[2026-02-12T15:20:16.933+0000] {logging_mixin.py:188} INFO - [2026-02-12T15:20:16.933+0000] {dag.py:3089} INFO - Sync 1 DAGs
[2026-02-12T15:20:17.056+0000] {logging_mixin.py:188} INFO - [2026-02-12T15:20:17.056+0000] {dag.py:3947} INFO - Setting next_dagrun for product_price_pipeline to 2026-02-12 00:00:00+00:00, run_after=2026-02-13 00:00:00+00:00
[2026-02-12T15:20:17.138+0000] {processor.py:183} INFO - Processing /opt/airflow/dags/product_pipeline_dag.py took 0.887 seconds
[2026-02-12T15:20:49.202+0000] {processor.py:161} INFO - Started process (PID=884) to work on /opt/airflow/dags/product_pipeline_dag.py
[2026-02-12T15:20:49.205+0000] {processor.py:830} INFO - Processing file /opt/airflow/dags/product_pipeline_dag.py for tasks to queue
[2026-02-12T15:20:49.216+0000] {logging_mixin.py:188} INFO - [2026-02-12T15:20:49.214+0000] {dagbag.py:545} INFO - Filling up the DagBag from /opt/airflow/dags/product_pipeline_dag.py
[2026-02-12T15:20:49.338+0000] {processor.py:840} INFO - DAG(s) 'product_price_pipeline' retrieved from /opt/airflow/dags/product_pipeline_dag.py
[2026-02-12T15:20:49.506+0000] {logging_mixin.py:188} INFO - [2026-02-12T15:20:49.506+0000] {dag.py:3089} INFO - Sync 1 DAGs
[2026-02-12T15:20:49.640+0000] {logging_mixin.py:188} INFO - [2026-02-12T15:20:49.639+0000] {dag.py:3947} INFO - Setting next_dagrun for product_price_pipeline to 2026-02-12 00:00:00+00:00, run_after=2026-02-13 00:00:00+00:00
[2026-02-12T15:20:49.800+0000] {processor.py:183} INFO - Processing /opt/airflow/dags/product_pipeline_dag.py took 0.616 seconds
[2026-02-12T15:21:21.879+0000] {processor.py:161} INFO - Started process (PID=908) to work on /opt/airflow/dags/product_pipeline_dag.py
[2026-02-12T15:21:21.889+0000] {processor.py:830} INFO - Processing file /opt/airflow/dags/product_pipeline_dag.py for tasks to queue
[2026-02-12T15:21:21.903+0000] {logging_mixin.py:188} INFO - [2026-02-12T15:21:21.902+0000] {dagbag.py:545} INFO - Filling up the DagBag from /opt/airflow/dags/product_pipeline_dag.py
[2026-02-12T15:21:22.017+0000] {processor.py:840} INFO - DAG(s) 'product_price_pipeline' retrieved from /opt/airflow/dags/product_pipeline_dag.py
[2026-02-12T15:21:22.137+0000] {logging_mixin.py:188} INFO - [2026-02-12T15:21:22.136+0000] {dag.py:3089} INFO - Sync 1 DAGs
[2026-02-12T15:21:22.217+0000] {logging_mixin.py:188} INFO - [2026-02-12T15:21:22.217+0000] {dag.py:3947} INFO - Setting next_dagrun for product_price_pipeline to 2026-02-12 00:00:00+00:00, run_after=2026-02-13 00:00:00+00:00
[2026-02-12T15:21:22.318+0000] {processor.py:183} INFO - Processing /opt/airflow/dags/product_pipeline_dag.py took 0.491 seconds
[2026-02-12T15:21:53.296+0000] {processor.py:161} INFO - Started process (PID=937) to work on /opt/airflow/dags/product_pipeline_dag.py
[2026-02-12T15:21:53.299+0000] {processor.py:830} INFO - Processing file /opt/airflow/dags/product_pipeline_dag.py for tasks to queue
[2026-02-12T15:21:53.305+0000] {logging_mixin.py:188} INFO - [2026-02-12T15:21:53.304+0000] {dagbag.py:545} INFO - Filling up the DagBag from /opt/airflow/dags/product_pipeline_dag.py
[2026-02-12T15:21:53.371+0000] {processor.py:840} INFO - DAG(s) 'product_price_pipeline' retrieved from /opt/airflow/dags/product_pipeline_dag.py
[2026-02-12T15:21:53.454+0000] {logging_mixin.py:188} INFO - [2026-02-12T15:21:53.453+0000] {dag.py:3089} INFO - Sync 1 DAGs
[2026-02-12T15:21:53.509+0000] {logging_mixin.py:188} INFO - [2026-02-12T15:21:53.509+0000] {dag.py:3947} INFO - Setting next_dagrun for product_price_pipeline to 2026-02-12 00:00:00+00:00, run_after=2026-02-13 00:00:00+00:00
[2026-02-12T15:21:53.556+0000] {processor.py:183} INFO - Processing /opt/airflow/dags/product_pipeline_dag.py took 0.269 seconds
[2026-02-12T15:22:24.980+0000] {processor.py:161} INFO - Started process (PID=966) to work on /opt/airflow/dags/product_pipeline_dag.py
[2026-02-12T15:22:24.982+0000] {processor.py:830} INFO - Processing file /opt/airflow/dags/product_pipeline_dag.py for tasks to queue
[2026-02-12T15:22:24.987+0000] {logging_mixin.py:188} INFO - [2026-02-12T15:22:24.986+0000] {dagbag.py:545} INFO - Filling up the DagBag from /opt/airflow/dags/product_pipeline_dag.py
[2026-02-12T15:22:25.043+0000] {processor.py:840} INFO - DAG(s) 'product_price_pipeline' retrieved from /opt/airflow/dags/product_pipeline_dag.py
[2026-02-12T15:22:25.110+0000] {logging_mixin.py:188} INFO - [2026-02-12T15:22:25.110+0000] {dag.py:3089} INFO - Sync 1 DAGs
[2026-02-12T15:22:25.155+0000] {logging_mixin.py:188} INFO - [2026-02-12T15:22:25.155+0000] {dag.py:3947} INFO - Setting next_dagrun for product_price_pipeline to 2026-02-12 00:00:00+00:00, run_after=2026-02-13 00:00:00+00:00
[2026-02-12T15:22:25.293+0000] {processor.py:183} INFO - Processing /opt/airflow/dags/product_pipeline_dag.py took 0.327 seconds
[2026-02-12T15:22:56.656+0000] {processor.py:161} INFO - Started process (PID=995) to work on /opt/airflow/dags/product_pipeline_dag.py
[2026-02-12T15:22:56.668+0000] {processor.py:830} INFO - Processing file /opt/airflow/dags/product_pipeline_dag.py for tasks to queue
[2026-02-12T15:22:56.673+0000] {logging_mixin.py:188} INFO - [2026-02-12T15:22:56.672+0000] {dagbag.py:545} INFO - Filling up the DagBag from /opt/airflow/dags/product_pipeline_dag.py
[2026-02-12T15:22:56.751+0000] {processor.py:840} INFO - DAG(s) 'product_price_pipeline' retrieved from /opt/airflow/dags/product_pipeline_dag.py
[2026-02-12T15:22:56.873+0000] {logging_mixin.py:188} INFO - [2026-02-12T15:22:56.872+0000] {dag.py:3089} INFO - Sync 1 DAGs
[2026-02-12T15:22:56.927+0000] {logging_mixin.py:188} INFO - [2026-02-12T15:22:56.926+0000] {dag.py:3947} INFO - Setting next_dagrun for product_price_pipeline to 2026-02-12 00:00:00+00:00, run_after=2026-02-13 00:00:00+00:00
[2026-02-12T15:22:56.991+0000] {processor.py:183} INFO - Processing /opt/airflow/dags/product_pipeline_dag.py took 0.351 seconds
[2026-02-12T15:23:27.321+0000] {processor.py:161} INFO - Started process (PID=1017) to work on /opt/airflow/dags/product_pipeline_dag.py
[2026-02-12T15:23:27.323+0000] {processor.py:830} INFO - Processing file /opt/airflow/dags/product_pipeline_dag.py for tasks to queue
[2026-02-12T15:23:27.328+0000] {logging_mixin.py:188} INFO - [2026-02-12T15:23:27.327+0000] {dagbag.py:545} INFO - Filling up the DagBag from /opt/airflow/dags/product_pipeline_dag.py
[2026-02-12T15:23:27.383+0000] {processor.py:840} INFO - DAG(s) 'product_price_pipeline' retrieved from /opt/airflow/dags/product_pipeline_dag.py
[2026-02-12T15:23:27.453+0000] {logging_mixin.py:188} INFO - [2026-02-12T15:23:27.453+0000] {dag.py:3089} INFO - Sync 1 DAGs
[2026-02-12T15:23:27.499+0000] {logging_mixin.py:188} INFO - [2026-02-12T15:23:27.499+0000] {dag.py:3947} INFO - Setting next_dagrun for product_price_pipeline to 2026-02-12 00:00:00+00:00, run_after=2026-02-13 00:00:00+00:00
[2026-02-12T15:23:27.557+0000] {processor.py:183} INFO - Processing /opt/airflow/dags/product_pipeline_dag.py took 0.252 seconds
[2026-02-12T15:23:57.898+0000] {processor.py:161} INFO - Started process (PID=1043) to work on /opt/airflow/dags/product_pipeline_dag.py
[2026-02-12T15:23:57.900+0000] {processor.py:830} INFO - Processing file /opt/airflow/dags/product_pipeline_dag.py for tasks to queue
[2026-02-12T15:23:57.903+0000] {logging_mixin.py:188} INFO - [2026-02-12T15:23:57.903+0000] {dagbag.py:545} INFO - Filling up the DagBag from /opt/airflow/dags/product_pipeline_dag.py
[2026-02-12T15:23:57.949+0000] {processor.py:840} INFO - DAG(s) 'product_price_pipeline' retrieved from /opt/airflow/dags/product_pipeline_dag.py
[2026-02-12T15:23:58.013+0000] {logging_mixin.py:188} INFO - [2026-02-12T15:23:58.012+0000] {dag.py:3089} INFO - Sync 1 DAGs
[2026-02-12T15:23:58.047+0000] {logging_mixin.py:188} INFO - [2026-02-12T15:23:58.047+0000] {dag.py:3947} INFO - Setting next_dagrun for product_price_pipeline to 2026-02-12 00:00:00+00:00, run_after=2026-02-13 00:00:00+00:00
[2026-02-12T15:23:58.085+0000] {processor.py:183} INFO - Processing /opt/airflow/dags/product_pipeline_dag.py took 0.203 seconds
[2026-02-12T15:24:28.800+0000] {processor.py:161} INFO - Started process (PID=1072) to work on /opt/airflow/dags/product_pipeline_dag.py
[2026-02-12T15:24:28.802+0000] {processor.py:830} INFO - Processing file /opt/airflow/dags/product_pipeline_dag.py for tasks to queue
[2026-02-12T15:24:28.806+0000] {logging_mixin.py:188} INFO - [2026-02-12T15:24:28.806+0000] {dagbag.py:545} INFO - Filling up the DagBag from /opt/airflow/dags/product_pipeline_dag.py
[2026-02-12T15:24:28.858+0000] {processor.py:840} INFO - DAG(s) 'product_price_pipeline' retrieved from /opt/airflow/dags/product_pipeline_dag.py
[2026-02-12T15:24:28.926+0000] {logging_mixin.py:188} INFO - [2026-02-12T15:24:28.926+0000] {dag.py:3089} INFO - Sync 1 DAGs
[2026-02-12T15:24:28.964+0000] {logging_mixin.py:188} INFO - [2026-02-12T15:24:28.964+0000] {dag.py:3947} INFO - Setting next_dagrun for product_price_pipeline to 2026-02-12 00:00:00+00:00, run_after=2026-02-13 00:00:00+00:00
[2026-02-12T15:24:29.002+0000] {processor.py:183} INFO - Processing /opt/airflow/dags/product_pipeline_dag.py took 0.215 seconds
[2026-02-12T15:24:59.373+0000] {processor.py:161} INFO - Started process (PID=1101) to work on /opt/airflow/dags/product_pipeline_dag.py
[2026-02-12T15:24:59.375+0000] {processor.py:830} INFO - Processing file /opt/airflow/dags/product_pipeline_dag.py for tasks to queue
[2026-02-12T15:24:59.379+0000] {logging_mixin.py:188} INFO - [2026-02-12T15:24:59.379+0000] {dagbag.py:545} INFO - Filling up the DagBag from /opt/airflow/dags/product_pipeline_dag.py
[2026-02-12T15:24:59.421+0000] {processor.py:840} INFO - DAG(s) 'product_price_pipeline' retrieved from /opt/airflow/dags/product_pipeline_dag.py
[2026-02-12T15:24:59.492+0000] {logging_mixin.py:188} INFO - [2026-02-12T15:24:59.492+0000] {dag.py:3089} INFO - Sync 1 DAGs
[2026-02-12T15:24:59.529+0000] {logging_mixin.py:188} INFO - [2026-02-12T15:24:59.529+0000] {dag.py:3947} INFO - Setting next_dagrun for product_price_pipeline to 2026-02-12 00:00:00+00:00, run_after=2026-02-13 00:00:00+00:00
[2026-02-12T15:24:59.589+0000] {processor.py:183} INFO - Processing /opt/airflow/dags/product_pipeline_dag.py took 0.224 seconds
[2026-02-12T15:25:30.776+0000] {processor.py:161} INFO - Started process (PID=1130) to work on /opt/airflow/dags/product_pipeline_dag.py
[2026-02-12T15:25:30.780+0000] {processor.py:830} INFO - Processing file /opt/airflow/dags/product_pipeline_dag.py for tasks to queue
[2026-02-12T15:25:30.795+0000] {logging_mixin.py:188} INFO - [2026-02-12T15:25:30.792+0000] {dagbag.py:545} INFO - Filling up the DagBag from /opt/airflow/dags/product_pipeline_dag.py
[2026-02-12T15:25:30.944+0000] {processor.py:840} INFO - DAG(s) 'product_price_pipeline' retrieved from /opt/airflow/dags/product_pipeline_dag.py
[2026-02-12T15:25:31.274+0000] {logging_mixin.py:188} INFO - [2026-02-12T15:25:31.272+0000] {dag.py:3089} INFO - Sync 1 DAGs
[2026-02-12T15:25:31.443+0000] {logging_mixin.py:188} INFO - [2026-02-12T15:25:31.443+0000] {dag.py:3947} INFO - Setting next_dagrun for product_price_pipeline to 2026-02-12 00:00:00+00:00, run_after=2026-02-13 00:00:00+00:00
[2026-02-12T15:25:31.574+0000] {processor.py:183} INFO - Processing /opt/airflow/dags/product_pipeline_dag.py took 0.875 seconds
[2026-02-12T15:26:04.264+0000] {processor.py:161} INFO - Started process (PID=1159) to work on /opt/airflow/dags/product_pipeline_dag.py
[2026-02-12T15:26:04.282+0000] {processor.py:830} INFO - Processing file /opt/airflow/dags/product_pipeline_dag.py for tasks to queue
[2026-02-12T15:26:04.398+0000] {logging_mixin.py:188} INFO - [2026-02-12T15:26:04.377+0000] {dagbag.py:545} INFO - Filling up the DagBag from /opt/airflow/dags/product_pipeline_dag.py
[2026-02-12T15:26:05.002+0000] {processor.py:840} INFO - DAG(s) 'product_price_pipeline' retrieved from /opt/airflow/dags/product_pipeline_dag.py
[2026-02-12T15:26:06.052+0000] {logging_mixin.py:188} INFO - [2026-02-12T15:26:06.051+0000] {dag.py:3089} INFO - Sync 1 DAGs
[2026-02-12T15:26:06.527+0000] {logging_mixin.py:188} INFO - [2026-02-12T15:26:06.526+0000] {dag.py:3947} INFO - Setting next_dagrun for product_price_pipeline to 2026-02-12 00:00:00+00:00, run_after=2026-02-13 00:00:00+00:00
[2026-02-12T15:26:06.757+0000] {processor.py:183} INFO - Processing /opt/airflow/dags/product_pipeline_dag.py took 2.844 seconds
[2026-02-12T15:26:37.158+0000] {processor.py:161} INFO - Started process (PID=1188) to work on /opt/airflow/dags/product_pipeline_dag.py
[2026-02-12T15:26:37.161+0000] {processor.py:830} INFO - Processing file /opt/airflow/dags/product_pipeline_dag.py for tasks to queue
[2026-02-12T15:26:37.167+0000] {logging_mixin.py:188} INFO - [2026-02-12T15:26:37.167+0000] {dagbag.py:545} INFO - Filling up the DagBag from /opt/airflow/dags/product_pipeline_dag.py
[2026-02-12T15:26:37.220+0000] {processor.py:840} INFO - DAG(s) 'product_price_pipeline' retrieved from /opt/airflow/dags/product_pipeline_dag.py
[2026-02-12T15:26:37.296+0000] {logging_mixin.py:188} INFO - [2026-02-12T15:26:37.296+0000] {dag.py:3089} INFO - Sync 1 DAGs
[2026-02-12T15:26:37.329+0000] {logging_mixin.py:188} INFO - [2026-02-12T15:26:37.329+0000] {dag.py:3947} INFO - Setting next_dagrun for product_price_pipeline to 2026-02-12 00:00:00+00:00, run_after=2026-02-13 00:00:00+00:00
[2026-02-12T15:26:37.364+0000] {processor.py:183} INFO - Processing /opt/airflow/dags/product_pipeline_dag.py took 0.219 seconds
[2026-02-12T15:27:07.687+0000] {processor.py:161} INFO - Started process (PID=1217) to work on /opt/airflow/dags/product_pipeline_dag.py
[2026-02-12T15:27:07.689+0000] {processor.py:830} INFO - Processing file /opt/airflow/dags/product_pipeline_dag.py for tasks to queue
[2026-02-12T15:27:07.692+0000] {logging_mixin.py:188} INFO - [2026-02-12T15:27:07.691+0000] {dagbag.py:545} INFO - Filling up the DagBag from /opt/airflow/dags/product_pipeline_dag.py
[2026-02-12T15:27:07.759+0000] {processor.py:840} INFO - DAG(s) 'product_price_pipeline' retrieved from /opt/airflow/dags/product_pipeline_dag.py
[2026-02-12T15:27:07.807+0000] {logging_mixin.py:188} INFO - [2026-02-12T15:27:07.806+0000] {dag.py:3089} INFO - Sync 1 DAGs
[2026-02-12T15:27:07.839+0000] {logging_mixin.py:188} INFO - [2026-02-12T15:27:07.839+0000] {dag.py:3947} INFO - Setting next_dagrun for product_price_pipeline to 2026-02-12 00:00:00+00:00, run_after=2026-02-13 00:00:00+00:00
[2026-02-12T15:27:07.873+0000] {processor.py:183} INFO - Processing /opt/airflow/dags/product_pipeline_dag.py took 0.194 seconds
[2026-02-12T15:27:38.304+0000] {processor.py:161} INFO - Started process (PID=1246) to work on /opt/airflow/dags/product_pipeline_dag.py
[2026-02-12T15:27:38.305+0000] {processor.py:830} INFO - Processing file /opt/airflow/dags/product_pipeline_dag.py for tasks to queue
[2026-02-12T15:27:38.309+0000] {logging_mixin.py:188} INFO - [2026-02-12T15:27:38.308+0000] {dagbag.py:545} INFO - Filling up the DagBag from /opt/airflow/dags/product_pipeline_dag.py
[2026-02-12T15:27:38.359+0000] {processor.py:840} INFO - DAG(s) 'product_price_pipeline' retrieved from /opt/airflow/dags/product_pipeline_dag.py
[2026-02-12T15:27:38.424+0000] {logging_mixin.py:188} INFO - [2026-02-12T15:27:38.423+0000] {dag.py:3089} INFO - Sync 1 DAGs
[2026-02-12T15:27:38.455+0000] {logging_mixin.py:188} INFO - [2026-02-12T15:27:38.455+0000] {dag.py:3947} INFO - Setting next_dagrun for product_price_pipeline to 2026-02-12 00:00:00+00:00, run_after=2026-02-13 00:00:00+00:00
[2026-02-12T15:27:38.491+0000] {processor.py:183} INFO - Processing /opt/airflow/dags/product_pipeline_dag.py took 0.195 seconds
[2026-02-12T15:28:08.966+0000] {processor.py:161} INFO - Started process (PID=1275) to work on /opt/airflow/dags/product_pipeline_dag.py
[2026-02-12T15:28:08.969+0000] {processor.py:830} INFO - Processing file /opt/airflow/dags/product_pipeline_dag.py for tasks to queue
[2026-02-12T15:28:08.973+0000] {logging_mixin.py:188} INFO - [2026-02-12T15:28:08.972+0000] {dagbag.py:545} INFO - Filling up the DagBag from /opt/airflow/dags/product_pipeline_dag.py
[2026-02-12T15:28:09.017+0000] {processor.py:840} INFO - DAG(s) 'product_price_pipeline' retrieved from /opt/airflow/dags/product_pipeline_dag.py
[2026-02-12T15:28:09.070+0000] {logging_mixin.py:188} INFO - [2026-02-12T15:28:09.070+0000] {dag.py:3089} INFO - Sync 1 DAGs
[2026-02-12T15:28:09.102+0000] {logging_mixin.py:188} INFO - [2026-02-12T15:28:09.101+0000] {dag.py:3947} INFO - Setting next_dagrun for product_price_pipeline to 2026-02-12 00:00:00+00:00, run_after=2026-02-13 00:00:00+00:00
[2026-02-12T15:28:09.147+0000] {processor.py:183} INFO - Processing /opt/airflow/dags/product_pipeline_dag.py took 0.190 seconds
[2026-02-12T15:28:39.929+0000] {processor.py:161} INFO - Started process (PID=1304) to work on /opt/airflow/dags/product_pipeline_dag.py
[2026-02-12T15:28:39.932+0000] {processor.py:830} INFO - Processing file /opt/airflow/dags/product_pipeline_dag.py for tasks to queue
[2026-02-12T15:28:39.943+0000] {logging_mixin.py:188} INFO - [2026-02-12T15:28:39.942+0000] {dagbag.py:545} INFO - Filling up the DagBag from /opt/airflow/dags/product_pipeline_dag.py
[2026-02-12T15:28:40.097+0000] {processor.py:840} INFO - DAG(s) 'product_price_pipeline' retrieved from /opt/airflow/dags/product_pipeline_dag.py
[2026-02-12T15:28:40.237+0000] {logging_mixin.py:188} INFO - [2026-02-12T15:28:40.237+0000] {dag.py:3089} INFO - Sync 1 DAGs
[2026-02-12T15:28:40.320+0000] {logging_mixin.py:188} INFO - [2026-02-12T15:28:40.319+0000] {dag.py:3947} INFO - Setting next_dagrun for product_price_pipeline to 2026-02-12 00:00:00+00:00, run_after=2026-02-13 00:00:00+00:00
[2026-02-12T15:28:40.420+0000] {processor.py:183} INFO - Processing /opt/airflow/dags/product_pipeline_dag.py took 0.515 seconds
[2026-02-12T15:29:11.229+0000] {processor.py:161} INFO - Started process (PID=1333) to work on /opt/airflow/dags/product_pipeline_dag.py
[2026-02-12T15:29:11.232+0000] {processor.py:830} INFO - Processing file /opt/airflow/dags/product_pipeline_dag.py for tasks to queue
[2026-02-12T15:29:11.235+0000] {logging_mixin.py:188} INFO - [2026-02-12T15:29:11.235+0000] {dagbag.py:545} INFO - Filling up the DagBag from /opt/airflow/dags/product_pipeline_dag.py
[2026-02-12T15:29:11.304+0000] {processor.py:840} INFO - DAG(s) 'product_price_pipeline' retrieved from /opt/airflow/dags/product_pipeline_dag.py
[2026-02-12T15:29:11.367+0000] {logging_mixin.py:188} INFO - [2026-02-12T15:29:11.367+0000] {dag.py:3089} INFO - Sync 1 DAGs
[2026-02-12T15:29:11.397+0000] {logging_mixin.py:188} INFO - [2026-02-12T15:29:11.397+0000] {dag.py:3947} INFO - Setting next_dagrun for product_price_pipeline to 2026-02-12 00:00:00+00:00, run_after=2026-02-13 00:00:00+00:00
[2026-02-12T15:29:11.426+0000] {processor.py:183} INFO - Processing /opt/airflow/dags/product_pipeline_dag.py took 0.207 seconds
[2026-02-12T15:29:42.400+0000] {processor.py:161} INFO - Started process (PID=1362) to work on /opt/airflow/dags/product_pipeline_dag.py
[2026-02-12T15:29:42.403+0000] {processor.py:830} INFO - Processing file /opt/airflow/dags/product_pipeline_dag.py for tasks to queue
[2026-02-12T15:29:42.406+0000] {logging_mixin.py:188} INFO - [2026-02-12T15:29:42.405+0000] {dagbag.py:545} INFO - Filling up the DagBag from /opt/airflow/dags/product_pipeline_dag.py
[2026-02-12T15:29:42.449+0000] {processor.py:840} INFO - DAG(s) 'product_price_pipeline' retrieved from /opt/airflow/dags/product_pipeline_dag.py
[2026-02-12T15:29:42.483+0000] {logging_mixin.py:188} INFO - [2026-02-12T15:29:42.483+0000] {dag.py:3089} INFO - Sync 1 DAGs
[2026-02-12T15:29:42.507+0000] {logging_mixin.py:188} INFO - [2026-02-12T15:29:42.506+0000] {dag.py:3947} INFO - Setting next_dagrun for product_price_pipeline to 2026-02-12 00:00:00+00:00, run_after=2026-02-13 00:00:00+00:00
[2026-02-12T15:29:42.530+0000] {processor.py:183} INFO - Processing /opt/airflow/dags/product_pipeline_dag.py took 0.139 seconds
[2026-02-12T15:30:12.810+0000] {processor.py:161} INFO - Started process (PID=1391) to work on /opt/airflow/dags/product_pipeline_dag.py
[2026-02-12T15:30:12.812+0000] {processor.py:830} INFO - Processing file /opt/airflow/dags/product_pipeline_dag.py for tasks to queue
[2026-02-12T15:30:12.815+0000] {logging_mixin.py:188} INFO - [2026-02-12T15:30:12.814+0000] {dagbag.py:545} INFO - Filling up the DagBag from /opt/airflow/dags/product_pipeline_dag.py
[2026-02-12T15:30:12.882+0000] {processor.py:840} INFO - DAG(s) 'product_price_pipeline' retrieved from /opt/airflow/dags/product_pipeline_dag.py
[2026-02-12T15:30:12.924+0000] {logging_mixin.py:188} INFO - [2026-02-12T15:30:12.924+0000] {dag.py:3089} INFO - Sync 1 DAGs
[2026-02-12T15:30:12.945+0000] {logging_mixin.py:188} INFO - [2026-02-12T15:30:12.945+0000] {dag.py:3947} INFO - Setting next_dagrun for product_price_pipeline to 2026-02-12 00:00:00+00:00, run_after=2026-02-13 00:00:00+00:00
[2026-02-12T15:30:12.976+0000] {processor.py:183} INFO - Processing /opt/airflow/dags/product_pipeline_dag.py took 0.176 seconds
[2026-02-12T15:30:43.176+0000] {processor.py:161} INFO - Started process (PID=1420) to work on /opt/airflow/dags/product_pipeline_dag.py
[2026-02-12T15:30:43.179+0000] {processor.py:830} INFO - Processing file /opt/airflow/dags/product_pipeline_dag.py for tasks to queue
[2026-02-12T15:30:43.184+0000] {logging_mixin.py:188} INFO - [2026-02-12T15:30:43.183+0000] {dagbag.py:545} INFO - Filling up the DagBag from /opt/airflow/dags/product_pipeline_dag.py
[2026-02-12T15:30:43.252+0000] {processor.py:840} INFO - DAG(s) 'product_price_pipeline' retrieved from /opt/airflow/dags/product_pipeline_dag.py
[2026-02-12T15:30:43.301+0000] {logging_mixin.py:188} INFO - [2026-02-12T15:30:43.301+0000] {dag.py:3089} INFO - Sync 1 DAGs
[2026-02-12T15:30:43.324+0000] {logging_mixin.py:188} INFO - [2026-02-12T15:30:43.323+0000] {dag.py:3947} INFO - Setting next_dagrun for product_price_pipeline to 2026-02-12 00:00:00+00:00, run_after=2026-02-13 00:00:00+00:00
[2026-02-12T15:30:43.349+0000] {processor.py:183} INFO - Processing /opt/airflow/dags/product_pipeline_dag.py took 0.187 seconds
[2026-02-12T15:31:13.894+0000] {processor.py:161} INFO - Started process (PID=1449) to work on /opt/airflow/dags/product_pipeline_dag.py
[2026-02-12T15:31:13.898+0000] {processor.py:830} INFO - Processing file /opt/airflow/dags/product_pipeline_dag.py for tasks to queue
[2026-02-12T15:31:13.903+0000] {logging_mixin.py:188} INFO - [2026-02-12T15:31:13.903+0000] {dagbag.py:545} INFO - Filling up the DagBag from /opt/airflow/dags/product_pipeline_dag.py
[2026-02-12T15:31:13.954+0000] {processor.py:840} INFO - DAG(s) 'product_price_pipeline' retrieved from /opt/airflow/dags/product_pipeline_dag.py
[2026-02-12T15:31:13.992+0000] {logging_mixin.py:188} INFO - [2026-02-12T15:31:13.992+0000] {dag.py:3089} INFO - Sync 1 DAGs
[2026-02-12T15:31:14.030+0000] {logging_mixin.py:188} INFO - [2026-02-12T15:31:14.030+0000] {dag.py:3947} INFO - Setting next_dagrun for product_price_pipeline to 2026-02-12 00:00:00+00:00, run_after=2026-02-13 00:00:00+00:00
[2026-02-12T15:31:14.065+0000] {processor.py:183} INFO - Processing /opt/airflow/dags/product_pipeline_dag.py took 0.187 seconds
[2026-02-12T15:31:44.338+0000] {processor.py:161} INFO - Started process (PID=1478) to work on /opt/airflow/dags/product_pipeline_dag.py
[2026-02-12T15:31:44.340+0000] {processor.py:830} INFO - Processing file /opt/airflow/dags/product_pipeline_dag.py for tasks to queue
[2026-02-12T15:31:44.343+0000] {logging_mixin.py:188} INFO - [2026-02-12T15:31:44.342+0000] {dagbag.py:545} INFO - Filling up the DagBag from /opt/airflow/dags/product_pipeline_dag.py
[2026-02-12T15:31:44.395+0000] {processor.py:840} INFO - DAG(s) 'product_price_pipeline' retrieved from /opt/airflow/dags/product_pipeline_dag.py
[2026-02-12T15:31:44.448+0000] {logging_mixin.py:188} INFO - [2026-02-12T15:31:44.448+0000] {dag.py:3089} INFO - Sync 1 DAGs
[2026-02-12T15:31:44.471+0000] {logging_mixin.py:188} INFO - [2026-02-12T15:31:44.471+0000] {dag.py:3947} INFO - Setting next_dagrun for product_price_pipeline to 2026-02-12 00:00:00+00:00, run_after=2026-02-13 00:00:00+00:00
[2026-02-12T15:31:44.504+0000] {processor.py:183} INFO - Processing /opt/airflow/dags/product_pipeline_dag.py took 0.177 seconds
[2026-02-12T15:32:14.657+0000] {processor.py:161} INFO - Started process (PID=1507) to work on /opt/airflow/dags/product_pipeline_dag.py
[2026-02-12T15:32:14.660+0000] {processor.py:830} INFO - Processing file /opt/airflow/dags/product_pipeline_dag.py for tasks to queue
[2026-02-12T15:32:14.665+0000] {logging_mixin.py:188} INFO - [2026-02-12T15:32:14.663+0000] {dagbag.py:545} INFO - Filling up the DagBag from /opt/airflow/dags/product_pipeline_dag.py
[2026-02-12T15:32:14.721+0000] {processor.py:840} INFO - DAG(s) 'product_price_pipeline' retrieved from /opt/airflow/dags/product_pipeline_dag.py
[2026-02-12T15:32:14.770+0000] {logging_mixin.py:188} INFO - [2026-02-12T15:32:14.769+0000] {dag.py:3089} INFO - Sync 1 DAGs
[2026-02-12T15:32:14.792+0000] {logging_mixin.py:188} INFO - [2026-02-12T15:32:14.791+0000] {dag.py:3947} INFO - Setting next_dagrun for product_price_pipeline to 2026-02-12 00:00:00+00:00, run_after=2026-02-13 00:00:00+00:00
[2026-02-12T15:32:14.814+0000] {processor.py:183} INFO - Processing /opt/airflow/dags/product_pipeline_dag.py took 0.168 seconds
[2026-02-12T15:32:44.983+0000] {processor.py:161} INFO - Started process (PID=1536) to work on /opt/airflow/dags/product_pipeline_dag.py
[2026-02-12T15:32:44.985+0000] {processor.py:830} INFO - Processing file /opt/airflow/dags/product_pipeline_dag.py for tasks to queue
[2026-02-12T15:32:44.990+0000] {logging_mixin.py:188} INFO - [2026-02-12T15:32:44.989+0000] {dagbag.py:545} INFO - Filling up the DagBag from /opt/airflow/dags/product_pipeline_dag.py
[2026-02-12T15:32:45.045+0000] {processor.py:840} INFO - DAG(s) 'product_price_pipeline' retrieved from /opt/airflow/dags/product_pipeline_dag.py
[2026-02-12T15:32:45.080+0000] {logging_mixin.py:188} INFO - [2026-02-12T15:32:45.079+0000] {dag.py:3089} INFO - Sync 1 DAGs
[2026-02-12T15:32:45.100+0000] {logging_mixin.py:188} INFO - [2026-02-12T15:32:45.100+0000] {dag.py:3947} INFO - Setting next_dagrun for product_price_pipeline to 2026-02-12 00:00:00+00:00, run_after=2026-02-13 00:00:00+00:00
[2026-02-12T15:32:45.127+0000] {processor.py:183} INFO - Processing /opt/airflow/dags/product_pipeline_dag.py took 0.163 seconds
[2026-02-12T15:33:15.426+0000] {processor.py:161} INFO - Started process (PID=1563) to work on /opt/airflow/dags/product_pipeline_dag.py
[2026-02-12T15:33:15.442+0000] {processor.py:830} INFO - Processing file /opt/airflow/dags/product_pipeline_dag.py for tasks to queue
[2026-02-12T15:33:15.457+0000] {logging_mixin.py:188} INFO - [2026-02-12T15:33:15.454+0000] {dagbag.py:545} INFO - Filling up the DagBag from /opt/airflow/dags/product_pipeline_dag.py
[2026-02-12T15:33:15.571+0000] {processor.py:840} INFO - DAG(s) 'product_price_pipeline' retrieved from /opt/airflow/dags/product_pipeline_dag.py
[2026-02-12T15:33:15.685+0000] {logging_mixin.py:188} INFO - [2026-02-12T15:33:15.684+0000] {dag.py:3089} INFO - Sync 1 DAGs
[2026-02-12T15:33:15.754+0000] {logging_mixin.py:188} INFO - [2026-02-12T15:33:15.754+0000] {dag.py:3947} INFO - Setting next_dagrun for product_price_pipeline to 2026-02-12 00:00:00+00:00, run_after=2026-02-13 00:00:00+00:00
[2026-02-12T15:33:15.813+0000] {processor.py:183} INFO - Processing /opt/airflow/dags/product_pipeline_dag.py took 0.404 seconds
[2026-02-12T15:34:00.937+0000] {processor.py:161} INFO - Started process (PID=1594) to work on /opt/airflow/dags/product_pipeline_dag.py
[2026-02-12T15:34:00.949+0000] {processor.py:830} INFO - Processing file /opt/airflow/dags/product_pipeline_dag.py for tasks to queue
[2026-02-12T15:34:00.998+0000] {logging_mixin.py:188} INFO - [2026-02-12T15:34:00.991+0000] {dagbag.py:545} INFO - Filling up the DagBag from /opt/airflow/dags/product_pipeline_dag.py
[2026-02-12T15:34:01.304+0000] {processor.py:840} INFO - DAG(s) 'product_price_pipeline' retrieved from /opt/airflow/dags/product_pipeline_dag.py
[2026-02-12T15:34:01.535+0000] {logging_mixin.py:188} INFO - [2026-02-12T15:34:01.534+0000] {dag.py:3089} INFO - Sync 1 DAGs
[2026-02-12T15:34:01.683+0000] {logging_mixin.py:188} INFO - [2026-02-12T15:34:01.682+0000] {dag.py:3947} INFO - Setting next_dagrun for product_price_pipeline to 2026-02-12 00:00:00+00:00, run_after=2026-02-13 00:00:00+00:00
[2026-02-12T15:34:01.786+0000] {processor.py:183} INFO - Processing /opt/airflow/dags/product_pipeline_dag.py took 0.979 seconds
[2026-02-12T15:34:32.594+0000] {processor.py:161} INFO - Started process (PID=1623) to work on /opt/airflow/dags/product_pipeline_dag.py
[2026-02-12T15:34:32.597+0000] {processor.py:830} INFO - Processing file /opt/airflow/dags/product_pipeline_dag.py for tasks to queue
[2026-02-12T15:34:32.601+0000] {logging_mixin.py:188} INFO - [2026-02-12T15:34:32.600+0000] {dagbag.py:545} INFO - Filling up the DagBag from /opt/airflow/dags/product_pipeline_dag.py
[2026-02-12T15:34:32.643+0000] {processor.py:840} INFO - DAG(s) 'product_price_pipeline' retrieved from /opt/airflow/dags/product_pipeline_dag.py
[2026-02-12T15:34:32.690+0000] {logging_mixin.py:188} INFO - [2026-02-12T15:34:32.689+0000] {dag.py:3089} INFO - Sync 1 DAGs
[2026-02-12T15:34:32.720+0000] {logging_mixin.py:188} INFO - [2026-02-12T15:34:32.720+0000] {dag.py:3947} INFO - Setting next_dagrun for product_price_pipeline to 2026-02-12 00:00:00+00:00, run_after=2026-02-13 00:00:00+00:00
[2026-02-12T15:34:32.755+0000] {processor.py:183} INFO - Processing /opt/airflow/dags/product_pipeline_dag.py took 0.177 seconds
[2026-02-12T15:35:04.371+0000] {processor.py:161} INFO - Started process (PID=1650) to work on /opt/airflow/dags/product_pipeline_dag.py
[2026-02-12T15:35:04.375+0000] {processor.py:830} INFO - Processing file /opt/airflow/dags/product_pipeline_dag.py for tasks to queue
[2026-02-12T15:35:04.379+0000] {logging_mixin.py:188} INFO - [2026-02-12T15:35:04.378+0000] {dagbag.py:545} INFO - Filling up the DagBag from /opt/airflow/dags/product_pipeline_dag.py
[2026-02-12T15:35:04.436+0000] {processor.py:840} INFO - DAG(s) 'product_price_pipeline' retrieved from /opt/airflow/dags/product_pipeline_dag.py
[2026-02-12T15:35:04.489+0000] {logging_mixin.py:188} INFO - [2026-02-12T15:35:04.488+0000] {dag.py:3089} INFO - Sync 1 DAGs
[2026-02-12T15:35:04.535+0000] {logging_mixin.py:188} INFO - [2026-02-12T15:35:04.535+0000] {dag.py:3947} INFO - Setting next_dagrun for product_price_pipeline to 2026-02-12 00:00:00+00:00, run_after=2026-02-13 00:00:00+00:00
[2026-02-12T15:35:04.579+0000] {processor.py:183} INFO - Processing /opt/airflow/dags/product_pipeline_dag.py took 0.215 seconds
[2026-02-12T15:35:43.422+0000] {processor.py:161} INFO - Started process (PID=1679) to work on /opt/airflow/dags/product_pipeline_dag.py
[2026-02-12T15:35:43.425+0000] {processor.py:830} INFO - Processing file /opt/airflow/dags/product_pipeline_dag.py for tasks to queue
[2026-02-12T15:35:43.429+0000] {logging_mixin.py:188} INFO - [2026-02-12T15:35:43.428+0000] {dagbag.py:545} INFO - Filling up the DagBag from /opt/airflow/dags/product_pipeline_dag.py
[2026-02-12T15:35:43.536+0000] {processor.py:840} INFO - DAG(s) 'product_price_pipeline' retrieved from /opt/airflow/dags/product_pipeline_dag.py
[2026-02-12T15:35:43.667+0000] {logging_mixin.py:188} INFO - [2026-02-12T15:35:43.666+0000] {dag.py:3089} INFO - Sync 1 DAGs
[2026-02-12T15:35:43.743+0000] {logging_mixin.py:188} INFO - [2026-02-12T15:35:43.742+0000] {dag.py:3947} INFO - Setting next_dagrun for product_price_pipeline to 2026-02-12 00:00:00+00:00, run_after=2026-02-13 00:00:00+00:00
[2026-02-12T15:35:43.805+0000] {processor.py:183} INFO - Processing /opt/airflow/dags/product_pipeline_dag.py took 0.395 seconds
[2026-02-12T15:36:16.437+0000] {processor.py:161} INFO - Started process (PID=1710) to work on /opt/airflow/dags/product_pipeline_dag.py
[2026-02-12T15:36:16.442+0000] {processor.py:830} INFO - Processing file /opt/airflow/dags/product_pipeline_dag.py for tasks to queue
[2026-02-12T15:36:16.449+0000] {logging_mixin.py:188} INFO - [2026-02-12T15:36:16.447+0000] {dagbag.py:545} INFO - Filling up the DagBag from /opt/airflow/dags/product_pipeline_dag.py
[2026-02-12T15:36:16.558+0000] {processor.py:840} INFO - DAG(s) 'product_price_pipeline' retrieved from /opt/airflow/dags/product_pipeline_dag.py
[2026-02-12T15:36:16.689+0000] {logging_mixin.py:188} INFO - [2026-02-12T15:36:16.689+0000] {dag.py:3089} INFO - Sync 1 DAGs
[2026-02-12T15:36:16.758+0000] {logging_mixin.py:188} INFO - [2026-02-12T15:36:16.758+0000] {dag.py:3947} INFO - Setting next_dagrun for product_price_pipeline to 2026-02-12 00:00:00+00:00, run_after=2026-02-13 00:00:00+00:00
[2026-02-12T15:36:16.811+0000] {processor.py:183} INFO - Processing /opt/airflow/dags/product_pipeline_dag.py took 0.392 seconds
[2026-02-12T15:36:48.068+0000] {processor.py:161} INFO - Started process (PID=1737) to work on /opt/airflow/dags/product_pipeline_dag.py
[2026-02-12T15:36:48.071+0000] {processor.py:830} INFO - Processing file /opt/airflow/dags/product_pipeline_dag.py for tasks to queue
[2026-02-12T15:36:48.076+0000] {logging_mixin.py:188} INFO - [2026-02-12T15:36:48.075+0000] {dagbag.py:545} INFO - Filling up the DagBag from /opt/airflow/dags/product_pipeline_dag.py
[2026-02-12T15:36:48.123+0000] {processor.py:840} INFO - DAG(s) 'product_price_pipeline' retrieved from /opt/airflow/dags/product_pipeline_dag.py
[2026-02-12T15:36:48.176+0000] {logging_mixin.py:188} INFO - [2026-02-12T15:36:48.175+0000] {dag.py:3089} INFO - Sync 1 DAGs
[2026-02-12T15:36:48.209+0000] {logging_mixin.py:188} INFO - [2026-02-12T15:36:48.208+0000] {dag.py:3947} INFO - Setting next_dagrun for product_price_pipeline to 2026-02-12 00:00:00+00:00, run_after=2026-02-13 00:00:00+00:00
[2026-02-12T15:36:48.245+0000] {processor.py:183} INFO - Processing /opt/airflow/dags/product_pipeline_dag.py took 0.187 seconds
[2026-02-12T15:37:21.046+0000] {processor.py:161} INFO - Started process (PID=1766) to work on /opt/airflow/dags/product_pipeline_dag.py
[2026-02-12T15:37:21.051+0000] {processor.py:830} INFO - Processing file /opt/airflow/dags/product_pipeline_dag.py for tasks to queue
[2026-02-12T15:37:21.060+0000] {logging_mixin.py:188} INFO - [2026-02-12T15:37:21.058+0000] {dagbag.py:545} INFO - Filling up the DagBag from /opt/airflow/dags/product_pipeline_dag.py
[2026-02-12T15:37:21.173+0000] {processor.py:840} INFO - DAG(s) 'product_price_pipeline' retrieved from /opt/airflow/dags/product_pipeline_dag.py
[2026-02-12T15:37:21.291+0000] {logging_mixin.py:188} INFO - [2026-02-12T15:37:21.290+0000] {dag.py:3089} INFO - Sync 1 DAGs
[2026-02-12T15:37:21.362+0000] {logging_mixin.py:188} INFO - [2026-02-12T15:37:21.361+0000] {dag.py:3947} INFO - Setting next_dagrun for product_price_pipeline to 2026-02-12 00:00:00+00:00, run_after=2026-02-13 00:00:00+00:00
[2026-02-12T15:37:21.421+0000] {processor.py:183} INFO - Processing /opt/airflow/dags/product_pipeline_dag.py took 0.392 seconds
[2026-02-12T15:37:52.383+0000] {processor.py:161} INFO - Started process (PID=1795) to work on /opt/airflow/dags/product_pipeline_dag.py
[2026-02-12T15:37:52.385+0000] {processor.py:830} INFO - Processing file /opt/airflow/dags/product_pipeline_dag.py for tasks to queue
[2026-02-12T15:37:52.388+0000] {logging_mixin.py:188} INFO - [2026-02-12T15:37:52.387+0000] {dagbag.py:545} INFO - Filling up the DagBag from /opt/airflow/dags/product_pipeline_dag.py
[2026-02-12T15:37:52.450+0000] {processor.py:840} INFO - DAG(s) 'product_price_pipeline' retrieved from /opt/airflow/dags/product_pipeline_dag.py
[2026-02-12T15:37:52.513+0000] {logging_mixin.py:188} INFO - [2026-02-12T15:37:52.513+0000] {dag.py:3089} INFO - Sync 1 DAGs
[2026-02-12T15:37:52.540+0000] {logging_mixin.py:188} INFO - [2026-02-12T15:37:52.540+0000] {dag.py:3947} INFO - Setting next_dagrun for product_price_pipeline to 2026-02-12 00:00:00+00:00, run_after=2026-02-13 00:00:00+00:00
[2026-02-12T15:37:52.570+0000] {processor.py:183} INFO - Processing /opt/airflow/dags/product_pipeline_dag.py took 0.194 seconds
[2026-02-12T15:38:23.987+0000] {processor.py:161} INFO - Started process (PID=1825) to work on /opt/airflow/dags/product_pipeline_dag.py
[2026-02-12T15:38:23.988+0000] {processor.py:830} INFO - Processing file /opt/airflow/dags/product_pipeline_dag.py for tasks to queue
[2026-02-12T15:38:23.990+0000] {logging_mixin.py:188} INFO - [2026-02-12T15:38:23.990+0000] {dagbag.py:545} INFO - Filling up the DagBag from /opt/airflow/dags/product_pipeline_dag.py
[2026-02-12T15:38:24.029+0000] {processor.py:840} INFO - DAG(s) 'product_price_pipeline' retrieved from /opt/airflow/dags/product_pipeline_dag.py
[2026-02-12T15:38:24.057+0000] {logging_mixin.py:188} INFO - [2026-02-12T15:38:24.057+0000] {dag.py:3089} INFO - Sync 1 DAGs
[2026-02-12T15:38:24.077+0000] {logging_mixin.py:188} INFO - [2026-02-12T15:38:24.077+0000] {dag.py:3947} INFO - Setting next_dagrun for product_price_pipeline to 2026-02-12 00:00:00+00:00, run_after=2026-02-13 00:00:00+00:00
[2026-02-12T15:38:24.110+0000] {processor.py:183} INFO - Processing /opt/airflow/dags/product_pipeline_dag.py took 0.129 seconds
[2026-02-12T15:39:00.826+0000] {processor.py:161} INFO - Started process (PID=1855) to work on /opt/airflow/dags/product_pipeline_dag.py
[2026-02-12T15:39:00.829+0000] {processor.py:830} INFO - Processing file /opt/airflow/dags/product_pipeline_dag.py for tasks to queue
[2026-02-12T15:39:00.832+0000] {logging_mixin.py:188} INFO - [2026-02-12T15:39:00.832+0000] {dagbag.py:545} INFO - Filling up the DagBag from /opt/airflow/dags/product_pipeline_dag.py
[2026-02-12T15:39:00.904+0000] {processor.py:840} INFO - DAG(s) 'product_price_pipeline' retrieved from /opt/airflow/dags/product_pipeline_dag.py
[2026-02-12T15:39:00.996+0000] {logging_mixin.py:188} INFO - [2026-02-12T15:39:00.996+0000] {dag.py:3089} INFO - Sync 1 DAGs
[2026-02-12T15:39:01.060+0000] {logging_mixin.py:188} INFO - [2026-02-12T15:39:01.060+0000] {dag.py:3947} INFO - Setting next_dagrun for product_price_pipeline to 2026-02-12 00:00:00+00:00, run_after=2026-02-13 00:00:00+00:00
[2026-02-12T15:39:01.103+0000] {processor.py:183} INFO - Processing /opt/airflow/dags/product_pipeline_dag.py took 0.286 seconds
[2026-02-12T15:39:32.646+0000] {processor.py:161} INFO - Started process (PID=1882) to work on /opt/airflow/dags/product_pipeline_dag.py
[2026-02-12T15:39:32.649+0000] {processor.py:830} INFO - Processing file /opt/airflow/dags/product_pipeline_dag.py for tasks to queue
[2026-02-12T15:39:32.656+0000] {logging_mixin.py:188} INFO - [2026-02-12T15:39:32.655+0000] {dagbag.py:545} INFO - Filling up the DagBag from /opt/airflow/dags/product_pipeline_dag.py
[2026-02-12T15:39:32.705+0000] {processor.py:840} INFO - DAG(s) 'product_price_pipeline' retrieved from /opt/airflow/dags/product_pipeline_dag.py
[2026-02-12T15:39:32.768+0000] {logging_mixin.py:188} INFO - [2026-02-12T15:39:32.768+0000] {dag.py:3089} INFO - Sync 1 DAGs
[2026-02-12T15:39:32.808+0000] {logging_mixin.py:188} INFO - [2026-02-12T15:39:32.808+0000] {dag.py:3947} INFO - Setting next_dagrun for product_price_pipeline to 2026-02-12 00:00:00+00:00, run_after=2026-02-13 00:00:00+00:00
[2026-02-12T15:39:32.853+0000] {processor.py:183} INFO - Processing /opt/airflow/dags/product_pipeline_dag.py took 0.220 seconds
[2026-02-12T15:40:04.858+0000] {processor.py:161} INFO - Started process (PID=1912) to work on /opt/airflow/dags/product_pipeline_dag.py
[2026-02-12T15:40:04.860+0000] {processor.py:830} INFO - Processing file /opt/airflow/dags/product_pipeline_dag.py for tasks to queue
[2026-02-12T15:40:04.864+0000] {logging_mixin.py:188} INFO - [2026-02-12T15:40:04.863+0000] {dagbag.py:545} INFO - Filling up the DagBag from /opt/airflow/dags/product_pipeline_dag.py
[2026-02-12T15:40:04.928+0000] {processor.py:840} INFO - DAG(s) 'product_price_pipeline' retrieved from /opt/airflow/dags/product_pipeline_dag.py
[2026-02-12T15:40:04.984+0000] {logging_mixin.py:188} INFO - [2026-02-12T15:40:04.983+0000] {dag.py:3089} INFO - Sync 1 DAGs
[2026-02-12T15:40:05.027+0000] {logging_mixin.py:188} INFO - [2026-02-12T15:40:05.026+0000] {dag.py:3947} INFO - Setting next_dagrun for product_price_pipeline to 2026-02-12 00:00:00+00:00, run_after=2026-02-13 00:00:00+00:00
[2026-02-12T15:40:05.066+0000] {processor.py:183} INFO - Processing /opt/airflow/dags/product_pipeline_dag.py took 0.218 seconds
[2026-02-12T15:40:36.372+0000] {processor.py:161} INFO - Started process (PID=1940) to work on /opt/airflow/dags/product_pipeline_dag.py
[2026-02-12T15:40:36.374+0000] {processor.py:830} INFO - Processing file /opt/airflow/dags/product_pipeline_dag.py for tasks to queue
[2026-02-12T15:40:36.379+0000] {logging_mixin.py:188} INFO - [2026-02-12T15:40:36.378+0000] {dagbag.py:545} INFO - Filling up the DagBag from /opt/airflow/dags/product_pipeline_dag.py
[2026-02-12T15:40:36.429+0000] {processor.py:840} INFO - DAG(s) 'product_price_pipeline' retrieved from /opt/airflow/dags/product_pipeline_dag.py
[2026-02-12T15:40:36.503+0000] {logging_mixin.py:188} INFO - [2026-02-12T15:40:36.502+0000] {dag.py:3089} INFO - Sync 1 DAGs
[2026-02-12T15:40:36.553+0000] {logging_mixin.py:188} INFO - [2026-02-12T15:40:36.553+0000] {dag.py:3947} INFO - Setting next_dagrun for product_price_pipeline to 2026-02-12 00:00:00+00:00, run_after=2026-02-13 00:00:00+00:00
[2026-02-12T15:40:36.598+0000] {processor.py:183} INFO - Processing /opt/airflow/dags/product_pipeline_dag.py took 0.237 seconds
[2026-02-12T15:41:08.922+0000] {processor.py:161} INFO - Started process (PID=1969) to work on /opt/airflow/dags/product_pipeline_dag.py
[2026-02-12T15:41:08.927+0000] {processor.py:830} INFO - Processing file /opt/airflow/dags/product_pipeline_dag.py for tasks to queue
[2026-02-12T15:41:08.934+0000] {logging_mixin.py:188} INFO - [2026-02-12T15:41:08.932+0000] {dagbag.py:545} INFO - Filling up the DagBag from /opt/airflow/dags/product_pipeline_dag.py
[2026-02-12T15:41:09.013+0000] {processor.py:840} INFO - DAG(s) 'product_price_pipeline' retrieved from /opt/airflow/dags/product_pipeline_dag.py
[2026-02-12T15:41:09.116+0000] {logging_mixin.py:188} INFO - [2026-02-12T15:41:09.116+0000] {dag.py:3089} INFO - Sync 1 DAGs
[2026-02-12T15:41:09.155+0000] {logging_mixin.py:188} INFO - [2026-02-12T15:41:09.154+0000] {dag.py:3947} INFO - Setting next_dagrun for product_price_pipeline to 2026-02-12 00:00:00+00:00, run_after=2026-02-13 00:00:00+00:00
[2026-02-12T15:41:09.194+0000] {processor.py:183} INFO - Processing /opt/airflow/dags/product_pipeline_dag.py took 0.294 seconds
[2026-02-12T15:41:40.989+0000] {processor.py:161} INFO - Started process (PID=1998) to work on /opt/airflow/dags/product_pipeline_dag.py
[2026-02-12T15:41:40.991+0000] {processor.py:830} INFO - Processing file /opt/airflow/dags/product_pipeline_dag.py for tasks to queue
[2026-02-12T15:41:40.996+0000] {logging_mixin.py:188} INFO - [2026-02-12T15:41:40.995+0000] {dagbag.py:545} INFO - Filling up the DagBag from /opt/airflow/dags/product_pipeline_dag.py
[2026-02-12T15:41:41.052+0000] {processor.py:840} INFO - DAG(s) 'product_price_pipeline' retrieved from /opt/airflow/dags/product_pipeline_dag.py
[2026-02-12T15:41:41.129+0000] {logging_mixin.py:188} INFO - [2026-02-12T15:41:41.129+0000] {dag.py:3089} INFO - Sync 1 DAGs
[2026-02-12T15:41:41.172+0000] {logging_mixin.py:188} INFO - [2026-02-12T15:41:41.171+0000] {dag.py:3947} INFO - Setting next_dagrun for product_price_pipeline to 2026-02-12 00:00:00+00:00, run_after=2026-02-13 00:00:00+00:00
[2026-02-12T15:41:41.225+0000] {processor.py:183} INFO - Processing /opt/airflow/dags/product_pipeline_dag.py took 0.247 seconds
[2026-02-12T15:48:03.335+0000] {processor.py:161} INFO - Started process (PID=2041) to work on /opt/airflow/dags/product_pipeline_dag.py
[2026-02-12T15:48:03.348+0000] {processor.py:830} INFO - Processing file /opt/airflow/dags/product_pipeline_dag.py for tasks to queue
[2026-02-12T15:48:03.418+0000] {logging_mixin.py:188} INFO - [2026-02-12T15:48:03.407+0000] {dagbag.py:545} INFO - Filling up the DagBag from /opt/airflow/dags/product_pipeline_dag.py
[2026-02-12T15:48:03.937+0000] {processor.py:840} INFO - DAG(s) 'product_price_pipeline' retrieved from /opt/airflow/dags/product_pipeline_dag.py
[2026-02-12T15:48:04.558+0000] {logging_mixin.py:188} INFO - [2026-02-12T15:48:04.557+0000] {dag.py:3089} INFO - Sync 1 DAGs
[2026-02-12T15:48:04.907+0000] {logging_mixin.py:188} INFO - [2026-02-12T15:48:04.907+0000] {dag.py:3947} INFO - Setting next_dagrun for product_price_pipeline to 2026-02-12 00:00:00+00:00, run_after=2026-02-13 00:00:00+00:00
[2026-02-12T15:48:05.062+0000] {processor.py:183} INFO - Processing /opt/airflow/dags/product_pipeline_dag.py took 1.948 seconds
[2026-02-12T15:48:57.281+0000] {processor.py:161} INFO - Started process (PID=2067) to work on /opt/airflow/dags/product_pipeline_dag.py
[2026-02-12T15:48:57.286+0000] {processor.py:830} INFO - Processing file /opt/airflow/dags/product_pipeline_dag.py for tasks to queue
[2026-02-12T15:48:57.295+0000] {logging_mixin.py:188} INFO - [2026-02-12T15:48:57.293+0000] {dagbag.py:545} INFO - Filling up the DagBag from /opt/airflow/dags/product_pipeline_dag.py
[2026-02-12T15:48:57.409+0000] {processor.py:840} INFO - DAG(s) 'product_price_pipeline' retrieved from /opt/airflow/dags/product_pipeline_dag.py
[2026-02-12T15:48:57.599+0000] {logging_mixin.py:188} INFO - [2026-02-12T15:48:57.598+0000] {dag.py:3089} INFO - Sync 1 DAGs
[2026-02-12T15:48:57.693+0000] {logging_mixin.py:188} INFO - [2026-02-12T15:48:57.692+0000] {dag.py:3947} INFO - Setting next_dagrun for product_price_pipeline to 2026-02-12 00:00:00+00:00, run_after=2026-02-13 00:00:00+00:00
[2026-02-12T15:48:57.759+0000] {processor.py:183} INFO - Processing /opt/airflow/dags/product_pipeline_dag.py took 0.493 seconds
[2026-02-12T15:49:30.035+0000] {processor.py:161} INFO - Started process (PID=2097) to work on /opt/airflow/dags/product_pipeline_dag.py
[2026-02-12T15:49:30.039+0000] {processor.py:830} INFO - Processing file /opt/airflow/dags/product_pipeline_dag.py for tasks to queue
[2026-02-12T15:49:30.045+0000] {logging_mixin.py:188} INFO - [2026-02-12T15:49:30.044+0000] {dagbag.py:545} INFO - Filling up the DagBag from /opt/airflow/dags/product_pipeline_dag.py
[2026-02-12T15:49:30.189+0000] {processor.py:840} INFO - DAG(s) 'product_price_pipeline' retrieved from /opt/airflow/dags/product_pipeline_dag.py
[2026-02-12T15:49:30.255+0000] {logging_mixin.py:188} INFO - [2026-02-12T15:49:30.255+0000] {dag.py:3089} INFO - Sync 1 DAGs
[2026-02-12T15:49:30.304+0000] {logging_mixin.py:188} INFO - [2026-02-12T15:49:30.304+0000] {dag.py:3947} INFO - Setting next_dagrun for product_price_pipeline to 2026-02-12 00:00:00+00:00, run_after=2026-02-13 00:00:00+00:00
[2026-02-12T15:49:30.447+0000] {processor.py:183} INFO - Processing /opt/airflow/dags/product_pipeline_dag.py took 0.430 seconds
[2026-02-12T15:50:01.737+0000] {processor.py:161} INFO - Started process (PID=2120) to work on /opt/airflow/dags/product_pipeline_dag.py
[2026-02-12T15:50:01.739+0000] {processor.py:830} INFO - Processing file /opt/airflow/dags/product_pipeline_dag.py for tasks to queue
[2026-02-12T15:50:01.744+0000] {logging_mixin.py:188} INFO - [2026-02-12T15:50:01.743+0000] {dagbag.py:545} INFO - Filling up the DagBag from /opt/airflow/dags/product_pipeline_dag.py
[2026-02-12T15:50:01.799+0000] {processor.py:840} INFO - DAG(s) 'product_price_pipeline' retrieved from /opt/airflow/dags/product_pipeline_dag.py
[2026-02-12T15:50:01.886+0000] {logging_mixin.py:188} INFO - [2026-02-12T15:50:01.885+0000] {dag.py:3089} INFO - Sync 1 DAGs
[2026-02-12T15:50:01.937+0000] {logging_mixin.py:188} INFO - [2026-02-12T15:50:01.936+0000] {dag.py:3947} INFO - Setting next_dagrun for product_price_pipeline to 2026-02-12 00:00:00+00:00, run_after=2026-02-13 00:00:00+00:00
[2026-02-12T15:50:01.987+0000] {processor.py:183} INFO - Processing /opt/airflow/dags/product_pipeline_dag.py took 0.260 seconds
[2026-02-12T15:50:33.043+0000] {processor.py:161} INFO - Started process (PID=2149) to work on /opt/airflow/dags/product_pipeline_dag.py
[2026-02-12T15:50:33.045+0000] {processor.py:830} INFO - Processing file /opt/airflow/dags/product_pipeline_dag.py for tasks to queue
[2026-02-12T15:50:33.048+0000] {logging_mixin.py:188} INFO - [2026-02-12T15:50:33.048+0000] {dagbag.py:545} INFO - Filling up the DagBag from /opt/airflow/dags/product_pipeline_dag.py
[2026-02-12T15:50:33.108+0000] {processor.py:840} INFO - DAG(s) 'product_price_pipeline' retrieved from /opt/airflow/dags/product_pipeline_dag.py
[2026-02-12T15:50:33.170+0000] {logging_mixin.py:188} INFO - [2026-02-12T15:50:33.170+0000] {dag.py:3089} INFO - Sync 1 DAGs
[2026-02-12T15:50:33.203+0000] {logging_mixin.py:188} INFO - [2026-02-12T15:50:33.203+0000] {dag.py:3947} INFO - Setting next_dagrun for product_price_pipeline to 2026-02-12 00:00:00+00:00, run_after=2026-02-13 00:00:00+00:00
[2026-02-12T15:50:33.238+0000] {processor.py:183} INFO - Processing /opt/airflow/dags/product_pipeline_dag.py took 0.205 seconds
[2026-02-12T15:51:04.209+0000] {processor.py:161} INFO - Started process (PID=2178) to work on /opt/airflow/dags/product_pipeline_dag.py
[2026-02-12T15:51:04.212+0000] {processor.py:830} INFO - Processing file /opt/airflow/dags/product_pipeline_dag.py for tasks to queue
[2026-02-12T15:51:04.218+0000] {logging_mixin.py:188} INFO - [2026-02-12T15:51:04.216+0000] {dagbag.py:545} INFO - Filling up the DagBag from /opt/airflow/dags/product_pipeline_dag.py
[2026-02-12T15:51:04.280+0000] {processor.py:840} INFO - DAG(s) 'product_price_pipeline' retrieved from /opt/airflow/dags/product_pipeline_dag.py
[2026-02-12T15:51:04.353+0000] {logging_mixin.py:188} INFO - [2026-02-12T15:51:04.352+0000] {dag.py:3089} INFO - Sync 1 DAGs
[2026-02-12T15:51:04.432+0000] {logging_mixin.py:188} INFO - [2026-02-12T15:51:04.431+0000] {dag.py:3947} INFO - Setting next_dagrun for product_price_pipeline to 2026-02-12 00:00:00+00:00, run_after=2026-02-13 00:00:00+00:00
[2026-02-12T15:51:04.528+0000] {processor.py:183} INFO - Processing /opt/airflow/dags/product_pipeline_dag.py took 0.332 seconds
[2026-02-12T15:51:34.956+0000] {processor.py:161} INFO - Started process (PID=2201) to work on /opt/airflow/dags/product_pipeline_dag.py
[2026-02-12T15:51:34.959+0000] {processor.py:830} INFO - Processing file /opt/airflow/dags/product_pipeline_dag.py for tasks to queue
[2026-02-12T15:51:34.965+0000] {logging_mixin.py:188} INFO - [2026-02-12T15:51:34.964+0000] {dagbag.py:545} INFO - Filling up the DagBag from /opt/airflow/dags/product_pipeline_dag.py
[2026-02-12T15:51:35.022+0000] {processor.py:840} INFO - DAG(s) 'product_price_pipeline' retrieved from /opt/airflow/dags/product_pipeline_dag.py
[2026-02-12T15:51:35.116+0000] {logging_mixin.py:188} INFO - [2026-02-12T15:51:35.116+0000] {dag.py:3089} INFO - Sync 1 DAGs
[2026-02-12T15:51:35.163+0000] {logging_mixin.py:188} INFO - [2026-02-12T15:51:35.163+0000] {dag.py:3947} INFO - Setting next_dagrun for product_price_pipeline to 2026-02-12 00:00:00+00:00, run_after=2026-02-13 00:00:00+00:00
[2026-02-12T15:51:35.228+0000] {processor.py:183} INFO - Processing /opt/airflow/dags/product_pipeline_dag.py took 0.288 seconds
[2026-02-12T15:52:05.976+0000] {processor.py:161} INFO - Started process (PID=2229) to work on /opt/airflow/dags/product_pipeline_dag.py
[2026-02-12T15:52:05.978+0000] {processor.py:830} INFO - Processing file /opt/airflow/dags/product_pipeline_dag.py for tasks to queue
[2026-02-12T15:52:05.985+0000] {logging_mixin.py:188} INFO - [2026-02-12T15:52:05.982+0000] {dagbag.py:545} INFO - Filling up the DagBag from /opt/airflow/dags/product_pipeline_dag.py
[2026-02-12T15:52:06.036+0000] {processor.py:840} INFO - DAG(s) 'product_price_pipeline' retrieved from /opt/airflow/dags/product_pipeline_dag.py
[2026-02-12T15:52:06.112+0000] {logging_mixin.py:188} INFO - [2026-02-12T15:52:06.111+0000] {dag.py:3089} INFO - Sync 1 DAGs
[2026-02-12T15:52:06.158+0000] {logging_mixin.py:188} INFO - [2026-02-12T15:52:06.157+0000] {dag.py:3947} INFO - Setting next_dagrun for product_price_pipeline to 2026-02-12 00:00:00+00:00, run_after=2026-02-13 00:00:00+00:00
[2026-02-12T15:52:06.204+0000] {processor.py:183} INFO - Processing /opt/airflow/dags/product_pipeline_dag.py took 0.243 seconds
[2026-02-12T15:52:37.036+0000] {processor.py:161} INFO - Started process (PID=2255) to work on /opt/airflow/dags/product_pipeline_dag.py
[2026-02-12T15:52:37.039+0000] {processor.py:830} INFO - Processing file /opt/airflow/dags/product_pipeline_dag.py for tasks to queue
[2026-02-12T15:52:37.043+0000] {logging_mixin.py:188} INFO - [2026-02-12T15:52:37.042+0000] {dagbag.py:545} INFO - Filling up the DagBag from /opt/airflow/dags/product_pipeline_dag.py
[2026-02-12T15:52:37.096+0000] {processor.py:840} INFO - DAG(s) 'product_price_pipeline' retrieved from /opt/airflow/dags/product_pipeline_dag.py
[2026-02-12T15:52:37.160+0000] {logging_mixin.py:188} INFO - [2026-02-12T15:52:37.159+0000] {dag.py:3089} INFO - Sync 1 DAGs
[2026-02-12T15:52:37.206+0000] {logging_mixin.py:188} INFO - [2026-02-12T15:52:37.206+0000] {dag.py:3947} INFO - Setting next_dagrun for product_price_pipeline to 2026-02-12 00:00:00+00:00, run_after=2026-02-13 00:00:00+00:00
[2026-02-12T15:52:37.256+0000] {processor.py:183} INFO - Processing /opt/airflow/dags/product_pipeline_dag.py took 0.231 seconds
[2026-02-12T15:53:07.669+0000] {processor.py:161} INFO - Started process (PID=2284) to work on /opt/airflow/dags/product_pipeline_dag.py
[2026-02-12T15:53:07.672+0000] {processor.py:830} INFO - Processing file /opt/airflow/dags/product_pipeline_dag.py for tasks to queue
[2026-02-12T15:53:07.676+0000] {logging_mixin.py:188} INFO - [2026-02-12T15:53:07.675+0000] {dagbag.py:545} INFO - Filling up the DagBag from /opt/airflow/dags/product_pipeline_dag.py
[2026-02-12T15:53:07.735+0000] {processor.py:840} INFO - DAG(s) 'product_price_pipeline' retrieved from /opt/airflow/dags/product_pipeline_dag.py
[2026-02-12T15:53:07.809+0000] {logging_mixin.py:188} INFO - [2026-02-12T15:53:07.809+0000] {dag.py:3089} INFO - Sync 1 DAGs
[2026-02-12T15:53:07.860+0000] {logging_mixin.py:188} INFO - [2026-02-12T15:53:07.860+0000] {dag.py:3947} INFO - Setting next_dagrun for product_price_pipeline to 2026-02-12 00:00:00+00:00, run_after=2026-02-13 00:00:00+00:00
[2026-02-12T15:53:07.921+0000] {processor.py:183} INFO - Processing /opt/airflow/dags/product_pipeline_dag.py took 0.262 seconds
[2026-02-12T15:53:38.355+0000] {processor.py:161} INFO - Started process (PID=2313) to work on /opt/airflow/dags/product_pipeline_dag.py
[2026-02-12T15:53:38.358+0000] {processor.py:830} INFO - Processing file /opt/airflow/dags/product_pipeline_dag.py for tasks to queue
[2026-02-12T15:53:38.362+0000] {logging_mixin.py:188} INFO - [2026-02-12T15:53:38.361+0000] {dagbag.py:545} INFO - Filling up the DagBag from /opt/airflow/dags/product_pipeline_dag.py
[2026-02-12T15:53:38.415+0000] {processor.py:840} INFO - DAG(s) 'product_price_pipeline' retrieved from /opt/airflow/dags/product_pipeline_dag.py
[2026-02-12T15:53:38.483+0000] {logging_mixin.py:188} INFO - [2026-02-12T15:53:38.482+0000] {dag.py:3089} INFO - Sync 1 DAGs
[2026-02-12T15:53:38.522+0000] {logging_mixin.py:188} INFO - [2026-02-12T15:53:38.522+0000] {dag.py:3947} INFO - Setting next_dagrun for product_price_pipeline to 2026-02-12 00:00:00+00:00, run_after=2026-02-13 00:00:00+00:00
[2026-02-12T15:53:38.555+0000] {processor.py:183} INFO - Processing /opt/airflow/dags/product_pipeline_dag.py took 0.215 seconds
[2026-02-12T15:54:08.953+0000] {processor.py:161} INFO - Started process (PID=2342) to work on /opt/airflow/dags/product_pipeline_dag.py
[2026-02-12T15:54:08.957+0000] {processor.py:830} INFO - Processing file /opt/airflow/dags/product_pipeline_dag.py for tasks to queue
[2026-02-12T15:54:08.962+0000] {logging_mixin.py:188} INFO - [2026-02-12T15:54:08.961+0000] {dagbag.py:545} INFO - Filling up the DagBag from /opt/airflow/dags/product_pipeline_dag.py
[2026-02-12T15:54:09.026+0000] {processor.py:840} INFO - DAG(s) 'product_price_pipeline' retrieved from /opt/airflow/dags/product_pipeline_dag.py
[2026-02-12T15:54:09.102+0000] {logging_mixin.py:188} INFO - [2026-02-12T15:54:09.102+0000] {dag.py:3089} INFO - Sync 1 DAGs
[2026-02-12T15:54:09.145+0000] {logging_mixin.py:188} INFO - [2026-02-12T15:54:09.145+0000] {dag.py:3947} INFO - Setting next_dagrun for product_price_pipeline to 2026-02-12 00:00:00+00:00, run_after=2026-02-13 00:00:00+00:00
[2026-02-12T15:54:09.198+0000] {processor.py:183} INFO - Processing /opt/airflow/dags/product_pipeline_dag.py took 0.262 seconds
[2026-02-12T15:54:39.463+0000] {processor.py:161} INFO - Started process (PID=2368) to work on /opt/airflow/dags/product_pipeline_dag.py
[2026-02-12T15:54:39.465+0000] {processor.py:830} INFO - Processing file /opt/airflow/dags/product_pipeline_dag.py for tasks to queue
[2026-02-12T15:54:39.469+0000] {logging_mixin.py:188} INFO - [2026-02-12T15:54:39.468+0000] {dagbag.py:545} INFO - Filling up the DagBag from /opt/airflow/dags/product_pipeline_dag.py
[2026-02-12T15:54:39.518+0000] {processor.py:840} INFO - DAG(s) 'product_price_pipeline' retrieved from /opt/airflow/dags/product_pipeline_dag.py
[2026-02-12T15:54:39.595+0000] {logging_mixin.py:188} INFO - [2026-02-12T15:54:39.595+0000] {dag.py:3089} INFO - Sync 1 DAGs
[2026-02-12T15:54:39.650+0000] {logging_mixin.py:188} INFO - [2026-02-12T15:54:39.649+0000] {dag.py:3947} INFO - Setting next_dagrun for product_price_pipeline to 2026-02-12 00:00:00+00:00, run_after=2026-02-13 00:00:00+00:00
[2026-02-12T15:54:39.698+0000] {processor.py:183} INFO - Processing /opt/airflow/dags/product_pipeline_dag.py took 0.247 seconds
[2026-02-12T15:55:10.492+0000] {processor.py:161} INFO - Started process (PID=2397) to work on /opt/airflow/dags/product_pipeline_dag.py
[2026-02-12T15:55:10.495+0000] {processor.py:830} INFO - Processing file /opt/airflow/dags/product_pipeline_dag.py for tasks to queue
[2026-02-12T15:55:10.499+0000] {logging_mixin.py:188} INFO - [2026-02-12T15:55:10.498+0000] {dagbag.py:545} INFO - Filling up the DagBag from /opt/airflow/dags/product_pipeline_dag.py
[2026-02-12T15:55:10.570+0000] {processor.py:840} INFO - DAG(s) 'product_price_pipeline' retrieved from /opt/airflow/dags/product_pipeline_dag.py
[2026-02-12T15:55:10.650+0000] {logging_mixin.py:188} INFO - [2026-02-12T15:55:10.649+0000] {dag.py:3089} INFO - Sync 1 DAGs
[2026-02-12T15:55:10.697+0000] {logging_mixin.py:188} INFO - [2026-02-12T15:55:10.696+0000] {dag.py:3947} INFO - Setting next_dagrun for product_price_pipeline to 2026-02-12 00:00:00+00:00, run_after=2026-02-13 00:00:00+00:00
[2026-02-12T15:55:10.745+0000] {processor.py:183} INFO - Processing /opt/airflow/dags/product_pipeline_dag.py took 0.267 seconds
[2026-02-12T16:03:04.725+0000] {processor.py:161} INFO - Started process (PID=2426) to work on /opt/airflow/dags/product_pipeline_dag.py
[2026-02-12T16:03:04.733+0000] {processor.py:830} INFO - Processing file /opt/airflow/dags/product_pipeline_dag.py for tasks to queue
[2026-02-12T16:03:04.756+0000] {logging_mixin.py:188} INFO - [2026-02-12T16:03:04.753+0000] {dagbag.py:545} INFO - Filling up the DagBag from /opt/airflow/dags/product_pipeline_dag.py
[2026-02-12T16:03:05.529+0000] {processor.py:840} INFO - DAG(s) 'product_price_pipeline' retrieved from /opt/airflow/dags/product_pipeline_dag.py
[2026-02-12T16:03:06.215+0000] {logging_mixin.py:188} INFO - [2026-02-12T16:03:06.214+0000] {dag.py:3089} INFO - Sync 1 DAGs
[2026-02-12T16:03:06.650+0000] {logging_mixin.py:188} INFO - [2026-02-12T16:03:06.648+0000] {dag.py:3947} INFO - Setting next_dagrun for product_price_pipeline to 2026-02-12 00:00:00+00:00, run_after=2026-02-13 00:00:00+00:00
[2026-02-12T16:03:06.952+0000] {processor.py:183} INFO - Processing /opt/airflow/dags/product_pipeline_dag.py took 2.297 seconds
[2026-02-12T16:04:05.694+0000] {processor.py:161} INFO - Started process (PID=2452) to work on /opt/airflow/dags/product_pipeline_dag.py
[2026-02-12T16:04:05.704+0000] {processor.py:830} INFO - Processing file /opt/airflow/dags/product_pipeline_dag.py for tasks to queue
[2026-02-12T16:04:05.765+0000] {logging_mixin.py:188} INFO - [2026-02-12T16:04:05.756+0000] {dagbag.py:545} INFO - Filling up the DagBag from /opt/airflow/dags/product_pipeline_dag.py
[2026-02-12T16:04:06.224+0000] {processor.py:840} INFO - DAG(s) 'product_price_pipeline' retrieved from /opt/airflow/dags/product_pipeline_dag.py
[2026-02-12T16:04:06.713+0000] {logging_mixin.py:188} INFO - [2026-02-12T16:04:06.712+0000] {dag.py:3089} INFO - Sync 1 DAGs
[2026-02-12T16:04:07.038+0000] {logging_mixin.py:188} INFO - [2026-02-12T16:04:07.036+0000] {dag.py:3947} INFO - Setting next_dagrun for product_price_pipeline to 2026-02-12 00:00:00+00:00, run_after=2026-02-13 00:00:00+00:00
[2026-02-12T16:04:07.184+0000] {processor.py:183} INFO - Processing /opt/airflow/dags/product_pipeline_dag.py took 1.633 seconds
[2026-02-12T16:04:37.971+0000] {processor.py:161} INFO - Started process (PID=2481) to work on /opt/airflow/dags/product_pipeline_dag.py
[2026-02-12T16:04:37.973+0000] {processor.py:830} INFO - Processing file /opt/airflow/dags/product_pipeline_dag.py for tasks to queue
[2026-02-12T16:04:37.976+0000] {logging_mixin.py:188} INFO - [2026-02-12T16:04:37.975+0000] {dagbag.py:545} INFO - Filling up the DagBag from /opt/airflow/dags/product_pipeline_dag.py
[2026-02-12T16:04:38.050+0000] {processor.py:840} INFO - DAG(s) 'product_price_pipeline' retrieved from /opt/airflow/dags/product_pipeline_dag.py
[2026-02-12T16:04:38.115+0000] {logging_mixin.py:188} INFO - [2026-02-12T16:04:38.114+0000] {dag.py:3089} INFO - Sync 1 DAGs
[2026-02-12T16:04:38.145+0000] {logging_mixin.py:188} INFO - [2026-02-12T16:04:38.145+0000] {dag.py:3947} INFO - Setting next_dagrun for product_price_pipeline to 2026-02-12 00:00:00+00:00, run_after=2026-02-13 00:00:00+00:00
[2026-02-12T16:04:38.178+0000] {processor.py:183} INFO - Processing /opt/airflow/dags/product_pipeline_dag.py took 0.218 seconds
[2026-02-12T16:05:08.395+0000] {processor.py:161} INFO - Started process (PID=2508) to work on /opt/airflow/dags/product_pipeline_dag.py
[2026-02-12T16:05:08.398+0000] {processor.py:830} INFO - Processing file /opt/airflow/dags/product_pipeline_dag.py for tasks to queue
[2026-02-12T16:05:08.403+0000] {logging_mixin.py:188} INFO - [2026-02-12T16:05:08.402+0000] {dagbag.py:545} INFO - Filling up the DagBag from /opt/airflow/dags/product_pipeline_dag.py
[2026-02-12T16:05:08.460+0000] {processor.py:840} INFO - DAG(s) 'product_price_pipeline' retrieved from /opt/airflow/dags/product_pipeline_dag.py
[2026-02-12T16:05:08.551+0000] {logging_mixin.py:188} INFO - [2026-02-12T16:05:08.550+0000] {dag.py:3089} INFO - Sync 1 DAGs
[2026-02-12T16:05:08.588+0000] {logging_mixin.py:188} INFO - [2026-02-12T16:05:08.588+0000] {dag.py:3947} INFO - Setting next_dagrun for product_price_pipeline to 2026-02-12 00:00:00+00:00, run_after=2026-02-13 00:00:00+00:00
[2026-02-12T16:05:08.638+0000] {processor.py:183} INFO - Processing /opt/airflow/dags/product_pipeline_dag.py took 0.251 seconds
[2026-02-12T16:05:40.343+0000] {processor.py:161} INFO - Started process (PID=2537) to work on /opt/airflow/dags/product_pipeline_dag.py
[2026-02-12T16:05:40.346+0000] {processor.py:830} INFO - Processing file /opt/airflow/dags/product_pipeline_dag.py for tasks to queue
[2026-02-12T16:05:40.351+0000] {logging_mixin.py:188} INFO - [2026-02-12T16:05:40.349+0000] {dagbag.py:545} INFO - Filling up the DagBag from /opt/airflow/dags/product_pipeline_dag.py
[2026-02-12T16:05:40.429+0000] {processor.py:840} INFO - DAG(s) 'product_price_pipeline' retrieved from /opt/airflow/dags/product_pipeline_dag.py
[2026-02-12T16:05:40.531+0000] {logging_mixin.py:188} INFO - [2026-02-12T16:05:40.529+0000] {dag.py:3089} INFO - Sync 1 DAGs
[2026-02-12T16:05:40.583+0000] {logging_mixin.py:188} INFO - [2026-02-12T16:05:40.582+0000] {dag.py:3947} INFO - Setting next_dagrun for product_price_pipeline to 2026-02-12 00:00:00+00:00, run_after=2026-02-13 00:00:00+00:00
[2026-02-12T16:05:40.642+0000] {processor.py:183} INFO - Processing /opt/airflow/dags/product_pipeline_dag.py took 0.313 seconds
[2026-02-12T16:06:10.777+0000] {processor.py:161} INFO - Started process (PID=2560) to work on /opt/airflow/dags/product_pipeline_dag.py
[2026-02-12T16:06:10.779+0000] {processor.py:830} INFO - Processing file /opt/airflow/dags/product_pipeline_dag.py for tasks to queue
[2026-02-12T16:06:10.783+0000] {logging_mixin.py:188} INFO - [2026-02-12T16:06:10.782+0000] {dagbag.py:545} INFO - Filling up the DagBag from /opt/airflow/dags/product_pipeline_dag.py
[2026-02-12T16:06:10.835+0000] {processor.py:840} INFO - DAG(s) 'product_price_pipeline' retrieved from /opt/airflow/dags/product_pipeline_dag.py
[2026-02-12T16:06:10.909+0000] {logging_mixin.py:188} INFO - [2026-02-12T16:06:10.909+0000] {dag.py:3089} INFO - Sync 1 DAGs
[2026-02-12T16:06:10.945+0000] {logging_mixin.py:188} INFO - [2026-02-12T16:06:10.945+0000] {dag.py:3947} INFO - Setting next_dagrun for product_price_pipeline to 2026-02-12 00:00:00+00:00, run_after=2026-02-13 00:00:00+00:00
[2026-02-12T16:06:10.993+0000] {processor.py:183} INFO - Processing /opt/airflow/dags/product_pipeline_dag.py took 0.228 seconds
[2026-02-12T16:06:41.311+0000] {processor.py:161} INFO - Started process (PID=2585) to work on /opt/airflow/dags/product_pipeline_dag.py
[2026-02-12T16:06:41.315+0000] {processor.py:830} INFO - Processing file /opt/airflow/dags/product_pipeline_dag.py for tasks to queue
[2026-02-12T16:06:41.322+0000] {logging_mixin.py:188} INFO - [2026-02-12T16:06:41.322+0000] {dagbag.py:545} INFO - Filling up the DagBag from /opt/airflow/dags/product_pipeline_dag.py
[2026-02-12T16:06:41.388+0000] {processor.py:840} INFO - DAG(s) 'product_price_pipeline' retrieved from /opt/airflow/dags/product_pipeline_dag.py
[2026-02-12T16:06:41.452+0000] {logging_mixin.py:188} INFO - [2026-02-12T16:06:41.452+0000] {dag.py:3089} INFO - Sync 1 DAGs
[2026-02-12T16:06:41.503+0000] {logging_mixin.py:188} INFO - [2026-02-12T16:06:41.503+0000] {dag.py:3947} INFO - Setting next_dagrun for product_price_pipeline to 2026-02-12 00:00:00+00:00, run_after=2026-02-13 00:00:00+00:00
[2026-02-12T16:06:41.565+0000] {processor.py:183} INFO - Processing /opt/airflow/dags/product_pipeline_dag.py took 0.268 seconds
[2026-02-12T16:07:11.850+0000] {processor.py:161} INFO - Started process (PID=2614) to work on /opt/airflow/dags/product_pipeline_dag.py
[2026-02-12T16:07:11.853+0000] {processor.py:830} INFO - Processing file /opt/airflow/dags/product_pipeline_dag.py for tasks to queue
[2026-02-12T16:07:11.857+0000] {logging_mixin.py:188} INFO - [2026-02-12T16:07:11.856+0000] {dagbag.py:545} INFO - Filling up the DagBag from /opt/airflow/dags/product_pipeline_dag.py
[2026-02-12T16:07:11.903+0000] {processor.py:840} INFO - DAG(s) 'product_price_pipeline' retrieved from /opt/airflow/dags/product_pipeline_dag.py
[2026-02-12T16:07:11.965+0000] {logging_mixin.py:188} INFO - [2026-02-12T16:07:11.964+0000] {dag.py:3089} INFO - Sync 1 DAGs
[2026-02-12T16:07:11.996+0000] {logging_mixin.py:188} INFO - [2026-02-12T16:07:11.995+0000] {dag.py:3947} INFO - Setting next_dagrun for product_price_pipeline to 2026-02-12 00:00:00+00:00, run_after=2026-02-13 00:00:00+00:00
[2026-02-12T16:07:12.043+0000] {processor.py:183} INFO - Processing /opt/airflow/dags/product_pipeline_dag.py took 0.205 seconds
[2026-02-12T16:07:42.663+0000] {processor.py:161} INFO - Started process (PID=2643) to work on /opt/airflow/dags/product_pipeline_dag.py
[2026-02-12T16:07:42.667+0000] {processor.py:830} INFO - Processing file /opt/airflow/dags/product_pipeline_dag.py for tasks to queue
[2026-02-12T16:07:42.671+0000] {logging_mixin.py:188} INFO - [2026-02-12T16:07:42.671+0000] {dagbag.py:545} INFO - Filling up the DagBag from /opt/airflow/dags/product_pipeline_dag.py
[2026-02-12T16:07:42.737+0000] {processor.py:840} INFO - DAG(s) 'product_price_pipeline' retrieved from /opt/airflow/dags/product_pipeline_dag.py
[2026-02-12T16:07:42.817+0000] {logging_mixin.py:188} INFO - [2026-02-12T16:07:42.816+0000] {dag.py:3089} INFO - Sync 1 DAGs
[2026-02-12T16:07:42.877+0000] {logging_mixin.py:188} INFO - [2026-02-12T16:07:42.875+0000] {dag.py:3947} INFO - Setting next_dagrun for product_price_pipeline to 2026-02-12 00:00:00+00:00, run_after=2026-02-13 00:00:00+00:00
[2026-02-12T16:07:42.928+0000] {processor.py:183} INFO - Processing /opt/airflow/dags/product_pipeline_dag.py took 0.278 seconds
[2026-02-12T16:08:15.202+0000] {processor.py:161} INFO - Started process (PID=2672) to work on /opt/airflow/dags/product_pipeline_dag.py
[2026-02-12T16:08:15.205+0000] {processor.py:830} INFO - Processing file /opt/airflow/dags/product_pipeline_dag.py for tasks to queue
[2026-02-12T16:08:15.216+0000] {logging_mixin.py:188} INFO - [2026-02-12T16:08:15.215+0000] {dagbag.py:545} INFO - Filling up the DagBag from /opt/airflow/dags/product_pipeline_dag.py
[2026-02-12T16:08:15.300+0000] {processor.py:840} INFO - DAG(s) 'product_price_pipeline' retrieved from /opt/airflow/dags/product_pipeline_dag.py
[2026-02-12T16:08:15.413+0000] {logging_mixin.py:188} INFO - [2026-02-12T16:08:15.412+0000] {dag.py:3089} INFO - Sync 1 DAGs
[2026-02-12T16:08:15.458+0000] {logging_mixin.py:188} INFO - [2026-02-12T16:08:15.457+0000] {dag.py:3947} INFO - Setting next_dagrun for product_price_pipeline to 2026-02-12 00:00:00+00:00, run_after=2026-02-13 00:00:00+00:00
[2026-02-12T16:08:15.499+0000] {processor.py:183} INFO - Processing /opt/airflow/dags/product_pipeline_dag.py took 0.317 seconds
[2026-02-12T16:08:45.662+0000] {processor.py:161} INFO - Started process (PID=2701) to work on /opt/airflow/dags/product_pipeline_dag.py
[2026-02-12T16:08:45.664+0000] {processor.py:830} INFO - Processing file /opt/airflow/dags/product_pipeline_dag.py for tasks to queue
[2026-02-12T16:08:45.668+0000] {logging_mixin.py:188} INFO - [2026-02-12T16:08:45.667+0000] {dagbag.py:545} INFO - Filling up the DagBag from /opt/airflow/dags/product_pipeline_dag.py
[2026-02-12T16:08:45.724+0000] {processor.py:840} INFO - DAG(s) 'product_price_pipeline' retrieved from /opt/airflow/dags/product_pipeline_dag.py
[2026-02-12T16:08:45.807+0000] {logging_mixin.py:188} INFO - [2026-02-12T16:08:45.804+0000] {dag.py:3089} INFO - Sync 1 DAGs
[2026-02-12T16:08:45.864+0000] {logging_mixin.py:188} INFO - [2026-02-12T16:08:45.864+0000] {dag.py:3947} INFO - Setting next_dagrun for product_price_pipeline to 2026-02-12 00:00:00+00:00, run_after=2026-02-13 00:00:00+00:00
[2026-02-12T16:08:45.911+0000] {processor.py:183} INFO - Processing /opt/airflow/dags/product_pipeline_dag.py took 0.261 seconds
[2026-02-12T16:09:16.837+0000] {processor.py:161} INFO - Started process (PID=2730) to work on /opt/airflow/dags/product_pipeline_dag.py
[2026-02-12T16:09:16.839+0000] {processor.py:830} INFO - Processing file /opt/airflow/dags/product_pipeline_dag.py for tasks to queue
[2026-02-12T16:09:16.844+0000] {logging_mixin.py:188} INFO - [2026-02-12T16:09:16.843+0000] {dagbag.py:545} INFO - Filling up the DagBag from /opt/airflow/dags/product_pipeline_dag.py
[2026-02-12T16:09:16.908+0000] {processor.py:840} INFO - DAG(s) 'product_price_pipeline' retrieved from /opt/airflow/dags/product_pipeline_dag.py
[2026-02-12T16:09:16.972+0000] {logging_mixin.py:188} INFO - [2026-02-12T16:09:16.971+0000] {dag.py:3089} INFO - Sync 1 DAGs
[2026-02-12T16:09:17.010+0000] {logging_mixin.py:188} INFO - [2026-02-12T16:09:17.009+0000] {dag.py:3947} INFO - Setting next_dagrun for product_price_pipeline to 2026-02-12 00:00:00+00:00, run_after=2026-02-13 00:00:00+00:00
[2026-02-12T16:09:17.045+0000] {processor.py:183} INFO - Processing /opt/airflow/dags/product_pipeline_dag.py took 0.218 seconds
[2026-02-12T16:09:47.221+0000] {processor.py:161} INFO - Started process (PID=2759) to work on /opt/airflow/dags/product_pipeline_dag.py
[2026-02-12T16:09:47.223+0000] {processor.py:830} INFO - Processing file /opt/airflow/dags/product_pipeline_dag.py for tasks to queue
[2026-02-12T16:09:47.227+0000] {logging_mixin.py:188} INFO - [2026-02-12T16:09:47.227+0000] {dagbag.py:545} INFO - Filling up the DagBag from /opt/airflow/dags/product_pipeline_dag.py
[2026-02-12T16:09:47.275+0000] {processor.py:840} INFO - DAG(s) 'product_price_pipeline' retrieved from /opt/airflow/dags/product_pipeline_dag.py
[2026-02-12T16:09:47.331+0000] {logging_mixin.py:188} INFO - [2026-02-12T16:09:47.330+0000] {dag.py:3089} INFO - Sync 1 DAGs
[2026-02-12T16:09:47.365+0000] {logging_mixin.py:188} INFO - [2026-02-12T16:09:47.365+0000] {dag.py:3947} INFO - Setting next_dagrun for product_price_pipeline to 2026-02-12 00:00:00+00:00, run_after=2026-02-13 00:00:00+00:00
[2026-02-12T16:09:47.404+0000] {processor.py:183} INFO - Processing /opt/airflow/dags/product_pipeline_dag.py took 0.194 seconds
[2026-02-12T16:10:18.465+0000] {processor.py:161} INFO - Started process (PID=2788) to work on /opt/airflow/dags/product_pipeline_dag.py
[2026-02-12T16:10:18.471+0000] {processor.py:830} INFO - Processing file /opt/airflow/dags/product_pipeline_dag.py for tasks to queue
[2026-02-12T16:10:18.477+0000] {logging_mixin.py:188} INFO - [2026-02-12T16:10:18.476+0000] {dagbag.py:545} INFO - Filling up the DagBag from /opt/airflow/dags/product_pipeline_dag.py
[2026-02-12T16:10:18.564+0000] {processor.py:840} INFO - DAG(s) 'product_price_pipeline' retrieved from /opt/airflow/dags/product_pipeline_dag.py
[2026-02-12T16:10:18.640+0000] {logging_mixin.py:188} INFO - [2026-02-12T16:10:18.639+0000] {dag.py:3089} INFO - Sync 1 DAGs
[2026-02-12T16:10:18.683+0000] {logging_mixin.py:188} INFO - [2026-02-12T16:10:18.682+0000] {dag.py:3947} INFO - Setting next_dagrun for product_price_pipeline to 2026-02-12 00:00:00+00:00, run_after=2026-02-13 00:00:00+00:00
[2026-02-12T16:10:18.722+0000] {processor.py:183} INFO - Processing /opt/airflow/dags/product_pipeline_dag.py took 0.276 seconds
[2026-02-12T16:10:49.363+0000] {processor.py:161} INFO - Started process (PID=2817) to work on /opt/airflow/dags/product_pipeline_dag.py
[2026-02-12T16:10:49.367+0000] {processor.py:830} INFO - Processing file /opt/airflow/dags/product_pipeline_dag.py for tasks to queue
[2026-02-12T16:10:49.373+0000] {logging_mixin.py:188} INFO - [2026-02-12T16:10:49.372+0000] {dagbag.py:545} INFO - Filling up the DagBag from /opt/airflow/dags/product_pipeline_dag.py
[2026-02-12T16:10:49.455+0000] {processor.py:840} INFO - DAG(s) 'product_price_pipeline' retrieved from /opt/airflow/dags/product_pipeline_dag.py
[2026-02-12T16:10:49.508+0000] {logging_mixin.py:188} INFO - [2026-02-12T16:10:49.508+0000] {dag.py:3089} INFO - Sync 1 DAGs
[2026-02-12T16:10:49.549+0000] {logging_mixin.py:188} INFO - [2026-02-12T16:10:49.549+0000] {dag.py:3947} INFO - Setting next_dagrun for product_price_pipeline to 2026-02-12 00:00:00+00:00, run_after=2026-02-13 00:00:00+00:00
[2026-02-12T16:10:49.601+0000] {processor.py:183} INFO - Processing /opt/airflow/dags/product_pipeline_dag.py took 0.254 seconds
[2026-02-12T16:11:20.249+0000] {processor.py:161} INFO - Started process (PID=2844) to work on /opt/airflow/dags/product_pipeline_dag.py
[2026-02-12T16:11:20.253+0000] {processor.py:830} INFO - Processing file /opt/airflow/dags/product_pipeline_dag.py for tasks to queue
[2026-02-12T16:11:20.257+0000] {logging_mixin.py:188} INFO - [2026-02-12T16:11:20.257+0000] {dagbag.py:545} INFO - Filling up the DagBag from /opt/airflow/dags/product_pipeline_dag.py
[2026-02-12T16:11:20.309+0000] {processor.py:840} INFO - DAG(s) 'product_price_pipeline' retrieved from /opt/airflow/dags/product_pipeline_dag.py
[2026-02-12T16:11:20.370+0000] {logging_mixin.py:188} INFO - [2026-02-12T16:11:20.370+0000] {dag.py:3089} INFO - Sync 1 DAGs
[2026-02-12T16:11:20.406+0000] {logging_mixin.py:188} INFO - [2026-02-12T16:11:20.406+0000] {dag.py:3947} INFO - Setting next_dagrun for product_price_pipeline to 2026-02-12 00:00:00+00:00, run_after=2026-02-13 00:00:00+00:00
[2026-02-12T16:11:20.455+0000] {processor.py:183} INFO - Processing /opt/airflow/dags/product_pipeline_dag.py took 0.231 seconds
[2026-02-12T16:11:50.677+0000] {processor.py:161} INFO - Started process (PID=2872) to work on /opt/airflow/dags/product_pipeline_dag.py
[2026-02-12T16:11:50.679+0000] {processor.py:830} INFO - Processing file /opt/airflow/dags/product_pipeline_dag.py for tasks to queue
[2026-02-12T16:11:50.683+0000] {logging_mixin.py:188} INFO - [2026-02-12T16:11:50.682+0000] {dagbag.py:545} INFO - Filling up the DagBag from /opt/airflow/dags/product_pipeline_dag.py
[2026-02-12T16:11:50.737+0000] {processor.py:840} INFO - DAG(s) 'product_price_pipeline' retrieved from /opt/airflow/dags/product_pipeline_dag.py
[2026-02-12T16:11:50.799+0000] {logging_mixin.py:188} INFO - [2026-02-12T16:11:50.799+0000] {dag.py:3089} INFO - Sync 1 DAGs
[2026-02-12T16:11:50.851+0000] {logging_mixin.py:188} INFO - [2026-02-12T16:11:50.851+0000] {dag.py:3947} INFO - Setting next_dagrun for product_price_pipeline to 2026-02-12 00:00:00+00:00, run_after=2026-02-13 00:00:00+00:00
[2026-02-12T16:11:50.909+0000] {processor.py:183} INFO - Processing /opt/airflow/dags/product_pipeline_dag.py took 0.244 seconds
[2026-02-12T16:12:21.185+0000] {processor.py:161} INFO - Started process (PID=2898) to work on /opt/airflow/dags/product_pipeline_dag.py
[2026-02-12T16:12:21.187+0000] {processor.py:830} INFO - Processing file /opt/airflow/dags/product_pipeline_dag.py for tasks to queue
[2026-02-12T16:12:21.191+0000] {logging_mixin.py:188} INFO - [2026-02-12T16:12:21.190+0000] {dagbag.py:545} INFO - Filling up the DagBag from /opt/airflow/dags/product_pipeline_dag.py
[2026-02-12T16:12:21.249+0000] {processor.py:840} INFO - DAG(s) 'product_price_pipeline' retrieved from /opt/airflow/dags/product_pipeline_dag.py
[2026-02-12T16:12:21.299+0000] {logging_mixin.py:188} INFO - [2026-02-12T16:12:21.298+0000] {dag.py:3089} INFO - Sync 1 DAGs
[2026-02-12T16:12:21.333+0000] {logging_mixin.py:188} INFO - [2026-02-12T16:12:21.333+0000] {dag.py:3947} INFO - Setting next_dagrun for product_price_pipeline to 2026-02-12 00:00:00+00:00, run_after=2026-02-13 00:00:00+00:00
[2026-02-12T16:12:21.365+0000] {processor.py:183} INFO - Processing /opt/airflow/dags/product_pipeline_dag.py took 0.190 seconds
[2026-02-12T16:12:51.515+0000] {processor.py:161} INFO - Started process (PID=2927) to work on /opt/airflow/dags/product_pipeline_dag.py
[2026-02-12T16:12:51.517+0000] {processor.py:830} INFO - Processing file /opt/airflow/dags/product_pipeline_dag.py for tasks to queue
[2026-02-12T16:12:51.521+0000] {logging_mixin.py:188} INFO - [2026-02-12T16:12:51.520+0000] {dagbag.py:545} INFO - Filling up the DagBag from /opt/airflow/dags/product_pipeline_dag.py
[2026-02-12T16:12:51.575+0000] {processor.py:840} INFO - DAG(s) 'product_price_pipeline' retrieved from /opt/airflow/dags/product_pipeline_dag.py
[2026-02-12T16:12:51.639+0000] {logging_mixin.py:188} INFO - [2026-02-12T16:12:51.638+0000] {dag.py:3089} INFO - Sync 1 DAGs
[2026-02-12T16:12:51.683+0000] {logging_mixin.py:188} INFO - [2026-02-12T16:12:51.682+0000] {dag.py:3947} INFO - Setting next_dagrun for product_price_pipeline to 2026-02-12 00:00:00+00:00, run_after=2026-02-13 00:00:00+00:00
[2026-02-12T16:12:51.718+0000] {processor.py:183} INFO - Processing /opt/airflow/dags/product_pipeline_dag.py took 0.213 seconds
[2026-02-12T16:13:21.945+0000] {processor.py:161} INFO - Started process (PID=2954) to work on /opt/airflow/dags/product_pipeline_dag.py
[2026-02-12T16:13:21.949+0000] {processor.py:830} INFO - Processing file /opt/airflow/dags/product_pipeline_dag.py for tasks to queue
[2026-02-12T16:13:21.961+0000] {logging_mixin.py:188} INFO - [2026-02-12T16:13:21.960+0000] {dagbag.py:545} INFO - Filling up the DagBag from /opt/airflow/dags/product_pipeline_dag.py
[2026-02-12T16:13:22.032+0000] {processor.py:840} INFO - DAG(s) 'product_price_pipeline' retrieved from /opt/airflow/dags/product_pipeline_dag.py
[2026-02-12T16:13:22.122+0000] {logging_mixin.py:188} INFO - [2026-02-12T16:13:22.121+0000] {dag.py:3089} INFO - Sync 1 DAGs
[2026-02-12T16:13:22.161+0000] {logging_mixin.py:188} INFO - [2026-02-12T16:13:22.161+0000] {dag.py:3947} INFO - Setting next_dagrun for product_price_pipeline to 2026-02-12 00:00:00+00:00, run_after=2026-02-13 00:00:00+00:00
[2026-02-12T16:13:22.202+0000] {processor.py:183} INFO - Processing /opt/airflow/dags/product_pipeline_dag.py took 0.284 seconds
[2026-02-12T16:13:52.535+0000] {processor.py:161} INFO - Started process (PID=2982) to work on /opt/airflow/dags/product_pipeline_dag.py
[2026-02-12T16:13:52.537+0000] {processor.py:830} INFO - Processing file /opt/airflow/dags/product_pipeline_dag.py for tasks to queue
[2026-02-12T16:13:52.540+0000] {logging_mixin.py:188} INFO - [2026-02-12T16:13:52.539+0000] {dagbag.py:545} INFO - Filling up the DagBag from /opt/airflow/dags/product_pipeline_dag.py
[2026-02-12T16:13:52.587+0000] {processor.py:840} INFO - DAG(s) 'product_price_pipeline' retrieved from /opt/airflow/dags/product_pipeline_dag.py
[2026-02-12T16:13:52.650+0000] {logging_mixin.py:188} INFO - [2026-02-12T16:13:52.650+0000] {dag.py:3089} INFO - Sync 1 DAGs
[2026-02-12T16:13:52.698+0000] {logging_mixin.py:188} INFO - [2026-02-12T16:13:52.698+0000] {dag.py:3947} INFO - Setting next_dagrun for product_price_pipeline to 2026-02-12 00:00:00+00:00, run_after=2026-02-13 00:00:00+00:00
[2026-02-12T16:13:52.766+0000] {processor.py:183} INFO - Processing /opt/airflow/dags/product_pipeline_dag.py took 0.243 seconds
[2026-02-12T16:14:23.457+0000] {processor.py:161} INFO - Started process (PID=3011) to work on /opt/airflow/dags/product_pipeline_dag.py
[2026-02-12T16:14:23.459+0000] {processor.py:830} INFO - Processing file /opt/airflow/dags/product_pipeline_dag.py for tasks to queue
[2026-02-12T16:14:23.463+0000] {logging_mixin.py:188} INFO - [2026-02-12T16:14:23.462+0000] {dagbag.py:545} INFO - Filling up the DagBag from /opt/airflow/dags/product_pipeline_dag.py
[2026-02-12T16:14:23.508+0000] {processor.py:840} INFO - DAG(s) 'product_price_pipeline' retrieved from /opt/airflow/dags/product_pipeline_dag.py
[2026-02-12T16:14:23.570+0000] {logging_mixin.py:188} INFO - [2026-02-12T16:14:23.569+0000] {dag.py:3089} INFO - Sync 1 DAGs
[2026-02-12T16:14:23.614+0000] {logging_mixin.py:188} INFO - [2026-02-12T16:14:23.614+0000] {dag.py:3947} INFO - Setting next_dagrun for product_price_pipeline to 2026-02-12 00:00:00+00:00, run_after=2026-02-13 00:00:00+00:00
[2026-02-12T16:14:23.652+0000] {processor.py:183} INFO - Processing /opt/airflow/dags/product_pipeline_dag.py took 0.206 seconds
[2026-02-12T16:14:54.550+0000] {processor.py:161} INFO - Started process (PID=3040) to work on /opt/airflow/dags/product_pipeline_dag.py
[2026-02-12T16:14:54.553+0000] {processor.py:830} INFO - Processing file /opt/airflow/dags/product_pipeline_dag.py for tasks to queue
[2026-02-12T16:14:54.560+0000] {logging_mixin.py:188} INFO - [2026-02-12T16:14:54.559+0000] {dagbag.py:545} INFO - Filling up the DagBag from /opt/airflow/dags/product_pipeline_dag.py
[2026-02-12T16:14:54.625+0000] {processor.py:840} INFO - DAG(s) 'product_price_pipeline' retrieved from /opt/airflow/dags/product_pipeline_dag.py
[2026-02-12T16:14:54.701+0000] {logging_mixin.py:188} INFO - [2026-02-12T16:14:54.700+0000] {dag.py:3089} INFO - Sync 1 DAGs
[2026-02-12T16:14:54.780+0000] {logging_mixin.py:188} INFO - [2026-02-12T16:14:54.779+0000] {dag.py:3947} INFO - Setting next_dagrun for product_price_pipeline to 2026-02-12 00:00:00+00:00, run_after=2026-02-13 00:00:00+00:00
[2026-02-12T16:14:54.859+0000] {processor.py:183} INFO - Processing /opt/airflow/dags/product_pipeline_dag.py took 0.323 seconds
[2026-02-12T16:15:25.313+0000] {processor.py:161} INFO - Started process (PID=3066) to work on /opt/airflow/dags/product_pipeline_dag.py
[2026-02-12T16:15:25.315+0000] {processor.py:830} INFO - Processing file /opt/airflow/dags/product_pipeline_dag.py for tasks to queue
[2026-02-12T16:15:25.323+0000] {logging_mixin.py:188} INFO - [2026-02-12T16:15:25.322+0000] {dagbag.py:545} INFO - Filling up the DagBag from /opt/airflow/dags/product_pipeline_dag.py
[2026-02-12T16:15:25.385+0000] {processor.py:840} INFO - DAG(s) 'product_price_pipeline' retrieved from /opt/airflow/dags/product_pipeline_dag.py
[2026-02-12T16:15:25.459+0000] {logging_mixin.py:188} INFO - [2026-02-12T16:15:25.458+0000] {dag.py:3089} INFO - Sync 1 DAGs
[2026-02-12T16:15:25.511+0000] {logging_mixin.py:188} INFO - [2026-02-12T16:15:25.510+0000] {dag.py:3947} INFO - Setting next_dagrun for product_price_pipeline to 2026-02-12 00:00:00+00:00, run_after=2026-02-13 00:00:00+00:00
[2026-02-12T16:15:25.569+0000] {processor.py:183} INFO - Processing /opt/airflow/dags/product_pipeline_dag.py took 0.276 seconds
[2026-02-12T16:15:56.101+0000] {processor.py:161} INFO - Started process (PID=3095) to work on /opt/airflow/dags/product_pipeline_dag.py
[2026-02-12T16:15:56.103+0000] {processor.py:830} INFO - Processing file /opt/airflow/dags/product_pipeline_dag.py for tasks to queue
[2026-02-12T16:15:56.106+0000] {logging_mixin.py:188} INFO - [2026-02-12T16:15:56.106+0000] {dagbag.py:545} INFO - Filling up the DagBag from /opt/airflow/dags/product_pipeline_dag.py
[2026-02-12T16:15:56.158+0000] {processor.py:840} INFO - DAG(s) 'product_price_pipeline' retrieved from /opt/airflow/dags/product_pipeline_dag.py
[2026-02-12T16:15:56.215+0000] {logging_mixin.py:188} INFO - [2026-02-12T16:15:56.214+0000] {dag.py:3089} INFO - Sync 1 DAGs
[2026-02-12T16:15:56.259+0000] {logging_mixin.py:188} INFO - [2026-02-12T16:15:56.259+0000] {dag.py:3947} INFO - Setting next_dagrun for product_price_pipeline to 2026-02-12 00:00:00+00:00, run_after=2026-02-13 00:00:00+00:00
[2026-02-12T16:15:56.295+0000] {processor.py:183} INFO - Processing /opt/airflow/dags/product_pipeline_dag.py took 0.205 seconds
[2026-02-12T16:16:27.199+0000] {processor.py:161} INFO - Started process (PID=3124) to work on /opt/airflow/dags/product_pipeline_dag.py
[2026-02-12T16:16:27.201+0000] {processor.py:830} INFO - Processing file /opt/airflow/dags/product_pipeline_dag.py for tasks to queue
[2026-02-12T16:16:27.205+0000] {logging_mixin.py:188} INFO - [2026-02-12T16:16:27.204+0000] {dagbag.py:545} INFO - Filling up the DagBag from /opt/airflow/dags/product_pipeline_dag.py
[2026-02-12T16:16:27.255+0000] {processor.py:840} INFO - DAG(s) 'product_price_pipeline' retrieved from /opt/airflow/dags/product_pipeline_dag.py
[2026-02-12T16:16:27.314+0000] {logging_mixin.py:188} INFO - [2026-02-12T16:16:27.314+0000] {dag.py:3089} INFO - Sync 1 DAGs
[2026-02-12T16:16:27.351+0000] {logging_mixin.py:188} INFO - [2026-02-12T16:16:27.351+0000] {dag.py:3947} INFO - Setting next_dagrun for product_price_pipeline to 2026-02-12 00:00:00+00:00, run_after=2026-02-13 00:00:00+00:00
[2026-02-12T16:16:27.500+0000] {processor.py:183} INFO - Processing /opt/airflow/dags/product_pipeline_dag.py took 0.312 seconds
[2026-02-12T16:16:58.405+0000] {processor.py:161} INFO - Started process (PID=3153) to work on /opt/airflow/dags/product_pipeline_dag.py
[2026-02-12T16:16:58.406+0000] {processor.py:830} INFO - Processing file /opt/airflow/dags/product_pipeline_dag.py for tasks to queue
[2026-02-12T16:16:58.410+0000] {logging_mixin.py:188} INFO - [2026-02-12T16:16:58.409+0000] {dagbag.py:545} INFO - Filling up the DagBag from /opt/airflow/dags/product_pipeline_dag.py
[2026-02-12T16:16:58.456+0000] {processor.py:840} INFO - DAG(s) 'product_price_pipeline' retrieved from /opt/airflow/dags/product_pipeline_dag.py
[2026-02-12T16:16:58.502+0000] {logging_mixin.py:188} INFO - [2026-02-12T16:16:58.502+0000] {dag.py:3089} INFO - Sync 1 DAGs
[2026-02-12T16:16:58.531+0000] {logging_mixin.py:188} INFO - [2026-02-12T16:16:58.530+0000] {dag.py:3947} INFO - Setting next_dagrun for product_price_pipeline to 2026-02-12 00:00:00+00:00, run_after=2026-02-13 00:00:00+00:00
[2026-02-12T16:16:58.561+0000] {processor.py:183} INFO - Processing /opt/airflow/dags/product_pipeline_dag.py took 0.165 seconds
[2026-02-12T16:17:29.197+0000] {processor.py:161} INFO - Started process (PID=3182) to work on /opt/airflow/dags/product_pipeline_dag.py
[2026-02-12T16:17:29.200+0000] {processor.py:830} INFO - Processing file /opt/airflow/dags/product_pipeline_dag.py for tasks to queue
[2026-02-12T16:17:29.204+0000] {logging_mixin.py:188} INFO - [2026-02-12T16:17:29.203+0000] {dagbag.py:545} INFO - Filling up the DagBag from /opt/airflow/dags/product_pipeline_dag.py
[2026-02-12T16:17:29.262+0000] {processor.py:840} INFO - DAG(s) 'product_price_pipeline' retrieved from /opt/airflow/dags/product_pipeline_dag.py
[2026-02-12T16:17:29.324+0000] {logging_mixin.py:188} INFO - [2026-02-12T16:17:29.324+0000] {dag.py:3089} INFO - Sync 1 DAGs
[2026-02-12T16:17:29.364+0000] {logging_mixin.py:188} INFO - [2026-02-12T16:17:29.364+0000] {dag.py:3947} INFO - Setting next_dagrun for product_price_pipeline to 2026-02-12 00:00:00+00:00, run_after=2026-02-13 00:00:00+00:00
[2026-02-12T16:17:29.402+0000] {processor.py:183} INFO - Processing /opt/airflow/dags/product_pipeline_dag.py took 0.217 seconds
[2026-02-12T16:17:59.609+0000] {processor.py:161} INFO - Started process (PID=3211) to work on /opt/airflow/dags/product_pipeline_dag.py
[2026-02-12T16:17:59.611+0000] {processor.py:830} INFO - Processing file /opt/airflow/dags/product_pipeline_dag.py for tasks to queue
[2026-02-12T16:17:59.615+0000] {logging_mixin.py:188} INFO - [2026-02-12T16:17:59.615+0000] {dagbag.py:545} INFO - Filling up the DagBag from /opt/airflow/dags/product_pipeline_dag.py
[2026-02-12T16:17:59.669+0000] {processor.py:840} INFO - DAG(s) 'product_price_pipeline' retrieved from /opt/airflow/dags/product_pipeline_dag.py
[2026-02-12T16:17:59.714+0000] {logging_mixin.py:188} INFO - [2026-02-12T16:17:59.714+0000] {dag.py:3089} INFO - Sync 1 DAGs
[2026-02-12T16:17:59.744+0000] {logging_mixin.py:188} INFO - [2026-02-12T16:17:59.744+0000] {dag.py:3947} INFO - Setting next_dagrun for product_price_pipeline to 2026-02-12 00:00:00+00:00, run_after=2026-02-13 00:00:00+00:00
[2026-02-12T16:17:59.776+0000] {processor.py:183} INFO - Processing /opt/airflow/dags/product_pipeline_dag.py took 0.176 seconds
[2026-02-12T16:18:29.930+0000] {processor.py:161} INFO - Started process (PID=3240) to work on /opt/airflow/dags/product_pipeline_dag.py
[2026-02-12T16:18:29.932+0000] {processor.py:830} INFO - Processing file /opt/airflow/dags/product_pipeline_dag.py for tasks to queue
[2026-02-12T16:18:29.938+0000] {logging_mixin.py:188} INFO - [2026-02-12T16:18:29.937+0000] {dagbag.py:545} INFO - Filling up the DagBag from /opt/airflow/dags/product_pipeline_dag.py
[2026-02-12T16:18:31.052+0000] {processor.py:840} INFO - DAG(s) 'product_price_pipeline' retrieved from /opt/airflow/dags/product_pipeline_dag.py
[2026-02-12T16:18:31.110+0000] {logging_mixin.py:188} INFO - [2026-02-12T16:18:31.109+0000] {dag.py:3089} INFO - Sync 1 DAGs
[2026-02-12T16:18:31.156+0000] {logging_mixin.py:188} INFO - [2026-02-12T16:18:31.156+0000] {dag.py:3947} INFO - Setting next_dagrun for product_price_pipeline to 2026-02-12 00:00:00+00:00, run_after=2026-02-13 00:00:00+00:00
[2026-02-12T16:18:31.196+0000] {processor.py:183} INFO - Processing /opt/airflow/dags/product_pipeline_dag.py took 0.220 seconds
[2026-02-12T16:19:02.907+0000] {processor.py:161} INFO - Started process (PID=3269) to work on /opt/airflow/dags/product_pipeline_dag.py
[2026-02-12T16:19:02.911+0000] {processor.py:830} INFO - Processing file /opt/airflow/dags/product_pipeline_dag.py for tasks to queue
[2026-02-12T16:19:02.917+0000] {logging_mixin.py:188} INFO - [2026-02-12T16:19:02.915+0000] {dagbag.py:545} INFO - Filling up the DagBag from /opt/airflow/dags/product_pipeline_dag.py
[2026-02-12T16:19:03.000+0000] {processor.py:840} INFO - DAG(s) 'product_price_pipeline' retrieved from /opt/airflow/dags/product_pipeline_dag.py
[2026-02-12T16:19:03.073+0000] {logging_mixin.py:188} INFO - [2026-02-12T16:19:03.072+0000] {dag.py:3089} INFO - Sync 1 DAGs
[2026-02-12T16:19:03.118+0000] {logging_mixin.py:188} INFO - [2026-02-12T16:19:03.118+0000] {dag.py:3947} INFO - Setting next_dagrun for product_price_pipeline to 2026-02-12 00:00:00+00:00, run_after=2026-02-13 00:00:00+00:00
[2026-02-12T16:19:03.163+0000] {processor.py:183} INFO - Processing /opt/airflow/dags/product_pipeline_dag.py took 0.269 seconds
[2026-02-12T16:19:34.849+0000] {processor.py:161} INFO - Started process (PID=3298) to work on /opt/airflow/dags/product_pipeline_dag.py
[2026-02-12T16:19:34.852+0000] {processor.py:830} INFO - Processing file /opt/airflow/dags/product_pipeline_dag.py for tasks to queue
[2026-02-12T16:19:34.855+0000] {logging_mixin.py:188} INFO - [2026-02-12T16:19:34.855+0000] {dagbag.py:545} INFO - Filling up the DagBag from /opt/airflow/dags/product_pipeline_dag.py
[2026-02-12T16:19:34.900+0000] {processor.py:840} INFO - DAG(s) 'product_price_pipeline' retrieved from /opt/airflow/dags/product_pipeline_dag.py
[2026-02-12T16:19:34.944+0000] {logging_mixin.py:188} INFO - [2026-02-12T16:19:34.943+0000] {dag.py:3089} INFO - Sync 1 DAGs
[2026-02-12T16:19:34.971+0000] {logging_mixin.py:188} INFO - [2026-02-12T16:19:34.971+0000] {dag.py:3947} INFO - Setting next_dagrun for product_price_pipeline to 2026-02-12 00:00:00+00:00, run_after=2026-02-13 00:00:00+00:00
[2026-02-12T16:19:35.006+0000] {processor.py:183} INFO - Processing /opt/airflow/dags/product_pipeline_dag.py took 0.167 seconds
[2026-02-12T16:20:05.148+0000] {processor.py:161} INFO - Started process (PID=3327) to work on /opt/airflow/dags/product_pipeline_dag.py
[2026-02-12T16:20:05.151+0000] {processor.py:830} INFO - Processing file /opt/airflow/dags/product_pipeline_dag.py for tasks to queue
[2026-02-12T16:20:05.155+0000] {logging_mixin.py:188} INFO - [2026-02-12T16:20:05.155+0000] {dagbag.py:545} INFO - Filling up the DagBag from /opt/airflow/dags/product_pipeline_dag.py
[2026-02-12T16:20:05.211+0000] {processor.py:840} INFO - DAG(s) 'product_price_pipeline' retrieved from /opt/airflow/dags/product_pipeline_dag.py
[2026-02-12T16:20:05.315+0000] {logging_mixin.py:188} INFO - [2026-02-12T16:20:05.315+0000] {dag.py:3089} INFO - Sync 1 DAGs
[2026-02-12T16:20:05.394+0000] {logging_mixin.py:188} INFO - [2026-02-12T16:20:05.392+0000] {dag.py:3947} INFO - Setting next_dagrun for product_price_pipeline to 2026-02-12 00:00:00+00:00, run_after=2026-02-13 00:00:00+00:00
[2026-02-12T16:20:05.497+0000] {processor.py:183} INFO - Processing /opt/airflow/dags/product_pipeline_dag.py took 0.363 seconds
[2026-02-12T16:20:35.851+0000] {processor.py:161} INFO - Started process (PID=3356) to work on /opt/airflow/dags/product_pipeline_dag.py
[2026-02-12T16:20:35.854+0000] {processor.py:830} INFO - Processing file /opt/airflow/dags/product_pipeline_dag.py for tasks to queue
[2026-02-12T16:20:35.858+0000] {logging_mixin.py:188} INFO - [2026-02-12T16:20:35.858+0000] {dagbag.py:545} INFO - Filling up the DagBag from /opt/airflow/dags/product_pipeline_dag.py
[2026-02-12T16:20:35.939+0000] {processor.py:840} INFO - DAG(s) 'product_price_pipeline' retrieved from /opt/airflow/dags/product_pipeline_dag.py
[2026-02-12T16:20:36.012+0000] {logging_mixin.py:188} INFO - [2026-02-12T16:20:36.011+0000] {dag.py:3089} INFO - Sync 1 DAGs
[2026-02-12T16:20:36.053+0000] {logging_mixin.py:188} INFO - [2026-02-12T16:20:36.052+0000] {dag.py:3947} INFO - Setting next_dagrun for product_price_pipeline to 2026-02-12 00:00:00+00:00, run_after=2026-02-13 00:00:00+00:00
[2026-02-12T16:20:36.100+0000] {processor.py:183} INFO - Processing /opt/airflow/dags/product_pipeline_dag.py took 0.262 seconds
[2026-02-12T16:21:06.457+0000] {processor.py:161} INFO - Started process (PID=3385) to work on /opt/airflow/dags/product_pipeline_dag.py
[2026-02-12T16:21:06.459+0000] {processor.py:830} INFO - Processing file /opt/airflow/dags/product_pipeline_dag.py for tasks to queue
[2026-02-12T16:21:06.462+0000] {logging_mixin.py:188} INFO - [2026-02-12T16:21:06.461+0000] {dagbag.py:545} INFO - Filling up the DagBag from /opt/airflow/dags/product_pipeline_dag.py
[2026-02-12T16:21:06.512+0000] {processor.py:840} INFO - DAG(s) 'product_price_pipeline' retrieved from /opt/airflow/dags/product_pipeline_dag.py
[2026-02-12T16:21:06.577+0000] {logging_mixin.py:188} INFO - [2026-02-12T16:21:06.577+0000] {dag.py:3089} INFO - Sync 1 DAGs
[2026-02-12T16:21:06.616+0000] {logging_mixin.py:188} INFO - [2026-02-12T16:21:06.616+0000] {dag.py:3947} INFO - Setting next_dagrun for product_price_pipeline to 2026-02-12 00:00:00+00:00, run_after=2026-02-13 00:00:00+00:00
[2026-02-12T16:21:06.664+0000] {processor.py:183} INFO - Processing /opt/airflow/dags/product_pipeline_dag.py took 0.216 seconds
[2026-02-12T16:21:37.399+0000] {processor.py:161} INFO - Started process (PID=3414) to work on /opt/airflow/dags/product_pipeline_dag.py
[2026-02-12T16:21:37.403+0000] {processor.py:830} INFO - Processing file /opt/airflow/dags/product_pipeline_dag.py for tasks to queue
[2026-02-12T16:21:37.408+0000] {logging_mixin.py:188} INFO - [2026-02-12T16:21:37.408+0000] {dagbag.py:545} INFO - Filling up the DagBag from /opt/airflow/dags/product_pipeline_dag.py
[2026-02-12T16:21:37.509+0000] {processor.py:840} INFO - DAG(s) 'product_price_pipeline' retrieved from /opt/airflow/dags/product_pipeline_dag.py
[2026-02-12T16:21:37.574+0000] {logging_mixin.py:188} INFO - [2026-02-12T16:21:37.573+0000] {dag.py:3089} INFO - Sync 1 DAGs
[2026-02-12T16:21:37.618+0000] {logging_mixin.py:188} INFO - [2026-02-12T16:21:37.617+0000] {dag.py:3947} INFO - Setting next_dagrun for product_price_pipeline to 2026-02-12 00:00:00+00:00, run_after=2026-02-13 00:00:00+00:00
[2026-02-12T16:21:37.654+0000] {processor.py:183} INFO - Processing /opt/airflow/dags/product_pipeline_dag.py took 0.271 seconds
[2026-02-12T16:22:07.949+0000] {processor.py:161} INFO - Started process (PID=3443) to work on /opt/airflow/dags/product_pipeline_dag.py
[2026-02-12T16:22:07.951+0000] {processor.py:830} INFO - Processing file /opt/airflow/dags/product_pipeline_dag.py for tasks to queue
[2026-02-12T16:22:07.956+0000] {logging_mixin.py:188} INFO - [2026-02-12T16:22:07.955+0000] {dagbag.py:545} INFO - Filling up the DagBag from /opt/airflow/dags/product_pipeline_dag.py
[2026-02-12T16:22:07.993+0000] {processor.py:840} INFO - DAG(s) 'product_price_pipeline' retrieved from /opt/airflow/dags/product_pipeline_dag.py
[2026-02-12T16:22:08.052+0000] {logging_mixin.py:188} INFO - [2026-02-12T16:22:08.052+0000] {dag.py:3089} INFO - Sync 1 DAGs
[2026-02-12T16:22:08.089+0000] {logging_mixin.py:188} INFO - [2026-02-12T16:22:08.089+0000] {dag.py:3947} INFO - Setting next_dagrun for product_price_pipeline to 2026-02-12 00:00:00+00:00, run_after=2026-02-13 00:00:00+00:00
[2026-02-12T16:22:08.245+0000] {processor.py:183} INFO - Processing /opt/airflow/dags/product_pipeline_dag.py took 0.310 seconds
[2026-02-12T16:22:39.298+0000] {processor.py:161} INFO - Started process (PID=3472) to work on /opt/airflow/dags/product_pipeline_dag.py
[2026-02-12T16:22:39.299+0000] {processor.py:830} INFO - Processing file /opt/airflow/dags/product_pipeline_dag.py for tasks to queue
[2026-02-12T16:22:39.303+0000] {logging_mixin.py:188} INFO - [2026-02-12T16:22:39.302+0000] {dagbag.py:545} INFO - Filling up the DagBag from /opt/airflow/dags/product_pipeline_dag.py
[2026-02-12T16:22:39.354+0000] {processor.py:840} INFO - DAG(s) 'product_price_pipeline' retrieved from /opt/airflow/dags/product_pipeline_dag.py
[2026-02-12T16:22:39.416+0000] {logging_mixin.py:188} INFO - [2026-02-12T16:22:39.416+0000] {dag.py:3089} INFO - Sync 1 DAGs
[2026-02-12T16:22:39.459+0000] {logging_mixin.py:188} INFO - [2026-02-12T16:22:39.459+0000] {dag.py:3947} INFO - Setting next_dagrun for product_price_pipeline to 2026-02-12 00:00:00+00:00, run_after=2026-02-13 00:00:00+00:00
[2026-02-12T16:22:39.497+0000] {processor.py:183} INFO - Processing /opt/airflow/dags/product_pipeline_dag.py took 0.209 seconds
[2026-02-12T16:23:10.008+0000] {processor.py:161} INFO - Started process (PID=3501) to work on /opt/airflow/dags/product_pipeline_dag.py
[2026-02-12T16:23:10.010+0000] {processor.py:830} INFO - Processing file /opt/airflow/dags/product_pipeline_dag.py for tasks to queue
[2026-02-12T16:23:10.013+0000] {logging_mixin.py:188} INFO - [2026-02-12T16:23:10.013+0000] {dagbag.py:545} INFO - Filling up the DagBag from /opt/airflow/dags/product_pipeline_dag.py
[2026-02-12T16:23:10.058+0000] {processor.py:840} INFO - DAG(s) 'product_price_pipeline' retrieved from /opt/airflow/dags/product_pipeline_dag.py
[2026-02-12T16:23:10.121+0000] {logging_mixin.py:188} INFO - [2026-02-12T16:23:10.121+0000] {dag.py:3089} INFO - Sync 1 DAGs
[2026-02-12T16:23:10.157+0000] {logging_mixin.py:188} INFO - [2026-02-12T16:23:10.157+0000] {dag.py:3947} INFO - Setting next_dagrun for product_price_pipeline to 2026-02-12 00:00:00+00:00, run_after=2026-02-13 00:00:00+00:00
[2026-02-12T16:23:10.191+0000] {processor.py:183} INFO - Processing /opt/airflow/dags/product_pipeline_dag.py took 0.195 seconds
[2026-02-12T16:23:40.331+0000] {processor.py:161} INFO - Started process (PID=3528) to work on /opt/airflow/dags/product_pipeline_dag.py
[2026-02-12T16:23:40.333+0000] {processor.py:830} INFO - Processing file /opt/airflow/dags/product_pipeline_dag.py for tasks to queue
[2026-02-12T16:23:40.337+0000] {logging_mixin.py:188} INFO - [2026-02-12T16:23:40.336+0000] {dagbag.py:545} INFO - Filling up the DagBag from /opt/airflow/dags/product_pipeline_dag.py
[2026-02-12T16:23:40.395+0000] {processor.py:840} INFO - DAG(s) 'product_price_pipeline' retrieved from /opt/airflow/dags/product_pipeline_dag.py
[2026-02-12T16:23:40.471+0000] {logging_mixin.py:188} INFO - [2026-02-12T16:23:40.471+0000] {dag.py:3089} INFO - Sync 1 DAGs
[2026-02-12T16:23:40.532+0000] {logging_mixin.py:188} INFO - [2026-02-12T16:23:40.532+0000] {dag.py:3947} INFO - Setting next_dagrun for product_price_pipeline to 2026-02-12 00:00:00+00:00, run_after=2026-02-13 00:00:00+00:00
[2026-02-12T16:23:40.586+0000] {processor.py:183} INFO - Processing /opt/airflow/dags/product_pipeline_dag.py took 0.273 seconds
[2026-02-12T16:24:11.196+0000] {processor.py:161} INFO - Started process (PID=3553) to work on /opt/airflow/dags/product_pipeline_dag.py
[2026-02-12T16:24:11.200+0000] {processor.py:830} INFO - Processing file /opt/airflow/dags/product_pipeline_dag.py for tasks to queue
[2026-02-12T16:24:11.209+0000] {logging_mixin.py:188} INFO - [2026-02-12T16:24:11.207+0000] {dagbag.py:545} INFO - Filling up the DagBag from /opt/airflow/dags/product_pipeline_dag.py
[2026-02-12T16:24:11.301+0000] {processor.py:840} INFO - DAG(s) 'product_price_pipeline' retrieved from /opt/airflow/dags/product_pipeline_dag.py
[2026-02-12T16:24:11.384+0000] {logging_mixin.py:188} INFO - [2026-02-12T16:24:11.384+0000] {dag.py:3089} INFO - Sync 1 DAGs
[2026-02-12T16:24:11.439+0000] {logging_mixin.py:188} INFO - [2026-02-12T16:24:11.439+0000] {dag.py:3947} INFO - Setting next_dagrun for product_price_pipeline to 2026-02-12 00:00:00+00:00, run_after=2026-02-13 00:00:00+00:00
[2026-02-12T16:24:11.476+0000] {processor.py:183} INFO - Processing /opt/airflow/dags/product_pipeline_dag.py took 0.301 seconds
[2026-02-12T16:28:34.611+0000] {processor.py:161} INFO - Started process (PID=3592) to work on /opt/airflow/dags/product_pipeline_dag.py
[2026-02-12T16:28:34.615+0000] {processor.py:830} INFO - Processing file /opt/airflow/dags/product_pipeline_dag.py for tasks to queue
[2026-02-12T16:28:34.619+0000] {logging_mixin.py:188} INFO - [2026-02-12T16:28:34.619+0000] {dagbag.py:545} INFO - Filling up the DagBag from /opt/airflow/dags/product_pipeline_dag.py
[2026-02-12T16:28:34.720+0000] {processor.py:840} INFO - DAG(s) 'product_price_pipeline' retrieved from /opt/airflow/dags/product_pipeline_dag.py
[2026-02-12T16:28:34.868+0000] {logging_mixin.py:188} INFO - [2026-02-12T16:28:34.865+0000] {dag.py:3089} INFO - Sync 1 DAGs
[2026-02-12T16:28:34.961+0000] {logging_mixin.py:188} INFO - [2026-02-12T16:28:34.961+0000] {dag.py:3947} INFO - Setting next_dagrun for product_price_pipeline to 2026-02-12 00:00:00+00:00, run_after=2026-02-13 00:00:00+00:00
[2026-02-12T16:28:34.999+0000] {processor.py:183} INFO - Processing /opt/airflow/dags/product_pipeline_dag.py took 0.401 seconds
[2026-02-12T16:29:06.395+0000] {processor.py:161} INFO - Started process (PID=3621) to work on /opt/airflow/dags/product_pipeline_dag.py
[2026-02-12T16:29:06.397+0000] {processor.py:830} INFO - Processing file /opt/airflow/dags/product_pipeline_dag.py for tasks to queue
[2026-02-12T16:29:06.401+0000] {logging_mixin.py:188} INFO - [2026-02-12T16:29:06.400+0000] {dagbag.py:545} INFO - Filling up the DagBag from /opt/airflow/dags/product_pipeline_dag.py
[2026-02-12T16:29:06.460+0000] {processor.py:840} INFO - DAG(s) 'product_price_pipeline' retrieved from /opt/airflow/dags/product_pipeline_dag.py
[2026-02-12T16:29:06.519+0000] {logging_mixin.py:188} INFO - [2026-02-12T16:29:06.518+0000] {dag.py:3089} INFO - Sync 1 DAGs
[2026-02-12T16:29:06.557+0000] {logging_mixin.py:188} INFO - [2026-02-12T16:29:06.556+0000] {dag.py:3947} INFO - Setting next_dagrun for product_price_pipeline to 2026-02-12 00:00:00+00:00, run_after=2026-02-13 00:00:00+00:00
[2026-02-12T16:29:06.609+0000] {processor.py:183} INFO - Processing /opt/airflow/dags/product_pipeline_dag.py took 0.226 seconds
[2026-02-12T16:29:39.210+0000] {processor.py:161} INFO - Started process (PID=3652) to work on /opt/airflow/dags/product_pipeline_dag.py
[2026-02-12T16:29:39.213+0000] {processor.py:830} INFO - Processing file /opt/airflow/dags/product_pipeline_dag.py for tasks to queue
[2026-02-12T16:29:39.222+0000] {logging_mixin.py:188} INFO - [2026-02-12T16:29:39.221+0000] {dagbag.py:545} INFO - Filling up the DagBag from /opt/airflow/dags/product_pipeline_dag.py
[2026-02-12T16:29:39.296+0000] {processor.py:840} INFO - DAG(s) 'product_price_pipeline' retrieved from /opt/airflow/dags/product_pipeline_dag.py
[2026-02-12T16:29:39.375+0000] {logging_mixin.py:188} INFO - [2026-02-12T16:29:39.374+0000] {dag.py:3089} INFO - Sync 1 DAGs
[2026-02-12T16:29:39.449+0000] {logging_mixin.py:188} INFO - [2026-02-12T16:29:39.449+0000] {dag.py:3947} INFO - Setting next_dagrun for product_price_pipeline to 2026-02-12 00:00:00+00:00, run_after=2026-02-13 00:00:00+00:00
[2026-02-12T16:29:39.496+0000] {processor.py:183} INFO - Processing /opt/airflow/dags/product_pipeline_dag.py took 0.299 seconds
[2026-02-12T16:30:11.277+0000] {processor.py:161} INFO - Started process (PID=3679) to work on /opt/airflow/dags/product_pipeline_dag.py
[2026-02-12T16:30:11.280+0000] {processor.py:830} INFO - Processing file /opt/airflow/dags/product_pipeline_dag.py for tasks to queue
[2026-02-12T16:30:11.284+0000] {logging_mixin.py:188} INFO - [2026-02-12T16:30:11.283+0000] {dagbag.py:545} INFO - Filling up the DagBag from /opt/airflow/dags/product_pipeline_dag.py
[2026-02-12T16:30:11.360+0000] {processor.py:840} INFO - DAG(s) 'product_price_pipeline' retrieved from /opt/airflow/dags/product_pipeline_dag.py
[2026-02-12T16:30:11.441+0000] {logging_mixin.py:188} INFO - [2026-02-12T16:30:11.438+0000] {dag.py:3089} INFO - Sync 1 DAGs
[2026-02-12T16:30:11.490+0000] {logging_mixin.py:188} INFO - [2026-02-12T16:30:11.489+0000] {dag.py:3947} INFO - Setting next_dagrun for product_price_pipeline to 2026-02-12 00:00:00+00:00, run_after=2026-02-13 00:00:00+00:00
[2026-02-12T16:30:11.552+0000] {processor.py:183} INFO - Processing /opt/airflow/dags/product_pipeline_dag.py took 0.287 seconds
[2026-02-12T16:30:42.827+0000] {processor.py:161} INFO - Started process (PID=3708) to work on /opt/airflow/dags/product_pipeline_dag.py
[2026-02-12T16:30:42.830+0000] {processor.py:830} INFO - Processing file /opt/airflow/dags/product_pipeline_dag.py for tasks to queue
[2026-02-12T16:30:42.836+0000] {logging_mixin.py:188} INFO - [2026-02-12T16:30:42.835+0000] {dagbag.py:545} INFO - Filling up the DagBag from /opt/airflow/dags/product_pipeline_dag.py
[2026-02-12T16:30:42.893+0000] {processor.py:840} INFO - DAG(s) 'product_price_pipeline' retrieved from /opt/airflow/dags/product_pipeline_dag.py
[2026-02-12T16:30:42.958+0000] {logging_mixin.py:188} INFO - [2026-02-12T16:30:42.958+0000] {dag.py:3089} INFO - Sync 1 DAGs
[2026-02-12T16:30:43.004+0000] {logging_mixin.py:188} INFO - [2026-02-12T16:30:43.004+0000] {dag.py:3947} INFO - Setting next_dagrun for product_price_pipeline to 2026-02-12 00:00:00+00:00, run_after=2026-02-13 00:00:00+00:00
[2026-02-12T16:30:43.046+0000] {processor.py:183} INFO - Processing /opt/airflow/dags/product_pipeline_dag.py took 0.230 seconds
[2026-02-12T16:31:14.034+0000] {processor.py:161} INFO - Started process (PID=3731) to work on /opt/airflow/dags/product_pipeline_dag.py
[2026-02-12T16:31:14.036+0000] {processor.py:830} INFO - Processing file /opt/airflow/dags/product_pipeline_dag.py for tasks to queue
[2026-02-12T16:31:14.040+0000] {logging_mixin.py:188} INFO - [2026-02-12T16:31:14.040+0000] {dagbag.py:545} INFO - Filling up the DagBag from /opt/airflow/dags/product_pipeline_dag.py
[2026-02-12T16:31:14.098+0000] {processor.py:840} INFO - DAG(s) 'product_price_pipeline' retrieved from /opt/airflow/dags/product_pipeline_dag.py
[2026-02-12T16:31:14.156+0000] {logging_mixin.py:188} INFO - [2026-02-12T16:31:14.156+0000] {dag.py:3089} INFO - Sync 1 DAGs
[2026-02-12T16:31:14.197+0000] {logging_mixin.py:188} INFO - [2026-02-12T16:31:14.197+0000] {dag.py:3947} INFO - Setting next_dagrun for product_price_pipeline to 2026-02-12 00:00:00+00:00, run_after=2026-02-13 00:00:00+00:00
[2026-02-12T16:31:14.241+0000] {processor.py:183} INFO - Processing /opt/airflow/dags/product_pipeline_dag.py took 0.219 seconds
[2026-02-12T16:31:45.933+0000] {processor.py:161} INFO - Started process (PID=3760) to work on /opt/airflow/dags/product_pipeline_dag.py
[2026-02-12T16:31:45.935+0000] {processor.py:830} INFO - Processing file /opt/airflow/dags/product_pipeline_dag.py for tasks to queue
[2026-02-12T16:31:45.939+0000] {logging_mixin.py:188} INFO - [2026-02-12T16:31:45.938+0000] {dagbag.py:545} INFO - Filling up the DagBag from /opt/airflow/dags/product_pipeline_dag.py
[2026-02-12T16:31:45.991+0000] {processor.py:840} INFO - DAG(s) 'product_price_pipeline' retrieved from /opt/airflow/dags/product_pipeline_dag.py
[2026-02-12T16:31:46.048+0000] {logging_mixin.py:188} INFO - [2026-02-12T16:31:46.047+0000] {dag.py:3089} INFO - Sync 1 DAGs
[2026-02-12T16:31:46.089+0000] {logging_mixin.py:188} INFO - [2026-02-12T16:31:46.089+0000] {dag.py:3947} INFO - Setting next_dagrun for product_price_pipeline to 2026-02-12 00:00:00+00:00, run_after=2026-02-13 00:00:00+00:00
[2026-02-12T16:31:46.122+0000] {processor.py:183} INFO - Processing /opt/airflow/dags/product_pipeline_dag.py took 0.197 seconds
[2026-02-12T16:35:14.702+0000] {processor.py:161} INFO - Started process (PID=3795) to work on /opt/airflow/dags/product_pipeline_dag.py
[2026-02-12T16:35:14.705+0000] {processor.py:830} INFO - Processing file /opt/airflow/dags/product_pipeline_dag.py for tasks to queue
[2026-02-12T16:35:14.709+0000] {logging_mixin.py:188} INFO - [2026-02-12T16:35:14.708+0000] {dagbag.py:545} INFO - Filling up the DagBag from /opt/airflow/dags/product_pipeline_dag.py
[2026-02-12T16:35:14.816+0000] {processor.py:840} INFO - DAG(s) 'product_price_pipeline' retrieved from /opt/airflow/dags/product_pipeline_dag.py
[2026-02-12T16:35:14.953+0000] {logging_mixin.py:188} INFO - [2026-02-12T16:35:14.953+0000] {dag.py:3089} INFO - Sync 1 DAGs
[2026-02-12T16:35:15.037+0000] {logging_mixin.py:188} INFO - [2026-02-12T16:35:15.037+0000] {dag.py:3947} INFO - Setting next_dagrun for product_price_pipeline to 2026-02-12 00:00:00+00:00, run_after=2026-02-13 00:00:00+00:00
[2026-02-12T16:35:15.101+0000] {processor.py:183} INFO - Processing /opt/airflow/dags/product_pipeline_dag.py took 0.409 seconds
[2026-02-12T16:35:46.305+0000] {processor.py:161} INFO - Started process (PID=3824) to work on /opt/airflow/dags/product_pipeline_dag.py
[2026-02-12T16:35:46.307+0000] {processor.py:830} INFO - Processing file /opt/airflow/dags/product_pipeline_dag.py for tasks to queue
[2026-02-12T16:35:46.314+0000] {logging_mixin.py:188} INFO - [2026-02-12T16:35:46.313+0000] {dagbag.py:545} INFO - Filling up the DagBag from /opt/airflow/dags/product_pipeline_dag.py
[2026-02-12T16:35:46.381+0000] {processor.py:840} INFO - DAG(s) 'product_price_pipeline' retrieved from /opt/airflow/dags/product_pipeline_dag.py
[2026-02-12T16:35:46.441+0000] {logging_mixin.py:188} INFO - [2026-02-12T16:35:46.440+0000] {dag.py:3089} INFO - Sync 1 DAGs
[2026-02-12T16:35:46.477+0000] {logging_mixin.py:188} INFO - [2026-02-12T16:35:46.477+0000] {dag.py:3947} INFO - Setting next_dagrun for product_price_pipeline to 2026-02-12 00:00:00+00:00, run_after=2026-02-13 00:00:00+00:00
[2026-02-12T16:35:46.532+0000] {processor.py:183} INFO - Processing /opt/airflow/dags/product_pipeline_dag.py took 0.239 seconds
[2026-02-12T16:36:17.537+0000] {processor.py:161} INFO - Started process (PID=3852) to work on /opt/airflow/dags/product_pipeline_dag.py
[2026-02-12T16:36:17.545+0000] {processor.py:830} INFO - Processing file /opt/airflow/dags/product_pipeline_dag.py for tasks to queue
[2026-02-12T16:36:17.566+0000] {logging_mixin.py:188} INFO - [2026-02-12T16:36:17.563+0000] {dagbag.py:545} INFO - Filling up the DagBag from /opt/airflow/dags/product_pipeline_dag.py
[2026-02-12T16:36:17.691+0000] {processor.py:840} INFO - DAG(s) 'product_price_pipeline' retrieved from /opt/airflow/dags/product_pipeline_dag.py
[2026-02-12T16:36:17.779+0000] {logging_mixin.py:188} INFO - [2026-02-12T16:36:17.779+0000] {dag.py:3089} INFO - Sync 1 DAGs
[2026-02-12T16:36:17.835+0000] {logging_mixin.py:188} INFO - [2026-02-12T16:36:17.834+0000] {dag.py:3947} INFO - Setting next_dagrun for product_price_pipeline to 2026-02-12 00:00:00+00:00, run_after=2026-02-13 00:00:00+00:00
[2026-02-12T16:36:17.900+0000] {processor.py:183} INFO - Processing /opt/airflow/dags/product_pipeline_dag.py took 0.381 seconds
[2026-02-12T16:36:48.999+0000] {processor.py:161} INFO - Started process (PID=3876) to work on /opt/airflow/dags/product_pipeline_dag.py
[2026-02-12T16:36:49.002+0000] {processor.py:830} INFO - Processing file /opt/airflow/dags/product_pipeline_dag.py for tasks to queue
[2026-02-12T16:36:49.007+0000] {logging_mixin.py:188} INFO - [2026-02-12T16:36:49.006+0000] {dagbag.py:545} INFO - Filling up the DagBag from /opt/airflow/dags/product_pipeline_dag.py
[2026-02-12T16:36:49.064+0000] {processor.py:840} INFO - DAG(s) 'product_price_pipeline' retrieved from /opt/airflow/dags/product_pipeline_dag.py
[2026-02-12T16:36:49.120+0000] {logging_mixin.py:188} INFO - [2026-02-12T16:36:49.120+0000] {dag.py:3089} INFO - Sync 1 DAGs
[2026-02-12T16:36:49.161+0000] {logging_mixin.py:188} INFO - [2026-02-12T16:36:49.160+0000] {dag.py:3947} INFO - Setting next_dagrun for product_price_pipeline to 2026-02-12 00:00:00+00:00, run_after=2026-02-13 00:00:00+00:00
[2026-02-12T16:36:49.198+0000] {processor.py:183} INFO - Processing /opt/airflow/dags/product_pipeline_dag.py took 0.210 seconds
[2026-02-12T16:37:20.266+0000] {processor.py:161} INFO - Started process (PID=3905) to work on /opt/airflow/dags/product_pipeline_dag.py
[2026-02-12T16:37:20.269+0000] {processor.py:830} INFO - Processing file /opt/airflow/dags/product_pipeline_dag.py for tasks to queue
[2026-02-12T16:37:20.273+0000] {logging_mixin.py:188} INFO - [2026-02-12T16:37:20.272+0000] {dagbag.py:545} INFO - Filling up the DagBag from /opt/airflow/dags/product_pipeline_dag.py
[2026-02-12T16:37:20.330+0000] {processor.py:840} INFO - DAG(s) 'product_price_pipeline' retrieved from /opt/airflow/dags/product_pipeline_dag.py
[2026-02-12T16:37:20.394+0000] {logging_mixin.py:188} INFO - [2026-02-12T16:37:20.393+0000] {dag.py:3089} INFO - Sync 1 DAGs
[2026-02-12T16:37:20.439+0000] {logging_mixin.py:188} INFO - [2026-02-12T16:37:20.439+0000] {dag.py:3947} INFO - Setting next_dagrun for product_price_pipeline to 2026-02-12 00:00:00+00:00, run_after=2026-02-13 00:00:00+00:00
[2026-02-12T16:37:20.503+0000] {processor.py:183} INFO - Processing /opt/airflow/dags/product_pipeline_dag.py took 0.249 seconds
[2026-02-12T16:37:50.697+0000] {processor.py:161} INFO - Started process (PID=3927) to work on /opt/airflow/dags/product_pipeline_dag.py
[2026-02-12T16:37:50.700+0000] {processor.py:830} INFO - Processing file /opt/airflow/dags/product_pipeline_dag.py for tasks to queue
[2026-02-12T16:37:50.703+0000] {logging_mixin.py:188} INFO - [2026-02-12T16:37:50.703+0000] {dagbag.py:545} INFO - Filling up the DagBag from /opt/airflow/dags/product_pipeline_dag.py
[2026-02-12T16:37:50.758+0000] {processor.py:840} INFO - DAG(s) 'product_price_pipeline' retrieved from /opt/airflow/dags/product_pipeline_dag.py
[2026-02-12T16:37:50.816+0000] {logging_mixin.py:188} INFO - [2026-02-12T16:37:50.815+0000] {dag.py:3089} INFO - Sync 1 DAGs
[2026-02-12T16:37:50.857+0000] {logging_mixin.py:188} INFO - [2026-02-12T16:37:50.856+0000] {dag.py:3947} INFO - Setting next_dagrun for product_price_pipeline to 2026-02-12 00:00:00+00:00, run_after=2026-02-13 00:00:00+00:00
[2026-02-12T16:37:50.895+0000] {processor.py:183} INFO - Processing /opt/airflow/dags/product_pipeline_dag.py took 0.210 seconds
[2026-02-12T16:38:21.084+0000] {processor.py:161} INFO - Started process (PID=3950) to work on /opt/airflow/dags/product_pipeline_dag.py
[2026-02-12T16:38:21.086+0000] {processor.py:830} INFO - Processing file /opt/airflow/dags/product_pipeline_dag.py for tasks to queue
[2026-02-12T16:38:21.090+0000] {logging_mixin.py:188} INFO - [2026-02-12T16:38:21.090+0000] {dagbag.py:545} INFO - Filling up the DagBag from /opt/airflow/dags/product_pipeline_dag.py
[2026-02-12T16:38:21.148+0000] {processor.py:840} INFO - DAG(s) 'product_price_pipeline' retrieved from /opt/airflow/dags/product_pipeline_dag.py
[2026-02-12T16:38:21.216+0000] {logging_mixin.py:188} INFO - [2026-02-12T16:38:21.216+0000] {dag.py:3089} INFO - Sync 1 DAGs
[2026-02-12T16:38:21.267+0000] {logging_mixin.py:188} INFO - [2026-02-12T16:38:21.267+0000] {dag.py:3947} INFO - Setting next_dagrun for product_price_pipeline to 2026-02-12 00:00:00+00:00, run_after=2026-02-13 00:00:00+00:00
[2026-02-12T16:38:21.309+0000] {processor.py:183} INFO - Processing /opt/airflow/dags/product_pipeline_dag.py took 0.234 seconds
[2026-02-12T16:38:51.884+0000] {processor.py:161} INFO - Started process (PID=3976) to work on /opt/airflow/dags/product_pipeline_dag.py
[2026-02-12T16:38:51.886+0000] {processor.py:830} INFO - Processing file /opt/airflow/dags/product_pipeline_dag.py for tasks to queue
[2026-02-12T16:38:51.890+0000] {logging_mixin.py:188} INFO - [2026-02-12T16:38:51.890+0000] {dagbag.py:545} INFO - Filling up the DagBag from /opt/airflow/dags/product_pipeline_dag.py
[2026-02-12T16:38:51.952+0000] {processor.py:840} INFO - DAG(s) 'product_price_pipeline' retrieved from /opt/airflow/dags/product_pipeline_dag.py
[2026-02-12T16:38:52.019+0000] {logging_mixin.py:188} INFO - [2026-02-12T16:38:52.018+0000] {dag.py:3089} INFO - Sync 1 DAGs
[2026-02-12T16:38:52.064+0000] {logging_mixin.py:188} INFO - [2026-02-12T16:38:52.063+0000] {dag.py:3947} INFO - Setting next_dagrun for product_price_pipeline to 2026-02-12 00:00:00+00:00, run_after=2026-02-13 00:00:00+00:00
[2026-02-12T16:38:52.099+0000] {processor.py:183} INFO - Processing /opt/airflow/dags/product_pipeline_dag.py took 0.226 seconds
[2026-02-12T16:39:23.014+0000] {processor.py:161} INFO - Started process (PID=4005) to work on /opt/airflow/dags/product_pipeline_dag.py
[2026-02-12T16:39:23.016+0000] {processor.py:830} INFO - Processing file /opt/airflow/dags/product_pipeline_dag.py for tasks to queue
[2026-02-12T16:39:23.023+0000] {logging_mixin.py:188} INFO - [2026-02-12T16:39:23.022+0000] {dagbag.py:545} INFO - Filling up the DagBag from /opt/airflow/dags/product_pipeline_dag.py
[2026-02-12T16:39:23.072+0000] {processor.py:840} INFO - DAG(s) 'product_price_pipeline' retrieved from /opt/airflow/dags/product_pipeline_dag.py
[2026-02-12T16:39:23.135+0000] {logging_mixin.py:188} INFO - [2026-02-12T16:39:23.135+0000] {dag.py:3089} INFO - Sync 1 DAGs
[2026-02-12T16:39:23.178+0000] {logging_mixin.py:188} INFO - [2026-02-12T16:39:23.178+0000] {dag.py:3947} INFO - Setting next_dagrun for product_price_pipeline to 2026-02-12 00:00:00+00:00, run_after=2026-02-13 00:00:00+00:00
[2026-02-12T16:39:23.212+0000] {processor.py:183} INFO - Processing /opt/airflow/dags/product_pipeline_dag.py took 0.223 seconds
[2026-02-12T16:39:54.209+0000] {processor.py:161} INFO - Started process (PID=4034) to work on /opt/airflow/dags/product_pipeline_dag.py
[2026-02-12T16:39:54.213+0000] {processor.py:830} INFO - Processing file /opt/airflow/dags/product_pipeline_dag.py for tasks to queue
[2026-02-12T16:39:54.222+0000] {logging_mixin.py:188} INFO - [2026-02-12T16:39:54.221+0000] {dagbag.py:545} INFO - Filling up the DagBag from /opt/airflow/dags/product_pipeline_dag.py
[2026-02-12T16:39:54.339+0000] {processor.py:840} INFO - DAG(s) 'product_price_pipeline' retrieved from /opt/airflow/dags/product_pipeline_dag.py
[2026-02-12T16:39:54.500+0000] {logging_mixin.py:188} INFO - [2026-02-12T16:39:54.500+0000] {dag.py:3089} INFO - Sync 1 DAGs
[2026-02-12T16:39:54.583+0000] {logging_mixin.py:188} INFO - [2026-02-12T16:39:54.582+0000] {dag.py:3947} INFO - Setting next_dagrun for product_price_pipeline to 2026-02-12 00:00:00+00:00, run_after=2026-02-13 00:00:00+00:00
[2026-02-12T16:39:54.650+0000] {processor.py:183} INFO - Processing /opt/airflow/dags/product_pipeline_dag.py took 0.455 seconds
[2026-02-12T16:40:25.136+0000] {processor.py:161} INFO - Started process (PID=4063) to work on /opt/airflow/dags/product_pipeline_dag.py
[2026-02-12T16:40:25.138+0000] {processor.py:830} INFO - Processing file /opt/airflow/dags/product_pipeline_dag.py for tasks to queue
[2026-02-12T16:40:25.143+0000] {logging_mixin.py:188} INFO - [2026-02-12T16:40:25.142+0000] {dagbag.py:545} INFO - Filling up the DagBag from /opt/airflow/dags/product_pipeline_dag.py
[2026-02-12T16:40:25.193+0000] {processor.py:840} INFO - DAG(s) 'product_price_pipeline' retrieved from /opt/airflow/dags/product_pipeline_dag.py
[2026-02-12T16:40:25.254+0000] {logging_mixin.py:188} INFO - [2026-02-12T16:40:25.254+0000] {dag.py:3089} INFO - Sync 1 DAGs
[2026-02-12T16:40:25.290+0000] {logging_mixin.py:188} INFO - [2026-02-12T16:40:25.290+0000] {dag.py:3947} INFO - Setting next_dagrun for product_price_pipeline to 2026-02-12 00:00:00+00:00, run_after=2026-02-13 00:00:00+00:00
[2026-02-12T16:40:25.324+0000] {processor.py:183} INFO - Processing /opt/airflow/dags/product_pipeline_dag.py took 0.202 seconds
[2026-02-12T16:40:56.145+0000] {processor.py:161} INFO - Started process (PID=4092) to work on /opt/airflow/dags/product_pipeline_dag.py
[2026-02-12T16:40:56.147+0000] {processor.py:830} INFO - Processing file /opt/airflow/dags/product_pipeline_dag.py for tasks to queue
[2026-02-12T16:40:56.151+0000] {logging_mixin.py:188} INFO - [2026-02-12T16:40:56.150+0000] {dagbag.py:545} INFO - Filling up the DagBag from /opt/airflow/dags/product_pipeline_dag.py
[2026-02-12T16:40:56.204+0000] {processor.py:840} INFO - DAG(s) 'product_price_pipeline' retrieved from /opt/airflow/dags/product_pipeline_dag.py
[2026-02-12T16:40:56.259+0000] {logging_mixin.py:188} INFO - [2026-02-12T16:40:56.258+0000] {dag.py:3089} INFO - Sync 1 DAGs
[2026-02-12T16:40:56.307+0000] {logging_mixin.py:188} INFO - [2026-02-12T16:40:56.307+0000] {dag.py:3947} INFO - Setting next_dagrun for product_price_pipeline to 2026-02-12 00:00:00+00:00, run_after=2026-02-13 00:00:00+00:00
[2026-02-12T16:40:56.346+0000] {processor.py:183} INFO - Processing /opt/airflow/dags/product_pipeline_dag.py took 0.211 seconds
[2026-02-12T16:41:27.074+0000] {processor.py:161} INFO - Started process (PID=4121) to work on /opt/airflow/dags/product_pipeline_dag.py
[2026-02-12T16:41:27.077+0000] {processor.py:830} INFO - Processing file /opt/airflow/dags/product_pipeline_dag.py for tasks to queue
[2026-02-12T16:41:27.081+0000] {logging_mixin.py:188} INFO - [2026-02-12T16:41:27.081+0000] {dagbag.py:545} INFO - Filling up the DagBag from /opt/airflow/dags/product_pipeline_dag.py
[2026-02-12T16:41:27.133+0000] {processor.py:840} INFO - DAG(s) 'product_price_pipeline' retrieved from /opt/airflow/dags/product_pipeline_dag.py
[2026-02-12T16:41:27.198+0000] {logging_mixin.py:188} INFO - [2026-02-12T16:41:27.198+0000] {dag.py:3089} INFO - Sync 1 DAGs
[2026-02-12T16:41:27.247+0000] {logging_mixin.py:188} INFO - [2026-02-12T16:41:27.247+0000] {dag.py:3947} INFO - Setting next_dagrun for product_price_pipeline to 2026-02-12 00:00:00+00:00, run_after=2026-02-13 00:00:00+00:00
[2026-02-12T16:41:27.290+0000] {processor.py:183} INFO - Processing /opt/airflow/dags/product_pipeline_dag.py took 0.231 seconds
[2026-02-12T16:41:57.403+0000] {processor.py:161} INFO - Started process (PID=4150) to work on /opt/airflow/dags/product_pipeline_dag.py
[2026-02-12T16:41:57.405+0000] {processor.py:830} INFO - Processing file /opt/airflow/dags/product_pipeline_dag.py for tasks to queue
[2026-02-12T16:41:57.409+0000] {logging_mixin.py:188} INFO - [2026-02-12T16:41:57.408+0000] {dagbag.py:545} INFO - Filling up the DagBag from /opt/airflow/dags/product_pipeline_dag.py
[2026-02-12T16:41:57.467+0000] {processor.py:840} INFO - DAG(s) 'product_price_pipeline' retrieved from /opt/airflow/dags/product_pipeline_dag.py
[2026-02-12T16:41:57.543+0000] {logging_mixin.py:188} INFO - [2026-02-12T16:41:57.542+0000] {dag.py:3089} INFO - Sync 1 DAGs
[2026-02-12T16:41:57.583+0000] {logging_mixin.py:188} INFO - [2026-02-12T16:41:57.583+0000] {dag.py:3947} INFO - Setting next_dagrun for product_price_pipeline to 2026-02-12 00:00:00+00:00, run_after=2026-02-13 00:00:00+00:00
[2026-02-12T16:41:57.618+0000] {processor.py:183} INFO - Processing /opt/airflow/dags/product_pipeline_dag.py took 0.228 seconds
[2026-02-12T16:42:28.385+0000] {processor.py:161} INFO - Started process (PID=4179) to work on /opt/airflow/dags/product_pipeline_dag.py
[2026-02-12T16:42:28.387+0000] {processor.py:830} INFO - Processing file /opt/airflow/dags/product_pipeline_dag.py for tasks to queue
[2026-02-12T16:42:28.392+0000] {logging_mixin.py:188} INFO - [2026-02-12T16:42:28.391+0000] {dagbag.py:545} INFO - Filling up the DagBag from /opt/airflow/dags/product_pipeline_dag.py
[2026-02-12T16:42:28.439+0000] {processor.py:840} INFO - DAG(s) 'product_price_pipeline' retrieved from /opt/airflow/dags/product_pipeline_dag.py
[2026-02-12T16:42:28.495+0000] {logging_mixin.py:188} INFO - [2026-02-12T16:42:28.495+0000] {dag.py:3089} INFO - Sync 1 DAGs
[2026-02-12T16:42:28.536+0000] {logging_mixin.py:188} INFO - [2026-02-12T16:42:28.535+0000] {dag.py:3947} INFO - Setting next_dagrun for product_price_pipeline to 2026-02-12 00:00:00+00:00, run_after=2026-02-13 00:00:00+00:00
[2026-02-12T16:42:28.580+0000] {processor.py:183} INFO - Processing /opt/airflow/dags/product_pipeline_dag.py took 0.207 seconds
[2026-02-12T16:42:58.936+0000] {processor.py:161} INFO - Started process (PID=4208) to work on /opt/airflow/dags/product_pipeline_dag.py
[2026-02-12T16:42:58.939+0000] {processor.py:830} INFO - Processing file /opt/airflow/dags/product_pipeline_dag.py for tasks to queue
[2026-02-12T16:42:58.943+0000] {logging_mixin.py:188} INFO - [2026-02-12T16:42:58.943+0000] {dagbag.py:545} INFO - Filling up the DagBag from /opt/airflow/dags/product_pipeline_dag.py
[2026-02-12T16:42:58.996+0000] {processor.py:840} INFO - DAG(s) 'product_price_pipeline' retrieved from /opt/airflow/dags/product_pipeline_dag.py
[2026-02-12T16:42:59.042+0000] {logging_mixin.py:188} INFO - [2026-02-12T16:42:59.041+0000] {dag.py:3089} INFO - Sync 1 DAGs
[2026-02-12T16:42:59.073+0000] {logging_mixin.py:188} INFO - [2026-02-12T16:42:59.073+0000] {dag.py:3947} INFO - Setting next_dagrun for product_price_pipeline to 2026-02-12 00:00:00+00:00, run_after=2026-02-13 00:00:00+00:00
[2026-02-12T16:42:59.121+0000] {processor.py:183} INFO - Processing /opt/airflow/dags/product_pipeline_dag.py took 0.196 seconds
[2026-02-12T16:43:29.861+0000] {processor.py:161} INFO - Started process (PID=4237) to work on /opt/airflow/dags/product_pipeline_dag.py
[2026-02-12T16:43:29.863+0000] {processor.py:830} INFO - Processing file /opt/airflow/dags/product_pipeline_dag.py for tasks to queue
[2026-02-12T16:43:29.867+0000] {logging_mixin.py:188} INFO - [2026-02-12T16:43:29.866+0000] {dagbag.py:545} INFO - Filling up the DagBag from /opt/airflow/dags/product_pipeline_dag.py
[2026-02-12T16:43:29.931+0000] {processor.py:840} INFO - DAG(s) 'product_price_pipeline' retrieved from /opt/airflow/dags/product_pipeline_dag.py
[2026-02-12T16:43:30.005+0000] {logging_mixin.py:188} INFO - [2026-02-12T16:43:30.005+0000] {dag.py:3089} INFO - Sync 1 DAGs
[2026-02-12T16:43:30.042+0000] {logging_mixin.py:188} INFO - [2026-02-12T16:43:30.041+0000] {dag.py:3947} INFO - Setting next_dagrun for product_price_pipeline to 2026-02-12 00:00:00+00:00, run_after=2026-02-13 00:00:00+00:00
[2026-02-12T16:43:30.087+0000] {processor.py:183} INFO - Processing /opt/airflow/dags/product_pipeline_dag.py took 0.239 seconds
[2026-02-12T16:44:00.989+0000] {processor.py:161} INFO - Started process (PID=4266) to work on /opt/airflow/dags/product_pipeline_dag.py
[2026-02-12T16:44:00.991+0000] {processor.py:830} INFO - Processing file /opt/airflow/dags/product_pipeline_dag.py for tasks to queue
[2026-02-12T16:44:00.996+0000] {logging_mixin.py:188} INFO - [2026-02-12T16:44:00.995+0000] {dagbag.py:545} INFO - Filling up the DagBag from /opt/airflow/dags/product_pipeline_dag.py
[2026-02-12T16:44:01.041+0000] {processor.py:840} INFO - DAG(s) 'product_price_pipeline' retrieved from /opt/airflow/dags/product_pipeline_dag.py
[2026-02-12T16:44:01.094+0000] {logging_mixin.py:188} INFO - [2026-02-12T16:44:01.093+0000] {dag.py:3089} INFO - Sync 1 DAGs
[2026-02-12T16:44:01.136+0000] {logging_mixin.py:188} INFO - [2026-02-12T16:44:01.136+0000] {dag.py:3947} INFO - Setting next_dagrun for product_price_pipeline to 2026-02-12 00:00:00+00:00, run_after=2026-02-13 00:00:00+00:00
[2026-02-12T16:44:01.169+0000] {processor.py:183} INFO - Processing /opt/airflow/dags/product_pipeline_dag.py took 0.194 seconds
[2026-02-12T16:44:31.496+0000] {processor.py:161} INFO - Started process (PID=4295) to work on /opt/airflow/dags/product_pipeline_dag.py
[2026-02-12T16:44:31.498+0000] {processor.py:830} INFO - Processing file /opt/airflow/dags/product_pipeline_dag.py for tasks to queue
[2026-02-12T16:44:31.502+0000] {logging_mixin.py:188} INFO - [2026-02-12T16:44:31.501+0000] {dagbag.py:545} INFO - Filling up the DagBag from /opt/airflow/dags/product_pipeline_dag.py
[2026-02-12T16:44:31.538+0000] {processor.py:840} INFO - DAG(s) 'product_price_pipeline' retrieved from /opt/airflow/dags/product_pipeline_dag.py
[2026-02-12T16:44:31.595+0000] {logging_mixin.py:188} INFO - [2026-02-12T16:44:31.595+0000] {dag.py:3089} INFO - Sync 1 DAGs
[2026-02-12T16:44:31.633+0000] {logging_mixin.py:188} INFO - [2026-02-12T16:44:31.633+0000] {dag.py:3947} INFO - Setting next_dagrun for product_price_pipeline to 2026-02-12 00:00:00+00:00, run_after=2026-02-13 00:00:00+00:00
[2026-02-12T16:44:31.672+0000] {processor.py:183} INFO - Processing /opt/airflow/dags/product_pipeline_dag.py took 0.187 seconds
[2026-02-12T16:45:01.861+0000] {processor.py:161} INFO - Started process (PID=4324) to work on /opt/airflow/dags/product_pipeline_dag.py
[2026-02-12T16:45:01.864+0000] {processor.py:830} INFO - Processing file /opt/airflow/dags/product_pipeline_dag.py for tasks to queue
[2026-02-12T16:45:01.868+0000] {logging_mixin.py:188} INFO - [2026-02-12T16:45:01.867+0000] {dagbag.py:545} INFO - Filling up the DagBag from /opt/airflow/dags/product_pipeline_dag.py
[2026-02-12T16:45:01.925+0000] {processor.py:840} INFO - DAG(s) 'product_price_pipeline' retrieved from /opt/airflow/dags/product_pipeline_dag.py
[2026-02-12T16:45:01.984+0000] {logging_mixin.py:188} INFO - [2026-02-12T16:45:01.984+0000] {dag.py:3089} INFO - Sync 1 DAGs
[2026-02-12T16:45:02.020+0000] {logging_mixin.py:188} INFO - [2026-02-12T16:45:02.020+0000] {dag.py:3947} INFO - Setting next_dagrun for product_price_pipeline to 2026-02-12 00:00:00+00:00, run_after=2026-02-13 00:00:00+00:00
[2026-02-12T16:45:02.053+0000] {processor.py:183} INFO - Processing /opt/airflow/dags/product_pipeline_dag.py took 0.206 seconds
[2026-02-12T16:45:32.548+0000] {processor.py:161} INFO - Started process (PID=4353) to work on /opt/airflow/dags/product_pipeline_dag.py
[2026-02-12T16:45:32.550+0000] {processor.py:830} INFO - Processing file /opt/airflow/dags/product_pipeline_dag.py for tasks to queue
[2026-02-12T16:45:32.554+0000] {logging_mixin.py:188} INFO - [2026-02-12T16:45:32.554+0000] {dagbag.py:545} INFO - Filling up the DagBag from /opt/airflow/dags/product_pipeline_dag.py
[2026-02-12T16:45:32.610+0000] {processor.py:840} INFO - DAG(s) 'product_price_pipeline' retrieved from /opt/airflow/dags/product_pipeline_dag.py
[2026-02-12T16:45:32.671+0000] {logging_mixin.py:188} INFO - [2026-02-12T16:45:32.671+0000] {dag.py:3089} INFO - Sync 1 DAGs
[2026-02-12T16:45:32.712+0000] {logging_mixin.py:188} INFO - [2026-02-12T16:45:32.711+0000] {dag.py:3947} INFO - Setting next_dagrun for product_price_pipeline to 2026-02-12 00:00:00+00:00, run_after=2026-02-13 00:00:00+00:00
[2026-02-12T16:45:32.747+0000] {processor.py:183} INFO - Processing /opt/airflow/dags/product_pipeline_dag.py took 0.211 seconds
[2026-02-12T16:46:29.320+0000] {processor.py:161} INFO - Started process (PID=4394) to work on /opt/airflow/dags/product_pipeline_dag.py
[2026-02-12T16:46:29.324+0000] {processor.py:830} INFO - Processing file /opt/airflow/dags/product_pipeline_dag.py for tasks to queue
[2026-02-12T16:46:29.333+0000] {logging_mixin.py:188} INFO - [2026-02-12T16:46:29.331+0000] {dagbag.py:545} INFO - Filling up the DagBag from /opt/airflow/dags/product_pipeline_dag.py
[2026-02-12T16:46:29.457+0000] {processor.py:840} INFO - DAG(s) 'product_price_pipeline' retrieved from /opt/airflow/dags/product_pipeline_dag.py
[2026-02-12T16:46:29.599+0000] {logging_mixin.py:188} INFO - [2026-02-12T16:46:29.599+0000] {dag.py:3089} INFO - Sync 1 DAGs
[2026-02-12T16:46:29.682+0000] {logging_mixin.py:188} INFO - [2026-02-12T16:46:29.681+0000] {dag.py:3947} INFO - Setting next_dagrun for product_price_pipeline to 2026-02-12 00:00:00+00:00, run_after=2026-02-13 00:00:00+00:00
[2026-02-12T16:46:29.748+0000] {processor.py:183} INFO - Processing /opt/airflow/dags/product_pipeline_dag.py took 0.442 seconds
[2026-02-12T16:47:00.637+0000] {processor.py:161} INFO - Started process (PID=4423) to work on /opt/airflow/dags/product_pipeline_dag.py
[2026-02-12T16:47:00.640+0000] {processor.py:830} INFO - Processing file /opt/airflow/dags/product_pipeline_dag.py for tasks to queue
[2026-02-12T16:47:00.645+0000] {logging_mixin.py:188} INFO - [2026-02-12T16:47:00.644+0000] {dagbag.py:545} INFO - Filling up the DagBag from /opt/airflow/dags/product_pipeline_dag.py
[2026-02-12T16:47:00.710+0000] {processor.py:840} INFO - DAG(s) 'product_price_pipeline' retrieved from /opt/airflow/dags/product_pipeline_dag.py
[2026-02-12T16:47:00.775+0000] {logging_mixin.py:188} INFO - [2026-02-12T16:47:00.774+0000] {dag.py:3089} INFO - Sync 1 DAGs
[2026-02-12T16:47:00.817+0000] {logging_mixin.py:188} INFO - [2026-02-12T16:47:00.816+0000] {dag.py:3947} INFO - Setting next_dagrun for product_price_pipeline to 2026-02-12 00:00:00+00:00, run_after=2026-02-13 00:00:00+00:00
[2026-02-12T16:47:00.852+0000] {processor.py:183} INFO - Processing /opt/airflow/dags/product_pipeline_dag.py took 0.227 seconds
[2026-02-12T16:47:32.349+0000] {processor.py:161} INFO - Started process (PID=4452) to work on /opt/airflow/dags/product_pipeline_dag.py
[2026-02-12T16:47:32.351+0000] {processor.py:830} INFO - Processing file /opt/airflow/dags/product_pipeline_dag.py for tasks to queue
[2026-02-12T16:47:32.356+0000] {logging_mixin.py:188} INFO - [2026-02-12T16:47:32.355+0000] {dagbag.py:545} INFO - Filling up the DagBag from /opt/airflow/dags/product_pipeline_dag.py
[2026-02-12T16:47:32.428+0000] {processor.py:840} INFO - DAG(s) 'product_price_pipeline' retrieved from /opt/airflow/dags/product_pipeline_dag.py
[2026-02-12T16:47:32.486+0000] {logging_mixin.py:188} INFO - [2026-02-12T16:47:32.486+0000] {dag.py:3089} INFO - Sync 1 DAGs
[2026-02-12T16:47:32.527+0000] {logging_mixin.py:188} INFO - [2026-02-12T16:47:32.526+0000] {dag.py:3947} INFO - Setting next_dagrun for product_price_pipeline to 2026-02-12 00:00:00+00:00, run_after=2026-02-13 00:00:00+00:00
[2026-02-12T16:47:32.561+0000] {processor.py:183} INFO - Processing /opt/airflow/dags/product_pipeline_dag.py took 0.224 seconds
[2026-02-12T16:48:03.556+0000] {processor.py:161} INFO - Started process (PID=4479) to work on /opt/airflow/dags/product_pipeline_dag.py
[2026-02-12T16:48:03.559+0000] {processor.py:830} INFO - Processing file /opt/airflow/dags/product_pipeline_dag.py for tasks to queue
[2026-02-12T16:48:03.564+0000] {logging_mixin.py:188} INFO - [2026-02-12T16:48:03.563+0000] {dagbag.py:545} INFO - Filling up the DagBag from /opt/airflow/dags/product_pipeline_dag.py
[2026-02-12T16:48:03.615+0000] {processor.py:840} INFO - DAG(s) 'product_price_pipeline' retrieved from /opt/airflow/dags/product_pipeline_dag.py
[2026-02-12T16:48:03.672+0000] {logging_mixin.py:188} INFO - [2026-02-12T16:48:03.671+0000] {dag.py:3089} INFO - Sync 1 DAGs
[2026-02-12T16:48:03.715+0000] {logging_mixin.py:188} INFO - [2026-02-12T16:48:03.714+0000] {dag.py:3947} INFO - Setting next_dagrun for product_price_pipeline to 2026-02-12 00:00:00+00:00, run_after=2026-02-13 00:00:00+00:00
[2026-02-12T16:48:03.746+0000] {processor.py:183} INFO - Processing /opt/airflow/dags/product_pipeline_dag.py took 0.199 seconds
[2026-02-12T16:48:33.946+0000] {processor.py:161} INFO - Started process (PID=4501) to work on /opt/airflow/dags/product_pipeline_dag.py
[2026-02-12T16:48:33.948+0000] {processor.py:830} INFO - Processing file /opt/airflow/dags/product_pipeline_dag.py for tasks to queue
[2026-02-12T16:48:33.952+0000] {logging_mixin.py:188} INFO - [2026-02-12T16:48:33.952+0000] {dagbag.py:545} INFO - Filling up the DagBag from /opt/airflow/dags/product_pipeline_dag.py
[2026-02-12T16:48:33.998+0000] {processor.py:840} INFO - DAG(s) 'product_price_pipeline' retrieved from /opt/airflow/dags/product_pipeline_dag.py
[2026-02-12T16:48:34.078+0000] {logging_mixin.py:188} INFO - [2026-02-12T16:48:34.077+0000] {dag.py:3089} INFO - Sync 1 DAGs
[2026-02-12T16:48:34.122+0000] {logging_mixin.py:188} INFO - [2026-02-12T16:48:34.122+0000] {dag.py:3947} INFO - Setting next_dagrun for product_price_pipeline to 2026-02-12 00:00:00+00:00, run_after=2026-02-13 00:00:00+00:00
[2026-02-12T16:48:34.166+0000] {processor.py:183} INFO - Processing /opt/airflow/dags/product_pipeline_dag.py took 0.235 seconds
[2026-02-12T16:49:05.182+0000] {processor.py:161} INFO - Started process (PID=4530) to work on /opt/airflow/dags/product_pipeline_dag.py
[2026-02-12T16:49:05.184+0000] {processor.py:830} INFO - Processing file /opt/airflow/dags/product_pipeline_dag.py for tasks to queue
[2026-02-12T16:49:05.189+0000] {logging_mixin.py:188} INFO - [2026-02-12T16:49:05.188+0000] {dagbag.py:545} INFO - Filling up the DagBag from /opt/airflow/dags/product_pipeline_dag.py
[2026-02-12T16:49:05.232+0000] {processor.py:840} INFO - DAG(s) 'product_price_pipeline' retrieved from /opt/airflow/dags/product_pipeline_dag.py
[2026-02-12T16:49:05.306+0000] {logging_mixin.py:188} INFO - [2026-02-12T16:49:05.305+0000] {dag.py:3089} INFO - Sync 1 DAGs
[2026-02-12T16:49:05.344+0000] {logging_mixin.py:188} INFO - [2026-02-12T16:49:05.343+0000] {dag.py:3947} INFO - Setting next_dagrun for product_price_pipeline to 2026-02-12 00:00:00+00:00, run_after=2026-02-13 00:00:00+00:00
[2026-02-12T16:49:05.389+0000] {processor.py:183} INFO - Processing /opt/airflow/dags/product_pipeline_dag.py took 0.221 seconds
[2026-02-12T16:49:35.506+0000] {processor.py:161} INFO - Started process (PID=4556) to work on /opt/airflow/dags/product_pipeline_dag.py
[2026-02-12T16:49:35.508+0000] {processor.py:830} INFO - Processing file /opt/airflow/dags/product_pipeline_dag.py for tasks to queue
[2026-02-12T16:49:35.511+0000] {logging_mixin.py:188} INFO - [2026-02-12T16:49:35.511+0000] {dagbag.py:545} INFO - Filling up the DagBag from /opt/airflow/dags/product_pipeline_dag.py
[2026-02-12T16:49:35.563+0000] {processor.py:840} INFO - DAG(s) 'product_price_pipeline' retrieved from /opt/airflow/dags/product_pipeline_dag.py
[2026-02-12T16:49:35.626+0000] {logging_mixin.py:188} INFO - [2026-02-12T16:49:35.625+0000] {dag.py:3089} INFO - Sync 1 DAGs
[2026-02-12T16:49:35.662+0000] {logging_mixin.py:188} INFO - [2026-02-12T16:49:35.661+0000] {dag.py:3947} INFO - Setting next_dagrun for product_price_pipeline to 2026-02-12 00:00:00+00:00, run_after=2026-02-13 00:00:00+00:00
[2026-02-12T16:49:35.693+0000] {processor.py:183} INFO - Processing /opt/airflow/dags/product_pipeline_dag.py took 0.196 seconds
[2026-02-12T16:50:05.920+0000] {processor.py:161} INFO - Started process (PID=4585) to work on /opt/airflow/dags/product_pipeline_dag.py
[2026-02-12T16:50:05.922+0000] {processor.py:830} INFO - Processing file /opt/airflow/dags/product_pipeline_dag.py for tasks to queue
[2026-02-12T16:50:05.926+0000] {logging_mixin.py:188} INFO - [2026-02-12T16:50:05.925+0000] {dagbag.py:545} INFO - Filling up the DagBag from /opt/airflow/dags/product_pipeline_dag.py
[2026-02-12T16:50:05.977+0000] {processor.py:840} INFO - DAG(s) 'product_price_pipeline' retrieved from /opt/airflow/dags/product_pipeline_dag.py
[2026-02-12T16:50:06.030+0000] {logging_mixin.py:188} INFO - [2026-02-12T16:50:06.029+0000] {dag.py:3089} INFO - Sync 1 DAGs
[2026-02-12T16:50:06.067+0000] {logging_mixin.py:188} INFO - [2026-02-12T16:50:06.067+0000] {dag.py:3947} INFO - Setting next_dagrun for product_price_pipeline to 2026-02-12 00:00:00+00:00, run_after=2026-02-13 00:00:00+00:00
[2026-02-12T16:50:06.106+0000] {processor.py:183} INFO - Processing /opt/airflow/dags/product_pipeline_dag.py took 0.196 seconds
[2026-02-12T16:50:37.086+0000] {processor.py:161} INFO - Started process (PID=4614) to work on /opt/airflow/dags/product_pipeline_dag.py
[2026-02-12T16:50:37.089+0000] {processor.py:830} INFO - Processing file /opt/airflow/dags/product_pipeline_dag.py for tasks to queue
[2026-02-12T16:50:37.094+0000] {logging_mixin.py:188} INFO - [2026-02-12T16:50:37.093+0000] {dagbag.py:545} INFO - Filling up the DagBag from /opt/airflow/dags/product_pipeline_dag.py
[2026-02-12T16:50:37.192+0000] {processor.py:840} INFO - DAG(s) 'product_price_pipeline' retrieved from /opt/airflow/dags/product_pipeline_dag.py
[2026-02-12T16:50:37.323+0000] {logging_mixin.py:188} INFO - [2026-02-12T16:50:37.321+0000] {dag.py:3089} INFO - Sync 1 DAGs
[2026-02-12T16:50:37.368+0000] {logging_mixin.py:188} INFO - [2026-02-12T16:50:37.368+0000] {dag.py:3947} INFO - Setting next_dagrun for product_price_pipeline to 2026-02-12 00:00:00+00:00, run_after=2026-02-13 00:00:00+00:00
[2026-02-12T16:50:37.421+0000] {processor.py:183} INFO - Processing /opt/airflow/dags/product_pipeline_dag.py took 0.347 seconds
[2026-02-12T16:51:08.299+0000] {processor.py:161} INFO - Started process (PID=4643) to work on /opt/airflow/dags/product_pipeline_dag.py
[2026-02-12T16:51:08.301+0000] {processor.py:830} INFO - Processing file /opt/airflow/dags/product_pipeline_dag.py for tasks to queue
[2026-02-12T16:51:08.305+0000] {logging_mixin.py:188} INFO - [2026-02-12T16:51:08.304+0000] {dagbag.py:545} INFO - Filling up the DagBag from /opt/airflow/dags/product_pipeline_dag.py
[2026-02-12T16:51:08.347+0000] {processor.py:840} INFO - DAG(s) 'product_price_pipeline' retrieved from /opt/airflow/dags/product_pipeline_dag.py
[2026-02-12T16:51:08.397+0000] {logging_mixin.py:188} INFO - [2026-02-12T16:51:08.396+0000] {dag.py:3089} INFO - Sync 1 DAGs
[2026-02-12T16:51:08.435+0000] {logging_mixin.py:188} INFO - [2026-02-12T16:51:08.435+0000] {dag.py:3947} INFO - Setting next_dagrun for product_price_pipeline to 2026-02-12 00:00:00+00:00, run_after=2026-02-13 00:00:00+00:00
[2026-02-12T16:51:08.471+0000] {processor.py:183} INFO - Processing /opt/airflow/dags/product_pipeline_dag.py took 0.180 seconds
[2026-02-12T16:51:39.070+0000] {processor.py:161} INFO - Started process (PID=4672) to work on /opt/airflow/dags/product_pipeline_dag.py
[2026-02-12T16:51:39.072+0000] {processor.py:830} INFO - Processing file /opt/airflow/dags/product_pipeline_dag.py for tasks to queue
[2026-02-12T16:51:39.077+0000] {logging_mixin.py:188} INFO - [2026-02-12T16:51:39.076+0000] {dagbag.py:545} INFO - Filling up the DagBag from /opt/airflow/dags/product_pipeline_dag.py
[2026-02-12T16:51:39.118+0000] {processor.py:840} INFO - DAG(s) 'product_price_pipeline' retrieved from /opt/airflow/dags/product_pipeline_dag.py
[2026-02-12T16:51:39.162+0000] {logging_mixin.py:188} INFO - [2026-02-12T16:51:39.162+0000] {dag.py:3089} INFO - Sync 1 DAGs
[2026-02-12T16:51:39.192+0000] {logging_mixin.py:188} INFO - [2026-02-12T16:51:39.191+0000] {dag.py:3947} INFO - Setting next_dagrun for product_price_pipeline to 2026-02-12 00:00:00+00:00, run_after=2026-02-13 00:00:00+00:00
[2026-02-12T16:51:39.223+0000] {processor.py:183} INFO - Processing /opt/airflow/dags/product_pipeline_dag.py took 0.164 seconds
[2026-02-12T16:52:10.006+0000] {processor.py:161} INFO - Started process (PID=4701) to work on /opt/airflow/dags/product_pipeline_dag.py
[2026-02-12T16:52:10.008+0000] {processor.py:830} INFO - Processing file /opt/airflow/dags/product_pipeline_dag.py for tasks to queue
[2026-02-12T16:52:10.013+0000] {logging_mixin.py:188} INFO - [2026-02-12T16:52:10.012+0000] {dagbag.py:545} INFO - Filling up the DagBag from /opt/airflow/dags/product_pipeline_dag.py
[2026-02-12T16:52:10.107+0000] {processor.py:840} INFO - DAG(s) 'product_price_pipeline' retrieved from /opt/airflow/dags/product_pipeline_dag.py
[2026-02-12T16:52:10.184+0000] {logging_mixin.py:188} INFO - [2026-02-12T16:52:10.184+0000] {dag.py:3089} INFO - Sync 1 DAGs
[2026-02-12T16:52:10.228+0000] {logging_mixin.py:188} INFO - [2026-02-12T16:52:10.228+0000] {dag.py:3947} INFO - Setting next_dagrun for product_price_pipeline to 2026-02-12 00:00:00+00:00, run_after=2026-02-13 00:00:00+00:00
[2026-02-12T16:52:10.265+0000] {processor.py:183} INFO - Processing /opt/airflow/dags/product_pipeline_dag.py took 0.269 seconds
[2026-02-12T16:52:41.160+0000] {processor.py:161} INFO - Started process (PID=4730) to work on /opt/airflow/dags/product_pipeline_dag.py
[2026-02-12T16:52:41.163+0000] {processor.py:830} INFO - Processing file /opt/airflow/dags/product_pipeline_dag.py for tasks to queue
[2026-02-12T16:52:41.168+0000] {logging_mixin.py:188} INFO - [2026-02-12T16:52:41.167+0000] {dagbag.py:545} INFO - Filling up the DagBag from /opt/airflow/dags/product_pipeline_dag.py
[2026-02-12T16:52:41.216+0000] {processor.py:840} INFO - DAG(s) 'product_price_pipeline' retrieved from /opt/airflow/dags/product_pipeline_dag.py
[2026-02-12T16:52:41.280+0000] {logging_mixin.py:188} INFO - [2026-02-12T16:52:41.279+0000] {dag.py:3089} INFO - Sync 1 DAGs
[2026-02-12T16:52:41.320+0000] {logging_mixin.py:188} INFO - [2026-02-12T16:52:41.320+0000] {dag.py:3947} INFO - Setting next_dagrun for product_price_pipeline to 2026-02-12 00:00:00+00:00, run_after=2026-02-13 00:00:00+00:00
[2026-02-12T16:52:41.359+0000] {processor.py:183} INFO - Processing /opt/airflow/dags/product_pipeline_dag.py took 0.212 seconds
[2026-02-12T16:53:12.134+0000] {processor.py:161} INFO - Started process (PID=4759) to work on /opt/airflow/dags/product_pipeline_dag.py
[2026-02-12T16:53:12.137+0000] {processor.py:830} INFO - Processing file /opt/airflow/dags/product_pipeline_dag.py for tasks to queue
[2026-02-12T16:53:12.141+0000] {logging_mixin.py:188} INFO - [2026-02-12T16:53:12.140+0000] {dagbag.py:545} INFO - Filling up the DagBag from /opt/airflow/dags/product_pipeline_dag.py
[2026-02-12T16:53:12.192+0000] {processor.py:840} INFO - DAG(s) 'product_price_pipeline' retrieved from /opt/airflow/dags/product_pipeline_dag.py
[2026-02-12T16:53:12.245+0000] {logging_mixin.py:188} INFO - [2026-02-12T16:53:12.245+0000] {dag.py:3089} INFO - Sync 1 DAGs
[2026-02-12T16:53:12.304+0000] {logging_mixin.py:188} INFO - [2026-02-12T16:53:12.303+0000] {dag.py:3947} INFO - Setting next_dagrun for product_price_pipeline to 2026-02-12 00:00:00+00:00, run_after=2026-02-13 00:00:00+00:00
[2026-02-12T16:53:12.355+0000] {processor.py:183} INFO - Processing /opt/airflow/dags/product_pipeline_dag.py took 0.232 seconds
[2026-02-12T16:53:42.589+0000] {processor.py:161} INFO - Started process (PID=4788) to work on /opt/airflow/dags/product_pipeline_dag.py
[2026-02-12T16:53:42.592+0000] {processor.py:830} INFO - Processing file /opt/airflow/dags/product_pipeline_dag.py for tasks to queue
[2026-02-12T16:53:42.595+0000] {logging_mixin.py:188} INFO - [2026-02-12T16:53:42.595+0000] {dagbag.py:545} INFO - Filling up the DagBag from /opt/airflow/dags/product_pipeline_dag.py
[2026-02-12T16:53:42.663+0000] {processor.py:840} INFO - DAG(s) 'product_price_pipeline' retrieved from /opt/airflow/dags/product_pipeline_dag.py
[2026-02-12T16:53:42.733+0000] {logging_mixin.py:188} INFO - [2026-02-12T16:53:42.732+0000] {dag.py:3089} INFO - Sync 1 DAGs
[2026-02-12T16:53:43.828+0000] {logging_mixin.py:188} INFO - [2026-02-12T16:53:43.827+0000] {dag.py:3947} INFO - Setting next_dagrun for product_price_pipeline to 2026-02-12 00:00:00+00:00, run_after=2026-02-13 00:00:00+00:00
[2026-02-12T16:53:43.881+0000] {processor.py:183} INFO - Processing /opt/airflow/dags/product_pipeline_dag.py took 0.270 seconds
[2026-02-12T16:54:15.899+0000] {processor.py:161} INFO - Started process (PID=4817) to work on /opt/airflow/dags/product_pipeline_dag.py
[2026-02-12T16:54:15.902+0000] {processor.py:830} INFO - Processing file /opt/airflow/dags/product_pipeline_dag.py for tasks to queue
[2026-02-12T16:54:15.908+0000] {logging_mixin.py:188} INFO - [2026-02-12T16:54:15.907+0000] {dagbag.py:545} INFO - Filling up the DagBag from /opt/airflow/dags/product_pipeline_dag.py
[2026-02-12T16:54:15.966+0000] {processor.py:840} INFO - DAG(s) 'product_price_pipeline' retrieved from /opt/airflow/dags/product_pipeline_dag.py
[2026-02-12T16:54:16.027+0000] {logging_mixin.py:188} INFO - [2026-02-12T16:54:16.027+0000] {dag.py:3089} INFO - Sync 1 DAGs
[2026-02-12T16:54:16.063+0000] {logging_mixin.py:188} INFO - [2026-02-12T16:54:16.062+0000] {dag.py:3947} INFO - Setting next_dagrun for product_price_pipeline to 2026-02-12 00:00:00+00:00, run_after=2026-02-13 00:00:00+00:00
[2026-02-12T16:54:16.112+0000] {processor.py:183} INFO - Processing /opt/airflow/dags/product_pipeline_dag.py took 0.225 seconds
[2026-02-12T16:54:48.235+0000] {processor.py:161} INFO - Started process (PID=4846) to work on /opt/airflow/dags/product_pipeline_dag.py
[2026-02-12T16:54:48.237+0000] {processor.py:830} INFO - Processing file /opt/airflow/dags/product_pipeline_dag.py for tasks to queue
[2026-02-12T16:54:48.241+0000] {logging_mixin.py:188} INFO - [2026-02-12T16:54:48.240+0000] {dagbag.py:545} INFO - Filling up the DagBag from /opt/airflow/dags/product_pipeline_dag.py
[2026-02-12T16:54:48.300+0000] {processor.py:840} INFO - DAG(s) 'product_price_pipeline' retrieved from /opt/airflow/dags/product_pipeline_dag.py
[2026-02-12T16:54:48.366+0000] {logging_mixin.py:188} INFO - [2026-02-12T16:54:48.365+0000] {dag.py:3089} INFO - Sync 1 DAGs
[2026-02-12T16:54:48.401+0000] {logging_mixin.py:188} INFO - [2026-02-12T16:54:48.401+0000] {dag.py:3947} INFO - Setting next_dagrun for product_price_pipeline to 2026-02-12 00:00:00+00:00, run_after=2026-02-13 00:00:00+00:00
[2026-02-12T16:54:48.507+0000] {processor.py:183} INFO - Processing /opt/airflow/dags/product_pipeline_dag.py took 0.283 seconds
[2026-02-12T16:55:20.119+0000] {processor.py:161} INFO - Started process (PID=4875) to work on /opt/airflow/dags/product_pipeline_dag.py
[2026-02-12T16:55:20.121+0000] {processor.py:830} INFO - Processing file /opt/airflow/dags/product_pipeline_dag.py for tasks to queue
[2026-02-12T16:55:20.125+0000] {logging_mixin.py:188} INFO - [2026-02-12T16:55:20.125+0000] {dagbag.py:545} INFO - Filling up the DagBag from /opt/airflow/dags/product_pipeline_dag.py
[2026-02-12T16:55:20.178+0000] {processor.py:840} INFO - DAG(s) 'product_price_pipeline' retrieved from /opt/airflow/dags/product_pipeline_dag.py
[2026-02-12T16:55:20.242+0000] {logging_mixin.py:188} INFO - [2026-02-12T16:55:20.242+0000] {dag.py:3089} INFO - Sync 1 DAGs
[2026-02-12T16:55:20.278+0000] {logging_mixin.py:188} INFO - [2026-02-12T16:55:20.278+0000] {dag.py:3947} INFO - Setting next_dagrun for product_price_pipeline to 2026-02-12 00:00:00+00:00, run_after=2026-02-13 00:00:00+00:00
[2026-02-12T16:55:20.324+0000] {processor.py:183} INFO - Processing /opt/airflow/dags/product_pipeline_dag.py took 0.215 seconds
[2026-02-12T17:03:19.531+0000] {processor.py:161} INFO - Started process (PID=4926) to work on /opt/airflow/dags/product_pipeline_dag.py
[2026-02-12T17:03:19.534+0000] {processor.py:830} INFO - Processing file /opt/airflow/dags/product_pipeline_dag.py for tasks to queue
[2026-02-12T17:03:19.539+0000] {logging_mixin.py:188} INFO - [2026-02-12T17:03:19.538+0000] {dagbag.py:545} INFO - Filling up the DagBag from /opt/airflow/dags/product_pipeline_dag.py
[2026-02-12T17:03:19.632+0000] {processor.py:840} INFO - DAG(s) 'product_price_pipeline' retrieved from /opt/airflow/dags/product_pipeline_dag.py
[2026-02-12T17:03:19.733+0000] {logging_mixin.py:188} INFO - [2026-02-12T17:03:19.732+0000] {dag.py:3089} INFO - Sync 1 DAGs
[2026-02-12T17:03:19.790+0000] {logging_mixin.py:188} INFO - [2026-02-12T17:03:19.789+0000] {dag.py:3947} INFO - Setting next_dagrun for product_price_pipeline to 2026-02-12 00:00:00+00:00, run_after=2026-02-13 00:00:00+00:00
[2026-02-12T17:03:19.840+0000] {processor.py:183} INFO - Processing /opt/airflow/dags/product_pipeline_dag.py took 0.322 seconds
[2026-02-12T17:03:52.187+0000] {processor.py:161} INFO - Started process (PID=4955) to work on /opt/airflow/dags/product_pipeline_dag.py
[2026-02-12T17:03:52.201+0000] {processor.py:830} INFO - Processing file /opt/airflow/dags/product_pipeline_dag.py for tasks to queue
[2026-02-12T17:03:52.207+0000] {logging_mixin.py:188} INFO - [2026-02-12T17:03:52.206+0000] {dagbag.py:545} INFO - Filling up the DagBag from /opt/airflow/dags/product_pipeline_dag.py
[2026-02-12T17:03:52.281+0000] {processor.py:840} INFO - DAG(s) 'product_price_pipeline' retrieved from /opt/airflow/dags/product_pipeline_dag.py
[2026-02-12T17:03:52.356+0000] {logging_mixin.py:188} INFO - [2026-02-12T17:03:52.355+0000] {dag.py:3089} INFO - Sync 1 DAGs
[2026-02-12T17:03:52.406+0000] {logging_mixin.py:188} INFO - [2026-02-12T17:03:52.406+0000] {dag.py:3947} INFO - Setting next_dagrun for product_price_pipeline to 2026-02-12 00:00:00+00:00, run_after=2026-02-13 00:00:00+00:00
[2026-02-12T17:03:52.456+0000] {processor.py:183} INFO - Processing /opt/airflow/dags/product_pipeline_dag.py took 0.282 seconds
[2026-02-12T17:04:24.038+0000] {processor.py:161} INFO - Started process (PID=4984) to work on /opt/airflow/dags/product_pipeline_dag.py
[2026-02-12T17:04:24.040+0000] {processor.py:830} INFO - Processing file /opt/airflow/dags/product_pipeline_dag.py for tasks to queue
[2026-02-12T17:04:24.044+0000] {logging_mixin.py:188} INFO - [2026-02-12T17:04:24.044+0000] {dagbag.py:545} INFO - Filling up the DagBag from /opt/airflow/dags/product_pipeline_dag.py
[2026-02-12T17:04:24.103+0000] {processor.py:840} INFO - DAG(s) 'product_price_pipeline' retrieved from /opt/airflow/dags/product_pipeline_dag.py
[2026-02-12T17:04:24.163+0000] {logging_mixin.py:188} INFO - [2026-02-12T17:04:24.163+0000] {dag.py:3089} INFO - Sync 1 DAGs
[2026-02-12T17:04:24.205+0000] {logging_mixin.py:188} INFO - [2026-02-12T17:04:24.205+0000] {dag.py:3947} INFO - Setting next_dagrun for product_price_pipeline to 2026-02-12 00:00:00+00:00, run_after=2026-02-13 00:00:00+00:00
[2026-02-12T17:04:24.256+0000] {processor.py:183} INFO - Processing /opt/airflow/dags/product_pipeline_dag.py took 0.228 seconds
[2026-02-12T17:04:54.710+0000] {processor.py:161} INFO - Started process (PID=5007) to work on /opt/airflow/dags/product_pipeline_dag.py
[2026-02-12T17:04:54.712+0000] {processor.py:830} INFO - Processing file /opt/airflow/dags/product_pipeline_dag.py for tasks to queue
[2026-02-12T17:04:54.715+0000] {logging_mixin.py:188} INFO - [2026-02-12T17:04:54.715+0000] {dagbag.py:545} INFO - Filling up the DagBag from /opt/airflow/dags/product_pipeline_dag.py
[2026-02-12T17:04:54.749+0000] {processor.py:840} INFO - DAG(s) 'product_price_pipeline' retrieved from /opt/airflow/dags/product_pipeline_dag.py
[2026-02-12T17:04:54.796+0000] {logging_mixin.py:188} INFO - [2026-02-12T17:04:54.796+0000] {dag.py:3089} INFO - Sync 1 DAGs
[2026-02-12T17:04:54.828+0000] {logging_mixin.py:188} INFO - [2026-02-12T17:04:54.827+0000] {dag.py:3947} INFO - Setting next_dagrun for product_price_pipeline to 2026-02-12 00:00:00+00:00, run_after=2026-02-13 00:00:00+00:00
[2026-02-12T17:04:54.868+0000] {processor.py:183} INFO - Processing /opt/airflow/dags/product_pipeline_dag.py took 0.166 seconds
[2026-02-12T17:05:26.341+0000] {processor.py:161} INFO - Started process (PID=5030) to work on /opt/airflow/dags/product_pipeline_dag.py
[2026-02-12T17:05:26.348+0000] {processor.py:830} INFO - Processing file /opt/airflow/dags/product_pipeline_dag.py for tasks to queue
[2026-02-12T17:05:26.353+0000] {logging_mixin.py:188} INFO - [2026-02-12T17:05:26.352+0000] {dagbag.py:545} INFO - Filling up the DagBag from /opt/airflow/dags/product_pipeline_dag.py
[2026-02-12T17:05:26.432+0000] {processor.py:840} INFO - DAG(s) 'product_price_pipeline' retrieved from /opt/airflow/dags/product_pipeline_dag.py
[2026-02-12T17:05:26.526+0000] {logging_mixin.py:188} INFO - [2026-02-12T17:05:26.526+0000] {dag.py:3089} INFO - Sync 1 DAGs
[2026-02-12T17:05:26.587+0000] {logging_mixin.py:188} INFO - [2026-02-12T17:05:26.587+0000] {dag.py:3947} INFO - Setting next_dagrun for product_price_pipeline to 2026-02-12 00:00:00+00:00, run_after=2026-02-13 00:00:00+00:00
[2026-02-12T17:05:26.653+0000] {processor.py:183} INFO - Processing /opt/airflow/dags/product_pipeline_dag.py took 0.323 seconds
[2026-02-12T17:05:58.502+0000] {processor.py:161} INFO - Started process (PID=5059) to work on /opt/airflow/dags/product_pipeline_dag.py
[2026-02-12T17:05:58.504+0000] {processor.py:830} INFO - Processing file /opt/airflow/dags/product_pipeline_dag.py for tasks to queue
[2026-02-12T17:05:58.507+0000] {logging_mixin.py:188} INFO - [2026-02-12T17:05:58.507+0000] {dagbag.py:545} INFO - Filling up the DagBag from /opt/airflow/dags/product_pipeline_dag.py
[2026-02-12T17:05:58.551+0000] {processor.py:840} INFO - DAG(s) 'product_price_pipeline' retrieved from /opt/airflow/dags/product_pipeline_dag.py
[2026-02-12T17:05:58.605+0000] {logging_mixin.py:188} INFO - [2026-02-12T17:05:58.605+0000] {dag.py:3089} INFO - Sync 1 DAGs
[2026-02-12T17:05:58.644+0000] {logging_mixin.py:188} INFO - [2026-02-12T17:05:58.644+0000] {dag.py:3947} INFO - Setting next_dagrun for product_price_pipeline to 2026-02-12 00:00:00+00:00, run_after=2026-02-13 00:00:00+00:00
[2026-02-12T17:05:58.677+0000] {processor.py:183} INFO - Processing /opt/airflow/dags/product_pipeline_dag.py took 0.183 seconds
[2026-02-12T17:06:30.439+0000] {processor.py:161} INFO - Started process (PID=5088) to work on /opt/airflow/dags/product_pipeline_dag.py
[2026-02-12T17:06:30.441+0000] {processor.py:830} INFO - Processing file /opt/airflow/dags/product_pipeline_dag.py for tasks to queue
[2026-02-12T17:06:30.449+0000] {logging_mixin.py:188} INFO - [2026-02-12T17:06:30.448+0000] {dagbag.py:545} INFO - Filling up the DagBag from /opt/airflow/dags/product_pipeline_dag.py
[2026-02-12T17:06:30.513+0000] {processor.py:840} INFO - DAG(s) 'product_price_pipeline' retrieved from /opt/airflow/dags/product_pipeline_dag.py
[2026-02-12T17:06:30.596+0000] {logging_mixin.py:188} INFO - [2026-02-12T17:06:30.596+0000] {dag.py:3089} INFO - Sync 1 DAGs
[2026-02-12T17:06:30.676+0000] {logging_mixin.py:188} INFO - [2026-02-12T17:06:30.676+0000] {dag.py:3947} INFO - Setting next_dagrun for product_price_pipeline to 2026-02-12 00:00:00+00:00, run_after=2026-02-13 00:00:00+00:00
[2026-02-12T17:06:30.722+0000] {processor.py:183} INFO - Processing /opt/airflow/dags/product_pipeline_dag.py took 0.300 seconds
[2026-02-12T17:07:01.775+0000] {processor.py:161} INFO - Started process (PID=5117) to work on /opt/airflow/dags/product_pipeline_dag.py
[2026-02-12T17:07:01.777+0000] {processor.py:830} INFO - Processing file /opt/airflow/dags/product_pipeline_dag.py for tasks to queue
[2026-02-12T17:07:01.781+0000] {logging_mixin.py:188} INFO - [2026-02-12T17:07:01.780+0000] {dagbag.py:545} INFO - Filling up the DagBag from /opt/airflow/dags/product_pipeline_dag.py
[2026-02-12T17:07:01.825+0000] {processor.py:840} INFO - DAG(s) 'product_price_pipeline' retrieved from /opt/airflow/dags/product_pipeline_dag.py
[2026-02-12T17:07:01.884+0000] {logging_mixin.py:188} INFO - [2026-02-12T17:07:01.883+0000] {dag.py:3089} INFO - Sync 1 DAGs
[2026-02-12T17:07:01.921+0000] {logging_mixin.py:188} INFO - [2026-02-12T17:07:01.920+0000] {dag.py:3947} INFO - Setting next_dagrun for product_price_pipeline to 2026-02-12 00:00:00+00:00, run_after=2026-02-13 00:00:00+00:00
[2026-02-12T17:07:01.961+0000] {processor.py:183} INFO - Processing /opt/airflow/dags/product_pipeline_dag.py took 0.195 seconds
[2026-02-12T17:07:33.820+0000] {processor.py:161} INFO - Started process (PID=5148) to work on /opt/airflow/dags/product_pipeline_dag.py
[2026-02-12T17:07:33.821+0000] {processor.py:830} INFO - Processing file /opt/airflow/dags/product_pipeline_dag.py for tasks to queue
[2026-02-12T17:07:33.825+0000] {logging_mixin.py:188} INFO - [2026-02-12T17:07:33.825+0000] {dagbag.py:545} INFO - Filling up the DagBag from /opt/airflow/dags/product_pipeline_dag.py
[2026-02-12T17:07:33.879+0000] {processor.py:840} INFO - DAG(s) 'product_price_pipeline' retrieved from /opt/airflow/dags/product_pipeline_dag.py
[2026-02-12T17:07:33.933+0000] {logging_mixin.py:188} INFO - [2026-02-12T17:07:33.933+0000] {dag.py:3089} INFO - Sync 1 DAGs
[2026-02-12T17:07:33.968+0000] {logging_mixin.py:188} INFO - [2026-02-12T17:07:33.967+0000] {dag.py:3947} INFO - Setting next_dagrun for product_price_pipeline to 2026-02-12 00:00:00+00:00, run_after=2026-02-13 00:00:00+00:00
[2026-02-12T17:07:34.005+0000] {processor.py:183} INFO - Processing /opt/airflow/dags/product_pipeline_dag.py took 0.194 seconds
[2026-02-12T17:08:07.511+0000] {processor.py:161} INFO - Started process (PID=5187) to work on /opt/airflow/dags/product_pipeline_dag.py
[2026-02-12T17:08:07.513+0000] {processor.py:830} INFO - Processing file /opt/airflow/dags/product_pipeline_dag.py for tasks to queue
[2026-02-12T17:08:07.516+0000] {logging_mixin.py:188} INFO - [2026-02-12T17:08:07.516+0000] {dagbag.py:545} INFO - Filling up the DagBag from /opt/airflow/dags/product_pipeline_dag.py
[2026-02-12T17:08:07.569+0000] {processor.py:840} INFO - DAG(s) 'product_price_pipeline' retrieved from /opt/airflow/dags/product_pipeline_dag.py
[2026-02-12T17:08:07.619+0000] {logging_mixin.py:188} INFO - [2026-02-12T17:08:07.618+0000] {dag.py:3089} INFO - Sync 1 DAGs
[2026-02-12T17:08:07.656+0000] {logging_mixin.py:188} INFO - [2026-02-12T17:08:07.655+0000] {dag.py:3947} INFO - Setting next_dagrun for product_price_pipeline to 2026-02-12 00:00:00+00:00, run_after=2026-02-13 00:00:00+00:00
[2026-02-12T17:08:07.691+0000] {processor.py:183} INFO - Processing /opt/airflow/dags/product_pipeline_dag.py took 0.192 seconds
[2026-02-12T17:08:38.738+0000] {processor.py:161} INFO - Started process (PID=5216) to work on /opt/airflow/dags/product_pipeline_dag.py
[2026-02-12T17:08:38.739+0000] {processor.py:830} INFO - Processing file /opt/airflow/dags/product_pipeline_dag.py for tasks to queue
[2026-02-12T17:08:38.742+0000] {logging_mixin.py:188} INFO - [2026-02-12T17:08:38.742+0000] {dagbag.py:545} INFO - Filling up the DagBag from /opt/airflow/dags/product_pipeline_dag.py
[2026-02-12T17:08:38.794+0000] {processor.py:840} INFO - DAG(s) 'product_price_pipeline' retrieved from /opt/airflow/dags/product_pipeline_dag.py
[2026-02-12T17:08:38.848+0000] {logging_mixin.py:188} INFO - [2026-02-12T17:08:38.848+0000] {dag.py:3089} INFO - Sync 1 DAGs
[2026-02-12T17:08:38.900+0000] {logging_mixin.py:188} INFO - [2026-02-12T17:08:38.899+0000] {dag.py:3947} INFO - Setting next_dagrun for product_price_pipeline to 2026-02-12 00:00:00+00:00, run_after=2026-02-13 00:00:00+00:00
[2026-02-12T17:08:38.949+0000] {processor.py:183} INFO - Processing /opt/airflow/dags/product_pipeline_dag.py took 0.220 seconds
[2026-02-12T17:09:10.678+0000] {processor.py:161} INFO - Started process (PID=5245) to work on /opt/airflow/dags/product_pipeline_dag.py
[2026-02-12T17:09:10.680+0000] {processor.py:830} INFO - Processing file /opt/airflow/dags/product_pipeline_dag.py for tasks to queue
[2026-02-12T17:09:10.685+0000] {logging_mixin.py:188} INFO - [2026-02-12T17:09:10.684+0000] {dagbag.py:545} INFO - Filling up the DagBag from /opt/airflow/dags/product_pipeline_dag.py
[2026-02-12T17:09:10.733+0000] {processor.py:840} INFO - DAG(s) 'product_price_pipeline' retrieved from /opt/airflow/dags/product_pipeline_dag.py
[2026-02-12T17:09:10.793+0000] {logging_mixin.py:188} INFO - [2026-02-12T17:09:10.793+0000] {dag.py:3089} INFO - Sync 1 DAGs
[2026-02-12T17:09:10.829+0000] {logging_mixin.py:188} INFO - [2026-02-12T17:09:10.829+0000] {dag.py:3947} INFO - Setting next_dagrun for product_price_pipeline to 2026-02-12 00:00:00+00:00, run_after=2026-02-13 00:00:00+00:00
[2026-02-12T17:09:10.862+0000] {processor.py:183} INFO - Processing /opt/airflow/dags/product_pipeline_dag.py took 0.196 seconds
[2026-02-12T17:09:42.674+0000] {processor.py:161} INFO - Started process (PID=5274) to work on /opt/airflow/dags/product_pipeline_dag.py
[2026-02-12T17:09:42.676+0000] {processor.py:830} INFO - Processing file /opt/airflow/dags/product_pipeline_dag.py for tasks to queue
[2026-02-12T17:09:42.681+0000] {logging_mixin.py:188} INFO - [2026-02-12T17:09:42.680+0000] {dagbag.py:545} INFO - Filling up the DagBag from /opt/airflow/dags/product_pipeline_dag.py
[2026-02-12T17:09:42.729+0000] {processor.py:840} INFO - DAG(s) 'product_price_pipeline' retrieved from /opt/airflow/dags/product_pipeline_dag.py
[2026-02-12T17:09:42.785+0000] {logging_mixin.py:188} INFO - [2026-02-12T17:09:42.784+0000] {dag.py:3089} INFO - Sync 1 DAGs
[2026-02-12T17:09:42.819+0000] {logging_mixin.py:188} INFO - [2026-02-12T17:09:42.819+0000] {dag.py:3947} INFO - Setting next_dagrun for product_price_pipeline to 2026-02-12 00:00:00+00:00, run_after=2026-02-13 00:00:00+00:00
[2026-02-12T17:09:42.857+0000] {processor.py:183} INFO - Processing /opt/airflow/dags/product_pipeline_dag.py took 0.192 seconds
[2026-02-12T17:10:14.409+0000] {processor.py:161} INFO - Started process (PID=5303) to work on /opt/airflow/dags/product_pipeline_dag.py
[2026-02-12T17:10:14.411+0000] {processor.py:830} INFO - Processing file /opt/airflow/dags/product_pipeline_dag.py for tasks to queue
[2026-02-12T17:10:14.415+0000] {logging_mixin.py:188} INFO - [2026-02-12T17:10:14.414+0000] {dagbag.py:545} INFO - Filling up the DagBag from /opt/airflow/dags/product_pipeline_dag.py
[2026-02-12T17:10:14.471+0000] {processor.py:840} INFO - DAG(s) 'product_price_pipeline' retrieved from /opt/airflow/dags/product_pipeline_dag.py
[2026-02-12T17:10:14.534+0000] {logging_mixin.py:188} INFO - [2026-02-12T17:10:14.533+0000] {dag.py:3089} INFO - Sync 1 DAGs
[2026-02-12T17:10:14.569+0000] {logging_mixin.py:188} INFO - [2026-02-12T17:10:14.568+0000] {dag.py:3947} INFO - Setting next_dagrun for product_price_pipeline to 2026-02-12 00:00:00+00:00, run_after=2026-02-13 00:00:00+00:00
[2026-02-12T17:10:14.623+0000] {processor.py:183} INFO - Processing /opt/airflow/dags/product_pipeline_dag.py took 0.223 seconds
[2026-02-12T17:10:46.839+0000] {processor.py:161} INFO - Started process (PID=5332) to work on /opt/airflow/dags/product_pipeline_dag.py
[2026-02-12T17:10:46.843+0000] {processor.py:830} INFO - Processing file /opt/airflow/dags/product_pipeline_dag.py for tasks to queue
[2026-02-12T17:10:46.851+0000] {logging_mixin.py:188} INFO - [2026-02-12T17:10:46.850+0000] {dagbag.py:545} INFO - Filling up the DagBag from /opt/airflow/dags/product_pipeline_dag.py
[2026-02-12T17:10:46.949+0000] {processor.py:840} INFO - DAG(s) 'product_price_pipeline' retrieved from /opt/airflow/dags/product_pipeline_dag.py
[2026-02-12T17:10:47.138+0000] {logging_mixin.py:188} INFO - [2026-02-12T17:10:47.135+0000] {dag.py:3089} INFO - Sync 1 DAGs
[2026-02-12T17:10:47.241+0000] {logging_mixin.py:188} INFO - [2026-02-12T17:10:47.240+0000] {dag.py:3947} INFO - Setting next_dagrun for product_price_pipeline to 2026-02-12 00:00:00+00:00, run_after=2026-02-13 00:00:00+00:00
[2026-02-12T17:10:47.298+0000] {processor.py:183} INFO - Processing /opt/airflow/dags/product_pipeline_dag.py took 0.479 seconds
[2026-02-12T17:11:18.271+0000] {processor.py:161} INFO - Started process (PID=5361) to work on /opt/airflow/dags/product_pipeline_dag.py
[2026-02-12T17:11:18.275+0000] {processor.py:830} INFO - Processing file /opt/airflow/dags/product_pipeline_dag.py for tasks to queue
[2026-02-12T17:11:18.281+0000] {logging_mixin.py:188} INFO - [2026-02-12T17:11:18.279+0000] {dagbag.py:545} INFO - Filling up the DagBag from /opt/airflow/dags/product_pipeline_dag.py
[2026-02-12T17:11:18.348+0000] {processor.py:840} INFO - DAG(s) 'product_price_pipeline' retrieved from /opt/airflow/dags/product_pipeline_dag.py
[2026-02-12T17:11:18.397+0000] {logging_mixin.py:188} INFO - [2026-02-12T17:11:18.397+0000] {dag.py:3089} INFO - Sync 1 DAGs
[2026-02-12T17:11:18.435+0000] {logging_mixin.py:188} INFO - [2026-02-12T17:11:18.434+0000] {dag.py:3947} INFO - Setting next_dagrun for product_price_pipeline to 2026-02-12 00:00:00+00:00, run_after=2026-02-13 00:00:00+00:00
[2026-02-12T17:11:18.467+0000] {processor.py:183} INFO - Processing /opt/airflow/dags/product_pipeline_dag.py took 0.209 seconds
[2026-02-12T17:11:51.237+0000] {processor.py:161} INFO - Started process (PID=5390) to work on /opt/airflow/dags/product_pipeline_dag.py
[2026-02-12T17:11:51.240+0000] {processor.py:830} INFO - Processing file /opt/airflow/dags/product_pipeline_dag.py for tasks to queue
[2026-02-12T17:11:51.245+0000] {logging_mixin.py:188} INFO - [2026-02-12T17:11:51.244+0000] {dagbag.py:545} INFO - Filling up the DagBag from /opt/airflow/dags/product_pipeline_dag.py
[2026-02-12T17:11:51.306+0000] {processor.py:840} INFO - DAG(s) 'product_price_pipeline' retrieved from /opt/airflow/dags/product_pipeline_dag.py
[2026-02-12T17:11:51.367+0000] {logging_mixin.py:188} INFO - [2026-02-12T17:11:51.366+0000] {dag.py:3089} INFO - Sync 1 DAGs
[2026-02-12T17:11:51.418+0000] {logging_mixin.py:188} INFO - [2026-02-12T17:11:51.417+0000] {dag.py:3947} INFO - Setting next_dagrun for product_price_pipeline to 2026-02-12 00:00:00+00:00, run_after=2026-02-13 00:00:00+00:00
[2026-02-12T17:11:51.456+0000] {processor.py:183} INFO - Processing /opt/airflow/dags/product_pipeline_dag.py took 0.239 seconds
[2026-02-12T17:12:22.955+0000] {processor.py:161} INFO - Started process (PID=5419) to work on /opt/airflow/dags/product_pipeline_dag.py
[2026-02-12T17:12:22.958+0000] {processor.py:830} INFO - Processing file /opt/airflow/dags/product_pipeline_dag.py for tasks to queue
[2026-02-12T17:12:22.963+0000] {logging_mixin.py:188} INFO - [2026-02-12T17:12:22.962+0000] {dagbag.py:545} INFO - Filling up the DagBag from /opt/airflow/dags/product_pipeline_dag.py
[2026-02-12T17:12:23.006+0000] {processor.py:840} INFO - DAG(s) 'product_price_pipeline' retrieved from /opt/airflow/dags/product_pipeline_dag.py
[2026-02-12T17:12:23.073+0000] {logging_mixin.py:188} INFO - [2026-02-12T17:12:23.072+0000] {dag.py:3089} INFO - Sync 1 DAGs
[2026-02-12T17:12:23.133+0000] {logging_mixin.py:188} INFO - [2026-02-12T17:12:23.133+0000] {dag.py:3947} INFO - Setting next_dagrun for product_price_pipeline to 2026-02-12 00:00:00+00:00, run_after=2026-02-13 00:00:00+00:00
[2026-02-12T17:12:23.186+0000] {processor.py:183} INFO - Processing /opt/airflow/dags/product_pipeline_dag.py took 0.247 seconds
[2026-02-12T17:12:55.266+0000] {processor.py:161} INFO - Started process (PID=5448) to work on /opt/airflow/dags/product_pipeline_dag.py
[2026-02-12T17:12:55.268+0000] {processor.py:830} INFO - Processing file /opt/airflow/dags/product_pipeline_dag.py for tasks to queue
[2026-02-12T17:12:55.272+0000] {logging_mixin.py:188} INFO - [2026-02-12T17:12:55.271+0000] {dagbag.py:545} INFO - Filling up the DagBag from /opt/airflow/dags/product_pipeline_dag.py
[2026-02-12T17:12:55.329+0000] {processor.py:840} INFO - DAG(s) 'product_price_pipeline' retrieved from /opt/airflow/dags/product_pipeline_dag.py
[2026-02-12T17:12:55.406+0000] {logging_mixin.py:188} INFO - [2026-02-12T17:12:55.406+0000] {dag.py:3089} INFO - Sync 1 DAGs
[2026-02-12T17:12:55.450+0000] {logging_mixin.py:188} INFO - [2026-02-12T17:12:55.450+0000] {dag.py:3947} INFO - Setting next_dagrun for product_price_pipeline to 2026-02-12 00:00:00+00:00, run_after=2026-02-13 00:00:00+00:00
[2026-02-12T17:12:55.496+0000] {processor.py:183} INFO - Processing /opt/airflow/dags/product_pipeline_dag.py took 0.241 seconds
[2026-02-12T17:13:27.426+0000] {processor.py:161} INFO - Started process (PID=5477) to work on /opt/airflow/dags/product_pipeline_dag.py
[2026-02-12T17:13:27.429+0000] {processor.py:830} INFO - Processing file /opt/airflow/dags/product_pipeline_dag.py for tasks to queue
[2026-02-12T17:13:27.435+0000] {logging_mixin.py:188} INFO - [2026-02-12T17:13:27.434+0000] {dagbag.py:545} INFO - Filling up the DagBag from /opt/airflow/dags/product_pipeline_dag.py
[2026-02-12T17:13:27.552+0000] {processor.py:840} INFO - DAG(s) 'product_price_pipeline' retrieved from /opt/airflow/dags/product_pipeline_dag.py
[2026-02-12T17:13:27.733+0000] {logging_mixin.py:188} INFO - [2026-02-12T17:13:27.731+0000] {dag.py:3089} INFO - Sync 1 DAGs
[2026-02-12T17:13:27.828+0000] {logging_mixin.py:188} INFO - [2026-02-12T17:13:27.824+0000] {dag.py:3947} INFO - Setting next_dagrun for product_price_pipeline to 2026-02-12 00:00:00+00:00, run_after=2026-02-13 00:00:00+00:00
[2026-02-12T17:13:27.888+0000] {processor.py:183} INFO - Processing /opt/airflow/dags/product_pipeline_dag.py took 0.475 seconds
[2026-02-12T17:13:58.808+0000] {processor.py:161} INFO - Started process (PID=5506) to work on /opt/airflow/dags/product_pipeline_dag.py
[2026-02-12T17:13:58.811+0000] {processor.py:830} INFO - Processing file /opt/airflow/dags/product_pipeline_dag.py for tasks to queue
[2026-02-12T17:13:58.817+0000] {logging_mixin.py:188} INFO - [2026-02-12T17:13:58.816+0000] {dagbag.py:545} INFO - Filling up the DagBag from /opt/airflow/dags/product_pipeline_dag.py
[2026-02-12T17:13:58.937+0000] {processor.py:840} INFO - DAG(s) 'product_price_pipeline' retrieved from /opt/airflow/dags/product_pipeline_dag.py
[2026-02-12T17:13:59.013+0000] {logging_mixin.py:188} INFO - [2026-02-12T17:13:59.012+0000] {dag.py:3089} INFO - Sync 1 DAGs
[2026-02-12T17:13:59.052+0000] {logging_mixin.py:188} INFO - [2026-02-12T17:13:59.052+0000] {dag.py:3947} INFO - Setting next_dagrun for product_price_pipeline to 2026-02-12 00:00:00+00:00, run_after=2026-02-13 00:00:00+00:00
[2026-02-12T17:13:59.080+0000] {processor.py:183} INFO - Processing /opt/airflow/dags/product_pipeline_dag.py took 0.292 seconds
[2026-02-12T17:14:30.744+0000] {processor.py:161} INFO - Started process (PID=5535) to work on /opt/airflow/dags/product_pipeline_dag.py
[2026-02-12T17:14:30.746+0000] {processor.py:830} INFO - Processing file /opt/airflow/dags/product_pipeline_dag.py for tasks to queue
[2026-02-12T17:14:30.751+0000] {logging_mixin.py:188} INFO - [2026-02-12T17:14:30.750+0000] {dagbag.py:545} INFO - Filling up the DagBag from /opt/airflow/dags/product_pipeline_dag.py
[2026-02-12T17:14:30.811+0000] {processor.py:840} INFO - DAG(s) 'product_price_pipeline' retrieved from /opt/airflow/dags/product_pipeline_dag.py
[2026-02-12T17:14:30.869+0000] {logging_mixin.py:188} INFO - [2026-02-12T17:14:30.868+0000] {dag.py:3089} INFO - Sync 1 DAGs
[2026-02-12T17:14:30.902+0000] {logging_mixin.py:188} INFO - [2026-02-12T17:14:30.902+0000] {dag.py:3947} INFO - Setting next_dagrun for product_price_pipeline to 2026-02-12 00:00:00+00:00, run_after=2026-02-13 00:00:00+00:00
[2026-02-12T17:14:30.933+0000] {processor.py:183} INFO - Processing /opt/airflow/dags/product_pipeline_dag.py took 0.203 seconds
[2026-02-12T17:15:06.212+0000] {processor.py:161} INFO - Started process (PID=5564) to work on /opt/airflow/dags/product_pipeline_dag.py
[2026-02-12T17:15:06.218+0000] {processor.py:830} INFO - Processing file /opt/airflow/dags/product_pipeline_dag.py for tasks to queue
[2026-02-12T17:15:06.237+0000] {logging_mixin.py:188} INFO - [2026-02-12T17:15:06.234+0000] {dagbag.py:545} INFO - Filling up the DagBag from /opt/airflow/dags/product_pipeline_dag.py
[2026-02-12T17:15:06.378+0000] {processor.py:840} INFO - DAG(s) 'product_price_pipeline' retrieved from /opt/airflow/dags/product_pipeline_dag.py
[2026-02-12T17:15:06.485+0000] {logging_mixin.py:188} INFO - [2026-02-12T17:15:06.483+0000] {dag.py:3089} INFO - Sync 1 DAGs
[2026-02-12T17:15:06.606+0000] {logging_mixin.py:188} INFO - [2026-02-12T17:15:06.605+0000] {dag.py:3947} INFO - Setting next_dagrun for product_price_pipeline to 2026-02-12 00:00:00+00:00, run_after=2026-02-13 00:00:00+00:00
[2026-02-12T17:15:06.740+0000] {processor.py:183} INFO - Processing /opt/airflow/dags/product_pipeline_dag.py took 0.550 seconds
[2026-02-12T17:15:38.348+0000] {processor.py:161} INFO - Started process (PID=5593) to work on /opt/airflow/dags/product_pipeline_dag.py
[2026-02-12T17:15:38.352+0000] {processor.py:830} INFO - Processing file /opt/airflow/dags/product_pipeline_dag.py for tasks to queue
[2026-02-12T17:15:38.359+0000] {logging_mixin.py:188} INFO - [2026-02-12T17:15:38.357+0000] {dagbag.py:545} INFO - Filling up the DagBag from /opt/airflow/dags/product_pipeline_dag.py
[2026-02-12T17:15:38.419+0000] {processor.py:840} INFO - DAG(s) 'product_price_pipeline' retrieved from /opt/airflow/dags/product_pipeline_dag.py
[2026-02-12T17:15:38.485+0000] {logging_mixin.py:188} INFO - [2026-02-12T17:15:38.485+0000] {dag.py:3089} INFO - Sync 1 DAGs
[2026-02-12T17:15:38.521+0000] {logging_mixin.py:188} INFO - [2026-02-12T17:15:38.521+0000] {dag.py:3947} INFO - Setting next_dagrun for product_price_pipeline to 2026-02-12 00:00:00+00:00, run_after=2026-02-13 00:00:00+00:00
[2026-02-12T17:15:38.564+0000] {processor.py:183} INFO - Processing /opt/airflow/dags/product_pipeline_dag.py took 0.237 seconds
[2026-02-12T17:16:10.201+0000] {processor.py:161} INFO - Started process (PID=5622) to work on /opt/airflow/dags/product_pipeline_dag.py
[2026-02-12T17:16:10.205+0000] {processor.py:830} INFO - Processing file /opt/airflow/dags/product_pipeline_dag.py for tasks to queue
[2026-02-12T17:16:10.212+0000] {logging_mixin.py:188} INFO - [2026-02-12T17:16:10.211+0000] {dagbag.py:545} INFO - Filling up the DagBag from /opt/airflow/dags/product_pipeline_dag.py
[2026-02-12T17:16:10.266+0000] {processor.py:840} INFO - DAG(s) 'product_price_pipeline' retrieved from /opt/airflow/dags/product_pipeline_dag.py
[2026-02-12T17:16:10.308+0000] {logging_mixin.py:188} INFO - [2026-02-12T17:16:10.308+0000] {dag.py:3089} INFO - Sync 1 DAGs
[2026-02-12T17:16:10.338+0000] {logging_mixin.py:188} INFO - [2026-02-12T17:16:10.338+0000] {dag.py:3947} INFO - Setting next_dagrun for product_price_pipeline to 2026-02-12 00:00:00+00:00, run_after=2026-02-13 00:00:00+00:00
[2026-02-12T17:16:10.373+0000] {processor.py:183} INFO - Processing /opt/airflow/dags/product_pipeline_dag.py took 0.180 seconds
[2026-02-12T17:16:41.482+0000] {processor.py:161} INFO - Started process (PID=5651) to work on /opt/airflow/dags/product_pipeline_dag.py
[2026-02-12T17:16:41.486+0000] {processor.py:830} INFO - Processing file /opt/airflow/dags/product_pipeline_dag.py for tasks to queue
[2026-02-12T17:16:41.489+0000] {logging_mixin.py:188} INFO - [2026-02-12T17:16:41.489+0000] {dagbag.py:545} INFO - Filling up the DagBag from /opt/airflow/dags/product_pipeline_dag.py
[2026-02-12T17:16:41.542+0000] {processor.py:840} INFO - DAG(s) 'product_price_pipeline' retrieved from /opt/airflow/dags/product_pipeline_dag.py
[2026-02-12T17:16:41.588+0000] {logging_mixin.py:188} INFO - [2026-02-12T17:16:41.588+0000] {dag.py:3089} INFO - Sync 1 DAGs
[2026-02-12T17:16:41.623+0000] {logging_mixin.py:188} INFO - [2026-02-12T17:16:41.623+0000] {dag.py:3947} INFO - Setting next_dagrun for product_price_pipeline to 2026-02-12 00:00:00+00:00, run_after=2026-02-13 00:00:00+00:00
[2026-02-12T17:16:41.662+0000] {processor.py:183} INFO - Processing /opt/airflow/dags/product_pipeline_dag.py took 0.190 seconds
[2026-02-12T17:17:12.807+0000] {processor.py:161} INFO - Started process (PID=5680) to work on /opt/airflow/dags/product_pipeline_dag.py
[2026-02-12T17:17:12.810+0000] {processor.py:830} INFO - Processing file /opt/airflow/dags/product_pipeline_dag.py for tasks to queue
[2026-02-12T17:17:12.814+0000] {logging_mixin.py:188} INFO - [2026-02-12T17:17:12.813+0000] {dagbag.py:545} INFO - Filling up the DagBag from /opt/airflow/dags/product_pipeline_dag.py
[2026-02-12T17:17:12.870+0000] {processor.py:840} INFO - DAG(s) 'product_price_pipeline' retrieved from /opt/airflow/dags/product_pipeline_dag.py
[2026-02-12T17:17:12.935+0000] {logging_mixin.py:188} INFO - [2026-02-12T17:17:12.935+0000] {dag.py:3089} INFO - Sync 1 DAGs
[2026-02-12T17:17:12.971+0000] {logging_mixin.py:188} INFO - [2026-02-12T17:17:12.971+0000] {dag.py:3947} INFO - Setting next_dagrun for product_price_pipeline to 2026-02-12 00:00:00+00:00, run_after=2026-02-13 00:00:00+00:00
[2026-02-12T17:17:13.009+0000] {processor.py:183} INFO - Processing /opt/airflow/dags/product_pipeline_dag.py took 0.217 seconds
[2026-02-12T17:17:44.875+0000] {processor.py:161} INFO - Started process (PID=5711) to work on /opt/airflow/dags/product_pipeline_dag.py
[2026-02-12T17:17:44.878+0000] {processor.py:830} INFO - Processing file /opt/airflow/dags/product_pipeline_dag.py for tasks to queue
[2026-02-12T17:17:44.881+0000] {logging_mixin.py:188} INFO - [2026-02-12T17:17:44.880+0000] {dagbag.py:545} INFO - Filling up the DagBag from /opt/airflow/dags/product_pipeline_dag.py
[2026-02-12T17:17:44.931+0000] {processor.py:840} INFO - DAG(s) 'product_price_pipeline' retrieved from /opt/airflow/dags/product_pipeline_dag.py
[2026-02-12T17:17:44.983+0000] {logging_mixin.py:188} INFO - [2026-02-12T17:17:44.983+0000] {dag.py:3089} INFO - Sync 1 DAGs
[2026-02-12T17:17:45.030+0000] {logging_mixin.py:188} INFO - [2026-02-12T17:17:45.030+0000] {dag.py:3947} INFO - Setting next_dagrun for product_price_pipeline to 2026-02-12 00:00:00+00:00, run_after=2026-02-13 00:00:00+00:00
[2026-02-12T17:17:45.081+0000] {processor.py:183} INFO - Processing /opt/airflow/dags/product_pipeline_dag.py took 0.215 seconds
[2026-02-12T17:18:16.570+0000] {processor.py:161} INFO - Started process (PID=5738) to work on /opt/airflow/dags/product_pipeline_dag.py
[2026-02-12T17:18:16.572+0000] {processor.py:830} INFO - Processing file /opt/airflow/dags/product_pipeline_dag.py for tasks to queue
[2026-02-12T17:18:16.578+0000] {logging_mixin.py:188} INFO - [2026-02-12T17:18:16.578+0000] {dagbag.py:545} INFO - Filling up the DagBag from /opt/airflow/dags/product_pipeline_dag.py
[2026-02-12T17:18:16.613+0000] {processor.py:840} INFO - DAG(s) 'product_price_pipeline' retrieved from /opt/airflow/dags/product_pipeline_dag.py
[2026-02-12T17:18:16.662+0000] {logging_mixin.py:188} INFO - [2026-02-12T17:18:16.662+0000] {dag.py:3089} INFO - Sync 1 DAGs
[2026-02-12T17:18:16.695+0000] {logging_mixin.py:188} INFO - [2026-02-12T17:18:16.694+0000] {dag.py:3947} INFO - Setting next_dagrun for product_price_pipeline to 2026-02-12 00:00:00+00:00, run_after=2026-02-13 00:00:00+00:00
[2026-02-12T17:18:16.729+0000] {processor.py:183} INFO - Processing /opt/airflow/dags/product_pipeline_dag.py took 0.167 seconds
[2026-02-12T17:22:19.349+0000] {processor.py:161} INFO - Started process (PID=5765) to work on /opt/airflow/dags/product_pipeline_dag.py
[2026-02-12T17:22:19.353+0000] {processor.py:830} INFO - Processing file /opt/airflow/dags/product_pipeline_dag.py for tasks to queue
[2026-02-12T17:22:19.381+0000] {logging_mixin.py:188} INFO - [2026-02-12T17:22:19.377+0000] {dagbag.py:545} INFO - Filling up the DagBag from /opt/airflow/dags/product_pipeline_dag.py
[2026-02-12T17:22:19.549+0000] {processor.py:840} INFO - DAG(s) 'product_price_pipeline' retrieved from /opt/airflow/dags/product_pipeline_dag.py
[2026-02-12T17:22:20.070+0000] {logging_mixin.py:188} INFO - [2026-02-12T17:22:20.069+0000] {dag.py:3089} INFO - Sync 1 DAGs
[2026-02-12T17:22:20.550+0000] {logging_mixin.py:188} INFO - [2026-02-12T17:22:20.549+0000] {dag.py:3947} INFO - Setting next_dagrun for product_price_pipeline to 2026-02-12 00:00:00+00:00, run_after=2026-02-13 00:00:00+00:00
[2026-02-12T17:22:20.692+0000] {processor.py:183} INFO - Processing /opt/airflow/dags/product_pipeline_dag.py took 1.431 seconds
[2026-02-12T17:22:51.389+0000] {processor.py:161} INFO - Started process (PID=5792) to work on /opt/airflow/dags/product_pipeline_dag.py
[2026-02-12T17:22:51.396+0000] {processor.py:830} INFO - Processing file /opt/airflow/dags/product_pipeline_dag.py for tasks to queue
[2026-02-12T17:22:51.401+0000] {logging_mixin.py:188} INFO - [2026-02-12T17:22:51.400+0000] {dagbag.py:545} INFO - Filling up the DagBag from /opt/airflow/dags/product_pipeline_dag.py
[2026-02-12T17:22:51.462+0000] {processor.py:840} INFO - DAG(s) 'product_price_pipeline' retrieved from /opt/airflow/dags/product_pipeline_dag.py
[2026-02-12T17:22:51.528+0000] {logging_mixin.py:188} INFO - [2026-02-12T17:22:51.527+0000] {dag.py:3089} INFO - Sync 1 DAGs
[2026-02-12T17:22:51.578+0000] {logging_mixin.py:188} INFO - [2026-02-12T17:22:51.578+0000] {dag.py:3947} INFO - Setting next_dagrun for product_price_pipeline to 2026-02-12 00:00:00+00:00, run_after=2026-02-13 00:00:00+00:00
[2026-02-12T17:22:51.625+0000] {processor.py:183} INFO - Processing /opt/airflow/dags/product_pipeline_dag.py took 0.246 seconds
[2026-02-12T17:23:22.752+0000] {processor.py:161} INFO - Started process (PID=5821) to work on /opt/airflow/dags/product_pipeline_dag.py
[2026-02-12T17:23:22.754+0000] {processor.py:830} INFO - Processing file /opt/airflow/dags/product_pipeline_dag.py for tasks to queue
[2026-02-12T17:23:22.758+0000] {logging_mixin.py:188} INFO - [2026-02-12T17:23:22.758+0000] {dagbag.py:545} INFO - Filling up the DagBag from /opt/airflow/dags/product_pipeline_dag.py
[2026-02-12T17:23:22.813+0000] {processor.py:840} INFO - DAG(s) 'product_price_pipeline' retrieved from /opt/airflow/dags/product_pipeline_dag.py
[2026-02-12T17:23:22.878+0000] {logging_mixin.py:188} INFO - [2026-02-12T17:23:22.877+0000] {dag.py:3089} INFO - Sync 1 DAGs
[2026-02-12T17:23:22.913+0000] {logging_mixin.py:188} INFO - [2026-02-12T17:23:22.913+0000] {dag.py:3947} INFO - Setting next_dagrun for product_price_pipeline to 2026-02-12 00:00:00+00:00, run_after=2026-02-13 00:00:00+00:00
[2026-02-12T17:23:22.944+0000] {processor.py:183} INFO - Processing /opt/airflow/dags/product_pipeline_dag.py took 0.204 seconds
[2026-02-12T17:23:54.850+0000] {processor.py:161} INFO - Started process (PID=5850) to work on /opt/airflow/dags/product_pipeline_dag.py
[2026-02-12T17:23:54.866+0000] {processor.py:830} INFO - Processing file /opt/airflow/dags/product_pipeline_dag.py for tasks to queue
[2026-02-12T17:23:54.873+0000] {logging_mixin.py:188} INFO - [2026-02-12T17:23:54.871+0000] {dagbag.py:545} INFO - Filling up the DagBag from /opt/airflow/dags/product_pipeline_dag.py
[2026-02-12T17:23:54.934+0000] {processor.py:840} INFO - DAG(s) 'product_price_pipeline' retrieved from /opt/airflow/dags/product_pipeline_dag.py
[2026-02-12T17:23:54.987+0000] {logging_mixin.py:188} INFO - [2026-02-12T17:23:54.987+0000] {dag.py:3089} INFO - Sync 1 DAGs
[2026-02-12T17:23:55.030+0000] {logging_mixin.py:188} INFO - [2026-02-12T17:23:55.029+0000] {dag.py:3947} INFO - Setting next_dagrun for product_price_pipeline to 2026-02-12 00:00:00+00:00, run_after=2026-02-13 00:00:00+00:00
[2026-02-12T17:23:55.081+0000] {processor.py:183} INFO - Processing /opt/airflow/dags/product_pipeline_dag.py took 0.245 seconds
[2026-02-12T17:24:27.065+0000] {processor.py:161} INFO - Started process (PID=5879) to work on /opt/airflow/dags/product_pipeline_dag.py
[2026-02-12T17:24:27.067+0000] {processor.py:830} INFO - Processing file /opt/airflow/dags/product_pipeline_dag.py for tasks to queue
[2026-02-12T17:24:27.071+0000] {logging_mixin.py:188} INFO - [2026-02-12T17:24:27.070+0000] {dagbag.py:545} INFO - Filling up the DagBag from /opt/airflow/dags/product_pipeline_dag.py
[2026-02-12T17:24:27.138+0000] {processor.py:840} INFO - DAG(s) 'product_price_pipeline' retrieved from /opt/airflow/dags/product_pipeline_dag.py
[2026-02-12T17:24:27.244+0000] {logging_mixin.py:188} INFO - [2026-02-12T17:24:27.244+0000] {dag.py:3089} INFO - Sync 1 DAGs
[2026-02-12T17:24:27.290+0000] {logging_mixin.py:188} INFO - [2026-02-12T17:24:27.289+0000] {dag.py:3947} INFO - Setting next_dagrun for product_price_pipeline to 2026-02-12 00:00:00+00:00, run_after=2026-02-13 00:00:00+00:00
[2026-02-12T17:24:27.352+0000] {processor.py:183} INFO - Processing /opt/airflow/dags/product_pipeline_dag.py took 0.301 seconds
[2026-02-12T17:24:59.028+0000] {processor.py:161} INFO - Started process (PID=5908) to work on /opt/airflow/dags/product_pipeline_dag.py
[2026-02-12T17:24:59.031+0000] {processor.py:830} INFO - Processing file /opt/airflow/dags/product_pipeline_dag.py for tasks to queue
[2026-02-12T17:24:59.036+0000] {logging_mixin.py:188} INFO - [2026-02-12T17:24:59.035+0000] {dagbag.py:545} INFO - Filling up the DagBag from /opt/airflow/dags/product_pipeline_dag.py
[2026-02-12T17:24:59.101+0000] {processor.py:840} INFO - DAG(s) 'product_price_pipeline' retrieved from /opt/airflow/dags/product_pipeline_dag.py
[2026-02-12T17:24:59.155+0000] {logging_mixin.py:188} INFO - [2026-02-12T17:24:59.155+0000] {dag.py:3089} INFO - Sync 1 DAGs
[2026-02-12T17:24:59.202+0000] {logging_mixin.py:188} INFO - [2026-02-12T17:24:59.202+0000] {dag.py:3947} INFO - Setting next_dagrun for product_price_pipeline to 2026-02-12 00:00:00+00:00, run_after=2026-02-13 00:00:00+00:00
[2026-02-12T17:24:59.247+0000] {processor.py:183} INFO - Processing /opt/airflow/dags/product_pipeline_dag.py took 0.230 seconds
[2026-02-12T17:25:31.050+0000] {processor.py:161} INFO - Started process (PID=5937) to work on /opt/airflow/dags/product_pipeline_dag.py
[2026-02-12T17:25:31.054+0000] {processor.py:830} INFO - Processing file /opt/airflow/dags/product_pipeline_dag.py for tasks to queue
[2026-02-12T17:25:31.060+0000] {logging_mixin.py:188} INFO - [2026-02-12T17:25:31.058+0000] {dagbag.py:545} INFO - Filling up the DagBag from /opt/airflow/dags/product_pipeline_dag.py
[2026-02-12T17:25:31.156+0000] {processor.py:840} INFO - DAG(s) 'product_price_pipeline' retrieved from /opt/airflow/dags/product_pipeline_dag.py
[2026-02-12T17:25:31.231+0000] {logging_mixin.py:188} INFO - [2026-02-12T17:25:31.230+0000] {dag.py:3089} INFO - Sync 1 DAGs
[2026-02-12T17:25:31.282+0000] {logging_mixin.py:188} INFO - [2026-02-12T17:25:31.282+0000] {dag.py:3947} INFO - Setting next_dagrun for product_price_pipeline to 2026-02-12 00:00:00+00:00, run_after=2026-02-13 00:00:00+00:00
[2026-02-12T17:25:31.326+0000] {processor.py:183} INFO - Processing /opt/airflow/dags/product_pipeline_dag.py took 0.296 seconds
