[2026-02-13T03:51:06.363+0000] {processor.py:161} INFO - Started process (PID=5955) to work on /opt/airflow/dags/scripts/loaders/load_refrigerators.py
[2026-02-13T03:51:06.371+0000] {processor.py:830} INFO - Processing file /opt/airflow/dags/scripts/loaders/load_refrigerators.py for tasks to queue
[2026-02-13T03:51:06.382+0000] {logging_mixin.py:188} INFO - [2026-02-13T03:51:06.379+0000] {dagbag.py:545} INFO - Filling up the DagBag from /opt/airflow/dags/scripts/loaders/load_refrigerators.py
[2026-02-13T03:52:34.169+0000] {processor.py:161} INFO - Started process (PID=6094) to work on /opt/airflow/dags/scripts/loaders/load_refrigerators.py
[2026-02-13T03:52:34.174+0000] {processor.py:830} INFO - Processing file /opt/airflow/dags/scripts/loaders/load_refrigerators.py for tasks to queue
[2026-02-13T03:52:34.178+0000] {logging_mixin.py:188} INFO - [2026-02-13T03:52:34.178+0000] {dagbag.py:545} INFO - Filling up the DagBag from /opt/airflow/dags/scripts/loaders/load_refrigerators.py
[2026-02-13T03:52:39.194+0000] {logging_mixin.py:188} INFO - 🚀 Loading REFRIGERATORS data
[2026-02-13T03:52:43.848+0000] {logging_mixin.py:188} INFO - ✅ Refrigerators table refreshed successfully
[2026-02-13T03:52:43.849+0000] {processor.py:842} WARNING - No viable dags retrieved from /opt/airflow/dags/scripts/loaders/load_refrigerators.py
[2026-02-13T03:52:43.903+0000] {processor.py:183} INFO - Processing /opt/airflow/dags/scripts/loaders/load_refrigerators.py took 9.754 seconds
[2026-02-13T03:53:15.157+0000] {processor.py:161} INFO - Started process (PID=6126) to work on /opt/airflow/dags/scripts/loaders/load_refrigerators.py
[2026-02-13T03:53:15.167+0000] {processor.py:830} INFO - Processing file /opt/airflow/dags/scripts/loaders/load_refrigerators.py for tasks to queue
[2026-02-13T03:53:15.190+0000] {logging_mixin.py:188} INFO - [2026-02-13T03:53:15.185+0000] {dagbag.py:545} INFO - Filling up the DagBag from /opt/airflow/dags/scripts/loaders/load_refrigerators.py
[2026-02-13T03:53:19.355+0000] {logging_mixin.py:188} INFO - 🚀 Loading REFRIGERATORS data
[2026-02-13T03:53:19.650+0000] {logging_mixin.py:188} INFO - ✅ Refrigerators table refreshed successfully
[2026-02-13T03:53:19.651+0000] {processor.py:842} WARNING - No viable dags retrieved from /opt/airflow/dags/scripts/loaders/load_refrigerators.py
[2026-02-13T03:53:19.676+0000] {processor.py:183} INFO - Processing /opt/airflow/dags/scripts/loaders/load_refrigerators.py took 4.561 seconds
[2026-02-13T03:53:49.979+0000] {processor.py:161} INFO - Started process (PID=6155) to work on /opt/airflow/dags/scripts/loaders/load_refrigerators.py
[2026-02-13T03:53:49.982+0000] {processor.py:830} INFO - Processing file /opt/airflow/dags/scripts/loaders/load_refrigerators.py for tasks to queue
[2026-02-13T03:53:49.987+0000] {logging_mixin.py:188} INFO - [2026-02-13T03:53:49.986+0000] {dagbag.py:545} INFO - Filling up the DagBag from /opt/airflow/dags/scripts/loaders/load_refrigerators.py
[2026-02-13T03:53:50.879+0000] {logging_mixin.py:188} INFO - 🚀 Loading REFRIGERATORS data
[2026-02-13T03:53:51.045+0000] {logging_mixin.py:188} INFO - ✅ Refrigerators table refreshed successfully
[2026-02-13T03:53:51.047+0000] {processor.py:842} WARNING - No viable dags retrieved from /opt/airflow/dags/scripts/loaders/load_refrigerators.py
[2026-02-13T03:53:51.136+0000] {processor.py:183} INFO - Processing /opt/airflow/dags/scripts/loaders/load_refrigerators.py took 1.172 seconds
[2026-02-13T03:54:21.935+0000] {processor.py:161} INFO - Started process (PID=6184) to work on /opt/airflow/dags/scripts/loaders/load_refrigerators.py
[2026-02-13T03:54:21.939+0000] {processor.py:830} INFO - Processing file /opt/airflow/dags/scripts/loaders/load_refrigerators.py for tasks to queue
[2026-02-13T03:54:21.944+0000] {logging_mixin.py:188} INFO - [2026-02-13T03:54:21.943+0000] {dagbag.py:545} INFO - Filling up the DagBag from /opt/airflow/dags/scripts/loaders/load_refrigerators.py
[2026-02-13T03:54:22.945+0000] {logging_mixin.py:188} INFO - 🚀 Loading REFRIGERATORS data
[2026-02-13T03:54:23.155+0000] {logging_mixin.py:188} INFO - ✅ Refrigerators table refreshed successfully
[2026-02-13T03:54:23.157+0000] {processor.py:842} WARNING - No viable dags retrieved from /opt/airflow/dags/scripts/loaders/load_refrigerators.py
[2026-02-13T03:54:23.183+0000] {processor.py:183} INFO - Processing /opt/airflow/dags/scripts/loaders/load_refrigerators.py took 1.256 seconds
[2026-02-13T03:54:53.867+0000] {processor.py:161} INFO - Started process (PID=6213) to work on /opt/airflow/dags/scripts/loaders/load_refrigerators.py
[2026-02-13T03:54:53.872+0000] {processor.py:830} INFO - Processing file /opt/airflow/dags/scripts/loaders/load_refrigerators.py for tasks to queue
[2026-02-13T03:54:53.875+0000] {logging_mixin.py:188} INFO - [2026-02-13T03:54:53.874+0000] {dagbag.py:545} INFO - Filling up the DagBag from /opt/airflow/dags/scripts/loaders/load_refrigerators.py
[2026-02-13T03:54:54.608+0000] {logging_mixin.py:188} INFO - 🚀 Loading REFRIGERATORS data
[2026-02-13T03:54:54.809+0000] {logging_mixin.py:188} INFO - ✅ Refrigerators table refreshed successfully
[2026-02-13T03:54:54.810+0000] {processor.py:842} WARNING - No viable dags retrieved from /opt/airflow/dags/scripts/loaders/load_refrigerators.py
[2026-02-13T03:54:54.835+0000] {processor.py:183} INFO - Processing /opt/airflow/dags/scripts/loaders/load_refrigerators.py took 0.980 seconds
[2026-02-13T03:55:25.176+0000] {processor.py:161} INFO - Started process (PID=6242) to work on /opt/airflow/dags/scripts/loaders/load_refrigerators.py
[2026-02-13T03:55:25.180+0000] {processor.py:830} INFO - Processing file /opt/airflow/dags/scripts/loaders/load_refrigerators.py for tasks to queue
[2026-02-13T03:55:25.186+0000] {logging_mixin.py:188} INFO - [2026-02-13T03:55:25.184+0000] {dagbag.py:545} INFO - Filling up the DagBag from /opt/airflow/dags/scripts/loaders/load_refrigerators.py
[2026-02-13T03:55:26.126+0000] {logging_mixin.py:188} INFO - 🚀 Loading REFRIGERATORS data
[2026-02-13T03:55:26.283+0000] {logging_mixin.py:188} INFO - ✅ Refrigerators table refreshed successfully
[2026-02-13T03:55:26.285+0000] {processor.py:842} WARNING - No viable dags retrieved from /opt/airflow/dags/scripts/loaders/load_refrigerators.py
[2026-02-13T03:55:26.315+0000] {processor.py:183} INFO - Processing /opt/airflow/dags/scripts/loaders/load_refrigerators.py took 1.155 seconds
[2026-02-13T03:55:58.490+0000] {processor.py:161} INFO - Started process (PID=6271) to work on /opt/airflow/dags/scripts/loaders/load_refrigerators.py
[2026-02-13T03:55:58.493+0000] {processor.py:830} INFO - Processing file /opt/airflow/dags/scripts/loaders/load_refrigerators.py for tasks to queue
[2026-02-13T03:55:58.498+0000] {logging_mixin.py:188} INFO - [2026-02-13T03:55:58.497+0000] {dagbag.py:545} INFO - Filling up the DagBag from /opt/airflow/dags/scripts/loaders/load_refrigerators.py
[2026-02-13T03:55:59.452+0000] {logging_mixin.py:188} INFO - 🚀 Loading REFRIGERATORS data
[2026-02-13T03:55:59.697+0000] {logging_mixin.py:188} INFO - ✅ Refrigerators table refreshed successfully
[2026-02-13T03:55:59.698+0000] {processor.py:842} WARNING - No viable dags retrieved from /opt/airflow/dags/scripts/loaders/load_refrigerators.py
[2026-02-13T03:55:59.740+0000] {processor.py:183} INFO - Processing /opt/airflow/dags/scripts/loaders/load_refrigerators.py took 1.261 seconds
[2026-02-13T03:56:30.221+0000] {processor.py:161} INFO - Started process (PID=6300) to work on /opt/airflow/dags/scripts/loaders/load_refrigerators.py
[2026-02-13T03:56:30.223+0000] {processor.py:830} INFO - Processing file /opt/airflow/dags/scripts/loaders/load_refrigerators.py for tasks to queue
[2026-02-13T03:56:30.227+0000] {logging_mixin.py:188} INFO - [2026-02-13T03:56:30.227+0000] {dagbag.py:545} INFO - Filling up the DagBag from /opt/airflow/dags/scripts/loaders/load_refrigerators.py
[2026-02-13T03:56:31.094+0000] {logging_mixin.py:188} INFO - 🚀 Loading REFRIGERATORS data
[2026-02-13T03:56:31.286+0000] {logging_mixin.py:188} INFO - ✅ Refrigerators table refreshed successfully
[2026-02-13T03:56:31.288+0000] {processor.py:842} WARNING - No viable dags retrieved from /opt/airflow/dags/scripts/loaders/load_refrigerators.py
[2026-02-13T03:56:31.317+0000] {processor.py:183} INFO - Processing /opt/airflow/dags/scripts/loaders/load_refrigerators.py took 1.107 seconds
[2026-02-13T03:57:01.988+0000] {processor.py:161} INFO - Started process (PID=6329) to work on /opt/airflow/dags/scripts/loaders/load_refrigerators.py
[2026-02-13T03:57:01.991+0000] {processor.py:830} INFO - Processing file /opt/airflow/dags/scripts/loaders/load_refrigerators.py for tasks to queue
[2026-02-13T03:57:01.995+0000] {logging_mixin.py:188} INFO - [2026-02-13T03:57:01.994+0000] {dagbag.py:545} INFO - Filling up the DagBag from /opt/airflow/dags/scripts/loaders/load_refrigerators.py
[2026-02-13T03:57:02.939+0000] {logging_mixin.py:188} INFO - 🚀 Loading REFRIGERATORS data
[2026-02-13T03:57:03.223+0000] {logging_mixin.py:188} INFO - ✅ Refrigerators table refreshed successfully
[2026-02-13T03:57:03.224+0000] {processor.py:842} WARNING - No viable dags retrieved from /opt/airflow/dags/scripts/loaders/load_refrigerators.py
[2026-02-13T03:57:03.264+0000] {processor.py:183} INFO - Processing /opt/airflow/dags/scripts/loaders/load_refrigerators.py took 1.290 seconds
[2026-02-13T03:57:33.690+0000] {processor.py:161} INFO - Started process (PID=6358) to work on /opt/airflow/dags/scripts/loaders/load_refrigerators.py
[2026-02-13T03:57:33.693+0000] {processor.py:830} INFO - Processing file /opt/airflow/dags/scripts/loaders/load_refrigerators.py for tasks to queue
[2026-02-13T03:57:33.697+0000] {logging_mixin.py:188} INFO - [2026-02-13T03:57:33.697+0000] {dagbag.py:545} INFO - Filling up the DagBag from /opt/airflow/dags/scripts/loaders/load_refrigerators.py
[2026-02-13T03:57:34.824+0000] {logging_mixin.py:188} INFO - 🚀 Loading REFRIGERATORS data
[2026-02-13T03:57:35.112+0000] {logging_mixin.py:188} INFO - ✅ Refrigerators table refreshed successfully
[2026-02-13T03:57:35.113+0000] {processor.py:842} WARNING - No viable dags retrieved from /opt/airflow/dags/scripts/loaders/load_refrigerators.py
[2026-02-13T03:57:35.151+0000] {processor.py:183} INFO - Processing /opt/airflow/dags/scripts/loaders/load_refrigerators.py took 1.475 seconds
[2026-02-13T03:58:05.444+0000] {processor.py:161} INFO - Started process (PID=6393) to work on /opt/airflow/dags/scripts/loaders/load_refrigerators.py
[2026-02-13T03:58:05.445+0000] {processor.py:830} INFO - Processing file /opt/airflow/dags/scripts/loaders/load_refrigerators.py for tasks to queue
[2026-02-13T03:58:05.449+0000] {logging_mixin.py:188} INFO - [2026-02-13T03:58:05.448+0000] {dagbag.py:545} INFO - Filling up the DagBag from /opt/airflow/dags/scripts/loaders/load_refrigerators.py
[2026-02-13T03:58:06.318+0000] {logging_mixin.py:188} INFO - 🚀 Loading REFRIGERATORS data
[2026-02-13T03:58:06.532+0000] {logging_mixin.py:188} INFO - ✅ Refrigerators table refreshed successfully
[2026-02-13T03:58:06.533+0000] {processor.py:842} WARNING - No viable dags retrieved from /opt/airflow/dags/scripts/loaders/load_refrigerators.py
[2026-02-13T03:58:06.563+0000] {processor.py:183} INFO - Processing /opt/airflow/dags/scripts/loaders/load_refrigerators.py took 1.129 seconds
[2026-02-13T03:58:37.724+0000] {processor.py:161} INFO - Started process (PID=6423) to work on /opt/airflow/dags/scripts/loaders/load_refrigerators.py
[2026-02-13T03:58:37.728+0000] {processor.py:830} INFO - Processing file /opt/airflow/dags/scripts/loaders/load_refrigerators.py for tasks to queue
[2026-02-13T03:58:37.734+0000] {logging_mixin.py:188} INFO - [2026-02-13T03:58:37.733+0000] {dagbag.py:545} INFO - Filling up the DagBag from /opt/airflow/dags/scripts/loaders/load_refrigerators.py
[2026-02-13T03:58:38.657+0000] {logging_mixin.py:188} INFO - 🚀 Loading REFRIGERATORS data
[2026-02-13T03:58:38.884+0000] {logging_mixin.py:188} INFO - ✅ Refrigerators table refreshed successfully
[2026-02-13T03:58:38.885+0000] {processor.py:842} WARNING - No viable dags retrieved from /opt/airflow/dags/scripts/loaders/load_refrigerators.py
[2026-02-13T03:58:38.925+0000] {processor.py:183} INFO - Processing /opt/airflow/dags/scripts/loaders/load_refrigerators.py took 1.224 seconds
[2026-02-13T03:59:09.407+0000] {processor.py:161} INFO - Started process (PID=6454) to work on /opt/airflow/dags/scripts/loaders/load_refrigerators.py
[2026-02-13T03:59:09.410+0000] {processor.py:830} INFO - Processing file /opt/airflow/dags/scripts/loaders/load_refrigerators.py for tasks to queue
[2026-02-13T03:59:09.415+0000] {logging_mixin.py:188} INFO - [2026-02-13T03:59:09.415+0000] {dagbag.py:545} INFO - Filling up the DagBag from /opt/airflow/dags/scripts/loaders/load_refrigerators.py
[2026-02-13T03:59:10.276+0000] {logging_mixin.py:188} INFO - 🚀 Loading REFRIGERATORS data
[2026-02-13T03:59:10.528+0000] {logging_mixin.py:188} INFO - ✅ Refrigerators table refreshed successfully
[2026-02-13T03:59:10.530+0000] {processor.py:842} WARNING - No viable dags retrieved from /opt/airflow/dags/scripts/loaders/load_refrigerators.py
[2026-02-13T03:59:10.569+0000] {processor.py:183} INFO - Processing /opt/airflow/dags/scripts/loaders/load_refrigerators.py took 1.178 seconds
[2026-02-13T03:59:40.716+0000] {processor.py:161} INFO - Started process (PID=6481) to work on /opt/airflow/dags/scripts/loaders/load_refrigerators.py
[2026-02-13T03:59:40.719+0000] {processor.py:830} INFO - Processing file /opt/airflow/dags/scripts/loaders/load_refrigerators.py for tasks to queue
[2026-02-13T03:59:40.726+0000] {logging_mixin.py:188} INFO - [2026-02-13T03:59:40.725+0000] {dagbag.py:545} INFO - Filling up the DagBag from /opt/airflow/dags/scripts/loaders/load_refrigerators.py
[2026-02-13T03:59:41.454+0000] {logging_mixin.py:188} INFO - 🚀 Loading REFRIGERATORS data
[2026-02-13T03:59:41.690+0000] {logging_mixin.py:188} INFO - ✅ Refrigerators table refreshed successfully
[2026-02-13T03:59:41.692+0000] {processor.py:842} WARNING - No viable dags retrieved from /opt/airflow/dags/scripts/loaders/load_refrigerators.py
[2026-02-13T03:59:41.713+0000] {processor.py:183} INFO - Processing /opt/airflow/dags/scripts/loaders/load_refrigerators.py took 1.015 seconds
[2026-02-13T04:00:11.870+0000] {processor.py:161} INFO - Started process (PID=6510) to work on /opt/airflow/dags/scripts/loaders/load_refrigerators.py
[2026-02-13T04:00:11.874+0000] {processor.py:830} INFO - Processing file /opt/airflow/dags/scripts/loaders/load_refrigerators.py for tasks to queue
[2026-02-13T04:00:11.882+0000] {logging_mixin.py:188} INFO - [2026-02-13T04:00:11.881+0000] {dagbag.py:545} INFO - Filling up the DagBag from /opt/airflow/dags/scripts/loaders/load_refrigerators.py
[2026-02-13T04:00:13.060+0000] {logging_mixin.py:188} INFO - 🚀 Loading REFRIGERATORS data
[2026-02-13T04:00:13.315+0000] {logging_mixin.py:188} INFO - ✅ Refrigerators table refreshed successfully
[2026-02-13T04:00:13.317+0000] {processor.py:842} WARNING - No viable dags retrieved from /opt/airflow/dags/scripts/loaders/load_refrigerators.py
[2026-02-13T04:00:13.333+0000] {processor.py:183} INFO - Processing /opt/airflow/dags/scripts/loaders/load_refrigerators.py took 1.486 seconds
[2026-02-13T04:00:44.024+0000] {processor.py:161} INFO - Started process (PID=6546) to work on /opt/airflow/dags/scripts/loaders/load_refrigerators.py
[2026-02-13T04:00:44.040+0000] {processor.py:830} INFO - Processing file /opt/airflow/dags/scripts/loaders/load_refrigerators.py for tasks to queue
[2026-02-13T04:00:44.045+0000] {logging_mixin.py:188} INFO - [2026-02-13T04:00:44.044+0000] {dagbag.py:545} INFO - Filling up the DagBag from /opt/airflow/dags/scripts/loaders/load_refrigerators.py
[2026-02-13T04:00:44.772+0000] {logging_mixin.py:188} INFO - 🚀 Loading REFRIGERATORS data
[2026-02-13T04:00:44.986+0000] {logging_mixin.py:188} INFO - ✅ Refrigerators table refreshed successfully
[2026-02-13T04:00:44.987+0000] {processor.py:842} WARNING - No viable dags retrieved from /opt/airflow/dags/scripts/loaders/load_refrigerators.py
[2026-02-13T04:00:45.018+0000] {processor.py:183} INFO - Processing /opt/airflow/dags/scripts/loaders/load_refrigerators.py took 1.007 seconds
[2026-02-13T04:01:15.297+0000] {processor.py:161} INFO - Started process (PID=6575) to work on /opt/airflow/dags/scripts/loaders/load_refrigerators.py
[2026-02-13T04:01:15.299+0000] {processor.py:830} INFO - Processing file /opt/airflow/dags/scripts/loaders/load_refrigerators.py for tasks to queue
[2026-02-13T04:01:15.302+0000] {logging_mixin.py:188} INFO - [2026-02-13T04:01:15.302+0000] {dagbag.py:545} INFO - Filling up the DagBag from /opt/airflow/dags/scripts/loaders/load_refrigerators.py
[2026-02-13T04:01:16.028+0000] {logging_mixin.py:188} INFO - 🚀 Loading REFRIGERATORS data
[2026-02-13T04:01:16.202+0000] {logging_mixin.py:188} INFO - ✅ Refrigerators table refreshed successfully
[2026-02-13T04:01:16.203+0000] {processor.py:842} WARNING - No viable dags retrieved from /opt/airflow/dags/scripts/loaders/load_refrigerators.py
[2026-02-13T04:01:16.225+0000] {processor.py:183} INFO - Processing /opt/airflow/dags/scripts/loaders/load_refrigerators.py took 0.940 seconds
[2026-02-13T04:01:46.610+0000] {processor.py:161} INFO - Started process (PID=6604) to work on /opt/airflow/dags/scripts/loaders/load_refrigerators.py
[2026-02-13T04:01:46.613+0000] {processor.py:830} INFO - Processing file /opt/airflow/dags/scripts/loaders/load_refrigerators.py for tasks to queue
[2026-02-13T04:01:46.616+0000] {logging_mixin.py:188} INFO - [2026-02-13T04:01:46.615+0000] {dagbag.py:545} INFO - Filling up the DagBag from /opt/airflow/dags/scripts/loaders/load_refrigerators.py
[2026-02-13T04:01:47.282+0000] {logging_mixin.py:188} INFO - 🚀 Loading REFRIGERATORS data
[2026-02-13T04:01:47.416+0000] {logging_mixin.py:188} INFO - ✅ Refrigerators table refreshed successfully
[2026-02-13T04:01:47.417+0000] {processor.py:842} WARNING - No viable dags retrieved from /opt/airflow/dags/scripts/loaders/load_refrigerators.py
[2026-02-13T04:01:47.436+0000] {processor.py:183} INFO - Processing /opt/airflow/dags/scripts/loaders/load_refrigerators.py took 0.835 seconds
[2026-02-13T04:02:17.551+0000] {processor.py:161} INFO - Started process (PID=6631) to work on /opt/airflow/dags/scripts/loaders/load_refrigerators.py
[2026-02-13T04:02:17.555+0000] {processor.py:830} INFO - Processing file /opt/airflow/dags/scripts/loaders/load_refrigerators.py for tasks to queue
[2026-02-13T04:02:17.563+0000] {logging_mixin.py:188} INFO - [2026-02-13T04:02:17.561+0000] {dagbag.py:545} INFO - Filling up the DagBag from /opt/airflow/dags/scripts/loaders/load_refrigerators.py
[2026-02-13T04:02:18.431+0000] {logging_mixin.py:188} INFO - 🚀 Loading REFRIGERATORS data
[2026-02-13T04:02:18.570+0000] {logging_mixin.py:188} INFO - ✅ Refrigerators table refreshed successfully
[2026-02-13T04:02:18.572+0000] {processor.py:842} WARNING - No viable dags retrieved from /opt/airflow/dags/scripts/loaders/load_refrigerators.py
[2026-02-13T04:02:18.595+0000] {processor.py:183} INFO - Processing /opt/airflow/dags/scripts/loaders/load_refrigerators.py took 1.066 seconds
[2026-02-13T04:02:48.757+0000] {processor.py:161} INFO - Started process (PID=6659) to work on /opt/airflow/dags/scripts/loaders/load_refrigerators.py
[2026-02-13T04:02:48.759+0000] {processor.py:830} INFO - Processing file /opt/airflow/dags/scripts/loaders/load_refrigerators.py for tasks to queue
[2026-02-13T04:02:48.763+0000] {logging_mixin.py:188} INFO - [2026-02-13T04:02:48.762+0000] {dagbag.py:545} INFO - Filling up the DagBag from /opt/airflow/dags/scripts/loaders/load_refrigerators.py
[2026-02-13T04:02:49.727+0000] {logging_mixin.py:188} INFO - 🚀 Loading REFRIGERATORS data
[2026-02-13T04:02:49.910+0000] {logging_mixin.py:188} INFO - ✅ Refrigerators table refreshed successfully
[2026-02-13T04:02:49.912+0000] {processor.py:842} WARNING - No viable dags retrieved from /opt/airflow/dags/scripts/loaders/load_refrigerators.py
[2026-02-13T04:02:49.941+0000] {processor.py:183} INFO - Processing /opt/airflow/dags/scripts/loaders/load_refrigerators.py took 1.196 seconds
[2026-02-13T04:03:20.238+0000] {processor.py:161} INFO - Started process (PID=6688) to work on /opt/airflow/dags/scripts/loaders/load_refrigerators.py
[2026-02-13T04:03:20.240+0000] {processor.py:830} INFO - Processing file /opt/airflow/dags/scripts/loaders/load_refrigerators.py for tasks to queue
[2026-02-13T04:03:20.244+0000] {logging_mixin.py:188} INFO - [2026-02-13T04:03:20.243+0000] {dagbag.py:545} INFO - Filling up the DagBag from /opt/airflow/dags/scripts/loaders/load_refrigerators.py
[2026-02-13T04:03:21.122+0000] {logging_mixin.py:188} INFO - 🚀 Loading REFRIGERATORS data
[2026-02-13T04:03:21.265+0000] {logging_mixin.py:188} INFO - ✅ Refrigerators table refreshed successfully
[2026-02-13T04:03:21.266+0000] {processor.py:842} WARNING - No viable dags retrieved from /opt/airflow/dags/scripts/loaders/load_refrigerators.py
[2026-02-13T04:03:21.294+0000] {processor.py:183} INFO - Processing /opt/airflow/dags/scripts/loaders/load_refrigerators.py took 1.071 seconds
[2026-02-13T04:03:51.543+0000] {processor.py:161} INFO - Started process (PID=6717) to work on /opt/airflow/dags/scripts/loaders/load_refrigerators.py
[2026-02-13T04:03:51.545+0000] {processor.py:830} INFO - Processing file /opt/airflow/dags/scripts/loaders/load_refrigerators.py for tasks to queue
[2026-02-13T04:03:51.549+0000] {logging_mixin.py:188} INFO - [2026-02-13T04:03:51.548+0000] {dagbag.py:545} INFO - Filling up the DagBag from /opt/airflow/dags/scripts/loaders/load_refrigerators.py
[2026-02-13T04:03:52.429+0000] {logging_mixin.py:188} INFO - 🚀 Loading REFRIGERATORS data
[2026-02-13T04:03:52.593+0000] {logging_mixin.py:188} INFO - ✅ Refrigerators table refreshed successfully
[2026-02-13T04:03:52.594+0000] {processor.py:842} WARNING - No viable dags retrieved from /opt/airflow/dags/scripts/loaders/load_refrigerators.py
[2026-02-13T04:03:52.618+0000] {processor.py:183} INFO - Processing /opt/airflow/dags/scripts/loaders/load_refrigerators.py took 1.088 seconds
[2026-02-13T04:04:22.940+0000] {processor.py:161} INFO - Started process (PID=6746) to work on /opt/airflow/dags/scripts/loaders/load_refrigerators.py
[2026-02-13T04:04:22.942+0000] {processor.py:830} INFO - Processing file /opt/airflow/dags/scripts/loaders/load_refrigerators.py for tasks to queue
[2026-02-13T04:04:22.945+0000] {logging_mixin.py:188} INFO - [2026-02-13T04:04:22.945+0000] {dagbag.py:545} INFO - Filling up the DagBag from /opt/airflow/dags/scripts/loaders/load_refrigerators.py
[2026-02-13T04:04:23.636+0000] {logging_mixin.py:188} INFO - 🚀 Loading REFRIGERATORS data
[2026-02-13T04:04:23.763+0000] {logging_mixin.py:188} INFO - ✅ Refrigerators table refreshed successfully
[2026-02-13T04:04:23.764+0000] {processor.py:842} WARNING - No viable dags retrieved from /opt/airflow/dags/scripts/loaders/load_refrigerators.py
[2026-02-13T04:04:23.779+0000] {processor.py:183} INFO - Processing /opt/airflow/dags/scripts/loaders/load_refrigerators.py took 0.849 seconds
[2026-02-13T04:04:54.096+0000] {processor.py:161} INFO - Started process (PID=6775) to work on /opt/airflow/dags/scripts/loaders/load_refrigerators.py
[2026-02-13T04:04:54.097+0000] {processor.py:830} INFO - Processing file /opt/airflow/dags/scripts/loaders/load_refrigerators.py for tasks to queue
[2026-02-13T04:04:54.100+0000] {logging_mixin.py:188} INFO - [2026-02-13T04:04:54.100+0000] {dagbag.py:545} INFO - Filling up the DagBag from /opt/airflow/dags/scripts/loaders/load_refrigerators.py
[2026-02-13T04:04:55.349+0000] {logging_mixin.py:188} INFO - 🚀 Loading REFRIGERATORS data
[2026-02-13T04:04:55.485+0000] {logging_mixin.py:188} INFO - ✅ Refrigerators table refreshed successfully
[2026-02-13T04:04:55.486+0000] {processor.py:842} WARNING - No viable dags retrieved from /opt/airflow/dags/scripts/loaders/load_refrigerators.py
[2026-02-13T04:04:55.501+0000] {processor.py:183} INFO - Processing /opt/airflow/dags/scripts/loaders/load_refrigerators.py took 1.416 seconds
[2026-02-13T04:05:25.700+0000] {processor.py:161} INFO - Started process (PID=6804) to work on /opt/airflow/dags/scripts/loaders/load_refrigerators.py
[2026-02-13T04:05:25.702+0000] {processor.py:830} INFO - Processing file /opt/airflow/dags/scripts/loaders/load_refrigerators.py for tasks to queue
[2026-02-13T04:05:25.704+0000] {logging_mixin.py:188} INFO - [2026-02-13T04:05:25.704+0000] {dagbag.py:545} INFO - Filling up the DagBag from /opt/airflow/dags/scripts/loaders/load_refrigerators.py
[2026-02-13T04:05:26.427+0000] {logging_mixin.py:188} INFO - 🚀 Loading REFRIGERATORS data
[2026-02-13T04:05:26.550+0000] {logging_mixin.py:188} INFO - ✅ Refrigerators table refreshed successfully
[2026-02-13T04:05:26.551+0000] {processor.py:842} WARNING - No viable dags retrieved from /opt/airflow/dags/scripts/loaders/load_refrigerators.py
[2026-02-13T04:05:26.564+0000] {processor.py:183} INFO - Processing /opt/airflow/dags/scripts/loaders/load_refrigerators.py took 0.873 seconds
[2026-02-13T04:05:58.273+0000] {processor.py:161} INFO - Started process (PID=6833) to work on /opt/airflow/dags/scripts/loaders/load_refrigerators.py
[2026-02-13T04:05:58.275+0000] {processor.py:830} INFO - Processing file /opt/airflow/dags/scripts/loaders/load_refrigerators.py for tasks to queue
[2026-02-13T04:05:58.278+0000] {logging_mixin.py:188} INFO - [2026-02-13T04:05:58.277+0000] {dagbag.py:545} INFO - Filling up the DagBag from /opt/airflow/dags/scripts/loaders/load_refrigerators.py
[2026-02-13T04:05:58.961+0000] {logging_mixin.py:188} INFO - 🚀 Loading REFRIGERATORS data
[2026-02-13T04:05:59.179+0000] {logging_mixin.py:188} INFO - ✅ Refrigerators table refreshed successfully
[2026-02-13T04:05:59.181+0000] {processor.py:842} WARNING - No viable dags retrieved from /opt/airflow/dags/scripts/loaders/load_refrigerators.py
[2026-02-13T04:05:59.221+0000] {processor.py:183} INFO - Processing /opt/airflow/dags/scripts/loaders/load_refrigerators.py took 0.958 seconds
[2026-02-13T04:06:29.754+0000] {processor.py:161} INFO - Started process (PID=6862) to work on /opt/airflow/dags/scripts/loaders/load_refrigerators.py
[2026-02-13T04:06:29.756+0000] {processor.py:830} INFO - Processing file /opt/airflow/dags/scripts/loaders/load_refrigerators.py for tasks to queue
[2026-02-13T04:06:29.759+0000] {logging_mixin.py:188} INFO - [2026-02-13T04:06:29.758+0000] {dagbag.py:545} INFO - Filling up the DagBag from /opt/airflow/dags/scripts/loaders/load_refrigerators.py
[2026-02-13T04:06:30.446+0000] {logging_mixin.py:188} INFO - 🚀 Loading REFRIGERATORS data
[2026-02-13T04:06:30.602+0000] {logging_mixin.py:188} INFO - ✅ Refrigerators table refreshed successfully
[2026-02-13T04:06:30.603+0000] {processor.py:842} WARNING - No viable dags retrieved from /opt/airflow/dags/scripts/loaders/load_refrigerators.py
[2026-02-13T04:06:30.621+0000] {processor.py:183} INFO - Processing /opt/airflow/dags/scripts/loaders/load_refrigerators.py took 0.877 seconds
[2026-02-13T04:07:01.566+0000] {processor.py:161} INFO - Started process (PID=6891) to work on /opt/airflow/dags/scripts/loaders/load_refrigerators.py
[2026-02-13T04:07:01.568+0000] {processor.py:830} INFO - Processing file /opt/airflow/dags/scripts/loaders/load_refrigerators.py for tasks to queue
[2026-02-13T04:07:01.571+0000] {logging_mixin.py:188} INFO - [2026-02-13T04:07:01.571+0000] {dagbag.py:545} INFO - Filling up the DagBag from /opt/airflow/dags/scripts/loaders/load_refrigerators.py
[2026-02-13T04:07:02.191+0000] {logging_mixin.py:188} INFO - 🚀 Loading REFRIGERATORS data
[2026-02-13T04:07:02.301+0000] {logging_mixin.py:188} INFO - ✅ Refrigerators table refreshed successfully
[2026-02-13T04:07:02.302+0000] {processor.py:842} WARNING - No viable dags retrieved from /opt/airflow/dags/scripts/loaders/load_refrigerators.py
[2026-02-13T04:07:02.319+0000] {processor.py:183} INFO - Processing /opt/airflow/dags/scripts/loaders/load_refrigerators.py took 0.762 seconds
[2026-02-13T04:07:33.257+0000] {processor.py:161} INFO - Started process (PID=6920) to work on /opt/airflow/dags/scripts/loaders/load_refrigerators.py
[2026-02-13T04:07:33.259+0000] {processor.py:830} INFO - Processing file /opt/airflow/dags/scripts/loaders/load_refrigerators.py for tasks to queue
[2026-02-13T04:07:33.264+0000] {logging_mixin.py:188} INFO - [2026-02-13T04:07:33.263+0000] {dagbag.py:545} INFO - Filling up the DagBag from /opt/airflow/dags/scripts/loaders/load_refrigerators.py
[2026-02-13T04:07:34.392+0000] {logging_mixin.py:188} INFO - 🚀 Loading REFRIGERATORS data
[2026-02-13T04:07:34.512+0000] {logging_mixin.py:188} INFO - ✅ Refrigerators table refreshed successfully
[2026-02-13T04:07:34.515+0000] {processor.py:842} WARNING - No viable dags retrieved from /opt/airflow/dags/scripts/loaders/load_refrigerators.py
[2026-02-13T04:07:34.533+0000] {processor.py:183} INFO - Processing /opt/airflow/dags/scripts/loaders/load_refrigerators.py took 1.287 seconds
[2026-02-13T04:08:04.642+0000] {processor.py:161} INFO - Started process (PID=6944) to work on /opt/airflow/dags/scripts/loaders/load_refrigerators.py
[2026-02-13T04:08:04.644+0000] {processor.py:830} INFO - Processing file /opt/airflow/dags/scripts/loaders/load_refrigerators.py for tasks to queue
[2026-02-13T04:08:04.648+0000] {logging_mixin.py:188} INFO - [2026-02-13T04:08:04.647+0000] {dagbag.py:545} INFO - Filling up the DagBag from /opt/airflow/dags/scripts/loaders/load_refrigerators.py
[2026-02-13T04:08:05.278+0000] {logging_mixin.py:188} INFO - 🚀 Loading REFRIGERATORS data
[2026-02-13T04:08:05.404+0000] {logging_mixin.py:188} INFO - ✅ Refrigerators table refreshed successfully
[2026-02-13T04:08:05.406+0000] {processor.py:842} WARNING - No viable dags retrieved from /opt/airflow/dags/scripts/loaders/load_refrigerators.py
[2026-02-13T04:08:05.427+0000] {processor.py:183} INFO - Processing /opt/airflow/dags/scripts/loaders/load_refrigerators.py took 0.794 seconds
[2026-02-13T04:08:37.391+0000] {processor.py:161} INFO - Started process (PID=6968) to work on /opt/airflow/dags/scripts/loaders/load_refrigerators.py
[2026-02-13T04:08:37.393+0000] {processor.py:830} INFO - Processing file /opt/airflow/dags/scripts/loaders/load_refrigerators.py for tasks to queue
[2026-02-13T04:08:37.397+0000] {logging_mixin.py:188} INFO - [2026-02-13T04:08:37.396+0000] {dagbag.py:545} INFO - Filling up the DagBag from /opt/airflow/dags/scripts/loaders/load_refrigerators.py
[2026-02-13T04:08:38.049+0000] {logging_mixin.py:188} INFO - 🚀 Loading REFRIGERATORS data
[2026-02-13T04:08:38.188+0000] {logging_mixin.py:188} INFO - ✅ Refrigerators table refreshed successfully
[2026-02-13T04:08:38.190+0000] {processor.py:842} WARNING - No viable dags retrieved from /opt/airflow/dags/scripts/loaders/load_refrigerators.py
[2026-02-13T04:08:38.208+0000] {processor.py:183} INFO - Processing /opt/airflow/dags/scripts/loaders/load_refrigerators.py took 0.829 seconds
[2026-02-13T04:09:09.488+0000] {processor.py:161} INFO - Started process (PID=6997) to work on /opt/airflow/dags/scripts/loaders/load_refrigerators.py
[2026-02-13T04:09:09.490+0000] {processor.py:830} INFO - Processing file /opt/airflow/dags/scripts/loaders/load_refrigerators.py for tasks to queue
[2026-02-13T04:09:09.493+0000] {logging_mixin.py:188} INFO - [2026-02-13T04:09:09.492+0000] {dagbag.py:545} INFO - Filling up the DagBag from /opt/airflow/dags/scripts/loaders/load_refrigerators.py
[2026-02-13T04:09:10.177+0000] {logging_mixin.py:188} INFO - 🚀 Loading REFRIGERATORS data
[2026-02-13T04:09:10.281+0000] {logging_mixin.py:188} INFO - ✅ Refrigerators table refreshed successfully
[2026-02-13T04:09:10.282+0000] {processor.py:842} WARNING - No viable dags retrieved from /opt/airflow/dags/scripts/loaders/load_refrigerators.py
[2026-02-13T04:09:10.297+0000] {processor.py:183} INFO - Processing /opt/airflow/dags/scripts/loaders/load_refrigerators.py took 0.816 seconds
[2026-02-13T04:09:41.590+0000] {processor.py:161} INFO - Started process (PID=7026) to work on /opt/airflow/dags/scripts/loaders/load_refrigerators.py
[2026-02-13T04:09:41.591+0000] {processor.py:830} INFO - Processing file /opt/airflow/dags/scripts/loaders/load_refrigerators.py for tasks to queue
[2026-02-13T04:09:41.594+0000] {logging_mixin.py:188} INFO - [2026-02-13T04:09:41.594+0000] {dagbag.py:545} INFO - Filling up the DagBag from /opt/airflow/dags/scripts/loaders/load_refrigerators.py
[2026-02-13T04:09:42.278+0000] {logging_mixin.py:188} INFO - 🚀 Loading REFRIGERATORS data
[2026-02-13T04:09:42.397+0000] {logging_mixin.py:188} INFO - ✅ Refrigerators table refreshed successfully
[2026-02-13T04:09:42.398+0000] {processor.py:842} WARNING - No viable dags retrieved from /opt/airflow/dags/scripts/loaders/load_refrigerators.py
[2026-02-13T04:09:42.413+0000] {processor.py:183} INFO - Processing /opt/airflow/dags/scripts/loaders/load_refrigerators.py took 0.831 seconds
[2026-02-13T04:10:14.441+0000] {processor.py:161} INFO - Started process (PID=7055) to work on /opt/airflow/dags/scripts/loaders/load_refrigerators.py
[2026-02-13T04:10:14.442+0000] {processor.py:830} INFO - Processing file /opt/airflow/dags/scripts/loaders/load_refrigerators.py for tasks to queue
[2026-02-13T04:10:14.445+0000] {logging_mixin.py:188} INFO - [2026-02-13T04:10:14.445+0000] {dagbag.py:545} INFO - Filling up the DagBag from /opt/airflow/dags/scripts/loaders/load_refrigerators.py
[2026-02-13T04:10:15.122+0000] {logging_mixin.py:188} INFO - 🚀 Loading REFRIGERATORS data
[2026-02-13T04:10:15.251+0000] {logging_mixin.py:188} INFO - ✅ Refrigerators table refreshed successfully
[2026-02-13T04:10:15.252+0000] {processor.py:842} WARNING - No viable dags retrieved from /opt/airflow/dags/scripts/loaders/load_refrigerators.py
[2026-02-13T04:10:15.271+0000] {processor.py:183} INFO - Processing /opt/airflow/dags/scripts/loaders/load_refrigerators.py took 0.839 seconds
[2026-02-13T04:10:46.541+0000] {processor.py:161} INFO - Started process (PID=7084) to work on /opt/airflow/dags/scripts/loaders/load_refrigerators.py
[2026-02-13T04:10:46.543+0000] {processor.py:830} INFO - Processing file /opt/airflow/dags/scripts/loaders/load_refrigerators.py for tasks to queue
[2026-02-13T04:10:46.545+0000] {logging_mixin.py:188} INFO - [2026-02-13T04:10:46.545+0000] {dagbag.py:545} INFO - Filling up the DagBag from /opt/airflow/dags/scripts/loaders/load_refrigerators.py
[2026-02-13T04:10:47.163+0000] {logging_mixin.py:188} INFO - 🚀 Loading REFRIGERATORS data
[2026-02-13T04:10:47.266+0000] {logging_mixin.py:188} INFO - ✅ Refrigerators table refreshed successfully
[2026-02-13T04:10:47.268+0000] {processor.py:842} WARNING - No viable dags retrieved from /opt/airflow/dags/scripts/loaders/load_refrigerators.py
[2026-02-13T04:10:47.283+0000] {processor.py:183} INFO - Processing /opt/airflow/dags/scripts/loaders/load_refrigerators.py took 0.750 seconds
[2026-02-13T04:11:18.826+0000] {processor.py:161} INFO - Started process (PID=7113) to work on /opt/airflow/dags/scripts/loaders/load_refrigerators.py
[2026-02-13T04:11:18.828+0000] {processor.py:830} INFO - Processing file /opt/airflow/dags/scripts/loaders/load_refrigerators.py for tasks to queue
[2026-02-13T04:11:18.830+0000] {logging_mixin.py:188} INFO - [2026-02-13T04:11:18.830+0000] {dagbag.py:545} INFO - Filling up the DagBag from /opt/airflow/dags/scripts/loaders/load_refrigerators.py
[2026-02-13T04:11:19.485+0000] {logging_mixin.py:188} INFO - 🚀 Loading REFRIGERATORS data
[2026-02-13T04:11:19.601+0000] {logging_mixin.py:188} INFO - ✅ Refrigerators table refreshed successfully
[2026-02-13T04:11:19.602+0000] {processor.py:842} WARNING - No viable dags retrieved from /opt/airflow/dags/scripts/loaders/load_refrigerators.py
[2026-02-13T04:11:19.618+0000] {processor.py:183} INFO - Processing /opt/airflow/dags/scripts/loaders/load_refrigerators.py took 0.800 seconds
[2026-02-13T04:11:52.096+0000] {processor.py:161} INFO - Started process (PID=7142) to work on /opt/airflow/dags/scripts/loaders/load_refrigerators.py
[2026-02-13T04:11:52.098+0000] {processor.py:830} INFO - Processing file /opt/airflow/dags/scripts/loaders/load_refrigerators.py for tasks to queue
[2026-02-13T04:11:52.101+0000] {logging_mixin.py:188} INFO - [2026-02-13T04:11:52.100+0000] {dagbag.py:545} INFO - Filling up the DagBag from /opt/airflow/dags/scripts/loaders/load_refrigerators.py
[2026-02-13T04:11:52.702+0000] {logging_mixin.py:188} INFO - 🚀 Loading REFRIGERATORS data
[2026-02-13T04:11:52.851+0000] {logging_mixin.py:188} INFO - ✅ Refrigerators table refreshed successfully
[2026-02-13T04:11:52.852+0000] {processor.py:842} WARNING - No viable dags retrieved from /opt/airflow/dags/scripts/loaders/load_refrigerators.py
[2026-02-13T04:11:52.874+0000] {processor.py:183} INFO - Processing /opt/airflow/dags/scripts/loaders/load_refrigerators.py took 0.788 seconds
[2026-02-13T04:12:23.768+0000] {processor.py:161} INFO - Started process (PID=7171) to work on /opt/airflow/dags/scripts/loaders/load_refrigerators.py
[2026-02-13T04:12:23.770+0000] {processor.py:830} INFO - Processing file /opt/airflow/dags/scripts/loaders/load_refrigerators.py for tasks to queue
[2026-02-13T04:12:23.773+0000] {logging_mixin.py:188} INFO - [2026-02-13T04:12:23.772+0000] {dagbag.py:545} INFO - Filling up the DagBag from /opt/airflow/dags/scripts/loaders/load_refrigerators.py
[2026-02-13T04:12:24.436+0000] {logging_mixin.py:188} INFO - 🚀 Loading REFRIGERATORS data
[2026-02-13T04:12:24.544+0000] {logging_mixin.py:188} INFO - ✅ Refrigerators table refreshed successfully
[2026-02-13T04:12:24.545+0000] {processor.py:842} WARNING - No viable dags retrieved from /opt/airflow/dags/scripts/loaders/load_refrigerators.py
[2026-02-13T04:12:24.564+0000] {processor.py:183} INFO - Processing /opt/airflow/dags/scripts/loaders/load_refrigerators.py took 0.804 seconds
[2026-02-13T04:12:56.458+0000] {processor.py:161} INFO - Started process (PID=7200) to work on /opt/airflow/dags/scripts/loaders/load_refrigerators.py
[2026-02-13T04:12:56.460+0000] {processor.py:830} INFO - Processing file /opt/airflow/dags/scripts/loaders/load_refrigerators.py for tasks to queue
[2026-02-13T04:12:56.462+0000] {logging_mixin.py:188} INFO - [2026-02-13T04:12:56.462+0000] {dagbag.py:545} INFO - Filling up the DagBag from /opt/airflow/dags/scripts/loaders/load_refrigerators.py
[2026-02-13T04:12:57.122+0000] {logging_mixin.py:188} INFO - 🚀 Loading REFRIGERATORS data
[2026-02-13T04:12:57.230+0000] {logging_mixin.py:188} INFO - ✅ Refrigerators table refreshed successfully
[2026-02-13T04:12:57.232+0000] {processor.py:842} WARNING - No viable dags retrieved from /opt/airflow/dags/scripts/loaders/load_refrigerators.py
[2026-02-13T04:12:57.248+0000] {processor.py:183} INFO - Processing /opt/airflow/dags/scripts/loaders/load_refrigerators.py took 0.799 seconds
[2026-02-13T04:13:28.763+0000] {processor.py:161} INFO - Started process (PID=7229) to work on /opt/airflow/dags/scripts/loaders/load_refrigerators.py
[2026-02-13T04:13:28.765+0000] {processor.py:830} INFO - Processing file /opt/airflow/dags/scripts/loaders/load_refrigerators.py for tasks to queue
[2026-02-13T04:13:28.768+0000] {logging_mixin.py:188} INFO - [2026-02-13T04:13:28.768+0000] {dagbag.py:545} INFO - Filling up the DagBag from /opt/airflow/dags/scripts/loaders/load_refrigerators.py
[2026-02-13T04:13:29.367+0000] {logging_mixin.py:188} INFO - 🚀 Loading REFRIGERATORS data
[2026-02-13T04:13:29.541+0000] {logging_mixin.py:188} INFO - ✅ Refrigerators table refreshed successfully
[2026-02-13T04:13:29.542+0000] {processor.py:842} WARNING - No viable dags retrieved from /opt/airflow/dags/scripts/loaders/load_refrigerators.py
[2026-02-13T04:13:29.559+0000] {processor.py:183} INFO - Processing /opt/airflow/dags/scripts/loaders/load_refrigerators.py took 0.804 seconds
[2026-02-13T04:14:02.109+0000] {processor.py:161} INFO - Started process (PID=7258) to work on /opt/airflow/dags/scripts/loaders/load_refrigerators.py
[2026-02-13T04:14:02.111+0000] {processor.py:830} INFO - Processing file /opt/airflow/dags/scripts/loaders/load_refrigerators.py for tasks to queue
[2026-02-13T04:14:02.114+0000] {logging_mixin.py:188} INFO - [2026-02-13T04:14:02.114+0000] {dagbag.py:545} INFO - Filling up the DagBag from /opt/airflow/dags/scripts/loaders/load_refrigerators.py
[2026-02-13T04:14:02.808+0000] {logging_mixin.py:188} INFO - 🚀 Loading REFRIGERATORS data
[2026-02-13T04:14:02.937+0000] {logging_mixin.py:188} INFO - ✅ Refrigerators table refreshed successfully
[2026-02-13T04:14:02.938+0000] {processor.py:842} WARNING - No viable dags retrieved from /opt/airflow/dags/scripts/loaders/load_refrigerators.py
[2026-02-13T04:14:02.954+0000] {processor.py:183} INFO - Processing /opt/airflow/dags/scripts/loaders/load_refrigerators.py took 0.853 seconds
[2026-02-13T04:14:34.386+0000] {processor.py:161} INFO - Started process (PID=7287) to work on /opt/airflow/dags/scripts/loaders/load_refrigerators.py
[2026-02-13T04:14:34.387+0000] {processor.py:830} INFO - Processing file /opt/airflow/dags/scripts/loaders/load_refrigerators.py for tasks to queue
[2026-02-13T04:14:34.390+0000] {logging_mixin.py:188} INFO - [2026-02-13T04:14:34.390+0000] {dagbag.py:545} INFO - Filling up the DagBag from /opt/airflow/dags/scripts/loaders/load_refrigerators.py
[2026-02-13T04:14:35.023+0000] {logging_mixin.py:188} INFO - 🚀 Loading REFRIGERATORS data
[2026-02-13T04:14:35.184+0000] {logging_mixin.py:188} INFO - ✅ Refrigerators table refreshed successfully
[2026-02-13T04:14:35.186+0000] {processor.py:842} WARNING - No viable dags retrieved from /opt/airflow/dags/scripts/loaders/load_refrigerators.py
[2026-02-13T04:14:35.205+0000] {processor.py:183} INFO - Processing /opt/airflow/dags/scripts/loaders/load_refrigerators.py took 0.827 seconds
[2026-02-13T04:15:06.208+0000] {processor.py:161} INFO - Started process (PID=7316) to work on /opt/airflow/dags/scripts/loaders/load_refrigerators.py
[2026-02-13T04:15:06.211+0000] {processor.py:830} INFO - Processing file /opt/airflow/dags/scripts/loaders/load_refrigerators.py for tasks to queue
[2026-02-13T04:15:06.214+0000] {logging_mixin.py:188} INFO - [2026-02-13T04:15:06.213+0000] {dagbag.py:545} INFO - Filling up the DagBag from /opt/airflow/dags/scripts/loaders/load_refrigerators.py
[2026-02-13T04:15:06.800+0000] {logging_mixin.py:188} INFO - 🚀 Loading REFRIGERATORS data
[2026-02-13T04:15:06.917+0000] {logging_mixin.py:188} INFO - ✅ Refrigerators table refreshed successfully
[2026-02-13T04:15:06.918+0000] {processor.py:842} WARNING - No viable dags retrieved from /opt/airflow/dags/scripts/loaders/load_refrigerators.py
[2026-02-13T04:15:06.945+0000] {processor.py:183} INFO - Processing /opt/airflow/dags/scripts/loaders/load_refrigerators.py took 0.748 seconds
[2026-02-13T04:15:38.706+0000] {processor.py:161} INFO - Started process (PID=7345) to work on /opt/airflow/dags/scripts/loaders/load_refrigerators.py
[2026-02-13T04:15:38.709+0000] {processor.py:830} INFO - Processing file /opt/airflow/dags/scripts/loaders/load_refrigerators.py for tasks to queue
[2026-02-13T04:15:38.713+0000] {logging_mixin.py:188} INFO - [2026-02-13T04:15:38.712+0000] {dagbag.py:545} INFO - Filling up the DagBag from /opt/airflow/dags/scripts/loaders/load_refrigerators.py
[2026-02-13T04:15:39.494+0000] {logging_mixin.py:188} INFO - 🚀 Loading REFRIGERATORS data
[2026-02-13T04:15:39.629+0000] {logging_mixin.py:188} INFO - ✅ Refrigerators table refreshed successfully
[2026-02-13T04:15:39.630+0000] {processor.py:842} WARNING - No viable dags retrieved from /opt/airflow/dags/scripts/loaders/load_refrigerators.py
[2026-02-13T04:15:39.651+0000] {processor.py:183} INFO - Processing /opt/airflow/dags/scripts/loaders/load_refrigerators.py took 0.959 seconds
[2026-02-13T04:16:11.803+0000] {processor.py:161} INFO - Started process (PID=7376) to work on /opt/airflow/dags/scripts/loaders/load_refrigerators.py
[2026-02-13T04:16:11.805+0000] {processor.py:830} INFO - Processing file /opt/airflow/dags/scripts/loaders/load_refrigerators.py for tasks to queue
[2026-02-13T04:16:11.809+0000] {logging_mixin.py:188} INFO - [2026-02-13T04:16:11.809+0000] {dagbag.py:545} INFO - Filling up the DagBag from /opt/airflow/dags/scripts/loaders/load_refrigerators.py
[2026-02-13T04:16:12.550+0000] {logging_mixin.py:188} INFO - 🚀 Loading REFRIGERATORS data
[2026-02-13T04:16:12.699+0000] {logging_mixin.py:188} INFO - ✅ Refrigerators table refreshed successfully
[2026-02-13T04:16:12.700+0000] {processor.py:842} WARNING - No viable dags retrieved from /opt/airflow/dags/scripts/loaders/load_refrigerators.py
[2026-02-13T04:16:12.732+0000] {processor.py:183} INFO - Processing /opt/airflow/dags/scripts/loaders/load_refrigerators.py took 0.938 seconds
[2026-02-13T04:16:44.234+0000] {processor.py:161} INFO - Started process (PID=7403) to work on /opt/airflow/dags/scripts/loaders/load_refrigerators.py
[2026-02-13T04:16:44.236+0000] {processor.py:830} INFO - Processing file /opt/airflow/dags/scripts/loaders/load_refrigerators.py for tasks to queue
[2026-02-13T04:16:44.241+0000] {logging_mixin.py:188} INFO - [2026-02-13T04:16:44.240+0000] {dagbag.py:545} INFO - Filling up the DagBag from /opt/airflow/dags/scripts/loaders/load_refrigerators.py
[2026-02-13T04:16:44.865+0000] {logging_mixin.py:188} INFO - 🚀 Loading REFRIGERATORS data
[2026-02-13T04:16:45.030+0000] {logging_mixin.py:188} INFO - ✅ Refrigerators table refreshed successfully
[2026-02-13T04:16:45.031+0000] {processor.py:842} WARNING - No viable dags retrieved from /opt/airflow/dags/scripts/loaders/load_refrigerators.py
[2026-02-13T04:16:45.045+0000] {processor.py:183} INFO - Processing /opt/airflow/dags/scripts/loaders/load_refrigerators.py took 0.821 seconds
[2026-02-13T04:17:16.147+0000] {processor.py:161} INFO - Started process (PID=7432) to work on /opt/airflow/dags/scripts/loaders/load_refrigerators.py
[2026-02-13T04:17:16.149+0000] {processor.py:830} INFO - Processing file /opt/airflow/dags/scripts/loaders/load_refrigerators.py for tasks to queue
[2026-02-13T04:17:16.152+0000] {logging_mixin.py:188} INFO - [2026-02-13T04:17:16.152+0000] {dagbag.py:545} INFO - Filling up the DagBag from /opt/airflow/dags/scripts/loaders/load_refrigerators.py
[2026-02-13T04:17:16.760+0000] {logging_mixin.py:188} INFO - 🚀 Loading REFRIGERATORS data
[2026-02-13T04:17:16.881+0000] {logging_mixin.py:188} INFO - ✅ Refrigerators table refreshed successfully
[2026-02-13T04:17:16.882+0000] {processor.py:842} WARNING - No viable dags retrieved from /opt/airflow/dags/scripts/loaders/load_refrigerators.py
[2026-02-13T04:17:16.899+0000] {processor.py:183} INFO - Processing /opt/airflow/dags/scripts/loaders/load_refrigerators.py took 0.763 seconds
[2026-02-13T04:17:49.484+0000] {processor.py:161} INFO - Started process (PID=7461) to work on /opt/airflow/dags/scripts/loaders/load_refrigerators.py
[2026-02-13T04:17:49.486+0000] {processor.py:830} INFO - Processing file /opt/airflow/dags/scripts/loaders/load_refrigerators.py for tasks to queue
[2026-02-13T04:17:49.489+0000] {logging_mixin.py:188} INFO - [2026-02-13T04:17:49.489+0000] {dagbag.py:545} INFO - Filling up the DagBag from /opt/airflow/dags/scripts/loaders/load_refrigerators.py
[2026-02-13T04:17:50.117+0000] {logging_mixin.py:188} INFO - 🚀 Loading REFRIGERATORS data
[2026-02-13T04:17:50.256+0000] {logging_mixin.py:188} INFO - ✅ Refrigerators table refreshed successfully
[2026-02-13T04:17:50.257+0000] {processor.py:842} WARNING - No viable dags retrieved from /opt/airflow/dags/scripts/loaders/load_refrigerators.py
[2026-02-13T04:17:50.276+0000] {processor.py:183} INFO - Processing /opt/airflow/dags/scripts/loaders/load_refrigerators.py took 0.802 seconds
[2026-02-13T04:18:21.807+0000] {processor.py:161} INFO - Started process (PID=7490) to work on /opt/airflow/dags/scripts/loaders/load_refrigerators.py
[2026-02-13T04:18:21.809+0000] {processor.py:830} INFO - Processing file /opt/airflow/dags/scripts/loaders/load_refrigerators.py for tasks to queue
[2026-02-13T04:18:21.813+0000] {logging_mixin.py:188} INFO - [2026-02-13T04:18:21.812+0000] {dagbag.py:545} INFO - Filling up the DagBag from /opt/airflow/dags/scripts/loaders/load_refrigerators.py
[2026-02-13T04:18:22.446+0000] {logging_mixin.py:188} INFO - 🚀 Loading REFRIGERATORS data
[2026-02-13T04:18:22.565+0000] {logging_mixin.py:188} INFO - ✅ Refrigerators table refreshed successfully
[2026-02-13T04:18:22.566+0000] {processor.py:842} WARNING - No viable dags retrieved from /opt/airflow/dags/scripts/loaders/load_refrigerators.py
[2026-02-13T04:18:22.582+0000] {processor.py:183} INFO - Processing /opt/airflow/dags/scripts/loaders/load_refrigerators.py took 0.783 seconds
[2026-02-13T04:18:53.068+0000] {processor.py:161} INFO - Started process (PID=7519) to work on /opt/airflow/dags/scripts/loaders/load_refrigerators.py
[2026-02-13T04:18:53.070+0000] {processor.py:830} INFO - Processing file /opt/airflow/dags/scripts/loaders/load_refrigerators.py for tasks to queue
[2026-02-13T04:18:53.073+0000] {logging_mixin.py:188} INFO - [2026-02-13T04:18:53.072+0000] {dagbag.py:545} INFO - Filling up the DagBag from /opt/airflow/dags/scripts/loaders/load_refrigerators.py
[2026-02-13T04:18:53.667+0000] {logging_mixin.py:188} INFO - 🚀 Loading REFRIGERATORS data
[2026-02-13T04:18:53.791+0000] {logging_mixin.py:188} INFO - ✅ Refrigerators table refreshed successfully
[2026-02-13T04:18:53.793+0000] {processor.py:842} WARNING - No viable dags retrieved from /opt/airflow/dags/scripts/loaders/load_refrigerators.py
[2026-02-13T04:18:53.815+0000] {processor.py:183} INFO - Processing /opt/airflow/dags/scripts/loaders/load_refrigerators.py took 0.755 seconds
[2026-02-13T04:19:25.899+0000] {processor.py:161} INFO - Started process (PID=7548) to work on /opt/airflow/dags/scripts/loaders/load_refrigerators.py
[2026-02-13T04:19:25.902+0000] {processor.py:830} INFO - Processing file /opt/airflow/dags/scripts/loaders/load_refrigerators.py for tasks to queue
[2026-02-13T04:19:25.904+0000] {logging_mixin.py:188} INFO - [2026-02-13T04:19:25.904+0000] {dagbag.py:545} INFO - Filling up the DagBag from /opt/airflow/dags/scripts/loaders/load_refrigerators.py
[2026-02-13T04:19:26.543+0000] {logging_mixin.py:188} INFO - 🚀 Loading REFRIGERATORS data
[2026-02-13T04:19:26.646+0000] {logging_mixin.py:188} INFO - ✅ Refrigerators table refreshed successfully
[2026-02-13T04:19:26.647+0000] {processor.py:842} WARNING - No viable dags retrieved from /opt/airflow/dags/scripts/loaders/load_refrigerators.py
[2026-02-13T04:19:26.662+0000] {processor.py:183} INFO - Processing /opt/airflow/dags/scripts/loaders/load_refrigerators.py took 0.772 seconds
[2026-02-13T04:19:59.685+0000] {processor.py:161} INFO - Started process (PID=7577) to work on /opt/airflow/dags/scripts/loaders/load_refrigerators.py
[2026-02-13T04:19:59.686+0000] {processor.py:830} INFO - Processing file /opt/airflow/dags/scripts/loaders/load_refrigerators.py for tasks to queue
[2026-02-13T04:19:59.689+0000] {logging_mixin.py:188} INFO - [2026-02-13T04:19:59.689+0000] {dagbag.py:545} INFO - Filling up the DagBag from /opt/airflow/dags/scripts/loaders/load_refrigerators.py
[2026-02-13T04:20:00.338+0000] {logging_mixin.py:188} INFO - 🚀 Loading REFRIGERATORS data
[2026-02-13T04:20:00.454+0000] {logging_mixin.py:188} INFO - ✅ Refrigerators table refreshed successfully
[2026-02-13T04:20:00.455+0000] {processor.py:842} WARNING - No viable dags retrieved from /opt/airflow/dags/scripts/loaders/load_refrigerators.py
[2026-02-13T04:20:00.473+0000] {processor.py:183} INFO - Processing /opt/airflow/dags/scripts/loaders/load_refrigerators.py took 0.797 seconds
[2026-02-13T04:20:33.857+0000] {processor.py:161} INFO - Started process (PID=7606) to work on /opt/airflow/dags/scripts/loaders/load_refrigerators.py
[2026-02-13T04:20:33.860+0000] {processor.py:830} INFO - Processing file /opt/airflow/dags/scripts/loaders/load_refrigerators.py for tasks to queue
[2026-02-13T04:20:33.864+0000] {logging_mixin.py:188} INFO - [2026-02-13T04:20:33.863+0000] {dagbag.py:545} INFO - Filling up the DagBag from /opt/airflow/dags/scripts/loaders/load_refrigerators.py
[2026-02-13T04:20:34.647+0000] {logging_mixin.py:188} INFO - 🚀 Loading REFRIGERATORS data
[2026-02-13T04:20:34.799+0000] {logging_mixin.py:188} INFO - ✅ Refrigerators table refreshed successfully
[2026-02-13T04:20:34.800+0000] {processor.py:842} WARNING - No viable dags retrieved from /opt/airflow/dags/scripts/loaders/load_refrigerators.py
[2026-02-13T04:20:34.824+0000] {processor.py:183} INFO - Processing /opt/airflow/dags/scripts/loaders/load_refrigerators.py took 0.982 seconds
[2026-02-13T04:21:05.718+0000] {processor.py:161} INFO - Started process (PID=7635) to work on /opt/airflow/dags/scripts/loaders/load_refrigerators.py
[2026-02-13T04:21:05.720+0000] {processor.py:830} INFO - Processing file /opt/airflow/dags/scripts/loaders/load_refrigerators.py for tasks to queue
[2026-02-13T04:21:05.723+0000] {logging_mixin.py:188} INFO - [2026-02-13T04:21:05.723+0000] {dagbag.py:545} INFO - Filling up the DagBag from /opt/airflow/dags/scripts/loaders/load_refrigerators.py
[2026-02-13T04:21:06.312+0000] {logging_mixin.py:188} INFO - 🚀 Loading REFRIGERATORS data
[2026-02-13T04:21:06.429+0000] {logging_mixin.py:188} INFO - ✅ Refrigerators table refreshed successfully
[2026-02-13T04:21:06.430+0000] {processor.py:842} WARNING - No viable dags retrieved from /opt/airflow/dags/scripts/loaders/load_refrigerators.py
[2026-02-13T04:21:06.447+0000] {processor.py:183} INFO - Processing /opt/airflow/dags/scripts/loaders/load_refrigerators.py took 0.739 seconds
[2026-02-13T04:21:38.020+0000] {processor.py:161} INFO - Started process (PID=7664) to work on /opt/airflow/dags/scripts/loaders/load_refrigerators.py
[2026-02-13T04:21:38.022+0000] {processor.py:830} INFO - Processing file /opt/airflow/dags/scripts/loaders/load_refrigerators.py for tasks to queue
[2026-02-13T04:21:38.025+0000] {logging_mixin.py:188} INFO - [2026-02-13T04:21:38.025+0000] {dagbag.py:545} INFO - Filling up the DagBag from /opt/airflow/dags/scripts/loaders/load_refrigerators.py
[2026-02-13T04:21:38.659+0000] {logging_mixin.py:188} INFO - 🚀 Loading REFRIGERATORS data
[2026-02-13T04:21:38.799+0000] {logging_mixin.py:188} INFO - ✅ Refrigerators table refreshed successfully
[2026-02-13T04:21:38.800+0000] {processor.py:842} WARNING - No viable dags retrieved from /opt/airflow/dags/scripts/loaders/load_refrigerators.py
[2026-02-13T04:21:38.820+0000] {processor.py:183} INFO - Processing /opt/airflow/dags/scripts/loaders/load_refrigerators.py took 0.808 seconds
[2026-02-13T04:22:10.512+0000] {processor.py:161} INFO - Started process (PID=7693) to work on /opt/airflow/dags/scripts/loaders/load_refrigerators.py
[2026-02-13T04:22:10.513+0000] {processor.py:830} INFO - Processing file /opt/airflow/dags/scripts/loaders/load_refrigerators.py for tasks to queue
[2026-02-13T04:22:10.516+0000] {logging_mixin.py:188} INFO - [2026-02-13T04:22:10.516+0000] {dagbag.py:545} INFO - Filling up the DagBag from /opt/airflow/dags/scripts/loaders/load_refrigerators.py
[2026-02-13T04:22:11.119+0000] {logging_mixin.py:188} INFO - 🚀 Loading REFRIGERATORS data
[2026-02-13T04:22:11.253+0000] {logging_mixin.py:188} INFO - ✅ Refrigerators table refreshed successfully
[2026-02-13T04:22:11.254+0000] {processor.py:842} WARNING - No viable dags retrieved from /opt/airflow/dags/scripts/loaders/load_refrigerators.py
[2026-02-13T04:22:11.270+0000] {processor.py:183} INFO - Processing /opt/airflow/dags/scripts/loaders/load_refrigerators.py took 0.766 seconds
[2026-02-13T04:22:43.837+0000] {processor.py:161} INFO - Started process (PID=7722) to work on /opt/airflow/dags/scripts/loaders/load_refrigerators.py
[2026-02-13T04:22:43.839+0000] {processor.py:830} INFO - Processing file /opt/airflow/dags/scripts/loaders/load_refrigerators.py for tasks to queue
[2026-02-13T04:22:43.842+0000] {logging_mixin.py:188} INFO - [2026-02-13T04:22:43.841+0000] {dagbag.py:545} INFO - Filling up the DagBag from /opt/airflow/dags/scripts/loaders/load_refrigerators.py
[2026-02-13T04:22:44.481+0000] {logging_mixin.py:188} INFO - 🚀 Loading REFRIGERATORS data
[2026-02-13T04:22:44.624+0000] {logging_mixin.py:188} INFO - ✅ Refrigerators table refreshed successfully
[2026-02-13T04:22:44.625+0000] {processor.py:842} WARNING - No viable dags retrieved from /opt/airflow/dags/scripts/loaders/load_refrigerators.py
[2026-02-13T04:22:44.644+0000] {processor.py:183} INFO - Processing /opt/airflow/dags/scripts/loaders/load_refrigerators.py took 0.818 seconds
[2026-02-13T04:23:16.411+0000] {processor.py:161} INFO - Started process (PID=7751) to work on /opt/airflow/dags/scripts/loaders/load_refrigerators.py
[2026-02-13T04:23:16.413+0000] {processor.py:830} INFO - Processing file /opt/airflow/dags/scripts/loaders/load_refrigerators.py for tasks to queue
[2026-02-13T04:23:16.416+0000] {logging_mixin.py:188} INFO - [2026-02-13T04:23:16.415+0000] {dagbag.py:545} INFO - Filling up the DagBag from /opt/airflow/dags/scripts/loaders/load_refrigerators.py
[2026-02-13T04:23:17.012+0000] {logging_mixin.py:188} INFO - 🚀 Loading REFRIGERATORS data
[2026-02-13T04:23:17.156+0000] {logging_mixin.py:188} INFO - ✅ Refrigerators table refreshed successfully
[2026-02-13T04:23:17.157+0000] {processor.py:842} WARNING - No viable dags retrieved from /opt/airflow/dags/scripts/loaders/load_refrigerators.py
[2026-02-13T04:23:17.174+0000] {processor.py:183} INFO - Processing /opt/airflow/dags/scripts/loaders/load_refrigerators.py took 0.771 seconds
[2026-02-13T04:23:48.968+0000] {processor.py:161} INFO - Started process (PID=7780) to work on /opt/airflow/dags/scripts/loaders/load_refrigerators.py
[2026-02-13T04:23:48.970+0000] {processor.py:830} INFO - Processing file /opt/airflow/dags/scripts/loaders/load_refrigerators.py for tasks to queue
[2026-02-13T04:23:48.974+0000] {logging_mixin.py:188} INFO - [2026-02-13T04:23:48.973+0000] {dagbag.py:545} INFO - Filling up the DagBag from /opt/airflow/dags/scripts/loaders/load_refrigerators.py
[2026-02-13T04:23:49.629+0000] {logging_mixin.py:188} INFO - 🚀 Loading REFRIGERATORS data
[2026-02-13T04:23:49.762+0000] {logging_mixin.py:188} INFO - ✅ Refrigerators table refreshed successfully
[2026-02-13T04:23:49.762+0000] {processor.py:842} WARNING - No viable dags retrieved from /opt/airflow/dags/scripts/loaders/load_refrigerators.py
[2026-02-13T04:23:49.778+0000] {processor.py:183} INFO - Processing /opt/airflow/dags/scripts/loaders/load_refrigerators.py took 0.820 seconds
[2026-02-13T04:24:21.684+0000] {processor.py:161} INFO - Started process (PID=7809) to work on /opt/airflow/dags/scripts/loaders/load_refrigerators.py
[2026-02-13T04:24:21.686+0000] {processor.py:830} INFO - Processing file /opt/airflow/dags/scripts/loaders/load_refrigerators.py for tasks to queue
[2026-02-13T04:24:21.690+0000] {logging_mixin.py:188} INFO - [2026-02-13T04:24:21.689+0000] {dagbag.py:545} INFO - Filling up the DagBag from /opt/airflow/dags/scripts/loaders/load_refrigerators.py
[2026-02-13T04:24:22.359+0000] {logging_mixin.py:188} INFO - 🚀 Loading REFRIGERATORS data
[2026-02-13T04:24:22.483+0000] {logging_mixin.py:188} INFO - ✅ Refrigerators table refreshed successfully
[2026-02-13T04:24:22.484+0000] {processor.py:842} WARNING - No viable dags retrieved from /opt/airflow/dags/scripts/loaders/load_refrigerators.py
[2026-02-13T04:24:22.503+0000] {processor.py:183} INFO - Processing /opt/airflow/dags/scripts/loaders/load_refrigerators.py took 0.827 seconds
[2026-02-13T04:24:54.407+0000] {processor.py:161} INFO - Started process (PID=7838) to work on /opt/airflow/dags/scripts/loaders/load_refrigerators.py
[2026-02-13T04:24:54.409+0000] {processor.py:830} INFO - Processing file /opt/airflow/dags/scripts/loaders/load_refrigerators.py for tasks to queue
[2026-02-13T04:24:54.413+0000] {logging_mixin.py:188} INFO - [2026-02-13T04:24:54.412+0000] {dagbag.py:545} INFO - Filling up the DagBag from /opt/airflow/dags/scripts/loaders/load_refrigerators.py
[2026-02-13T04:24:55.507+0000] {logging_mixin.py:188} INFO - 🚀 Loading REFRIGERATORS data
[2026-02-13T04:24:55.623+0000] {logging_mixin.py:188} INFO - ✅ Refrigerators table refreshed successfully
[2026-02-13T04:24:55.624+0000] {processor.py:842} WARNING - No viable dags retrieved from /opt/airflow/dags/scripts/loaders/load_refrigerators.py
[2026-02-13T04:24:55.637+0000] {processor.py:183} INFO - Processing /opt/airflow/dags/scripts/loaders/load_refrigerators.py took 1.238 seconds
[2026-02-13T04:25:27.213+0000] {processor.py:161} INFO - Started process (PID=7867) to work on /opt/airflow/dags/scripts/loaders/load_refrigerators.py
[2026-02-13T04:25:27.216+0000] {processor.py:830} INFO - Processing file /opt/airflow/dags/scripts/loaders/load_refrigerators.py for tasks to queue
[2026-02-13T04:25:27.220+0000] {logging_mixin.py:188} INFO - [2026-02-13T04:25:27.219+0000] {dagbag.py:545} INFO - Filling up the DagBag from /opt/airflow/dags/scripts/loaders/load_refrigerators.py
[2026-02-13T04:25:27.789+0000] {logging_mixin.py:188} INFO - 🚀 Loading REFRIGERATORS data
[2026-02-13T04:25:27.906+0000] {logging_mixin.py:188} INFO - ✅ Refrigerators table refreshed successfully
[2026-02-13T04:25:27.907+0000] {processor.py:842} WARNING - No viable dags retrieved from /opt/airflow/dags/scripts/loaders/load_refrigerators.py
[2026-02-13T04:25:27.924+0000] {processor.py:183} INFO - Processing /opt/airflow/dags/scripts/loaders/load_refrigerators.py took 0.722 seconds
[2026-02-13T04:26:00.150+0000] {processor.py:161} INFO - Started process (PID=7898) to work on /opt/airflow/dags/scripts/loaders/load_refrigerators.py
[2026-02-13T04:26:00.152+0000] {processor.py:830} INFO - Processing file /opt/airflow/dags/scripts/loaders/load_refrigerators.py for tasks to queue
[2026-02-13T04:26:00.155+0000] {logging_mixin.py:188} INFO - [2026-02-13T04:26:00.155+0000] {dagbag.py:545} INFO - Filling up the DagBag from /opt/airflow/dags/scripts/loaders/load_refrigerators.py
[2026-02-13T04:26:00.814+0000] {logging_mixin.py:188} INFO - 🚀 Loading REFRIGERATORS data
[2026-02-13T04:26:00.917+0000] {logging_mixin.py:188} INFO - ✅ Refrigerators table refreshed successfully
[2026-02-13T04:26:00.918+0000] {processor.py:842} WARNING - No viable dags retrieved from /opt/airflow/dags/scripts/loaders/load_refrigerators.py
[2026-02-13T04:26:00.936+0000] {processor.py:183} INFO - Processing /opt/airflow/dags/scripts/loaders/load_refrigerators.py took 0.796 seconds
[2026-02-13T04:26:32.584+0000] {processor.py:161} INFO - Started process (PID=7925) to work on /opt/airflow/dags/scripts/loaders/load_refrigerators.py
[2026-02-13T04:26:32.586+0000] {processor.py:830} INFO - Processing file /opt/airflow/dags/scripts/loaders/load_refrigerators.py for tasks to queue
[2026-02-13T04:26:32.589+0000] {logging_mixin.py:188} INFO - [2026-02-13T04:26:32.589+0000] {dagbag.py:545} INFO - Filling up the DagBag from /opt/airflow/dags/scripts/loaders/load_refrigerators.py
[2026-02-13T04:26:33.230+0000] {logging_mixin.py:188} INFO - 🚀 Loading REFRIGERATORS data
[2026-02-13T04:26:33.438+0000] {logging_mixin.py:188} INFO - ✅ Refrigerators table refreshed successfully
[2026-02-13T04:26:33.439+0000] {processor.py:842} WARNING - No viable dags retrieved from /opt/airflow/dags/scripts/loaders/load_refrigerators.py
[2026-02-13T04:26:33.457+0000] {processor.py:183} INFO - Processing /opt/airflow/dags/scripts/loaders/load_refrigerators.py took 0.885 seconds
[2026-02-13T04:27:05.217+0000] {processor.py:161} INFO - Started process (PID=7954) to work on /opt/airflow/dags/scripts/loaders/load_refrigerators.py
[2026-02-13T04:27:05.219+0000] {processor.py:830} INFO - Processing file /opt/airflow/dags/scripts/loaders/load_refrigerators.py for tasks to queue
[2026-02-13T04:27:05.222+0000] {logging_mixin.py:188} INFO - [2026-02-13T04:27:05.221+0000] {dagbag.py:545} INFO - Filling up the DagBag from /opt/airflow/dags/scripts/loaders/load_refrigerators.py
[2026-02-13T04:27:05.824+0000] {logging_mixin.py:188} INFO - 🚀 Loading REFRIGERATORS data
[2026-02-13T04:27:05.944+0000] {logging_mixin.py:188} INFO - ✅ Refrigerators table refreshed successfully
[2026-02-13T04:27:05.946+0000] {processor.py:842} WARNING - No viable dags retrieved from /opt/airflow/dags/scripts/loaders/load_refrigerators.py
[2026-02-13T04:27:05.978+0000] {processor.py:183} INFO - Processing /opt/airflow/dags/scripts/loaders/load_refrigerators.py took 0.769 seconds
[2026-02-13T04:27:38.454+0000] {processor.py:161} INFO - Started process (PID=7983) to work on /opt/airflow/dags/scripts/loaders/load_refrigerators.py
[2026-02-13T04:27:38.456+0000] {processor.py:830} INFO - Processing file /opt/airflow/dags/scripts/loaders/load_refrigerators.py for tasks to queue
[2026-02-13T04:27:38.460+0000] {logging_mixin.py:188} INFO - [2026-02-13T04:27:38.459+0000] {dagbag.py:545} INFO - Filling up the DagBag from /opt/airflow/dags/scripts/loaders/load_refrigerators.py
[2026-02-13T04:27:39.120+0000] {logging_mixin.py:188} INFO - 🚀 Loading REFRIGERATORS data
[2026-02-13T04:27:39.228+0000] {logging_mixin.py:188} INFO - ✅ Refrigerators table refreshed successfully
[2026-02-13T04:27:39.229+0000] {processor.py:842} WARNING - No viable dags retrieved from /opt/airflow/dags/scripts/loaders/load_refrigerators.py
[2026-02-13T04:27:39.242+0000] {processor.py:183} INFO - Processing /opt/airflow/dags/scripts/loaders/load_refrigerators.py took 0.801 seconds
[2026-02-13T04:28:11.114+0000] {processor.py:161} INFO - Started process (PID=8012) to work on /opt/airflow/dags/scripts/loaders/load_refrigerators.py
[2026-02-13T04:28:11.116+0000] {processor.py:830} INFO - Processing file /opt/airflow/dags/scripts/loaders/load_refrigerators.py for tasks to queue
[2026-02-13T04:28:11.119+0000] {logging_mixin.py:188} INFO - [2026-02-13T04:28:11.118+0000] {dagbag.py:545} INFO - Filling up the DagBag from /opt/airflow/dags/scripts/loaders/load_refrigerators.py
[2026-02-13T04:28:11.701+0000] {logging_mixin.py:188} INFO - 🚀 Loading REFRIGERATORS data
[2026-02-13T04:28:11.866+0000] {logging_mixin.py:188} INFO - ✅ Refrigerators table refreshed successfully
[2026-02-13T04:28:11.868+0000] {processor.py:842} WARNING - No viable dags retrieved from /opt/airflow/dags/scripts/loaders/load_refrigerators.py
[2026-02-13T04:28:11.891+0000] {processor.py:183} INFO - Processing /opt/airflow/dags/scripts/loaders/load_refrigerators.py took 0.785 seconds
[2026-02-13T04:28:43.705+0000] {processor.py:161} INFO - Started process (PID=8041) to work on /opt/airflow/dags/scripts/loaders/load_refrigerators.py
[2026-02-13T04:28:43.707+0000] {processor.py:830} INFO - Processing file /opt/airflow/dags/scripts/loaders/load_refrigerators.py for tasks to queue
[2026-02-13T04:28:43.709+0000] {logging_mixin.py:188} INFO - [2026-02-13T04:28:43.709+0000] {dagbag.py:545} INFO - Filling up the DagBag from /opt/airflow/dags/scripts/loaders/load_refrigerators.py
[2026-02-13T04:28:44.309+0000] {logging_mixin.py:188} INFO - 🚀 Loading REFRIGERATORS data
[2026-02-13T04:28:44.457+0000] {logging_mixin.py:188} INFO - ✅ Refrigerators table refreshed successfully
[2026-02-13T04:28:44.458+0000] {processor.py:842} WARNING - No viable dags retrieved from /opt/airflow/dags/scripts/loaders/load_refrigerators.py
[2026-02-13T04:28:44.484+0000] {processor.py:183} INFO - Processing /opt/airflow/dags/scripts/loaders/load_refrigerators.py took 0.788 seconds
[2026-02-13T04:29:16.198+0000] {processor.py:161} INFO - Started process (PID=8070) to work on /opt/airflow/dags/scripts/loaders/load_refrigerators.py
[2026-02-13T04:29:16.201+0000] {processor.py:830} INFO - Processing file /opt/airflow/dags/scripts/loaders/load_refrigerators.py for tasks to queue
[2026-02-13T04:29:16.205+0000] {logging_mixin.py:188} INFO - [2026-02-13T04:29:16.205+0000] {dagbag.py:545} INFO - Filling up the DagBag from /opt/airflow/dags/scripts/loaders/load_refrigerators.py
[2026-02-13T04:29:16.834+0000] {logging_mixin.py:188} INFO - 🚀 Loading REFRIGERATORS data
[2026-02-13T04:29:16.965+0000] {logging_mixin.py:188} INFO - ✅ Refrigerators table refreshed successfully
[2026-02-13T04:29:16.966+0000] {processor.py:842} WARNING - No viable dags retrieved from /opt/airflow/dags/scripts/loaders/load_refrigerators.py
[2026-02-13T04:29:16.989+0000] {processor.py:183} INFO - Processing /opt/airflow/dags/scripts/loaders/load_refrigerators.py took 0.803 seconds
[2026-02-13T04:29:49.789+0000] {processor.py:161} INFO - Started process (PID=8099) to work on /opt/airflow/dags/scripts/loaders/load_refrigerators.py
[2026-02-13T04:29:49.790+0000] {processor.py:830} INFO - Processing file /opt/airflow/dags/scripts/loaders/load_refrigerators.py for tasks to queue
[2026-02-13T04:29:49.793+0000] {logging_mixin.py:188} INFO - [2026-02-13T04:29:49.793+0000] {dagbag.py:545} INFO - Filling up the DagBag from /opt/airflow/dags/scripts/loaders/load_refrigerators.py
[2026-02-13T04:29:50.422+0000] {logging_mixin.py:188} INFO - 🚀 Loading REFRIGERATORS data
[2026-02-13T04:29:50.555+0000] {logging_mixin.py:188} INFO - ✅ Refrigerators table refreshed successfully
[2026-02-13T04:29:50.557+0000] {processor.py:842} WARNING - No viable dags retrieved from /opt/airflow/dags/scripts/loaders/load_refrigerators.py
[2026-02-13T04:29:50.579+0000] {processor.py:183} INFO - Processing /opt/airflow/dags/scripts/loaders/load_refrigerators.py took 0.798 seconds
[2026-02-13T04:30:22.087+0000] {processor.py:161} INFO - Started process (PID=8128) to work on /opt/airflow/dags/scripts/loaders/load_refrigerators.py
[2026-02-13T04:30:22.089+0000] {processor.py:830} INFO - Processing file /opt/airflow/dags/scripts/loaders/load_refrigerators.py for tasks to queue
[2026-02-13T04:30:22.095+0000] {logging_mixin.py:188} INFO - [2026-02-13T04:30:22.094+0000] {dagbag.py:545} INFO - Filling up the DagBag from /opt/airflow/dags/scripts/loaders/load_refrigerators.py
[2026-02-13T04:30:22.748+0000] {logging_mixin.py:188} INFO - 🚀 Loading REFRIGERATORS data
[2026-02-13T04:30:22.898+0000] {logging_mixin.py:188} INFO - ✅ Refrigerators table refreshed successfully
[2026-02-13T04:30:22.899+0000] {processor.py:842} WARNING - No viable dags retrieved from /opt/airflow/dags/scripts/loaders/load_refrigerators.py
[2026-02-13T04:30:22.922+0000] {processor.py:183} INFO - Processing /opt/airflow/dags/scripts/loaders/load_refrigerators.py took 0.844 seconds
[2026-02-13T04:30:54.818+0000] {processor.py:161} INFO - Started process (PID=8157) to work on /opt/airflow/dags/scripts/loaders/load_refrigerators.py
[2026-02-13T04:30:54.820+0000] {processor.py:830} INFO - Processing file /opt/airflow/dags/scripts/loaders/load_refrigerators.py for tasks to queue
[2026-02-13T04:30:54.824+0000] {logging_mixin.py:188} INFO - [2026-02-13T04:30:54.824+0000] {dagbag.py:545} INFO - Filling up the DagBag from /opt/airflow/dags/scripts/loaders/load_refrigerators.py
[2026-02-13T04:30:55.515+0000] {logging_mixin.py:188} INFO - 🚀 Loading REFRIGERATORS data
[2026-02-13T04:30:55.638+0000] {logging_mixin.py:188} INFO - ✅ Refrigerators table refreshed successfully
[2026-02-13T04:30:55.639+0000] {processor.py:842} WARNING - No viable dags retrieved from /opt/airflow/dags/scripts/loaders/load_refrigerators.py
[2026-02-13T04:30:55.654+0000] {processor.py:183} INFO - Processing /opt/airflow/dags/scripts/loaders/load_refrigerators.py took 0.845 seconds
[2026-02-13T04:31:28.144+0000] {processor.py:161} INFO - Started process (PID=8186) to work on /opt/airflow/dags/scripts/loaders/load_refrigerators.py
[2026-02-13T04:31:28.151+0000] {processor.py:830} INFO - Processing file /opt/airflow/dags/scripts/loaders/load_refrigerators.py for tasks to queue
[2026-02-13T04:31:28.162+0000] {logging_mixin.py:188} INFO - [2026-02-13T04:31:28.162+0000] {dagbag.py:545} INFO - Filling up the DagBag from /opt/airflow/dags/scripts/loaders/load_refrigerators.py
[2026-02-13T04:31:28.847+0000] {logging_mixin.py:188} INFO - 🚀 Loading REFRIGERATORS data
[2026-02-13T04:31:28.954+0000] {logging_mixin.py:188} INFO - ✅ Refrigerators table refreshed successfully
[2026-02-13T04:31:28.955+0000] {processor.py:842} WARNING - No viable dags retrieved from /opt/airflow/dags/scripts/loaders/load_refrigerators.py
[2026-02-13T04:31:28.968+0000] {processor.py:183} INFO - Processing /opt/airflow/dags/scripts/loaders/load_refrigerators.py took 0.847 seconds
[2026-02-13T04:32:00.300+0000] {processor.py:161} INFO - Started process (PID=8215) to work on /opt/airflow/dags/scripts/loaders/load_refrigerators.py
[2026-02-13T04:32:00.302+0000] {processor.py:830} INFO - Processing file /opt/airflow/dags/scripts/loaders/load_refrigerators.py for tasks to queue
[2026-02-13T04:32:00.304+0000] {logging_mixin.py:188} INFO - [2026-02-13T04:32:00.304+0000] {dagbag.py:545} INFO - Filling up the DagBag from /opt/airflow/dags/scripts/loaders/load_refrigerators.py
[2026-02-13T04:32:00.960+0000] {logging_mixin.py:188} INFO - 🚀 Loading REFRIGERATORS data
[2026-02-13T04:32:01.106+0000] {logging_mixin.py:188} INFO - ✅ Refrigerators table refreshed successfully
[2026-02-13T04:32:01.107+0000] {processor.py:842} WARNING - No viable dags retrieved from /opt/airflow/dags/scripts/loaders/load_refrigerators.py
[2026-02-13T04:32:01.137+0000] {processor.py:183} INFO - Processing /opt/airflow/dags/scripts/loaders/load_refrigerators.py took 0.845 seconds
[2026-02-13T04:32:33.285+0000] {processor.py:161} INFO - Started process (PID=8246) to work on /opt/airflow/dags/scripts/loaders/load_refrigerators.py
[2026-02-13T04:32:33.287+0000] {processor.py:830} INFO - Processing file /opt/airflow/dags/scripts/loaders/load_refrigerators.py for tasks to queue
[2026-02-13T04:32:33.297+0000] {logging_mixin.py:188} INFO - [2026-02-13T04:32:33.293+0000] {dagbag.py:545} INFO - Filling up the DagBag from /opt/airflow/dags/scripts/loaders/load_refrigerators.py
[2026-02-13T04:32:34.122+0000] {logging_mixin.py:188} INFO - 🚀 Loading REFRIGERATORS data
[2026-02-13T04:32:34.234+0000] {logging_mixin.py:188} INFO - ✅ Refrigerators table refreshed successfully
[2026-02-13T04:32:34.235+0000] {processor.py:842} WARNING - No viable dags retrieved from /opt/airflow/dags/scripts/loaders/load_refrigerators.py
[2026-02-13T04:32:34.254+0000] {processor.py:183} INFO - Processing /opt/airflow/dags/scripts/loaders/load_refrigerators.py took 0.985 seconds
[2026-02-13T04:33:06.266+0000] {processor.py:161} INFO - Started process (PID=8273) to work on /opt/airflow/dags/scripts/loaders/load_refrigerators.py
[2026-02-13T04:33:06.269+0000] {processor.py:830} INFO - Processing file /opt/airflow/dags/scripts/loaders/load_refrigerators.py for tasks to queue
[2026-02-13T04:33:06.273+0000] {logging_mixin.py:188} INFO - [2026-02-13T04:33:06.272+0000] {dagbag.py:545} INFO - Filling up the DagBag from /opt/airflow/dags/scripts/loaders/load_refrigerators.py
[2026-02-13T04:33:06.923+0000] {logging_mixin.py:188} INFO - 🚀 Loading REFRIGERATORS data
[2026-02-13T04:33:07.056+0000] {logging_mixin.py:188} INFO - ✅ Refrigerators table refreshed successfully
[2026-02-13T04:33:07.057+0000] {processor.py:842} WARNING - No viable dags retrieved from /opt/airflow/dags/scripts/loaders/load_refrigerators.py
[2026-02-13T04:33:07.079+0000] {processor.py:183} INFO - Processing /opt/airflow/dags/scripts/loaders/load_refrigerators.py took 0.823 seconds
[2026-02-13T04:33:38.801+0000] {processor.py:161} INFO - Started process (PID=8302) to work on /opt/airflow/dags/scripts/loaders/load_refrigerators.py
[2026-02-13T04:33:38.803+0000] {processor.py:830} INFO - Processing file /opt/airflow/dags/scripts/loaders/load_refrigerators.py for tasks to queue
[2026-02-13T04:33:38.805+0000] {logging_mixin.py:188} INFO - [2026-02-13T04:33:38.805+0000] {dagbag.py:545} INFO - Filling up the DagBag from /opt/airflow/dags/scripts/loaders/load_refrigerators.py
[2026-02-13T04:33:39.440+0000] {logging_mixin.py:188} INFO - 🚀 Loading REFRIGERATORS data
[2026-02-13T04:33:39.548+0000] {logging_mixin.py:188} INFO - ✅ Refrigerators table refreshed successfully
[2026-02-13T04:33:39.548+0000] {processor.py:842} WARNING - No viable dags retrieved from /opt/airflow/dags/scripts/loaders/load_refrigerators.py
[2026-02-13T04:33:39.565+0000] {processor.py:183} INFO - Processing /opt/airflow/dags/scripts/loaders/load_refrigerators.py took 0.773 seconds
[2026-02-13T04:34:11.839+0000] {processor.py:161} INFO - Started process (PID=8331) to work on /opt/airflow/dags/scripts/loaders/load_refrigerators.py
[2026-02-13T04:34:11.842+0000] {processor.py:830} INFO - Processing file /opt/airflow/dags/scripts/loaders/load_refrigerators.py for tasks to queue
[2026-02-13T04:34:11.847+0000] {logging_mixin.py:188} INFO - [2026-02-13T04:34:11.847+0000] {dagbag.py:545} INFO - Filling up the DagBag from /opt/airflow/dags/scripts/loaders/load_refrigerators.py
[2026-02-13T04:34:12.551+0000] {logging_mixin.py:188} INFO - 🚀 Loading REFRIGERATORS data
[2026-02-13T04:34:12.640+0000] {logging_mixin.py:188} INFO - ✅ Refrigerators table refreshed successfully
[2026-02-13T04:34:12.641+0000] {processor.py:842} WARNING - No viable dags retrieved from /opt/airflow/dags/scripts/loaders/load_refrigerators.py
[2026-02-13T04:34:12.656+0000] {processor.py:183} INFO - Processing /opt/airflow/dags/scripts/loaders/load_refrigerators.py took 0.826 seconds
[2026-02-13T04:34:44.391+0000] {processor.py:161} INFO - Started process (PID=8360) to work on /opt/airflow/dags/scripts/loaders/load_refrigerators.py
[2026-02-13T04:34:44.393+0000] {processor.py:830} INFO - Processing file /opt/airflow/dags/scripts/loaders/load_refrigerators.py for tasks to queue
[2026-02-13T04:34:44.398+0000] {logging_mixin.py:188} INFO - [2026-02-13T04:34:44.397+0000] {dagbag.py:545} INFO - Filling up the DagBag from /opt/airflow/dags/scripts/loaders/load_refrigerators.py
[2026-02-13T04:34:45.051+0000] {logging_mixin.py:188} INFO - 🚀 Loading REFRIGERATORS data
[2026-02-13T04:34:45.174+0000] {logging_mixin.py:188} INFO - ✅ Refrigerators table refreshed successfully
[2026-02-13T04:34:45.175+0000] {processor.py:842} WARNING - No viable dags retrieved from /opt/airflow/dags/scripts/loaders/load_refrigerators.py
[2026-02-13T04:34:45.192+0000] {processor.py:183} INFO - Processing /opt/airflow/dags/scripts/loaders/load_refrigerators.py took 0.814 seconds
[2026-02-13T04:35:16.656+0000] {processor.py:161} INFO - Started process (PID=8389) to work on /opt/airflow/dags/scripts/loaders/load_refrigerators.py
[2026-02-13T04:35:16.657+0000] {processor.py:830} INFO - Processing file /opt/airflow/dags/scripts/loaders/load_refrigerators.py for tasks to queue
[2026-02-13T04:35:16.660+0000] {logging_mixin.py:188} INFO - [2026-02-13T04:35:16.660+0000] {dagbag.py:545} INFO - Filling up the DagBag from /opt/airflow/dags/scripts/loaders/load_refrigerators.py
[2026-02-13T04:35:17.334+0000] {logging_mixin.py:188} INFO - 🚀 Loading REFRIGERATORS data
[2026-02-13T04:35:17.694+0000] {logging_mixin.py:188} INFO - ✅ Refrigerators table refreshed successfully
[2026-02-13T04:35:17.697+0000] {processor.py:842} WARNING - No viable dags retrieved from /opt/airflow/dags/scripts/loaders/load_refrigerators.py
[2026-02-13T04:35:17.723+0000] {processor.py:183} INFO - Processing /opt/airflow/dags/scripts/loaders/load_refrigerators.py took 1.076 seconds
[2026-02-13T04:35:49.520+0000] {processor.py:161} INFO - Started process (PID=8418) to work on /opt/airflow/dags/scripts/loaders/load_refrigerators.py
[2026-02-13T04:35:49.522+0000] {processor.py:830} INFO - Processing file /opt/airflow/dags/scripts/loaders/load_refrigerators.py for tasks to queue
[2026-02-13T04:35:49.525+0000] {logging_mixin.py:188} INFO - [2026-02-13T04:35:49.525+0000] {dagbag.py:545} INFO - Filling up the DagBag from /opt/airflow/dags/scripts/loaders/load_refrigerators.py
[2026-02-13T04:35:50.157+0000] {logging_mixin.py:188} INFO - 🚀 Loading REFRIGERATORS data
[2026-02-13T04:35:50.319+0000] {logging_mixin.py:188} INFO - ✅ Refrigerators table refreshed successfully
[2026-02-13T04:35:50.321+0000] {processor.py:842} WARNING - No viable dags retrieved from /opt/airflow/dags/scripts/loaders/load_refrigerators.py
[2026-02-13T04:35:50.340+0000] {processor.py:183} INFO - Processing /opt/airflow/dags/scripts/loaders/load_refrigerators.py took 0.828 seconds
[2026-02-13T04:36:22.242+0000] {processor.py:161} INFO - Started process (PID=8447) to work on /opt/airflow/dags/scripts/loaders/load_refrigerators.py
[2026-02-13T04:36:22.244+0000] {processor.py:830} INFO - Processing file /opt/airflow/dags/scripts/loaders/load_refrigerators.py for tasks to queue
[2026-02-13T04:36:22.249+0000] {logging_mixin.py:188} INFO - [2026-02-13T04:36:22.248+0000] {dagbag.py:545} INFO - Filling up the DagBag from /opt/airflow/dags/scripts/loaders/load_refrigerators.py
[2026-02-13T04:36:22.905+0000] {logging_mixin.py:188} INFO - 🚀 Loading REFRIGERATORS data
[2026-02-13T04:36:23.032+0000] {logging_mixin.py:188} INFO - ✅ Refrigerators table refreshed successfully
[2026-02-13T04:36:23.033+0000] {processor.py:842} WARNING - No viable dags retrieved from /opt/airflow/dags/scripts/loaders/load_refrigerators.py
[2026-02-13T04:36:23.053+0000] {processor.py:183} INFO - Processing /opt/airflow/dags/scripts/loaders/load_refrigerators.py took 0.822 seconds
[2026-02-13T04:36:55.556+0000] {processor.py:161} INFO - Started process (PID=8476) to work on /opt/airflow/dags/scripts/loaders/load_refrigerators.py
[2026-02-13T04:36:55.558+0000] {processor.py:830} INFO - Processing file /opt/airflow/dags/scripts/loaders/load_refrigerators.py for tasks to queue
[2026-02-13T04:36:55.560+0000] {logging_mixin.py:188} INFO - [2026-02-13T04:36:55.560+0000] {dagbag.py:545} INFO - Filling up the DagBag from /opt/airflow/dags/scripts/loaders/load_refrigerators.py
[2026-02-13T04:36:56.162+0000] {logging_mixin.py:188} INFO - 🚀 Loading REFRIGERATORS data
[2026-02-13T04:36:56.287+0000] {logging_mixin.py:188} INFO - ✅ Refrigerators table refreshed successfully
[2026-02-13T04:36:56.288+0000] {processor.py:842} WARNING - No viable dags retrieved from /opt/airflow/dags/scripts/loaders/load_refrigerators.py
[2026-02-13T04:36:56.308+0000] {processor.py:183} INFO - Processing /opt/airflow/dags/scripts/loaders/load_refrigerators.py took 0.760 seconds
[2026-02-13T04:37:27.970+0000] {processor.py:161} INFO - Started process (PID=8505) to work on /opt/airflow/dags/scripts/loaders/load_refrigerators.py
[2026-02-13T04:37:27.973+0000] {processor.py:830} INFO - Processing file /opt/airflow/dags/scripts/loaders/load_refrigerators.py for tasks to queue
[2026-02-13T04:37:27.977+0000] {logging_mixin.py:188} INFO - [2026-02-13T04:37:27.977+0000] {dagbag.py:545} INFO - Filling up the DagBag from /opt/airflow/dags/scripts/loaders/load_refrigerators.py
[2026-02-13T04:37:28.634+0000] {logging_mixin.py:188} INFO - 🚀 Loading REFRIGERATORS data
[2026-02-13T04:37:28.774+0000] {logging_mixin.py:188} INFO - ✅ Refrigerators table refreshed successfully
[2026-02-13T04:37:28.775+0000] {processor.py:842} WARNING - No viable dags retrieved from /opt/airflow/dags/scripts/loaders/load_refrigerators.py
[2026-02-13T04:37:28.790+0000] {processor.py:183} INFO - Processing /opt/airflow/dags/scripts/loaders/load_refrigerators.py took 0.833 seconds
[2026-02-13T04:38:00.794+0000] {processor.py:161} INFO - Started process (PID=8534) to work on /opt/airflow/dags/scripts/loaders/load_refrigerators.py
[2026-02-13T04:38:00.796+0000] {processor.py:830} INFO - Processing file /opt/airflow/dags/scripts/loaders/load_refrigerators.py for tasks to queue
[2026-02-13T04:38:00.800+0000] {logging_mixin.py:188} INFO - [2026-02-13T04:38:00.799+0000] {dagbag.py:545} INFO - Filling up the DagBag from /opt/airflow/dags/scripts/loaders/load_refrigerators.py
[2026-02-13T04:38:01.453+0000] {logging_mixin.py:188} INFO - 🚀 Loading REFRIGERATORS data
[2026-02-13T04:38:01.561+0000] {logging_mixin.py:188} INFO - ✅ Refrigerators table refreshed successfully
[2026-02-13T04:38:01.561+0000] {processor.py:842} WARNING - No viable dags retrieved from /opt/airflow/dags/scripts/loaders/load_refrigerators.py
[2026-02-13T04:38:01.577+0000] {processor.py:183} INFO - Processing /opt/airflow/dags/scripts/loaders/load_refrigerators.py took 0.791 seconds
[2026-02-13T04:38:34.245+0000] {processor.py:161} INFO - Started process (PID=8563) to work on /opt/airflow/dags/scripts/loaders/load_refrigerators.py
[2026-02-13T04:38:34.247+0000] {processor.py:830} INFO - Processing file /opt/airflow/dags/scripts/loaders/load_refrigerators.py for tasks to queue
[2026-02-13T04:38:34.250+0000] {logging_mixin.py:188} INFO - [2026-02-13T04:38:34.249+0000] {dagbag.py:545} INFO - Filling up the DagBag from /opt/airflow/dags/scripts/loaders/load_refrigerators.py
[2026-02-13T04:38:34.865+0000] {logging_mixin.py:188} INFO - 🚀 Loading REFRIGERATORS data
[2026-02-13T04:38:34.992+0000] {logging_mixin.py:188} INFO - ✅ Refrigerators table refreshed successfully
[2026-02-13T04:38:34.993+0000] {processor.py:842} WARNING - No viable dags retrieved from /opt/airflow/dags/scripts/loaders/load_refrigerators.py
[2026-02-13T04:38:35.012+0000] {processor.py:183} INFO - Processing /opt/airflow/dags/scripts/loaders/load_refrigerators.py took 0.777 seconds
[2026-02-13T04:39:06.897+0000] {processor.py:161} INFO - Started process (PID=8592) to work on /opt/airflow/dags/scripts/loaders/load_refrigerators.py
[2026-02-13T04:39:06.899+0000] {processor.py:830} INFO - Processing file /opt/airflow/dags/scripts/loaders/load_refrigerators.py for tasks to queue
[2026-02-13T04:39:06.905+0000] {logging_mixin.py:188} INFO - [2026-02-13T04:39:06.904+0000] {dagbag.py:545} INFO - Filling up the DagBag from /opt/airflow/dags/scripts/loaders/load_refrigerators.py
[2026-02-13T04:39:07.582+0000] {logging_mixin.py:188} INFO - 🚀 Loading REFRIGERATORS data
[2026-02-13T04:39:07.731+0000] {logging_mixin.py:188} INFO - ✅ Refrigerators table refreshed successfully
[2026-02-13T04:39:07.732+0000] {processor.py:842} WARNING - No viable dags retrieved from /opt/airflow/dags/scripts/loaders/load_refrigerators.py
[2026-02-13T04:39:07.750+0000] {processor.py:183} INFO - Processing /opt/airflow/dags/scripts/loaders/load_refrigerators.py took 0.865 seconds
[2026-02-13T04:39:39.298+0000] {processor.py:161} INFO - Started process (PID=8621) to work on /opt/airflow/dags/scripts/loaders/load_refrigerators.py
[2026-02-13T04:39:39.300+0000] {processor.py:830} INFO - Processing file /opt/airflow/dags/scripts/loaders/load_refrigerators.py for tasks to queue
[2026-02-13T04:39:39.302+0000] {logging_mixin.py:188} INFO - [2026-02-13T04:39:39.302+0000] {dagbag.py:545} INFO - Filling up the DagBag from /opt/airflow/dags/scripts/loaders/load_refrigerators.py
[2026-02-13T04:39:39.921+0000] {logging_mixin.py:188} INFO - 🚀 Loading REFRIGERATORS data
[2026-02-13T04:39:40.039+0000] {logging_mixin.py:188} INFO - ✅ Refrigerators table refreshed successfully
[2026-02-13T04:39:40.040+0000] {processor.py:842} WARNING - No viable dags retrieved from /opt/airflow/dags/scripts/loaders/load_refrigerators.py
[2026-02-13T04:39:40.057+0000] {processor.py:183} INFO - Processing /opt/airflow/dags/scripts/loaders/load_refrigerators.py took 0.767 seconds
[2026-02-13T04:40:12.793+0000] {processor.py:161} INFO - Started process (PID=8650) to work on /opt/airflow/dags/scripts/loaders/load_refrigerators.py
[2026-02-13T04:40:12.795+0000] {processor.py:830} INFO - Processing file /opt/airflow/dags/scripts/loaders/load_refrigerators.py for tasks to queue
[2026-02-13T04:40:12.799+0000] {logging_mixin.py:188} INFO - [2026-02-13T04:40:12.799+0000] {dagbag.py:545} INFO - Filling up the DagBag from /opt/airflow/dags/scripts/loaders/load_refrigerators.py
[2026-02-13T04:40:13.469+0000] {logging_mixin.py:188} INFO - 🚀 Loading REFRIGERATORS data
[2026-02-13T04:40:13.605+0000] {logging_mixin.py:188} INFO - ✅ Refrigerators table refreshed successfully
[2026-02-13T04:40:13.606+0000] {processor.py:842} WARNING - No viable dags retrieved from /opt/airflow/dags/scripts/loaders/load_refrigerators.py
[2026-02-13T04:40:13.622+0000] {processor.py:183} INFO - Processing /opt/airflow/dags/scripts/loaders/load_refrigerators.py took 0.837 seconds
[2026-02-13T04:40:45.255+0000] {processor.py:161} INFO - Started process (PID=8679) to work on /opt/airflow/dags/scripts/loaders/load_refrigerators.py
[2026-02-13T04:40:45.257+0000] {processor.py:830} INFO - Processing file /opt/airflow/dags/scripts/loaders/load_refrigerators.py for tasks to queue
[2026-02-13T04:40:45.260+0000] {logging_mixin.py:188} INFO - [2026-02-13T04:40:45.259+0000] {dagbag.py:545} INFO - Filling up the DagBag from /opt/airflow/dags/scripts/loaders/load_refrigerators.py
[2026-02-13T04:40:45.900+0000] {logging_mixin.py:188} INFO - 🚀 Loading REFRIGERATORS data
[2026-02-13T04:40:46.031+0000] {logging_mixin.py:188} INFO - ✅ Refrigerators table refreshed successfully
[2026-02-13T04:40:46.032+0000] {processor.py:842} WARNING - No viable dags retrieved from /opt/airflow/dags/scripts/loaders/load_refrigerators.py
[2026-02-13T04:40:46.048+0000] {processor.py:183} INFO - Processing /opt/airflow/dags/scripts/loaders/load_refrigerators.py took 0.802 seconds
[2026-02-13T04:41:17.644+0000] {processor.py:161} INFO - Started process (PID=8708) to work on /opt/airflow/dags/scripts/loaders/load_refrigerators.py
[2026-02-13T04:41:17.646+0000] {processor.py:830} INFO - Processing file /opt/airflow/dags/scripts/loaders/load_refrigerators.py for tasks to queue
[2026-02-13T04:41:17.649+0000] {logging_mixin.py:188} INFO - [2026-02-13T04:41:17.648+0000] {dagbag.py:545} INFO - Filling up the DagBag from /opt/airflow/dags/scripts/loaders/load_refrigerators.py
[2026-02-13T04:41:18.277+0000] {logging_mixin.py:188} INFO - 🚀 Loading REFRIGERATORS data
[2026-02-13T04:41:18.406+0000] {logging_mixin.py:188} INFO - ✅ Refrigerators table refreshed successfully
[2026-02-13T04:41:18.407+0000] {processor.py:842} WARNING - No viable dags retrieved from /opt/airflow/dags/scripts/loaders/load_refrigerators.py
[2026-02-13T04:41:18.424+0000] {processor.py:183} INFO - Processing /opt/airflow/dags/scripts/loaders/load_refrigerators.py took 0.788 seconds
[2026-02-13T04:41:50.641+0000] {processor.py:161} INFO - Started process (PID=8737) to work on /opt/airflow/dags/scripts/loaders/load_refrigerators.py
[2026-02-13T04:41:50.646+0000] {processor.py:830} INFO - Processing file /opt/airflow/dags/scripts/loaders/load_refrigerators.py for tasks to queue
[2026-02-13T04:41:50.657+0000] {logging_mixin.py:188} INFO - [2026-02-13T04:41:50.655+0000] {dagbag.py:545} INFO - Filling up the DagBag from /opt/airflow/dags/scripts/loaders/load_refrigerators.py
[2026-02-13T04:41:51.558+0000] {logging_mixin.py:188} INFO - 🚀 Loading REFRIGERATORS data
[2026-02-13T04:41:51.731+0000] {logging_mixin.py:188} INFO - ✅ Refrigerators table refreshed successfully
[2026-02-13T04:41:51.733+0000] {processor.py:842} WARNING - No viable dags retrieved from /opt/airflow/dags/scripts/loaders/load_refrigerators.py
[2026-02-13T04:41:51.753+0000] {processor.py:183} INFO - Processing /opt/airflow/dags/scripts/loaders/load_refrigerators.py took 1.143 seconds
[2026-02-13T04:42:23.451+0000] {processor.py:161} INFO - Started process (PID=8766) to work on /opt/airflow/dags/scripts/loaders/load_refrigerators.py
[2026-02-13T04:42:23.455+0000] {processor.py:830} INFO - Processing file /opt/airflow/dags/scripts/loaders/load_refrigerators.py for tasks to queue
[2026-02-13T04:42:23.458+0000] {logging_mixin.py:188} INFO - [2026-02-13T04:42:23.458+0000] {dagbag.py:545} INFO - Filling up the DagBag from /opt/airflow/dags/scripts/loaders/load_refrigerators.py
[2026-02-13T04:42:24.113+0000] {logging_mixin.py:188} INFO - 🚀 Loading REFRIGERATORS data
[2026-02-13T04:42:24.290+0000] {logging_mixin.py:188} INFO - ✅ Refrigerators table refreshed successfully
[2026-02-13T04:42:24.292+0000] {processor.py:842} WARNING - No viable dags retrieved from /opt/airflow/dags/scripts/loaders/load_refrigerators.py
[2026-02-13T04:42:24.306+0000] {processor.py:183} INFO - Processing /opt/airflow/dags/scripts/loaders/load_refrigerators.py took 0.865 seconds
[2026-02-13T04:42:56.675+0000] {processor.py:161} INFO - Started process (PID=8795) to work on /opt/airflow/dags/scripts/loaders/load_refrigerators.py
[2026-02-13T04:42:56.677+0000] {processor.py:830} INFO - Processing file /opt/airflow/dags/scripts/loaders/load_refrigerators.py for tasks to queue
[2026-02-13T04:42:56.680+0000] {logging_mixin.py:188} INFO - [2026-02-13T04:42:56.679+0000] {dagbag.py:545} INFO - Filling up the DagBag from /opt/airflow/dags/scripts/loaders/load_refrigerators.py
[2026-02-13T04:42:57.320+0000] {logging_mixin.py:188} INFO - 🚀 Loading REFRIGERATORS data
[2026-02-13T04:42:57.529+0000] {logging_mixin.py:188} INFO - ✅ Refrigerators table refreshed successfully
[2026-02-13T04:42:57.530+0000] {processor.py:842} WARNING - No viable dags retrieved from /opt/airflow/dags/scripts/loaders/load_refrigerators.py
[2026-02-13T04:42:57.568+0000] {processor.py:183} INFO - Processing /opt/airflow/dags/scripts/loaders/load_refrigerators.py took 0.901 seconds
[2026-02-13T04:43:29.603+0000] {processor.py:161} INFO - Started process (PID=8824) to work on /opt/airflow/dags/scripts/loaders/load_refrigerators.py
[2026-02-13T04:43:29.605+0000] {processor.py:830} INFO - Processing file /opt/airflow/dags/scripts/loaders/load_refrigerators.py for tasks to queue
[2026-02-13T04:43:29.608+0000] {logging_mixin.py:188} INFO - [2026-02-13T04:43:29.607+0000] {dagbag.py:545} INFO - Filling up the DagBag from /opt/airflow/dags/scripts/loaders/load_refrigerators.py
[2026-02-13T04:43:30.266+0000] {logging_mixin.py:188} INFO - 🚀 Loading REFRIGERATORS data
[2026-02-13T04:43:30.389+0000] {logging_mixin.py:188} INFO - ✅ Refrigerators table refreshed successfully
[2026-02-13T04:43:30.391+0000] {processor.py:842} WARNING - No viable dags retrieved from /opt/airflow/dags/scripts/loaders/load_refrigerators.py
[2026-02-13T04:43:30.408+0000] {processor.py:183} INFO - Processing /opt/airflow/dags/scripts/loaders/load_refrigerators.py took 0.814 seconds
[2026-02-13T04:44:02.118+0000] {processor.py:161} INFO - Started process (PID=8853) to work on /opt/airflow/dags/scripts/loaders/load_refrigerators.py
[2026-02-13T04:44:02.120+0000] {processor.py:830} INFO - Processing file /opt/airflow/dags/scripts/loaders/load_refrigerators.py for tasks to queue
[2026-02-13T04:44:02.123+0000] {logging_mixin.py:188} INFO - [2026-02-13T04:44:02.123+0000] {dagbag.py:545} INFO - Filling up the DagBag from /opt/airflow/dags/scripts/loaders/load_refrigerators.py
[2026-02-13T04:44:02.809+0000] {logging_mixin.py:188} INFO - 🚀 Loading REFRIGERATORS data
[2026-02-13T04:44:02.955+0000] {logging_mixin.py:188} INFO - ✅ Refrigerators table refreshed successfully
[2026-02-13T04:44:02.956+0000] {processor.py:842} WARNING - No viable dags retrieved from /opt/airflow/dags/scripts/loaders/load_refrigerators.py
[2026-02-13T04:44:02.976+0000] {processor.py:183} INFO - Processing /opt/airflow/dags/scripts/loaders/load_refrigerators.py took 0.865 seconds
[2026-02-13T04:44:34.805+0000] {processor.py:161} INFO - Started process (PID=8882) to work on /opt/airflow/dags/scripts/loaders/load_refrigerators.py
[2026-02-13T04:44:34.807+0000] {processor.py:830} INFO - Processing file /opt/airflow/dags/scripts/loaders/load_refrigerators.py for tasks to queue
[2026-02-13T04:44:34.809+0000] {logging_mixin.py:188} INFO - [2026-02-13T04:44:34.809+0000] {dagbag.py:545} INFO - Filling up the DagBag from /opt/airflow/dags/scripts/loaders/load_refrigerators.py
[2026-02-13T04:44:35.532+0000] {logging_mixin.py:188} INFO - 🚀 Loading REFRIGERATORS data
[2026-02-13T04:44:35.648+0000] {logging_mixin.py:188} INFO - ✅ Refrigerators table refreshed successfully
[2026-02-13T04:44:35.649+0000] {processor.py:842} WARNING - No viable dags retrieved from /opt/airflow/dags/scripts/loaders/load_refrigerators.py
[2026-02-13T04:44:35.665+0000] {processor.py:183} INFO - Processing /opt/airflow/dags/scripts/loaders/load_refrigerators.py took 0.870 seconds
[2026-02-13T04:45:08.402+0000] {processor.py:161} INFO - Started process (PID=8911) to work on /opt/airflow/dags/scripts/loaders/load_refrigerators.py
[2026-02-13T04:45:08.404+0000] {processor.py:830} INFO - Processing file /opt/airflow/dags/scripts/loaders/load_refrigerators.py for tasks to queue
[2026-02-13T04:45:08.407+0000] {logging_mixin.py:188} INFO - [2026-02-13T04:45:08.406+0000] {dagbag.py:545} INFO - Filling up the DagBag from /opt/airflow/dags/scripts/loaders/load_refrigerators.py
[2026-02-13T04:45:09.054+0000] {logging_mixin.py:188} INFO - 🚀 Loading REFRIGERATORS data
[2026-02-13T04:45:09.200+0000] {logging_mixin.py:188} INFO - ✅ Refrigerators table refreshed successfully
[2026-02-13T04:45:09.202+0000] {processor.py:842} WARNING - No viable dags retrieved from /opt/airflow/dags/scripts/loaders/load_refrigerators.py
[2026-02-13T04:45:09.224+0000] {processor.py:183} INFO - Processing /opt/airflow/dags/scripts/loaders/load_refrigerators.py took 0.831 seconds
[2026-02-13T04:45:41.171+0000] {processor.py:161} INFO - Started process (PID=8940) to work on /opt/airflow/dags/scripts/loaders/load_refrigerators.py
[2026-02-13T04:45:41.173+0000] {processor.py:830} INFO - Processing file /opt/airflow/dags/scripts/loaders/load_refrigerators.py for tasks to queue
[2026-02-13T04:45:41.176+0000] {logging_mixin.py:188} INFO - [2026-02-13T04:45:41.176+0000] {dagbag.py:545} INFO - Filling up the DagBag from /opt/airflow/dags/scripts/loaders/load_refrigerators.py
[2026-02-13T04:45:41.937+0000] {logging_mixin.py:188} INFO - 🚀 Loading REFRIGERATORS data
[2026-02-13T04:45:42.094+0000] {logging_mixin.py:188} INFO - ✅ Refrigerators table refreshed successfully
[2026-02-13T04:45:42.095+0000] {processor.py:842} WARNING - No viable dags retrieved from /opt/airflow/dags/scripts/loaders/load_refrigerators.py
[2026-02-13T04:45:42.113+0000] {processor.py:183} INFO - Processing /opt/airflow/dags/scripts/loaders/load_refrigerators.py took 0.952 seconds
[2026-02-13T04:46:13.526+0000] {processor.py:161} INFO - Started process (PID=8971) to work on /opt/airflow/dags/scripts/loaders/load_refrigerators.py
[2026-02-13T04:46:13.528+0000] {processor.py:830} INFO - Processing file /opt/airflow/dags/scripts/loaders/load_refrigerators.py for tasks to queue
[2026-02-13T04:46:13.531+0000] {logging_mixin.py:188} INFO - [2026-02-13T04:46:13.531+0000] {dagbag.py:545} INFO - Filling up the DagBag from /opt/airflow/dags/scripts/loaders/load_refrigerators.py
[2026-02-13T04:46:14.181+0000] {logging_mixin.py:188} INFO - 🚀 Loading REFRIGERATORS data
[2026-02-13T04:46:14.334+0000] {logging_mixin.py:188} INFO - ✅ Refrigerators table refreshed successfully
[2026-02-13T04:46:14.336+0000] {processor.py:842} WARNING - No viable dags retrieved from /opt/airflow/dags/scripts/loaders/load_refrigerators.py
[2026-02-13T04:46:14.356+0000] {processor.py:183} INFO - Processing /opt/airflow/dags/scripts/loaders/load_refrigerators.py took 0.840 seconds
[2026-02-13T04:46:46.313+0000] {processor.py:161} INFO - Started process (PID=8998) to work on /opt/airflow/dags/scripts/loaders/load_refrigerators.py
[2026-02-13T04:46:46.315+0000] {processor.py:830} INFO - Processing file /opt/airflow/dags/scripts/loaders/load_refrigerators.py for tasks to queue
[2026-02-13T04:46:46.319+0000] {logging_mixin.py:188} INFO - [2026-02-13T04:46:46.318+0000] {dagbag.py:545} INFO - Filling up the DagBag from /opt/airflow/dags/scripts/loaders/load_refrigerators.py
[2026-02-13T04:46:46.978+0000] {logging_mixin.py:188} INFO - 🚀 Loading REFRIGERATORS data
[2026-02-13T04:46:47.109+0000] {logging_mixin.py:188} INFO - ✅ Refrigerators table refreshed successfully
[2026-02-13T04:46:47.111+0000] {processor.py:842} WARNING - No viable dags retrieved from /opt/airflow/dags/scripts/loaders/load_refrigerators.py
[2026-02-13T04:46:47.131+0000] {processor.py:183} INFO - Processing /opt/airflow/dags/scripts/loaders/load_refrigerators.py took 0.829 seconds
[2026-02-13T04:47:18.905+0000] {processor.py:161} INFO - Started process (PID=9026) to work on /opt/airflow/dags/scripts/loaders/load_refrigerators.py
[2026-02-13T04:47:18.906+0000] {processor.py:830} INFO - Processing file /opt/airflow/dags/scripts/loaders/load_refrigerators.py for tasks to queue
[2026-02-13T04:47:18.910+0000] {logging_mixin.py:188} INFO - [2026-02-13T04:47:18.910+0000] {dagbag.py:545} INFO - Filling up the DagBag from /opt/airflow/dags/scripts/loaders/load_refrigerators.py
[2026-02-13T04:47:19.604+0000] {logging_mixin.py:188} INFO - 🚀 Loading REFRIGERATORS data
[2026-02-13T04:47:19.730+0000] {logging_mixin.py:188} INFO - ✅ Refrigerators table refreshed successfully
[2026-02-13T04:47:19.731+0000] {processor.py:842} WARNING - No viable dags retrieved from /opt/airflow/dags/scripts/loaders/load_refrigerators.py
[2026-02-13T04:47:19.752+0000] {processor.py:183} INFO - Processing /opt/airflow/dags/scripts/loaders/load_refrigerators.py took 0.857 seconds
[2026-02-13T04:47:51.894+0000] {processor.py:161} INFO - Started process (PID=9056) to work on /opt/airflow/dags/scripts/loaders/load_refrigerators.py
[2026-02-13T04:47:51.896+0000] {processor.py:830} INFO - Processing file /opt/airflow/dags/scripts/loaders/load_refrigerators.py for tasks to queue
[2026-02-13T04:47:51.899+0000] {logging_mixin.py:188} INFO - [2026-02-13T04:47:51.899+0000] {dagbag.py:545} INFO - Filling up the DagBag from /opt/airflow/dags/scripts/loaders/load_refrigerators.py
[2026-02-13T04:47:52.581+0000] {logging_mixin.py:188} INFO - 🚀 Loading REFRIGERATORS data
[2026-02-13T04:47:52.695+0000] {logging_mixin.py:188} INFO - ✅ Refrigerators table refreshed successfully
[2026-02-13T04:47:52.696+0000] {processor.py:842} WARNING - No viable dags retrieved from /opt/airflow/dags/scripts/loaders/load_refrigerators.py
[2026-02-13T04:47:52.712+0000] {processor.py:183} INFO - Processing /opt/airflow/dags/scripts/loaders/load_refrigerators.py took 0.825 seconds
[2026-02-13T04:49:19.094+0000] {processor.py:161} INFO - Started process (PID=9085) to work on /opt/airflow/dags/scripts/loaders/load_refrigerators.py
[2026-02-13T04:49:19.099+0000] {processor.py:830} INFO - Processing file /opt/airflow/dags/scripts/loaders/load_refrigerators.py for tasks to queue
[2026-02-13T04:49:19.114+0000] {logging_mixin.py:188} INFO - [2026-02-13T04:49:19.113+0000] {dagbag.py:545} INFO - Filling up the DagBag from /opt/airflow/dags/scripts/loaders/load_refrigerators.py
[2026-02-13T04:49:20.182+0000] {logging_mixin.py:188} INFO - 🚀 Loading REFRIGERATORS data
[2026-02-13T04:49:20.321+0000] {logging_mixin.py:188} INFO - ✅ Refrigerators table refreshed successfully
[2026-02-13T04:49:20.322+0000] {processor.py:842} WARNING - No viable dags retrieved from /opt/airflow/dags/scripts/loaders/load_refrigerators.py
[2026-02-13T04:49:20.349+0000] {processor.py:183} INFO - Processing /opt/airflow/dags/scripts/loaders/load_refrigerators.py took 1.319 seconds
[2026-02-13T04:49:50.742+0000] {processor.py:161} INFO - Started process (PID=9116) to work on /opt/airflow/dags/scripts/loaders/load_refrigerators.py
[2026-02-13T04:49:50.744+0000] {processor.py:830} INFO - Processing file /opt/airflow/dags/scripts/loaders/load_refrigerators.py for tasks to queue
[2026-02-13T04:49:50.749+0000] {logging_mixin.py:188} INFO - [2026-02-13T04:49:50.748+0000] {dagbag.py:545} INFO - Filling up the DagBag from /opt/airflow/dags/scripts/loaders/load_refrigerators.py
[2026-02-13T04:49:51.403+0000] {logging_mixin.py:188} INFO - 🚀 Loading REFRIGERATORS data
[2026-02-13T04:49:51.508+0000] {logging_mixin.py:188} INFO - ✅ Refrigerators table refreshed successfully
[2026-02-13T04:49:51.509+0000] {processor.py:842} WARNING - No viable dags retrieved from /opt/airflow/dags/scripts/loaders/load_refrigerators.py
[2026-02-13T04:49:51.528+0000] {processor.py:183} INFO - Processing /opt/airflow/dags/scripts/loaders/load_refrigerators.py took 0.794 seconds
[2026-02-13T04:50:22.275+0000] {processor.py:161} INFO - Started process (PID=9145) to work on /opt/airflow/dags/scripts/loaders/load_refrigerators.py
[2026-02-13T04:50:22.277+0000] {processor.py:830} INFO - Processing file /opt/airflow/dags/scripts/loaders/load_refrigerators.py for tasks to queue
[2026-02-13T04:50:22.280+0000] {logging_mixin.py:188} INFO - [2026-02-13T04:50:22.280+0000] {dagbag.py:545} INFO - Filling up the DagBag from /opt/airflow/dags/scripts/loaders/load_refrigerators.py
[2026-02-13T04:50:22.971+0000] {logging_mixin.py:188} INFO - 🚀 Loading REFRIGERATORS data
[2026-02-13T04:50:23.099+0000] {logging_mixin.py:188} INFO - ✅ Refrigerators table refreshed successfully
[2026-02-13T04:50:23.100+0000] {processor.py:842} WARNING - No viable dags retrieved from /opt/airflow/dags/scripts/loaders/load_refrigerators.py
[2026-02-13T04:50:23.117+0000] {processor.py:183} INFO - Processing /opt/airflow/dags/scripts/loaders/load_refrigerators.py took 0.851 seconds
[2026-02-13T04:50:53.524+0000] {processor.py:161} INFO - Started process (PID=9172) to work on /opt/airflow/dags/scripts/loaders/load_refrigerators.py
[2026-02-13T04:50:53.526+0000] {processor.py:830} INFO - Processing file /opt/airflow/dags/scripts/loaders/load_refrigerators.py for tasks to queue
[2026-02-13T04:50:53.528+0000] {logging_mixin.py:188} INFO - [2026-02-13T04:50:53.528+0000] {dagbag.py:545} INFO - Filling up the DagBag from /opt/airflow/dags/scripts/loaders/load_refrigerators.py
[2026-02-13T04:50:54.222+0000] {logging_mixin.py:188} INFO - 🚀 Loading REFRIGERATORS data
[2026-02-13T04:50:54.397+0000] {logging_mixin.py:188} INFO - ✅ Refrigerators table refreshed successfully
[2026-02-13T04:50:54.398+0000] {processor.py:842} WARNING - No viable dags retrieved from /opt/airflow/dags/scripts/loaders/load_refrigerators.py
[2026-02-13T04:50:54.414+0000] {processor.py:183} INFO - Processing /opt/airflow/dags/scripts/loaders/load_refrigerators.py took 0.903 seconds
[2026-02-13T04:51:24.969+0000] {processor.py:161} INFO - Started process (PID=9201) to work on /opt/airflow/dags/scripts/loaders/load_refrigerators.py
[2026-02-13T04:51:24.970+0000] {processor.py:830} INFO - Processing file /opt/airflow/dags/scripts/loaders/load_refrigerators.py for tasks to queue
[2026-02-13T04:51:24.974+0000] {logging_mixin.py:188} INFO - [2026-02-13T04:51:24.973+0000] {dagbag.py:545} INFO - Filling up the DagBag from /opt/airflow/dags/scripts/loaders/load_refrigerators.py
[2026-02-13T04:51:25.711+0000] {logging_mixin.py:188} INFO - 🚀 Loading REFRIGERATORS data
[2026-02-13T04:51:25.909+0000] {logging_mixin.py:188} INFO - ✅ Refrigerators table refreshed successfully
[2026-02-13T04:51:25.911+0000] {processor.py:842} WARNING - No viable dags retrieved from /opt/airflow/dags/scripts/loaders/load_refrigerators.py
[2026-02-13T04:51:25.943+0000] {processor.py:183} INFO - Processing /opt/airflow/dags/scripts/loaders/load_refrigerators.py took 0.986 seconds
[2026-02-13T04:51:56.472+0000] {processor.py:161} INFO - Started process (PID=9232) to work on /opt/airflow/dags/scripts/loaders/load_refrigerators.py
[2026-02-13T04:51:56.474+0000] {processor.py:830} INFO - Processing file /opt/airflow/dags/scripts/loaders/load_refrigerators.py for tasks to queue
[2026-02-13T04:51:56.478+0000] {logging_mixin.py:188} INFO - [2026-02-13T04:51:56.477+0000] {dagbag.py:545} INFO - Filling up the DagBag from /opt/airflow/dags/scripts/loaders/load_refrigerators.py
[2026-02-13T04:51:57.071+0000] {logging_mixin.py:188} INFO - 🚀 Loading REFRIGERATORS data
[2026-02-13T04:51:57.201+0000] {logging_mixin.py:188} INFO - ✅ Refrigerators table refreshed successfully
[2026-02-13T04:51:57.202+0000] {processor.py:842} WARNING - No viable dags retrieved from /opt/airflow/dags/scripts/loaders/load_refrigerators.py
[2026-02-13T04:51:57.223+0000] {processor.py:183} INFO - Processing /opt/airflow/dags/scripts/loaders/load_refrigerators.py took 0.760 seconds
[2026-02-13T04:52:27.969+0000] {processor.py:161} INFO - Started process (PID=9260) to work on /opt/airflow/dags/scripts/loaders/load_refrigerators.py
[2026-02-13T04:52:27.971+0000] {processor.py:830} INFO - Processing file /opt/airflow/dags/scripts/loaders/load_refrigerators.py for tasks to queue
[2026-02-13T04:52:27.975+0000] {logging_mixin.py:188} INFO - [2026-02-13T04:52:27.974+0000] {dagbag.py:545} INFO - Filling up the DagBag from /opt/airflow/dags/scripts/loaders/load_refrigerators.py
[2026-02-13T04:52:28.720+0000] {logging_mixin.py:188} INFO - 🚀 Loading REFRIGERATORS data
[2026-02-13T04:52:28.862+0000] {logging_mixin.py:188} INFO - ✅ Refrigerators table refreshed successfully
[2026-02-13T04:52:28.864+0000] {processor.py:842} WARNING - No viable dags retrieved from /opt/airflow/dags/scripts/loaders/load_refrigerators.py
[2026-02-13T04:52:28.888+0000] {processor.py:183} INFO - Processing /opt/airflow/dags/scripts/loaders/load_refrigerators.py took 0.933 seconds
[2026-02-13T04:52:59.634+0000] {processor.py:161} INFO - Started process (PID=9290) to work on /opt/airflow/dags/scripts/loaders/load_refrigerators.py
[2026-02-13T04:52:59.636+0000] {processor.py:830} INFO - Processing file /opt/airflow/dags/scripts/loaders/load_refrigerators.py for tasks to queue
[2026-02-13T04:52:59.640+0000] {logging_mixin.py:188} INFO - [2026-02-13T04:52:59.639+0000] {dagbag.py:545} INFO - Filling up the DagBag from /opt/airflow/dags/scripts/loaders/load_refrigerators.py
[2026-02-13T04:53:00.259+0000] {logging_mixin.py:188} INFO - 🚀 Loading REFRIGERATORS data
[2026-02-13T04:53:00.383+0000] {logging_mixin.py:188} INFO - ✅ Refrigerators table refreshed successfully
[2026-02-13T04:53:00.384+0000] {processor.py:842} WARNING - No viable dags retrieved from /opt/airflow/dags/scripts/loaders/load_refrigerators.py
[2026-02-13T04:53:00.407+0000] {processor.py:183} INFO - Processing /opt/airflow/dags/scripts/loaders/load_refrigerators.py took 0.781 seconds
[2026-02-13T04:53:30.951+0000] {processor.py:161} INFO - Started process (PID=9319) to work on /opt/airflow/dags/scripts/loaders/load_refrigerators.py
[2026-02-13T04:53:30.953+0000] {processor.py:830} INFO - Processing file /opt/airflow/dags/scripts/loaders/load_refrigerators.py for tasks to queue
[2026-02-13T04:53:30.956+0000] {logging_mixin.py:188} INFO - [2026-02-13T04:53:30.956+0000] {dagbag.py:545} INFO - Filling up the DagBag from /opt/airflow/dags/scripts/loaders/load_refrigerators.py
[2026-02-13T04:53:31.614+0000] {logging_mixin.py:188} INFO - 🚀 Loading REFRIGERATORS data
[2026-02-13T04:53:31.759+0000] {logging_mixin.py:188} INFO - ✅ Refrigerators table refreshed successfully
[2026-02-13T04:53:31.761+0000] {processor.py:842} WARNING - No viable dags retrieved from /opt/airflow/dags/scripts/loaders/load_refrigerators.py
[2026-02-13T04:53:31.781+0000] {processor.py:183} INFO - Processing /opt/airflow/dags/scripts/loaders/load_refrigerators.py took 0.840 seconds
[2026-02-13T04:54:02.434+0000] {processor.py:161} INFO - Started process (PID=9346) to work on /opt/airflow/dags/scripts/loaders/load_refrigerators.py
[2026-02-13T04:54:02.436+0000] {processor.py:830} INFO - Processing file /opt/airflow/dags/scripts/loaders/load_refrigerators.py for tasks to queue
[2026-02-13T04:54:02.440+0000] {logging_mixin.py:188} INFO - [2026-02-13T04:54:02.439+0000] {dagbag.py:545} INFO - Filling up the DagBag from /opt/airflow/dags/scripts/loaders/load_refrigerators.py
[2026-02-13T04:54:03.181+0000] {logging_mixin.py:188} INFO - 🚀 Loading REFRIGERATORS data
[2026-02-13T04:54:03.329+0000] {logging_mixin.py:188} INFO - ✅ Refrigerators table refreshed successfully
[2026-02-13T04:54:03.331+0000] {processor.py:842} WARNING - No viable dags retrieved from /opt/airflow/dags/scripts/loaders/load_refrigerators.py
[2026-02-13T04:54:03.356+0000] {processor.py:183} INFO - Processing /opt/airflow/dags/scripts/loaders/load_refrigerators.py took 0.934 seconds
[2026-02-13T04:54:33.585+0000] {processor.py:161} INFO - Started process (PID=9377) to work on /opt/airflow/dags/scripts/loaders/load_refrigerators.py
[2026-02-13T04:54:33.587+0000] {processor.py:830} INFO - Processing file /opt/airflow/dags/scripts/loaders/load_refrigerators.py for tasks to queue
[2026-02-13T04:54:33.589+0000] {logging_mixin.py:188} INFO - [2026-02-13T04:54:33.589+0000] {dagbag.py:545} INFO - Filling up the DagBag from /opt/airflow/dags/scripts/loaders/load_refrigerators.py
[2026-02-13T04:54:34.213+0000] {logging_mixin.py:188} INFO - 🚀 Loading REFRIGERATORS data
[2026-02-13T04:54:34.305+0000] {logging_mixin.py:188} INFO - ✅ Refrigerators table refreshed successfully
[2026-02-13T04:54:34.306+0000] {processor.py:842} WARNING - No viable dags retrieved from /opt/airflow/dags/scripts/loaders/load_refrigerators.py
[2026-02-13T04:54:34.322+0000] {processor.py:183} INFO - Processing /opt/airflow/dags/scripts/loaders/load_refrigerators.py took 0.744 seconds
[2026-02-13T04:55:05.160+0000] {processor.py:161} INFO - Started process (PID=9404) to work on /opt/airflow/dags/scripts/loaders/load_refrigerators.py
[2026-02-13T04:55:05.163+0000] {processor.py:830} INFO - Processing file /opt/airflow/dags/scripts/loaders/load_refrigerators.py for tasks to queue
[2026-02-13T04:55:05.166+0000] {logging_mixin.py:188} INFO - [2026-02-13T04:55:05.166+0000] {dagbag.py:545} INFO - Filling up the DagBag from /opt/airflow/dags/scripts/loaders/load_refrigerators.py
[2026-02-13T04:55:06.017+0000] {logging_mixin.py:188} INFO - 🚀 Loading REFRIGERATORS data
[2026-02-13T04:55:06.153+0000] {logging_mixin.py:188} INFO - ✅ Refrigerators table refreshed successfully
[2026-02-13T04:55:06.154+0000] {processor.py:842} WARNING - No viable dags retrieved from /opt/airflow/dags/scripts/loaders/load_refrigerators.py
[2026-02-13T04:55:06.170+0000] {processor.py:183} INFO - Processing /opt/airflow/dags/scripts/loaders/load_refrigerators.py took 1.021 seconds
[2026-02-13T04:55:36.810+0000] {processor.py:161} INFO - Started process (PID=9435) to work on /opt/airflow/dags/scripts/loaders/load_refrigerators.py
[2026-02-13T04:55:36.812+0000] {processor.py:830} INFO - Processing file /opt/airflow/dags/scripts/loaders/load_refrigerators.py for tasks to queue
[2026-02-13T04:55:36.815+0000] {logging_mixin.py:188} INFO - [2026-02-13T04:55:36.814+0000] {dagbag.py:545} INFO - Filling up the DagBag from /opt/airflow/dags/scripts/loaders/load_refrigerators.py
[2026-02-13T04:55:37.466+0000] {logging_mixin.py:188} INFO - 🚀 Loading REFRIGERATORS data
[2026-02-13T04:55:37.587+0000] {logging_mixin.py:188} INFO - ✅ Refrigerators table refreshed successfully
[2026-02-13T04:55:37.588+0000] {processor.py:842} WARNING - No viable dags retrieved from /opt/airflow/dags/scripts/loaders/load_refrigerators.py
[2026-02-13T04:55:37.608+0000] {processor.py:183} INFO - Processing /opt/airflow/dags/scripts/loaders/load_refrigerators.py took 0.806 seconds
[2026-02-13T04:56:07.823+0000] {processor.py:161} INFO - Started process (PID=9462) to work on /opt/airflow/dags/scripts/loaders/load_refrigerators.py
[2026-02-13T04:56:07.825+0000] {processor.py:830} INFO - Processing file /opt/airflow/dags/scripts/loaders/load_refrigerators.py for tasks to queue
[2026-02-13T04:56:07.828+0000] {logging_mixin.py:188} INFO - [2026-02-13T04:56:07.828+0000] {dagbag.py:545} INFO - Filling up the DagBag from /opt/airflow/dags/scripts/loaders/load_refrigerators.py
[2026-02-13T04:56:08.480+0000] {logging_mixin.py:188} INFO - 🚀 Loading REFRIGERATORS data
[2026-02-13T04:56:08.641+0000] {logging_mixin.py:188} INFO - ✅ Refrigerators table refreshed successfully
[2026-02-13T04:56:08.642+0000] {processor.py:842} WARNING - No viable dags retrieved from /opt/airflow/dags/scripts/loaders/load_refrigerators.py
[2026-02-13T04:56:08.669+0000] {processor.py:183} INFO - Processing /opt/airflow/dags/scripts/loaders/load_refrigerators.py took 0.852 seconds
[2026-02-13T04:56:39.043+0000] {processor.py:161} INFO - Started process (PID=9491) to work on /opt/airflow/dags/scripts/loaders/load_refrigerators.py
[2026-02-13T04:56:39.045+0000] {processor.py:830} INFO - Processing file /opt/airflow/dags/scripts/loaders/load_refrigerators.py for tasks to queue
[2026-02-13T04:56:39.048+0000] {logging_mixin.py:188} INFO - [2026-02-13T04:56:39.047+0000] {dagbag.py:545} INFO - Filling up the DagBag from /opt/airflow/dags/scripts/loaders/load_refrigerators.py
[2026-02-13T04:56:39.650+0000] {logging_mixin.py:188} INFO - 🚀 Loading REFRIGERATORS data
[2026-02-13T04:56:39.775+0000] {logging_mixin.py:188} INFO - ✅ Refrigerators table refreshed successfully
[2026-02-13T04:56:39.776+0000] {processor.py:842} WARNING - No viable dags retrieved from /opt/airflow/dags/scripts/loaders/load_refrigerators.py
[2026-02-13T04:56:39.790+0000] {processor.py:183} INFO - Processing /opt/airflow/dags/scripts/loaders/load_refrigerators.py took 0.756 seconds
[2026-02-13T04:57:10.590+0000] {processor.py:161} INFO - Started process (PID=9520) to work on /opt/airflow/dags/scripts/loaders/load_refrigerators.py
[2026-02-13T04:57:10.592+0000] {processor.py:830} INFO - Processing file /opt/airflow/dags/scripts/loaders/load_refrigerators.py for tasks to queue
[2026-02-13T04:57:10.596+0000] {logging_mixin.py:188} INFO - [2026-02-13T04:57:10.595+0000] {dagbag.py:545} INFO - Filling up the DagBag from /opt/airflow/dags/scripts/loaders/load_refrigerators.py
[2026-02-13T04:57:11.245+0000] {logging_mixin.py:188} INFO - 🚀 Loading REFRIGERATORS data
[2026-02-13T04:57:11.377+0000] {logging_mixin.py:188} INFO - ✅ Refrigerators table refreshed successfully
[2026-02-13T04:57:11.378+0000] {processor.py:842} WARNING - No viable dags retrieved from /opt/airflow/dags/scripts/loaders/load_refrigerators.py
[2026-02-13T04:57:11.394+0000] {processor.py:183} INFO - Processing /opt/airflow/dags/scripts/loaders/load_refrigerators.py took 0.812 seconds
[2026-02-13T04:57:41.977+0000] {processor.py:161} INFO - Started process (PID=9549) to work on /opt/airflow/dags/scripts/loaders/load_refrigerators.py
[2026-02-13T04:57:41.980+0000] {processor.py:830} INFO - Processing file /opt/airflow/dags/scripts/loaders/load_refrigerators.py for tasks to queue
[2026-02-13T04:57:41.983+0000] {logging_mixin.py:188} INFO - [2026-02-13T04:57:41.982+0000] {dagbag.py:545} INFO - Filling up the DagBag from /opt/airflow/dags/scripts/loaders/load_refrigerators.py
[2026-02-13T04:57:42.616+0000] {logging_mixin.py:188} INFO - 🚀 Loading REFRIGERATORS data
[2026-02-13T04:57:42.731+0000] {logging_mixin.py:188} INFO - ✅ Refrigerators table refreshed successfully
[2026-02-13T04:57:42.732+0000] {processor.py:842} WARNING - No viable dags retrieved from /opt/airflow/dags/scripts/loaders/load_refrigerators.py
[2026-02-13T04:57:42.750+0000] {processor.py:183} INFO - Processing /opt/airflow/dags/scripts/loaders/load_refrigerators.py took 0.781 seconds
[2026-02-13T04:58:14.202+0000] {processor.py:161} INFO - Started process (PID=9578) to work on /opt/airflow/dags/scripts/loaders/load_refrigerators.py
[2026-02-13T04:58:14.203+0000] {processor.py:830} INFO - Processing file /opt/airflow/dags/scripts/loaders/load_refrigerators.py for tasks to queue
[2026-02-13T04:58:14.207+0000] {logging_mixin.py:188} INFO - [2026-02-13T04:58:14.206+0000] {dagbag.py:545} INFO - Filling up the DagBag from /opt/airflow/dags/scripts/loaders/load_refrigerators.py
[2026-02-13T04:58:14.909+0000] {logging_mixin.py:188} INFO - 🚀 Loading REFRIGERATORS data
[2026-02-13T04:58:15.029+0000] {logging_mixin.py:188} INFO - ✅ Refrigerators table refreshed successfully
[2026-02-13T04:58:15.030+0000] {processor.py:842} WARNING - No viable dags retrieved from /opt/airflow/dags/scripts/loaders/load_refrigerators.py
[2026-02-13T04:58:15.046+0000] {processor.py:183} INFO - Processing /opt/airflow/dags/scripts/loaders/load_refrigerators.py took 0.853 seconds
[2026-02-13T04:58:46.622+0000] {processor.py:161} INFO - Started process (PID=9607) to work on /opt/airflow/dags/scripts/loaders/load_refrigerators.py
[2026-02-13T04:58:46.623+0000] {processor.py:830} INFO - Processing file /opt/airflow/dags/scripts/loaders/load_refrigerators.py for tasks to queue
[2026-02-13T04:58:46.627+0000] {logging_mixin.py:188} INFO - [2026-02-13T04:58:46.626+0000] {dagbag.py:545} INFO - Filling up the DagBag from /opt/airflow/dags/scripts/loaders/load_refrigerators.py
[2026-02-13T04:58:47.221+0000] {logging_mixin.py:188} INFO - 🚀 Loading REFRIGERATORS data
[2026-02-13T04:58:47.325+0000] {logging_mixin.py:188} INFO - ✅ Refrigerators table refreshed successfully
[2026-02-13T04:58:47.326+0000] {processor.py:842} WARNING - No viable dags retrieved from /opt/airflow/dags/scripts/loaders/load_refrigerators.py
[2026-02-13T04:58:47.341+0000] {processor.py:183} INFO - Processing /opt/airflow/dags/scripts/loaders/load_refrigerators.py took 0.728 seconds
[2026-02-13T04:59:20.090+0000] {processor.py:161} INFO - Started process (PID=9636) to work on /opt/airflow/dags/scripts/loaders/load_refrigerators.py
[2026-02-13T04:59:20.092+0000] {processor.py:830} INFO - Processing file /opt/airflow/dags/scripts/loaders/load_refrigerators.py for tasks to queue
[2026-02-13T04:59:20.095+0000] {logging_mixin.py:188} INFO - [2026-02-13T04:59:20.095+0000] {dagbag.py:545} INFO - Filling up the DagBag from /opt/airflow/dags/scripts/loaders/load_refrigerators.py
[2026-02-13T04:59:20.700+0000] {logging_mixin.py:188} INFO - 🚀 Loading REFRIGERATORS data
[2026-02-13T04:59:20.826+0000] {logging_mixin.py:188} INFO - ✅ Refrigerators table refreshed successfully
[2026-02-13T04:59:20.827+0000] {processor.py:842} WARNING - No viable dags retrieved from /opt/airflow/dags/scripts/loaders/load_refrigerators.py
[2026-02-13T04:59:20.845+0000] {processor.py:183} INFO - Processing /opt/airflow/dags/scripts/loaders/load_refrigerators.py took 0.762 seconds
[2026-02-13T04:59:52.772+0000] {processor.py:161} INFO - Started process (PID=9665) to work on /opt/airflow/dags/scripts/loaders/load_refrigerators.py
[2026-02-13T04:59:52.774+0000] {processor.py:830} INFO - Processing file /opt/airflow/dags/scripts/loaders/load_refrigerators.py for tasks to queue
[2026-02-13T04:59:52.777+0000] {logging_mixin.py:188} INFO - [2026-02-13T04:59:52.776+0000] {dagbag.py:545} INFO - Filling up the DagBag from /opt/airflow/dags/scripts/loaders/load_refrigerators.py
[2026-02-13T04:59:53.353+0000] {logging_mixin.py:188} INFO - 🚀 Loading REFRIGERATORS data
[2026-02-13T04:59:53.470+0000] {logging_mixin.py:188} INFO - ✅ Refrigerators table refreshed successfully
[2026-02-13T04:59:53.471+0000] {processor.py:842} WARNING - No viable dags retrieved from /opt/airflow/dags/scripts/loaders/load_refrigerators.py
[2026-02-13T04:59:53.492+0000] {processor.py:183} INFO - Processing /opt/airflow/dags/scripts/loaders/load_refrigerators.py took 0.731 seconds
[2026-02-13T05:00:25.219+0000] {processor.py:161} INFO - Started process (PID=9694) to work on /opt/airflow/dags/scripts/loaders/load_refrigerators.py
[2026-02-13T05:00:25.221+0000] {processor.py:830} INFO - Processing file /opt/airflow/dags/scripts/loaders/load_refrigerators.py for tasks to queue
[2026-02-13T05:00:25.223+0000] {logging_mixin.py:188} INFO - [2026-02-13T05:00:25.223+0000] {dagbag.py:545} INFO - Filling up the DagBag from /opt/airflow/dags/scripts/loaders/load_refrigerators.py
[2026-02-13T05:00:25.831+0000] {logging_mixin.py:188} INFO - 🚀 Loading REFRIGERATORS data
[2026-02-13T05:00:25.949+0000] {logging_mixin.py:188} INFO - ✅ Refrigerators table refreshed successfully
[2026-02-13T05:00:25.951+0000] {processor.py:842} WARNING - No viable dags retrieved from /opt/airflow/dags/scripts/loaders/load_refrigerators.py
[2026-02-13T05:00:25.975+0000] {processor.py:183} INFO - Processing /opt/airflow/dags/scripts/loaders/load_refrigerators.py took 0.764 seconds
[2026-02-13T05:00:57.533+0000] {processor.py:161} INFO - Started process (PID=9723) to work on /opt/airflow/dags/scripts/loaders/load_refrigerators.py
[2026-02-13T05:00:57.535+0000] {processor.py:830} INFO - Processing file /opt/airflow/dags/scripts/loaders/load_refrigerators.py for tasks to queue
[2026-02-13T05:00:57.537+0000] {logging_mixin.py:188} INFO - [2026-02-13T05:00:57.537+0000] {dagbag.py:545} INFO - Filling up the DagBag from /opt/airflow/dags/scripts/loaders/load_refrigerators.py
[2026-02-13T05:00:58.195+0000] {logging_mixin.py:188} INFO - 🚀 Loading REFRIGERATORS data
[2026-02-13T05:00:58.336+0000] {logging_mixin.py:188} INFO - ✅ Refrigerators table refreshed successfully
[2026-02-13T05:00:58.338+0000] {processor.py:842} WARNING - No viable dags retrieved from /opt/airflow/dags/scripts/loaders/load_refrigerators.py
[2026-02-13T05:00:58.358+0000] {processor.py:183} INFO - Processing /opt/airflow/dags/scripts/loaders/load_refrigerators.py took 0.833 seconds
[2026-02-13T05:01:31.392+0000] {processor.py:161} INFO - Started process (PID=9752) to work on /opt/airflow/dags/scripts/loaders/load_refrigerators.py
[2026-02-13T05:01:31.394+0000] {processor.py:830} INFO - Processing file /opt/airflow/dags/scripts/loaders/load_refrigerators.py for tasks to queue
[2026-02-13T05:01:31.399+0000] {logging_mixin.py:188} INFO - [2026-02-13T05:01:31.398+0000] {dagbag.py:545} INFO - Filling up the DagBag from /opt/airflow/dags/scripts/loaders/load_refrigerators.py
[2026-02-13T05:01:32.293+0000] {logging_mixin.py:188} INFO - 🚀 Loading REFRIGERATORS data
[2026-02-13T05:01:32.404+0000] {logging_mixin.py:188} INFO - ✅ Refrigerators table refreshed successfully
[2026-02-13T05:01:32.405+0000] {processor.py:842} WARNING - No viable dags retrieved from /opt/airflow/dags/scripts/loaders/load_refrigerators.py
[2026-02-13T05:01:32.420+0000] {processor.py:183} INFO - Processing /opt/airflow/dags/scripts/loaders/load_refrigerators.py took 1.039 seconds
[2026-02-13T05:02:03.450+0000] {processor.py:161} INFO - Started process (PID=9781) to work on /opt/airflow/dags/scripts/loaders/load_refrigerators.py
[2026-02-13T05:02:03.452+0000] {processor.py:830} INFO - Processing file /opt/airflow/dags/scripts/loaders/load_refrigerators.py for tasks to queue
[2026-02-13T05:02:03.455+0000] {logging_mixin.py:188} INFO - [2026-02-13T05:02:03.455+0000] {dagbag.py:545} INFO - Filling up the DagBag from /opt/airflow/dags/scripts/loaders/load_refrigerators.py
[2026-02-13T05:02:04.477+0000] {logging_mixin.py:188} INFO - 🚀 Loading REFRIGERATORS data
[2026-02-13T05:02:04.609+0000] {logging_mixin.py:188} INFO - ✅ Refrigerators table refreshed successfully
[2026-02-13T05:02:04.610+0000] {processor.py:842} WARNING - No viable dags retrieved from /opt/airflow/dags/scripts/loaders/load_refrigerators.py
[2026-02-13T05:02:04.629+0000] {processor.py:183} INFO - Processing /opt/airflow/dags/scripts/loaders/load_refrigerators.py took 1.187 seconds
[2026-02-13T05:02:36.711+0000] {processor.py:161} INFO - Started process (PID=9810) to work on /opt/airflow/dags/scripts/loaders/load_refrigerators.py
[2026-02-13T05:02:36.714+0000] {processor.py:830} INFO - Processing file /opt/airflow/dags/scripts/loaders/load_refrigerators.py for tasks to queue
[2026-02-13T05:02:36.725+0000] {logging_mixin.py:188} INFO - [2026-02-13T05:02:36.724+0000] {dagbag.py:545} INFO - Filling up the DagBag from /opt/airflow/dags/scripts/loaders/load_refrigerators.py
[2026-02-13T05:02:37.452+0000] {logging_mixin.py:188} INFO - 🚀 Loading REFRIGERATORS data
[2026-02-13T05:02:37.655+0000] {logging_mixin.py:188} INFO - ✅ Refrigerators table refreshed successfully
[2026-02-13T05:02:37.659+0000] {processor.py:842} WARNING - No viable dags retrieved from /opt/airflow/dags/scripts/loaders/load_refrigerators.py
[2026-02-13T05:02:37.713+0000] {processor.py:183} INFO - Processing /opt/airflow/dags/scripts/loaders/load_refrigerators.py took 1.020 seconds
[2026-02-13T05:03:08.770+0000] {processor.py:161} INFO - Started process (PID=9839) to work on /opt/airflow/dags/scripts/loaders/load_refrigerators.py
[2026-02-13T05:03:08.773+0000] {processor.py:830} INFO - Processing file /opt/airflow/dags/scripts/loaders/load_refrigerators.py for tasks to queue
[2026-02-13T05:03:08.777+0000] {logging_mixin.py:188} INFO - [2026-02-13T05:03:08.776+0000] {dagbag.py:545} INFO - Filling up the DagBag from /opt/airflow/dags/scripts/loaders/load_refrigerators.py
[2026-02-13T05:03:09.480+0000] {logging_mixin.py:188} INFO - 🚀 Loading REFRIGERATORS data
[2026-02-13T05:03:09.651+0000] {logging_mixin.py:188} INFO - ✅ Refrigerators table refreshed successfully
[2026-02-13T05:03:09.653+0000] {processor.py:842} WARNING - No viable dags retrieved from /opt/airflow/dags/scripts/loaders/load_refrigerators.py
[2026-02-13T05:03:09.680+0000] {processor.py:183} INFO - Processing /opt/airflow/dags/scripts/loaders/load_refrigerators.py took 0.918 seconds
[2026-02-13T05:03:41.678+0000] {processor.py:161} INFO - Started process (PID=9868) to work on /opt/airflow/dags/scripts/loaders/load_refrigerators.py
[2026-02-13T05:03:41.680+0000] {processor.py:830} INFO - Processing file /opt/airflow/dags/scripts/loaders/load_refrigerators.py for tasks to queue
[2026-02-13T05:03:41.683+0000] {logging_mixin.py:188} INFO - [2026-02-13T05:03:41.683+0000] {dagbag.py:545} INFO - Filling up the DagBag from /opt/airflow/dags/scripts/loaders/load_refrigerators.py
[2026-02-13T05:03:42.314+0000] {logging_mixin.py:188} INFO - 🚀 Loading REFRIGERATORS data
[2026-02-13T05:03:42.464+0000] {logging_mixin.py:188} INFO - ✅ Refrigerators table refreshed successfully
[2026-02-13T05:03:42.465+0000] {processor.py:842} WARNING - No viable dags retrieved from /opt/airflow/dags/scripts/loaders/load_refrigerators.py
[2026-02-13T05:03:42.492+0000] {processor.py:183} INFO - Processing /opt/airflow/dags/scripts/loaders/load_refrigerators.py took 0.823 seconds
[2026-02-13T05:04:14.319+0000] {processor.py:161} INFO - Started process (PID=9897) to work on /opt/airflow/dags/scripts/loaders/load_refrigerators.py
[2026-02-13T05:04:14.321+0000] {processor.py:830} INFO - Processing file /opt/airflow/dags/scripts/loaders/load_refrigerators.py for tasks to queue
[2026-02-13T05:04:14.323+0000] {logging_mixin.py:188} INFO - [2026-02-13T05:04:14.323+0000] {dagbag.py:545} INFO - Filling up the DagBag from /opt/airflow/dags/scripts/loaders/load_refrigerators.py
[2026-02-13T05:04:14.974+0000] {logging_mixin.py:188} INFO - 🚀 Loading REFRIGERATORS data
[2026-02-13T05:04:15.159+0000] {logging_mixin.py:188} INFO - ✅ Refrigerators table refreshed successfully
[2026-02-13T05:04:15.160+0000] {processor.py:842} WARNING - No viable dags retrieved from /opt/airflow/dags/scripts/loaders/load_refrigerators.py
[2026-02-13T05:04:15.174+0000] {processor.py:183} INFO - Processing /opt/airflow/dags/scripts/loaders/load_refrigerators.py took 0.865 seconds
[2026-02-13T05:04:46.792+0000] {processor.py:161} INFO - Started process (PID=9926) to work on /opt/airflow/dags/scripts/loaders/load_refrigerators.py
[2026-02-13T05:04:46.794+0000] {processor.py:830} INFO - Processing file /opt/airflow/dags/scripts/loaders/load_refrigerators.py for tasks to queue
[2026-02-13T05:04:46.797+0000] {logging_mixin.py:188} INFO - [2026-02-13T05:04:46.797+0000] {dagbag.py:545} INFO - Filling up the DagBag from /opt/airflow/dags/scripts/loaders/load_refrigerators.py
[2026-02-13T05:04:47.424+0000] {logging_mixin.py:188} INFO - 🚀 Loading REFRIGERATORS data
[2026-02-13T05:04:47.534+0000] {logging_mixin.py:188} INFO - ✅ Refrigerators table refreshed successfully
[2026-02-13T05:04:47.535+0000] {processor.py:842} WARNING - No viable dags retrieved from /opt/airflow/dags/scripts/loaders/load_refrigerators.py
[2026-02-13T05:04:47.553+0000] {processor.py:183} INFO - Processing /opt/airflow/dags/scripts/loaders/load_refrigerators.py took 0.769 seconds
[2026-02-13T05:05:20.998+0000] {processor.py:161} INFO - Started process (PID=9955) to work on /opt/airflow/dags/scripts/loaders/load_refrigerators.py
[2026-02-13T05:05:21.002+0000] {processor.py:830} INFO - Processing file /opt/airflow/dags/scripts/loaders/load_refrigerators.py for tasks to queue
[2026-02-13T05:05:21.010+0000] {logging_mixin.py:188} INFO - [2026-02-13T05:05:21.008+0000] {dagbag.py:545} INFO - Filling up the DagBag from /opt/airflow/dags/scripts/loaders/load_refrigerators.py
[2026-02-13T05:05:22.570+0000] {logging_mixin.py:188} INFO - 🚀 Loading REFRIGERATORS data
[2026-02-13T05:05:22.847+0000] {logging_mixin.py:188} INFO - ✅ Refrigerators table refreshed successfully
[2026-02-13T05:05:22.848+0000] {processor.py:842} WARNING - No viable dags retrieved from /opt/airflow/dags/scripts/loaders/load_refrigerators.py
[2026-02-13T05:05:22.881+0000] {processor.py:183} INFO - Processing /opt/airflow/dags/scripts/loaders/load_refrigerators.py took 1.900 seconds
[2026-02-13T05:05:53.501+0000] {processor.py:161} INFO - Started process (PID=9984) to work on /opt/airflow/dags/scripts/loaders/load_refrigerators.py
[2026-02-13T05:05:53.503+0000] {processor.py:830} INFO - Processing file /opt/airflow/dags/scripts/loaders/load_refrigerators.py for tasks to queue
[2026-02-13T05:05:53.507+0000] {logging_mixin.py:188} INFO - [2026-02-13T05:05:53.507+0000] {dagbag.py:545} INFO - Filling up the DagBag from /opt/airflow/dags/scripts/loaders/load_refrigerators.py
[2026-02-13T05:05:54.487+0000] {logging_mixin.py:188} INFO - 🚀 Loading REFRIGERATORS data
[2026-02-13T05:05:54.689+0000] {logging_mixin.py:188} INFO - ✅ Refrigerators table refreshed successfully
[2026-02-13T05:05:54.691+0000] {processor.py:842} WARNING - No viable dags retrieved from /opt/airflow/dags/scripts/loaders/load_refrigerators.py
[2026-02-13T05:05:54.714+0000] {processor.py:183} INFO - Processing /opt/airflow/dags/scripts/loaders/load_refrigerators.py took 1.226 seconds
[2026-02-13T05:06:25.719+0000] {processor.py:161} INFO - Started process (PID=10013) to work on /opt/airflow/dags/scripts/loaders/load_refrigerators.py
[2026-02-13T05:06:25.721+0000] {processor.py:830} INFO - Processing file /opt/airflow/dags/scripts/loaders/load_refrigerators.py for tasks to queue
[2026-02-13T05:06:25.725+0000] {logging_mixin.py:188} INFO - [2026-02-13T05:06:25.725+0000] {dagbag.py:545} INFO - Filling up the DagBag from /opt/airflow/dags/scripts/loaders/load_refrigerators.py
[2026-02-13T05:06:26.323+0000] {logging_mixin.py:188} INFO - 🚀 Loading REFRIGERATORS data
[2026-02-13T05:06:26.421+0000] {logging_mixin.py:188} INFO - ✅ Refrigerators table refreshed successfully
[2026-02-13T05:06:26.422+0000] {processor.py:842} WARNING - No viable dags retrieved from /opt/airflow/dags/scripts/loaders/load_refrigerators.py
[2026-02-13T05:06:26.435+0000] {processor.py:183} INFO - Processing /opt/airflow/dags/scripts/loaders/load_refrigerators.py took 0.725 seconds
[2026-02-13T05:06:58.807+0000] {processor.py:161} INFO - Started process (PID=10042) to work on /opt/airflow/dags/scripts/loaders/load_refrigerators.py
[2026-02-13T05:06:58.810+0000] {processor.py:830} INFO - Processing file /opt/airflow/dags/scripts/loaders/load_refrigerators.py for tasks to queue
[2026-02-13T05:06:58.813+0000] {logging_mixin.py:188} INFO - [2026-02-13T05:06:58.813+0000] {dagbag.py:545} INFO - Filling up the DagBag from /opt/airflow/dags/scripts/loaders/load_refrigerators.py
[2026-02-13T05:06:59.568+0000] {logging_mixin.py:188} INFO - 🚀 Loading REFRIGERATORS data
[2026-02-13T05:06:59.744+0000] {logging_mixin.py:188} INFO - ✅ Refrigerators table refreshed successfully
[2026-02-13T05:06:59.745+0000] {processor.py:842} WARNING - No viable dags retrieved from /opt/airflow/dags/scripts/loaders/load_refrigerators.py
[2026-02-13T05:06:59.763+0000] {processor.py:183} INFO - Processing /opt/airflow/dags/scripts/loaders/load_refrigerators.py took 0.966 seconds
[2026-02-13T05:07:31.680+0000] {processor.py:161} INFO - Started process (PID=10071) to work on /opt/airflow/dags/scripts/loaders/load_refrigerators.py
[2026-02-13T05:07:31.682+0000] {processor.py:830} INFO - Processing file /opt/airflow/dags/scripts/loaders/load_refrigerators.py for tasks to queue
[2026-02-13T05:07:31.686+0000] {logging_mixin.py:188} INFO - [2026-02-13T05:07:31.685+0000] {dagbag.py:545} INFO - Filling up the DagBag from /opt/airflow/dags/scripts/loaders/load_refrigerators.py
[2026-02-13T05:07:32.325+0000] {logging_mixin.py:188} INFO - 🚀 Loading REFRIGERATORS data
[2026-02-13T05:07:32.430+0000] {logging_mixin.py:188} INFO - ✅ Refrigerators table refreshed successfully
[2026-02-13T05:07:32.431+0000] {processor.py:842} WARNING - No viable dags retrieved from /opt/airflow/dags/scripts/loaders/load_refrigerators.py
[2026-02-13T05:07:32.447+0000] {processor.py:183} INFO - Processing /opt/airflow/dags/scripts/loaders/load_refrigerators.py took 0.778 seconds
[2026-02-13T05:08:04.519+0000] {processor.py:161} INFO - Started process (PID=10100) to work on /opt/airflow/dags/scripts/loaders/load_refrigerators.py
[2026-02-13T05:08:04.521+0000] {processor.py:830} INFO - Processing file /opt/airflow/dags/scripts/loaders/load_refrigerators.py for tasks to queue
[2026-02-13T05:08:04.524+0000] {logging_mixin.py:188} INFO - [2026-02-13T05:08:04.523+0000] {dagbag.py:545} INFO - Filling up the DagBag from /opt/airflow/dags/scripts/loaders/load_refrigerators.py
[2026-02-13T05:08:05.147+0000] {logging_mixin.py:188} INFO - 🚀 Loading REFRIGERATORS data
[2026-02-13T05:08:05.258+0000] {logging_mixin.py:188} INFO - ✅ Refrigerators table refreshed successfully
[2026-02-13T05:08:05.259+0000] {processor.py:842} WARNING - No viable dags retrieved from /opt/airflow/dags/scripts/loaders/load_refrigerators.py
[2026-02-13T05:08:05.275+0000] {processor.py:183} INFO - Processing /opt/airflow/dags/scripts/loaders/load_refrigerators.py took 0.764 seconds
[2026-02-13T05:08:36.908+0000] {processor.py:161} INFO - Started process (PID=10129) to work on /opt/airflow/dags/scripts/loaders/load_refrigerators.py
[2026-02-13T05:08:36.910+0000] {processor.py:830} INFO - Processing file /opt/airflow/dags/scripts/loaders/load_refrigerators.py for tasks to queue
[2026-02-13T05:08:36.914+0000] {logging_mixin.py:188} INFO - [2026-02-13T05:08:36.913+0000] {dagbag.py:545} INFO - Filling up the DagBag from /opt/airflow/dags/scripts/loaders/load_refrigerators.py
[2026-02-13T05:08:37.544+0000] {logging_mixin.py:188} INFO - 🚀 Loading REFRIGERATORS data
[2026-02-13T05:08:37.673+0000] {logging_mixin.py:188} INFO - ✅ Refrigerators table refreshed successfully
[2026-02-13T05:08:37.674+0000] {processor.py:842} WARNING - No viable dags retrieved from /opt/airflow/dags/scripts/loaders/load_refrigerators.py
[2026-02-13T05:08:37.692+0000] {processor.py:183} INFO - Processing /opt/airflow/dags/scripts/loaders/load_refrigerators.py took 0.792 seconds
[2026-02-13T05:09:10.446+0000] {processor.py:161} INFO - Started process (PID=10158) to work on /opt/airflow/dags/scripts/loaders/load_refrigerators.py
[2026-02-13T05:09:10.448+0000] {processor.py:830} INFO - Processing file /opt/airflow/dags/scripts/loaders/load_refrigerators.py for tasks to queue
[2026-02-13T05:09:10.451+0000] {logging_mixin.py:188} INFO - [2026-02-13T05:09:10.451+0000] {dagbag.py:545} INFO - Filling up the DagBag from /opt/airflow/dags/scripts/loaders/load_refrigerators.py
[2026-02-13T05:09:11.158+0000] {logging_mixin.py:188} INFO - 🚀 Loading REFRIGERATORS data
[2026-02-13T05:09:11.319+0000] {logging_mixin.py:188} INFO - ✅ Refrigerators table refreshed successfully
[2026-02-13T05:09:11.321+0000] {processor.py:842} WARNING - No viable dags retrieved from /opt/airflow/dags/scripts/loaders/load_refrigerators.py
[2026-02-13T05:09:11.341+0000] {processor.py:183} INFO - Processing /opt/airflow/dags/scripts/loaders/load_refrigerators.py took 0.903 seconds
[2026-02-13T05:09:43.351+0000] {processor.py:161} INFO - Started process (PID=10187) to work on /opt/airflow/dags/scripts/loaders/load_refrigerators.py
[2026-02-13T05:09:43.353+0000] {processor.py:830} INFO - Processing file /opt/airflow/dags/scripts/loaders/load_refrigerators.py for tasks to queue
[2026-02-13T05:09:43.357+0000] {logging_mixin.py:188} INFO - [2026-02-13T05:09:43.356+0000] {dagbag.py:545} INFO - Filling up the DagBag from /opt/airflow/dags/scripts/loaders/load_refrigerators.py
[2026-02-13T05:09:43.960+0000] {logging_mixin.py:188} INFO - 🚀 Loading REFRIGERATORS data
[2026-02-13T05:09:44.104+0000] {logging_mixin.py:188} INFO - ✅ Refrigerators table refreshed successfully
[2026-02-13T05:09:44.105+0000] {processor.py:842} WARNING - No viable dags retrieved from /opt/airflow/dags/scripts/loaders/load_refrigerators.py
[2026-02-13T05:09:44.121+0000] {processor.py:183} INFO - Processing /opt/airflow/dags/scripts/loaders/load_refrigerators.py took 0.779 seconds
[2026-02-13T05:10:15.773+0000] {processor.py:161} INFO - Started process (PID=10216) to work on /opt/airflow/dags/scripts/loaders/load_refrigerators.py
[2026-02-13T05:10:15.775+0000] {processor.py:830} INFO - Processing file /opt/airflow/dags/scripts/loaders/load_refrigerators.py for tasks to queue
[2026-02-13T05:10:15.777+0000] {logging_mixin.py:188} INFO - [2026-02-13T05:10:15.777+0000] {dagbag.py:545} INFO - Filling up the DagBag from /opt/airflow/dags/scripts/loaders/load_refrigerators.py
[2026-02-13T05:10:16.466+0000] {logging_mixin.py:188} INFO - 🚀 Loading REFRIGERATORS data
[2026-02-13T05:10:16.589+0000] {logging_mixin.py:188} INFO - ✅ Refrigerators table refreshed successfully
[2026-02-13T05:10:16.590+0000] {processor.py:842} WARNING - No viable dags retrieved from /opt/airflow/dags/scripts/loaders/load_refrigerators.py
[2026-02-13T05:10:16.607+0000] {processor.py:183} INFO - Processing /opt/airflow/dags/scripts/loaders/load_refrigerators.py took 0.844 seconds
[2026-02-13T05:10:48.338+0000] {processor.py:161} INFO - Started process (PID=10245) to work on /opt/airflow/dags/scripts/loaders/load_refrigerators.py
[2026-02-13T05:10:48.340+0000] {processor.py:830} INFO - Processing file /opt/airflow/dags/scripts/loaders/load_refrigerators.py for tasks to queue
[2026-02-13T05:10:48.344+0000] {logging_mixin.py:188} INFO - [2026-02-13T05:10:48.343+0000] {dagbag.py:545} INFO - Filling up the DagBag from /opt/airflow/dags/scripts/loaders/load_refrigerators.py
[2026-02-13T05:10:48.957+0000] {logging_mixin.py:188} INFO - 🚀 Loading REFRIGERATORS data
[2026-02-13T05:10:49.082+0000] {logging_mixin.py:188} INFO - ✅ Refrigerators table refreshed successfully
[2026-02-13T05:10:49.083+0000] {processor.py:842} WARNING - No viable dags retrieved from /opt/airflow/dags/scripts/loaders/load_refrigerators.py
[2026-02-13T05:10:49.098+0000] {processor.py:183} INFO - Processing /opt/airflow/dags/scripts/loaders/load_refrigerators.py took 0.771 seconds
[2026-02-13T05:11:22.151+0000] {processor.py:161} INFO - Started process (PID=10274) to work on /opt/airflow/dags/scripts/loaders/load_refrigerators.py
[2026-02-13T05:11:22.153+0000] {processor.py:830} INFO - Processing file /opt/airflow/dags/scripts/loaders/load_refrigerators.py for tasks to queue
[2026-02-13T05:11:22.157+0000] {logging_mixin.py:188} INFO - [2026-02-13T05:11:22.156+0000] {dagbag.py:545} INFO - Filling up the DagBag from /opt/airflow/dags/scripts/loaders/load_refrigerators.py
[2026-02-13T05:11:22.944+0000] {logging_mixin.py:188} INFO - 🚀 Loading REFRIGERATORS data
[2026-02-13T05:11:23.075+0000] {logging_mixin.py:188} INFO - ✅ Refrigerators table refreshed successfully
[2026-02-13T05:11:23.076+0000] {processor.py:842} WARNING - No viable dags retrieved from /opt/airflow/dags/scripts/loaders/load_refrigerators.py
[2026-02-13T05:11:23.094+0000] {processor.py:183} INFO - Processing /opt/airflow/dags/scripts/loaders/load_refrigerators.py took 0.957 seconds
[2026-02-13T05:11:54.314+0000] {processor.py:161} INFO - Started process (PID=10303) to work on /opt/airflow/dags/scripts/loaders/load_refrigerators.py
[2026-02-13T05:11:54.316+0000] {processor.py:830} INFO - Processing file /opt/airflow/dags/scripts/loaders/load_refrigerators.py for tasks to queue
[2026-02-13T05:11:54.319+0000] {logging_mixin.py:188} INFO - [2026-02-13T05:11:54.318+0000] {dagbag.py:545} INFO - Filling up the DagBag from /opt/airflow/dags/scripts/loaders/load_refrigerators.py
[2026-02-13T05:11:54.971+0000] {logging_mixin.py:188} INFO - 🚀 Loading REFRIGERATORS data
[2026-02-13T05:11:55.170+0000] {logging_mixin.py:188} INFO - ✅ Refrigerators table refreshed successfully
[2026-02-13T05:11:55.170+0000] {processor.py:842} WARNING - No viable dags retrieved from /opt/airflow/dags/scripts/loaders/load_refrigerators.py
[2026-02-13T05:11:55.201+0000] {processor.py:183} INFO - Processing /opt/airflow/dags/scripts/loaders/load_refrigerators.py took 0.895 seconds
[2026-02-13T05:12:27.081+0000] {processor.py:161} INFO - Started process (PID=10332) to work on /opt/airflow/dags/scripts/loaders/load_refrigerators.py
[2026-02-13T05:12:27.083+0000] {processor.py:830} INFO - Processing file /opt/airflow/dags/scripts/loaders/load_refrigerators.py for tasks to queue
[2026-02-13T05:12:27.085+0000] {logging_mixin.py:188} INFO - [2026-02-13T05:12:27.085+0000] {dagbag.py:545} INFO - Filling up the DagBag from /opt/airflow/dags/scripts/loaders/load_refrigerators.py
[2026-02-13T05:12:27.737+0000] {logging_mixin.py:188} INFO - 🚀 Loading REFRIGERATORS data
[2026-02-13T05:12:27.867+0000] {logging_mixin.py:188} INFO - ✅ Refrigerators table refreshed successfully
[2026-02-13T05:12:27.869+0000] {processor.py:842} WARNING - No viable dags retrieved from /opt/airflow/dags/scripts/loaders/load_refrigerators.py
[2026-02-13T05:12:27.888+0000] {processor.py:183} INFO - Processing /opt/airflow/dags/scripts/loaders/load_refrigerators.py took 0.816 seconds
[2026-02-13T05:13:00.720+0000] {processor.py:161} INFO - Started process (PID=10361) to work on /opt/airflow/dags/scripts/loaders/load_refrigerators.py
[2026-02-13T05:13:00.722+0000] {processor.py:830} INFO - Processing file /opt/airflow/dags/scripts/loaders/load_refrigerators.py for tasks to queue
[2026-02-13T05:13:00.725+0000] {logging_mixin.py:188} INFO - [2026-02-13T05:13:00.725+0000] {dagbag.py:545} INFO - Filling up the DagBag from /opt/airflow/dags/scripts/loaders/load_refrigerators.py
[2026-02-13T05:13:01.383+0000] {logging_mixin.py:188} INFO - 🚀 Loading REFRIGERATORS data
[2026-02-13T05:13:01.490+0000] {logging_mixin.py:188} INFO - ✅ Refrigerators table refreshed successfully
[2026-02-13T05:13:01.491+0000] {processor.py:842} WARNING - No viable dags retrieved from /opt/airflow/dags/scripts/loaders/load_refrigerators.py
[2026-02-13T05:13:01.507+0000] {processor.py:183} INFO - Processing /opt/airflow/dags/scripts/loaders/load_refrigerators.py took 0.799 seconds
[2026-02-13T05:13:33.159+0000] {processor.py:161} INFO - Started process (PID=10390) to work on /opt/airflow/dags/scripts/loaders/load_refrigerators.py
[2026-02-13T05:13:33.161+0000] {processor.py:830} INFO - Processing file /opt/airflow/dags/scripts/loaders/load_refrigerators.py for tasks to queue
[2026-02-13T05:13:33.164+0000] {logging_mixin.py:188} INFO - [2026-02-13T05:13:33.163+0000] {dagbag.py:545} INFO - Filling up the DagBag from /opt/airflow/dags/scripts/loaders/load_refrigerators.py
[2026-02-13T05:13:33.821+0000] {logging_mixin.py:188} INFO - 🚀 Loading REFRIGERATORS data
[2026-02-13T05:13:33.911+0000] {logging_mixin.py:188} INFO - ✅ Refrigerators table refreshed successfully
[2026-02-13T05:13:33.911+0000] {processor.py:842} WARNING - No viable dags retrieved from /opt/airflow/dags/scripts/loaders/load_refrigerators.py
[2026-02-13T05:13:33.925+0000] {processor.py:183} INFO - Processing /opt/airflow/dags/scripts/loaders/load_refrigerators.py took 0.774 seconds
[2026-02-13T05:14:05.775+0000] {processor.py:161} INFO - Started process (PID=10419) to work on /opt/airflow/dags/scripts/loaders/load_refrigerators.py
[2026-02-13T05:14:05.777+0000] {processor.py:830} INFO - Processing file /opt/airflow/dags/scripts/loaders/load_refrigerators.py for tasks to queue
[2026-02-13T05:14:05.780+0000] {logging_mixin.py:188} INFO - [2026-02-13T05:14:05.780+0000] {dagbag.py:545} INFO - Filling up the DagBag from /opt/airflow/dags/scripts/loaders/load_refrigerators.py
[2026-02-13T05:14:06.426+0000] {logging_mixin.py:188} INFO - 🚀 Loading REFRIGERATORS data
[2026-02-13T05:14:06.542+0000] {logging_mixin.py:188} INFO - ✅ Refrigerators table refreshed successfully
[2026-02-13T05:14:06.543+0000] {processor.py:842} WARNING - No viable dags retrieved from /opt/airflow/dags/scripts/loaders/load_refrigerators.py
[2026-02-13T05:14:06.562+0000] {processor.py:183} INFO - Processing /opt/airflow/dags/scripts/loaders/load_refrigerators.py took 0.797 seconds
[2026-02-13T05:14:38.473+0000] {processor.py:161} INFO - Started process (PID=10448) to work on /opt/airflow/dags/scripts/loaders/load_refrigerators.py
[2026-02-13T05:14:38.475+0000] {processor.py:830} INFO - Processing file /opt/airflow/dags/scripts/loaders/load_refrigerators.py for tasks to queue
[2026-02-13T05:14:38.478+0000] {logging_mixin.py:188} INFO - [2026-02-13T05:14:38.477+0000] {dagbag.py:545} INFO - Filling up the DagBag from /opt/airflow/dags/scripts/loaders/load_refrigerators.py
[2026-02-13T05:14:39.273+0000] {logging_mixin.py:188} INFO - 🚀 Loading REFRIGERATORS data
[2026-02-13T05:14:39.405+0000] {logging_mixin.py:188} INFO - ✅ Refrigerators table refreshed successfully
[2026-02-13T05:14:39.406+0000] {processor.py:842} WARNING - No viable dags retrieved from /opt/airflow/dags/scripts/loaders/load_refrigerators.py
[2026-02-13T05:14:39.424+0000] {processor.py:183} INFO - Processing /opt/airflow/dags/scripts/loaders/load_refrigerators.py took 0.962 seconds
[2026-02-13T05:15:11.273+0000] {processor.py:161} INFO - Started process (PID=10476) to work on /opt/airflow/dags/scripts/loaders/load_refrigerators.py
[2026-02-13T05:15:11.275+0000] {processor.py:830} INFO - Processing file /opt/airflow/dags/scripts/loaders/load_refrigerators.py for tasks to queue
[2026-02-13T05:15:11.278+0000] {logging_mixin.py:188} INFO - [2026-02-13T05:15:11.277+0000] {dagbag.py:545} INFO - Filling up the DagBag from /opt/airflow/dags/scripts/loaders/load_refrigerators.py
[2026-02-13T05:15:11.950+0000] {logging_mixin.py:188} INFO - 🚀 Loading REFRIGERATORS data
[2026-02-13T05:15:12.094+0000] {logging_mixin.py:188} INFO - ✅ Refrigerators table refreshed successfully
[2026-02-13T05:15:12.095+0000] {processor.py:842} WARNING - No viable dags retrieved from /opt/airflow/dags/scripts/loaders/load_refrigerators.py
[2026-02-13T05:15:12.118+0000] {processor.py:183} INFO - Processing /opt/airflow/dags/scripts/loaders/load_refrigerators.py took 0.853 seconds
[2026-02-13T05:15:43.880+0000] {processor.py:161} INFO - Started process (PID=10505) to work on /opt/airflow/dags/scripts/loaders/load_refrigerators.py
[2026-02-13T05:15:43.882+0000] {processor.py:830} INFO - Processing file /opt/airflow/dags/scripts/loaders/load_refrigerators.py for tasks to queue
[2026-02-13T05:15:43.885+0000] {logging_mixin.py:188} INFO - [2026-02-13T05:15:43.884+0000] {dagbag.py:545} INFO - Filling up the DagBag from /opt/airflow/dags/scripts/loaders/load_refrigerators.py
[2026-02-13T05:15:44.508+0000] {logging_mixin.py:188} INFO - 🚀 Loading REFRIGERATORS data
[2026-02-13T05:15:44.614+0000] {logging_mixin.py:188} INFO - ✅ Refrigerators table refreshed successfully
[2026-02-13T05:15:44.616+0000] {processor.py:842} WARNING - No viable dags retrieved from /opt/airflow/dags/scripts/loaders/load_refrigerators.py
[2026-02-13T05:15:44.639+0000] {processor.py:183} INFO - Processing /opt/airflow/dags/scripts/loaders/load_refrigerators.py took 0.771 seconds
[2026-02-13T05:16:17.627+0000] {processor.py:161} INFO - Started process (PID=10535) to work on /opt/airflow/dags/scripts/loaders/load_refrigerators.py
[2026-02-13T05:16:17.629+0000] {processor.py:830} INFO - Processing file /opt/airflow/dags/scripts/loaders/load_refrigerators.py for tasks to queue
[2026-02-13T05:16:17.632+0000] {logging_mixin.py:188} INFO - [2026-02-13T05:16:17.631+0000] {dagbag.py:545} INFO - Filling up the DagBag from /opt/airflow/dags/scripts/loaders/load_refrigerators.py
[2026-02-13T05:16:18.276+0000] {logging_mixin.py:188} INFO - 🚀 Loading REFRIGERATORS data
[2026-02-13T05:16:18.439+0000] {logging_mixin.py:188} INFO - ✅ Refrigerators table refreshed successfully
[2026-02-13T05:16:18.441+0000] {processor.py:842} WARNING - No viable dags retrieved from /opt/airflow/dags/scripts/loaders/load_refrigerators.py
[2026-02-13T05:16:18.463+0000] {processor.py:183} INFO - Processing /opt/airflow/dags/scripts/loaders/load_refrigerators.py took 0.844 seconds
[2026-02-13T05:16:50.342+0000] {processor.py:161} INFO - Started process (PID=10564) to work on /opt/airflow/dags/scripts/loaders/load_refrigerators.py
[2026-02-13T05:16:50.344+0000] {processor.py:830} INFO - Processing file /opt/airflow/dags/scripts/loaders/load_refrigerators.py for tasks to queue
[2026-02-13T05:16:50.347+0000] {logging_mixin.py:188} INFO - [2026-02-13T05:16:50.347+0000] {dagbag.py:545} INFO - Filling up the DagBag from /opt/airflow/dags/scripts/loaders/load_refrigerators.py
[2026-02-13T05:16:51.068+0000] {logging_mixin.py:188} INFO - 🚀 Loading REFRIGERATORS data
[2026-02-13T05:16:51.185+0000] {logging_mixin.py:188} INFO - ✅ Refrigerators table refreshed successfully
[2026-02-13T05:16:51.186+0000] {processor.py:842} WARNING - No viable dags retrieved from /opt/airflow/dags/scripts/loaders/load_refrigerators.py
[2026-02-13T05:16:51.201+0000] {processor.py:183} INFO - Processing /opt/airflow/dags/scripts/loaders/load_refrigerators.py took 0.867 seconds
[2026-02-13T05:17:23.070+0000] {processor.py:161} INFO - Started process (PID=10593) to work on /opt/airflow/dags/scripts/loaders/load_refrigerators.py
[2026-02-13T05:17:23.072+0000] {processor.py:830} INFO - Processing file /opt/airflow/dags/scripts/loaders/load_refrigerators.py for tasks to queue
[2026-02-13T05:17:23.077+0000] {logging_mixin.py:188} INFO - [2026-02-13T05:17:23.076+0000] {dagbag.py:545} INFO - Filling up the DagBag from /opt/airflow/dags/scripts/loaders/load_refrigerators.py
[2026-02-13T05:17:23.678+0000] {logging_mixin.py:188} INFO - 🚀 Loading REFRIGERATORS data
[2026-02-13T05:17:23.828+0000] {logging_mixin.py:188} INFO - ✅ Refrigerators table refreshed successfully
[2026-02-13T05:17:23.829+0000] {processor.py:842} WARNING - No viable dags retrieved from /opt/airflow/dags/scripts/loaders/load_refrigerators.py
[2026-02-13T05:17:23.848+0000] {processor.py:183} INFO - Processing /opt/airflow/dags/scripts/loaders/load_refrigerators.py took 0.788 seconds
[2026-02-13T05:17:55.936+0000] {processor.py:161} INFO - Started process (PID=10621) to work on /opt/airflow/dags/scripts/loaders/load_refrigerators.py
[2026-02-13T05:17:55.938+0000] {processor.py:830} INFO - Processing file /opt/airflow/dags/scripts/loaders/load_refrigerators.py for tasks to queue
[2026-02-13T05:17:55.942+0000] {logging_mixin.py:188} INFO - [2026-02-13T05:17:55.940+0000] {dagbag.py:545} INFO - Filling up the DagBag from /opt/airflow/dags/scripts/loaders/load_refrigerators.py
[2026-02-13T05:17:56.905+0000] {logging_mixin.py:188} INFO - 🚀 Loading REFRIGERATORS data
[2026-02-13T05:17:57.097+0000] {logging_mixin.py:188} INFO - ✅ Refrigerators table refreshed successfully
[2026-02-13T05:17:57.099+0000] {processor.py:842} WARNING - No viable dags retrieved from /opt/airflow/dags/scripts/loaders/load_refrigerators.py
[2026-02-13T05:17:57.127+0000] {processor.py:183} INFO - Processing /opt/airflow/dags/scripts/loaders/load_refrigerators.py took 1.200 seconds
[2026-02-13T05:18:30.917+0000] {processor.py:161} INFO - Started process (PID=10651) to work on /opt/airflow/dags/scripts/loaders/load_refrigerators.py
[2026-02-13T05:18:30.926+0000] {processor.py:830} INFO - Processing file /opt/airflow/dags/scripts/loaders/load_refrigerators.py for tasks to queue
[2026-02-13T05:18:30.934+0000] {logging_mixin.py:188} INFO - [2026-02-13T05:18:30.932+0000] {dagbag.py:545} INFO - Filling up the DagBag from /opt/airflow/dags/scripts/loaders/load_refrigerators.py
[2026-02-13T05:18:32.454+0000] {logging_mixin.py:188} INFO - 🚀 Loading REFRIGERATORS data
[2026-02-13T05:18:32.843+0000] {logging_mixin.py:188} INFO - ✅ Refrigerators table refreshed successfully
[2026-02-13T05:18:32.844+0000] {processor.py:842} WARNING - No viable dags retrieved from /opt/airflow/dags/scripts/loaders/load_refrigerators.py
[2026-02-13T05:18:32.899+0000] {processor.py:183} INFO - Processing /opt/airflow/dags/scripts/loaders/load_refrigerators.py took 2.022 seconds
[2026-02-13T05:19:16.188+0000] {processor.py:161} INFO - Started process (PID=10680) to work on /opt/airflow/dags/scripts/loaders/load_refrigerators.py
[2026-02-13T05:19:16.196+0000] {processor.py:830} INFO - Processing file /opt/airflow/dags/scripts/loaders/load_refrigerators.py for tasks to queue
[2026-02-13T05:19:16.207+0000] {logging_mixin.py:188} INFO - [2026-02-13T05:19:16.205+0000] {dagbag.py:545} INFO - Filling up the DagBag from /opt/airflow/dags/scripts/loaders/load_refrigerators.py
[2026-02-13T05:19:17.798+0000] {logging_mixin.py:188} INFO - 🚀 Loading REFRIGERATORS data
[2026-02-13T05:19:18.053+0000] {logging_mixin.py:188} INFO - ✅ Refrigerators table refreshed successfully
[2026-02-13T05:19:18.055+0000] {processor.py:842} WARNING - No viable dags retrieved from /opt/airflow/dags/scripts/loaders/load_refrigerators.py
[2026-02-13T05:19:18.119+0000] {processor.py:183} INFO - Processing /opt/airflow/dags/scripts/loaders/load_refrigerators.py took 1.961 seconds
[2026-02-13T05:20:03.900+0000] {processor.py:161} INFO - Started process (PID=10709) to work on /opt/airflow/dags/scripts/loaders/load_refrigerators.py
[2026-02-13T05:20:03.907+0000] {processor.py:830} INFO - Processing file /opt/airflow/dags/scripts/loaders/load_refrigerators.py for tasks to queue
[2026-02-13T05:20:03.920+0000] {logging_mixin.py:188} INFO - [2026-02-13T05:20:03.919+0000] {dagbag.py:545} INFO - Filling up the DagBag from /opt/airflow/dags/scripts/loaders/load_refrigerators.py
[2026-02-13T05:20:05.684+0000] {logging_mixin.py:188} INFO - 🚀 Loading REFRIGERATORS data
[2026-02-13T05:20:06.193+0000] {logging_mixin.py:188} INFO - ✅ Refrigerators table refreshed successfully
[2026-02-13T05:20:06.195+0000] {processor.py:842} WARNING - No viable dags retrieved from /opt/airflow/dags/scripts/loaders/load_refrigerators.py
[2026-02-13T05:20:06.240+0000] {processor.py:183} INFO - Processing /opt/airflow/dags/scripts/loaders/load_refrigerators.py took 2.372 seconds
[2026-02-13T05:20:36.793+0000] {processor.py:161} INFO - Started process (PID=10738) to work on /opt/airflow/dags/scripts/loaders/load_refrigerators.py
[2026-02-13T05:20:36.807+0000] {processor.py:830} INFO - Processing file /opt/airflow/dags/scripts/loaders/load_refrigerators.py for tasks to queue
[2026-02-13T05:20:36.824+0000] {logging_mixin.py:188} INFO - [2026-02-13T05:20:36.813+0000] {dagbag.py:545} INFO - Filling up the DagBag from /opt/airflow/dags/scripts/loaders/load_refrigerators.py
[2026-02-13T05:20:38.584+0000] {logging_mixin.py:188} INFO - 🚀 Loading REFRIGERATORS data
[2026-02-13T05:20:39.016+0000] {logging_mixin.py:188} INFO - ✅ Refrigerators table refreshed successfully
[2026-02-13T05:20:39.019+0000] {processor.py:842} WARNING - No viable dags retrieved from /opt/airflow/dags/scripts/loaders/load_refrigerators.py
[2026-02-13T05:20:39.078+0000] {processor.py:183} INFO - Processing /opt/airflow/dags/scripts/loaders/load_refrigerators.py took 2.325 seconds
[2026-02-13T05:21:09.564+0000] {processor.py:161} INFO - Started process (PID=10767) to work on /opt/airflow/dags/scripts/loaders/load_refrigerators.py
[2026-02-13T05:21:09.568+0000] {processor.py:830} INFO - Processing file /opt/airflow/dags/scripts/loaders/load_refrigerators.py for tasks to queue
[2026-02-13T05:21:09.576+0000] {logging_mixin.py:188} INFO - [2026-02-13T05:21:09.575+0000] {dagbag.py:545} INFO - Filling up the DagBag from /opt/airflow/dags/scripts/loaders/load_refrigerators.py
[2026-02-13T05:21:11.229+0000] {logging_mixin.py:188} INFO - 🚀 Loading REFRIGERATORS data
[2026-02-13T05:21:11.583+0000] {logging_mixin.py:188} INFO - ✅ Refrigerators table refreshed successfully
[2026-02-13T05:21:11.585+0000] {processor.py:842} WARNING - No viable dags retrieved from /opt/airflow/dags/scripts/loaders/load_refrigerators.py
[2026-02-13T05:21:11.631+0000] {processor.py:183} INFO - Processing /opt/airflow/dags/scripts/loaders/load_refrigerators.py took 2.084 seconds
[2026-02-13T05:21:42.204+0000] {processor.py:161} INFO - Started process (PID=10801) to work on /opt/airflow/dags/scripts/loaders/load_refrigerators.py
[2026-02-13T05:21:42.207+0000] {processor.py:830} INFO - Processing file /opt/airflow/dags/scripts/loaders/load_refrigerators.py for tasks to queue
[2026-02-13T05:21:42.217+0000] {logging_mixin.py:188} INFO - [2026-02-13T05:21:42.216+0000] {dagbag.py:545} INFO - Filling up the DagBag from /opt/airflow/dags/scripts/loaders/load_refrigerators.py
[2026-02-13T05:21:43.400+0000] {logging_mixin.py:188} INFO - 🚀 Loading REFRIGERATORS data
[2026-02-13T05:21:43.620+0000] {logging_mixin.py:188} INFO - ✅ Refrigerators table refreshed successfully
[2026-02-13T05:21:43.622+0000] {processor.py:842} WARNING - No viable dags retrieved from /opt/airflow/dags/scripts/loaders/load_refrigerators.py
[2026-02-13T05:21:43.659+0000] {processor.py:183} INFO - Processing /opt/airflow/dags/scripts/loaders/load_refrigerators.py took 1.478 seconds
[2026-02-13T05:22:14.221+0000] {processor.py:161} INFO - Started process (PID=10830) to work on /opt/airflow/dags/scripts/loaders/load_refrigerators.py
[2026-02-13T05:22:14.225+0000] {processor.py:830} INFO - Processing file /opt/airflow/dags/scripts/loaders/load_refrigerators.py for tasks to queue
[2026-02-13T05:22:14.230+0000] {logging_mixin.py:188} INFO - [2026-02-13T05:22:14.229+0000] {dagbag.py:545} INFO - Filling up the DagBag from /opt/airflow/dags/scripts/loaders/load_refrigerators.py
[2026-02-13T05:22:15.249+0000] {logging_mixin.py:188} INFO - 🚀 Loading REFRIGERATORS data
[2026-02-13T05:22:15.544+0000] {logging_mixin.py:188} INFO - ✅ Refrigerators table refreshed successfully
[2026-02-13T05:22:15.546+0000] {processor.py:842} WARNING - No viable dags retrieved from /opt/airflow/dags/scripts/loaders/load_refrigerators.py
[2026-02-13T05:22:15.585+0000] {processor.py:183} INFO - Processing /opt/airflow/dags/scripts/loaders/load_refrigerators.py took 1.383 seconds
[2026-02-13T05:22:45.916+0000] {processor.py:161} INFO - Started process (PID=10859) to work on /opt/airflow/dags/scripts/loaders/load_refrigerators.py
[2026-02-13T05:22:45.920+0000] {processor.py:830} INFO - Processing file /opt/airflow/dags/scripts/loaders/load_refrigerators.py for tasks to queue
[2026-02-13T05:22:45.926+0000] {logging_mixin.py:188} INFO - [2026-02-13T05:22:45.925+0000] {dagbag.py:545} INFO - Filling up the DagBag from /opt/airflow/dags/scripts/loaders/load_refrigerators.py
[2026-02-13T05:22:47.072+0000] {logging_mixin.py:188} INFO - 🚀 Loading REFRIGERATORS data
[2026-02-13T05:22:47.303+0000] {logging_mixin.py:188} INFO - ✅ Refrigerators table refreshed successfully
[2026-02-13T05:22:47.304+0000] {processor.py:842} WARNING - No viable dags retrieved from /opt/airflow/dags/scripts/loaders/load_refrigerators.py
[2026-02-13T05:22:47.338+0000] {processor.py:183} INFO - Processing /opt/airflow/dags/scripts/loaders/load_refrigerators.py took 1.442 seconds
[2026-02-13T05:23:17.885+0000] {processor.py:161} INFO - Started process (PID=10887) to work on /opt/airflow/dags/scripts/loaders/load_refrigerators.py
[2026-02-13T05:23:17.887+0000] {processor.py:830} INFO - Processing file /opt/airflow/dags/scripts/loaders/load_refrigerators.py for tasks to queue
[2026-02-13T05:23:17.892+0000] {logging_mixin.py:188} INFO - [2026-02-13T05:23:17.891+0000] {dagbag.py:545} INFO - Filling up the DagBag from /opt/airflow/dags/scripts/loaders/load_refrigerators.py
[2026-02-13T05:23:18.710+0000] {logging_mixin.py:188} INFO - 🚀 Loading REFRIGERATORS data
[2026-02-13T05:23:19.122+0000] {logging_mixin.py:188} INFO - ✅ Refrigerators table refreshed successfully
[2026-02-13T05:23:19.124+0000] {processor.py:842} WARNING - No viable dags retrieved from /opt/airflow/dags/scripts/loaders/load_refrigerators.py
[2026-02-13T05:23:19.164+0000] {processor.py:183} INFO - Processing /opt/airflow/dags/scripts/loaders/load_refrigerators.py took 1.293 seconds
[2026-02-13T05:23:49.648+0000] {processor.py:161} INFO - Started process (PID=10913) to work on /opt/airflow/dags/scripts/loaders/load_refrigerators.py
[2026-02-13T05:23:49.651+0000] {processor.py:830} INFO - Processing file /opt/airflow/dags/scripts/loaders/load_refrigerators.py for tasks to queue
[2026-02-13T05:23:49.659+0000] {logging_mixin.py:188} INFO - [2026-02-13T05:23:49.658+0000] {dagbag.py:545} INFO - Filling up the DagBag from /opt/airflow/dags/scripts/loaders/load_refrigerators.py
[2026-02-13T05:23:50.971+0000] {logging_mixin.py:188} INFO - 🚀 Loading REFRIGERATORS data
[2026-02-13T05:23:51.211+0000] {logging_mixin.py:188} INFO - ✅ Refrigerators table refreshed successfully
[2026-02-13T05:23:51.214+0000] {processor.py:842} WARNING - No viable dags retrieved from /opt/airflow/dags/scripts/loaders/load_refrigerators.py
[2026-02-13T05:23:51.257+0000] {processor.py:183} INFO - Processing /opt/airflow/dags/scripts/loaders/load_refrigerators.py took 1.622 seconds
[2026-02-13T05:24:22.049+0000] {processor.py:161} INFO - Started process (PID=10945) to work on /opt/airflow/dags/scripts/loaders/load_refrigerators.py
[2026-02-13T05:24:22.051+0000] {processor.py:830} INFO - Processing file /opt/airflow/dags/scripts/loaders/load_refrigerators.py for tasks to queue
[2026-02-13T05:24:22.055+0000] {logging_mixin.py:188} INFO - [2026-02-13T05:24:22.055+0000] {dagbag.py:545} INFO - Filling up the DagBag from /opt/airflow/dags/scripts/loaders/load_refrigerators.py
[2026-02-13T05:24:22.962+0000] {logging_mixin.py:188} INFO - 🚀 Loading REFRIGERATORS data
[2026-02-13T05:24:23.197+0000] {logging_mixin.py:188} INFO - ✅ Refrigerators table refreshed successfully
[2026-02-13T05:24:23.199+0000] {processor.py:842} WARNING - No viable dags retrieved from /opt/airflow/dags/scripts/loaders/load_refrigerators.py
[2026-02-13T05:24:23.225+0000] {processor.py:183} INFO - Processing /opt/airflow/dags/scripts/loaders/load_refrigerators.py took 1.188 seconds
[2026-02-13T05:24:53.401+0000] {processor.py:161} INFO - Started process (PID=10971) to work on /opt/airflow/dags/scripts/loaders/load_refrigerators.py
[2026-02-13T05:24:53.403+0000] {processor.py:830} INFO - Processing file /opt/airflow/dags/scripts/loaders/load_refrigerators.py for tasks to queue
[2026-02-13T05:24:53.406+0000] {logging_mixin.py:188} INFO - [2026-02-13T05:24:53.405+0000] {dagbag.py:545} INFO - Filling up the DagBag from /opt/airflow/dags/scripts/loaders/load_refrigerators.py
[2026-02-13T05:24:54.197+0000] {logging_mixin.py:188} INFO - 🚀 Loading REFRIGERATORS data
[2026-02-13T05:24:54.466+0000] {logging_mixin.py:188} INFO - ✅ Refrigerators table refreshed successfully
[2026-02-13T05:24:54.468+0000] {processor.py:842} WARNING - No viable dags retrieved from /opt/airflow/dags/scripts/loaders/load_refrigerators.py
[2026-02-13T05:24:54.499+0000] {processor.py:183} INFO - Processing /opt/airflow/dags/scripts/loaders/load_refrigerators.py took 1.105 seconds
[2026-02-13T05:25:24.754+0000] {processor.py:161} INFO - Started process (PID=10998) to work on /opt/airflow/dags/scripts/loaders/load_refrigerators.py
[2026-02-13T05:25:24.760+0000] {processor.py:830} INFO - Processing file /opt/airflow/dags/scripts/loaders/load_refrigerators.py for tasks to queue
[2026-02-13T05:25:24.772+0000] {logging_mixin.py:188} INFO - [2026-02-13T05:25:24.770+0000] {dagbag.py:545} INFO - Filling up the DagBag from /opt/airflow/dags/scripts/loaders/load_refrigerators.py
[2026-02-13T05:25:27.776+0000] {logging_mixin.py:188} INFO - 🚀 Loading REFRIGERATORS data
[2026-02-13T05:25:28.202+0000] {logging_mixin.py:188} INFO - ✅ Refrigerators table refreshed successfully
[2026-02-13T05:25:28.204+0000] {processor.py:842} WARNING - No viable dags retrieved from /opt/airflow/dags/scripts/loaders/load_refrigerators.py
[2026-02-13T05:25:28.250+0000] {processor.py:183} INFO - Processing /opt/airflow/dags/scripts/loaders/load_refrigerators.py took 3.522 seconds
[2026-02-13T05:25:58.715+0000] {processor.py:161} INFO - Started process (PID=11026) to work on /opt/airflow/dags/scripts/loaders/load_refrigerators.py
[2026-02-13T05:25:58.718+0000] {processor.py:830} INFO - Processing file /opt/airflow/dags/scripts/loaders/load_refrigerators.py for tasks to queue
[2026-02-13T05:25:58.723+0000] {logging_mixin.py:188} INFO - [2026-02-13T05:25:58.722+0000] {dagbag.py:545} INFO - Filling up the DagBag from /opt/airflow/dags/scripts/loaders/load_refrigerators.py
[2026-02-13T05:25:59.539+0000] {logging_mixin.py:188} INFO - 🚀 Loading REFRIGERATORS data
[2026-02-13T05:25:59.800+0000] {logging_mixin.py:188} INFO - ✅ Refrigerators table refreshed successfully
[2026-02-13T05:25:59.803+0000] {processor.py:842} WARNING - No viable dags retrieved from /opt/airflow/dags/scripts/loaders/load_refrigerators.py
[2026-02-13T05:25:59.848+0000] {processor.py:183} INFO - Processing /opt/airflow/dags/scripts/loaders/load_refrigerators.py took 1.147 seconds
[2026-02-13T05:26:30.316+0000] {processor.py:161} INFO - Started process (PID=11055) to work on /opt/airflow/dags/scripts/loaders/load_refrigerators.py
[2026-02-13T05:26:30.319+0000] {processor.py:830} INFO - Processing file /opt/airflow/dags/scripts/loaders/load_refrigerators.py for tasks to queue
[2026-02-13T05:26:30.324+0000] {logging_mixin.py:188} INFO - [2026-02-13T05:26:30.323+0000] {dagbag.py:545} INFO - Filling up the DagBag from /opt/airflow/dags/scripts/loaders/load_refrigerators.py
[2026-02-13T05:26:31.224+0000] {logging_mixin.py:188} INFO - 🚀 Loading REFRIGERATORS data
[2026-02-13T05:26:31.447+0000] {logging_mixin.py:188} INFO - ✅ Refrigerators table refreshed successfully
[2026-02-13T05:26:31.448+0000] {processor.py:842} WARNING - No viable dags retrieved from /opt/airflow/dags/scripts/loaders/load_refrigerators.py
[2026-02-13T05:26:31.473+0000] {processor.py:183} INFO - Processing /opt/airflow/dags/scripts/loaders/load_refrigerators.py took 1.170 seconds
[2026-02-13T05:42:13.446+0000] {processor.py:161} INFO - Started process (PID=11086) to work on /opt/airflow/dags/scripts/loaders/load_refrigerators.py
[2026-02-13T05:42:13.449+0000] {processor.py:830} INFO - Processing file /opt/airflow/dags/scripts/loaders/load_refrigerators.py for tasks to queue
[2026-02-13T05:42:13.453+0000] {logging_mixin.py:188} INFO - [2026-02-13T05:42:13.452+0000] {dagbag.py:545} INFO - Filling up the DagBag from /opt/airflow/dags/scripts/loaders/load_refrigerators.py
[2026-02-13T05:42:14.247+0000] {logging_mixin.py:188} INFO - 🚀 Loading REFRIGERATORS data
[2026-02-13T05:42:14.380+0000] {logging_mixin.py:188} INFO - ✅ Refrigerators table refreshed successfully
[2026-02-13T05:42:14.382+0000] {processor.py:842} WARNING - No viable dags retrieved from /opt/airflow/dags/scripts/loaders/load_refrigerators.py
[2026-02-13T05:42:14.416+0000] {processor.py:183} INFO - Processing /opt/airflow/dags/scripts/loaders/load_refrigerators.py took 0.982 seconds
[2026-02-13T05:42:45.045+0000] {processor.py:161} INFO - Started process (PID=11115) to work on /opt/airflow/dags/scripts/loaders/load_refrigerators.py
[2026-02-13T05:42:45.047+0000] {processor.py:830} INFO - Processing file /opt/airflow/dags/scripts/loaders/load_refrigerators.py for tasks to queue
[2026-02-13T05:42:45.050+0000] {logging_mixin.py:188} INFO - [2026-02-13T05:42:45.049+0000] {dagbag.py:545} INFO - Filling up the DagBag from /opt/airflow/dags/scripts/loaders/load_refrigerators.py
[2026-02-13T05:42:45.588+0000] {logging_mixin.py:188} INFO - 🚀 Loading REFRIGERATORS data
[2026-02-13T05:42:45.783+0000] {logging_mixin.py:188} INFO - ✅ Refrigerators table refreshed successfully
[2026-02-13T05:42:45.784+0000] {processor.py:842} WARNING - No viable dags retrieved from /opt/airflow/dags/scripts/loaders/load_refrigerators.py
[2026-02-13T05:42:45.800+0000] {processor.py:183} INFO - Processing /opt/airflow/dags/scripts/loaders/load_refrigerators.py took 0.763 seconds
[2026-02-13T05:43:16.415+0000] {processor.py:161} INFO - Started process (PID=11144) to work on /opt/airflow/dags/scripts/loaders/load_refrigerators.py
[2026-02-13T05:43:16.417+0000] {processor.py:830} INFO - Processing file /opt/airflow/dags/scripts/loaders/load_refrigerators.py for tasks to queue
[2026-02-13T05:43:16.419+0000] {logging_mixin.py:188} INFO - [2026-02-13T05:43:16.419+0000] {dagbag.py:545} INFO - Filling up the DagBag from /opt/airflow/dags/scripts/loaders/load_refrigerators.py
[2026-02-13T05:43:16.821+0000] {logging_mixin.py:188} INFO - 🚀 Loading REFRIGERATORS data
[2026-02-13T05:43:16.970+0000] {logging_mixin.py:188} INFO - ✅ Refrigerators table refreshed successfully
[2026-02-13T05:43:16.971+0000] {processor.py:842} WARNING - No viable dags retrieved from /opt/airflow/dags/scripts/loaders/load_refrigerators.py
[2026-02-13T05:43:16.983+0000] {processor.py:183} INFO - Processing /opt/airflow/dags/scripts/loaders/load_refrigerators.py took 0.573 seconds
[2026-02-13T05:43:49.132+0000] {processor.py:161} INFO - Started process (PID=11173) to work on /opt/airflow/dags/scripts/loaders/load_refrigerators.py
[2026-02-13T05:43:49.134+0000] {processor.py:830} INFO - Processing file /opt/airflow/dags/scripts/loaders/load_refrigerators.py for tasks to queue
[2026-02-13T05:43:49.136+0000] {logging_mixin.py:188} INFO - [2026-02-13T05:43:49.136+0000] {dagbag.py:545} INFO - Filling up the DagBag from /opt/airflow/dags/scripts/loaders/load_refrigerators.py
[2026-02-13T05:43:49.757+0000] {logging_mixin.py:188} INFO - 🚀 Loading REFRIGERATORS data
[2026-02-13T05:43:49.911+0000] {logging_mixin.py:188} INFO - ✅ Refrigerators table refreshed successfully
[2026-02-13T05:43:49.912+0000] {processor.py:842} WARNING - No viable dags retrieved from /opt/airflow/dags/scripts/loaders/load_refrigerators.py
[2026-02-13T05:43:49.928+0000] {processor.py:183} INFO - Processing /opt/airflow/dags/scripts/loaders/load_refrigerators.py took 0.801 seconds
[2026-02-13T05:44:21.844+0000] {processor.py:161} INFO - Started process (PID=11202) to work on /opt/airflow/dags/scripts/loaders/load_refrigerators.py
[2026-02-13T05:44:21.845+0000] {processor.py:830} INFO - Processing file /opt/airflow/dags/scripts/loaders/load_refrigerators.py for tasks to queue
[2026-02-13T05:44:21.851+0000] {logging_mixin.py:188} INFO - [2026-02-13T05:44:21.850+0000] {dagbag.py:545} INFO - Filling up the DagBag from /opt/airflow/dags/scripts/loaders/load_refrigerators.py
[2026-02-13T05:44:22.389+0000] {logging_mixin.py:188} INFO - 🚀 Loading REFRIGERATORS data
[2026-02-13T05:44:22.562+0000] {logging_mixin.py:188} INFO - ✅ Refrigerators table refreshed successfully
[2026-02-13T05:44:22.563+0000] {processor.py:842} WARNING - No viable dags retrieved from /opt/airflow/dags/scripts/loaders/load_refrigerators.py
[2026-02-13T05:44:22.581+0000] {processor.py:183} INFO - Processing /opt/airflow/dags/scripts/loaders/load_refrigerators.py took 0.743 seconds
[2026-02-13T05:44:54.465+0000] {processor.py:161} INFO - Started process (PID=11233) to work on /opt/airflow/dags/scripts/loaders/load_refrigerators.py
[2026-02-13T05:44:54.467+0000] {processor.py:830} INFO - Processing file /opt/airflow/dags/scripts/loaders/load_refrigerators.py for tasks to queue
[2026-02-13T05:44:54.469+0000] {logging_mixin.py:188} INFO - [2026-02-13T05:44:54.469+0000] {dagbag.py:545} INFO - Filling up the DagBag from /opt/airflow/dags/scripts/loaders/load_refrigerators.py
[2026-02-13T05:44:54.935+0000] {logging_mixin.py:188} INFO - 🚀 Loading REFRIGERATORS data
[2026-02-13T05:44:55.154+0000] {logging_mixin.py:188} INFO - ✅ Refrigerators table refreshed successfully
[2026-02-13T05:44:55.155+0000] {processor.py:842} WARNING - No viable dags retrieved from /opt/airflow/dags/scripts/loaders/load_refrigerators.py
[2026-02-13T05:44:55.183+0000] {processor.py:183} INFO - Processing /opt/airflow/dags/scripts/loaders/load_refrigerators.py took 0.723 seconds
[2026-02-13T05:45:27.668+0000] {processor.py:161} INFO - Started process (PID=11260) to work on /opt/airflow/dags/scripts/loaders/load_refrigerators.py
[2026-02-13T05:45:27.670+0000] {processor.py:830} INFO - Processing file /opt/airflow/dags/scripts/loaders/load_refrigerators.py for tasks to queue
[2026-02-13T05:45:27.674+0000] {logging_mixin.py:188} INFO - [2026-02-13T05:45:27.673+0000] {dagbag.py:545} INFO - Filling up the DagBag from /opt/airflow/dags/scripts/loaders/load_refrigerators.py
[2026-02-13T05:45:28.212+0000] {logging_mixin.py:188} INFO - 🚀 Loading REFRIGERATORS data
[2026-02-13T05:45:28.315+0000] {logging_mixin.py:188} INFO - ✅ Refrigerators table refreshed successfully
[2026-02-13T05:45:28.316+0000] {processor.py:842} WARNING - No viable dags retrieved from /opt/airflow/dags/scripts/loaders/load_refrigerators.py
[2026-02-13T05:45:28.327+0000] {processor.py:183} INFO - Processing /opt/airflow/dags/scripts/loaders/load_refrigerators.py took 0.666 seconds
[2026-02-13T05:46:00.222+0000] {processor.py:161} INFO - Started process (PID=11289) to work on /opt/airflow/dags/scripts/loaders/load_refrigerators.py
[2026-02-13T05:46:00.224+0000] {processor.py:830} INFO - Processing file /opt/airflow/dags/scripts/loaders/load_refrigerators.py for tasks to queue
[2026-02-13T05:46:00.230+0000] {logging_mixin.py:188} INFO - [2026-02-13T05:46:00.230+0000] {dagbag.py:545} INFO - Filling up the DagBag from /opt/airflow/dags/scripts/loaders/load_refrigerators.py
[2026-02-13T05:46:00.734+0000] {logging_mixin.py:188} INFO - 🚀 Loading REFRIGERATORS data
[2026-02-13T05:46:00.853+0000] {logging_mixin.py:188} INFO - ✅ Refrigerators table refreshed successfully
[2026-02-13T05:46:00.855+0000] {processor.py:842} WARNING - No viable dags retrieved from /opt/airflow/dags/scripts/loaders/load_refrigerators.py
[2026-02-13T05:46:00.871+0000] {processor.py:183} INFO - Processing /opt/airflow/dags/scripts/loaders/load_refrigerators.py took 0.655 seconds
[2026-02-13T05:46:32.951+0000] {processor.py:161} INFO - Started process (PID=11317) to work on /opt/airflow/dags/scripts/loaders/load_refrigerators.py
[2026-02-13T05:46:32.953+0000] {processor.py:830} INFO - Processing file /opt/airflow/dags/scripts/loaders/load_refrigerators.py for tasks to queue
[2026-02-13T05:46:32.956+0000] {logging_mixin.py:188} INFO - [2026-02-13T05:46:32.955+0000] {dagbag.py:545} INFO - Filling up the DagBag from /opt/airflow/dags/scripts/loaders/load_refrigerators.py
[2026-02-13T05:46:33.380+0000] {logging_mixin.py:188} INFO - 🚀 Loading REFRIGERATORS data
[2026-02-13T05:46:33.496+0000] {logging_mixin.py:188} INFO - ✅ Refrigerators table refreshed successfully
[2026-02-13T05:46:33.499+0000] {processor.py:842} WARNING - No viable dags retrieved from /opt/airflow/dags/scripts/loaders/load_refrigerators.py
[2026-02-13T05:46:33.520+0000] {processor.py:183} INFO - Processing /opt/airflow/dags/scripts/loaders/load_refrigerators.py took 0.575 seconds
[2026-02-13T05:47:06.562+0000] {processor.py:161} INFO - Started process (PID=11347) to work on /opt/airflow/dags/scripts/loaders/load_refrigerators.py
[2026-02-13T05:47:06.564+0000] {processor.py:830} INFO - Processing file /opt/airflow/dags/scripts/loaders/load_refrigerators.py for tasks to queue
[2026-02-13T05:47:06.567+0000] {logging_mixin.py:188} INFO - [2026-02-13T05:47:06.567+0000] {dagbag.py:545} INFO - Filling up the DagBag from /opt/airflow/dags/scripts/loaders/load_refrigerators.py
[2026-02-13T05:47:06.993+0000] {logging_mixin.py:188} INFO - 🚀 Loading REFRIGERATORS data
[2026-02-13T05:47:07.092+0000] {logging_mixin.py:188} INFO - ✅ Refrigerators table refreshed successfully
[2026-02-13T05:47:07.093+0000] {processor.py:842} WARNING - No viable dags retrieved from /opt/airflow/dags/scripts/loaders/load_refrigerators.py
[2026-02-13T05:47:07.105+0000] {processor.py:183} INFO - Processing /opt/airflow/dags/scripts/loaders/load_refrigerators.py took 0.549 seconds
[2026-02-13T05:47:39.040+0000] {processor.py:161} INFO - Started process (PID=11376) to work on /opt/airflow/dags/scripts/loaders/load_refrigerators.py
[2026-02-13T05:47:39.042+0000] {processor.py:830} INFO - Processing file /opt/airflow/dags/scripts/loaders/load_refrigerators.py for tasks to queue
[2026-02-13T05:47:39.044+0000] {logging_mixin.py:188} INFO - [2026-02-13T05:47:39.044+0000] {dagbag.py:545} INFO - Filling up the DagBag from /opt/airflow/dags/scripts/loaders/load_refrigerators.py
[2026-02-13T05:47:39.479+0000] {logging_mixin.py:188} INFO - 🚀 Loading REFRIGERATORS data
[2026-02-13T05:47:39.601+0000] {logging_mixin.py:188} INFO - ✅ Refrigerators table refreshed successfully
[2026-02-13T05:47:39.602+0000] {processor.py:842} WARNING - No viable dags retrieved from /opt/airflow/dags/scripts/loaders/load_refrigerators.py
[2026-02-13T05:47:39.619+0000] {processor.py:183} INFO - Processing /opt/airflow/dags/scripts/loaders/load_refrigerators.py took 0.585 seconds
[2026-02-13T05:48:12.334+0000] {processor.py:161} INFO - Started process (PID=11405) to work on /opt/airflow/dags/scripts/loaders/load_refrigerators.py
[2026-02-13T05:48:12.336+0000] {processor.py:830} INFO - Processing file /opt/airflow/dags/scripts/loaders/load_refrigerators.py for tasks to queue
[2026-02-13T05:48:12.339+0000] {logging_mixin.py:188} INFO - [2026-02-13T05:48:12.338+0000] {dagbag.py:545} INFO - Filling up the DagBag from /opt/airflow/dags/scripts/loaders/load_refrigerators.py
[2026-02-13T05:48:12.773+0000] {logging_mixin.py:188} INFO - 🚀 Loading REFRIGERATORS data
[2026-02-13T05:48:12.887+0000] {logging_mixin.py:188} INFO - ✅ Refrigerators table refreshed successfully
[2026-02-13T05:48:12.888+0000] {processor.py:842} WARNING - No viable dags retrieved from /opt/airflow/dags/scripts/loaders/load_refrigerators.py
[2026-02-13T05:48:12.898+0000] {processor.py:183} INFO - Processing /opt/airflow/dags/scripts/loaders/load_refrigerators.py took 0.575 seconds
[2026-02-13T05:48:45.003+0000] {processor.py:161} INFO - Started process (PID=11434) to work on /opt/airflow/dags/scripts/loaders/load_refrigerators.py
[2026-02-13T05:48:45.005+0000] {processor.py:830} INFO - Processing file /opt/airflow/dags/scripts/loaders/load_refrigerators.py for tasks to queue
[2026-02-13T05:48:45.008+0000] {logging_mixin.py:188} INFO - [2026-02-13T05:48:45.008+0000] {dagbag.py:545} INFO - Filling up the DagBag from /opt/airflow/dags/scripts/loaders/load_refrigerators.py
[2026-02-13T05:48:45.535+0000] {logging_mixin.py:188} INFO - 🚀 Loading REFRIGERATORS data
[2026-02-13T05:48:45.636+0000] {logging_mixin.py:188} INFO - ✅ Refrigerators table refreshed successfully
[2026-02-13T05:48:45.637+0000] {processor.py:842} WARNING - No viable dags retrieved from /opt/airflow/dags/scripts/loaders/load_refrigerators.py
[2026-02-13T05:48:45.650+0000] {processor.py:183} INFO - Processing /opt/airflow/dags/scripts/loaders/load_refrigerators.py took 0.653 seconds
[2026-02-13T05:49:18.584+0000] {processor.py:161} INFO - Started process (PID=11463) to work on /opt/airflow/dags/scripts/loaders/load_refrigerators.py
[2026-02-13T05:49:18.586+0000] {processor.py:830} INFO - Processing file /opt/airflow/dags/scripts/loaders/load_refrigerators.py for tasks to queue
[2026-02-13T05:49:18.588+0000] {logging_mixin.py:188} INFO - [2026-02-13T05:49:18.588+0000] {dagbag.py:545} INFO - Filling up the DagBag from /opt/airflow/dags/scripts/loaders/load_refrigerators.py
[2026-02-13T05:49:19.042+0000] {logging_mixin.py:188} INFO - 🚀 Loading REFRIGERATORS data
[2026-02-13T05:49:19.142+0000] {logging_mixin.py:188} INFO - ✅ Refrigerators table refreshed successfully
[2026-02-13T05:49:19.143+0000] {processor.py:842} WARNING - No viable dags retrieved from /opt/airflow/dags/scripts/loaders/load_refrigerators.py
[2026-02-13T05:49:19.155+0000] {processor.py:183} INFO - Processing /opt/airflow/dags/scripts/loaders/load_refrigerators.py took 0.577 seconds
[2026-02-13T05:49:51.437+0000] {processor.py:161} INFO - Started process (PID=11492) to work on /opt/airflow/dags/scripts/loaders/load_refrigerators.py
[2026-02-13T05:49:51.438+0000] {processor.py:830} INFO - Processing file /opt/airflow/dags/scripts/loaders/load_refrigerators.py for tasks to queue
[2026-02-13T05:49:51.442+0000] {logging_mixin.py:188} INFO - [2026-02-13T05:49:51.441+0000] {dagbag.py:545} INFO - Filling up the DagBag from /opt/airflow/dags/scripts/loaders/load_refrigerators.py
[2026-02-13T05:49:51.952+0000] {logging_mixin.py:188} INFO - 🚀 Loading REFRIGERATORS data
[2026-02-13T05:49:52.061+0000] {logging_mixin.py:188} INFO - ✅ Refrigerators table refreshed successfully
[2026-02-13T05:49:52.063+0000] {processor.py:842} WARNING - No viable dags retrieved from /opt/airflow/dags/scripts/loaders/load_refrigerators.py
[2026-02-13T05:49:52.076+0000] {processor.py:183} INFO - Processing /opt/airflow/dags/scripts/loaders/load_refrigerators.py took 0.646 seconds
[2026-02-13T05:50:23.796+0000] {processor.py:161} INFO - Started process (PID=11521) to work on /opt/airflow/dags/scripts/loaders/load_refrigerators.py
[2026-02-13T05:50:23.798+0000] {processor.py:830} INFO - Processing file /opt/airflow/dags/scripts/loaders/load_refrigerators.py for tasks to queue
[2026-02-13T05:50:23.800+0000] {logging_mixin.py:188} INFO - [2026-02-13T05:50:23.800+0000] {dagbag.py:545} INFO - Filling up the DagBag from /opt/airflow/dags/scripts/loaders/load_refrigerators.py
[2026-02-13T05:50:24.245+0000] {logging_mixin.py:188} INFO - 🚀 Loading REFRIGERATORS data
[2026-02-13T05:50:24.349+0000] {logging_mixin.py:188} INFO - ✅ Refrigerators table refreshed successfully
[2026-02-13T05:50:24.350+0000] {processor.py:842} WARNING - No viable dags retrieved from /opt/airflow/dags/scripts/loaders/load_refrigerators.py
[2026-02-13T05:50:24.363+0000] {processor.py:183} INFO - Processing /opt/airflow/dags/scripts/loaders/load_refrigerators.py took 0.573 seconds
[2026-02-13T05:50:57.522+0000] {processor.py:161} INFO - Started process (PID=11550) to work on /opt/airflow/dags/scripts/loaders/load_refrigerators.py
[2026-02-13T05:50:57.523+0000] {processor.py:830} INFO - Processing file /opt/airflow/dags/scripts/loaders/load_refrigerators.py for tasks to queue
[2026-02-13T05:50:57.526+0000] {logging_mixin.py:188} INFO - [2026-02-13T05:50:57.526+0000] {dagbag.py:545} INFO - Filling up the DagBag from /opt/airflow/dags/scripts/loaders/load_refrigerators.py
[2026-02-13T05:50:58.101+0000] {logging_mixin.py:188} INFO - 🚀 Loading REFRIGERATORS data
[2026-02-13T05:50:58.200+0000] {logging_mixin.py:188} INFO - ✅ Refrigerators table refreshed successfully
[2026-02-13T05:50:58.201+0000] {processor.py:842} WARNING - No viable dags retrieved from /opt/airflow/dags/scripts/loaders/load_refrigerators.py
[2026-02-13T05:50:58.214+0000] {processor.py:183} INFO - Processing /opt/airflow/dags/scripts/loaders/load_refrigerators.py took 0.699 seconds
[2026-02-13T05:51:30.154+0000] {processor.py:161} INFO - Started process (PID=11579) to work on /opt/airflow/dags/scripts/loaders/load_refrigerators.py
[2026-02-13T05:51:30.156+0000] {processor.py:830} INFO - Processing file /opt/airflow/dags/scripts/loaders/load_refrigerators.py for tasks to queue
[2026-02-13T05:51:30.160+0000] {logging_mixin.py:188} INFO - [2026-02-13T05:51:30.160+0000] {dagbag.py:545} INFO - Filling up the DagBag from /opt/airflow/dags/scripts/loaders/load_refrigerators.py
[2026-02-13T05:51:30.651+0000] {logging_mixin.py:188} INFO - 🚀 Loading REFRIGERATORS data
[2026-02-13T05:51:30.789+0000] {logging_mixin.py:188} INFO - ✅ Refrigerators table refreshed successfully
[2026-02-13T05:51:30.790+0000] {processor.py:842} WARNING - No viable dags retrieved from /opt/airflow/dags/scripts/loaders/load_refrigerators.py
[2026-02-13T05:51:30.803+0000] {processor.py:183} INFO - Processing /opt/airflow/dags/scripts/loaders/load_refrigerators.py took 0.656 seconds
[2026-02-13T05:52:03.204+0000] {processor.py:161} INFO - Started process (PID=11608) to work on /opt/airflow/dags/scripts/loaders/load_refrigerators.py
[2026-02-13T05:52:03.206+0000] {processor.py:830} INFO - Processing file /opt/airflow/dags/scripts/loaders/load_refrigerators.py for tasks to queue
[2026-02-13T05:52:03.208+0000] {logging_mixin.py:188} INFO - [2026-02-13T05:52:03.208+0000] {dagbag.py:545} INFO - Filling up the DagBag from /opt/airflow/dags/scripts/loaders/load_refrigerators.py
[2026-02-13T05:52:03.760+0000] {logging_mixin.py:188} INFO - 🚀 Loading REFRIGERATORS data
[2026-02-13T05:52:03.893+0000] {logging_mixin.py:188} INFO - ✅ Refrigerators table refreshed successfully
[2026-02-13T05:52:03.894+0000] {processor.py:842} WARNING - No viable dags retrieved from /opt/airflow/dags/scripts/loaders/load_refrigerators.py
[2026-02-13T05:52:03.911+0000] {processor.py:183} INFO - Processing /opt/airflow/dags/scripts/loaders/load_refrigerators.py took 0.713 seconds
[2026-02-13T05:52:36.078+0000] {processor.py:161} INFO - Started process (PID=11637) to work on /opt/airflow/dags/scripts/loaders/load_refrigerators.py
[2026-02-13T05:52:36.080+0000] {processor.py:830} INFO - Processing file /opt/airflow/dags/scripts/loaders/load_refrigerators.py for tasks to queue
[2026-02-13T05:52:36.082+0000] {logging_mixin.py:188} INFO - [2026-02-13T05:52:36.082+0000] {dagbag.py:545} INFO - Filling up the DagBag from /opt/airflow/dags/scripts/loaders/load_refrigerators.py
[2026-02-13T05:52:36.923+0000] {logging_mixin.py:188} INFO - 🚀 Loading REFRIGERATORS data
[2026-02-13T05:52:37.089+0000] {logging_mixin.py:188} INFO - ✅ Refrigerators table refreshed successfully
[2026-02-13T05:52:37.091+0000] {processor.py:842} WARNING - No viable dags retrieved from /opt/airflow/dags/scripts/loaders/load_refrigerators.py
[2026-02-13T05:52:37.124+0000] {processor.py:183} INFO - Processing /opt/airflow/dags/scripts/loaders/load_refrigerators.py took 1.051 seconds
[2026-02-13T05:53:09.111+0000] {processor.py:161} INFO - Started process (PID=11666) to work on /opt/airflow/dags/scripts/loaders/load_refrigerators.py
[2026-02-13T05:53:09.113+0000] {processor.py:830} INFO - Processing file /opt/airflow/dags/scripts/loaders/load_refrigerators.py for tasks to queue
[2026-02-13T05:53:09.115+0000] {logging_mixin.py:188} INFO - [2026-02-13T05:53:09.115+0000] {dagbag.py:545} INFO - Filling up the DagBag from /opt/airflow/dags/scripts/loaders/load_refrigerators.py
[2026-02-13T05:53:09.597+0000] {logging_mixin.py:188} INFO - 🚀 Loading REFRIGERATORS data
[2026-02-13T05:53:09.699+0000] {logging_mixin.py:188} INFO - ✅ Refrigerators table refreshed successfully
[2026-02-13T05:53:09.700+0000] {processor.py:842} WARNING - No viable dags retrieved from /opt/airflow/dags/scripts/loaders/load_refrigerators.py
[2026-02-13T05:53:09.713+0000] {processor.py:183} INFO - Processing /opt/airflow/dags/scripts/loaders/load_refrigerators.py took 0.607 seconds
[2026-02-13T05:53:42.579+0000] {processor.py:161} INFO - Started process (PID=11695) to work on /opt/airflow/dags/scripts/loaders/load_refrigerators.py
[2026-02-13T05:53:42.580+0000] {processor.py:830} INFO - Processing file /opt/airflow/dags/scripts/loaders/load_refrigerators.py for tasks to queue
[2026-02-13T05:53:42.582+0000] {logging_mixin.py:188} INFO - [2026-02-13T05:53:42.582+0000] {dagbag.py:545} INFO - Filling up the DagBag from /opt/airflow/dags/scripts/loaders/load_refrigerators.py
[2026-02-13T05:53:42.988+0000] {logging_mixin.py:188} INFO - 🚀 Loading REFRIGERATORS data
[2026-02-13T05:53:43.100+0000] {logging_mixin.py:188} INFO - ✅ Refrigerators table refreshed successfully
[2026-02-13T05:53:43.102+0000] {processor.py:842} WARNING - No viable dags retrieved from /opt/airflow/dags/scripts/loaders/load_refrigerators.py
[2026-02-13T05:53:43.116+0000] {processor.py:183} INFO - Processing /opt/airflow/dags/scripts/loaders/load_refrigerators.py took 0.542 seconds
[2026-02-13T05:54:15.038+0000] {processor.py:161} INFO - Started process (PID=11724) to work on /opt/airflow/dags/scripts/loaders/load_refrigerators.py
[2026-02-13T05:54:15.040+0000] {processor.py:830} INFO - Processing file /opt/airflow/dags/scripts/loaders/load_refrigerators.py for tasks to queue
[2026-02-13T05:54:15.042+0000] {logging_mixin.py:188} INFO - [2026-02-13T05:54:15.042+0000] {dagbag.py:545} INFO - Filling up the DagBag from /opt/airflow/dags/scripts/loaders/load_refrigerators.py
[2026-02-13T05:54:15.532+0000] {logging_mixin.py:188} INFO - 🚀 Loading REFRIGERATORS data
[2026-02-13T05:54:15.636+0000] {logging_mixin.py:188} INFO - ✅ Refrigerators table refreshed successfully
[2026-02-13T05:54:15.637+0000] {processor.py:842} WARNING - No viable dags retrieved from /opt/airflow/dags/scripts/loaders/load_refrigerators.py
[2026-02-13T05:54:15.653+0000] {processor.py:183} INFO - Processing /opt/airflow/dags/scripts/loaders/load_refrigerators.py took 0.621 seconds
[2026-02-13T05:54:48.489+0000] {processor.py:161} INFO - Started process (PID=11753) to work on /opt/airflow/dags/scripts/loaders/load_refrigerators.py
[2026-02-13T05:54:48.491+0000] {processor.py:830} INFO - Processing file /opt/airflow/dags/scripts/loaders/load_refrigerators.py for tasks to queue
[2026-02-13T05:54:48.493+0000] {logging_mixin.py:188} INFO - [2026-02-13T05:54:48.493+0000] {dagbag.py:545} INFO - Filling up the DagBag from /opt/airflow/dags/scripts/loaders/load_refrigerators.py
[2026-02-13T05:54:48.898+0000] {logging_mixin.py:188} INFO - 🚀 Loading REFRIGERATORS data
[2026-02-13T05:54:48.996+0000] {logging_mixin.py:188} INFO - ✅ Refrigerators table refreshed successfully
[2026-02-13T05:54:48.997+0000] {processor.py:842} WARNING - No viable dags retrieved from /opt/airflow/dags/scripts/loaders/load_refrigerators.py
[2026-02-13T05:54:49.007+0000] {processor.py:183} INFO - Processing /opt/airflow/dags/scripts/loaders/load_refrigerators.py took 0.523 seconds
[2026-02-13T05:55:21.259+0000] {processor.py:161} INFO - Started process (PID=11782) to work on /opt/airflow/dags/scripts/loaders/load_refrigerators.py
[2026-02-13T05:55:21.261+0000] {processor.py:830} INFO - Processing file /opt/airflow/dags/scripts/loaders/load_refrigerators.py for tasks to queue
[2026-02-13T05:55:21.264+0000] {logging_mixin.py:188} INFO - [2026-02-13T05:55:21.263+0000] {dagbag.py:545} INFO - Filling up the DagBag from /opt/airflow/dags/scripts/loaders/load_refrigerators.py
[2026-02-13T05:55:21.727+0000] {logging_mixin.py:188} INFO - 🚀 Loading REFRIGERATORS data
[2026-02-13T05:55:21.831+0000] {logging_mixin.py:188} INFO - ✅ Refrigerators table refreshed successfully
[2026-02-13T05:55:21.833+0000] {processor.py:842} WARNING - No viable dags retrieved from /opt/airflow/dags/scripts/loaders/load_refrigerators.py
[2026-02-13T05:55:21.861+0000] {processor.py:183} INFO - Processing /opt/airflow/dags/scripts/loaders/load_refrigerators.py took 0.610 seconds
[2026-02-13T05:55:53.706+0000] {processor.py:161} INFO - Started process (PID=11811) to work on /opt/airflow/dags/scripts/loaders/load_refrigerators.py
[2026-02-13T05:55:53.708+0000] {processor.py:830} INFO - Processing file /opt/airflow/dags/scripts/loaders/load_refrigerators.py for tasks to queue
[2026-02-13T05:55:53.711+0000] {logging_mixin.py:188} INFO - [2026-02-13T05:55:53.710+0000] {dagbag.py:545} INFO - Filling up the DagBag from /opt/airflow/dags/scripts/loaders/load_refrigerators.py
[2026-02-13T05:55:54.101+0000] {logging_mixin.py:188} INFO - 🚀 Loading REFRIGERATORS data
[2026-02-13T05:55:54.203+0000] {logging_mixin.py:188} INFO - ✅ Refrigerators table refreshed successfully
[2026-02-13T05:55:54.204+0000] {processor.py:842} WARNING - No viable dags retrieved from /opt/airflow/dags/scripts/loaders/load_refrigerators.py
[2026-02-13T05:55:54.215+0000] {processor.py:183} INFO - Processing /opt/airflow/dags/scripts/loaders/load_refrigerators.py took 0.514 seconds
[2026-02-13T05:56:27.331+0000] {processor.py:161} INFO - Started process (PID=11840) to work on /opt/airflow/dags/scripts/loaders/load_refrigerators.py
[2026-02-13T05:56:27.333+0000] {processor.py:830} INFO - Processing file /opt/airflow/dags/scripts/loaders/load_refrigerators.py for tasks to queue
[2026-02-13T05:56:27.336+0000] {logging_mixin.py:188} INFO - [2026-02-13T05:56:27.335+0000] {dagbag.py:545} INFO - Filling up the DagBag from /opt/airflow/dags/scripts/loaders/load_refrigerators.py
[2026-02-13T05:56:27.819+0000] {logging_mixin.py:188} INFO - 🚀 Loading REFRIGERATORS data
[2026-02-13T05:56:27.933+0000] {logging_mixin.py:188} INFO - ✅ Refrigerators table refreshed successfully
[2026-02-13T05:56:27.934+0000] {processor.py:842} WARNING - No viable dags retrieved from /opt/airflow/dags/scripts/loaders/load_refrigerators.py
[2026-02-13T05:56:27.952+0000] {processor.py:183} INFO - Processing /opt/airflow/dags/scripts/loaders/load_refrigerators.py took 0.627 seconds
[2026-02-13T05:57:03.272+0000] {processor.py:161} INFO - Started process (PID=11870) to work on /opt/airflow/dags/scripts/loaders/load_refrigerators.py
[2026-02-13T05:57:03.276+0000] {processor.py:830} INFO - Processing file /opt/airflow/dags/scripts/loaders/load_refrigerators.py for tasks to queue
[2026-02-13T05:57:03.279+0000] {logging_mixin.py:188} INFO - [2026-02-13T05:57:03.279+0000] {dagbag.py:545} INFO - Filling up the DagBag from /opt/airflow/dags/scripts/loaders/load_refrigerators.py
[2026-02-13T05:57:03.826+0000] {logging_mixin.py:188} INFO - 🚀 Loading REFRIGERATORS data
[2026-02-13T05:57:03.927+0000] {logging_mixin.py:188} INFO - ✅ Refrigerators table refreshed successfully
[2026-02-13T05:57:03.928+0000] {processor.py:842} WARNING - No viable dags retrieved from /opt/airflow/dags/scripts/loaders/load_refrigerators.py
[2026-02-13T05:57:03.941+0000] {processor.py:183} INFO - Processing /opt/airflow/dags/scripts/loaders/load_refrigerators.py took 0.678 seconds
[2026-02-13T05:57:34.453+0000] {processor.py:161} INFO - Started process (PID=11899) to work on /opt/airflow/dags/scripts/loaders/load_refrigerators.py
[2026-02-13T05:57:34.454+0000] {processor.py:830} INFO - Processing file /opt/airflow/dags/scripts/loaders/load_refrigerators.py for tasks to queue
[2026-02-13T05:57:34.458+0000] {logging_mixin.py:188} INFO - [2026-02-13T05:57:34.457+0000] {dagbag.py:545} INFO - Filling up the DagBag from /opt/airflow/dags/scripts/loaders/load_refrigerators.py
[2026-02-13T05:57:34.995+0000] {logging_mixin.py:188} INFO - 🚀 Loading REFRIGERATORS data
[2026-02-13T05:57:35.136+0000] {logging_mixin.py:188} INFO - ✅ Refrigerators table refreshed successfully
[2026-02-13T05:57:35.139+0000] {processor.py:842} WARNING - No viable dags retrieved from /opt/airflow/dags/scripts/loaders/load_refrigerators.py
[2026-02-13T05:57:35.160+0000] {processor.py:183} INFO - Processing /opt/airflow/dags/scripts/loaders/load_refrigerators.py took 0.715 seconds
[2026-02-13T05:58:06.374+0000] {processor.py:161} INFO - Started process (PID=11928) to work on /opt/airflow/dags/scripts/loaders/load_refrigerators.py
[2026-02-13T05:58:06.376+0000] {processor.py:830} INFO - Processing file /opt/airflow/dags/scripts/loaders/load_refrigerators.py for tasks to queue
[2026-02-13T05:58:06.378+0000] {logging_mixin.py:188} INFO - [2026-02-13T05:58:06.378+0000] {dagbag.py:545} INFO - Filling up the DagBag from /opt/airflow/dags/scripts/loaders/load_refrigerators.py
[2026-02-13T05:58:06.806+0000] {logging_mixin.py:188} INFO - 🚀 Loading REFRIGERATORS data
[2026-02-13T05:58:06.919+0000] {logging_mixin.py:188} INFO - ✅ Refrigerators table refreshed successfully
[2026-02-13T05:58:06.920+0000] {processor.py:842} WARNING - No viable dags retrieved from /opt/airflow/dags/scripts/loaders/load_refrigerators.py
[2026-02-13T05:58:06.930+0000] {processor.py:183} INFO - Processing /opt/airflow/dags/scripts/loaders/load_refrigerators.py took 0.561 seconds
[2026-02-13T05:58:38.800+0000] {processor.py:161} INFO - Started process (PID=11957) to work on /opt/airflow/dags/scripts/loaders/load_refrigerators.py
[2026-02-13T05:58:38.804+0000] {processor.py:830} INFO - Processing file /opt/airflow/dags/scripts/loaders/load_refrigerators.py for tasks to queue
[2026-02-13T05:58:38.806+0000] {logging_mixin.py:188} INFO - [2026-02-13T05:58:38.806+0000] {dagbag.py:545} INFO - Filling up the DagBag from /opt/airflow/dags/scripts/loaders/load_refrigerators.py
[2026-02-13T05:58:39.248+0000] {logging_mixin.py:188} INFO - 🚀 Loading REFRIGERATORS data
[2026-02-13T05:58:39.369+0000] {logging_mixin.py:188} INFO - ✅ Refrigerators table refreshed successfully
[2026-02-13T05:58:39.370+0000] {processor.py:842} WARNING - No viable dags retrieved from /opt/airflow/dags/scripts/loaders/load_refrigerators.py
[2026-02-13T05:58:39.383+0000] {processor.py:183} INFO - Processing /opt/airflow/dags/scripts/loaders/load_refrigerators.py took 0.590 seconds
[2026-02-13T05:59:12.331+0000] {processor.py:161} INFO - Started process (PID=11986) to work on /opt/airflow/dags/scripts/loaders/load_refrigerators.py
[2026-02-13T05:59:12.333+0000] {processor.py:830} INFO - Processing file /opt/airflow/dags/scripts/loaders/load_refrigerators.py for tasks to queue
[2026-02-13T05:59:12.336+0000] {logging_mixin.py:188} INFO - [2026-02-13T05:59:12.335+0000] {dagbag.py:545} INFO - Filling up the DagBag from /opt/airflow/dags/scripts/loaders/load_refrigerators.py
[2026-02-13T05:59:12.742+0000] {logging_mixin.py:188} INFO - 🚀 Loading REFRIGERATORS data
[2026-02-13T05:59:12.856+0000] {logging_mixin.py:188} INFO - ✅ Refrigerators table refreshed successfully
[2026-02-13T05:59:12.857+0000] {processor.py:842} WARNING - No viable dags retrieved from /opt/airflow/dags/scripts/loaders/load_refrigerators.py
[2026-02-13T05:59:12.872+0000] {processor.py:183} INFO - Processing /opt/airflow/dags/scripts/loaders/load_refrigerators.py took 0.547 seconds
[2026-02-13T05:59:45.918+0000] {processor.py:161} INFO - Started process (PID=12015) to work on /opt/airflow/dags/scripts/loaders/load_refrigerators.py
[2026-02-13T05:59:45.920+0000] {processor.py:830} INFO - Processing file /opt/airflow/dags/scripts/loaders/load_refrigerators.py for tasks to queue
[2026-02-13T05:59:45.923+0000] {logging_mixin.py:188} INFO - [2026-02-13T05:59:45.923+0000] {dagbag.py:545} INFO - Filling up the DagBag from /opt/airflow/dags/scripts/loaders/load_refrigerators.py
[2026-02-13T05:59:46.391+0000] {logging_mixin.py:188} INFO - 🚀 Loading REFRIGERATORS data
[2026-02-13T05:59:46.518+0000] {logging_mixin.py:188} INFO - ✅ Refrigerators table refreshed successfully
[2026-02-13T05:59:46.519+0000] {processor.py:842} WARNING - No viable dags retrieved from /opt/airflow/dags/scripts/loaders/load_refrigerators.py
[2026-02-13T05:59:46.542+0000] {processor.py:183} INFO - Processing /opt/airflow/dags/scripts/loaders/load_refrigerators.py took 0.636 seconds
[2026-02-13T06:00:18.599+0000] {processor.py:161} INFO - Started process (PID=12044) to work on /opt/airflow/dags/scripts/loaders/load_refrigerators.py
[2026-02-13T06:00:18.600+0000] {processor.py:830} INFO - Processing file /opt/airflow/dags/scripts/loaders/load_refrigerators.py for tasks to queue
[2026-02-13T06:00:18.603+0000] {logging_mixin.py:188} INFO - [2026-02-13T06:00:18.602+0000] {dagbag.py:545} INFO - Filling up the DagBag from /opt/airflow/dags/scripts/loaders/load_refrigerators.py
[2026-02-13T06:00:19.136+0000] {logging_mixin.py:188} INFO - 🚀 Loading REFRIGERATORS data
[2026-02-13T06:00:19.236+0000] {logging_mixin.py:188} INFO - ✅ Refrigerators table refreshed successfully
[2026-02-13T06:00:19.238+0000] {processor.py:842} WARNING - No viable dags retrieved from /opt/airflow/dags/scripts/loaders/load_refrigerators.py
[2026-02-13T06:00:19.250+0000] {processor.py:183} INFO - Processing /opt/airflow/dags/scripts/loaders/load_refrigerators.py took 0.657 seconds
[2026-02-13T06:00:51.315+0000] {processor.py:161} INFO - Started process (PID=12073) to work on /opt/airflow/dags/scripts/loaders/load_refrigerators.py
[2026-02-13T06:00:51.316+0000] {processor.py:830} INFO - Processing file /opt/airflow/dags/scripts/loaders/load_refrigerators.py for tasks to queue
[2026-02-13T06:00:51.319+0000] {logging_mixin.py:188} INFO - [2026-02-13T06:00:51.318+0000] {dagbag.py:545} INFO - Filling up the DagBag from /opt/airflow/dags/scripts/loaders/load_refrigerators.py
[2026-02-13T06:00:51.794+0000] {logging_mixin.py:188} INFO - 🚀 Loading REFRIGERATORS data
[2026-02-13T06:00:51.906+0000] {logging_mixin.py:188} INFO - ✅ Refrigerators table refreshed successfully
[2026-02-13T06:00:51.907+0000] {processor.py:842} WARNING - No viable dags retrieved from /opt/airflow/dags/scripts/loaders/load_refrigerators.py
[2026-02-13T06:00:51.930+0000] {processor.py:183} INFO - Processing /opt/airflow/dags/scripts/loaders/load_refrigerators.py took 0.621 seconds
[2026-02-13T06:01:24.013+0000] {processor.py:161} INFO - Started process (PID=12102) to work on /opt/airflow/dags/scripts/loaders/load_refrigerators.py
[2026-02-13T06:01:24.015+0000] {processor.py:830} INFO - Processing file /opt/airflow/dags/scripts/loaders/load_refrigerators.py for tasks to queue
[2026-02-13T06:01:24.018+0000] {logging_mixin.py:188} INFO - [2026-02-13T06:01:24.017+0000] {dagbag.py:545} INFO - Filling up the DagBag from /opt/airflow/dags/scripts/loaders/load_refrigerators.py
[2026-02-13T06:01:24.429+0000] {logging_mixin.py:188} INFO - 🚀 Loading REFRIGERATORS data
[2026-02-13T06:01:24.550+0000] {logging_mixin.py:188} INFO - ✅ Refrigerators table refreshed successfully
[2026-02-13T06:01:24.551+0000] {processor.py:842} WARNING - No viable dags retrieved from /opt/airflow/dags/scripts/loaders/load_refrigerators.py
[2026-02-13T06:01:24.563+0000] {processor.py:183} INFO - Processing /opt/airflow/dags/scripts/loaders/load_refrigerators.py took 0.556 seconds
[2026-02-13T06:01:58.806+0000] {processor.py:161} INFO - Started process (PID=12133) to work on /opt/airflow/dags/scripts/loaders/load_refrigerators.py
[2026-02-13T06:01:58.808+0000] {processor.py:830} INFO - Processing file /opt/airflow/dags/scripts/loaders/load_refrigerators.py for tasks to queue
[2026-02-13T06:01:58.811+0000] {logging_mixin.py:188} INFO - [2026-02-13T06:01:58.811+0000] {dagbag.py:545} INFO - Filling up the DagBag from /opt/airflow/dags/scripts/loaders/load_refrigerators.py
[2026-02-13T06:01:59.255+0000] {logging_mixin.py:188} INFO - 🚀 Loading REFRIGERATORS data
[2026-02-13T06:01:59.352+0000] {logging_mixin.py:188} INFO - ✅ Refrigerators table refreshed successfully
[2026-02-13T06:01:59.354+0000] {processor.py:842} WARNING - No viable dags retrieved from /opt/airflow/dags/scripts/loaders/load_refrigerators.py
[2026-02-13T06:01:59.368+0000] {processor.py:183} INFO - Processing /opt/airflow/dags/scripts/loaders/load_refrigerators.py took 0.569 seconds
[2026-02-13T06:02:30.392+0000] {processor.py:161} INFO - Started process (PID=12160) to work on /opt/airflow/dags/scripts/loaders/load_refrigerators.py
[2026-02-13T06:02:30.394+0000] {processor.py:830} INFO - Processing file /opt/airflow/dags/scripts/loaders/load_refrigerators.py for tasks to queue
[2026-02-13T06:02:30.398+0000] {logging_mixin.py:188} INFO - [2026-02-13T06:02:30.397+0000] {dagbag.py:545} INFO - Filling up the DagBag from /opt/airflow/dags/scripts/loaders/load_refrigerators.py
[2026-02-13T06:02:30.813+0000] {logging_mixin.py:188} INFO - 🚀 Loading REFRIGERATORS data
[2026-02-13T06:02:30.907+0000] {logging_mixin.py:188} INFO - ✅ Refrigerators table refreshed successfully
[2026-02-13T06:02:30.907+0000] {processor.py:842} WARNING - No viable dags retrieved from /opt/airflow/dags/scripts/loaders/load_refrigerators.py
[2026-02-13T06:02:30.918+0000] {processor.py:183} INFO - Processing /opt/airflow/dags/scripts/loaders/load_refrigerators.py took 0.533 seconds
[2026-02-13T06:03:04.122+0000] {processor.py:161} INFO - Started process (PID=12189) to work on /opt/airflow/dags/scripts/loaders/load_refrigerators.py
[2026-02-13T06:03:04.125+0000] {processor.py:830} INFO - Processing file /opt/airflow/dags/scripts/loaders/load_refrigerators.py for tasks to queue
[2026-02-13T06:03:04.133+0000] {logging_mixin.py:188} INFO - [2026-02-13T06:03:04.132+0000] {dagbag.py:545} INFO - Filling up the DagBag from /opt/airflow/dags/scripts/loaders/load_refrigerators.py
[2026-02-13T06:03:04.899+0000] {logging_mixin.py:188} INFO - 🚀 Loading REFRIGERATORS data
[2026-02-13T06:03:05.071+0000] {logging_mixin.py:188} INFO - ✅ Refrigerators table refreshed successfully
[2026-02-13T06:03:05.071+0000] {processor.py:842} WARNING - No viable dags retrieved from /opt/airflow/dags/scripts/loaders/load_refrigerators.py
[2026-02-13T06:03:05.084+0000] {processor.py:183} INFO - Processing /opt/airflow/dags/scripts/loaders/load_refrigerators.py took 0.978 seconds
[2026-02-13T06:03:37.116+0000] {processor.py:161} INFO - Started process (PID=12218) to work on /opt/airflow/dags/scripts/loaders/load_refrigerators.py
[2026-02-13T06:03:37.118+0000] {processor.py:830} INFO - Processing file /opt/airflow/dags/scripts/loaders/load_refrigerators.py for tasks to queue
[2026-02-13T06:03:37.121+0000] {logging_mixin.py:188} INFO - [2026-02-13T06:03:37.120+0000] {dagbag.py:545} INFO - Filling up the DagBag from /opt/airflow/dags/scripts/loaders/load_refrigerators.py
[2026-02-13T06:03:37.519+0000] {logging_mixin.py:188} INFO - 🚀 Loading REFRIGERATORS data
[2026-02-13T06:03:37.660+0000] {logging_mixin.py:188} INFO - ✅ Refrigerators table refreshed successfully
[2026-02-13T06:03:37.661+0000] {processor.py:842} WARNING - No viable dags retrieved from /opt/airflow/dags/scripts/loaders/load_refrigerators.py
[2026-02-13T06:03:37.674+0000] {processor.py:183} INFO - Processing /opt/airflow/dags/scripts/loaders/load_refrigerators.py took 0.563 seconds
[2026-02-13T06:04:09.394+0000] {processor.py:161} INFO - Started process (PID=12247) to work on /opt/airflow/dags/scripts/loaders/load_refrigerators.py
[2026-02-13T06:04:09.396+0000] {processor.py:830} INFO - Processing file /opt/airflow/dags/scripts/loaders/load_refrigerators.py for tasks to queue
[2026-02-13T06:04:09.398+0000] {logging_mixin.py:188} INFO - [2026-02-13T06:04:09.398+0000] {dagbag.py:545} INFO - Filling up the DagBag from /opt/airflow/dags/scripts/loaders/load_refrigerators.py
[2026-02-13T06:04:09.859+0000] {logging_mixin.py:188} INFO - 🚀 Loading REFRIGERATORS data
[2026-02-13T06:04:09.980+0000] {logging_mixin.py:188} INFO - ✅ Refrigerators table refreshed successfully
[2026-02-13T06:04:09.981+0000] {processor.py:842} WARNING - No viable dags retrieved from /opt/airflow/dags/scripts/loaders/load_refrigerators.py
[2026-02-13T06:04:09.996+0000] {processor.py:183} INFO - Processing /opt/airflow/dags/scripts/loaders/load_refrigerators.py took 0.606 seconds
[2026-02-13T06:04:42.998+0000] {processor.py:161} INFO - Started process (PID=12276) to work on /opt/airflow/dags/scripts/loaders/load_refrigerators.py
[2026-02-13T06:04:43.000+0000] {processor.py:830} INFO - Processing file /opt/airflow/dags/scripts/loaders/load_refrigerators.py for tasks to queue
[2026-02-13T06:04:43.002+0000] {logging_mixin.py:188} INFO - [2026-02-13T06:04:43.002+0000] {dagbag.py:545} INFO - Filling up the DagBag from /opt/airflow/dags/scripts/loaders/load_refrigerators.py
[2026-02-13T06:04:43.430+0000] {logging_mixin.py:188} INFO - 🚀 Loading REFRIGERATORS data
[2026-02-13T06:04:43.525+0000] {logging_mixin.py:188} INFO - ✅ Refrigerators table refreshed successfully
[2026-02-13T06:04:43.526+0000] {processor.py:842} WARNING - No viable dags retrieved from /opt/airflow/dags/scripts/loaders/load_refrigerators.py
[2026-02-13T06:04:43.535+0000] {processor.py:183} INFO - Processing /opt/airflow/dags/scripts/loaders/load_refrigerators.py took 0.542 seconds
[2026-02-13T06:05:15.469+0000] {processor.py:161} INFO - Started process (PID=12305) to work on /opt/airflow/dags/scripts/loaders/load_refrigerators.py
[2026-02-13T06:05:15.472+0000] {processor.py:830} INFO - Processing file /opt/airflow/dags/scripts/loaders/load_refrigerators.py for tasks to queue
[2026-02-13T06:05:15.475+0000] {logging_mixin.py:188} INFO - [2026-02-13T06:05:15.475+0000] {dagbag.py:545} INFO - Filling up the DagBag from /opt/airflow/dags/scripts/loaders/load_refrigerators.py
[2026-02-13T06:05:15.946+0000] {logging_mixin.py:188} INFO - 🚀 Loading REFRIGERATORS data
[2026-02-13T06:05:16.052+0000] {logging_mixin.py:188} INFO - ✅ Refrigerators table refreshed successfully
[2026-02-13T06:05:16.053+0000] {processor.py:842} WARNING - No viable dags retrieved from /opt/airflow/dags/scripts/loaders/load_refrigerators.py
[2026-02-13T06:05:16.068+0000] {processor.py:183} INFO - Processing /opt/airflow/dags/scripts/loaders/load_refrigerators.py took 0.606 seconds
[2026-02-13T06:05:49.068+0000] {processor.py:161} INFO - Started process (PID=12334) to work on /opt/airflow/dags/scripts/loaders/load_refrigerators.py
[2026-02-13T06:05:49.070+0000] {processor.py:830} INFO - Processing file /opt/airflow/dags/scripts/loaders/load_refrigerators.py for tasks to queue
[2026-02-13T06:05:49.072+0000] {logging_mixin.py:188} INFO - [2026-02-13T06:05:49.072+0000] {dagbag.py:545} INFO - Filling up the DagBag from /opt/airflow/dags/scripts/loaders/load_refrigerators.py
[2026-02-13T06:05:49.519+0000] {logging_mixin.py:188} INFO - 🚀 Loading REFRIGERATORS data
[2026-02-13T06:05:49.615+0000] {logging_mixin.py:188} INFO - ✅ Refrigerators table refreshed successfully
[2026-02-13T06:05:49.616+0000] {processor.py:842} WARNING - No viable dags retrieved from /opt/airflow/dags/scripts/loaders/load_refrigerators.py
[2026-02-13T06:05:49.627+0000] {processor.py:183} INFO - Processing /opt/airflow/dags/scripts/loaders/load_refrigerators.py took 0.565 seconds
[2026-02-13T06:06:21.594+0000] {processor.py:161} INFO - Started process (PID=12363) to work on /opt/airflow/dags/scripts/loaders/load_refrigerators.py
[2026-02-13T06:06:21.597+0000] {processor.py:830} INFO - Processing file /opt/airflow/dags/scripts/loaders/load_refrigerators.py for tasks to queue
[2026-02-13T06:06:21.603+0000] {logging_mixin.py:188} INFO - [2026-02-13T06:06:21.602+0000] {dagbag.py:545} INFO - Filling up the DagBag from /opt/airflow/dags/scripts/loaders/load_refrigerators.py
[2026-02-13T06:06:22.079+0000] {logging_mixin.py:188} INFO - 🚀 Loading REFRIGERATORS data
[2026-02-13T06:06:22.167+0000] {logging_mixin.py:188} INFO - ✅ Refrigerators table refreshed successfully
[2026-02-13T06:06:22.168+0000] {processor.py:842} WARNING - No viable dags retrieved from /opt/airflow/dags/scripts/loaders/load_refrigerators.py
[2026-02-13T06:06:22.178+0000] {processor.py:183} INFO - Processing /opt/airflow/dags/scripts/loaders/load_refrigerators.py took 0.594 seconds
[2026-02-13T06:06:55.176+0000] {processor.py:161} INFO - Started process (PID=12392) to work on /opt/airflow/dags/scripts/loaders/load_refrigerators.py
[2026-02-13T06:06:55.177+0000] {processor.py:830} INFO - Processing file /opt/airflow/dags/scripts/loaders/load_refrigerators.py for tasks to queue
[2026-02-13T06:06:55.180+0000] {logging_mixin.py:188} INFO - [2026-02-13T06:06:55.180+0000] {dagbag.py:545} INFO - Filling up the DagBag from /opt/airflow/dags/scripts/loaders/load_refrigerators.py
[2026-02-13T06:06:55.584+0000] {logging_mixin.py:188} INFO - 🚀 Loading REFRIGERATORS data
[2026-02-13T06:06:55.694+0000] {logging_mixin.py:188} INFO - ✅ Refrigerators table refreshed successfully
[2026-02-13T06:06:55.695+0000] {processor.py:842} WARNING - No viable dags retrieved from /opt/airflow/dags/scripts/loaders/load_refrigerators.py
[2026-02-13T06:06:55.718+0000] {processor.py:183} INFO - Processing /opt/airflow/dags/scripts/loaders/load_refrigerators.py took 0.549 seconds
[2026-02-13T06:07:27.873+0000] {processor.py:161} INFO - Started process (PID=12421) to work on /opt/airflow/dags/scripts/loaders/load_refrigerators.py
[2026-02-13T06:07:27.875+0000] {processor.py:830} INFO - Processing file /opt/airflow/dags/scripts/loaders/load_refrigerators.py for tasks to queue
[2026-02-13T06:07:27.878+0000] {logging_mixin.py:188} INFO - [2026-02-13T06:07:27.877+0000] {dagbag.py:545} INFO - Filling up the DagBag from /opt/airflow/dags/scripts/loaders/load_refrigerators.py
[2026-02-13T06:07:28.318+0000] {logging_mixin.py:188} INFO - 🚀 Loading REFRIGERATORS data
[2026-02-13T06:07:28.423+0000] {logging_mixin.py:188} INFO - ✅ Refrigerators table refreshed successfully
[2026-02-13T06:07:28.425+0000] {processor.py:842} WARNING - No viable dags retrieved from /opt/airflow/dags/scripts/loaders/load_refrigerators.py
[2026-02-13T06:07:28.436+0000] {processor.py:183} INFO - Processing /opt/airflow/dags/scripts/loaders/load_refrigerators.py took 0.568 seconds
[2026-02-13T10:03:43.376+0000] {processor.py:161} INFO - Started process (PID=12446) to work on /opt/airflow/dags/scripts/loaders/load_refrigerators.py
[2026-02-13T10:03:43.388+0000] {processor.py:830} INFO - Processing file /opt/airflow/dags/scripts/loaders/load_refrigerators.py for tasks to queue
[2026-02-13T10:03:43.412+0000] {logging_mixin.py:188} INFO - [2026-02-13T10:03:43.410+0000] {dagbag.py:545} INFO - Filling up the DagBag from /opt/airflow/dags/scripts/loaders/load_refrigerators.py
[2026-02-13T11:52:47.031+0000] {processor.py:161} INFO - Started process (PID=12471) to work on /opt/airflow/dags/scripts/loaders/load_refrigerators.py
[2026-02-13T11:52:47.036+0000] {processor.py:830} INFO - Processing file /opt/airflow/dags/scripts/loaders/load_refrigerators.py for tasks to queue
[2026-02-13T11:52:47.054+0000] {logging_mixin.py:188} INFO - [2026-02-13T11:52:47.052+0000] {dagbag.py:545} INFO - Filling up the DagBag from /opt/airflow/dags/scripts/loaders/load_refrigerators.py
[2026-02-13T11:52:48.485+0000] {logging_mixin.py:188} INFO - 🚀 Loading REFRIGERATORS data
[2026-02-13T11:52:48.824+0000] {logging_mixin.py:188} INFO - ✅ Refrigerators table refreshed successfully
[2026-02-13T11:52:48.826+0000] {processor.py:842} WARNING - No viable dags retrieved from /opt/airflow/dags/scripts/loaders/load_refrigerators.py
[2026-02-13T11:52:48.849+0000] {processor.py:183} INFO - Processing /opt/airflow/dags/scripts/loaders/load_refrigerators.py took 1.872 seconds
[2026-02-13T11:53:19.129+0000] {processor.py:161} INFO - Started process (PID=12500) to work on /opt/airflow/dags/scripts/loaders/load_refrigerators.py
[2026-02-13T11:53:19.140+0000] {processor.py:830} INFO - Processing file /opt/airflow/dags/scripts/loaders/load_refrigerators.py for tasks to queue
[2026-02-13T11:53:19.151+0000] {logging_mixin.py:188} INFO - [2026-02-13T11:53:19.149+0000] {dagbag.py:545} INFO - Filling up the DagBag from /opt/airflow/dags/scripts/loaders/load_refrigerators.py
[2026-02-13T11:53:20.313+0000] {logging_mixin.py:188} INFO - 🚀 Loading REFRIGERATORS data
[2026-02-13T11:53:20.524+0000] {logging_mixin.py:188} INFO - ✅ Refrigerators table refreshed successfully
[2026-02-13T11:53:20.526+0000] {processor.py:842} WARNING - No viable dags retrieved from /opt/airflow/dags/scripts/loaders/load_refrigerators.py
[2026-02-13T11:53:20.565+0000] {processor.py:183} INFO - Processing /opt/airflow/dags/scripts/loaders/load_refrigerators.py took 1.454 seconds
[2026-02-13T11:53:51.011+0000] {processor.py:161} INFO - Started process (PID=12529) to work on /opt/airflow/dags/scripts/loaders/load_refrigerators.py
[2026-02-13T11:53:51.013+0000] {processor.py:830} INFO - Processing file /opt/airflow/dags/scripts/loaders/load_refrigerators.py for tasks to queue
[2026-02-13T11:53:51.018+0000] {logging_mixin.py:188} INFO - [2026-02-13T11:53:51.016+0000] {dagbag.py:545} INFO - Filling up the DagBag from /opt/airflow/dags/scripts/loaders/load_refrigerators.py
[2026-02-13T11:53:51.876+0000] {logging_mixin.py:188} INFO - 🚀 Loading REFRIGERATORS data
[2026-02-13T11:53:52.046+0000] {logging_mixin.py:188} INFO - ✅ Refrigerators table refreshed successfully
[2026-02-13T11:53:52.048+0000] {processor.py:842} WARNING - No viable dags retrieved from /opt/airflow/dags/scripts/loaders/load_refrigerators.py
[2026-02-13T11:53:52.083+0000] {processor.py:183} INFO - Processing /opt/airflow/dags/scripts/loaders/load_refrigerators.py took 1.082 seconds
[2026-02-13T11:54:23.187+0000] {processor.py:161} INFO - Started process (PID=12558) to work on /opt/airflow/dags/scripts/loaders/load_refrigerators.py
[2026-02-13T11:54:23.190+0000] {processor.py:830} INFO - Processing file /opt/airflow/dags/scripts/loaders/load_refrigerators.py for tasks to queue
[2026-02-13T11:54:23.196+0000] {logging_mixin.py:188} INFO - [2026-02-13T11:54:23.195+0000] {dagbag.py:545} INFO - Filling up the DagBag from /opt/airflow/dags/scripts/loaders/load_refrigerators.py
[2026-02-13T11:54:24.150+0000] {logging_mixin.py:188} INFO - 🚀 Loading REFRIGERATORS data
[2026-02-13T11:54:24.420+0000] {logging_mixin.py:188} INFO - ✅ Refrigerators table refreshed successfully
[2026-02-13T11:54:24.422+0000] {processor.py:842} WARNING - No viable dags retrieved from /opt/airflow/dags/scripts/loaders/load_refrigerators.py
[2026-02-13T11:54:24.454+0000] {processor.py:183} INFO - Processing /opt/airflow/dags/scripts/loaders/load_refrigerators.py took 1.282 seconds
[2026-02-13T11:54:55.102+0000] {processor.py:161} INFO - Started process (PID=12587) to work on /opt/airflow/dags/scripts/loaders/load_refrigerators.py
[2026-02-13T11:54:55.104+0000] {processor.py:830} INFO - Processing file /opt/airflow/dags/scripts/loaders/load_refrigerators.py for tasks to queue
[2026-02-13T11:54:55.108+0000] {logging_mixin.py:188} INFO - [2026-02-13T11:54:55.108+0000] {dagbag.py:545} INFO - Filling up the DagBag from /opt/airflow/dags/scripts/loaders/load_refrigerators.py
[2026-02-13T11:54:56.108+0000] {logging_mixin.py:188} INFO - 🚀 Loading REFRIGERATORS data
[2026-02-13T11:54:56.317+0000] {logging_mixin.py:188} INFO - ✅ Refrigerators table refreshed successfully
[2026-02-13T11:54:56.318+0000] {processor.py:842} WARNING - No viable dags retrieved from /opt/airflow/dags/scripts/loaders/load_refrigerators.py
[2026-02-13T11:54:56.348+0000] {processor.py:183} INFO - Processing /opt/airflow/dags/scripts/loaders/load_refrigerators.py took 1.256 seconds
[2026-02-13T11:55:26.861+0000] {processor.py:161} INFO - Started process (PID=12616) to work on /opt/airflow/dags/scripts/loaders/load_refrigerators.py
[2026-02-13T11:55:26.863+0000] {processor.py:830} INFO - Processing file /opt/airflow/dags/scripts/loaders/load_refrigerators.py for tasks to queue
[2026-02-13T11:55:26.866+0000] {logging_mixin.py:188} INFO - [2026-02-13T11:55:26.865+0000] {dagbag.py:545} INFO - Filling up the DagBag from /opt/airflow/dags/scripts/loaders/load_refrigerators.py
[2026-02-13T11:55:27.707+0000] {logging_mixin.py:188} INFO - 🚀 Loading REFRIGERATORS data
[2026-02-13T11:55:27.909+0000] {logging_mixin.py:188} INFO - ✅ Refrigerators table refreshed successfully
[2026-02-13T11:55:27.910+0000] {processor.py:842} WARNING - No viable dags retrieved from /opt/airflow/dags/scripts/loaders/load_refrigerators.py
[2026-02-13T11:55:27.926+0000] {processor.py:183} INFO - Processing /opt/airflow/dags/scripts/loaders/load_refrigerators.py took 1.073 seconds
[2026-02-13T11:55:58.373+0000] {processor.py:161} INFO - Started process (PID=12645) to work on /opt/airflow/dags/scripts/loaders/load_refrigerators.py
[2026-02-13T11:55:58.390+0000] {processor.py:830} INFO - Processing file /opt/airflow/dags/scripts/loaders/load_refrigerators.py for tasks to queue
[2026-02-13T11:55:58.395+0000] {logging_mixin.py:188} INFO - [2026-02-13T11:55:58.394+0000] {dagbag.py:545} INFO - Filling up the DagBag from /opt/airflow/dags/scripts/loaders/load_refrigerators.py
[2026-02-13T11:55:59.427+0000] {logging_mixin.py:188} INFO - 🚀 Loading REFRIGERATORS data
[2026-02-13T11:55:59.609+0000] {logging_mixin.py:188} INFO - ✅ Refrigerators table refreshed successfully
[2026-02-13T11:55:59.610+0000] {processor.py:842} WARNING - No viable dags retrieved from /opt/airflow/dags/scripts/loaders/load_refrigerators.py
[2026-02-13T11:55:59.637+0000] {processor.py:183} INFO - Processing /opt/airflow/dags/scripts/loaders/load_refrigerators.py took 1.280 seconds
[2026-02-13T11:56:30.508+0000] {processor.py:161} INFO - Started process (PID=12674) to work on /opt/airflow/dags/scripts/loaders/load_refrigerators.py
[2026-02-13T11:56:30.513+0000] {processor.py:830} INFO - Processing file /opt/airflow/dags/scripts/loaders/load_refrigerators.py for tasks to queue
[2026-02-13T11:56:30.517+0000] {logging_mixin.py:188} INFO - [2026-02-13T11:56:30.516+0000] {dagbag.py:545} INFO - Filling up the DagBag from /opt/airflow/dags/scripts/loaders/load_refrigerators.py
[2026-02-13T11:56:31.643+0000] {logging_mixin.py:188} INFO - 🚀 Loading REFRIGERATORS data
[2026-02-13T11:56:31.868+0000] {logging_mixin.py:188} INFO - ✅ Refrigerators table refreshed successfully
[2026-02-13T11:56:31.870+0000] {processor.py:842} WARNING - No viable dags retrieved from /opt/airflow/dags/scripts/loaders/load_refrigerators.py
[2026-02-13T11:56:31.901+0000] {processor.py:183} INFO - Processing /opt/airflow/dags/scripts/loaders/load_refrigerators.py took 1.403 seconds
[2026-02-13T11:57:04.031+0000] {processor.py:161} INFO - Started process (PID=12703) to work on /opt/airflow/dags/scripts/loaders/load_refrigerators.py
[2026-02-13T11:57:04.041+0000] {processor.py:830} INFO - Processing file /opt/airflow/dags/scripts/loaders/load_refrigerators.py for tasks to queue
[2026-02-13T11:57:04.098+0000] {logging_mixin.py:188} INFO - [2026-02-13T11:57:04.088+0000] {dagbag.py:545} INFO - Filling up the DagBag from /opt/airflow/dags/scripts/loaders/load_refrigerators.py
[2026-02-13T11:57:12.642+0000] {logging_mixin.py:188} INFO - 🚀 Loading REFRIGERATORS data
[2026-02-13T11:57:13.296+0000] {logging_mixin.py:188} INFO - ✅ Refrigerators table refreshed successfully
[2026-02-13T11:57:13.299+0000] {processor.py:842} WARNING - No viable dags retrieved from /opt/airflow/dags/scripts/loaders/load_refrigerators.py
[2026-02-13T11:57:13.380+0000] {processor.py:183} INFO - Processing /opt/airflow/dags/scripts/loaders/load_refrigerators.py took 9.612 seconds
[2026-02-13T11:57:44.477+0000] {processor.py:161} INFO - Started process (PID=12732) to work on /opt/airflow/dags/scripts/loaders/load_refrigerators.py
[2026-02-13T11:57:44.481+0000] {processor.py:830} INFO - Processing file /opt/airflow/dags/scripts/loaders/load_refrigerators.py for tasks to queue
[2026-02-13T11:57:44.491+0000] {logging_mixin.py:188} INFO - [2026-02-13T11:57:44.489+0000] {dagbag.py:545} INFO - Filling up the DagBag from /opt/airflow/dags/scripts/loaders/load_refrigerators.py
[2026-02-13T11:57:45.570+0000] {logging_mixin.py:188} INFO - 🚀 Loading REFRIGERATORS data
[2026-02-13T11:57:45.768+0000] {logging_mixin.py:188} INFO - ✅ Refrigerators table refreshed successfully
[2026-02-13T11:57:45.770+0000] {processor.py:842} WARNING - No viable dags retrieved from /opt/airflow/dags/scripts/loaders/load_refrigerators.py
[2026-02-13T11:57:45.813+0000] {processor.py:183} INFO - Processing /opt/airflow/dags/scripts/loaders/load_refrigerators.py took 1.353 seconds
[2026-02-13T11:58:16.403+0000] {processor.py:161} INFO - Started process (PID=12761) to work on /opt/airflow/dags/scripts/loaders/load_refrigerators.py
[2026-02-13T11:58:16.404+0000] {processor.py:830} INFO - Processing file /opt/airflow/dags/scripts/loaders/load_refrigerators.py for tasks to queue
[2026-02-13T11:58:16.407+0000] {logging_mixin.py:188} INFO - [2026-02-13T11:58:16.407+0000] {dagbag.py:545} INFO - Filling up the DagBag from /opt/airflow/dags/scripts/loaders/load_refrigerators.py
[2026-02-13T11:58:17.178+0000] {logging_mixin.py:188} INFO - 🚀 Loading REFRIGERATORS data
[2026-02-13T11:58:17.378+0000] {logging_mixin.py:188} INFO - ✅ Refrigerators table refreshed successfully
[2026-02-13T11:58:17.379+0000] {processor.py:842} WARNING - No viable dags retrieved from /opt/airflow/dags/scripts/loaders/load_refrigerators.py
[2026-02-13T11:58:17.415+0000] {processor.py:183} INFO - Processing /opt/airflow/dags/scripts/loaders/load_refrigerators.py took 1.021 seconds
[2026-02-13T11:58:48.156+0000] {processor.py:161} INFO - Started process (PID=12790) to work on /opt/airflow/dags/scripts/loaders/load_refrigerators.py
[2026-02-13T11:58:48.171+0000] {processor.py:830} INFO - Processing file /opt/airflow/dags/scripts/loaders/load_refrigerators.py for tasks to queue
[2026-02-13T11:58:48.174+0000] {logging_mixin.py:188} INFO - [2026-02-13T11:58:48.174+0000] {dagbag.py:545} INFO - Filling up the DagBag from /opt/airflow/dags/scripts/loaders/load_refrigerators.py
[2026-02-13T11:58:49.280+0000] {logging_mixin.py:188} INFO - 🚀 Loading REFRIGERATORS data
[2026-02-13T11:58:49.512+0000] {logging_mixin.py:188} INFO - ✅ Refrigerators table refreshed successfully
[2026-02-13T11:58:49.514+0000] {processor.py:842} WARNING - No viable dags retrieved from /opt/airflow/dags/scripts/loaders/load_refrigerators.py
[2026-02-13T11:58:49.547+0000] {processor.py:183} INFO - Processing /opt/airflow/dags/scripts/loaders/load_refrigerators.py took 1.398 seconds
[2026-02-13T11:59:20.246+0000] {processor.py:161} INFO - Started process (PID=12819) to work on /opt/airflow/dags/scripts/loaders/load_refrigerators.py
[2026-02-13T11:59:20.248+0000] {processor.py:830} INFO - Processing file /opt/airflow/dags/scripts/loaders/load_refrigerators.py for tasks to queue
[2026-02-13T11:59:20.253+0000] {logging_mixin.py:188} INFO - [2026-02-13T11:59:20.252+0000] {dagbag.py:545} INFO - Filling up the DagBag from /opt/airflow/dags/scripts/loaders/load_refrigerators.py
[2026-02-13T11:59:21.084+0000] {logging_mixin.py:188} INFO - 🚀 Loading REFRIGERATORS data
[2026-02-13T11:59:21.270+0000] {logging_mixin.py:188} INFO - ✅ Refrigerators table refreshed successfully
[2026-02-13T11:59:21.272+0000] {processor.py:842} WARNING - No viable dags retrieved from /opt/airflow/dags/scripts/loaders/load_refrigerators.py
[2026-02-13T11:59:21.307+0000] {processor.py:183} INFO - Processing /opt/airflow/dags/scripts/loaders/load_refrigerators.py took 1.078 seconds
[2026-02-13T11:59:52.168+0000] {processor.py:161} INFO - Started process (PID=12848) to work on /opt/airflow/dags/scripts/loaders/load_refrigerators.py
[2026-02-13T11:59:52.185+0000] {processor.py:830} INFO - Processing file /opt/airflow/dags/scripts/loaders/load_refrigerators.py for tasks to queue
[2026-02-13T11:59:52.189+0000] {logging_mixin.py:188} INFO - [2026-02-13T11:59:52.188+0000] {dagbag.py:545} INFO - Filling up the DagBag from /opt/airflow/dags/scripts/loaders/load_refrigerators.py
[2026-02-13T11:59:53.526+0000] {logging_mixin.py:188} INFO - 🚀 Loading REFRIGERATORS data
[2026-02-13T11:59:54.219+0000] {logging_mixin.py:188} INFO - ✅ Refrigerators table refreshed successfully
[2026-02-13T11:59:54.221+0000] {processor.py:842} WARNING - No viable dags retrieved from /opt/airflow/dags/scripts/loaders/load_refrigerators.py
[2026-02-13T11:59:54.278+0000] {processor.py:183} INFO - Processing /opt/airflow/dags/scripts/loaders/load_refrigerators.py took 2.121 seconds
[2026-02-13T12:01:57.015+0000] {processor.py:161} INFO - Started process (PID=192) to work on /opt/airflow/dags/scripts/loaders/load_refrigerators.py
[2026-02-13T12:01:57.018+0000] {processor.py:830} INFO - Processing file /opt/airflow/dags/scripts/loaders/load_refrigerators.py for tasks to queue
[2026-02-13T12:01:57.023+0000] {logging_mixin.py:188} INFO - [2026-02-13T12:01:57.022+0000] {dagbag.py:545} INFO - Filling up the DagBag from /opt/airflow/dags/scripts/loaders/load_refrigerators.py
[2026-02-13T12:01:57.605+0000] {logging_mixin.py:188} INFO - 🚀 Loading REFRIGERATORS data
[2026-02-13T12:01:58.025+0000] {logging_mixin.py:188} INFO - [2026-02-13T12:01:57.811+0000] {dagbag.py:355} ERROR - Failed to import: /opt/airflow/dags/scripts/loaders/load_refrigerators.py
Traceback (most recent call last):
  File "/home/airflow/.local/lib/python3.12/site-packages/sqlalchemy/engine/base.py", line 1910, in _execute_context
    self.dialect.do_execute(
  File "/home/airflow/.local/lib/python3.12/site-packages/sqlalchemy/engine/default.py", line 736, in do_execute
    cursor.execute(statement, parameters)
psycopg2.errors.UniqueViolation: duplicate key value violates unique constraint "refrigerators_pkey"
DETAIL:  Key (product_id)=(215017) already exists.


The above exception was the direct cause of the following exception:

Traceback (most recent call last):
  File "/home/airflow/.local/lib/python3.12/site-packages/airflow/models/dagbag.py", line 351, in parse
    loader.exec_module(new_module)
  File "<frozen importlib._bootstrap_external>", line 995, in exec_module
  File "<frozen importlib._bootstrap>", line 488, in _call_with_frames_removed
  File "/opt/airflow/dags/scripts/loaders/load_refrigerators.py", line 38, in <module>
    df.to_sql(
  File "/home/airflow/.local/lib/python3.12/site-packages/pandas/util/_decorators.py", line 333, in wrapper
    return func(*args, **kwargs)
           ^^^^^^^^^^^^^^^^^^^^^
  File "/home/airflow/.local/lib/python3.12/site-packages/pandas/core/generic.py", line 3008, in to_sql
    return sql.to_sql(
           ^^^^^^^^^^^
  File "/home/airflow/.local/lib/python3.12/site-packages/pandas/io/sql.py", line 788, in to_sql
    return pandas_sql.to_sql(
           ^^^^^^^^^^^^^^^^^^
  File "/home/airflow/.local/lib/python3.12/site-packages/pandas/io/sql.py", line 1958, in to_sql
    total_inserted = sql_engine.insert_records(
                     ^^^^^^^^^^^^^^^^^^^^^^^^^^
  File "/home/airflow/.local/lib/python3.12/site-packages/pandas/io/sql.py", line 1507, in insert_records
    raise err
  File "/home/airflow/.local/lib/python3.12/site-packages/pandas/io/sql.py", line 1498, in insert_records
    return table.insert(chunksize=chunksize, method=method)
           ^^^^^^^^^^^^^^^^^^^^^^^^^^^^^^^^^^^^^^^^^^^^^^^^
  File "/home/airflow/.local/lib/python3.12/site-packages/pandas/io/sql.py", line 1059, in insert
    num_inserted = exec_insert(conn, keys, chunk_iter)
                   ^^^^^^^^^^^^^^^^^^^^^^^^^^^^^^^^^^^
  File "/home/airflow/.local/lib/python3.12/site-packages/pandas/io/sql.py", line 967, in _execute_insert_multi
    result = conn.execute(stmt)
             ^^^^^^^^^^^^^^^^^^
  File "/home/airflow/.local/lib/python3.12/site-packages/sqlalchemy/engine/base.py", line 1385, in execute
    return meth(self, multiparams, params, _EMPTY_EXECUTION_OPTS)
           ^^^^^^^^^^^^^^^^^^^^^^^^^^^^^^^^^^^^^^^^^^^^^^^^^^^^^^
  File "/home/airflow/.local/lib/python3.12/site-packages/sqlalchemy/sql/elements.py", line 334, in _execute_on_connection
    return connection._execute_clauseelement(
           ^^^^^^^^^^^^^^^^^^^^^^^^^^^^^^^^^^
  File "/home/airflow/.local/lib/python3.12/site-packages/sqlalchemy/engine/base.py", line 1577, in _execute_clauseelement
    ret = self._execute_context(
          ^^^^^^^^^^^^^^^^^^^^^^
  File "/home/airflow/.local/lib/python3.12/site-packages/sqlalchemy/engine/base.py", line 1953, in _execute_context
    self._handle_dbapi_exception(
  File "/home/airflow/.local/lib/python3.12/site-packages/sqlalchemy/engine/base.py", line 2134, in _handle_dbapi_exception
    util.raise_(
  File "/home/airflow/.local/lib/python3.12/site-packages/sqlalchemy/util/compat.py", line 211, in raise_
    raise exception
  File "/home/airflow/.local/lib/python3.12/site-packages/sqlalchemy/engine/base.py", line 1910, in _execute_context
    self.dialect.do_execute(
  File "/home/airflow/.local/lib/python3.12/site-packages/sqlalchemy/engine/default.py", line 736, in do_execute
    cursor.execute(statement, parameters)
sqlalchemy.exc.IntegrityError: (psycopg2.errors.UniqueViolation) duplicate key value violates unique constraint "refrigerators_pkey"
DETAIL:  Key (product_id)=(215017) already exists.

[SQL: INSERT INTO refrigerators (scrape_timestamp, product_id, brand, price, mrp, availability, product_url, image_url, rating, discount, main_category, sub_category, capacity_litres, star_rating, model_name, category) VALUES (%(scrape_timestamp_m0)s, %(product_id_m0)s, %(brand_m0)s, %(price_m0)s, %(mrp_m0)s, %(availability_m0)s, %(product_url_m0)s, %(image_url_m0)s, %(rating_m0)s, %(discount_m0)s, %(main_category_m0)s, %(sub_category_m0)s, %(capacity_litres_m0)s, %(star_rating_m0)s, %(model_name_m0)s, %(category_m0)s), (%(scrape_timestamp_m1)s, %(product_id_m1)s, %(brand_m1)s, %(price_m1)s, %(mrp_m1)s, %(availability_m1)s, %(product_url_m1)s, %(image_url_m1)s, %(rating_m1)s, %(discount_m1)s, %(main_category_m1)s, %(sub_category_m1)s, %(capacity_litres_m1)s, %(star_rating_m1)s, %(model_name_m1)s, %(category_m1)s), (%(scrape_timestamp_m2)s, %(product_id_m2)s, %(brand_m2)s, %(price_m2)s, %(mrp_m2)s, %(availability_m2)s, %(product_url_m2)s, %(image_url_m2)s, %(rating_m2)s, %(discount_m2)s, %(main_category_m2)s, %(sub_category_m2)s, %(capacity_litres_m2)s, %(star_rating_m2)s, %(model_name_m2)s, %(category_m2)s), (%(scrape_timestamp_m3)s, %(product_id_m3)s, %(brand_m3)s, %(price_m3)s, %(mrp_m3)s, %(availability_m3)s, %(product_url_m3)s, %(image_url_m3)s, %(rating_m3)s, %(discount_m3)s, %(main_category_m3)s, %(sub_category_m3)s, %(capacity_litres_m3)s, %(star_rating_m3)s, %(model_name_m3)s, %(category_m3)s), (%(scrape_timestamp_m4)s, %(product_id_m4)s, %(brand_m4)s, %(price_m4)s, %(mrp_m4)s, %(availability_m4)s, %(product_url_m4)s, %(image_url_m4)s, %(rating_m4)s, %(discount_m4)s, %(main_category_m4)s, %(sub_category_m4)s, %(capacity_litres_m4)s, %(star_rating_m4)s, %(model_name_m4)s, %(category_m4)s), (%(scrape_timestamp_m5)s, %(product_id_m5)s, %(brand_m5)s, %(price_m5)s, %(mrp_m5)s, %(availability_m5)s, %(product_url_m5)s, %(image_url_m5)s, %(rating_m5)s, %(discount_m5)s, %(main_category_m5)s, %(sub_category_m5)s, %(capacity_litres_m5)s, %(star_rating_m5)s, %(model_name_m5)s, %(category_m5)s), (%(scrape_timestamp_m6)s, %(product_id_m6)s, %(brand_m6)s, %(price_m6)s, %(mrp_m6)s, %(availability_m6)s, %(product_url_m6)s, %(image_url_m6)s, %(rating_m6)s, %(discount_m6)s, %(main_category_m6)s, %(sub_category_m6)s, %(capacity_litres_m6)s, %(star_rating_m6)s, %(model_name_m6)s, %(category_m6)s), (%(scrape_timestamp_m7)s, %(product_id_m7)s, %(brand_m7)s, %(price_m7)s, %(mrp_m7)s, %(availability_m7)s, %(product_url_m7)s, %(image_url_m7)s, %(rating_m7)s, %(discount_m7)s, %(main_category_m7)s, %(sub_category_m7)s, %(capacity_litres_m7)s, %(star_rating_m7)s, %(model_name_m7)s, %(category_m7)s), (%(scrape_timestamp_m8)s, %(product_id_m8)s, %(brand_m8)s, %(price_m8)s, %(mrp_m8)s, %(availability_m8)s, %(product_url_m8)s, %(image_url_m8)s, %(rating_m8)s, %(discount_m8)s, %(main_category_m8)s, %(sub_category_m8)s, %(capacity_litres_m8)s, %(star_rating_m8)s, %(model_name_m8)s, %(category_m8)s), (%(scrape_timestamp_m9)s, %(product_id_m9)s, %(brand_m9)s, %(price_m9)s, %(mrp_m9)s, %(availability_m9)s, %(product_url_m9)s, %(image_url_m9)s, %(rating_m9)s, %(discount_m9)s, %(main_category_m9)s, %(sub_category_m9)s, %(capacity_litres_m9)s, %(star_rating_m9)s, %(model_name_m9)s, %(category_m9)s), (%(scrape_timestamp_m10)s, %(product_id_m10)s, %(brand_m10)s, %(price_m10)s, %(mrp_m10)s, %(availability_m10)s, %(product_url_m10)s, %(image_url_m10)s, %(rating_m10)s, %(discount_m10)s, %(main_category_m10)s, %(sub_category_m10)s, %(capacity_litres_m10)s, %(star_rating_m10)s, %(model_name_m10)s, %(category_m10)s), (%(scrape_timestamp_m11)s, %(product_id_m11)s, %(brand_m11)s, %(price_m11)s, %(mrp_m11)s, %(availability_m11)s, %(product_url_m11)s, %(image_url_m11)s, %(rating_m11)s, %(discount_m11)s, %(main_category_m11)s, %(sub_category_m11)s, %(capacity_litres_m11)s, %(star_rating_m11)s, %(model_name_m11)s, %(category_m11)s), (%(scrape_timestamp_m12)s, %(product_id_m12)s, %(brand_m12)s, %(price_m12)s, %(mrp_m12)s, %(availability_m12)s, %(product_url_m12)s, %(image_url_m12)s, %(rating_m12)s, %(discount_m12)s, %(main_category_m12)s, %(sub_category_m12)s, %(capacity_litres_m12)s, %(star_rating_m12)s, %(model_name_m12)s, %(category_m12)s), (%(scrape_timestamp_m13)s, %(product_id_m13)s, %(brand_m13)s, %(price_m13)s, %(mrp_m13)s, %(availability_m13)s, %(product_url_m13)s, %(image_url_m13)s, %(rating_m13)s, %(discount_m13)s, %(main_category_m13)s, %(sub_category_m13)s, %(capacity_litres_m13)s, %(star_rating_m13)s, %(model_name_m13)s, %(category_m13)s), (%(scrape_timestamp_m14)s, %(product_id_m14)s, %(brand_m14)s, %(price_m14)s, %(mrp_m14)s, %(availability_m14)s, %(product_url_m14)s, %(image_url_m14)s, %(rating_m14)s, %(discount_m14)s, %(main_category_m14)s, %(sub_category_m14)s, %(capacity_litres_m14)s, %(star_rating_m14)s, %(model_name_m14)s, %(category_m14)s), (%(scrape_timestamp_m15)s, %(product_id_m15)s, %(brand_m15)s, %(price_m15)s, %(mrp_m15)s, %(availability_m15)s, %(product_url_m15)s, %(image_url_m15)s, %(rating_m15)s, %(discount_m15)s, %(main_category_m15)s, %(sub_category_m15)s, %(capacity_litres_m15)s, %(star_rating_m15)s, %(model_name_m15)s, %(category_m15)s), (%(scrape_timestamp_m16)s, %(product_id_m16)s, %(brand_m16)s, %(price_m16)s, %(mrp_m16)s, %(availability_m16)s, %(product_url_m16)s, %(image_url_m16)s, %(rating_m16)s, %(discount_m16)s, %(main_category_m16)s, %(sub_category_m16)s, %(capacity_litres_m16)s, %(star_rating_m16)s, %(model_name_m16)s, %(category_m16)s), (%(scrape_timestamp_m17)s, %(product_id_m17)s, %(brand_m17)s, %(price_m17)s, %(mrp_m17)s, %(availability_m17)s, %(product_url_m17)s, %(image_url_m17)s, %(rating_m17)s, %(discount_m17)s, %(main_category_m17)s, %(sub_category_m17)s, %(capacity_litres_m17)s, %(star_rating_m17)s, %(model_name_m17)s, %(category_m17)s), (%(scrape_timestamp_m18)s, %(product_id_m18)s, %(brand_m18)s, %(price_m18)s, %(mrp_m18)s, %(availability_m18)s, %(product_url_m18)s, %(image_url_m18)s, %(rating_m18)s, %(discount_m18)s, %(main_category_m18)s, %(sub_category_m18)s, %(capacity_litres_m18)s, %(star_rating_m18)s, %(model_name_m18)s, %(category_m18)s), (%(scrape_timestamp_m19)s, %(product_id_m19)s, %(brand_m19)s, %(price_m19)s, %(mrp_m19)s, %(availability_m19)s, %(product_url_m19)s, %(image_url_m19)s, %(rating_m19)s, %(discount_m19)s, %(main_category_m19)s, %(sub_category_m19)s, %(capacity_litres_m19)s, %(star_rating_m19)s, %(model_name_m19)s, %(category_m19)s), (%(scrape_timestamp_m20)s, %(product_id_m20)s, %(brand_m20)s, %(price_m20)s, %(mrp_m20)s, %(availability_m20)s, %(product_url_m20)s, %(image_url_m20)s, %(rating_m20)s, %(discount_m20)s, %(main_category_m20)s, %(sub_category_m20)s, %(capacity_litres_m20)s, %(star_rating_m20)s, %(model_name_m20)s, %(category_m20)s), (%(scrape_timestamp_m21)s, %(product_id_m21)s, %(brand_m21)s, %(price_m21)s, %(mrp_m21)s, %(availability_m21)s, %(product_url_m21)s, %(image_url_m21)s, %(rating_m21)s, %(discount_m21)s, %(main_category_m21)s, %(sub_category_m21)s, %(capacity_litres_m21)s, %(star_rating_m21)s, %(model_name_m21)s, %(category_m21)s), (%(scrape_timestamp_m22)s, %(product_id_m22)s, %(brand_m22)s, %(price_m22)s, %(mrp_m22)s, %(availability_m22)s, %(product_url_m22)s, %(image_url_m22)s, %(rating_m22)s, %(discount_m22)s, %(main_category_m22)s, %(sub_category_m22)s, %(capacity_litres_m22)s, %(star_rating_m22)s, %(model_name_m22)s, %(category_m22)s), (%(scrape_timestamp_m23)s, %(product_id_m23)s, %(brand_m23)s, %(price_m23)s, %(mrp_m23)s, %(availability_m23)s, %(product_url_m23)s, %(image_url_m23)s, %(rating_m23)s, %(discount_m23)s, %(main_category_m23)s, %(sub_category_m23)s, %(capacity_litres_m23)s, %(star_rating_m23)s, %(model_name_m23)s, %(category_m23)s), (%(scrape_timestamp_m24)s, %(product_id_m24)s, %(brand_m24)s, %(price_m24)s, %(mrp_m24)s, %(availability_m24)s, %(product_url_m24)s, %(image_url_m24)s, %(rating_m24)s, %(discount_m24)s, %(main_category_m24)s, %(sub_category_m24)s, %(capacity_litres_m24)s, %(star_rating_m24)s, %(model_name_m24)s, %(category_m24)s), (%(scrape_timestamp_m25)s, %(product_id_m25)s, %(brand_m25)s, %(price_m25)s, %(mrp_m25)s, %(availability_m25)s, %(product_url_m25)s, %(image_url_m25)s, %(rating_m25)s, %(discount_m25)s, %(main_category_m25)s, %(sub_category_m25)s, %(capacity_litres_m25)s, %(star_rating_m25)s, %(model_name_m25)s, %(category_m25)s), (%(scrape_timestamp_m26)s, %(product_id_m26)s, %(brand_m26)s, %(price_m26)s, %(mrp_m26)s, %(availability_m26)s, %(product_url_m26)s, %(image_url_m26)s, %(rating_m26)s, %(discount_m26)s, %(main_category_m26)s, %(sub_category_m26)s, %(capacity_litres_m26)s, %(star_rating_m26)s, %(model_name_m26)s, %(category_m26)s), (%(scrape_timestamp_m27)s, %(product_id_m27)s, %(brand_m27)s, %(price_m27)s, %(mrp_m27)s, %(availability_m27)s, %(product_url_m27)s, %(image_url_m27)s, %(rating_m27)s, %(discount_m27)s, %(main_category_m27)s, %(sub_category_m27)s, %(capacity_litres_m27)s, %(star_rating_m27)s, %(model_name_m27)s, %(category_m27)s), (%(scrape_timestamp_m28)s, %(product_id_m28)s, %(brand_m28)s, %(price_m28)s, %(mrp_m28)s, %(availability_m28)s, %(product_url_m28)s, %(image_url_m28)s, %(rating_m28)s, %(discount_m28)s, %(main_category_m28)s, %(sub_category_m28)s, %(capacity_litres_m28)s, %(star_rating_m28)s, %(model_name_m28)s, %(category_m28)s), (%(scrape_timestamp_m29)s, %(product_id_m29)s, %(brand_m29)s, %(price_m29)s, %(mrp_m29)s, %(availability_m29)s, %(product_url_m29)s, %(image_url_m29)s, %(rating_m29)s, %(discount_m29)s, %(main_category_m29)s, %(sub_category_m29)s, %(capacity_litres_m29)s, %(star_rating_m29)s, %(model_name_m29)s, %(category_m29)s), (%(scrape_timestamp_m30)s, %(product_id_m30)s, %(brand_m30)s, %(price_m30)s, %(mrp_m30)s, %(availability_m30)s, %(product_url_m30)s, %(image_url_m30)s, %(rating_m30)s, %(discount_m30)s, %(main_category_m30)s, %(sub_category_m30)s, %(capacity_litres_m30)s, %(star_rating_m30)s, %(model_name_m30)s, %(category_m30)s), (%(scrape_timestamp_m31)s, %(product_id_m31)s, %(brand_m31)s, %(price_m31)s, %(mrp_m31)s, %(availability_m31)s, %(product_url_m31)s, %(image_url_m31)s, %(rating_m31)s, %(discount_m31)s, %(main_category_m31)s, %(sub_category_m31)s, %(capacity_litres_m31)s, %(star_rating_m31)s, %(model_name_m31)s, %(category_m31)s), (%(scrape_timestamp_m32)s, %(product_id_m32)s, %(brand_m32)s, %(price_m32)s, %(mrp_m32)s, %(availability_m32)s, %(product_url_m32)s, %(image_url_m32)s, %(rating_m32)s, %(discount_m32)s, %(main_category_m32)s, %(sub_category_m32)s, %(capacity_litres_m32)s, %(star_rating_m32)s, %(model_name_m32)s, %(category_m32)s), (%(scrape_timestamp_m33)s, %(product_id_m33)s, %(brand_m33)s, %(price_m33)s, %(mrp_m33)s, %(availability_m33)s, %(product_url_m33)s, %(image_url_m33)s, %(rating_m33)s, %(discount_m33)s, %(main_category_m33)s, %(sub_category_m33)s, %(capacity_litres_m33)s, %(star_rating_m33)s, %(model_name_m33)s, %(category_m33)s), (%(scrape_timestamp_m34)s, %(product_id_m34)s, %(brand_m34)s, %(price_m34)s, %(mrp_m34)s, %(availability_m34)s, %(product_url_m34)s, %(image_url_m34)s, %(rating_m34)s, %(discount_m34)s, %(main_category_m34)s, %(sub_category_m34)s, %(capacity_litres_m34)s, %(star_rating_m34)s, %(model_name_m34)s, %(category_m34)s), (%(scrape_timestamp_m35)s, %(product_id_m35)s, %(brand_m35)s, %(price_m35)s, %(mrp_m35)s, %(availability_m35)s, %(product_url_m35)s, %(image_url_m35)s, %(rating_m35)s, %(discount_m35)s, %(main_category_m35)s, %(sub_category_m35)s, %(capacity_litres_m35)s, %(star_rating_m35)s, %(model_name_m35)s, %(category_m35)s), (%(scrape_timestamp_m36)s, %(product_id_m36)s, %(brand_m36)s, %(price_m36)s, %(mrp_m36)s, %(availability_m36)s, %(product_url_m36)s, %(image_url_m36)s, %(rating_m36)s, %(discount_m36)s, %(main_category_m36)s, %(sub_category_m36)s, %(capacity_litres_m36)s, %(star_rating_m36)s, %(model_name_m36)s, %(category_m36)s), (%(scrape_timestamp_m37)s, %(product_id_m37)s, %(brand_m37)s, %(price_m37)s, %(mrp_m37)s, %(availability_m37)s, %(product_url_m37)s, %(image_url_m37)s, %(rating_m37)s, %(discount_m37)s, %(main_category_m37)s, %(sub_category_m37)s, %(capacity_litres_m37)s, %(star_rating_m37)s, %(model_name_m37)s, %(category_m37)s), (%(scrape_timestamp_m38)s, %(product_id_m38)s, %(brand_m38)s, %(price_m38)s, %(mrp_m38)s, %(availability_m38)s, %(product_url_m38)s, %(image_url_m38)s, %(rating_m38)s, %(discount_m38)s, %(main_category_m38)s, %(sub_category_m38)s, %(capacity_litres_m38)s, %(star_rating_m38)s, %(model_name_m38)s, %(category_m38)s), (%(scrape_timestamp_m39)s, %(product_id_m39)s, %(brand_m39)s, %(price_m39)s, %(mrp_m39)s, %(availability_m39)s, %(product_url_m39)s, %(image_url_m39)s, %(rating_m39)s, %(discount_m39)s, %(main_category_m39)s, %(sub_category_m39)s, %(capacity_litres_m39)s, %(star_rating_m39)s, %(model_name_m39)s, %(category_m39)s), (%(scrape_timestamp_m40)s, %(product_id_m40)s, %(brand_m40)s, %(price_m40)s, %(mrp_m40)s, %(availability_m40)s, %(product_url_m40)s, %(image_url_m40)s, %(rating_m40)s, %(discount_m40)s, %(main_category_m40)s, %(sub_category_m40)s, %(capacity_litres_m40)s, %(star_rating_m40)s, %(model_name_m40)s, %(category_m40)s), (%(scrape_timestamp_m41)s, %(product_id_m41)s, %(brand_m41)s, %(price_m41)s, %(mrp_m41)s, %(availability_m41)s, %(product_url_m41)s, %(image_url_m41)s, %(rating_m41)s, %(discount_m41)s, %(main_category_m41)s, %(sub_category_m41)s, %(capacity_litres_m41)s, %(star_rating_m41)s, %(model_name_m41)s, %(category_m41)s), (%(scrape_timestamp_m42)s, %(product_id_m42)s, %(brand_m42)s, %(price_m42)s, %(mrp_m42)s, %(availability_m42)s, %(product_url_m42)s, %(image_url_m42)s, %(rating_m42)s, %(discount_m42)s, %(main_category_m42)s, %(sub_category_m42)s, %(capacity_litres_m42)s, %(star_rating_m42)s, %(model_name_m42)s, %(category_m42)s), (%(scrape_timestamp_m43)s, %(product_id_m43)s, %(brand_m43)s, %(price_m43)s, %(mrp_m43)s, %(availability_m43)s, %(product_url_m43)s, %(image_url_m43)s, %(rating_m43)s, %(discount_m43)s, %(main_category_m43)s, %(sub_category_m43)s, %(capacity_litres_m43)s, %(star_rating_m43)s, %(model_name_m43)s, %(category_m43)s), (%(scrape_timestamp_m44)s, %(product_id_m44)s, %(brand_m44)s, %(price_m44)s, %(mrp_m44)s, %(availability_m44)s, %(product_url_m44)s, %(image_url_m44)s, %(rating_m44)s, %(discount_m44)s, %(main_category_m44)s, %(sub_category_m44)s, %(capacity_litres_m44)s, %(star_rating_m44)s, %(model_name_m44)s, %(category_m44)s), (%(scrape_timestamp_m45)s, %(product_id_m45)s, %(brand_m45)s, %(price_m45)s, %(mrp_m45)s, %(availability_m45)s, %(product_url_m45)s, %(image_url_m45)s, %(rating_m45)s, %(discount_m45)s, %(main_category_m45)s, %(sub_category_m45)s, %(capacity_litres_m45)s, %(star_rating_m45)s, %(model_name_m45)s, %(category_m45)s), (%(scrape_timestamp_m46)s, %(product_id_m46)s, %(brand_m46)s, %(price_m46)s, %(mrp_m46)s, %(availability_m46)s, %(product_url_m46)s, %(image_url_m46)s, %(rating_m46)s, %(discount_m46)s, %(main_category_m46)s, %(sub_category_m46)s, %(capacity_litres_m46)s, %(star_rating_m46)s, %(model_name_m46)s, %(category_m46)s), (%(scrape_timestamp_m47)s, %(product_id_m47)s, %(brand_m47)s, %(price_m47)s, %(mrp_m47)s, %(availability_m47)s, %(product_url_m47)s, %(image_url_m47)s, %(rating_m47)s, %(discount_m47)s, %(main_category_m47)s, %(sub_category_m47)s, %(capacity_litres_m47)s, %(star_rating_m47)s, %(model_name_m47)s, %(category_m47)s), (%(scrape_timestamp_m48)s, %(product_id_m48)s, %(brand_m48)s, %(price_m48)s, %(mrp_m48)s, %(availability_m48)s, %(product_url_m48)s, %(image_url_m48)s, %(rating_m48)s, %(discount_m48)s, %(main_category_m48)s, %(sub_category_m48)s, %(capacity_litres_m48)s, %(star_rating_m48)s, %(model_name_m48)s, %(category_m48)s), (%(scrape_timestamp_m49)s, %(product_id_m49)s, %(brand_m49)s, %(price_m49)s, %(mrp_m49)s, %(availability_m49)s, %(product_url_m49)s, %(image_url_m49)s, %(rating_m49)s, %(discount_m49)s, %(main_category_m49)s, %(sub_category_m49)s, %(capacity_litres_m49)s, %(star_rating_m49)s, %(model_name_m49)s, %(category_m49)s), (%(scrape_timestamp_m50)s, %(product_id_m50)s, %(brand_m50)s, %(price_m50)s, %(mrp_m50)s, %(availability_m50)s, %(product_url_m50)s, %(image_url_m50)s, %(rating_m50)s, %(discount_m50)s, %(main_category_m50)s, %(sub_category_m50)s, %(capacity_litres_m50)s, %(star_rating_m50)s, %(model_name_m50)s, %(category_m50)s), (%(scrape_timestamp_m51)s, %(product_id_m51)s, %(brand_m51)s, %(price_m51)s, %(mrp_m51)s, %(availability_m51)s, %(product_url_m51)s, %(image_url_m51)s, %(rating_m51)s, %(discount_m51)s, %(main_category_m51)s, %(sub_category_m51)s, %(capacity_litres_m51)s, %(star_rating_m51)s, %(model_name_m51)s, %(category_m51)s), (%(scrape_timestamp_m52)s, %(product_id_m52)s, %(brand_m52)s, %(price_m52)s, %(mrp_m52)s, %(availability_m52)s, %(product_url_m52)s, %(image_url_m52)s, %(rating_m52)s, %(discount_m52)s, %(main_category_m52)s, %(sub_category_m52)s, %(capacity_litres_m52)s, %(star_rating_m52)s, %(model_name_m52)s, %(category_m52)s), (%(scrape_timestamp_m53)s, %(product_id_m53)s, %(brand_m53)s, %(price_m53)s, %(mrp_m53)s, %(availability_m53)s, %(product_url_m53)s, %(image_url_m53)s, %(rating_m53)s, %(discount_m53)s, %(main_category_m53)s, %(sub_category_m53)s, %(capacity_litres_m53)s, %(star_rating_m53)s, %(model_name_m53)s, %(category_m53)s), (%(scrape_timestamp_m54)s, %(product_id_m54)s, %(brand_m54)s, %(price_m54)s, %(mrp_m54)s, %(availability_m54)s, %(product_url_m54)s, %(image_url_m54)s, %(rating_m54)s, %(discount_m54)s, %(main_category_m54)s, %(sub_category_m54)s, %(capacity_litres_m54)s, %(star_rating_m54)s, %(model_name_m54)s, %(category_m54)s), (%(scrape_timestamp_m55)s, %(product_id_m55)s, %(brand_m55)s, %(price_m55)s, %(mrp_m55)s, %(availability_m55)s, %(product_url_m55)s, %(image_url_m55)s, %(rating_m55)s, %(discount_m55)s, %(main_category_m55)s, %(sub_category_m55)s, %(capacity_litres_m55)s, %(star_rating_m55)s, %(model_name_m55)s, %(category_m55)s), (%(scrape_timestamp_m56)s, %(product_id_m56)s, %(brand_m56)s, %(price_m56)s, %(mrp_m56)s, %(availability_m56)s, %(product_url_m56)s, %(image_url_m56)s, %(rating_m56)s, %(discount_m56)s, %(main_category_m56)s, %(sub_category_m56)s, %(capacity_litres_m56)s, %(star_rating_m56)s, %(model_name_m56)s, %(category_m56)s), (%(scrape_timestamp_m57)s, %(product_id_m57)s, %(brand_m57)s, %(price_m57)s, %(mrp_m57)s, %(availability_m57)s, %(product_url_m57)s, %(image_url_m57)s, %(rating_m57)s, %(discount_m57)s, %(main_category_m57)s, %(sub_category_m57)s, %(capacity_litres_m57)s, %(star_rating_m57)s, %(model_name_m57)s, %(category_m57)s), (%(scrape_timestamp_m58)s, %(product_id_m58)s, %(brand_m58)s, %(price_m58)s, %(mrp_m58)s, %(availability_m58)s, %(product_url_m58)s, %(image_url_m58)s, %(rating_m58)s, %(discount_m58)s, %(main_category_m58)s, %(sub_category_m58)s, %(capacity_litres_m58)s, %(star_rating_m58)s, %(model_name_m58)s, %(category_m58)s), (%(scrape_timestamp_m59)s, %(product_id_m59)s, %(brand_m59)s, %(price_m59)s, %(mrp_m59)s, %(availability_m59)s, %(product_url_m59)s, %(image_url_m59)s, %(rating_m59)s, %(discount_m59)s, %(main_category_m59)s, %(sub_category_m59)s, %(capacity_litres_m59)s, %(star_rating_m59)s, %(model_name_m59)s, %(category_m59)s), (%(scrape_timestamp_m60)s, %(product_id_m60)s, %(brand_m60)s, %(price_m60)s, %(mrp_m60)s, %(availability_m60)s, %(product_url_m60)s, %(image_url_m60)s, %(rating_m60)s, %(discount_m60)s, %(main_category_m60)s, %(sub_category_m60)s, %(capacity_litres_m60)s, %(star_rating_m60)s, %(model_name_m60)s, %(category_m60)s), (%(scrape_timestamp_m61)s, %(product_id_m61)s, %(brand_m61)s, %(price_m61)s, %(mrp_m61)s, %(availability_m61)s, %(product_url_m61)s, %(image_url_m61)s, %(rating_m61)s, %(discount_m61)s, %(main_category_m61)s, %(sub_category_m61)s, %(capacity_litres_m61)s, %(star_rating_m61)s, %(model_name_m61)s, %(category_m61)s), (%(scrape_timestamp_m62)s, %(product_id_m62)s, %(brand_m62)s, %(price_m62)s, %(mrp_m62)s, %(availability_m62)s, %(product_url_m62)s, %(image_url_m62)s, %(rating_m62)s, %(discount_m62)s, %(main_category_m62)s, %(sub_category_m62)s, %(capacity_litres_m62)s, %(star_rating_m62)s, %(model_name_m62)s, %(category_m62)s), (%(scrape_timestamp_m63)s, %(product_id_m63)s, %(brand_m63)s, %(price_m63)s, %(mrp_m63)s, %(availability_m63)s, %(product_url_m63)s, %(image_url_m63)s, %(rating_m63)s, %(discount_m63)s, %(main_category_m63)s, %(sub_category_m63)s, %(capacity_litres_m63)s, %(star_rating_m63)s, %(model_name_m63)s, %(category_m63)s), (%(scrape_timestamp_m64)s, %(product_id_m64)s, %(brand_m64)s, %(price_m64)s, %(mrp_m64)s, %(availability_m64)s, %(product_url_m64)s, %(image_url_m64)s, %(rating_m64)s, %(discount_m64)s, %(main_category_m64)s, %(sub_category_m64)s, %(capacity_litres_m64)s, %(star_rating_m64)s, %(model_name_m64)s, %(category_m64)s), (%(scrape_timestamp_m65)s, %(product_id_m65)s, %(brand_m65)s, %(price_m65)s, %(mrp_m65)s, %(availability_m65)s, %(product_url_m65)s, %(image_url_m65)s, %(rating_m65)s, %(discount_m65)s, %(main_category_m65)s, %(sub_category_m65)s, %(capacity_litres_m65)s, %(star_rating_m65)s, %(model_name_m65)s, %(category_m65)s), (%(scrape_timestamp_m66)s, %(product_id_m66)s, %(brand_m66)s, %(price_m66)s, %(mrp_m66)s, %(availability_m66)s, %(product_url_m66)s, %(image_url_m66)s, %(rating_m66)s, %(discount_m66)s, %(main_category_m66)s, %(sub_category_m66)s, %(capacity_litres_m66)s, %(star_rating_m66)s, %(model_name_m66)s, %(category_m66)s), (%(scrape_timestamp_m67)s, %(product_id_m67)s, %(brand_m67)s, %(price_m67)s, %(mrp_m67)s, %(availability_m67)s, %(product_url_m67)s, %(image_url_m67)s, %(rating_m67)s, %(discount_m67)s, %(main_category_m67)s, %(sub_category_m67)s, %(capacity_litres_m67)s, %(star_rating_m67)s, %(model_name_m67)s, %(category_m67)s), (%(scrape_timestamp_m68)s, %(product_id_m68)s, %(brand_m68)s, %(price_m68)s, %(mrp_m68)s, %(availability_m68)s, %(product_url_m68)s, %(image_url_m68)s, %(rating_m68)s, %(discount_m68)s, %(main_category_m68)s, %(sub_category_m68)s, %(capacity_litres_m68)s, %(star_rating_m68)s, %(model_name_m68)s, %(category_m68)s), (%(scrape_timestamp_m69)s, %(product_id_m69)s, %(brand_m69)s, %(price_m69)s, %(mrp_m69)s, %(availability_m69)s, %(product_url_m69)s, %(image_url_m69)s, %(rating_m69)s, %(discount_m69)s, %(main_category_m69)s, %(sub_category_m69)s, %(capacity_litres_m69)s, %(star_rating_m69)s, %(model_name_m69)s, %(category_m69)s), (%(scrape_timestamp_m70)s, %(product_id_m70)s, %(brand_m70)s, %(price_m70)s, %(mrp_m70)s, %(availability_m70)s, %(product_url_m70)s, %(image_url_m70)s, %(rating_m70)s, %(discount_m70)s, %(main_category_m70)s, %(sub_category_m70)s, %(capacity_litres_m70)s, %(star_rating_m70)s, %(model_name_m70)s, %(category_m70)s), (%(scrape_timestamp_m71)s, %(product_id_m71)s, %(brand_m71)s, %(price_m71)s, %(mrp_m71)s, %(availability_m71)s, %(product_url_m71)s, %(image_url_m71)s, %(rating_m71)s, %(discount_m71)s, %(main_category_m71)s, %(sub_category_m71)s, %(capacity_litres_m71)s, %(star_rating_m71)s, %(model_name_m71)s, %(category_m71)s), (%(scrape_timestamp_m72)s, %(product_id_m72)s, %(brand_m72)s, %(price_m72)s, %(mrp_m72)s, %(availability_m72)s, %(product_url_m72)s, %(image_url_m72)s, %(rating_m72)s, %(discount_m72)s, %(main_category_m72)s, %(sub_category_m72)s, %(capacity_litres_m72)s, %(star_rating_m72)s, %(model_name_m72)s, %(category_m72)s), (%(scrape_timestamp_m73)s, %(product_id_m73)s, %(brand_m73)s, %(price_m73)s, %(mrp_m73)s, %(availability_m73)s, %(product_url_m73)s, %(image_url_m73)s, %(rating_m73)s, %(discount_m73)s, %(main_category_m73)s, %(sub_category_m73)s, %(capacity_litres_m73)s, %(star_rating_m73)s, %(model_name_m73)s, %(category_m73)s), (%(scrape_timestamp_m74)s, %(product_id_m74)s, %(brand_m74)s, %(price_m74)s, %(mrp_m74)s, %(availability_m74)s, %(product_url_m74)s, %(image_url_m74)s, %(rating_m74)s, %(discount_m74)s, %(main_category_m74)s, %(sub_category_m74)s, %(capacity_litres_m74)s, %(star_rating_m74)s, %(model_name_m74)s, %(category_m74)s), (%(scrape_timestamp_m75)s, %(product_id_m75)s, %(brand_m75)s, %(price_m75)s, %(mrp_m75)s, %(availability_m75)s, %(product_url_m75)s, %(image_url_m75)s, %(rating_m75)s, %(discount_m75)s, %(main_category_m75)s, %(sub_category_m75)s, %(capacity_litres_m75)s, %(star_rating_m75)s, %(model_name_m75)s, %(category_m75)s), (%(scrape_timestamp_m76)s, %(product_id_m76)s, %(brand_m76)s, %(price_m76)s, %(mrp_m76)s, %(availability_m76)s, %(product_url_m76)s, %(image_url_m76)s, %(rating_m76)s, %(discount_m76)s, %(main_category_m76)s, %(sub_category_m76)s, %(capacity_litres_m76)s, %(star_rating_m76)s, %(model_name_m76)s, %(category_m76)s), (%(scrape_timestamp_m77)s, %(product_id_m77)s, %(brand_m77)s, %(price_m77)s, %(mrp_m77)s, %(availability_m77)s, %(product_url_m77)s, %(image_url_m77)s, %(rating_m77)s, %(discount_m77)s, %(main_category_m77)s, %(sub_category_m77)s, %(capacity_litres_m77)s, %(star_rating_m77)s, %(model_name_m77)s, %(category_m77)s), (%(scrape_timestamp_m78)s, %(product_id_m78)s, %(brand_m78)s, %(price_m78)s, %(mrp_m78)s, %(availability_m78)s, %(product_url_m78)s, %(image_url_m78)s, %(rating_m78)s, %(discount_m78)s, %(main_category_m78)s, %(sub_category_m78)s, %(capacity_litres_m78)s, %(star_rating_m78)s, %(model_name_m78)s, %(category_m78)s), (%(scrape_timestamp_m79)s, %(product_id_m79)s, %(brand_m79)s, %(price_m79)s, %(mrp_m79)s, %(availability_m79)s, %(product_url_m79)s, %(image_url_m79)s, %(rating_m79)s, %(discount_m79)s, %(main_category_m79)s, %(sub_category_m79)s, %(capacity_litres_m79)s, %(star_rating_m79)s, %(model_name_m79)s, %(category_m79)s), (%(scrape_timestamp_m80)s, %(product_id_m80)s, %(brand_m80)s, %(price_m80)s, %(mrp_m80)s, %(availability_m80)s, %(product_url_m80)s, %(image_url_m80)s, %(rating_m80)s, %(discount_m80)s, %(main_category_m80)s, %(sub_category_m80)s, %(capacity_litres_m80)s, %(star_rating_m80)s, %(model_name_m80)s, %(category_m80)s), (%(scrape_timestamp_m81)s, %(product_id_m81)s, %(brand_m81)s, %(price_m81)s, %(mrp_m81)s, %(availability_m81)s, %(product_url_m81)s, %(image_url_m81)s, %(rating_m81)s, %(discount_m81)s, %(main_category_m81)s, %(sub_category_m81)s, %(capacity_litres_m81)s, %(star_rating_m81)s, %(model_name_m81)s, %(category_m81)s), (%(scrape_timestamp_m82)s, %(product_id_m82)s, %(brand_m82)s, %(price_m82)s, %(mrp_m82)s, %(availability_m82)s, %(product_url_m82)s, %(image_url_m82)s, %(rating_m82)s, %(discount_m82)s, %(main_category_m82)s, %(sub_category_m82)s, %(capacity_litres_m82)s, %(star_rating_m82)s, %(model_name_m82)s, %(category_m82)s), (%(scrape_timestamp_m83)s, %(product_id_m83)s, %(brand_m83)s, %(price_m83)s, %(mrp_m83)s, %(availability_m83)s, %(product_url_m83)s, %(image_url_m83)s, %(rating_m83)s, %(discount_m83)s, %(main_category_m83)s, %(sub_category_m83)s, %(capacity_litres_m83)s, %(star_rating_m83)s, %(model_name_m83)s, %(category_m83)s), (%(scrape_timestamp_m84)s, %(product_id_m84)s, %(brand_m84)s, %(price_m84)s, %(mrp_m84)s, %(availability_m84)s, %(product_url_m84)s, %(image_url_m84)s, %(rating_m84)s, %(discount_m84)s, %(main_category_m84)s, %(sub_category_m84)s, %(capacity_litres_m84)s, %(star_rating_m84)s, %(model_name_m84)s, %(category_m84)s), (%(scrape_timestamp_m85)s, %(product_id_m85)s, %(brand_m85)s, %(price_m85)s, %(mrp_m85)s, %(availability_m85)s, %(product_url_m85)s, %(image_url_m85)s, %(rating_m85)s, %(discount_m85)s, %(main_category_m85)s, %(sub_category_m85)s, %(capacity_litres_m85)s, %(star_rating_m85)s, %(model_name_m85)s, %(category_m85)s), (%(scrape_timestamp_m86)s, %(product_id_m86)s, %(brand_m86)s, %(price_m86)s, %(mrp_m86)s, %(availability_m86)s, %(product_url_m86)s, %(image_url_m86)s, %(rating_m86)s, %(discount_m86)s, %(main_category_m86)s, %(sub_category_m86)s, %(capacity_litres_m86)s, %(star_rating_m86)s, %(model_name_m86)s, %(category_m86)s), (%(scrape_timestamp_m87)s, %(product_id_m87)s, %(brand_m87)s, %(price_m87)s, %(mrp_m87)s, %(availability_m87)s, %(product_url_m87)s, %(image_url_m87)s, %(rating_m87)s, %(discount_m87)s, %(main_category_m87)s, %(sub_category_m87)s, %(capacity_litres_m87)s, %(star_rating_m87)s, %(model_name_m87)s, %(category_m87)s), (%(scrape_timestamp_m88)s, %(product_id_m88)s, %(brand_m88)s, %(price_m88)s, %(mrp_m88)s, %(availability_m88)s, %(product_url_m88)s, %(image_url_m88)s, %(rating_m88)s, %(discount_m88)s, %(main_category_m88)s, %(sub_category_m88)s, %(capacity_litres_m88)s, %(star_rating_m88)s, %(model_name_m88)s, %(category_m88)s), (%(scrape_timestamp_m89)s, %(product_id_m89)s, %(brand_m89)s, %(price_m89)s, %(mrp_m89)s, %(availability_m89)s, %(product_url_m89)s, %(image_url_m89)s, %(rating_m89)s, %(discount_m89)s, %(main_category_m89)s, %(sub_category_m89)s, %(capacity_litres_m89)s, %(star_rating_m89)s, %(model_name_m89)s, %(category_m89)s), (%(scrape_timestamp_m90)s, %(product_id_m90)s, %(brand_m90)s, %(price_m90)s, %(mrp_m90)s, %(availability_m90)s, %(product_url_m90)s, %(image_url_m90)s, %(rating_m90)s, %(discount_m90)s, %(main_category_m90)s, %(sub_category_m90)s, %(capacity_litres_m90)s, %(star_rating_m90)s, %(model_name_m90)s, %(category_m90)s), (%(scrape_timestamp_m91)s, %(product_id_m91)s, %(brand_m91)s, %(price_m91)s, %(mrp_m91)s, %(availability_m91)s, %(product_url_m91)s, %(image_url_m91)s, %(rating_m91)s, %(discount_m91)s, %(main_category_m91)s, %(sub_category_m91)s, %(capacity_litres_m91)s, %(star_rating_m91)s, %(model_name_m91)s, %(category_m91)s), (%(scrape_timestamp_m92)s, %(product_id_m92)s, %(brand_m92)s, %(price_m92)s, %(mrp_m92)s, %(availability_m92)s, %(product_url_m92)s, %(image_url_m92)s, %(rating_m92)s, %(discount_m92)s, %(main_category_m92)s, %(sub_category_m92)s, %(capacity_litres_m92)s, %(star_rating_m92)s, %(model_name_m92)s, %(category_m92)s), (%(scrape_timestamp_m93)s, %(product_id_m93)s, %(brand_m93)s, %(price_m93)s, %(mrp_m93)s, %(availability_m93)s, %(product_url_m93)s, %(image_url_m93)s, %(rating_m93)s, %(discount_m93)s, %(main_category_m93)s, %(sub_category_m93)s, %(capacity_litres_m93)s, %(star_rating_m93)s, %(model_name_m93)s, %(category_m93)s), (%(scrape_timestamp_m94)s, %(product_id_m94)s, %(brand_m94)s, %(price_m94)s, %(mrp_m94)s, %(availability_m94)s, %(product_url_m94)s, %(image_url_m94)s, %(rating_m94)s, %(discount_m94)s, %(main_category_m94)s, %(sub_category_m94)s, %(capacity_litres_m94)s, %(star_rating_m94)s, %(model_name_m94)s, %(category_m94)s), (%(scrape_timestamp_m95)s, %(product_id_m95)s, %(brand_m95)s, %(price_m95)s, %(mrp_m95)s, %(availability_m95)s, %(product_url_m95)s, %(image_url_m95)s, %(rating_m95)s, %(discount_m95)s, %(main_category_m95)s, %(sub_category_m95)s, %(capacity_litres_m95)s, %(star_rating_m95)s, %(model_name_m95)s, %(category_m95)s), (%(scrape_timestamp_m96)s, %(product_id_m96)s, %(brand_m96)s, %(price_m96)s, %(mrp_m96)s, %(availability_m96)s, %(product_url_m96)s, %(image_url_m96)s, %(rating_m96)s, %(discount_m96)s, %(main_category_m96)s, %(sub_category_m96)s, %(capacity_litres_m96)s, %(star_rating_m96)s, %(model_name_m96)s, %(category_m96)s), (%(scrape_timestamp_m97)s, %(product_id_m97)s, %(brand_m97)s, %(price_m97)s, %(mrp_m97)s, %(availability_m97)s, %(product_url_m97)s, %(image_url_m97)s, %(rating_m97)s, %(discount_m97)s, %(main_category_m97)s, %(sub_category_m97)s, %(capacity_litres_m97)s, %(star_rating_m97)s, %(model_name_m97)s, %(category_m97)s), (%(scrape_timestamp_m98)s, %(product_id_m98)s, %(brand_m98)s, %(price_m98)s, %(mrp_m98)s, %(availability_m98)s, %(product_url_m98)s, %(image_url_m98)s, %(rating_m98)s, %(discount_m98)s, %(main_category_m98)s, %(sub_category_m98)s, %(capacity_litres_m98)s, %(star_rating_m98)s, %(model_name_m98)s, %(category_m98)s), (%(scrape_timestamp_m99)s, %(product_id_m99)s, %(brand_m99)s, %(price_m99)s, %(mrp_m99)s, %(availability_m99)s, %(product_url_m99)s, %(image_url_m99)s, %(rating_m99)s, %(discount_m99)s, %(main_category_m99)s, %(sub_category_m99)s, %(capacity_litres_m99)s, %(star_rating_m99)s, %(model_name_m99)s, %(category_m99)s), (%(scrape_timestamp_m100)s, %(product_id_m100)s, %(brand_m100)s, %(price_m100)s, %(mrp_m100)s, %(availability_m100)s, %(product_url_m100)s, %(image_url_m100)s, %(rating_m100)s, %(discount_m100)s, %(main_category_m100)s, %(sub_category_m100)s, %(capacity_litres_m100)s, %(star_rating_m100)s, %(model_name_m100)s, %(category_m100)s), (%(scrape_timestamp_m101)s, %(product_id_m101)s, %(brand_m101)s, %(price_m101)s, %(mrp_m101)s, %(availability_m101)s, %(product_url_m101)s, %(image_url_m101)s, %(rating_m101)s, %(discount_m101)s, %(main_category_m101)s, %(sub_category_m101)s, %(capacity_litres_m101)s, %(star_rating_m101)s, %(model_name_m101)s, %(category_m101)s), (%(scrape_timestamp_m102)s, %(product_id_m102)s, %(brand_m102)s, %(price_m102)s, %(mrp_m102)s, %(availability_m102)s, %(product_url_m102)s, %(image_url_m102)s, %(rating_m102)s, %(discount_m102)s, %(main_category_m102)s, %(sub_category_m102)s, %(capacity_litres_m102)s, %(star_rating_m102)s, %(model_name_m102)s, %(category_m102)s), (%(scrape_timestamp_m103)s, %(product_id_m103)s, %(brand_m103)s, %(price_m103)s, %(mrp_m103)s, %(availability_m103)s, %(product_url_m103)s, %(image_url_m103)s, %(rating_m103)s, %(discount_m103)s, %(main_category_m103)s, %(sub_category_m103)s, %(capacity_litres_m103)s, %(star_rating_m103)s, %(model_name_m103)s, %(category_m103)s), (%(scrape_timestamp_m104)s, %(product_id_m104)s, %(brand_m104)s, %(price_m104)s, %(mrp_m104)s, %(availability_m104)s, %(product_url_m104)s, %(image_url_m104)s, %(rating_m104)s, %(discount_m104)s, %(main_category_m104)s, %(sub_category_m104)s, %(capacity_litres_m104)s, %(star_rating_m104)s, %(model_name_m104)s, %(category_m104)s), (%(scrape_timestamp_m105)s, %(product_id_m105)s, %(brand_m105)s, %(price_m105)s, %(mrp_m105)s, %(availability_m105)s, %(product_url_m105)s, %(image_url_m105)s, %(rating_m105)s, %(discount_m105)s, %(main_category_m105)s, %(sub_category_m105)s, %(capacity_litres_m105)s, %(star_rating_m105)s, %(model_name_m105)s, %(category_m105)s), (%(scrape_timestamp_m106)s, %(product_id_m106)s, %(brand_m106)s, %(price_m106)s, %(mrp_m106)s, %(availability_m106)s, %(product_url_m106)s, %(image_url_m106)s, %(rating_m106)s, %(discount_m106)s, %(main_category_m106)s, %(sub_category_m106)s, %(capacity_litres_m106)s, %(star_rating_m106)s, %(model_name_m106)s, %(category_m106)s), (%(scrape_timestamp_m107)s, %(product_id_m107)s, %(brand_m107)s, %(price_m107)s, %(mrp_m107)s, %(availability_m107)s, %(product_url_m107)s, %(image_url_m107)s, %(rating_m107)s, %(discount_m107)s, %(main_category_m107)s, %(sub_category_m107)s, %(capacity_litres_m107)s, %(star_rating_m107)s, %(model_name_m107)s, %(category_m107)s), (%(scrape_timestamp_m108)s, %(product_id_m108)s, %(brand_m108)s, %(price_m108)s, %(mrp_m108)s, %(availability_m108)s, %(product_url_m108)s, %(image_url_m108)s, %(rating_m108)s, %(discount_m108)s, %(main_category_m108)s, %(sub_category_m108)s, %(capacity_litres_m108)s, %(star_rating_m108)s, %(model_name_m108)s, %(category_m108)s), (%(scrape_timestamp_m109)s, %(product_id_m109)s, %(brand_m109)s, %(price_m109)s, %(mrp_m109)s, %(availability_m109)s, %(product_url_m109)s, %(image_url_m109)s, %(rating_m109)s, %(discount_m109)s, %(main_category_m109)s, %(sub_category_m109)s, %(capacity_litres_m109)s, %(star_rating_m109)s, %(model_name_m109)s, %(category_m109)s), (%(scrape_timestamp_m110)s, %(product_id_m110)s, %(brand_m110)s, %(price_m110)s, %(mrp_m110)s, %(availability_m110)s, %(product_url_m110)s, %(image_url_m110)s, %(rating_m110)s, %(discount_m110)s, %(main_category_m110)s, %(sub_category_m110)s, %(capacity_litres_m110)s, %(star_rating_m110)s, %(model_name_m110)s, %(category_m110)s), (%(scrape_timestamp_m111)s, %(product_id_m111)s, %(brand_m111)s, %(price_m111)s, %(mrp_m111)s, %(availability_m111)s, %(product_url_m111)s, %(image_url_m111)s, %(rating_m111)s, %(discount_m111)s, %(main_category_m111)s, %(sub_category_m111)s, %(capacity_litres_m111)s, %(star_rating_m111)s, %(model_name_m111)s, %(category_m111)s), (%(scrape_timestamp_m112)s, %(product_id_m112)s, %(brand_m112)s, %(price_m112)s, %(mrp_m112)s, %(availability_m112)s, %(product_url_m112)s, %(image_url_m112)s, %(rating_m112)s, %(discount_m112)s, %(main_category_m112)s, %(sub_category_m112)s, %(capacity_litres_m112)s, %(star_rating_m112)s, %(model_name_m112)s, %(category_m112)s), (%(scrape_timestamp_m113)s, %(product_id_m113)s, %(brand_m113)s, %(price_m113)s, %(mrp_m113)s, %(availability_m113)s, %(product_url_m113)s, %(image_url_m113)s, %(rating_m113)s, %(discount_m113)s, %(main_category_m113)s, %(sub_category_m113)s, %(capacity_litres_m113)s, %(star_rating_m113)s, %(model_name_m113)s, %(category_m113)s), (%(scrape_timestamp_m114)s, %(product_id_m114)s, %(brand_m114)s, %(price_m114)s, %(mrp_m114)s, %(availability_m114)s, %(product_url_m114)s, %(image_url_m114)s, %(rating_m114)s, %(discount_m114)s, %(main_category_m114)s, %(sub_category_m114)s, %(capacity_litres_m114)s, %(star_rating_m114)s, %(model_name_m114)s, %(category_m114)s), (%(scrape_timestamp_m115)s, %(product_id_m115)s, %(brand_m115)s, %(price_m115)s, %(mrp_m115)s, %(availability_m115)s, %(product_url_m115)s, %(image_url_m115)s, %(rating_m115)s, %(discount_m115)s, %(main_category_m115)s, %(sub_category_m115)s, %(capacity_litres_m115)s, %(star_rating_m115)s, %(model_name_m115)s, %(category_m115)s), (%(scrape_timestamp_m116)s, %(product_id_m116)s, %(brand_m116)s, %(price_m116)s, %(mrp_m116)s, %(availability_m116)s, %(product_url_m116)s, %(image_url_m116)s, %(rating_m116)s, %(discount_m116)s, %(main_category_m116)s, %(sub_category_m116)s, %(capacity_litres_m116)s, %(star_rating_m116)s, %(model_name_m116)s, %(category_m116)s), (%(scrape_timestamp_m117)s, %(product_id_m117)s, %(brand_m117)s, %(price_m117)s, %(mrp_m117)s, %(availability_m117)s, %(product_url_m117)s, %(image_url_m117)s, %(rating_m117)s, %(discount_m117)s, %(main_category_m117)s, %(sub_category_m117)s, %(capacity_litres_m117)s, %(star_rating_m117)s, %(model_name_m117)s, %(category_m117)s), (%(scrape_timestamp_m118)s, %(product_id_m118)s, %(brand_m118)s, %(price_m118)s, %(mrp_m118)s, %(availability_m118)s, %(product_url_m118)s, %(image_url_m118)s, %(rating_m118)s, %(discount_m118)s, %(main_category_m118)s, %(sub_category_m118)s, %(capacity_litres_m118)s, %(star_rating_m118)s, %(model_name_m118)s, %(category_m118)s), (%(scrape_timestamp_m119)s, %(product_id_m119)s, %(brand_m119)s, %(price_m119)s, %(mrp_m119)s, %(availability_m119)s, %(product_url_m119)s, %(image_url_m119)s, %(rating_m119)s, %(discount_m119)s, %(main_category_m119)s, %(sub_category_m119)s, %(capacity_litres_m119)s, %(star_rating_m119)s, %(model_name_m119)s, %(category_m119)s), (%(scrape_timestamp_m120)s, %(product_id_m120)s, %(brand_m120)s, %(price_m120)s, %(mrp_m120)s, %(availability_m120)s, %(product_url_m120)s, %(image_url_m120)s, %(rating_m120)s, %(discount_m120)s, %(main_category_m120)s, %(sub_category_m120)s, %(capacity_litres_m120)s, %(star_rating_m120)s, %(model_name_m120)s, %(category_m120)s), (%(scrape_timestamp_m121)s, %(product_id_m121)s, %(brand_m121)s, %(price_m121)s, %(mrp_m121)s, %(availability_m121)s, %(product_url_m121)s, %(image_url_m121)s, %(rating_m121)s, %(discount_m121)s, %(main_category_m121)s, %(sub_category_m121)s, %(capacity_litres_m121)s, %(star_rating_m121)s, %(model_name_m121)s, %(category_m121)s), (%(scrape_timestamp_m122)s, %(product_id_m122)s, %(brand_m122)s, %(price_m122)s, %(mrp_m122)s, %(availability_m122)s, %(product_url_m122)s, %(image_url_m122)s, %(rating_m122)s, %(discount_m122)s, %(main_category_m122)s, %(sub_category_m122)s, %(capacity_litres_m122)s, %(star_rating_m122)s, %(model_name_m122)s, %(category_m122)s), (%(scrape_timestamp_m123)s, %(product_id_m123)s, %(brand_m123)s, %(price_m123)s, %(mrp_m123)s, %(availability_m123)s, %(product_url_m123)s, %(image_url_m123)s, %(rating_m123)s, %(discount_m123)s, %(main_category_m123)s, %(sub_category_m123)s, %(capacity_litres_m123)s, %(star_rating_m123)s, %(model_name_m123)s, %(category_m123)s), (%(scrape_timestamp_m124)s, %(product_id_m124)s, %(brand_m124)s, %(price_m124)s, %(mrp_m124)s, %(availability_m124)s, %(product_url_m124)s, %(image_url_m124)s, %(rating_m124)s, %(discount_m124)s, %(main_category_m124)s, %(sub_category_m124)s, %(capacity_litres_m124)s, %(star_rating_m124)s, %(model_name_m124)s, %(category_m124)s), (%(scrape_timestamp_m125)s, %(product_id_m125)s, %(brand_m125)s, %(price_m125)s, %(mrp_m125)s, %(availability_m125)s, %(product_url_m125)s, %(image_url_m125)s, %(rating_m125)s, %(discount_m125)s, %(main_category_m125)s, %(sub_category_m125)s, %(capacity_litres_m125)s, %(star_rating_m125)s, %(model_name_m125)s, %(category_m125)s), (%(scrape_timestamp_m126)s, %(product_id_m126)s, %(brand_m126)s, %(price_m126)s, %(mrp_m126)s, %(availability_m126)s, %(product_url_m126)s, %(image_url_m126)s, %(rating_m126)s, %(discount_m126)s, %(main_category_m126)s, %(sub_category_m126)s, %(capacity_litres_m126)s, %(star_rating_m126)s, %(model_name_m126)s, %(category_m126)s), (%(scrape_timestamp_m127)s, %(product_id_m127)s, %(brand_m127)s, %(price_m127)s, %(mrp_m127)s, %(availability_m127)s, %(product_url_m127)s, %(image_url_m127)s, %(rating_m127)s, %(discount_m127)s, %(main_category_m127)s, %(sub_category_m127)s, %(capacity_litres_m127)s, %(star_rating_m127)s, %(model_name_m127)s, %(category_m127)s), (%(scrape_timestamp_m128)s, %(product_id_m128)s, %(brand_m128)s, %(price_m128)s, %(mrp_m128)s, %(availability_m128)s, %(product_url_m128)s, %(image_url_m128)s, %(rating_m128)s, %(discount_m128)s, %(main_category_m128)s, %(sub_category_m128)s, %(capacity_litres_m128)s, %(star_rating_m128)s, %(model_name_m128)s, %(category_m128)s), (%(scrape_timestamp_m129)s, %(product_id_m129)s, %(brand_m129)s, %(price_m129)s, %(mrp_m129)s, %(availability_m129)s, %(product_url_m129)s, %(image_url_m129)s, %(rating_m129)s, %(discount_m129)s, %(main_category_m129)s, %(sub_category_m129)s, %(capacity_litres_m129)s, %(star_rating_m129)s, %(model_name_m129)s, %(category_m129)s), (%(scrape_timestamp_m130)s, %(product_id_m130)s, %(brand_m130)s, %(price_m130)s, %(mrp_m130)s, %(availability_m130)s, %(product_url_m130)s, %(image_url_m130)s, %(rating_m130)s, %(discount_m130)s, %(main_category_m130)s, %(sub_category_m130)s, %(capacity_litres_m130)s, %(star_rating_m130)s, %(model_name_m130)s, %(category_m130)s), (%(scrape_timestamp_m131)s, %(product_id_m131)s, %(brand_m131)s, %(price_m131)s, %(mrp_m131)s, %(availability_m131)s, %(product_url_m131)s, %(image_url_m131)s, %(rating_m131)s, %(discount_m131)s, %(main_category_m131)s, %(sub_category_m131)s, %(capacity_litres_m131)s, %(star_rating_m131)s, %(model_name_m131)s, %(category_m131)s), (%(scrape_timestamp_m132)s, %(product_id_m132)s, %(brand_m132)s, %(price_m132)s, %(mrp_m132)s, %(availability_m132)s, %(product_url_m132)s, %(image_url_m132)s, %(rating_m132)s, %(discount_m132)s, %(main_category_m132)s, %(sub_category_m132)s, %(capacity_litres_m132)s, %(star_rating_m132)s, %(model_name_m132)s, %(category_m132)s), (%(scrape_timestamp_m133)s, %(product_id_m133)s, %(brand_m133)s, %(price_m133)s, %(mrp_m133)s, %(availability_m133)s, %(product_url_m133)s, %(image_url_m133)s, %(rating_m133)s, %(discount_m133)s, %(main_category_m133)s, %(sub_category_m133)s, %(capacity_litres_m133)s, %(star_rating_m133)s, %(model_name_m133)s, %(category_m133)s), (%(scrape_timestamp_m134)s, %(product_id_m134)s, %(brand_m134)s, %(price_m134)s, %(mrp_m134)s, %(availability_m134)s, %(product_url_m134)s, %(image_url_m134)s, %(rating_m134)s, %(discount_m134)s, %(main_category_m134)s, %(sub_category_m134)s, %(capacity_litres_m134)s, %(star_rating_m134)s, %(model_name_m134)s, %(category_m134)s), (%(scrape_timestamp_m135)s, %(product_id_m135)s, %(brand_m135)s, %(price_m135)s, %(mrp_m135)s, %(availability_m135)s, %(product_url_m135)s, %(image_url_m135)s, %(rating_m135)s, %(discount_m135)s, %(main_category_m135)s, %(sub_category_m135)s, %(capacity_litres_m135)s, %(star_rating_m135)s, %(model_name_m135)s, %(category_m135)s), (%(scrape_timestamp_m136)s, %(product_id_m136)s, %(brand_m136)s, %(price_m136)s, %(mrp_m136)s, %(availability_m136)s, %(product_url_m136)s, %(image_url_m136)s, %(rating_m136)s, %(discount_m136)s, %(main_category_m136)s, %(sub_category_m136)s, %(capacity_litres_m136)s, %(star_rating_m136)s, %(model_name_m136)s, %(category_m136)s), (%(scrape_timestamp_m137)s, %(product_id_m137)s, %(brand_m137)s, %(price_m137)s, %(mrp_m137)s, %(availability_m137)s, %(product_url_m137)s, %(image_url_m137)s, %(rating_m137)s, %(discount_m137)s, %(main_category_m137)s, %(sub_category_m137)s, %(capacity_litres_m137)s, %(star_rating_m137)s, %(model_name_m137)s, %(category_m137)s), (%(scrape_timestamp_m138)s, %(product_id_m138)s, %(brand_m138)s, %(price_m138)s, %(mrp_m138)s, %(availability_m138)s, %(product_url_m138)s, %(image_url_m138)s, %(rating_m138)s, %(discount_m138)s, %(main_category_m138)s, %(sub_category_m138)s, %(capacity_litres_m138)s, %(star_rating_m138)s, %(model_name_m138)s, %(category_m138)s), (%(scrape_timestamp_m139)s, %(product_id_m139)s, %(brand_m139)s, %(price_m139)s, %(mrp_m139)s, %(availability_m139)s, %(product_url_m139)s, %(image_url_m139)s, %(rating_m139)s, %(discount_m139)s, %(main_category_m139)s, %(sub_category_m139)s, %(capacity_litres_m139)s, %(star_rating_m139)s, %(model_name_m139)s, %(category_m139)s), (%(scrape_timestamp_m140)s, %(product_id_m140)s, %(brand_m140)s, %(price_m140)s, %(mrp_m140)s, %(availability_m140)s, %(product_url_m140)s, %(image_url_m140)s, %(rating_m140)s, %(discount_m140)s, %(main_category_m140)s, %(sub_category_m140)s, %(capacity_litres_m140)s, %(star_rating_m140)s, %(model_name_m140)s, %(category_m140)s), (%(scrape_timestamp_m141)s, %(product_id_m141)s, %(brand_m141)s, %(price_m141)s, %(mrp_m141)s, %(availability_m141)s, %(product_url_m141)s, %(image_url_m141)s, %(rating_m141)s, %(discount_m141)s, %(main_category_m141)s, %(sub_category_m141)s, %(capacity_litres_m141)s, %(star_rating_m141)s, %(model_name_m141)s, %(category_m141)s), (%(scrape_timestamp_m142)s, %(product_id_m142)s, %(brand_m142)s, %(price_m142)s, %(mrp_m142)s, %(availability_m142)s, %(product_url_m142)s, %(image_url_m142)s, %(rating_m142)s, %(discount_m142)s, %(main_category_m142)s, %(sub_category_m142)s, %(capacity_litres_m142)s, %(star_rating_m142)s, %(model_name_m142)s, %(category_m142)s), (%(scrape_timestamp_m143)s, %(product_id_m143)s, %(brand_m143)s, %(price_m143)s, %(mrp_m143)s, %(availability_m143)s, %(product_url_m143)s, %(image_url_m143)s, %(rating_m143)s, %(discount_m143)s, %(main_category_m143)s, %(sub_category_m143)s, %(capacity_litres_m143)s, %(star_rating_m143)s, %(model_name_m143)s, %(category_m143)s), (%(scrape_timestamp_m144)s, %(product_id_m144)s, %(brand_m144)s, %(price_m144)s, %(mrp_m144)s, %(availability_m144)s, %(product_url_m144)s, %(image_url_m144)s, %(rating_m144)s, %(discount_m144)s, %(main_category_m144)s, %(sub_category_m144)s, %(capacity_litres_m144)s, %(star_rating_m144)s, %(model_name_m144)s, %(category_m144)s), (%(scrape_timestamp_m145)s, %(product_id_m145)s, %(brand_m145)s, %(price_m145)s, %(mrp_m145)s, %(availability_m145)s, %(product_url_m145)s, %(image_url_m145)s, %(rating_m145)s, %(discount_m145)s, %(main_category_m145)s, %(sub_category_m145)s, %(capacity_litres_m145)s, %(star_rating_m145)s, %(model_name_m145)s, %(category_m145)s), (%(scrape_timestamp_m146)s, %(product_id_m146)s, %(brand_m146)s, %(price_m146)s, %(mrp_m146)s, %(availability_m146)s, %(product_url_m146)s, %(image_url_m146)s, %(rating_m146)s, %(discount_m146)s, %(main_category_m146)s, %(sub_category_m146)s, %(capacity_litres_m146)s, %(star_rating_m146)s, %(model_name_m146)s, %(category_m146)s), (%(scrape_timestamp_m147)s, %(product_id_m147)s, %(brand_m147)s, %(price_m147)s, %(mrp_m147)s, %(availability_m147)s, %(product_url_m147)s, %(image_url_m147)s, %(rating_m147)s, %(discount_m147)s, %(main_category_m147)s, %(sub_category_m147)s, %(capacity_litres_m147)s, %(star_rating_m147)s, %(model_name_m147)s, %(category_m147)s), (%(scrape_timestamp_m148)s, %(product_id_m148)s, %(brand_m148)s, %(price_m148)s, %(mrp_m148)s, %(availability_m148)s, %(product_url_m148)s, %(image_url_m148)s, %(rating_m148)s, %(discount_m148)s, %(main_category_m148)s, %(sub_category_m148)s, %(capacity_litres_m148)s, %(star_rating_m148)s, %(model_name_m148)s, %(category_m148)s), (%(scrape_timestamp_m149)s, %(product_id_m149)s, %(brand_m149)s, %(price_m149)s, %(mrp_m149)s, %(availability_m149)s, %(product_url_m149)s, %(image_url_m149)s, %(rating_m149)s, %(discount_m149)s, %(main_category_m149)s, %(sub_category_m149)s, %(capacity_litres_m149)s, %(star_rating_m149)s, %(model_name_m149)s, %(category_m149)s)]
[parameters: {'scrape_timestamp_m0': datetime.datetime(2026, 2, 13, 12, 1, 57, 660637), 'product_id_m0': 215017, 'brand_m0': 'Samsung', 'price_m0': 16100, 'mrp_m0': 19999, 'availability_m0': 'Available', 'product_url_m0': 'https://www.vijaysales.com/p/215017/samsung-183-litres-3-star-single-door-refrigerator-with-digital-inverter-technology-direct-cool-rr20c2y23s8-nl', 'image_url_m0': 'https://vsprod.vijaysales.com/media/catalog/product/2/1/215017-image1_1.jpg', 'rating_m0': 4, 'discount_m0': 19.5, 'main_category_m0': 'Large Appliances', 'sub_category_m0': 'Single Door', 'capacity_litres_m0': 183, 'star_rating_m0': 3, 'model_name_m0': 'RR20C2Y23S8/NL', 'category_m0': 'refrigerators', 'scrape_timestamp_m1': datetime.datetime(2026, 2, 13, 12, 1, 57, 660637), 'product_id_m1': 154816, 'brand_m1': 'LG', 'price_m1': 24490, 'mrp_m1': 33499, 'availability_m1': 'Available', 'product_url_m1': 'https://www.vijaysales.com/p/P154816/154816/lg-242-l-frost-free-2-star-double-door-refrigerator-with-smart-inverter-compressor-led-lighting-toughened-glass-shelves-gl-n292ddsy-dazzle-steel', 'image_url_m1': 'https://vsprod.vijaysales.com/media/catalog/product/r/e/ref_ff_vijay_sales_gl-n292ddsy.jpg', 'rating_m1': 5, 'discount_m1': 26.89, 'main_category_m1': 'Large Appliances', 'sub_category_m1': 'Double Door', 'capacity_litres_m1': 242, 'star_rating_m1': 2, 'model_name_m1': 'GL-N292DDSY, Dazzle Steel', 'category_m1': 'refrigerators', 'scrape_timestamp_m2': datetime.datetime(2026, 2, 13, 12, 1, 57, 660637), 'product_id_m2': 213949, 'brand_m2': 'Samsung', 'price_m2': 24990, 'mrp_m2': 32990, 'availability_m2': 'Available', 'product_url_m2': 'https://www.vijaysales.com/p/213949/samsung-236-litres-digital-inverter-technology-double-door-refrigerator-with-egg-container-interior-led-light-elegant-inox-rt28c3042s8-hl', 'image_url_m2': 'https://vsprod.vijaysales.com/media/catalog/product/2/1/213949-image1_1.jpg', 'rating_m2': 5, 'discount_m2': 24.25, 'main_category_m2': 'Large Appliances', 'sub_category_m2': 'Double Door', 'capacity_litres_m2': 236, 'star_rating_m2': 2, 'model_name_m2': 'Elegant Inox, RT28C3042S8/HL', 'category_m2': 'refrigerators', 'scrape_timestamp_m3': datetime.datetime(2026, 2, 13, 12, 1, 57, 660637), 'product_id_m3': 226091, 'brand_m3': 'Whirlpool', 'price_m3': 21490, 'mrp_m3': 30690, 'availability_m3': 'Unavailable', 'product_url_m3': 'https://www.vijaysales.com/p/226091/whirlpool-235-litres-2-star-frost-free-double-door-refrigerator-with-faster-bottle-cooling-anti-odour-action-neo-df278-prm-steel', 'image_url_m3': 'https://vsprod.vijaysales.com/media/catalog/product/2/2/226091-image1.jpg', 'rating_m3': 4, 'discount_m3': 29.98, 'main_category_m3': 'Large Appliances', 'sub_category_m3': 'Double Door', 'capacity_litres_m3': 235, 'star_rating_m3': 2, 'model_name_m3': 'NEO DF278 PRM, Steel', 'category_m3': 'refrigerators', 'scrape_timestamp_m4': datetime.datetime(2026, 2, 13, 12, 1, 57, 660637), 'product_id_m4': 226094, 'brand_m4': 'Whirlpool', 'price_m4': 35990, 'mrp_m4': 51760, 'availability_m4': 'Available', 'product_url_m4': 'https://www.vijaysales.com/p/226094/whirlpool-312-litres-3-star-frost-free-double-door-inverter-bottom-mount-refrigerator-with-10-in-1-convertible-intellifresh-pro-steel-onyx', 'image_url_m4': 'https://vsprod.vijaysales.com/media/catalog/product/2/2/226094_1_.jpg', 'rating_m4': 5, 'discount_m4': 30.47, 'main_category_m4': 'Large Appliances', 'sub_category_m4': 'Double Door', 'capacity_litres_m4': 312, 'star_rating_m4': 3, 'model_name_m4': 'Intellifresh Pro, Steel Onyx', 'category_m4': 'refrigerators', 'scrape_timestamp_m5': datetime.datetime(2026, 2, 13, 12, 1, 57, 660637), 'product_id_m5': 200978, 'brand_m5': 'LG', 'price_m5': 38490, 'mrp_m5': 60499, 'availability_m5': 'Available', 'product_url_m5': 'https://www.vijaysales.com/p/P154816/200978/lg-408-ltrs-2-star-frost-free-double-door-refrigerator-gln412sdsy-dazzle-steel', 'image_url_m5': 'https://vsprod.vijaysales.com/media/catalog/product/2/0/200978-image1_2.jpg', 'rating_m5': 5, 'discount_m5': 36.38, 'main_category_m5': 'Large Appliances', 'sub_category_m5': 'Double Door', 'capacity_litres_m5': 380, 'star_rating_m5': 2, 'model_name_m5': 'GL-N412SDSY, Dazzle Steel', 'category_m5': 'refrigerators', 'scrape_timestamp_m6': datetime.datetime(2026, 2, 13, 12, 1, 57, 660637), 'product_id_m6': 235899, 'brand_m6': 'Samsung', 'price_m6': 18200, 'mrp_m6': 21999, 'availability_m6': 'Available', 'product_url_m6': 'https://www.vijaysales.com/p/235899/samsung-183-litres-5-star-direct-cool-inverter-refrigerator-with-toughened-glass-shelves-base-stand-drawer-deep-door-guard-vegetable-box-rr20d2825cu-nl-camellia-blue', 'image_url_m6': 'https://vsprod.vijaysales.com/media/catalog/product/2/3/235899_1_.jpg', 'rating_m6': 5, 'discount_m6': 17.27, 'main_category_m6': 'Large Appliances', 'sub_category_m6': 'Single Door', 'capacity_litres_m6': 183, 'star_rating_m6': 5, 'model_name_m6': 'RR20D2825CU/NL, Camellia Blue', 'category_m6': 'refrigerators', 'scrape_timestamp_m7': datetime.datetime(2026, 2, 13, 12, 1, 57, 660637), 'product_id_m7': 214083, 'brand_m7': 'Samsung', 'price_m7': 17790, 'mrp_m7': 23999, 'availability_m7': 'Unavailable', 'product_url_m7': 'https://www.vijaysales.com/p/214083/samsung-5-star-horizontal-curve-design-single-door-refrigerator-with-direct-cool-digital-inverter-compressor-rr21c2h25dx-hl', 'image_url_m7': 'https://vsprod.vijaysales.com/media/catalog/product/2/1/214083-image1_1.jpg', 'rating_m7': 4, 'discount_m7': 25.87, 'main_category_m7': 'Large Appliances', 'sub_category_m7': 'Single Door', 'capacity_litres_m7': 189, 'star_rating_m7': 5, 'model_name_m7': 'RR21C2H25DX/HL', 'category_m7': 'refrigerators', 'scrape_timestamp_m8': datetime.datetime(2026, 2, 13, 12, 1, 57, 660637), 'product_id_m8': 215027, 'brand_m8': 'Whirlpool', 'price_m8': 24000, 'mrp_m8': 35300, 'availability_m8': 'Available', 'product_url_m8': 'https://www.vijaysales.com/p/215027/whirlpool-intellifresh-pro-235-litres-2-star-frost-free-double-door-inverter-convertible-refrigerator-if-pro-278-inv-cnv-is-2s-illusia-steel', 'image_url_m8': 'https://vsprod.vijaysales.com/media/catalog/product/2/1/215027-image1_1.jpg', 'rating_m8': 5, 'discount_m8': 32.01, 'main_category_m8': 'Large Appliances', 'sub_category_m8': 'Double Door', 'capacity_litres_m8': 235, 'star_rating_m8': 2, 'model_name_m8': 'IF PRO 278 INV CNV IS 2S, Illusia Steel', 'category_m8': 'refrigerators', 'scrape_timestamp_m9': datetime.datetime(2026, 2, 13, 12, 1, 57, 660637), 'product_id_m9': 226089, 'brand_m9': 'Whirlpool', 'price_m9': 15500, 'mrp_m9': 21050, 'availability_m9': 'Available', 'product_url_m9': 'https://www.vijaysales.com/p/P214455/226089/whirlpool-vitamagic-pro-192-litres-3-star-direct-cool-single-door-refrigerator-with-auto-defrost-technology-215vmproprm3sasz-alpha-steel', 'image_url_m9': 'https://vsprod.vijaysales.com/media/catalog/product/2/2/226089_1__1.jpg', 'rating_m9': 4, 'discount_m9': 26.37, 'main_category_m9': 'Large Appliances', 'sub_category_m9': 'Single Door', 'capacity_litres_m9': 192, 'star_rating_m9': 3, 'model_name_m9': '215 VMPRO PRM 3S ALPHA STEEL-Z', 'category_m9': 'refrigerators', 'scrape_timestamp_m10': datetime.datetime(2026, 2, 13, 12, 1, 57, 660637), 'product_id_m10': 214199, 'brand_m10': 'LG', 'price_m10': 14990, 'mrp_m10': 19899, 'availability_m10': 'Available', 'product_url_m10': 'https://www.vijaysales.com/p/214199/lg-185-litres-3-star-direct-cool-single-door-refrigerator-fastest-ice-making-base-stand-with-drawer-smart-connect-works-without-stabilizer-gl-d199osed-scarlet-euphoria', 'image_url_m10': 'https://vsprod.vijaysales.com/media/catalog/product/2/1/214199.jpg', 'rating_m10': 5, 'discount_m10': 24.67, 'main_category_m10': 'Large Appliances', 'sub_category_m10': 'Single Door', 'capacity_litres_m10': 185, 'star_rating_m10': 3, 'model_name_m10': 'GL-D199OSED, Scarlet Euphoria', 'category_m10': 'refrigerators', 'scrape_timestamp_m11': datetime.datetime(2026, 2, 13, 12, 1, 57, 660637), 'product_id_m11': 229887, 'brand_m11': 'LLOYD', 'price_m11': 9990, 'mrp_m11': 14290, 'availability_m11': 'Available', 'product_url_m11': 'https://www.vijaysales.com/p/229887/lloyd-92-litres-1-star-direct-cool-single-door-mini-refrigerator-grey-metallic', 'image_url_m11': 'https://vsprod.vijaysales.com/media/catalog/product/7/1/71uvboadngl._sl1500_.jpg', 'rating_m11': 5, 'discount_m11': 30.09, 'main_category_m11': 'Large Appliances', 'sub_category_m11': 'Single Door', 'capacity_litres_m11': 92, 'star_rating_m11': 1, 'model_name_m11': 'Grey Metallic', 'category_m11': 'refrigerators', 'scrape_timestamp_m12': datetime.datetime(2026, 2, 13, 12, 1, 57, 660637), 'product_id_m12': 236985, 'brand_m12': 'LG', 'price_m12': 79340, 'mrp_m12': 119999, 'availability_m12': 'Available', 'product_url_m12': 'https://www.vijaysales.com/p/236985/lg-650-litres-3-star-side-by-side-convertible-refrigerator-with-multi-air-flow-smart-diagnosis-smart-inverter-compressor-gl-b257jds3-dazzle-steel', 'image_url_m12': 'https://vsprod.vijaysales.com/media/catalog/product/b/a/background1.jpg', 'rating_m12': 4, 'discount_m12': 33.88, 'main_category_m12': 'Large Appliances', 'sub_category_m12': 'Side By Side', 'capacity_litres_m12': 650, 'star_rating_m12': 3, 'model_name_m12': 'GL-B257JDS3, Dazzle Steel', 'category_m12': 'refrigerators', 'scrape_timestamp_m13': datetime.datetime(2026, 2, 13, 12, 1, 57, 660637), 'product_id_m13': 229638, 'brand_m13': 'Haier', 'price_m13': 38990, 'mrp_m13': 62990, 'availability_m13': 'Available', 'product_url_m13': 'https://www.vijaysales.com/p/229638/haier-325-litres-2-star-double-door-frost-free-inverter-bottom-mount-refrigerator-with-magic-cooling-14-in-1-convertible-hrb-3752pkg-p', 'image_url_m13': 'https://vsprod.vijaysales.com/media/catalog/product/2/2/229638-image.jpg', 'rating_m13': 4, 'discount_m13': 38.1, 'main_category_m13': 'Large Appliances', 'sub_category_m13': 'Double Door', 'capacity_litres_m13': 325, 'star_rating_m13': 2, 'model_name_m13': 'HRB-3752PKG-P', 'category_m13': 'refrigerators', 'scrape_timestamp_m14': datetime.datetime(2026, 2, 13, 12, 1, 57, 660637), 'product_id_m14': 242297, 'brand_m14': 'Haier', 'price_m14': 24990, 'mrp_m14': 38190, 'availability_m14': 'Available', 'product_url_m14': 'https://www.vijaysales.com/p/242297/haier-237-litres-2-star-double-door-frost-free-bottom-mount-refrigerator-8-in-1-convertible-turbo-icing-2x-bigger-vegetable-box-toughened-glass-shelves-hrb-2872bsb-p-sparkle-blue', 'image_url_m14': 'https://vsprod.vijaysales.com/media/catalog/product/2/4/242297_1_.jpg', 'rating_m14': 5, 'discount_m14': 34.56, 'main_category_m14': 'Large Appliances', 'sub_category_m14': 'Double Door', 'capacity_litres_m14': 237, 'star_rating_m14': 2, 'model_name_m14': 'HRB-2872BSB-P, Sparkle Blue', 'category_m14': 'refrigerators', 'scrape_timestamp_m15': datetime.datetime(2026, 2, 13, 12, 1, 57, 660637), 'product_id_m15': 236531, 'brand_m15': 'Godrej', 'price_m15': 62990, 'mrp_m15': 115990, 'availability_m15': 'Available', 'product_url_m15': 'https://www.vijaysales.com/p/236531/godrej-600-litres-3-star-inverter-double-door-side-by-side-refrigerator-led-display-control-panel-preset-cooling-modes-deep-storage-drawers-rs-eon-velvet-646c-rit-opera-black', 'image_url_m15': 'https://vsprod.vijaysales.com/media/catalog/product/2/3/236531_1__1.jpg', 'rating_m15': 5, 'discount_m15': 45.69, 'main_category_m15': 'Large Appliances', 'sub_category_m15': 'Side By Side', 'capacity_litres_m15': 600, 'star_rating_m15': 3, 'model_name_m15': 'RS EON VELVET 646C RIT, Opera Black', 'category_m15': 'refrigerators', 'scrape_timestamp_m16': datetime.datetime(2026, 2, 13, 12, 1, 57, 660637), 'product_id_m16': 200900, 'brand_m16': 'LG', 'price_m16': 33490, 'mrp_m16': 52999, 'availability_m16': 'Available', 'product_url_m16': 'https://www.vijaysales.com/p/P219492/200900/lg-340-ltrs-frost-free-double-door-refrigerator-gls342spzy-shiny-steel', 'image_url_m16': 'https://vsprod.vijaysales.com/media/catalog/product/2/0/200900-image1_2.jpg', 'rating_m16': 4, 'discount_m16': 36.81, 'main_category_m16': 'Large Appliances', 'sub_category_m16': 'Double Door', 'capacity_litres_m16': 322, 'star_rating_m16': 2, 'model_name_m16': 'GL-S342SPZY, Shiny Steel', 'category_m16': 'refrigerators', 'scrape_timestamp_m17': datetime.datetime(2026, 2, 13, 12, 1, 57, 660637), 'product_id_m17': 224979, 'brand_m17': 'Voltas Beko', 'price_m17': 12500, 'mrp_m17': 24090, 'availability_m17': 'Available', 'product_url_m17': 'https://www.vijaysales.com/p/224979/voltas-beko-175-litres-1-star-single-door-direct-cool-refrigerator-with-chiller-zone-stabilizer-free-operation-fresh-box-rdc208e-s0pwe0m0000gd', 'image_url_m17': 'https://vsprod.vijaysales.com/media/catalog/product/a/5/a5184d86-b7fa-4c78-b449-9a7a5464b25e24141310.jpg', 'rating_m17': 5, 'discount_m17': 48.11, 'main_category_m17': 'Large Appliances', 'sub_category_m17': 'Single Door', 'capacity_litres_m17': 175, 'star_rating_m17': 1, 'model_name_m17': 'RDC208E / S0PWE0M0000GD', 'category_m17': 'refrigerators', 'scrape_timestamp_m18': datetime.datetime(2026, 2, 13, 12, 1, 57, 660637), 'product_id_m18': 214203, 'brand_m18': 'LG', 'price_m18': 29490, 'mrp_m18': 38999, 'availability_m18': 'Available', 'product_url_m18': 'https://www.vijaysales.com/p/P154816/214203/lg-272-litres-2-star-frost-free-double-door-refrigerator-with-smart-diagnosis-smart-inverter-compressor-gl-n312sdsy-dazzle-steel', 'image_url_m18': 'https://vsprod.vijaysales.com/media/catalog/product/2/1/214203_3_2.jpg', 'rating_m18': 4, 'discount_m18': 24.38, 'main_category_m18': 'Large Appliances', 'sub_category_m18': 'Double Door', 'capacity_litres_m18': 272, 'star_rating_m18': 2, 'model_name_m18': 'GL-N312SDSY Dazzle Steel', 'category_m18': 'refrigerators', 'scrape_timestamp_m19': datetime.datetime(2026, 2, 13, 12, 1, 57, 660637), 'product_id_m19': 228934, 'brand_m19': 'Samsung', 'price_m19': 21790, 'mrp_m19': 26999, 'availability_m19': 'Unavailable', 'product_url_m19': 'https://www.vijaysales.com/p/228934/samsung-215-litres-5-star-direct-cool-single-door-refrigerator-with-digital-inverter-technology-rr23d2h259r-hl-paradise-bloom-purple', 'image_url_m19': 'https://vsprod.vijaysales.com/media/catalog/product/2/2/228934-image1.jpg', 'rating_m19': 5, 'discount_m19': 19.29, 'main_category_m19': 'Large Appliances', 'sub_category_m19': 'Single Door', 'capacity_litres_m19': 215, 'star_rating_m19': 5, 'model_name_m19': '5 Star', 'category_m19': 'refrigerators', 'scrape_timestamp_m20': datetime.datetime(2026, 2, 13, 12, 1, 57, 660637), 'product_id_m20': 200901, 'brand_m20': 'LG', 'price_m20': 37599, 'mrp_m20': 55999, 'availability_m20': 'Available', 'product_url_m20': 'https://www.vijaysales.com/p/P219492/200901/lg-360-ltrs-frost-free-double-door-refrigerator-gls382spzy-shiny-steel', 'image_url_m20': 'https://vsprod.vijaysales.com/media/catalog/product/2/0/200901_4_.jpg', 'rating_m20': 4, 'discount_m20': 32.86, 'main_category_m20': 'Large Appliances', 'sub_category_m20': 'Double Door', 'capacity_litres_m20': 343, 'star_rating_m20': 3, 'model_name_m20': 'GL-S382SPZY, Shiny Steel', 'category_m20': 'refrigerators', 'scrape_timestamp_m21': datetime.datetime(2026, 2, 13, 12, 1, 57, 660637), 'product_id_m21': 224350, 'brand_m21': 'Bluestar', 'price_m21': 8990, 'mrp_m21': 11990, 'availability_m21': 'Available', 'product_url_m21': 'https://www.vijaysales.com/p/224350/bluestar-47-litres-2-star-minibar-refrigerator-with-adjustable-temperature-toughened-glass-shelf-mr60-gb-black', 'image_url_m21': 'https://vsprod.vijaysales.com/media/catalog/product/2/2/224350-image1_1.jpg', 'rating_m21': 4, 'discount_m21': 25.02, 'main_category_m21': 'Large Appliances', 'sub_category_m21': 'Single Door', 'capacity_litres_m21': 47, 'star_rating_m21': 2, 'model_name_m21': 'MR60-GB, Black', 'category_m21': 'refrigerators', 'scrape_timestamp_m22': datetime.datetime(2026, 2, 13, 12, 1, 57, 660637), 'product_id_m22': 237997, 'brand_m22': 'LG', 'price_m22': 40990, 'mrp_m22': 64999, 'availability_m22': 'Available', 'product_url_m22': 'https://www.vijaysales.com/p/237997/lg-340-litres-3-star-frost-free-double-door-smart-wifi-enabled-refrigerator-with-door-cooling-plus-multi-air-flow-fast-cooling-wi-fi-lg-thinq-gl-b382dpzx-shiny-steel', 'image_url_m22': 'https://vsprod.vijaysales.com/media/catalog/product/b/a/background_3.jpg', 'rating_m22': 5, 'discount_m22': 36.94, 'main_category_m22': 'Large Appliances', 'sub_category_m22': 'Double Door', 'capacity_litres_m22': 340, 'star_rating_m22': 3, 'model_name_m22': 'LG ThinQ', 'category_m22': 'refrigerators', 'scrape_timestamp_m23': datetime.datetime(2026, 2, 13, 12, 1, 57, 660637), 'product_id_m23': 224980, 'brand_m23': 'Voltas Beko', 'price_m23': 13500, 'mrp_m23': 25990, 'availability_m23': 'Available', 'product_url_m23': 'https://www.vijaysales.com/p/224980/voltas-beko-175-litres-2-star-single-door-direct-cool-refrigerator-with-chiller-zone-stabilizer-free-operation-fresh-box-rdc208d-s0abe0m0000gd', 'image_url_m23': 'https://vsprod.vijaysales.com/media/catalog/product/2/2/224980-image1.jpg', 'rating_m23': 5, 'discount_m23': 48.06, 'main_category_m23': 'Large Appliances', 'sub_category_m23': 'Single Door', 'capacity_litres_m23': 175, 'star_rating_m23': 2, 'model_name_m23': 'RDC208D/S0ABE0M0000GD', 'category_m23': 'refrigerators', 'scrape_timestamp_m24': datetime.datetime(2026, 2, 13, 12, 1, 57, 660637), 'product_id_m24': 228749, 'brand_m24': 'LG', 'price_m24': 52390, 'mrp_m24': 82999, 'availability_m24': 'Available', 'product_url_m24': 'https://www.vijaysales.com/p/228749/lg-466-litres-frost-free-double-door-refrigerator-with-smart-inverter-compressor-convertible-wifi-support-glt492mesy-ebony-sheen', 'image_url_m24': 'https://vsprod.vijaysales.com/media/catalog/product/2/2/228749-image.jpg', 'rating_m24': 4, 'discount_m24': 36.88, 'main_category_m24': 'Large Appliances', 'sub_category_m24': 'Double Door', 'capacity_litres_m24': 466, 'star_rating_m24': 5, 'model_name_m24': 'GLT492MESY, Ebony Sheen', 'category_m24': 'refrigerators', 'scrape_timestamp_m25': datetime.datetime(2026, 2, 13, 12, 1, 57, 660637), 'product_id_m25': 238106, 'brand_m25': 'Haier', 'price_m25': 71490, 'mrp_m25': 124490, 'availability_m25': 'Available', 'product_url_m25': 'https://www.vijaysales.com/p/238106/haier-520-litres-3-star-four-door-side-by-side-refrigerator-deo-fresh-technology-convertible-85-fridge-space-no-wall-partition-magic-cooling-toughened-glass-hrb-600is-inox-steel', 'image_url_m25': 'https://vsprod.vijaysales.com/media/catalog/product/2/3/238106_3__1.jpg', 'rating_m25': 5, 'discount_m25': 42.57, 'main_category_m25': 'Large Appliances', 'sub_category_m25': 'Side By Side', 'capacity_litres_m25': 520, 'star_rating_m25': 3, 'model_name_m25': 'HRB-600IS, Inox Steel', 'category_m25': 'refrigerators', 'scrape_timestamp_m26': datetime.datetime(2026, 2, 13, 12, 1, 57, 660637), 'product_id_m26': 238984, 'brand_m26': 'Voltas', 'price_m26': 15990, 'mrp_m26': 31390, 'availability_m26': 'Available', 'product_url_m26': 'https://www.vijaysales.com/p/238984/voltas-beko-185-litres-5-star-direct-cool-single-door-refrigerator-quick-freeze-fresh-box-crisper-humidity-controller-flexlift-door-shelf-door-lock-rdc220a-w0bdetm0000gd-peony-delight-blue', 'image_url_m26': 'https://vsprod.vijaysales.com/media/catalog/product/2/3/238984_1_.jpg', 'rating_m26': 5, 'discount_m26': 49.06, 'main_category_m26': 'Large Appliances', 'sub_category_m26': 'Single Door', 'capacity_litres_m26': 185, 'star_rating_m26': 5, 'model_name_m26': 'RDC220A / W0BDETM0000GD, Peony Delight Blue', 'category_m26': 'refrigerators', 'scrape_timestamp_m27': datetime.datetime(2026, 2, 13, 12, 1, 57, 660637), 'product_id_m27': 241293, 'brand_m27': 'Haier', 'price_m27': 14990, 'mrp_m27': 21990, 'availability_m27': 'Unavailable', 'product_url_m27': 'https://www.vijaysales.com/p/241293/haier-190-litres-single-door-direct-cool-refrigerator-one-hour-icing-technology-3-toughened-glass-shelves-stabilizer-free-operation-hrd-2103bns-p-nickel-steel', 'image_url_m27': 'https://vsprod.vijaysales.com/media/catalog/product/2/4/241293_1_.jpg', 'rating_m27': 5, 'discount_m27': 31.83, 'main_category_m27': 'Large Appliances', 'sub_category_m27': 'Single Door', 'capacity_litres_m27': 190, 'star_rating_m27': 4, 'model_name_m27': 'HRD-2103BNS-P, Nickel Steel', 'category_m27': 'refrigerators', 'scrape_timestamp_m28': datetime.datetime(2026, 2, 13, 12, 1, 57, 660637), 'product_id_m28': 238913, 'brand_m28': 'IFB', 'price_m28': 13490, 'mrp_m28': 18850, 'availability_m28': 'Unavailable', 'product_url_m28': 'https://www.vijaysales.com/p/238913/ifb-187-litres-2-star-direct-cool-refrigerator-with-converti-cool-technology-fast-ice-copper-boost-toughened-glass-shelves-stabilizer-free-operation-ifbdc-2132fcs-cobalt-blue', 'image_url_m28': 'https://vsprod.vijaysales.com/media/catalog/product/2/3/238913_1_.jpg', 'rating_m28': 4, 'discount_m28': 28.44, 'main_category_m28': 'Large Appliances', 'sub_category_m28': 'Single Door', 'capacity_litres_m28': 187, 'star_rating_m28': 2, 'model_name_m28': 'IFBDC-2132FCS, Cobalt Blue', 'category_m28': 'refrigerators', 'scrape_timestamp_m29': datetime.datetime(2026, 2, 13, 12, 1, 57, 660637), 'product_id_m29': 229639, 'brand_m29': 'Haier', 'price_m29': 29390, 'mrp_m29': 47990, 'availability_m29': 'Available', 'product_url_m29': 'https://www.vijaysales.com/p/229639/haier-300-litres-2-star-bottom-mounted-frost-free-double-door-inverter-refrigerator-with-turbo-icing-technology-hrb-3502bs-p-brushline-silver', 'image_url_m29': 'https://vsprod.vijaysales.com/media/catalog/product/2/2/229639-image_8.jpg', 'rating_m29': 4, 'discount_m29': 38.76, 'main_category_m29': 'Large Appliances', 'sub_category_m29': 'Double Door', 'capacity_litres_m29': 300, 'star_rating_m29': 2, 'model_name_m29': 'HRB-3502BS-P, Brushline Silver', 'category_m29': 'refrigerators', 'scrape_timestamp_m30': datetime.datetime(2026, 2, 13, 12, 1, 57, 660637), 'product_id_m30': 231935, 'brand_m30': 'Samsung', 'price_m30': 48490, 'mrp_m30': 68990, 'availability_m30': 'Available', 'product_url_m30': 'https://www.vijaysales.com/p/231935/samsung-396-litres-2-star-bespoke-ai-double-door-refrigerator-with-convertible-5-in-1-smartthings-ai-energy-mode-rt41db6a4b22-black-glass', 'image_url_m30': 'https://vsprod.vijaysales.com/media/catalog/product/2/3/231935_1_.jpg', 'rating_m30': 5, 'discount_m30': 29.71, 'main_category_m30': 'Large Appliances', 'sub_category_m30': 'Double Door', 'capacity_litres_m30': 396, 'star_rating_m30': 2, 'model_name_m30': 'RT41DB6A4B22, Black Glass', 'category_m30': 'refrigerators', 'scrape_timestamp_m31': datetime.datetime(2026, 2, 13, 12, 1, 57, 660637), 'product_id_m31': 215138, 'brand_m31': 'Haier', 'price_m31': 40990, 'mrp_m31': 61490, 'availability_m31': 'Available', 'product_url_m31': 'https://www.vijaysales.com/p/215138/haier-355-litres-3-star-double-door-inverter-refrigerator-with-triple-inverter-technology-14-in-1-convertible-mode-hrb4053bisp-inox-steel', 'image_url_m31': 'https://vsprod.vijaysales.com/media/catalog/product/2/1/215138-image1_1.jpg', 'rating_m31': 4, 'discount_m31': 33.34, 'main_category_m31': 'Large Appliances', 'sub_category_m31': 'Double Door', 'capacity_litres_m31': 355, 'star_rating_m31': 3, 'model_name_m31': 'HRB4053BISP, Inox Steel', 'category_m31': 'refrigerators', 'scrape_timestamp_m32': datetime.datetime(2026, 2, 13, 12, 1, 57, 660637), 'product_id_m32': 224672, 'brand_m32': 'Haier', 'price_m32': 62990, 'mrp_m32': 111390, 'availability_m32': 'Available', 'product_url_m32': 'https://www.vijaysales.com/p/224672/haier-602-l-side-by-side-refrigerator-with-3-star-frost-free-wifi-enabled-stabilizer-free-operation-hrs-682ssu1-shiny-steel', 'image_url_m32': 'https://vsprod.vijaysales.com/media/catalog/product/2/2/224672-image.jpg', 'rating_m32': 5, 'discount_m32': 43.45, 'main_category_m32': 'Large Appliances', 'sub_category_m32': 'Side By Side', 'capacity_litres_m32': 602, 'star_rating_m32': 3, 'model_name_m32': 'HRS-682SSU1, Shiny Steel', 'category_m32': 'refrigerators', 'scrape_timestamp_m33': datetime.datetime(2026, 2, 13, 12, 1, 57, 660637), 'product_id_m33': 238076, 'brand_m33': 'Samsung', 'price_m33': 39990, 'mrp_m33': 57990, 'availability_m33': 'Unavailable', 'product_url_m33': 'https://www.vijaysales.com/p/238076/samsung-350-litres-2-star-double-door-frost-free-inverter-refrigerator-with-convertible-5-in-1-wi-fi-enabled-twin-cooling-plus-rt38dg5a2bbxhl-luxe-black', 'image_url_m33': 'https://vsprod.vijaysales.com/media/catalog/product/2/3/238076_1_.jpg', 'rating_m33': 4, 'discount_m33': 31.04, 'main_category_m33': 'Large Appliances', 'sub_category_m33': 'Double Door', 'capacity_litres_m33': 350, 'star_rating_m33': 2, 'model_name_m33': 'RT38DG5A2BBXHL, Luxe Black', 'category_m33': 'refrigerators', 'scrape_timestamp_m34': datetime.datetime(2026, 2, 13, 12, 1, 57, 660637), 'product_id_m34': 235069, 'brand_m34': 'LG', 'price_m34': 12490, 'mrp_m34': 13999, 'availability_m34': 'Available', 'product_url_m34': 'https://www.vijaysales.com/p/235069/lg-90-litres-1-star-single-door-direct-cool-mini-refrigerator-door-basket-chiller-tray-freezer-section-stylish-pocket-handle-anti-bacterial-gasket-gl-m131rdsb-dazzle-steel', 'image_url_m34': 'https://vsprod.vijaysales.com/media/catalog/product/2/3/235069_1_.jpg', 'rating_m34': 5, 'discount_m34': 10.78, 'main_category_m34': 'Large Appliances', 'sub_category_m34': 'Single Door', 'capacity_litres_m34': 90, 'star_rating_m34': 1, 'model_name_m34': 'GL-M131RDSB, Dazzle Steel', 'category_m34': 'refrigerators', 'scrape_timestamp_m35': datetime.datetime(2026, 2, 13, 12, 1, 57, 660637), 'product_id_m35': 238074, 'brand_m35': 'Samsung', 'price_m35': 38990, 'mrp_m35': 56990, 'availability_m35': 'Unavailable', 'product_url_m35': 'https://www.vijaysales.com/p/238074/samsung-330-litres-3-star-bespoke-ai-double-door-frost-free-refrigerator-convertible-5-in-1-twin-cooling-plus-wi-fi-enabled-power-cool-free-rt34dg5a4db1-black-matt', 'image_url_m35': 'https://vsprod.vijaysales.com/media/catalog/product/2/3/238074_1_.jpg', 'rating_m35': 4, 'discount_m35': 31.58, 'main_category_m35': 'Large Appliances', 'sub_category_m35': 'Double Door', 'capacity_litres_m35': 330, 'star_rating_m35': 3, 'model_name_m35': 'RT34DG5A4DB1, Black Matt', 'category_m35': 'refrigerators', 'scrape_timestamp_m36': datetime.datetime(2026, 2, 13, 12, 1, 57, 660637), 'product_id_m36': 227320, 'brand_m36': 'Bosch', 'price_m36': 40990, 'mrp_m36': 60590, 'availability_m36': 'Available', 'product_url_m36': 'https://www.vijaysales.com/p/227320/bosch-368-litres-frost-free-double-door-refrigerator-with-freezer-at-top-ctc39s02ni-shiney-silver', 'image_url_m36': 'https://vsprod.vijaysales.com/media/catalog/product/2/2/227320-image.jpg', 'rating_m36': 5, 'discount_m36': 32.35, 'main_category_m36': 'Large Appliances', 'sub_category_m36': 'Double Door', 'capacity_litres_m36': 368, 'star_rating_m36': 2, 'model_name_m36': 'CTC39S02NI, Shiney Silver', 'category_m36': 'refrigerators', 'scrape_timestamp_m37': datetime.datetime(2026, 2, 13, 12, 1, 57, 660637), 'product_id_m37': 230140, 'brand_m37': 'LG', 'price_m37': 107990, 'mrp_m37': 167999, 'availability_m37': 'Available', 'product_url_m37': 'https://www.vijaysales.com/p/230140/lg-630-litres-side-by-side-refrigerator-with-3-star-wi-fi-convertible-water-ice-dispenser-smart-inverter-compressor-gl-l257cpz3-shiny-steel', 'image_url_m37': 'https://vsprod.vijaysales.com/media/catalog/product/g/l/gl-l257cpz3_1.jpg', 'rating_m37': 5, 'discount_m37': 35.72, 'main_category_m37': 'Large Appliances', 'sub_category_m37': 'Side By Side', 'capacity_litres_m37': 630, 'star_rating_m37': 3, 'model_name_m37': 'GL-L257CPZ3, Shiny Steel', 'category_m37': 'refrigerators', 'scrape_timestamp_m38': datetime.datetime(2026, 2, 13, 12, 1, 57, 660637), 'product_id_m38': 218162, 'brand_m38': 'Whirlpool', 'price_m38': 20990, 'mrp_m38': 27250, 'availability_m38': 'Unavailable', 'product_url_m38': 'https://www.vijaysales.com/p/P218162/218162/whirlpool-236-litres-4-star-icemagic-pro-plus-direct-cool-single-door-inverter-refrigerator-260-impro-plus-roy-4s-as-z-alpha-steel-z', 'image_url_m38': 'https://vsprod.vijaysales.com/media/catalog/product/2/1/218162-image1_1.jpg', 'rating_m38': 4, 'discount_m38': 22.97, 'main_category_m38': 'Large Appliances', 'sub_category_m38': 'Single Door', 'capacity_litres_m38': 236, 'star_rating_m38': 4, 'model_name_m38': '260 Icemagic Pro Plus ROY 4S AS Z, ALPHA STEEL-Z', 'category_m38': 'refrigerators', 'scrape_timestamp_m39': datetime.datetime(2026, 2, 13, 12, 1, 57, 660637), 'product_id_m39': 245427, 'brand_m39': 'Whirlpool', 'price_m39': 31990, 'mrp_m39': 46050, 'availability_m39': 'Available', 'product_url_m39': 'https://www.vijaysales.com/p/245427/whirlpool-285-litres-2-star-double-door-frost-free-bottom-mount-refrigerator-3d-airflow-technology-high-cooling-retention-omega-steel', 'image_url_m39': 'https://vsprod.vijaysales.com/media/catalog/product/2/4/245427.jpg', 'rating_m39': 5, 'discount_m39': 30.53, 'main_category_m39': 'Large Appliances', 'sub_category_m39': 'Double Door', 'capacity_litres_m39': 285, 'star_rating_m39': 2, 'model_name_m39': 'Omega Steel', 'category_m39': 'refrigerators', 'scrape_timestamp_m40': datetime.datetime(2026, 2, 13, 12, 1, 57, 660637), 'product_id_m40': 230048, 'brand_m40': 'LG', 'price_m40': 174990, 'mrp_m40': 263999, 'availability_m40': 'Available', 'product_url_m40': 'https://www.vijaysales.com/p/230048/lg-630-l-side-by-side-refrigerator-with-3-star-instaview-wi-fi-convertible-uv-nano-self-cleaning-water-dispenser-gl-x257amc3-matte-black', 'image_url_m40': 'https://vsprod.vijaysales.com/media/catalog/product/g/l/gl-x257amc3_.jpg', 'rating_m40': 4, 'discount_m40': 33.72, 'main_category_m40': 'Large Appliances', 'sub_category_m40': 'Side By Side', 'capacity_litres_m40': 630, 'star_rating_m40': 3, 'model_name_m40': 'GL-X257AMC3, Matte Black', 'category_m40': 'refrigerators', 'scrape_timestamp_m41': datetime.datetime(2026, 2, 13, 12, 1, 57, 660637), 'product_id_m41': 214079, 'brand_m41': 'Samsung', 'price_m41': 28200, 'mrp_m41': 41990, 'availability_m41': 'Unavailable', 'product_url_m41': 'https://www.vijaysales.com/p/214079/samsung-2-star-256-litres-convertible-double-door-refrigerator-with-digital-inverter-compressor-elegant-inox-rt30c3732s8-hl', 'image_url_m41': 'https://vsprod.vijaysales.com/media/catalog/product/2/1/214079-image1_1.jpg', 'rating_m41': 4, 'discount_m41': 32.84, 'main_category_m41': 'Large Appliances', 'sub_category_m41': 'Double Door', 'capacity_litres_m41': 256, 'star_rating_m41': 2, 'model_name_m41': 'Elegant Inox, RT30C3732S8/HL', 'category_m41': 'refrigerators', 'scrape_timestamp_m42': datetime.datetime(2026, 2, 13, 12, 1, 57, 660637), 'product_id_m42': 242384, 'brand_m42': 'Midea', 'price_m42': 47990, 'mrp_m42': 99990, 'availability_m42': 'Available', 'product_url_m42': 'https://www.vijaysales.com/p/242384/midea-563-litres-side-by-side-inverter-refrigerator-digital-control-highlight-led-2l-door-bin-portable-ice-maker-water-dispenser-easy-organization-mdrs710fgf46-bru-steel', 'image_url_m42': 'https://vsprod.vijaysales.com/media/catalog/product/2/4/242384_1_.jpg', 'rating_m42': 4, 'discount_m42': 52.01, 'main_category_m42': 'Large Appliances', 'sub_category_m42': 'Side By Side', 'capacity_litres_m42': 563, 'star_rating_m42': 5, 'model_name_m42': 'MDRS710FGF46, Bru Steel', 'category_m42': 'refrigerators', 'scrape_timestamp_m43': datetime.datetime(2026, 2, 13, 12, 1, 57, 660637), 'product_id_m43': 214085, 'brand_m43': 'Samsung', 'price_m43': 87990, 'mrp_m43': 137000, 'availability_m43': 'Available', 'product_url_m43': 'https://www.vijaysales.com/p/P218271/214085/samsung-653-litres-3-star-frost-free-side-by-side-refrigerator-with-twin-cooling-plus-digital-inverter-compressor-rs76cg8113sl-hl-ez-clean-steel', 'image_url_m43': 'https://vsprod.vijaysales.com/media/catalog/product/2/1/214085.jpg', 'rating_m43': 5, 'discount_m43': 35.77, 'main_category_m43': 'Large Appliances', 'sub_category_m43': 'Side By Side', 'capacity_litres_m43': 653, 'star_rating_m43': 3, 'model_name_m43': 'RS76CG8113SL/HL, EZ Clean Steel', 'category_m43': 'refrigerators', 'scrape_timestamp_m44': datetime.datetime(2026, 2, 13, 12, 1, 57, 660637), 'product_id_m44': 215131, 'brand_m44': 'Whirlpool', 'price_m44': 15490, 'mrp_m44': 19200, 'availability_m44': 'Available', 'product_url_m44': 'https://www.vijaysales.com/p/P214455/215131/whirlpool-192-litres-3-star-star-direct-cool-single-door-refrigerator-no-1-in-ice-making-215-icemagic-pro-prm-3s-ciz-cool-illusia-z', 'image_url_m44': 'https://vsprod.vijaysales.com/media/catalog/product/2/1/215131-image1_1.jpg', 'rating_m44': 4, 'discount_m44': 19.32, 'main_category_m44': 'Large Appliances', 'sub_category_m44': 'Single Door', 'capacity_litres_m44': 192, 'star_rating_m44': 3, 'model_name_m44': '215 Icemagic Pro PRM 3S CIZ, Cool Illusia-Z', 'category_m44': 'refrigerators', 'scrape_timestamp_m45': datetime.datetime(2026, 2, 13, 12, 1, 57, 660637), 'product_id_m45': 235115, 'brand_m45': 'Godrej', 'price_m45': 11300, 'mrp_m45': 14490, 'availability_m45': 'Unavailable', 'product_url_m45': 'https://www.vijaysales.com/p/235115/godrej-97-litres-1-star-direct-cool-single-door-refrigerator-with-jumbo-vegetable-tray-separate-quick-ice-making-space-rd-champ-114a-wpf-st-gr', 'image_url_m45': 'https://vsprod.vijaysales.com/media/catalog/product/2/2/2235115_1_.jpg', 'rating_m45': 4, 'discount_m45': 22.02, 'main_category_m45': 'Large Appliances', 'sub_category_m45': 'Single Door', 'capacity_litres_m45': 97, 'star_rating_m45': 1, 'model_name_m45': 'RD Champ 114A WPF ST GR, Steel Grey', 'category_m45': 'refrigerators', 'scrape_timestamp_m46': datetime.datetime(2026, 2, 13, 12, 1, 57, 660637), 'product_id_m46': 215308, 'brand_m46': 'LG', 'price_m46': 74990, 'mrp_m46': 111499, 'availability_m46': 'Available', 'product_url_m46': 'https://www.vijaysales.com/p/215308/lg-592-litres-1-star-frost-free-double-door-refrigerator-with-inverter-technology-deodorizer-grh812hlhm', 'image_url_m46': 'https://vsprod.vijaysales.com/media/catalog/product/g/r/gr-h812hlhm_1-1_-_copy_1.jpg', 'rating_m46': 5, 'discount_m46': 32.74, 'main_category_m46': 'Large Appliances', 'sub_category_m46': 'Double Door', 'capacity_litres_m46': 592, 'star_rating_m46': 1, 'model_name_m46': 'GR-H812HLHM', 'category_m46': 'refrigerators', 'scrape_timestamp_m47': datetime.datetime(2026, 2, 13, 12, 1, 57, 660637), 'product_id_m47': 226092, 'brand_m47': 'Whirlpool', 'price_m47': 16990, 'mrp_m47': 23300, 'availability_m47': 'Available', 'product_url_m47': 'https://www.vijaysales.com/p/226092/whirlpool-icemagic-pro-192-litres-5-star-direct-cool-single-door-inverter-refrigerator-with-magic-chiller-large-vegetable-crisper-microblock-technology-sapphire-silk', 'image_url_m47': 'https://vsprod.vijaysales.com/media/catalog/product/2/2/226092_1_.jpg', 'rating_m47': 4, 'discount_m47': 27.08, 'main_category_m47': 'Large Appliances', 'sub_category_m47': 'Single Door', 'capacity_litres_m47': 192, 'star_rating_m47': 5, 'model_name_m47': 'Sapphire Silk', 'category_m47': 'refrigerators', 'scrape_timestamp_m48': datetime.datetime(2026, 2, 13, 12, 1, 57, 660637), 'product_id_m48': 218132, 'brand_m48': 'Godrej', 'price_m48': 27490, 'mrp_m48': 41590, 'availability_m48': 'Unavailable', 'product_url_m48': 'https://www.vijaysales.com/p/P217434/218132/godrej-272-litres-2-star-frost-free-double-door-refrigerator-with-cool-balance-technology-rt-eoncrystal-310b-ri-ob-onyx-black', 'image_url_m48': 'https://vsprod.vijaysales.com/media/catalog/product/2/1/218132-image1_1.jpg', 'rating_m48': 5, 'discount_m48': 33.9, 'main_category_m48': 'Large Appliances', 'sub_category_m48': 'Double Door', 'capacity_litres_m48': 272, 'star_rating_m48': 2, 'model_name_m48': 'RT Eon Crystal 310B RI OB, Onyx Black', 'category_m48': 'refrigerators', 'scrape_timestamp_m49': datetime.datetime(2026, 2, 13, 12, 1, 57, 660637), 'product_id_m49': 200979, 'brand_m49': 'LG', 'price_m49': 46490, 'mrp_m49': 66999, 'availability_m49': 'Available', 'product_url_m49': 'https://www.vijaysales.com/p/P219492/200979/lg-423-ltrs-2-star-frost-free-double-door-refrigerator-gls422spzy-shiny-steel', 'image_url_m49': 'https://vsprod.vijaysales.com/media/catalog/product/2/0/200979_1_2.jpg', 'rating_m49': 5, 'discount_m49': 30.61, 'main_category_m49': 'Large Appliances', 'sub_category_m49': 'Double Door', 'capacity_litres_m49': 398, 'star_rating_m49': 2, 'model_name_m49': 'GL-S422SPZY, Shiny Steel', 'category_m49': 'refrigerators', 'scrape_timestamp_m50': datetime.datetime(2026, 2, 13, 12, 1, 57, 660637), 'product_id_m50': 185825, 'brand_m50': 'Samsung', 'price_m50': 86990, 'mrp_m50': 108990, 'availability_m50': 'Available', 'product_url_m50': 'https://www.vijaysales.com/p/185825/samsung-580-ltrs-side-by-side-french-door-inverter-refrigerator-rf57a5032b1-black', 'image_url_m50': 'https://vsprod.vijaysales.com/media/catalog/product/1/8/185825-image1_4.jpg', 'rating_m50': 4, 'discount_m50': 20.19, 'main_category_m50': 'Large Appliances', 'sub_category_m50': 'Side By Side', 'capacity_litres_m50': 580, 'star_rating_m50': 5, 'model_name_m50': 'RF57A5032B1, Black', 'category_m50': 'refrigerators', 'scrape_timestamp_m51': datetime.datetime(2026, 2, 13, 12, 1, 57, 660637), 'product_id_m51': 218131, 'brand_m51': 'Godrej', 'price_m51': 13990, 'mrp_m51': 20590, 'availability_m51': 'Unavailable', 'product_url_m51': 'https://www.vijaysales.com/p/218131/godrej-180-litres-3-star-direct-cool-single-door-refrigerator-with-turbo-cooling-technology-rderiopls205cthfstgl-steel-glow', 'image_url_m51': 'https://vsprod.vijaysales.com/media/catalog/product/r/d/rderiopls205cthfstgl_1_.jpg', 'rating_m51': 4, 'discount_m51': 32.05, 'main_category_m51': 'Large Appliances', 'sub_category_m51': 'Single Door', 'capacity_litres_m51': 180, 'star_rating_m51': 3, 'model_name_m51': 'RD ERIOPLS 205C THF ST GL, Steel Glow', 'category_m51': 'refrigerators', 'scrape_timestamp_m52': datetime.datetime(2026, 2, 13, 12, 1, 57, 660637), 'product_id_m52': 218087, 'brand_m52': 'LG', 'price_m52': 64990, 'mrp_m52': 100999, 'availability_m52': 'Available', 'product_url_m52': 'https://www.vijaysales.com/p/P218086/218087/lg-506-litres-1-star-frost-free-double-door-refrigerator-with-door-alarm-convertible-inverter-linear-compressor-gn-h702hlhm', 'image_url_m52': 'https://vsprod.vijaysales.com/media/catalog/product/g/n/gn-h702hlhm_1-1__29_may_2025_.jpg', 'rating_m52': 5, 'discount_m52': 35.65, 'main_category_m52': 'Large Appliances', 'sub_category_m52': 'Double Door', 'capacity_litres_m52': 506, 'star_rating_m52': 3, 'model_name_m52': 'GN-H702HLHM, Platinum Silver', 'category_m52': 'refrigerators', 'scrape_timestamp_m53': datetime.datetime(2026, 2, 13, 12, 1, 57, 660637), 'product_id_m53': 238735, 'brand_m53': 'Haier', 'price_m53': 84990, 'mrp_m53': 137990, 'availability_m53': 'Available', 'product_url_m53': 'https://www.vijaysales.com/p/238735/haier-520-litres-3-star-convertible-4-door-side-by-side-wi-fi-refrigerator-deo-fresh-technology-toughened-glass-shelves-smart-sense-ai-hrb-600kgu1-black-glass', 'image_url_m53': 'https://vsprod.vijaysales.com/media/catalog/product/h/r/hrb-600kgu1-01.jpg', 'rating_m53': 4, 'discount_m53': 38.41, 'main_category_m53': 'Large Appliances', 'sub_category_m53': 'Side By Side', 'capacity_litres_m53': 520, 'star_rating_m53': 3, 'model_name_m53': 'HRB-600KGU1, Black Glass', 'category_m53': 'refrigerators', 'scrape_timestamp_m54': datetime.datetime(2026, 2, 13, 12, 1, 57, 660637), 'product_id_m54': 222378, 'brand_m54': 'LG', 'price_m54': 98990, 'mrp_m54': 158499, 'availability_m54': 'Available', 'product_url_m54': 'https://www.vijaysales.com/p/P222377/222378/lg-650-litres-side-by-side-door-convertible-refrigerator-with-door-cooling-hygiene-fresh-in-glass-finish-gl-b257dlw3-linen-white', 'image_url_m54': 'https://vsprod.vijaysales.com/media/catalog/product/g/l/gl-b257dlw3_1.jpg', 'rating_m54': 4, 'discount_m54': 37.55, 'main_category_m54': 'Large Appliances', 'sub_category_m54': 'Side By Side', 'capacity_litres_m54': 650, 'star_rating_m54': 5, 'model_name_m54': 'GL-B257DLW3, Linen White', 'category_m54': 'refrigerators', 'scrape_timestamp_m55': datetime.datetime(2026, 2, 13, 12, 1, 57, 660637), 'product_id_m55': 238105, 'brand_m55': 'Haier', 'price_m55': 95390, 'mrp_m55': 152490, 'availability_m55': 'Available', 'product_url_m55': 'https://www.vijaysales.com/p/238105/haier-520-litres-3-star-4-door-side-by-side-refrigerator-with-wi-fi-convertible-magic-zone-colorful-digital-display-sunlit-interior-ipx5-waterproof-hrb-600mgu1-mirror-glass', 'image_url_m55': 'https://vsprod.vijaysales.com/media/catalog/product/2/3/238105_1_.jpg', 'rating_m55': 4, 'discount_m55': 37.45, 'main_category_m55': 'Large Appliances', 'sub_category_m55': 'Side By Side', 'capacity_litres_m55': 520, 'star_rating_m55': 3, 'model_name_m55': 'HRB-600MGU1, Mirror Glass', 'category_m55': 'refrigerators', 'scrape_timestamp_m56': datetime.datetime(2026, 2, 13, 12, 1, 57, 660637), 'product_id_m56': 243583, 'brand_m56': 'LG', 'price_m56': 49990, 'mrp_m56': 68999, 'availability_m56': 'Unavailable', 'product_url_m56': 'https://www.vijaysales.com/p/243583/lg-340-litres-3-star-double-door-frost-free-bottom-freezer-refrigerator-door-cooling-plus-wi-fi-convertible-lg-thinq-bottle-rack-multi-air-flow-gl-b382ebmx-black-mirror', 'image_url_m56': 'https://vsprod.vijaysales.com/media/catalog/product/5/2/5236.jpg', 'rating_m56': 4, 'discount_m56': 27.55, 'main_category_m56': 'Large Appliances', 'sub_category_m56': 'Double Door', 'capacity_litres_m56': 340, 'star_rating_m56': 3, 'model_name_m56': 'GL-B382EBMX, Black Mirror', 'category_m56': 'refrigerators', 'scrape_timestamp_m57': datetime.datetime(2026, 2, 13, 12, 1, 57, 660637), 'product_id_m57': 244760, 'brand_m57': 'Samsung', 'price_m57': 29600, 'mrp_m57': 36990, 'availability_m57': 'Available', 'product_url_m57': 'https://www.vijaysales.com/p/244760/samsung-236-litres-frost-free-double-door-inverter-refrigerator-with-base-stand-drawer-all-around-cooling-easy-slide-shelf-movable-ice-maker-door-alarm-rt28c31429r-paradise-bloom-purple', 'image_url_m57': 'https://vsprod.vijaysales.com/media/catalog/product/2/4/244760_1_.jpg', 'rating_m57': 5, 'discount_m57': 19.98, 'main_category_m57': 'Large Appliances', 'sub_category_m57': 'Double Door', 'capacity_litres_m57': 236, 'star_rating_m57': 2, 'model_name_m57': 'RT28C31429R, Paradise Bloom Purple', 'category_m57': 'refrigerators', 'scrape_timestamp_m58': datetime.datetime(2026, 2, 13, 12, 1, 57, 660637), 'product_id_m58': 240984, 'brand_m58': 'IFB', 'price_m58': 23990, 'mrp_m58': 36500, 'availability_m58': 'Available', 'product_url_m58': 'https://www.vijaysales.com/p/240984/ifb-243-litres-2-star-frost-free-double-door-inverter-refrigerator-with-surround-cooling-ice-twister-deodorizer-lock-key-toughened-glass-shelves-ifbff-2902ibs-brush-steel', 'image_url_m58': 'https://vsprod.vijaysales.com/media/catalog/product/2/4/240984_1_.jpg', 'rating_m58': 5, 'discount_m58': 34.27, 'main_category_m58': 'Large Appliances', 'sub_category_m58': 'Double Door', 'capacity_litres_m58': 243, 'star_rating_m58': 2, 'model_name_m58': 'IFBFF-2902IBS, Brush Steel', 'category_m58': 'refrigerators', 'scrape_timestamp_m59': datetime.datetime(2026, 2, 13, 12, 1, 57, 660637), 'product_id_m59': 242295, 'brand_m59': 'Haier', 'price_m59': 23990, 'mrp_m59': 35990, 'availability_m59': 'Available', 'product_url_m59': 'https://www.vijaysales.com/p/242295/haier-240-litres-2-star-double-door-frost-free-refrigerator-5-in-1-convertible-separate-fruit-box-turbo-icing-toughened-glass-shelves-anti-bacterial-gasket-hrf-2902ibbs-p-brushline-silver', 'image_url_m59': 'https://vsprod.vijaysales.com/media/catalog/product/2/4/242295_1_.jpg', 'rating_m59': 5, 'discount_m59': 33.34, 'main_category_m59': 'Large Appliances', 'sub_category_m59': 'Double Door', 'capacity_litres_m59': 240, 'star_rating_m59': 2, 'model_name_m59': 'HRF-2902IBBS-P, Brushline Silver', 'category_m59': 'refrigerators', 'scrape_timestamp_m60': datetime.datetime(2026, 2, 13, 12, 1, 57, 660637), 'product_id_m60': 230868, 'brand_m60': 'Haier', 'price_m60': 36990, 'mrp_m60': 57890, 'availability_m60': 'Available', 'product_url_m60': 'https://www.vijaysales.com/p/230868/haier-325-litres-2-star-bottom-mounted-frost-free-double-door-inverter-refrigerator-with-magic-cooling-14-in-1-convertible-hrb-3752bgk-p', 'image_url_m60': 'https://vsprod.vijaysales.com/media/catalog/product/2/3/230868-image.jpg', 'rating_m60': 5, 'discount_m60': 36.1, 'main_category_m60': 'Large Appliances', 'sub_category_m60': 'Double Door', 'capacity_litres_m60': 325, 'star_rating_m60': 2, 'model_name_m60': 'HRB-3752BGK-P', 'category_m60': 'refrigerators', 'scrape_timestamp_m61': datetime.datetime(2026, 2, 13, 12, 1, 57, 660637), 'product_id_m61': 218133, 'brand_m61': 'Godrej', 'price_m61': 25490, 'mrp_m61': 37990, 'availability_m61': 'Unavailable', 'product_url_m61': 'https://www.vijaysales.com/p/P217435/218133/godrej-272-litres-2-star-frost-free-double-door-refrigerator-with-cool-balance-technology-rteonvalor310brifsst-fossil-steel', 'image_url_m61': 'https://vsprod.vijaysales.com/media/catalog/product/r/t/rt_eonvalor_310b_ri_fs_st_1_.jpg', 'rating_m61': 4, 'discount_m61': 32.9, 'main_category_m61': 'Large Appliances', 'sub_category_m61': 'Double Door', 'capacity_litres_m61': 272, 'star_rating_m61': 2, 'model_name_m61': 'RT Eon Valor 310B RI FS ST, Fossil Steel', 'category_m61': 'refrigerators', 'scrape_timestamp_m62': datetime.datetime(2026, 2, 13, 12, 1, 57, 660637), 'product_id_m62': 231936, 'brand_m62': 'Samsung', 'price_m62': 48490, 'mrp_m62': 69990, 'availability_m62': 'Available', 'product_url_m62': 'https://www.vijaysales.com/p/231936/samsung-419-litres-frost-free-bespoke-ai-double-door-refrigerator-with-convertible-5-in-1-wi-fi-embedded-rt45dg6a2bslhl-real-stainless', 'image_url_m62': 'https://vsprod.vijaysales.com/media/catalog/product/2/3/231936-image_7.jpg', 'rating_m62': 5, 'discount_m62': 30.72, 'main_category_m62': 'Large Appliances', 'sub_category_m62': 'Double Door', 'capacity_litres_m62': 419, 'star_rating_m62': 4, 'model_name_m62': 'RT45DG6A2BSLHL, Real Stainless', 'category_m62': 'refrigerators', 'scrape_timestamp_m63': datetime.datetime(2026, 2, 13, 12, 1, 57, 660637), 'product_id_m63': 243941, 'brand_m63': 'IFB', 'price_m63': 16490, 'mrp_m63': 21600, 'availability_m63': 'Available', 'product_url_m63': 'https://www.vijaysales.com/p/243941/ifb-187-l-5-star-single-door-direct-cool-refrigerator-with-anti-bacterial-gasket-converti-cool-copper-boost-xl-bottle-bin-ifbdc-2135ibs-brush-grey', 'image_url_m63': 'https://vsprod.vijaysales.com/media/catalog/product/2/4/243941_2_.jpg', 'rating_m63': 4, 'discount_m63': 23.66, 'main_category_m63': 'Large Appliances', 'sub_category_m63': 'Single Door', 'capacity_litres_m63': 187, 'star_rating_m63': 5, 'model_name_m63': 'IFBDC-2135IBS, Brush Grey', 'category_m63': 'refrigerators', 'scrape_timestamp_m64': datetime.datetime(2026, 2, 13, 12, 1, 57, 660637), 'product_id_m64': 240838, 'brand_m64': 'Samsung', 'price_m64': 62990, 'mrp_m64': 94990, 'availability_m64': 'Available', 'product_url_m64': 'https://www.vijaysales.com/p/240838/samsung-530-litres-1-star-bespoke-ai-double-door-frost-free-refrigerator-with-convertible-5-in-1-twin-cooling-plus-wi-fi-embedded-power-cool-power-freeze-rt56dg7a6ab1-black-matt', 'image_url_m64': 'https://vsprod.vijaysales.com/media/catalog/product/2/4/240838.jpg', 'rating_m64': 5, 'discount_m64': 33.69, 'main_category_m64': 'Large Appliances', 'sub_category_m64': 'Double Door', 'capacity_litres_m64': 530, 'star_rating_m64': 1, 'model_name_m64': 'RT56DG7A6AB1, Black Matt', 'category_m64': 'refrigerators', 'scrape_timestamp_m65': datetime.datetime(2026, 2, 13, 12, 1, 57, 660637), 'product_id_m65': 226095, 'brand_m65': 'Whirlpool', 'price_m65': 25490, 'mrp_m65': 33700, 'availability_m65': 'Unavailable', 'product_url_m65': 'https://www.vijaysales.com/p/226095/whirlpool-235-litres-2-star-frost-free-double-door-refrigerator-with-ice-twister-fast-bottle-cooling-neo-278gd-prm-crystal-black', 'image_url_m65': 'https://vsprod.vijaysales.com/media/catalog/product/2/2/226095-image1_1.jpg', 'rating_m65': 4, 'discount_m65': 24.36, 'main_category_m65': 'Large Appliances', 'sub_category_m65': 'Double Door', 'capacity_litres_m65': 235, 'star_rating_m65': 2, 'model_name_m65': 'NEO 278GD PRM, Crystal Black', 'category_m65': 'refrigerators', 'scrape_timestamp_m66': datetime.datetime(2026, 2, 13, 12, 1, 57, 660637), 'product_id_m66': 214546, 'brand_m66': 'Samsung', 'price_m66': 27990, 'mrp_m66': 35990, 'availability_m66': 'Unavailable', 'product_url_m66': 'https://www.vijaysales.com/p/214546/samsung-2-star-236-litres-frost-free-convertible-double-door-refrigerator-with-smart-connect-inverter-elegant-inox-rt28c3732s8-hl', 'image_url_m66': 'https://vsprod.vijaysales.com/media/catalog/product/r/t/rt28c3732s8_1_.jpg', 'rating_m66': 4, 'discount_m66': 22.23, 'main_category_m66': 'Large Appliances', 'sub_category_m66': 'Double Door', 'capacity_litres_m66': 236, 'star_rating_m66': 2, 'model_name_m66': 'Elegant Inox, RT28C3732S8/HL', 'category_m66': 'refrigerators', 'scrape_timestamp_m67': datetime.datetime(2026, 2, 13, 12, 1, 57, 660637), 'product_id_m67': 214086, 'brand_m67': 'Samsung', 'price_m67': 89990, 'mrp_m67': 140000, 'availability_m67': 'Available', 'product_url_m67': 'https://www.vijaysales.com/p/P218271/214086/samsung-653-litres-3-star-frost-free-side-by-side-refrigerator-with-twin-cooling-plus-digital-inverter-compressor-rs76cg8113b1-hl-black-doi', 'image_url_m67': 'https://vsprod.vijaysales.com/media/catalog/product/2/1/214086.jpg', 'rating_m67': 5, 'discount_m67': 35.72, 'main_category_m67': 'Large Appliances', 'sub_category_m67': 'Side By Side', 'capacity_litres_m67': 653, 'star_rating_m67': 3, 'model_name_m67': 'RS76CG8113B1/HL, Black DOI', 'category_m67': 'refrigerators', 'scrape_timestamp_m68': datetime.datetime(2026, 2, 13, 12, 1, 57, 660637), 'product_id_m68': 238075, 'brand_m68': 'Samsung', 'price_m68': 36990, 'mrp_m68': 53990, 'availability_m68': 'Unavailable', 'product_url_m68': 'https://www.vijaysales.com/p/238075/samsung-330-litres-2-star-frost-free-inverter-refrigerator-with-convertible-5-in-1-twin-cooling-plus-wi-fi-enabled-power-cool-rt34dg5a2bs8hl-elegant-inox', 'image_url_m68': 'https://vsprod.vijaysales.com/media/catalog/product/2/3/238075_1_.jpg', 'rating_m68': 5, 'discount_m68': 31.49, 'main_category_m68': 'Large Appliances', 'sub_category_m68': 'Double Door', 'capacity_litres_m68': 330, 'star_rating_m68': 2, 'model_name_m68': 'RT34DG5A2BS8HL, Elegant Inox', 'category_m68': 'refrigerators', 'scrape_timestamp_m69': datetime.datetime(2026, 2, 13, 12, 1, 57, 660637), 'product_id_m69': 228748, 'brand_m69': 'LG', 'price_m69': 44990, 'mrp_m69': 69999, 'availability_m69': 'Available', 'product_url_m69': 'https://www.vijaysales.com/p/228748/lg-446-litres-1-star-double-door-frost-free-refrigerator-with-door-cooling-convertible-smart-diagnosis-toughened-glass-shelf-gl-t502cpzr', 'image_url_m69': 'https://vsprod.vijaysales.com/media/catalog/product/2/2/228748.jpg', 'rating_m69': 4, 'discount_m69': 35.73, 'main_category_m69': 'Large Appliances', 'sub_category_m69': 'Double Door', 'capacity_litres_m69': 446, 'star_rating_m69': 1, 'model_name_m69': 'GL-T502CPZR', 'category_m69': 'refrigerators', 'scrape_timestamp_m70': datetime.datetime(2026, 2, 13, 12, 1, 57, 660637), 'product_id_m70': 242296, 'brand_m70': 'Haier', 'price_m70': 25490, 'mrp_m70': 35990, 'availability_m70': 'Available', 'product_url_m70': 'https://www.vijaysales.com/p/242296/haier-268-litres-2-star-double-door-frost-free-refrigerator-turbo-icing-stabilizer-free-operation-toughened-glass-shelves-led-light-hrf-3182iens-p-nickel-steel', 'image_url_m70': 'https://vsprod.vijaysales.com/media/catalog/product/2/4/242296_1_.jpeg', 'rating_m70': 5, 'discount_m70': 29.17, 'main_category_m70': 'Large Appliances', 'sub_category_m70': 'Double Door', 'capacity_litres_m70': 268, 'star_rating_m70': 2, 'model_name_m70': 'HRF-3182IENS-P, Nickel Steel', 'category_m70': 'refrigerators', 'scrape_timestamp_m71': datetime.datetime(2026, 2, 13, 12, 1, 57, 660637), 'product_id_m71': 244763, 'brand_m71': 'Samsung', 'price_m71': 16990, 'mrp_m71': 21999, 'availability_m71': 'Unavailable', 'product_url_m71': 'https://www.vijaysales.com/p/244763/samsung-183-litres-5-star-single-door-direct-cool-refrigerator-toughened-glass-premium-veg-box-base-stand-drawer-clear-view-lamp-stabilizer-free-operation-rr20f2825br-burgundy-red', 'image_url_m71': 'https://vsprod.vijaysales.com/media/catalog/product/2/4/244763_1_.jpg', 'rating_m71': 5, 'discount_m71': 22.77, 'main_category_m71': 'Large Appliances', 'sub_category_m71': 'Single Door', 'capacity_litres_m71': 183, 'star_rating_m71': 5, 'model_name_m71': 'RR20F2825BR, Burgundy Red', 'category_m71': 'refrigerators', 'scrape_timestamp_m72': datetime.datetime(2026, 2, 13, 12, 1, 57, 660637), 'product_id_m72': 221428, 'brand_m72': 'Bosch', 'price_m72': 81990, 'mrp_m72': 108090, 'availability_m72': 'Available', 'product_url_m72': 'https://www.vijaysales.com/p/P190437/221428/bosch-6-series-508-litres-2-star-frost-free-double-door-bottom-mount-refrigerator-with-vario-inverter-compressor-kgn56lb42i-black', 'image_url_m72': 'https://vsprod.vijaysales.com/media/catalog/product/2/2/221428-image1_2.jpg', 'rating_m72': 4, 'discount_m72': 24.15, 'main_category_m72': 'Large Appliances', 'sub_category_m72': 'Double Door', 'capacity_litres_m72': 508, 'star_rating_m72': 2, 'model_name_m72': 'Black', 'category_m72': 'refrigerators', 'scrape_timestamp_m73': datetime.datetime(2026, 2, 13, 12, 1, 57, 660637), 'product_id_m73': 170404, 'brand_m73': 'LG', 'price_m73': 24990, 'mrp_m73': 35999, 'availability_m73': 'Available', 'product_url_m73': 'https://www.vijaysales.com/p/P219492/170404/lg-260-ltrs-2-star-frost-free-double-door-inverter-refrigerator-gls292rpzy-shiny-steel', 'image_url_m73': 'https://vsprod.vijaysales.com/media/catalog/product/1/7/170404-image1_4.jpg', 'rating_m73': 5, 'discount_m73': 30.58, 'main_category_m73': 'Large Appliances', 'sub_category_m73': 'Double Door', 'capacity_litres_m73': 240, 'star_rating_m73': 2, 'model_name_m73': 'GL-S292RPZY, Shiny Steel', 'category_m73': 'refrigerators', 'scrape_timestamp_m74': datetime.datetime(2026, 2, 13, 12, 1, 57, 660637), 'product_id_m74': 228809, 'brand_m74': 'LG', 'price_m74': 22100, 'mrp_m74': 29299, 'availability_m74': 'Unavailable', 'product_url_m74': 'https://www.vijaysales.com/p/228809/lg-224-litres-5-star-single-door-direct-cool-refrigerator-base-stand-drawer-toughened-glass-shelves-fastest-ice-making-anti-bacterial-gasket-gl-d241abmu-blue-marvel', 'image_url_m74': 'https://vsprod.vijaysales.com/media/catalog/product/2/2/228809_1__1.jpg', 'rating_m74': 4, 'discount_m74': 24.57, 'main_category_m74': 'Large Appliances', 'sub_category_m74': 'Single Door', 'capacity_litres_m74': 224, 'star_rating_m74': 5, 'model_name_m74': 'GL-D241ABMU, Blue Marvel', 'category_m74': 'refrigerators', 'scrape_timestamp_m75': datetime.datetime(2026, 2, 13, 12, 1, 57, 660637), 'product_id_m75': 230718, 'brand_m75': 'Liebherr', 'price_m75': 19990, 'mrp_m75': 25320, 'availability_m75': 'Available', 'product_url_m75': 'https://www.vijaysales.com/p/230718/liebherr-191-litres-5-star-direct-cool-single-door-refrigerator-with-adjustable-shelves-handsfree-opening-dfptse1931-teal-strings', 'image_url_m75': 'https://vsprod.vijaysales.com/media/catalog/product/2/3/230718_1_.jpg', 'rating_m75': 5, 'discount_m75': 21.05, 'main_category_m75': 'Large Appliances', 'sub_category_m75': 'Single Door', 'capacity_litres_m75': 191, 'star_rating_m75': 5, 'model_name_m75': 'DFPTSE1931, Teal Strings', 'category_m75': 'refrigerators', 'scrape_timestamp_m76': datetime.datetime(2026, 2, 13, 12, 1, 57, 660637), 'product_id_m76': 218735, 'brand_m76': 'Whirlpool', 'price_m76': 21990, 'mrp_m76': 30600, 'availability_m76': 'Unavailable', 'product_url_m76': 'https://www.vijaysales.com/p/218735/whirlpool-274-litres-3-star-direct-cool-single-door-refrigerator-with-auto-defrost-305-icemagic-pro-plus-prm-3s-asz-alpha-steel-z', 'image_url_m76': 'https://vsprod.vijaysales.com/media/catalog/product/2/1/218735-image1_1.jpg', 'rating_m76': 5, 'discount_m76': 28.14, 'main_category_m76': 'Large Appliances', 'sub_category_m76': 'Single Door', 'capacity_litres_m76': 274, 'star_rating_m76': 3, 'model_name_m76': '305 Icemagic Pro Plus PRM 3S ASZ, Alpha Steel-Z', 'category_m76': 'refrigerators', 'scrape_timestamp_m77': datetime.datetime(2026, 2, 13, 12, 1, 57, 660637), 'product_id_m77': 224415, 'brand_m77': 'IFB', 'price_m77': 16990, 'mrp_m77': 24500, 'availability_m77': 'Available', 'product_url_m77': 'https://www.vijaysales.com/p/224415/ifb-206-litres-4-star-direct-cool-single-door-refrigerator-with-converti-cool-technology-advanced-inverter-compressor-ifbdc-2324iks-black-steel', 'image_url_m77': 'https://vsprod.vijaysales.com/media/catalog/product/2/2/224415-image.jpg', 'rating_m77': 5, 'discount_m77': 30.65, 'main_category_m77': 'Large Appliances', 'sub_category_m77': 'Single Door', 'capacity_litres_m77': 206, 'star_rating_m77': 4, 'model_name_m77': 'IFBDC-2324IKS, Black Steel', 'category_m77': 'refrigerators', 'scrape_timestamp_m78': datetime.datetime(2026, 2, 13, 12, 1, 57, 660637), 'product_id_m78': 240007, 'brand_m78': 'Samsung', 'price_m78': 58990, 'mrp_m78': 82999, 'availability_m78': 'Available', 'product_url_m78': 'https://www.vijaysales.com/p/240007/samsung-467-litres-2-star-bespoke-ai-double-door-frost-free-refrigerator-with-convertible-5-in-1-twin-cooling-plus-wi-fi-enabled-power-cool-power-freeze-rt80f51c2b-black-glass', 'image_url_m78': 'https://vsprod.vijaysales.com/media/catalog/product/2/4/240007_1_.jpg', 'rating_m78': 5, 'discount_m78': 28.93, 'main_category_m78': 'Large Appliances', 'sub_category_m78': 'Double Door', 'capacity_litres_m78': 467, 'star_rating_m78': 2, 'model_name_m78': 'RT80F51C2B, Black Glass', 'category_m78': 'refrigerators', 'scrape_timestamp_m79': datetime.datetime(2026, 2, 13, 12, 1, 57, 660637), 'product_id_m79': 225701, 'brand_m79': 'Liebherr', 'price_m79': 17000, 'mrp_m79': 21990, 'availability_m79': 'Unavailable', 'product_url_m79': 'https://www.vijaysales.com/p/225701/liebherr-191-litres-3-star-direct-cool-single-door-refrigerator-with-hands-free-opening-drystorage-vegetable-freshbox-dfpsic-1921-silver', 'image_url_m79': 'https://vsprod.vijaysales.com/media/catalog/product/2/2/225701_1_.jpg', 'rating_m79': 4, 'discount_m79': 22.69, 'main_category_m79': 'Large Appliances', 'sub_category_m79': 'Single Door', 'capacity_litres_m79': 191, 'star_rating_m79': 3, 'model_name_m79': 'DFPsiC 1921, Silver', 'category_m79': 'refrigerators', 'scrape_timestamp_m80': datetime.datetime(2026, 2, 13, 12, 1, 57, 660637), 'product_id_m80': 225536, 'brand_m80': 'Godrej', 'price_m80': 14390, 'mrp_m80': 19800, 'availability_m80': 'Available', 'product_url_m80': 'https://www.vijaysales.com/p/P225536/225536/godrej-184-litres-2-star-direct-cool-refrigerator-with-turbo-cooling-technology-large-freezer-rd-emarvel-207b-tdf-fs-st-fossil-steel', 'image_url_m80': 'https://vsprod.vijaysales.com/media/catalog/product/2/2/225536-image1_1.jpg', 'rating_m80': 4, 'discount_m80': 27.32, 'main_category_m80': 'Large Appliances', 'sub_category_m80': 'Single Door', 'capacity_litres_m80': 184, 'star_rating_m80': 2, 'model_name_m80': 'RD Edge Marvel 207B TDF FS ST, Fossil Steel', 'category_m80': 'refrigerators', 'scrape_timestamp_m81': datetime.datetime(2026, 2, 13, 12, 1, 57, 660637), 'product_id_m81': 222547, 'brand_m81': 'Whirlpool', 'price_m81': 33590, 'mrp_m81': 53000, 'availability_m81': 'Unavailable', 'product_url_m81': 'https://www.vijaysales.com/p/P222547/222547/whrilpool-327-litres-2-star-frost-free-double-door-inverter-refrigerator-with-10-in-1-convertible-modes-intellifresh-pro-illusia-steel', 'image_url_m81': 'https://vsprod.vijaysales.com/media/catalog/product/2/2/222547-image1_1.jpg', 'rating_m81': 5, 'discount_m81': 36.62, 'main_category_m81': 'Large Appliances', 'sub_category_m81': 'Double Door', 'capacity_litres_m81': 327, 'star_rating_m81': 2, 'model_name_m81': 'Intellifresh Pro, Illusia Steel', 'category_m81': 'refrigerators', 'scrape_timestamp_m82': datetime.datetime(2026, 2, 13, 12, 1, 57, 660637), 'product_id_m82': 214877, 'brand_m82': 'Haier', 'price_m82': 51800, 'mrp_m82': 80490, 'availability_m82': 'Available', 'product_url_m82': 'https://www.vijaysales.com/p/P222638/214877/haier-445-litres-2-star-double-door-frost-free-inverter-refrigerator-bottom-mounted-14-in-1-convertible-triple-inverter-dual-fan-tech-hrb-4952ckg-p-black-glass', 'image_url_m82': 'https://vsprod.vijaysales.com/media/catalog/product/h/r/hrb4952ckgp_1_.jpg', 'rating_m82': 4, 'discount_m82': 35.64, 'main_category_m82': 'Large Appliances', 'sub_category_m82': 'Double Door', 'capacity_litres_m82': 445, 'star_rating_m82': 2, 'model_name_m82': 'HRB-4952CKG-P, Black Glass', 'category_m82': 'refrigerators', 'scrape_timestamp_m83': datetime.datetime(2026, 2, 13, 12, 1, 57, 660637), 'product_id_m83': 218163, 'brand_m83': 'Whirlpool', 'price_m83': 26990, 'mrp_m83': 40950, 'availability_m83': 'Available', 'product_url_m83': 'https://www.vijaysales.com/p/218163/whirlpool-intellifresh-259-litres-2-star-frost-free-double-door-inverter-refrigerator-if-inv-elt-305gd-cm-2s-tl-crystal-mirror', 'image_url_m83': 'https://vsprod.vijaysales.com/media/catalog/product/2/1/218163-image1_1.jpg', 'rating_m83': 4, 'discount_m83': 34.09, 'main_category_m83': 'Large Appliances', 'sub_category_m83': 'Double Door', 'capacity_litres_m83': 259, 'star_rating_m83': 2, 'model_name_m83': '2 Star', 'category_m83': 'refrigerators', 'scrape_timestamp_m84': datetime.datetime(2026, 2, 13, 12, 1, 57, 660637), 'product_id_m84': 182395, 'brand_m84': 'LG', 'price_m84': 29990, 'mrp_m84': 43999, 'availability_m84': 'Unavailable', 'product_url_m84': 'https://www.vijaysales.com/p/P219492/182395/lg-288-liters-2-star-convertible-double-door-refrigerator-with-smart-inverter-compressor-multi-air-flow-shiny-steel-finish-gl-s322spzy', 'image_url_m84': 'https://vsprod.vijaysales.com/media/catalog/product/1/8/182395_3_.jpg', 'rating_m84': 5, 'discount_m84': 31.84, 'main_category_m84': 'Large Appliances', 'sub_category_m84': 'Double Door', 'capacity_litres_m84': 288, 'star_rating_m84': 2, 'model_name_m84': 'Shiny Steel Finish', 'category_m84': 'refrigerators', 'scrape_timestamp_m85': datetime.datetime(2026, 2, 13, 12, 1, 57, 660637), 'product_id_m85': 227319, 'brand_m85': 'Bosch', 'price_m85': 36490, 'mrp_m85': 58990, 'availability_m85': 'Available', 'product_url_m85': 'https://www.vijaysales.com/p/227319/bosch-334-litres-2-star-frost-free-double-door-refrigerator-with-vitafresh-system-multi-airflow-ice-box-ctc35s02ni-shiney-silver', 'image_url_m85': 'https://vsprod.vijaysales.com/media/catalog/product/2/2/227319-image.jpg', 'rating_m85': 4, 'discount_m85': 38.14, 'main_category_m85': 'Large Appliances', 'sub_category_m85': 'Double Door', 'capacity_litres_m85': 334, 'star_rating_m85': 2, 'model_name_m85': 'CTC35S02NI, Shiney Silver', 'category_m85': 'refrigerators', 'scrape_timestamp_m86': datetime.datetime(2026, 2, 13, 12, 1, 57, 660637), 'product_id_m86': 222827, 'brand_m86': 'Whirlpool', 'price_m86': 32990, 'mrp_m86': 45430, 'availability_m86': 'Unavailable', 'product_url_m86': 'https://www.vijaysales.com/p/222827/samsung-308-litres-2-star-forst-free-double-door-with-inverter-compressor-ifinveltdf355as2stl-alpha-steel', 'image_url_m86': 'https://vsprod.vijaysales.com/media/catalog/product/2/2/222827-image1_1.jpg', 'rating_m86': 4, 'discount_m86': 27.38, 'main_category_m86': 'Large Appliances', 'sub_category_m86': 'Double Door', 'capacity_litres_m86': 308, 'star_rating_m86': 2, 'model_name_m86': 'IFINVELTDF355AS2STL, Alpha Steel', 'category_m86': 'refrigerators', 'scrape_timestamp_m87': datetime.datetime(2026, 2, 13, 12, 1, 57, 660637), 'product_id_m87': 121756, 'brand_m87': 'Whirlpool', 'price_m87': 30950, 'mrp_m87': 45160, 'availability_m87': 'Unavailable', 'product_url_m87': 'https://www.vijaysales.com/p/P121745/121756/whirlpool-330-ltrs-frost-free-triple-door-inverter-refrigerator-fp343dprotroyas-alpha-steel', 'image_url_m87': 'https://vsprod.vijaysales.com/media/catalog/product/1/2/121756-pdp-1.jpg', 'rating_m87': 5, 'discount_m87': 31.47, 'main_category_m87': 'Large Appliances', 'sub_category_m87': 'Triple Door', 'capacity_litres_m87': 300, 'star_rating_m87': 2, 'model_name_m87': 'FP 343 D PROT ROY AS, Alpha Steel', 'category_m87': 'refrigerators', 'scrape_timestamp_m88': datetime.datetime(2026, 2, 13, 12, 1, 57, 660637), 'product_id_m88': 242298, 'brand_m88': 'Haier', 'price_m88': 69990, 'mrp_m88': 126490, 'availability_m88': 'Available', 'product_url_m88': 'https://www.vijaysales.com/p/242298/haier-602-litres-2-star-double-door-side-by-side-refrigerator-convertible-5-in-1-smart-sense-ai-smart-connectivity-digital-control-panel-jumbo-ice-maker-hrs-682pmgu1-mirror-glass', 'image_url_m88': 'https://vsprod.vijaysales.com/media/catalog/product/2/4/242298_1_.jpg', 'rating_m88': 4, 'discount_m88': 44.67, 'main_category_m88': 'Large Appliances', 'sub_category_m88': 'Side By Side', 'capacity_litres_m88': 602, 'star_rating_m88': 2, 'model_name_m88': 'HRS-682PMGU1, Mirror Glass', 'category_m88': 'refrigerators', 'scrape_timestamp_m89': datetime.datetime(2026, 2, 13, 12, 1, 57, 660637), 'product_id_m89': 242358, 'brand_m89': 'Liebherr', 'price_m89': 25490, 'mrp_m89': 38660, 'availability_m89': 'Unavailable', 'product_url_m89': 'https://www.vijaysales.com/p/242358/liebherr-245-litres-2-star-double-door-frost-free-inverter-refrigerator-bigger-vegetable-basket-central-power-cooling-heat-sensor-tchgsb-2411-grey-steel', 'image_url_m89': 'https://vsprod.vijaysales.com/media/catalog/product/2/4/242358_1_.png', 'rating_m89': 5, 'discount_m89': 34.07, 'main_category_m89': 'Large Appliances', 'sub_category_m89': 'Double Door', 'capacity_litres_m89': 245, 'star_rating_m89': 2, 'model_name_m89': 'TCHgsB 2411, Grey Steel', 'category_m89': 'refrigerators', 'scrape_timestamp_m90': datetime.datetime(2026, 2, 13, 12, 1, 57, 660637), 'product_id_m90': 240837, 'brand_m90': 'Samsung', 'price_m90': 62990, 'mrp_m90': 94990, 'availability_m90': 'Available', 'product_url_m90': 'https://www.vijaysales.com/p/240837/samsung-530-litres-bespoke-ai-frost-free-double-door-inverter-refrigerator-convertible-5-in-1-twin-cooling-plus-wi-fi-embedded-twist-ice-maker-active-fresh-filter-rt56dg7a6asl-real-stainless', 'image_url_m90': 'https://vsprod.vijaysales.com/media/catalog/product/2/4/240837_1_.jpg', 'rating_m90': 5, 'discount_m90': 33.69, 'main_category_m90': 'Large Appliances', 'sub_category_m90': 'Double Door', 'capacity_litres_m90': 530, 'star_rating_m90': 3, 'model_name_m90': 'RT56DG7A6ASL, Real Stainless', 'category_m90': 'refrigerators', 'scrape_timestamp_m91': datetime.datetime(2026, 2, 13, 12, 1, 57, 660637), 'product_id_m91': 246522, 'brand_m91': 'LG', 'price_m91': 121490, 'mrp_m91': 149999, 'availability_m91': 'Available', 'product_url_m91': 'https://www.vijaysales.com/p/246522/lg-610-litres-3-star-french-door-refrigerator-with-fresh-converter-convertilble-wi-fi-convertible-hygiene-fresh-smart-learner-gv-b25ffgmb-black-glass-finish', 'image_url_m91': 'https://vsprod.vijaysales.com/media/catalog/product/2/4/246522_2__1.jpg', 'rating_m91': 4, 'discount_m91': 19.01, 'main_category_m91': 'Large Appliances', 'sub_category_m91': 'Side By Side', 'capacity_litres_m91': 610, 'star_rating_m91': 3, 'model_name_m91': 'GV-B25FFGMB, Black Glass Finish', 'category_m91': 'refrigerators', 'scrape_timestamp_m92': datetime.datetime(2026, 2, 13, 12, 1, 57, 660637), 'product_id_m92': 217434, 'brand_m92': 'Godrej', 'price_m92': 26190, 'mrp_m92': 39500, 'availability_m92': 'Unavailable', 'product_url_m92': 'https://www.vijaysales.com/p/P217434/217434/godrej-244-litres-2-star-frost-free-refrigerator-with-inverter-compressor-rt-eoncrystal-280b-ri-onyx-black', 'image_url_m92': 'https://vsprod.vijaysales.com/media/catalog/product/2/1/217434_1_.jpg', 'rating_m92': 5, 'discount_m92': 33.7, 'main_category_m92': 'Large Appliances', 'sub_category_m92': 'Double Door', 'capacity_litres_m92': 244, 'star_rating_m92': 2, 'model_name_m92': 'RT Eon Crystal 280B RI OB, Onyx Black', 'category_m92': 'refrigerators', 'scrape_timestamp_m93': datetime.datetime(2026, 2, 13, 12, 1, 57, 660637), 'product_id_m93': 237492, 'brand_m93': 'Haier', 'price_m93': 81900, 'mrp_m93': 141990, 'availability_m93': 'Available', 'product_url_m93': 'https://www.vijaysales.com/p/237492/haier-598-litres-3-star-convertible-side-by-side-refrigerator-with-wi-fi-digital-control-panel-jumbo-ice-maker-deo-fresh-technology-inverter-technology-hrt-683gku1-graphite-black', 'image_url_m93': 'https://vsprod.vijaysales.com/media/catalog/product/2/3/237492_1_.jpeg', 'rating_m93': 4, 'discount_m93': 42.32, 'main_category_m93': 'Large Appliances', 'sub_category_m93': 'Side By Side', 'capacity_litres_m93': 598, 'star_rating_m93': 3, 'model_name_m93': 'HRT-683GKU1, Graphite Black', 'category_m93': 'refrigerators', 'scrape_timestamp_m94': datetime.datetime(2026, 2, 13, 12, 1, 57, 660637), 'product_id_m94': 222377, 'brand_m94': 'LG', 'price_m94': 100990, 'mrp_m94': 158499, 'availability_m94': 'Available', 'product_url_m94': 'https://www.vijaysales.com/p/P222377/222377/lg-650-litres-side-by-side-door-convertible-inverter-refrigerator-with-smart-diagnosis-hygiene-fresh-gl-b257dbm3-black-mirror', 'image_url_m94': 'https://vsprod.vijaysales.com/media/catalog/product/g/l/gl-b257dbm3_1.jpg', 'rating_m94': 5, 'discount_m94': 36.28, 'main_category_m94': 'Large Appliances', 'sub_category_m94': 'Side By Side', 'capacity_litres_m94': 650, 'star_rating_m94': 2, 'model_name_m94': 'GL-B257DBM3, Black Mirror', 'category_m94': 'refrigerators', 'scrape_timestamp_m95': datetime.datetime(2026, 2, 13, 12, 1, 57, 660637), 'product_id_m95': 235900, 'brand_m95': 'IFB', 'price_m95': 14990, 'mrp_m95': 22000, 'availability_m95': 'Unavailable', 'product_url_m95': 'https://www.vijaysales.com/p/235900/ifb-187-litres-2-star-direct-cool-refrigerator-with-converti-cool-technology-fast-ice-big-crisper-xl-bottle-bin-humidity-control-ifbdc-2132fkg-carbon-sparkle-glass', 'image_url_m95': 'https://vsprod.vijaysales.com/media/catalog/product/2/3/235900_1_.jpg', 'rating_m95': 4, 'discount_m95': 31.86, 'main_category_m95': 'Large Appliances', 'sub_category_m95': 'Single Door', 'capacity_litres_m95': 187, 'star_rating_m95': 2, 'model_name_m95': 'IFBDC-2132FKG, Carbon Sparkle Glass', 'category_m95': 'refrigerators', 'scrape_timestamp_m96': datetime.datetime(2026, 2, 13, 12, 1, 57, 660637), 'product_id_m96': 245446, 'brand_m96': 'LG', 'price_m96': 49990, 'mrp_m96': 72999, 'availability_m96': 'Unavailable', 'product_url_m96': 'https://www.vijaysales.com/p/245446/lg-398-litres-3-star-double-door-refrigerator-with-smart-inverter-compressor-convertilble-door-cooling-glt422vesx-ebony-sheen-finish', 'image_url_m96': 'https://vsprod.vijaysales.com/media/catalog/product/2/4/245446_1_2.jpg', 'rating_m96': 5, 'discount_m96': 31.52, 'main_category_m96': 'Large Appliances', 'sub_category_m96': 'Double Door', 'capacity_litres_m96': 398, 'star_rating_m96': 3, 'model_name_m96': 'GLT422VESX, Ebony Sheen Finish', 'category_m96': 'refrigerators', 'scrape_timestamp_m97': datetime.datetime(2026, 2, 13, 12, 1, 57, 660637), 'product_id_m97': 215029, 'brand_m97': 'Whirlpool', 'price_m97': 32990, 'mrp_m97': 48310, 'availability_m97': 'Unavailable', 'product_url_m97': 'https://www.vijaysales.com/p/P215022/215029/whirlpool-intellifresh-pro-308-litres-2-star-frost-free-double-door-inverter-convertible-refrigerator-if-pro-inv-cnv-355-ob-2s-omega-black', 'image_url_m97': 'https://vsprod.vijaysales.com/media/catalog/product/2/1/215029-image1_1.jpg', 'rating_m97': 4, 'discount_m97': 31.71, 'main_category_m97': 'Large Appliances', 'sub_category_m97': 'Double Door', 'capacity_litres_m97': 308, 'star_rating_m97': 2, 'model_name_m97': '2 Star', 'category_m97': 'refrigerators', 'scrape_timestamp_m98': datetime.datetime(2026, 2, 13, 12, 1, 57, 660637), 'product_id_m98': 222638, 'brand_m98': 'Haier', 'price_m98': 48890, 'mrp_m98': 76490, 'availability_m98': 'Available', 'product_url_m98': 'https://www.vijaysales.com/p/P222638/222638/haier-445-litres-2-star-double-door-frost-free-inverter-refrigerator-with-14-in-1-convertible-magic-cooling-hrb-4952bgk-p-graphite-black', 'image_url_m98': 'https://vsprod.vijaysales.com/media/catalog/product/2/2/222638-pdp_1_.jpg', 'rating_m98': 4, 'discount_m98': 36.08, 'main_category_m98': 'Large Appliances', 'sub_category_m98': 'Double Door', 'capacity_litres_m98': 445, 'star_rating_m98': 2, 'model_name_m98': 'HRB-4952BGK-P, Graphite Black', 'category_m98': 'refrigerators', 'scrape_timestamp_m99': datetime.datetime(2026, 2, 13, 12, 1, 57, 660637), 'product_id_m99': 251734, 'brand_m99': 'Godrej', 'price_m99': 27490, 'mrp_m99': 43090, 'availability_m99': 'Available', 'product_url_m99': 'https://www.vijaysales.com/p/251734/godrej-eon-crystal-272-l-2-star-frost-free-double-door-refrigerator-advanced-inverter-technology-nano-shield-cool-balance-rteoncrystal310bnriob-onyx-black', 'image_url_m99': 'https://vsprod.vijaysales.com/media/catalog/product/2/5/251734_1_.jpg', 'rating_m99': 4, 'discount_m99': 36.2, 'main_category_m99': 'Large Appliances', 'sub_category_m99': 'Double Door', 'capacity_litres_m99': 272, 'star_rating_m99': 2, 'model_name_m99': 'RTEONCRYSTAL310BNRIOB, Onyx Black', 'category_m99': 'refrigerators', 'scrape_timestamp_m100': datetime.datetime(2026, 2, 13, 12, 1, 57, 660637), 'product_id_m100': 251732, 'brand_m100': 'Godrej', 'price_m100': 27490, 'mrp_m100': 39490, 'availability_m100': 'Available', 'product_url_m100': 'https://www.vijaysales.com/p/251732/godrej-272-l-2-star-frost-free-double-door-refrigerator-nano-shield-technology-cool-balance-farm-freshness-up-to-30-days-rteonvalor310bnrifsst-fossil-steel', 'image_url_m100': 'https://vsprod.vijaysales.com/media/catalog/product/2/5/251732_5_.jpg', 'rating_m100': 5, 'discount_m100': 30.39, 'main_category_m100': 'Large Appliances', 'sub_category_m100': 'Double Door', 'capacity_litres_m100': 272, 'star_rating_m100': 2, 'model_name_m100': 'RTEONVALOR310BNRIFSST, Fossil Steel', 'category_m100': 'refrigerators', 'scrape_timestamp_m101': datetime.datetime(2026, 2, 13, 12, 1, 57, 660637), 'product_id_m101': 251690, 'brand_m101': 'Electrolux', 'price_m101': 70990, 'mrp_m101': 106990, 'availability_m101': 'Available', 'product_url_m101': 'https://www.vijaysales.com/p/251690/electrolux-600-series-565-l-4-star-frost-free-french-door-refrigerator-inverter-compressor-touch-control-quickfreeze-xl-door-bins-ehe5600d-sdin', 'image_url_m101': 'https://vsprod.vijaysales.com/media/catalog/product/2/5/251690_1_.jpg', 'rating_m101': 5, 'discount_m101': 33.65, 'main_category_m101': 'Large Appliances', 'sub_category_m101': 'Side By Side', 'capacity_litres_m101': 565, 'star_rating_m101': 4, 'model_name_m101': 'EHE5600D-SDIN', 'category_m101': 'refrigerators', 'scrape_timestamp_m102': datetime.datetime(2026, 2, 13, 12, 1, 57, 660637), 'product_id_m102': 249513, 'brand_m102': 'Godrej', 'price_m102': 18990, 'mrp_m102': 29990, 'availability_m102': 'Unavailable', 'product_url_m102': 'https://www.vijaysales.com/p/249513/godrej-194-l-5-star-direct-cool-single-door-refrigerator-inverter-compressor-turbo-cooling-anti-bacterial-gasket-rde-impress215etdiemdbm-midnight-bloom', 'image_url_m102': 'https://vsprod.vijaysales.com/media/catalog/product/2/4/249513_7_.jpg', 'rating_m102': 4, 'discount_m102': 36.68, 'main_category_m102': 'Large Appliances', 'sub_category_m102': 'Single Door', 'capacity_litres_m102': 194, 'star_rating_m102': 5, 'model_name_m102': 'RDE-IMPRESS215ETDIEMDBM, Midnight Bloom', 'category_m102': 'refrigerators', 'scrape_timestamp_m103': datetime.datetime(2026, 2, 13, 12, 1, 57, 660637), 'product_id_m103': 249460, 'brand_m103': 'Electrolux', 'price_m103': 94990, 'mrp_m103': 142990, 'availability_m103': 'Available', 'product_url_m103': 'https://www.vijaysales.com/p/249460/electrolux-600-series-4-star-frost-free-french-door-refrigerator-547-l-inverter-compressor-frost-free-touch-control-greenzone-crisper-eqe5400dbnin-charcoal-black', 'image_url_m103': 'https://vsprod.vijaysales.com/media/catalog/product/2/4/249460_1_.jpg', 'rating_m103': 4, 'discount_m103': 33.57, 'main_category_m103': 'Large Appliances', 'sub_category_m103': 'Side By Side', 'capacity_litres_m103': 547, 'star_rating_m103': 4, 'model_name_m103': 'EQE5400DBNIN, Charcoal Black', 'category_m103': 'refrigerators', 'scrape_timestamp_m104': datetime.datetime(2026, 2, 13, 12, 1, 57, 660637), 'product_id_m104': 248614, 'brand_m104': 'Samsung', 'price_m104': 18240, 'mrp_m104': 24999, 'availability_m104': 'Unavailable', 'product_url_m104': 'https://www.vijaysales.com/p/248614/samsung-189-l-5-star-inverter-direct-cool-single-door-refrigerator-with-anti-bacterial-gasket-clear-view-lamp-stabilizer-free-operation-rr21c2h25uz-hl-midnight-blossom-blue', 'image_url_m104': 'https://vsprod.vijaysales.com/media/catalog/productno_selection', 'rating_m104': 5, 'discount_m104': 27.04, 'main_category_m104': 'Large Appliances', 'sub_category_m104': 'Single Door', 'capacity_litres_m104': 189, 'star_rating_m104': 5, 'model_name_m104': 'RR21C2H25UZ/HL, Midnight Blossom Blue', 'category_m104': 'refrigerators', 'scrape_timestamp_m105': datetime.datetime(2026, 2, 13, 12, 1, 57, 660637), 'product_id_m105': 244761, 'brand_m105': 'Samsung', 'price_m105': 28800, 'mrp_m105': 35990, 'availability_m105': 'Available', 'product_url_m105': 'https://www.vijaysales.com/p/244761/samsung-236-litres-frost-free-double-door-inverter-refrigerator-with-base-stand-drawer-all-around-cooling-easy-slide-shelf-movable-ice-maker-moistfresh-zone-rt28c3122cr-camellia-purple', 'image_url_m105': 'https://vsprod.vijaysales.com/media/catalog/product/2/4/244761_1_.jpg', 'rating_m105': 4, 'discount_m105': 19.98, 'main_category_m105': 'Large Appliances', 'sub_category_m105': 'Double Door', 'capacity_litres_m105': 236, 'star_rating_m105': 2, 'model_name_m105': 'RT28C3122CR, Camellia Purple', 'category_m105': 'refrigerators', 'scrape_timestamp_m106': datetime.datetime(2026, 2, 13, 12, 1, 57, 660637), 'product_id_m106': 243584, 'brand_m106': 'Godrej', 'price_m106': 69810, 'mrp_m106': 125990, 'availability_m106': 'Unavailable', 'product_url_m106': 'https://www.vijaysales.com/p/243584/godrej-eon-velvet-646c-rit-600-litres-3-star-side-by-side-refrigerator-inverter-compressor-frost-free-digital-display-rseonvelvet646critoprs-opera-rose', 'image_url_m106': 'https://vsprod.vijaysales.com/media/catalog/product/2/4/243584.jpg', 'rating_m106': 4, 'discount_m106': 44.59, 'main_category_m106': 'Large Appliances', 'sub_category_m106': 'Side By Side', 'capacity_litres_m106': 600, 'star_rating_m106': 3, 'model_name_m106': 'RSEONVELVET646CRITOPRS, Opera Rose', 'category_m106': 'refrigerators', 'scrape_timestamp_m107': datetime.datetime(2026, 2, 13, 12, 1, 57, 660637), 'product_id_m107': 243394, 'brand_m107': 'Electrolux', 'price_m107': 57990, 'mrp_m107': 89990, 'availability_m107': 'Available', 'product_url_m107': 'https://www.vijaysales.com/p/243394/electrolux-503-litres-1-star-frost-free-double-door-inverter-refrigerator-ai-autosense-cooling360-twist-serve-ice-maker-fresherair-filter-door-alarm-etm5002c-s-silver', 'image_url_m107': 'https://vsprod.vijaysales.com/media/catalog/product/2/4/243394_1_.jpg', 'rating_m107': 4, 'discount_m107': 35.56, 'main_category_m107': 'Large Appliances', 'sub_category_m107': 'Double Door', 'capacity_litres_m107': 503, 'star_rating_m107': 1, 'model_name_m107': 'ETM5002C-S, Silver', 'category_m107': 'refrigerators', 'scrape_timestamp_m108': datetime.datetime(2026, 2, 13, 12, 1, 57, 660637), 'product_id_m108': 243393, 'brand_m108': 'Electrolux', 'price_m108': 50490, 'mrp_m108': 78990, 'availability_m108': 'Available', 'product_url_m108': 'https://www.vijaysales.com/p/243393/electrolux-431-litres-1-star-frost-free-double-door-inverter-refrigerator-ai-autosense-cooling360-twist-serve-ice-maker-fresherair-filter-door-alarm-etm4302c-b-matte-black', 'image_url_m108': 'https://vsprod.vijaysales.com/media/catalog/product/2/4/243393_1__1.jpg', 'rating_m108': 4, 'discount_m108': 36.08, 'main_category_m108': 'Large Appliances', 'sub_category_m108': 'Double Door', 'capacity_litres_m108': 431, 'star_rating_m108': 1, 'model_name_m108': 'ETM4302C-B, Matte Black', 'category_m108': 'refrigerators', 'scrape_timestamp_m109': datetime.datetime(2026, 2, 13, 12, 1, 57, 660637), 'product_id_m109': 243391, 'brand_m109': 'Electrolux', 'price_m109': 42990, 'mrp_m109': 64490, 'availability_m109': 'Available', 'product_url_m109': 'https://www.vijaysales.com/p/243391/electrolux-341-litres-1-star-frost-free-double-door-inverter-refrigerator-ai-autosense-sphere-ice-tray-extrachill-compartment-fresherair-filter-door-alarm-etm3400l-s-matte-black', 'image_url_m109': 'https://vsprod.vijaysales.com/media/catalog/product/2/4/243391_1_.jpg', 'rating_m109': 5, 'discount_m109': 33.34, 'main_category_m109': 'Large Appliances', 'sub_category_m109': 'Double Door', 'capacity_litres_m109': 341, 'star_rating_m109': 1, 'model_name_m109': 'ETM3400L-S, Matte Black', 'category_m109': 'refrigerators', 'scrape_timestamp_m110': datetime.datetime(2026, 2, 13, 12, 1, 57, 660637), 'product_id_m110': 243390, 'brand_m110': 'Electrolux', 'price_m110': 41490, 'mrp_m110': 61990, 'availability_m110': 'Available', 'product_url_m110': 'https://www.vijaysales.com/p/243390/electrolux-341-litres-1-star-frost-free-double-door-inverter-refrigerator-ai-autosense-sphere-ice-tray-extrachill-compartment-fresherair-filter-door-alarm-etm3400l-s-silver', 'image_url_m110': 'https://vsprod.vijaysales.com/media/catalog/product/2/4/243390_1_.jpg', 'rating_m110': 4, 'discount_m110': 33.07, 'main_category_m110': 'Large Appliances', 'sub_category_m110': 'Double Door', 'capacity_litres_m110': 341, 'star_rating_m110': 1, 'model_name_m110': 'ETM3400L-S, Silver', 'category_m110': 'refrigerators', 'scrape_timestamp_m111': datetime.datetime(2026, 2, 13, 12, 1, 57, 660637), 'product_id_m111': 242383, 'brand_m111': 'Toshiba', 'price_m111': 69990, 'mrp_m111': 104990, 'availability_m111': 'Available', 'product_url_m111': 'https://www.vijaysales.com/p/242383/toshiba-608-litres-1-star-double-door-frost-free-origin-inverter-refrigerator-automatic-ice-maker-ultrafresh-zone-pure-bio-deodorizer-touch-control-panel-gr-rt835we-pgi-22-black-glass', 'image_url_m111': 'https://vsprod.vijaysales.com/media/catalog/product/2/4/242383_1__1.jpg', 'rating_m111': 4, 'discount_m111': 33.34, 'main_category_m111': 'Large Appliances', 'sub_category_m111': 'Double Door', 'capacity_litres_m111': 608, 'star_rating_m111': 1, 'model_name_m111': 'GR-RT835WE-PGI(22', 'category_m111': 'refrigerators', 'scrape_timestamp_m112': datetime.datetime(2026, 2, 13, 12, 1, 57, 660637), 'product_id_m112': 240704, 'brand_m112': 'Electrolux', 'price_m112': 97990, 'mrp_m112': 135990, 'availability_m112': 'Available', 'product_url_m112': 'https://www.vijaysales.com/p/240704/electrolux-564-litres-quad-door-frost-free-inverter-refrigerator-with-electronic-touch-controls-eventemp-function-bright-led-slow-melting-spherical-ice-eqe5600b-s-silver', 'image_url_m112': 'https://vsprod.vijaysales.com/media/catalog/product/2/4/240704_1_.jpg', 'rating_m112': 4, 'discount_m112': 27.94, 'main_category_m112': 'Large Appliances', 'sub_category_m112': 'Side By Side', 'capacity_litres_m112': 564, 'star_rating_m112': 4, 'model_name_m112': 'EQE5600B-S, Silver', 'category_m112': 'refrigerators', 'scrape_timestamp_m113': datetime.datetime(2026, 2, 13, 12, 1, 57, 660637), 'product_id_m113': 240703, 'brand_m113': 'Electrolux', 'price_m113': 99990, 'mrp_m113': 152990, 'availability_m113': 'Available', 'product_url_m113': 'https://www.vijaysales.com/p/240703/electrolux-564-litres-quad-door-frost-free-inverter-refrigerator-with-electronic-touch-controls-eventemp-function-bright-led-slow-melting-spherical-ice-eqe5600b-b-matte-black', 'image_url_m113': 'https://vsprod.vijaysales.com/media/catalog/product/2/4/240703_1_.jpg', 'rating_m113': 4, 'discount_m113': 34.64, 'main_category_m113': 'Large Appliances', 'sub_category_m113': 'Side By Side', 'capacity_litres_m113': 564, 'star_rating_m113': 2, 'model_name_m113': 'EQE5600B-B, Matte Black', 'category_m113': 'refrigerators', 'scrape_timestamp_m114': datetime.datetime(2026, 2, 13, 12, 1, 57, 660637), 'product_id_m114': 240118, 'brand_m114': 'Haier', 'price_m114': 146990, 'mrp_m114': 225000, 'availability_m114': 'Available', 'product_url_m114': 'https://www.vijaysales.com/p/240118/haier-630-litres-convertible-4-door-side-by-side-wi-fi-refrigerator-colorful-digital-display-with-motion-sensor-magic-cooling-toughened-glass-black-glass', 'image_url_m114': 'https://vsprod.vijaysales.com/media/catalog/product/2/4/240118_3__1.jpg', 'rating_m114': 5, 'discount_m114': 34.67, 'main_category_m114': 'Large Appliances', 'sub_category_m114': 'Side By Side', 'capacity_litres_m114': 630, 'star_rating_m114': 3, 'model_name_m114': 'Black Glass', 'category_m114': 'refrigerators', 'scrape_timestamp_m115': datetime.datetime(2026, 2, 13, 12, 1, 57, 660637), 'product_id_m115': 240008, 'brand_m115': 'Samsung', 'price_m115': 56800, 'mrp_m115': 74990, 'availability_m115': 'Available', 'product_url_m115': 'https://www.vijaysales.com/p/240008/samsung-467-litres-2-star-bespoke-ai-double-door-frost-free-refrigerator-with-convertible-5-in-1-twin-cooling-plus-wi-fi-enabled-power-cool-power-freeze-rt80f51c2f-black-doi', 'image_url_m115': 'https://vsprod.vijaysales.com/media/catalog/product/2/4/240008_1_.jpg', 'rating_m115': 5, 'discount_m115': 24.26, 'main_category_m115': 'Large Appliances', 'sub_category_m115': 'Double Door', 'capacity_litres_m115': 467, 'star_rating_m115': 2, 'model_name_m115': 'RT80F51C2F, Black Doi', 'category_m115': 'refrigerators', 'scrape_timestamp_m116': datetime.datetime(2026, 2, 13, 12, 1, 57, 660637), 'product_id_m116': 236075, 'brand_m116': 'Godrej', 'price_m116': 49990, 'mrp_m116': 74990, 'availability_m116': 'Available', 'product_url_m116': 'https://www.vijaysales.com/p/236075/godrej-eon-regalis-472-litres-2-star-double-door-frost-free-inverter-refrigerator-powered-by-ai-tech-advanced-control-panel-easy-slide-shelf-separate-fruit-crisper-champagne-gold', 'image_url_m116': 'https://vsprod.vijaysales.com/media/catalog/product/2/3/236075_1_.jpg', 'rating_m116': 5, 'discount_m116': 33.34, 'main_category_m116': 'Large Appliances', 'sub_category_m116': 'Double Door', 'capacity_litres_m116': 472, 'star_rating_m116': 2, 'model_name_m116': 'Champagne Gold', 'category_m116': 'refrigerators', 'scrape_timestamp_m117': datetime.datetime(2026, 2, 13, 12, 1, 57, 660637), 'product_id_m117': 235925, 'brand_m117': 'Liebherr', 'price_m117': 29790, 'mrp_m117': 43880, 'availability_m117': 'Available', 'product_url_m117': 'https://www.vijaysales.com/p/235925/liebherr-269-litres-2-star-double-door-frost-free-inverter-refrigerator-central-power-cooling-adjustable-shelves-spice-boxes-pocket-handle-tcpbsb-2721-black-steel', 'image_url_m117': 'https://vsprod.vijaysales.com/media/catalog/product/2/3/235925_1_.jpg', 'rating_m117': 4, 'discount_m117': 32.11, 'main_category_m117': 'Large Appliances', 'sub_category_m117': 'Double Door', 'capacity_litres_m117': 269, 'star_rating_m117': 2, 'model_name_m117': 'TCPbsB 2721, Black Steel', 'category_m117': 'refrigerators', 'scrape_timestamp_m118': datetime.datetime(2026, 2, 13, 12, 1, 57, 660637), 'product_id_m118': 235916, 'brand_m118': 'IFB', 'price_m118': 25990, 'mrp_m118': 40750, 'availability_m118': 'Unavailable', 'product_url_m118': 'https://www.vijaysales.com/p/235916/ifb-265-litres-2-star-frost-free-double-door-tru-convertible-refrigerator-with-surround-cooling-ice-twister-deodorizer-lock-key-toughened-glass-shelves-ifbff-3152fbst-brush-steel', 'image_url_m118': 'https://vsprod.vijaysales.com/media/catalog/product/2/3/235916_1_.jpg', 'rating_m118': 5, 'discount_m118': 36.22, 'main_category_m118': 'Large Appliances', 'sub_category_m118': 'Double Door', 'capacity_litres_m118': 265, 'star_rating_m118': 2, 'model_name_m118': 'IFBFF-3152FBST, Brush Steel', 'category_m118': 'refrigerators', 'scrape_timestamp_m119': datetime.datetime(2026, 2, 13, 12, 1, 57, 660637), 'product_id_m119': 235770, 'brand_m119': 'Haier', 'price_m119': 89990, 'mrp_m119': 151990, 'availability_m119': 'Available', 'product_url_m119': 'https://www.vijaysales.com/p/235770/haier-598-litres-3-star-triple-door-convertible-side-by-side-refrigerator-with-digital-control-panel-wifi-enabled-hrt-683kgu1-black-glass', 'image_url_m119': 'https://vsprod.vijaysales.com/media/catalog/product/2/3/235770_1_.jpg', 'rating_m119': 4, 'discount_m119': 40.79, 'main_category_m119': 'Large Appliances', 'sub_category_m119': 'Side By Side', 'capacity_litres_m119': 598, 'star_rating_m119': 3, 'model_name_m119': 'HRT-683KGU1, Black Glass', 'category_m119': 'refrigerators', 'scrape_timestamp_m120': datetime.datetime(2026, 2, 13, 12, 1, 57, 660637), 'product_id_m120': 235769, 'brand_m120': 'LG', 'price_m120': 9900, 'mrp_m120': 11999, 'availability_m120': 'Unavailable', 'product_url_m120': 'https://www.vijaysales.com/p/235769/lg-43-litres-1-star-single-door-mini-refrigerator-with-anti-bacterial-gasket-door-basket-polypropylene-shelf-pocket-handle-super-white', 'image_url_m120': 'https://vsprod.vijaysales.com/media/catalog/product/2/3/235769_1_.jpg', 'rating_m120': 5, 'discount_m120': 17.49, 'main_category_m120': 'Large Appliances', 'sub_category_m120': 'Single Door', 'capacity_litres_m120': 43, 'star_rating_m120': 1, 'model_name_m120': 'Super White', 'category_m120': 'refrigerators', 'scrape_timestamp_m121': datetime.datetime(2026, 2, 13, 12, 1, 57, 660637), 'product_id_m121': 235116, 'brand_m121': 'Godrej', 'price_m121': 40490, 'mrp_m121': 68490, 'availability_m121': 'Available', 'product_url_m121': 'https://www.vijaysales.com/p/235116/godrej-436-litres-2-star-double-door-inverter-frost-free-refrigerator-with-advanced-control-panel-led-rt-eonregalis-477b-rci-mt-bk-matte-black', 'image_url_m121': 'https://vsprod.vijaysales.com/media/catalog/product/2/3/235116_1_.jpg', 'rating_m121': 5, 'discount_m121': 40.88, 'main_category_m121': 'Large Appliances', 'sub_category_m121': 'Double Door', 'capacity_litres_m121': 436, 'star_rating_m121': 2, 'model_name_m121': 'RT Eon Regalis 477B RCI MT BK, Matte Black', 'category_m121': 'refrigerators', 'scrape_timestamp_m122': datetime.datetime(2026, 2, 13, 12, 1, 57, 660637), 'product_id_m122': 235068, 'brand_m122': 'LG', 'price_m122': 102990, 'mrp_m122': 129899, 'availability_m122': 'Available', 'product_url_m122': 'https://www.vijaysales.com/p/235068/lg-650-litres-3-star-side-by-side-inverter-refrigerator-wi-fi-convertible-doorcooling-multi-air-flow-hygiene-fresh-full-wine-rack-easy-ice-maker-gl-b257eus3-urban-steel', 'image_url_m122': 'https://vsprod.vijaysales.com/media/catalog/product/2/3/235068_1__1.jpg', 'rating_m122': 5, 'discount_m122': 20.72, 'main_category_m122': 'Large Appliances', 'sub_category_m122': 'Side By Side', 'capacity_litres_m122': 650, 'star_rating_m122': 3, 'model_name_m122': 'GL-B257EUS3, Urban Steel', 'category_m122': 'refrigerators', 'scrape_timestamp_m123': datetime.datetime(2026, 2, 13, 12, 1, 57, 660637), 'product_id_m123': 234330, 'brand_m123': 'Electrolux', 'price_m123': 179990, 'mrp_m123': 316990, 'availability_m123': 'Available', 'product_url_m123': 'https://www.vijaysales.com/p/234330/electrolux-680-litres-frost-free-inverter-french-door-refrigerator-with-twintech-cooling-system-door-alarm-eqe6879a-b-glossy-dark-grey', 'image_url_m123': 'https://vsprod.vijaysales.com/media/catalog/product/2/3/234330_1_.jpg', 'rating_m123': 4, 'discount_m123': 43.22, 'main_category_m123': 'Large Appliances', 'sub_category_m123': 'Side By Side', 'capacity_litres_m123': 609, 'star_rating_m123': 2, 'model_name_m123': 'EQE6879A-B, Glossy Dark Grey', 'category_m123': 'refrigerators', 'scrape_timestamp_m124': datetime.datetime(2026, 2, 13, 12, 1, 57, 660637), 'product_id_m124': 234329, 'brand_m124': 'Electrolux', 'price_m124': 102990, 'mrp_m124': 181990, 'availability_m124': 'Unavailable', 'product_url_m124': 'https://www.vijaysales.com/p/234329/electrolux-600-litres-frost-free-inverter-french-door-refrigerator-with-tastelockplus-technology-360-cooling-system-eqe6000a-b-matte-dark-grey', 'image_url_m124': 'https://vsprod.vijaysales.com/media/catalog/product/2/3/234329_1__1_.jpg', 'rating_m124': 4, 'discount_m124': 43.41, 'main_category_m124': 'Large Appliances', 'sub_category_m124': 'Side By Side', 'capacity_litres_m124': 541, 'star_rating_m124': 2, 'model_name_m124': 'EQE6000A-BNIN, Matte Dark Grey', 'category_m124': 'refrigerators', 'scrape_timestamp_m125': datetime.datetime(2026, 2, 13, 12, 1, 57, 660637), 'product_id_m125': 234327, 'brand_m125': 'Electrolux', 'price_m125': 71990, 'mrp_m125': 114990, 'availability_m125': 'Unavailable', 'product_url_m125': 'https://www.vijaysales.com/p/234327/electrolux-529-litres-1-star-frost-free-double-door-inverter-refrigerator-with-door-alarm-eventemp-cooling-system-ebe5302c-s-stainless-steel', 'image_url_m125': 'https://vsprod.vijaysales.com/media/catalog/product/2/3/234327_1_.jpg', 'rating_m125': 4, 'discount_m125': 37.39, 'main_category_m125': 'Large Appliances', 'sub_category_m125': 'Double Door', 'capacity_litres_m125': 496, 'star_rating_m125': 1, 'model_name_m125': 'EBE5302C-S, Stainless Steel', 'category_m125': 'refrigerators', 'scrape_timestamp_m126': datetime.datetime(2026, 2, 13, 12, 1, 57, 660637), 'product_id_m126': 234326, 'brand_m126': 'Electrolux', 'price_m126': 57990, 'mrp_m126': 99990, 'availability_m126': 'Available', 'product_url_m126': 'https://www.vijaysales.com/p/234326/electrolux-453-litres-1-star-double-door-frost-free-inverter-refrigerator-with-bottom-freezer-tastelockauto-tasteguard-tech-ebe4502c-s-stainless-steel', 'image_url_m126': 'https://vsprod.vijaysales.com/media/catalog/product/2/3/234326_1_.jpg', 'rating_m126': 4, 'discount_m126': 42.0, 'main_category_m126': 'Large Appliances', 'sub_category_m126': 'Double Door', 'capacity_litres_m126': 425, 'star_rating_m126': 1, 'model_name_m126': 'EBE4502C-S, Stainless Steel', 'category_m126': 'refrigerators', 'scrape_timestamp_m127': datetime.datetime(2026, 2, 13, 12, 1, 57, 660637), 'product_id_m127': 234325, 'brand_m127': 'Electrolux', 'price_m127': 62990, 'mrp_m127': 106990, 'availability_m127': 'Available', 'product_url_m127': 'https://www.vijaysales.com/p/234325/electrolux-573-litres-1-star-frost-free-double-door-inverter-refrigerator-with-tastelockauto-even-temp-ete5700c-a-arctic-silver-steel', 'image_url_m127': 'https://vsprod.vijaysales.com/media/catalog/product/2/3/234325_1__1_.jpg', 'rating_m127': 5, 'discount_m127': 41.13, 'main_category_m127': 'Large Appliances', 'sub_category_m127': 'Double Door', 'capacity_litres_m127': 537, 'star_rating_m127': 1, 'model_name_m127': 'ETE5700C-A, Arctic Silver Steel', 'category_m127': 'refrigerators', 'scrape_timestamp_m128': datetime.datetime(2026, 2, 13, 12, 1, 57, 660637), 'product_id_m128': 234324, 'brand_m128': 'Electrolux', 'price_m128': 45990, 'mrp_m128': 93990, 'availability_m128': 'Unavailable', 'product_url_m128': 'https://www.vijaysales.com/p/234324/electrolux-461-litres-1-star-frost-free-double-door-inverter-refrigerator-with-taste-lock-auto-eventemp-function-etb4600c-a-arctic-silver', 'image_url_m128': 'https://vsprod.vijaysales.com/media/catalog/product/2/3/234324_1__1_.jpg', 'rating_m128': 5, 'discount_m128': 51.07, 'main_category_m128': 'Large Appliances', 'sub_category_m128': 'Double Door', 'capacity_litres_m128': 431, 'star_rating_m128': 1, 'model_name_m128': 'ETB4600C-A, Arctic Silver', 'category_m128': 'refrigerators', 'scrape_timestamp_m129': datetime.datetime(2026, 2, 13, 12, 1, 57, 660637), 'product_id_m129': 231934, 'brand_m129': 'Samsung', 'price_m129': 45990, 'mrp_m129': 65990, 'availability_m129': 'Available', 'product_url_m129': 'https://www.vijaysales.com/p/231934/samsung-396-litres-2-star-frost-free-double-door-refrigerator-with-twin-cooling-plus-convertible-5-in-1-rt41dg6a2bb1hl-black-matt', 'image_url_m129': 'https://vsprod.vijaysales.com/media/catalog/product/2/3/231934-image.jpg', 'rating_m129': 4, 'discount_m129': 30.31, 'main_category_m129': 'Large Appliances', 'sub_category_m129': 'Double Door', 'capacity_litres_m129': 396, 'star_rating_m129': 2, 'model_name_m129': 'RT41DG6A2BB1HL, Black Matt', 'category_m129': 'refrigerators', 'scrape_timestamp_m130': datetime.datetime(2026, 2, 13, 12, 1, 57, 660637), 'product_id_m130': 231851, 'brand_m130': 'Samsung', 'price_m130': 184990, 'mrp_m130': 244000, 'availability_m130': 'Unavailable', 'product_url_m130': 'https://www.vijaysales.com/p/231851/samsung-650-litres-4-door-convertible-french-door-refrigerator-with-triple-cooling-precise-cooling-power-cool-power-freeze-slide-in-shelf-ai-energy-mode-rf65db90bd12-clean-white', 'image_url_m130': 'https://vsprod.vijaysales.com/media/catalog/product/2/3/231851_1_.jpg', 'rating_m130': 4, 'discount_m130': 24.18, 'main_category_m130': 'Large Appliances', 'sub_category_m130': 'Side By Side', 'capacity_litres_m130': 650, 'star_rating_m130': 3, 'model_name_m130': 'RF65DB90BD12, Clean White', 'category_m130': 'refrigerators', 'scrape_timestamp_m131': datetime.datetime(2026, 2, 13, 12, 1, 57, 660637), 'product_id_m131': 230574, 'brand_m131': 'Godrej', 'price_m131': 31990, 'mrp_m131': 48090, 'availability_m131': 'Available', 'product_url_m131': 'https://www.vijaysales.com/p/230574/godrej-308-litres-2-star-double-door-inverter-frost-free-refrigerator-4-in-1-convertible-modes-ai-tech-nano-shield-technology-wide-shelves-rt-eonvibe-346b-rcit-steel-rush', 'image_url_m131': 'https://vsprod.vijaysales.com/media/catalog/product/2/3/230574_1_.jpg', 'rating_m131': 5, 'discount_m131': 33.48, 'main_category_m131': 'Large Appliances', 'sub_category_m131': 'Double Door', 'capacity_litres_m131': 308, 'star_rating_m131': 2, 'model_name_m131': 'RT EONVIBE 346B RCIT, Steel Rush', 'category_m131': 'refrigerators', 'scrape_timestamp_m132': datetime.datetime(2026, 2, 13, 12, 1, 57, 660637), 'product_id_m132': 230573, 'brand_m132': 'Godrej', 'price_m132': 34990, 'mrp_m132': 53490, 'availability_m132': 'Available', 'product_url_m132': 'https://www.vijaysales.com/p/230573/godrej-330-lites-2-star-frost-free-inverter-refrigerator-with-convertible-4-in-1-modes-360-degree-cooling-2-25l-door-storage-eon-vibe-matt-black', 'image_url_m132': 'https://vsprod.vijaysales.com/media/catalog/product/2/3/230573_1__1.jpg', 'rating_m132': 5, 'discount_m132': 34.59, 'main_category_m132': 'Large Appliances', 'sub_category_m132': 'Double Door', 'capacity_litres_m132': 330, 'star_rating_m132': 2, 'model_name_m132': 'Eon Vibe, Matt Black', 'category_m132': 'refrigerators', 'scrape_timestamp_m133': datetime.datetime(2026, 2, 13, 12, 1, 57, 660637), 'product_id_m133': 229927, 'brand_m133': 'Samsung', 'price_m133': 109990, 'mrp_m133': 160000, 'availability_m133': 'Available', 'product_url_m133': 'https://www.vijaysales.com/p/229927/samsung-653-l-convertible-5-in-1-side-by-side-refrigerator-with-3-star-auto-open-door-rs76cb81a333-glam-deep-charcoal', 'image_url_m133': 'https://vsprod.vijaysales.com/media/catalog/product/2/2/229927-image.jpg', 'rating_m133': 4, 'discount_m133': 31.26, 'main_category_m133': 'Large Appliances', 'sub_category_m133': 'Side By Side', 'capacity_litres_m133': 653, 'star_rating_m133': 3, 'model_name_m133': 'RS76CB81A333, Glam Deep Charcoal', 'category_m133': 'refrigerators', 'scrape_timestamp_m134': datetime.datetime(2026, 2, 13, 12, 1, 57, 660637), 'product_id_m134': 229926, 'brand_m134': 'Samsung', 'price_m134': 104490, 'mrp_m134': 160000, 'availability_m134': 'Available', 'product_url_m134': 'https://www.vijaysales.com/p/229926/samsung-653l-bespoke-convertible-5in1-side-by-side-refrigerator-with-3-star-twin-cooling-plus-digital-inverter-compressor-rs76cb81a312-clean-white', 'image_url_m134': 'https://vsprod.vijaysales.com/media/catalog/product/2/2/229926-image.jpg', 'rating_m134': 5, 'discount_m134': 34.69, 'main_category_m134': 'Large Appliances', 'sub_category_m134': 'Side By Side', 'capacity_litres_m134': 653, 'star_rating_m134': 3, 'model_name_m134': 'RS76CB81A312,Clean White', 'category_m134': 'refrigerators', 'scrape_timestamp_m135': datetime.datetime(2026, 2, 13, 12, 1, 57, 660637), 'product_id_m135': 229925, 'brand_m135': 'Samsung', 'price_m135': 349990, 'mrp_m135': 509000, 'availability_m135': 'Unavailable', 'product_url_m135': 'https://www.vijaysales.com/p/229925/samsung-809-litres-bespoke-4-door-flex-family-hub-french-door-refrigerator-with-81-3-cm-screen-ai-vision-inside-auto-open-door-dual-auto-ice-maker-rf71db9950qd-clean-charcoal-stainless-steel', 'image_url_m135': 'https://vsprod.vijaysales.com/media/catalog/product/2/2/229925_1_.jpg', 'rating_m135': 5, 'discount_m135': 31.24, 'main_category_m135': 'Large Appliances', 'sub_category_m135': 'Side By Side', 'capacity_litres_m135': 809, 'star_rating_m135': 2, 'model_name_m135': 'RF71DB9950QD, Clean Charcoal + Stainless Steel', 'category_m135': 'refrigerators', 'scrape_timestamp_m136': datetime.datetime(2026, 2, 13, 12, 1, 57, 660637), 'product_id_m136': 229924, 'brand_m136': 'Samsung', 'price_m136': 178490, 'mrp_m136': 226000, 'availability_m136': 'Available', 'product_url_m136': 'https://www.vijaysales.com/p/229924/samsung-650-litres-convertible-frost-free-french-door-refrigerator-with-triple-cooling-flex-zone-power-cool-power-freeze-slide-in-shelf-ai-energy-mode-rf65dg90bdsg-black-caviar', 'image_url_m136': 'https://vsprod.vijaysales.com/media/catalog/product/2/2/229924_1__1.jpg', 'rating_m136': 5, 'discount_m136': 21.02, 'main_category_m136': 'Large Appliances', 'sub_category_m136': 'Side By Side', 'capacity_litres_m136': 650, 'star_rating_m136': 2, 'model_name_m136': 'RF65DG90BDSG, Black Caviar', 'category_m136': 'refrigerators', 'scrape_timestamp_m137': datetime.datetime(2026, 2, 13, 12, 1, 57, 660637), 'product_id_m137': 227829, 'brand_m137': 'LG', 'price_m137': 18990, 'mrp_m137': 21999, 'availability_m137': 'Unavailable', 'product_url_m137': 'https://www.vijaysales.com/p/227829/lg-201-litres-3-star-single-door-direct-cool-refrigerator-with-stabilizer-free-operation-gl-b211held-emareld-lotus', 'image_url_m137': 'https://vsprod.vijaysales.com/media/catalog/product/2/2/227829-image1.jpg', 'rating_m137': 5, 'discount_m137': 13.68, 'main_category_m137': 'Large Appliances', 'sub_category_m137': 'Single Door', 'capacity_litres_m137': 201, 'star_rating_m137': 3, 'model_name_m137': 'GL-B211HELD, Emareld Lotus', 'category_m137': 'refrigerators', 'scrape_timestamp_m138': datetime.datetime(2026, 2, 13, 12, 1, 57, 660637), 'product_id_m138': 227827, 'brand_m138': 'LG', 'price_m138': 19590, 'mrp_m138': 26199, 'availability_m138': 'Unavailable', 'product_url_m138': 'https://www.vijaysales.com/p/227827/lg-201-litres-5-star-direct-cool-single-door-refrigerator-with-antibacterial-gasket-scarlet-euphoria', 'image_url_m138': 'https://vsprod.vijaysales.com/media/catalog/product/2/2/227827-image1.jpg', 'rating_m138': 4, 'discount_m138': 25.23, 'main_category_m138': 'Large Appliances', 'sub_category_m138': 'Single Door', 'capacity_litres_m138': 201, 'star_rating_m138': 5, 'model_name_m138': 'Scarlet Euphoria', 'category_m138': 'refrigerators', 'scrape_timestamp_m139': datetime.datetime(2026, 2, 13, 12, 1, 57, 660637), 'product_id_m139': 227610, 'brand_m139': 'LG', 'price_m139': 399990, 'mrp_m139': 449999, 'availability_m139': 'Unavailable', 'product_url_m139': 'https://www.vijaysales.com/p/227610/lg-617-litres-3-stat-multi-door-frost-free-refrigerator-with-instaview-thinq-wi-fi-door-alarm-smart-diagnosis-gr-a24fdmmb', 'image_url_m139': 'https://vsprod.vijaysales.com/media/catalog/product/2/2/227610-image1.jpg', 'rating_m139': 4, 'discount_m139': 11.11, 'main_category_m139': 'Large Appliances', 'sub_category_m139': 'Side By Side', 'capacity_litres_m139': 617, 'star_rating_m139': 3, 'model_name_m139': 'GR-A24FDMMB', 'category_m139': 'refrigerators', 'scrape_timestamp_m140': datetime.datetime(2026, 2, 13, 12, 1, 57, 660637), 'product_id_m140': 226093, 'brand_m140': 'Whirlpool', 'price_m140': 43200, 'mrp_m140': 70300, 'availability_m140': 'Unavailable', 'product_url_m140': 'https://www.vijaysales.com/p/226093/whirlpool-intellifresh-467-litres-2-star-frost-free-double-door-inverter-refrigerator-with-5-in-1-convertible-modes-ifinvcnv515so2sz-steel-onyx', 'image_url_m140': 'https://vsprod.vijaysales.com/media/catalog/product/2/2/226093-image1_1.jpg', 'rating_m140': 4, 'discount_m140': 38.55, 'main_category_m140': 'Large Appliances', 'sub_category_m140': 'Double Door', 'capacity_litres_m140': 467, 'star_rating_m140': 2, 'model_name_m140': 'IFINVCNV515SO2SZ, Steel Onyx', 'category_m140': 'refrigerators', 'scrape_timestamp_m141': datetime.datetime(2026, 2, 13, 12, 1, 57, 660637), 'product_id_m141': 226090, 'brand_m141': 'Whirlpool', 'price_m141': 16800, 'mrp_m141': 22050, 'availability_m141': 'Unavailable', 'product_url_m141': 'https://www.vijaysales.com/p/226090/whirlpool-vitamagic-pro-192-litres-3-star-direct-cool-single-door-inverter-refrigerator-with-auto-defrost-technology-215vmproprm3sasz-alpha-steel', 'image_url_m141': 'https://vsprod.vijaysales.com/media/catalog/product/2/2/226090-image1.jpg', 'rating_m141': 5, 'discount_m141': 23.81, 'main_category_m141': 'Large Appliances', 'sub_category_m141': 'Single Door', 'capacity_litres_m141': 192, 'star_rating_m141': 3, 'model_name_m141': '215VMPROPRM3SASZ, Alpha Steel', 'category_m141': 'refrigerators', 'scrape_timestamp_m142': datetime.datetime(2026, 2, 13, 12, 1, 57, 660637), 'product_id_m142': 224671, 'brand_m142': 'Haier', 'price_m142': 48990, 'mrp_m142': 75890, 'availability_m142': 'Unavailable', 'product_url_m142': 'https://www.vijaysales.com/p/224671/haier-355-litres-3-star-double-door-frost-free-refrigerator-magic-cooling-14-in-1-convertible-triple-inverter-dual-fan-tech-2x-big-box-1-hour-icing-technology-hrb-4053pmg-p-mirror-glass', 'image_url_m142': 'https://vsprod.vijaysales.com/media/catalog/product/2/2/224671_1__1.jpg', 'rating_m142': 5, 'discount_m142': 35.45, 'main_category_m142': 'Large Appliances', 'sub_category_m142': 'Double Door', 'capacity_litres_m142': 355, 'star_rating_m142': 3, 'model_name_m142': 'HRB-4053PMG-P, Mirror Glass', 'category_m142': 'refrigerators', 'scrape_timestamp_m143': datetime.datetime(2026, 2, 13, 12, 1, 57, 660637), 'product_id_m143': 224424, 'brand_m143': 'Panasonic', 'price_m143': 49990, 'mrp_m143': 90000, 'availability_m143': 'Unavailable', 'product_url_m143': 'https://www.vijaysales.com/p/224424/panasonic-401-l-double-door-bottom-mount-refrigerator-with-2-star-prime-convertible-ai-econavi-6-stage-smart-inverter-nr-bk468bqkn-diamond-black', 'image_url_m143': 'https://vsprod.vijaysales.com/media/catalog/product/2/2/224424-image.jpg', 'rating_m143': 5, 'discount_m143': 44.46, 'main_category_m143': 'Large Appliances', 'sub_category_m143': 'Double Door', 'capacity_litres_m143': 401, 'star_rating_m143': 2, 'model_name_m143': 'NR-BK468BQKN, Diamond Black', 'category_m143': 'refrigerators', 'scrape_timestamp_m144': datetime.datetime(2026, 2, 13, 12, 1, 57, 660637), 'product_id_m144': 224388, 'brand_m144': 'Liebherr', 'price_m144': 15990, 'mrp_m144': 19490, 'availability_m144': 'Unavailable', 'product_url_m144': 'https://www.vijaysales.com/p/224388/liebherr-191-litres-3-star-single-door-direct-cool-refrigerator-adjustable-shelves-led-lighting-2-25l-big-bottle-storage-ice-cube-tray-pocket-handle-dnpsic-1901-pure-silver-steel', 'image_url_m144': 'https://vsprod.vijaysales.com/media/catalog/product/i/m/imgi_11_dnpsic_1901.jpg', 'rating_m144': 5, 'discount_m144': 17.96, 'main_category_m144': 'Large Appliances', 'sub_category_m144': 'Single Door', 'capacity_litres_m144': 191, 'star_rating_m144': 3, 'model_name_m144': 'DNPsiC 1901 Pure, Silver Steel', 'category_m144': 'refrigerators', 'scrape_timestamp_m145': datetime.datetime(2026, 2, 13, 12, 1, 57, 660637), 'product_id_m145': 224351, 'brand_m145': 'Bluestar', 'price_m145': 8990, 'mrp_m145': 11990, 'availability_m145': 'Unavailable', 'product_url_m145': 'https://www.vijaysales.com/p/224351/bluestar-47-litres-2-star-mini-bar-refrigerator-temperature-control-dial-reversible-door-silent-operation-led-lighting-mr60-gg', 'image_url_m145': 'https://vsprod.vijaysales.com/media/catalog/product/2/2/224351_1_.jpg', 'rating_m145': 4, 'discount_m145': 25.02, 'main_category_m145': 'Large Appliances', 'sub_category_m145': 'Single Door', 'capacity_litres_m145': 47, 'star_rating_m145': 2, 'model_name_m145': 'MR60-GG', 'category_m145': 'refrigerators', 'scrape_timestamp_m146': datetime.datetime(2026, 2, 13, 12, 1, 57, 660637), 'product_id_m146': 222379, 'brand_m146': 'LG', 'price_m146': 97990, 'mrp_m146': 140499, 'availability_m146': 'Unavailable', 'product_url_m146': 'https://www.vijaysales.com/p/P222377/222379/lg-650-l-side-by-side-door-convertible-refrigerator-with-door-cooling-hygiene-fresh-gl-b257epz3-shiny-steel', 'image_url_m146': 'https://vsprod.vijaysales.com/media/catalog/product/2/2/222379-image1_1.jpg', 'rating_m146': 4, 'discount_m146': 30.26, 'main_category_m146': 'Large Appliances', 'sub_category_m146': 'Side By Side', 'capacity_litres_m146': 650, 'star_rating_m146': 2, 'model_name_m146': 'GL-B257EPZ3, Shiny Steel', 'category_m146': 'refrigerators', 'scrape_timestamp_m147': datetime.datetime(2026, 2, 13, 12, 1, 57, 660637), 'product_id_m147': 219731, 'brand_m147': 'LG', 'price_m147': 46324, 'mrp_m147': 63999, 'availability_m147': 'Available', 'product_url_m147': 'https://www.vijaysales.com/p/219731/lg-380-litres-2-star-double-door-inverter-refrigerator-with-smart-inverter-compressor-toughened-glass-shelves-gls412susy-urban-steel', 'image_url_m147': 'https://vsprod.vijaysales.com/media/catalog/product/b/a/background_2.jpg', 'rating_m147': 4, 'discount_m147': 27.62, 'main_category_m147': 'Large Appliances', 'sub_category_m147': 'Double Door', 'capacity_litres_m147': 380, 'star_rating_m147': 2, 'model_name_m147': 'GLS412SUSY, Urban Steel', 'category_m147': 'refrigerators', 'scrape_timestamp_m148': datetime.datetime(2026, 2, 13, 12, 1, 57, 660637), 'product_id_m148': 217435, 'brand_m148': 'Godrej', 'price_m148': 25390, 'mrp_m148': 33050, 'availability_m148': 'Available', 'product_url_m148': 'https://www.vijaysales.com/p/P217435/217435/godrej-244-litres-2-star-frost-free-double-door-refrigerator-with-inverter-compressor-cool-balance-technology-rteonvalor280brifsst-fossil-steel', 'image_url_m148': 'https://vsprod.vijaysales.com/media/catalog/product/2/1/217435_1_.jpg', 'rating_m148': 5, 'discount_m148': 23.18, 'main_category_m148': 'Large Appliances', 'sub_category_m148': 'Double Door', 'capacity_litres_m148': 244, 'star_rating_m148': 2, 'model_name_m148': 'RT Eon Valor 280B RI FS ST, Fossil Steel', 'category_m148': 'refrigerators', 'scrape_timestamp_m149': datetime.datetime(2026, 2, 13, 12, 1, 57, 660637), 'product_id_m149': 215025, 'brand_m149': 'Whirlpool', 'price_m149': 17990, 'mrp_m149': 22000, 'availability_m149': 'Unavailable', 'product_url_m149': 'https://www.vijaysales.com/p/P214547/215025/whirlpool-207-litres-3-star-direct-cool-single-door-refrigerator-no-1-in-ice-making-230-icemagic-pro-roy-3s-wmz-wine-mulia-z', 'image_url_m149': 'https://vsprod.vijaysales.com/media/catalog/product/2/1/215025-image1_1.jpg', 'rating_m149': 5, 'discount_m149': 18.23, 'main_category_m149': 'Large Appliances', 'sub_category_m149': 'Single Door', 'capacity_litres_m149': 207, 'star_rating_m149': 3, 'model_name_m149': '230 Icemagic Pro ROY 3S WMZ, Wine Mulia-Z', 'category_m149': 'refrigerators'}]
(Background on this error at: https://sqlalche.me/e/14/gkpj)
[2026-02-13T12:01:58.035+0000] {processor.py:842} WARNING - No viable dags retrieved from /opt/airflow/dags/scripts/loaders/load_refrigerators.py
[2026-02-13T12:01:58.097+0000] {processor.py:183} INFO - Processing /opt/airflow/dags/scripts/loaders/load_refrigerators.py took 1.096 seconds
[2026-02-13T12:02:28.630+0000] {processor.py:161} INFO - Started process (PID=249) to work on /opt/airflow/dags/scripts/loaders/load_refrigerators.py
[2026-02-13T12:02:28.634+0000] {processor.py:830} INFO - Processing file /opt/airflow/dags/scripts/loaders/load_refrigerators.py for tasks to queue
[2026-02-13T12:02:28.644+0000] {logging_mixin.py:188} INFO - [2026-02-13T12:02:28.643+0000] {dagbag.py:545} INFO - Filling up the DagBag from /opt/airflow/dags/scripts/loaders/load_refrigerators.py
[2026-02-13T12:02:30.373+0000] {logging_mixin.py:188} INFO - 🚀 Loading REFRIGERATORS data
[2026-02-13T12:02:30.785+0000] {logging_mixin.py:188} INFO - ✅ Refrigerators table refreshed successfully
[2026-02-13T12:02:30.787+0000] {processor.py:842} WARNING - No viable dags retrieved from /opt/airflow/dags/scripts/loaders/load_refrigerators.py
[2026-02-13T12:02:30.839+0000] {processor.py:183} INFO - Processing /opt/airflow/dags/scripts/loaders/load_refrigerators.py took 2.235 seconds
[2026-02-13T12:03:01.437+0000] {processor.py:161} INFO - Started process (PID=287) to work on /opt/airflow/dags/scripts/loaders/load_refrigerators.py
[2026-02-13T12:03:01.439+0000] {processor.py:830} INFO - Processing file /opt/airflow/dags/scripts/loaders/load_refrigerators.py for tasks to queue
[2026-02-13T12:03:01.442+0000] {logging_mixin.py:188} INFO - [2026-02-13T12:03:01.442+0000] {dagbag.py:545} INFO - Filling up the DagBag from /opt/airflow/dags/scripts/loaders/load_refrigerators.py
[2026-02-13T12:03:01.928+0000] {logging_mixin.py:188} INFO - 🚀 Loading REFRIGERATORS data
[2026-02-13T12:03:02.116+0000] {logging_mixin.py:188} INFO - ✅ Refrigerators table refreshed successfully
[2026-02-13T12:03:02.117+0000] {processor.py:842} WARNING - No viable dags retrieved from /opt/airflow/dags/scripts/loaders/load_refrigerators.py
[2026-02-13T12:03:02.145+0000] {processor.py:183} INFO - Processing /opt/airflow/dags/scripts/loaders/load_refrigerators.py took 0.715 seconds
[2026-02-13T12:03:32.702+0000] {processor.py:161} INFO - Started process (PID=313) to work on /opt/airflow/dags/scripts/loaders/load_refrigerators.py
[2026-02-13T12:03:32.704+0000] {processor.py:830} INFO - Processing file /opt/airflow/dags/scripts/loaders/load_refrigerators.py for tasks to queue
[2026-02-13T12:03:32.707+0000] {logging_mixin.py:188} INFO - [2026-02-13T12:03:32.707+0000] {dagbag.py:545} INFO - Filling up the DagBag from /opt/airflow/dags/scripts/loaders/load_refrigerators.py
[2026-02-13T12:03:33.140+0000] {logging_mixin.py:188} INFO - 🚀 Loading REFRIGERATORS data
[2026-02-13T12:03:33.318+0000] {logging_mixin.py:188} INFO - ✅ Refrigerators table refreshed successfully
[2026-02-13T12:03:33.319+0000] {processor.py:842} WARNING - No viable dags retrieved from /opt/airflow/dags/scripts/loaders/load_refrigerators.py
[2026-02-13T12:03:33.354+0000] {processor.py:183} INFO - Processing /opt/airflow/dags/scripts/loaders/load_refrigerators.py took 0.662 seconds
[2026-02-13T12:04:03.653+0000] {processor.py:161} INFO - Started process (PID=340) to work on /opt/airflow/dags/scripts/loaders/load_refrigerators.py
[2026-02-13T12:04:03.655+0000] {processor.py:830} INFO - Processing file /opt/airflow/dags/scripts/loaders/load_refrigerators.py for tasks to queue
[2026-02-13T12:04:03.658+0000] {logging_mixin.py:188} INFO - [2026-02-13T12:04:03.658+0000] {dagbag.py:545} INFO - Filling up the DagBag from /opt/airflow/dags/scripts/loaders/load_refrigerators.py
[2026-02-13T12:04:04.154+0000] {logging_mixin.py:188} INFO - 🚀 Loading REFRIGERATORS data
[2026-02-13T12:04:04.331+0000] {logging_mixin.py:188} INFO - ✅ Refrigerators table refreshed successfully
[2026-02-13T12:04:04.332+0000] {processor.py:842} WARNING - No viable dags retrieved from /opt/airflow/dags/scripts/loaders/load_refrigerators.py
[2026-02-13T12:04:04.370+0000] {processor.py:183} INFO - Processing /opt/airflow/dags/scripts/loaders/load_refrigerators.py took 0.726 seconds
[2026-02-13T12:04:34.726+0000] {processor.py:161} INFO - Started process (PID=369) to work on /opt/airflow/dags/scripts/loaders/load_refrigerators.py
[2026-02-13T12:04:34.728+0000] {processor.py:830} INFO - Processing file /opt/airflow/dags/scripts/loaders/load_refrigerators.py for tasks to queue
[2026-02-13T12:04:34.734+0000] {logging_mixin.py:188} INFO - [2026-02-13T12:04:34.733+0000] {dagbag.py:545} INFO - Filling up the DagBag from /opt/airflow/dags/scripts/loaders/load_refrigerators.py
[2026-02-13T12:04:35.228+0000] {logging_mixin.py:188} INFO - 🚀 Loading REFRIGERATORS data
[2026-02-13T12:04:35.466+0000] {logging_mixin.py:188} INFO - ✅ Refrigerators table refreshed successfully
[2026-02-13T12:04:35.468+0000] {processor.py:842} WARNING - No viable dags retrieved from /opt/airflow/dags/scripts/loaders/load_refrigerators.py
[2026-02-13T12:04:35.497+0000] {processor.py:183} INFO - Processing /opt/airflow/dags/scripts/loaders/load_refrigerators.py took 0.782 seconds
[2026-02-13T12:05:06.667+0000] {processor.py:161} INFO - Started process (PID=456) to work on /opt/airflow/dags/scripts/loaders/load_refrigerators.py
[2026-02-13T12:05:06.701+0000] {processor.py:830} INFO - Processing file /opt/airflow/dags/scripts/loaders/load_refrigerators.py for tasks to queue
[2026-02-13T12:05:06.896+0000] {logging_mixin.py:188} INFO - [2026-02-13T12:05:06.861+0000] {dagbag.py:545} INFO - Filling up the DagBag from /opt/airflow/dags/scripts/loaders/load_refrigerators.py
[2026-02-13T12:05:09.326+0000] {logging_mixin.py:188} INFO - 🚀 Loading REFRIGERATORS data
[2026-02-13T12:05:09.783+0000] {logging_mixin.py:188} INFO - ✅ Refrigerators table refreshed successfully
[2026-02-13T12:05:09.787+0000] {processor.py:842} WARNING - No viable dags retrieved from /opt/airflow/dags/scripts/loaders/load_refrigerators.py
[2026-02-13T12:05:09.869+0000] {processor.py:183} INFO - Processing /opt/airflow/dags/scripts/loaders/load_refrigerators.py took 3.540 seconds
[2026-02-13T12:05:40.171+0000] {processor.py:161} INFO - Started process (PID=553) to work on /opt/airflow/dags/scripts/loaders/load_refrigerators.py
[2026-02-13T12:05:40.189+0000] {processor.py:830} INFO - Processing file /opt/airflow/dags/scripts/loaders/load_refrigerators.py for tasks to queue
[2026-02-13T12:05:40.197+0000] {logging_mixin.py:188} INFO - [2026-02-13T12:05:40.196+0000] {dagbag.py:545} INFO - Filling up the DagBag from /opt/airflow/dags/scripts/loaders/load_refrigerators.py
[2026-02-13T12:05:40.838+0000] {logging_mixin.py:188} INFO - 🚀 Loading REFRIGERATORS data
[2026-02-13T12:05:41.007+0000] {logging_mixin.py:188} INFO - ✅ Refrigerators table refreshed successfully
[2026-02-13T12:05:41.008+0000] {processor.py:842} WARNING - No viable dags retrieved from /opt/airflow/dags/scripts/loaders/load_refrigerators.py
[2026-02-13T12:05:41.027+0000] {processor.py:183} INFO - Processing /opt/airflow/dags/scripts/loaders/load_refrigerators.py took 0.884 seconds
[2026-02-13T12:06:11.599+0000] {processor.py:161} INFO - Started process (PID=582) to work on /opt/airflow/dags/scripts/loaders/load_refrigerators.py
[2026-02-13T12:06:11.601+0000] {processor.py:830} INFO - Processing file /opt/airflow/dags/scripts/loaders/load_refrigerators.py for tasks to queue
[2026-02-13T12:06:11.603+0000] {logging_mixin.py:188} INFO - [2026-02-13T12:06:11.603+0000] {dagbag.py:545} INFO - Filling up the DagBag from /opt/airflow/dags/scripts/loaders/load_refrigerators.py
[2026-02-13T12:06:12.070+0000] {logging_mixin.py:188} INFO - 🚀 Loading REFRIGERATORS data
[2026-02-13T12:06:12.486+0000] {logging_mixin.py:188} INFO - ✅ Refrigerators table refreshed successfully
[2026-02-13T12:06:12.488+0000] {processor.py:842} WARNING - No viable dags retrieved from /opt/airflow/dags/scripts/loaders/load_refrigerators.py
[2026-02-13T12:06:12.504+0000] {processor.py:183} INFO - Processing /opt/airflow/dags/scripts/loaders/load_refrigerators.py took 0.914 seconds
[2026-02-13T12:06:42.762+0000] {processor.py:161} INFO - Started process (PID=611) to work on /opt/airflow/dags/scripts/loaders/load_refrigerators.py
[2026-02-13T12:06:42.765+0000] {processor.py:830} INFO - Processing file /opt/airflow/dags/scripts/loaders/load_refrigerators.py for tasks to queue
[2026-02-13T12:06:42.769+0000] {logging_mixin.py:188} INFO - [2026-02-13T12:06:42.768+0000] {dagbag.py:545} INFO - Filling up the DagBag from /opt/airflow/dags/scripts/loaders/load_refrigerators.py
[2026-02-13T12:06:43.526+0000] {logging_mixin.py:188} INFO - 🚀 Loading REFRIGERATORS data
[2026-02-13T12:06:43.706+0000] {logging_mixin.py:188} INFO - ✅ Refrigerators table refreshed successfully
[2026-02-13T12:06:43.707+0000] {processor.py:842} WARNING - No viable dags retrieved from /opt/airflow/dags/scripts/loaders/load_refrigerators.py
[2026-02-13T12:06:43.739+0000] {processor.py:183} INFO - Processing /opt/airflow/dags/scripts/loaders/load_refrigerators.py took 0.990 seconds
[2026-02-13T12:07:14.183+0000] {processor.py:161} INFO - Started process (PID=640) to work on /opt/airflow/dags/scripts/loaders/load_refrigerators.py
[2026-02-13T12:07:14.186+0000] {processor.py:830} INFO - Processing file /opt/airflow/dags/scripts/loaders/load_refrigerators.py for tasks to queue
[2026-02-13T12:07:14.192+0000] {logging_mixin.py:188} INFO - [2026-02-13T12:07:14.191+0000] {dagbag.py:545} INFO - Filling up the DagBag from /opt/airflow/dags/scripts/loaders/load_refrigerators.py
[2026-02-13T12:07:14.720+0000] {logging_mixin.py:188} INFO - 🚀 Loading REFRIGERATORS data
[2026-02-13T12:07:14.929+0000] {logging_mixin.py:188} INFO - ✅ Refrigerators table refreshed successfully
[2026-02-13T12:07:14.938+0000] {processor.py:842} WARNING - No viable dags retrieved from /opt/airflow/dags/scripts/loaders/load_refrigerators.py
[2026-02-13T12:07:14.969+0000] {processor.py:183} INFO - Processing /opt/airflow/dags/scripts/loaders/load_refrigerators.py took 0.805 seconds
[2026-02-13T12:07:45.610+0000] {processor.py:161} INFO - Started process (PID=669) to work on /opt/airflow/dags/scripts/loaders/load_refrigerators.py
[2026-02-13T12:07:45.614+0000] {processor.py:830} INFO - Processing file /opt/airflow/dags/scripts/loaders/load_refrigerators.py for tasks to queue
[2026-02-13T12:07:45.620+0000] {logging_mixin.py:188} INFO - [2026-02-13T12:07:45.618+0000] {dagbag.py:545} INFO - Filling up the DagBag from /opt/airflow/dags/scripts/loaders/load_refrigerators.py
[2026-02-13T12:07:46.820+0000] {logging_mixin.py:188} INFO - 🚀 Loading REFRIGERATORS data
[2026-02-13T12:07:47.219+0000] {logging_mixin.py:188} INFO - ✅ Refrigerators table refreshed successfully
[2026-02-13T12:07:47.222+0000] {processor.py:842} WARNING - No viable dags retrieved from /opt/airflow/dags/scripts/loaders/load_refrigerators.py
[2026-02-13T12:07:47.331+0000] {processor.py:183} INFO - Processing /opt/airflow/dags/scripts/loaders/load_refrigerators.py took 1.741 seconds
[2026-02-13T12:08:18.454+0000] {processor.py:161} INFO - Started process (PID=698) to work on /opt/airflow/dags/scripts/loaders/load_refrigerators.py
[2026-02-13T12:08:18.460+0000] {processor.py:830} INFO - Processing file /opt/airflow/dags/scripts/loaders/load_refrigerators.py for tasks to queue
[2026-02-13T12:08:18.474+0000] {logging_mixin.py:188} INFO - [2026-02-13T12:08:18.473+0000] {dagbag.py:545} INFO - Filling up the DagBag from /opt/airflow/dags/scripts/loaders/load_refrigerators.py
[2026-02-13T12:08:19.047+0000] {logging_mixin.py:188} INFO - 🚀 Loading REFRIGERATORS data
[2026-02-13T12:08:19.360+0000] {logging_mixin.py:188} INFO - ✅ Refrigerators table refreshed successfully
[2026-02-13T12:08:19.362+0000] {processor.py:842} WARNING - No viable dags retrieved from /opt/airflow/dags/scripts/loaders/load_refrigerators.py
[2026-02-13T12:08:19.390+0000] {processor.py:183} INFO - Processing /opt/airflow/dags/scripts/loaders/load_refrigerators.py took 0.972 seconds
[2026-02-13T12:08:49.884+0000] {processor.py:161} INFO - Started process (PID=727) to work on /opt/airflow/dags/scripts/loaders/load_refrigerators.py
[2026-02-13T12:08:49.886+0000] {processor.py:830} INFO - Processing file /opt/airflow/dags/scripts/loaders/load_refrigerators.py for tasks to queue
[2026-02-13T12:08:49.889+0000] {logging_mixin.py:188} INFO - [2026-02-13T12:08:49.888+0000] {dagbag.py:545} INFO - Filling up the DagBag from /opt/airflow/dags/scripts/loaders/load_refrigerators.py
[2026-02-13T12:08:50.353+0000] {logging_mixin.py:188} INFO - 🚀 Loading REFRIGERATORS data
[2026-02-13T12:08:51.035+0000] {logging_mixin.py:188} INFO - ✅ Refrigerators table refreshed successfully
[2026-02-13T12:08:51.036+0000] {processor.py:842} WARNING - No viable dags retrieved from /opt/airflow/dags/scripts/loaders/load_refrigerators.py
[2026-02-13T12:08:51.061+0000] {processor.py:183} INFO - Processing /opt/airflow/dags/scripts/loaders/load_refrigerators.py took 1.188 seconds
[2026-02-13T12:09:21.619+0000] {processor.py:161} INFO - Started process (PID=756) to work on /opt/airflow/dags/scripts/loaders/load_refrigerators.py
[2026-02-13T12:09:21.621+0000] {processor.py:830} INFO - Processing file /opt/airflow/dags/scripts/loaders/load_refrigerators.py for tasks to queue
[2026-02-13T12:09:21.624+0000] {logging_mixin.py:188} INFO - [2026-02-13T12:09:21.623+0000] {dagbag.py:545} INFO - Filling up the DagBag from /opt/airflow/dags/scripts/loaders/load_refrigerators.py
[2026-02-13T12:09:22.145+0000] {logging_mixin.py:188} INFO - 🚀 Loading REFRIGERATORS data
[2026-02-13T12:09:22.673+0000] {logging_mixin.py:188} INFO - ✅ Refrigerators table refreshed successfully
[2026-02-13T12:09:22.674+0000] {processor.py:842} WARNING - No viable dags retrieved from /opt/airflow/dags/scripts/loaders/load_refrigerators.py
[2026-02-13T12:09:22.708+0000] {processor.py:183} INFO - Processing /opt/airflow/dags/scripts/loaders/load_refrigerators.py took 1.097 seconds
[2026-02-13T12:09:53.165+0000] {processor.py:161} INFO - Started process (PID=785) to work on /opt/airflow/dags/scripts/loaders/load_refrigerators.py
[2026-02-13T12:09:53.168+0000] {processor.py:830} INFO - Processing file /opt/airflow/dags/scripts/loaders/load_refrigerators.py for tasks to queue
[2026-02-13T12:09:53.176+0000] {logging_mixin.py:188} INFO - [2026-02-13T12:09:53.174+0000] {dagbag.py:545} INFO - Filling up the DagBag from /opt/airflow/dags/scripts/loaders/load_refrigerators.py
[2026-02-13T12:09:54.108+0000] {logging_mixin.py:188} INFO - 🚀 Loading REFRIGERATORS data
[2026-02-13T12:09:54.361+0000] {logging_mixin.py:188} INFO - ✅ Refrigerators table refreshed successfully
[2026-02-13T12:09:54.363+0000] {processor.py:842} WARNING - No viable dags retrieved from /opt/airflow/dags/scripts/loaders/load_refrigerators.py
[2026-02-13T12:09:54.404+0000] {processor.py:183} INFO - Processing /opt/airflow/dags/scripts/loaders/load_refrigerators.py took 1.255 seconds
[2026-02-13T12:10:25.000+0000] {processor.py:161} INFO - Started process (PID=814) to work on /opt/airflow/dags/scripts/loaders/load_refrigerators.py
[2026-02-13T12:10:25.002+0000] {processor.py:830} INFO - Processing file /opt/airflow/dags/scripts/loaders/load_refrigerators.py for tasks to queue
[2026-02-13T12:10:25.007+0000] {logging_mixin.py:188} INFO - [2026-02-13T12:10:25.006+0000] {dagbag.py:545} INFO - Filling up the DagBag from /opt/airflow/dags/scripts/loaders/load_refrigerators.py
[2026-02-13T12:10:25.431+0000] {logging_mixin.py:188} INFO - 🚀 Loading REFRIGERATORS data
[2026-02-13T12:10:25.609+0000] {logging_mixin.py:188} INFO - ✅ Refrigerators table refreshed successfully
[2026-02-13T12:10:25.610+0000] {processor.py:842} WARNING - No viable dags retrieved from /opt/airflow/dags/scripts/loaders/load_refrigerators.py
[2026-02-13T12:10:25.631+0000] {processor.py:183} INFO - Processing /opt/airflow/dags/scripts/loaders/load_refrigerators.py took 0.640 seconds
[2026-02-13T12:10:56.614+0000] {processor.py:161} INFO - Started process (PID=843) to work on /opt/airflow/dags/scripts/loaders/load_refrigerators.py
[2026-02-13T12:10:56.616+0000] {processor.py:830} INFO - Processing file /opt/airflow/dags/scripts/loaders/load_refrigerators.py for tasks to queue
[2026-02-13T12:10:56.619+0000] {logging_mixin.py:188} INFO - [2026-02-13T12:10:56.619+0000] {dagbag.py:545} INFO - Filling up the DagBag from /opt/airflow/dags/scripts/loaders/load_refrigerators.py
[2026-02-13T12:10:57.057+0000] {logging_mixin.py:188} INFO - 🚀 Loading REFRIGERATORS data
[2026-02-13T12:10:57.244+0000] {logging_mixin.py:188} INFO - ✅ Refrigerators table refreshed successfully
[2026-02-13T12:10:57.245+0000] {processor.py:842} WARNING - No viable dags retrieved from /opt/airflow/dags/scripts/loaders/load_refrigerators.py
[2026-02-13T12:10:57.275+0000] {processor.py:183} INFO - Processing /opt/airflow/dags/scripts/loaders/load_refrigerators.py took 0.671 seconds
[2026-02-13T12:11:28.662+0000] {processor.py:161} INFO - Started process (PID=872) to work on /opt/airflow/dags/scripts/loaders/load_refrigerators.py
[2026-02-13T12:11:28.664+0000] {processor.py:830} INFO - Processing file /opt/airflow/dags/scripts/loaders/load_refrigerators.py for tasks to queue
[2026-02-13T12:11:28.667+0000] {logging_mixin.py:188} INFO - [2026-02-13T12:11:28.666+0000] {dagbag.py:545} INFO - Filling up the DagBag from /opt/airflow/dags/scripts/loaders/load_refrigerators.py
[2026-02-13T12:11:29.148+0000] {logging_mixin.py:188} INFO - 🚀 Loading REFRIGERATORS data
[2026-02-13T12:11:29.307+0000] {logging_mixin.py:188} INFO - ✅ Refrigerators table refreshed successfully
[2026-02-13T12:11:29.308+0000] {processor.py:842} WARNING - No viable dags retrieved from /opt/airflow/dags/scripts/loaders/load_refrigerators.py
[2026-02-13T12:11:29.324+0000] {processor.py:183} INFO - Processing /opt/airflow/dags/scripts/loaders/load_refrigerators.py took 0.672 seconds
[2026-02-13T12:12:00.908+0000] {processor.py:161} INFO - Started process (PID=901) to work on /opt/airflow/dags/scripts/loaders/load_refrigerators.py
[2026-02-13T12:12:00.909+0000] {processor.py:830} INFO - Processing file /opt/airflow/dags/scripts/loaders/load_refrigerators.py for tasks to queue
[2026-02-13T12:12:00.913+0000] {logging_mixin.py:188} INFO - [2026-02-13T12:12:00.912+0000] {dagbag.py:545} INFO - Filling up the DagBag from /opt/airflow/dags/scripts/loaders/load_refrigerators.py
[2026-02-13T12:12:01.332+0000] {logging_mixin.py:188} INFO - 🚀 Loading REFRIGERATORS data
[2026-02-13T12:12:01.783+0000] {logging_mixin.py:188} INFO - ✅ Refrigerators table refreshed successfully
[2026-02-13T12:12:01.784+0000] {processor.py:842} WARNING - No viable dags retrieved from /opt/airflow/dags/scripts/loaders/load_refrigerators.py
[2026-02-13T12:12:01.805+0000] {processor.py:183} INFO - Processing /opt/airflow/dags/scripts/loaders/load_refrigerators.py took 0.904 seconds
[2026-02-13T12:12:33.035+0000] {processor.py:161} INFO - Started process (PID=930) to work on /opt/airflow/dags/scripts/loaders/load_refrigerators.py
[2026-02-13T12:12:33.037+0000] {processor.py:830} INFO - Processing file /opt/airflow/dags/scripts/loaders/load_refrigerators.py for tasks to queue
[2026-02-13T12:12:33.040+0000] {logging_mixin.py:188} INFO - [2026-02-13T12:12:33.040+0000] {dagbag.py:545} INFO - Filling up the DagBag from /opt/airflow/dags/scripts/loaders/load_refrigerators.py
[2026-02-13T12:12:33.488+0000] {logging_mixin.py:188} INFO - 🚀 Loading REFRIGERATORS data
[2026-02-13T12:12:33.828+0000] {logging_mixin.py:188} INFO - ✅ Refrigerators table refreshed successfully
[2026-02-13T12:12:33.829+0000] {processor.py:842} WARNING - No viable dags retrieved from /opt/airflow/dags/scripts/loaders/load_refrigerators.py
[2026-02-13T12:12:33.847+0000] {processor.py:183} INFO - Processing /opt/airflow/dags/scripts/loaders/load_refrigerators.py took 0.819 seconds
[2026-02-13T12:13:04.580+0000] {processor.py:161} INFO - Started process (PID=959) to work on /opt/airflow/dags/scripts/loaders/load_refrigerators.py
[2026-02-13T12:13:04.581+0000] {processor.py:830} INFO - Processing file /opt/airflow/dags/scripts/loaders/load_refrigerators.py for tasks to queue
[2026-02-13T12:13:04.585+0000] {logging_mixin.py:188} INFO - [2026-02-13T12:13:04.584+0000] {dagbag.py:545} INFO - Filling up the DagBag from /opt/airflow/dags/scripts/loaders/load_refrigerators.py
[2026-02-13T12:13:05.014+0000] {logging_mixin.py:188} INFO - 🚀 Loading REFRIGERATORS data
[2026-02-13T12:13:05.140+0000] {logging_mixin.py:188} INFO - ✅ Refrigerators table refreshed successfully
[2026-02-13T12:13:05.141+0000] {processor.py:842} WARNING - No viable dags retrieved from /opt/airflow/dags/scripts/loaders/load_refrigerators.py
[2026-02-13T12:13:05.168+0000] {processor.py:183} INFO - Processing /opt/airflow/dags/scripts/loaders/load_refrigerators.py took 0.596 seconds
[2026-02-13T12:13:58.291+0000] {processor.py:161} INFO - Started process (PID=995) to work on /opt/airflow/dags/scripts/loaders/load_refrigerators.py
[2026-02-13T12:13:58.295+0000] {processor.py:830} INFO - Processing file /opt/airflow/dags/scripts/loaders/load_refrigerators.py for tasks to queue
[2026-02-13T12:13:58.302+0000] {logging_mixin.py:188} INFO - [2026-02-13T12:13:58.301+0000] {dagbag.py:545} INFO - Filling up the DagBag from /opt/airflow/dags/scripts/loaders/load_refrigerators.py
[2026-02-13T12:13:59.541+0000] {logging_mixin.py:188} INFO - 🚀 Loading REFRIGERATORS data
[2026-02-13T12:13:59.835+0000] {logging_mixin.py:188} INFO - ✅ Refrigerators table refreshed successfully
[2026-02-13T12:13:59.837+0000] {processor.py:842} WARNING - No viable dags retrieved from /opt/airflow/dags/scripts/loaders/load_refrigerators.py
[2026-02-13T12:13:59.874+0000] {processor.py:183} INFO - Processing /opt/airflow/dags/scripts/loaders/load_refrigerators.py took 1.606 seconds
[2026-02-13T12:14:30.412+0000] {processor.py:161} INFO - Started process (PID=1023) to work on /opt/airflow/dags/scripts/loaders/load_refrigerators.py
[2026-02-13T12:14:30.415+0000] {processor.py:830} INFO - Processing file /opt/airflow/dags/scripts/loaders/load_refrigerators.py for tasks to queue
[2026-02-13T12:14:30.418+0000] {logging_mixin.py:188} INFO - [2026-02-13T12:14:30.417+0000] {dagbag.py:545} INFO - Filling up the DagBag from /opt/airflow/dags/scripts/loaders/load_refrigerators.py
[2026-02-13T12:14:30.905+0000] {logging_mixin.py:188} INFO - 🚀 Loading REFRIGERATORS data
[2026-02-13T12:14:31.054+0000] {logging_mixin.py:188} INFO - ✅ Refrigerators table refreshed successfully
[2026-02-13T12:14:31.055+0000] {processor.py:842} WARNING - No viable dags retrieved from /opt/airflow/dags/scripts/loaders/load_refrigerators.py
[2026-02-13T12:14:31.080+0000] {processor.py:183} INFO - Processing /opt/airflow/dags/scripts/loaders/load_refrigerators.py took 0.683 seconds
[2026-02-13T12:15:01.945+0000] {processor.py:161} INFO - Started process (PID=1052) to work on /opt/airflow/dags/scripts/loaders/load_refrigerators.py
[2026-02-13T12:15:01.947+0000] {processor.py:830} INFO - Processing file /opt/airflow/dags/scripts/loaders/load_refrigerators.py for tasks to queue
[2026-02-13T12:15:01.950+0000] {logging_mixin.py:188} INFO - [2026-02-13T12:15:01.950+0000] {dagbag.py:545} INFO - Filling up the DagBag from /opt/airflow/dags/scripts/loaders/load_refrigerators.py
[2026-02-13T12:15:02.387+0000] {logging_mixin.py:188} INFO - 🚀 Loading REFRIGERATORS data
[2026-02-13T12:15:02.619+0000] {logging_mixin.py:188} INFO - ✅ Refrigerators table refreshed successfully
[2026-02-13T12:15:02.620+0000] {processor.py:842} WARNING - No viable dags retrieved from /opt/airflow/dags/scripts/loaders/load_refrigerators.py
[2026-02-13T12:15:02.656+0000] {processor.py:183} INFO - Processing /opt/airflow/dags/scripts/loaders/load_refrigerators.py took 0.719 seconds
[2026-02-13T12:15:32.964+0000] {processor.py:161} INFO - Started process (PID=1076) to work on /opt/airflow/dags/scripts/loaders/load_refrigerators.py
[2026-02-13T12:15:32.966+0000] {processor.py:830} INFO - Processing file /opt/airflow/dags/scripts/loaders/load_refrigerators.py for tasks to queue
[2026-02-13T12:15:32.969+0000] {logging_mixin.py:188} INFO - [2026-02-13T12:15:32.968+0000] {dagbag.py:545} INFO - Filling up the DagBag from /opt/airflow/dags/scripts/loaders/load_refrigerators.py
[2026-02-13T12:15:33.418+0000] {logging_mixin.py:188} INFO - 🚀 Loading REFRIGERATORS data
[2026-02-13T12:15:33.872+0000] {logging_mixin.py:188} INFO - ✅ Refrigerators table refreshed successfully
[2026-02-13T12:15:33.873+0000] {processor.py:842} WARNING - No viable dags retrieved from /opt/airflow/dags/scripts/loaders/load_refrigerators.py
[2026-02-13T12:15:33.891+0000] {processor.py:183} INFO - Processing /opt/airflow/dags/scripts/loaders/load_refrigerators.py took 0.935 seconds
[2026-02-13T12:16:04.096+0000] {processor.py:161} INFO - Started process (PID=1104) to work on /opt/airflow/dags/scripts/loaders/load_refrigerators.py
[2026-02-13T12:16:04.098+0000] {processor.py:830} INFO - Processing file /opt/airflow/dags/scripts/loaders/load_refrigerators.py for tasks to queue
[2026-02-13T12:16:04.101+0000] {logging_mixin.py:188} INFO - [2026-02-13T12:16:04.100+0000] {dagbag.py:545} INFO - Filling up the DagBag from /opt/airflow/dags/scripts/loaders/load_refrigerators.py
[2026-02-13T12:16:04.529+0000] {logging_mixin.py:188} INFO - 🚀 Loading REFRIGERATORS data
[2026-02-13T12:16:05.118+0000] {logging_mixin.py:188} INFO - ✅ Refrigerators table refreshed successfully
[2026-02-13T12:16:05.120+0000] {processor.py:842} WARNING - No viable dags retrieved from /opt/airflow/dags/scripts/loaders/load_refrigerators.py
[2026-02-13T12:16:05.146+0000] {processor.py:183} INFO - Processing /opt/airflow/dags/scripts/loaders/load_refrigerators.py took 1.060 seconds
[2026-02-13T12:16:36.376+0000] {processor.py:161} INFO - Started process (PID=1133) to work on /opt/airflow/dags/scripts/loaders/load_refrigerators.py
[2026-02-13T12:16:36.378+0000] {processor.py:830} INFO - Processing file /opt/airflow/dags/scripts/loaders/load_refrigerators.py for tasks to queue
[2026-02-13T12:16:36.380+0000] {logging_mixin.py:188} INFO - [2026-02-13T12:16:36.380+0000] {dagbag.py:545} INFO - Filling up the DagBag from /opt/airflow/dags/scripts/loaders/load_refrigerators.py
[2026-02-13T12:16:36.828+0000] {logging_mixin.py:188} INFO - 🚀 Loading REFRIGERATORS data
[2026-02-13T12:16:37.206+0000] {logging_mixin.py:188} INFO - ✅ Refrigerators table refreshed successfully
[2026-02-13T12:16:37.207+0000] {processor.py:842} WARNING - No viable dags retrieved from /opt/airflow/dags/scripts/loaders/load_refrigerators.py
[2026-02-13T12:16:37.229+0000] {processor.py:183} INFO - Processing /opt/airflow/dags/scripts/loaders/load_refrigerators.py took 0.862 seconds
[2026-02-13T12:17:08.514+0000] {processor.py:161} INFO - Started process (PID=1162) to work on /opt/airflow/dags/scripts/loaders/load_refrigerators.py
[2026-02-13T12:17:08.515+0000] {processor.py:830} INFO - Processing file /opt/airflow/dags/scripts/loaders/load_refrigerators.py for tasks to queue
[2026-02-13T12:17:08.519+0000] {logging_mixin.py:188} INFO - [2026-02-13T12:17:08.518+0000] {dagbag.py:545} INFO - Filling up the DagBag from /opt/airflow/dags/scripts/loaders/load_refrigerators.py
[2026-02-13T12:17:08.995+0000] {logging_mixin.py:188} INFO - 🚀 Loading REFRIGERATORS data
[2026-02-13T12:17:09.331+0000] {logging_mixin.py:188} INFO - ✅ Refrigerators table refreshed successfully
[2026-02-13T12:17:09.333+0000] {processor.py:842} WARNING - No viable dags retrieved from /opt/airflow/dags/scripts/loaders/load_refrigerators.py
[2026-02-13T12:17:09.365+0000] {processor.py:183} INFO - Processing /opt/airflow/dags/scripts/loaders/load_refrigerators.py took 0.860 seconds
[2026-02-13T12:17:40.749+0000] {processor.py:161} INFO - Started process (PID=1191) to work on /opt/airflow/dags/scripts/loaders/load_refrigerators.py
[2026-02-13T12:17:40.751+0000] {processor.py:830} INFO - Processing file /opt/airflow/dags/scripts/loaders/load_refrigerators.py for tasks to queue
[2026-02-13T12:17:40.755+0000] {logging_mixin.py:188} INFO - [2026-02-13T12:17:40.755+0000] {dagbag.py:545} INFO - Filling up the DagBag from /opt/airflow/dags/scripts/loaders/load_refrigerators.py
[2026-02-13T12:17:41.204+0000] {logging_mixin.py:188} INFO - 🚀 Loading REFRIGERATORS data
[2026-02-13T12:17:41.341+0000] {logging_mixin.py:188} INFO - ✅ Refrigerators table refreshed successfully
[2026-02-13T12:17:41.343+0000] {processor.py:842} WARNING - No viable dags retrieved from /opt/airflow/dags/scripts/loaders/load_refrigerators.py
[2026-02-13T12:17:41.364+0000] {processor.py:183} INFO - Processing /opt/airflow/dags/scripts/loaders/load_refrigerators.py took 0.624 seconds
[2026-02-13T12:18:12.681+0000] {processor.py:161} INFO - Started process (PID=1220) to work on /opt/airflow/dags/scripts/loaders/load_refrigerators.py
[2026-02-13T12:18:12.682+0000] {processor.py:830} INFO - Processing file /opt/airflow/dags/scripts/loaders/load_refrigerators.py for tasks to queue
[2026-02-13T12:18:12.685+0000] {logging_mixin.py:188} INFO - [2026-02-13T12:18:12.685+0000] {dagbag.py:545} INFO - Filling up the DagBag from /opt/airflow/dags/scripts/loaders/load_refrigerators.py
[2026-02-13T12:18:13.089+0000] {logging_mixin.py:188} INFO - 🚀 Loading REFRIGERATORS data
[2026-02-13T12:18:13.207+0000] {logging_mixin.py:188} INFO - ✅ Refrigerators table refreshed successfully
[2026-02-13T12:18:13.208+0000] {processor.py:842} WARNING - No viable dags retrieved from /opt/airflow/dags/scripts/loaders/load_refrigerators.py
[2026-02-13T12:18:13.229+0000] {processor.py:183} INFO - Processing /opt/airflow/dags/scripts/loaders/load_refrigerators.py took 0.557 seconds
[2026-02-13T12:18:46.089+0000] {processor.py:161} INFO - Started process (PID=1256) to work on /opt/airflow/dags/scripts/loaders/load_refrigerators.py
[2026-02-13T12:18:46.091+0000] {processor.py:830} INFO - Processing file /opt/airflow/dags/scripts/loaders/load_refrigerators.py for tasks to queue
[2026-02-13T12:18:46.095+0000] {logging_mixin.py:188} INFO - [2026-02-13T12:18:46.094+0000] {dagbag.py:545} INFO - Filling up the DagBag from /opt/airflow/dags/scripts/loaders/load_refrigerators.py
[2026-02-13T12:18:46.522+0000] {logging_mixin.py:188} INFO - 🚀 Loading REFRIGERATORS data
[2026-02-13T12:18:46.626+0000] {logging_mixin.py:188} INFO - ✅ Refrigerators table refreshed successfully
[2026-02-13T12:18:46.627+0000] {processor.py:842} WARNING - No viable dags retrieved from /opt/airflow/dags/scripts/loaders/load_refrigerators.py
[2026-02-13T12:18:46.643+0000] {processor.py:183} INFO - Processing /opt/airflow/dags/scripts/loaders/load_refrigerators.py took 0.564 seconds
[2026-02-13T12:19:17.948+0000] {processor.py:161} INFO - Started process (PID=1285) to work on /opt/airflow/dags/scripts/loaders/load_refrigerators.py
[2026-02-13T12:19:17.951+0000] {processor.py:830} INFO - Processing file /opt/airflow/dags/scripts/loaders/load_refrigerators.py for tasks to queue
[2026-02-13T12:19:17.955+0000] {logging_mixin.py:188} INFO - [2026-02-13T12:19:17.954+0000] {dagbag.py:545} INFO - Filling up the DagBag from /opt/airflow/dags/scripts/loaders/load_refrigerators.py
[2026-02-13T12:19:18.480+0000] {logging_mixin.py:188} INFO - 🚀 Loading REFRIGERATORS data
[2026-02-13T12:19:18.830+0000] {logging_mixin.py:188} INFO - ✅ Refrigerators table refreshed successfully
[2026-02-13T12:19:18.831+0000] {processor.py:842} WARNING - No viable dags retrieved from /opt/airflow/dags/scripts/loaders/load_refrigerators.py
[2026-02-13T12:19:18.850+0000] {processor.py:183} INFO - Processing /opt/airflow/dags/scripts/loaders/load_refrigerators.py took 0.912 seconds
[2026-02-13T12:19:50.056+0000] {processor.py:161} INFO - Started process (PID=1313) to work on /opt/airflow/dags/scripts/loaders/load_refrigerators.py
[2026-02-13T12:19:50.058+0000] {processor.py:830} INFO - Processing file /opt/airflow/dags/scripts/loaders/load_refrigerators.py for tasks to queue
[2026-02-13T12:19:50.060+0000] {logging_mixin.py:188} INFO - [2026-02-13T12:19:50.060+0000] {dagbag.py:545} INFO - Filling up the DagBag from /opt/airflow/dags/scripts/loaders/load_refrigerators.py
[2026-02-13T12:19:50.550+0000] {logging_mixin.py:188} INFO - 🚀 Loading REFRIGERATORS data
[2026-02-13T12:19:50.999+0000] {logging_mixin.py:188} INFO - ✅ Refrigerators table refreshed successfully
[2026-02-13T12:19:51.001+0000] {processor.py:842} WARNING - No viable dags retrieved from /opt/airflow/dags/scripts/loaders/load_refrigerators.py
[2026-02-13T12:19:51.020+0000] {processor.py:183} INFO - Processing /opt/airflow/dags/scripts/loaders/load_refrigerators.py took 0.974 seconds
[2026-02-13T12:20:21.170+0000] {processor.py:161} INFO - Started process (PID=1337) to work on /opt/airflow/dags/scripts/loaders/load_refrigerators.py
[2026-02-13T12:20:21.173+0000] {processor.py:830} INFO - Processing file /opt/airflow/dags/scripts/loaders/load_refrigerators.py for tasks to queue
[2026-02-13T12:20:21.177+0000] {logging_mixin.py:188} INFO - [2026-02-13T12:20:21.176+0000] {dagbag.py:545} INFO - Filling up the DagBag from /opt/airflow/dags/scripts/loaders/load_refrigerators.py
[2026-02-13T12:20:21.655+0000] {logging_mixin.py:188} INFO - 🚀 Loading REFRIGERATORS data
[2026-02-13T12:20:21.769+0000] {logging_mixin.py:188} INFO - ✅ Refrigerators table refreshed successfully
[2026-02-13T12:20:21.770+0000] {processor.py:842} WARNING - No viable dags retrieved from /opt/airflow/dags/scripts/loaders/load_refrigerators.py
[2026-02-13T12:20:21.785+0000] {processor.py:183} INFO - Processing /opt/airflow/dags/scripts/loaders/load_refrigerators.py took 0.627 seconds
[2026-02-13T12:20:53.494+0000] {processor.py:161} INFO - Started process (PID=1372) to work on /opt/airflow/dags/scripts/loaders/load_refrigerators.py
[2026-02-13T12:20:53.496+0000] {processor.py:830} INFO - Processing file /opt/airflow/dags/scripts/loaders/load_refrigerators.py for tasks to queue
[2026-02-13T12:20:53.499+0000] {logging_mixin.py:188} INFO - [2026-02-13T12:20:53.498+0000] {dagbag.py:545} INFO - Filling up the DagBag from /opt/airflow/dags/scripts/loaders/load_refrigerators.py
[2026-02-13T12:20:53.993+0000] {logging_mixin.py:188} INFO - 🚀 Loading REFRIGERATORS data
[2026-02-13T12:20:54.154+0000] {logging_mixin.py:188} INFO - ✅ Refrigerators table refreshed successfully
[2026-02-13T12:20:54.156+0000] {processor.py:842} WARNING - No viable dags retrieved from /opt/airflow/dags/scripts/loaders/load_refrigerators.py
[2026-02-13T12:20:54.199+0000] {processor.py:183} INFO - Processing /opt/airflow/dags/scripts/loaders/load_refrigerators.py took 0.713 seconds
[2026-02-13T12:21:26.187+0000] {processor.py:161} INFO - Started process (PID=1401) to work on /opt/airflow/dags/scripts/loaders/load_refrigerators.py
[2026-02-13T12:21:26.189+0000] {processor.py:830} INFO - Processing file /opt/airflow/dags/scripts/loaders/load_refrigerators.py for tasks to queue
[2026-02-13T12:21:26.193+0000] {logging_mixin.py:188} INFO - [2026-02-13T12:21:26.192+0000] {dagbag.py:545} INFO - Filling up the DagBag from /opt/airflow/dags/scripts/loaders/load_refrigerators.py
[2026-02-13T12:21:26.640+0000] {logging_mixin.py:188} INFO - 🚀 Loading REFRIGERATORS data
[2026-02-13T12:21:26.774+0000] {logging_mixin.py:188} INFO - ✅ Refrigerators table refreshed successfully
[2026-02-13T12:21:26.775+0000] {processor.py:842} WARNING - No viable dags retrieved from /opt/airflow/dags/scripts/loaders/load_refrigerators.py
[2026-02-13T12:21:26.796+0000] {processor.py:183} INFO - Processing /opt/airflow/dags/scripts/loaders/load_refrigerators.py took 0.616 seconds
[2026-02-13T12:21:58.174+0000] {processor.py:161} INFO - Started process (PID=1430) to work on /opt/airflow/dags/scripts/loaders/load_refrigerators.py
[2026-02-13T12:21:58.178+0000] {processor.py:830} INFO - Processing file /opt/airflow/dags/scripts/loaders/load_refrigerators.py for tasks to queue
[2026-02-13T12:21:58.183+0000] {logging_mixin.py:188} INFO - [2026-02-13T12:21:58.182+0000] {dagbag.py:545} INFO - Filling up the DagBag from /opt/airflow/dags/scripts/loaders/load_refrigerators.py
[2026-02-13T12:21:58.674+0000] {logging_mixin.py:188} INFO - 🚀 Loading REFRIGERATORS data
[2026-02-13T12:21:58.827+0000] {logging_mixin.py:188} INFO - ✅ Refrigerators table refreshed successfully
[2026-02-13T12:21:58.828+0000] {processor.py:842} WARNING - No viable dags retrieved from /opt/airflow/dags/scripts/loaders/load_refrigerators.py
[2026-02-13T12:21:58.852+0000] {processor.py:183} INFO - Processing /opt/airflow/dags/scripts/loaders/load_refrigerators.py took 0.692 seconds
[2026-02-13T12:22:30.639+0000] {processor.py:161} INFO - Started process (PID=1459) to work on /opt/airflow/dags/scripts/loaders/load_refrigerators.py
[2026-02-13T12:22:30.641+0000] {processor.py:830} INFO - Processing file /opt/airflow/dags/scripts/loaders/load_refrigerators.py for tasks to queue
[2026-02-13T12:22:30.646+0000] {logging_mixin.py:188} INFO - [2026-02-13T12:22:30.645+0000] {dagbag.py:545} INFO - Filling up the DagBag from /opt/airflow/dags/scripts/loaders/load_refrigerators.py
[2026-02-13T12:22:31.105+0000] {logging_mixin.py:188} INFO - 🚀 Loading REFRIGERATORS data
[2026-02-13T12:22:31.481+0000] {logging_mixin.py:188} INFO - ✅ Refrigerators table refreshed successfully
[2026-02-13T12:22:31.482+0000] {processor.py:842} WARNING - No viable dags retrieved from /opt/airflow/dags/scripts/loaders/load_refrigerators.py
[2026-02-13T12:22:31.497+0000] {processor.py:183} INFO - Processing /opt/airflow/dags/scripts/loaders/load_refrigerators.py took 0.868 seconds
[2026-02-13T12:23:02.526+0000] {processor.py:161} INFO - Started process (PID=1488) to work on /opt/airflow/dags/scripts/loaders/load_refrigerators.py
[2026-02-13T12:23:02.529+0000] {processor.py:830} INFO - Processing file /opt/airflow/dags/scripts/loaders/load_refrigerators.py for tasks to queue
[2026-02-13T12:23:02.533+0000] {logging_mixin.py:188} INFO - [2026-02-13T12:23:02.532+0000] {dagbag.py:545} INFO - Filling up the DagBag from /opt/airflow/dags/scripts/loaders/load_refrigerators.py
[2026-02-13T12:23:03.016+0000] {logging_mixin.py:188} INFO - 🚀 Loading REFRIGERATORS data
[2026-02-13T12:23:03.503+0000] {logging_mixin.py:188} INFO - ✅ Refrigerators table refreshed successfully
[2026-02-13T12:23:03.505+0000] {processor.py:842} WARNING - No viable dags retrieved from /opt/airflow/dags/scripts/loaders/load_refrigerators.py
[2026-02-13T12:23:03.540+0000] {processor.py:183} INFO - Processing /opt/airflow/dags/scripts/loaders/load_refrigerators.py took 1.026 seconds
[2026-02-13T12:23:34.135+0000] {processor.py:161} INFO - Started process (PID=1516) to work on /opt/airflow/dags/scripts/loaders/load_refrigerators.py
[2026-02-13T12:23:34.136+0000] {processor.py:830} INFO - Processing file /opt/airflow/dags/scripts/loaders/load_refrigerators.py for tasks to queue
[2026-02-13T12:23:34.139+0000] {logging_mixin.py:188} INFO - [2026-02-13T12:23:34.139+0000] {dagbag.py:545} INFO - Filling up the DagBag from /opt/airflow/dags/scripts/loaders/load_refrigerators.py
[2026-02-13T12:23:34.546+0000] {logging_mixin.py:188} INFO - 🚀 Loading REFRIGERATORS data
[2026-02-13T12:23:34.665+0000] {logging_mixin.py:188} INFO - ✅ Refrigerators table refreshed successfully
[2026-02-13T12:23:34.666+0000] {processor.py:842} WARNING - No viable dags retrieved from /opt/airflow/dags/scripts/loaders/load_refrigerators.py
[2026-02-13T12:23:34.688+0000] {processor.py:183} INFO - Processing /opt/airflow/dags/scripts/loaders/load_refrigerators.py took 0.563 seconds
[2026-02-13T12:24:06.127+0000] {processor.py:161} INFO - Started process (PID=1545) to work on /opt/airflow/dags/scripts/loaders/load_refrigerators.py
[2026-02-13T12:24:06.129+0000] {processor.py:830} INFO - Processing file /opt/airflow/dags/scripts/loaders/load_refrigerators.py for tasks to queue
[2026-02-13T12:24:06.132+0000] {logging_mixin.py:188} INFO - [2026-02-13T12:24:06.132+0000] {dagbag.py:545} INFO - Filling up the DagBag from /opt/airflow/dags/scripts/loaders/load_refrigerators.py
[2026-02-13T12:24:06.618+0000] {logging_mixin.py:188} INFO - 🚀 Loading REFRIGERATORS data
[2026-02-13T12:24:06.751+0000] {logging_mixin.py:188} INFO - ✅ Refrigerators table refreshed successfully
[2026-02-13T12:24:06.752+0000] {processor.py:842} WARNING - No viable dags retrieved from /opt/airflow/dags/scripts/loaders/load_refrigerators.py
[2026-02-13T12:24:06.776+0000] {processor.py:183} INFO - Processing /opt/airflow/dags/scripts/loaders/load_refrigerators.py took 0.658 seconds
[2026-02-13T12:24:37.574+0000] {processor.py:161} INFO - Started process (PID=1574) to work on /opt/airflow/dags/scripts/loaders/load_refrigerators.py
[2026-02-13T12:24:37.576+0000] {processor.py:830} INFO - Processing file /opt/airflow/dags/scripts/loaders/load_refrigerators.py for tasks to queue
[2026-02-13T12:24:37.579+0000] {logging_mixin.py:188} INFO - [2026-02-13T12:24:37.579+0000] {dagbag.py:545} INFO - Filling up the DagBag from /opt/airflow/dags/scripts/loaders/load_refrigerators.py
[2026-02-13T12:24:37.962+0000] {logging_mixin.py:188} INFO - 🚀 Loading REFRIGERATORS data
[2026-02-13T12:24:38.095+0000] {logging_mixin.py:188} INFO - ✅ Refrigerators table refreshed successfully
[2026-02-13T12:24:38.097+0000] {processor.py:842} WARNING - No viable dags retrieved from /opt/airflow/dags/scripts/loaders/load_refrigerators.py
[2026-02-13T12:24:38.116+0000] {processor.py:183} INFO - Processing /opt/airflow/dags/scripts/loaders/load_refrigerators.py took 0.549 seconds
[2026-02-13T12:25:10.410+0000] {processor.py:161} INFO - Started process (PID=1604) to work on /opt/airflow/dags/scripts/loaders/load_refrigerators.py
[2026-02-13T12:25:10.412+0000] {processor.py:830} INFO - Processing file /opt/airflow/dags/scripts/loaders/load_refrigerators.py for tasks to queue
[2026-02-13T12:25:10.416+0000] {logging_mixin.py:188} INFO - [2026-02-13T12:25:10.416+0000] {dagbag.py:545} INFO - Filling up the DagBag from /opt/airflow/dags/scripts/loaders/load_refrigerators.py
[2026-02-13T12:25:11.237+0000] {logging_mixin.py:188} INFO - 🚀 Loading REFRIGERATORS data
[2026-02-13T12:25:11.465+0000] {logging_mixin.py:188} INFO - ✅ Refrigerators table refreshed successfully
[2026-02-13T12:25:11.467+0000] {processor.py:842} WARNING - No viable dags retrieved from /opt/airflow/dags/scripts/loaders/load_refrigerators.py
[2026-02-13T12:25:11.520+0000] {processor.py:183} INFO - Processing /opt/airflow/dags/scripts/loaders/load_refrigerators.py took 1.125 seconds
[2026-02-13T12:25:42.137+0000] {processor.py:161} INFO - Started process (PID=1632) to work on /opt/airflow/dags/scripts/loaders/load_refrigerators.py
[2026-02-13T12:25:42.138+0000] {processor.py:830} INFO - Processing file /opt/airflow/dags/scripts/loaders/load_refrigerators.py for tasks to queue
[2026-02-13T12:25:42.141+0000] {logging_mixin.py:188} INFO - [2026-02-13T12:25:42.140+0000] {dagbag.py:545} INFO - Filling up the DagBag from /opt/airflow/dags/scripts/loaders/load_refrigerators.py
[2026-02-13T12:25:42.482+0000] {logging_mixin.py:188} INFO - 🚀 Loading REFRIGERATORS data
[2026-02-13T12:25:42.772+0000] {logging_mixin.py:188} INFO - ✅ Refrigerators table refreshed successfully
[2026-02-13T12:25:42.774+0000] {processor.py:842} WARNING - No viable dags retrieved from /opt/airflow/dags/scripts/loaders/load_refrigerators.py
[2026-02-13T12:25:42.790+0000] {processor.py:183} INFO - Processing /opt/airflow/dags/scripts/loaders/load_refrigerators.py took 0.658 seconds
[2026-02-13T12:26:13.480+0000] {processor.py:161} INFO - Started process (PID=1662) to work on /opt/airflow/dags/scripts/loaders/load_refrigerators.py
[2026-02-13T12:26:13.482+0000] {processor.py:830} INFO - Processing file /opt/airflow/dags/scripts/loaders/load_refrigerators.py for tasks to queue
[2026-02-13T12:26:13.484+0000] {logging_mixin.py:188} INFO - [2026-02-13T12:26:13.484+0000] {dagbag.py:545} INFO - Filling up the DagBag from /opt/airflow/dags/scripts/loaders/load_refrigerators.py
[2026-02-13T12:26:13.813+0000] {logging_mixin.py:188} INFO - 🚀 Loading REFRIGERATORS data
[2026-02-13T12:26:14.071+0000] {logging_mixin.py:188} INFO - ✅ Refrigerators table refreshed successfully
[2026-02-13T12:26:14.072+0000] {processor.py:842} WARNING - No viable dags retrieved from /opt/airflow/dags/scripts/loaders/load_refrigerators.py
[2026-02-13T12:26:14.085+0000] {processor.py:183} INFO - Processing /opt/airflow/dags/scripts/loaders/load_refrigerators.py took 0.611 seconds
[2026-02-13T12:26:45.313+0000] {processor.py:161} INFO - Started process (PID=1691) to work on /opt/airflow/dags/scripts/loaders/load_refrigerators.py
[2026-02-13T12:26:45.315+0000] {processor.py:830} INFO - Processing file /opt/airflow/dags/scripts/loaders/load_refrigerators.py for tasks to queue
[2026-02-13T12:26:45.317+0000] {logging_mixin.py:188} INFO - [2026-02-13T12:26:45.317+0000] {dagbag.py:545} INFO - Filling up the DagBag from /opt/airflow/dags/scripts/loaders/load_refrigerators.py
[2026-02-13T12:26:45.599+0000] {logging_mixin.py:188} INFO - 🚀 Loading REFRIGERATORS data
[2026-02-13T12:26:45.718+0000] {logging_mixin.py:188} INFO - ✅ Refrigerators table refreshed successfully
[2026-02-13T12:26:45.720+0000] {processor.py:842} WARNING - No viable dags retrieved from /opt/airflow/dags/scripts/loaders/load_refrigerators.py
[2026-02-13T12:26:45.738+0000] {processor.py:183} INFO - Processing /opt/airflow/dags/scripts/loaders/load_refrigerators.py took 0.430 seconds
[2026-02-13T12:27:17.846+0000] {processor.py:161} INFO - Started process (PID=1720) to work on /opt/airflow/dags/scripts/loaders/load_refrigerators.py
[2026-02-13T12:27:17.849+0000] {processor.py:830} INFO - Processing file /opt/airflow/dags/scripts/loaders/load_refrigerators.py for tasks to queue
[2026-02-13T12:27:17.853+0000] {logging_mixin.py:188} INFO - [2026-02-13T12:27:17.852+0000] {dagbag.py:545} INFO - Filling up the DagBag from /opt/airflow/dags/scripts/loaders/load_refrigerators.py
[2026-02-13T12:27:18.134+0000] {logging_mixin.py:188} INFO - 🚀 Loading REFRIGERATORS data
[2026-02-13T12:27:18.213+0000] {logging_mixin.py:188} INFO - ✅ Refrigerators table refreshed successfully
[2026-02-13T12:27:18.214+0000] {processor.py:842} WARNING - No viable dags retrieved from /opt/airflow/dags/scripts/loaders/load_refrigerators.py
[2026-02-13T12:27:18.234+0000] {processor.py:183} INFO - Processing /opt/airflow/dags/scripts/loaders/load_refrigerators.py took 0.396 seconds
[2026-02-13T12:27:49.935+0000] {processor.py:161} INFO - Started process (PID=1749) to work on /opt/airflow/dags/scripts/loaders/load_refrigerators.py
[2026-02-13T12:27:49.938+0000] {processor.py:830} INFO - Processing file /opt/airflow/dags/scripts/loaders/load_refrigerators.py for tasks to queue
[2026-02-13T12:27:49.942+0000] {logging_mixin.py:188} INFO - [2026-02-13T12:27:49.941+0000] {dagbag.py:545} INFO - Filling up the DagBag from /opt/airflow/dags/scripts/loaders/load_refrigerators.py
[2026-02-13T12:27:50.212+0000] {logging_mixin.py:188} INFO - 🚀 Loading REFRIGERATORS data
[2026-02-13T12:27:50.348+0000] {logging_mixin.py:188} INFO - ✅ Refrigerators table refreshed successfully
[2026-02-13T12:27:50.351+0000] {processor.py:842} WARNING - No viable dags retrieved from /opt/airflow/dags/scripts/loaders/load_refrigerators.py
[2026-02-13T12:27:50.387+0000] {processor.py:183} INFO - Processing /opt/airflow/dags/scripts/loaders/load_refrigerators.py took 0.459 seconds
[2026-02-13T12:28:22.382+0000] {processor.py:161} INFO - Started process (PID=1778) to work on /opt/airflow/dags/scripts/loaders/load_refrigerators.py
[2026-02-13T12:28:22.384+0000] {processor.py:830} INFO - Processing file /opt/airflow/dags/scripts/loaders/load_refrigerators.py for tasks to queue
[2026-02-13T12:28:22.387+0000] {logging_mixin.py:188} INFO - [2026-02-13T12:28:22.387+0000] {dagbag.py:545} INFO - Filling up the DagBag from /opt/airflow/dags/scripts/loaders/load_refrigerators.py
[2026-02-13T12:28:22.672+0000] {logging_mixin.py:188} INFO - 🚀 Loading REFRIGERATORS data
[2026-02-13T12:28:22.768+0000] {logging_mixin.py:188} INFO - ✅ Refrigerators table refreshed successfully
[2026-02-13T12:28:22.769+0000] {processor.py:842} WARNING - No viable dags retrieved from /opt/airflow/dags/scripts/loaders/load_refrigerators.py
[2026-02-13T12:28:22.782+0000] {processor.py:183} INFO - Processing /opt/airflow/dags/scripts/loaders/load_refrigerators.py took 0.406 seconds
[2026-02-13T12:28:53.941+0000] {processor.py:161} INFO - Started process (PID=1807) to work on /opt/airflow/dags/scripts/loaders/load_refrigerators.py
[2026-02-13T12:28:53.942+0000] {processor.py:830} INFO - Processing file /opt/airflow/dags/scripts/loaders/load_refrigerators.py for tasks to queue
[2026-02-13T12:28:53.944+0000] {logging_mixin.py:188} INFO - [2026-02-13T12:28:53.944+0000] {dagbag.py:545} INFO - Filling up the DagBag from /opt/airflow/dags/scripts/loaders/load_refrigerators.py
[2026-02-13T12:28:54.206+0000] {logging_mixin.py:188} INFO - 🚀 Loading REFRIGERATORS data
[2026-02-13T12:28:54.524+0000] {logging_mixin.py:188} INFO - ✅ Refrigerators table refreshed successfully
[2026-02-13T12:28:54.525+0000] {processor.py:842} WARNING - No viable dags retrieved from /opt/airflow/dags/scripts/loaders/load_refrigerators.py
[2026-02-13T12:28:54.543+0000] {processor.py:183} INFO - Processing /opt/airflow/dags/scripts/loaders/load_refrigerators.py took 0.607 seconds
[2026-02-13T12:29:26.549+0000] {processor.py:161} INFO - Started process (PID=1836) to work on /opt/airflow/dags/scripts/loaders/load_refrigerators.py
[2026-02-13T12:29:26.551+0000] {processor.py:830} INFO - Processing file /opt/airflow/dags/scripts/loaders/load_refrigerators.py for tasks to queue
[2026-02-13T12:29:26.554+0000] {logging_mixin.py:188} INFO - [2026-02-13T12:29:26.553+0000] {dagbag.py:545} INFO - Filling up the DagBag from /opt/airflow/dags/scripts/loaders/load_refrigerators.py
[2026-02-13T12:29:26.857+0000] {logging_mixin.py:188} INFO - 🚀 Loading REFRIGERATORS data
[2026-02-13T12:29:27.130+0000] {logging_mixin.py:188} INFO - ✅ Refrigerators table refreshed successfully
[2026-02-13T12:29:27.132+0000] {processor.py:842} WARNING - No viable dags retrieved from /opt/airflow/dags/scripts/loaders/load_refrigerators.py
[2026-02-13T12:29:27.147+0000] {processor.py:183} INFO - Processing /opt/airflow/dags/scripts/loaders/load_refrigerators.py took 0.608 seconds
[2026-02-13T12:29:58.018+0000] {processor.py:161} INFO - Started process (PID=1865) to work on /opt/airflow/dags/scripts/loaders/load_refrigerators.py
[2026-02-13T12:29:58.020+0000] {processor.py:830} INFO - Processing file /opt/airflow/dags/scripts/loaders/load_refrigerators.py for tasks to queue
[2026-02-13T12:29:58.024+0000] {logging_mixin.py:188} INFO - [2026-02-13T12:29:58.023+0000] {dagbag.py:545} INFO - Filling up the DagBag from /opt/airflow/dags/scripts/loaders/load_refrigerators.py
[2026-02-13T12:29:58.335+0000] {logging_mixin.py:188} INFO - 🚀 Loading REFRIGERATORS data
[2026-02-13T12:29:58.435+0000] {logging_mixin.py:188} INFO - ✅ Refrigerators table refreshed successfully
[2026-02-13T12:29:58.436+0000] {processor.py:842} WARNING - No viable dags retrieved from /opt/airflow/dags/scripts/loaders/load_refrigerators.py
[2026-02-13T12:29:58.450+0000] {processor.py:183} INFO - Processing /opt/airflow/dags/scripts/loaders/load_refrigerators.py took 0.439 seconds
[2026-02-13T12:30:29.694+0000] {processor.py:161} INFO - Started process (PID=1894) to work on /opt/airflow/dags/scripts/loaders/load_refrigerators.py
[2026-02-13T12:30:29.696+0000] {processor.py:830} INFO - Processing file /opt/airflow/dags/scripts/loaders/load_refrigerators.py for tasks to queue
[2026-02-13T12:30:29.699+0000] {logging_mixin.py:188} INFO - [2026-02-13T12:30:29.699+0000] {dagbag.py:545} INFO - Filling up the DagBag from /opt/airflow/dags/scripts/loaders/load_refrigerators.py
[2026-02-13T12:30:29.974+0000] {logging_mixin.py:188} INFO - 🚀 Loading REFRIGERATORS data
[2026-02-13T12:30:30.074+0000] {logging_mixin.py:188} INFO - ✅ Refrigerators table refreshed successfully
[2026-02-13T12:30:30.076+0000] {processor.py:842} WARNING - No viable dags retrieved from /opt/airflow/dags/scripts/loaders/load_refrigerators.py
[2026-02-13T12:30:30.090+0000] {processor.py:183} INFO - Processing /opt/airflow/dags/scripts/loaders/load_refrigerators.py took 0.402 seconds
[2026-02-13T12:31:02.096+0000] {processor.py:161} INFO - Started process (PID=1923) to work on /opt/airflow/dags/scripts/loaders/load_refrigerators.py
[2026-02-13T12:31:02.098+0000] {processor.py:830} INFO - Processing file /opt/airflow/dags/scripts/loaders/load_refrigerators.py for tasks to queue
[2026-02-13T12:31:02.101+0000] {logging_mixin.py:188} INFO - [2026-02-13T12:31:02.101+0000] {dagbag.py:545} INFO - Filling up the DagBag from /opt/airflow/dags/scripts/loaders/load_refrigerators.py
[2026-02-13T12:31:02.376+0000] {logging_mixin.py:188} INFO - 🚀 Loading REFRIGERATORS data
[2026-02-13T12:31:02.577+0000] {logging_mixin.py:188} INFO - ✅ Refrigerators table refreshed successfully
[2026-02-13T12:31:02.578+0000] {processor.py:842} WARNING - No viable dags retrieved from /opt/airflow/dags/scripts/loaders/load_refrigerators.py
[2026-02-13T12:31:02.604+0000] {processor.py:183} INFO - Processing /opt/airflow/dags/scripts/loaders/load_refrigerators.py took 0.513 seconds
[2026-02-13T12:31:33.862+0000] {processor.py:161} INFO - Started process (PID=1952) to work on /opt/airflow/dags/scripts/loaders/load_refrigerators.py
[2026-02-13T12:31:33.863+0000] {processor.py:830} INFO - Processing file /opt/airflow/dags/scripts/loaders/load_refrigerators.py for tasks to queue
[2026-02-13T12:31:33.865+0000] {logging_mixin.py:188} INFO - [2026-02-13T12:31:33.865+0000] {dagbag.py:545} INFO - Filling up the DagBag from /opt/airflow/dags/scripts/loaders/load_refrigerators.py
[2026-02-13T12:31:34.142+0000] {logging_mixin.py:188} INFO - 🚀 Loading REFRIGERATORS data
[2026-02-13T12:31:34.308+0000] {logging_mixin.py:188} INFO - ✅ Refrigerators table refreshed successfully
[2026-02-13T12:31:34.310+0000] {processor.py:842} WARNING - No viable dags retrieved from /opt/airflow/dags/scripts/loaders/load_refrigerators.py
[2026-02-13T12:31:34.326+0000] {processor.py:183} INFO - Processing /opt/airflow/dags/scripts/loaders/load_refrigerators.py took 0.469 seconds
[2026-02-13T12:32:05.930+0000] {processor.py:161} INFO - Started process (PID=1981) to work on /opt/airflow/dags/scripts/loaders/load_refrigerators.py
[2026-02-13T12:32:05.932+0000] {processor.py:830} INFO - Processing file /opt/airflow/dags/scripts/loaders/load_refrigerators.py for tasks to queue
[2026-02-13T12:32:05.934+0000] {logging_mixin.py:188} INFO - [2026-02-13T12:32:05.934+0000] {dagbag.py:545} INFO - Filling up the DagBag from /opt/airflow/dags/scripts/loaders/load_refrigerators.py
[2026-02-13T12:32:06.213+0000] {logging_mixin.py:188} INFO - 🚀 Loading REFRIGERATORS data
[2026-02-13T12:32:06.473+0000] {logging_mixin.py:188} INFO - ✅ Refrigerators table refreshed successfully
[2026-02-13T12:32:06.474+0000] {processor.py:842} WARNING - No viable dags retrieved from /opt/airflow/dags/scripts/loaders/load_refrigerators.py
[2026-02-13T12:32:06.486+0000] {processor.py:183} INFO - Processing /opt/airflow/dags/scripts/loaders/load_refrigerators.py took 0.563 seconds
[2026-02-13T12:32:38.469+0000] {processor.py:161} INFO - Started process (PID=2010) to work on /opt/airflow/dags/scripts/loaders/load_refrigerators.py
[2026-02-13T12:32:38.471+0000] {processor.py:830} INFO - Processing file /opt/airflow/dags/scripts/loaders/load_refrigerators.py for tasks to queue
[2026-02-13T12:32:38.475+0000] {logging_mixin.py:188} INFO - [2026-02-13T12:32:38.474+0000] {dagbag.py:545} INFO - Filling up the DagBag from /opt/airflow/dags/scripts/loaders/load_refrigerators.py
[2026-02-13T12:32:38.901+0000] {logging_mixin.py:188} INFO - 🚀 Loading REFRIGERATORS data
[2026-02-13T12:32:39.150+0000] {logging_mixin.py:188} INFO - ✅ Refrigerators table refreshed successfully
[2026-02-13T12:32:39.151+0000] {processor.py:842} WARNING - No viable dags retrieved from /opt/airflow/dags/scripts/loaders/load_refrigerators.py
[2026-02-13T12:32:39.167+0000] {processor.py:183} INFO - Processing /opt/airflow/dags/scripts/loaders/load_refrigerators.py took 0.708 seconds
[2026-02-13T12:33:09.925+0000] {processor.py:161} INFO - Started process (PID=2039) to work on /opt/airflow/dags/scripts/loaders/load_refrigerators.py
[2026-02-13T12:33:09.926+0000] {processor.py:830} INFO - Processing file /opt/airflow/dags/scripts/loaders/load_refrigerators.py for tasks to queue
[2026-02-13T12:33:09.929+0000] {logging_mixin.py:188} INFO - [2026-02-13T12:33:09.928+0000] {dagbag.py:545} INFO - Filling up the DagBag from /opt/airflow/dags/scripts/loaders/load_refrigerators.py
[2026-02-13T12:33:10.266+0000] {logging_mixin.py:188} INFO - 🚀 Loading REFRIGERATORS data
[2026-02-13T12:33:10.405+0000] {logging_mixin.py:188} INFO - ✅ Refrigerators table refreshed successfully
[2026-02-13T12:33:10.407+0000] {processor.py:842} WARNING - No viable dags retrieved from /opt/airflow/dags/scripts/loaders/load_refrigerators.py
[2026-02-13T12:33:10.433+0000] {processor.py:183} INFO - Processing /opt/airflow/dags/scripts/loaders/load_refrigerators.py took 0.515 seconds
[2026-02-13T12:33:42.283+0000] {processor.py:161} INFO - Started process (PID=2068) to work on /opt/airflow/dags/scripts/loaders/load_refrigerators.py
[2026-02-13T12:33:42.284+0000] {processor.py:830} INFO - Processing file /opt/airflow/dags/scripts/loaders/load_refrigerators.py for tasks to queue
[2026-02-13T12:33:42.286+0000] {logging_mixin.py:188} INFO - [2026-02-13T12:33:42.286+0000] {dagbag.py:545} INFO - Filling up the DagBag from /opt/airflow/dags/scripts/loaders/load_refrigerators.py
[2026-02-13T12:33:42.560+0000] {logging_mixin.py:188} INFO - 🚀 Loading REFRIGERATORS data
[2026-02-13T12:33:42.663+0000] {logging_mixin.py:188} INFO - ✅ Refrigerators table refreshed successfully
[2026-02-13T12:33:42.664+0000] {processor.py:842} WARNING - No viable dags retrieved from /opt/airflow/dags/scripts/loaders/load_refrigerators.py
[2026-02-13T12:33:42.683+0000] {processor.py:183} INFO - Processing /opt/airflow/dags/scripts/loaders/load_refrigerators.py took 0.406 seconds
[2026-02-13T12:36:45.592+0000] {processor.py:161} INFO - Started process (PID=2097) to work on /opt/airflow/dags/scripts/loaders/load_refrigerators.py
[2026-02-13T12:36:45.596+0000] {processor.py:830} INFO - Processing file /opt/airflow/dags/scripts/loaders/load_refrigerators.py for tasks to queue
[2026-02-13T12:36:45.602+0000] {logging_mixin.py:188} INFO - [2026-02-13T12:36:45.600+0000] {dagbag.py:545} INFO - Filling up the DagBag from /opt/airflow/dags/scripts/loaders/load_refrigerators.py
[2026-02-13T12:36:46.278+0000] {logging_mixin.py:188} INFO - 🚀 Loading REFRIGERATORS data
[2026-02-13T12:36:46.570+0000] {logging_mixin.py:188} INFO - ✅ Refrigerators table refreshed successfully
[2026-02-13T12:36:46.573+0000] {processor.py:842} WARNING - No viable dags retrieved from /opt/airflow/dags/scripts/loaders/load_refrigerators.py
[2026-02-13T12:36:46.627+0000] {processor.py:183} INFO - Processing /opt/airflow/dags/scripts/loaders/load_refrigerators.py took 1.047 seconds
[2026-02-13T12:37:17.476+0000] {processor.py:161} INFO - Started process (PID=2128) to work on /opt/airflow/dags/scripts/loaders/load_refrigerators.py
[2026-02-13T12:37:17.478+0000] {processor.py:830} INFO - Processing file /opt/airflow/dags/scripts/loaders/load_refrigerators.py for tasks to queue
[2026-02-13T12:37:17.482+0000] {logging_mixin.py:188} INFO - [2026-02-13T12:37:17.482+0000] {dagbag.py:545} INFO - Filling up the DagBag from /opt/airflow/dags/scripts/loaders/load_refrigerators.py
[2026-02-13T12:37:17.836+0000] {logging_mixin.py:188} INFO - 🚀 Loading REFRIGERATORS data
[2026-02-13T12:37:18.011+0000] {logging_mixin.py:188} INFO - ✅ Refrigerators table refreshed successfully
[2026-02-13T12:37:18.013+0000] {processor.py:842} WARNING - No viable dags retrieved from /opt/airflow/dags/scripts/loaders/load_refrigerators.py
[2026-02-13T12:37:18.034+0000] {processor.py:183} INFO - Processing /opt/airflow/dags/scripts/loaders/load_refrigerators.py took 0.565 seconds
[2026-02-13T12:37:48.136+0000] {processor.py:161} INFO - Started process (PID=2155) to work on /opt/airflow/dags/scripts/loaders/load_refrigerators.py
[2026-02-13T12:37:48.138+0000] {processor.py:830} INFO - Processing file /opt/airflow/dags/scripts/loaders/load_refrigerators.py for tasks to queue
[2026-02-13T12:37:48.142+0000] {logging_mixin.py:188} INFO - [2026-02-13T12:37:48.141+0000] {dagbag.py:545} INFO - Filling up the DagBag from /opt/airflow/dags/scripts/loaders/load_refrigerators.py
[2026-02-13T12:37:48.479+0000] {logging_mixin.py:188} INFO - 🚀 Loading REFRIGERATORS data
[2026-02-13T12:37:48.735+0000] {logging_mixin.py:188} INFO - ✅ Refrigerators table refreshed successfully
[2026-02-13T12:37:48.736+0000] {processor.py:842} WARNING - No viable dags retrieved from /opt/airflow/dags/scripts/loaders/load_refrigerators.py
[2026-02-13T12:37:48.763+0000] {processor.py:183} INFO - Processing /opt/airflow/dags/scripts/loaders/load_refrigerators.py took 0.634 seconds
[2026-02-13T12:38:19.074+0000] {processor.py:161} INFO - Started process (PID=2183) to work on /opt/airflow/dags/scripts/loaders/load_refrigerators.py
[2026-02-13T12:38:19.076+0000] {processor.py:830} INFO - Processing file /opt/airflow/dags/scripts/loaders/load_refrigerators.py for tasks to queue
[2026-02-13T12:38:19.079+0000] {logging_mixin.py:188} INFO - [2026-02-13T12:38:19.078+0000] {dagbag.py:545} INFO - Filling up the DagBag from /opt/airflow/dags/scripts/loaders/load_refrigerators.py
[2026-02-13T12:38:19.353+0000] {logging_mixin.py:188} INFO - 🚀 Loading REFRIGERATORS data
[2026-02-13T12:38:19.607+0000] {logging_mixin.py:188} INFO - ✅ Refrigerators table refreshed successfully
[2026-02-13T12:38:19.608+0000] {processor.py:842} WARNING - No viable dags retrieved from /opt/airflow/dags/scripts/loaders/load_refrigerators.py
[2026-02-13T12:38:19.624+0000] {processor.py:183} INFO - Processing /opt/airflow/dags/scripts/loaders/load_refrigerators.py took 0.555 seconds
[2026-02-13T12:38:50.227+0000] {processor.py:161} INFO - Started process (PID=2213) to work on /opt/airflow/dags/scripts/loaders/load_refrigerators.py
[2026-02-13T12:38:50.229+0000] {processor.py:830} INFO - Processing file /opt/airflow/dags/scripts/loaders/load_refrigerators.py for tasks to queue
[2026-02-13T12:38:50.231+0000] {logging_mixin.py:188} INFO - [2026-02-13T12:38:50.231+0000] {dagbag.py:545} INFO - Filling up the DagBag from /opt/airflow/dags/scripts/loaders/load_refrigerators.py
[2026-02-13T12:38:50.525+0000] {logging_mixin.py:188} INFO - 🚀 Loading REFRIGERATORS data
[2026-02-13T12:38:50.788+0000] {logging_mixin.py:188} INFO - ✅ Refrigerators table refreshed successfully
[2026-02-13T12:38:50.790+0000] {processor.py:842} WARNING - No viable dags retrieved from /opt/airflow/dags/scripts/loaders/load_refrigerators.py
[2026-02-13T12:38:50.802+0000] {processor.py:183} INFO - Processing /opt/airflow/dags/scripts/loaders/load_refrigerators.py took 0.581 seconds
[2026-02-13T12:39:21.482+0000] {processor.py:161} INFO - Started process (PID=2242) to work on /opt/airflow/dags/scripts/loaders/load_refrigerators.py
[2026-02-13T12:39:21.484+0000] {processor.py:830} INFO - Processing file /opt/airflow/dags/scripts/loaders/load_refrigerators.py for tasks to queue
[2026-02-13T12:39:21.488+0000] {logging_mixin.py:188} INFO - [2026-02-13T12:39:21.487+0000] {dagbag.py:545} INFO - Filling up the DagBag from /opt/airflow/dags/scripts/loaders/load_refrigerators.py
[2026-02-13T12:39:21.815+0000] {logging_mixin.py:188} INFO - 🚀 Loading REFRIGERATORS data
[2026-02-13T12:39:21.932+0000] {logging_mixin.py:188} INFO - ✅ Refrigerators table refreshed successfully
[2026-02-13T12:39:21.934+0000] {processor.py:842} WARNING - No viable dags retrieved from /opt/airflow/dags/scripts/loaders/load_refrigerators.py
[2026-02-13T12:39:21.954+0000] {processor.py:183} INFO - Processing /opt/airflow/dags/scripts/loaders/load_refrigerators.py took 0.477 seconds
[2026-02-13T12:39:52.278+0000] {processor.py:161} INFO - Started process (PID=2270) to work on /opt/airflow/dags/scripts/loaders/load_refrigerators.py
[2026-02-13T12:39:52.280+0000] {processor.py:830} INFO - Processing file /opt/airflow/dags/scripts/loaders/load_refrigerators.py for tasks to queue
[2026-02-13T12:39:52.284+0000] {logging_mixin.py:188} INFO - [2026-02-13T12:39:52.283+0000] {dagbag.py:545} INFO - Filling up the DagBag from /opt/airflow/dags/scripts/loaders/load_refrigerators.py
[2026-02-13T12:39:52.542+0000] {logging_mixin.py:188} INFO - 🚀 Loading REFRIGERATORS data
[2026-02-13T12:39:52.629+0000] {logging_mixin.py:188} INFO - ✅ Refrigerators table refreshed successfully
[2026-02-13T12:39:52.630+0000] {processor.py:842} WARNING - No viable dags retrieved from /opt/airflow/dags/scripts/loaders/load_refrigerators.py
[2026-02-13T12:39:52.648+0000] {processor.py:183} INFO - Processing /opt/airflow/dags/scripts/loaders/load_refrigerators.py took 0.380 seconds
[2026-02-13T12:40:23.251+0000] {processor.py:161} INFO - Started process (PID=2299) to work on /opt/airflow/dags/scripts/loaders/load_refrigerators.py
[2026-02-13T12:40:23.253+0000] {processor.py:830} INFO - Processing file /opt/airflow/dags/scripts/loaders/load_refrigerators.py for tasks to queue
[2026-02-13T12:40:23.257+0000] {logging_mixin.py:188} INFO - [2026-02-13T12:40:23.257+0000] {dagbag.py:545} INFO - Filling up the DagBag from /opt/airflow/dags/scripts/loaders/load_refrigerators.py
[2026-02-13T12:40:23.621+0000] {logging_mixin.py:188} INFO - 🚀 Loading REFRIGERATORS data
[2026-02-13T12:40:23.757+0000] {logging_mixin.py:188} INFO - ✅ Refrigerators table refreshed successfully
[2026-02-13T12:40:23.759+0000] {processor.py:842} WARNING - No viable dags retrieved from /opt/airflow/dags/scripts/loaders/load_refrigerators.py
[2026-02-13T12:40:23.779+0000] {processor.py:183} INFO - Processing /opt/airflow/dags/scripts/loaders/load_refrigerators.py took 0.535 seconds
[2026-02-13T12:40:58.633+0000] {processor.py:161} INFO - Started process (PID=2331) to work on /opt/airflow/dags/scripts/loaders/load_refrigerators.py
[2026-02-13T12:40:58.635+0000] {processor.py:830} INFO - Processing file /opt/airflow/dags/scripts/loaders/load_refrigerators.py for tasks to queue
[2026-02-13T12:40:58.637+0000] {logging_mixin.py:188} INFO - [2026-02-13T12:40:58.637+0000] {dagbag.py:545} INFO - Filling up the DagBag from /opt/airflow/dags/scripts/loaders/load_refrigerators.py
[2026-02-13T12:40:59.070+0000] {logging_mixin.py:188} INFO - 🚀 Loading REFRIGERATORS data
[2026-02-13T12:40:59.851+0000] {logging_mixin.py:188} INFO - ✅ Refrigerators table refreshed successfully
[2026-02-13T12:40:59.854+0000] {processor.py:842} WARNING - No viable dags retrieved from /opt/airflow/dags/scripts/loaders/load_refrigerators.py
[2026-02-13T12:40:59.947+0000] {processor.py:183} INFO - Processing /opt/airflow/dags/scripts/loaders/load_refrigerators.py took 1.319 seconds
[2026-02-13T12:41:30.858+0000] {processor.py:161} INFO - Started process (PID=2360) to work on /opt/airflow/dags/scripts/loaders/load_refrigerators.py
[2026-02-13T12:41:30.860+0000] {processor.py:830} INFO - Processing file /opt/airflow/dags/scripts/loaders/load_refrigerators.py for tasks to queue
[2026-02-13T12:41:30.862+0000] {logging_mixin.py:188} INFO - [2026-02-13T12:41:30.862+0000] {dagbag.py:545} INFO - Filling up the DagBag from /opt/airflow/dags/scripts/loaders/load_refrigerators.py
[2026-02-13T12:41:31.254+0000] {logging_mixin.py:188} INFO - 🚀 Loading REFRIGERATORS data
[2026-02-13T12:41:31.515+0000] {logging_mixin.py:188} INFO - ✅ Refrigerators table refreshed successfully
[2026-02-13T12:41:31.517+0000] {processor.py:842} WARNING - No viable dags retrieved from /opt/airflow/dags/scripts/loaders/load_refrigerators.py
[2026-02-13T12:41:31.528+0000] {processor.py:183} INFO - Processing /opt/airflow/dags/scripts/loaders/load_refrigerators.py took 0.676 seconds
[2026-02-13T12:42:01.721+0000] {processor.py:161} INFO - Started process (PID=2389) to work on /opt/airflow/dags/scripts/loaders/load_refrigerators.py
[2026-02-13T12:42:01.723+0000] {processor.py:830} INFO - Processing file /opt/airflow/dags/scripts/loaders/load_refrigerators.py for tasks to queue
[2026-02-13T12:42:01.726+0000] {logging_mixin.py:188} INFO - [2026-02-13T12:42:01.725+0000] {dagbag.py:545} INFO - Filling up the DagBag from /opt/airflow/dags/scripts/loaders/load_refrigerators.py
[2026-02-13T12:42:02.048+0000] {logging_mixin.py:188} INFO - 🚀 Loading REFRIGERATORS data
[2026-02-13T12:42:02.457+0000] {logging_mixin.py:188} INFO - ✅ Refrigerators table refreshed successfully
[2026-02-13T12:42:02.458+0000] {processor.py:842} WARNING - No viable dags retrieved from /opt/airflow/dags/scripts/loaders/load_refrigerators.py
[2026-02-13T12:42:02.469+0000] {processor.py:183} INFO - Processing /opt/airflow/dags/scripts/loaders/load_refrigerators.py took 0.757 seconds
[2026-02-13T12:42:33.340+0000] {processor.py:161} INFO - Started process (PID=2423) to work on /opt/airflow/dags/scripts/loaders/load_refrigerators.py
[2026-02-13T12:42:33.342+0000] {processor.py:830} INFO - Processing file /opt/airflow/dags/scripts/loaders/load_refrigerators.py for tasks to queue
[2026-02-13T12:42:33.346+0000] {logging_mixin.py:188} INFO - [2026-02-13T12:42:33.345+0000] {dagbag.py:545} INFO - Filling up the DagBag from /opt/airflow/dags/scripts/loaders/load_refrigerators.py
[2026-02-13T12:42:33.801+0000] {logging_mixin.py:188} INFO - 🚀 Loading REFRIGERATORS data
[2026-02-13T12:42:34.030+0000] {logging_mixin.py:188} INFO - ✅ Refrigerators table refreshed successfully
[2026-02-13T12:42:34.032+0000] {processor.py:842} WARNING - No viable dags retrieved from /opt/airflow/dags/scripts/loaders/load_refrigerators.py
[2026-02-13T12:42:34.058+0000] {processor.py:183} INFO - Processing /opt/airflow/dags/scripts/loaders/load_refrigerators.py took 0.737 seconds
[2026-02-13T12:43:04.500+0000] {processor.py:161} INFO - Started process (PID=2450) to work on /opt/airflow/dags/scripts/loaders/load_refrigerators.py
[2026-02-13T12:43:04.503+0000] {processor.py:830} INFO - Processing file /opt/airflow/dags/scripts/loaders/load_refrigerators.py for tasks to queue
[2026-02-13T12:43:04.505+0000] {logging_mixin.py:188} INFO - [2026-02-13T12:43:04.505+0000] {dagbag.py:545} INFO - Filling up the DagBag from /opt/airflow/dags/scripts/loaders/load_refrigerators.py
[2026-02-13T12:43:04.863+0000] {logging_mixin.py:188} INFO - 🚀 Loading REFRIGERATORS data
[2026-02-13T12:43:05.028+0000] {logging_mixin.py:188} INFO - ✅ Refrigerators table refreshed successfully
[2026-02-13T12:43:05.029+0000] {processor.py:842} WARNING - No viable dags retrieved from /opt/airflow/dags/scripts/loaders/load_refrigerators.py
[2026-02-13T12:43:05.043+0000] {processor.py:183} INFO - Processing /opt/airflow/dags/scripts/loaders/load_refrigerators.py took 0.549 seconds
[2026-02-13T12:43:36.247+0000] {processor.py:161} INFO - Started process (PID=2479) to work on /opt/airflow/dags/scripts/loaders/load_refrigerators.py
[2026-02-13T12:43:36.253+0000] {processor.py:830} INFO - Processing file /opt/airflow/dags/scripts/loaders/load_refrigerators.py for tasks to queue
[2026-02-13T12:43:36.258+0000] {logging_mixin.py:188} INFO - [2026-02-13T12:43:36.257+0000] {dagbag.py:545} INFO - Filling up the DagBag from /opt/airflow/dags/scripts/loaders/load_refrigerators.py
[2026-02-13T12:43:36.631+0000] {logging_mixin.py:188} INFO - 🚀 Loading REFRIGERATORS data
[2026-02-13T12:43:36.836+0000] {logging_mixin.py:188} INFO - ✅ Refrigerators table refreshed successfully
[2026-02-13T12:43:36.837+0000] {processor.py:842} WARNING - No viable dags retrieved from /opt/airflow/dags/scripts/loaders/load_refrigerators.py
[2026-02-13T12:43:36.852+0000] {processor.py:183} INFO - Processing /opt/airflow/dags/scripts/loaders/load_refrigerators.py took 0.613 seconds
[2026-02-13T12:44:07.453+0000] {processor.py:161} INFO - Started process (PID=2508) to work on /opt/airflow/dags/scripts/loaders/load_refrigerators.py
[2026-02-13T12:44:07.455+0000] {processor.py:830} INFO - Processing file /opt/airflow/dags/scripts/loaders/load_refrigerators.py for tasks to queue
[2026-02-13T12:44:07.460+0000] {logging_mixin.py:188} INFO - [2026-02-13T12:44:07.459+0000] {dagbag.py:545} INFO - Filling up the DagBag from /opt/airflow/dags/scripts/loaders/load_refrigerators.py
[2026-02-13T12:44:08.007+0000] {logging_mixin.py:188} INFO - 🚀 Loading REFRIGERATORS data
[2026-02-13T12:44:08.621+0000] {logging_mixin.py:188} INFO - ✅ Refrigerators table refreshed successfully
[2026-02-13T12:44:08.623+0000] {processor.py:842} WARNING - No viable dags retrieved from /opt/airflow/dags/scripts/loaders/load_refrigerators.py
[2026-02-13T12:44:08.639+0000] {processor.py:183} INFO - Processing /opt/airflow/dags/scripts/loaders/load_refrigerators.py took 1.203 seconds
[2026-02-13T12:44:38.897+0000] {processor.py:161} INFO - Started process (PID=2539) to work on /opt/airflow/dags/scripts/loaders/load_refrigerators.py
[2026-02-13T12:44:38.898+0000] {processor.py:830} INFO - Processing file /opt/airflow/dags/scripts/loaders/load_refrigerators.py for tasks to queue
[2026-02-13T12:44:38.901+0000] {logging_mixin.py:188} INFO - [2026-02-13T12:44:38.900+0000] {dagbag.py:545} INFO - Filling up the DagBag from /opt/airflow/dags/scripts/loaders/load_refrigerators.py
[2026-02-13T12:44:39.303+0000] {logging_mixin.py:188} INFO - 🚀 Loading REFRIGERATORS data
[2026-02-13T12:44:39.682+0000] {logging_mixin.py:188} INFO - ✅ Refrigerators table refreshed successfully
[2026-02-13T12:44:39.683+0000] {processor.py:842} WARNING - No viable dags retrieved from /opt/airflow/dags/scripts/loaders/load_refrigerators.py
[2026-02-13T12:44:39.705+0000] {processor.py:183} INFO - Processing /opt/airflow/dags/scripts/loaders/load_refrigerators.py took 0.816 seconds
[2026-02-13T12:45:10.561+0000] {processor.py:161} INFO - Started process (PID=2566) to work on /opt/airflow/dags/scripts/loaders/load_refrigerators.py
[2026-02-13T12:45:10.564+0000] {processor.py:830} INFO - Processing file /opt/airflow/dags/scripts/loaders/load_refrigerators.py for tasks to queue
[2026-02-13T12:45:10.567+0000] {logging_mixin.py:188} INFO - [2026-02-13T12:45:10.566+0000] {dagbag.py:545} INFO - Filling up the DagBag from /opt/airflow/dags/scripts/loaders/load_refrigerators.py
[2026-02-13T12:45:10.883+0000] {logging_mixin.py:188} INFO - 🚀 Loading REFRIGERATORS data
[2026-02-13T12:45:11.216+0000] {logging_mixin.py:188} INFO - ✅ Refrigerators table refreshed successfully
[2026-02-13T12:45:11.218+0000] {processor.py:842} WARNING - No viable dags retrieved from /opt/airflow/dags/scripts/loaders/load_refrigerators.py
[2026-02-13T12:45:11.237+0000] {processor.py:183} INFO - Processing /opt/airflow/dags/scripts/loaders/load_refrigerators.py took 0.682 seconds
[2026-02-13T12:45:41.551+0000] {processor.py:161} INFO - Started process (PID=2595) to work on /opt/airflow/dags/scripts/loaders/load_refrigerators.py
[2026-02-13T12:45:41.555+0000] {processor.py:830} INFO - Processing file /opt/airflow/dags/scripts/loaders/load_refrigerators.py for tasks to queue
[2026-02-13T12:45:41.558+0000] {logging_mixin.py:188} INFO - [2026-02-13T12:45:41.557+0000] {dagbag.py:545} INFO - Filling up the DagBag from /opt/airflow/dags/scripts/loaders/load_refrigerators.py
[2026-02-13T12:45:41.891+0000] {logging_mixin.py:188} INFO - 🚀 Loading REFRIGERATORS data
[2026-02-13T12:45:42.041+0000] {logging_mixin.py:188} INFO - ✅ Refrigerators table refreshed successfully
[2026-02-13T12:45:42.042+0000] {processor.py:842} WARNING - No viable dags retrieved from /opt/airflow/dags/scripts/loaders/load_refrigerators.py
[2026-02-13T12:45:42.061+0000] {processor.py:183} INFO - Processing /opt/airflow/dags/scripts/loaders/load_refrigerators.py took 0.518 seconds
[2026-02-13T12:46:12.600+0000] {processor.py:161} INFO - Started process (PID=2624) to work on /opt/airflow/dags/scripts/loaders/load_refrigerators.py
[2026-02-13T12:46:12.601+0000] {processor.py:830} INFO - Processing file /opt/airflow/dags/scripts/loaders/load_refrigerators.py for tasks to queue
[2026-02-13T12:46:12.604+0000] {logging_mixin.py:188} INFO - [2026-02-13T12:46:12.604+0000] {dagbag.py:545} INFO - Filling up the DagBag from /opt/airflow/dags/scripts/loaders/load_refrigerators.py
[2026-02-13T12:46:12.965+0000] {logging_mixin.py:188} INFO - 🚀 Loading REFRIGERATORS data
[2026-02-13T12:46:13.139+0000] {logging_mixin.py:188} INFO - ✅ Refrigerators table refreshed successfully
[2026-02-13T12:46:13.141+0000] {processor.py:842} WARNING - No viable dags retrieved from /opt/airflow/dags/scripts/loaders/load_refrigerators.py
[2026-02-13T12:46:13.152+0000] {processor.py:183} INFO - Processing /opt/airflow/dags/scripts/loaders/load_refrigerators.py took 0.557 seconds
[2026-02-13T12:46:43.693+0000] {processor.py:161} INFO - Started process (PID=2652) to work on /opt/airflow/dags/scripts/loaders/load_refrigerators.py
[2026-02-13T12:46:43.695+0000] {processor.py:830} INFO - Processing file /opt/airflow/dags/scripts/loaders/load_refrigerators.py for tasks to queue
[2026-02-13T12:46:43.699+0000] {logging_mixin.py:188} INFO - [2026-02-13T12:46:43.698+0000] {dagbag.py:545} INFO - Filling up the DagBag from /opt/airflow/dags/scripts/loaders/load_refrigerators.py
[2026-02-13T12:46:44.284+0000] {logging_mixin.py:188} INFO - 🚀 Loading REFRIGERATORS data
[2026-02-13T12:46:44.494+0000] {logging_mixin.py:188} INFO - ✅ Refrigerators table refreshed successfully
[2026-02-13T12:46:44.496+0000] {processor.py:842} WARNING - No viable dags retrieved from /opt/airflow/dags/scripts/loaders/load_refrigerators.py
[2026-02-13T12:46:44.546+0000] {processor.py:183} INFO - Processing /opt/airflow/dags/scripts/loaders/load_refrigerators.py took 0.859 seconds
[2026-02-13T12:47:15.183+0000] {processor.py:161} INFO - Started process (PID=2678) to work on /opt/airflow/dags/scripts/loaders/load_refrigerators.py
[2026-02-13T12:47:15.186+0000] {processor.py:830} INFO - Processing file /opt/airflow/dags/scripts/loaders/load_refrigerators.py for tasks to queue
[2026-02-13T12:47:15.191+0000] {logging_mixin.py:188} INFO - [2026-02-13T12:47:15.190+0000] {dagbag.py:545} INFO - Filling up the DagBag from /opt/airflow/dags/scripts/loaders/load_refrigerators.py
[2026-02-13T12:47:15.542+0000] {logging_mixin.py:188} INFO - 🚀 Loading REFRIGERATORS data
[2026-02-13T12:47:15.905+0000] {logging_mixin.py:188} INFO - ✅ Refrigerators table refreshed successfully
[2026-02-13T12:47:15.906+0000] {processor.py:842} WARNING - No viable dags retrieved from /opt/airflow/dags/scripts/loaders/load_refrigerators.py
[2026-02-13T12:47:15.930+0000] {processor.py:183} INFO - Processing /opt/airflow/dags/scripts/loaders/load_refrigerators.py took 0.764 seconds
[2026-02-13T12:47:46.394+0000] {processor.py:161} INFO - Started process (PID=2710) to work on /opt/airflow/dags/scripts/loaders/load_refrigerators.py
[2026-02-13T12:47:46.396+0000] {processor.py:830} INFO - Processing file /opt/airflow/dags/scripts/loaders/load_refrigerators.py for tasks to queue
[2026-02-13T12:47:46.399+0000] {logging_mixin.py:188} INFO - [2026-02-13T12:47:46.399+0000] {dagbag.py:545} INFO - Filling up the DagBag from /opt/airflow/dags/scripts/loaders/load_refrigerators.py
[2026-02-13T12:47:46.684+0000] {logging_mixin.py:188} INFO - 🚀 Loading REFRIGERATORS data
[2026-02-13T12:47:47.101+0000] {logging_mixin.py:188} INFO - ✅ Refrigerators table refreshed successfully
[2026-02-13T12:47:47.103+0000] {processor.py:842} WARNING - No viable dags retrieved from /opt/airflow/dags/scripts/loaders/load_refrigerators.py
[2026-02-13T12:47:47.126+0000] {processor.py:183} INFO - Processing /opt/airflow/dags/scripts/loaders/load_refrigerators.py took 0.736 seconds
[2026-02-13T12:48:17.320+0000] {processor.py:161} INFO - Started process (PID=2733) to work on /opt/airflow/dags/scripts/loaders/load_refrigerators.py
[2026-02-13T12:48:17.322+0000] {processor.py:830} INFO - Processing file /opt/airflow/dags/scripts/loaders/load_refrigerators.py for tasks to queue
[2026-02-13T12:48:17.325+0000] {logging_mixin.py:188} INFO - [2026-02-13T12:48:17.324+0000] {dagbag.py:545} INFO - Filling up the DagBag from /opt/airflow/dags/scripts/loaders/load_refrigerators.py
[2026-02-13T12:48:17.635+0000] {logging_mixin.py:188} INFO - 🚀 Loading REFRIGERATORS data
[2026-02-13T12:48:17.967+0000] {logging_mixin.py:188} INFO - ✅ Refrigerators table refreshed successfully
[2026-02-13T12:48:17.969+0000] {processor.py:842} WARNING - No viable dags retrieved from /opt/airflow/dags/scripts/loaders/load_refrigerators.py
[2026-02-13T12:48:17.984+0000] {processor.py:183} INFO - Processing /opt/airflow/dags/scripts/loaders/load_refrigerators.py took 0.669 seconds
[2026-02-13T12:48:48.734+0000] {processor.py:161} INFO - Started process (PID=2762) to work on /opt/airflow/dags/scripts/loaders/load_refrigerators.py
[2026-02-13T12:48:48.735+0000] {processor.py:830} INFO - Processing file /opt/airflow/dags/scripts/loaders/load_refrigerators.py for tasks to queue
[2026-02-13T12:48:48.738+0000] {logging_mixin.py:188} INFO - [2026-02-13T12:48:48.737+0000] {dagbag.py:545} INFO - Filling up the DagBag from /opt/airflow/dags/scripts/loaders/load_refrigerators.py
[2026-02-13T12:48:49.079+0000] {logging_mixin.py:188} INFO - 🚀 Loading REFRIGERATORS data
[2026-02-13T12:48:49.204+0000] {logging_mixin.py:188} INFO - ✅ Refrigerators table refreshed successfully
[2026-02-13T12:48:49.205+0000] {processor.py:842} WARNING - No viable dags retrieved from /opt/airflow/dags/scripts/loaders/load_refrigerators.py
[2026-02-13T12:48:49.220+0000] {processor.py:183} INFO - Processing /opt/airflow/dags/scripts/loaders/load_refrigerators.py took 0.493 seconds
[2026-02-13T12:49:19.487+0000] {processor.py:161} INFO - Started process (PID=2791) to work on /opt/airflow/dags/scripts/loaders/load_refrigerators.py
[2026-02-13T12:49:19.489+0000] {processor.py:830} INFO - Processing file /opt/airflow/dags/scripts/loaders/load_refrigerators.py for tasks to queue
[2026-02-13T12:49:19.492+0000] {logging_mixin.py:188} INFO - [2026-02-13T12:49:19.491+0000] {dagbag.py:545} INFO - Filling up the DagBag from /opt/airflow/dags/scripts/loaders/load_refrigerators.py
[2026-02-13T12:49:20.062+0000] {logging_mixin.py:188} INFO - 🚀 Loading REFRIGERATORS data
[2026-02-13T12:49:20.266+0000] {logging_mixin.py:188} INFO - ✅ Refrigerators table refreshed successfully
[2026-02-13T12:49:20.272+0000] {processor.py:842} WARNING - No viable dags retrieved from /opt/airflow/dags/scripts/loaders/load_refrigerators.py
[2026-02-13T12:49:20.321+0000] {processor.py:183} INFO - Processing /opt/airflow/dags/scripts/loaders/load_refrigerators.py took 0.839 seconds
[2026-02-13T12:49:50.862+0000] {processor.py:161} INFO - Started process (PID=2820) to work on /opt/airflow/dags/scripts/loaders/load_refrigerators.py
[2026-02-13T12:49:50.863+0000] {processor.py:830} INFO - Processing file /opt/airflow/dags/scripts/loaders/load_refrigerators.py for tasks to queue
[2026-02-13T12:49:50.865+0000] {logging_mixin.py:188} INFO - [2026-02-13T12:49:50.865+0000] {dagbag.py:545} INFO - Filling up the DagBag from /opt/airflow/dags/scripts/loaders/load_refrigerators.py
[2026-02-13T12:49:51.135+0000] {logging_mixin.py:188} INFO - 🚀 Loading REFRIGERATORS data
[2026-02-13T12:49:51.285+0000] {logging_mixin.py:188} INFO - ✅ Refrigerators table refreshed successfully
[2026-02-13T12:49:51.286+0000] {processor.py:842} WARNING - No viable dags retrieved from /opt/airflow/dags/scripts/loaders/load_refrigerators.py
[2026-02-13T12:49:51.304+0000] {processor.py:183} INFO - Processing /opt/airflow/dags/scripts/loaders/load_refrigerators.py took 0.447 seconds
[2026-02-13T12:50:21.755+0000] {processor.py:161} INFO - Started process (PID=2849) to work on /opt/airflow/dags/scripts/loaders/load_refrigerators.py
[2026-02-13T12:50:21.758+0000] {processor.py:830} INFO - Processing file /opt/airflow/dags/scripts/loaders/load_refrigerators.py for tasks to queue
[2026-02-13T12:50:21.761+0000] {logging_mixin.py:188} INFO - [2026-02-13T12:50:21.761+0000] {dagbag.py:545} INFO - Filling up the DagBag from /opt/airflow/dags/scripts/loaders/load_refrigerators.py
[2026-02-13T12:50:22.091+0000] {logging_mixin.py:188} INFO - 🚀 Loading REFRIGERATORS data
[2026-02-13T12:50:22.438+0000] {logging_mixin.py:188} INFO - ✅ Refrigerators table refreshed successfully
[2026-02-13T12:50:22.439+0000] {processor.py:842} WARNING - No viable dags retrieved from /opt/airflow/dags/scripts/loaders/load_refrigerators.py
[2026-02-13T12:50:22.466+0000] {processor.py:183} INFO - Processing /opt/airflow/dags/scripts/loaders/load_refrigerators.py took 0.721 seconds
[2026-02-13T12:50:52.701+0000] {processor.py:161} INFO - Started process (PID=2878) to work on /opt/airflow/dags/scripts/loaders/load_refrigerators.py
[2026-02-13T12:50:52.702+0000] {processor.py:830} INFO - Processing file /opt/airflow/dags/scripts/loaders/load_refrigerators.py for tasks to queue
[2026-02-13T12:50:52.704+0000] {logging_mixin.py:188} INFO - [2026-02-13T12:50:52.704+0000] {dagbag.py:545} INFO - Filling up the DagBag from /opt/airflow/dags/scripts/loaders/load_refrigerators.py
[2026-02-13T12:50:53.220+0000] {logging_mixin.py:188} INFO - 🚀 Loading REFRIGERATORS data
[2026-02-13T12:50:53.827+0000] {logging_mixin.py:188} INFO - ✅ Refrigerators table refreshed successfully
[2026-02-13T12:50:53.828+0000] {processor.py:842} WARNING - No viable dags retrieved from /opt/airflow/dags/scripts/loaders/load_refrigerators.py
[2026-02-13T12:50:53.853+0000] {processor.py:183} INFO - Processing /opt/airflow/dags/scripts/loaders/load_refrigerators.py took 1.157 seconds
[2026-02-13T12:51:24.143+0000] {processor.py:161} INFO - Started process (PID=2908) to work on /opt/airflow/dags/scripts/loaders/load_refrigerators.py
[2026-02-13T12:51:24.144+0000] {processor.py:830} INFO - Processing file /opt/airflow/dags/scripts/loaders/load_refrigerators.py for tasks to queue
[2026-02-13T12:51:24.147+0000] {logging_mixin.py:188} INFO - [2026-02-13T12:51:24.146+0000] {dagbag.py:545} INFO - Filling up the DagBag from /opt/airflow/dags/scripts/loaders/load_refrigerators.py
[2026-02-13T12:51:24.468+0000] {logging_mixin.py:188} INFO - 🚀 Loading REFRIGERATORS data
[2026-02-13T12:51:24.726+0000] {logging_mixin.py:188} INFO - ✅ Refrigerators table refreshed successfully
[2026-02-13T12:51:24.727+0000] {processor.py:842} WARNING - No viable dags retrieved from /opt/airflow/dags/scripts/loaders/load_refrigerators.py
[2026-02-13T12:51:24.741+0000] {processor.py:183} INFO - Processing /opt/airflow/dags/scripts/loaders/load_refrigerators.py took 0.603 seconds
[2026-02-13T12:51:55.252+0000] {processor.py:161} INFO - Started process (PID=2936) to work on /opt/airflow/dags/scripts/loaders/load_refrigerators.py
[2026-02-13T12:51:55.254+0000] {processor.py:830} INFO - Processing file /opt/airflow/dags/scripts/loaders/load_refrigerators.py for tasks to queue
[2026-02-13T12:51:55.256+0000] {logging_mixin.py:188} INFO - [2026-02-13T12:51:55.256+0000] {dagbag.py:545} INFO - Filling up the DagBag from /opt/airflow/dags/scripts/loaders/load_refrigerators.py
[2026-02-13T12:51:55.721+0000] {logging_mixin.py:188} INFO - 🚀 Loading REFRIGERATORS data
[2026-02-13T12:51:55.852+0000] {logging_mixin.py:188} INFO - ✅ Refrigerators table refreshed successfully
[2026-02-13T12:51:55.853+0000] {processor.py:842} WARNING - No viable dags retrieved from /opt/airflow/dags/scripts/loaders/load_refrigerators.py
[2026-02-13T12:51:55.879+0000] {processor.py:183} INFO - Processing /opt/airflow/dags/scripts/loaders/load_refrigerators.py took 0.634 seconds
[2026-02-13T12:52:27.816+0000] {processor.py:161} INFO - Started process (PID=2968) to work on /opt/airflow/dags/scripts/loaders/load_refrigerators.py
[2026-02-13T12:52:27.817+0000] {processor.py:830} INFO - Processing file /opt/airflow/dags/scripts/loaders/load_refrigerators.py for tasks to queue
[2026-02-13T12:52:27.821+0000] {logging_mixin.py:188} INFO - [2026-02-13T12:52:27.820+0000] {dagbag.py:545} INFO - Filling up the DagBag from /opt/airflow/dags/scripts/loaders/load_refrigerators.py
[2026-02-13T12:52:28.185+0000] {logging_mixin.py:188} INFO - 🚀 Loading REFRIGERATORS data
[2026-02-13T12:52:28.309+0000] {logging_mixin.py:188} INFO - ✅ Refrigerators table refreshed successfully
[2026-02-13T12:52:28.310+0000] {processor.py:842} WARNING - No viable dags retrieved from /opt/airflow/dags/scripts/loaders/load_refrigerators.py
[2026-02-13T12:52:28.328+0000] {processor.py:183} INFO - Processing /opt/airflow/dags/scripts/loaders/load_refrigerators.py took 0.521 seconds
[2026-02-13T12:52:58.572+0000] {processor.py:161} INFO - Started process (PID=2997) to work on /opt/airflow/dags/scripts/loaders/load_refrigerators.py
[2026-02-13T12:52:58.574+0000] {processor.py:830} INFO - Processing file /opt/airflow/dags/scripts/loaders/load_refrigerators.py for tasks to queue
[2026-02-13T12:52:58.577+0000] {logging_mixin.py:188} INFO - [2026-02-13T12:52:58.576+0000] {dagbag.py:545} INFO - Filling up the DagBag from /opt/airflow/dags/scripts/loaders/load_refrigerators.py
[2026-02-13T12:52:58.852+0000] {logging_mixin.py:188} INFO - 🚀 Loading REFRIGERATORS data
[2026-02-13T12:52:59.030+0000] {logging_mixin.py:188} INFO - ✅ Refrigerators table refreshed successfully
[2026-02-13T12:52:59.032+0000] {processor.py:842} WARNING - No viable dags retrieved from /opt/airflow/dags/scripts/loaders/load_refrigerators.py
[2026-02-13T12:52:59.056+0000] {processor.py:183} INFO - Processing /opt/airflow/dags/scripts/loaders/load_refrigerators.py took 0.491 seconds
[2026-02-13T12:53:29.294+0000] {processor.py:161} INFO - Started process (PID=3026) to work on /opt/airflow/dags/scripts/loaders/load_refrigerators.py
[2026-02-13T12:53:29.297+0000] {processor.py:830} INFO - Processing file /opt/airflow/dags/scripts/loaders/load_refrigerators.py for tasks to queue
[2026-02-13T12:53:29.303+0000] {logging_mixin.py:188} INFO - [2026-02-13T12:53:29.302+0000] {dagbag.py:545} INFO - Filling up the DagBag from /opt/airflow/dags/scripts/loaders/load_refrigerators.py
[2026-02-13T12:53:29.592+0000] {logging_mixin.py:188} INFO - 🚀 Loading REFRIGERATORS data
[2026-02-13T12:53:29.825+0000] {logging_mixin.py:188} INFO - ✅ Refrigerators table refreshed successfully
[2026-02-13T12:53:29.827+0000] {processor.py:842} WARNING - No viable dags retrieved from /opt/airflow/dags/scripts/loaders/load_refrigerators.py
[2026-02-13T12:53:29.840+0000] {processor.py:183} INFO - Processing /opt/airflow/dags/scripts/loaders/load_refrigerators.py took 0.559 seconds
[2026-02-13T12:54:00.142+0000] {processor.py:161} INFO - Started process (PID=3055) to work on /opt/airflow/dags/scripts/loaders/load_refrigerators.py
[2026-02-13T12:54:00.144+0000] {processor.py:830} INFO - Processing file /opt/airflow/dags/scripts/loaders/load_refrigerators.py for tasks to queue
[2026-02-13T12:54:00.148+0000] {logging_mixin.py:188} INFO - [2026-02-13T12:54:00.147+0000] {dagbag.py:545} INFO - Filling up the DagBag from /opt/airflow/dags/scripts/loaders/load_refrigerators.py
[2026-02-13T12:54:00.486+0000] {logging_mixin.py:188} INFO - 🚀 Loading REFRIGERATORS data
[2026-02-13T12:54:00.739+0000] {logging_mixin.py:188} INFO - ✅ Refrigerators table refreshed successfully
[2026-02-13T12:54:00.740+0000] {processor.py:842} WARNING - No viable dags retrieved from /opt/airflow/dags/scripts/loaders/load_refrigerators.py
[2026-02-13T12:54:00.761+0000] {processor.py:183} INFO - Processing /opt/airflow/dags/scripts/loaders/load_refrigerators.py took 0.628 seconds
[2026-02-13T12:54:31.070+0000] {processor.py:161} INFO - Started process (PID=3084) to work on /opt/airflow/dags/scripts/loaders/load_refrigerators.py
[2026-02-13T12:54:31.073+0000] {processor.py:830} INFO - Processing file /opt/airflow/dags/scripts/loaders/load_refrigerators.py for tasks to queue
[2026-02-13T12:54:31.076+0000] {logging_mixin.py:188} INFO - [2026-02-13T12:54:31.076+0000] {dagbag.py:545} INFO - Filling up the DagBag from /opt/airflow/dags/scripts/loaders/load_refrigerators.py
[2026-02-13T12:54:31.637+0000] {logging_mixin.py:188} INFO - 🚀 Loading REFRIGERATORS data
[2026-02-13T12:54:31.863+0000] {logging_mixin.py:188} INFO - ✅ Refrigerators table refreshed successfully
[2026-02-13T12:54:31.864+0000] {processor.py:842} WARNING - No viable dags retrieved from /opt/airflow/dags/scripts/loaders/load_refrigerators.py
[2026-02-13T12:54:31.875+0000] {processor.py:183} INFO - Processing /opt/airflow/dags/scripts/loaders/load_refrigerators.py took 0.820 seconds
[2026-02-13T12:55:02.147+0000] {processor.py:161} INFO - Started process (PID=3111) to work on /opt/airflow/dags/scripts/loaders/load_refrigerators.py
[2026-02-13T12:55:02.155+0000] {processor.py:830} INFO - Processing file /opt/airflow/dags/scripts/loaders/load_refrigerators.py for tasks to queue
[2026-02-13T12:55:02.160+0000] {logging_mixin.py:188} INFO - [2026-02-13T12:55:02.159+0000] {dagbag.py:545} INFO - Filling up the DagBag from /opt/airflow/dags/scripts/loaders/load_refrigerators.py
[2026-02-13T12:55:02.734+0000] {logging_mixin.py:188} INFO - 🚀 Loading REFRIGERATORS data
[2026-02-13T12:55:03.152+0000] {logging_mixin.py:188} INFO - ✅ Refrigerators table refreshed successfully
[2026-02-13T12:55:03.153+0000] {processor.py:842} WARNING - No viable dags retrieved from /opt/airflow/dags/scripts/loaders/load_refrigerators.py
[2026-02-13T12:55:03.173+0000] {processor.py:183} INFO - Processing /opt/airflow/dags/scripts/loaders/load_refrigerators.py took 1.044 seconds
[2026-02-13T12:55:33.429+0000] {processor.py:161} INFO - Started process (PID=3140) to work on /opt/airflow/dags/scripts/loaders/load_refrigerators.py
[2026-02-13T12:55:33.432+0000] {processor.py:830} INFO - Processing file /opt/airflow/dags/scripts/loaders/load_refrigerators.py for tasks to queue
[2026-02-13T12:55:33.435+0000] {logging_mixin.py:188} INFO - [2026-02-13T12:55:33.434+0000] {dagbag.py:545} INFO - Filling up the DagBag from /opt/airflow/dags/scripts/loaders/load_refrigerators.py
[2026-02-13T12:55:33.977+0000] {logging_mixin.py:188} INFO - 🚀 Loading REFRIGERATORS data
[2026-02-13T12:55:34.152+0000] {logging_mixin.py:188} INFO - ✅ Refrigerators table refreshed successfully
[2026-02-13T12:55:34.154+0000] {processor.py:842} WARNING - No viable dags retrieved from /opt/airflow/dags/scripts/loaders/load_refrigerators.py
[2026-02-13T12:55:34.196+0000] {processor.py:183} INFO - Processing /opt/airflow/dags/scripts/loaders/load_refrigerators.py took 0.776 seconds
[2026-02-13T12:56:04.739+0000] {processor.py:161} INFO - Started process (PID=3169) to work on /opt/airflow/dags/scripts/loaders/load_refrigerators.py
[2026-02-13T12:56:04.748+0000] {processor.py:830} INFO - Processing file /opt/airflow/dags/scripts/loaders/load_refrigerators.py for tasks to queue
[2026-02-13T12:56:04.752+0000] {logging_mixin.py:188} INFO - [2026-02-13T12:56:04.751+0000] {dagbag.py:545} INFO - Filling up the DagBag from /opt/airflow/dags/scripts/loaders/load_refrigerators.py
[2026-02-13T12:56:05.108+0000] {logging_mixin.py:188} INFO - 🚀 Loading REFRIGERATORS data
[2026-02-13T12:56:05.349+0000] {logging_mixin.py:188} INFO - ✅ Refrigerators table refreshed successfully
[2026-02-13T12:56:05.351+0000] {processor.py:842} WARNING - No viable dags retrieved from /opt/airflow/dags/scripts/loaders/load_refrigerators.py
[2026-02-13T12:56:05.376+0000] {processor.py:183} INFO - Processing /opt/airflow/dags/scripts/loaders/load_refrigerators.py took 0.644 seconds
[2026-02-13T12:56:35.603+0000] {processor.py:161} INFO - Started process (PID=3198) to work on /opt/airflow/dags/scripts/loaders/load_refrigerators.py
[2026-02-13T12:56:35.606+0000] {processor.py:830} INFO - Processing file /opt/airflow/dags/scripts/loaders/load_refrigerators.py for tasks to queue
[2026-02-13T12:56:35.611+0000] {logging_mixin.py:188} INFO - [2026-02-13T12:56:35.611+0000] {dagbag.py:545} INFO - Filling up the DagBag from /opt/airflow/dags/scripts/loaders/load_refrigerators.py
[2026-02-13T12:56:36.005+0000] {logging_mixin.py:188} INFO - 🚀 Loading REFRIGERATORS data
[2026-02-13T12:56:36.425+0000] {logging_mixin.py:188} INFO - ✅ Refrigerators table refreshed successfully
[2026-02-13T12:56:36.427+0000] {processor.py:842} WARNING - No viable dags retrieved from /opt/airflow/dags/scripts/loaders/load_refrigerators.py
[2026-02-13T12:56:36.447+0000] {processor.py:183} INFO - Processing /opt/airflow/dags/scripts/loaders/load_refrigerators.py took 0.855 seconds
[2026-02-13T12:57:06.617+0000] {processor.py:161} INFO - Started process (PID=3226) to work on /opt/airflow/dags/scripts/loaders/load_refrigerators.py
[2026-02-13T12:57:06.619+0000] {processor.py:830} INFO - Processing file /opt/airflow/dags/scripts/loaders/load_refrigerators.py for tasks to queue
[2026-02-13T12:57:06.623+0000] {logging_mixin.py:188} INFO - [2026-02-13T12:57:06.622+0000] {dagbag.py:545} INFO - Filling up the DagBag from /opt/airflow/dags/scripts/loaders/load_refrigerators.py
[2026-02-13T12:57:07.101+0000] {logging_mixin.py:188} INFO - 🚀 Loading REFRIGERATORS data
[2026-02-13T12:57:07.589+0000] {logging_mixin.py:188} INFO - ✅ Refrigerators table refreshed successfully
[2026-02-13T12:57:07.590+0000] {processor.py:842} WARNING - No viable dags retrieved from /opt/airflow/dags/scripts/loaders/load_refrigerators.py
[2026-02-13T12:57:07.616+0000] {processor.py:183} INFO - Processing /opt/airflow/dags/scripts/loaders/load_refrigerators.py took 1.005 seconds
[2026-02-13T12:57:37.898+0000] {processor.py:161} INFO - Started process (PID=3255) to work on /opt/airflow/dags/scripts/loaders/load_refrigerators.py
[2026-02-13T12:57:37.900+0000] {processor.py:830} INFO - Processing file /opt/airflow/dags/scripts/loaders/load_refrigerators.py for tasks to queue
[2026-02-13T12:57:37.904+0000] {logging_mixin.py:188} INFO - [2026-02-13T12:57:37.903+0000] {dagbag.py:545} INFO - Filling up the DagBag from /opt/airflow/dags/scripts/loaders/load_refrigerators.py
[2026-02-13T12:57:38.638+0000] {logging_mixin.py:188} INFO - 🚀 Loading REFRIGERATORS data
[2026-02-13T12:57:39.518+0000] {logging_mixin.py:188} INFO - ✅ Refrigerators table refreshed successfully
[2026-02-13T12:57:39.519+0000] {processor.py:842} WARNING - No viable dags retrieved from /opt/airflow/dags/scripts/loaders/load_refrigerators.py
[2026-02-13T12:57:39.549+0000] {processor.py:183} INFO - Processing /opt/airflow/dags/scripts/loaders/load_refrigerators.py took 1.662 seconds
[2026-02-13T12:58:09.957+0000] {processor.py:161} INFO - Started process (PID=3284) to work on /opt/airflow/dags/scripts/loaders/load_refrigerators.py
[2026-02-13T12:58:09.960+0000] {processor.py:830} INFO - Processing file /opt/airflow/dags/scripts/loaders/load_refrigerators.py for tasks to queue
[2026-02-13T12:58:09.967+0000] {logging_mixin.py:188} INFO - [2026-02-13T12:58:09.966+0000] {dagbag.py:545} INFO - Filling up the DagBag from /opt/airflow/dags/scripts/loaders/load_refrigerators.py
[2026-02-13T12:58:10.352+0000] {logging_mixin.py:188} INFO - 🚀 Loading REFRIGERATORS data
[2026-02-13T12:58:10.616+0000] {logging_mixin.py:188} INFO - ✅ Refrigerators table refreshed successfully
[2026-02-13T12:58:10.617+0000] {processor.py:842} WARNING - No viable dags retrieved from /opt/airflow/dags/scripts/loaders/load_refrigerators.py
[2026-02-13T12:58:10.676+0000] {processor.py:183} INFO - Processing /opt/airflow/dags/scripts/loaders/load_refrigerators.py took 0.725 seconds
[2026-02-13T12:58:40.915+0000] {processor.py:161} INFO - Started process (PID=3310) to work on /opt/airflow/dags/scripts/loaders/load_refrigerators.py
[2026-02-13T12:58:40.920+0000] {processor.py:830} INFO - Processing file /opt/airflow/dags/scripts/loaders/load_refrigerators.py for tasks to queue
[2026-02-13T12:58:40.925+0000] {logging_mixin.py:188} INFO - [2026-02-13T12:58:40.924+0000] {dagbag.py:545} INFO - Filling up the DagBag from /opt/airflow/dags/scripts/loaders/load_refrigerators.py
[2026-02-13T12:58:41.476+0000] {logging_mixin.py:188} INFO - 🚀 Loading REFRIGERATORS data
[2026-02-13T12:58:41.639+0000] {logging_mixin.py:188} INFO - ✅ Refrigerators table refreshed successfully
[2026-02-13T12:58:41.640+0000] {processor.py:842} WARNING - No viable dags retrieved from /opt/airflow/dags/scripts/loaders/load_refrigerators.py
[2026-02-13T12:58:41.668+0000] {processor.py:183} INFO - Processing /opt/airflow/dags/scripts/loaders/load_refrigerators.py took 0.772 seconds
[2026-02-13T12:59:12.055+0000] {processor.py:161} INFO - Started process (PID=3342) to work on /opt/airflow/dags/scripts/loaders/load_refrigerators.py
[2026-02-13T12:59:12.058+0000] {processor.py:830} INFO - Processing file /opt/airflow/dags/scripts/loaders/load_refrigerators.py for tasks to queue
[2026-02-13T12:59:12.062+0000] {logging_mixin.py:188} INFO - [2026-02-13T12:59:12.061+0000] {dagbag.py:545} INFO - Filling up the DagBag from /opt/airflow/dags/scripts/loaders/load_refrigerators.py
[2026-02-13T12:59:12.480+0000] {logging_mixin.py:188} INFO - 🚀 Loading REFRIGERATORS data
[2026-02-13T12:59:12.666+0000] {logging_mixin.py:188} INFO - ✅ Refrigerators table refreshed successfully
[2026-02-13T12:59:12.668+0000] {processor.py:842} WARNING - No viable dags retrieved from /opt/airflow/dags/scripts/loaders/load_refrigerators.py
[2026-02-13T12:59:12.694+0000] {processor.py:183} INFO - Processing /opt/airflow/dags/scripts/loaders/load_refrigerators.py took 0.645 seconds
[2026-02-13T12:59:43.026+0000] {processor.py:161} INFO - Started process (PID=3368) to work on /opt/airflow/dags/scripts/loaders/load_refrigerators.py
[2026-02-13T12:59:43.029+0000] {processor.py:830} INFO - Processing file /opt/airflow/dags/scripts/loaders/load_refrigerators.py for tasks to queue
[2026-02-13T12:59:43.034+0000] {logging_mixin.py:188} INFO - [2026-02-13T12:59:43.033+0000] {dagbag.py:545} INFO - Filling up the DagBag from /opt/airflow/dags/scripts/loaders/load_refrigerators.py
[2026-02-13T12:59:43.403+0000] {logging_mixin.py:188} INFO - 🚀 Loading REFRIGERATORS data
[2026-02-13T12:59:43.766+0000] {logging_mixin.py:188} INFO - ✅ Refrigerators table refreshed successfully
[2026-02-13T12:59:43.768+0000] {processor.py:842} WARNING - No viable dags retrieved from /opt/airflow/dags/scripts/loaders/load_refrigerators.py
[2026-02-13T12:59:43.801+0000] {processor.py:183} INFO - Processing /opt/airflow/dags/scripts/loaders/load_refrigerators.py took 0.794 seconds
[2026-02-13T13:00:13.993+0000] {processor.py:161} INFO - Started process (PID=3397) to work on /opt/airflow/dags/scripts/loaders/load_refrigerators.py
[2026-02-13T13:00:13.995+0000] {processor.py:830} INFO - Processing file /opt/airflow/dags/scripts/loaders/load_refrigerators.py for tasks to queue
[2026-02-13T13:00:13.999+0000] {logging_mixin.py:188} INFO - [2026-02-13T13:00:13.998+0000] {dagbag.py:545} INFO - Filling up the DagBag from /opt/airflow/dags/scripts/loaders/load_refrigerators.py
[2026-02-13T13:00:14.600+0000] {logging_mixin.py:188} INFO - 🚀 Loading REFRIGERATORS data
[2026-02-13T13:00:15.172+0000] {logging_mixin.py:188} INFO - ✅ Refrigerators table refreshed successfully
[2026-02-13T13:00:15.173+0000] {processor.py:842} WARNING - No viable dags retrieved from /opt/airflow/dags/scripts/loaders/load_refrigerators.py
[2026-02-13T13:00:15.201+0000] {processor.py:183} INFO - Processing /opt/airflow/dags/scripts/loaders/load_refrigerators.py took 1.221 seconds
[2026-02-13T13:00:45.654+0000] {processor.py:161} INFO - Started process (PID=3426) to work on /opt/airflow/dags/scripts/loaders/load_refrigerators.py
[2026-02-13T13:00:45.670+0000] {processor.py:830} INFO - Processing file /opt/airflow/dags/scripts/loaders/load_refrigerators.py for tasks to queue
[2026-02-13T13:00:45.675+0000] {logging_mixin.py:188} INFO - [2026-02-13T13:00:45.674+0000] {dagbag.py:545} INFO - Filling up the DagBag from /opt/airflow/dags/scripts/loaders/load_refrigerators.py
[2026-02-13T13:00:46.085+0000] {logging_mixin.py:188} INFO - 🚀 Loading REFRIGERATORS data
[2026-02-13T13:00:46.666+0000] {logging_mixin.py:188} INFO - ✅ Refrigerators table refreshed successfully
[2026-02-13T13:00:46.667+0000] {processor.py:842} WARNING - No viable dags retrieved from /opt/airflow/dags/scripts/loaders/load_refrigerators.py
[2026-02-13T13:00:46.690+0000] {processor.py:183} INFO - Processing /opt/airflow/dags/scripts/loaders/load_refrigerators.py took 1.048 seconds
[2026-02-13T13:01:17.462+0000] {processor.py:161} INFO - Started process (PID=3458) to work on /opt/airflow/dags/scripts/loaders/load_refrigerators.py
[2026-02-13T13:01:17.464+0000] {processor.py:830} INFO - Processing file /opt/airflow/dags/scripts/loaders/load_refrigerators.py for tasks to queue
[2026-02-13T13:01:17.467+0000] {logging_mixin.py:188} INFO - [2026-02-13T13:01:17.466+0000] {dagbag.py:545} INFO - Filling up the DagBag from /opt/airflow/dags/scripts/loaders/load_refrigerators.py
[2026-02-13T13:01:17.880+0000] {logging_mixin.py:188} INFO - 🚀 Loading REFRIGERATORS data
[2026-02-13T13:01:18.372+0000] {logging_mixin.py:188} INFO - ✅ Refrigerators table refreshed successfully
[2026-02-13T13:01:18.373+0000] {processor.py:842} WARNING - No viable dags retrieved from /opt/airflow/dags/scripts/loaders/load_refrigerators.py
[2026-02-13T13:01:18.393+0000] {processor.py:183} INFO - Processing /opt/airflow/dags/scripts/loaders/load_refrigerators.py took 0.937 seconds
[2026-02-13T13:01:48.907+0000] {processor.py:161} INFO - Started process (PID=3487) to work on /opt/airflow/dags/scripts/loaders/load_refrigerators.py
[2026-02-13T13:01:48.909+0000] {processor.py:830} INFO - Processing file /opt/airflow/dags/scripts/loaders/load_refrigerators.py for tasks to queue
[2026-02-13T13:01:48.914+0000] {logging_mixin.py:188} INFO - [2026-02-13T13:01:48.913+0000] {dagbag.py:545} INFO - Filling up the DagBag from /opt/airflow/dags/scripts/loaders/load_refrigerators.py
[2026-02-13T13:01:49.281+0000] {logging_mixin.py:188} INFO - 🚀 Loading REFRIGERATORS data
[2026-02-13T13:01:49.559+0000] {logging_mixin.py:188} INFO - ✅ Refrigerators table refreshed successfully
[2026-02-13T13:01:49.561+0000] {processor.py:842} WARNING - No viable dags retrieved from /opt/airflow/dags/scripts/loaders/load_refrigerators.py
[2026-02-13T13:01:49.582+0000] {processor.py:183} INFO - Processing /opt/airflow/dags/scripts/loaders/load_refrigerators.py took 0.684 seconds
[2026-02-13T13:02:19.873+0000] {processor.py:161} INFO - Started process (PID=3511) to work on /opt/airflow/dags/scripts/loaders/load_refrigerators.py
[2026-02-13T13:02:19.877+0000] {processor.py:830} INFO - Processing file /opt/airflow/dags/scripts/loaders/load_refrigerators.py for tasks to queue
[2026-02-13T13:02:19.881+0000] {logging_mixin.py:188} INFO - [2026-02-13T13:02:19.880+0000] {dagbag.py:545} INFO - Filling up the DagBag from /opt/airflow/dags/scripts/loaders/load_refrigerators.py
[2026-02-13T13:02:20.393+0000] {logging_mixin.py:188} INFO - 🚀 Loading REFRIGERATORS data
[2026-02-13T13:02:20.631+0000] {logging_mixin.py:188} INFO - ✅ Refrigerators table refreshed successfully
[2026-02-13T13:02:20.632+0000] {processor.py:842} WARNING - No viable dags retrieved from /opt/airflow/dags/scripts/loaders/load_refrigerators.py
[2026-02-13T13:02:20.668+0000] {processor.py:183} INFO - Processing /opt/airflow/dags/scripts/loaders/load_refrigerators.py took 0.803 seconds
[2026-02-13T13:02:51.491+0000] {processor.py:161} INFO - Started process (PID=3540) to work on /opt/airflow/dags/scripts/loaders/load_refrigerators.py
[2026-02-13T13:02:51.493+0000] {processor.py:830} INFO - Processing file /opt/airflow/dags/scripts/loaders/load_refrigerators.py for tasks to queue
[2026-02-13T13:02:51.497+0000] {logging_mixin.py:188} INFO - [2026-02-13T13:02:51.496+0000] {dagbag.py:545} INFO - Filling up the DagBag from /opt/airflow/dags/scripts/loaders/load_refrigerators.py
[2026-02-13T13:02:51.890+0000] {logging_mixin.py:188} INFO - 🚀 Loading REFRIGERATORS data
[2026-02-13T13:02:52.327+0000] {logging_mixin.py:188} INFO - ✅ Refrigerators table refreshed successfully
[2026-02-13T13:02:52.328+0000] {processor.py:842} WARNING - No viable dags retrieved from /opt/airflow/dags/scripts/loaders/load_refrigerators.py
[2026-02-13T13:02:52.360+0000] {processor.py:183} INFO - Processing /opt/airflow/dags/scripts/loaders/load_refrigerators.py took 0.878 seconds
[2026-02-13T13:03:23.010+0000] {processor.py:161} INFO - Started process (PID=3569) to work on /opt/airflow/dags/scripts/loaders/load_refrigerators.py
[2026-02-13T13:03:23.012+0000] {processor.py:830} INFO - Processing file /opt/airflow/dags/scripts/loaders/load_refrigerators.py for tasks to queue
[2026-02-13T13:03:23.015+0000] {logging_mixin.py:188} INFO - [2026-02-13T13:03:23.014+0000] {dagbag.py:545} INFO - Filling up the DagBag from /opt/airflow/dags/scripts/loaders/load_refrigerators.py
[2026-02-13T13:03:23.356+0000] {logging_mixin.py:188} INFO - 🚀 Loading REFRIGERATORS data
[2026-02-13T13:03:23.733+0000] {logging_mixin.py:188} INFO - ✅ Refrigerators table refreshed successfully
[2026-02-13T13:03:23.735+0000] {processor.py:842} WARNING - No viable dags retrieved from /opt/airflow/dags/scripts/loaders/load_refrigerators.py
[2026-02-13T13:03:23.754+0000] {processor.py:183} INFO - Processing /opt/airflow/dags/scripts/loaders/load_refrigerators.py took 0.757 seconds
[2026-02-13T13:03:54.334+0000] {processor.py:161} INFO - Started process (PID=3598) to work on /opt/airflow/dags/scripts/loaders/load_refrigerators.py
[2026-02-13T13:03:54.335+0000] {processor.py:830} INFO - Processing file /opt/airflow/dags/scripts/loaders/load_refrigerators.py for tasks to queue
[2026-02-13T13:03:54.337+0000] {logging_mixin.py:188} INFO - [2026-02-13T13:03:54.336+0000] {dagbag.py:545} INFO - Filling up the DagBag from /opt/airflow/dags/scripts/loaders/load_refrigerators.py
[2026-02-13T13:03:54.625+0000] {logging_mixin.py:188} INFO - 🚀 Loading REFRIGERATORS data
[2026-02-13T13:03:54.930+0000] {logging_mixin.py:188} INFO - ✅ Refrigerators table refreshed successfully
[2026-02-13T13:03:54.931+0000] {processor.py:842} WARNING - No viable dags retrieved from /opt/airflow/dags/scripts/loaders/load_refrigerators.py
[2026-02-13T13:03:54.947+0000] {processor.py:183} INFO - Processing /opt/airflow/dags/scripts/loaders/load_refrigerators.py took 0.618 seconds
[2026-02-13T13:04:26.806+0000] {processor.py:161} INFO - Started process (PID=3627) to work on /opt/airflow/dags/scripts/loaders/load_refrigerators.py
[2026-02-13T13:04:26.808+0000] {processor.py:830} INFO - Processing file /opt/airflow/dags/scripts/loaders/load_refrigerators.py for tasks to queue
[2026-02-13T13:04:26.814+0000] {logging_mixin.py:188} INFO - [2026-02-13T13:04:26.812+0000] {dagbag.py:545} INFO - Filling up the DagBag from /opt/airflow/dags/scripts/loaders/load_refrigerators.py
[2026-02-13T13:04:27.133+0000] {logging_mixin.py:188} INFO - 🚀 Loading REFRIGERATORS data
[2026-02-13T13:04:27.441+0000] {logging_mixin.py:188} INFO - ✅ Refrigerators table refreshed successfully
[2026-02-13T13:04:27.442+0000] {processor.py:842} WARNING - No viable dags retrieved from /opt/airflow/dags/scripts/loaders/load_refrigerators.py
[2026-02-13T13:04:27.457+0000] {processor.py:183} INFO - Processing /opt/airflow/dags/scripts/loaders/load_refrigerators.py took 0.669 seconds
[2026-02-13T13:04:58.466+0000] {processor.py:161} INFO - Started process (PID=3656) to work on /opt/airflow/dags/scripts/loaders/load_refrigerators.py
[2026-02-13T13:04:58.469+0000] {processor.py:830} INFO - Processing file /opt/airflow/dags/scripts/loaders/load_refrigerators.py for tasks to queue
[2026-02-13T13:04:58.472+0000] {logging_mixin.py:188} INFO - [2026-02-13T13:04:58.471+0000] {dagbag.py:545} INFO - Filling up the DagBag from /opt/airflow/dags/scripts/loaders/load_refrigerators.py
[2026-02-13T13:04:58.816+0000] {logging_mixin.py:188} INFO - 🚀 Loading REFRIGERATORS data
[2026-02-13T13:04:58.937+0000] {logging_mixin.py:188} INFO - ✅ Refrigerators table refreshed successfully
[2026-02-13T13:04:58.939+0000] {processor.py:842} WARNING - No viable dags retrieved from /opt/airflow/dags/scripts/loaders/load_refrigerators.py
[2026-02-13T13:04:58.964+0000] {processor.py:183} INFO - Processing /opt/airflow/dags/scripts/loaders/load_refrigerators.py took 0.504 seconds
[2026-02-13T13:05:29.871+0000] {processor.py:161} INFO - Started process (PID=3685) to work on /opt/airflow/dags/scripts/loaders/load_refrigerators.py
[2026-02-13T13:05:29.873+0000] {processor.py:830} INFO - Processing file /opt/airflow/dags/scripts/loaders/load_refrigerators.py for tasks to queue
[2026-02-13T13:05:29.875+0000] {logging_mixin.py:188} INFO - [2026-02-13T13:05:29.875+0000] {dagbag.py:545} INFO - Filling up the DagBag from /opt/airflow/dags/scripts/loaders/load_refrigerators.py
[2026-02-13T13:05:30.247+0000] {logging_mixin.py:188} INFO - 🚀 Loading REFRIGERATORS data
[2026-02-13T13:05:30.423+0000] {logging_mixin.py:188} INFO - ✅ Refrigerators table refreshed successfully
[2026-02-13T13:05:30.425+0000] {processor.py:842} WARNING - No viable dags retrieved from /opt/airflow/dags/scripts/loaders/load_refrigerators.py
[2026-02-13T13:05:30.466+0000] {processor.py:183} INFO - Processing /opt/airflow/dags/scripts/loaders/load_refrigerators.py took 0.600 seconds
[2026-02-13T13:06:01.568+0000] {processor.py:161} INFO - Started process (PID=3714) to work on /opt/airflow/dags/scripts/loaders/load_refrigerators.py
[2026-02-13T13:06:01.570+0000] {processor.py:830} INFO - Processing file /opt/airflow/dags/scripts/loaders/load_refrigerators.py for tasks to queue
[2026-02-13T13:06:01.572+0000] {logging_mixin.py:188} INFO - [2026-02-13T13:06:01.572+0000] {dagbag.py:545} INFO - Filling up the DagBag from /opt/airflow/dags/scripts/loaders/load_refrigerators.py
[2026-02-13T13:06:01.949+0000] {logging_mixin.py:188} INFO - 🚀 Loading REFRIGERATORS data
[2026-02-13T13:06:02.263+0000] {logging_mixin.py:188} INFO - ✅ Refrigerators table refreshed successfully
[2026-02-13T13:06:02.264+0000] {processor.py:842} WARNING - No viable dags retrieved from /opt/airflow/dags/scripts/loaders/load_refrigerators.py
[2026-02-13T13:06:02.284+0000] {processor.py:183} INFO - Processing /opt/airflow/dags/scripts/loaders/load_refrigerators.py took 0.720 seconds
[2026-02-13T13:06:33.144+0000] {processor.py:161} INFO - Started process (PID=3743) to work on /opt/airflow/dags/scripts/loaders/load_refrigerators.py
[2026-02-13T13:06:33.146+0000] {processor.py:830} INFO - Processing file /opt/airflow/dags/scripts/loaders/load_refrigerators.py for tasks to queue
[2026-02-13T13:06:33.149+0000] {logging_mixin.py:188} INFO - [2026-02-13T13:06:33.148+0000] {dagbag.py:545} INFO - Filling up the DagBag from /opt/airflow/dags/scripts/loaders/load_refrigerators.py
[2026-02-13T13:06:33.461+0000] {logging_mixin.py:188} INFO - 🚀 Loading REFRIGERATORS data
[2026-02-13T13:06:33.887+0000] {logging_mixin.py:188} INFO - ✅ Refrigerators table refreshed successfully
[2026-02-13T13:06:33.888+0000] {processor.py:842} WARNING - No viable dags retrieved from /opt/airflow/dags/scripts/loaders/load_refrigerators.py
[2026-02-13T13:06:33.913+0000] {processor.py:183} INFO - Processing /opt/airflow/dags/scripts/loaders/load_refrigerators.py took 0.775 seconds
[2026-02-13T13:07:04.788+0000] {processor.py:161} INFO - Started process (PID=3772) to work on /opt/airflow/dags/scripts/loaders/load_refrigerators.py
[2026-02-13T13:07:04.790+0000] {processor.py:830} INFO - Processing file /opt/airflow/dags/scripts/loaders/load_refrigerators.py for tasks to queue
[2026-02-13T13:07:04.792+0000] {logging_mixin.py:188} INFO - [2026-02-13T13:07:04.792+0000] {dagbag.py:545} INFO - Filling up the DagBag from /opt/airflow/dags/scripts/loaders/load_refrigerators.py
[2026-02-13T13:07:05.193+0000] {logging_mixin.py:188} INFO - 🚀 Loading REFRIGERATORS data
[2026-02-13T13:07:05.547+0000] {logging_mixin.py:188} INFO - ✅ Refrigerators table refreshed successfully
[2026-02-13T13:07:05.548+0000] {processor.py:842} WARNING - No viable dags retrieved from /opt/airflow/dags/scripts/loaders/load_refrigerators.py
[2026-02-13T13:07:05.563+0000] {processor.py:183} INFO - Processing /opt/airflow/dags/scripts/loaders/load_refrigerators.py took 0.781 seconds
[2026-02-13T13:07:36.377+0000] {processor.py:161} INFO - Started process (PID=3801) to work on /opt/airflow/dags/scripts/loaders/load_refrigerators.py
[2026-02-13T13:07:36.379+0000] {processor.py:830} INFO - Processing file /opt/airflow/dags/scripts/loaders/load_refrigerators.py for tasks to queue
[2026-02-13T13:07:36.382+0000] {logging_mixin.py:188} INFO - [2026-02-13T13:07:36.382+0000] {dagbag.py:545} INFO - Filling up the DagBag from /opt/airflow/dags/scripts/loaders/load_refrigerators.py
[2026-02-13T13:07:36.651+0000] {logging_mixin.py:188} INFO - 🚀 Loading REFRIGERATORS data
[2026-02-13T13:07:36.975+0000] {logging_mixin.py:188} INFO - ✅ Refrigerators table refreshed successfully
[2026-02-13T13:07:36.976+0000] {processor.py:842} WARNING - No viable dags retrieved from /opt/airflow/dags/scripts/loaders/load_refrigerators.py
[2026-02-13T13:07:36.991+0000] {processor.py:183} INFO - Processing /opt/airflow/dags/scripts/loaders/load_refrigerators.py took 0.622 seconds
[2026-02-13T13:08:07.868+0000] {processor.py:161} INFO - Started process (PID=3830) to work on /opt/airflow/dags/scripts/loaders/load_refrigerators.py
[2026-02-13T13:08:07.871+0000] {processor.py:830} INFO - Processing file /opt/airflow/dags/scripts/loaders/load_refrigerators.py for tasks to queue
[2026-02-13T13:08:07.873+0000] {logging_mixin.py:188} INFO - [2026-02-13T13:08:07.872+0000] {dagbag.py:545} INFO - Filling up the DagBag from /opt/airflow/dags/scripts/loaders/load_refrigerators.py
[2026-02-13T13:08:08.150+0000] {logging_mixin.py:188} INFO - 🚀 Loading REFRIGERATORS data
[2026-02-13T13:08:08.242+0000] {logging_mixin.py:188} INFO - ✅ Refrigerators table refreshed successfully
[2026-02-13T13:08:08.250+0000] {processor.py:842} WARNING - No viable dags retrieved from /opt/airflow/dags/scripts/loaders/load_refrigerators.py
[2026-02-13T13:08:08.266+0000] {processor.py:183} INFO - Processing /opt/airflow/dags/scripts/loaders/load_refrigerators.py took 0.402 seconds
[2026-02-13T13:08:39.970+0000] {processor.py:161} INFO - Started process (PID=3859) to work on /opt/airflow/dags/scripts/loaders/load_refrigerators.py
[2026-02-13T13:08:39.972+0000] {processor.py:830} INFO - Processing file /opt/airflow/dags/scripts/loaders/load_refrigerators.py for tasks to queue
[2026-02-13T13:08:39.974+0000] {logging_mixin.py:188} INFO - [2026-02-13T13:08:39.974+0000] {dagbag.py:545} INFO - Filling up the DagBag from /opt/airflow/dags/scripts/loaders/load_refrigerators.py
[2026-02-13T13:08:40.277+0000] {logging_mixin.py:188} INFO - 🚀 Loading REFRIGERATORS data
[2026-02-13T13:08:40.383+0000] {logging_mixin.py:188} INFO - ✅ Refrigerators table refreshed successfully
[2026-02-13T13:08:40.385+0000] {processor.py:842} WARNING - No viable dags retrieved from /opt/airflow/dags/scripts/loaders/load_refrigerators.py
[2026-02-13T13:08:40.403+0000] {processor.py:183} INFO - Processing /opt/airflow/dags/scripts/loaders/load_refrigerators.py took 0.438 seconds
[2026-02-13T13:09:11.488+0000] {processor.py:161} INFO - Started process (PID=3888) to work on /opt/airflow/dags/scripts/loaders/load_refrigerators.py
[2026-02-13T13:09:11.490+0000] {processor.py:830} INFO - Processing file /opt/airflow/dags/scripts/loaders/load_refrigerators.py for tasks to queue
[2026-02-13T13:09:11.493+0000] {logging_mixin.py:188} INFO - [2026-02-13T13:09:11.493+0000] {dagbag.py:545} INFO - Filling up the DagBag from /opt/airflow/dags/scripts/loaders/load_refrigerators.py
[2026-02-13T13:09:11.816+0000] {logging_mixin.py:188} INFO - 🚀 Loading REFRIGERATORS data
[2026-02-13T13:09:12.126+0000] {logging_mixin.py:188} INFO - ✅ Refrigerators table refreshed successfully
[2026-02-13T13:09:12.128+0000] {processor.py:842} WARNING - No viable dags retrieved from /opt/airflow/dags/scripts/loaders/load_refrigerators.py
[2026-02-13T13:09:12.143+0000] {processor.py:183} INFO - Processing /opt/airflow/dags/scripts/loaders/load_refrigerators.py took 0.663 seconds
[2026-02-13T13:09:43.789+0000] {processor.py:161} INFO - Started process (PID=3917) to work on /opt/airflow/dags/scripts/loaders/load_refrigerators.py
[2026-02-13T13:09:43.791+0000] {processor.py:830} INFO - Processing file /opt/airflow/dags/scripts/loaders/load_refrigerators.py for tasks to queue
[2026-02-13T13:09:43.794+0000] {logging_mixin.py:188} INFO - [2026-02-13T13:09:43.794+0000] {dagbag.py:545} INFO - Filling up the DagBag from /opt/airflow/dags/scripts/loaders/load_refrigerators.py
[2026-02-13T13:09:44.157+0000] {logging_mixin.py:188} INFO - 🚀 Loading REFRIGERATORS data
[2026-02-13T13:09:44.473+0000] {logging_mixin.py:188} INFO - ✅ Refrigerators table refreshed successfully
[2026-02-13T13:09:44.474+0000] {processor.py:842} WARNING - No viable dags retrieved from /opt/airflow/dags/scripts/loaders/load_refrigerators.py
[2026-02-13T13:09:44.488+0000] {processor.py:183} INFO - Processing /opt/airflow/dags/scripts/loaders/load_refrigerators.py took 0.711 seconds
[2026-02-13T13:10:15.110+0000] {processor.py:161} INFO - Started process (PID=3946) to work on /opt/airflow/dags/scripts/loaders/load_refrigerators.py
[2026-02-13T13:10:15.112+0000] {processor.py:830} INFO - Processing file /opt/airflow/dags/scripts/loaders/load_refrigerators.py for tasks to queue
[2026-02-13T13:10:15.114+0000] {logging_mixin.py:188} INFO - [2026-02-13T13:10:15.114+0000] {dagbag.py:545} INFO - Filling up the DagBag from /opt/airflow/dags/scripts/loaders/load_refrigerators.py
[2026-02-13T13:10:15.406+0000] {logging_mixin.py:188} INFO - 🚀 Loading REFRIGERATORS data
[2026-02-13T13:10:15.693+0000] {logging_mixin.py:188} INFO - ✅ Refrigerators table refreshed successfully
[2026-02-13T13:10:15.694+0000] {processor.py:842} WARNING - No viable dags retrieved from /opt/airflow/dags/scripts/loaders/load_refrigerators.py
[2026-02-13T13:10:15.710+0000] {processor.py:183} INFO - Processing /opt/airflow/dags/scripts/loaders/load_refrigerators.py took 0.605 seconds
[2026-02-13T13:10:46.642+0000] {processor.py:161} INFO - Started process (PID=3975) to work on /opt/airflow/dags/scripts/loaders/load_refrigerators.py
[2026-02-13T13:10:46.644+0000] {processor.py:830} INFO - Processing file /opt/airflow/dags/scripts/loaders/load_refrigerators.py for tasks to queue
[2026-02-13T13:10:46.648+0000] {logging_mixin.py:188} INFO - [2026-02-13T13:10:46.647+0000] {dagbag.py:545} INFO - Filling up the DagBag from /opt/airflow/dags/scripts/loaders/load_refrigerators.py
[2026-02-13T13:10:47.009+0000] {logging_mixin.py:188} INFO - 🚀 Loading REFRIGERATORS data
[2026-02-13T13:10:47.475+0000] {logging_mixin.py:188} INFO - ✅ Refrigerators table refreshed successfully
[2026-02-13T13:10:47.476+0000] {processor.py:842} WARNING - No viable dags retrieved from /opt/airflow/dags/scripts/loaders/load_refrigerators.py
[2026-02-13T13:10:47.489+0000] {processor.py:183} INFO - Processing /opt/airflow/dags/scripts/loaders/load_refrigerators.py took 0.853 seconds
[2026-02-13T13:11:18.680+0000] {processor.py:161} INFO - Started process (PID=4004) to work on /opt/airflow/dags/scripts/loaders/load_refrigerators.py
[2026-02-13T13:11:18.683+0000] {processor.py:830} INFO - Processing file /opt/airflow/dags/scripts/loaders/load_refrigerators.py for tasks to queue
[2026-02-13T13:11:18.686+0000] {logging_mixin.py:188} INFO - [2026-02-13T13:11:18.686+0000] {dagbag.py:545} INFO - Filling up the DagBag from /opt/airflow/dags/scripts/loaders/load_refrigerators.py
[2026-02-13T13:11:19.072+0000] {logging_mixin.py:188} INFO - 🚀 Loading REFRIGERATORS data
[2026-02-13T13:11:19.289+0000] {logging_mixin.py:188} INFO - ✅ Refrigerators table refreshed successfully
[2026-02-13T13:11:19.295+0000] {processor.py:842} WARNING - No viable dags retrieved from /opt/airflow/dags/scripts/loaders/load_refrigerators.py
[2026-02-13T13:11:19.324+0000] {processor.py:183} INFO - Processing /opt/airflow/dags/scripts/loaders/load_refrigerators.py took 0.649 seconds
[2026-02-13T13:11:50.150+0000] {processor.py:161} INFO - Started process (PID=4033) to work on /opt/airflow/dags/scripts/loaders/load_refrigerators.py
[2026-02-13T13:11:50.151+0000] {processor.py:830} INFO - Processing file /opt/airflow/dags/scripts/loaders/load_refrigerators.py for tasks to queue
[2026-02-13T13:11:50.153+0000] {logging_mixin.py:188} INFO - [2026-02-13T13:11:50.153+0000] {dagbag.py:545} INFO - Filling up the DagBag from /opt/airflow/dags/scripts/loaders/load_refrigerators.py
[2026-02-13T13:11:50.434+0000] {logging_mixin.py:188} INFO - 🚀 Loading REFRIGERATORS data
[2026-02-13T13:11:50.530+0000] {logging_mixin.py:188} INFO - ✅ Refrigerators table refreshed successfully
[2026-02-13T13:11:50.531+0000] {processor.py:842} WARNING - No viable dags retrieved from /opt/airflow/dags/scripts/loaders/load_refrigerators.py
[2026-02-13T13:11:50.547+0000] {processor.py:183} INFO - Processing /opt/airflow/dags/scripts/loaders/load_refrigerators.py took 0.403 seconds
[2026-02-13T13:12:21.751+0000] {processor.py:161} INFO - Started process (PID=4062) to work on /opt/airflow/dags/scripts/loaders/load_refrigerators.py
[2026-02-13T13:12:21.753+0000] {processor.py:830} INFO - Processing file /opt/airflow/dags/scripts/loaders/load_refrigerators.py for tasks to queue
[2026-02-13T13:12:21.756+0000] {logging_mixin.py:188} INFO - [2026-02-13T13:12:21.755+0000] {dagbag.py:545} INFO - Filling up the DagBag from /opt/airflow/dags/scripts/loaders/load_refrigerators.py
[2026-02-13T13:12:22.067+0000] {logging_mixin.py:188} INFO - 🚀 Loading REFRIGERATORS data
[2026-02-13T13:12:22.364+0000] {logging_mixin.py:188} INFO - ✅ Refrigerators table refreshed successfully
[2026-02-13T13:12:22.365+0000] {processor.py:842} WARNING - No viable dags retrieved from /opt/airflow/dags/scripts/loaders/load_refrigerators.py
[2026-02-13T13:12:22.380+0000] {processor.py:183} INFO - Processing /opt/airflow/dags/scripts/loaders/load_refrigerators.py took 0.638 seconds
[2026-02-13T13:12:53.630+0000] {processor.py:161} INFO - Started process (PID=4091) to work on /opt/airflow/dags/scripts/loaders/load_refrigerators.py
[2026-02-13T13:12:53.632+0000] {processor.py:830} INFO - Processing file /opt/airflow/dags/scripts/loaders/load_refrigerators.py for tasks to queue
[2026-02-13T13:12:53.634+0000] {logging_mixin.py:188} INFO - [2026-02-13T13:12:53.634+0000] {dagbag.py:545} INFO - Filling up the DagBag from /opt/airflow/dags/scripts/loaders/load_refrigerators.py
[2026-02-13T13:12:53.951+0000] {logging_mixin.py:188} INFO - 🚀 Loading REFRIGERATORS data
[2026-02-13T13:12:54.242+0000] {logging_mixin.py:188} INFO - ✅ Refrigerators table refreshed successfully
[2026-02-13T13:12:54.243+0000] {processor.py:842} WARNING - No viable dags retrieved from /opt/airflow/dags/scripts/loaders/load_refrigerators.py
[2026-02-13T13:12:54.256+0000] {processor.py:183} INFO - Processing /opt/airflow/dags/scripts/loaders/load_refrigerators.py took 0.635 seconds
[2026-02-13T13:13:24.976+0000] {processor.py:161} INFO - Started process (PID=4120) to work on /opt/airflow/dags/scripts/loaders/load_refrigerators.py
[2026-02-13T13:13:24.978+0000] {processor.py:830} INFO - Processing file /opt/airflow/dags/scripts/loaders/load_refrigerators.py for tasks to queue
[2026-02-13T13:13:24.982+0000] {logging_mixin.py:188} INFO - [2026-02-13T13:13:24.982+0000] {dagbag.py:545} INFO - Filling up the DagBag from /opt/airflow/dags/scripts/loaders/load_refrigerators.py
[2026-02-13T13:13:25.337+0000] {logging_mixin.py:188} INFO - 🚀 Loading REFRIGERATORS data
[2026-02-13T13:13:25.672+0000] {logging_mixin.py:188} INFO - ✅ Refrigerators table refreshed successfully
[2026-02-13T13:13:25.673+0000] {processor.py:842} WARNING - No viable dags retrieved from /opt/airflow/dags/scripts/loaders/load_refrigerators.py
[2026-02-13T13:13:25.689+0000] {processor.py:183} INFO - Processing /opt/airflow/dags/scripts/loaders/load_refrigerators.py took 0.722 seconds
[2026-02-13T13:13:56.365+0000] {processor.py:161} INFO - Started process (PID=4149) to work on /opt/airflow/dags/scripts/loaders/load_refrigerators.py
[2026-02-13T13:13:56.369+0000] {processor.py:830} INFO - Processing file /opt/airflow/dags/scripts/loaders/load_refrigerators.py for tasks to queue
[2026-02-13T13:13:56.375+0000] {logging_mixin.py:188} INFO - [2026-02-13T13:13:56.374+0000] {dagbag.py:545} INFO - Filling up the DagBag from /opt/airflow/dags/scripts/loaders/load_refrigerators.py
[2026-02-13T13:13:56.706+0000] {logging_mixin.py:188} INFO - 🚀 Loading REFRIGERATORS data
[2026-02-13T13:13:56.999+0000] {logging_mixin.py:188} INFO - ✅ Refrigerators table refreshed successfully
[2026-02-13T13:13:57.000+0000] {processor.py:842} WARNING - No viable dags retrieved from /opt/airflow/dags/scripts/loaders/load_refrigerators.py
[2026-02-13T13:13:57.014+0000] {processor.py:183} INFO - Processing /opt/airflow/dags/scripts/loaders/load_refrigerators.py took 0.665 seconds
[2026-02-13T13:14:27.906+0000] {processor.py:161} INFO - Started process (PID=4178) to work on /opt/airflow/dags/scripts/loaders/load_refrigerators.py
[2026-02-13T13:14:27.908+0000] {processor.py:830} INFO - Processing file /opt/airflow/dags/scripts/loaders/load_refrigerators.py for tasks to queue
[2026-02-13T13:14:27.911+0000] {logging_mixin.py:188} INFO - [2026-02-13T13:14:27.911+0000] {dagbag.py:545} INFO - Filling up the DagBag from /opt/airflow/dags/scripts/loaders/load_refrigerators.py
[2026-02-13T13:14:28.220+0000] {logging_mixin.py:188} INFO - 🚀 Loading REFRIGERATORS data
[2026-02-13T13:14:28.320+0000] {logging_mixin.py:188} INFO - ✅ Refrigerators table refreshed successfully
[2026-02-13T13:14:28.321+0000] {processor.py:842} WARNING - No viable dags retrieved from /opt/airflow/dags/scripts/loaders/load_refrigerators.py
[2026-02-13T13:14:28.336+0000] {processor.py:183} INFO - Processing /opt/airflow/dags/scripts/loaders/load_refrigerators.py took 0.442 seconds
[2026-02-13T13:15:00.280+0000] {processor.py:161} INFO - Started process (PID=4207) to work on /opt/airflow/dags/scripts/loaders/load_refrigerators.py
[2026-02-13T13:15:00.282+0000] {processor.py:830} INFO - Processing file /opt/airflow/dags/scripts/loaders/load_refrigerators.py for tasks to queue
[2026-02-13T13:15:00.285+0000] {logging_mixin.py:188} INFO - [2026-02-13T13:15:00.284+0000] {dagbag.py:545} INFO - Filling up the DagBag from /opt/airflow/dags/scripts/loaders/load_refrigerators.py
[2026-02-13T13:15:00.608+0000] {logging_mixin.py:188} INFO - 🚀 Loading REFRIGERATORS data
[2026-02-13T13:15:00.723+0000] {logging_mixin.py:188} INFO - ✅ Refrigerators table refreshed successfully
[2026-02-13T13:15:00.725+0000] {processor.py:842} WARNING - No viable dags retrieved from /opt/airflow/dags/scripts/loaders/load_refrigerators.py
[2026-02-13T13:15:00.750+0000] {processor.py:183} INFO - Processing /opt/airflow/dags/scripts/loaders/load_refrigerators.py took 0.476 seconds
[2026-02-13T13:15:31.785+0000] {processor.py:161} INFO - Started process (PID=4236) to work on /opt/airflow/dags/scripts/loaders/load_refrigerators.py
[2026-02-13T13:15:31.786+0000] {processor.py:830} INFO - Processing file /opt/airflow/dags/scripts/loaders/load_refrigerators.py for tasks to queue
[2026-02-13T13:15:31.788+0000] {logging_mixin.py:188} INFO - [2026-02-13T13:15:31.788+0000] {dagbag.py:545} INFO - Filling up the DagBag from /opt/airflow/dags/scripts/loaders/load_refrigerators.py
[2026-02-13T13:15:32.093+0000] {logging_mixin.py:188} INFO - 🚀 Loading REFRIGERATORS data
[2026-02-13T13:15:32.398+0000] {logging_mixin.py:188} INFO - ✅ Refrigerators table refreshed successfully
[2026-02-13T13:15:32.399+0000] {processor.py:842} WARNING - No viable dags retrieved from /opt/airflow/dags/scripts/loaders/load_refrigerators.py
[2026-02-13T13:15:32.415+0000] {processor.py:183} INFO - Processing /opt/airflow/dags/scripts/loaders/load_refrigerators.py took 0.637 seconds
[2026-02-13T13:16:02.981+0000] {processor.py:161} INFO - Started process (PID=4265) to work on /opt/airflow/dags/scripts/loaders/load_refrigerators.py
[2026-02-13T13:16:02.982+0000] {processor.py:830} INFO - Processing file /opt/airflow/dags/scripts/loaders/load_refrigerators.py for tasks to queue
[2026-02-13T13:16:02.985+0000] {logging_mixin.py:188} INFO - [2026-02-13T13:16:02.985+0000] {dagbag.py:545} INFO - Filling up the DagBag from /opt/airflow/dags/scripts/loaders/load_refrigerators.py
[2026-02-13T13:16:03.267+0000] {logging_mixin.py:188} INFO - 🚀 Loading REFRIGERATORS data
[2026-02-13T13:16:03.541+0000] {logging_mixin.py:188} INFO - ✅ Refrigerators table refreshed successfully
[2026-02-13T13:16:03.542+0000] {processor.py:842} WARNING - No viable dags retrieved from /opt/airflow/dags/scripts/loaders/load_refrigerators.py
[2026-02-13T13:16:03.555+0000] {processor.py:183} INFO - Processing /opt/airflow/dags/scripts/loaders/load_refrigerators.py took 0.580 seconds
[2026-02-13T13:16:35.410+0000] {processor.py:161} INFO - Started process (PID=4294) to work on /opt/airflow/dags/scripts/loaders/load_refrigerators.py
[2026-02-13T13:16:35.413+0000] {processor.py:830} INFO - Processing file /opt/airflow/dags/scripts/loaders/load_refrigerators.py for tasks to queue
[2026-02-13T13:16:35.416+0000] {logging_mixin.py:188} INFO - [2026-02-13T13:16:35.416+0000] {dagbag.py:545} INFO - Filling up the DagBag from /opt/airflow/dags/scripts/loaders/load_refrigerators.py
[2026-02-13T13:16:35.723+0000] {logging_mixin.py:188} INFO - 🚀 Loading REFRIGERATORS data
[2026-02-13T13:16:35.987+0000] {logging_mixin.py:188} INFO - ✅ Refrigerators table refreshed successfully
[2026-02-13T13:16:35.988+0000] {processor.py:842} WARNING - No viable dags retrieved from /opt/airflow/dags/scripts/loaders/load_refrigerators.py
[2026-02-13T13:16:36.005+0000] {processor.py:183} INFO - Processing /opt/airflow/dags/scripts/loaders/load_refrigerators.py took 0.604 seconds
[2026-02-13T13:17:07.289+0000] {processor.py:161} INFO - Started process (PID=4323) to work on /opt/airflow/dags/scripts/loaders/load_refrigerators.py
[2026-02-13T13:17:07.291+0000] {processor.py:830} INFO - Processing file /opt/airflow/dags/scripts/loaders/load_refrigerators.py for tasks to queue
[2026-02-13T13:17:07.293+0000] {logging_mixin.py:188} INFO - [2026-02-13T13:17:07.293+0000] {dagbag.py:545} INFO - Filling up the DagBag from /opt/airflow/dags/scripts/loaders/load_refrigerators.py
[2026-02-13T13:17:07.624+0000] {logging_mixin.py:188} INFO - 🚀 Loading REFRIGERATORS data
[2026-02-13T13:17:07.948+0000] {logging_mixin.py:188} INFO - ✅ Refrigerators table refreshed successfully
[2026-02-13T13:17:07.949+0000] {processor.py:842} WARNING - No viable dags retrieved from /opt/airflow/dags/scripts/loaders/load_refrigerators.py
[2026-02-13T13:17:07.963+0000] {processor.py:183} INFO - Processing /opt/airflow/dags/scripts/loaders/load_refrigerators.py took 0.679 seconds
[2026-02-13T13:17:38.961+0000] {processor.py:161} INFO - Started process (PID=4352) to work on /opt/airflow/dags/scripts/loaders/load_refrigerators.py
[2026-02-13T13:17:38.963+0000] {processor.py:830} INFO - Processing file /opt/airflow/dags/scripts/loaders/load_refrigerators.py for tasks to queue
[2026-02-13T13:17:38.966+0000] {logging_mixin.py:188} INFO - [2026-02-13T13:17:38.966+0000] {dagbag.py:545} INFO - Filling up the DagBag from /opt/airflow/dags/scripts/loaders/load_refrigerators.py
[2026-02-13T13:17:39.506+0000] {logging_mixin.py:188} INFO - 🚀 Loading REFRIGERATORS data
[2026-02-13T13:17:39.621+0000] {logging_mixin.py:188} INFO - ✅ Refrigerators table refreshed successfully
[2026-02-13T13:17:39.623+0000] {processor.py:842} WARNING - No viable dags retrieved from /opt/airflow/dags/scripts/loaders/load_refrigerators.py
[2026-02-13T13:17:39.642+0000] {processor.py:183} INFO - Processing /opt/airflow/dags/scripts/loaders/load_refrigerators.py took 0.689 seconds
[2026-02-13T13:18:10.372+0000] {processor.py:161} INFO - Started process (PID=4381) to work on /opt/airflow/dags/scripts/loaders/load_refrigerators.py
[2026-02-13T13:18:10.373+0000] {processor.py:830} INFO - Processing file /opt/airflow/dags/scripts/loaders/load_refrigerators.py for tasks to queue
[2026-02-13T13:18:10.375+0000] {logging_mixin.py:188} INFO - [2026-02-13T13:18:10.374+0000] {dagbag.py:545} INFO - Filling up the DagBag from /opt/airflow/dags/scripts/loaders/load_refrigerators.py
[2026-02-13T13:18:10.659+0000] {logging_mixin.py:188} INFO - 🚀 Loading REFRIGERATORS data
[2026-02-13T13:18:10.754+0000] {logging_mixin.py:188} INFO - ✅ Refrigerators table refreshed successfully
[2026-02-13T13:18:10.755+0000] {processor.py:842} WARNING - No viable dags retrieved from /opt/airflow/dags/scripts/loaders/load_refrigerators.py
[2026-02-13T13:18:10.771+0000] {processor.py:183} INFO - Processing /opt/airflow/dags/scripts/loaders/load_refrigerators.py took 0.405 seconds
[2026-02-13T13:18:41.704+0000] {processor.py:161} INFO - Started process (PID=4410) to work on /opt/airflow/dags/scripts/loaders/load_refrigerators.py
[2026-02-13T13:18:41.706+0000] {processor.py:830} INFO - Processing file /opt/airflow/dags/scripts/loaders/load_refrigerators.py for tasks to queue
[2026-02-13T13:18:41.708+0000] {logging_mixin.py:188} INFO - [2026-02-13T13:18:41.708+0000] {dagbag.py:545} INFO - Filling up the DagBag from /opt/airflow/dags/scripts/loaders/load_refrigerators.py
[2026-02-13T13:18:41.994+0000] {logging_mixin.py:188} INFO - 🚀 Loading REFRIGERATORS data
[2026-02-13T13:18:42.293+0000] {logging_mixin.py:188} INFO - ✅ Refrigerators table refreshed successfully
[2026-02-13T13:18:42.294+0000] {processor.py:842} WARNING - No viable dags retrieved from /opt/airflow/dags/scripts/loaders/load_refrigerators.py
[2026-02-13T13:18:42.310+0000] {processor.py:183} INFO - Processing /opt/airflow/dags/scripts/loaders/load_refrigerators.py took 0.611 seconds
[2026-02-13T13:19:13.111+0000] {processor.py:161} INFO - Started process (PID=4439) to work on /opt/airflow/dags/scripts/loaders/load_refrigerators.py
[2026-02-13T13:19:13.112+0000] {processor.py:830} INFO - Processing file /opt/airflow/dags/scripts/loaders/load_refrigerators.py for tasks to queue
[2026-02-13T13:19:13.115+0000] {logging_mixin.py:188} INFO - [2026-02-13T13:19:13.115+0000] {dagbag.py:545} INFO - Filling up the DagBag from /opt/airflow/dags/scripts/loaders/load_refrigerators.py
[2026-02-13T13:19:13.406+0000] {logging_mixin.py:188} INFO - 🚀 Loading REFRIGERATORS data
[2026-02-13T13:19:13.710+0000] {logging_mixin.py:188} INFO - ✅ Refrigerators table refreshed successfully
[2026-02-13T13:19:13.711+0000] {processor.py:842} WARNING - No viable dags retrieved from /opt/airflow/dags/scripts/loaders/load_refrigerators.py
[2026-02-13T13:19:13.725+0000] {processor.py:183} INFO - Processing /opt/airflow/dags/scripts/loaders/load_refrigerators.py took 0.620 seconds
[2026-02-13T13:19:45.513+0000] {processor.py:161} INFO - Started process (PID=4468) to work on /opt/airflow/dags/scripts/loaders/load_refrigerators.py
[2026-02-13T13:19:45.514+0000] {processor.py:830} INFO - Processing file /opt/airflow/dags/scripts/loaders/load_refrigerators.py for tasks to queue
[2026-02-13T13:19:45.517+0000] {logging_mixin.py:188} INFO - [2026-02-13T13:19:45.516+0000] {dagbag.py:545} INFO - Filling up the DagBag from /opt/airflow/dags/scripts/loaders/load_refrigerators.py
[2026-02-13T13:19:45.849+0000] {logging_mixin.py:188} INFO - 🚀 Loading REFRIGERATORS data
[2026-02-13T13:19:46.179+0000] {logging_mixin.py:188} INFO - ✅ Refrigerators table refreshed successfully
[2026-02-13T13:19:46.180+0000] {processor.py:842} WARNING - No viable dags retrieved from /opt/airflow/dags/scripts/loaders/load_refrigerators.py
[2026-02-13T13:19:46.197+0000] {processor.py:183} INFO - Processing /opt/airflow/dags/scripts/loaders/load_refrigerators.py took 0.690 seconds
[2026-02-13T13:20:16.660+0000] {processor.py:161} INFO - Started process (PID=4497) to work on /opt/airflow/dags/scripts/loaders/load_refrigerators.py
[2026-02-13T13:20:16.662+0000] {processor.py:830} INFO - Processing file /opt/airflow/dags/scripts/loaders/load_refrigerators.py for tasks to queue
[2026-02-13T13:20:16.665+0000] {logging_mixin.py:188} INFO - [2026-02-13T13:20:16.664+0000] {dagbag.py:545} INFO - Filling up the DagBag from /opt/airflow/dags/scripts/loaders/load_refrigerators.py
[2026-02-13T13:20:16.964+0000] {logging_mixin.py:188} INFO - 🚀 Loading REFRIGERATORS data
[2026-02-13T13:20:17.258+0000] {logging_mixin.py:188} INFO - ✅ Refrigerators table refreshed successfully
[2026-02-13T13:20:17.259+0000] {processor.py:842} WARNING - No viable dags retrieved from /opt/airflow/dags/scripts/loaders/load_refrigerators.py
[2026-02-13T13:20:17.273+0000] {processor.py:183} INFO - Processing /opt/airflow/dags/scripts/loaders/load_refrigerators.py took 0.620 seconds
[2026-02-13T13:20:48.813+0000] {processor.py:161} INFO - Started process (PID=4526) to work on /opt/airflow/dags/scripts/loaders/load_refrigerators.py
[2026-02-13T13:20:48.815+0000] {processor.py:830} INFO - Processing file /opt/airflow/dags/scripts/loaders/load_refrigerators.py for tasks to queue
[2026-02-13T13:20:48.817+0000] {logging_mixin.py:188} INFO - [2026-02-13T13:20:48.817+0000] {dagbag.py:545} INFO - Filling up the DagBag from /opt/airflow/dags/scripts/loaders/load_refrigerators.py
[2026-02-13T13:20:49.373+0000] {logging_mixin.py:188} INFO - 🚀 Loading REFRIGERATORS data
[2026-02-13T13:20:49.490+0000] {logging_mixin.py:188} INFO - ✅ Refrigerators table refreshed successfully
[2026-02-13T13:20:49.491+0000] {processor.py:842} WARNING - No viable dags retrieved from /opt/airflow/dags/scripts/loaders/load_refrigerators.py
[2026-02-13T13:20:49.505+0000] {processor.py:183} INFO - Processing /opt/airflow/dags/scripts/loaders/load_refrigerators.py took 0.699 seconds
[2026-02-13T13:21:20.627+0000] {processor.py:161} INFO - Started process (PID=4555) to work on /opt/airflow/dags/scripts/loaders/load_refrigerators.py
[2026-02-13T13:21:20.629+0000] {processor.py:830} INFO - Processing file /opt/airflow/dags/scripts/loaders/load_refrigerators.py for tasks to queue
[2026-02-13T13:21:20.632+0000] {logging_mixin.py:188} INFO - [2026-02-13T13:21:20.632+0000] {dagbag.py:545} INFO - Filling up the DagBag from /opt/airflow/dags/scripts/loaders/load_refrigerators.py
[2026-02-13T13:21:20.974+0000] {logging_mixin.py:188} INFO - 🚀 Loading REFRIGERATORS data
[2026-02-13T13:21:21.140+0000] {logging_mixin.py:188} INFO - ✅ Refrigerators table refreshed successfully
[2026-02-13T13:21:21.142+0000] {processor.py:842} WARNING - No viable dags retrieved from /opt/airflow/dags/scripts/loaders/load_refrigerators.py
[2026-02-13T13:21:21.164+0000] {processor.py:183} INFO - Processing /opt/airflow/dags/scripts/loaders/load_refrigerators.py took 0.543 seconds
[2026-02-13T13:21:52.168+0000] {processor.py:161} INFO - Started process (PID=4584) to work on /opt/airflow/dags/scripts/loaders/load_refrigerators.py
[2026-02-13T13:21:52.170+0000] {processor.py:830} INFO - Processing file /opt/airflow/dags/scripts/loaders/load_refrigerators.py for tasks to queue
[2026-02-13T13:21:52.173+0000] {logging_mixin.py:188} INFO - [2026-02-13T13:21:52.172+0000] {dagbag.py:545} INFO - Filling up the DagBag from /opt/airflow/dags/scripts/loaders/load_refrigerators.py
[2026-02-13T13:21:52.584+0000] {logging_mixin.py:188} INFO - 🚀 Loading REFRIGERATORS data
[2026-02-13T13:21:52.900+0000] {logging_mixin.py:188} INFO - ✅ Refrigerators table refreshed successfully
[2026-02-13T13:21:52.901+0000] {processor.py:842} WARNING - No viable dags retrieved from /opt/airflow/dags/scripts/loaders/load_refrigerators.py
[2026-02-13T13:21:52.918+0000] {processor.py:183} INFO - Processing /opt/airflow/dags/scripts/loaders/load_refrigerators.py took 0.758 seconds
[2026-02-13T13:22:23.957+0000] {processor.py:161} INFO - Started process (PID=4613) to work on /opt/airflow/dags/scripts/loaders/load_refrigerators.py
[2026-02-13T13:22:23.959+0000] {processor.py:830} INFO - Processing file /opt/airflow/dags/scripts/loaders/load_refrigerators.py for tasks to queue
[2026-02-13T13:22:23.962+0000] {logging_mixin.py:188} INFO - [2026-02-13T13:22:23.962+0000] {dagbag.py:545} INFO - Filling up the DagBag from /opt/airflow/dags/scripts/loaders/load_refrigerators.py
[2026-02-13T13:22:24.321+0000] {logging_mixin.py:188} INFO - 🚀 Loading REFRIGERATORS data
[2026-02-13T13:22:24.619+0000] {logging_mixin.py:188} INFO - ✅ Refrigerators table refreshed successfully
[2026-02-13T13:22:24.620+0000] {processor.py:842} WARNING - No viable dags retrieved from /opt/airflow/dags/scripts/loaders/load_refrigerators.py
[2026-02-13T13:22:24.638+0000] {processor.py:183} INFO - Processing /opt/airflow/dags/scripts/loaders/load_refrigerators.py took 0.688 seconds
[2026-02-13T13:22:55.574+0000] {processor.py:161} INFO - Started process (PID=4642) to work on /opt/airflow/dags/scripts/loaders/load_refrigerators.py
[2026-02-13T13:22:55.576+0000] {processor.py:830} INFO - Processing file /opt/airflow/dags/scripts/loaders/load_refrigerators.py for tasks to queue
[2026-02-13T13:22:55.580+0000] {logging_mixin.py:188} INFO - [2026-02-13T13:22:55.579+0000] {dagbag.py:545} INFO - Filling up the DagBag from /opt/airflow/dags/scripts/loaders/load_refrigerators.py
[2026-02-13T13:22:55.959+0000] {logging_mixin.py:188} INFO - 🚀 Loading REFRIGERATORS data
[2026-02-13T13:22:56.284+0000] {logging_mixin.py:188} INFO - ✅ Refrigerators table refreshed successfully
[2026-02-13T13:22:56.285+0000] {processor.py:842} WARNING - No viable dags retrieved from /opt/airflow/dags/scripts/loaders/load_refrigerators.py
[2026-02-13T13:22:56.300+0000] {processor.py:183} INFO - Processing /opt/airflow/dags/scripts/loaders/load_refrigerators.py took 0.734 seconds
[2026-02-13T13:23:26.923+0000] {processor.py:161} INFO - Started process (PID=4671) to work on /opt/airflow/dags/scripts/loaders/load_refrigerators.py
[2026-02-13T13:23:26.927+0000] {processor.py:830} INFO - Processing file /opt/airflow/dags/scripts/loaders/load_refrigerators.py for tasks to queue
[2026-02-13T13:23:26.937+0000] {logging_mixin.py:188} INFO - [2026-02-13T13:23:26.935+0000] {dagbag.py:545} INFO - Filling up the DagBag from /opt/airflow/dags/scripts/loaders/load_refrigerators.py
[2026-02-13T13:23:27.319+0000] {logging_mixin.py:188} INFO - 🚀 Loading REFRIGERATORS data
[2026-02-13T13:23:27.635+0000] {logging_mixin.py:188} INFO - ✅ Refrigerators table refreshed successfully
[2026-02-13T13:23:27.636+0000] {processor.py:842} WARNING - No viable dags retrieved from /opt/airflow/dags/scripts/loaders/load_refrigerators.py
[2026-02-13T13:23:27.657+0000] {processor.py:183} INFO - Processing /opt/airflow/dags/scripts/loaders/load_refrigerators.py took 0.756 seconds
[2026-02-13T13:23:58.588+0000] {processor.py:161} INFO - Started process (PID=4700) to work on /opt/airflow/dags/scripts/loaders/load_refrigerators.py
[2026-02-13T13:23:58.590+0000] {processor.py:830} INFO - Processing file /opt/airflow/dags/scripts/loaders/load_refrigerators.py for tasks to queue
[2026-02-13T13:23:58.593+0000] {logging_mixin.py:188} INFO - [2026-02-13T13:23:58.593+0000] {dagbag.py:545} INFO - Filling up the DagBag from /opt/airflow/dags/scripts/loaders/load_refrigerators.py
[2026-02-13T13:23:59.170+0000] {logging_mixin.py:188} INFO - 🚀 Loading REFRIGERATORS data
[2026-02-13T13:23:59.286+0000] {logging_mixin.py:188} INFO - ✅ Refrigerators table refreshed successfully
[2026-02-13T13:23:59.287+0000] {processor.py:842} WARNING - No viable dags retrieved from /opt/airflow/dags/scripts/loaders/load_refrigerators.py
[2026-02-13T13:23:59.309+0000] {processor.py:183} INFO - Processing /opt/airflow/dags/scripts/loaders/load_refrigerators.py took 0.730 seconds
[2026-02-13T13:30:17.776+0000] {processor.py:161} INFO - Started process (PID=4736) to work on /opt/airflow/dags/scripts/loaders/load_refrigerators.py
[2026-02-13T13:30:17.784+0000] {processor.py:830} INFO - Processing file /opt/airflow/dags/scripts/loaders/load_refrigerators.py for tasks to queue
[2026-02-13T13:30:17.787+0000] {logging_mixin.py:188} INFO - [2026-02-13T13:30:17.786+0000] {dagbag.py:545} INFO - Filling up the DagBag from /opt/airflow/dags/scripts/loaders/load_refrigerators.py
[2026-02-13T13:30:18.155+0000] {logging_mixin.py:188} INFO - 🚀 Loading REFRIGERATORS data
[2026-02-13T13:30:18.492+0000] {logging_mixin.py:188} INFO - ✅ Refrigerators table refreshed successfully
[2026-02-13T13:30:18.494+0000] {processor.py:842} WARNING - No viable dags retrieved from /opt/airflow/dags/scripts/loaders/load_refrigerators.py
[2026-02-13T13:30:18.539+0000] {processor.py:183} INFO - Processing /opt/airflow/dags/scripts/loaders/load_refrigerators.py took 0.772 seconds
[2026-02-13T13:31:12.675+0000] {processor.py:161} INFO - Started process (PID=193) to work on /opt/airflow/dags/scripts/loaders/load_refrigerators.py
[2026-02-13T13:31:12.679+0000] {processor.py:830} INFO - Processing file /opt/airflow/dags/scripts/loaders/load_refrigerators.py for tasks to queue
[2026-02-13T13:31:12.686+0000] {logging_mixin.py:188} INFO - [2026-02-13T13:31:12.685+0000] {dagbag.py:545} INFO - Filling up the DagBag from /opt/airflow/dags/scripts/loaders/load_refrigerators.py
[2026-02-13T13:31:13.168+0000] {logging_mixin.py:188} INFO - 🚀 Loading REFRIGERATORS data
[2026-02-13T13:31:13.403+0000] {logging_mixin.py:188} INFO - ✅ Refrigerators table refreshed successfully
[2026-02-13T13:31:13.405+0000] {processor.py:842} WARNING - No viable dags retrieved from /opt/airflow/dags/scripts/loaders/load_refrigerators.py
[2026-02-13T13:31:13.435+0000] {processor.py:183} INFO - Processing /opt/airflow/dags/scripts/loaders/load_refrigerators.py took 0.770 seconds
[2026-02-13T13:31:43.967+0000] {processor.py:161} INFO - Started process (PID=259) to work on /opt/airflow/dags/scripts/loaders/load_refrigerators.py
[2026-02-13T13:31:43.971+0000] {processor.py:830} INFO - Processing file /opt/airflow/dags/scripts/loaders/load_refrigerators.py for tasks to queue
[2026-02-13T13:31:43.974+0000] {logging_mixin.py:188} INFO - [2026-02-13T13:31:43.974+0000] {dagbag.py:545} INFO - Filling up the DagBag from /opt/airflow/dags/scripts/loaders/load_refrigerators.py
[2026-02-13T13:31:44.342+0000] {logging_mixin.py:188} INFO - 🚀 Loading REFRIGERATORS data
[2026-02-13T13:31:44.508+0000] {logging_mixin.py:188} INFO - ✅ Refrigerators table refreshed successfully
[2026-02-13T13:31:44.509+0000] {processor.py:842} WARNING - No viable dags retrieved from /opt/airflow/dags/scripts/loaders/load_refrigerators.py
[2026-02-13T13:31:44.523+0000] {processor.py:183} INFO - Processing /opt/airflow/dags/scripts/loaders/load_refrigerators.py took 0.564 seconds
[2026-02-13T13:32:14.760+0000] {processor.py:161} INFO - Started process (PID=287) to work on /opt/airflow/dags/scripts/loaders/load_refrigerators.py
[2026-02-13T13:32:14.761+0000] {processor.py:830} INFO - Processing file /opt/airflow/dags/scripts/loaders/load_refrigerators.py for tasks to queue
[2026-02-13T13:32:14.764+0000] {logging_mixin.py:188} INFO - [2026-02-13T13:32:14.764+0000] {dagbag.py:545} INFO - Filling up the DagBag from /opt/airflow/dags/scripts/loaders/load_refrigerators.py
[2026-02-13T13:32:15.041+0000] {logging_mixin.py:188} INFO - 🚀 Loading REFRIGERATORS data
[2026-02-13T13:32:15.137+0000] {logging_mixin.py:188} INFO - ✅ Refrigerators table refreshed successfully
[2026-02-13T13:32:15.138+0000] {processor.py:842} WARNING - No viable dags retrieved from /opt/airflow/dags/scripts/loaders/load_refrigerators.py
[2026-02-13T13:32:15.161+0000] {processor.py:183} INFO - Processing /opt/airflow/dags/scripts/loaders/load_refrigerators.py took 0.407 seconds
[2026-02-13T13:32:46.396+0000] {processor.py:161} INFO - Started process (PID=317) to work on /opt/airflow/dags/scripts/loaders/load_refrigerators.py
[2026-02-13T13:32:46.412+0000] {processor.py:830} INFO - Processing file /opt/airflow/dags/scripts/loaders/load_refrigerators.py for tasks to queue
[2026-02-13T13:32:46.416+0000] {logging_mixin.py:188} INFO - [2026-02-13T13:32:46.416+0000] {dagbag.py:545} INFO - Filling up the DagBag from /opt/airflow/dags/scripts/loaders/load_refrigerators.py
[2026-02-13T13:32:46.821+0000] {logging_mixin.py:188} INFO - 🚀 Loading REFRIGERATORS data
[2026-02-13T13:32:46.944+0000] {logging_mixin.py:188} INFO - ✅ Refrigerators table refreshed successfully
[2026-02-13T13:32:46.946+0000] {processor.py:842} WARNING - No viable dags retrieved from /opt/airflow/dags/scripts/loaders/load_refrigerators.py
[2026-02-13T13:32:46.962+0000] {processor.py:183} INFO - Processing /opt/airflow/dags/scripts/loaders/load_refrigerators.py took 0.571 seconds
[2026-02-13T13:33:17.616+0000] {processor.py:161} INFO - Started process (PID=346) to work on /opt/airflow/dags/scripts/loaders/load_refrigerators.py
[2026-02-13T13:33:17.617+0000] {processor.py:830} INFO - Processing file /opt/airflow/dags/scripts/loaders/load_refrigerators.py for tasks to queue
[2026-02-13T13:33:17.619+0000] {logging_mixin.py:188} INFO - [2026-02-13T13:33:17.619+0000] {dagbag.py:545} INFO - Filling up the DagBag from /opt/airflow/dags/scripts/loaders/load_refrigerators.py
[2026-02-13T13:33:17.919+0000] {logging_mixin.py:188} INFO - 🚀 Loading REFRIGERATORS data
[2026-02-13T13:33:18.058+0000] {logging_mixin.py:188} INFO - ✅ Refrigerators table refreshed successfully
[2026-02-13T13:33:18.064+0000] {processor.py:842} WARNING - No viable dags retrieved from /opt/airflow/dags/scripts/loaders/load_refrigerators.py
[2026-02-13T13:33:18.091+0000] {processor.py:183} INFO - Processing /opt/airflow/dags/scripts/loaders/load_refrigerators.py took 0.480 seconds
[2026-02-13T13:33:49.231+0000] {processor.py:161} INFO - Started process (PID=506) to work on /opt/airflow/dags/scripts/loaders/load_refrigerators.py
[2026-02-13T13:33:49.236+0000] {processor.py:830} INFO - Processing file /opt/airflow/dags/scripts/loaders/load_refrigerators.py for tasks to queue
[2026-02-13T13:33:49.241+0000] {logging_mixin.py:188} INFO - [2026-02-13T13:33:49.240+0000] {dagbag.py:545} INFO - Filling up the DagBag from /opt/airflow/dags/scripts/loaders/load_refrigerators.py
[2026-02-13T13:33:49.657+0000] {logging_mixin.py:188} INFO - 🚀 Loading REFRIGERATORS data
[2026-02-13T13:33:50.004+0000] {logging_mixin.py:188} INFO - ✅ Refrigerators table refreshed successfully
[2026-02-13T13:33:50.005+0000] {processor.py:842} WARNING - No viable dags retrieved from /opt/airflow/dags/scripts/loaders/load_refrigerators.py
[2026-02-13T13:33:50.026+0000] {processor.py:183} INFO - Processing /opt/airflow/dags/scripts/loaders/load_refrigerators.py took 0.808 seconds
[2026-02-13T13:34:20.579+0000] {processor.py:161} INFO - Started process (PID=537) to work on /opt/airflow/dags/scripts/loaders/load_refrigerators.py
[2026-02-13T13:34:20.581+0000] {processor.py:830} INFO - Processing file /opt/airflow/dags/scripts/loaders/load_refrigerators.py for tasks to queue
[2026-02-13T13:34:20.583+0000] {logging_mixin.py:188} INFO - [2026-02-13T13:34:20.583+0000] {dagbag.py:545} INFO - Filling up the DagBag from /opt/airflow/dags/scripts/loaders/load_refrigerators.py
[2026-02-13T13:34:20.864+0000] {logging_mixin.py:188} INFO - 🚀 Loading REFRIGERATORS data
[2026-02-13T13:34:20.971+0000] {logging_mixin.py:188} INFO - ✅ Refrigerators table refreshed successfully
[2026-02-13T13:34:20.972+0000] {processor.py:842} WARNING - No viable dags retrieved from /opt/airflow/dags/scripts/loaders/load_refrigerators.py
[2026-02-13T13:34:20.985+0000] {processor.py:183} INFO - Processing /opt/airflow/dags/scripts/loaders/load_refrigerators.py took 0.411 seconds
[2026-02-13T13:34:51.837+0000] {processor.py:161} INFO - Started process (PID=559) to work on /opt/airflow/dags/scripts/loaders/load_refrigerators.py
[2026-02-13T13:34:51.839+0000] {processor.py:830} INFO - Processing file /opt/airflow/dags/scripts/loaders/load_refrigerators.py for tasks to queue
[2026-02-13T13:34:51.842+0000] {logging_mixin.py:188} INFO - [2026-02-13T13:34:51.841+0000] {dagbag.py:545} INFO - Filling up the DagBag from /opt/airflow/dags/scripts/loaders/load_refrigerators.py
[2026-02-13T13:34:52.176+0000] {logging_mixin.py:188} INFO - 🚀 Loading REFRIGERATORS data
[2026-02-13T13:34:52.284+0000] {logging_mixin.py:188} INFO - ✅ Refrigerators table refreshed successfully
[2026-02-13T13:34:52.285+0000] {processor.py:842} WARNING - No viable dags retrieved from /opt/airflow/dags/scripts/loaders/load_refrigerators.py
[2026-02-13T13:34:52.300+0000] {processor.py:183} INFO - Processing /opt/airflow/dags/scripts/loaders/load_refrigerators.py took 0.470 seconds
[2026-02-13T13:35:22.581+0000] {processor.py:161} INFO - Started process (PID=587) to work on /opt/airflow/dags/scripts/loaders/load_refrigerators.py
[2026-02-13T13:35:22.583+0000] {processor.py:830} INFO - Processing file /opt/airflow/dags/scripts/loaders/load_refrigerators.py for tasks to queue
[2026-02-13T13:35:22.587+0000] {logging_mixin.py:188} INFO - [2026-02-13T13:35:22.586+0000] {dagbag.py:545} INFO - Filling up the DagBag from /opt/airflow/dags/scripts/loaders/load_refrigerators.py
[2026-02-13T13:35:23.054+0000] {logging_mixin.py:188} INFO - 🚀 Loading REFRIGERATORS data
[2026-02-13T13:35:23.214+0000] {logging_mixin.py:188} INFO - ✅ Refrigerators table refreshed successfully
[2026-02-13T13:35:23.216+0000] {processor.py:842} WARNING - No viable dags retrieved from /opt/airflow/dags/scripts/loaders/load_refrigerators.py
[2026-02-13T13:35:23.256+0000] {processor.py:183} INFO - Processing /opt/airflow/dags/scripts/loaders/load_refrigerators.py took 0.685 seconds
[2026-02-13T13:35:53.602+0000] {processor.py:161} INFO - Started process (PID=613) to work on /opt/airflow/dags/scripts/loaders/load_refrigerators.py
[2026-02-13T13:35:53.605+0000] {processor.py:830} INFO - Processing file /opt/airflow/dags/scripts/loaders/load_refrigerators.py for tasks to queue
[2026-02-13T13:35:53.607+0000] {logging_mixin.py:188} INFO - [2026-02-13T13:35:53.607+0000] {dagbag.py:545} INFO - Filling up the DagBag from /opt/airflow/dags/scripts/loaders/load_refrigerators.py
[2026-02-13T13:35:53.881+0000] {logging_mixin.py:188} INFO - 🚀 Loading REFRIGERATORS data
[2026-02-13T13:35:53.969+0000] {logging_mixin.py:188} INFO - ✅ Refrigerators table refreshed successfully
[2026-02-13T13:35:53.970+0000] {processor.py:842} WARNING - No viable dags retrieved from /opt/airflow/dags/scripts/loaders/load_refrigerators.py
[2026-02-13T13:35:53.982+0000] {processor.py:183} INFO - Processing /opt/airflow/dags/scripts/loaders/load_refrigerators.py took 0.387 seconds
[2026-02-13T13:36:24.619+0000] {processor.py:161} INFO - Started process (PID=639) to work on /opt/airflow/dags/scripts/loaders/load_refrigerators.py
[2026-02-13T13:36:24.620+0000] {processor.py:830} INFO - Processing file /opt/airflow/dags/scripts/loaders/load_refrigerators.py for tasks to queue
[2026-02-13T13:36:24.622+0000] {logging_mixin.py:188} INFO - [2026-02-13T13:36:24.622+0000] {dagbag.py:545} INFO - Filling up the DagBag from /opt/airflow/dags/scripts/loaders/load_refrigerators.py
[2026-02-13T13:36:24.931+0000] {logging_mixin.py:188} INFO - 🚀 Loading REFRIGERATORS data
[2026-02-13T13:36:25.066+0000] {logging_mixin.py:188} INFO - ✅ Refrigerators table refreshed successfully
[2026-02-13T13:36:25.068+0000] {processor.py:842} WARNING - No viable dags retrieved from /opt/airflow/dags/scripts/loaders/load_refrigerators.py
[2026-02-13T13:36:25.089+0000] {processor.py:183} INFO - Processing /opt/airflow/dags/scripts/loaders/load_refrigerators.py took 0.476 seconds
[2026-02-13T13:36:55.704+0000] {processor.py:161} INFO - Started process (PID=668) to work on /opt/airflow/dags/scripts/loaders/load_refrigerators.py
[2026-02-13T13:36:55.707+0000] {processor.py:830} INFO - Processing file /opt/airflow/dags/scripts/loaders/load_refrigerators.py for tasks to queue
[2026-02-13T13:36:55.712+0000] {logging_mixin.py:188} INFO - [2026-02-13T13:36:55.711+0000] {dagbag.py:545} INFO - Filling up the DagBag from /opt/airflow/dags/scripts/loaders/load_refrigerators.py
[2026-02-13T13:36:56.235+0000] {logging_mixin.py:188} INFO - 🚀 Loading REFRIGERATORS data
[2026-02-13T13:36:56.480+0000] {logging_mixin.py:188} INFO - ✅ Refrigerators table refreshed successfully
[2026-02-13T13:36:56.482+0000] {processor.py:842} WARNING - No viable dags retrieved from /opt/airflow/dags/scripts/loaders/load_refrigerators.py
[2026-02-13T13:36:56.506+0000] {processor.py:183} INFO - Processing /opt/airflow/dags/scripts/loaders/load_refrigerators.py took 0.814 seconds
[2026-02-13T13:37:27.146+0000] {processor.py:161} INFO - Started process (PID=697) to work on /opt/airflow/dags/scripts/loaders/load_refrigerators.py
[2026-02-13T13:37:27.148+0000] {processor.py:830} INFO - Processing file /opt/airflow/dags/scripts/loaders/load_refrigerators.py for tasks to queue
[2026-02-13T13:37:27.152+0000] {logging_mixin.py:188} INFO - [2026-02-13T13:37:27.151+0000] {dagbag.py:545} INFO - Filling up the DagBag from /opt/airflow/dags/scripts/loaders/load_refrigerators.py
[2026-02-13T13:37:27.520+0000] {logging_mixin.py:188} INFO - 🚀 Loading REFRIGERATORS data
[2026-02-13T13:37:28.261+0000] {logging_mixin.py:188} INFO - ✅ Refrigerators table refreshed successfully
[2026-02-13T13:37:28.264+0000] {processor.py:842} WARNING - No viable dags retrieved from /opt/airflow/dags/scripts/loaders/load_refrigerators.py
[2026-02-13T13:37:28.294+0000] {processor.py:183} INFO - Processing /opt/airflow/dags/scripts/loaders/load_refrigerators.py took 1.158 seconds
[2026-02-13T13:37:59.129+0000] {processor.py:161} INFO - Started process (PID=726) to work on /opt/airflow/dags/scripts/loaders/load_refrigerators.py
[2026-02-13T13:37:59.135+0000] {processor.py:830} INFO - Processing file /opt/airflow/dags/scripts/loaders/load_refrigerators.py for tasks to queue
[2026-02-13T13:37:59.141+0000] {logging_mixin.py:188} INFO - [2026-02-13T13:37:59.140+0000] {dagbag.py:545} INFO - Filling up the DagBag from /opt/airflow/dags/scripts/loaders/load_refrigerators.py
[2026-02-13T13:37:59.711+0000] {logging_mixin.py:188} INFO - 🚀 Loading REFRIGERATORS data
[2026-02-13T13:37:59.937+0000] {logging_mixin.py:188} INFO - ✅ Refrigerators table refreshed successfully
[2026-02-13T13:37:59.939+0000] {processor.py:842} WARNING - No viable dags retrieved from /opt/airflow/dags/scripts/loaders/load_refrigerators.py
[2026-02-13T13:37:59.962+0000] {processor.py:183} INFO - Processing /opt/airflow/dags/scripts/loaders/load_refrigerators.py took 0.864 seconds
[2026-02-13T13:38:30.478+0000] {processor.py:161} INFO - Started process (PID=755) to work on /opt/airflow/dags/scripts/loaders/load_refrigerators.py
[2026-02-13T13:38:30.481+0000] {processor.py:830} INFO - Processing file /opt/airflow/dags/scripts/loaders/load_refrigerators.py for tasks to queue
[2026-02-13T13:38:30.486+0000] {logging_mixin.py:188} INFO - [2026-02-13T13:38:30.485+0000] {dagbag.py:545} INFO - Filling up the DagBag from /opt/airflow/dags/scripts/loaders/load_refrigerators.py
[2026-02-13T13:38:31.502+0000] {logging_mixin.py:188} INFO - 🚀 Loading REFRIGERATORS data
[2026-02-13T13:38:31.890+0000] {logging_mixin.py:188} INFO - ✅ Refrigerators table refreshed successfully
[2026-02-13T13:38:31.892+0000] {processor.py:842} WARNING - No viable dags retrieved from /opt/airflow/dags/scripts/loaders/load_refrigerators.py
[2026-02-13T13:38:31.942+0000] {processor.py:183} INFO - Processing /opt/airflow/dags/scripts/loaders/load_refrigerators.py took 1.487 seconds
[2026-02-13T13:39:02.577+0000] {processor.py:161} INFO - Started process (PID=784) to work on /opt/airflow/dags/scripts/loaders/load_refrigerators.py
[2026-02-13T13:39:02.579+0000] {processor.py:830} INFO - Processing file /opt/airflow/dags/scripts/loaders/load_refrigerators.py for tasks to queue
[2026-02-13T13:39:02.583+0000] {logging_mixin.py:188} INFO - [2026-02-13T13:39:02.582+0000] {dagbag.py:545} INFO - Filling up the DagBag from /opt/airflow/dags/scripts/loaders/load_refrigerators.py
[2026-02-13T13:39:02.963+0000] {logging_mixin.py:188} INFO - 🚀 Loading REFRIGERATORS data
[2026-02-13T13:39:03.185+0000] {logging_mixin.py:188} INFO - ✅ Refrigerators table refreshed successfully
[2026-02-13T13:39:03.187+0000] {processor.py:842} WARNING - No viable dags retrieved from /opt/airflow/dags/scripts/loaders/load_refrigerators.py
[2026-02-13T13:39:03.233+0000] {processor.py:183} INFO - Processing /opt/airflow/dags/scripts/loaders/load_refrigerators.py took 0.663 seconds
[2026-02-13T13:39:33.563+0000] {processor.py:161} INFO - Started process (PID=813) to work on /opt/airflow/dags/scripts/loaders/load_refrigerators.py
[2026-02-13T13:39:33.565+0000] {processor.py:830} INFO - Processing file /opt/airflow/dags/scripts/loaders/load_refrigerators.py for tasks to queue
[2026-02-13T13:39:33.567+0000] {logging_mixin.py:188} INFO - [2026-02-13T13:39:33.567+0000] {dagbag.py:545} INFO - Filling up the DagBag from /opt/airflow/dags/scripts/loaders/load_refrigerators.py
[2026-02-13T13:39:34.035+0000] {logging_mixin.py:188} INFO - 🚀 Loading REFRIGERATORS data
[2026-02-13T13:39:34.261+0000] {logging_mixin.py:188} INFO - ✅ Refrigerators table refreshed successfully
[2026-02-13T13:39:34.262+0000] {processor.py:842} WARNING - No viable dags retrieved from /opt/airflow/dags/scripts/loaders/load_refrigerators.py
[2026-02-13T13:39:34.306+0000] {processor.py:183} INFO - Processing /opt/airflow/dags/scripts/loaders/load_refrigerators.py took 0.755 seconds
[2026-02-13T13:40:05.322+0000] {processor.py:161} INFO - Started process (PID=842) to work on /opt/airflow/dags/scripts/loaders/load_refrigerators.py
[2026-02-13T13:40:05.324+0000] {processor.py:830} INFO - Processing file /opt/airflow/dags/scripts/loaders/load_refrigerators.py for tasks to queue
[2026-02-13T13:40:05.326+0000] {logging_mixin.py:188} INFO - [2026-02-13T13:40:05.326+0000] {dagbag.py:545} INFO - Filling up the DagBag from /opt/airflow/dags/scripts/loaders/load_refrigerators.py
[2026-02-13T13:40:05.755+0000] {logging_mixin.py:188} INFO - 🚀 Loading REFRIGERATORS data
[2026-02-13T13:40:05.893+0000] {logging_mixin.py:188} INFO - ✅ Refrigerators table refreshed successfully
[2026-02-13T13:40:05.895+0000] {processor.py:842} WARNING - No viable dags retrieved from /opt/airflow/dags/scripts/loaders/load_refrigerators.py
[2026-02-13T13:40:05.918+0000] {processor.py:183} INFO - Processing /opt/airflow/dags/scripts/loaders/load_refrigerators.py took 0.601 seconds
[2026-02-13T13:40:36.667+0000] {processor.py:161} INFO - Started process (PID=871) to work on /opt/airflow/dags/scripts/loaders/load_refrigerators.py
[2026-02-13T13:40:36.672+0000] {processor.py:830} INFO - Processing file /opt/airflow/dags/scripts/loaders/load_refrigerators.py for tasks to queue
[2026-02-13T13:40:36.676+0000] {logging_mixin.py:188} INFO - [2026-02-13T13:40:36.676+0000] {dagbag.py:545} INFO - Filling up the DagBag from /opt/airflow/dags/scripts/loaders/load_refrigerators.py
[2026-02-13T13:40:37.105+0000] {logging_mixin.py:188} INFO - 🚀 Loading REFRIGERATORS data
[2026-02-13T13:40:37.541+0000] {logging_mixin.py:188} INFO - ✅ Refrigerators table refreshed successfully
[2026-02-13T13:40:37.542+0000] {processor.py:842} WARNING - No viable dags retrieved from /opt/airflow/dags/scripts/loaders/load_refrigerators.py
[2026-02-13T13:40:37.576+0000] {processor.py:183} INFO - Processing /opt/airflow/dags/scripts/loaders/load_refrigerators.py took 0.924 seconds
[2026-02-13T13:41:08.492+0000] {processor.py:161} INFO - Started process (PID=900) to work on /opt/airflow/dags/scripts/loaders/load_refrigerators.py
[2026-02-13T13:41:08.494+0000] {processor.py:830} INFO - Processing file /opt/airflow/dags/scripts/loaders/load_refrigerators.py for tasks to queue
[2026-02-13T13:41:08.497+0000] {logging_mixin.py:188} INFO - [2026-02-13T13:41:08.496+0000] {dagbag.py:545} INFO - Filling up the DagBag from /opt/airflow/dags/scripts/loaders/load_refrigerators.py
[2026-02-13T13:41:08.849+0000] {logging_mixin.py:188} INFO - 🚀 Loading REFRIGERATORS data
[2026-02-13T13:41:09.037+0000] {logging_mixin.py:188} INFO - ✅ Refrigerators table refreshed successfully
[2026-02-13T13:41:09.039+0000] {processor.py:842} WARNING - No viable dags retrieved from /opt/airflow/dags/scripts/loaders/load_refrigerators.py
[2026-02-13T13:41:09.074+0000] {processor.py:183} INFO - Processing /opt/airflow/dags/scripts/loaders/load_refrigerators.py took 0.588 seconds
[2026-02-13T13:41:39.889+0000] {processor.py:161} INFO - Started process (PID=929) to work on /opt/airflow/dags/scripts/loaders/load_refrigerators.py
[2026-02-13T13:41:39.891+0000] {processor.py:830} INFO - Processing file /opt/airflow/dags/scripts/loaders/load_refrigerators.py for tasks to queue
[2026-02-13T13:41:39.893+0000] {logging_mixin.py:188} INFO - [2026-02-13T13:41:39.893+0000] {dagbag.py:545} INFO - Filling up the DagBag from /opt/airflow/dags/scripts/loaders/load_refrigerators.py
[2026-02-13T13:41:40.183+0000] {logging_mixin.py:188} INFO - 🚀 Loading REFRIGERATORS data
[2026-02-13T13:41:40.352+0000] {logging_mixin.py:188} INFO - ✅ Refrigerators table refreshed successfully
[2026-02-13T13:41:40.353+0000] {processor.py:842} WARNING - No viable dags retrieved from /opt/airflow/dags/scripts/loaders/load_refrigerators.py
[2026-02-13T13:41:40.383+0000] {processor.py:183} INFO - Processing /opt/airflow/dags/scripts/loaders/load_refrigerators.py took 0.499 seconds
[2026-02-13T13:42:11.223+0000] {processor.py:161} INFO - Started process (PID=958) to work on /opt/airflow/dags/scripts/loaders/load_refrigerators.py
[2026-02-13T13:42:11.228+0000] {processor.py:830} INFO - Processing file /opt/airflow/dags/scripts/loaders/load_refrigerators.py for tasks to queue
[2026-02-13T13:42:11.237+0000] {logging_mixin.py:188} INFO - [2026-02-13T13:42:11.236+0000] {dagbag.py:545} INFO - Filling up the DagBag from /opt/airflow/dags/scripts/loaders/load_refrigerators.py
[2026-02-13T13:42:11.959+0000] {logging_mixin.py:188} INFO - 🚀 Loading REFRIGERATORS data
[2026-02-13T13:42:12.203+0000] {logging_mixin.py:188} INFO - ✅ Refrigerators table refreshed successfully
[2026-02-13T13:42:12.212+0000] {processor.py:842} WARNING - No viable dags retrieved from /opt/airflow/dags/scripts/loaders/load_refrigerators.py
[2026-02-13T13:42:12.345+0000] {processor.py:183} INFO - Processing /opt/airflow/dags/scripts/loaders/load_refrigerators.py took 1.153 seconds
[2026-02-13T13:42:43.299+0000] {processor.py:161} INFO - Started process (PID=987) to work on /opt/airflow/dags/scripts/loaders/load_refrigerators.py
[2026-02-13T13:42:43.302+0000] {processor.py:830} INFO - Processing file /opt/airflow/dags/scripts/loaders/load_refrigerators.py for tasks to queue
[2026-02-13T13:42:43.308+0000] {logging_mixin.py:188} INFO - [2026-02-13T13:42:43.307+0000] {dagbag.py:545} INFO - Filling up the DagBag from /opt/airflow/dags/scripts/loaders/load_refrigerators.py
[2026-02-13T13:42:43.790+0000] {logging_mixin.py:188} INFO - 🚀 Loading REFRIGERATORS data
[2026-02-13T13:42:43.998+0000] {logging_mixin.py:188} INFO - ✅ Refrigerators table refreshed successfully
[2026-02-13T13:42:43.999+0000] {processor.py:842} WARNING - No viable dags retrieved from /opt/airflow/dags/scripts/loaders/load_refrigerators.py
[2026-02-13T13:42:44.041+0000] {processor.py:183} INFO - Processing /opt/airflow/dags/scripts/loaders/load_refrigerators.py took 0.755 seconds
[2026-02-13T13:43:14.902+0000] {processor.py:161} INFO - Started process (PID=1016) to work on /opt/airflow/dags/scripts/loaders/load_refrigerators.py
[2026-02-13T13:43:14.904+0000] {processor.py:830} INFO - Processing file /opt/airflow/dags/scripts/loaders/load_refrigerators.py for tasks to queue
[2026-02-13T13:43:14.906+0000] {logging_mixin.py:188} INFO - [2026-02-13T13:43:14.906+0000] {dagbag.py:545} INFO - Filling up the DagBag from /opt/airflow/dags/scripts/loaders/load_refrigerators.py
[2026-02-13T13:43:15.291+0000] {logging_mixin.py:188} INFO - 🚀 Loading REFRIGERATORS data
[2026-02-13T13:43:15.721+0000] {logging_mixin.py:188} INFO - ✅ Refrigerators table refreshed successfully
[2026-02-13T13:43:15.723+0000] {processor.py:842} WARNING - No viable dags retrieved from /opt/airflow/dags/scripts/loaders/load_refrigerators.py
[2026-02-13T13:43:15.776+0000] {processor.py:183} INFO - Processing /opt/airflow/dags/scripts/loaders/load_refrigerators.py took 0.880 seconds
[2026-02-13T13:43:46.066+0000] {processor.py:161} INFO - Started process (PID=1042) to work on /opt/airflow/dags/scripts/loaders/load_refrigerators.py
[2026-02-13T13:43:46.069+0000] {processor.py:830} INFO - Processing file /opt/airflow/dags/scripts/loaders/load_refrigerators.py for tasks to queue
[2026-02-13T13:43:46.073+0000] {logging_mixin.py:188} INFO - [2026-02-13T13:43:46.073+0000] {dagbag.py:545} INFO - Filling up the DagBag from /opt/airflow/dags/scripts/loaders/load_refrigerators.py
[2026-02-13T13:43:46.348+0000] {logging_mixin.py:188} INFO - 🚀 Loading REFRIGERATORS data
[2026-02-13T13:43:46.595+0000] {logging_mixin.py:188} INFO - ✅ Refrigerators table refreshed successfully
[2026-02-13T13:43:46.597+0000] {processor.py:842} WARNING - No viable dags retrieved from /opt/airflow/dags/scripts/loaders/load_refrigerators.py
[2026-02-13T13:43:46.612+0000] {processor.py:183} INFO - Processing /opt/airflow/dags/scripts/loaders/load_refrigerators.py took 0.556 seconds
[2026-02-13T13:44:17.908+0000] {processor.py:161} INFO - Started process (PID=1071) to work on /opt/airflow/dags/scripts/loaders/load_refrigerators.py
[2026-02-13T13:44:17.933+0000] {processor.py:830} INFO - Processing file /opt/airflow/dags/scripts/loaders/load_refrigerators.py for tasks to queue
[2026-02-13T13:44:17.989+0000] {logging_mixin.py:188} INFO - [2026-02-13T13:44:17.984+0000] {dagbag.py:545} INFO - Filling up the DagBag from /opt/airflow/dags/scripts/loaders/load_refrigerators.py
[2026-02-13T13:44:21.254+0000] {logging_mixin.py:188} INFO - 🚀 Loading REFRIGERATORS data
[2026-02-13T13:44:21.831+0000] {logging_mixin.py:188} INFO - ✅ Refrigerators table refreshed successfully
[2026-02-13T13:44:21.834+0000] {processor.py:842} WARNING - No viable dags retrieved from /opt/airflow/dags/scripts/loaders/load_refrigerators.py
[2026-02-13T13:44:21.955+0000] {processor.py:183} INFO - Processing /opt/airflow/dags/scripts/loaders/load_refrigerators.py took 4.371 seconds
[2026-02-13T13:44:52.145+0000] {processor.py:161} INFO - Started process (PID=1108) to work on /opt/airflow/dags/scripts/loaders/load_refrigerators.py
[2026-02-13T13:44:52.147+0000] {processor.py:830} INFO - Processing file /opt/airflow/dags/scripts/loaders/load_refrigerators.py for tasks to queue
[2026-02-13T13:44:52.150+0000] {logging_mixin.py:188} INFO - [2026-02-13T13:44:52.150+0000] {dagbag.py:545} INFO - Filling up the DagBag from /opt/airflow/dags/scripts/loaders/load_refrigerators.py
[2026-02-13T13:44:52.606+0000] {logging_mixin.py:188} INFO - 🚀 Loading REFRIGERATORS data
[2026-02-13T13:44:52.776+0000] {logging_mixin.py:188} INFO - ✅ Refrigerators table refreshed successfully
[2026-02-13T13:44:52.778+0000] {processor.py:842} WARNING - No viable dags retrieved from /opt/airflow/dags/scripts/loaders/load_refrigerators.py
[2026-02-13T13:44:52.810+0000] {processor.py:183} INFO - Processing /opt/airflow/dags/scripts/loaders/load_refrigerators.py took 0.673 seconds
[2026-02-13T13:45:23.364+0000] {processor.py:161} INFO - Started process (PID=1137) to work on /opt/airflow/dags/scripts/loaders/load_refrigerators.py
[2026-02-13T13:45:23.366+0000] {processor.py:830} INFO - Processing file /opt/airflow/dags/scripts/loaders/load_refrigerators.py for tasks to queue
[2026-02-13T13:45:23.368+0000] {logging_mixin.py:188} INFO - [2026-02-13T13:45:23.368+0000] {dagbag.py:545} INFO - Filling up the DagBag from /opt/airflow/dags/scripts/loaders/load_refrigerators.py
[2026-02-13T13:45:23.796+0000] {logging_mixin.py:188} INFO - 🚀 Loading REFRIGERATORS data
[2026-02-13T13:45:23.984+0000] {logging_mixin.py:188} INFO - ✅ Refrigerators table refreshed successfully
[2026-02-13T13:45:23.985+0000] {processor.py:842} WARNING - No viable dags retrieved from /opt/airflow/dags/scripts/loaders/load_refrigerators.py
[2026-02-13T13:45:24.017+0000] {processor.py:183} INFO - Processing /opt/airflow/dags/scripts/loaders/load_refrigerators.py took 0.659 seconds
[2026-02-13T13:45:54.696+0000] {processor.py:161} INFO - Started process (PID=1166) to work on /opt/airflow/dags/scripts/loaders/load_refrigerators.py
[2026-02-13T13:45:54.700+0000] {processor.py:830} INFO - Processing file /opt/airflow/dags/scripts/loaders/load_refrigerators.py for tasks to queue
[2026-02-13T13:45:54.707+0000] {logging_mixin.py:188} INFO - [2026-02-13T13:45:54.706+0000] {dagbag.py:545} INFO - Filling up the DagBag from /opt/airflow/dags/scripts/loaders/load_refrigerators.py
[2026-02-13T13:45:55.673+0000] {logging_mixin.py:188} INFO - 🚀 Loading REFRIGERATORS data
[2026-02-13T13:45:56.031+0000] {logging_mixin.py:188} INFO - ✅ Refrigerators table refreshed successfully
[2026-02-13T13:45:56.033+0000] {processor.py:842} WARNING - No viable dags retrieved from /opt/airflow/dags/scripts/loaders/load_refrigerators.py
[2026-02-13T13:45:56.104+0000] {processor.py:183} INFO - Processing /opt/airflow/dags/scripts/loaders/load_refrigerators.py took 1.420 seconds
[2026-02-13T13:46:28.368+0000] {processor.py:161} INFO - Started process (PID=1195) to work on /opt/airflow/dags/scripts/loaders/load_refrigerators.py
[2026-02-13T13:46:28.375+0000] {processor.py:830} INFO - Processing file /opt/airflow/dags/scripts/loaders/load_refrigerators.py for tasks to queue
[2026-02-13T13:46:28.394+0000] {logging_mixin.py:188} INFO - [2026-02-13T13:46:28.392+0000] {dagbag.py:545} INFO - Filling up the DagBag from /opt/airflow/dags/scripts/loaders/load_refrigerators.py
[2026-02-13T13:46:37.376+0000] {logging_mixin.py:188} INFO - 🚀 Loading REFRIGERATORS data
[2026-02-13T13:46:38.238+0000] {logging_mixin.py:188} INFO - ✅ Refrigerators table refreshed successfully
[2026-02-13T13:46:38.241+0000] {processor.py:842} WARNING - No viable dags retrieved from /opt/airflow/dags/scripts/loaders/load_refrigerators.py
[2026-02-13T13:46:38.348+0000] {processor.py:183} INFO - Processing /opt/airflow/dags/scripts/loaders/load_refrigerators.py took 8.235 seconds
[2026-02-13T13:47:09.775+0000] {processor.py:161} INFO - Started process (PID=1221) to work on /opt/airflow/dags/scripts/loaders/load_refrigerators.py
[2026-02-13T13:47:09.785+0000] {processor.py:830} INFO - Processing file /opt/airflow/dags/scripts/loaders/load_refrigerators.py for tasks to queue
[2026-02-13T13:47:09.809+0000] {logging_mixin.py:188} INFO - [2026-02-13T13:47:09.806+0000] {dagbag.py:545} INFO - Filling up the DagBag from /opt/airflow/dags/scripts/loaders/load_refrigerators.py
[2026-02-13T13:47:16.640+0000] {logging_mixin.py:188} INFO - 🚀 Loading REFRIGERATORS data
[2026-02-13T13:47:25.637+0000] {logging_mixin.py:188} INFO - ✅ Refrigerators table refreshed successfully
[2026-02-13T13:47:25.650+0000] {processor.py:842} WARNING - No viable dags retrieved from /opt/airflow/dags/scripts/loaders/load_refrigerators.py
[2026-02-13T13:47:25.826+0000] {processor.py:183} INFO - Processing /opt/airflow/dags/scripts/loaders/load_refrigerators.py took 16.127 seconds
[2026-02-13T13:48:22.201+0000] {processor.py:161} INFO - Started process (PID=1253) to work on /opt/airflow/dags/scripts/loaders/load_refrigerators.py
[2026-02-13T13:48:22.252+0000] {processor.py:830} INFO - Processing file /opt/airflow/dags/scripts/loaders/load_refrigerators.py for tasks to queue
[2026-02-13T13:48:22.637+0000] {logging_mixin.py:188} INFO - [2026-02-13T13:48:22.506+0000] {dagbag.py:545} INFO - Filling up the DagBag from /opt/airflow/dags/scripts/loaders/load_refrigerators.py
[2026-02-13T13:48:39.775+0000] {logging_mixin.py:188} INFO - 🚀 Loading REFRIGERATORS data
[2026-02-13T13:48:45.408+0000] {logging_mixin.py:188} INFO - ✅ Refrigerators table refreshed successfully
[2026-02-13T13:48:45.505+0000] {processor.py:842} WARNING - No viable dags retrieved from /opt/airflow/dags/scripts/loaders/load_refrigerators.py
[2026-02-13T13:48:45.873+0000] {processor.py:183} INFO - Processing /opt/airflow/dags/scripts/loaders/load_refrigerators.py took 22.551 seconds
[2026-02-13T13:49:17.587+0000] {processor.py:161} INFO - Started process (PID=1282) to work on /opt/airflow/dags/scripts/loaders/load_refrigerators.py
[2026-02-13T13:49:17.590+0000] {processor.py:830} INFO - Processing file /opt/airflow/dags/scripts/loaders/load_refrigerators.py for tasks to queue
[2026-02-13T13:49:17.595+0000] {logging_mixin.py:188} INFO - [2026-02-13T13:49:17.594+0000] {dagbag.py:545} INFO - Filling up the DagBag from /opt/airflow/dags/scripts/loaders/load_refrigerators.py
[2026-02-13T13:49:18.329+0000] {logging_mixin.py:188} INFO - 🚀 Loading REFRIGERATORS data
[2026-02-13T13:49:18.558+0000] {logging_mixin.py:188} INFO - ✅ Refrigerators table refreshed successfully
[2026-02-13T13:49:18.559+0000] {processor.py:842} WARNING - No viable dags retrieved from /opt/airflow/dags/scripts/loaders/load_refrigerators.py
[2026-02-13T13:49:18.604+0000] {processor.py:183} INFO - Processing /opt/airflow/dags/scripts/loaders/load_refrigerators.py took 1.025 seconds
[2026-02-13T13:49:49.521+0000] {processor.py:161} INFO - Started process (PID=1311) to work on /opt/airflow/dags/scripts/loaders/load_refrigerators.py
[2026-02-13T13:49:49.524+0000] {processor.py:830} INFO - Processing file /opt/airflow/dags/scripts/loaders/load_refrigerators.py for tasks to queue
[2026-02-13T13:49:49.530+0000] {logging_mixin.py:188} INFO - [2026-02-13T13:49:49.529+0000] {dagbag.py:545} INFO - Filling up the DagBag from /opt/airflow/dags/scripts/loaders/load_refrigerators.py
[2026-02-13T13:49:49.946+0000] {logging_mixin.py:188} INFO - 🚀 Loading REFRIGERATORS data
[2026-02-13T13:49:50.155+0000] {logging_mixin.py:188} INFO - ✅ Refrigerators table refreshed successfully
[2026-02-13T13:49:50.157+0000] {processor.py:842} WARNING - No viable dags retrieved from /opt/airflow/dags/scripts/loaders/load_refrigerators.py
[2026-02-13T13:49:50.175+0000] {processor.py:183} INFO - Processing /opt/airflow/dags/scripts/loaders/load_refrigerators.py took 0.669 seconds
[2026-02-13T13:50:21.064+0000] {processor.py:161} INFO - Started process (PID=1341) to work on /opt/airflow/dags/scripts/loaders/load_refrigerators.py
[2026-02-13T13:50:21.066+0000] {processor.py:830} INFO - Processing file /opt/airflow/dags/scripts/loaders/load_refrigerators.py for tasks to queue
[2026-02-13T13:50:21.070+0000] {logging_mixin.py:188} INFO - [2026-02-13T13:50:21.069+0000] {dagbag.py:545} INFO - Filling up the DagBag from /opt/airflow/dags/scripts/loaders/load_refrigerators.py
[2026-02-13T13:50:21.416+0000] {logging_mixin.py:188} INFO - 🚀 Loading REFRIGERATORS data
[2026-02-13T13:50:21.867+0000] {logging_mixin.py:188} INFO - ✅ Refrigerators table refreshed successfully
[2026-02-13T13:50:21.869+0000] {processor.py:842} WARNING - No viable dags retrieved from /opt/airflow/dags/scripts/loaders/load_refrigerators.py
[2026-02-13T13:50:21.891+0000] {processor.py:183} INFO - Processing /opt/airflow/dags/scripts/loaders/load_refrigerators.py took 0.833 seconds
[2026-02-13T13:50:52.183+0000] {processor.py:161} INFO - Started process (PID=1370) to work on /opt/airflow/dags/scripts/loaders/load_refrigerators.py
[2026-02-13T13:50:52.194+0000] {processor.py:830} INFO - Processing file /opt/airflow/dags/scripts/loaders/load_refrigerators.py for tasks to queue
[2026-02-13T13:50:52.197+0000] {logging_mixin.py:188} INFO - [2026-02-13T13:50:52.197+0000] {dagbag.py:545} INFO - Filling up the DagBag from /opt/airflow/dags/scripts/loaders/load_refrigerators.py
[2026-02-13T13:50:52.604+0000] {logging_mixin.py:188} INFO - 🚀 Loading REFRIGERATORS data
[2026-02-13T13:50:53.028+0000] {logging_mixin.py:188} INFO - ✅ Refrigerators table refreshed successfully
[2026-02-13T13:50:53.031+0000] {processor.py:842} WARNING - No viable dags retrieved from /opt/airflow/dags/scripts/loaders/load_refrigerators.py
[2026-02-13T13:50:53.072+0000] {processor.py:183} INFO - Processing /opt/airflow/dags/scripts/loaders/load_refrigerators.py took 0.895 seconds
[2026-02-13T13:51:23.554+0000] {processor.py:161} INFO - Started process (PID=1398) to work on /opt/airflow/dags/scripts/loaders/load_refrigerators.py
[2026-02-13T13:51:23.556+0000] {processor.py:830} INFO - Processing file /opt/airflow/dags/scripts/loaders/load_refrigerators.py for tasks to queue
[2026-02-13T13:51:23.558+0000] {logging_mixin.py:188} INFO - [2026-02-13T13:51:23.557+0000] {dagbag.py:545} INFO - Filling up the DagBag from /opt/airflow/dags/scripts/loaders/load_refrigerators.py
[2026-02-13T13:51:23.976+0000] {logging_mixin.py:188} INFO - 🚀 Loading REFRIGERATORS data
[2026-02-13T13:51:24.222+0000] {logging_mixin.py:188} INFO - ✅ Refrigerators table refreshed successfully
[2026-02-13T13:51:24.223+0000] {processor.py:842} WARNING - No viable dags retrieved from /opt/airflow/dags/scripts/loaders/load_refrigerators.py
[2026-02-13T13:51:24.244+0000] {processor.py:183} INFO - Processing /opt/airflow/dags/scripts/loaders/load_refrigerators.py took 0.698 seconds
[2026-02-13T13:51:55.403+0000] {processor.py:161} INFO - Started process (PID=1427) to work on /opt/airflow/dags/scripts/loaders/load_refrigerators.py
[2026-02-13T13:51:55.417+0000] {processor.py:830} INFO - Processing file /opt/airflow/dags/scripts/loaders/load_refrigerators.py for tasks to queue
[2026-02-13T13:51:55.421+0000] {logging_mixin.py:188} INFO - [2026-02-13T13:51:55.421+0000] {dagbag.py:545} INFO - Filling up the DagBag from /opt/airflow/dags/scripts/loaders/load_refrigerators.py
[2026-02-13T13:51:55.897+0000] {logging_mixin.py:188} INFO - 🚀 Loading REFRIGERATORS data
[2026-02-13T13:51:56.133+0000] {logging_mixin.py:188} INFO - ✅ Refrigerators table refreshed successfully
[2026-02-13T13:51:56.135+0000] {processor.py:842} WARNING - No viable dags retrieved from /opt/airflow/dags/scripts/loaders/load_refrigerators.py
[2026-02-13T13:51:56.175+0000] {processor.py:183} INFO - Processing /opt/airflow/dags/scripts/loaders/load_refrigerators.py took 0.779 seconds
[2026-02-13T13:52:26.960+0000] {processor.py:161} INFO - Started process (PID=1456) to work on /opt/airflow/dags/scripts/loaders/load_refrigerators.py
[2026-02-13T13:52:26.961+0000] {processor.py:830} INFO - Processing file /opt/airflow/dags/scripts/loaders/load_refrigerators.py for tasks to queue
[2026-02-13T13:52:26.964+0000] {logging_mixin.py:188} INFO - [2026-02-13T13:52:26.963+0000] {dagbag.py:545} INFO - Filling up the DagBag from /opt/airflow/dags/scripts/loaders/load_refrigerators.py
[2026-02-13T13:52:27.276+0000] {logging_mixin.py:188} INFO - 🚀 Loading REFRIGERATORS data
[2026-02-13T13:52:27.481+0000] {logging_mixin.py:188} INFO - ✅ Refrigerators table refreshed successfully
[2026-02-13T13:52:27.482+0000] {processor.py:842} WARNING - No viable dags retrieved from /opt/airflow/dags/scripts/loaders/load_refrigerators.py
[2026-02-13T13:52:27.501+0000] {processor.py:183} INFO - Processing /opt/airflow/dags/scripts/loaders/load_refrigerators.py took 0.549 seconds
[2026-02-13T13:52:58.575+0000] {processor.py:161} INFO - Started process (PID=1485) to work on /opt/airflow/dags/scripts/loaders/load_refrigerators.py
[2026-02-13T13:52:58.577+0000] {processor.py:830} INFO - Processing file /opt/airflow/dags/scripts/loaders/load_refrigerators.py for tasks to queue
[2026-02-13T13:52:58.580+0000] {logging_mixin.py:188} INFO - [2026-02-13T13:52:58.580+0000] {dagbag.py:545} INFO - Filling up the DagBag from /opt/airflow/dags/scripts/loaders/load_refrigerators.py
[2026-02-13T13:52:58.986+0000] {logging_mixin.py:188} INFO - 🚀 Loading REFRIGERATORS data
[2026-02-13T13:52:59.154+0000] {logging_mixin.py:188} INFO - ✅ Refrigerators table refreshed successfully
[2026-02-13T13:52:59.156+0000] {processor.py:842} WARNING - No viable dags retrieved from /opt/airflow/dags/scripts/loaders/load_refrigerators.py
[2026-02-13T13:52:59.182+0000] {processor.py:183} INFO - Processing /opt/airflow/dags/scripts/loaders/load_refrigerators.py took 0.614 seconds
[2026-02-13T13:53:31.021+0000] {processor.py:161} INFO - Started process (PID=1514) to work on /opt/airflow/dags/scripts/loaders/load_refrigerators.py
[2026-02-13T13:53:31.022+0000] {processor.py:830} INFO - Processing file /opt/airflow/dags/scripts/loaders/load_refrigerators.py for tasks to queue
[2026-02-13T13:53:31.025+0000] {logging_mixin.py:188} INFO - [2026-02-13T13:53:31.024+0000] {dagbag.py:545} INFO - Filling up the DagBag from /opt/airflow/dags/scripts/loaders/load_refrigerators.py
[2026-02-13T13:53:31.502+0000] {logging_mixin.py:188} INFO - 🚀 Loading REFRIGERATORS data
[2026-02-13T13:53:31.701+0000] {logging_mixin.py:188} INFO - ✅ Refrigerators table refreshed successfully
[2026-02-13T13:53:31.702+0000] {processor.py:842} WARNING - No viable dags retrieved from /opt/airflow/dags/scripts/loaders/load_refrigerators.py
[2026-02-13T13:53:31.728+0000] {processor.py:183} INFO - Processing /opt/airflow/dags/scripts/loaders/load_refrigerators.py took 0.713 seconds
[2026-02-13T13:54:02.062+0000] {processor.py:161} INFO - Started process (PID=1540) to work on /opt/airflow/dags/scripts/loaders/load_refrigerators.py
[2026-02-13T13:54:02.067+0000] {processor.py:830} INFO - Processing file /opt/airflow/dags/scripts/loaders/load_refrigerators.py for tasks to queue
[2026-02-13T13:54:02.079+0000] {logging_mixin.py:188} INFO - [2026-02-13T13:54:02.077+0000] {dagbag.py:545} INFO - Filling up the DagBag from /opt/airflow/dags/scripts/loaders/load_refrigerators.py
[2026-02-13T13:54:02.490+0000] {logging_mixin.py:188} INFO - 🚀 Loading REFRIGERATORS data
[2026-02-13T13:54:02.892+0000] {logging_mixin.py:188} INFO - ✅ Refrigerators table refreshed successfully
[2026-02-13T13:54:02.894+0000] {processor.py:842} WARNING - No viable dags retrieved from /opt/airflow/dags/scripts/loaders/load_refrigerators.py
[2026-02-13T13:54:02.942+0000] {processor.py:183} INFO - Processing /opt/airflow/dags/scripts/loaders/load_refrigerators.py took 0.906 seconds
[2026-02-13T13:54:34.000+0000] {processor.py:161} INFO - Started process (PID=1572) to work on /opt/airflow/dags/scripts/loaders/load_refrigerators.py
[2026-02-13T13:54:34.005+0000] {processor.py:830} INFO - Processing file /opt/airflow/dags/scripts/loaders/load_refrigerators.py for tasks to queue
[2026-02-13T13:54:34.011+0000] {logging_mixin.py:188} INFO - [2026-02-13T13:54:34.010+0000] {dagbag.py:545} INFO - Filling up the DagBag from /opt/airflow/dags/scripts/loaders/load_refrigerators.py
[2026-02-13T13:54:35.099+0000] {logging_mixin.py:188} INFO - 🚀 Loading REFRIGERATORS data
[2026-02-13T13:54:36.175+0000] {logging_mixin.py:188} INFO - ✅ Refrigerators table refreshed successfully
[2026-02-13T13:54:36.179+0000] {processor.py:842} WARNING - No viable dags retrieved from /opt/airflow/dags/scripts/loaders/load_refrigerators.py
[2026-02-13T13:54:36.221+0000] {processor.py:183} INFO - Processing /opt/airflow/dags/scripts/loaders/load_refrigerators.py took 2.237 seconds
[2026-02-13T13:55:06.834+0000] {processor.py:161} INFO - Started process (PID=1601) to work on /opt/airflow/dags/scripts/loaders/load_refrigerators.py
[2026-02-13T13:55:06.837+0000] {processor.py:830} INFO - Processing file /opt/airflow/dags/scripts/loaders/load_refrigerators.py for tasks to queue
[2026-02-13T13:55:06.841+0000] {logging_mixin.py:188} INFO - [2026-02-13T13:55:06.841+0000] {dagbag.py:545} INFO - Filling up the DagBag from /opt/airflow/dags/scripts/loaders/load_refrigerators.py
[2026-02-13T13:55:08.275+0000] {logging_mixin.py:188} INFO - 🚀 Loading REFRIGERATORS data
[2026-02-13T13:55:08.842+0000] {logging_mixin.py:188} INFO - ✅ Refrigerators table refreshed successfully
[2026-02-13T13:55:08.847+0000] {processor.py:842} WARNING - No viable dags retrieved from /opt/airflow/dags/scripts/loaders/load_refrigerators.py
[2026-02-13T13:55:08.926+0000] {processor.py:183} INFO - Processing /opt/airflow/dags/scripts/loaders/load_refrigerators.py took 2.106 seconds
[2026-02-13T13:55:40.741+0000] {processor.py:161} INFO - Started process (PID=1631) to work on /opt/airflow/dags/scripts/loaders/load_refrigerators.py
[2026-02-13T13:55:40.746+0000] {processor.py:830} INFO - Processing file /opt/airflow/dags/scripts/loaders/load_refrigerators.py for tasks to queue
[2026-02-13T13:55:40.757+0000] {logging_mixin.py:188} INFO - [2026-02-13T13:55:40.754+0000] {dagbag.py:545} INFO - Filling up the DagBag from /opt/airflow/dags/scripts/loaders/load_refrigerators.py
[2026-02-13T13:55:41.666+0000] {logging_mixin.py:188} INFO - 🚀 Loading REFRIGERATORS data
[2026-02-13T13:55:42.054+0000] {logging_mixin.py:188} INFO - ✅ Refrigerators table refreshed successfully
[2026-02-13T13:55:42.057+0000] {processor.py:842} WARNING - No viable dags retrieved from /opt/airflow/dags/scripts/loaders/load_refrigerators.py
[2026-02-13T13:55:42.100+0000] {processor.py:183} INFO - Processing /opt/airflow/dags/scripts/loaders/load_refrigerators.py took 1.382 seconds
[2026-02-13T13:56:13.537+0000] {processor.py:161} INFO - Started process (PID=1659) to work on /opt/airflow/dags/scripts/loaders/load_refrigerators.py
[2026-02-13T13:56:13.599+0000] {processor.py:830} INFO - Processing file /opt/airflow/dags/scripts/loaders/load_refrigerators.py for tasks to queue
[2026-02-13T13:56:13.603+0000] {logging_mixin.py:188} INFO - [2026-02-13T13:56:13.602+0000] {dagbag.py:545} INFO - Filling up the DagBag from /opt/airflow/dags/scripts/loaders/load_refrigerators.py
[2026-02-13T13:56:14.070+0000] {logging_mixin.py:188} INFO - 🚀 Loading REFRIGERATORS data
[2026-02-13T13:56:14.216+0000] {logging_mixin.py:188} INFO - ✅ Refrigerators table refreshed successfully
[2026-02-13T13:56:14.218+0000] {processor.py:842} WARNING - No viable dags retrieved from /opt/airflow/dags/scripts/loaders/load_refrigerators.py
[2026-02-13T13:56:14.247+0000] {processor.py:183} INFO - Processing /opt/airflow/dags/scripts/loaders/load_refrigerators.py took 0.726 seconds
[2026-02-13T13:56:45.631+0000] {processor.py:161} INFO - Started process (PID=1688) to work on /opt/airflow/dags/scripts/loaders/load_refrigerators.py
[2026-02-13T13:56:45.633+0000] {processor.py:830} INFO - Processing file /opt/airflow/dags/scripts/loaders/load_refrigerators.py for tasks to queue
[2026-02-13T13:56:45.638+0000] {logging_mixin.py:188} INFO - [2026-02-13T13:56:45.637+0000] {dagbag.py:545} INFO - Filling up the DagBag from /opt/airflow/dags/scripts/loaders/load_refrigerators.py
[2026-02-13T13:56:46.254+0000] {logging_mixin.py:188} INFO - 🚀 Loading REFRIGERATORS data
[2026-02-13T13:56:46.801+0000] {logging_mixin.py:188} INFO - ✅ Refrigerators table refreshed successfully
[2026-02-13T13:56:46.803+0000] {processor.py:842} WARNING - No viable dags retrieved from /opt/airflow/dags/scripts/loaders/load_refrigerators.py
[2026-02-13T13:56:46.840+0000] {processor.py:183} INFO - Processing /opt/airflow/dags/scripts/loaders/load_refrigerators.py took 1.224 seconds
[2026-02-13T13:57:17.078+0000] {processor.py:161} INFO - Started process (PID=1718) to work on /opt/airflow/dags/scripts/loaders/load_refrigerators.py
[2026-02-13T13:57:17.080+0000] {processor.py:830} INFO - Processing file /opt/airflow/dags/scripts/loaders/load_refrigerators.py for tasks to queue
[2026-02-13T13:57:17.084+0000] {logging_mixin.py:188} INFO - [2026-02-13T13:57:17.084+0000] {dagbag.py:545} INFO - Filling up the DagBag from /opt/airflow/dags/scripts/loaders/load_refrigerators.py
[2026-02-13T13:57:17.552+0000] {logging_mixin.py:188} INFO - 🚀 Loading REFRIGERATORS data
[2026-02-13T13:57:17.871+0000] {logging_mixin.py:188} INFO - ✅ Refrigerators table refreshed successfully
[2026-02-13T13:57:17.873+0000] {processor.py:842} WARNING - No viable dags retrieved from /opt/airflow/dags/scripts/loaders/load_refrigerators.py
[2026-02-13T13:57:17.891+0000] {processor.py:183} INFO - Processing /opt/airflow/dags/scripts/loaders/load_refrigerators.py took 0.828 seconds
[2026-02-13T13:57:48.912+0000] {processor.py:161} INFO - Started process (PID=1747) to work on /opt/airflow/dags/scripts/loaders/load_refrigerators.py
[2026-02-13T13:57:48.914+0000] {processor.py:830} INFO - Processing file /opt/airflow/dags/scripts/loaders/load_refrigerators.py for tasks to queue
[2026-02-13T13:57:48.917+0000] {logging_mixin.py:188} INFO - [2026-02-13T13:57:48.917+0000] {dagbag.py:545} INFO - Filling up the DagBag from /opt/airflow/dags/scripts/loaders/load_refrigerators.py
[2026-02-13T13:57:49.249+0000] {logging_mixin.py:188} INFO - 🚀 Loading REFRIGERATORS data
[2026-02-13T13:57:49.519+0000] {logging_mixin.py:188} INFO - ✅ Refrigerators table refreshed successfully
[2026-02-13T13:57:49.520+0000] {processor.py:842} WARNING - No viable dags retrieved from /opt/airflow/dags/scripts/loaders/load_refrigerators.py
[2026-02-13T13:57:49.540+0000] {processor.py:183} INFO - Processing /opt/airflow/dags/scripts/loaders/load_refrigerators.py took 0.635 seconds
[2026-02-13T13:58:19.942+0000] {processor.py:161} INFO - Started process (PID=1776) to work on /opt/airflow/dags/scripts/loaders/load_refrigerators.py
[2026-02-13T13:58:19.945+0000] {processor.py:830} INFO - Processing file /opt/airflow/dags/scripts/loaders/load_refrigerators.py for tasks to queue
[2026-02-13T13:58:19.949+0000] {logging_mixin.py:188} INFO - [2026-02-13T13:58:19.948+0000] {dagbag.py:545} INFO - Filling up the DagBag from /opt/airflow/dags/scripts/loaders/load_refrigerators.py
[2026-02-13T13:58:20.364+0000] {logging_mixin.py:188} INFO - 🚀 Loading REFRIGERATORS data
[2026-02-13T13:58:20.477+0000] {logging_mixin.py:188} INFO - ✅ Refrigerators table refreshed successfully
[2026-02-13T13:58:20.479+0000] {processor.py:842} WARNING - No viable dags retrieved from /opt/airflow/dags/scripts/loaders/load_refrigerators.py
[2026-02-13T13:58:20.502+0000] {processor.py:183} INFO - Processing /opt/airflow/dags/scripts/loaders/load_refrigerators.py took 0.568 seconds
[2026-02-13T13:58:51.559+0000] {processor.py:161} INFO - Started process (PID=1805) to work on /opt/airflow/dags/scripts/loaders/load_refrigerators.py
[2026-02-13T13:58:51.565+0000] {processor.py:830} INFO - Processing file /opt/airflow/dags/scripts/loaders/load_refrigerators.py for tasks to queue
[2026-02-13T13:58:51.578+0000] {logging_mixin.py:188} INFO - [2026-02-13T13:58:51.575+0000] {dagbag.py:545} INFO - Filling up the DagBag from /opt/airflow/dags/scripts/loaders/load_refrigerators.py
[2026-02-13T13:58:52.244+0000] {logging_mixin.py:188} INFO - 🚀 Loading REFRIGERATORS data
[2026-02-13T13:58:52.544+0000] {logging_mixin.py:188} INFO - ✅ Refrigerators table refreshed successfully
[2026-02-13T13:58:52.548+0000] {processor.py:842} WARNING - No viable dags retrieved from /opt/airflow/dags/scripts/loaders/load_refrigerators.py
[2026-02-13T13:58:52.621+0000] {processor.py:183} INFO - Processing /opt/airflow/dags/scripts/loaders/load_refrigerators.py took 1.089 seconds
[2026-02-13T13:59:22.787+0000] {processor.py:161} INFO - Started process (PID=1830) to work on /opt/airflow/dags/scripts/loaders/load_refrigerators.py
[2026-02-13T13:59:22.790+0000] {processor.py:830} INFO - Processing file /opt/airflow/dags/scripts/loaders/load_refrigerators.py for tasks to queue
[2026-02-13T13:59:22.792+0000] {logging_mixin.py:188} INFO - [2026-02-13T13:59:22.792+0000] {dagbag.py:545} INFO - Filling up the DagBag from /opt/airflow/dags/scripts/loaders/load_refrigerators.py
[2026-02-13T13:59:23.205+0000] {logging_mixin.py:188} INFO - 🚀 Loading REFRIGERATORS data
[2026-02-13T13:59:23.360+0000] {logging_mixin.py:188} INFO - ✅ Refrigerators table refreshed successfully
[2026-02-13T13:59:23.362+0000] {processor.py:842} WARNING - No viable dags retrieved from /opt/airflow/dags/scripts/loaders/load_refrigerators.py
[2026-02-13T13:59:23.385+0000] {processor.py:183} INFO - Processing /opt/airflow/dags/scripts/loaders/load_refrigerators.py took 0.612 seconds
[2026-02-13T13:59:53.521+0000] {processor.py:161} INFO - Started process (PID=1857) to work on /opt/airflow/dags/scripts/loaders/load_refrigerators.py
[2026-02-13T13:59:53.523+0000] {processor.py:830} INFO - Processing file /opt/airflow/dags/scripts/loaders/load_refrigerators.py for tasks to queue
[2026-02-13T13:59:53.526+0000] {logging_mixin.py:188} INFO - [2026-02-13T13:59:53.526+0000] {dagbag.py:545} INFO - Filling up the DagBag from /opt/airflow/dags/scripts/loaders/load_refrigerators.py
[2026-02-13T13:59:54.100+0000] {logging_mixin.py:188} INFO - 🚀 Loading REFRIGERATORS data
[2026-02-13T13:59:54.393+0000] {logging_mixin.py:188} INFO - ✅ Refrigerators table refreshed successfully
[2026-02-13T13:59:54.395+0000] {processor.py:842} WARNING - No viable dags retrieved from /opt/airflow/dags/scripts/loaders/load_refrigerators.py
[2026-02-13T13:59:54.420+0000] {processor.py:183} INFO - Processing /opt/airflow/dags/scripts/loaders/load_refrigerators.py took 0.907 seconds
[2026-02-13T14:00:25.025+0000] {processor.py:161} INFO - Started process (PID=1886) to work on /opt/airflow/dags/scripts/loaders/load_refrigerators.py
[2026-02-13T14:00:25.028+0000] {processor.py:830} INFO - Processing file /opt/airflow/dags/scripts/loaders/load_refrigerators.py for tasks to queue
[2026-02-13T14:00:25.032+0000] {logging_mixin.py:188} INFO - [2026-02-13T14:00:25.032+0000] {dagbag.py:545} INFO - Filling up the DagBag from /opt/airflow/dags/scripts/loaders/load_refrigerators.py
[2026-02-13T14:00:25.542+0000] {logging_mixin.py:188} INFO - 🚀 Loading REFRIGERATORS data
[2026-02-13T14:00:25.899+0000] {logging_mixin.py:188} INFO - ✅ Refrigerators table refreshed successfully
[2026-02-13T14:00:25.900+0000] {processor.py:842} WARNING - No viable dags retrieved from /opt/airflow/dags/scripts/loaders/load_refrigerators.py
[2026-02-13T14:00:25.922+0000] {processor.py:183} INFO - Processing /opt/airflow/dags/scripts/loaders/load_refrigerators.py took 0.906 seconds
[2026-02-13T14:00:57.897+0000] {processor.py:161} INFO - Started process (PID=1920) to work on /opt/airflow/dags/scripts/loaders/load_refrigerators.py
[2026-02-13T14:00:57.900+0000] {processor.py:830} INFO - Processing file /opt/airflow/dags/scripts/loaders/load_refrigerators.py for tasks to queue
[2026-02-13T14:00:57.904+0000] {logging_mixin.py:188} INFO - [2026-02-13T14:00:57.903+0000] {dagbag.py:545} INFO - Filling up the DagBag from /opt/airflow/dags/scripts/loaders/load_refrigerators.py
[2026-02-13T14:00:58.300+0000] {logging_mixin.py:188} INFO - 🚀 Loading REFRIGERATORS data
[2026-02-13T14:00:58.899+0000] {logging_mixin.py:188} INFO - ✅ Refrigerators table refreshed successfully
[2026-02-13T14:00:58.901+0000] {processor.py:842} WARNING - No viable dags retrieved from /opt/airflow/dags/scripts/loaders/load_refrigerators.py
[2026-02-13T14:00:58.932+0000] {processor.py:183} INFO - Processing /opt/airflow/dags/scripts/loaders/load_refrigerators.py took 1.043 seconds
[2026-02-13T14:01:30.226+0000] {processor.py:161} INFO - Started process (PID=1932) to work on /opt/airflow/dags/scripts/loaders/load_refrigerators.py
[2026-02-13T14:01:30.232+0000] {processor.py:830} INFO - Processing file /opt/airflow/dags/scripts/loaders/load_refrigerators.py for tasks to queue
[2026-02-13T14:01:30.249+0000] {logging_mixin.py:188} INFO - [2026-02-13T14:01:30.247+0000] {dagbag.py:545} INFO - Filling up the DagBag from /opt/airflow/dags/scripts/loaders/load_refrigerators.py
[2026-02-13T14:01:38.501+0000] {logging_mixin.py:188} INFO - 🚀 Loading REFRIGERATORS data
[2026-02-13T14:01:38.656+0000] {logging_mixin.py:188} INFO - ✅ Refrigerators table refreshed successfully
[2026-02-13T14:01:38.657+0000] {processor.py:842} WARNING - No viable dags retrieved from /opt/airflow/dags/scripts/loaders/load_refrigerators.py
[2026-02-13T14:01:38.679+0000] {processor.py:183} INFO - Processing /opt/airflow/dags/scripts/loaders/load_refrigerators.py took 8.567 seconds
[2026-02-13T14:02:09.042+0000] {processor.py:161} INFO - Started process (PID=1961) to work on /opt/airflow/dags/scripts/loaders/load_refrigerators.py
[2026-02-13T14:02:09.043+0000] {processor.py:830} INFO - Processing file /opt/airflow/dags/scripts/loaders/load_refrigerators.py for tasks to queue
[2026-02-13T14:02:09.045+0000] {logging_mixin.py:188} INFO - [2026-02-13T14:02:09.045+0000] {dagbag.py:545} INFO - Filling up the DagBag from /opt/airflow/dags/scripts/loaders/load_refrigerators.py
[2026-02-13T14:02:09.476+0000] {logging_mixin.py:188} INFO - 🚀 Loading REFRIGERATORS data
[2026-02-13T14:02:09.640+0000] {logging_mixin.py:188} INFO - ✅ Refrigerators table refreshed successfully
[2026-02-13T14:02:09.641+0000] {processor.py:842} WARNING - No viable dags retrieved from /opt/airflow/dags/scripts/loaders/load_refrigerators.py
[2026-02-13T14:02:09.664+0000] {processor.py:183} INFO - Processing /opt/airflow/dags/scripts/loaders/load_refrigerators.py took 0.632 seconds
[2026-02-13T14:02:39.885+0000] {processor.py:161} INFO - Started process (PID=1990) to work on /opt/airflow/dags/scripts/loaders/load_refrigerators.py
[2026-02-13T14:02:39.887+0000] {processor.py:830} INFO - Processing file /opt/airflow/dags/scripts/loaders/load_refrigerators.py for tasks to queue
[2026-02-13T14:02:39.889+0000] {logging_mixin.py:188} INFO - [2026-02-13T14:02:39.889+0000] {dagbag.py:545} INFO - Filling up the DagBag from /opt/airflow/dags/scripts/loaders/load_refrigerators.py
[2026-02-13T14:02:40.254+0000] {logging_mixin.py:188} INFO - 🚀 Loading REFRIGERATORS data
[2026-02-13T14:02:40.388+0000] {logging_mixin.py:188} INFO - ✅ Refrigerators table refreshed successfully
[2026-02-13T14:02:40.390+0000] {processor.py:842} WARNING - No viable dags retrieved from /opt/airflow/dags/scripts/loaders/load_refrigerators.py
[2026-02-13T14:02:40.416+0000] {processor.py:183} INFO - Processing /opt/airflow/dags/scripts/loaders/load_refrigerators.py took 0.536 seconds
[2026-02-13T14:03:11.069+0000] {processor.py:161} INFO - Started process (PID=2019) to work on /opt/airflow/dags/scripts/loaders/load_refrigerators.py
[2026-02-13T14:03:11.071+0000] {processor.py:830} INFO - Processing file /opt/airflow/dags/scripts/loaders/load_refrigerators.py for tasks to queue
[2026-02-13T14:03:11.075+0000] {logging_mixin.py:188} INFO - [2026-02-13T14:03:11.074+0000] {dagbag.py:545} INFO - Filling up the DagBag from /opt/airflow/dags/scripts/loaders/load_refrigerators.py
[2026-02-13T14:03:11.510+0000] {logging_mixin.py:188} INFO - 🚀 Loading REFRIGERATORS data
[2026-02-13T14:03:11.941+0000] {logging_mixin.py:188} INFO - ✅ Refrigerators table refreshed successfully
[2026-02-13T14:03:11.943+0000] {processor.py:842} WARNING - No viable dags retrieved from /opt/airflow/dags/scripts/loaders/load_refrigerators.py
[2026-02-13T14:03:11.963+0000] {processor.py:183} INFO - Processing /opt/airflow/dags/scripts/loaders/load_refrigerators.py took 0.903 seconds
[2026-02-13T14:03:42.913+0000] {processor.py:161} INFO - Started process (PID=2048) to work on /opt/airflow/dags/scripts/loaders/load_refrigerators.py
[2026-02-13T14:03:42.915+0000] {processor.py:830} INFO - Processing file /opt/airflow/dags/scripts/loaders/load_refrigerators.py for tasks to queue
[2026-02-13T14:03:42.919+0000] {logging_mixin.py:188} INFO - [2026-02-13T14:03:42.919+0000] {dagbag.py:545} INFO - Filling up the DagBag from /opt/airflow/dags/scripts/loaders/load_refrigerators.py
[2026-02-13T14:03:43.357+0000] {logging_mixin.py:188} INFO - 🚀 Loading REFRIGERATORS data
[2026-02-13T14:03:43.840+0000] {logging_mixin.py:188} INFO - ✅ Refrigerators table refreshed successfully
[2026-02-13T14:03:43.841+0000] {processor.py:842} WARNING - No viable dags retrieved from /opt/airflow/dags/scripts/loaders/load_refrigerators.py
[2026-02-13T14:03:43.863+0000] {processor.py:183} INFO - Processing /opt/airflow/dags/scripts/loaders/load_refrigerators.py took 0.956 seconds
[2026-02-13T14:04:14.092+0000] {processor.py:161} INFO - Started process (PID=2077) to work on /opt/airflow/dags/scripts/loaders/load_refrigerators.py
[2026-02-13T14:04:14.094+0000] {processor.py:830} INFO - Processing file /opt/airflow/dags/scripts/loaders/load_refrigerators.py for tasks to queue
[2026-02-13T14:04:14.098+0000] {logging_mixin.py:188} INFO - [2026-02-13T14:04:14.097+0000] {dagbag.py:545} INFO - Filling up the DagBag from /opt/airflow/dags/scripts/loaders/load_refrigerators.py
[2026-02-13T14:04:14.528+0000] {logging_mixin.py:188} INFO - 🚀 Loading REFRIGERATORS data
[2026-02-13T14:04:14.972+0000] {logging_mixin.py:188} INFO - ✅ Refrigerators table refreshed successfully
[2026-02-13T14:04:14.973+0000] {processor.py:842} WARNING - No viable dags retrieved from /opt/airflow/dags/scripts/loaders/load_refrigerators.py
[2026-02-13T14:04:14.995+0000] {processor.py:183} INFO - Processing /opt/airflow/dags/scripts/loaders/load_refrigerators.py took 0.913 seconds
[2026-02-13T14:04:45.385+0000] {processor.py:161} INFO - Started process (PID=2106) to work on /opt/airflow/dags/scripts/loaders/load_refrigerators.py
[2026-02-13T14:04:45.387+0000] {processor.py:830} INFO - Processing file /opt/airflow/dags/scripts/loaders/load_refrigerators.py for tasks to queue
[2026-02-13T14:04:45.389+0000] {logging_mixin.py:188} INFO - [2026-02-13T14:04:45.389+0000] {dagbag.py:545} INFO - Filling up the DagBag from /opt/airflow/dags/scripts/loaders/load_refrigerators.py
[2026-02-13T14:04:45.785+0000] {logging_mixin.py:188} INFO - 🚀 Loading REFRIGERATORS data
[2026-02-13T14:04:45.921+0000] {logging_mixin.py:188} INFO - ✅ Refrigerators table refreshed successfully
[2026-02-13T14:04:45.922+0000] {processor.py:842} WARNING - No viable dags retrieved from /opt/airflow/dags/scripts/loaders/load_refrigerators.py
[2026-02-13T14:04:45.949+0000] {processor.py:183} INFO - Processing /opt/airflow/dags/scripts/loaders/load_refrigerators.py took 0.571 seconds
[2026-02-13T14:05:16.381+0000] {processor.py:161} INFO - Started process (PID=2135) to work on /opt/airflow/dags/scripts/loaders/load_refrigerators.py
[2026-02-13T14:05:16.385+0000] {processor.py:830} INFO - Processing file /opt/airflow/dags/scripts/loaders/load_refrigerators.py for tasks to queue
[2026-02-13T14:05:16.389+0000] {logging_mixin.py:188} INFO - [2026-02-13T14:05:16.389+0000] {dagbag.py:545} INFO - Filling up the DagBag from /opt/airflow/dags/scripts/loaders/load_refrigerators.py
[2026-02-13T14:05:16.814+0000] {logging_mixin.py:188} INFO - 🚀 Loading REFRIGERATORS data
[2026-02-13T14:05:16.987+0000] {logging_mixin.py:188} INFO - ✅ Refrigerators table refreshed successfully
[2026-02-13T14:05:16.988+0000] {processor.py:842} WARNING - No viable dags retrieved from /opt/airflow/dags/scripts/loaders/load_refrigerators.py
[2026-02-13T14:05:17.024+0000] {processor.py:183} INFO - Processing /opt/airflow/dags/scripts/loaders/load_refrigerators.py took 0.655 seconds
[2026-02-13T14:05:47.203+0000] {processor.py:161} INFO - Started process (PID=2161) to work on /opt/airflow/dags/scripts/loaders/load_refrigerators.py
[2026-02-13T14:05:47.205+0000] {processor.py:830} INFO - Processing file /opt/airflow/dags/scripts/loaders/load_refrigerators.py for tasks to queue
[2026-02-13T14:05:47.210+0000] {logging_mixin.py:188} INFO - [2026-02-13T14:05:47.209+0000] {dagbag.py:545} INFO - Filling up the DagBag from /opt/airflow/dags/scripts/loaders/load_refrigerators.py
[2026-02-13T14:05:47.530+0000] {logging_mixin.py:188} INFO - 🚀 Loading REFRIGERATORS data
[2026-02-13T14:05:47.630+0000] {logging_mixin.py:188} INFO - ✅ Refrigerators table refreshed successfully
[2026-02-13T14:05:47.631+0000] {processor.py:842} WARNING - No viable dags retrieved from /opt/airflow/dags/scripts/loaders/load_refrigerators.py
[2026-02-13T14:05:47.648+0000] {processor.py:183} INFO - Processing /opt/airflow/dags/scripts/loaders/load_refrigerators.py took 0.456 seconds
[2026-02-13T14:06:18.143+0000] {processor.py:161} INFO - Started process (PID=2190) to work on /opt/airflow/dags/scripts/loaders/load_refrigerators.py
[2026-02-13T14:06:18.146+0000] {processor.py:830} INFO - Processing file /opt/airflow/dags/scripts/loaders/load_refrigerators.py for tasks to queue
[2026-02-13T14:06:18.151+0000] {logging_mixin.py:188} INFO - [2026-02-13T14:06:18.150+0000] {dagbag.py:545} INFO - Filling up the DagBag from /opt/airflow/dags/scripts/loaders/load_refrigerators.py
[2026-02-13T14:06:18.697+0000] {logging_mixin.py:188} INFO - 🚀 Loading REFRIGERATORS data
[2026-02-13T14:06:19.042+0000] {logging_mixin.py:188} INFO - ✅ Refrigerators table refreshed successfully
[2026-02-13T14:06:19.043+0000] {processor.py:842} WARNING - No viable dags retrieved from /opt/airflow/dags/scripts/loaders/load_refrigerators.py
[2026-02-13T14:06:19.060+0000] {processor.py:183} INFO - Processing /opt/airflow/dags/scripts/loaders/load_refrigerators.py took 0.933 seconds
[2026-02-13T14:06:49.646+0000] {processor.py:161} INFO - Started process (PID=2219) to work on /opt/airflow/dags/scripts/loaders/load_refrigerators.py
[2026-02-13T14:06:49.649+0000] {processor.py:830} INFO - Processing file /opt/airflow/dags/scripts/loaders/load_refrigerators.py for tasks to queue
[2026-02-13T14:06:49.656+0000] {logging_mixin.py:188} INFO - [2026-02-13T14:06:49.655+0000] {dagbag.py:545} INFO - Filling up the DagBag from /opt/airflow/dags/scripts/loaders/load_refrigerators.py
[2026-02-13T14:06:50.174+0000] {logging_mixin.py:188} INFO - 🚀 Loading REFRIGERATORS data
[2026-02-13T14:06:50.626+0000] {logging_mixin.py:188} INFO - ✅ Refrigerators table refreshed successfully
[2026-02-13T14:06:50.628+0000] {processor.py:842} WARNING - No viable dags retrieved from /opt/airflow/dags/scripts/loaders/load_refrigerators.py
[2026-02-13T14:06:50.663+0000] {processor.py:183} INFO - Processing /opt/airflow/dags/scripts/loaders/load_refrigerators.py took 1.026 seconds
[2026-02-13T14:07:21.501+0000] {processor.py:161} INFO - Started process (PID=2253) to work on /opt/airflow/dags/scripts/loaders/load_refrigerators.py
[2026-02-13T14:07:21.502+0000] {processor.py:830} INFO - Processing file /opt/airflow/dags/scripts/loaders/load_refrigerators.py for tasks to queue
[2026-02-13T14:07:21.506+0000] {logging_mixin.py:188} INFO - [2026-02-13T14:07:21.505+0000] {dagbag.py:545} INFO - Filling up the DagBag from /opt/airflow/dags/scripts/loaders/load_refrigerators.py
[2026-02-13T14:07:21.947+0000] {logging_mixin.py:188} INFO - 🚀 Loading REFRIGERATORS data
[2026-02-13T14:07:22.322+0000] {logging_mixin.py:188} INFO - ✅ Refrigerators table refreshed successfully
[2026-02-13T14:07:22.324+0000] {processor.py:842} WARNING - No viable dags retrieved from /opt/airflow/dags/scripts/loaders/load_refrigerators.py
[2026-02-13T14:07:22.361+0000] {processor.py:183} INFO - Processing /opt/airflow/dags/scripts/loaders/load_refrigerators.py took 0.868 seconds
[2026-02-13T14:07:52.577+0000] {processor.py:161} INFO - Started process (PID=2282) to work on /opt/airflow/dags/scripts/loaders/load_refrigerators.py
[2026-02-13T14:07:52.581+0000] {processor.py:830} INFO - Processing file /opt/airflow/dags/scripts/loaders/load_refrigerators.py for tasks to queue
[2026-02-13T14:07:52.584+0000] {logging_mixin.py:188} INFO - [2026-02-13T14:07:52.583+0000] {dagbag.py:545} INFO - Filling up the DagBag from /opt/airflow/dags/scripts/loaders/load_refrigerators.py
[2026-02-13T14:07:53.011+0000] {logging_mixin.py:188} INFO - 🚀 Loading REFRIGERATORS data
[2026-02-13T14:07:53.154+0000] {logging_mixin.py:188} INFO - ✅ Refrigerators table refreshed successfully
[2026-02-13T14:07:53.156+0000] {processor.py:842} WARNING - No viable dags retrieved from /opt/airflow/dags/scripts/loaders/load_refrigerators.py
[2026-02-13T14:07:53.189+0000] {processor.py:183} INFO - Processing /opt/airflow/dags/scripts/loaders/load_refrigerators.py took 0.622 seconds
[2026-02-13T14:08:23.432+0000] {processor.py:161} INFO - Started process (PID=2311) to work on /opt/airflow/dags/scripts/loaders/load_refrigerators.py
[2026-02-13T14:08:23.433+0000] {processor.py:830} INFO - Processing file /opt/airflow/dags/scripts/loaders/load_refrigerators.py for tasks to queue
[2026-02-13T14:08:23.436+0000] {logging_mixin.py:188} INFO - [2026-02-13T14:08:23.436+0000] {dagbag.py:545} INFO - Filling up the DagBag from /opt/airflow/dags/scripts/loaders/load_refrigerators.py
[2026-02-13T14:08:23.887+0000] {logging_mixin.py:188} INFO - 🚀 Loading REFRIGERATORS data
[2026-02-13T14:08:24.047+0000] {logging_mixin.py:188} INFO - ✅ Refrigerators table refreshed successfully
[2026-02-13T14:08:24.048+0000] {processor.py:842} WARNING - No viable dags retrieved from /opt/airflow/dags/scripts/loaders/load_refrigerators.py
[2026-02-13T14:08:24.069+0000] {processor.py:183} INFO - Processing /opt/airflow/dags/scripts/loaders/load_refrigerators.py took 0.646 seconds
[2026-02-13T14:08:54.459+0000] {processor.py:161} INFO - Started process (PID=2340) to work on /opt/airflow/dags/scripts/loaders/load_refrigerators.py
[2026-02-13T14:08:54.461+0000] {processor.py:830} INFO - Processing file /opt/airflow/dags/scripts/loaders/load_refrigerators.py for tasks to queue
[2026-02-13T14:08:54.465+0000] {logging_mixin.py:188} INFO - [2026-02-13T14:08:54.464+0000] {dagbag.py:545} INFO - Filling up the DagBag from /opt/airflow/dags/scripts/loaders/load_refrigerators.py
[2026-02-13T14:08:54.888+0000] {logging_mixin.py:188} INFO - 🚀 Loading REFRIGERATORS data
[2026-02-13T14:08:55.011+0000] {logging_mixin.py:188} INFO - ✅ Refrigerators table refreshed successfully
[2026-02-13T14:08:55.012+0000] {processor.py:842} WARNING - No viable dags retrieved from /opt/airflow/dags/scripts/loaders/load_refrigerators.py
[2026-02-13T14:08:55.031+0000] {processor.py:183} INFO - Processing /opt/airflow/dags/scripts/loaders/load_refrigerators.py took 0.582 seconds
[2026-02-13T14:09:25.498+0000] {processor.py:161} INFO - Started process (PID=2364) to work on /opt/airflow/dags/scripts/loaders/load_refrigerators.py
[2026-02-13T14:09:25.500+0000] {processor.py:830} INFO - Processing file /opt/airflow/dags/scripts/loaders/load_refrigerators.py for tasks to queue
[2026-02-13T14:09:25.504+0000] {logging_mixin.py:188} INFO - [2026-02-13T14:09:25.503+0000] {dagbag.py:545} INFO - Filling up the DagBag from /opt/airflow/dags/scripts/loaders/load_refrigerators.py
[2026-02-13T14:09:25.973+0000] {logging_mixin.py:188} INFO - 🚀 Loading REFRIGERATORS data
[2026-02-13T14:09:26.300+0000] {logging_mixin.py:188} INFO - ✅ Refrigerators table refreshed successfully
[2026-02-13T14:09:26.301+0000] {processor.py:842} WARNING - No viable dags retrieved from /opt/airflow/dags/scripts/loaders/load_refrigerators.py
[2026-02-13T14:09:26.317+0000] {processor.py:183} INFO - Processing /opt/airflow/dags/scripts/loaders/load_refrigerators.py took 0.827 seconds
[2026-02-13T14:09:56.663+0000] {processor.py:161} INFO - Started process (PID=2398) to work on /opt/airflow/dags/scripts/loaders/load_refrigerators.py
[2026-02-13T14:09:56.665+0000] {processor.py:830} INFO - Processing file /opt/airflow/dags/scripts/loaders/load_refrigerators.py for tasks to queue
[2026-02-13T14:09:56.668+0000] {logging_mixin.py:188} INFO - [2026-02-13T14:09:56.668+0000] {dagbag.py:545} INFO - Filling up the DagBag from /opt/airflow/dags/scripts/loaders/load_refrigerators.py
[2026-02-13T14:09:57.115+0000] {logging_mixin.py:188} INFO - 🚀 Loading REFRIGERATORS data
[2026-02-13T14:09:57.500+0000] {logging_mixin.py:188} INFO - ✅ Refrigerators table refreshed successfully
[2026-02-13T14:09:57.502+0000] {processor.py:842} WARNING - No viable dags retrieved from /opt/airflow/dags/scripts/loaders/load_refrigerators.py
[2026-02-13T14:09:57.522+0000] {processor.py:183} INFO - Processing /opt/airflow/dags/scripts/loaders/load_refrigerators.py took 0.869 seconds
[2026-02-13T14:10:27.445+0000] {processor.py:161} INFO - Started process (PID=2427) to work on /opt/airflow/dags/scripts/loaders/load_refrigerators.py
[2026-02-13T14:10:27.448+0000] {processor.py:830} INFO - Processing file /opt/airflow/dags/scripts/loaders/load_refrigerators.py for tasks to queue
[2026-02-13T14:10:27.454+0000] {logging_mixin.py:188} INFO - [2026-02-13T14:10:27.454+0000] {dagbag.py:545} INFO - Filling up the DagBag from /opt/airflow/dags/scripts/loaders/load_refrigerators.py
[2026-02-13T14:10:29.157+0000] {logging_mixin.py:188} INFO - 🚀 Loading REFRIGERATORS data
[2026-02-13T14:10:29.577+0000] {logging_mixin.py:188} INFO - ✅ Refrigerators table refreshed successfully
[2026-02-13T14:10:29.578+0000] {processor.py:842} WARNING - No viable dags retrieved from /opt/airflow/dags/scripts/loaders/load_refrigerators.py
[2026-02-13T14:10:29.597+0000] {processor.py:183} INFO - Processing /opt/airflow/dags/scripts/loaders/load_refrigerators.py took 0.907 seconds
[2026-02-13T14:11:00.900+0000] {processor.py:161} INFO - Started process (PID=2459) to work on /opt/airflow/dags/scripts/loaders/load_refrigerators.py
[2026-02-13T14:11:00.903+0000] {processor.py:830} INFO - Processing file /opt/airflow/dags/scripts/loaders/load_refrigerators.py for tasks to queue
[2026-02-13T14:11:00.907+0000] {logging_mixin.py:188} INFO - [2026-02-13T14:11:00.907+0000] {dagbag.py:545} INFO - Filling up the DagBag from /opt/airflow/dags/scripts/loaders/load_refrigerators.py
[2026-02-13T14:11:01.721+0000] {logging_mixin.py:188} INFO - 🚀 Loading REFRIGERATORS data
[2026-02-13T14:11:01.891+0000] {logging_mixin.py:188} INFO - ✅ Refrigerators table refreshed successfully
[2026-02-13T14:11:01.893+0000] {processor.py:842} WARNING - No viable dags retrieved from /opt/airflow/dags/scripts/loaders/load_refrigerators.py
[2026-02-13T14:11:01.925+0000] {processor.py:183} INFO - Processing /opt/airflow/dags/scripts/loaders/load_refrigerators.py took 1.034 seconds
[2026-02-13T14:11:33.570+0000] {processor.py:161} INFO - Started process (PID=2488) to work on /opt/airflow/dags/scripts/loaders/load_refrigerators.py
[2026-02-13T14:11:33.572+0000] {processor.py:830} INFO - Processing file /opt/airflow/dags/scripts/loaders/load_refrigerators.py for tasks to queue
[2026-02-13T14:11:33.577+0000] {logging_mixin.py:188} INFO - [2026-02-13T14:11:33.576+0000] {dagbag.py:545} INFO - Filling up the DagBag from /opt/airflow/dags/scripts/loaders/load_refrigerators.py
[2026-02-13T14:11:34.501+0000] {logging_mixin.py:188} INFO - 🚀 Loading REFRIGERATORS data
[2026-02-13T14:11:34.696+0000] {logging_mixin.py:188} INFO - ✅ Refrigerators table refreshed successfully
[2026-02-13T14:11:34.697+0000] {processor.py:842} WARNING - No viable dags retrieved from /opt/airflow/dags/scripts/loaders/load_refrigerators.py
[2026-02-13T14:11:34.728+0000] {processor.py:183} INFO - Processing /opt/airflow/dags/scripts/loaders/load_refrigerators.py took 1.177 seconds
[2026-02-13T14:12:05.610+0000] {processor.py:161} INFO - Started process (PID=2517) to work on /opt/airflow/dags/scripts/loaders/load_refrigerators.py
[2026-02-13T14:12:05.615+0000] {processor.py:830} INFO - Processing file /opt/airflow/dags/scripts/loaders/load_refrigerators.py for tasks to queue
[2026-02-13T14:12:05.621+0000] {logging_mixin.py:188} INFO - [2026-02-13T14:12:05.619+0000] {dagbag.py:545} INFO - Filling up the DagBag from /opt/airflow/dags/scripts/loaders/load_refrigerators.py
[2026-02-13T14:12:07.963+0000] {logging_mixin.py:188} INFO - 🚀 Loading REFRIGERATORS data
[2026-02-13T14:12:08.696+0000] {logging_mixin.py:188} INFO - ✅ Refrigerators table refreshed successfully
[2026-02-13T14:12:08.700+0000] {processor.py:842} WARNING - No viable dags retrieved from /opt/airflow/dags/scripts/loaders/load_refrigerators.py
[2026-02-13T14:12:08.764+0000] {processor.py:183} INFO - Processing /opt/airflow/dags/scripts/loaders/load_refrigerators.py took 3.174 seconds
[2026-02-13T14:12:41.138+0000] {processor.py:161} INFO - Started process (PID=2546) to work on /opt/airflow/dags/scripts/loaders/load_refrigerators.py
[2026-02-13T14:12:41.145+0000] {processor.py:830} INFO - Processing file /opt/airflow/dags/scripts/loaders/load_refrigerators.py for tasks to queue
[2026-02-13T14:12:41.153+0000] {logging_mixin.py:188} INFO - [2026-02-13T14:12:41.152+0000] {dagbag.py:545} INFO - Filling up the DagBag from /opt/airflow/dags/scripts/loaders/load_refrigerators.py
[2026-02-13T14:13:00.515+0000] {logging_mixin.py:188} INFO - 🚀 Loading REFRIGERATORS data
[2026-02-13T14:13:18.389+0000] {logging_mixin.py:188} INFO - [2026-02-13T14:13:18.378+0000] {timeout.py:68} ERROR - Process timed out, PID: 2546
[2026-02-13T14:13:18.403+0000] {logging_mixin.py:188} WARNING - Exception ignored in: <function WeakKeyDictionary.__init__.<locals>.remove at 0x750f4552a7a0>
[2026-02-13T14:13:18.406+0000] {logging_mixin.py:188} WARNING - Traceback (most recent call last):
[2026-02-13T14:13:18.409+0000] {logging_mixin.py:188} WARNING -   File "/usr/local/lib/python3.12/weakref.py", line 369, in remove
[2026-02-13T14:13:18.430+0000] {logging_mixin.py:188} WARNING -     def remove(k, selfref=ref(self)):
[2026-02-13T14:13:18.434+0000] {logging_mixin.py:188} WARNING -   File "/home/airflow/.local/lib/python3.12/site-packages/airflow/utils/timeout.py", line 69, in handle_timeout
[2026-02-13T14:13:18.449+0000] {logging_mixin.py:188} WARNING -     raise AirflowTaskTimeout(self.error_message)
[2026-02-13T14:13:18.452+0000] {logging_mixin.py:188} WARNING - airflow.exceptions.AirflowTaskTimeout: DagBag import timeout for /opt/airflow/dags/scripts/loaders/load_refrigerators.py after 30.0s.
Please take a look at these docs to improve your DAG import time:
* https://airflow.apache.org/docs/apache-airflow/2.9.3/best-practices.html#top-level-python-code
* https://airflow.apache.org/docs/apache-airflow/2.9.3/best-practices.html#reducing-dag-complexity, PID: 2546
[2026-02-13T14:13:18.647+0000] {logging_mixin.py:188} INFO - ✅ Refrigerators table refreshed successfully
[2026-02-13T14:13:18.651+0000] {processor.py:842} WARNING - No viable dags retrieved from /opt/airflow/dags/scripts/loaders/load_refrigerators.py
[2026-02-13T14:13:18.845+0000] {processor.py:183} INFO - Processing /opt/airflow/dags/scripts/loaders/load_refrigerators.py took 37.326 seconds
[2026-02-13T14:13:49.508+0000] {processor.py:161} INFO - Started process (PID=2572) to work on /opt/airflow/dags/scripts/loaders/load_refrigerators.py
[2026-02-13T14:13:49.511+0000] {processor.py:830} INFO - Processing file /opt/airflow/dags/scripts/loaders/load_refrigerators.py for tasks to queue
[2026-02-13T14:13:49.519+0000] {logging_mixin.py:188} INFO - [2026-02-13T14:13:49.518+0000] {dagbag.py:545} INFO - Filling up the DagBag from /opt/airflow/dags/scripts/loaders/load_refrigerators.py
[2026-02-13T14:13:50.466+0000] {logging_mixin.py:188} INFO - 🚀 Loading REFRIGERATORS data
[2026-02-13T14:13:51.246+0000] {logging_mixin.py:188} INFO - ✅ Refrigerators table refreshed successfully
[2026-02-13T14:13:51.248+0000] {processor.py:842} WARNING - No viable dags retrieved from /opt/airflow/dags/scripts/loaders/load_refrigerators.py
[2026-02-13T14:13:51.290+0000] {processor.py:183} INFO - Processing /opt/airflow/dags/scripts/loaders/load_refrigerators.py took 1.820 seconds
[2026-02-13T14:14:21.900+0000] {processor.py:161} INFO - Started process (PID=2604) to work on /opt/airflow/dags/scripts/loaders/load_refrigerators.py
[2026-02-13T14:14:21.911+0000] {processor.py:830} INFO - Processing file /opt/airflow/dags/scripts/loaders/load_refrigerators.py for tasks to queue
[2026-02-13T14:14:21.918+0000] {logging_mixin.py:188} INFO - [2026-02-13T14:14:21.917+0000] {dagbag.py:545} INFO - Filling up the DagBag from /opt/airflow/dags/scripts/loaders/load_refrigerators.py
[2026-02-13T14:14:22.625+0000] {logging_mixin.py:188} INFO - 🚀 Loading REFRIGERATORS data
[2026-02-13T14:14:22.869+0000] {logging_mixin.py:188} INFO - ✅ Refrigerators table refreshed successfully
[2026-02-13T14:14:22.871+0000] {processor.py:842} WARNING - No viable dags retrieved from /opt/airflow/dags/scripts/loaders/load_refrigerators.py
[2026-02-13T14:14:22.911+0000] {processor.py:183} INFO - Processing /opt/airflow/dags/scripts/loaders/load_refrigerators.py took 1.025 seconds
[2026-02-13T14:14:54.794+0000] {processor.py:161} INFO - Started process (PID=2631) to work on /opt/airflow/dags/scripts/loaders/load_refrigerators.py
[2026-02-13T14:14:54.815+0000] {processor.py:830} INFO - Processing file /opt/airflow/dags/scripts/loaders/load_refrigerators.py for tasks to queue
[2026-02-13T14:14:54.868+0000] {logging_mixin.py:188} INFO - [2026-02-13T14:14:54.858+0000] {dagbag.py:545} INFO - Filling up the DagBag from /opt/airflow/dags/scripts/loaders/load_refrigerators.py
[2026-02-13T14:15:00.420+0000] {logging_mixin.py:188} INFO - 🚀 Loading REFRIGERATORS data
[2026-02-13T14:15:01.458+0000] {logging_mixin.py:188} INFO - ✅ Refrigerators table refreshed successfully
[2026-02-13T14:15:01.464+0000] {processor.py:842} WARNING - No viable dags retrieved from /opt/airflow/dags/scripts/loaders/load_refrigerators.py
[2026-02-13T14:15:01.611+0000] {processor.py:183} INFO - Processing /opt/airflow/dags/scripts/loaders/load_refrigerators.py took 7.031 seconds
[2026-02-13T14:15:31.978+0000] {processor.py:161} INFO - Started process (PID=2659) to work on /opt/airflow/dags/scripts/loaders/load_refrigerators.py
[2026-02-13T14:15:31.986+0000] {processor.py:830} INFO - Processing file /opt/airflow/dags/scripts/loaders/load_refrigerators.py for tasks to queue
[2026-02-13T14:15:31.995+0000] {logging_mixin.py:188} INFO - [2026-02-13T14:15:31.993+0000] {dagbag.py:545} INFO - Filling up the DagBag from /opt/airflow/dags/scripts/loaders/load_refrigerators.py
[2026-02-13T14:15:33.063+0000] {logging_mixin.py:188} INFO - 🚀 Loading REFRIGERATORS data
[2026-02-13T14:15:33.401+0000] {logging_mixin.py:188} INFO - ✅ Refrigerators table refreshed successfully
[2026-02-13T14:15:33.403+0000] {processor.py:842} WARNING - No viable dags retrieved from /opt/airflow/dags/scripts/loaders/load_refrigerators.py
[2026-02-13T14:15:33.455+0000] {processor.py:183} INFO - Processing /opt/airflow/dags/scripts/loaders/load_refrigerators.py took 1.515 seconds
[2026-02-13T14:16:03.989+0000] {processor.py:161} INFO - Started process (PID=2688) to work on /opt/airflow/dags/scripts/loaders/load_refrigerators.py
[2026-02-13T14:16:03.993+0000] {processor.py:830} INFO - Processing file /opt/airflow/dags/scripts/loaders/load_refrigerators.py for tasks to queue
[2026-02-13T14:16:03.998+0000] {logging_mixin.py:188} INFO - [2026-02-13T14:16:03.997+0000] {dagbag.py:545} INFO - Filling up the DagBag from /opt/airflow/dags/scripts/loaders/load_refrigerators.py
[2026-02-13T14:16:04.577+0000] {logging_mixin.py:188} INFO - 🚀 Loading REFRIGERATORS data
[2026-02-13T14:16:05.162+0000] {logging_mixin.py:188} INFO - ✅ Refrigerators table refreshed successfully
[2026-02-13T14:16:05.164+0000] {processor.py:842} WARNING - No viable dags retrieved from /opt/airflow/dags/scripts/loaders/load_refrigerators.py
[2026-02-13T14:16:05.211+0000] {processor.py:183} INFO - Processing /opt/airflow/dags/scripts/loaders/load_refrigerators.py took 1.234 seconds
[2026-02-13T14:16:36.230+0000] {processor.py:161} INFO - Started process (PID=2717) to work on /opt/airflow/dags/scripts/loaders/load_refrigerators.py
[2026-02-13T14:16:36.241+0000] {processor.py:830} INFO - Processing file /opt/airflow/dags/scripts/loaders/load_refrigerators.py for tasks to queue
[2026-02-13T14:16:36.246+0000] {logging_mixin.py:188} INFO - [2026-02-13T14:16:36.245+0000] {dagbag.py:545} INFO - Filling up the DagBag from /opt/airflow/dags/scripts/loaders/load_refrigerators.py
[2026-02-13T14:16:36.693+0000] {logging_mixin.py:188} INFO - 🚀 Loading REFRIGERATORS data
[2026-02-13T14:16:37.174+0000] {logging_mixin.py:188} INFO - ✅ Refrigerators table refreshed successfully
[2026-02-13T14:16:37.176+0000] {processor.py:842} WARNING - No viable dags retrieved from /opt/airflow/dags/scripts/loaders/load_refrigerators.py
[2026-02-13T14:16:37.216+0000] {processor.py:183} INFO - Processing /opt/airflow/dags/scripts/loaders/load_refrigerators.py took 0.995 seconds
[2026-02-13T14:17:07.899+0000] {processor.py:161} INFO - Started process (PID=2746) to work on /opt/airflow/dags/scripts/loaders/load_refrigerators.py
[2026-02-13T14:17:07.903+0000] {processor.py:830} INFO - Processing file /opt/airflow/dags/scripts/loaders/load_refrigerators.py for tasks to queue
[2026-02-13T14:17:07.907+0000] {logging_mixin.py:188} INFO - [2026-02-13T14:17:07.906+0000] {dagbag.py:545} INFO - Filling up the DagBag from /opt/airflow/dags/scripts/loaders/load_refrigerators.py
[2026-02-13T14:17:08.381+0000] {logging_mixin.py:188} INFO - 🚀 Loading REFRIGERATORS data
[2026-02-13T14:17:08.601+0000] {logging_mixin.py:188} INFO - ✅ Refrigerators table refreshed successfully
[2026-02-13T14:17:08.603+0000] {processor.py:842} WARNING - No viable dags retrieved from /opt/airflow/dags/scripts/loaders/load_refrigerators.py
[2026-02-13T14:17:08.620+0000] {processor.py:183} INFO - Processing /opt/airflow/dags/scripts/loaders/load_refrigerators.py took 0.729 seconds
[2026-02-13T14:17:39.327+0000] {processor.py:161} INFO - Started process (PID=2775) to work on /opt/airflow/dags/scripts/loaders/load_refrigerators.py
[2026-02-13T14:17:39.329+0000] {processor.py:830} INFO - Processing file /opt/airflow/dags/scripts/loaders/load_refrigerators.py for tasks to queue
[2026-02-13T14:17:39.333+0000] {logging_mixin.py:188} INFO - [2026-02-13T14:17:39.332+0000] {dagbag.py:545} INFO - Filling up the DagBag from /opt/airflow/dags/scripts/loaders/load_refrigerators.py
[2026-02-13T14:17:39.815+0000] {logging_mixin.py:188} INFO - 🚀 Loading REFRIGERATORS data
[2026-02-13T14:17:40.016+0000] {logging_mixin.py:188} INFO - ✅ Refrigerators table refreshed successfully
[2026-02-13T14:17:40.017+0000] {processor.py:842} WARNING - No viable dags retrieved from /opt/airflow/dags/scripts/loaders/load_refrigerators.py
[2026-02-13T14:17:40.039+0000] {processor.py:183} INFO - Processing /opt/airflow/dags/scripts/loaders/load_refrigerators.py took 0.722 seconds
[2026-02-13T14:18:10.724+0000] {processor.py:161} INFO - Started process (PID=2804) to work on /opt/airflow/dags/scripts/loaders/load_refrigerators.py
[2026-02-13T14:18:10.727+0000] {processor.py:830} INFO - Processing file /opt/airflow/dags/scripts/loaders/load_refrigerators.py for tasks to queue
[2026-02-13T14:18:10.731+0000] {logging_mixin.py:188} INFO - [2026-02-13T14:18:10.730+0000] {dagbag.py:545} INFO - Filling up the DagBag from /opt/airflow/dags/scripts/loaders/load_refrigerators.py
[2026-02-13T14:18:11.267+0000] {logging_mixin.py:188} INFO - 🚀 Loading REFRIGERATORS data
[2026-02-13T14:18:11.502+0000] {logging_mixin.py:188} INFO - ✅ Refrigerators table refreshed successfully
[2026-02-13T14:18:11.503+0000] {processor.py:842} WARNING - No viable dags retrieved from /opt/airflow/dags/scripts/loaders/load_refrigerators.py
[2026-02-13T14:18:11.542+0000] {processor.py:183} INFO - Processing /opt/airflow/dags/scripts/loaders/load_refrigerators.py took 0.835 seconds
[2026-02-13T14:18:42.224+0000] {processor.py:161} INFO - Started process (PID=2833) to work on /opt/airflow/dags/scripts/loaders/load_refrigerators.py
[2026-02-13T14:18:42.226+0000] {processor.py:830} INFO - Processing file /opt/airflow/dags/scripts/loaders/load_refrigerators.py for tasks to queue
[2026-02-13T14:18:42.230+0000] {logging_mixin.py:188} INFO - [2026-02-13T14:18:42.229+0000] {dagbag.py:545} INFO - Filling up the DagBag from /opt/airflow/dags/scripts/loaders/load_refrigerators.py
[2026-02-13T14:18:42.689+0000] {logging_mixin.py:188} INFO - 🚀 Loading REFRIGERATORS data
[2026-02-13T14:18:43.158+0000] {logging_mixin.py:188} INFO - ✅ Refrigerators table refreshed successfully
[2026-02-13T14:18:43.159+0000] {processor.py:842} WARNING - No viable dags retrieved from /opt/airflow/dags/scripts/loaders/load_refrigerators.py
[2026-02-13T14:18:43.190+0000] {processor.py:183} INFO - Processing /opt/airflow/dags/scripts/loaders/load_refrigerators.py took 0.975 seconds
[2026-02-13T14:19:18.176+0000] {processor.py:161} INFO - Started process (PID=2862) to work on /opt/airflow/dags/scripts/loaders/load_refrigerators.py
[2026-02-13T14:19:18.200+0000] {processor.py:830} INFO - Processing file /opt/airflow/dags/scripts/loaders/load_refrigerators.py for tasks to queue
[2026-02-13T14:19:18.272+0000] {logging_mixin.py:188} INFO - [2026-02-13T14:19:18.257+0000] {dagbag.py:545} INFO - Filling up the DagBag from /opt/airflow/dags/scripts/loaders/load_refrigerators.py
[2026-02-13T14:19:28.640+0000] {logging_mixin.py:188} INFO - 🚀 Loading REFRIGERATORS data
[2026-02-13T14:19:42.628+0000] {logging_mixin.py:188} INFO - ✅ Refrigerators table refreshed successfully
[2026-02-13T14:19:42.631+0000] {processor.py:842} WARNING - No viable dags retrieved from /opt/airflow/dags/scripts/loaders/load_refrigerators.py
[2026-02-13T14:19:42.699+0000] {processor.py:183} INFO - Processing /opt/airflow/dags/scripts/loaders/load_refrigerators.py took 22.156 seconds
[2026-02-13T14:20:26.839+0000] {processor.py:161} INFO - Started process (PID=2893) to work on /opt/airflow/dags/scripts/loaders/load_refrigerators.py
[2026-02-13T14:20:26.940+0000] {processor.py:830} INFO - Processing file /opt/airflow/dags/scripts/loaders/load_refrigerators.py for tasks to queue
[2026-02-13T14:20:27.160+0000] {logging_mixin.py:188} INFO - [2026-02-13T14:20:27.121+0000] {dagbag.py:545} INFO - Filling up the DagBag from /opt/airflow/dags/scripts/loaders/load_refrigerators.py
[2026-02-13T14:20:34.436+0000] {logging_mixin.py:188} INFO - 🚀 Loading REFRIGERATORS data
[2026-02-13T14:20:46.523+0000] {logging_mixin.py:188} INFO - ✅ Refrigerators table refreshed successfully
[2026-02-13T14:20:46.532+0000] {processor.py:842} WARNING - No viable dags retrieved from /opt/airflow/dags/scripts/loaders/load_refrigerators.py
[2026-02-13T14:20:46.728+0000] {processor.py:183} INFO - Processing /opt/airflow/dags/scripts/loaders/load_refrigerators.py took 18.273 seconds
[2026-02-13T14:36:07.708+0000] {processor.py:161} INFO - Started process (PID=192) to work on /opt/airflow/dags/scripts/loaders/load_refrigerators.py
[2026-02-13T14:36:07.710+0000] {processor.py:830} INFO - Processing file /opt/airflow/dags/scripts/loaders/load_refrigerators.py for tasks to queue
[2026-02-13T14:36:07.716+0000] {logging_mixin.py:188} INFO - [2026-02-13T14:36:07.715+0000] {dagbag.py:545} INFO - Filling up the DagBag from /opt/airflow/dags/scripts/loaders/load_refrigerators.py
[2026-02-13T14:36:08.626+0000] {logging_mixin.py:188} INFO - 🚀 Loading REFRIGERATORS data
[2026-02-13T14:36:08.934+0000] {logging_mixin.py:188} INFO - [2026-02-13T14:36:08.849+0000] {dagbag.py:355} ERROR - Failed to import: /opt/airflow/dags/scripts/loaders/load_refrigerators.py
Traceback (most recent call last):
  File "/home/airflow/.local/lib/python3.12/site-packages/sqlalchemy/engine/base.py", line 1910, in _execute_context
    self.dialect.do_execute(
  File "/home/airflow/.local/lib/python3.12/site-packages/sqlalchemy/engine/default.py", line 736, in do_execute
    cursor.execute(statement, parameters)
psycopg2.errors.UniqueViolation: duplicate key value violates unique constraint "refrigerators_pkey"
DETAIL:  Key (product_id)=(215017) already exists.


The above exception was the direct cause of the following exception:

Traceback (most recent call last):
  File "/home/airflow/.local/lib/python3.12/site-packages/airflow/models/dagbag.py", line 351, in parse
    loader.exec_module(new_module)
  File "<frozen importlib._bootstrap_external>", line 995, in exec_module
  File "<frozen importlib._bootstrap>", line 488, in _call_with_frames_removed
  File "/opt/airflow/dags/scripts/loaders/load_refrigerators.py", line 38, in <module>
    df.to_sql(
  File "/home/airflow/.local/lib/python3.12/site-packages/pandas/util/_decorators.py", line 333, in wrapper
    return func(*args, **kwargs)
           ^^^^^^^^^^^^^^^^^^^^^
  File "/home/airflow/.local/lib/python3.12/site-packages/pandas/core/generic.py", line 3008, in to_sql
    return sql.to_sql(
           ^^^^^^^^^^^
  File "/home/airflow/.local/lib/python3.12/site-packages/pandas/io/sql.py", line 788, in to_sql
    return pandas_sql.to_sql(
           ^^^^^^^^^^^^^^^^^^
  File "/home/airflow/.local/lib/python3.12/site-packages/pandas/io/sql.py", line 1958, in to_sql
    total_inserted = sql_engine.insert_records(
                     ^^^^^^^^^^^^^^^^^^^^^^^^^^
  File "/home/airflow/.local/lib/python3.12/site-packages/pandas/io/sql.py", line 1507, in insert_records
    raise err
  File "/home/airflow/.local/lib/python3.12/site-packages/pandas/io/sql.py", line 1498, in insert_records
    return table.insert(chunksize=chunksize, method=method)
           ^^^^^^^^^^^^^^^^^^^^^^^^^^^^^^^^^^^^^^^^^^^^^^^^
  File "/home/airflow/.local/lib/python3.12/site-packages/pandas/io/sql.py", line 1059, in insert
    num_inserted = exec_insert(conn, keys, chunk_iter)
                   ^^^^^^^^^^^^^^^^^^^^^^^^^^^^^^^^^^^
  File "/home/airflow/.local/lib/python3.12/site-packages/pandas/io/sql.py", line 967, in _execute_insert_multi
    result = conn.execute(stmt)
             ^^^^^^^^^^^^^^^^^^
  File "/home/airflow/.local/lib/python3.12/site-packages/sqlalchemy/engine/base.py", line 1385, in execute
    return meth(self, multiparams, params, _EMPTY_EXECUTION_OPTS)
           ^^^^^^^^^^^^^^^^^^^^^^^^^^^^^^^^^^^^^^^^^^^^^^^^^^^^^^
  File "/home/airflow/.local/lib/python3.12/site-packages/sqlalchemy/sql/elements.py", line 334, in _execute_on_connection
    return connection._execute_clauseelement(
           ^^^^^^^^^^^^^^^^^^^^^^^^^^^^^^^^^^
  File "/home/airflow/.local/lib/python3.12/site-packages/sqlalchemy/engine/base.py", line 1577, in _execute_clauseelement
    ret = self._execute_context(
          ^^^^^^^^^^^^^^^^^^^^^^
  File "/home/airflow/.local/lib/python3.12/site-packages/sqlalchemy/engine/base.py", line 1953, in _execute_context
    self._handle_dbapi_exception(
  File "/home/airflow/.local/lib/python3.12/site-packages/sqlalchemy/engine/base.py", line 2134, in _handle_dbapi_exception
    util.raise_(
  File "/home/airflow/.local/lib/python3.12/site-packages/sqlalchemy/util/compat.py", line 211, in raise_
    raise exception
  File "/home/airflow/.local/lib/python3.12/site-packages/sqlalchemy/engine/base.py", line 1910, in _execute_context
    self.dialect.do_execute(
  File "/home/airflow/.local/lib/python3.12/site-packages/sqlalchemy/engine/default.py", line 736, in do_execute
    cursor.execute(statement, parameters)
sqlalchemy.exc.IntegrityError: (psycopg2.errors.UniqueViolation) duplicate key value violates unique constraint "refrigerators_pkey"
DETAIL:  Key (product_id)=(215017) already exists.

[SQL: INSERT INTO refrigerators (scrape_timestamp, product_id, brand, price, mrp, availability, product_url, image_url, rating, discount, main_category, sub_category, capacity_litres, star_rating, model_name, category) VALUES (%(scrape_timestamp_m0)s, %(product_id_m0)s, %(brand_m0)s, %(price_m0)s, %(mrp_m0)s, %(availability_m0)s, %(product_url_m0)s, %(image_url_m0)s, %(rating_m0)s, %(discount_m0)s, %(main_category_m0)s, %(sub_category_m0)s, %(capacity_litres_m0)s, %(star_rating_m0)s, %(model_name_m0)s, %(category_m0)s), (%(scrape_timestamp_m1)s, %(product_id_m1)s, %(brand_m1)s, %(price_m1)s, %(mrp_m1)s, %(availability_m1)s, %(product_url_m1)s, %(image_url_m1)s, %(rating_m1)s, %(discount_m1)s, %(main_category_m1)s, %(sub_category_m1)s, %(capacity_litres_m1)s, %(star_rating_m1)s, %(model_name_m1)s, %(category_m1)s), (%(scrape_timestamp_m2)s, %(product_id_m2)s, %(brand_m2)s, %(price_m2)s, %(mrp_m2)s, %(availability_m2)s, %(product_url_m2)s, %(image_url_m2)s, %(rating_m2)s, %(discount_m2)s, %(main_category_m2)s, %(sub_category_m2)s, %(capacity_litres_m2)s, %(star_rating_m2)s, %(model_name_m2)s, %(category_m2)s), (%(scrape_timestamp_m3)s, %(product_id_m3)s, %(brand_m3)s, %(price_m3)s, %(mrp_m3)s, %(availability_m3)s, %(product_url_m3)s, %(image_url_m3)s, %(rating_m3)s, %(discount_m3)s, %(main_category_m3)s, %(sub_category_m3)s, %(capacity_litres_m3)s, %(star_rating_m3)s, %(model_name_m3)s, %(category_m3)s), (%(scrape_timestamp_m4)s, %(product_id_m4)s, %(brand_m4)s, %(price_m4)s, %(mrp_m4)s, %(availability_m4)s, %(product_url_m4)s, %(image_url_m4)s, %(rating_m4)s, %(discount_m4)s, %(main_category_m4)s, %(sub_category_m4)s, %(capacity_litres_m4)s, %(star_rating_m4)s, %(model_name_m4)s, %(category_m4)s), (%(scrape_timestamp_m5)s, %(product_id_m5)s, %(brand_m5)s, %(price_m5)s, %(mrp_m5)s, %(availability_m5)s, %(product_url_m5)s, %(image_url_m5)s, %(rating_m5)s, %(discount_m5)s, %(main_category_m5)s, %(sub_category_m5)s, %(capacity_litres_m5)s, %(star_rating_m5)s, %(model_name_m5)s, %(category_m5)s), (%(scrape_timestamp_m6)s, %(product_id_m6)s, %(brand_m6)s, %(price_m6)s, %(mrp_m6)s, %(availability_m6)s, %(product_url_m6)s, %(image_url_m6)s, %(rating_m6)s, %(discount_m6)s, %(main_category_m6)s, %(sub_category_m6)s, %(capacity_litres_m6)s, %(star_rating_m6)s, %(model_name_m6)s, %(category_m6)s), (%(scrape_timestamp_m7)s, %(product_id_m7)s, %(brand_m7)s, %(price_m7)s, %(mrp_m7)s, %(availability_m7)s, %(product_url_m7)s, %(image_url_m7)s, %(rating_m7)s, %(discount_m7)s, %(main_category_m7)s, %(sub_category_m7)s, %(capacity_litres_m7)s, %(star_rating_m7)s, %(model_name_m7)s, %(category_m7)s), (%(scrape_timestamp_m8)s, %(product_id_m8)s, %(brand_m8)s, %(price_m8)s, %(mrp_m8)s, %(availability_m8)s, %(product_url_m8)s, %(image_url_m8)s, %(rating_m8)s, %(discount_m8)s, %(main_category_m8)s, %(sub_category_m8)s, %(capacity_litres_m8)s, %(star_rating_m8)s, %(model_name_m8)s, %(category_m8)s), (%(scrape_timestamp_m9)s, %(product_id_m9)s, %(brand_m9)s, %(price_m9)s, %(mrp_m9)s, %(availability_m9)s, %(product_url_m9)s, %(image_url_m9)s, %(rating_m9)s, %(discount_m9)s, %(main_category_m9)s, %(sub_category_m9)s, %(capacity_litres_m9)s, %(star_rating_m9)s, %(model_name_m9)s, %(category_m9)s), (%(scrape_timestamp_m10)s, %(product_id_m10)s, %(brand_m10)s, %(price_m10)s, %(mrp_m10)s, %(availability_m10)s, %(product_url_m10)s, %(image_url_m10)s, %(rating_m10)s, %(discount_m10)s, %(main_category_m10)s, %(sub_category_m10)s, %(capacity_litres_m10)s, %(star_rating_m10)s, %(model_name_m10)s, %(category_m10)s), (%(scrape_timestamp_m11)s, %(product_id_m11)s, %(brand_m11)s, %(price_m11)s, %(mrp_m11)s, %(availability_m11)s, %(product_url_m11)s, %(image_url_m11)s, %(rating_m11)s, %(discount_m11)s, %(main_category_m11)s, %(sub_category_m11)s, %(capacity_litres_m11)s, %(star_rating_m11)s, %(model_name_m11)s, %(category_m11)s), (%(scrape_timestamp_m12)s, %(product_id_m12)s, %(brand_m12)s, %(price_m12)s, %(mrp_m12)s, %(availability_m12)s, %(product_url_m12)s, %(image_url_m12)s, %(rating_m12)s, %(discount_m12)s, %(main_category_m12)s, %(sub_category_m12)s, %(capacity_litres_m12)s, %(star_rating_m12)s, %(model_name_m12)s, %(category_m12)s), (%(scrape_timestamp_m13)s, %(product_id_m13)s, %(brand_m13)s, %(price_m13)s, %(mrp_m13)s, %(availability_m13)s, %(product_url_m13)s, %(image_url_m13)s, %(rating_m13)s, %(discount_m13)s, %(main_category_m13)s, %(sub_category_m13)s, %(capacity_litres_m13)s, %(star_rating_m13)s, %(model_name_m13)s, %(category_m13)s), (%(scrape_timestamp_m14)s, %(product_id_m14)s, %(brand_m14)s, %(price_m14)s, %(mrp_m14)s, %(availability_m14)s, %(product_url_m14)s, %(image_url_m14)s, %(rating_m14)s, %(discount_m14)s, %(main_category_m14)s, %(sub_category_m14)s, %(capacity_litres_m14)s, %(star_rating_m14)s, %(model_name_m14)s, %(category_m14)s), (%(scrape_timestamp_m15)s, %(product_id_m15)s, %(brand_m15)s, %(price_m15)s, %(mrp_m15)s, %(availability_m15)s, %(product_url_m15)s, %(image_url_m15)s, %(rating_m15)s, %(discount_m15)s, %(main_category_m15)s, %(sub_category_m15)s, %(capacity_litres_m15)s, %(star_rating_m15)s, %(model_name_m15)s, %(category_m15)s), (%(scrape_timestamp_m16)s, %(product_id_m16)s, %(brand_m16)s, %(price_m16)s, %(mrp_m16)s, %(availability_m16)s, %(product_url_m16)s, %(image_url_m16)s, %(rating_m16)s, %(discount_m16)s, %(main_category_m16)s, %(sub_category_m16)s, %(capacity_litres_m16)s, %(star_rating_m16)s, %(model_name_m16)s, %(category_m16)s), (%(scrape_timestamp_m17)s, %(product_id_m17)s, %(brand_m17)s, %(price_m17)s, %(mrp_m17)s, %(availability_m17)s, %(product_url_m17)s, %(image_url_m17)s, %(rating_m17)s, %(discount_m17)s, %(main_category_m17)s, %(sub_category_m17)s, %(capacity_litres_m17)s, %(star_rating_m17)s, %(model_name_m17)s, %(category_m17)s), (%(scrape_timestamp_m18)s, %(product_id_m18)s, %(brand_m18)s, %(price_m18)s, %(mrp_m18)s, %(availability_m18)s, %(product_url_m18)s, %(image_url_m18)s, %(rating_m18)s, %(discount_m18)s, %(main_category_m18)s, %(sub_category_m18)s, %(capacity_litres_m18)s, %(star_rating_m18)s, %(model_name_m18)s, %(category_m18)s), (%(scrape_timestamp_m19)s, %(product_id_m19)s, %(brand_m19)s, %(price_m19)s, %(mrp_m19)s, %(availability_m19)s, %(product_url_m19)s, %(image_url_m19)s, %(rating_m19)s, %(discount_m19)s, %(main_category_m19)s, %(sub_category_m19)s, %(capacity_litres_m19)s, %(star_rating_m19)s, %(model_name_m19)s, %(category_m19)s), (%(scrape_timestamp_m20)s, %(product_id_m20)s, %(brand_m20)s, %(price_m20)s, %(mrp_m20)s, %(availability_m20)s, %(product_url_m20)s, %(image_url_m20)s, %(rating_m20)s, %(discount_m20)s, %(main_category_m20)s, %(sub_category_m20)s, %(capacity_litres_m20)s, %(star_rating_m20)s, %(model_name_m20)s, %(category_m20)s), (%(scrape_timestamp_m21)s, %(product_id_m21)s, %(brand_m21)s, %(price_m21)s, %(mrp_m21)s, %(availability_m21)s, %(product_url_m21)s, %(image_url_m21)s, %(rating_m21)s, %(discount_m21)s, %(main_category_m21)s, %(sub_category_m21)s, %(capacity_litres_m21)s, %(star_rating_m21)s, %(model_name_m21)s, %(category_m21)s), (%(scrape_timestamp_m22)s, %(product_id_m22)s, %(brand_m22)s, %(price_m22)s, %(mrp_m22)s, %(availability_m22)s, %(product_url_m22)s, %(image_url_m22)s, %(rating_m22)s, %(discount_m22)s, %(main_category_m22)s, %(sub_category_m22)s, %(capacity_litres_m22)s, %(star_rating_m22)s, %(model_name_m22)s, %(category_m22)s), (%(scrape_timestamp_m23)s, %(product_id_m23)s, %(brand_m23)s, %(price_m23)s, %(mrp_m23)s, %(availability_m23)s, %(product_url_m23)s, %(image_url_m23)s, %(rating_m23)s, %(discount_m23)s, %(main_category_m23)s, %(sub_category_m23)s, %(capacity_litres_m23)s, %(star_rating_m23)s, %(model_name_m23)s, %(category_m23)s), (%(scrape_timestamp_m24)s, %(product_id_m24)s, %(brand_m24)s, %(price_m24)s, %(mrp_m24)s, %(availability_m24)s, %(product_url_m24)s, %(image_url_m24)s, %(rating_m24)s, %(discount_m24)s, %(main_category_m24)s, %(sub_category_m24)s, %(capacity_litres_m24)s, %(star_rating_m24)s, %(model_name_m24)s, %(category_m24)s), (%(scrape_timestamp_m25)s, %(product_id_m25)s, %(brand_m25)s, %(price_m25)s, %(mrp_m25)s, %(availability_m25)s, %(product_url_m25)s, %(image_url_m25)s, %(rating_m25)s, %(discount_m25)s, %(main_category_m25)s, %(sub_category_m25)s, %(capacity_litres_m25)s, %(star_rating_m25)s, %(model_name_m25)s, %(category_m25)s), (%(scrape_timestamp_m26)s, %(product_id_m26)s, %(brand_m26)s, %(price_m26)s, %(mrp_m26)s, %(availability_m26)s, %(product_url_m26)s, %(image_url_m26)s, %(rating_m26)s, %(discount_m26)s, %(main_category_m26)s, %(sub_category_m26)s, %(capacity_litres_m26)s, %(star_rating_m26)s, %(model_name_m26)s, %(category_m26)s), (%(scrape_timestamp_m27)s, %(product_id_m27)s, %(brand_m27)s, %(price_m27)s, %(mrp_m27)s, %(availability_m27)s, %(product_url_m27)s, %(image_url_m27)s, %(rating_m27)s, %(discount_m27)s, %(main_category_m27)s, %(sub_category_m27)s, %(capacity_litres_m27)s, %(star_rating_m27)s, %(model_name_m27)s, %(category_m27)s), (%(scrape_timestamp_m28)s, %(product_id_m28)s, %(brand_m28)s, %(price_m28)s, %(mrp_m28)s, %(availability_m28)s, %(product_url_m28)s, %(image_url_m28)s, %(rating_m28)s, %(discount_m28)s, %(main_category_m28)s, %(sub_category_m28)s, %(capacity_litres_m28)s, %(star_rating_m28)s, %(model_name_m28)s, %(category_m28)s), (%(scrape_timestamp_m29)s, %(product_id_m29)s, %(brand_m29)s, %(price_m29)s, %(mrp_m29)s, %(availability_m29)s, %(product_url_m29)s, %(image_url_m29)s, %(rating_m29)s, %(discount_m29)s, %(main_category_m29)s, %(sub_category_m29)s, %(capacity_litres_m29)s, %(star_rating_m29)s, %(model_name_m29)s, %(category_m29)s), (%(scrape_timestamp_m30)s, %(product_id_m30)s, %(brand_m30)s, %(price_m30)s, %(mrp_m30)s, %(availability_m30)s, %(product_url_m30)s, %(image_url_m30)s, %(rating_m30)s, %(discount_m30)s, %(main_category_m30)s, %(sub_category_m30)s, %(capacity_litres_m30)s, %(star_rating_m30)s, %(model_name_m30)s, %(category_m30)s), (%(scrape_timestamp_m31)s, %(product_id_m31)s, %(brand_m31)s, %(price_m31)s, %(mrp_m31)s, %(availability_m31)s, %(product_url_m31)s, %(image_url_m31)s, %(rating_m31)s, %(discount_m31)s, %(main_category_m31)s, %(sub_category_m31)s, %(capacity_litres_m31)s, %(star_rating_m31)s, %(model_name_m31)s, %(category_m31)s), (%(scrape_timestamp_m32)s, %(product_id_m32)s, %(brand_m32)s, %(price_m32)s, %(mrp_m32)s, %(availability_m32)s, %(product_url_m32)s, %(image_url_m32)s, %(rating_m32)s, %(discount_m32)s, %(main_category_m32)s, %(sub_category_m32)s, %(capacity_litres_m32)s, %(star_rating_m32)s, %(model_name_m32)s, %(category_m32)s), (%(scrape_timestamp_m33)s, %(product_id_m33)s, %(brand_m33)s, %(price_m33)s, %(mrp_m33)s, %(availability_m33)s, %(product_url_m33)s, %(image_url_m33)s, %(rating_m33)s, %(discount_m33)s, %(main_category_m33)s, %(sub_category_m33)s, %(capacity_litres_m33)s, %(star_rating_m33)s, %(model_name_m33)s, %(category_m33)s), (%(scrape_timestamp_m34)s, %(product_id_m34)s, %(brand_m34)s, %(price_m34)s, %(mrp_m34)s, %(availability_m34)s, %(product_url_m34)s, %(image_url_m34)s, %(rating_m34)s, %(discount_m34)s, %(main_category_m34)s, %(sub_category_m34)s, %(capacity_litres_m34)s, %(star_rating_m34)s, %(model_name_m34)s, %(category_m34)s), (%(scrape_timestamp_m35)s, %(product_id_m35)s, %(brand_m35)s, %(price_m35)s, %(mrp_m35)s, %(availability_m35)s, %(product_url_m35)s, %(image_url_m35)s, %(rating_m35)s, %(discount_m35)s, %(main_category_m35)s, %(sub_category_m35)s, %(capacity_litres_m35)s, %(star_rating_m35)s, %(model_name_m35)s, %(category_m35)s), (%(scrape_timestamp_m36)s, %(product_id_m36)s, %(brand_m36)s, %(price_m36)s, %(mrp_m36)s, %(availability_m36)s, %(product_url_m36)s, %(image_url_m36)s, %(rating_m36)s, %(discount_m36)s, %(main_category_m36)s, %(sub_category_m36)s, %(capacity_litres_m36)s, %(star_rating_m36)s, %(model_name_m36)s, %(category_m36)s), (%(scrape_timestamp_m37)s, %(product_id_m37)s, %(brand_m37)s, %(price_m37)s, %(mrp_m37)s, %(availability_m37)s, %(product_url_m37)s, %(image_url_m37)s, %(rating_m37)s, %(discount_m37)s, %(main_category_m37)s, %(sub_category_m37)s, %(capacity_litres_m37)s, %(star_rating_m37)s, %(model_name_m37)s, %(category_m37)s), (%(scrape_timestamp_m38)s, %(product_id_m38)s, %(brand_m38)s, %(price_m38)s, %(mrp_m38)s, %(availability_m38)s, %(product_url_m38)s, %(image_url_m38)s, %(rating_m38)s, %(discount_m38)s, %(main_category_m38)s, %(sub_category_m38)s, %(capacity_litres_m38)s, %(star_rating_m38)s, %(model_name_m38)s, %(category_m38)s), (%(scrape_timestamp_m39)s, %(product_id_m39)s, %(brand_m39)s, %(price_m39)s, %(mrp_m39)s, %(availability_m39)s, %(product_url_m39)s, %(image_url_m39)s, %(rating_m39)s, %(discount_m39)s, %(main_category_m39)s, %(sub_category_m39)s, %(capacity_litres_m39)s, %(star_rating_m39)s, %(model_name_m39)s, %(category_m39)s), (%(scrape_timestamp_m40)s, %(product_id_m40)s, %(brand_m40)s, %(price_m40)s, %(mrp_m40)s, %(availability_m40)s, %(product_url_m40)s, %(image_url_m40)s, %(rating_m40)s, %(discount_m40)s, %(main_category_m40)s, %(sub_category_m40)s, %(capacity_litres_m40)s, %(star_rating_m40)s, %(model_name_m40)s, %(category_m40)s), (%(scrape_timestamp_m41)s, %(product_id_m41)s, %(brand_m41)s, %(price_m41)s, %(mrp_m41)s, %(availability_m41)s, %(product_url_m41)s, %(image_url_m41)s, %(rating_m41)s, %(discount_m41)s, %(main_category_m41)s, %(sub_category_m41)s, %(capacity_litres_m41)s, %(star_rating_m41)s, %(model_name_m41)s, %(category_m41)s), (%(scrape_timestamp_m42)s, %(product_id_m42)s, %(brand_m42)s, %(price_m42)s, %(mrp_m42)s, %(availability_m42)s, %(product_url_m42)s, %(image_url_m42)s, %(rating_m42)s, %(discount_m42)s, %(main_category_m42)s, %(sub_category_m42)s, %(capacity_litres_m42)s, %(star_rating_m42)s, %(model_name_m42)s, %(category_m42)s), (%(scrape_timestamp_m43)s, %(product_id_m43)s, %(brand_m43)s, %(price_m43)s, %(mrp_m43)s, %(availability_m43)s, %(product_url_m43)s, %(image_url_m43)s, %(rating_m43)s, %(discount_m43)s, %(main_category_m43)s, %(sub_category_m43)s, %(capacity_litres_m43)s, %(star_rating_m43)s, %(model_name_m43)s, %(category_m43)s), (%(scrape_timestamp_m44)s, %(product_id_m44)s, %(brand_m44)s, %(price_m44)s, %(mrp_m44)s, %(availability_m44)s, %(product_url_m44)s, %(image_url_m44)s, %(rating_m44)s, %(discount_m44)s, %(main_category_m44)s, %(sub_category_m44)s, %(capacity_litres_m44)s, %(star_rating_m44)s, %(model_name_m44)s, %(category_m44)s), (%(scrape_timestamp_m45)s, %(product_id_m45)s, %(brand_m45)s, %(price_m45)s, %(mrp_m45)s, %(availability_m45)s, %(product_url_m45)s, %(image_url_m45)s, %(rating_m45)s, %(discount_m45)s, %(main_category_m45)s, %(sub_category_m45)s, %(capacity_litres_m45)s, %(star_rating_m45)s, %(model_name_m45)s, %(category_m45)s), (%(scrape_timestamp_m46)s, %(product_id_m46)s, %(brand_m46)s, %(price_m46)s, %(mrp_m46)s, %(availability_m46)s, %(product_url_m46)s, %(image_url_m46)s, %(rating_m46)s, %(discount_m46)s, %(main_category_m46)s, %(sub_category_m46)s, %(capacity_litres_m46)s, %(star_rating_m46)s, %(model_name_m46)s, %(category_m46)s), (%(scrape_timestamp_m47)s, %(product_id_m47)s, %(brand_m47)s, %(price_m47)s, %(mrp_m47)s, %(availability_m47)s, %(product_url_m47)s, %(image_url_m47)s, %(rating_m47)s, %(discount_m47)s, %(main_category_m47)s, %(sub_category_m47)s, %(capacity_litres_m47)s, %(star_rating_m47)s, %(model_name_m47)s, %(category_m47)s), (%(scrape_timestamp_m48)s, %(product_id_m48)s, %(brand_m48)s, %(price_m48)s, %(mrp_m48)s, %(availability_m48)s, %(product_url_m48)s, %(image_url_m48)s, %(rating_m48)s, %(discount_m48)s, %(main_category_m48)s, %(sub_category_m48)s, %(capacity_litres_m48)s, %(star_rating_m48)s, %(model_name_m48)s, %(category_m48)s), (%(scrape_timestamp_m49)s, %(product_id_m49)s, %(brand_m49)s, %(price_m49)s, %(mrp_m49)s, %(availability_m49)s, %(product_url_m49)s, %(image_url_m49)s, %(rating_m49)s, %(discount_m49)s, %(main_category_m49)s, %(sub_category_m49)s, %(capacity_litres_m49)s, %(star_rating_m49)s, %(model_name_m49)s, %(category_m49)s), (%(scrape_timestamp_m50)s, %(product_id_m50)s, %(brand_m50)s, %(price_m50)s, %(mrp_m50)s, %(availability_m50)s, %(product_url_m50)s, %(image_url_m50)s, %(rating_m50)s, %(discount_m50)s, %(main_category_m50)s, %(sub_category_m50)s, %(capacity_litres_m50)s, %(star_rating_m50)s, %(model_name_m50)s, %(category_m50)s), (%(scrape_timestamp_m51)s, %(product_id_m51)s, %(brand_m51)s, %(price_m51)s, %(mrp_m51)s, %(availability_m51)s, %(product_url_m51)s, %(image_url_m51)s, %(rating_m51)s, %(discount_m51)s, %(main_category_m51)s, %(sub_category_m51)s, %(capacity_litres_m51)s, %(star_rating_m51)s, %(model_name_m51)s, %(category_m51)s), (%(scrape_timestamp_m52)s, %(product_id_m52)s, %(brand_m52)s, %(price_m52)s, %(mrp_m52)s, %(availability_m52)s, %(product_url_m52)s, %(image_url_m52)s, %(rating_m52)s, %(discount_m52)s, %(main_category_m52)s, %(sub_category_m52)s, %(capacity_litres_m52)s, %(star_rating_m52)s, %(model_name_m52)s, %(category_m52)s), (%(scrape_timestamp_m53)s, %(product_id_m53)s, %(brand_m53)s, %(price_m53)s, %(mrp_m53)s, %(availability_m53)s, %(product_url_m53)s, %(image_url_m53)s, %(rating_m53)s, %(discount_m53)s, %(main_category_m53)s, %(sub_category_m53)s, %(capacity_litres_m53)s, %(star_rating_m53)s, %(model_name_m53)s, %(category_m53)s), (%(scrape_timestamp_m54)s, %(product_id_m54)s, %(brand_m54)s, %(price_m54)s, %(mrp_m54)s, %(availability_m54)s, %(product_url_m54)s, %(image_url_m54)s, %(rating_m54)s, %(discount_m54)s, %(main_category_m54)s, %(sub_category_m54)s, %(capacity_litres_m54)s, %(star_rating_m54)s, %(model_name_m54)s, %(category_m54)s), (%(scrape_timestamp_m55)s, %(product_id_m55)s, %(brand_m55)s, %(price_m55)s, %(mrp_m55)s, %(availability_m55)s, %(product_url_m55)s, %(image_url_m55)s, %(rating_m55)s, %(discount_m55)s, %(main_category_m55)s, %(sub_category_m55)s, %(capacity_litres_m55)s, %(star_rating_m55)s, %(model_name_m55)s, %(category_m55)s), (%(scrape_timestamp_m56)s, %(product_id_m56)s, %(brand_m56)s, %(price_m56)s, %(mrp_m56)s, %(availability_m56)s, %(product_url_m56)s, %(image_url_m56)s, %(rating_m56)s, %(discount_m56)s, %(main_category_m56)s, %(sub_category_m56)s, %(capacity_litres_m56)s, %(star_rating_m56)s, %(model_name_m56)s, %(category_m56)s), (%(scrape_timestamp_m57)s, %(product_id_m57)s, %(brand_m57)s, %(price_m57)s, %(mrp_m57)s, %(availability_m57)s, %(product_url_m57)s, %(image_url_m57)s, %(rating_m57)s, %(discount_m57)s, %(main_category_m57)s, %(sub_category_m57)s, %(capacity_litres_m57)s, %(star_rating_m57)s, %(model_name_m57)s, %(category_m57)s), (%(scrape_timestamp_m58)s, %(product_id_m58)s, %(brand_m58)s, %(price_m58)s, %(mrp_m58)s, %(availability_m58)s, %(product_url_m58)s, %(image_url_m58)s, %(rating_m58)s, %(discount_m58)s, %(main_category_m58)s, %(sub_category_m58)s, %(capacity_litres_m58)s, %(star_rating_m58)s, %(model_name_m58)s, %(category_m58)s), (%(scrape_timestamp_m59)s, %(product_id_m59)s, %(brand_m59)s, %(price_m59)s, %(mrp_m59)s, %(availability_m59)s, %(product_url_m59)s, %(image_url_m59)s, %(rating_m59)s, %(discount_m59)s, %(main_category_m59)s, %(sub_category_m59)s, %(capacity_litres_m59)s, %(star_rating_m59)s, %(model_name_m59)s, %(category_m59)s), (%(scrape_timestamp_m60)s, %(product_id_m60)s, %(brand_m60)s, %(price_m60)s, %(mrp_m60)s, %(availability_m60)s, %(product_url_m60)s, %(image_url_m60)s, %(rating_m60)s, %(discount_m60)s, %(main_category_m60)s, %(sub_category_m60)s, %(capacity_litres_m60)s, %(star_rating_m60)s, %(model_name_m60)s, %(category_m60)s), (%(scrape_timestamp_m61)s, %(product_id_m61)s, %(brand_m61)s, %(price_m61)s, %(mrp_m61)s, %(availability_m61)s, %(product_url_m61)s, %(image_url_m61)s, %(rating_m61)s, %(discount_m61)s, %(main_category_m61)s, %(sub_category_m61)s, %(capacity_litres_m61)s, %(star_rating_m61)s, %(model_name_m61)s, %(category_m61)s), (%(scrape_timestamp_m62)s, %(product_id_m62)s, %(brand_m62)s, %(price_m62)s, %(mrp_m62)s, %(availability_m62)s, %(product_url_m62)s, %(image_url_m62)s, %(rating_m62)s, %(discount_m62)s, %(main_category_m62)s, %(sub_category_m62)s, %(capacity_litres_m62)s, %(star_rating_m62)s, %(model_name_m62)s, %(category_m62)s), (%(scrape_timestamp_m63)s, %(product_id_m63)s, %(brand_m63)s, %(price_m63)s, %(mrp_m63)s, %(availability_m63)s, %(product_url_m63)s, %(image_url_m63)s, %(rating_m63)s, %(discount_m63)s, %(main_category_m63)s, %(sub_category_m63)s, %(capacity_litres_m63)s, %(star_rating_m63)s, %(model_name_m63)s, %(category_m63)s), (%(scrape_timestamp_m64)s, %(product_id_m64)s, %(brand_m64)s, %(price_m64)s, %(mrp_m64)s, %(availability_m64)s, %(product_url_m64)s, %(image_url_m64)s, %(rating_m64)s, %(discount_m64)s, %(main_category_m64)s, %(sub_category_m64)s, %(capacity_litres_m64)s, %(star_rating_m64)s, %(model_name_m64)s, %(category_m64)s), (%(scrape_timestamp_m65)s, %(product_id_m65)s, %(brand_m65)s, %(price_m65)s, %(mrp_m65)s, %(availability_m65)s, %(product_url_m65)s, %(image_url_m65)s, %(rating_m65)s, %(discount_m65)s, %(main_category_m65)s, %(sub_category_m65)s, %(capacity_litres_m65)s, %(star_rating_m65)s, %(model_name_m65)s, %(category_m65)s), (%(scrape_timestamp_m66)s, %(product_id_m66)s, %(brand_m66)s, %(price_m66)s, %(mrp_m66)s, %(availability_m66)s, %(product_url_m66)s, %(image_url_m66)s, %(rating_m66)s, %(discount_m66)s, %(main_category_m66)s, %(sub_category_m66)s, %(capacity_litres_m66)s, %(star_rating_m66)s, %(model_name_m66)s, %(category_m66)s), (%(scrape_timestamp_m67)s, %(product_id_m67)s, %(brand_m67)s, %(price_m67)s, %(mrp_m67)s, %(availability_m67)s, %(product_url_m67)s, %(image_url_m67)s, %(rating_m67)s, %(discount_m67)s, %(main_category_m67)s, %(sub_category_m67)s, %(capacity_litres_m67)s, %(star_rating_m67)s, %(model_name_m67)s, %(category_m67)s), (%(scrape_timestamp_m68)s, %(product_id_m68)s, %(brand_m68)s, %(price_m68)s, %(mrp_m68)s, %(availability_m68)s, %(product_url_m68)s, %(image_url_m68)s, %(rating_m68)s, %(discount_m68)s, %(main_category_m68)s, %(sub_category_m68)s, %(capacity_litres_m68)s, %(star_rating_m68)s, %(model_name_m68)s, %(category_m68)s), (%(scrape_timestamp_m69)s, %(product_id_m69)s, %(brand_m69)s, %(price_m69)s, %(mrp_m69)s, %(availability_m69)s, %(product_url_m69)s, %(image_url_m69)s, %(rating_m69)s, %(discount_m69)s, %(main_category_m69)s, %(sub_category_m69)s, %(capacity_litres_m69)s, %(star_rating_m69)s, %(model_name_m69)s, %(category_m69)s), (%(scrape_timestamp_m70)s, %(product_id_m70)s, %(brand_m70)s, %(price_m70)s, %(mrp_m70)s, %(availability_m70)s, %(product_url_m70)s, %(image_url_m70)s, %(rating_m70)s, %(discount_m70)s, %(main_category_m70)s, %(sub_category_m70)s, %(capacity_litres_m70)s, %(star_rating_m70)s, %(model_name_m70)s, %(category_m70)s), (%(scrape_timestamp_m71)s, %(product_id_m71)s, %(brand_m71)s, %(price_m71)s, %(mrp_m71)s, %(availability_m71)s, %(product_url_m71)s, %(image_url_m71)s, %(rating_m71)s, %(discount_m71)s, %(main_category_m71)s, %(sub_category_m71)s, %(capacity_litres_m71)s, %(star_rating_m71)s, %(model_name_m71)s, %(category_m71)s), (%(scrape_timestamp_m72)s, %(product_id_m72)s, %(brand_m72)s, %(price_m72)s, %(mrp_m72)s, %(availability_m72)s, %(product_url_m72)s, %(image_url_m72)s, %(rating_m72)s, %(discount_m72)s, %(main_category_m72)s, %(sub_category_m72)s, %(capacity_litres_m72)s, %(star_rating_m72)s, %(model_name_m72)s, %(category_m72)s), (%(scrape_timestamp_m73)s, %(product_id_m73)s, %(brand_m73)s, %(price_m73)s, %(mrp_m73)s, %(availability_m73)s, %(product_url_m73)s, %(image_url_m73)s, %(rating_m73)s, %(discount_m73)s, %(main_category_m73)s, %(sub_category_m73)s, %(capacity_litres_m73)s, %(star_rating_m73)s, %(model_name_m73)s, %(category_m73)s), (%(scrape_timestamp_m74)s, %(product_id_m74)s, %(brand_m74)s, %(price_m74)s, %(mrp_m74)s, %(availability_m74)s, %(product_url_m74)s, %(image_url_m74)s, %(rating_m74)s, %(discount_m74)s, %(main_category_m74)s, %(sub_category_m74)s, %(capacity_litres_m74)s, %(star_rating_m74)s, %(model_name_m74)s, %(category_m74)s), (%(scrape_timestamp_m75)s, %(product_id_m75)s, %(brand_m75)s, %(price_m75)s, %(mrp_m75)s, %(availability_m75)s, %(product_url_m75)s, %(image_url_m75)s, %(rating_m75)s, %(discount_m75)s, %(main_category_m75)s, %(sub_category_m75)s, %(capacity_litres_m75)s, %(star_rating_m75)s, %(model_name_m75)s, %(category_m75)s), (%(scrape_timestamp_m76)s, %(product_id_m76)s, %(brand_m76)s, %(price_m76)s, %(mrp_m76)s, %(availability_m76)s, %(product_url_m76)s, %(image_url_m76)s, %(rating_m76)s, %(discount_m76)s, %(main_category_m76)s, %(sub_category_m76)s, %(capacity_litres_m76)s, %(star_rating_m76)s, %(model_name_m76)s, %(category_m76)s), (%(scrape_timestamp_m77)s, %(product_id_m77)s, %(brand_m77)s, %(price_m77)s, %(mrp_m77)s, %(availability_m77)s, %(product_url_m77)s, %(image_url_m77)s, %(rating_m77)s, %(discount_m77)s, %(main_category_m77)s, %(sub_category_m77)s, %(capacity_litres_m77)s, %(star_rating_m77)s, %(model_name_m77)s, %(category_m77)s), (%(scrape_timestamp_m78)s, %(product_id_m78)s, %(brand_m78)s, %(price_m78)s, %(mrp_m78)s, %(availability_m78)s, %(product_url_m78)s, %(image_url_m78)s, %(rating_m78)s, %(discount_m78)s, %(main_category_m78)s, %(sub_category_m78)s, %(capacity_litres_m78)s, %(star_rating_m78)s, %(model_name_m78)s, %(category_m78)s), (%(scrape_timestamp_m79)s, %(product_id_m79)s, %(brand_m79)s, %(price_m79)s, %(mrp_m79)s, %(availability_m79)s, %(product_url_m79)s, %(image_url_m79)s, %(rating_m79)s, %(discount_m79)s, %(main_category_m79)s, %(sub_category_m79)s, %(capacity_litres_m79)s, %(star_rating_m79)s, %(model_name_m79)s, %(category_m79)s), (%(scrape_timestamp_m80)s, %(product_id_m80)s, %(brand_m80)s, %(price_m80)s, %(mrp_m80)s, %(availability_m80)s, %(product_url_m80)s, %(image_url_m80)s, %(rating_m80)s, %(discount_m80)s, %(main_category_m80)s, %(sub_category_m80)s, %(capacity_litres_m80)s, %(star_rating_m80)s, %(model_name_m80)s, %(category_m80)s), (%(scrape_timestamp_m81)s, %(product_id_m81)s, %(brand_m81)s, %(price_m81)s, %(mrp_m81)s, %(availability_m81)s, %(product_url_m81)s, %(image_url_m81)s, %(rating_m81)s, %(discount_m81)s, %(main_category_m81)s, %(sub_category_m81)s, %(capacity_litres_m81)s, %(star_rating_m81)s, %(model_name_m81)s, %(category_m81)s), (%(scrape_timestamp_m82)s, %(product_id_m82)s, %(brand_m82)s, %(price_m82)s, %(mrp_m82)s, %(availability_m82)s, %(product_url_m82)s, %(image_url_m82)s, %(rating_m82)s, %(discount_m82)s, %(main_category_m82)s, %(sub_category_m82)s, %(capacity_litres_m82)s, %(star_rating_m82)s, %(model_name_m82)s, %(category_m82)s), (%(scrape_timestamp_m83)s, %(product_id_m83)s, %(brand_m83)s, %(price_m83)s, %(mrp_m83)s, %(availability_m83)s, %(product_url_m83)s, %(image_url_m83)s, %(rating_m83)s, %(discount_m83)s, %(main_category_m83)s, %(sub_category_m83)s, %(capacity_litres_m83)s, %(star_rating_m83)s, %(model_name_m83)s, %(category_m83)s), (%(scrape_timestamp_m84)s, %(product_id_m84)s, %(brand_m84)s, %(price_m84)s, %(mrp_m84)s, %(availability_m84)s, %(product_url_m84)s, %(image_url_m84)s, %(rating_m84)s, %(discount_m84)s, %(main_category_m84)s, %(sub_category_m84)s, %(capacity_litres_m84)s, %(star_rating_m84)s, %(model_name_m84)s, %(category_m84)s), (%(scrape_timestamp_m85)s, %(product_id_m85)s, %(brand_m85)s, %(price_m85)s, %(mrp_m85)s, %(availability_m85)s, %(product_url_m85)s, %(image_url_m85)s, %(rating_m85)s, %(discount_m85)s, %(main_category_m85)s, %(sub_category_m85)s, %(capacity_litres_m85)s, %(star_rating_m85)s, %(model_name_m85)s, %(category_m85)s), (%(scrape_timestamp_m86)s, %(product_id_m86)s, %(brand_m86)s, %(price_m86)s, %(mrp_m86)s, %(availability_m86)s, %(product_url_m86)s, %(image_url_m86)s, %(rating_m86)s, %(discount_m86)s, %(main_category_m86)s, %(sub_category_m86)s, %(capacity_litres_m86)s, %(star_rating_m86)s, %(model_name_m86)s, %(category_m86)s), (%(scrape_timestamp_m87)s, %(product_id_m87)s, %(brand_m87)s, %(price_m87)s, %(mrp_m87)s, %(availability_m87)s, %(product_url_m87)s, %(image_url_m87)s, %(rating_m87)s, %(discount_m87)s, %(main_category_m87)s, %(sub_category_m87)s, %(capacity_litres_m87)s, %(star_rating_m87)s, %(model_name_m87)s, %(category_m87)s), (%(scrape_timestamp_m88)s, %(product_id_m88)s, %(brand_m88)s, %(price_m88)s, %(mrp_m88)s, %(availability_m88)s, %(product_url_m88)s, %(image_url_m88)s, %(rating_m88)s, %(discount_m88)s, %(main_category_m88)s, %(sub_category_m88)s, %(capacity_litres_m88)s, %(star_rating_m88)s, %(model_name_m88)s, %(category_m88)s), (%(scrape_timestamp_m89)s, %(product_id_m89)s, %(brand_m89)s, %(price_m89)s, %(mrp_m89)s, %(availability_m89)s, %(product_url_m89)s, %(image_url_m89)s, %(rating_m89)s, %(discount_m89)s, %(main_category_m89)s, %(sub_category_m89)s, %(capacity_litres_m89)s, %(star_rating_m89)s, %(model_name_m89)s, %(category_m89)s), (%(scrape_timestamp_m90)s, %(product_id_m90)s, %(brand_m90)s, %(price_m90)s, %(mrp_m90)s, %(availability_m90)s, %(product_url_m90)s, %(image_url_m90)s, %(rating_m90)s, %(discount_m90)s, %(main_category_m90)s, %(sub_category_m90)s, %(capacity_litres_m90)s, %(star_rating_m90)s, %(model_name_m90)s, %(category_m90)s), (%(scrape_timestamp_m91)s, %(product_id_m91)s, %(brand_m91)s, %(price_m91)s, %(mrp_m91)s, %(availability_m91)s, %(product_url_m91)s, %(image_url_m91)s, %(rating_m91)s, %(discount_m91)s, %(main_category_m91)s, %(sub_category_m91)s, %(capacity_litres_m91)s, %(star_rating_m91)s, %(model_name_m91)s, %(category_m91)s), (%(scrape_timestamp_m92)s, %(product_id_m92)s, %(brand_m92)s, %(price_m92)s, %(mrp_m92)s, %(availability_m92)s, %(product_url_m92)s, %(image_url_m92)s, %(rating_m92)s, %(discount_m92)s, %(main_category_m92)s, %(sub_category_m92)s, %(capacity_litres_m92)s, %(star_rating_m92)s, %(model_name_m92)s, %(category_m92)s), (%(scrape_timestamp_m93)s, %(product_id_m93)s, %(brand_m93)s, %(price_m93)s, %(mrp_m93)s, %(availability_m93)s, %(product_url_m93)s, %(image_url_m93)s, %(rating_m93)s, %(discount_m93)s, %(main_category_m93)s, %(sub_category_m93)s, %(capacity_litres_m93)s, %(star_rating_m93)s, %(model_name_m93)s, %(category_m93)s), (%(scrape_timestamp_m94)s, %(product_id_m94)s, %(brand_m94)s, %(price_m94)s, %(mrp_m94)s, %(availability_m94)s, %(product_url_m94)s, %(image_url_m94)s, %(rating_m94)s, %(discount_m94)s, %(main_category_m94)s, %(sub_category_m94)s, %(capacity_litres_m94)s, %(star_rating_m94)s, %(model_name_m94)s, %(category_m94)s), (%(scrape_timestamp_m95)s, %(product_id_m95)s, %(brand_m95)s, %(price_m95)s, %(mrp_m95)s, %(availability_m95)s, %(product_url_m95)s, %(image_url_m95)s, %(rating_m95)s, %(discount_m95)s, %(main_category_m95)s, %(sub_category_m95)s, %(capacity_litres_m95)s, %(star_rating_m95)s, %(model_name_m95)s, %(category_m95)s), (%(scrape_timestamp_m96)s, %(product_id_m96)s, %(brand_m96)s, %(price_m96)s, %(mrp_m96)s, %(availability_m96)s, %(product_url_m96)s, %(image_url_m96)s, %(rating_m96)s, %(discount_m96)s, %(main_category_m96)s, %(sub_category_m96)s, %(capacity_litres_m96)s, %(star_rating_m96)s, %(model_name_m96)s, %(category_m96)s), (%(scrape_timestamp_m97)s, %(product_id_m97)s, %(brand_m97)s, %(price_m97)s, %(mrp_m97)s, %(availability_m97)s, %(product_url_m97)s, %(image_url_m97)s, %(rating_m97)s, %(discount_m97)s, %(main_category_m97)s, %(sub_category_m97)s, %(capacity_litres_m97)s, %(star_rating_m97)s, %(model_name_m97)s, %(category_m97)s), (%(scrape_timestamp_m98)s, %(product_id_m98)s, %(brand_m98)s, %(price_m98)s, %(mrp_m98)s, %(availability_m98)s, %(product_url_m98)s, %(image_url_m98)s, %(rating_m98)s, %(discount_m98)s, %(main_category_m98)s, %(sub_category_m98)s, %(capacity_litres_m98)s, %(star_rating_m98)s, %(model_name_m98)s, %(category_m98)s), (%(scrape_timestamp_m99)s, %(product_id_m99)s, %(brand_m99)s, %(price_m99)s, %(mrp_m99)s, %(availability_m99)s, %(product_url_m99)s, %(image_url_m99)s, %(rating_m99)s, %(discount_m99)s, %(main_category_m99)s, %(sub_category_m99)s, %(capacity_litres_m99)s, %(star_rating_m99)s, %(model_name_m99)s, %(category_m99)s), (%(scrape_timestamp_m100)s, %(product_id_m100)s, %(brand_m100)s, %(price_m100)s, %(mrp_m100)s, %(availability_m100)s, %(product_url_m100)s, %(image_url_m100)s, %(rating_m100)s, %(discount_m100)s, %(main_category_m100)s, %(sub_category_m100)s, %(capacity_litres_m100)s, %(star_rating_m100)s, %(model_name_m100)s, %(category_m100)s), (%(scrape_timestamp_m101)s, %(product_id_m101)s, %(brand_m101)s, %(price_m101)s, %(mrp_m101)s, %(availability_m101)s, %(product_url_m101)s, %(image_url_m101)s, %(rating_m101)s, %(discount_m101)s, %(main_category_m101)s, %(sub_category_m101)s, %(capacity_litres_m101)s, %(star_rating_m101)s, %(model_name_m101)s, %(category_m101)s), (%(scrape_timestamp_m102)s, %(product_id_m102)s, %(brand_m102)s, %(price_m102)s, %(mrp_m102)s, %(availability_m102)s, %(product_url_m102)s, %(image_url_m102)s, %(rating_m102)s, %(discount_m102)s, %(main_category_m102)s, %(sub_category_m102)s, %(capacity_litres_m102)s, %(star_rating_m102)s, %(model_name_m102)s, %(category_m102)s), (%(scrape_timestamp_m103)s, %(product_id_m103)s, %(brand_m103)s, %(price_m103)s, %(mrp_m103)s, %(availability_m103)s, %(product_url_m103)s, %(image_url_m103)s, %(rating_m103)s, %(discount_m103)s, %(main_category_m103)s, %(sub_category_m103)s, %(capacity_litres_m103)s, %(star_rating_m103)s, %(model_name_m103)s, %(category_m103)s), (%(scrape_timestamp_m104)s, %(product_id_m104)s, %(brand_m104)s, %(price_m104)s, %(mrp_m104)s, %(availability_m104)s, %(product_url_m104)s, %(image_url_m104)s, %(rating_m104)s, %(discount_m104)s, %(main_category_m104)s, %(sub_category_m104)s, %(capacity_litres_m104)s, %(star_rating_m104)s, %(model_name_m104)s, %(category_m104)s), (%(scrape_timestamp_m105)s, %(product_id_m105)s, %(brand_m105)s, %(price_m105)s, %(mrp_m105)s, %(availability_m105)s, %(product_url_m105)s, %(image_url_m105)s, %(rating_m105)s, %(discount_m105)s, %(main_category_m105)s, %(sub_category_m105)s, %(capacity_litres_m105)s, %(star_rating_m105)s, %(model_name_m105)s, %(category_m105)s), (%(scrape_timestamp_m106)s, %(product_id_m106)s, %(brand_m106)s, %(price_m106)s, %(mrp_m106)s, %(availability_m106)s, %(product_url_m106)s, %(image_url_m106)s, %(rating_m106)s, %(discount_m106)s, %(main_category_m106)s, %(sub_category_m106)s, %(capacity_litres_m106)s, %(star_rating_m106)s, %(model_name_m106)s, %(category_m106)s), (%(scrape_timestamp_m107)s, %(product_id_m107)s, %(brand_m107)s, %(price_m107)s, %(mrp_m107)s, %(availability_m107)s, %(product_url_m107)s, %(image_url_m107)s, %(rating_m107)s, %(discount_m107)s, %(main_category_m107)s, %(sub_category_m107)s, %(capacity_litres_m107)s, %(star_rating_m107)s, %(model_name_m107)s, %(category_m107)s), (%(scrape_timestamp_m108)s, %(product_id_m108)s, %(brand_m108)s, %(price_m108)s, %(mrp_m108)s, %(availability_m108)s, %(product_url_m108)s, %(image_url_m108)s, %(rating_m108)s, %(discount_m108)s, %(main_category_m108)s, %(sub_category_m108)s, %(capacity_litres_m108)s, %(star_rating_m108)s, %(model_name_m108)s, %(category_m108)s), (%(scrape_timestamp_m109)s, %(product_id_m109)s, %(brand_m109)s, %(price_m109)s, %(mrp_m109)s, %(availability_m109)s, %(product_url_m109)s, %(image_url_m109)s, %(rating_m109)s, %(discount_m109)s, %(main_category_m109)s, %(sub_category_m109)s, %(capacity_litres_m109)s, %(star_rating_m109)s, %(model_name_m109)s, %(category_m109)s), (%(scrape_timestamp_m110)s, %(product_id_m110)s, %(brand_m110)s, %(price_m110)s, %(mrp_m110)s, %(availability_m110)s, %(product_url_m110)s, %(image_url_m110)s, %(rating_m110)s, %(discount_m110)s, %(main_category_m110)s, %(sub_category_m110)s, %(capacity_litres_m110)s, %(star_rating_m110)s, %(model_name_m110)s, %(category_m110)s), (%(scrape_timestamp_m111)s, %(product_id_m111)s, %(brand_m111)s, %(price_m111)s, %(mrp_m111)s, %(availability_m111)s, %(product_url_m111)s, %(image_url_m111)s, %(rating_m111)s, %(discount_m111)s, %(main_category_m111)s, %(sub_category_m111)s, %(capacity_litres_m111)s, %(star_rating_m111)s, %(model_name_m111)s, %(category_m111)s), (%(scrape_timestamp_m112)s, %(product_id_m112)s, %(brand_m112)s, %(price_m112)s, %(mrp_m112)s, %(availability_m112)s, %(product_url_m112)s, %(image_url_m112)s, %(rating_m112)s, %(discount_m112)s, %(main_category_m112)s, %(sub_category_m112)s, %(capacity_litres_m112)s, %(star_rating_m112)s, %(model_name_m112)s, %(category_m112)s), (%(scrape_timestamp_m113)s, %(product_id_m113)s, %(brand_m113)s, %(price_m113)s, %(mrp_m113)s, %(availability_m113)s, %(product_url_m113)s, %(image_url_m113)s, %(rating_m113)s, %(discount_m113)s, %(main_category_m113)s, %(sub_category_m113)s, %(capacity_litres_m113)s, %(star_rating_m113)s, %(model_name_m113)s, %(category_m113)s), (%(scrape_timestamp_m114)s, %(product_id_m114)s, %(brand_m114)s, %(price_m114)s, %(mrp_m114)s, %(availability_m114)s, %(product_url_m114)s, %(image_url_m114)s, %(rating_m114)s, %(discount_m114)s, %(main_category_m114)s, %(sub_category_m114)s, %(capacity_litres_m114)s, %(star_rating_m114)s, %(model_name_m114)s, %(category_m114)s), (%(scrape_timestamp_m115)s, %(product_id_m115)s, %(brand_m115)s, %(price_m115)s, %(mrp_m115)s, %(availability_m115)s, %(product_url_m115)s, %(image_url_m115)s, %(rating_m115)s, %(discount_m115)s, %(main_category_m115)s, %(sub_category_m115)s, %(capacity_litres_m115)s, %(star_rating_m115)s, %(model_name_m115)s, %(category_m115)s), (%(scrape_timestamp_m116)s, %(product_id_m116)s, %(brand_m116)s, %(price_m116)s, %(mrp_m116)s, %(availability_m116)s, %(product_url_m116)s, %(image_url_m116)s, %(rating_m116)s, %(discount_m116)s, %(main_category_m116)s, %(sub_category_m116)s, %(capacity_litres_m116)s, %(star_rating_m116)s, %(model_name_m116)s, %(category_m116)s), (%(scrape_timestamp_m117)s, %(product_id_m117)s, %(brand_m117)s, %(price_m117)s, %(mrp_m117)s, %(availability_m117)s, %(product_url_m117)s, %(image_url_m117)s, %(rating_m117)s, %(discount_m117)s, %(main_category_m117)s, %(sub_category_m117)s, %(capacity_litres_m117)s, %(star_rating_m117)s, %(model_name_m117)s, %(category_m117)s), (%(scrape_timestamp_m118)s, %(product_id_m118)s, %(brand_m118)s, %(price_m118)s, %(mrp_m118)s, %(availability_m118)s, %(product_url_m118)s, %(image_url_m118)s, %(rating_m118)s, %(discount_m118)s, %(main_category_m118)s, %(sub_category_m118)s, %(capacity_litres_m118)s, %(star_rating_m118)s, %(model_name_m118)s, %(category_m118)s), (%(scrape_timestamp_m119)s, %(product_id_m119)s, %(brand_m119)s, %(price_m119)s, %(mrp_m119)s, %(availability_m119)s, %(product_url_m119)s, %(image_url_m119)s, %(rating_m119)s, %(discount_m119)s, %(main_category_m119)s, %(sub_category_m119)s, %(capacity_litres_m119)s, %(star_rating_m119)s, %(model_name_m119)s, %(category_m119)s), (%(scrape_timestamp_m120)s, %(product_id_m120)s, %(brand_m120)s, %(price_m120)s, %(mrp_m120)s, %(availability_m120)s, %(product_url_m120)s, %(image_url_m120)s, %(rating_m120)s, %(discount_m120)s, %(main_category_m120)s, %(sub_category_m120)s, %(capacity_litres_m120)s, %(star_rating_m120)s, %(model_name_m120)s, %(category_m120)s), (%(scrape_timestamp_m121)s, %(product_id_m121)s, %(brand_m121)s, %(price_m121)s, %(mrp_m121)s, %(availability_m121)s, %(product_url_m121)s, %(image_url_m121)s, %(rating_m121)s, %(discount_m121)s, %(main_category_m121)s, %(sub_category_m121)s, %(capacity_litres_m121)s, %(star_rating_m121)s, %(model_name_m121)s, %(category_m121)s), (%(scrape_timestamp_m122)s, %(product_id_m122)s, %(brand_m122)s, %(price_m122)s, %(mrp_m122)s, %(availability_m122)s, %(product_url_m122)s, %(image_url_m122)s, %(rating_m122)s, %(discount_m122)s, %(main_category_m122)s, %(sub_category_m122)s, %(capacity_litres_m122)s, %(star_rating_m122)s, %(model_name_m122)s, %(category_m122)s), (%(scrape_timestamp_m123)s, %(product_id_m123)s, %(brand_m123)s, %(price_m123)s, %(mrp_m123)s, %(availability_m123)s, %(product_url_m123)s, %(image_url_m123)s, %(rating_m123)s, %(discount_m123)s, %(main_category_m123)s, %(sub_category_m123)s, %(capacity_litres_m123)s, %(star_rating_m123)s, %(model_name_m123)s, %(category_m123)s), (%(scrape_timestamp_m124)s, %(product_id_m124)s, %(brand_m124)s, %(price_m124)s, %(mrp_m124)s, %(availability_m124)s, %(product_url_m124)s, %(image_url_m124)s, %(rating_m124)s, %(discount_m124)s, %(main_category_m124)s, %(sub_category_m124)s, %(capacity_litres_m124)s, %(star_rating_m124)s, %(model_name_m124)s, %(category_m124)s), (%(scrape_timestamp_m125)s, %(product_id_m125)s, %(brand_m125)s, %(price_m125)s, %(mrp_m125)s, %(availability_m125)s, %(product_url_m125)s, %(image_url_m125)s, %(rating_m125)s, %(discount_m125)s, %(main_category_m125)s, %(sub_category_m125)s, %(capacity_litres_m125)s, %(star_rating_m125)s, %(model_name_m125)s, %(category_m125)s), (%(scrape_timestamp_m126)s, %(product_id_m126)s, %(brand_m126)s, %(price_m126)s, %(mrp_m126)s, %(availability_m126)s, %(product_url_m126)s, %(image_url_m126)s, %(rating_m126)s, %(discount_m126)s, %(main_category_m126)s, %(sub_category_m126)s, %(capacity_litres_m126)s, %(star_rating_m126)s, %(model_name_m126)s, %(category_m126)s), (%(scrape_timestamp_m127)s, %(product_id_m127)s, %(brand_m127)s, %(price_m127)s, %(mrp_m127)s, %(availability_m127)s, %(product_url_m127)s, %(image_url_m127)s, %(rating_m127)s, %(discount_m127)s, %(main_category_m127)s, %(sub_category_m127)s, %(capacity_litres_m127)s, %(star_rating_m127)s, %(model_name_m127)s, %(category_m127)s), (%(scrape_timestamp_m128)s, %(product_id_m128)s, %(brand_m128)s, %(price_m128)s, %(mrp_m128)s, %(availability_m128)s, %(product_url_m128)s, %(image_url_m128)s, %(rating_m128)s, %(discount_m128)s, %(main_category_m128)s, %(sub_category_m128)s, %(capacity_litres_m128)s, %(star_rating_m128)s, %(model_name_m128)s, %(category_m128)s), (%(scrape_timestamp_m129)s, %(product_id_m129)s, %(brand_m129)s, %(price_m129)s, %(mrp_m129)s, %(availability_m129)s, %(product_url_m129)s, %(image_url_m129)s, %(rating_m129)s, %(discount_m129)s, %(main_category_m129)s, %(sub_category_m129)s, %(capacity_litres_m129)s, %(star_rating_m129)s, %(model_name_m129)s, %(category_m129)s), (%(scrape_timestamp_m130)s, %(product_id_m130)s, %(brand_m130)s, %(price_m130)s, %(mrp_m130)s, %(availability_m130)s, %(product_url_m130)s, %(image_url_m130)s, %(rating_m130)s, %(discount_m130)s, %(main_category_m130)s, %(sub_category_m130)s, %(capacity_litres_m130)s, %(star_rating_m130)s, %(model_name_m130)s, %(category_m130)s), (%(scrape_timestamp_m131)s, %(product_id_m131)s, %(brand_m131)s, %(price_m131)s, %(mrp_m131)s, %(availability_m131)s, %(product_url_m131)s, %(image_url_m131)s, %(rating_m131)s, %(discount_m131)s, %(main_category_m131)s, %(sub_category_m131)s, %(capacity_litres_m131)s, %(star_rating_m131)s, %(model_name_m131)s, %(category_m131)s), (%(scrape_timestamp_m132)s, %(product_id_m132)s, %(brand_m132)s, %(price_m132)s, %(mrp_m132)s, %(availability_m132)s, %(product_url_m132)s, %(image_url_m132)s, %(rating_m132)s, %(discount_m132)s, %(main_category_m132)s, %(sub_category_m132)s, %(capacity_litres_m132)s, %(star_rating_m132)s, %(model_name_m132)s, %(category_m132)s), (%(scrape_timestamp_m133)s, %(product_id_m133)s, %(brand_m133)s, %(price_m133)s, %(mrp_m133)s, %(availability_m133)s, %(product_url_m133)s, %(image_url_m133)s, %(rating_m133)s, %(discount_m133)s, %(main_category_m133)s, %(sub_category_m133)s, %(capacity_litres_m133)s, %(star_rating_m133)s, %(model_name_m133)s, %(category_m133)s), (%(scrape_timestamp_m134)s, %(product_id_m134)s, %(brand_m134)s, %(price_m134)s, %(mrp_m134)s, %(availability_m134)s, %(product_url_m134)s, %(image_url_m134)s, %(rating_m134)s, %(discount_m134)s, %(main_category_m134)s, %(sub_category_m134)s, %(capacity_litres_m134)s, %(star_rating_m134)s, %(model_name_m134)s, %(category_m134)s), (%(scrape_timestamp_m135)s, %(product_id_m135)s, %(brand_m135)s, %(price_m135)s, %(mrp_m135)s, %(availability_m135)s, %(product_url_m135)s, %(image_url_m135)s, %(rating_m135)s, %(discount_m135)s, %(main_category_m135)s, %(sub_category_m135)s, %(capacity_litres_m135)s, %(star_rating_m135)s, %(model_name_m135)s, %(category_m135)s), (%(scrape_timestamp_m136)s, %(product_id_m136)s, %(brand_m136)s, %(price_m136)s, %(mrp_m136)s, %(availability_m136)s, %(product_url_m136)s, %(image_url_m136)s, %(rating_m136)s, %(discount_m136)s, %(main_category_m136)s, %(sub_category_m136)s, %(capacity_litres_m136)s, %(star_rating_m136)s, %(model_name_m136)s, %(category_m136)s), (%(scrape_timestamp_m137)s, %(product_id_m137)s, %(brand_m137)s, %(price_m137)s, %(mrp_m137)s, %(availability_m137)s, %(product_url_m137)s, %(image_url_m137)s, %(rating_m137)s, %(discount_m137)s, %(main_category_m137)s, %(sub_category_m137)s, %(capacity_litres_m137)s, %(star_rating_m137)s, %(model_name_m137)s, %(category_m137)s), (%(scrape_timestamp_m138)s, %(product_id_m138)s, %(brand_m138)s, %(price_m138)s, %(mrp_m138)s, %(availability_m138)s, %(product_url_m138)s, %(image_url_m138)s, %(rating_m138)s, %(discount_m138)s, %(main_category_m138)s, %(sub_category_m138)s, %(capacity_litres_m138)s, %(star_rating_m138)s, %(model_name_m138)s, %(category_m138)s), (%(scrape_timestamp_m139)s, %(product_id_m139)s, %(brand_m139)s, %(price_m139)s, %(mrp_m139)s, %(availability_m139)s, %(product_url_m139)s, %(image_url_m139)s, %(rating_m139)s, %(discount_m139)s, %(main_category_m139)s, %(sub_category_m139)s, %(capacity_litres_m139)s, %(star_rating_m139)s, %(model_name_m139)s, %(category_m139)s), (%(scrape_timestamp_m140)s, %(product_id_m140)s, %(brand_m140)s, %(price_m140)s, %(mrp_m140)s, %(availability_m140)s, %(product_url_m140)s, %(image_url_m140)s, %(rating_m140)s, %(discount_m140)s, %(main_category_m140)s, %(sub_category_m140)s, %(capacity_litres_m140)s, %(star_rating_m140)s, %(model_name_m140)s, %(category_m140)s), (%(scrape_timestamp_m141)s, %(product_id_m141)s, %(brand_m141)s, %(price_m141)s, %(mrp_m141)s, %(availability_m141)s, %(product_url_m141)s, %(image_url_m141)s, %(rating_m141)s, %(discount_m141)s, %(main_category_m141)s, %(sub_category_m141)s, %(capacity_litres_m141)s, %(star_rating_m141)s, %(model_name_m141)s, %(category_m141)s), (%(scrape_timestamp_m142)s, %(product_id_m142)s, %(brand_m142)s, %(price_m142)s, %(mrp_m142)s, %(availability_m142)s, %(product_url_m142)s, %(image_url_m142)s, %(rating_m142)s, %(discount_m142)s, %(main_category_m142)s, %(sub_category_m142)s, %(capacity_litres_m142)s, %(star_rating_m142)s, %(model_name_m142)s, %(category_m142)s), (%(scrape_timestamp_m143)s, %(product_id_m143)s, %(brand_m143)s, %(price_m143)s, %(mrp_m143)s, %(availability_m143)s, %(product_url_m143)s, %(image_url_m143)s, %(rating_m143)s, %(discount_m143)s, %(main_category_m143)s, %(sub_category_m143)s, %(capacity_litres_m143)s, %(star_rating_m143)s, %(model_name_m143)s, %(category_m143)s), (%(scrape_timestamp_m144)s, %(product_id_m144)s, %(brand_m144)s, %(price_m144)s, %(mrp_m144)s, %(availability_m144)s, %(product_url_m144)s, %(image_url_m144)s, %(rating_m144)s, %(discount_m144)s, %(main_category_m144)s, %(sub_category_m144)s, %(capacity_litres_m144)s, %(star_rating_m144)s, %(model_name_m144)s, %(category_m144)s), (%(scrape_timestamp_m145)s, %(product_id_m145)s, %(brand_m145)s, %(price_m145)s, %(mrp_m145)s, %(availability_m145)s, %(product_url_m145)s, %(image_url_m145)s, %(rating_m145)s, %(discount_m145)s, %(main_category_m145)s, %(sub_category_m145)s, %(capacity_litres_m145)s, %(star_rating_m145)s, %(model_name_m145)s, %(category_m145)s), (%(scrape_timestamp_m146)s, %(product_id_m146)s, %(brand_m146)s, %(price_m146)s, %(mrp_m146)s, %(availability_m146)s, %(product_url_m146)s, %(image_url_m146)s, %(rating_m146)s, %(discount_m146)s, %(main_category_m146)s, %(sub_category_m146)s, %(capacity_litres_m146)s, %(star_rating_m146)s, %(model_name_m146)s, %(category_m146)s), (%(scrape_timestamp_m147)s, %(product_id_m147)s, %(brand_m147)s, %(price_m147)s, %(mrp_m147)s, %(availability_m147)s, %(product_url_m147)s, %(image_url_m147)s, %(rating_m147)s, %(discount_m147)s, %(main_category_m147)s, %(sub_category_m147)s, %(capacity_litres_m147)s, %(star_rating_m147)s, %(model_name_m147)s, %(category_m147)s), (%(scrape_timestamp_m148)s, %(product_id_m148)s, %(brand_m148)s, %(price_m148)s, %(mrp_m148)s, %(availability_m148)s, %(product_url_m148)s, %(image_url_m148)s, %(rating_m148)s, %(discount_m148)s, %(main_category_m148)s, %(sub_category_m148)s, %(capacity_litres_m148)s, %(star_rating_m148)s, %(model_name_m148)s, %(category_m148)s), (%(scrape_timestamp_m149)s, %(product_id_m149)s, %(brand_m149)s, %(price_m149)s, %(mrp_m149)s, %(availability_m149)s, %(product_url_m149)s, %(image_url_m149)s, %(rating_m149)s, %(discount_m149)s, %(main_category_m149)s, %(sub_category_m149)s, %(capacity_litres_m149)s, %(star_rating_m149)s, %(model_name_m149)s, %(category_m149)s)]
[parameters: {'scrape_timestamp_m0': datetime.datetime(2026, 2, 13, 14, 36, 8, 692188), 'product_id_m0': 215017, 'brand_m0': 'Samsung', 'price_m0': 16100, 'mrp_m0': 19999, 'availability_m0': 'Available', 'product_url_m0': 'https://www.vijaysales.com/p/215017/samsung-183-litres-3-star-single-door-refrigerator-with-digital-inverter-technology-direct-cool-rr20c2y23s8-nl', 'image_url_m0': 'https://vsprod.vijaysales.com/media/catalog/product/2/1/215017-image1_1.jpg', 'rating_m0': 5, 'discount_m0': 19.5, 'main_category_m0': 'Large Appliances', 'sub_category_m0': 'Single Door', 'capacity_litres_m0': 183, 'star_rating_m0': 3, 'model_name_m0': 'RR20C2Y23S8/NL', 'category_m0': 'refrigerators', 'scrape_timestamp_m1': datetime.datetime(2026, 2, 13, 14, 36, 8, 692188), 'product_id_m1': 154816, 'brand_m1': 'LG', 'price_m1': 24490, 'mrp_m1': 33499, 'availability_m1': 'Available', 'product_url_m1': 'https://www.vijaysales.com/p/P154816/154816/lg-242-l-frost-free-2-star-double-door-refrigerator-with-smart-inverter-compressor-led-lighting-toughened-glass-shelves-gl-n292ddsy-dazzle-steel', 'image_url_m1': 'https://vsprod.vijaysales.com/media/catalog/product/r/e/ref_ff_vijay_sales_gl-n292ddsy.jpg', 'rating_m1': 4, 'discount_m1': 26.89, 'main_category_m1': 'Large Appliances', 'sub_category_m1': 'Double Door', 'capacity_litres_m1': 242, 'star_rating_m1': 2, 'model_name_m1': 'GL-N292DDSY, Dazzle Steel', 'category_m1': 'refrigerators', 'scrape_timestamp_m2': datetime.datetime(2026, 2, 13, 14, 36, 8, 692188), 'product_id_m2': 213949, 'brand_m2': 'Samsung', 'price_m2': 24990, 'mrp_m2': 32990, 'availability_m2': 'Available', 'product_url_m2': 'https://www.vijaysales.com/p/213949/samsung-236-litres-digital-inverter-technology-double-door-refrigerator-with-egg-container-interior-led-light-elegant-inox-rt28c3042s8-hl', 'image_url_m2': 'https://vsprod.vijaysales.com/media/catalog/product/2/1/213949-image1_1.jpg', 'rating_m2': 4, 'discount_m2': 24.25, 'main_category_m2': 'Large Appliances', 'sub_category_m2': 'Double Door', 'capacity_litres_m2': 236, 'star_rating_m2': 2, 'model_name_m2': 'Elegant Inox, RT28C3042S8/HL', 'category_m2': 'refrigerators', 'scrape_timestamp_m3': datetime.datetime(2026, 2, 13, 14, 36, 8, 692188), 'product_id_m3': 226091, 'brand_m3': 'Whirlpool', 'price_m3': 21490, 'mrp_m3': 30690, 'availability_m3': 'Unavailable', 'product_url_m3': 'https://www.vijaysales.com/p/226091/whirlpool-235-litres-2-star-frost-free-double-door-refrigerator-with-faster-bottle-cooling-anti-odour-action-neo-df278-prm-steel', 'image_url_m3': 'https://vsprod.vijaysales.com/media/catalog/product/2/2/226091-image1.jpg', 'rating_m3': 4, 'discount_m3': 29.98, 'main_category_m3': 'Large Appliances', 'sub_category_m3': 'Double Door', 'capacity_litres_m3': 235, 'star_rating_m3': 2, 'model_name_m3': 'NEO DF278 PRM, Steel', 'category_m3': 'refrigerators', 'scrape_timestamp_m4': datetime.datetime(2026, 2, 13, 14, 36, 8, 692188), 'product_id_m4': 226094, 'brand_m4': 'Whirlpool', 'price_m4': 35990, 'mrp_m4': 51760, 'availability_m4': 'Available', 'product_url_m4': 'https://www.vijaysales.com/p/226094/whirlpool-312-litres-3-star-frost-free-double-door-inverter-bottom-mount-refrigerator-with-10-in-1-convertible-intellifresh-pro-steel-onyx', 'image_url_m4': 'https://vsprod.vijaysales.com/media/catalog/product/2/2/226094_1_.jpg', 'rating_m4': 5, 'discount_m4': 30.47, 'main_category_m4': 'Large Appliances', 'sub_category_m4': 'Double Door', 'capacity_litres_m4': 312, 'star_rating_m4': 3, 'model_name_m4': 'Intellifresh Pro, Steel Onyx', 'category_m4': 'refrigerators', 'scrape_timestamp_m5': datetime.datetime(2026, 2, 13, 14, 36, 8, 692188), 'product_id_m5': 200978, 'brand_m5': 'LG', 'price_m5': 38490, 'mrp_m5': 60499, 'availability_m5': 'Available', 'product_url_m5': 'https://www.vijaysales.com/p/P154816/200978/lg-408-ltrs-2-star-frost-free-double-door-refrigerator-gln412sdsy-dazzle-steel', 'image_url_m5': 'https://vsprod.vijaysales.com/media/catalog/product/2/0/200978-image1_2.jpg', 'rating_m5': 4, 'discount_m5': 36.38, 'main_category_m5': 'Large Appliances', 'sub_category_m5': 'Double Door', 'capacity_litres_m5': 380, 'star_rating_m5': 2, 'model_name_m5': 'GL-N412SDSY, Dazzle Steel', 'category_m5': 'refrigerators', 'scrape_timestamp_m6': datetime.datetime(2026, 2, 13, 14, 36, 8, 692188), 'product_id_m6': 235899, 'brand_m6': 'Samsung', 'price_m6': 18200, 'mrp_m6': 21999, 'availability_m6': 'Available', 'product_url_m6': 'https://www.vijaysales.com/p/235899/samsung-183-litres-5-star-direct-cool-inverter-refrigerator-with-toughened-glass-shelves-base-stand-drawer-deep-door-guard-vegetable-box-rr20d2825cu-nl-camellia-blue', 'image_url_m6': 'https://vsprod.vijaysales.com/media/catalog/product/2/3/235899_1_.jpg', 'rating_m6': 5, 'discount_m6': 17.27, 'main_category_m6': 'Large Appliances', 'sub_category_m6': 'Single Door', 'capacity_litres_m6': 183, 'star_rating_m6': 5, 'model_name_m6': 'RR20D2825CU/NL, Camellia Blue', 'category_m6': 'refrigerators', 'scrape_timestamp_m7': datetime.datetime(2026, 2, 13, 14, 36, 8, 692188), 'product_id_m7': 214083, 'brand_m7': 'Samsung', 'price_m7': 17790, 'mrp_m7': 23999, 'availability_m7': 'Unavailable', 'product_url_m7': 'https://www.vijaysales.com/p/214083/samsung-5-star-horizontal-curve-design-single-door-refrigerator-with-direct-cool-digital-inverter-compressor-rr21c2h25dx-hl', 'image_url_m7': 'https://vsprod.vijaysales.com/media/catalog/product/2/1/214083-image1_1.jpg', 'rating_m7': 5, 'discount_m7': 25.87, 'main_category_m7': 'Large Appliances', 'sub_category_m7': 'Single Door', 'capacity_litres_m7': 189, 'star_rating_m7': 5, 'model_name_m7': 'RR21C2H25DX/HL', 'category_m7': 'refrigerators', 'scrape_timestamp_m8': datetime.datetime(2026, 2, 13, 14, 36, 8, 692188), 'product_id_m8': 215027, 'brand_m8': 'Whirlpool', 'price_m8': 24000, 'mrp_m8': 35300, 'availability_m8': 'Available', 'product_url_m8': 'https://www.vijaysales.com/p/215027/whirlpool-intellifresh-pro-235-litres-2-star-frost-free-double-door-inverter-convertible-refrigerator-if-pro-278-inv-cnv-is-2s-illusia-steel', 'image_url_m8': 'https://vsprod.vijaysales.com/media/catalog/product/2/1/215027-image1_1.jpg', 'rating_m8': 5, 'discount_m8': 32.01, 'main_category_m8': 'Large Appliances', 'sub_category_m8': 'Double Door', 'capacity_litres_m8': 235, 'star_rating_m8': 2, 'model_name_m8': 'IF PRO 278 INV CNV IS 2S, Illusia Steel', 'category_m8': 'refrigerators', 'scrape_timestamp_m9': datetime.datetime(2026, 2, 13, 14, 36, 8, 692188), 'product_id_m9': 226089, 'brand_m9': 'Whirlpool', 'price_m9': 15500, 'mrp_m9': 21050, 'availability_m9': 'Available', 'product_url_m9': 'https://www.vijaysales.com/p/P214455/226089/whirlpool-vitamagic-pro-192-litres-3-star-direct-cool-single-door-refrigerator-with-auto-defrost-technology-215vmproprm3sasz-alpha-steel', 'image_url_m9': 'https://vsprod.vijaysales.com/media/catalog/product/2/2/226089_1__1.jpg', 'rating_m9': 5, 'discount_m9': 26.37, 'main_category_m9': 'Large Appliances', 'sub_category_m9': 'Single Door', 'capacity_litres_m9': 192, 'star_rating_m9': 3, 'model_name_m9': '215 VMPRO PRM 3S ALPHA STEEL-Z', 'category_m9': 'refrigerators', 'scrape_timestamp_m10': datetime.datetime(2026, 2, 13, 14, 36, 8, 692188), 'product_id_m10': 214199, 'brand_m10': 'LG', 'price_m10': 14990, 'mrp_m10': 19899, 'availability_m10': 'Available', 'product_url_m10': 'https://www.vijaysales.com/p/214199/lg-185-litres-3-star-direct-cool-single-door-refrigerator-fastest-ice-making-base-stand-with-drawer-smart-connect-works-without-stabilizer-gl-d199osed-scarlet-euphoria', 'image_url_m10': 'https://vsprod.vijaysales.com/media/catalog/product/2/1/214199.jpg', 'rating_m10': 4, 'discount_m10': 24.67, 'main_category_m10': 'Large Appliances', 'sub_category_m10': 'Single Door', 'capacity_litres_m10': 185, 'star_rating_m10': 3, 'model_name_m10': 'GL-D199OSED, Scarlet Euphoria', 'category_m10': 'refrigerators', 'scrape_timestamp_m11': datetime.datetime(2026, 2, 13, 14, 36, 8, 692188), 'product_id_m11': 229887, 'brand_m11': 'LLOYD', 'price_m11': 9990, 'mrp_m11': 14290, 'availability_m11': 'Available', 'product_url_m11': 'https://www.vijaysales.com/p/229887/lloyd-92-litres-1-star-direct-cool-single-door-mini-refrigerator-grey-metallic', 'image_url_m11': 'https://vsprod.vijaysales.com/media/catalog/product/7/1/71uvboadngl._sl1500_.jpg', 'rating_m11': 4, 'discount_m11': 30.09, 'main_category_m11': 'Large Appliances', 'sub_category_m11': 'Single Door', 'capacity_litres_m11': 92, 'star_rating_m11': 1, 'model_name_m11': 'Grey Metallic', 'category_m11': 'refrigerators', 'scrape_timestamp_m12': datetime.datetime(2026, 2, 13, 14, 36, 8, 692188), 'product_id_m12': 236985, 'brand_m12': 'LG', 'price_m12': 79340, 'mrp_m12': 119999, 'availability_m12': 'Available', 'product_url_m12': 'https://www.vijaysales.com/p/236985/lg-650-litres-3-star-side-by-side-convertible-refrigerator-with-multi-air-flow-smart-diagnosis-smart-inverter-compressor-gl-b257jds3-dazzle-steel', 'image_url_m12': 'https://vsprod.vijaysales.com/media/catalog/product/b/a/background1.jpg', 'rating_m12': 5, 'discount_m12': 33.88, 'main_category_m12': 'Large Appliances', 'sub_category_m12': 'Side By Side', 'capacity_litres_m12': 650, 'star_rating_m12': 3, 'model_name_m12': 'GL-B257JDS3, Dazzle Steel', 'category_m12': 'refrigerators', 'scrape_timestamp_m13': datetime.datetime(2026, 2, 13, 14, 36, 8, 692188), 'product_id_m13': 229638, 'brand_m13': 'Haier', 'price_m13': 38990, 'mrp_m13': 62990, 'availability_m13': 'Available', 'product_url_m13': 'https://www.vijaysales.com/p/229638/haier-325-litres-2-star-double-door-frost-free-inverter-bottom-mount-refrigerator-with-magic-cooling-14-in-1-convertible-hrb-3752pkg-p', 'image_url_m13': 'https://vsprod.vijaysales.com/media/catalog/product/2/2/229638-image.jpg', 'rating_m13': 4, 'discount_m13': 38.1, 'main_category_m13': 'Large Appliances', 'sub_category_m13': 'Double Door', 'capacity_litres_m13': 325, 'star_rating_m13': 2, 'model_name_m13': 'HRB-3752PKG-P', 'category_m13': 'refrigerators', 'scrape_timestamp_m14': datetime.datetime(2026, 2, 13, 14, 36, 8, 692188), 'product_id_m14': 242297, 'brand_m14': 'Haier', 'price_m14': 24990, 'mrp_m14': 38190, 'availability_m14': 'Available', 'product_url_m14': 'https://www.vijaysales.com/p/242297/haier-237-litres-2-star-double-door-frost-free-bottom-mount-refrigerator-8-in-1-convertible-turbo-icing-2x-bigger-vegetable-box-toughened-glass-shelves-hrb-2872bsb-p-sparkle-blue', 'image_url_m14': 'https://vsprod.vijaysales.com/media/catalog/product/2/4/242297_1_.jpg', 'rating_m14': 5, 'discount_m14': 34.56, 'main_category_m14': 'Large Appliances', 'sub_category_m14': 'Double Door', 'capacity_litres_m14': 237, 'star_rating_m14': 2, 'model_name_m14': 'HRB-2872BSB-P, Sparkle Blue', 'category_m14': 'refrigerators', 'scrape_timestamp_m15': datetime.datetime(2026, 2, 13, 14, 36, 8, 692188), 'product_id_m15': 236531, 'brand_m15': 'Godrej', 'price_m15': 62990, 'mrp_m15': 115990, 'availability_m15': 'Available', 'product_url_m15': 'https://www.vijaysales.com/p/236531/godrej-600-litres-3-star-inverter-double-door-side-by-side-refrigerator-led-display-control-panel-preset-cooling-modes-deep-storage-drawers-rs-eon-velvet-646c-rit-opera-black', 'image_url_m15': 'https://vsprod.vijaysales.com/media/catalog/product/2/3/236531_1__1.jpg', 'rating_m15': 4, 'discount_m15': 45.69, 'main_category_m15': 'Large Appliances', 'sub_category_m15': 'Side By Side', 'capacity_litres_m15': 600, 'star_rating_m15': 3, 'model_name_m15': 'RS EON VELVET 646C RIT, Opera Black', 'category_m15': 'refrigerators', 'scrape_timestamp_m16': datetime.datetime(2026, 2, 13, 14, 36, 8, 692188), 'product_id_m16': 200900, 'brand_m16': 'LG', 'price_m16': 33490, 'mrp_m16': 52999, 'availability_m16': 'Available', 'product_url_m16': 'https://www.vijaysales.com/p/P219492/200900/lg-340-ltrs-frost-free-double-door-refrigerator-gls342spzy-shiny-steel', 'image_url_m16': 'https://vsprod.vijaysales.com/media/catalog/product/2/0/200900-image1_2.jpg', 'rating_m16': 4, 'discount_m16': 36.81, 'main_category_m16': 'Large Appliances', 'sub_category_m16': 'Double Door', 'capacity_litres_m16': 322, 'star_rating_m16': 3, 'model_name_m16': 'GL-S342SPZY, Shiny Steel', 'category_m16': 'refrigerators', 'scrape_timestamp_m17': datetime.datetime(2026, 2, 13, 14, 36, 8, 692188), 'product_id_m17': 224979, 'brand_m17': 'Voltas Beko', 'price_m17': 12500, 'mrp_m17': 24090, 'availability_m17': 'Available', 'product_url_m17': 'https://www.vijaysales.com/p/224979/voltas-beko-175-litres-1-star-single-door-direct-cool-refrigerator-with-chiller-zone-stabilizer-free-operation-fresh-box-rdc208e-s0pwe0m0000gd', 'image_url_m17': 'https://vsprod.vijaysales.com/media/catalog/product/a/5/a5184d86-b7fa-4c78-b449-9a7a5464b25e24141310.jpg', 'rating_m17': 4, 'discount_m17': 48.11, 'main_category_m17': 'Large Appliances', 'sub_category_m17': 'Single Door', 'capacity_litres_m17': 175, 'star_rating_m17': 1, 'model_name_m17': 'RDC208E / S0PWE0M0000GD', 'category_m17': 'refrigerators', 'scrape_timestamp_m18': datetime.datetime(2026, 2, 13, 14, 36, 8, 692188), 'product_id_m18': 214203, 'brand_m18': 'LG', 'price_m18': 29490, 'mrp_m18': 38999, 'availability_m18': 'Available', 'product_url_m18': 'https://www.vijaysales.com/p/P154816/214203/lg-272-litres-2-star-frost-free-double-door-refrigerator-with-smart-diagnosis-smart-inverter-compressor-gl-n312sdsy-dazzle-steel', 'image_url_m18': 'https://vsprod.vijaysales.com/media/catalog/product/2/1/214203_3_2.jpg', 'rating_m18': 4, 'discount_m18': 24.38, 'main_category_m18': 'Large Appliances', 'sub_category_m18': 'Double Door', 'capacity_litres_m18': 272, 'star_rating_m18': 2, 'model_name_m18': 'GL-N312SDSY Dazzle Steel', 'category_m18': 'refrigerators', 'scrape_timestamp_m19': datetime.datetime(2026, 2, 13, 14, 36, 8, 692188), 'product_id_m19': 228934, 'brand_m19': 'Samsung', 'price_m19': 21790, 'mrp_m19': 26999, 'availability_m19': 'Unavailable', 'product_url_m19': 'https://www.vijaysales.com/p/228934/samsung-215-litres-5-star-direct-cool-single-door-refrigerator-with-digital-inverter-technology-rr23d2h259r-hl-paradise-bloom-purple', 'image_url_m19': 'https://vsprod.vijaysales.com/media/catalog/product/2/2/228934-image1.jpg', 'rating_m19': 5, 'discount_m19': 19.29, 'main_category_m19': 'Large Appliances', 'sub_category_m19': 'Single Door', 'capacity_litres_m19': 215, 'star_rating_m19': 5, 'model_name_m19': '5 Star', 'category_m19': 'refrigerators', 'scrape_timestamp_m20': datetime.datetime(2026, 2, 13, 14, 36, 8, 692188), 'product_id_m20': 200901, 'brand_m20': 'LG', 'price_m20': 37599, 'mrp_m20': 55999, 'availability_m20': 'Available', 'product_url_m20': 'https://www.vijaysales.com/p/P219492/200901/lg-360-ltrs-frost-free-double-door-refrigerator-gls382spzy-shiny-steel', 'image_url_m20': 'https://vsprod.vijaysales.com/media/catalog/product/2/0/200901_4_.jpg', 'rating_m20': 4, 'discount_m20': 32.86, 'main_category_m20': 'Large Appliances', 'sub_category_m20': 'Double Door', 'capacity_litres_m20': 343, 'star_rating_m20': 3, 'model_name_m20': 'GL-S382SPZY, Shiny Steel', 'category_m20': 'refrigerators', 'scrape_timestamp_m21': datetime.datetime(2026, 2, 13, 14, 36, 8, 692188), 'product_id_m21': 224350, 'brand_m21': 'Bluestar', 'price_m21': 8990, 'mrp_m21': 11990, 'availability_m21': 'Available', 'product_url_m21': 'https://www.vijaysales.com/p/224350/bluestar-47-litres-2-star-minibar-refrigerator-with-adjustable-temperature-toughened-glass-shelf-mr60-gb-black', 'image_url_m21': 'https://vsprod.vijaysales.com/media/catalog/product/2/2/224350-image1_1.jpg', 'rating_m21': 4, 'discount_m21': 25.02, 'main_category_m21': 'Large Appliances', 'sub_category_m21': 'Single Door', 'capacity_litres_m21': 47, 'star_rating_m21': 2, 'model_name_m21': 'MR60-GB, Black', 'category_m21': 'refrigerators', 'scrape_timestamp_m22': datetime.datetime(2026, 2, 13, 14, 36, 8, 692188), 'product_id_m22': 237997, 'brand_m22': 'LG', 'price_m22': 40990, 'mrp_m22': 64999, 'availability_m22': 'Available', 'product_url_m22': 'https://www.vijaysales.com/p/237997/lg-340-litres-3-star-frost-free-double-door-smart-wifi-enabled-refrigerator-with-door-cooling-plus-multi-air-flow-fast-cooling-wi-fi-lg-thinq-gl-b382dpzx-shiny-steel', 'image_url_m22': 'https://vsprod.vijaysales.com/media/catalog/product/b/a/background_3.jpg', 'rating_m22': 5, 'discount_m22': 36.94, 'main_category_m22': 'Large Appliances', 'sub_category_m22': 'Double Door', 'capacity_litres_m22': 340, 'star_rating_m22': 3, 'model_name_m22': 'LG ThinQ', 'category_m22': 'refrigerators', 'scrape_timestamp_m23': datetime.datetime(2026, 2, 13, 14, 36, 8, 692188), 'product_id_m23': 224980, 'brand_m23': 'Voltas Beko', 'price_m23': 13500, 'mrp_m23': 25990, 'availability_m23': 'Available', 'product_url_m23': 'https://www.vijaysales.com/p/224980/voltas-beko-175-litres-2-star-single-door-direct-cool-refrigerator-with-chiller-zone-stabilizer-free-operation-fresh-box-rdc208d-s0abe0m0000gd', 'image_url_m23': 'https://vsprod.vijaysales.com/media/catalog/product/2/2/224980-image1.jpg', 'rating_m23': 4, 'discount_m23': 48.06, 'main_category_m23': 'Large Appliances', 'sub_category_m23': 'Single Door', 'capacity_litres_m23': 175, 'star_rating_m23': 2, 'model_name_m23': 'RDC208D/S0ABE0M0000GD', 'category_m23': 'refrigerators', 'scrape_timestamp_m24': datetime.datetime(2026, 2, 13, 14, 36, 8, 692188), 'product_id_m24': 228749, 'brand_m24': 'LG', 'price_m24': 52390, 'mrp_m24': 82999, 'availability_m24': 'Available', 'product_url_m24': 'https://www.vijaysales.com/p/228749/lg-466-litres-frost-free-double-door-refrigerator-with-smart-inverter-compressor-convertible-wifi-support-glt492mesy-ebony-sheen', 'image_url_m24': 'https://vsprod.vijaysales.com/media/catalog/product/2/2/228749-image.jpg', 'rating_m24': 5, 'discount_m24': 36.88, 'main_category_m24': 'Large Appliances', 'sub_category_m24': 'Double Door', 'capacity_litres_m24': 466, 'star_rating_m24': 5, 'model_name_m24': 'GLT492MESY, Ebony Sheen', 'category_m24': 'refrigerators', 'scrape_timestamp_m25': datetime.datetime(2026, 2, 13, 14, 36, 8, 692188), 'product_id_m25': 238106, 'brand_m25': 'Haier', 'price_m25': 71490, 'mrp_m25': 124490, 'availability_m25': 'Available', 'product_url_m25': 'https://www.vijaysales.com/p/238106/haier-520-litres-3-star-four-door-side-by-side-refrigerator-deo-fresh-technology-convertible-85-fridge-space-no-wall-partition-magic-cooling-toughened-glass-hrb-600is-inox-steel', 'image_url_m25': 'https://vsprod.vijaysales.com/media/catalog/product/2/3/238106_3__1.jpg', 'rating_m25': 5, 'discount_m25': 42.57, 'main_category_m25': 'Large Appliances', 'sub_category_m25': 'Side By Side', 'capacity_litres_m25': 520, 'star_rating_m25': 3, 'model_name_m25': 'HRB-600IS, Inox Steel', 'category_m25': 'refrigerators', 'scrape_timestamp_m26': datetime.datetime(2026, 2, 13, 14, 36, 8, 692188), 'product_id_m26': 238984, 'brand_m26': 'Voltas', 'price_m26': 15990, 'mrp_m26': 31390, 'availability_m26': 'Available', 'product_url_m26': 'https://www.vijaysales.com/p/238984/voltas-beko-185-litres-5-star-direct-cool-single-door-refrigerator-quick-freeze-fresh-box-crisper-humidity-controller-flexlift-door-shelf-door-lock-rdc220a-w0bdetm0000gd-peony-delight-blue', 'image_url_m26': 'https://vsprod.vijaysales.com/media/catalog/product/2/3/238984_1_.jpg', 'rating_m26': 4, 'discount_m26': 49.06, 'main_category_m26': 'Large Appliances', 'sub_category_m26': 'Single Door', 'capacity_litres_m26': 185, 'star_rating_m26': 5, 'model_name_m26': 'RDC220A / W0BDETM0000GD, Peony Delight Blue', 'category_m26': 'refrigerators', 'scrape_timestamp_m27': datetime.datetime(2026, 2, 13, 14, 36, 8, 692188), 'product_id_m27': 241293, 'brand_m27': 'Haier', 'price_m27': 14990, 'mrp_m27': 21990, 'availability_m27': 'Unavailable', 'product_url_m27': 'https://www.vijaysales.com/p/241293/haier-190-litres-single-door-direct-cool-refrigerator-one-hour-icing-technology-3-toughened-glass-shelves-stabilizer-free-operation-hrd-2103bns-p-nickel-steel', 'image_url_m27': 'https://vsprod.vijaysales.com/media/catalog/product/2/4/241293_1_.jpg', 'rating_m27': 4, 'discount_m27': 31.83, 'main_category_m27': 'Large Appliances', 'sub_category_m27': 'Single Door', 'capacity_litres_m27': 190, 'star_rating_m27': 2, 'model_name_m27': 'HRD-2103BNS-P, Nickel Steel', 'category_m27': 'refrigerators', 'scrape_timestamp_m28': datetime.datetime(2026, 2, 13, 14, 36, 8, 692188), 'product_id_m28': 238913, 'brand_m28': 'IFB', 'price_m28': 13490, 'mrp_m28': 18850, 'availability_m28': 'Unavailable', 'product_url_m28': 'https://www.vijaysales.com/p/238913/ifb-187-litres-2-star-direct-cool-refrigerator-with-converti-cool-technology-fast-ice-copper-boost-toughened-glass-shelves-stabilizer-free-operation-ifbdc-2132fcs-cobalt-blue', 'image_url_m28': 'https://vsprod.vijaysales.com/media/catalog/product/2/3/238913_1_.jpg', 'rating_m28': 5, 'discount_m28': 28.44, 'main_category_m28': 'Large Appliances', 'sub_category_m28': 'Single Door', 'capacity_litres_m28': 187, 'star_rating_m28': 2, 'model_name_m28': 'IFBDC-2132FCS, Cobalt Blue', 'category_m28': 'refrigerators', 'scrape_timestamp_m29': datetime.datetime(2026, 2, 13, 14, 36, 8, 692188), 'product_id_m29': 229639, 'brand_m29': 'Haier', 'price_m29': 29390, 'mrp_m29': 47990, 'availability_m29': 'Available', 'product_url_m29': 'https://www.vijaysales.com/p/229639/haier-300-litres-2-star-bottom-mounted-frost-free-double-door-inverter-refrigerator-with-turbo-icing-technology-hrb-3502bs-p-brushline-silver', 'image_url_m29': 'https://vsprod.vijaysales.com/media/catalog/product/2/2/229639-image_8.jpg', 'rating_m29': 4, 'discount_m29': 38.76, 'main_category_m29': 'Large Appliances', 'sub_category_m29': 'Double Door', 'capacity_litres_m29': 300, 'star_rating_m29': 2, 'model_name_m29': 'HRB-3502BS-P, Brushline Silver', 'category_m29': 'refrigerators', 'scrape_timestamp_m30': datetime.datetime(2026, 2, 13, 14, 36, 8, 692188), 'product_id_m30': 231935, 'brand_m30': 'Samsung', 'price_m30': 48490, 'mrp_m30': 68990, 'availability_m30': 'Available', 'product_url_m30': 'https://www.vijaysales.com/p/231935/samsung-396-litres-2-star-bespoke-ai-double-door-refrigerator-with-convertible-5-in-1-smartthings-ai-energy-mode-rt41db6a4b22-black-glass', 'image_url_m30': 'https://vsprod.vijaysales.com/media/catalog/product/2/3/231935_1_.jpg', 'rating_m30': 4, 'discount_m30': 29.71, 'main_category_m30': 'Large Appliances', 'sub_category_m30': 'Double Door', 'capacity_litres_m30': 396, 'star_rating_m30': 2, 'model_name_m30': 'RT41DB6A4B22, Black Glass', 'category_m30': 'refrigerators', 'scrape_timestamp_m31': datetime.datetime(2026, 2, 13, 14, 36, 8, 692188), 'product_id_m31': 215138, 'brand_m31': 'Haier', 'price_m31': 40990, 'mrp_m31': 61490, 'availability_m31': 'Available', 'product_url_m31': 'https://www.vijaysales.com/p/215138/haier-355-litres-3-star-double-door-inverter-refrigerator-with-triple-inverter-technology-14-in-1-convertible-mode-hrb4053bisp-inox-steel', 'image_url_m31': 'https://vsprod.vijaysales.com/media/catalog/product/2/1/215138-image1_1.jpg', 'rating_m31': 5, 'discount_m31': 33.34, 'main_category_m31': 'Large Appliances', 'sub_category_m31': 'Double Door', 'capacity_litres_m31': 355, 'star_rating_m31': 3, 'model_name_m31': 'HRB4053BISP, Inox Steel', 'category_m31': 'refrigerators', 'scrape_timestamp_m32': datetime.datetime(2026, 2, 13, 14, 36, 8, 692188), 'product_id_m32': 224672, 'brand_m32': 'Haier', 'price_m32': 62990, 'mrp_m32': 111390, 'availability_m32': 'Available', 'product_url_m32': 'https://www.vijaysales.com/p/224672/haier-602-l-side-by-side-refrigerator-with-3-star-frost-free-wifi-enabled-stabilizer-free-operation-hrs-682ssu1-shiny-steel', 'image_url_m32': 'https://vsprod.vijaysales.com/media/catalog/product/2/2/224672-image.jpg', 'rating_m32': 5, 'discount_m32': 43.45, 'main_category_m32': 'Large Appliances', 'sub_category_m32': 'Side By Side', 'capacity_litres_m32': 602, 'star_rating_m32': 3, 'model_name_m32': 'HRS-682SSU1, Shiny Steel', 'category_m32': 'refrigerators', 'scrape_timestamp_m33': datetime.datetime(2026, 2, 13, 14, 36, 8, 692188), 'product_id_m33': 238076, 'brand_m33': 'Samsung', 'price_m33': 39990, 'mrp_m33': 57990, 'availability_m33': 'Unavailable', 'product_url_m33': 'https://www.vijaysales.com/p/238076/samsung-350-litres-2-star-double-door-frost-free-inverter-refrigerator-with-convertible-5-in-1-wi-fi-enabled-twin-cooling-plus-rt38dg5a2bbxhl-luxe-black', 'image_url_m33': 'https://vsprod.vijaysales.com/media/catalog/product/2/3/238076_1_.jpg', 'rating_m33': 4, 'discount_m33': 31.04, 'main_category_m33': 'Large Appliances', 'sub_category_m33': 'Double Door', 'capacity_litres_m33': 350, 'star_rating_m33': 2, 'model_name_m33': 'RT38DG5A2BBXHL, Luxe Black', 'category_m33': 'refrigerators', 'scrape_timestamp_m34': datetime.datetime(2026, 2, 13, 14, 36, 8, 692188), 'product_id_m34': 235069, 'brand_m34': 'LG', 'price_m34': 12490, 'mrp_m34': 13999, 'availability_m34': 'Available', 'product_url_m34': 'https://www.vijaysales.com/p/235069/lg-90-litres-1-star-single-door-direct-cool-mini-refrigerator-door-basket-chiller-tray-freezer-section-stylish-pocket-handle-anti-bacterial-gasket-gl-m131rdsb-dazzle-steel', 'image_url_m34': 'https://vsprod.vijaysales.com/media/catalog/product/2/3/235069_1_.jpg', 'rating_m34': 4, 'discount_m34': 10.78, 'main_category_m34': 'Large Appliances', 'sub_category_m34': 'Single Door', 'capacity_litres_m34': 90, 'star_rating_m34': 1, 'model_name_m34': 'GL-M131RDSB, Dazzle Steel', 'category_m34': 'refrigerators', 'scrape_timestamp_m35': datetime.datetime(2026, 2, 13, 14, 36, 8, 692188), 'product_id_m35': 238074, 'brand_m35': 'Samsung', 'price_m35': 38990, 'mrp_m35': 56990, 'availability_m35': 'Unavailable', 'product_url_m35': 'https://www.vijaysales.com/p/238074/samsung-330-litres-3-star-bespoke-ai-double-door-frost-free-refrigerator-convertible-5-in-1-twin-cooling-plus-wi-fi-enabled-power-cool-free-rt34dg5a4db1-black-matt', 'image_url_m35': 'https://vsprod.vijaysales.com/media/catalog/product/2/3/238074_1_.jpg', 'rating_m35': 5, 'discount_m35': 31.58, 'main_category_m35': 'Large Appliances', 'sub_category_m35': 'Double Door', 'capacity_litres_m35': 330, 'star_rating_m35': 3, 'model_name_m35': 'RT34DG5A4DB1, Black Matt', 'category_m35': 'refrigerators', 'scrape_timestamp_m36': datetime.datetime(2026, 2, 13, 14, 36, 8, 692188), 'product_id_m36': 227320, 'brand_m36': 'Bosch', 'price_m36': 40990, 'mrp_m36': 60590, 'availability_m36': 'Available', 'product_url_m36': 'https://www.vijaysales.com/p/227320/bosch-368-litres-frost-free-double-door-refrigerator-with-freezer-at-top-ctc39s02ni-shiney-silver', 'image_url_m36': 'https://vsprod.vijaysales.com/media/catalog/product/2/2/227320-image.jpg', 'rating_m36': 4, 'discount_m36': 32.35, 'main_category_m36': 'Large Appliances', 'sub_category_m36': 'Double Door', 'capacity_litres_m36': 368, 'star_rating_m36': 1, 'model_name_m36': 'CTC39S02NI, Shiney Silver', 'category_m36': 'refrigerators', 'scrape_timestamp_m37': datetime.datetime(2026, 2, 13, 14, 36, 8, 692188), 'product_id_m37': 230140, 'brand_m37': 'LG', 'price_m37': 107990, 'mrp_m37': 167999, 'availability_m37': 'Available', 'product_url_m37': 'https://www.vijaysales.com/p/230140/lg-630-litres-side-by-side-refrigerator-with-3-star-wi-fi-convertible-water-ice-dispenser-smart-inverter-compressor-gl-l257cpz3-shiny-steel', 'image_url_m37': 'https://vsprod.vijaysales.com/media/catalog/product/g/l/gl-l257cpz3_1.jpg', 'rating_m37': 4, 'discount_m37': 35.72, 'main_category_m37': 'Large Appliances', 'sub_category_m37': 'Side By Side', 'capacity_litres_m37': 630, 'star_rating_m37': 3, 'model_name_m37': 'GL-L257CPZ3, Shiny Steel', 'category_m37': 'refrigerators', 'scrape_timestamp_m38': datetime.datetime(2026, 2, 13, 14, 36, 8, 692188), 'product_id_m38': 218162, 'brand_m38': 'Whirlpool', 'price_m38': 20990, 'mrp_m38': 27250, 'availability_m38': 'Unavailable', 'product_url_m38': 'https://www.vijaysales.com/p/P218162/218162/whirlpool-236-litres-4-star-icemagic-pro-plus-direct-cool-single-door-inverter-refrigerator-260-impro-plus-roy-4s-as-z-alpha-steel-z', 'image_url_m38': 'https://vsprod.vijaysales.com/media/catalog/product/2/1/218162-image1_1.jpg', 'rating_m38': 5, 'discount_m38': 22.97, 'main_category_m38': 'Large Appliances', 'sub_category_m38': 'Single Door', 'capacity_litres_m38': 236, 'star_rating_m38': 4, 'model_name_m38': '260 Icemagic Pro Plus ROY 4S AS Z, ALPHA STEEL-Z', 'category_m38': 'refrigerators', 'scrape_timestamp_m39': datetime.datetime(2026, 2, 13, 14, 36, 8, 692188), 'product_id_m39': 245427, 'brand_m39': 'Whirlpool', 'price_m39': 31990, 'mrp_m39': 46050, 'availability_m39': 'Available', 'product_url_m39': 'https://www.vijaysales.com/p/245427/whirlpool-285-litres-2-star-double-door-frost-free-bottom-mount-refrigerator-3d-airflow-technology-high-cooling-retention-omega-steel', 'image_url_m39': 'https://vsprod.vijaysales.com/media/catalog/product/2/4/245427.jpg', 'rating_m39': 5, 'discount_m39': 30.53, 'main_category_m39': 'Large Appliances', 'sub_category_m39': 'Double Door', 'capacity_litres_m39': 285, 'star_rating_m39': 2, 'model_name_m39': 'Omega Steel', 'category_m39': 'refrigerators', 'scrape_timestamp_m40': datetime.datetime(2026, 2, 13, 14, 36, 8, 692188), 'product_id_m40': 230048, 'brand_m40': 'LG', 'price_m40': 174990, 'mrp_m40': 263999, 'availability_m40': 'Available', 'product_url_m40': 'https://www.vijaysales.com/p/230048/lg-630-l-side-by-side-refrigerator-with-3-star-instaview-wi-fi-convertible-uv-nano-self-cleaning-water-dispenser-gl-x257amc3-matte-black', 'image_url_m40': 'https://vsprod.vijaysales.com/media/catalog/product/g/l/gl-x257amc3_.jpg', 'rating_m40': 5, 'discount_m40': 33.72, 'main_category_m40': 'Large Appliances', 'sub_category_m40': 'Side By Side', 'capacity_litres_m40': 630, 'star_rating_m40': 3, 'model_name_m40': 'GL-X257AMC3, Matte Black', 'category_m40': 'refrigerators', 'scrape_timestamp_m41': datetime.datetime(2026, 2, 13, 14, 36, 8, 692188), 'product_id_m41': 214079, 'brand_m41': 'Samsung', 'price_m41': 28200, 'mrp_m41': 41990, 'availability_m41': 'Unavailable', 'product_url_m41': 'https://www.vijaysales.com/p/214079/samsung-2-star-256-litres-convertible-double-door-refrigerator-with-digital-inverter-compressor-elegant-inox-rt30c3732s8-hl', 'image_url_m41': 'https://vsprod.vijaysales.com/media/catalog/product/2/1/214079-image1_1.jpg', 'rating_m41': 5, 'discount_m41': 32.84, 'main_category_m41': 'Large Appliances', 'sub_category_m41': 'Double Door', 'capacity_litres_m41': 256, 'star_rating_m41': 2, 'model_name_m41': 'Elegant Inox, RT30C3732S8/HL', 'category_m41': 'refrigerators', 'scrape_timestamp_m42': datetime.datetime(2026, 2, 13, 14, 36, 8, 692188), 'product_id_m42': 242384, 'brand_m42': 'Midea', 'price_m42': 47990, 'mrp_m42': 99990, 'availability_m42': 'Available', 'product_url_m42': 'https://www.vijaysales.com/p/242384/midea-563-litres-side-by-side-inverter-refrigerator-digital-control-highlight-led-2l-door-bin-portable-ice-maker-water-dispenser-easy-organization-mdrs710fgf46-bru-steel', 'image_url_m42': 'https://vsprod.vijaysales.com/media/catalog/product/2/4/242384_1_.jpg', 'rating_m42': 4, 'discount_m42': 52.01, 'main_category_m42': 'Large Appliances', 'sub_category_m42': 'Side By Side', 'capacity_litres_m42': 563, 'star_rating_m42': 2, 'model_name_m42': 'MDRS710FGF46, Bru Steel', 'category_m42': 'refrigerators', 'scrape_timestamp_m43': datetime.datetime(2026, 2, 13, 14, 36, 8, 692188), 'product_id_m43': 214085, 'brand_m43': 'Samsung', 'price_m43': 87990, 'mrp_m43': 137000, 'availability_m43': 'Available', 'product_url_m43': 'https://www.vijaysales.com/p/P218271/214085/samsung-653-litres-3-star-frost-free-side-by-side-refrigerator-with-twin-cooling-plus-digital-inverter-compressor-rs76cg8113sl-hl-ez-clean-steel', 'image_url_m43': 'https://vsprod.vijaysales.com/media/catalog/product/2/1/214085.jpg', 'rating_m43': 4, 'discount_m43': 35.77, 'main_category_m43': 'Large Appliances', 'sub_category_m43': 'Side By Side', 'capacity_litres_m43': 653, 'star_rating_m43': 3, 'model_name_m43': 'RS76CG8113SL/HL, EZ Clean Steel', 'category_m43': 'refrigerators', 'scrape_timestamp_m44': datetime.datetime(2026, 2, 13, 14, 36, 8, 692188), 'product_id_m44': 215131, 'brand_m44': 'Whirlpool', 'price_m44': 15490, 'mrp_m44': 19200, 'availability_m44': 'Available', 'product_url_m44': 'https://www.vijaysales.com/p/P214455/215131/whirlpool-192-litres-3-star-star-direct-cool-single-door-refrigerator-no-1-in-ice-making-215-icemagic-pro-prm-3s-ciz-cool-illusia-z', 'image_url_m44': 'https://vsprod.vijaysales.com/media/catalog/product/2/1/215131-image1_1.jpg', 'rating_m44': 5, 'discount_m44': 19.32, 'main_category_m44': 'Large Appliances', 'sub_category_m44': 'Single Door', 'capacity_litres_m44': 192, 'star_rating_m44': 3, 'model_name_m44': '215 Icemagic Pro PRM 3S CIZ, Cool Illusia-Z', 'category_m44': 'refrigerators', 'scrape_timestamp_m45': datetime.datetime(2026, 2, 13, 14, 36, 8, 692188), 'product_id_m45': 235115, 'brand_m45': 'Godrej', 'price_m45': 11300, 'mrp_m45': 14490, 'availability_m45': 'Unavailable', 'product_url_m45': 'https://www.vijaysales.com/p/235115/godrej-97-litres-1-star-direct-cool-single-door-refrigerator-with-jumbo-vegetable-tray-separate-quick-ice-making-space-rd-champ-114a-wpf-st-gr', 'image_url_m45': 'https://vsprod.vijaysales.com/media/catalog/product/2/2/2235115_1_.jpg', 'rating_m45': 4, 'discount_m45': 22.02, 'main_category_m45': 'Large Appliances', 'sub_category_m45': 'Single Door', 'capacity_litres_m45': 97, 'star_rating_m45': 1, 'model_name_m45': 'RD Champ 114A WPF ST GR, Steel Grey', 'category_m45': 'refrigerators', 'scrape_timestamp_m46': datetime.datetime(2026, 2, 13, 14, 36, 8, 692188), 'product_id_m46': 215308, 'brand_m46': 'LG', 'price_m46': 74990, 'mrp_m46': 111499, 'availability_m46': 'Available', 'product_url_m46': 'https://www.vijaysales.com/p/215308/lg-592-litres-1-star-frost-free-double-door-refrigerator-with-inverter-technology-deodorizer-grh812hlhm', 'image_url_m46': 'https://vsprod.vijaysales.com/media/catalog/product/g/r/gr-h812hlhm_1-1_-_copy_1.jpg', 'rating_m46': 4, 'discount_m46': 32.74, 'main_category_m46': 'Large Appliances', 'sub_category_m46': 'Double Door', 'capacity_litres_m46': 592, 'star_rating_m46': 1, 'model_name_m46': 'GR-H812HLHM', 'category_m46': 'refrigerators', 'scrape_timestamp_m47': datetime.datetime(2026, 2, 13, 14, 36, 8, 692188), 'product_id_m47': 226092, 'brand_m47': 'Whirlpool', 'price_m47': 16990, 'mrp_m47': 23300, 'availability_m47': 'Available', 'product_url_m47': 'https://www.vijaysales.com/p/226092/whirlpool-icemagic-pro-192-litres-5-star-direct-cool-single-door-inverter-refrigerator-with-magic-chiller-large-vegetable-crisper-microblock-technology-sapphire-silk', 'image_url_m47': 'https://vsprod.vijaysales.com/media/catalog/product/2/2/226092_1_.jpg', 'rating_m47': 5, 'discount_m47': 27.08, 'main_category_m47': 'Large Appliances', 'sub_category_m47': 'Single Door', 'capacity_litres_m47': 192, 'star_rating_m47': 5, 'model_name_m47': 'Sapphire Silk', 'category_m47': 'refrigerators', 'scrape_timestamp_m48': datetime.datetime(2026, 2, 13, 14, 36, 8, 692188), 'product_id_m48': 218132, 'brand_m48': 'Godrej', 'price_m48': 27490, 'mrp_m48': 41590, 'availability_m48': 'Unavailable', 'product_url_m48': 'https://www.vijaysales.com/p/P217434/218132/godrej-272-litres-2-star-frost-free-double-door-refrigerator-with-cool-balance-technology-rt-eoncrystal-310b-ri-ob-onyx-black', 'image_url_m48': 'https://vsprod.vijaysales.com/media/catalog/product/2/1/218132-image1_1.jpg', 'rating_m48': 5, 'discount_m48': 33.9, 'main_category_m48': 'Large Appliances', 'sub_category_m48': 'Double Door', 'capacity_litres_m48': 272, 'star_rating_m48': 2, 'model_name_m48': 'RT Eon Crystal 310B RI OB, Onyx Black', 'category_m48': 'refrigerators', 'scrape_timestamp_m49': datetime.datetime(2026, 2, 13, 14, 36, 8, 692188), 'product_id_m49': 200979, 'brand_m49': 'LG', 'price_m49': 46490, 'mrp_m49': 66999, 'availability_m49': 'Available', 'product_url_m49': 'https://www.vijaysales.com/p/P219492/200979/lg-423-ltrs-2-star-frost-free-double-door-refrigerator-gls422spzy-shiny-steel', 'image_url_m49': 'https://vsprod.vijaysales.com/media/catalog/product/2/0/200979_1_2.jpg', 'rating_m49': 4, 'discount_m49': 30.61, 'main_category_m49': 'Large Appliances', 'sub_category_m49': 'Double Door', 'capacity_litres_m49': 398, 'star_rating_m49': 2, 'model_name_m49': 'GL-S422SPZY, Shiny Steel', 'category_m49': 'refrigerators', 'scrape_timestamp_m50': datetime.datetime(2026, 2, 13, 14, 36, 8, 692188), 'product_id_m50': 185825, 'brand_m50': 'Samsung', 'price_m50': 86990, 'mrp_m50': 108990, 'availability_m50': 'Available', 'product_url_m50': 'https://www.vijaysales.com/p/185825/samsung-580-ltrs-side-by-side-french-door-inverter-refrigerator-rf57a5032b1-black', 'image_url_m50': 'https://vsprod.vijaysales.com/media/catalog/product/1/8/185825-image1_4.jpg', 'rating_m50': 4, 'discount_m50': 20.19, 'main_category_m50': 'Large Appliances', 'sub_category_m50': 'Side By Side', 'capacity_litres_m50': 580, 'star_rating_m50': 2, 'model_name_m50': 'RF57A5032B1, Black', 'category_m50': 'refrigerators', 'scrape_timestamp_m51': datetime.datetime(2026, 2, 13, 14, 36, 8, 692188), 'product_id_m51': 218131, 'brand_m51': 'Godrej', 'price_m51': 13990, 'mrp_m51': 20590, 'availability_m51': 'Unavailable', 'product_url_m51': 'https://www.vijaysales.com/p/218131/godrej-180-litres-3-star-direct-cool-single-door-refrigerator-with-turbo-cooling-technology-rderiopls205cthfstgl-steel-glow', 'image_url_m51': 'https://vsprod.vijaysales.com/media/catalog/product/r/d/rderiopls205cthfstgl_1_.jpg', 'rating_m51': 5, 'discount_m51': 32.05, 'main_category_m51': 'Large Appliances', 'sub_category_m51': 'Single Door', 'capacity_litres_m51': 180, 'star_rating_m51': 3, 'model_name_m51': 'RD ERIOPLS 205C THF ST GL, Steel Glow', 'category_m51': 'refrigerators', 'scrape_timestamp_m52': datetime.datetime(2026, 2, 13, 14, 36, 8, 692188), 'product_id_m52': 218087, 'brand_m52': 'LG', 'price_m52': 64990, 'mrp_m52': 100999, 'availability_m52': 'Available', 'product_url_m52': 'https://www.vijaysales.com/p/P218086/218087/lg-506-litres-1-star-frost-free-double-door-refrigerator-with-door-alarm-convertible-inverter-linear-compressor-gn-h702hlhm', 'image_url_m52': 'https://vsprod.vijaysales.com/media/catalog/product/g/n/gn-h702hlhm_1-1__29_may_2025_.jpg', 'rating_m52': 4, 'discount_m52': 35.65, 'main_category_m52': 'Large Appliances', 'sub_category_m52': 'Double Door', 'capacity_litres_m52': 506, 'star_rating_m52': 3, 'model_name_m52': 'GN-H702HLHM, Platinum Silver', 'category_m52': 'refrigerators', 'scrape_timestamp_m53': datetime.datetime(2026, 2, 13, 14, 36, 8, 692188), 'product_id_m53': 238735, 'brand_m53': 'Haier', 'price_m53': 84990, 'mrp_m53': 137990, 'availability_m53': 'Available', 'product_url_m53': 'https://www.vijaysales.com/p/238735/haier-520-litres-3-star-convertible-4-door-side-by-side-wi-fi-refrigerator-deo-fresh-technology-toughened-glass-shelves-smart-sense-ai-hrb-600kgu1-black-glass', 'image_url_m53': 'https://vsprod.vijaysales.com/media/catalog/product/h/r/hrb-600kgu1-01.jpg', 'rating_m53': 4, 'discount_m53': 38.41, 'main_category_m53': 'Large Appliances', 'sub_category_m53': 'Side By Side', 'capacity_litres_m53': 520, 'star_rating_m53': 3, 'model_name_m53': 'HRB-600KGU1, Black Glass', 'category_m53': 'refrigerators', 'scrape_timestamp_m54': datetime.datetime(2026, 2, 13, 14, 36, 8, 692188), 'product_id_m54': 222378, 'brand_m54': 'LG', 'price_m54': 98990, 'mrp_m54': 158499, 'availability_m54': 'Available', 'product_url_m54': 'https://www.vijaysales.com/p/P222377/222378/lg-650-litres-side-by-side-door-convertible-refrigerator-with-door-cooling-hygiene-fresh-in-glass-finish-gl-b257dlw3-linen-white', 'image_url_m54': 'https://vsprod.vijaysales.com/media/catalog/product/g/l/gl-b257dlw3_1.jpg', 'rating_m54': 4, 'discount_m54': 37.55, 'main_category_m54': 'Large Appliances', 'sub_category_m54': 'Side By Side', 'capacity_litres_m54': 650, 'star_rating_m54': 2, 'model_name_m54': 'GL-B257DLW3, Linen White', 'category_m54': 'refrigerators', 'scrape_timestamp_m55': datetime.datetime(2026, 2, 13, 14, 36, 8, 692188), 'product_id_m55': 238105, 'brand_m55': 'Haier', 'price_m55': 95390, 'mrp_m55': 152490, 'availability_m55': 'Available', 'product_url_m55': 'https://www.vijaysales.com/p/238105/haier-520-litres-3-star-4-door-side-by-side-refrigerator-with-wi-fi-convertible-magic-zone-colorful-digital-display-sunlit-interior-ipx5-waterproof-hrb-600mgu1-mirror-glass', 'image_url_m55': 'https://vsprod.vijaysales.com/media/catalog/product/2/3/238105_1_.jpg', 'rating_m55': 4, 'discount_m55': 37.45, 'main_category_m55': 'Large Appliances', 'sub_category_m55': 'Side By Side', 'capacity_litres_m55': 520, 'star_rating_m55': 3, 'model_name_m55': 'HRB-600MGU1, Mirror Glass', 'category_m55': 'refrigerators', 'scrape_timestamp_m56': datetime.datetime(2026, 2, 13, 14, 36, 8, 692188), 'product_id_m56': 243583, 'brand_m56': 'LG', 'price_m56': 49990, 'mrp_m56': 68999, 'availability_m56': 'Unavailable', 'product_url_m56': 'https://www.vijaysales.com/p/243583/lg-340-litres-3-star-double-door-frost-free-bottom-freezer-refrigerator-door-cooling-plus-wi-fi-convertible-lg-thinq-bottle-rack-multi-air-flow-gl-b382ebmx-black-mirror', 'image_url_m56': 'https://vsprod.vijaysales.com/media/catalog/product/5/2/5236.jpg', 'rating_m56': 5, 'discount_m56': 27.55, 'main_category_m56': 'Large Appliances', 'sub_category_m56': 'Double Door', 'capacity_litres_m56': 340, 'star_rating_m56': 3, 'model_name_m56': 'GL-B382EBMX, Black Mirror', 'category_m56': 'refrigerators', 'scrape_timestamp_m57': datetime.datetime(2026, 2, 13, 14, 36, 8, 692188), 'product_id_m57': 244760, 'brand_m57': 'Samsung', 'price_m57': 29600, 'mrp_m57': 36990, 'availability_m57': 'Available', 'product_url_m57': 'https://www.vijaysales.com/p/244760/samsung-236-litres-frost-free-double-door-inverter-refrigerator-with-base-stand-drawer-all-around-cooling-easy-slide-shelf-movable-ice-maker-door-alarm-rt28c31429r-paradise-bloom-purple', 'image_url_m57': 'https://vsprod.vijaysales.com/media/catalog/product/2/4/244760_1_.jpg', 'rating_m57': 5, 'discount_m57': 19.98, 'main_category_m57': 'Large Appliances', 'sub_category_m57': 'Double Door', 'capacity_litres_m57': 236, 'star_rating_m57': 5, 'model_name_m57': 'RT28C31429R, Paradise Bloom Purple', 'category_m57': 'refrigerators', 'scrape_timestamp_m58': datetime.datetime(2026, 2, 13, 14, 36, 8, 692188), 'product_id_m58': 240984, 'brand_m58': 'IFB', 'price_m58': 23990, 'mrp_m58': 36500, 'availability_m58': 'Available', 'product_url_m58': 'https://www.vijaysales.com/p/240984/ifb-243-litres-2-star-frost-free-double-door-inverter-refrigerator-with-surround-cooling-ice-twister-deodorizer-lock-key-toughened-glass-shelves-ifbff-2902ibs-brush-steel', 'image_url_m58': 'https://vsprod.vijaysales.com/media/catalog/product/2/4/240984_1_.jpg', 'rating_m58': 4, 'discount_m58': 34.27, 'main_category_m58': 'Large Appliances', 'sub_category_m58': 'Double Door', 'capacity_litres_m58': 243, 'star_rating_m58': 2, 'model_name_m58': 'IFBFF-2902IBS, Brush Steel', 'category_m58': 'refrigerators', 'scrape_timestamp_m59': datetime.datetime(2026, 2, 13, 14, 36, 8, 692188), 'product_id_m59': 242295, 'brand_m59': 'Haier', 'price_m59': 23990, 'mrp_m59': 35990, 'availability_m59': 'Available', 'product_url_m59': 'https://www.vijaysales.com/p/242295/haier-240-litres-2-star-double-door-frost-free-refrigerator-5-in-1-convertible-separate-fruit-box-turbo-icing-toughened-glass-shelves-anti-bacterial-gasket-hrf-2902ibbs-p-brushline-silver', 'image_url_m59': 'https://vsprod.vijaysales.com/media/catalog/product/2/4/242295_1_.jpg', 'rating_m59': 4, 'discount_m59': 33.34, 'main_category_m59': 'Large Appliances', 'sub_category_m59': 'Double Door', 'capacity_litres_m59': 240, 'star_rating_m59': 2, 'model_name_m59': 'HRF-2902IBBS-P, Brushline Silver', 'category_m59': 'refrigerators', 'scrape_timestamp_m60': datetime.datetime(2026, 2, 13, 14, 36, 8, 692188), 'product_id_m60': 230868, 'brand_m60': 'Haier', 'price_m60': 36990, 'mrp_m60': 57890, 'availability_m60': 'Available', 'product_url_m60': 'https://www.vijaysales.com/p/230868/haier-325-litres-2-star-bottom-mounted-frost-free-double-door-inverter-refrigerator-with-magic-cooling-14-in-1-convertible-hrb-3752bgk-p', 'image_url_m60': 'https://vsprod.vijaysales.com/media/catalog/product/2/3/230868-image.jpg', 'rating_m60': 5, 'discount_m60': 36.1, 'main_category_m60': 'Large Appliances', 'sub_category_m60': 'Double Door', 'capacity_litres_m60': 325, 'star_rating_m60': 2, 'model_name_m60': 'HRB-3752BGK-P', 'category_m60': 'refrigerators', 'scrape_timestamp_m61': datetime.datetime(2026, 2, 13, 14, 36, 8, 692188), 'product_id_m61': 218133, 'brand_m61': 'Godrej', 'price_m61': 25490, 'mrp_m61': 37990, 'availability_m61': 'Unavailable', 'product_url_m61': 'https://www.vijaysales.com/p/P217435/218133/godrej-272-litres-2-star-frost-free-double-door-refrigerator-with-cool-balance-technology-rteonvalor310brifsst-fossil-steel', 'image_url_m61': 'https://vsprod.vijaysales.com/media/catalog/product/r/t/rt_eonvalor_310b_ri_fs_st_1_.jpg', 'rating_m61': 4, 'discount_m61': 32.9, 'main_category_m61': 'Large Appliances', 'sub_category_m61': 'Double Door', 'capacity_litres_m61': 272, 'star_rating_m61': 2, 'model_name_m61': 'RT Eon Valor 310B RI FS ST, Fossil Steel', 'category_m61': 'refrigerators', 'scrape_timestamp_m62': datetime.datetime(2026, 2, 13, 14, 36, 8, 692188), 'product_id_m62': 231936, 'brand_m62': 'Samsung', 'price_m62': 48490, 'mrp_m62': 69990, 'availability_m62': 'Available', 'product_url_m62': 'https://www.vijaysales.com/p/231936/samsung-419-litres-frost-free-bespoke-ai-double-door-refrigerator-with-convertible-5-in-1-wi-fi-embedded-rt45dg6a2bslhl-real-stainless', 'image_url_m62': 'https://vsprod.vijaysales.com/media/catalog/product/2/3/231936-image_7.jpg', 'rating_m62': 5, 'discount_m62': 30.72, 'main_category_m62': 'Large Appliances', 'sub_category_m62': 'Double Door', 'capacity_litres_m62': 419, 'star_rating_m62': 3, 'model_name_m62': 'RT45DG6A2BSLHL, Real Stainless', 'category_m62': 'refrigerators', 'scrape_timestamp_m63': datetime.datetime(2026, 2, 13, 14, 36, 8, 692188), 'product_id_m63': 243941, 'brand_m63': 'IFB', 'price_m63': 16490, 'mrp_m63': 21600, 'availability_m63': 'Available', 'product_url_m63': 'https://www.vijaysales.com/p/243941/ifb-187-l-5-star-single-door-direct-cool-refrigerator-with-anti-bacterial-gasket-converti-cool-copper-boost-xl-bottle-bin-ifbdc-2135ibs-brush-grey', 'image_url_m63': 'https://vsprod.vijaysales.com/media/catalog/product/2/4/243941_2_.jpg', 'rating_m63': 4, 'discount_m63': 23.66, 'main_category_m63': 'Large Appliances', 'sub_category_m63': 'Single Door', 'capacity_litres_m63': 187, 'star_rating_m63': 5, 'model_name_m63': 'IFBDC-2135IBS, Brush Grey', 'category_m63': 'refrigerators', 'scrape_timestamp_m64': datetime.datetime(2026, 2, 13, 14, 36, 8, 692188), 'product_id_m64': 240838, 'brand_m64': 'Samsung', 'price_m64': 62990, 'mrp_m64': 94990, 'availability_m64': 'Available', 'product_url_m64': 'https://www.vijaysales.com/p/240838/samsung-530-litres-1-star-bespoke-ai-double-door-frost-free-refrigerator-with-convertible-5-in-1-twin-cooling-plus-wi-fi-embedded-power-cool-power-freeze-rt56dg7a6ab1-black-matt', 'image_url_m64': 'https://vsprod.vijaysales.com/media/catalog/product/2/4/240838.jpg', 'rating_m64': 4, 'discount_m64': 33.69, 'main_category_m64': 'Large Appliances', 'sub_category_m64': 'Double Door', 'capacity_litres_m64': 530, 'star_rating_m64': 1, 'model_name_m64': 'RT56DG7A6AB1, Black Matt', 'category_m64': 'refrigerators', 'scrape_timestamp_m65': datetime.datetime(2026, 2, 13, 14, 36, 8, 692188), 'product_id_m65': 226095, 'brand_m65': 'Whirlpool', 'price_m65': 25490, 'mrp_m65': 33700, 'availability_m65': 'Unavailable', 'product_url_m65': 'https://www.vijaysales.com/p/226095/whirlpool-235-litres-2-star-frost-free-double-door-refrigerator-with-ice-twister-fast-bottle-cooling-neo-278gd-prm-crystal-black', 'image_url_m65': 'https://vsprod.vijaysales.com/media/catalog/product/2/2/226095-image1_1.jpg', 'rating_m65': 5, 'discount_m65': 24.36, 'main_category_m65': 'Large Appliances', 'sub_category_m65': 'Double Door', 'capacity_litres_m65': 235, 'star_rating_m65': 2, 'model_name_m65': 'NEO 278GD PRM, Crystal Black', 'category_m65': 'refrigerators', 'scrape_timestamp_m66': datetime.datetime(2026, 2, 13, 14, 36, 8, 692188), 'product_id_m66': 214546, 'brand_m66': 'Samsung', 'price_m66': 27990, 'mrp_m66': 35990, 'availability_m66': 'Unavailable', 'product_url_m66': 'https://www.vijaysales.com/p/214546/samsung-2-star-236-litres-frost-free-convertible-double-door-refrigerator-with-smart-connect-inverter-elegant-inox-rt28c3732s8-hl', 'image_url_m66': 'https://vsprod.vijaysales.com/media/catalog/product/r/t/rt28c3732s8_1_.jpg', 'rating_m66': 4, 'discount_m66': 22.23, 'main_category_m66': 'Large Appliances', 'sub_category_m66': 'Double Door', 'capacity_litres_m66': 236, 'star_rating_m66': 2, 'model_name_m66': 'Elegant Inox, RT28C3732S8/HL', 'category_m66': 'refrigerators', 'scrape_timestamp_m67': datetime.datetime(2026, 2, 13, 14, 36, 8, 692188), 'product_id_m67': 214086, 'brand_m67': 'Samsung', 'price_m67': 89990, 'mrp_m67': 140000, 'availability_m67': 'Available', 'product_url_m67': 'https://www.vijaysales.com/p/P218271/214086/samsung-653-litres-3-star-frost-free-side-by-side-refrigerator-with-twin-cooling-plus-digital-inverter-compressor-rs76cg8113b1-hl-black-doi', 'image_url_m67': 'https://vsprod.vijaysales.com/media/catalog/product/2/1/214086.jpg', 'rating_m67': 5, 'discount_m67': 35.72, 'main_category_m67': 'Large Appliances', 'sub_category_m67': 'Side By Side', 'capacity_litres_m67': 653, 'star_rating_m67': 3, 'model_name_m67': 'RS76CG8113B1/HL, Black DOI', 'category_m67': 'refrigerators', 'scrape_timestamp_m68': datetime.datetime(2026, 2, 13, 14, 36, 8, 692188), 'product_id_m68': 238075, 'brand_m68': 'Samsung', 'price_m68': 36990, 'mrp_m68': 53990, 'availability_m68': 'Unavailable', 'product_url_m68': 'https://www.vijaysales.com/p/238075/samsung-330-litres-2-star-frost-free-inverter-refrigerator-with-convertible-5-in-1-twin-cooling-plus-wi-fi-enabled-power-cool-rt34dg5a2bs8hl-elegant-inox', 'image_url_m68': 'https://vsprod.vijaysales.com/media/catalog/product/2/3/238075_1_.jpg', 'rating_m68': 4, 'discount_m68': 31.49, 'main_category_m68': 'Large Appliances', 'sub_category_m68': 'Double Door', 'capacity_litres_m68': 330, 'star_rating_m68': 2, 'model_name_m68': 'RT34DG5A2BS8HL, Elegant Inox', 'category_m68': 'refrigerators', 'scrape_timestamp_m69': datetime.datetime(2026, 2, 13, 14, 36, 8, 692188), 'product_id_m69': 228748, 'brand_m69': 'LG', 'price_m69': 44990, 'mrp_m69': 69999, 'availability_m69': 'Available', 'product_url_m69': 'https://www.vijaysales.com/p/228748/lg-446-litres-1-star-double-door-frost-free-refrigerator-with-door-cooling-convertible-smart-diagnosis-toughened-glass-shelf-gl-t502cpzr', 'image_url_m69': 'https://vsprod.vijaysales.com/media/catalog/product/2/2/228748.jpg', 'rating_m69': 5, 'discount_m69': 35.73, 'main_category_m69': 'Large Appliances', 'sub_category_m69': 'Double Door', 'capacity_litres_m69': 446, 'star_rating_m69': 1, 'model_name_m69': 'GL-T502CPZR', 'category_m69': 'refrigerators', 'scrape_timestamp_m70': datetime.datetime(2026, 2, 13, 14, 36, 8, 692188), 'product_id_m70': 242296, 'brand_m70': 'Haier', 'price_m70': 25490, 'mrp_m70': 35990, 'availability_m70': 'Available', 'product_url_m70': 'https://www.vijaysales.com/p/242296/haier-268-litres-2-star-double-door-frost-free-refrigerator-turbo-icing-stabilizer-free-operation-toughened-glass-shelves-led-light-hrf-3182iens-p-nickel-steel', 'image_url_m70': 'https://vsprod.vijaysales.com/media/catalog/product/2/4/242296_1_.jpeg', 'rating_m70': 5, 'discount_m70': 29.17, 'main_category_m70': 'Large Appliances', 'sub_category_m70': 'Double Door', 'capacity_litres_m70': 268, 'star_rating_m70': 2, 'model_name_m70': 'HRF-3182IENS-P, Nickel Steel', 'category_m70': 'refrigerators', 'scrape_timestamp_m71': datetime.datetime(2026, 2, 13, 14, 36, 8, 692188), 'product_id_m71': 244763, 'brand_m71': 'Samsung', 'price_m71': 16990, 'mrp_m71': 21999, 'availability_m71': 'Unavailable', 'product_url_m71': 'https://www.vijaysales.com/p/244763/samsung-183-litres-5-star-single-door-direct-cool-refrigerator-toughened-glass-premium-veg-box-base-stand-drawer-clear-view-lamp-stabilizer-free-operation-rr20f2825br-burgundy-red', 'image_url_m71': 'https://vsprod.vijaysales.com/media/catalog/product/2/4/244763_1_.jpg', 'rating_m71': 4, 'discount_m71': 22.77, 'main_category_m71': 'Large Appliances', 'sub_category_m71': 'Single Door', 'capacity_litres_m71': 183, 'star_rating_m71': 5, 'model_name_m71': 'RR20F2825BR, Burgundy Red', 'category_m71': 'refrigerators', 'scrape_timestamp_m72': datetime.datetime(2026, 2, 13, 14, 36, 8, 692188), 'product_id_m72': 221428, 'brand_m72': 'Bosch', 'price_m72': 81990, 'mrp_m72': 108090, 'availability_m72': 'Available', 'product_url_m72': 'https://www.vijaysales.com/p/P190437/221428/bosch-6-series-508-litres-2-star-frost-free-double-door-bottom-mount-refrigerator-with-vario-inverter-compressor-kgn56lb42i-black', 'image_url_m72': 'https://vsprod.vijaysales.com/media/catalog/product/2/2/221428-image1_2.jpg', 'rating_m72': 5, 'discount_m72': 24.15, 'main_category_m72': 'Large Appliances', 'sub_category_m72': 'Double Door', 'capacity_litres_m72': 508, 'star_rating_m72': 2, 'model_name_m72': 'Black', 'category_m72': 'refrigerators', 'scrape_timestamp_m73': datetime.datetime(2026, 2, 13, 14, 36, 8, 692188), 'product_id_m73': 170404, 'brand_m73': 'LG', 'price_m73': 24990, 'mrp_m73': 35999, 'availability_m73': 'Available', 'product_url_m73': 'https://www.vijaysales.com/p/P219492/170404/lg-260-ltrs-2-star-frost-free-double-door-inverter-refrigerator-gls292rpzy-shiny-steel', 'image_url_m73': 'https://vsprod.vijaysales.com/media/catalog/product/1/7/170404-image1_4.jpg', 'rating_m73': 4, 'discount_m73': 30.58, 'main_category_m73': 'Large Appliances', 'sub_category_m73': 'Double Door', 'capacity_litres_m73': 240, 'star_rating_m73': 2, 'model_name_m73': 'GL-S292RPZY, Shiny Steel', 'category_m73': 'refrigerators', 'scrape_timestamp_m74': datetime.datetime(2026, 2, 13, 14, 36, 8, 692188), 'product_id_m74': 228809, 'brand_m74': 'LG', 'price_m74': 22100, 'mrp_m74': 29299, 'availability_m74': 'Unavailable', 'product_url_m74': 'https://www.vijaysales.com/p/228809/lg-224-litres-5-star-single-door-direct-cool-refrigerator-base-stand-drawer-toughened-glass-shelves-fastest-ice-making-anti-bacterial-gasket-gl-d241abmu-blue-marvel', 'image_url_m74': 'https://vsprod.vijaysales.com/media/catalog/product/2/2/228809_1__1.jpg', 'rating_m74': 5, 'discount_m74': 24.57, 'main_category_m74': 'Large Appliances', 'sub_category_m74': 'Single Door', 'capacity_litres_m74': 224, 'star_rating_m74': 5, 'model_name_m74': 'GL-D241ABMU, Blue Marvel', 'category_m74': 'refrigerators', 'scrape_timestamp_m75': datetime.datetime(2026, 2, 13, 14, 36, 8, 692188), 'product_id_m75': 230718, 'brand_m75': 'Liebherr', 'price_m75': 19990, 'mrp_m75': 25320, 'availability_m75': 'Available', 'product_url_m75': 'https://www.vijaysales.com/p/230718/liebherr-191-litres-5-star-direct-cool-single-door-refrigerator-with-adjustable-shelves-handsfree-opening-dfptse1931-teal-strings', 'image_url_m75': 'https://vsprod.vijaysales.com/media/catalog/product/2/3/230718_1_.jpg', 'rating_m75': 4, 'discount_m75': 21.05, 'main_category_m75': 'Large Appliances', 'sub_category_m75': 'Single Door', 'capacity_litres_m75': 191, 'star_rating_m75': 5, 'model_name_m75': 'DFPTSE1931, Teal Strings', 'category_m75': 'refrigerators', 'scrape_timestamp_m76': datetime.datetime(2026, 2, 13, 14, 36, 8, 692188), 'product_id_m76': 218735, 'brand_m76': 'Whirlpool', 'price_m76': 21990, 'mrp_m76': 30600, 'availability_m76': 'Unavailable', 'product_url_m76': 'https://www.vijaysales.com/p/218735/whirlpool-274-litres-3-star-direct-cool-single-door-refrigerator-with-auto-defrost-305-icemagic-pro-plus-prm-3s-asz-alpha-steel-z', 'image_url_m76': 'https://vsprod.vijaysales.com/media/catalog/product/2/1/218735-image1_1.jpg', 'rating_m76': 5, 'discount_m76': 28.14, 'main_category_m76': 'Large Appliances', 'sub_category_m76': 'Single Door', 'capacity_litres_m76': 274, 'star_rating_m76': 3, 'model_name_m76': '305 Icemagic Pro Plus PRM 3S ASZ, Alpha Steel-Z', 'category_m76': 'refrigerators', 'scrape_timestamp_m77': datetime.datetime(2026, 2, 13, 14, 36, 8, 692188), 'product_id_m77': 224415, 'brand_m77': 'IFB', 'price_m77': 16990, 'mrp_m77': 24500, 'availability_m77': 'Available', 'product_url_m77': 'https://www.vijaysales.com/p/224415/ifb-206-litres-4-star-direct-cool-single-door-refrigerator-with-converti-cool-technology-advanced-inverter-compressor-ifbdc-2324iks-black-steel', 'image_url_m77': 'https://vsprod.vijaysales.com/media/catalog/product/2/2/224415-image.jpg', 'rating_m77': 4, 'discount_m77': 30.65, 'main_category_m77': 'Large Appliances', 'sub_category_m77': 'Single Door', 'capacity_litres_m77': 206, 'star_rating_m77': 4, 'model_name_m77': 'IFBDC-2324IKS, Black Steel', 'category_m77': 'refrigerators', 'scrape_timestamp_m78': datetime.datetime(2026, 2, 13, 14, 36, 8, 692188), 'product_id_m78': 240007, 'brand_m78': 'Samsung', 'price_m78': 58990, 'mrp_m78': 82999, 'availability_m78': 'Available', 'product_url_m78': 'https://www.vijaysales.com/p/240007/samsung-467-litres-2-star-bespoke-ai-double-door-frost-free-refrigerator-with-convertible-5-in-1-twin-cooling-plus-wi-fi-enabled-power-cool-power-freeze-rt80f51c2b-black-glass', 'image_url_m78': 'https://vsprod.vijaysales.com/media/catalog/product/2/4/240007_1_.jpg', 'rating_m78': 4, 'discount_m78': 28.93, 'main_category_m78': 'Large Appliances', 'sub_category_m78': 'Double Door', 'capacity_litres_m78': 467, 'star_rating_m78': 2, 'model_name_m78': 'RT80F51C2B, Black Glass', 'category_m78': 'refrigerators', 'scrape_timestamp_m79': datetime.datetime(2026, 2, 13, 14, 36, 8, 692188), 'product_id_m79': 225701, 'brand_m79': 'Liebherr', 'price_m79': 17000, 'mrp_m79': 21990, 'availability_m79': 'Unavailable', 'product_url_m79': 'https://www.vijaysales.com/p/225701/liebherr-191-litres-3-star-direct-cool-single-door-refrigerator-with-hands-free-opening-drystorage-vegetable-freshbox-dfpsic-1921-silver', 'image_url_m79': 'https://vsprod.vijaysales.com/media/catalog/product/2/2/225701_1_.jpg', 'rating_m79': 4, 'discount_m79': 22.69, 'main_category_m79': 'Large Appliances', 'sub_category_m79': 'Single Door', 'capacity_litres_m79': 191, 'star_rating_m79': 3, 'model_name_m79': 'DFPsiC 1921, Silver', 'category_m79': 'refrigerators', 'scrape_timestamp_m80': datetime.datetime(2026, 2, 13, 14, 36, 8, 692188), 'product_id_m80': 225536, 'brand_m80': 'Godrej', 'price_m80': 14390, 'mrp_m80': 19800, 'availability_m80': 'Available', 'product_url_m80': 'https://www.vijaysales.com/p/P225536/225536/godrej-184-litres-2-star-direct-cool-refrigerator-with-turbo-cooling-technology-large-freezer-rd-emarvel-207b-tdf-fs-st-fossil-steel', 'image_url_m80': 'https://vsprod.vijaysales.com/media/catalog/product/2/2/225536-image1_1.jpg', 'rating_m80': 5, 'discount_m80': 27.32, 'main_category_m80': 'Large Appliances', 'sub_category_m80': 'Single Door', 'capacity_litres_m80': 184, 'star_rating_m80': 2, 'model_name_m80': 'RD Edge Marvel 207B TDF FS ST, Fossil Steel', 'category_m80': 'refrigerators', 'scrape_timestamp_m81': datetime.datetime(2026, 2, 13, 14, 36, 8, 692188), 'product_id_m81': 222547, 'brand_m81': 'Whirlpool', 'price_m81': 33590, 'mrp_m81': 53000, 'availability_m81': 'Unavailable', 'product_url_m81': 'https://www.vijaysales.com/p/P222547/222547/whrilpool-327-litres-2-star-frost-free-double-door-inverter-refrigerator-with-10-in-1-convertible-modes-intellifresh-pro-illusia-steel', 'image_url_m81': 'https://vsprod.vijaysales.com/media/catalog/product/2/2/222547-image1_1.jpg', 'rating_m81': 5, 'discount_m81': 36.62, 'main_category_m81': 'Large Appliances', 'sub_category_m81': 'Double Door', 'capacity_litres_m81': 327, 'star_rating_m81': 2, 'model_name_m81': 'Intellifresh Pro, Illusia Steel', 'category_m81': 'refrigerators', 'scrape_timestamp_m82': datetime.datetime(2026, 2, 13, 14, 36, 8, 692188), 'product_id_m82': 214877, 'brand_m82': 'Haier', 'price_m82': 51800, 'mrp_m82': 80490, 'availability_m82': 'Available', 'product_url_m82': 'https://www.vijaysales.com/p/P222638/214877/haier-445-litres-2-star-double-door-frost-free-inverter-refrigerator-bottom-mounted-14-in-1-convertible-triple-inverter-dual-fan-tech-hrb-4952ckg-p-black-glass', 'image_url_m82': 'https://vsprod.vijaysales.com/media/catalog/product/h/r/hrb4952ckgp_1_.jpg', 'rating_m82': 5, 'discount_m82': 35.64, 'main_category_m82': 'Large Appliances', 'sub_category_m82': 'Double Door', 'capacity_litres_m82': 445, 'star_rating_m82': 2, 'model_name_m82': 'HRB-4952CKG-P, Black Glass', 'category_m82': 'refrigerators', 'scrape_timestamp_m83': datetime.datetime(2026, 2, 13, 14, 36, 8, 692188), 'product_id_m83': 218163, 'brand_m83': 'Whirlpool', 'price_m83': 26990, 'mrp_m83': 40950, 'availability_m83': 'Available', 'product_url_m83': 'https://www.vijaysales.com/p/218163/whirlpool-intellifresh-259-litres-2-star-frost-free-double-door-inverter-refrigerator-if-inv-elt-305gd-cm-2s-tl-crystal-mirror', 'image_url_m83': 'https://vsprod.vijaysales.com/media/catalog/product/2/1/218163-image1_1.jpg', 'rating_m83': 4, 'discount_m83': 34.09, 'main_category_m83': 'Large Appliances', 'sub_category_m83': 'Double Door', 'capacity_litres_m83': 259, 'star_rating_m83': 2, 'model_name_m83': '2 Star', 'category_m83': 'refrigerators', 'scrape_timestamp_m84': datetime.datetime(2026, 2, 13, 14, 36, 8, 692188), 'product_id_m84': 182395, 'brand_m84': 'LG', 'price_m84': 29990, 'mrp_m84': 43999, 'availability_m84': 'Unavailable', 'product_url_m84': 'https://www.vijaysales.com/p/P219492/182395/lg-288-liters-2-star-convertible-double-door-refrigerator-with-smart-inverter-compressor-multi-air-flow-shiny-steel-finish-gl-s322spzy', 'image_url_m84': 'https://vsprod.vijaysales.com/media/catalog/product/1/8/182395_3_.jpg', 'rating_m84': 5, 'discount_m84': 31.84, 'main_category_m84': 'Large Appliances', 'sub_category_m84': 'Double Door', 'capacity_litres_m84': 288, 'star_rating_m84': 2, 'model_name_m84': 'Shiny Steel Finish', 'category_m84': 'refrigerators', 'scrape_timestamp_m85': datetime.datetime(2026, 2, 13, 14, 36, 8, 692188), 'product_id_m85': 227319, 'brand_m85': 'Bosch', 'price_m85': 36490, 'mrp_m85': 58990, 'availability_m85': 'Available', 'product_url_m85': 'https://www.vijaysales.com/p/227319/bosch-334-litres-2-star-frost-free-double-door-refrigerator-with-vitafresh-system-multi-airflow-ice-box-ctc35s02ni-shiney-silver', 'image_url_m85': 'https://vsprod.vijaysales.com/media/catalog/product/2/2/227319-image.jpg', 'rating_m85': 5, 'discount_m85': 38.14, 'main_category_m85': 'Large Appliances', 'sub_category_m85': 'Double Door', 'capacity_litres_m85': 334, 'star_rating_m85': 2, 'model_name_m85': 'CTC35S02NI, Shiney Silver', 'category_m85': 'refrigerators', 'scrape_timestamp_m86': datetime.datetime(2026, 2, 13, 14, 36, 8, 692188), 'product_id_m86': 222827, 'brand_m86': 'Whirlpool', 'price_m86': 32990, 'mrp_m86': 45430, 'availability_m86': 'Unavailable', 'product_url_m86': 'https://www.vijaysales.com/p/222827/samsung-308-litres-2-star-forst-free-double-door-with-inverter-compressor-ifinveltdf355as2stl-alpha-steel', 'image_url_m86': 'https://vsprod.vijaysales.com/media/catalog/product/2/2/222827-image1_1.jpg', 'rating_m86': 5, 'discount_m86': 27.38, 'main_category_m86': 'Large Appliances', 'sub_category_m86': 'Double Door', 'capacity_litres_m86': 308, 'star_rating_m86': 2, 'model_name_m86': 'IFINVELTDF355AS2STL, Alpha Steel', 'category_m86': 'refrigerators', 'scrape_timestamp_m87': datetime.datetime(2026, 2, 13, 14, 36, 8, 692188), 'product_id_m87': 121756, 'brand_m87': 'Whirlpool', 'price_m87': 30950, 'mrp_m87': 45160, 'availability_m87': 'Unavailable', 'product_url_m87': 'https://www.vijaysales.com/p/P121745/121756/whirlpool-330-ltrs-frost-free-triple-door-inverter-refrigerator-fp343dprotroyas-alpha-steel', 'image_url_m87': 'https://vsprod.vijaysales.com/media/catalog/product/1/2/121756-pdp-1.jpg', 'rating_m87': 4, 'discount_m87': 31.47, 'main_category_m87': 'Large Appliances', 'sub_category_m87': 'Triple Door', 'capacity_litres_m87': 300, 'star_rating_m87': 2, 'model_name_m87': 'FP 343 D PROT ROY AS, Alpha Steel', 'category_m87': 'refrigerators', 'scrape_timestamp_m88': datetime.datetime(2026, 2, 13, 14, 36, 8, 692188), 'product_id_m88': 242298, 'brand_m88': 'Haier', 'price_m88': 69990, 'mrp_m88': 126490, 'availability_m88': 'Available', 'product_url_m88': 'https://www.vijaysales.com/p/242298/haier-602-litres-2-star-double-door-side-by-side-refrigerator-convertible-5-in-1-smart-sense-ai-smart-connectivity-digital-control-panel-jumbo-ice-maker-hrs-682pmgu1-mirror-glass', 'image_url_m88': 'https://vsprod.vijaysales.com/media/catalog/product/2/4/242298_1_.jpg', 'rating_m88': 4, 'discount_m88': 44.67, 'main_category_m88': 'Large Appliances', 'sub_category_m88': 'Side By Side', 'capacity_litres_m88': 602, 'star_rating_m88': 2, 'model_name_m88': 'HRS-682PMGU1, Mirror Glass', 'category_m88': 'refrigerators', 'scrape_timestamp_m89': datetime.datetime(2026, 2, 13, 14, 36, 8, 692188), 'product_id_m89': 242358, 'brand_m89': 'Liebherr', 'price_m89': 25490, 'mrp_m89': 38660, 'availability_m89': 'Unavailable', 'product_url_m89': 'https://www.vijaysales.com/p/242358/liebherr-245-litres-2-star-double-door-frost-free-inverter-refrigerator-bigger-vegetable-basket-central-power-cooling-heat-sensor-tchgsb-2411-grey-steel', 'image_url_m89': 'https://vsprod.vijaysales.com/media/catalog/product/2/4/242358_1_.png', 'rating_m89': 5, 'discount_m89': 34.07, 'main_category_m89': 'Large Appliances', 'sub_category_m89': 'Double Door', 'capacity_litres_m89': 245, 'star_rating_m89': 2, 'model_name_m89': 'TCHgsB 2411, Grey Steel', 'category_m89': 'refrigerators', 'scrape_timestamp_m90': datetime.datetime(2026, 2, 13, 14, 36, 8, 692188), 'product_id_m90': 240837, 'brand_m90': 'Samsung', 'price_m90': 62990, 'mrp_m90': 94990, 'availability_m90': 'Available', 'product_url_m90': 'https://www.vijaysales.com/p/240837/samsung-530-litres-bespoke-ai-frost-free-double-door-inverter-refrigerator-convertible-5-in-1-twin-cooling-plus-wi-fi-embedded-twist-ice-maker-active-fresh-filter-rt56dg7a6asl-real-stainless', 'image_url_m90': 'https://vsprod.vijaysales.com/media/catalog/product/2/4/240837_1_.jpg', 'rating_m90': 4, 'discount_m90': 33.69, 'main_category_m90': 'Large Appliances', 'sub_category_m90': 'Double Door', 'capacity_litres_m90': 530, 'star_rating_m90': 2, 'model_name_m90': 'RT56DG7A6ASL, Real Stainless', 'category_m90': 'refrigerators', 'scrape_timestamp_m91': datetime.datetime(2026, 2, 13, 14, 36, 8, 692188), 'product_id_m91': 246522, 'brand_m91': 'LG', 'price_m91': 121490, 'mrp_m91': 149999, 'availability_m91': 'Available', 'product_url_m91': 'https://www.vijaysales.com/p/246522/lg-610-litres-3-star-french-door-refrigerator-with-fresh-converter-convertilble-wi-fi-convertible-hygiene-fresh-smart-learner-gv-b25ffgmb-black-glass-finish', 'image_url_m91': 'https://vsprod.vijaysales.com/media/catalog/product/2/4/246522_2__1.jpg', 'rating_m91': 5, 'discount_m91': 19.01, 'main_category_m91': 'Large Appliances', 'sub_category_m91': 'Side By Side', 'capacity_litres_m91': 610, 'star_rating_m91': 3, 'model_name_m91': 'GV-B25FFGMB, Black Glass Finish', 'category_m91': 'refrigerators', 'scrape_timestamp_m92': datetime.datetime(2026, 2, 13, 14, 36, 8, 692188), 'product_id_m92': 217434, 'brand_m92': 'Godrej', 'price_m92': 26190, 'mrp_m92': 39500, 'availability_m92': 'Unavailable', 'product_url_m92': 'https://www.vijaysales.com/p/P217434/217434/godrej-244-litres-2-star-frost-free-refrigerator-with-inverter-compressor-rt-eoncrystal-280b-ri-onyx-black', 'image_url_m92': 'https://vsprod.vijaysales.com/media/catalog/product/2/1/217434_1_.jpg', 'rating_m92': 4, 'discount_m92': 33.7, 'main_category_m92': 'Large Appliances', 'sub_category_m92': 'Double Door', 'capacity_litres_m92': 244, 'star_rating_m92': 2, 'model_name_m92': 'RT Eon Crystal 280B RI OB, Onyx Black', 'category_m92': 'refrigerators', 'scrape_timestamp_m93': datetime.datetime(2026, 2, 13, 14, 36, 8, 692188), 'product_id_m93': 237492, 'brand_m93': 'Haier', 'price_m93': 81900, 'mrp_m93': 141990, 'availability_m93': 'Available', 'product_url_m93': 'https://www.vijaysales.com/p/237492/haier-598-litres-3-star-convertible-side-by-side-refrigerator-with-wi-fi-digital-control-panel-jumbo-ice-maker-deo-fresh-technology-inverter-technology-hrt-683gku1-graphite-black', 'image_url_m93': 'https://vsprod.vijaysales.com/media/catalog/product/2/3/237492_1_.jpeg', 'rating_m93': 5, 'discount_m93': 42.32, 'main_category_m93': 'Large Appliances', 'sub_category_m93': 'Side By Side', 'capacity_litres_m93': 598, 'star_rating_m93': 3, 'model_name_m93': 'HRT-683GKU1, Graphite Black', 'category_m93': 'refrigerators', 'scrape_timestamp_m94': datetime.datetime(2026, 2, 13, 14, 36, 8, 692188), 'product_id_m94': 222377, 'brand_m94': 'LG', 'price_m94': 100990, 'mrp_m94': 158499, 'availability_m94': 'Available', 'product_url_m94': 'https://www.vijaysales.com/p/P222377/222377/lg-650-litres-side-by-side-door-convertible-inverter-refrigerator-with-smart-diagnosis-hygiene-fresh-gl-b257dbm3-black-mirror', 'image_url_m94': 'https://vsprod.vijaysales.com/media/catalog/product/g/l/gl-b257dbm3_1.jpg', 'rating_m94': 4, 'discount_m94': 36.28, 'main_category_m94': 'Large Appliances', 'sub_category_m94': 'Side By Side', 'capacity_litres_m94': 650, 'star_rating_m94': 2, 'model_name_m94': 'GL-B257DBM3, Black Mirror', 'category_m94': 'refrigerators', 'scrape_timestamp_m95': datetime.datetime(2026, 2, 13, 14, 36, 8, 692188), 'product_id_m95': 235900, 'brand_m95': 'IFB', 'price_m95': 14990, 'mrp_m95': 22000, 'availability_m95': 'Unavailable', 'product_url_m95': 'https://www.vijaysales.com/p/235900/ifb-187-litres-2-star-direct-cool-refrigerator-with-converti-cool-technology-fast-ice-big-crisper-xl-bottle-bin-humidity-control-ifbdc-2132fkg-carbon-sparkle-glass', 'image_url_m95': 'https://vsprod.vijaysales.com/media/catalog/product/2/3/235900_1_.jpg', 'rating_m95': 5, 'discount_m95': 31.86, 'main_category_m95': 'Large Appliances', 'sub_category_m95': 'Single Door', 'capacity_litres_m95': 187, 'star_rating_m95': 2, 'model_name_m95': 'IFBDC-2132FKG, Carbon Sparkle Glass', 'category_m95': 'refrigerators', 'scrape_timestamp_m96': datetime.datetime(2026, 2, 13, 14, 36, 8, 692188), 'product_id_m96': 245446, 'brand_m96': 'LG', 'price_m96': 49990, 'mrp_m96': 72999, 'availability_m96': 'Unavailable', 'product_url_m96': 'https://www.vijaysales.com/p/245446/lg-398-litres-3-star-double-door-refrigerator-with-smart-inverter-compressor-convertilble-door-cooling-glt422vesx-ebony-sheen-finish', 'image_url_m96': 'https://vsprod.vijaysales.com/media/catalog/product/2/4/245446_1_2.jpg', 'rating_m96': 4, 'discount_m96': 31.52, 'main_category_m96': 'Large Appliances', 'sub_category_m96': 'Double Door', 'capacity_litres_m96': 398, 'star_rating_m96': 3, 'model_name_m96': 'GLT422VESX, Ebony Sheen Finish', 'category_m96': 'refrigerators', 'scrape_timestamp_m97': datetime.datetime(2026, 2, 13, 14, 36, 8, 692188), 'product_id_m97': 215029, 'brand_m97': 'Whirlpool', 'price_m97': 32990, 'mrp_m97': 48310, 'availability_m97': 'Unavailable', 'product_url_m97': 'https://www.vijaysales.com/p/P215022/215029/whirlpool-intellifresh-pro-308-litres-2-star-frost-free-double-door-inverter-convertible-refrigerator-if-pro-inv-cnv-355-ob-2s-omega-black', 'image_url_m97': 'https://vsprod.vijaysales.com/media/catalog/product/2/1/215029-image1_1.jpg', 'rating_m97': 5, 'discount_m97': 31.71, 'main_category_m97': 'Large Appliances', 'sub_category_m97': 'Double Door', 'capacity_litres_m97': 308, 'star_rating_m97': 2, 'model_name_m97': '2 Star', 'category_m97': 'refrigerators', 'scrape_timestamp_m98': datetime.datetime(2026, 2, 13, 14, 36, 8, 692188), 'product_id_m98': 222638, 'brand_m98': 'Haier', 'price_m98': 48890, 'mrp_m98': 76490, 'availability_m98': 'Available', 'product_url_m98': 'https://www.vijaysales.com/p/P222638/222638/haier-445-litres-2-star-double-door-frost-free-inverter-refrigerator-with-14-in-1-convertible-magic-cooling-hrb-4952bgk-p-graphite-black', 'image_url_m98': 'https://vsprod.vijaysales.com/media/catalog/product/2/2/222638-pdp_1_.jpg', 'rating_m98': 5, 'discount_m98': 36.08, 'main_category_m98': 'Large Appliances', 'sub_category_m98': 'Double Door', 'capacity_litres_m98': 445, 'star_rating_m98': 2, 'model_name_m98': 'HRB-4952BGK-P, Graphite Black', 'category_m98': 'refrigerators', 'scrape_timestamp_m99': datetime.datetime(2026, 2, 13, 14, 36, 8, 692188), 'product_id_m99': 251734, 'brand_m99': 'Godrej', 'price_m99': 27490, 'mrp_m99': 43090, 'availability_m99': 'Available', 'product_url_m99': 'https://www.vijaysales.com/p/251734/godrej-eon-crystal-272-l-2-star-frost-free-double-door-refrigerator-advanced-inverter-technology-nano-shield-cool-balance-rteoncrystal310bnriob-onyx-black', 'image_url_m99': 'https://vsprod.vijaysales.com/media/catalog/product/2/5/251734_1_.jpg', 'rating_m99': 5, 'discount_m99': 36.2, 'main_category_m99': 'Large Appliances', 'sub_category_m99': 'Double Door', 'capacity_litres_m99': 272, 'star_rating_m99': 2, 'model_name_m99': 'RTEONCRYSTAL310BNRIOB, Onyx Black', 'category_m99': 'refrigerators', 'scrape_timestamp_m100': datetime.datetime(2026, 2, 13, 14, 36, 8, 692188), 'product_id_m100': 251732, 'brand_m100': 'Godrej', 'price_m100': 27490, 'mrp_m100': 39490, 'availability_m100': 'Available', 'product_url_m100': 'https://www.vijaysales.com/p/251732/godrej-272-l-2-star-frost-free-double-door-refrigerator-nano-shield-technology-cool-balance-farm-freshness-up-to-30-days-rteonvalor310bnrifsst-fossil-steel', 'image_url_m100': 'https://vsprod.vijaysales.com/media/catalog/product/2/5/251732_5_.jpg', 'rating_m100': 4, 'discount_m100': 30.39, 'main_category_m100': 'Large Appliances', 'sub_category_m100': 'Double Door', 'capacity_litres_m100': 272, 'star_rating_m100': 2, 'model_name_m100': 'RTEONVALOR310BNRIFSST, Fossil Steel', 'category_m100': 'refrigerators', 'scrape_timestamp_m101': datetime.datetime(2026, 2, 13, 14, 36, 8, 692188), 'product_id_m101': 251690, 'brand_m101': 'Electrolux', 'price_m101': 70990, 'mrp_m101': 106990, 'availability_m101': 'Available', 'product_url_m101': 'https://www.vijaysales.com/p/251690/electrolux-600-series-565-l-4-star-frost-free-french-door-refrigerator-inverter-compressor-touch-control-quickfreeze-xl-door-bins-ehe5600d-sdin', 'image_url_m101': 'https://vsprod.vijaysales.com/media/catalog/product/2/5/251690_1_.jpg', 'rating_m101': 4, 'discount_m101': 33.65, 'main_category_m101': 'Large Appliances', 'sub_category_m101': 'Side By Side', 'capacity_litres_m101': 565, 'star_rating_m101': 4, 'model_name_m101': 'EHE5600D-SDIN', 'category_m101': 'refrigerators', 'scrape_timestamp_m102': datetime.datetime(2026, 2, 13, 14, 36, 8, 692188), 'product_id_m102': 249513, 'brand_m102': 'Godrej', 'price_m102': 18990, 'mrp_m102': 29990, 'availability_m102': 'Unavailable', 'product_url_m102': 'https://www.vijaysales.com/p/249513/godrej-194-l-5-star-direct-cool-single-door-refrigerator-inverter-compressor-turbo-cooling-anti-bacterial-gasket-rde-impress215etdiemdbm-midnight-bloom', 'image_url_m102': 'https://vsprod.vijaysales.com/media/catalog/product/2/4/249513_7_.jpg', 'rating_m102': 5, 'discount_m102': 36.68, 'main_category_m102': 'Large Appliances', 'sub_category_m102': 'Single Door', 'capacity_litres_m102': 194, 'star_rating_m102': 5, 'model_name_m102': 'RDE-IMPRESS215ETDIEMDBM, Midnight Bloom', 'category_m102': 'refrigerators', 'scrape_timestamp_m103': datetime.datetime(2026, 2, 13, 14, 36, 8, 692188), 'product_id_m103': 249460, 'brand_m103': 'Electrolux', 'price_m103': 94990, 'mrp_m103': 142990, 'availability_m103': 'Available', 'product_url_m103': 'https://www.vijaysales.com/p/249460/electrolux-600-series-4-star-frost-free-french-door-refrigerator-547-l-inverter-compressor-frost-free-touch-control-greenzone-crisper-eqe5400dbnin-charcoal-black', 'image_url_m103': 'https://vsprod.vijaysales.com/media/catalog/product/2/4/249460_1_.jpg', 'rating_m103': 5, 'discount_m103': 33.57, 'main_category_m103': 'Large Appliances', 'sub_category_m103': 'Side By Side', 'capacity_litres_m103': 547, 'star_rating_m103': 4, 'model_name_m103': 'EQE5400DBNIN, Charcoal Black', 'category_m103': 'refrigerators', 'scrape_timestamp_m104': datetime.datetime(2026, 2, 13, 14, 36, 8, 692188), 'product_id_m104': 248614, 'brand_m104': 'Samsung', 'price_m104': 18240, 'mrp_m104': 24999, 'availability_m104': 'Unavailable', 'product_url_m104': 'https://www.vijaysales.com/p/248614/samsung-189-l-5-star-inverter-direct-cool-single-door-refrigerator-with-anti-bacterial-gasket-clear-view-lamp-stabilizer-free-operation-rr21c2h25uz-hl-midnight-blossom-blue', 'image_url_m104': 'https://vsprod.vijaysales.com/media/catalog/productno_selection', 'rating_m104': 4, 'discount_m104': 27.04, 'main_category_m104': 'Large Appliances', 'sub_category_m104': 'Single Door', 'capacity_litres_m104': 189, 'star_rating_m104': 5, 'model_name_m104': 'RR21C2H25UZ/HL, Midnight Blossom Blue', 'category_m104': 'refrigerators', 'scrape_timestamp_m105': datetime.datetime(2026, 2, 13, 14, 36, 8, 692188), 'product_id_m105': 244761, 'brand_m105': 'Samsung', 'price_m105': 28800, 'mrp_m105': 35990, 'availability_m105': 'Available', 'product_url_m105': 'https://www.vijaysales.com/p/244761/samsung-236-litres-frost-free-double-door-inverter-refrigerator-with-base-stand-drawer-all-around-cooling-easy-slide-shelf-movable-ice-maker-moistfresh-zone-rt28c3122cr-camellia-purple', 'image_url_m105': 'https://vsprod.vijaysales.com/media/catalog/product/2/4/244761_1_.jpg', 'rating_m105': 5, 'discount_m105': 19.98, 'main_category_m105': 'Large Appliances', 'sub_category_m105': 'Double Door', 'capacity_litres_m105': 236, 'star_rating_m105': 2, 'model_name_m105': 'RT28C3122CR, Camellia Purple', 'category_m105': 'refrigerators', 'scrape_timestamp_m106': datetime.datetime(2026, 2, 13, 14, 36, 8, 692188), 'product_id_m106': 243584, 'brand_m106': 'Godrej', 'price_m106': 69810, 'mrp_m106': 125990, 'availability_m106': 'Unavailable', 'product_url_m106': 'https://www.vijaysales.com/p/243584/godrej-eon-velvet-646c-rit-600-litres-3-star-side-by-side-refrigerator-inverter-compressor-frost-free-digital-display-rseonvelvet646critoprs-opera-rose', 'image_url_m106': 'https://vsprod.vijaysales.com/media/catalog/product/2/4/243584.jpg', 'rating_m106': 5, 'discount_m106': 44.59, 'main_category_m106': 'Large Appliances', 'sub_category_m106': 'Side By Side', 'capacity_litres_m106': 600, 'star_rating_m106': 3, 'model_name_m106': 'RSEONVELVET646CRITOPRS, Opera Rose', 'category_m106': 'refrigerators', 'scrape_timestamp_m107': datetime.datetime(2026, 2, 13, 14, 36, 8, 692188), 'product_id_m107': 243394, 'brand_m107': 'Electrolux', 'price_m107': 57990, 'mrp_m107': 89990, 'availability_m107': 'Available', 'product_url_m107': 'https://www.vijaysales.com/p/243394/electrolux-503-litres-1-star-frost-free-double-door-inverter-refrigerator-ai-autosense-cooling360-twist-serve-ice-maker-fresherair-filter-door-alarm-etm5002c-s-silver', 'image_url_m107': 'https://vsprod.vijaysales.com/media/catalog/product/2/4/243394_1_.jpg', 'rating_m107': 5, 'discount_m107': 35.56, 'main_category_m107': 'Large Appliances', 'sub_category_m107': 'Double Door', 'capacity_litres_m107': 503, 'star_rating_m107': 1, 'model_name_m107': 'ETM5002C-S, Silver', 'category_m107': 'refrigerators', 'scrape_timestamp_m108': datetime.datetime(2026, 2, 13, 14, 36, 8, 692188), 'product_id_m108': 243393, 'brand_m108': 'Electrolux', 'price_m108': 50490, 'mrp_m108': 78990, 'availability_m108': 'Available', 'product_url_m108': 'https://www.vijaysales.com/p/243393/electrolux-431-litres-1-star-frost-free-double-door-inverter-refrigerator-ai-autosense-cooling360-twist-serve-ice-maker-fresherair-filter-door-alarm-etm4302c-b-matte-black', 'image_url_m108': 'https://vsprod.vijaysales.com/media/catalog/product/2/4/243393_1__1.jpg', 'rating_m108': 4, 'discount_m108': 36.08, 'main_category_m108': 'Large Appliances', 'sub_category_m108': 'Double Door', 'capacity_litres_m108': 431, 'star_rating_m108': 1, 'model_name_m108': 'ETM4302C-B, Matte Black', 'category_m108': 'refrigerators', 'scrape_timestamp_m109': datetime.datetime(2026, 2, 13, 14, 36, 8, 692188), 'product_id_m109': 243391, 'brand_m109': 'Electrolux', 'price_m109': 42990, 'mrp_m109': 64490, 'availability_m109': 'Available', 'product_url_m109': 'https://www.vijaysales.com/p/243391/electrolux-341-litres-1-star-frost-free-double-door-inverter-refrigerator-ai-autosense-sphere-ice-tray-extrachill-compartment-fresherair-filter-door-alarm-etm3400l-s-matte-black', 'image_url_m109': 'https://vsprod.vijaysales.com/media/catalog/product/2/4/243391_1_.jpg', 'rating_m109': 4, 'discount_m109': 33.34, 'main_category_m109': 'Large Appliances', 'sub_category_m109': 'Double Door', 'capacity_litres_m109': 341, 'star_rating_m109': 1, 'model_name_m109': 'ETM3400L-S, Matte Black', 'category_m109': 'refrigerators', 'scrape_timestamp_m110': datetime.datetime(2026, 2, 13, 14, 36, 8, 692188), 'product_id_m110': 243390, 'brand_m110': 'Electrolux', 'price_m110': 41490, 'mrp_m110': 61990, 'availability_m110': 'Available', 'product_url_m110': 'https://www.vijaysales.com/p/243390/electrolux-341-litres-1-star-frost-free-double-door-inverter-refrigerator-ai-autosense-sphere-ice-tray-extrachill-compartment-fresherair-filter-door-alarm-etm3400l-s-silver', 'image_url_m110': 'https://vsprod.vijaysales.com/media/catalog/product/2/4/243390_1_.jpg', 'rating_m110': 5, 'discount_m110': 33.07, 'main_category_m110': 'Large Appliances', 'sub_category_m110': 'Double Door', 'capacity_litres_m110': 341, 'star_rating_m110': 1, 'model_name_m110': 'ETM3400L-S, Silver', 'category_m110': 'refrigerators', 'scrape_timestamp_m111': datetime.datetime(2026, 2, 13, 14, 36, 8, 692188), 'product_id_m111': 242383, 'brand_m111': 'Toshiba', 'price_m111': 69990, 'mrp_m111': 104990, 'availability_m111': 'Available', 'product_url_m111': 'https://www.vijaysales.com/p/242383/toshiba-608-litres-1-star-double-door-frost-free-origin-inverter-refrigerator-automatic-ice-maker-ultrafresh-zone-pure-bio-deodorizer-touch-control-panel-gr-rt835we-pgi-22-black-glass', 'image_url_m111': 'https://vsprod.vijaysales.com/media/catalog/product/2/4/242383_1__1.jpg', 'rating_m111': 4, 'discount_m111': 33.34, 'main_category_m111': 'Large Appliances', 'sub_category_m111': 'Double Door', 'capacity_litres_m111': 608, 'star_rating_m111': 1, 'model_name_m111': 'GR-RT835WE-PGI(22', 'category_m111': 'refrigerators', 'scrape_timestamp_m112': datetime.datetime(2026, 2, 13, 14, 36, 8, 692188), 'product_id_m112': 240704, 'brand_m112': 'Electrolux', 'price_m112': 97990, 'mrp_m112': 135990, 'availability_m112': 'Available', 'product_url_m112': 'https://www.vijaysales.com/p/240704/electrolux-564-litres-quad-door-frost-free-inverter-refrigerator-with-electronic-touch-controls-eventemp-function-bright-led-slow-melting-spherical-ice-eqe5600b-s-silver', 'image_url_m112': 'https://vsprod.vijaysales.com/media/catalog/product/2/4/240704_1_.jpg', 'rating_m112': 4, 'discount_m112': 27.94, 'main_category_m112': 'Large Appliances', 'sub_category_m112': 'Side By Side', 'capacity_litres_m112': 564, 'star_rating_m112': 2, 'model_name_m112': 'EQE5600B-S, Silver', 'category_m112': 'refrigerators', 'scrape_timestamp_m113': datetime.datetime(2026, 2, 13, 14, 36, 8, 692188), 'product_id_m113': 240703, 'brand_m113': 'Electrolux', 'price_m113': 99990, 'mrp_m113': 152990, 'availability_m113': 'Available', 'product_url_m113': 'https://www.vijaysales.com/p/240703/electrolux-564-litres-quad-door-frost-free-inverter-refrigerator-with-electronic-touch-controls-eventemp-function-bright-led-slow-melting-spherical-ice-eqe5600b-b-matte-black', 'image_url_m113': 'https://vsprod.vijaysales.com/media/catalog/product/2/4/240703_1_.jpg', 'rating_m113': 5, 'discount_m113': 34.64, 'main_category_m113': 'Large Appliances', 'sub_category_m113': 'Side By Side', 'capacity_litres_m113': 564, 'star_rating_m113': 3, 'model_name_m113': 'EQE5600B-B, Matte Black', 'category_m113': 'refrigerators', 'scrape_timestamp_m114': datetime.datetime(2026, 2, 13, 14, 36, 8, 692188), 'product_id_m114': 240118, 'brand_m114': 'Haier', 'price_m114': 146990, 'mrp_m114': 225000, 'availability_m114': 'Available', 'product_url_m114': 'https://www.vijaysales.com/p/240118/haier-630-litres-convertible-4-door-side-by-side-wi-fi-refrigerator-colorful-digital-display-with-motion-sensor-magic-cooling-toughened-glass-black-glass', 'image_url_m114': 'https://vsprod.vijaysales.com/media/catalog/product/2/4/240118_3__1.jpg', 'rating_m114': 4, 'discount_m114': 34.67, 'main_category_m114': 'Large Appliances', 'sub_category_m114': 'Side By Side', 'capacity_litres_m114': 630, 'star_rating_m114': 3, 'model_name_m114': 'Black Glass', 'category_m114': 'refrigerators', 'scrape_timestamp_m115': datetime.datetime(2026, 2, 13, 14, 36, 8, 692188), 'product_id_m115': 240008, 'brand_m115': 'Samsung', 'price_m115': 56800, 'mrp_m115': 74990, 'availability_m115': 'Available', 'product_url_m115': 'https://www.vijaysales.com/p/240008/samsung-467-litres-2-star-bespoke-ai-double-door-frost-free-refrigerator-with-convertible-5-in-1-twin-cooling-plus-wi-fi-enabled-power-cool-power-freeze-rt80f51c2f-black-doi', 'image_url_m115': 'https://vsprod.vijaysales.com/media/catalog/product/2/4/240008_1_.jpg', 'rating_m115': 4, 'discount_m115': 24.26, 'main_category_m115': 'Large Appliances', 'sub_category_m115': 'Double Door', 'capacity_litres_m115': 467, 'star_rating_m115': 2, 'model_name_m115': 'RT80F51C2F, Black Doi', 'category_m115': 'refrigerators', 'scrape_timestamp_m116': datetime.datetime(2026, 2, 13, 14, 36, 8, 692188), 'product_id_m116': 236075, 'brand_m116': 'Godrej', 'price_m116': 49990, 'mrp_m116': 74990, 'availability_m116': 'Available', 'product_url_m116': 'https://www.vijaysales.com/p/236075/godrej-eon-regalis-472-litres-2-star-double-door-frost-free-inverter-refrigerator-powered-by-ai-tech-advanced-control-panel-easy-slide-shelf-separate-fruit-crisper-champagne-gold', 'image_url_m116': 'https://vsprod.vijaysales.com/media/catalog/product/2/3/236075_1_.jpg', 'rating_m116': 4, 'discount_m116': 33.34, 'main_category_m116': 'Large Appliances', 'sub_category_m116': 'Double Door', 'capacity_litres_m116': 472, 'star_rating_m116': 2, 'model_name_m116': 'Champagne Gold', 'category_m116': 'refrigerators', 'scrape_timestamp_m117': datetime.datetime(2026, 2, 13, 14, 36, 8, 692188), 'product_id_m117': 235925, 'brand_m117': 'Liebherr', 'price_m117': 29790, 'mrp_m117': 43880, 'availability_m117': 'Available', 'product_url_m117': 'https://www.vijaysales.com/p/235925/liebherr-269-litres-2-star-double-door-frost-free-inverter-refrigerator-central-power-cooling-adjustable-shelves-spice-boxes-pocket-handle-tcpbsb-2721-black-steel', 'image_url_m117': 'https://vsprod.vijaysales.com/media/catalog/product/2/3/235925_1_.jpg', 'rating_m117': 4, 'discount_m117': 32.11, 'main_category_m117': 'Large Appliances', 'sub_category_m117': 'Double Door', 'capacity_litres_m117': 269, 'star_rating_m117': 2, 'model_name_m117': 'TCPbsB 2721, Black Steel', 'category_m117': 'refrigerators', 'scrape_timestamp_m118': datetime.datetime(2026, 2, 13, 14, 36, 8, 692188), 'product_id_m118': 235916, 'brand_m118': 'IFB', 'price_m118': 25990, 'mrp_m118': 40750, 'availability_m118': 'Unavailable', 'product_url_m118': 'https://www.vijaysales.com/p/235916/ifb-265-litres-2-star-frost-free-double-door-tru-convertible-refrigerator-with-surround-cooling-ice-twister-deodorizer-lock-key-toughened-glass-shelves-ifbff-3152fbst-brush-steel', 'image_url_m118': 'https://vsprod.vijaysales.com/media/catalog/product/2/3/235916_1_.jpg', 'rating_m118': 4, 'discount_m118': 36.22, 'main_category_m118': 'Large Appliances', 'sub_category_m118': 'Double Door', 'capacity_litres_m118': 265, 'star_rating_m118': 2, 'model_name_m118': 'IFBFF-3152FBST, Brush Steel', 'category_m118': 'refrigerators', 'scrape_timestamp_m119': datetime.datetime(2026, 2, 13, 14, 36, 8, 692188), 'product_id_m119': 235770, 'brand_m119': 'Haier', 'price_m119': 89990, 'mrp_m119': 151990, 'availability_m119': 'Available', 'product_url_m119': 'https://www.vijaysales.com/p/235770/haier-598-litres-3-star-triple-door-convertible-side-by-side-refrigerator-with-digital-control-panel-wifi-enabled-hrt-683kgu1-black-glass', 'image_url_m119': 'https://vsprod.vijaysales.com/media/catalog/product/2/3/235770_1_.jpg', 'rating_m119': 4, 'discount_m119': 40.79, 'main_category_m119': 'Large Appliances', 'sub_category_m119': 'Side By Side', 'capacity_litres_m119': 598, 'star_rating_m119': 3, 'model_name_m119': 'HRT-683KGU1, Black Glass', 'category_m119': 'refrigerators', 'scrape_timestamp_m120': datetime.datetime(2026, 2, 13, 14, 36, 8, 692188), 'product_id_m120': 235769, 'brand_m120': 'LG', 'price_m120': 9900, 'mrp_m120': 11999, 'availability_m120': 'Unavailable', 'product_url_m120': 'https://www.vijaysales.com/p/235769/lg-43-litres-1-star-single-door-mini-refrigerator-with-anti-bacterial-gasket-door-basket-polypropylene-shelf-pocket-handle-super-white', 'image_url_m120': 'https://vsprod.vijaysales.com/media/catalog/product/2/3/235769_1_.jpg', 'rating_m120': 4, 'discount_m120': 17.49, 'main_category_m120': 'Large Appliances', 'sub_category_m120': 'Single Door', 'capacity_litres_m120': 43, 'star_rating_m120': 1, 'model_name_m120': 'Super White', 'category_m120': 'refrigerators', 'scrape_timestamp_m121': datetime.datetime(2026, 2, 13, 14, 36, 8, 692188), 'product_id_m121': 235116, 'brand_m121': 'Godrej', 'price_m121': 40490, 'mrp_m121': 68490, 'availability_m121': 'Available', 'product_url_m121': 'https://www.vijaysales.com/p/235116/godrej-436-litres-2-star-double-door-inverter-frost-free-refrigerator-with-advanced-control-panel-led-rt-eonregalis-477b-rci-mt-bk-matte-black', 'image_url_m121': 'https://vsprod.vijaysales.com/media/catalog/product/2/3/235116_1_.jpg', 'rating_m121': 5, 'discount_m121': 40.88, 'main_category_m121': 'Large Appliances', 'sub_category_m121': 'Double Door', 'capacity_litres_m121': 436, 'star_rating_m121': 2, 'model_name_m121': 'RT Eon Regalis 477B RCI MT BK, Matte Black', 'category_m121': 'refrigerators', 'scrape_timestamp_m122': datetime.datetime(2026, 2, 13, 14, 36, 8, 692188), 'product_id_m122': 235068, 'brand_m122': 'LG', 'price_m122': 102990, 'mrp_m122': 129899, 'availability_m122': 'Available', 'product_url_m122': 'https://www.vijaysales.com/p/235068/lg-650-litres-3-star-side-by-side-inverter-refrigerator-wi-fi-convertible-doorcooling-multi-air-flow-hygiene-fresh-full-wine-rack-easy-ice-maker-gl-b257eus3-urban-steel', 'image_url_m122': 'https://vsprod.vijaysales.com/media/catalog/product/2/3/235068_1__1.jpg', 'rating_m122': 4, 'discount_m122': 20.72, 'main_category_m122': 'Large Appliances', 'sub_category_m122': 'Side By Side', 'capacity_litres_m122': 650, 'star_rating_m122': 3, 'model_name_m122': 'GL-B257EUS3, Urban Steel', 'category_m122': 'refrigerators', 'scrape_timestamp_m123': datetime.datetime(2026, 2, 13, 14, 36, 8, 692188), 'product_id_m123': 234330, 'brand_m123': 'Electrolux', 'price_m123': 179990, 'mrp_m123': 316990, 'availability_m123': 'Available', 'product_url_m123': 'https://www.vijaysales.com/p/234330/electrolux-680-litres-frost-free-inverter-french-door-refrigerator-with-twintech-cooling-system-door-alarm-eqe6879a-b-glossy-dark-grey', 'image_url_m123': 'https://vsprod.vijaysales.com/media/catalog/product/2/3/234330_1_.jpg', 'rating_m123': 4, 'discount_m123': 43.22, 'main_category_m123': 'Large Appliances', 'sub_category_m123': 'Side By Side', 'capacity_litres_m123': 609, 'star_rating_m123': 2, 'model_name_m123': 'EQE6879A-B, Glossy Dark Grey', 'category_m123': 'refrigerators', 'scrape_timestamp_m124': datetime.datetime(2026, 2, 13, 14, 36, 8, 692188), 'product_id_m124': 234329, 'brand_m124': 'Electrolux', 'price_m124': 102990, 'mrp_m124': 181990, 'availability_m124': 'Unavailable', 'product_url_m124': 'https://www.vijaysales.com/p/234329/electrolux-600-litres-frost-free-inverter-french-door-refrigerator-with-tastelockplus-technology-360-cooling-system-eqe6000a-b-matte-dark-grey', 'image_url_m124': 'https://vsprod.vijaysales.com/media/catalog/product/2/3/234329_1__1_.jpg', 'rating_m124': 5, 'discount_m124': 43.41, 'main_category_m124': 'Large Appliances', 'sub_category_m124': 'Side By Side', 'capacity_litres_m124': 541, 'star_rating_m124': 2, 'model_name_m124': 'EQE6000A-BNIN, Matte Dark Grey', 'category_m124': 'refrigerators', 'scrape_timestamp_m125': datetime.datetime(2026, 2, 13, 14, 36, 8, 692188), 'product_id_m125': 234327, 'brand_m125': 'Electrolux', 'price_m125': 71990, 'mrp_m125': 114990, 'availability_m125': 'Unavailable', 'product_url_m125': 'https://www.vijaysales.com/p/234327/electrolux-529-litres-1-star-frost-free-double-door-inverter-refrigerator-with-door-alarm-eventemp-cooling-system-ebe5302c-s-stainless-steel', 'image_url_m125': 'https://vsprod.vijaysales.com/media/catalog/product/2/3/234327_1_.jpg', 'rating_m125': 5, 'discount_m125': 37.39, 'main_category_m125': 'Large Appliances', 'sub_category_m125': 'Double Door', 'capacity_litres_m125': 496, 'star_rating_m125': 1, 'model_name_m125': 'EBE5302C-S, Stainless Steel', 'category_m125': 'refrigerators', 'scrape_timestamp_m126': datetime.datetime(2026, 2, 13, 14, 36, 8, 692188), 'product_id_m126': 234326, 'brand_m126': 'Electrolux', 'price_m126': 57990, 'mrp_m126': 99990, 'availability_m126': 'Available', 'product_url_m126': 'https://www.vijaysales.com/p/234326/electrolux-453-litres-1-star-double-door-frost-free-inverter-refrigerator-with-bottom-freezer-tastelockauto-tasteguard-tech-ebe4502c-s-stainless-steel', 'image_url_m126': 'https://vsprod.vijaysales.com/media/catalog/product/2/3/234326_1_.jpg', 'rating_m126': 5, 'discount_m126': 42.0, 'main_category_m126': 'Large Appliances', 'sub_category_m126': 'Double Door', 'capacity_litres_m126': 425, 'star_rating_m126': 1, 'model_name_m126': 'EBE4502C-S, Stainless Steel', 'category_m126': 'refrigerators', 'scrape_timestamp_m127': datetime.datetime(2026, 2, 13, 14, 36, 8, 692188), 'product_id_m127': 234325, 'brand_m127': 'Electrolux', 'price_m127': 62990, 'mrp_m127': 106990, 'availability_m127': 'Available', 'product_url_m127': 'https://www.vijaysales.com/p/234325/electrolux-573-litres-1-star-frost-free-double-door-inverter-refrigerator-with-tastelockauto-even-temp-ete5700c-a-arctic-silver-steel', 'image_url_m127': 'https://vsprod.vijaysales.com/media/catalog/product/2/3/234325_1__1_.jpg', 'rating_m127': 4, 'discount_m127': 41.13, 'main_category_m127': 'Large Appliances', 'sub_category_m127': 'Double Door', 'capacity_litres_m127': 537, 'star_rating_m127': 1, 'model_name_m127': 'ETE5700C-A, Arctic Silver Steel', 'category_m127': 'refrigerators', 'scrape_timestamp_m128': datetime.datetime(2026, 2, 13, 14, 36, 8, 692188), 'product_id_m128': 234324, 'brand_m128': 'Electrolux', 'price_m128': 45990, 'mrp_m128': 93990, 'availability_m128': 'Unavailable', 'product_url_m128': 'https://www.vijaysales.com/p/234324/electrolux-461-litres-1-star-frost-free-double-door-inverter-refrigerator-with-taste-lock-auto-eventemp-function-etb4600c-a-arctic-silver', 'image_url_m128': 'https://vsprod.vijaysales.com/media/catalog/product/2/3/234324_1__1_.jpg', 'rating_m128': 4, 'discount_m128': 51.07, 'main_category_m128': 'Large Appliances', 'sub_category_m128': 'Double Door', 'capacity_litres_m128': 431, 'star_rating_m128': 1, 'model_name_m128': 'ETB4600C-A, Arctic Silver', 'category_m128': 'refrigerators', 'scrape_timestamp_m129': datetime.datetime(2026, 2, 13, 14, 36, 8, 692188), 'product_id_m129': 231934, 'brand_m129': 'Samsung', 'price_m129': 45990, 'mrp_m129': 65990, 'availability_m129': 'Available', 'product_url_m129': 'https://www.vijaysales.com/p/231934/samsung-396-litres-2-star-frost-free-double-door-refrigerator-with-twin-cooling-plus-convertible-5-in-1-rt41dg6a2bb1hl-black-matt', 'image_url_m129': 'https://vsprod.vijaysales.com/media/catalog/product/2/3/231934-image.jpg', 'rating_m129': 5, 'discount_m129': 30.31, 'main_category_m129': 'Large Appliances', 'sub_category_m129': 'Double Door', 'capacity_litres_m129': 396, 'star_rating_m129': 2, 'model_name_m129': 'RT41DG6A2BB1HL, Black Matt', 'category_m129': 'refrigerators', 'scrape_timestamp_m130': datetime.datetime(2026, 2, 13, 14, 36, 8, 692188), 'product_id_m130': 231851, 'brand_m130': 'Samsung', 'price_m130': 184990, 'mrp_m130': 244000, 'availability_m130': 'Unavailable', 'product_url_m130': 'https://www.vijaysales.com/p/231851/samsung-650-litres-4-door-convertible-french-door-refrigerator-with-triple-cooling-precise-cooling-power-cool-power-freeze-slide-in-shelf-ai-energy-mode-rf65db90bd12-clean-white', 'image_url_m130': 'https://vsprod.vijaysales.com/media/catalog/product/2/3/231851_1_.jpg', 'rating_m130': 5, 'discount_m130': 24.18, 'main_category_m130': 'Large Appliances', 'sub_category_m130': 'Side By Side', 'capacity_litres_m130': 650, 'star_rating_m130': 2, 'model_name_m130': 'RF65DB90BD12, Clean White', 'category_m130': 'refrigerators', 'scrape_timestamp_m131': datetime.datetime(2026, 2, 13, 14, 36, 8, 692188), 'product_id_m131': 230574, 'brand_m131': 'Godrej', 'price_m131': 31990, 'mrp_m131': 48090, 'availability_m131': 'Available', 'product_url_m131': 'https://www.vijaysales.com/p/230574/godrej-308-litres-2-star-double-door-inverter-frost-free-refrigerator-4-in-1-convertible-modes-ai-tech-nano-shield-technology-wide-shelves-rt-eonvibe-346b-rcit-steel-rush', 'image_url_m131': 'https://vsprod.vijaysales.com/media/catalog/product/2/3/230574_1_.jpg', 'rating_m131': 5, 'discount_m131': 33.48, 'main_category_m131': 'Large Appliances', 'sub_category_m131': 'Double Door', 'capacity_litres_m131': 308, 'star_rating_m131': 2, 'model_name_m131': 'RT EONVIBE 346B RCIT, Steel Rush', 'category_m131': 'refrigerators', 'scrape_timestamp_m132': datetime.datetime(2026, 2, 13, 14, 36, 8, 692188), 'product_id_m132': 230573, 'brand_m132': 'Godrej', 'price_m132': 34990, 'mrp_m132': 53490, 'availability_m132': 'Available', 'product_url_m132': 'https://www.vijaysales.com/p/230573/godrej-330-lites-2-star-frost-free-inverter-refrigerator-with-convertible-4-in-1-modes-360-degree-cooling-2-25l-door-storage-eon-vibe-matt-black', 'image_url_m132': 'https://vsprod.vijaysales.com/media/catalog/product/2/3/230573_1__1.jpg', 'rating_m132': 4, 'discount_m132': 34.59, 'main_category_m132': 'Large Appliances', 'sub_category_m132': 'Double Door', 'capacity_litres_m132': 330, 'star_rating_m132': 2, 'model_name_m132': 'Eon Vibe, Matt Black', 'category_m132': 'refrigerators', 'scrape_timestamp_m133': datetime.datetime(2026, 2, 13, 14, 36, 8, 692188), 'product_id_m133': 229927, 'brand_m133': 'Samsung', 'price_m133': 109990, 'mrp_m133': 160000, 'availability_m133': 'Available', 'product_url_m133': 'https://www.vijaysales.com/p/229927/samsung-653-l-convertible-5-in-1-side-by-side-refrigerator-with-3-star-auto-open-door-rs76cb81a333-glam-deep-charcoal', 'image_url_m133': 'https://vsprod.vijaysales.com/media/catalog/product/2/2/229927-image.jpg', 'rating_m133': 5, 'discount_m133': 31.26, 'main_category_m133': 'Large Appliances', 'sub_category_m133': 'Side By Side', 'capacity_litres_m133': 653, 'star_rating_m133': 3, 'model_name_m133': 'RS76CB81A333, Glam Deep Charcoal', 'category_m133': 'refrigerators', 'scrape_timestamp_m134': datetime.datetime(2026, 2, 13, 14, 36, 8, 692188), 'product_id_m134': 229926, 'brand_m134': 'Samsung', 'price_m134': 104490, 'mrp_m134': 160000, 'availability_m134': 'Available', 'product_url_m134': 'https://www.vijaysales.com/p/229926/samsung-653l-bespoke-convertible-5in1-side-by-side-refrigerator-with-3-star-twin-cooling-plus-digital-inverter-compressor-rs76cb81a312-clean-white', 'image_url_m134': 'https://vsprod.vijaysales.com/media/catalog/product/2/2/229926-image.jpg', 'rating_m134': 5, 'discount_m134': 34.69, 'main_category_m134': 'Large Appliances', 'sub_category_m134': 'Side By Side', 'capacity_litres_m134': 653, 'star_rating_m134': 3, 'model_name_m134': 'RS76CB81A312,Clean White', 'category_m134': 'refrigerators', 'scrape_timestamp_m135': datetime.datetime(2026, 2, 13, 14, 36, 8, 692188), 'product_id_m135': 229925, 'brand_m135': 'Samsung', 'price_m135': 349990, 'mrp_m135': 509000, 'availability_m135': 'Unavailable', 'product_url_m135': 'https://www.vijaysales.com/p/229925/samsung-809-litres-bespoke-4-door-flex-family-hub-french-door-refrigerator-with-81-3-cm-screen-ai-vision-inside-auto-open-door-dual-auto-ice-maker-rf71db9950qd-clean-charcoal-stainless-steel', 'image_url_m135': 'https://vsprod.vijaysales.com/media/catalog/product/2/2/229925_1_.jpg', 'rating_m135': 4, 'discount_m135': 31.24, 'main_category_m135': 'Large Appliances', 'sub_category_m135': 'Side By Side', 'capacity_litres_m135': 809, 'star_rating_m135': 3, 'model_name_m135': 'RF71DB9950QD, Clean Charcoal + Stainless Steel', 'category_m135': 'refrigerators', 'scrape_timestamp_m136': datetime.datetime(2026, 2, 13, 14, 36, 8, 692188), 'product_id_m136': 229924, 'brand_m136': 'Samsung', 'price_m136': 178490, 'mrp_m136': 226000, 'availability_m136': 'Available', 'product_url_m136': 'https://www.vijaysales.com/p/229924/samsung-650-litres-convertible-frost-free-french-door-refrigerator-with-triple-cooling-flex-zone-power-cool-power-freeze-slide-in-shelf-ai-energy-mode-rf65dg90bdsg-black-caviar', 'image_url_m136': 'https://vsprod.vijaysales.com/media/catalog/product/2/2/229924_1__1.jpg', 'rating_m136': 4, 'discount_m136': 21.02, 'main_category_m136': 'Large Appliances', 'sub_category_m136': 'Side By Side', 'capacity_litres_m136': 650, 'star_rating_m136': 3, 'model_name_m136': 'RF65DG90BDSG, Black Caviar', 'category_m136': 'refrigerators', 'scrape_timestamp_m137': datetime.datetime(2026, 2, 13, 14, 36, 8, 692188), 'product_id_m137': 227829, 'brand_m137': 'LG', 'price_m137': 18990, 'mrp_m137': 21999, 'availability_m137': 'Unavailable', 'product_url_m137': 'https://www.vijaysales.com/p/227829/lg-201-litres-3-star-single-door-direct-cool-refrigerator-with-stabilizer-free-operation-gl-b211held-emareld-lotus', 'image_url_m137': 'https://vsprod.vijaysales.com/media/catalog/product/2/2/227829-image1.jpg', 'rating_m137': 5, 'discount_m137': 13.68, 'main_category_m137': 'Large Appliances', 'sub_category_m137': 'Single Door', 'capacity_litres_m137': 201, 'star_rating_m137': 3, 'model_name_m137': 'GL-B211HELD, Emareld Lotus', 'category_m137': 'refrigerators', 'scrape_timestamp_m138': datetime.datetime(2026, 2, 13, 14, 36, 8, 692188), 'product_id_m138': 227827, 'brand_m138': 'LG', 'price_m138': 19590, 'mrp_m138': 26199, 'availability_m138': 'Unavailable', 'product_url_m138': 'https://www.vijaysales.com/p/227827/lg-201-litres-5-star-direct-cool-single-door-refrigerator-with-antibacterial-gasket-scarlet-euphoria', 'image_url_m138': 'https://vsprod.vijaysales.com/media/catalog/product/2/2/227827-image1.jpg', 'rating_m138': 5, 'discount_m138': 25.23, 'main_category_m138': 'Large Appliances', 'sub_category_m138': 'Single Door', 'capacity_litres_m138': 201, 'star_rating_m138': 5, 'model_name_m138': 'Scarlet Euphoria', 'category_m138': 'refrigerators', 'scrape_timestamp_m139': datetime.datetime(2026, 2, 13, 14, 36, 8, 692188), 'product_id_m139': 227610, 'brand_m139': 'LG', 'price_m139': 399990, 'mrp_m139': 449999, 'availability_m139': 'Unavailable', 'product_url_m139': 'https://www.vijaysales.com/p/227610/lg-617-litres-3-stat-multi-door-frost-free-refrigerator-with-instaview-thinq-wi-fi-door-alarm-smart-diagnosis-gr-a24fdmmb', 'image_url_m139': 'https://vsprod.vijaysales.com/media/catalog/product/2/2/227610-image1.jpg', 'rating_m139': 5, 'discount_m139': 11.11, 'main_category_m139': 'Large Appliances', 'sub_category_m139': 'Side By Side', 'capacity_litres_m139': 617, 'star_rating_m139': 3, 'model_name_m139': 'GR-A24FDMMB', 'category_m139': 'refrigerators', 'scrape_timestamp_m140': datetime.datetime(2026, 2, 13, 14, 36, 8, 692188), 'product_id_m140': 226093, 'brand_m140': 'Whirlpool', 'price_m140': 43200, 'mrp_m140': 70300, 'availability_m140': 'Unavailable', 'product_url_m140': 'https://www.vijaysales.com/p/226093/whirlpool-intellifresh-467-litres-2-star-frost-free-double-door-inverter-refrigerator-with-5-in-1-convertible-modes-ifinvcnv515so2sz-steel-onyx', 'image_url_m140': 'https://vsprod.vijaysales.com/media/catalog/product/2/2/226093-image1_1.jpg', 'rating_m140': 4, 'discount_m140': 38.55, 'main_category_m140': 'Large Appliances', 'sub_category_m140': 'Double Door', 'capacity_litres_m140': 467, 'star_rating_m140': 2, 'model_name_m140': 'IFINVCNV515SO2SZ, Steel Onyx', 'category_m140': 'refrigerators', 'scrape_timestamp_m141': datetime.datetime(2026, 2, 13, 14, 36, 8, 692188), 'product_id_m141': 226090, 'brand_m141': 'Whirlpool', 'price_m141': 16800, 'mrp_m141': 22050, 'availability_m141': 'Unavailable', 'product_url_m141': 'https://www.vijaysales.com/p/226090/whirlpool-vitamagic-pro-192-litres-3-star-direct-cool-single-door-inverter-refrigerator-with-auto-defrost-technology-215vmproprm3sasz-alpha-steel', 'image_url_m141': 'https://vsprod.vijaysales.com/media/catalog/product/2/2/226090-image1.jpg', 'rating_m141': 5, 'discount_m141': 23.81, 'main_category_m141': 'Large Appliances', 'sub_category_m141': 'Single Door', 'capacity_litres_m141': 192, 'star_rating_m141': 3, 'model_name_m141': '215VMPROPRM3SASZ, Alpha Steel', 'category_m141': 'refrigerators', 'scrape_timestamp_m142': datetime.datetime(2026, 2, 13, 14, 36, 8, 692188), 'product_id_m142': 224671, 'brand_m142': 'Haier', 'price_m142': 48990, 'mrp_m142': 75890, 'availability_m142': 'Unavailable', 'product_url_m142': 'https://www.vijaysales.com/p/224671/haier-355-litres-3-star-double-door-frost-free-refrigerator-magic-cooling-14-in-1-convertible-triple-inverter-dual-fan-tech-2x-big-box-1-hour-icing-technology-hrb-4053pmg-p-mirror-glass', 'image_url_m142': 'https://vsprod.vijaysales.com/media/catalog/product/2/2/224671_1__1.jpg', 'rating_m142': 5, 'discount_m142': 35.45, 'main_category_m142': 'Large Appliances', 'sub_category_m142': 'Double Door', 'capacity_litres_m142': 355, 'star_rating_m142': 3, 'model_name_m142': 'HRB-4053PMG-P, Mirror Glass', 'category_m142': 'refrigerators', 'scrape_timestamp_m143': datetime.datetime(2026, 2, 13, 14, 36, 8, 692188), 'product_id_m143': 224424, 'brand_m143': 'Panasonic', 'price_m143': 49990, 'mrp_m143': 90000, 'availability_m143': 'Unavailable', 'product_url_m143': 'https://www.vijaysales.com/p/224424/panasonic-401-l-double-door-bottom-mount-refrigerator-with-2-star-prime-convertible-ai-econavi-6-stage-smart-inverter-nr-bk468bqkn-diamond-black', 'image_url_m143': 'https://vsprod.vijaysales.com/media/catalog/product/2/2/224424-image.jpg', 'rating_m143': 4, 'discount_m143': 44.46, 'main_category_m143': 'Large Appliances', 'sub_category_m143': 'Double Door', 'capacity_litres_m143': 401, 'star_rating_m143': 2, 'model_name_m143': 'NR-BK468BQKN, Diamond Black', 'category_m143': 'refrigerators', 'scrape_timestamp_m144': datetime.datetime(2026, 2, 13, 14, 36, 8, 692188), 'product_id_m144': 224388, 'brand_m144': 'Liebherr', 'price_m144': 15990, 'mrp_m144': 19490, 'availability_m144': 'Unavailable', 'product_url_m144': 'https://www.vijaysales.com/p/224388/liebherr-191-litres-3-star-single-door-direct-cool-refrigerator-adjustable-shelves-led-lighting-2-25l-big-bottle-storage-ice-cube-tray-pocket-handle-dnpsic-1901-pure-silver-steel', 'image_url_m144': 'https://vsprod.vijaysales.com/media/catalog/product/i/m/imgi_11_dnpsic_1901.jpg', 'rating_m144': 4, 'discount_m144': 17.96, 'main_category_m144': 'Large Appliances', 'sub_category_m144': 'Single Door', 'capacity_litres_m144': 191, 'star_rating_m144': 3, 'model_name_m144': 'DNPsiC 1901 Pure, Silver Steel', 'category_m144': 'refrigerators', 'scrape_timestamp_m145': datetime.datetime(2026, 2, 13, 14, 36, 8, 692188), 'product_id_m145': 224351, 'brand_m145': 'Bluestar', 'price_m145': 8990, 'mrp_m145': 11990, 'availability_m145': 'Unavailable', 'product_url_m145': 'https://www.vijaysales.com/p/224351/bluestar-47-litres-2-star-mini-bar-refrigerator-temperature-control-dial-reversible-door-silent-operation-led-lighting-mr60-gg', 'image_url_m145': 'https://vsprod.vijaysales.com/media/catalog/product/2/2/224351_1_.jpg', 'rating_m145': 5, 'discount_m145': 25.02, 'main_category_m145': 'Large Appliances', 'sub_category_m145': 'Single Door', 'capacity_litres_m145': 47, 'star_rating_m145': 2, 'model_name_m145': 'MR60-GG', 'category_m145': 'refrigerators', 'scrape_timestamp_m146': datetime.datetime(2026, 2, 13, 14, 36, 8, 692188), 'product_id_m146': 222379, 'brand_m146': 'LG', 'price_m146': 97990, 'mrp_m146': 140499, 'availability_m146': 'Unavailable', 'product_url_m146': 'https://www.vijaysales.com/p/P222377/222379/lg-650-l-side-by-side-door-convertible-refrigerator-with-door-cooling-hygiene-fresh-gl-b257epz3-shiny-steel', 'image_url_m146': 'https://vsprod.vijaysales.com/media/catalog/product/2/2/222379-image1_1.jpg', 'rating_m146': 5, 'discount_m146': 30.26, 'main_category_m146': 'Large Appliances', 'sub_category_m146': 'Side By Side', 'capacity_litres_m146': 650, 'star_rating_m146': 2, 'model_name_m146': 'GL-B257EPZ3, Shiny Steel', 'category_m146': 'refrigerators', 'scrape_timestamp_m147': datetime.datetime(2026, 2, 13, 14, 36, 8, 692188), 'product_id_m147': 219731, 'brand_m147': 'LG', 'price_m147': 46324, 'mrp_m147': 63999, 'availability_m147': 'Available', 'product_url_m147': 'https://www.vijaysales.com/p/219731/lg-380-litres-2-star-double-door-inverter-refrigerator-with-smart-inverter-compressor-toughened-glass-shelves-gls412susy-urban-steel', 'image_url_m147': 'https://vsprod.vijaysales.com/media/catalog/product/b/a/background_2.jpg', 'rating_m147': 5, 'discount_m147': 27.62, 'main_category_m147': 'Large Appliances', 'sub_category_m147': 'Double Door', 'capacity_litres_m147': 380, 'star_rating_m147': 2, 'model_name_m147': 'GLS412SUSY, Urban Steel', 'category_m147': 'refrigerators', 'scrape_timestamp_m148': datetime.datetime(2026, 2, 13, 14, 36, 8, 692188), 'product_id_m148': 217435, 'brand_m148': 'Godrej', 'price_m148': 25390, 'mrp_m148': 33050, 'availability_m148': 'Available', 'product_url_m148': 'https://www.vijaysales.com/p/P217435/217435/godrej-244-litres-2-star-frost-free-double-door-refrigerator-with-inverter-compressor-cool-balance-technology-rteonvalor280brifsst-fossil-steel', 'image_url_m148': 'https://vsprod.vijaysales.com/media/catalog/product/2/1/217435_1_.jpg', 'rating_m148': 4, 'discount_m148': 23.18, 'main_category_m148': 'Large Appliances', 'sub_category_m148': 'Double Door', 'capacity_litres_m148': 244, 'star_rating_m148': 2, 'model_name_m148': 'RT Eon Valor 280B RI FS ST, Fossil Steel', 'category_m148': 'refrigerators', 'scrape_timestamp_m149': datetime.datetime(2026, 2, 13, 14, 36, 8, 692188), 'product_id_m149': 215025, 'brand_m149': 'Whirlpool', 'price_m149': 17990, 'mrp_m149': 22000, 'availability_m149': 'Unavailable', 'product_url_m149': 'https://www.vijaysales.com/p/P214547/215025/whirlpool-207-litres-3-star-direct-cool-single-door-refrigerator-no-1-in-ice-making-230-icemagic-pro-roy-3s-wmz-wine-mulia-z', 'image_url_m149': 'https://vsprod.vijaysales.com/media/catalog/product/2/1/215025-image1_1.jpg', 'rating_m149': 4, 'discount_m149': 18.23, 'main_category_m149': 'Large Appliances', 'sub_category_m149': 'Single Door', 'capacity_litres_m149': 207, 'star_rating_m149': 3, 'model_name_m149': '230 Icemagic Pro ROY 3S WMZ, Wine Mulia-Z', 'category_m149': 'refrigerators'}]
(Background on this error at: https://sqlalche.me/e/14/gkpj)
[2026-02-13T14:36:08.954+0000] {processor.py:842} WARNING - No viable dags retrieved from /opt/airflow/dags/scripts/loaders/load_refrigerators.py
[2026-02-13T14:36:09.023+0000] {processor.py:183} INFO - Processing /opt/airflow/dags/scripts/loaders/load_refrigerators.py took 1.331 seconds
[2026-02-13T14:36:39.821+0000] {processor.py:161} INFO - Started process (PID=250) to work on /opt/airflow/dags/scripts/loaders/load_refrigerators.py
[2026-02-13T14:36:39.824+0000] {processor.py:830} INFO - Processing file /opt/airflow/dags/scripts/loaders/load_refrigerators.py for tasks to queue
[2026-02-13T14:36:39.831+0000] {logging_mixin.py:188} INFO - [2026-02-13T14:36:39.830+0000] {dagbag.py:545} INFO - Filling up the DagBag from /opt/airflow/dags/scripts/loaders/load_refrigerators.py
[2026-02-13T14:36:40.955+0000] {logging_mixin.py:188} INFO - 🚀 Loading REFRIGERATORS data
[2026-02-13T14:36:41.232+0000] {logging_mixin.py:188} INFO - ✅ Refrigerators table refreshed successfully
[2026-02-13T14:36:41.233+0000] {processor.py:842} WARNING - No viable dags retrieved from /opt/airflow/dags/scripts/loaders/load_refrigerators.py
[2026-02-13T14:36:41.275+0000] {processor.py:183} INFO - Processing /opt/airflow/dags/scripts/loaders/load_refrigerators.py took 1.468 seconds
[2026-02-13T14:37:11.475+0000] {processor.py:161} INFO - Started process (PID=288) to work on /opt/airflow/dags/scripts/loaders/load_refrigerators.py
[2026-02-13T14:37:11.477+0000] {processor.py:830} INFO - Processing file /opt/airflow/dags/scripts/loaders/load_refrigerators.py for tasks to queue
[2026-02-13T14:37:11.480+0000] {logging_mixin.py:188} INFO - [2026-02-13T14:37:11.480+0000] {dagbag.py:545} INFO - Filling up the DagBag from /opt/airflow/dags/scripts/loaders/load_refrigerators.py
[2026-02-13T14:37:12.030+0000] {logging_mixin.py:188} INFO - 🚀 Loading REFRIGERATORS data
[2026-02-13T14:37:12.224+0000] {logging_mixin.py:188} INFO - ✅ Refrigerators table refreshed successfully
[2026-02-13T14:37:12.226+0000] {processor.py:842} WARNING - No viable dags retrieved from /opt/airflow/dags/scripts/loaders/load_refrigerators.py
[2026-02-13T14:37:12.254+0000] {processor.py:183} INFO - Processing /opt/airflow/dags/scripts/loaders/load_refrigerators.py took 0.788 seconds
[2026-02-13T14:37:43.014+0000] {processor.py:161} INFO - Started process (PID=316) to work on /opt/airflow/dags/scripts/loaders/load_refrigerators.py
[2026-02-13T14:37:43.021+0000] {processor.py:830} INFO - Processing file /opt/airflow/dags/scripts/loaders/load_refrigerators.py for tasks to queue
[2026-02-13T14:37:43.026+0000] {logging_mixin.py:188} INFO - [2026-02-13T14:37:43.026+0000] {dagbag.py:545} INFO - Filling up the DagBag from /opt/airflow/dags/scripts/loaders/load_refrigerators.py
[2026-02-13T14:37:43.578+0000] {logging_mixin.py:188} INFO - 🚀 Loading REFRIGERATORS data
[2026-02-13T14:37:43.769+0000] {logging_mixin.py:188} INFO - ✅ Refrigerators table refreshed successfully
[2026-02-13T14:37:43.771+0000] {processor.py:842} WARNING - No viable dags retrieved from /opt/airflow/dags/scripts/loaders/load_refrigerators.py
[2026-02-13T14:37:43.812+0000] {processor.py:183} INFO - Processing /opt/airflow/dags/scripts/loaders/load_refrigerators.py took 0.809 seconds
[2026-02-13T14:38:14.041+0000] {processor.py:161} INFO - Started process (PID=342) to work on /opt/airflow/dags/scripts/loaders/load_refrigerators.py
[2026-02-13T14:38:14.057+0000] {processor.py:830} INFO - Processing file /opt/airflow/dags/scripts/loaders/load_refrigerators.py for tasks to queue
[2026-02-13T14:38:14.063+0000] {logging_mixin.py:188} INFO - [2026-02-13T14:38:14.062+0000] {dagbag.py:545} INFO - Filling up the DagBag from /opt/airflow/dags/scripts/loaders/load_refrigerators.py
[2026-02-13T14:38:15.243+0000] {logging_mixin.py:188} INFO - 🚀 Loading REFRIGERATORS data
[2026-02-13T14:38:15.787+0000] {logging_mixin.py:188} INFO - ✅ Refrigerators table refreshed successfully
[2026-02-13T14:38:15.805+0000] {processor.py:842} WARNING - No viable dags retrieved from /opt/airflow/dags/scripts/loaders/load_refrigerators.py
[2026-02-13T14:38:15.867+0000] {processor.py:183} INFO - Processing /opt/airflow/dags/scripts/loaders/load_refrigerators.py took 1.840 seconds
[2026-02-13T14:38:46.190+0000] {processor.py:161} INFO - Started process (PID=369) to work on /opt/airflow/dags/scripts/loaders/load_refrigerators.py
[2026-02-13T14:38:46.197+0000] {processor.py:830} INFO - Processing file /opt/airflow/dags/scripts/loaders/load_refrigerators.py for tasks to queue
[2026-02-13T14:38:46.208+0000] {logging_mixin.py:188} INFO - [2026-02-13T14:38:46.206+0000] {dagbag.py:545} INFO - Filling up the DagBag from /opt/airflow/dags/scripts/loaders/load_refrigerators.py
[2026-02-13T14:38:47.741+0000] {logging_mixin.py:188} INFO - 🚀 Loading REFRIGERATORS data
[2026-02-13T14:38:50.466+0000] {logging_mixin.py:188} INFO - ✅ Refrigerators table refreshed successfully
[2026-02-13T14:38:50.469+0000] {processor.py:842} WARNING - No viable dags retrieved from /opt/airflow/dags/scripts/loaders/load_refrigerators.py
[2026-02-13T14:38:50.560+0000] {processor.py:183} INFO - Processing /opt/airflow/dags/scripts/loaders/load_refrigerators.py took 4.230 seconds
[2026-02-13T14:39:24.033+0000] {processor.py:161} INFO - Started process (PID=397) to work on /opt/airflow/dags/scripts/loaders/load_refrigerators.py
[2026-02-13T14:39:24.036+0000] {processor.py:830} INFO - Processing file /opt/airflow/dags/scripts/loaders/load_refrigerators.py for tasks to queue
[2026-02-13T14:39:24.039+0000] {logging_mixin.py:188} INFO - [2026-02-13T14:39:24.039+0000] {dagbag.py:545} INFO - Filling up the DagBag from /opt/airflow/dags/scripts/loaders/load_refrigerators.py
[2026-02-13T14:39:24.714+0000] {logging_mixin.py:188} INFO - 🚀 Loading REFRIGERATORS data
[2026-02-13T14:39:24.903+0000] {logging_mixin.py:188} INFO - ✅ Refrigerators table refreshed successfully
[2026-02-13T14:39:24.905+0000] {processor.py:842} WARNING - No viable dags retrieved from /opt/airflow/dags/scripts/loaders/load_refrigerators.py
[2026-02-13T14:39:24.939+0000] {processor.py:183} INFO - Processing /opt/airflow/dags/scripts/loaders/load_refrigerators.py took 0.915 seconds
[2026-02-13T14:39:55.446+0000] {processor.py:161} INFO - Started process (PID=426) to work on /opt/airflow/dags/scripts/loaders/load_refrigerators.py
[2026-02-13T14:39:55.459+0000] {processor.py:830} INFO - Processing file /opt/airflow/dags/scripts/loaders/load_refrigerators.py for tasks to queue
[2026-02-13T14:39:55.464+0000] {logging_mixin.py:188} INFO - [2026-02-13T14:39:55.464+0000] {dagbag.py:545} INFO - Filling up the DagBag from /opt/airflow/dags/scripts/loaders/load_refrigerators.py
[2026-02-13T14:39:56.462+0000] {logging_mixin.py:188} INFO - 🚀 Loading REFRIGERATORS data
[2026-02-13T14:39:56.733+0000] {logging_mixin.py:188} INFO - ✅ Refrigerators table refreshed successfully
[2026-02-13T14:39:56.736+0000] {processor.py:842} WARNING - No viable dags retrieved from /opt/airflow/dags/scripts/loaders/load_refrigerators.py
[2026-02-13T14:39:56.802+0000] {processor.py:183} INFO - Processing /opt/airflow/dags/scripts/loaders/load_refrigerators.py took 1.367 seconds
[2026-02-13T14:40:27.393+0000] {processor.py:161} INFO - Started process (PID=455) to work on /opt/airflow/dags/scripts/loaders/load_refrigerators.py
[2026-02-13T14:40:27.397+0000] {processor.py:830} INFO - Processing file /opt/airflow/dags/scripts/loaders/load_refrigerators.py for tasks to queue
[2026-02-13T14:40:27.409+0000] {logging_mixin.py:188} INFO - [2026-02-13T14:40:27.408+0000] {dagbag.py:545} INFO - Filling up the DagBag from /opt/airflow/dags/scripts/loaders/load_refrigerators.py
[2026-02-13T14:40:28.426+0000] {logging_mixin.py:188} INFO - 🚀 Loading REFRIGERATORS data
[2026-02-13T14:40:28.732+0000] {logging_mixin.py:188} INFO - ✅ Refrigerators table refreshed successfully
[2026-02-13T14:40:28.734+0000] {processor.py:842} WARNING - No viable dags retrieved from /opt/airflow/dags/scripts/loaders/load_refrigerators.py
[2026-02-13T14:40:28.779+0000] {processor.py:183} INFO - Processing /opt/airflow/dags/scripts/loaders/load_refrigerators.py took 1.412 seconds
[2026-02-13T14:40:59.054+0000] {processor.py:161} INFO - Started process (PID=484) to work on /opt/airflow/dags/scripts/loaders/load_refrigerators.py
[2026-02-13T14:40:59.057+0000] {processor.py:830} INFO - Processing file /opt/airflow/dags/scripts/loaders/load_refrigerators.py for tasks to queue
[2026-02-13T14:40:59.060+0000] {logging_mixin.py:188} INFO - [2026-02-13T14:40:59.059+0000] {dagbag.py:545} INFO - Filling up the DagBag from /opt/airflow/dags/scripts/loaders/load_refrigerators.py
[2026-02-13T14:40:59.684+0000] {logging_mixin.py:188} INFO - 🚀 Loading REFRIGERATORS data
[2026-02-13T14:40:59.932+0000] {logging_mixin.py:188} INFO - ✅ Refrigerators table refreshed successfully
[2026-02-13T14:40:59.942+0000] {processor.py:842} WARNING - No viable dags retrieved from /opt/airflow/dags/scripts/loaders/load_refrigerators.py
[2026-02-13T14:40:59.970+0000] {processor.py:183} INFO - Processing /opt/airflow/dags/scripts/loaders/load_refrigerators.py took 0.924 seconds
[2026-02-13T14:41:30.971+0000] {processor.py:161} INFO - Started process (PID=513) to work on /opt/airflow/dags/scripts/loaders/load_refrigerators.py
[2026-02-13T14:41:30.981+0000] {processor.py:830} INFO - Processing file /opt/airflow/dags/scripts/loaders/load_refrigerators.py for tasks to queue
[2026-02-13T14:41:31.016+0000] {logging_mixin.py:188} INFO - [2026-02-13T14:41:31.008+0000] {dagbag.py:545} INFO - Filling up the DagBag from /opt/airflow/dags/scripts/loaders/load_refrigerators.py
[2026-02-13T14:41:36.954+0000] {logging_mixin.py:188} INFO - 🚀 Loading REFRIGERATORS data
[2026-02-13T14:41:38.307+0000] {logging_mixin.py:188} INFO - ✅ Refrigerators table refreshed successfully
[2026-02-13T14:41:38.311+0000] {processor.py:842} WARNING - No viable dags retrieved from /opt/airflow/dags/scripts/loaders/load_refrigerators.py
[2026-02-13T14:41:38.491+0000] {processor.py:183} INFO - Processing /opt/airflow/dags/scripts/loaders/load_refrigerators.py took 7.608 seconds
[2026-02-13T14:42:42.844+0000] {processor.py:161} INFO - Started process (PID=542) to work on /opt/airflow/dags/scripts/loaders/load_refrigerators.py
[2026-02-13T14:42:42.925+0000] {processor.py:830} INFO - Processing file /opt/airflow/dags/scripts/loaders/load_refrigerators.py for tasks to queue
[2026-02-13T14:42:43.573+0000] {logging_mixin.py:188} INFO - [2026-02-13T14:42:43.473+0000] {dagbag.py:545} INFO - Filling up the DagBag from /opt/airflow/dags/scripts/loaders/load_refrigerators.py
[2026-02-13T14:43:01.217+0000] {logging_mixin.py:188} INFO - 🚀 Loading REFRIGERATORS data
[2026-02-13T14:43:08.997+0000] {logging_mixin.py:188} INFO - ✅ Refrigerators table refreshed successfully
[2026-02-13T14:43:09.007+0000] {processor.py:842} WARNING - No viable dags retrieved from /opt/airflow/dags/scripts/loaders/load_refrigerators.py
[2026-02-13T14:43:09.248+0000] {processor.py:183} INFO - Processing /opt/airflow/dags/scripts/loaders/load_refrigerators.py took 26.042 seconds
[2026-02-13T14:43:39.919+0000] {processor.py:161} INFO - Started process (PID=571) to work on /opt/airflow/dags/scripts/loaders/load_refrigerators.py
[2026-02-13T14:43:39.922+0000] {processor.py:830} INFO - Processing file /opt/airflow/dags/scripts/loaders/load_refrigerators.py for tasks to queue
[2026-02-13T14:43:39.925+0000] {logging_mixin.py:188} INFO - [2026-02-13T14:43:39.925+0000] {dagbag.py:545} INFO - Filling up the DagBag from /opt/airflow/dags/scripts/loaders/load_refrigerators.py
[2026-02-13T14:43:40.555+0000] {logging_mixin.py:188} INFO - 🚀 Loading REFRIGERATORS data
[2026-02-13T14:43:40.786+0000] {logging_mixin.py:188} INFO - ✅ Refrigerators table refreshed successfully
[2026-02-13T14:43:40.788+0000] {processor.py:842} WARNING - No viable dags retrieved from /opt/airflow/dags/scripts/loaders/load_refrigerators.py
[2026-02-13T14:43:40.829+0000] {processor.py:183} INFO - Processing /opt/airflow/dags/scripts/loaders/load_refrigerators.py took 0.943 seconds
[2026-02-13T14:44:11.187+0000] {processor.py:161} INFO - Started process (PID=600) to work on /opt/airflow/dags/scripts/loaders/load_refrigerators.py
[2026-02-13T14:44:11.190+0000] {processor.py:830} INFO - Processing file /opt/airflow/dags/scripts/loaders/load_refrigerators.py for tasks to queue
[2026-02-13T14:44:11.194+0000] {logging_mixin.py:188} INFO - [2026-02-13T14:44:11.193+0000] {dagbag.py:545} INFO - Filling up the DagBag from /opt/airflow/dags/scripts/loaders/load_refrigerators.py
[2026-02-13T14:44:11.952+0000] {logging_mixin.py:188} INFO - 🚀 Loading REFRIGERATORS data
[2026-02-13T14:44:12.180+0000] {logging_mixin.py:188} INFO - ✅ Refrigerators table refreshed successfully
[2026-02-13T14:44:12.182+0000] {processor.py:842} WARNING - No viable dags retrieved from /opt/airflow/dags/scripts/loaders/load_refrigerators.py
[2026-02-13T14:44:12.236+0000] {processor.py:183} INFO - Processing /opt/airflow/dags/scripts/loaders/load_refrigerators.py took 1.064 seconds
[2026-02-13T14:44:46.779+0000] {processor.py:161} INFO - Started process (PID=629) to work on /opt/airflow/dags/scripts/loaders/load_refrigerators.py
[2026-02-13T14:44:47.025+0000] {processor.py:830} INFO - Processing file /opt/airflow/dags/scripts/loaders/load_refrigerators.py for tasks to queue
[2026-02-13T14:44:47.031+0000] {logging_mixin.py:188} INFO - [2026-02-13T14:44:47.030+0000] {dagbag.py:545} INFO - Filling up the DagBag from /opt/airflow/dags/scripts/loaders/load_refrigerators.py
[2026-02-13T14:44:48.988+0000] {logging_mixin.py:188} INFO - 🚀 Loading REFRIGERATORS data
[2026-02-13T14:44:49.225+0000] {logging_mixin.py:188} INFO - ✅ Refrigerators table refreshed successfully
[2026-02-13T14:44:49.227+0000] {processor.py:842} WARNING - No viable dags retrieved from /opt/airflow/dags/scripts/loaders/load_refrigerators.py
[2026-02-13T14:44:49.300+0000] {processor.py:183} INFO - Processing /opt/airflow/dags/scripts/loaders/load_refrigerators.py took 2.535 seconds
[2026-02-13T14:45:19.897+0000] {processor.py:161} INFO - Started process (PID=661) to work on /opt/airflow/dags/scripts/loaders/load_refrigerators.py
[2026-02-13T14:45:19.901+0000] {processor.py:830} INFO - Processing file /opt/airflow/dags/scripts/loaders/load_refrigerators.py for tasks to queue
[2026-02-13T14:45:19.907+0000] {logging_mixin.py:188} INFO - [2026-02-13T14:45:19.906+0000] {dagbag.py:545} INFO - Filling up the DagBag from /opt/airflow/dags/scripts/loaders/load_refrigerators.py
[2026-02-13T14:45:20.376+0000] {logging_mixin.py:188} INFO - 🚀 Loading REFRIGERATORS data
[2026-02-13T14:45:20.643+0000] {logging_mixin.py:188} INFO - ✅ Refrigerators table refreshed successfully
[2026-02-13T14:45:20.645+0000] {processor.py:842} WARNING - No viable dags retrieved from /opt/airflow/dags/scripts/loaders/load_refrigerators.py
[2026-02-13T14:45:20.668+0000] {processor.py:183} INFO - Processing /opt/airflow/dags/scripts/loaders/load_refrigerators.py took 0.783 seconds
[2026-02-13T14:45:51.264+0000] {processor.py:161} INFO - Started process (PID=688) to work on /opt/airflow/dags/scripts/loaders/load_refrigerators.py
[2026-02-13T14:45:51.266+0000] {processor.py:830} INFO - Processing file /opt/airflow/dags/scripts/loaders/load_refrigerators.py for tasks to queue
[2026-02-13T14:45:51.271+0000] {logging_mixin.py:188} INFO - [2026-02-13T14:45:51.271+0000] {dagbag.py:545} INFO - Filling up the DagBag from /opt/airflow/dags/scripts/loaders/load_refrigerators.py
[2026-02-13T14:45:51.990+0000] {logging_mixin.py:188} INFO - 🚀 Loading REFRIGERATORS data
[2026-02-13T14:45:52.401+0000] {logging_mixin.py:188} INFO - ✅ Refrigerators table refreshed successfully
[2026-02-13T14:45:52.402+0000] {processor.py:842} WARNING - No viable dags retrieved from /opt/airflow/dags/scripts/loaders/load_refrigerators.py
[2026-02-13T14:45:52.422+0000] {processor.py:183} INFO - Processing /opt/airflow/dags/scripts/loaders/load_refrigerators.py took 1.175 seconds
[2026-02-13T14:46:22.612+0000] {processor.py:161} INFO - Started process (PID=716) to work on /opt/airflow/dags/scripts/loaders/load_refrigerators.py
[2026-02-13T14:46:22.616+0000] {processor.py:830} INFO - Processing file /opt/airflow/dags/scripts/loaders/load_refrigerators.py for tasks to queue
[2026-02-13T14:46:22.621+0000] {logging_mixin.py:188} INFO - [2026-02-13T14:46:22.620+0000] {dagbag.py:545} INFO - Filling up the DagBag from /opt/airflow/dags/scripts/loaders/load_refrigerators.py
[2026-02-13T14:46:23.129+0000] {logging_mixin.py:188} INFO - 🚀 Loading REFRIGERATORS data
[2026-02-13T14:46:23.633+0000] {logging_mixin.py:188} INFO - ✅ Refrigerators table refreshed successfully
[2026-02-13T14:46:23.634+0000] {processor.py:842} WARNING - No viable dags retrieved from /opt/airflow/dags/scripts/loaders/load_refrigerators.py
[2026-02-13T14:46:23.664+0000] {processor.py:183} INFO - Processing /opt/airflow/dags/scripts/loaders/load_refrigerators.py took 1.067 seconds
[2026-02-13T14:46:53.926+0000] {processor.py:161} INFO - Started process (PID=745) to work on /opt/airflow/dags/scripts/loaders/load_refrigerators.py
[2026-02-13T14:46:53.928+0000] {processor.py:830} INFO - Processing file /opt/airflow/dags/scripts/loaders/load_refrigerators.py for tasks to queue
[2026-02-13T14:46:53.931+0000] {logging_mixin.py:188} INFO - [2026-02-13T14:46:53.931+0000] {dagbag.py:545} INFO - Filling up the DagBag from /opt/airflow/dags/scripts/loaders/load_refrigerators.py
[2026-02-13T14:46:54.363+0000] {logging_mixin.py:188} INFO - 🚀 Loading REFRIGERATORS data
[2026-02-13T14:46:54.571+0000] {logging_mixin.py:188} INFO - ✅ Refrigerators table refreshed successfully
[2026-02-13T14:46:54.573+0000] {processor.py:842} WARNING - No viable dags retrieved from /opt/airflow/dags/scripts/loaders/load_refrigerators.py
[2026-02-13T14:46:54.602+0000] {processor.py:183} INFO - Processing /opt/airflow/dags/scripts/loaders/load_refrigerators.py took 0.685 seconds
[2026-02-13T14:47:25.351+0000] {processor.py:161} INFO - Started process (PID=774) to work on /opt/airflow/dags/scripts/loaders/load_refrigerators.py
[2026-02-13T14:47:25.365+0000] {processor.py:830} INFO - Processing file /opt/airflow/dags/scripts/loaders/load_refrigerators.py for tasks to queue
[2026-02-13T14:47:25.384+0000] {logging_mixin.py:188} INFO - [2026-02-13T14:47:25.381+0000] {dagbag.py:545} INFO - Filling up the DagBag from /opt/airflow/dags/scripts/loaders/load_refrigerators.py
[2026-02-13T14:47:26.523+0000] {logging_mixin.py:188} INFO - 🚀 Loading REFRIGERATORS data
[2026-02-13T14:47:26.802+0000] {logging_mixin.py:188} INFO - ✅ Refrigerators table refreshed successfully
[2026-02-13T14:47:26.804+0000] {processor.py:842} WARNING - No viable dags retrieved from /opt/airflow/dags/scripts/loaders/load_refrigerators.py
[2026-02-13T14:47:26.870+0000] {processor.py:183} INFO - Processing /opt/airflow/dags/scripts/loaders/load_refrigerators.py took 1.566 seconds
[2026-02-13T14:47:57.540+0000] {processor.py:161} INFO - Started process (PID=803) to work on /opt/airflow/dags/scripts/loaders/load_refrigerators.py
[2026-02-13T14:47:57.543+0000] {processor.py:830} INFO - Processing file /opt/airflow/dags/scripts/loaders/load_refrigerators.py for tasks to queue
[2026-02-13T14:47:57.550+0000] {logging_mixin.py:188} INFO - [2026-02-13T14:47:57.549+0000] {dagbag.py:545} INFO - Filling up the DagBag from /opt/airflow/dags/scripts/loaders/load_refrigerators.py
[2026-02-13T14:47:58.125+0000] {logging_mixin.py:188} INFO - 🚀 Loading REFRIGERATORS data
[2026-02-13T14:47:58.348+0000] {logging_mixin.py:188} INFO - ✅ Refrigerators table refreshed successfully
[2026-02-13T14:47:58.350+0000] {processor.py:842} WARNING - No viable dags retrieved from /opt/airflow/dags/scripts/loaders/load_refrigerators.py
[2026-02-13T14:47:58.381+0000] {processor.py:183} INFO - Processing /opt/airflow/dags/scripts/loaders/load_refrigerators.py took 0.859 seconds
[2026-02-13T14:48:29.406+0000] {processor.py:161} INFO - Started process (PID=835) to work on /opt/airflow/dags/scripts/loaders/load_refrigerators.py
[2026-02-13T14:48:29.408+0000] {processor.py:830} INFO - Processing file /opt/airflow/dags/scripts/loaders/load_refrigerators.py for tasks to queue
[2026-02-13T14:48:29.412+0000] {logging_mixin.py:188} INFO - [2026-02-13T14:48:29.411+0000] {dagbag.py:545} INFO - Filling up the DagBag from /opt/airflow/dags/scripts/loaders/load_refrigerators.py
[2026-02-13T14:48:30.022+0000] {logging_mixin.py:188} INFO - 🚀 Loading REFRIGERATORS data
[2026-02-13T14:48:30.257+0000] {logging_mixin.py:188} INFO - ✅ Refrigerators table refreshed successfully
[2026-02-13T14:48:30.260+0000] {processor.py:842} WARNING - No viable dags retrieved from /opt/airflow/dags/scripts/loaders/load_refrigerators.py
[2026-02-13T14:48:30.298+0000] {processor.py:183} INFO - Processing /opt/airflow/dags/scripts/loaders/load_refrigerators.py took 0.905 seconds
[2026-02-13T14:49:00.885+0000] {processor.py:161} INFO - Started process (PID=869) to work on /opt/airflow/dags/scripts/loaders/load_refrigerators.py
[2026-02-13T14:49:00.888+0000] {processor.py:830} INFO - Processing file /opt/airflow/dags/scripts/loaders/load_refrigerators.py for tasks to queue
[2026-02-13T14:49:00.892+0000] {logging_mixin.py:188} INFO - [2026-02-13T14:49:00.891+0000] {dagbag.py:545} INFO - Filling up the DagBag from /opt/airflow/dags/scripts/loaders/load_refrigerators.py
[2026-02-13T14:49:01.380+0000] {logging_mixin.py:188} INFO - 🚀 Loading REFRIGERATORS data
[2026-02-13T14:49:01.777+0000] {logging_mixin.py:188} INFO - ✅ Refrigerators table refreshed successfully
[2026-02-13T14:49:01.779+0000] {processor.py:842} WARNING - No viable dags retrieved from /opt/airflow/dags/scripts/loaders/load_refrigerators.py
[2026-02-13T14:49:01.800+0000] {processor.py:183} INFO - Processing /opt/airflow/dags/scripts/loaders/load_refrigerators.py took 0.924 seconds
[2026-02-13T14:49:32.164+0000] {processor.py:161} INFO - Started process (PID=896) to work on /opt/airflow/dags/scripts/loaders/load_refrigerators.py
[2026-02-13T14:49:32.167+0000] {processor.py:830} INFO - Processing file /opt/airflow/dags/scripts/loaders/load_refrigerators.py for tasks to queue
[2026-02-13T14:49:32.173+0000] {logging_mixin.py:188} INFO - [2026-02-13T14:49:32.172+0000] {dagbag.py:545} INFO - Filling up the DagBag from /opt/airflow/dags/scripts/loaders/load_refrigerators.py
[2026-02-13T14:49:32.791+0000] {logging_mixin.py:188} INFO - 🚀 Loading REFRIGERATORS data
[2026-02-13T14:49:33.310+0000] {logging_mixin.py:188} INFO - ✅ Refrigerators table refreshed successfully
[2026-02-13T14:49:33.311+0000] {processor.py:842} WARNING - No viable dags retrieved from /opt/airflow/dags/scripts/loaders/load_refrigerators.py
[2026-02-13T14:49:33.337+0000] {processor.py:183} INFO - Processing /opt/airflow/dags/scripts/loaders/load_refrigerators.py took 1.194 seconds
[2026-02-13T14:50:03.667+0000] {processor.py:161} INFO - Started process (PID=927) to work on /opt/airflow/dags/scripts/loaders/load_refrigerators.py
[2026-02-13T14:50:03.670+0000] {processor.py:830} INFO - Processing file /opt/airflow/dags/scripts/loaders/load_refrigerators.py for tasks to queue
[2026-02-13T14:50:03.674+0000] {logging_mixin.py:188} INFO - [2026-02-13T14:50:03.673+0000] {dagbag.py:545} INFO - Filling up the DagBag from /opt/airflow/dags/scripts/loaders/load_refrigerators.py
[2026-02-13T14:50:04.137+0000] {logging_mixin.py:188} INFO - 🚀 Loading REFRIGERATORS data
[2026-02-13T14:50:04.379+0000] {logging_mixin.py:188} INFO - ✅ Refrigerators table refreshed successfully
[2026-02-13T14:50:04.380+0000] {processor.py:842} WARNING - No viable dags retrieved from /opt/airflow/dags/scripts/loaders/load_refrigerators.py
[2026-02-13T14:50:04.403+0000] {processor.py:183} INFO - Processing /opt/airflow/dags/scripts/loaders/load_refrigerators.py took 0.747 seconds
[2026-02-13T14:50:34.668+0000] {processor.py:161} INFO - Started process (PID=956) to work on /opt/airflow/dags/scripts/loaders/load_refrigerators.py
[2026-02-13T14:50:34.670+0000] {processor.py:830} INFO - Processing file /opt/airflow/dags/scripts/loaders/load_refrigerators.py for tasks to queue
[2026-02-13T14:50:34.673+0000] {logging_mixin.py:188} INFO - [2026-02-13T14:50:34.673+0000] {dagbag.py:545} INFO - Filling up the DagBag from /opt/airflow/dags/scripts/loaders/load_refrigerators.py
[2026-02-13T14:50:35.077+0000] {logging_mixin.py:188} INFO - 🚀 Loading REFRIGERATORS data
[2026-02-13T14:50:35.275+0000] {logging_mixin.py:188} INFO - ✅ Refrigerators table refreshed successfully
[2026-02-13T14:50:35.277+0000] {processor.py:842} WARNING - No viable dags retrieved from /opt/airflow/dags/scripts/loaders/load_refrigerators.py
[2026-02-13T14:50:35.308+0000] {processor.py:183} INFO - Processing /opt/airflow/dags/scripts/loaders/load_refrigerators.py took 0.649 seconds
[2026-02-13T14:51:06.565+0000] {processor.py:161} INFO - Started process (PID=977) to work on /opt/airflow/dags/scripts/loaders/load_refrigerators.py
[2026-02-13T14:51:06.567+0000] {processor.py:830} INFO - Processing file /opt/airflow/dags/scripts/loaders/load_refrigerators.py for tasks to queue
[2026-02-13T14:51:06.571+0000] {logging_mixin.py:188} INFO - [2026-02-13T14:51:06.570+0000] {dagbag.py:545} INFO - Filling up the DagBag from /opt/airflow/dags/scripts/loaders/load_refrigerators.py
[2026-02-13T14:51:07.219+0000] {logging_mixin.py:188} INFO - 🚀 Loading REFRIGERATORS data
[2026-02-13T14:51:07.437+0000] {logging_mixin.py:188} INFO - ✅ Refrigerators table refreshed successfully
[2026-02-13T14:51:07.439+0000] {processor.py:842} WARNING - No viable dags retrieved from /opt/airflow/dags/scripts/loaders/load_refrigerators.py
[2026-02-13T14:51:07.466+0000] {processor.py:183} INFO - Processing /opt/airflow/dags/scripts/loaders/load_refrigerators.py took 0.913 seconds
[2026-02-13T14:51:37.996+0000] {processor.py:161} INFO - Started process (PID=1006) to work on /opt/airflow/dags/scripts/loaders/load_refrigerators.py
[2026-02-13T14:51:37.998+0000] {processor.py:830} INFO - Processing file /opt/airflow/dags/scripts/loaders/load_refrigerators.py for tasks to queue
[2026-02-13T14:51:38.001+0000] {logging_mixin.py:188} INFO - [2026-02-13T14:51:38.001+0000] {dagbag.py:545} INFO - Filling up the DagBag from /opt/airflow/dags/scripts/loaders/load_refrigerators.py
[2026-02-13T14:51:38.493+0000] {logging_mixin.py:188} INFO - 🚀 Loading REFRIGERATORS data
[2026-02-13T14:51:38.700+0000] {logging_mixin.py:188} INFO - ✅ Refrigerators table refreshed successfully
[2026-02-13T14:51:38.702+0000] {processor.py:842} WARNING - No viable dags retrieved from /opt/airflow/dags/scripts/loaders/load_refrigerators.py
[2026-02-13T14:51:38.722+0000] {processor.py:183} INFO - Processing /opt/airflow/dags/scripts/loaders/load_refrigerators.py took 0.733 seconds
[2026-02-13T14:52:09.190+0000] {processor.py:161} INFO - Started process (PID=1035) to work on /opt/airflow/dags/scripts/loaders/load_refrigerators.py
[2026-02-13T14:52:09.193+0000] {processor.py:830} INFO - Processing file /opt/airflow/dags/scripts/loaders/load_refrigerators.py for tasks to queue
[2026-02-13T14:52:09.200+0000] {logging_mixin.py:188} INFO - [2026-02-13T14:52:09.199+0000] {dagbag.py:545} INFO - Filling up the DagBag from /opt/airflow/dags/scripts/loaders/load_refrigerators.py
[2026-02-13T14:52:09.795+0000] {logging_mixin.py:188} INFO - 🚀 Loading REFRIGERATORS data
[2026-02-13T14:52:10.038+0000] {logging_mixin.py:188} INFO - ✅ Refrigerators table refreshed successfully
[2026-02-13T14:52:10.040+0000] {processor.py:842} WARNING - No viable dags retrieved from /opt/airflow/dags/scripts/loaders/load_refrigerators.py
[2026-02-13T14:52:10.070+0000] {processor.py:183} INFO - Processing /opt/airflow/dags/scripts/loaders/load_refrigerators.py took 0.891 seconds
[2026-02-13T14:52:40.907+0000] {processor.py:161} INFO - Started process (PID=1064) to work on /opt/airflow/dags/scripts/loaders/load_refrigerators.py
[2026-02-13T14:52:40.908+0000] {processor.py:830} INFO - Processing file /opt/airflow/dags/scripts/loaders/load_refrigerators.py for tasks to queue
[2026-02-13T14:52:40.911+0000] {logging_mixin.py:188} INFO - [2026-02-13T14:52:40.911+0000] {dagbag.py:545} INFO - Filling up the DagBag from /opt/airflow/dags/scripts/loaders/load_refrigerators.py
[2026-02-13T14:52:41.339+0000] {logging_mixin.py:188} INFO - 🚀 Loading REFRIGERATORS data
[2026-02-13T14:52:41.854+0000] {logging_mixin.py:188} INFO - ✅ Refrigerators table refreshed successfully
[2026-02-13T14:52:41.856+0000] {processor.py:842} WARNING - No viable dags retrieved from /opt/airflow/dags/scripts/loaders/load_refrigerators.py
[2026-02-13T14:52:41.906+0000] {processor.py:183} INFO - Processing /opt/airflow/dags/scripts/loaders/load_refrigerators.py took 1.007 seconds
[2026-02-13T14:53:12.406+0000] {processor.py:161} INFO - Started process (PID=1093) to work on /opt/airflow/dags/scripts/loaders/load_refrigerators.py
[2026-02-13T14:53:12.408+0000] {processor.py:830} INFO - Processing file /opt/airflow/dags/scripts/loaders/load_refrigerators.py for tasks to queue
[2026-02-13T14:53:12.411+0000] {logging_mixin.py:188} INFO - [2026-02-13T14:53:12.411+0000] {dagbag.py:545} INFO - Filling up the DagBag from /opt/airflow/dags/scripts/loaders/load_refrigerators.py
[2026-02-13T14:53:12.908+0000] {logging_mixin.py:188} INFO - 🚀 Loading REFRIGERATORS data
[2026-02-13T14:53:13.351+0000] {logging_mixin.py:188} INFO - ✅ Refrigerators table refreshed successfully
[2026-02-13T14:53:13.352+0000] {processor.py:842} WARNING - No viable dags retrieved from /opt/airflow/dags/scripts/loaders/load_refrigerators.py
[2026-02-13T14:53:13.369+0000] {processor.py:183} INFO - Processing /opt/airflow/dags/scripts/loaders/load_refrigerators.py took 0.972 seconds
[2026-02-13T14:53:43.543+0000] {processor.py:161} INFO - Started process (PID=1122) to work on /opt/airflow/dags/scripts/loaders/load_refrigerators.py
[2026-02-13T14:53:43.545+0000] {processor.py:830} INFO - Processing file /opt/airflow/dags/scripts/loaders/load_refrigerators.py for tasks to queue
[2026-02-13T14:53:43.547+0000] {logging_mixin.py:188} INFO - [2026-02-13T14:53:43.547+0000] {dagbag.py:545} INFO - Filling up the DagBag from /opt/airflow/dags/scripts/loaders/load_refrigerators.py
[2026-02-13T14:53:44.013+0000] {logging_mixin.py:188} INFO - 🚀 Loading REFRIGERATORS data
[2026-02-13T14:53:44.238+0000] {logging_mixin.py:188} INFO - ✅ Refrigerators table refreshed successfully
[2026-02-13T14:53:44.239+0000] {processor.py:842} WARNING - No viable dags retrieved from /opt/airflow/dags/scripts/loaders/load_refrigerators.py
[2026-02-13T14:53:44.263+0000] {processor.py:183} INFO - Processing /opt/airflow/dags/scripts/loaders/load_refrigerators.py took 0.729 seconds
[2026-02-13T14:54:14.934+0000] {processor.py:161} INFO - Started process (PID=1151) to work on /opt/airflow/dags/scripts/loaders/load_refrigerators.py
[2026-02-13T14:54:14.936+0000] {processor.py:830} INFO - Processing file /opt/airflow/dags/scripts/loaders/load_refrigerators.py for tasks to queue
[2026-02-13T14:54:14.939+0000] {logging_mixin.py:188} INFO - [2026-02-13T14:54:14.939+0000] {dagbag.py:545} INFO - Filling up the DagBag from /opt/airflow/dags/scripts/loaders/load_refrigerators.py
[2026-02-13T14:54:15.710+0000] {logging_mixin.py:188} INFO - 🚀 Loading REFRIGERATORS data
[2026-02-13T14:54:15.913+0000] {logging_mixin.py:188} INFO - ✅ Refrigerators table refreshed successfully
[2026-02-13T14:54:15.915+0000] {processor.py:842} WARNING - No viable dags retrieved from /opt/airflow/dags/scripts/loaders/load_refrigerators.py
[2026-02-13T14:54:15.944+0000] {processor.py:183} INFO - Processing /opt/airflow/dags/scripts/loaders/load_refrigerators.py took 1.018 seconds
[2026-02-13T14:54:46.095+0000] {processor.py:161} INFO - Started process (PID=1180) to work on /opt/airflow/dags/scripts/loaders/load_refrigerators.py
[2026-02-13T14:54:46.097+0000] {processor.py:830} INFO - Processing file /opt/airflow/dags/scripts/loaders/load_refrigerators.py for tasks to queue
[2026-02-13T14:54:46.100+0000] {logging_mixin.py:188} INFO - [2026-02-13T14:54:46.099+0000] {dagbag.py:545} INFO - Filling up the DagBag from /opt/airflow/dags/scripts/loaders/load_refrigerators.py
[2026-02-13T14:54:46.556+0000] {logging_mixin.py:188} INFO - 🚀 Loading REFRIGERATORS data
[2026-02-13T14:54:46.765+0000] {logging_mixin.py:188} INFO - ✅ Refrigerators table refreshed successfully
[2026-02-13T14:54:46.766+0000] {processor.py:842} WARNING - No viable dags retrieved from /opt/airflow/dags/scripts/loaders/load_refrigerators.py
[2026-02-13T14:54:46.807+0000] {processor.py:183} INFO - Processing /opt/airflow/dags/scripts/loaders/load_refrigerators.py took 0.720 seconds
[2026-02-13T14:55:17.056+0000] {processor.py:161} INFO - Started process (PID=1209) to work on /opt/airflow/dags/scripts/loaders/load_refrigerators.py
[2026-02-13T14:55:17.058+0000] {processor.py:830} INFO - Processing file /opt/airflow/dags/scripts/loaders/load_refrigerators.py for tasks to queue
[2026-02-13T14:55:17.065+0000] {logging_mixin.py:188} INFO - [2026-02-13T14:55:17.064+0000] {dagbag.py:545} INFO - Filling up the DagBag from /opt/airflow/dags/scripts/loaders/load_refrigerators.py
[2026-02-13T14:55:17.763+0000] {logging_mixin.py:188} INFO - 🚀 Loading REFRIGERATORS data
[2026-02-13T14:55:18.053+0000] {logging_mixin.py:188} INFO - ✅ Refrigerators table refreshed successfully
[2026-02-13T14:55:18.057+0000] {processor.py:842} WARNING - No viable dags retrieved from /opt/airflow/dags/scripts/loaders/load_refrigerators.py
[2026-02-13T14:55:18.100+0000] {processor.py:183} INFO - Processing /opt/airflow/dags/scripts/loaders/load_refrigerators.py took 1.056 seconds
[2026-02-13T14:55:48.880+0000] {processor.py:161} INFO - Started process (PID=1238) to work on /opt/airflow/dags/scripts/loaders/load_refrigerators.py
[2026-02-13T14:55:48.882+0000] {processor.py:830} INFO - Processing file /opt/airflow/dags/scripts/loaders/load_refrigerators.py for tasks to queue
[2026-02-13T14:55:48.886+0000] {logging_mixin.py:188} INFO - [2026-02-13T14:55:48.886+0000] {dagbag.py:545} INFO - Filling up the DagBag from /opt/airflow/dags/scripts/loaders/load_refrigerators.py
[2026-02-13T14:55:49.337+0000] {logging_mixin.py:188} INFO - 🚀 Loading REFRIGERATORS data
[2026-02-13T14:55:49.833+0000] {logging_mixin.py:188} INFO - ✅ Refrigerators table refreshed successfully
[2026-02-13T14:55:49.834+0000] {processor.py:842} WARNING - No viable dags retrieved from /opt/airflow/dags/scripts/loaders/load_refrigerators.py
[2026-02-13T14:55:49.863+0000] {processor.py:183} INFO - Processing /opt/airflow/dags/scripts/loaders/load_refrigerators.py took 0.990 seconds
[2026-02-13T14:56:20.674+0000] {processor.py:161} INFO - Started process (PID=1267) to work on /opt/airflow/dags/scripts/loaders/load_refrigerators.py
[2026-02-13T14:56:20.677+0000] {processor.py:830} INFO - Processing file /opt/airflow/dags/scripts/loaders/load_refrigerators.py for tasks to queue
[2026-02-13T14:56:20.684+0000] {logging_mixin.py:188} INFO - [2026-02-13T14:56:20.683+0000] {dagbag.py:545} INFO - Filling up the DagBag from /opt/airflow/dags/scripts/loaders/load_refrigerators.py
[2026-02-13T14:56:21.644+0000] {logging_mixin.py:188} INFO - 🚀 Loading REFRIGERATORS data
[2026-02-13T14:56:22.440+0000] {logging_mixin.py:188} INFO - ✅ Refrigerators table refreshed successfully
[2026-02-13T14:56:22.441+0000] {processor.py:842} WARNING - No viable dags retrieved from /opt/airflow/dags/scripts/loaders/load_refrigerators.py
[2026-02-13T14:56:22.474+0000] {processor.py:183} INFO - Processing /opt/airflow/dags/scripts/loaders/load_refrigerators.py took 1.820 seconds
[2026-02-13T14:56:53.528+0000] {processor.py:161} INFO - Started process (PID=1296) to work on /opt/airflow/dags/scripts/loaders/load_refrigerators.py
[2026-02-13T14:56:53.531+0000] {processor.py:830} INFO - Processing file /opt/airflow/dags/scripts/loaders/load_refrigerators.py for tasks to queue
[2026-02-13T14:56:53.535+0000] {logging_mixin.py:188} INFO - [2026-02-13T14:56:53.534+0000] {dagbag.py:545} INFO - Filling up the DagBag from /opt/airflow/dags/scripts/loaders/load_refrigerators.py
[2026-02-13T14:56:54.222+0000] {logging_mixin.py:188} INFO - 🚀 Loading REFRIGERATORS data
[2026-02-13T14:56:54.674+0000] {logging_mixin.py:188} INFO - ✅ Refrigerators table refreshed successfully
[2026-02-13T14:56:54.676+0000] {processor.py:842} WARNING - No viable dags retrieved from /opt/airflow/dags/scripts/loaders/load_refrigerators.py
[2026-02-13T14:56:54.710+0000] {processor.py:183} INFO - Processing /opt/airflow/dags/scripts/loaders/load_refrigerators.py took 1.193 seconds
[2026-02-13T14:57:24.988+0000] {processor.py:161} INFO - Started process (PID=1325) to work on /opt/airflow/dags/scripts/loaders/load_refrigerators.py
[2026-02-13T14:57:24.992+0000] {processor.py:830} INFO - Processing file /opt/airflow/dags/scripts/loaders/load_refrigerators.py for tasks to queue
[2026-02-13T14:57:25.000+0000] {logging_mixin.py:188} INFO - [2026-02-13T14:57:24.999+0000] {dagbag.py:545} INFO - Filling up the DagBag from /opt/airflow/dags/scripts/loaders/load_refrigerators.py
[2026-02-13T14:57:25.664+0000] {logging_mixin.py:188} INFO - 🚀 Loading REFRIGERATORS data
[2026-02-13T14:57:25.887+0000] {logging_mixin.py:188} INFO - ✅ Refrigerators table refreshed successfully
[2026-02-13T14:57:25.889+0000] {processor.py:842} WARNING - No viable dags retrieved from /opt/airflow/dags/scripts/loaders/load_refrigerators.py
[2026-02-13T14:57:25.926+0000] {processor.py:183} INFO - Processing /opt/airflow/dags/scripts/loaders/load_refrigerators.py took 0.957 seconds
[2026-02-13T14:57:56.748+0000] {processor.py:161} INFO - Started process (PID=1354) to work on /opt/airflow/dags/scripts/loaders/load_refrigerators.py
[2026-02-13T14:57:56.751+0000] {processor.py:830} INFO - Processing file /opt/airflow/dags/scripts/loaders/load_refrigerators.py for tasks to queue
[2026-02-13T14:57:56.757+0000] {logging_mixin.py:188} INFO - [2026-02-13T14:57:56.756+0000] {dagbag.py:545} INFO - Filling up the DagBag from /opt/airflow/dags/scripts/loaders/load_refrigerators.py
[2026-02-13T14:57:57.342+0000] {logging_mixin.py:188} INFO - 🚀 Loading REFRIGERATORS data
[2026-02-13T14:57:57.575+0000] {logging_mixin.py:188} INFO - ✅ Refrigerators table refreshed successfully
[2026-02-13T14:57:57.577+0000] {processor.py:842} WARNING - No viable dags retrieved from /opt/airflow/dags/scripts/loaders/load_refrigerators.py
[2026-02-13T14:57:57.607+0000] {processor.py:183} INFO - Processing /opt/airflow/dags/scripts/loaders/load_refrigerators.py took 0.877 seconds
[2026-02-13T14:58:28.531+0000] {processor.py:161} INFO - Started process (PID=1383) to work on /opt/airflow/dags/scripts/loaders/load_refrigerators.py
[2026-02-13T14:58:28.534+0000] {processor.py:830} INFO - Processing file /opt/airflow/dags/scripts/loaders/load_refrigerators.py for tasks to queue
[2026-02-13T14:58:28.540+0000] {logging_mixin.py:188} INFO - [2026-02-13T14:58:28.540+0000] {dagbag.py:545} INFO - Filling up the DagBag from /opt/airflow/dags/scripts/loaders/load_refrigerators.py
[2026-02-13T14:58:29.169+0000] {logging_mixin.py:188} INFO - 🚀 Loading REFRIGERATORS data
[2026-02-13T14:58:29.378+0000] {logging_mixin.py:188} INFO - ✅ Refrigerators table refreshed successfully
[2026-02-13T14:58:29.379+0000] {processor.py:842} WARNING - No viable dags retrieved from /opt/airflow/dags/scripts/loaders/load_refrigerators.py
[2026-02-13T14:58:29.416+0000] {processor.py:183} INFO - Processing /opt/airflow/dags/scripts/loaders/load_refrigerators.py took 0.896 seconds
[2026-02-13T14:59:00.400+0000] {processor.py:161} INFO - Started process (PID=1412) to work on /opt/airflow/dags/scripts/loaders/load_refrigerators.py
[2026-02-13T14:59:00.402+0000] {processor.py:830} INFO - Processing file /opt/airflow/dags/scripts/loaders/load_refrigerators.py for tasks to queue
[2026-02-13T14:59:00.406+0000] {logging_mixin.py:188} INFO - [2026-02-13T14:59:00.405+0000] {dagbag.py:545} INFO - Filling up the DagBag from /opt/airflow/dags/scripts/loaders/load_refrigerators.py
[2026-02-13T14:59:01.094+0000] {logging_mixin.py:188} INFO - 🚀 Loading REFRIGERATORS data
[2026-02-13T14:59:01.620+0000] {logging_mixin.py:188} INFO - ✅ Refrigerators table refreshed successfully
[2026-02-13T14:59:01.622+0000] {processor.py:842} WARNING - No viable dags retrieved from /opt/airflow/dags/scripts/loaders/load_refrigerators.py
[2026-02-13T14:59:01.645+0000] {processor.py:183} INFO - Processing /opt/airflow/dags/scripts/loaders/load_refrigerators.py took 1.259 seconds
[2026-02-13T14:59:34.600+0000] {processor.py:161} INFO - Started process (PID=1441) to work on /opt/airflow/dags/scripts/loaders/load_refrigerators.py
[2026-02-13T14:59:34.627+0000] {processor.py:830} INFO - Processing file /opt/airflow/dags/scripts/loaders/load_refrigerators.py for tasks to queue
[2026-02-13T14:59:34.689+0000] {logging_mixin.py:188} INFO - [2026-02-13T14:59:34.687+0000] {dagbag.py:545} INFO - Filling up the DagBag from /opt/airflow/dags/scripts/loaders/load_refrigerators.py
[2026-02-13T15:01:21.154+0000] {processor.py:161} INFO - Started process (PID=1466) to work on /opt/airflow/dags/scripts/loaders/load_refrigerators.py
[2026-02-13T15:01:21.160+0000] {processor.py:830} INFO - Processing file /opt/airflow/dags/scripts/loaders/load_refrigerators.py for tasks to queue
[2026-02-13T15:01:21.169+0000] {logging_mixin.py:188} INFO - [2026-02-13T15:01:21.168+0000] {dagbag.py:545} INFO - Filling up the DagBag from /opt/airflow/dags/scripts/loaders/load_refrigerators.py
[2026-02-13T15:01:21.942+0000] {logging_mixin.py:188} INFO - 🚀 Loading REFRIGERATORS data
[2026-02-13T15:01:22.228+0000] {logging_mixin.py:188} INFO - ✅ Refrigerators table refreshed successfully
[2026-02-13T15:01:22.230+0000] {processor.py:842} WARNING - No viable dags retrieved from /opt/airflow/dags/scripts/loaders/load_refrigerators.py
[2026-02-13T15:01:22.285+0000] {processor.py:183} INFO - Processing /opt/airflow/dags/scripts/loaders/load_refrigerators.py took 1.150 seconds
[2026-02-13T15:01:53.158+0000] {processor.py:161} INFO - Started process (PID=1495) to work on /opt/airflow/dags/scripts/loaders/load_refrigerators.py
[2026-02-13T15:01:53.160+0000] {processor.py:830} INFO - Processing file /opt/airflow/dags/scripts/loaders/load_refrigerators.py for tasks to queue
[2026-02-13T15:01:53.165+0000] {logging_mixin.py:188} INFO - [2026-02-13T15:01:53.164+0000] {dagbag.py:545} INFO - Filling up the DagBag from /opt/airflow/dags/scripts/loaders/load_refrigerators.py
[2026-02-13T15:01:53.877+0000] {logging_mixin.py:188} INFO - 🚀 Loading REFRIGERATORS data
[2026-02-13T15:01:54.071+0000] {logging_mixin.py:188} INFO - ✅ Refrigerators table refreshed successfully
[2026-02-13T15:01:54.081+0000] {processor.py:842} WARNING - No viable dags retrieved from /opt/airflow/dags/scripts/loaders/load_refrigerators.py
[2026-02-13T15:01:54.249+0000] {processor.py:183} INFO - Processing /opt/airflow/dags/scripts/loaders/load_refrigerators.py took 1.105 seconds
[2026-02-13T15:02:24.740+0000] {processor.py:161} INFO - Started process (PID=1524) to work on /opt/airflow/dags/scripts/loaders/load_refrigerators.py
[2026-02-13T15:02:24.742+0000] {processor.py:830} INFO - Processing file /opt/airflow/dags/scripts/loaders/load_refrigerators.py for tasks to queue
[2026-02-13T15:02:24.746+0000] {logging_mixin.py:188} INFO - [2026-02-13T15:02:24.745+0000] {dagbag.py:545} INFO - Filling up the DagBag from /opt/airflow/dags/scripts/loaders/load_refrigerators.py
[2026-02-13T15:02:25.538+0000] {logging_mixin.py:188} INFO - 🚀 Loading REFRIGERATORS data
[2026-02-13T15:02:25.759+0000] {logging_mixin.py:188} INFO - ✅ Refrigerators table refreshed successfully
[2026-02-13T15:02:25.761+0000] {processor.py:842} WARNING - No viable dags retrieved from /opt/airflow/dags/scripts/loaders/load_refrigerators.py
[2026-02-13T15:02:25.789+0000] {processor.py:183} INFO - Processing /opt/airflow/dags/scripts/loaders/load_refrigerators.py took 1.059 seconds
[2026-02-13T15:02:56.523+0000] {processor.py:161} INFO - Started process (PID=1553) to work on /opt/airflow/dags/scripts/loaders/load_refrigerators.py
[2026-02-13T15:02:56.537+0000] {processor.py:830} INFO - Processing file /opt/airflow/dags/scripts/loaders/load_refrigerators.py for tasks to queue
[2026-02-13T15:02:56.557+0000] {logging_mixin.py:188} INFO - [2026-02-13T15:02:56.551+0000] {dagbag.py:545} INFO - Filling up the DagBag from /opt/airflow/dags/scripts/loaders/load_refrigerators.py
[2026-02-13T15:02:58.504+0000] {logging_mixin.py:188} INFO - 🚀 Loading REFRIGERATORS data
[2026-02-13T15:02:59.064+0000] {logging_mixin.py:188} INFO - ✅ Refrigerators table refreshed successfully
[2026-02-13T15:02:59.068+0000] {processor.py:842} WARNING - No viable dags retrieved from /opt/airflow/dags/scripts/loaders/load_refrigerators.py
[2026-02-13T15:02:59.138+0000] {processor.py:183} INFO - Processing /opt/airflow/dags/scripts/loaders/load_refrigerators.py took 2.660 seconds
[2026-02-13T15:03:30.182+0000] {processor.py:161} INFO - Started process (PID=1582) to work on /opt/airflow/dags/scripts/loaders/load_refrigerators.py
[2026-02-13T15:03:30.186+0000] {processor.py:830} INFO - Processing file /opt/airflow/dags/scripts/loaders/load_refrigerators.py for tasks to queue
[2026-02-13T15:03:30.194+0000] {logging_mixin.py:188} INFO - [2026-02-13T15:03:30.192+0000] {dagbag.py:545} INFO - Filling up the DagBag from /opt/airflow/dags/scripts/loaders/load_refrigerators.py
[2026-02-13T15:03:30.836+0000] {logging_mixin.py:188} INFO - 🚀 Loading REFRIGERATORS data
[2026-02-13T15:03:31.346+0000] {logging_mixin.py:188} INFO - ✅ Refrigerators table refreshed successfully
[2026-02-13T15:03:31.349+0000] {processor.py:842} WARNING - No viable dags retrieved from /opt/airflow/dags/scripts/loaders/load_refrigerators.py
[2026-02-13T15:03:31.386+0000] {processor.py:183} INFO - Processing /opt/airflow/dags/scripts/loaders/load_refrigerators.py took 1.223 seconds
[2026-02-13T15:04:01.836+0000] {processor.py:161} INFO - Started process (PID=1611) to work on /opt/airflow/dags/scripts/loaders/load_refrigerators.py
[2026-02-13T15:04:01.838+0000] {processor.py:830} INFO - Processing file /opt/airflow/dags/scripts/loaders/load_refrigerators.py for tasks to queue
[2026-02-13T15:04:01.842+0000] {logging_mixin.py:188} INFO - [2026-02-13T15:04:01.842+0000] {dagbag.py:545} INFO - Filling up the DagBag from /opt/airflow/dags/scripts/loaders/load_refrigerators.py
[2026-02-13T15:04:02.511+0000] {logging_mixin.py:188} INFO - 🚀 Loading REFRIGERATORS data
[2026-02-13T15:04:03.074+0000] {logging_mixin.py:188} INFO - ✅ Refrigerators table refreshed successfully
[2026-02-13T15:04:03.077+0000] {processor.py:842} WARNING - No viable dags retrieved from /opt/airflow/dags/scripts/loaders/load_refrigerators.py
[2026-02-13T15:04:03.105+0000] {processor.py:183} INFO - Processing /opt/airflow/dags/scripts/loaders/load_refrigerators.py took 1.290 seconds
[2026-02-13T15:04:33.693+0000] {processor.py:161} INFO - Started process (PID=1640) to work on /opt/airflow/dags/scripts/loaders/load_refrigerators.py
[2026-02-13T15:04:33.695+0000] {processor.py:830} INFO - Processing file /opt/airflow/dags/scripts/loaders/load_refrigerators.py for tasks to queue
[2026-02-13T15:04:33.699+0000] {logging_mixin.py:188} INFO - [2026-02-13T15:04:33.698+0000] {dagbag.py:545} INFO - Filling up the DagBag from /opt/airflow/dags/scripts/loaders/load_refrigerators.py
[2026-02-13T15:04:34.354+0000] {logging_mixin.py:188} INFO - 🚀 Loading REFRIGERATORS data
[2026-02-13T15:04:34.533+0000] {logging_mixin.py:188} INFO - ✅ Refrigerators table refreshed successfully
[2026-02-13T15:04:34.535+0000] {processor.py:842} WARNING - No viable dags retrieved from /opt/airflow/dags/scripts/loaders/load_refrigerators.py
[2026-02-13T15:04:34.563+0000] {processor.py:183} INFO - Processing /opt/airflow/dags/scripts/loaders/load_refrigerators.py took 0.880 seconds
[2026-02-13T15:05:05.257+0000] {processor.py:161} INFO - Started process (PID=1669) to work on /opt/airflow/dags/scripts/loaders/load_refrigerators.py
[2026-02-13T15:05:05.266+0000] {processor.py:830} INFO - Processing file /opt/airflow/dags/scripts/loaders/load_refrigerators.py for tasks to queue
[2026-02-13T15:05:05.269+0000] {logging_mixin.py:188} INFO - [2026-02-13T15:05:05.268+0000] {dagbag.py:545} INFO - Filling up the DagBag from /opt/airflow/dags/scripts/loaders/load_refrigerators.py
[2026-02-13T15:05:05.795+0000] {logging_mixin.py:188} INFO - 🚀 Loading REFRIGERATORS data
[2026-02-13T15:05:06.023+0000] {logging_mixin.py:188} INFO - ✅ Refrigerators table refreshed successfully
[2026-02-13T15:05:06.026+0000] {processor.py:842} WARNING - No viable dags retrieved from /opt/airflow/dags/scripts/loaders/load_refrigerators.py
[2026-02-13T15:05:06.054+0000] {processor.py:183} INFO - Processing /opt/airflow/dags/scripts/loaders/load_refrigerators.py took 0.805 seconds
[2026-02-13T15:05:36.417+0000] {processor.py:161} INFO - Started process (PID=1698) to work on /opt/airflow/dags/scripts/loaders/load_refrigerators.py
[2026-02-13T15:05:36.420+0000] {processor.py:830} INFO - Processing file /opt/airflow/dags/scripts/loaders/load_refrigerators.py for tasks to queue
[2026-02-13T15:05:36.425+0000] {logging_mixin.py:188} INFO - [2026-02-13T15:05:36.424+0000] {dagbag.py:545} INFO - Filling up the DagBag from /opt/airflow/dags/scripts/loaders/load_refrigerators.py
[2026-02-13T15:05:37.032+0000] {logging_mixin.py:188} INFO - 🚀 Loading REFRIGERATORS data
[2026-02-13T15:05:37.304+0000] {logging_mixin.py:188} INFO - ✅ Refrigerators table refreshed successfully
[2026-02-13T15:05:37.306+0000] {processor.py:842} WARNING - No viable dags retrieved from /opt/airflow/dags/scripts/loaders/load_refrigerators.py
[2026-02-13T15:05:37.334+0000] {processor.py:183} INFO - Processing /opt/airflow/dags/scripts/loaders/load_refrigerators.py took 0.938 seconds
[2026-02-13T15:06:08.997+0000] {processor.py:161} INFO - Started process (PID=1727) to work on /opt/airflow/dags/scripts/loaders/load_refrigerators.py
[2026-02-13T15:06:09.000+0000] {processor.py:830} INFO - Processing file /opt/airflow/dags/scripts/loaders/load_refrigerators.py for tasks to queue
[2026-02-13T15:06:09.007+0000] {logging_mixin.py:188} INFO - [2026-02-13T15:06:09.006+0000] {dagbag.py:545} INFO - Filling up the DagBag from /opt/airflow/dags/scripts/loaders/load_refrigerators.py
[2026-02-13T15:06:09.676+0000] {logging_mixin.py:188} INFO - 🚀 Loading REFRIGERATORS data
[2026-02-13T15:06:09.888+0000] {logging_mixin.py:188} INFO - ✅ Refrigerators table refreshed successfully
[2026-02-13T15:06:09.890+0000] {processor.py:842} WARNING - No viable dags retrieved from /opt/airflow/dags/scripts/loaders/load_refrigerators.py
[2026-02-13T15:06:09.928+0000] {processor.py:183} INFO - Processing /opt/airflow/dags/scripts/loaders/load_refrigerators.py took 0.940 seconds
[2026-02-13T15:06:41.099+0000] {processor.py:161} INFO - Started process (PID=1756) to work on /opt/airflow/dags/scripts/loaders/load_refrigerators.py
[2026-02-13T15:06:41.107+0000] {processor.py:830} INFO - Processing file /opt/airflow/dags/scripts/loaders/load_refrigerators.py for tasks to queue
[2026-02-13T15:06:41.111+0000] {logging_mixin.py:188} INFO - [2026-02-13T15:06:41.110+0000] {dagbag.py:545} INFO - Filling up the DagBag from /opt/airflow/dags/scripts/loaders/load_refrigerators.py
[2026-02-13T15:06:41.867+0000] {logging_mixin.py:188} INFO - 🚀 Loading REFRIGERATORS data
[2026-02-13T15:06:42.562+0000] {logging_mixin.py:188} INFO - ✅ Refrigerators table refreshed successfully
[2026-02-13T15:06:42.569+0000] {processor.py:842} WARNING - No viable dags retrieved from /opt/airflow/dags/scripts/loaders/load_refrigerators.py
[2026-02-13T15:06:42.615+0000] {processor.py:183} INFO - Processing /opt/airflow/dags/scripts/loaders/load_refrigerators.py took 1.525 seconds
[2026-02-13T15:07:18.444+0000] {processor.py:161} INFO - Started process (PID=1785) to work on /opt/airflow/dags/scripts/loaders/load_refrigerators.py
[2026-02-13T15:07:18.447+0000] {processor.py:830} INFO - Processing file /opt/airflow/dags/scripts/loaders/load_refrigerators.py for tasks to queue
[2026-02-13T15:07:18.451+0000] {logging_mixin.py:188} INFO - [2026-02-13T15:07:18.450+0000] {dagbag.py:545} INFO - Filling up the DagBag from /opt/airflow/dags/scripts/loaders/load_refrigerators.py
[2026-02-13T15:07:19.144+0000] {logging_mixin.py:188} INFO - 🚀 Loading REFRIGERATORS data
[2026-02-13T15:07:19.662+0000] {logging_mixin.py:188} INFO - ✅ Refrigerators table refreshed successfully
[2026-02-13T15:07:19.672+0000] {processor.py:842} WARNING - No viable dags retrieved from /opt/airflow/dags/scripts/loaders/load_refrigerators.py
[2026-02-13T15:07:19.698+0000] {processor.py:183} INFO - Processing /opt/airflow/dags/scripts/loaders/load_refrigerators.py took 1.266 seconds
[2026-02-13T15:07:50.963+0000] {processor.py:161} INFO - Started process (PID=1814) to work on /opt/airflow/dags/scripts/loaders/load_refrigerators.py
[2026-02-13T15:07:50.984+0000] {processor.py:830} INFO - Processing file /opt/airflow/dags/scripts/loaders/load_refrigerators.py for tasks to queue
[2026-02-13T15:07:50.992+0000] {logging_mixin.py:188} INFO - [2026-02-13T15:07:50.991+0000] {dagbag.py:545} INFO - Filling up the DagBag from /opt/airflow/dags/scripts/loaders/load_refrigerators.py
[2026-02-13T15:07:51.626+0000] {logging_mixin.py:188} INFO - 🚀 Loading REFRIGERATORS data
[2026-02-13T15:07:51.851+0000] {logging_mixin.py:188} INFO - ✅ Refrigerators table refreshed successfully
[2026-02-13T15:07:51.853+0000] {processor.py:842} WARNING - No viable dags retrieved from /opt/airflow/dags/scripts/loaders/load_refrigerators.py
[2026-02-13T15:07:51.888+0000] {processor.py:183} INFO - Processing /opt/airflow/dags/scripts/loaders/load_refrigerators.py took 0.961 seconds
[2026-02-13T15:08:22.813+0000] {processor.py:161} INFO - Started process (PID=1843) to work on /opt/airflow/dags/scripts/loaders/load_refrigerators.py
[2026-02-13T15:08:22.815+0000] {processor.py:830} INFO - Processing file /opt/airflow/dags/scripts/loaders/load_refrigerators.py for tasks to queue
[2026-02-13T15:08:22.819+0000] {logging_mixin.py:188} INFO - [2026-02-13T15:08:22.818+0000] {dagbag.py:545} INFO - Filling up the DagBag from /opt/airflow/dags/scripts/loaders/load_refrigerators.py
[2026-02-13T15:08:23.296+0000] {logging_mixin.py:188} INFO - 🚀 Loading REFRIGERATORS data
[2026-02-13T15:08:23.487+0000] {logging_mixin.py:188} INFO - ✅ Refrigerators table refreshed successfully
[2026-02-13T15:08:23.489+0000] {processor.py:842} WARNING - No viable dags retrieved from /opt/airflow/dags/scripts/loaders/load_refrigerators.py
[2026-02-13T15:08:23.521+0000] {processor.py:183} INFO - Processing /opt/airflow/dags/scripts/loaders/load_refrigerators.py took 0.717 seconds
[2026-02-13T15:08:55.504+0000] {processor.py:161} INFO - Started process (PID=1872) to work on /opt/airflow/dags/scripts/loaders/load_refrigerators.py
[2026-02-13T15:08:55.514+0000] {processor.py:830} INFO - Processing file /opt/airflow/dags/scripts/loaders/load_refrigerators.py for tasks to queue
[2026-02-13T15:08:55.517+0000] {logging_mixin.py:188} INFO - [2026-02-13T15:08:55.516+0000] {dagbag.py:545} INFO - Filling up the DagBag from /opt/airflow/dags/scripts/loaders/load_refrigerators.py
[2026-02-13T15:08:55.879+0000] {logging_mixin.py:188} INFO - 🚀 Loading REFRIGERATORS data
[2026-02-13T15:08:56.004+0000] {logging_mixin.py:188} INFO - ✅ Refrigerators table refreshed successfully
[2026-02-13T15:08:56.005+0000] {processor.py:842} WARNING - No viable dags retrieved from /opt/airflow/dags/scripts/loaders/load_refrigerators.py
[2026-02-13T15:08:56.022+0000] {processor.py:183} INFO - Processing /opt/airflow/dags/scripts/loaders/load_refrigerators.py took 0.525 seconds
[2026-02-13T15:09:27.862+0000] {processor.py:161} INFO - Started process (PID=1904) to work on /opt/airflow/dags/scripts/loaders/load_refrigerators.py
[2026-02-13T15:09:27.864+0000] {processor.py:830} INFO - Processing file /opt/airflow/dags/scripts/loaders/load_refrigerators.py for tasks to queue
[2026-02-13T15:09:27.870+0000] {logging_mixin.py:188} INFO - [2026-02-13T15:09:27.869+0000] {dagbag.py:545} INFO - Filling up the DagBag from /opt/airflow/dags/scripts/loaders/load_refrigerators.py
[2026-02-13T15:09:28.250+0000] {logging_mixin.py:188} INFO - 🚀 Loading REFRIGERATORS data
[2026-02-13T15:09:28.431+0000] {logging_mixin.py:188} INFO - ✅ Refrigerators table refreshed successfully
[2026-02-13T15:09:28.432+0000] {processor.py:842} WARNING - No viable dags retrieved from /opt/airflow/dags/scripts/loaders/load_refrigerators.py
[2026-02-13T15:09:28.444+0000] {processor.py:183} INFO - Processing /opt/airflow/dags/scripts/loaders/load_refrigerators.py took 0.596 seconds
[2026-02-13T15:09:58.693+0000] {processor.py:161} INFO - Started process (PID=1936) to work on /opt/airflow/dags/scripts/loaders/load_refrigerators.py
[2026-02-13T15:09:58.695+0000] {processor.py:830} INFO - Processing file /opt/airflow/dags/scripts/loaders/load_refrigerators.py for tasks to queue
[2026-02-13T15:09:58.705+0000] {logging_mixin.py:188} INFO - [2026-02-13T15:09:58.704+0000] {dagbag.py:545} INFO - Filling up the DagBag from /opt/airflow/dags/scripts/loaders/load_refrigerators.py
[2026-02-13T15:09:59.196+0000] {logging_mixin.py:188} INFO - 🚀 Loading REFRIGERATORS data
[2026-02-13T15:09:59.605+0000] {logging_mixin.py:188} INFO - ✅ Refrigerators table refreshed successfully
[2026-02-13T15:09:59.607+0000] {processor.py:842} WARNING - No viable dags retrieved from /opt/airflow/dags/scripts/loaders/load_refrigerators.py
[2026-02-13T15:09:59.644+0000] {processor.py:183} INFO - Processing /opt/airflow/dags/scripts/loaders/load_refrigerators.py took 0.962 seconds
[2026-02-13T15:10:30.427+0000] {processor.py:161} INFO - Started process (PID=1967) to work on /opt/airflow/dags/scripts/loaders/load_refrigerators.py
[2026-02-13T15:10:30.429+0000] {processor.py:830} INFO - Processing file /opt/airflow/dags/scripts/loaders/load_refrigerators.py for tasks to queue
[2026-02-13T15:10:30.432+0000] {logging_mixin.py:188} INFO - [2026-02-13T15:10:30.431+0000] {dagbag.py:545} INFO - Filling up the DagBag from /opt/airflow/dags/scripts/loaders/load_refrigerators.py
[2026-02-13T15:10:30.801+0000] {logging_mixin.py:188} INFO - 🚀 Loading REFRIGERATORS data
[2026-02-13T15:10:31.141+0000] {logging_mixin.py:188} INFO - ✅ Refrigerators table refreshed successfully
[2026-02-13T15:10:31.143+0000] {processor.py:842} WARNING - No viable dags retrieved from /opt/airflow/dags/scripts/loaders/load_refrigerators.py
[2026-02-13T15:10:31.172+0000] {processor.py:183} INFO - Processing /opt/airflow/dags/scripts/loaders/load_refrigerators.py took 0.753 seconds
[2026-02-13T15:11:01.311+0000] {processor.py:161} INFO - Started process (PID=1994) to work on /opt/airflow/dags/scripts/loaders/load_refrigerators.py
[2026-02-13T15:11:01.314+0000] {processor.py:830} INFO - Processing file /opt/airflow/dags/scripts/loaders/load_refrigerators.py for tasks to queue
[2026-02-13T15:11:01.319+0000] {logging_mixin.py:188} INFO - [2026-02-13T15:11:01.318+0000] {dagbag.py:545} INFO - Filling up the DagBag from /opt/airflow/dags/scripts/loaders/load_refrigerators.py
[2026-02-13T15:11:01.750+0000] {logging_mixin.py:188} INFO - 🚀 Loading REFRIGERATORS data
[2026-02-13T15:11:01.919+0000] {logging_mixin.py:188} INFO - ✅ Refrigerators table refreshed successfully
[2026-02-13T15:11:01.920+0000] {processor.py:842} WARNING - No viable dags retrieved from /opt/airflow/dags/scripts/loaders/load_refrigerators.py
[2026-02-13T15:11:01.935+0000] {processor.py:183} INFO - Processing /opt/airflow/dags/scripts/loaders/load_refrigerators.py took 0.633 seconds
[2026-02-13T15:11:32.212+0000] {processor.py:161} INFO - Started process (PID=2017) to work on /opt/airflow/dags/scripts/loaders/load_refrigerators.py
[2026-02-13T15:11:32.214+0000] {processor.py:830} INFO - Processing file /opt/airflow/dags/scripts/loaders/load_refrigerators.py for tasks to queue
[2026-02-13T15:11:32.218+0000] {logging_mixin.py:188} INFO - [2026-02-13T15:11:32.218+0000] {dagbag.py:545} INFO - Filling up the DagBag from /opt/airflow/dags/scripts/loaders/load_refrigerators.py
[2026-02-13T15:11:32.552+0000] {logging_mixin.py:188} INFO - 🚀 Loading REFRIGERATORS data
[2026-02-13T15:11:32.716+0000] {logging_mixin.py:188} INFO - ✅ Refrigerators table refreshed successfully
[2026-02-13T15:11:32.718+0000] {processor.py:842} WARNING - No viable dags retrieved from /opt/airflow/dags/scripts/loaders/load_refrigerators.py
[2026-02-13T15:11:32.744+0000] {processor.py:183} INFO - Processing /opt/airflow/dags/scripts/loaders/load_refrigerators.py took 0.543 seconds
[2026-02-13T15:12:03.571+0000] {processor.py:161} INFO - Started process (PID=2041) to work on /opt/airflow/dags/scripts/loaders/load_refrigerators.py
[2026-02-13T15:12:03.577+0000] {processor.py:830} INFO - Processing file /opt/airflow/dags/scripts/loaders/load_refrigerators.py for tasks to queue
[2026-02-13T15:12:03.586+0000] {logging_mixin.py:188} INFO - [2026-02-13T15:12:03.585+0000] {dagbag.py:545} INFO - Filling up the DagBag from /opt/airflow/dags/scripts/loaders/load_refrigerators.py
[2026-02-13T15:12:03.976+0000] {logging_mixin.py:188} INFO - 🚀 Loading REFRIGERATORS data
[2026-02-13T15:12:04.097+0000] {logging_mixin.py:188} INFO - ✅ Refrigerators table refreshed successfully
[2026-02-13T15:12:04.098+0000] {processor.py:842} WARNING - No viable dags retrieved from /opt/airflow/dags/scripts/loaders/load_refrigerators.py
[2026-02-13T15:12:04.127+0000] {processor.py:183} INFO - Processing /opt/airflow/dags/scripts/loaders/load_refrigerators.py took 0.568 seconds
[2026-02-13T15:12:34.621+0000] {processor.py:161} INFO - Started process (PID=2069) to work on /opt/airflow/dags/scripts/loaders/load_refrigerators.py
[2026-02-13T15:12:34.623+0000] {processor.py:830} INFO - Processing file /opt/airflow/dags/scripts/loaders/load_refrigerators.py for tasks to queue
[2026-02-13T15:12:34.627+0000] {logging_mixin.py:188} INFO - [2026-02-13T15:12:34.626+0000] {dagbag.py:545} INFO - Filling up the DagBag from /opt/airflow/dags/scripts/loaders/load_refrigerators.py
[2026-02-13T15:12:35.021+0000] {logging_mixin.py:188} INFO - 🚀 Loading REFRIGERATORS data
[2026-02-13T15:12:35.190+0000] {logging_mixin.py:188} INFO - ✅ Refrigerators table refreshed successfully
[2026-02-13T15:12:35.191+0000] {processor.py:842} WARNING - No viable dags retrieved from /opt/airflow/dags/scripts/loaders/load_refrigerators.py
[2026-02-13T15:12:35.215+0000] {processor.py:183} INFO - Processing /opt/airflow/dags/scripts/loaders/load_refrigerators.py took 0.601 seconds
[2026-02-13T15:13:05.882+0000] {processor.py:161} INFO - Started process (PID=2098) to work on /opt/airflow/dags/scripts/loaders/load_refrigerators.py
[2026-02-13T15:13:05.883+0000] {processor.py:830} INFO - Processing file /opt/airflow/dags/scripts/loaders/load_refrigerators.py for tasks to queue
[2026-02-13T15:13:05.887+0000] {logging_mixin.py:188} INFO - [2026-02-13T15:13:05.886+0000] {dagbag.py:545} INFO - Filling up the DagBag from /opt/airflow/dags/scripts/loaders/load_refrigerators.py
[2026-02-13T15:13:06.235+0000] {logging_mixin.py:188} INFO - 🚀 Loading REFRIGERATORS data
[2026-02-13T15:13:06.644+0000] {logging_mixin.py:188} INFO - ✅ Refrigerators table refreshed successfully
[2026-02-13T15:13:06.646+0000] {processor.py:842} WARNING - No viable dags retrieved from /opt/airflow/dags/scripts/loaders/load_refrigerators.py
[2026-02-13T15:13:06.667+0000] {processor.py:183} INFO - Processing /opt/airflow/dags/scripts/loaders/load_refrigerators.py took 0.791 seconds
[2026-02-13T15:13:37.124+0000] {processor.py:161} INFO - Started process (PID=2127) to work on /opt/airflow/dags/scripts/loaders/load_refrigerators.py
[2026-02-13T15:13:37.126+0000] {processor.py:830} INFO - Processing file /opt/airflow/dags/scripts/loaders/load_refrigerators.py for tasks to queue
[2026-02-13T15:13:37.128+0000] {logging_mixin.py:188} INFO - [2026-02-13T15:13:37.128+0000] {dagbag.py:545} INFO - Filling up the DagBag from /opt/airflow/dags/scripts/loaders/load_refrigerators.py
[2026-02-13T15:13:37.433+0000] {logging_mixin.py:188} INFO - 🚀 Loading REFRIGERATORS data
[2026-02-13T15:13:37.830+0000] {logging_mixin.py:188} INFO - ✅ Refrigerators table refreshed successfully
[2026-02-13T15:13:37.831+0000] {processor.py:842} WARNING - No viable dags retrieved from /opt/airflow/dags/scripts/loaders/load_refrigerators.py
[2026-02-13T15:13:37.848+0000] {processor.py:183} INFO - Processing /opt/airflow/dags/scripts/loaders/load_refrigerators.py took 0.732 seconds
[2026-02-13T15:14:08.255+0000] {processor.py:161} INFO - Started process (PID=2156) to work on /opt/airflow/dags/scripts/loaders/load_refrigerators.py
[2026-02-13T15:14:08.258+0000] {processor.py:830} INFO - Processing file /opt/airflow/dags/scripts/loaders/load_refrigerators.py for tasks to queue
[2026-02-13T15:14:08.262+0000] {logging_mixin.py:188} INFO - [2026-02-13T15:14:08.262+0000] {dagbag.py:545} INFO - Filling up the DagBag from /opt/airflow/dags/scripts/loaders/load_refrigerators.py
[2026-02-13T15:14:08.612+0000] {logging_mixin.py:188} INFO - 🚀 Loading REFRIGERATORS data
[2026-02-13T15:14:08.980+0000] {logging_mixin.py:188} INFO - ✅ Refrigerators table refreshed successfully
[2026-02-13T15:14:08.981+0000] {processor.py:842} WARNING - No viable dags retrieved from /opt/airflow/dags/scripts/loaders/load_refrigerators.py
[2026-02-13T15:14:09.003+0000] {processor.py:183} INFO - Processing /opt/airflow/dags/scripts/loaders/load_refrigerators.py took 0.761 seconds
[2026-02-13T15:14:39.426+0000] {processor.py:161} INFO - Started process (PID=2185) to work on /opt/airflow/dags/scripts/loaders/load_refrigerators.py
[2026-02-13T15:14:39.428+0000] {processor.py:830} INFO - Processing file /opt/airflow/dags/scripts/loaders/load_refrigerators.py for tasks to queue
[2026-02-13T15:14:39.430+0000] {logging_mixin.py:188} INFO - [2026-02-13T15:14:39.430+0000] {dagbag.py:545} INFO - Filling up the DagBag from /opt/airflow/dags/scripts/loaders/load_refrigerators.py
[2026-02-13T15:14:39.855+0000] {logging_mixin.py:188} INFO - 🚀 Loading REFRIGERATORS data
[2026-02-13T15:14:39.987+0000] {logging_mixin.py:188} INFO - ✅ Refrigerators table refreshed successfully
[2026-02-13T15:14:39.988+0000] {processor.py:842} WARNING - No viable dags retrieved from /opt/airflow/dags/scripts/loaders/load_refrigerators.py
[2026-02-13T15:14:40.015+0000] {processor.py:183} INFO - Processing /opt/airflow/dags/scripts/loaders/load_refrigerators.py took 0.599 seconds
[2026-02-13T15:15:10.581+0000] {processor.py:161} INFO - Started process (PID=2214) to work on /opt/airflow/dags/scripts/loaders/load_refrigerators.py
[2026-02-13T15:15:10.583+0000] {processor.py:830} INFO - Processing file /opt/airflow/dags/scripts/loaders/load_refrigerators.py for tasks to queue
[2026-02-13T15:15:10.585+0000] {logging_mixin.py:188} INFO - [2026-02-13T15:15:10.585+0000] {dagbag.py:545} INFO - Filling up the DagBag from /opt/airflow/dags/scripts/loaders/load_refrigerators.py
[2026-02-13T15:15:11.024+0000] {logging_mixin.py:188} INFO - 🚀 Loading REFRIGERATORS data
[2026-02-13T15:15:11.149+0000] {logging_mixin.py:188} INFO - ✅ Refrigerators table refreshed successfully
[2026-02-13T15:15:11.150+0000] {processor.py:842} WARNING - No viable dags retrieved from /opt/airflow/dags/scripts/loaders/load_refrigerators.py
[2026-02-13T15:15:11.174+0000] {processor.py:183} INFO - Processing /opt/airflow/dags/scripts/loaders/load_refrigerators.py took 0.598 seconds
[2026-02-13T15:15:41.855+0000] {processor.py:161} INFO - Started process (PID=2243) to work on /opt/airflow/dags/scripts/loaders/load_refrigerators.py
[2026-02-13T15:15:41.857+0000] {processor.py:830} INFO - Processing file /opt/airflow/dags/scripts/loaders/load_refrigerators.py for tasks to queue
[2026-02-13T15:15:41.859+0000] {logging_mixin.py:188} INFO - [2026-02-13T15:15:41.858+0000] {dagbag.py:545} INFO - Filling up the DagBag from /opt/airflow/dags/scripts/loaders/load_refrigerators.py
[2026-02-13T15:15:42.217+0000] {logging_mixin.py:188} INFO - 🚀 Loading REFRIGERATORS data
[2026-02-13T15:15:42.391+0000] {logging_mixin.py:188} INFO - ✅ Refrigerators table refreshed successfully
[2026-02-13T15:15:42.392+0000] {processor.py:842} WARNING - No viable dags retrieved from /opt/airflow/dags/scripts/loaders/load_refrigerators.py
[2026-02-13T15:15:42.416+0000] {processor.py:183} INFO - Processing /opt/airflow/dags/scripts/loaders/load_refrigerators.py took 0.574 seconds
[2026-02-13T15:16:12.585+0000] {processor.py:161} INFO - Started process (PID=2269) to work on /opt/airflow/dags/scripts/loaders/load_refrigerators.py
[2026-02-13T15:16:12.587+0000] {processor.py:830} INFO - Processing file /opt/airflow/dags/scripts/loaders/load_refrigerators.py for tasks to queue
[2026-02-13T15:16:12.591+0000] {logging_mixin.py:188} INFO - [2026-02-13T15:16:12.590+0000] {dagbag.py:545} INFO - Filling up the DagBag from /opt/airflow/dags/scripts/loaders/load_refrigerators.py
[2026-02-13T15:16:12.940+0000] {logging_mixin.py:188} INFO - 🚀 Loading REFRIGERATORS data
[2026-02-13T15:16:13.241+0000] {logging_mixin.py:188} INFO - ✅ Refrigerators table refreshed successfully
[2026-02-13T15:16:13.242+0000] {processor.py:842} WARNING - No viable dags retrieved from /opt/airflow/dags/scripts/loaders/load_refrigerators.py
[2026-02-13T15:16:13.257+0000] {processor.py:183} INFO - Processing /opt/airflow/dags/scripts/loaders/load_refrigerators.py took 0.686 seconds
[2026-02-13T15:16:43.572+0000] {processor.py:161} INFO - Started process (PID=2303) to work on /opt/airflow/dags/scripts/loaders/load_refrigerators.py
[2026-02-13T15:16:43.574+0000] {processor.py:830} INFO - Processing file /opt/airflow/dags/scripts/loaders/load_refrigerators.py for tasks to queue
[2026-02-13T15:16:43.577+0000] {logging_mixin.py:188} INFO - [2026-02-13T15:16:43.577+0000] {dagbag.py:545} INFO - Filling up the DagBag from /opt/airflow/dags/scripts/loaders/load_refrigerators.py
[2026-02-13T15:16:43.859+0000] {logging_mixin.py:188} INFO - 🚀 Loading REFRIGERATORS data
[2026-02-13T15:16:44.094+0000] {logging_mixin.py:188} INFO - ✅ Refrigerators table refreshed successfully
[2026-02-13T15:16:44.095+0000] {processor.py:842} WARNING - No viable dags retrieved from /opt/airflow/dags/scripts/loaders/load_refrigerators.py
[2026-02-13T15:16:44.108+0000] {processor.py:183} INFO - Processing /opt/airflow/dags/scripts/loaders/load_refrigerators.py took 0.544 seconds
[2026-02-13T15:17:14.259+0000] {processor.py:161} INFO - Started process (PID=2330) to work on /opt/airflow/dags/scripts/loaders/load_refrigerators.py
[2026-02-13T15:17:14.262+0000] {processor.py:830} INFO - Processing file /opt/airflow/dags/scripts/loaders/load_refrigerators.py for tasks to queue
[2026-02-13T15:17:14.266+0000] {logging_mixin.py:188} INFO - [2026-02-13T15:17:14.266+0000] {dagbag.py:545} INFO - Filling up the DagBag from /opt/airflow/dags/scripts/loaders/load_refrigerators.py
[2026-02-13T15:17:14.638+0000] {logging_mixin.py:188} INFO - 🚀 Loading REFRIGERATORS data
[2026-02-13T15:17:14.868+0000] {logging_mixin.py:188} INFO - ✅ Refrigerators table refreshed successfully
[2026-02-13T15:17:14.869+0000] {processor.py:842} WARNING - No viable dags retrieved from /opt/airflow/dags/scripts/loaders/load_refrigerators.py
[2026-02-13T15:17:14.881+0000] {processor.py:183} INFO - Processing /opt/airflow/dags/scripts/loaders/load_refrigerators.py took 0.635 seconds
[2026-02-13T15:17:45.366+0000] {processor.py:161} INFO - Started process (PID=2361) to work on /opt/airflow/dags/scripts/loaders/load_refrigerators.py
[2026-02-13T15:17:45.371+0000] {processor.py:830} INFO - Processing file /opt/airflow/dags/scripts/loaders/load_refrigerators.py for tasks to queue
[2026-02-13T15:17:45.375+0000] {logging_mixin.py:188} INFO - [2026-02-13T15:17:45.374+0000] {dagbag.py:545} INFO - Filling up the DagBag from /opt/airflow/dags/scripts/loaders/load_refrigerators.py
[2026-02-13T15:17:45.905+0000] {logging_mixin.py:188} INFO - 🚀 Loading REFRIGERATORS data
[2026-02-13T15:17:46.070+0000] {logging_mixin.py:188} INFO - ✅ Refrigerators table refreshed successfully
[2026-02-13T15:17:46.071+0000] {processor.py:842} WARNING - No viable dags retrieved from /opt/airflow/dags/scripts/loaders/load_refrigerators.py
[2026-02-13T15:17:46.098+0000] {processor.py:183} INFO - Processing /opt/airflow/dags/scripts/loaders/load_refrigerators.py took 0.747 seconds
[2026-02-13T15:18:16.250+0000] {processor.py:161} INFO - Started process (PID=2387) to work on /opt/airflow/dags/scripts/loaders/load_refrigerators.py
[2026-02-13T15:18:16.254+0000] {processor.py:830} INFO - Processing file /opt/airflow/dags/scripts/loaders/load_refrigerators.py for tasks to queue
[2026-02-13T15:18:16.256+0000] {logging_mixin.py:188} INFO - [2026-02-13T15:18:16.256+0000] {dagbag.py:545} INFO - Filling up the DagBag from /opt/airflow/dags/scripts/loaders/load_refrigerators.py
[2026-02-13T15:18:16.701+0000] {logging_mixin.py:188} INFO - 🚀 Loading REFRIGERATORS data
[2026-02-13T15:18:16.840+0000] {logging_mixin.py:188} INFO - ✅ Refrigerators table refreshed successfully
[2026-02-13T15:18:16.841+0000] {processor.py:842} WARNING - No viable dags retrieved from /opt/airflow/dags/scripts/loaders/load_refrigerators.py
[2026-02-13T15:18:16.856+0000] {processor.py:183} INFO - Processing /opt/airflow/dags/scripts/loaders/load_refrigerators.py took 0.612 seconds
[2026-02-13T15:18:48.006+0000] {processor.py:161} INFO - Started process (PID=2416) to work on /opt/airflow/dags/scripts/loaders/load_refrigerators.py
[2026-02-13T15:18:48.010+0000] {processor.py:830} INFO - Processing file /opt/airflow/dags/scripts/loaders/load_refrigerators.py for tasks to queue
[2026-02-13T15:18:48.014+0000] {logging_mixin.py:188} INFO - [2026-02-13T15:18:48.014+0000] {dagbag.py:545} INFO - Filling up the DagBag from /opt/airflow/dags/scripts/loaders/load_refrigerators.py
[2026-02-13T15:18:50.795+0000] {logging_mixin.py:188} INFO - 🚀 Loading REFRIGERATORS data
[2026-02-13T15:18:51.248+0000] {logging_mixin.py:188} INFO - ✅ Refrigerators table refreshed successfully
[2026-02-13T15:18:51.252+0000] {processor.py:842} WARNING - No viable dags retrieved from /opt/airflow/dags/scripts/loaders/load_refrigerators.py
[2026-02-13T15:18:51.321+0000] {processor.py:183} INFO - Processing /opt/airflow/dags/scripts/loaders/load_refrigerators.py took 3.332 seconds
[2026-02-13T15:19:21.666+0000] {processor.py:161} INFO - Started process (PID=2442) to work on /opt/airflow/dags/scripts/loaders/load_refrigerators.py
[2026-02-13T15:19:21.669+0000] {processor.py:830} INFO - Processing file /opt/airflow/dags/scripts/loaders/load_refrigerators.py for tasks to queue
[2026-02-13T15:19:21.674+0000] {logging_mixin.py:188} INFO - [2026-02-13T15:19:21.673+0000] {dagbag.py:545} INFO - Filling up the DagBag from /opt/airflow/dags/scripts/loaders/load_refrigerators.py
[2026-02-13T15:19:22.059+0000] {logging_mixin.py:188} INFO - 🚀 Loading REFRIGERATORS data
[2026-02-13T15:19:22.448+0000] {logging_mixin.py:188} INFO - ✅ Refrigerators table refreshed successfully
[2026-02-13T15:19:22.450+0000] {processor.py:842} WARNING - No viable dags retrieved from /opt/airflow/dags/scripts/loaders/load_refrigerators.py
[2026-02-13T15:19:22.476+0000] {processor.py:183} INFO - Processing /opt/airflow/dags/scripts/loaders/load_refrigerators.py took 0.820 seconds
[2026-02-13T15:19:53.019+0000] {processor.py:161} INFO - Started process (PID=2471) to work on /opt/airflow/dags/scripts/loaders/load_refrigerators.py
[2026-02-13T15:19:53.021+0000] {processor.py:830} INFO - Processing file /opt/airflow/dags/scripts/loaders/load_refrigerators.py for tasks to queue
[2026-02-13T15:19:53.023+0000] {logging_mixin.py:188} INFO - [2026-02-13T15:19:53.023+0000] {dagbag.py:545} INFO - Filling up the DagBag from /opt/airflow/dags/scripts/loaders/load_refrigerators.py
[2026-02-13T15:19:53.346+0000] {logging_mixin.py:188} INFO - 🚀 Loading REFRIGERATORS data
[2026-02-13T15:19:53.676+0000] {logging_mixin.py:188} INFO - ✅ Refrigerators table refreshed successfully
[2026-02-13T15:19:53.678+0000] {processor.py:842} WARNING - No viable dags retrieved from /opt/airflow/dags/scripts/loaders/load_refrigerators.py
[2026-02-13T15:19:53.692+0000] {processor.py:183} INFO - Processing /opt/airflow/dags/scripts/loaders/load_refrigerators.py took 0.678 seconds
[2026-02-13T15:20:24.749+0000] {processor.py:161} INFO - Started process (PID=2500) to work on /opt/airflow/dags/scripts/loaders/load_refrigerators.py
[2026-02-13T15:20:24.751+0000] {processor.py:830} INFO - Processing file /opt/airflow/dags/scripts/loaders/load_refrigerators.py for tasks to queue
[2026-02-13T15:20:24.757+0000] {logging_mixin.py:188} INFO - [2026-02-13T15:20:24.757+0000] {dagbag.py:545} INFO - Filling up the DagBag from /opt/airflow/dags/scripts/loaders/load_refrigerators.py
[2026-02-13T15:20:25.150+0000] {logging_mixin.py:188} INFO - 🚀 Loading REFRIGERATORS data
[2026-02-13T15:20:25.436+0000] {logging_mixin.py:188} INFO - ✅ Refrigerators table refreshed successfully
[2026-02-13T15:20:25.437+0000] {processor.py:842} WARNING - No viable dags retrieved from /opt/airflow/dags/scripts/loaders/load_refrigerators.py
[2026-02-13T15:20:25.456+0000] {processor.py:183} INFO - Processing /opt/airflow/dags/scripts/loaders/load_refrigerators.py took 0.721 seconds
[2026-02-13T15:20:55.824+0000] {processor.py:161} INFO - Started process (PID=2529) to work on /opt/airflow/dags/scripts/loaders/load_refrigerators.py
[2026-02-13T15:20:55.826+0000] {processor.py:830} INFO - Processing file /opt/airflow/dags/scripts/loaders/load_refrigerators.py for tasks to queue
[2026-02-13T15:20:55.829+0000] {logging_mixin.py:188} INFO - [2026-02-13T15:20:55.829+0000] {dagbag.py:545} INFO - Filling up the DagBag from /opt/airflow/dags/scripts/loaders/load_refrigerators.py
[2026-02-13T15:20:56.150+0000] {logging_mixin.py:188} INFO - 🚀 Loading REFRIGERATORS data
[2026-02-13T15:20:56.280+0000] {logging_mixin.py:188} INFO - ✅ Refrigerators table refreshed successfully
[2026-02-13T15:20:56.282+0000] {processor.py:842} WARNING - No viable dags retrieved from /opt/airflow/dags/scripts/loaders/load_refrigerators.py
[2026-02-13T15:20:56.310+0000] {processor.py:183} INFO - Processing /opt/airflow/dags/scripts/loaders/load_refrigerators.py took 0.496 seconds
[2026-02-13T15:21:26.813+0000] {processor.py:161} INFO - Started process (PID=2558) to work on /opt/airflow/dags/scripts/loaders/load_refrigerators.py
[2026-02-13T15:21:26.815+0000] {processor.py:830} INFO - Processing file /opt/airflow/dags/scripts/loaders/load_refrigerators.py for tasks to queue
[2026-02-13T15:21:26.817+0000] {logging_mixin.py:188} INFO - [2026-02-13T15:21:26.817+0000] {dagbag.py:545} INFO - Filling up the DagBag from /opt/airflow/dags/scripts/loaders/load_refrigerators.py
[2026-02-13T15:21:27.136+0000] {logging_mixin.py:188} INFO - 🚀 Loading REFRIGERATORS data
[2026-02-13T15:21:27.245+0000] {logging_mixin.py:188} INFO - ✅ Refrigerators table refreshed successfully
[2026-02-13T15:21:27.246+0000] {processor.py:842} WARNING - No viable dags retrieved from /opt/airflow/dags/scripts/loaders/load_refrigerators.py
[2026-02-13T15:21:27.262+0000] {processor.py:183} INFO - Processing /opt/airflow/dags/scripts/loaders/load_refrigerators.py took 0.459 seconds
[2026-02-13T15:21:57.412+0000] {processor.py:161} INFO - Started process (PID=2587) to work on /opt/airflow/dags/scripts/loaders/load_refrigerators.py
[2026-02-13T15:21:57.415+0000] {processor.py:830} INFO - Processing file /opt/airflow/dags/scripts/loaders/load_refrigerators.py for tasks to queue
[2026-02-13T15:21:57.417+0000] {logging_mixin.py:188} INFO - [2026-02-13T15:21:57.417+0000] {dagbag.py:545} INFO - Filling up the DagBag from /opt/airflow/dags/scripts/loaders/load_refrigerators.py
[2026-02-13T15:21:57.733+0000] {logging_mixin.py:188} INFO - 🚀 Loading REFRIGERATORS data
[2026-02-13T15:21:57.853+0000] {logging_mixin.py:188} INFO - ✅ Refrigerators table refreshed successfully
[2026-02-13T15:21:57.855+0000] {processor.py:842} WARNING - No viable dags retrieved from /opt/airflow/dags/scripts/loaders/load_refrigerators.py
[2026-02-13T15:21:57.877+0000] {processor.py:183} INFO - Processing /opt/airflow/dags/scripts/loaders/load_refrigerators.py took 0.473 seconds
[2026-02-13T15:22:28.551+0000] {processor.py:161} INFO - Started process (PID=2616) to work on /opt/airflow/dags/scripts/loaders/load_refrigerators.py
[2026-02-13T15:22:28.553+0000] {processor.py:830} INFO - Processing file /opt/airflow/dags/scripts/loaders/load_refrigerators.py for tasks to queue
[2026-02-13T15:22:28.558+0000] {logging_mixin.py:188} INFO - [2026-02-13T15:22:28.557+0000] {dagbag.py:545} INFO - Filling up the DagBag from /opt/airflow/dags/scripts/loaders/load_refrigerators.py
[2026-02-13T15:22:28.954+0000] {logging_mixin.py:188} INFO - 🚀 Loading REFRIGERATORS data
[2026-02-13T15:22:29.217+0000] {logging_mixin.py:188} INFO - ✅ Refrigerators table refreshed successfully
[2026-02-13T15:22:29.219+0000] {processor.py:842} WARNING - No viable dags retrieved from /opt/airflow/dags/scripts/loaders/load_refrigerators.py
[2026-02-13T15:22:29.235+0000] {processor.py:183} INFO - Processing /opt/airflow/dags/scripts/loaders/load_refrigerators.py took 0.698 seconds
[2026-02-13T15:22:59.872+0000] {processor.py:161} INFO - Started process (PID=2645) to work on /opt/airflow/dags/scripts/loaders/load_refrigerators.py
[2026-02-13T15:22:59.875+0000] {processor.py:830} INFO - Processing file /opt/airflow/dags/scripts/loaders/load_refrigerators.py for tasks to queue
[2026-02-13T15:22:59.879+0000] {logging_mixin.py:188} INFO - [2026-02-13T15:22:59.879+0000] {dagbag.py:545} INFO - Filling up the DagBag from /opt/airflow/dags/scripts/loaders/load_refrigerators.py
[2026-02-13T15:23:00.225+0000] {logging_mixin.py:188} INFO - 🚀 Loading REFRIGERATORS data
[2026-02-13T15:23:00.530+0000] {logging_mixin.py:188} INFO - ✅ Refrigerators table refreshed successfully
[2026-02-13T15:23:00.532+0000] {processor.py:842} WARNING - No viable dags retrieved from /opt/airflow/dags/scripts/loaders/load_refrigerators.py
[2026-02-13T15:23:00.555+0000] {processor.py:183} INFO - Processing /opt/airflow/dags/scripts/loaders/load_refrigerators.py took 0.696 seconds
[2026-02-13T15:23:30.736+0000] {processor.py:161} INFO - Started process (PID=2674) to work on /opt/airflow/dags/scripts/loaders/load_refrigerators.py
[2026-02-13T15:23:30.739+0000] {processor.py:830} INFO - Processing file /opt/airflow/dags/scripts/loaders/load_refrigerators.py for tasks to queue
[2026-02-13T15:23:30.744+0000] {logging_mixin.py:188} INFO - [2026-02-13T15:23:30.743+0000] {dagbag.py:545} INFO - Filling up the DagBag from /opt/airflow/dags/scripts/loaders/load_refrigerators.py
[2026-02-13T15:23:31.415+0000] {logging_mixin.py:188} INFO - 🚀 Loading REFRIGERATORS data
[2026-02-13T15:23:32.040+0000] {logging_mixin.py:188} INFO - ✅ Refrigerators table refreshed successfully
[2026-02-13T15:23:32.042+0000] {processor.py:842} WARNING - No viable dags retrieved from /opt/airflow/dags/scripts/loaders/load_refrigerators.py
[2026-02-13T15:23:32.085+0000] {processor.py:183} INFO - Processing /opt/airflow/dags/scripts/loaders/load_refrigerators.py took 1.364 seconds
[2026-02-13T15:24:02.417+0000] {processor.py:161} INFO - Started process (PID=2703) to work on /opt/airflow/dags/scripts/loaders/load_refrigerators.py
[2026-02-13T15:24:02.419+0000] {processor.py:830} INFO - Processing file /opt/airflow/dags/scripts/loaders/load_refrigerators.py for tasks to queue
[2026-02-13T15:24:02.424+0000] {logging_mixin.py:188} INFO - [2026-02-13T15:24:02.423+0000] {dagbag.py:545} INFO - Filling up the DagBag from /opt/airflow/dags/scripts/loaders/load_refrigerators.py
[2026-02-13T15:24:02.871+0000] {logging_mixin.py:188} INFO - 🚀 Loading REFRIGERATORS data
[2026-02-13T15:24:03.024+0000] {logging_mixin.py:188} INFO - ✅ Refrigerators table refreshed successfully
[2026-02-13T15:24:03.026+0000] {processor.py:842} WARNING - No viable dags retrieved from /opt/airflow/dags/scripts/loaders/load_refrigerators.py
[2026-02-13T15:24:03.063+0000] {processor.py:183} INFO - Processing /opt/airflow/dags/scripts/loaders/load_refrigerators.py took 0.658 seconds
[2026-02-13T15:24:33.567+0000] {processor.py:161} INFO - Started process (PID=2732) to work on /opt/airflow/dags/scripts/loaders/load_refrigerators.py
[2026-02-13T15:24:33.569+0000] {processor.py:830} INFO - Processing file /opt/airflow/dags/scripts/loaders/load_refrigerators.py for tasks to queue
[2026-02-13T15:24:33.573+0000] {logging_mixin.py:188} INFO - [2026-02-13T15:24:33.572+0000] {dagbag.py:545} INFO - Filling up the DagBag from /opt/airflow/dags/scripts/loaders/load_refrigerators.py
[2026-02-13T15:24:34.114+0000] {logging_mixin.py:188} INFO - 🚀 Loading REFRIGERATORS data
[2026-02-13T15:24:34.262+0000] {logging_mixin.py:188} INFO - ✅ Refrigerators table refreshed successfully
[2026-02-13T15:24:34.264+0000] {processor.py:842} WARNING - No viable dags retrieved from /opt/airflow/dags/scripts/loaders/load_refrigerators.py
[2026-02-13T15:24:34.296+0000] {processor.py:183} INFO - Processing /opt/airflow/dags/scripts/loaders/load_refrigerators.py took 0.738 seconds
[2026-02-13T15:25:05.172+0000] {processor.py:161} INFO - Started process (PID=2761) to work on /opt/airflow/dags/scripts/loaders/load_refrigerators.py
[2026-02-13T15:25:05.174+0000] {processor.py:830} INFO - Processing file /opt/airflow/dags/scripts/loaders/load_refrigerators.py for tasks to queue
[2026-02-13T15:25:05.179+0000] {logging_mixin.py:188} INFO - [2026-02-13T15:25:05.178+0000] {dagbag.py:545} INFO - Filling up the DagBag from /opt/airflow/dags/scripts/loaders/load_refrigerators.py
[2026-02-13T15:25:05.775+0000] {logging_mixin.py:188} INFO - 🚀 Loading REFRIGERATORS data
[2026-02-13T15:25:05.954+0000] {logging_mixin.py:188} INFO - ✅ Refrigerators table refreshed successfully
[2026-02-13T15:25:05.956+0000] {processor.py:842} WARNING - No viable dags retrieved from /opt/airflow/dags/scripts/loaders/load_refrigerators.py
[2026-02-13T15:25:05.996+0000] {processor.py:183} INFO - Processing /opt/airflow/dags/scripts/loaders/load_refrigerators.py took 0.833 seconds
[2026-02-13T15:26:51.747+0000] {processor.py:161} INFO - Started process (PID=2777) to work on /opt/airflow/dags/scripts/loaders/load_refrigerators.py
[2026-02-13T15:26:51.751+0000] {processor.py:830} INFO - Processing file /opt/airflow/dags/scripts/loaders/load_refrigerators.py for tasks to queue
[2026-02-13T15:26:51.760+0000] {logging_mixin.py:188} INFO - [2026-02-13T15:26:51.758+0000] {dagbag.py:545} INFO - Filling up the DagBag from /opt/airflow/dags/scripts/loaders/load_refrigerators.py
[2026-02-13T15:26:52.855+0000] {logging_mixin.py:188} INFO - 🚀 Loading REFRIGERATORS data
[2026-02-13T15:26:55.333+0000] {logging_mixin.py:188} INFO - ✅ Refrigerators table refreshed successfully
[2026-02-13T15:26:55.338+0000] {processor.py:842} WARNING - No viable dags retrieved from /opt/airflow/dags/scripts/loaders/load_refrigerators.py
[2026-02-13T15:26:55.445+0000] {processor.py:183} INFO - Processing /opt/airflow/dags/scripts/loaders/load_refrigerators.py took 3.728 seconds
[2026-02-13T15:27:26.356+0000] {processor.py:161} INFO - Started process (PID=2806) to work on /opt/airflow/dags/scripts/loaders/load_refrigerators.py
[2026-02-13T15:27:26.359+0000] {processor.py:830} INFO - Processing file /opt/airflow/dags/scripts/loaders/load_refrigerators.py for tasks to queue
[2026-02-13T15:27:26.364+0000] {logging_mixin.py:188} INFO - [2026-02-13T15:27:26.363+0000] {dagbag.py:545} INFO - Filling up the DagBag from /opt/airflow/dags/scripts/loaders/load_refrigerators.py
[2026-02-13T15:27:27.247+0000] {logging_mixin.py:188} INFO - 🚀 Loading REFRIGERATORS data
[2026-02-13T15:27:28.344+0000] {logging_mixin.py:188} INFO - ✅ Refrigerators table refreshed successfully
[2026-02-13T15:27:28.345+0000] {processor.py:842} WARNING - No viable dags retrieved from /opt/airflow/dags/scripts/loaders/load_refrigerators.py
[2026-02-13T15:27:28.417+0000] {processor.py:183} INFO - Processing /opt/airflow/dags/scripts/loaders/load_refrigerators.py took 2.081 seconds
[2026-02-13T15:27:59.000+0000] {processor.py:161} INFO - Started process (PID=2837) to work on /opt/airflow/dags/scripts/loaders/load_refrigerators.py
[2026-02-13T15:27:59.003+0000] {processor.py:830} INFO - Processing file /opt/airflow/dags/scripts/loaders/load_refrigerators.py for tasks to queue
[2026-02-13T15:27:59.014+0000] {logging_mixin.py:188} INFO - [2026-02-13T15:27:59.012+0000] {dagbag.py:545} INFO - Filling up the DagBag from /opt/airflow/dags/scripts/loaders/load_refrigerators.py
[2026-02-13T15:27:59.741+0000] {logging_mixin.py:188} INFO - 🚀 Loading REFRIGERATORS data
[2026-02-13T15:28:00.258+0000] {logging_mixin.py:188} INFO - ✅ Refrigerators table refreshed successfully
[2026-02-13T15:28:00.260+0000] {processor.py:842} WARNING - No viable dags retrieved from /opt/airflow/dags/scripts/loaders/load_refrigerators.py
[2026-02-13T15:28:00.286+0000] {processor.py:183} INFO - Processing /opt/airflow/dags/scripts/loaders/load_refrigerators.py took 1.314 seconds
[2026-02-13T15:28:34.290+0000] {processor.py:161} INFO - Started process (PID=2864) to work on /opt/airflow/dags/scripts/loaders/load_refrigerators.py
[2026-02-13T15:28:34.306+0000] {processor.py:830} INFO - Processing file /opt/airflow/dags/scripts/loaders/load_refrigerators.py for tasks to queue
[2026-02-13T15:28:34.325+0000] {logging_mixin.py:188} INFO - [2026-02-13T15:28:34.319+0000] {dagbag.py:545} INFO - Filling up the DagBag from /opt/airflow/dags/scripts/loaders/load_refrigerators.py
[2026-02-13T15:28:35.993+0000] {logging_mixin.py:188} INFO - 🚀 Loading REFRIGERATORS data
[2026-02-13T15:28:36.420+0000] {logging_mixin.py:188} INFO - ✅ Refrigerators table refreshed successfully
[2026-02-13T15:28:36.422+0000] {processor.py:842} WARNING - No viable dags retrieved from /opt/airflow/dags/scripts/loaders/load_refrigerators.py
[2026-02-13T15:28:36.475+0000] {processor.py:183} INFO - Processing /opt/airflow/dags/scripts/loaders/load_refrigerators.py took 2.231 seconds
[2026-02-13T15:29:07.811+0000] {processor.py:161} INFO - Started process (PID=2886) to work on /opt/airflow/dags/scripts/loaders/load_refrigerators.py
[2026-02-13T15:29:07.849+0000] {processor.py:830} INFO - Processing file /opt/airflow/dags/scripts/loaders/load_refrigerators.py for tasks to queue
[2026-02-13T15:29:07.871+0000] {logging_mixin.py:188} INFO - [2026-02-13T15:29:07.868+0000] {dagbag.py:545} INFO - Filling up the DagBag from /opt/airflow/dags/scripts/loaders/load_refrigerators.py
[2026-02-13T15:29:14.196+0000] {logging_mixin.py:188} INFO - 🚀 Loading REFRIGERATORS data
[2026-02-13T15:29:15.431+0000] {logging_mixin.py:188} INFO - ✅ Refrigerators table refreshed successfully
[2026-02-13T15:29:15.437+0000] {processor.py:842} WARNING - No viable dags retrieved from /opt/airflow/dags/scripts/loaders/load_refrigerators.py
[2026-02-13T15:29:15.731+0000] {processor.py:183} INFO - Processing /opt/airflow/dags/scripts/loaders/load_refrigerators.py took 8.073 seconds
[2026-02-13T15:29:47.263+0000] {processor.py:161} INFO - Started process (PID=2915) to work on /opt/airflow/dags/scripts/loaders/load_refrigerators.py
[2026-02-13T15:29:47.267+0000] {processor.py:830} INFO - Processing file /opt/airflow/dags/scripts/loaders/load_refrigerators.py for tasks to queue
[2026-02-13T15:29:47.279+0000] {logging_mixin.py:188} INFO - [2026-02-13T15:29:47.278+0000] {dagbag.py:545} INFO - Filling up the DagBag from /opt/airflow/dags/scripts/loaders/load_refrigerators.py
[2026-02-13T15:29:58.394+0000] {logging_mixin.py:188} INFO - 🚀 Loading REFRIGERATORS data
[2026-02-13T15:30:10.520+0000] {logging_mixin.py:188} INFO - ✅ Refrigerators table refreshed successfully
[2026-02-13T15:30:10.524+0000] {processor.py:842} WARNING - No viable dags retrieved from /opt/airflow/dags/scripts/loaders/load_refrigerators.py
[2026-02-13T15:30:10.929+0000] {processor.py:183} INFO - Processing /opt/airflow/dags/scripts/loaders/load_refrigerators.py took 21.697 seconds
[2026-02-13T15:30:43.800+0000] {processor.py:161} INFO - Started process (PID=2942) to work on /opt/airflow/dags/scripts/loaders/load_refrigerators.py
[2026-02-13T15:30:43.808+0000] {processor.py:830} INFO - Processing file /opt/airflow/dags/scripts/loaders/load_refrigerators.py for tasks to queue
[2026-02-13T15:30:43.869+0000] {logging_mixin.py:188} INFO - [2026-02-13T15:30:43.859+0000] {dagbag.py:545} INFO - Filling up the DagBag from /opt/airflow/dags/scripts/loaders/load_refrigerators.py
[2026-02-13T15:30:47.725+0000] {logging_mixin.py:188} INFO - 🚀 Loading REFRIGERATORS data
[2026-02-13T15:30:55.856+0000] {logging_mixin.py:188} INFO - ✅ Refrigerators table refreshed successfully
[2026-02-13T15:30:55.872+0000] {processor.py:842} WARNING - No viable dags retrieved from /opt/airflow/dags/scripts/loaders/load_refrigerators.py
[2026-02-13T15:30:56.051+0000] {processor.py:183} INFO - Processing /opt/airflow/dags/scripts/loaders/load_refrigerators.py took 12.409 seconds
[2026-02-13T15:31:27.269+0000] {processor.py:161} INFO - Started process (PID=2973) to work on /opt/airflow/dags/scripts/loaders/load_refrigerators.py
[2026-02-13T15:31:27.277+0000] {processor.py:830} INFO - Processing file /opt/airflow/dags/scripts/loaders/load_refrigerators.py for tasks to queue
[2026-02-13T15:31:27.283+0000] {logging_mixin.py:188} INFO - [2026-02-13T15:31:27.282+0000] {dagbag.py:545} INFO - Filling up the DagBag from /opt/airflow/dags/scripts/loaders/load_refrigerators.py
[2026-02-13T15:31:28.099+0000] {logging_mixin.py:188} INFO - 🚀 Loading REFRIGERATORS data
[2026-02-13T15:31:28.777+0000] {logging_mixin.py:188} INFO - ✅ Refrigerators table refreshed successfully
[2026-02-13T15:31:28.779+0000] {processor.py:842} WARNING - No viable dags retrieved from /opt/airflow/dags/scripts/loaders/load_refrigerators.py
[2026-02-13T15:31:28.825+0000] {processor.py:183} INFO - Processing /opt/airflow/dags/scripts/loaders/load_refrigerators.py took 1.571 seconds
[2026-02-13T15:31:59.303+0000] {processor.py:161} INFO - Started process (PID=3002) to work on /opt/airflow/dags/scripts/loaders/load_refrigerators.py
[2026-02-13T15:31:59.308+0000] {processor.py:830} INFO - Processing file /opt/airflow/dags/scripts/loaders/load_refrigerators.py for tasks to queue
[2026-02-13T15:31:59.322+0000] {logging_mixin.py:188} INFO - [2026-02-13T15:31:59.319+0000] {dagbag.py:545} INFO - Filling up the DagBag from /opt/airflow/dags/scripts/loaders/load_refrigerators.py
[2026-02-13T15:32:00.494+0000] {logging_mixin.py:188} INFO - 🚀 Loading REFRIGERATORS data
[2026-02-13T15:32:00.786+0000] {logging_mixin.py:188} INFO - ✅ Refrigerators table refreshed successfully
[2026-02-13T15:32:00.787+0000] {processor.py:842} WARNING - No viable dags retrieved from /opt/airflow/dags/scripts/loaders/load_refrigerators.py
[2026-02-13T15:32:00.822+0000] {processor.py:183} INFO - Processing /opt/airflow/dags/scripts/loaders/load_refrigerators.py took 1.550 seconds
[2026-02-13T15:32:32.634+0000] {processor.py:161} INFO - Started process (PID=3031) to work on /opt/airflow/dags/scripts/loaders/load_refrigerators.py
[2026-02-13T15:32:32.639+0000] {processor.py:830} INFO - Processing file /opt/airflow/dags/scripts/loaders/load_refrigerators.py for tasks to queue
[2026-02-13T15:32:32.648+0000] {logging_mixin.py:188} INFO - [2026-02-13T15:32:32.646+0000] {dagbag.py:545} INFO - Filling up the DagBag from /opt/airflow/dags/scripts/loaders/load_refrigerators.py
[2026-02-13T15:32:34.589+0000] {logging_mixin.py:188} INFO - 🚀 Loading REFRIGERATORS data
[2026-02-13T15:32:35.131+0000] {logging_mixin.py:188} INFO - ✅ Refrigerators table refreshed successfully
[2026-02-13T15:32:35.133+0000] {processor.py:842} WARNING - No viable dags retrieved from /opt/airflow/dags/scripts/loaders/load_refrigerators.py
[2026-02-13T15:32:35.244+0000] {processor.py:183} INFO - Processing /opt/airflow/dags/scripts/loaders/load_refrigerators.py took 2.633 seconds
[2026-02-13T15:33:09.150+0000] {processor.py:161} INFO - Started process (PID=3060) to work on /opt/airflow/dags/scripts/loaders/load_refrigerators.py
[2026-02-13T15:33:09.156+0000] {processor.py:830} INFO - Processing file /opt/airflow/dags/scripts/loaders/load_refrigerators.py for tasks to queue
[2026-02-13T15:33:09.162+0000] {logging_mixin.py:188} INFO - [2026-02-13T15:33:09.161+0000] {dagbag.py:545} INFO - Filling up the DagBag from /opt/airflow/dags/scripts/loaders/load_refrigerators.py
[2026-02-13T15:33:10.537+0000] {logging_mixin.py:188} INFO - 🚀 Loading REFRIGERATORS data
[2026-02-13T15:33:11.556+0000] {logging_mixin.py:188} INFO - ✅ Refrigerators table refreshed successfully
[2026-02-13T15:33:11.558+0000] {processor.py:842} WARNING - No viable dags retrieved from /opt/airflow/dags/scripts/loaders/load_refrigerators.py
[2026-02-13T15:33:11.625+0000] {processor.py:183} INFO - Processing /opt/airflow/dags/scripts/loaders/load_refrigerators.py took 2.509 seconds
[2026-02-13T15:34:05.184+0000] {processor.py:161} INFO - Started process (PID=3087) to work on /opt/airflow/dags/scripts/loaders/load_refrigerators.py
[2026-02-13T15:34:05.224+0000] {processor.py:830} INFO - Processing file /opt/airflow/dags/scripts/loaders/load_refrigerators.py for tasks to queue
[2026-02-13T15:34:05.313+0000] {logging_mixin.py:188} INFO - [2026-02-13T15:34:05.296+0000] {dagbag.py:545} INFO - Filling up the DagBag from /opt/airflow/dags/scripts/loaders/load_refrigerators.py
[2026-02-13T15:34:12.315+0000] {logging_mixin.py:188} INFO - 🚀 Loading REFRIGERATORS data
[2026-02-13T15:34:16.096+0000] {logging_mixin.py:188} INFO - ✅ Refrigerators table refreshed successfully
[2026-02-13T15:34:16.098+0000] {processor.py:842} WARNING - No viable dags retrieved from /opt/airflow/dags/scripts/loaders/load_refrigerators.py
[2026-02-13T15:34:16.154+0000] {processor.py:183} INFO - Processing /opt/airflow/dags/scripts/loaders/load_refrigerators.py took 11.409 seconds
[2026-02-13T15:34:48.872+0000] {processor.py:161} INFO - Started process (PID=3117) to work on /opt/airflow/dags/scripts/loaders/load_refrigerators.py
[2026-02-13T15:34:48.936+0000] {processor.py:830} INFO - Processing file /opt/airflow/dags/scripts/loaders/load_refrigerators.py for tasks to queue
[2026-02-13T15:34:49.081+0000] {logging_mixin.py:188} INFO - [2026-02-13T15:34:49.059+0000] {dagbag.py:545} INFO - Filling up the DagBag from /opt/airflow/dags/scripts/loaders/load_refrigerators.py
[2026-02-13T15:34:57.802+0000] {logging_mixin.py:188} INFO - 🚀 Loading REFRIGERATORS data
[2026-02-13T15:35:09.505+0000] {logging_mixin.py:188} INFO - ✅ Refrigerators table refreshed successfully
[2026-02-13T15:35:09.511+0000] {processor.py:842} WARNING - No viable dags retrieved from /opt/airflow/dags/scripts/loaders/load_refrigerators.py
[2026-02-13T15:35:09.608+0000] {processor.py:183} INFO - Processing /opt/airflow/dags/scripts/loaders/load_refrigerators.py took 20.429 seconds
[2026-02-13T15:35:41.067+0000] {processor.py:161} INFO - Started process (PID=3147) to work on /opt/airflow/dags/scripts/loaders/load_refrigerators.py
[2026-02-13T15:35:41.085+0000] {processor.py:830} INFO - Processing file /opt/airflow/dags/scripts/loaders/load_refrigerators.py for tasks to queue
[2026-02-13T15:35:41.188+0000] {logging_mixin.py:188} INFO - [2026-02-13T15:35:41.159+0000] {dagbag.py:545} INFO - Filling up the DagBag from /opt/airflow/dags/scripts/loaders/load_refrigerators.py
[2026-02-13T15:35:47.702+0000] {logging_mixin.py:188} INFO - 🚀 Loading REFRIGERATORS data
[2026-02-13T15:35:48.645+0000] {logging_mixin.py:188} INFO - ✅ Refrigerators table refreshed successfully
[2026-02-13T15:35:48.649+0000] {processor.py:842} WARNING - No viable dags retrieved from /opt/airflow/dags/scripts/loaders/load_refrigerators.py
[2026-02-13T15:35:48.743+0000] {processor.py:183} INFO - Processing /opt/airflow/dags/scripts/loaders/load_refrigerators.py took 7.912 seconds
[2026-02-13T15:36:19.932+0000] {processor.py:161} INFO - Started process (PID=3177) to work on /opt/airflow/dags/scripts/loaders/load_refrigerators.py
[2026-02-13T15:36:19.937+0000] {processor.py:830} INFO - Processing file /opt/airflow/dags/scripts/loaders/load_refrigerators.py for tasks to queue
[2026-02-13T15:36:19.943+0000] {logging_mixin.py:188} INFO - [2026-02-13T15:36:19.942+0000] {dagbag.py:545} INFO - Filling up the DagBag from /opt/airflow/dags/scripts/loaders/load_refrigerators.py
[2026-02-13T15:36:20.720+0000] {logging_mixin.py:188} INFO - 🚀 Loading REFRIGERATORS data
[2026-02-13T15:36:21.009+0000] {logging_mixin.py:188} INFO - ✅ Refrigerators table refreshed successfully
[2026-02-13T15:36:21.011+0000] {processor.py:842} WARNING - No viable dags retrieved from /opt/airflow/dags/scripts/loaders/load_refrigerators.py
[2026-02-13T15:36:21.055+0000] {processor.py:183} INFO - Processing /opt/airflow/dags/scripts/loaders/load_refrigerators.py took 1.140 seconds
[2026-02-13T15:36:51.387+0000] {processor.py:161} INFO - Started process (PID=3211) to work on /opt/airflow/dags/scripts/loaders/load_refrigerators.py
[2026-02-13T15:36:51.393+0000] {processor.py:830} INFO - Processing file /opt/airflow/dags/scripts/loaders/load_refrigerators.py for tasks to queue
[2026-02-13T15:36:51.398+0000] {logging_mixin.py:188} INFO - [2026-02-13T15:36:51.397+0000] {dagbag.py:545} INFO - Filling up the DagBag from /opt/airflow/dags/scripts/loaders/load_refrigerators.py
[2026-02-13T15:36:52.240+0000] {logging_mixin.py:188} INFO - 🚀 Loading REFRIGERATORS data
[2026-02-13T15:36:52.837+0000] {logging_mixin.py:188} INFO - ✅ Refrigerators table refreshed successfully
[2026-02-13T15:36:52.839+0000] {processor.py:842} WARNING - No viable dags retrieved from /opt/airflow/dags/scripts/loaders/load_refrigerators.py
[2026-02-13T15:36:52.869+0000] {processor.py:183} INFO - Processing /opt/airflow/dags/scripts/loaders/load_refrigerators.py took 1.501 seconds
[2026-02-13T15:37:23.399+0000] {processor.py:161} INFO - Started process (PID=3240) to work on /opt/airflow/dags/scripts/loaders/load_refrigerators.py
[2026-02-13T15:37:23.402+0000] {processor.py:830} INFO - Processing file /opt/airflow/dags/scripts/loaders/load_refrigerators.py for tasks to queue
[2026-02-13T15:37:23.406+0000] {logging_mixin.py:188} INFO - [2026-02-13T15:37:23.406+0000] {dagbag.py:545} INFO - Filling up the DagBag from /opt/airflow/dags/scripts/loaders/load_refrigerators.py
[2026-02-13T15:37:24.138+0000] {logging_mixin.py:188} INFO - 🚀 Loading REFRIGERATORS data
[2026-02-13T15:37:24.543+0000] {logging_mixin.py:188} INFO - ✅ Refrigerators table refreshed successfully
[2026-02-13T15:37:24.545+0000] {processor.py:842} WARNING - No viable dags retrieved from /opt/airflow/dags/scripts/loaders/load_refrigerators.py
[2026-02-13T15:37:24.572+0000] {processor.py:183} INFO - Processing /opt/airflow/dags/scripts/loaders/load_refrigerators.py took 1.186 seconds
[2026-02-13T15:37:55.085+0000] {processor.py:161} INFO - Started process (PID=3269) to work on /opt/airflow/dags/scripts/loaders/load_refrigerators.py
[2026-02-13T15:37:55.089+0000] {processor.py:830} INFO - Processing file /opt/airflow/dags/scripts/loaders/load_refrigerators.py for tasks to queue
[2026-02-13T15:37:55.113+0000] {logging_mixin.py:188} INFO - [2026-02-13T15:37:55.106+0000] {dagbag.py:545} INFO - Filling up the DagBag from /opt/airflow/dags/scripts/loaders/load_refrigerators.py
[2026-02-13T15:37:56.399+0000] {logging_mixin.py:188} INFO - 🚀 Loading REFRIGERATORS data
[2026-02-13T15:37:56.962+0000] {logging_mixin.py:188} INFO - ✅ Refrigerators table refreshed successfully
[2026-02-13T15:37:56.964+0000] {processor.py:842} WARNING - No viable dags retrieved from /opt/airflow/dags/scripts/loaders/load_refrigerators.py
[2026-02-13T15:37:57.006+0000] {processor.py:183} INFO - Processing /opt/airflow/dags/scripts/loaders/load_refrigerators.py took 1.990 seconds
[2026-02-13T15:38:37.771+0000] {processor.py:161} INFO - Started process (PID=3298) to work on /opt/airflow/dags/scripts/loaders/load_refrigerators.py
[2026-02-13T15:38:37.776+0000] {processor.py:830} INFO - Processing file /opt/airflow/dags/scripts/loaders/load_refrigerators.py for tasks to queue
[2026-02-13T15:38:37.781+0000] {logging_mixin.py:188} INFO - [2026-02-13T15:38:37.780+0000] {dagbag.py:545} INFO - Filling up the DagBag from /opt/airflow/dags/scripts/loaders/load_refrigerators.py
[2026-02-13T15:38:39.593+0000] {logging_mixin.py:188} INFO - 🚀 Loading REFRIGERATORS data
[2026-02-13T15:38:39.981+0000] {logging_mixin.py:188} INFO - ✅ Refrigerators table refreshed successfully
[2026-02-13T15:38:39.984+0000] {processor.py:842} WARNING - No viable dags retrieved from /opt/airflow/dags/scripts/loaders/load_refrigerators.py
[2026-02-13T15:38:40.031+0000] {processor.py:183} INFO - Processing /opt/airflow/dags/scripts/loaders/load_refrigerators.py took 2.284 seconds
[2026-02-13T15:39:30.579+0000] {processor.py:161} INFO - Started process (PID=3326) to work on /opt/airflow/dags/scripts/loaders/load_refrigerators.py
[2026-02-13T15:39:30.586+0000] {processor.py:830} INFO - Processing file /opt/airflow/dags/scripts/loaders/load_refrigerators.py for tasks to queue
[2026-02-13T15:39:30.595+0000] {logging_mixin.py:188} INFO - [2026-02-13T15:39:30.594+0000] {dagbag.py:545} INFO - Filling up the DagBag from /opt/airflow/dags/scripts/loaders/load_refrigerators.py
[2026-02-13T15:39:33.187+0000] {logging_mixin.py:188} INFO - 🚀 Loading REFRIGERATORS data
[2026-02-13T15:39:35.935+0000] {logging_mixin.py:188} INFO - ✅ Refrigerators table refreshed successfully
[2026-02-13T15:39:35.938+0000] {processor.py:842} WARNING - No viable dags retrieved from /opt/airflow/dags/scripts/loaders/load_refrigerators.py
[2026-02-13T15:39:36.036+0000] {processor.py:183} INFO - Processing /opt/airflow/dags/scripts/loaders/load_refrigerators.py took 5.491 seconds
[2026-02-13T15:40:22.394+0000] {processor.py:161} INFO - Started process (PID=3356) to work on /opt/airflow/dags/scripts/loaders/load_refrigerators.py
[2026-02-13T15:40:22.403+0000] {processor.py:830} INFO - Processing file /opt/airflow/dags/scripts/loaders/load_refrigerators.py for tasks to queue
[2026-02-13T15:40:22.413+0000] {logging_mixin.py:188} INFO - [2026-02-13T15:40:22.411+0000] {dagbag.py:545} INFO - Filling up the DagBag from /opt/airflow/dags/scripts/loaders/load_refrigerators.py
[2026-02-13T15:40:29.754+0000] {logging_mixin.py:188} INFO - 🚀 Loading REFRIGERATORS data
[2026-02-13T15:40:36.257+0000] {logging_mixin.py:188} INFO - ✅ Refrigerators table refreshed successfully
[2026-02-13T15:40:36.263+0000] {processor.py:842} WARNING - No viable dags retrieved from /opt/airflow/dags/scripts/loaders/load_refrigerators.py
[2026-02-13T15:40:36.349+0000] {processor.py:183} INFO - Processing /opt/airflow/dags/scripts/loaders/load_refrigerators.py took 14.001 seconds
[2026-02-13T15:41:10.984+0000] {processor.py:161} INFO - Started process (PID=3385) to work on /opt/airflow/dags/scripts/loaders/load_refrigerators.py
[2026-02-13T15:41:10.990+0000] {processor.py:830} INFO - Processing file /opt/airflow/dags/scripts/loaders/load_refrigerators.py for tasks to queue
[2026-02-13T15:41:10.997+0000] {logging_mixin.py:188} INFO - [2026-02-13T15:41:10.996+0000] {dagbag.py:545} INFO - Filling up the DagBag from /opt/airflow/dags/scripts/loaders/load_refrigerators.py
[2026-02-13T15:41:14.332+0000] {logging_mixin.py:188} INFO - 🚀 Loading REFRIGERATORS data
[2026-02-13T15:41:22.427+0000] {logging_mixin.py:188} INFO - ✅ Refrigerators table refreshed successfully
[2026-02-13T15:41:22.434+0000] {processor.py:842} WARNING - No viable dags retrieved from /opt/airflow/dags/scripts/loaders/load_refrigerators.py
[2026-02-13T15:41:23.483+0000] {processor.py:183} INFO - Processing /opt/airflow/dags/scripts/loaders/load_refrigerators.py took 11.758 seconds
[2026-02-13T15:42:05.909+0000] {processor.py:161} INFO - Started process (PID=3413) to work on /opt/airflow/dags/scripts/loaders/load_refrigerators.py
[2026-02-13T15:42:05.996+0000] {processor.py:830} INFO - Processing file /opt/airflow/dags/scripts/loaders/load_refrigerators.py for tasks to queue
[2026-02-13T15:42:06.003+0000] {logging_mixin.py:188} INFO - [2026-02-13T15:42:06.002+0000] {dagbag.py:545} INFO - Filling up the DagBag from /opt/airflow/dags/scripts/loaders/load_refrigerators.py
[2026-02-13T15:42:06.826+0000] {logging_mixin.py:188} INFO - 🚀 Loading REFRIGERATORS data
[2026-02-13T15:42:07.371+0000] {logging_mixin.py:188} INFO - ✅ Refrigerators table refreshed successfully
[2026-02-13T15:42:07.375+0000] {processor.py:842} WARNING - No viable dags retrieved from /opt/airflow/dags/scripts/loaders/load_refrigerators.py
[2026-02-13T15:42:07.457+0000] {processor.py:183} INFO - Processing /opt/airflow/dags/scripts/loaders/load_refrigerators.py took 1.556 seconds
[2026-02-13T15:42:37.813+0000] {processor.py:161} INFO - Started process (PID=3439) to work on /opt/airflow/dags/scripts/loaders/load_refrigerators.py
[2026-02-13T15:42:37.819+0000] {processor.py:830} INFO - Processing file /opt/airflow/dags/scripts/loaders/load_refrigerators.py for tasks to queue
[2026-02-13T15:42:37.834+0000] {logging_mixin.py:188} INFO - [2026-02-13T15:42:37.830+0000] {dagbag.py:545} INFO - Filling up the DagBag from /opt/airflow/dags/scripts/loaders/load_refrigerators.py
[2026-02-13T15:42:39.355+0000] {logging_mixin.py:188} INFO - 🚀 Loading REFRIGERATORS data
[2026-02-13T15:42:39.700+0000] {logging_mixin.py:188} INFO - ✅ Refrigerators table refreshed successfully
[2026-02-13T15:42:39.702+0000] {processor.py:842} WARNING - No viable dags retrieved from /opt/airflow/dags/scripts/loaders/load_refrigerators.py
[2026-02-13T15:42:39.749+0000] {processor.py:183} INFO - Processing /opt/airflow/dags/scripts/loaders/load_refrigerators.py took 1.971 seconds
[2026-02-13T15:43:10.506+0000] {processor.py:161} INFO - Started process (PID=3468) to work on /opt/airflow/dags/scripts/loaders/load_refrigerators.py
[2026-02-13T15:43:10.511+0000] {processor.py:830} INFO - Processing file /opt/airflow/dags/scripts/loaders/load_refrigerators.py for tasks to queue
[2026-02-13T15:43:10.520+0000] {logging_mixin.py:188} INFO - [2026-02-13T15:43:10.519+0000] {dagbag.py:545} INFO - Filling up the DagBag from /opt/airflow/dags/scripts/loaders/load_refrigerators.py
[2026-02-13T15:43:11.016+0000] {logging_mixin.py:188} INFO - 🚀 Loading REFRIGERATORS data
[2026-02-13T15:43:11.445+0000] {logging_mixin.py:188} INFO - ✅ Refrigerators table refreshed successfully
[2026-02-13T15:43:11.446+0000] {processor.py:842} WARNING - No viable dags retrieved from /opt/airflow/dags/scripts/loaders/load_refrigerators.py
[2026-02-13T15:43:11.468+0000] {processor.py:183} INFO - Processing /opt/airflow/dags/scripts/loaders/load_refrigerators.py took 0.990 seconds
[2026-02-13T15:43:42.280+0000] {processor.py:161} INFO - Started process (PID=3497) to work on /opt/airflow/dags/scripts/loaders/load_refrigerators.py
[2026-02-13T15:43:42.283+0000] {processor.py:830} INFO - Processing file /opt/airflow/dags/scripts/loaders/load_refrigerators.py for tasks to queue
[2026-02-13T15:43:42.293+0000] {logging_mixin.py:188} INFO - [2026-02-13T15:43:42.292+0000] {dagbag.py:545} INFO - Filling up the DagBag from /opt/airflow/dags/scripts/loaders/load_refrigerators.py
[2026-02-13T15:43:42.845+0000] {logging_mixin.py:188} INFO - 🚀 Loading REFRIGERATORS data
[2026-02-13T15:43:43.336+0000] {logging_mixin.py:188} INFO - ✅ Refrigerators table refreshed successfully
[2026-02-13T15:43:43.337+0000] {processor.py:842} WARNING - No viable dags retrieved from /opt/airflow/dags/scripts/loaders/load_refrigerators.py
[2026-02-13T15:43:43.381+0000] {processor.py:183} INFO - Processing /opt/airflow/dags/scripts/loaders/load_refrigerators.py took 1.110 seconds
[2026-02-13T15:44:13.961+0000] {processor.py:161} INFO - Started process (PID=3526) to work on /opt/airflow/dags/scripts/loaders/load_refrigerators.py
[2026-02-13T15:44:13.965+0000] {processor.py:830} INFO - Processing file /opt/airflow/dags/scripts/loaders/load_refrigerators.py for tasks to queue
[2026-02-13T15:44:13.971+0000] {logging_mixin.py:188} INFO - [2026-02-13T15:44:13.970+0000] {dagbag.py:545} INFO - Filling up the DagBag from /opt/airflow/dags/scripts/loaders/load_refrigerators.py
[2026-02-13T15:44:14.476+0000] {logging_mixin.py:188} INFO - 🚀 Loading REFRIGERATORS data
[2026-02-13T15:44:14.969+0000] {logging_mixin.py:188} INFO - ✅ Refrigerators table refreshed successfully
[2026-02-13T15:44:14.970+0000] {processor.py:842} WARNING - No viable dags retrieved from /opt/airflow/dags/scripts/loaders/load_refrigerators.py
[2026-02-13T15:44:14.997+0000] {processor.py:183} INFO - Processing /opt/airflow/dags/scripts/loaders/load_refrigerators.py took 1.052 seconds
[2026-02-13T15:44:45.556+0000] {processor.py:161} INFO - Started process (PID=3555) to work on /opt/airflow/dags/scripts/loaders/load_refrigerators.py
[2026-02-13T15:44:45.558+0000] {processor.py:830} INFO - Processing file /opt/airflow/dags/scripts/loaders/load_refrigerators.py for tasks to queue
[2026-02-13T15:44:45.562+0000] {logging_mixin.py:188} INFO - [2026-02-13T15:44:45.561+0000] {dagbag.py:545} INFO - Filling up the DagBag from /opt/airflow/dags/scripts/loaders/load_refrigerators.py
[2026-02-13T15:44:46.042+0000] {logging_mixin.py:188} INFO - 🚀 Loading REFRIGERATORS data
[2026-02-13T15:44:46.464+0000] {logging_mixin.py:188} INFO - ✅ Refrigerators table refreshed successfully
[2026-02-13T15:44:46.466+0000] {processor.py:842} WARNING - No viable dags retrieved from /opt/airflow/dags/scripts/loaders/load_refrigerators.py
[2026-02-13T15:44:46.494+0000] {processor.py:183} INFO - Processing /opt/airflow/dags/scripts/loaders/load_refrigerators.py took 0.945 seconds
[2026-02-13T15:45:16.940+0000] {processor.py:161} INFO - Started process (PID=3584) to work on /opt/airflow/dags/scripts/loaders/load_refrigerators.py
[2026-02-13T15:45:16.942+0000] {processor.py:830} INFO - Processing file /opt/airflow/dags/scripts/loaders/load_refrigerators.py for tasks to queue
[2026-02-13T15:45:16.946+0000] {logging_mixin.py:188} INFO - [2026-02-13T15:45:16.945+0000] {dagbag.py:545} INFO - Filling up the DagBag from /opt/airflow/dags/scripts/loaders/load_refrigerators.py
[2026-02-13T15:45:17.745+0000] {logging_mixin.py:188} INFO - 🚀 Loading REFRIGERATORS data
[2026-02-13T15:45:17.991+0000] {logging_mixin.py:188} INFO - ✅ Refrigerators table refreshed successfully
[2026-02-13T15:45:17.993+0000] {processor.py:842} WARNING - No viable dags retrieved from /opt/airflow/dags/scripts/loaders/load_refrigerators.py
[2026-02-13T15:45:18.022+0000] {processor.py:183} INFO - Processing /opt/airflow/dags/scripts/loaders/load_refrigerators.py took 1.095 seconds
