[2026-02-13T03:51:48.378+0000] {processor.py:161} INFO - Started process (PID=6016) to work on /opt/airflow/dags/scripts/loaders/load_laptops.py
[2026-02-13T03:51:48.443+0000] {processor.py:830} INFO - Processing file /opt/airflow/dags/scripts/loaders/load_laptops.py for tasks to queue
[2026-02-13T03:51:48.800+0000] {logging_mixin.py:188} INFO - [2026-02-13T03:51:48.766+0000] {dagbag.py:545} INFO - Filling up the DagBag from /opt/airflow/dags/scripts/loaders/load_laptops.py
[2026-02-13T03:53:04.460+0000] {processor.py:161} INFO - Started process (PID=6115) to work on /opt/airflow/dags/scripts/loaders/load_laptops.py
[2026-02-13T03:53:04.470+0000] {processor.py:830} INFO - Processing file /opt/airflow/dags/scripts/loaders/load_laptops.py for tasks to queue
[2026-02-13T03:53:04.488+0000] {logging_mixin.py:188} INFO - [2026-02-13T03:53:04.483+0000] {dagbag.py:545} INFO - Filling up the DagBag from /opt/airflow/dags/scripts/loaders/load_laptops.py
[2026-02-13T03:53:07.720+0000] {logging_mixin.py:188} INFO - 🚀 Loading LAPTOPS data
[2026-02-13T03:53:08.350+0000] {logging_mixin.py:188} INFO - ✅ Laptops table refreshed successfully
[2026-02-13T03:53:08.351+0000] {processor.py:842} WARNING - No viable dags retrieved from /opt/airflow/dags/scripts/loaders/load_laptops.py
[2026-02-13T03:53:08.432+0000] {processor.py:183} INFO - Processing /opt/airflow/dags/scripts/loaders/load_laptops.py took 4.008 seconds
[2026-02-13T03:53:39.204+0000] {processor.py:161} INFO - Started process (PID=6144) to work on /opt/airflow/dags/scripts/loaders/load_laptops.py
[2026-02-13T03:53:39.207+0000] {processor.py:830} INFO - Processing file /opt/airflow/dags/scripts/loaders/load_laptops.py for tasks to queue
[2026-02-13T03:53:39.212+0000] {logging_mixin.py:188} INFO - [2026-02-13T03:53:39.211+0000] {dagbag.py:545} INFO - Filling up the DagBag from /opt/airflow/dags/scripts/loaders/load_laptops.py
[2026-02-13T03:53:40.514+0000] {logging_mixin.py:188} INFO - 🚀 Loading LAPTOPS data
[2026-02-13T03:53:40.774+0000] {logging_mixin.py:188} INFO - ✅ Laptops table refreshed successfully
[2026-02-13T03:53:40.775+0000] {processor.py:842} WARNING - No viable dags retrieved from /opt/airflow/dags/scripts/loaders/load_laptops.py
[2026-02-13T03:53:40.794+0000] {processor.py:183} INFO - Processing /opt/airflow/dags/scripts/loaders/load_laptops.py took 1.609 seconds
[2026-02-13T03:54:11.217+0000] {processor.py:161} INFO - Started process (PID=6173) to work on /opt/airflow/dags/scripts/loaders/load_laptops.py
[2026-02-13T03:54:11.221+0000] {processor.py:830} INFO - Processing file /opt/airflow/dags/scripts/loaders/load_laptops.py for tasks to queue
[2026-02-13T03:54:11.229+0000] {logging_mixin.py:188} INFO - [2026-02-13T03:54:11.228+0000] {dagbag.py:545} INFO - Filling up the DagBag from /opt/airflow/dags/scripts/loaders/load_laptops.py
[2026-02-13T03:54:12.821+0000] {logging_mixin.py:188} INFO - 🚀 Loading LAPTOPS data
[2026-02-13T03:54:13.463+0000] {logging_mixin.py:188} INFO - ✅ Laptops table refreshed successfully
[2026-02-13T03:54:13.464+0000] {processor.py:842} WARNING - No viable dags retrieved from /opt/airflow/dags/scripts/loaders/load_laptops.py
[2026-02-13T03:54:13.490+0000] {processor.py:183} INFO - Processing /opt/airflow/dags/scripts/loaders/load_laptops.py took 2.303 seconds
[2026-02-13T03:54:43.947+0000] {processor.py:161} INFO - Started process (PID=6201) to work on /opt/airflow/dags/scripts/loaders/load_laptops.py
[2026-02-13T03:54:43.949+0000] {processor.py:830} INFO - Processing file /opt/airflow/dags/scripts/loaders/load_laptops.py for tasks to queue
[2026-02-13T03:54:43.953+0000] {logging_mixin.py:188} INFO - [2026-02-13T03:54:43.952+0000] {dagbag.py:545} INFO - Filling up the DagBag from /opt/airflow/dags/scripts/loaders/load_laptops.py
[2026-02-13T03:54:47.984+0000] {logging_mixin.py:188} INFO - 🚀 Loading LAPTOPS data
[2026-02-13T03:54:48.351+0000] {logging_mixin.py:188} INFO - ✅ Laptops table refreshed successfully
[2026-02-13T03:54:48.353+0000] {processor.py:842} WARNING - No viable dags retrieved from /opt/airflow/dags/scripts/loaders/load_laptops.py
[2026-02-13T03:54:48.402+0000] {processor.py:183} INFO - Processing /opt/airflow/dags/scripts/loaders/load_laptops.py took 4.466 seconds
[2026-02-13T03:55:19.027+0000] {processor.py:161} INFO - Started process (PID=6230) to work on /opt/airflow/dags/scripts/loaders/load_laptops.py
[2026-02-13T03:55:19.039+0000] {processor.py:830} INFO - Processing file /opt/airflow/dags/scripts/loaders/load_laptops.py for tasks to queue
[2026-02-13T03:55:19.045+0000] {logging_mixin.py:188} INFO - [2026-02-13T03:55:19.044+0000] {dagbag.py:545} INFO - Filling up the DagBag from /opt/airflow/dags/scripts/loaders/load_laptops.py
[2026-02-13T03:55:20.222+0000] {logging_mixin.py:188} INFO - 🚀 Loading LAPTOPS data
[2026-02-13T03:55:20.699+0000] {logging_mixin.py:188} INFO - ✅ Laptops table refreshed successfully
[2026-02-13T03:55:20.701+0000] {processor.py:842} WARNING - No viable dags retrieved from /opt/airflow/dags/scripts/loaders/load_laptops.py
[2026-02-13T03:55:20.741+0000] {processor.py:183} INFO - Processing /opt/airflow/dags/scripts/loaders/load_laptops.py took 1.729 seconds
[2026-02-13T03:55:51.210+0000] {processor.py:161} INFO - Started process (PID=6259) to work on /opt/airflow/dags/scripts/loaders/load_laptops.py
[2026-02-13T03:55:51.212+0000] {processor.py:830} INFO - Processing file /opt/airflow/dags/scripts/loaders/load_laptops.py for tasks to queue
[2026-02-13T03:55:51.216+0000] {logging_mixin.py:188} INFO - [2026-02-13T03:55:51.215+0000] {dagbag.py:545} INFO - Filling up the DagBag from /opt/airflow/dags/scripts/loaders/load_laptops.py
[2026-02-13T03:55:51.889+0000] {logging_mixin.py:188} INFO - 🚀 Loading LAPTOPS data
[2026-02-13T03:55:52.723+0000] {logging_mixin.py:188} INFO - ✅ Laptops table refreshed successfully
[2026-02-13T03:55:52.725+0000] {processor.py:842} WARNING - No viable dags retrieved from /opt/airflow/dags/scripts/loaders/load_laptops.py
[2026-02-13T03:55:52.771+0000] {processor.py:183} INFO - Processing /opt/airflow/dags/scripts/loaders/load_laptops.py took 1.574 seconds
[2026-02-13T03:56:22.999+0000] {processor.py:161} INFO - Started process (PID=6285) to work on /opt/airflow/dags/scripts/loaders/load_laptops.py
[2026-02-13T03:56:23.002+0000] {processor.py:830} INFO - Processing file /opt/airflow/dags/scripts/loaders/load_laptops.py for tasks to queue
[2026-02-13T03:56:23.007+0000] {logging_mixin.py:188} INFO - [2026-02-13T03:56:23.006+0000] {dagbag.py:545} INFO - Filling up the DagBag from /opt/airflow/dags/scripts/loaders/load_laptops.py
[2026-02-13T03:56:23.955+0000] {logging_mixin.py:188} INFO - 🚀 Loading LAPTOPS data
[2026-02-13T03:56:24.322+0000] {logging_mixin.py:188} INFO - ✅ Laptops table refreshed successfully
[2026-02-13T03:56:24.324+0000] {processor.py:842} WARNING - No viable dags retrieved from /opt/airflow/dags/scripts/loaders/load_laptops.py
[2026-02-13T03:56:24.357+0000] {processor.py:183} INFO - Processing /opt/airflow/dags/scripts/loaders/load_laptops.py took 1.382 seconds
[2026-02-13T03:56:54.603+0000] {processor.py:161} INFO - Started process (PID=6314) to work on /opt/airflow/dags/scripts/loaders/load_laptops.py
[2026-02-13T03:56:54.605+0000] {processor.py:830} INFO - Processing file /opt/airflow/dags/scripts/loaders/load_laptops.py for tasks to queue
[2026-02-13T03:56:54.610+0000] {logging_mixin.py:188} INFO - [2026-02-13T03:56:54.609+0000] {dagbag.py:545} INFO - Filling up the DagBag from /opt/airflow/dags/scripts/loaders/load_laptops.py
[2026-02-13T03:56:55.571+0000] {logging_mixin.py:188} INFO - 🚀 Loading LAPTOPS data
[2026-02-13T03:56:55.958+0000] {logging_mixin.py:188} INFO - ✅ Laptops table refreshed successfully
[2026-02-13T03:56:55.960+0000] {processor.py:842} WARNING - No viable dags retrieved from /opt/airflow/dags/scripts/loaders/load_laptops.py
[2026-02-13T03:56:55.985+0000] {processor.py:183} INFO - Processing /opt/airflow/dags/scripts/loaders/load_laptops.py took 1.396 seconds
[2026-02-13T03:57:26.389+0000] {processor.py:161} INFO - Started process (PID=6343) to work on /opt/airflow/dags/scripts/loaders/load_laptops.py
[2026-02-13T03:57:26.392+0000] {processor.py:830} INFO - Processing file /opt/airflow/dags/scripts/loaders/load_laptops.py for tasks to queue
[2026-02-13T03:57:26.404+0000] {logging_mixin.py:188} INFO - [2026-02-13T03:57:26.403+0000] {dagbag.py:545} INFO - Filling up the DagBag from /opt/airflow/dags/scripts/loaders/load_laptops.py
[2026-02-13T03:57:27.316+0000] {logging_mixin.py:188} INFO - 🚀 Loading LAPTOPS data
[2026-02-13T03:57:27.608+0000] {logging_mixin.py:188} INFO - ✅ Laptops table refreshed successfully
[2026-02-13T03:57:27.610+0000] {processor.py:842} WARNING - No viable dags retrieved from /opt/airflow/dags/scripts/loaders/load_laptops.py
[2026-02-13T03:57:27.640+0000] {processor.py:183} INFO - Processing /opt/airflow/dags/scripts/loaders/load_laptops.py took 1.267 seconds
[2026-02-13T03:57:57.980+0000] {processor.py:161} INFO - Started process (PID=6378) to work on /opt/airflow/dags/scripts/loaders/load_laptops.py
[2026-02-13T03:57:57.981+0000] {processor.py:830} INFO - Processing file /opt/airflow/dags/scripts/loaders/load_laptops.py for tasks to queue
[2026-02-13T03:57:57.984+0000] {logging_mixin.py:188} INFO - [2026-02-13T03:57:57.984+0000] {dagbag.py:545} INFO - Filling up the DagBag from /opt/airflow/dags/scripts/loaders/load_laptops.py
[2026-02-13T03:57:58.605+0000] {logging_mixin.py:188} INFO - 🚀 Loading LAPTOPS data
[2026-02-13T03:57:58.856+0000] {logging_mixin.py:188} INFO - ✅ Laptops table refreshed successfully
[2026-02-13T03:57:58.857+0000] {processor.py:842} WARNING - No viable dags retrieved from /opt/airflow/dags/scripts/loaders/load_laptops.py
[2026-02-13T03:57:58.886+0000] {processor.py:183} INFO - Processing /opt/airflow/dags/scripts/loaders/load_laptops.py took 0.913 seconds
[2026-02-13T03:58:29.134+0000] {processor.py:161} INFO - Started process (PID=6407) to work on /opt/airflow/dags/scripts/loaders/load_laptops.py
[2026-02-13T03:58:29.138+0000] {processor.py:830} INFO - Processing file /opt/airflow/dags/scripts/loaders/load_laptops.py for tasks to queue
[2026-02-13T03:58:29.144+0000] {logging_mixin.py:188} INFO - [2026-02-13T03:58:29.143+0000] {dagbag.py:545} INFO - Filling up the DagBag from /opt/airflow/dags/scripts/loaders/load_laptops.py
[2026-02-13T03:58:30.046+0000] {logging_mixin.py:188} INFO - 🚀 Loading LAPTOPS data
[2026-02-13T03:58:30.334+0000] {logging_mixin.py:188} INFO - ✅ Laptops table refreshed successfully
[2026-02-13T03:58:30.336+0000] {processor.py:842} WARNING - No viable dags retrieved from /opt/airflow/dags/scripts/loaders/load_laptops.py
[2026-02-13T03:58:30.370+0000] {processor.py:183} INFO - Processing /opt/airflow/dags/scripts/loaders/load_laptops.py took 1.253 seconds
[2026-02-13T03:59:00.840+0000] {processor.py:161} INFO - Started process (PID=6436) to work on /opt/airflow/dags/scripts/loaders/load_laptops.py
[2026-02-13T03:59:00.843+0000] {processor.py:830} INFO - Processing file /opt/airflow/dags/scripts/loaders/load_laptops.py for tasks to queue
[2026-02-13T03:59:00.847+0000] {logging_mixin.py:188} INFO - [2026-02-13T03:59:00.846+0000] {dagbag.py:545} INFO - Filling up the DagBag from /opt/airflow/dags/scripts/loaders/load_laptops.py
[2026-02-13T03:59:01.402+0000] {logging_mixin.py:188} INFO - 🚀 Loading LAPTOPS data
[2026-02-13T03:59:01.980+0000] {logging_mixin.py:188} INFO - ✅ Laptops table refreshed successfully
[2026-02-13T03:59:01.981+0000] {processor.py:842} WARNING - No viable dags retrieved from /opt/airflow/dags/scripts/loaders/load_laptops.py
[2026-02-13T03:59:02.001+0000] {processor.py:183} INFO - Processing /opt/airflow/dags/scripts/loaders/load_laptops.py took 1.171 seconds
[2026-02-13T03:59:32.178+0000] {processor.py:161} INFO - Started process (PID=6465) to work on /opt/airflow/dags/scripts/loaders/load_laptops.py
[2026-02-13T03:59:32.179+0000] {processor.py:830} INFO - Processing file /opt/airflow/dags/scripts/loaders/load_laptops.py for tasks to queue
[2026-02-13T03:59:32.183+0000] {logging_mixin.py:188} INFO - [2026-02-13T03:59:32.182+0000] {dagbag.py:545} INFO - Filling up the DagBag from /opt/airflow/dags/scripts/loaders/load_laptops.py
[2026-02-13T03:59:32.949+0000] {logging_mixin.py:188} INFO - 🚀 Loading LAPTOPS data
[2026-02-13T03:59:33.297+0000] {logging_mixin.py:188} INFO - ✅ Laptops table refreshed successfully
[2026-02-13T03:59:33.299+0000] {processor.py:842} WARNING - No viable dags retrieved from /opt/airflow/dags/scripts/loaders/load_laptops.py
[2026-02-13T03:59:33.332+0000] {processor.py:183} INFO - Processing /opt/airflow/dags/scripts/loaders/load_laptops.py took 1.167 seconds
[2026-02-13T04:00:03.554+0000] {processor.py:161} INFO - Started process (PID=6494) to work on /opt/airflow/dags/scripts/loaders/load_laptops.py
[2026-02-13T04:00:03.556+0000] {processor.py:830} INFO - Processing file /opt/airflow/dags/scripts/loaders/load_laptops.py for tasks to queue
[2026-02-13T04:00:03.560+0000] {logging_mixin.py:188} INFO - [2026-02-13T04:00:03.559+0000] {dagbag.py:545} INFO - Filling up the DagBag from /opt/airflow/dags/scripts/loaders/load_laptops.py
[2026-02-13T04:00:04.362+0000] {logging_mixin.py:188} INFO - 🚀 Loading LAPTOPS data
[2026-02-13T04:00:04.696+0000] {logging_mixin.py:188} INFO - ✅ Laptops table refreshed successfully
[2026-02-13T04:00:04.697+0000] {processor.py:842} WARNING - No viable dags retrieved from /opt/airflow/dags/scripts/loaders/load_laptops.py
[2026-02-13T04:00:04.716+0000] {processor.py:183} INFO - Processing /opt/airflow/dags/scripts/loaders/load_laptops.py took 1.175 seconds
[2026-02-13T04:00:35.311+0000] {processor.py:161} INFO - Started process (PID=6523) to work on /opt/airflow/dags/scripts/loaders/load_laptops.py
[2026-02-13T04:00:35.314+0000] {processor.py:830} INFO - Processing file /opt/airflow/dags/scripts/loaders/load_laptops.py for tasks to queue
[2026-02-13T04:00:35.320+0000] {logging_mixin.py:188} INFO - [2026-02-13T04:00:35.319+0000] {dagbag.py:545} INFO - Filling up the DagBag from /opt/airflow/dags/scripts/loaders/load_laptops.py
[2026-02-13T04:00:36.159+0000] {logging_mixin.py:188} INFO - 🚀 Loading LAPTOPS data
[2026-02-13T04:00:36.441+0000] {logging_mixin.py:188} INFO - ✅ Laptops table refreshed successfully
[2026-02-13T04:00:36.443+0000] {processor.py:842} WARNING - No viable dags retrieved from /opt/airflow/dags/scripts/loaders/load_laptops.py
[2026-02-13T04:00:36.473+0000] {processor.py:183} INFO - Processing /opt/airflow/dags/scripts/loaders/load_laptops.py took 1.177 seconds
[2026-02-13T04:01:06.696+0000] {processor.py:161} INFO - Started process (PID=6552) to work on /opt/airflow/dags/scripts/loaders/load_laptops.py
[2026-02-13T04:01:06.698+0000] {processor.py:830} INFO - Processing file /opt/airflow/dags/scripts/loaders/load_laptops.py for tasks to queue
[2026-02-13T04:01:06.701+0000] {logging_mixin.py:188} INFO - [2026-02-13T04:01:06.701+0000] {dagbag.py:545} INFO - Filling up the DagBag from /opt/airflow/dags/scripts/loaders/load_laptops.py
[2026-02-13T04:01:07.440+0000] {logging_mixin.py:188} INFO - 🚀 Loading LAPTOPS data
[2026-02-13T04:01:07.843+0000] {logging_mixin.py:188} INFO - ✅ Laptops table refreshed successfully
[2026-02-13T04:01:07.845+0000] {processor.py:842} WARNING - No viable dags retrieved from /opt/airflow/dags/scripts/loaders/load_laptops.py
[2026-02-13T04:01:07.864+0000] {processor.py:183} INFO - Processing /opt/airflow/dags/scripts/loaders/load_laptops.py took 1.177 seconds
[2026-02-13T04:01:38.251+0000] {processor.py:161} INFO - Started process (PID=6581) to work on /opt/airflow/dags/scripts/loaders/load_laptops.py
[2026-02-13T04:01:38.253+0000] {processor.py:830} INFO - Processing file /opt/airflow/dags/scripts/loaders/load_laptops.py for tasks to queue
[2026-02-13T04:01:38.257+0000] {logging_mixin.py:188} INFO - [2026-02-13T04:01:38.257+0000] {dagbag.py:545} INFO - Filling up the DagBag from /opt/airflow/dags/scripts/loaders/load_laptops.py
[2026-02-13T04:01:39.083+0000] {logging_mixin.py:188} INFO - 🚀 Loading LAPTOPS data
[2026-02-13T04:01:39.323+0000] {logging_mixin.py:188} INFO - ✅ Laptops table refreshed successfully
[2026-02-13T04:01:39.324+0000] {processor.py:842} WARNING - No viable dags retrieved from /opt/airflow/dags/scripts/loaders/load_laptops.py
[2026-02-13T04:01:39.347+0000] {processor.py:183} INFO - Processing /opt/airflow/dags/scripts/loaders/load_laptops.py took 1.106 seconds
[2026-02-13T04:02:09.624+0000] {processor.py:161} INFO - Started process (PID=6610) to work on /opt/airflow/dags/scripts/loaders/load_laptops.py
[2026-02-13T04:02:09.628+0000] {processor.py:830} INFO - Processing file /opt/airflow/dags/scripts/loaders/load_laptops.py for tasks to queue
[2026-02-13T04:02:09.633+0000] {logging_mixin.py:188} INFO - [2026-02-13T04:02:09.632+0000] {dagbag.py:545} INFO - Filling up the DagBag from /opt/airflow/dags/scripts/loaders/load_laptops.py
[2026-02-13T04:02:10.365+0000] {logging_mixin.py:188} INFO - 🚀 Loading LAPTOPS data
[2026-02-13T04:02:11.183+0000] {logging_mixin.py:188} INFO - ✅ Laptops table refreshed successfully
[2026-02-13T04:02:11.185+0000] {processor.py:842} WARNING - No viable dags retrieved from /opt/airflow/dags/scripts/loaders/load_laptops.py
[2026-02-13T04:02:11.224+0000] {processor.py:183} INFO - Processing /opt/airflow/dags/scripts/loaders/load_laptops.py took 1.616 seconds
[2026-02-13T04:02:42.023+0000] {processor.py:161} INFO - Started process (PID=6639) to work on /opt/airflow/dags/scripts/loaders/load_laptops.py
[2026-02-13T04:02:42.026+0000] {processor.py:830} INFO - Processing file /opt/airflow/dags/scripts/loaders/load_laptops.py for tasks to queue
[2026-02-13T04:02:42.031+0000] {logging_mixin.py:188} INFO - [2026-02-13T04:02:42.029+0000] {dagbag.py:545} INFO - Filling up the DagBag from /opt/airflow/dags/scripts/loaders/load_laptops.py
[2026-02-13T04:02:42.802+0000] {logging_mixin.py:188} INFO - 🚀 Loading LAPTOPS data
[2026-02-13T04:02:43.122+0000] {logging_mixin.py:188} INFO - ✅ Laptops table refreshed successfully
[2026-02-13T04:02:43.124+0000] {processor.py:842} WARNING - No viable dags retrieved from /opt/airflow/dags/scripts/loaders/load_laptops.py
[2026-02-13T04:02:43.155+0000] {processor.py:183} INFO - Processing /opt/airflow/dags/scripts/loaders/load_laptops.py took 1.146 seconds
[2026-02-13T04:03:13.786+0000] {processor.py:161} INFO - Started process (PID=6668) to work on /opt/airflow/dags/scripts/loaders/load_laptops.py
[2026-02-13T04:03:13.788+0000] {processor.py:830} INFO - Processing file /opt/airflow/dags/scripts/loaders/load_laptops.py for tasks to queue
[2026-02-13T04:03:13.792+0000] {logging_mixin.py:188} INFO - [2026-02-13T04:03:13.791+0000] {dagbag.py:545} INFO - Filling up the DagBag from /opt/airflow/dags/scripts/loaders/load_laptops.py
[2026-02-13T04:03:14.538+0000] {logging_mixin.py:188} INFO - 🚀 Loading LAPTOPS data
[2026-02-13T04:03:14.796+0000] {logging_mixin.py:188} INFO - ✅ Laptops table refreshed successfully
[2026-02-13T04:03:14.797+0000] {processor.py:842} WARNING - No viable dags retrieved from /opt/airflow/dags/scripts/loaders/load_laptops.py
[2026-02-13T04:03:14.820+0000] {processor.py:183} INFO - Processing /opt/airflow/dags/scripts/loaders/load_laptops.py took 1.043 seconds
[2026-02-13T04:03:45.193+0000] {processor.py:161} INFO - Started process (PID=6697) to work on /opt/airflow/dags/scripts/loaders/load_laptops.py
[2026-02-13T04:03:45.195+0000] {processor.py:830} INFO - Processing file /opt/airflow/dags/scripts/loaders/load_laptops.py for tasks to queue
[2026-02-13T04:03:45.199+0000] {logging_mixin.py:188} INFO - [2026-02-13T04:03:45.199+0000] {dagbag.py:545} INFO - Filling up the DagBag from /opt/airflow/dags/scripts/loaders/load_laptops.py
[2026-02-13T04:03:45.984+0000] {logging_mixin.py:188} INFO - 🚀 Loading LAPTOPS data
[2026-02-13T04:03:46.244+0000] {logging_mixin.py:188} INFO - ✅ Laptops table refreshed successfully
[2026-02-13T04:03:46.245+0000] {processor.py:842} WARNING - No viable dags retrieved from /opt/airflow/dags/scripts/loaders/load_laptops.py
[2026-02-13T04:03:46.268+0000] {processor.py:183} INFO - Processing /opt/airflow/dags/scripts/loaders/load_laptops.py took 1.087 seconds
[2026-02-13T04:04:16.689+0000] {processor.py:161} INFO - Started process (PID=6726) to work on /opt/airflow/dags/scripts/loaders/load_laptops.py
[2026-02-13T04:04:16.691+0000] {processor.py:830} INFO - Processing file /opt/airflow/dags/scripts/loaders/load_laptops.py for tasks to queue
[2026-02-13T04:04:16.695+0000] {logging_mixin.py:188} INFO - [2026-02-13T04:04:16.694+0000] {dagbag.py:545} INFO - Filling up the DagBag from /opt/airflow/dags/scripts/loaders/load_laptops.py
[2026-02-13T04:04:17.289+0000] {logging_mixin.py:188} INFO - 🚀 Loading LAPTOPS data
[2026-02-13T04:04:17.507+0000] {logging_mixin.py:188} INFO - ✅ Laptops table refreshed successfully
[2026-02-13T04:04:17.509+0000] {processor.py:842} WARNING - No viable dags retrieved from /opt/airflow/dags/scripts/loaders/load_laptops.py
[2026-02-13T04:04:17.524+0000] {processor.py:183} INFO - Processing /opt/airflow/dags/scripts/loaders/load_laptops.py took 0.847 seconds
[2026-02-13T04:04:48.813+0000] {processor.py:161} INFO - Started process (PID=6758) to work on /opt/airflow/dags/scripts/loaders/load_laptops.py
[2026-02-13T04:04:48.815+0000] {processor.py:830} INFO - Processing file /opt/airflow/dags/scripts/loaders/load_laptops.py for tasks to queue
[2026-02-13T04:04:48.819+0000] {logging_mixin.py:188} INFO - [2026-02-13T04:04:48.818+0000] {dagbag.py:545} INFO - Filling up the DagBag from /opt/airflow/dags/scripts/loaders/load_laptops.py
[2026-02-13T04:04:49.500+0000] {logging_mixin.py:188} INFO - 🚀 Loading LAPTOPS data
[2026-02-13T04:04:49.700+0000] {logging_mixin.py:188} INFO - ✅ Laptops table refreshed successfully
[2026-02-13T04:04:49.701+0000] {processor.py:842} WARNING - No viable dags retrieved from /opt/airflow/dags/scripts/loaders/load_laptops.py
[2026-02-13T04:04:49.717+0000] {processor.py:183} INFO - Processing /opt/airflow/dags/scripts/loaders/load_laptops.py took 0.917 seconds
[2026-02-13T04:05:21.391+0000] {processor.py:161} INFO - Started process (PID=6787) to work on /opt/airflow/dags/scripts/loaders/load_laptops.py
[2026-02-13T04:05:21.393+0000] {processor.py:830} INFO - Processing file /opt/airflow/dags/scripts/loaders/load_laptops.py for tasks to queue
[2026-02-13T04:05:21.397+0000] {logging_mixin.py:188} INFO - [2026-02-13T04:05:21.396+0000] {dagbag.py:545} INFO - Filling up the DagBag from /opt/airflow/dags/scripts/loaders/load_laptops.py
[2026-02-13T04:05:22.105+0000] {logging_mixin.py:188} INFO - 🚀 Loading LAPTOPS data
[2026-02-13T04:05:22.318+0000] {logging_mixin.py:188} INFO - ✅ Laptops table refreshed successfully
[2026-02-13T04:05:22.319+0000] {processor.py:842} WARNING - No viable dags retrieved from /opt/airflow/dags/scripts/loaders/load_laptops.py
[2026-02-13T04:05:22.333+0000] {processor.py:183} INFO - Processing /opt/airflow/dags/scripts/loaders/load_laptops.py took 0.952 seconds
[2026-02-13T04:05:53.651+0000] {processor.py:161} INFO - Started process (PID=6816) to work on /opt/airflow/dags/scripts/loaders/load_laptops.py
[2026-02-13T04:05:53.653+0000] {processor.py:830} INFO - Processing file /opt/airflow/dags/scripts/loaders/load_laptops.py for tasks to queue
[2026-02-13T04:05:53.660+0000] {logging_mixin.py:188} INFO - [2026-02-13T04:05:53.658+0000] {dagbag.py:545} INFO - Filling up the DagBag from /opt/airflow/dags/scripts/loaders/load_laptops.py
[2026-02-13T04:05:54.444+0000] {logging_mixin.py:188} INFO - 🚀 Loading LAPTOPS data
[2026-02-13T04:05:54.662+0000] {logging_mixin.py:188} INFO - ✅ Laptops table refreshed successfully
[2026-02-13T04:05:54.663+0000] {processor.py:842} WARNING - No viable dags retrieved from /opt/airflow/dags/scripts/loaders/load_laptops.py
[2026-02-13T04:05:54.681+0000] {processor.py:183} INFO - Processing /opt/airflow/dags/scripts/loaders/load_laptops.py took 1.041 seconds
[2026-02-13T04:06:26.446+0000] {processor.py:161} INFO - Started process (PID=6845) to work on /opt/airflow/dags/scripts/loaders/load_laptops.py
[2026-02-13T04:06:26.448+0000] {processor.py:830} INFO - Processing file /opt/airflow/dags/scripts/loaders/load_laptops.py for tasks to queue
[2026-02-13T04:06:26.451+0000] {logging_mixin.py:188} INFO - [2026-02-13T04:06:26.450+0000] {dagbag.py:545} INFO - Filling up the DagBag from /opt/airflow/dags/scripts/loaders/load_laptops.py
[2026-02-13T04:06:27.104+0000] {logging_mixin.py:188} INFO - 🚀 Loading LAPTOPS data
[2026-02-13T04:06:27.407+0000] {logging_mixin.py:188} INFO - ✅ Laptops table refreshed successfully
[2026-02-13T04:06:27.408+0000] {processor.py:842} WARNING - No viable dags retrieved from /opt/airflow/dags/scripts/loaders/load_laptops.py
[2026-02-13T04:06:27.445+0000] {processor.py:183} INFO - Processing /opt/airflow/dags/scripts/loaders/load_laptops.py took 1.006 seconds
[2026-02-13T04:06:58.814+0000] {processor.py:161} INFO - Started process (PID=6874) to work on /opt/airflow/dags/scripts/loaders/load_laptops.py
[2026-02-13T04:06:58.816+0000] {processor.py:830} INFO - Processing file /opt/airflow/dags/scripts/loaders/load_laptops.py for tasks to queue
[2026-02-13T04:06:58.818+0000] {logging_mixin.py:188} INFO - [2026-02-13T04:06:58.817+0000] {dagbag.py:545} INFO - Filling up the DagBag from /opt/airflow/dags/scripts/loaders/load_laptops.py
[2026-02-13T04:07:00.027+0000] {logging_mixin.py:188} INFO - 🚀 Loading LAPTOPS data
[2026-02-13T04:07:00.263+0000] {logging_mixin.py:188} INFO - ✅ Laptops table refreshed successfully
[2026-02-13T04:07:00.264+0000] {processor.py:842} WARNING - No viable dags retrieved from /opt/airflow/dags/scripts/loaders/load_laptops.py
[2026-02-13T04:07:00.284+0000] {processor.py:183} INFO - Processing /opt/airflow/dags/scripts/loaders/load_laptops.py took 1.478 seconds
[2026-02-13T04:07:31.011+0000] {processor.py:161} INFO - Started process (PID=6903) to work on /opt/airflow/dags/scripts/loaders/load_laptops.py
[2026-02-13T04:07:31.018+0000] {processor.py:830} INFO - Processing file /opt/airflow/dags/scripts/loaders/load_laptops.py for tasks to queue
[2026-02-13T04:07:31.022+0000] {logging_mixin.py:188} INFO - [2026-02-13T04:07:31.021+0000] {dagbag.py:545} INFO - Filling up the DagBag from /opt/airflow/dags/scripts/loaders/load_laptops.py
[2026-02-13T04:07:31.741+0000] {logging_mixin.py:188} INFO - 🚀 Loading LAPTOPS data
[2026-02-13T04:07:31.928+0000] {logging_mixin.py:188} INFO - ✅ Laptops table refreshed successfully
[2026-02-13T04:07:31.929+0000] {processor.py:842} WARNING - No viable dags retrieved from /opt/airflow/dags/scripts/loaders/load_laptops.py
[2026-02-13T04:07:31.945+0000] {processor.py:183} INFO - Processing /opt/airflow/dags/scripts/loaders/load_laptops.py took 0.947 seconds
[2026-02-13T04:08:03.536+0000] {processor.py:161} INFO - Started process (PID=6932) to work on /opt/airflow/dags/scripts/loaders/load_laptops.py
[2026-02-13T04:08:03.538+0000] {processor.py:830} INFO - Processing file /opt/airflow/dags/scripts/loaders/load_laptops.py for tasks to queue
[2026-02-13T04:08:03.541+0000] {logging_mixin.py:188} INFO - [2026-02-13T04:08:03.540+0000] {dagbag.py:545} INFO - Filling up the DagBag from /opt/airflow/dags/scripts/loaders/load_laptops.py
[2026-02-13T04:08:04.255+0000] {logging_mixin.py:188} INFO - 🚀 Loading LAPTOPS data
[2026-02-13T04:08:04.456+0000] {logging_mixin.py:188} INFO - ✅ Laptops table refreshed successfully
[2026-02-13T04:08:04.457+0000] {processor.py:842} WARNING - No viable dags retrieved from /opt/airflow/dags/scripts/loaders/load_laptops.py
[2026-02-13T04:08:04.475+0000] {processor.py:183} INFO - Processing /opt/airflow/dags/scripts/loaders/load_laptops.py took 0.947 seconds
[2026-02-13T04:08:37.583+0000] {processor.py:161} INFO - Started process (PID=6974) to work on /opt/airflow/dags/scripts/loaders/load_laptops.py
[2026-02-13T04:08:37.585+0000] {processor.py:830} INFO - Processing file /opt/airflow/dags/scripts/loaders/load_laptops.py for tasks to queue
[2026-02-13T04:08:37.588+0000] {logging_mixin.py:188} INFO - [2026-02-13T04:08:37.588+0000] {dagbag.py:545} INFO - Filling up the DagBag from /opt/airflow/dags/scripts/loaders/load_laptops.py
[2026-02-13T04:08:38.219+0000] {logging_mixin.py:188} INFO - 🚀 Loading LAPTOPS data
[2026-02-13T04:08:38.417+0000] {logging_mixin.py:188} INFO - ✅ Laptops table refreshed successfully
[2026-02-13T04:08:38.418+0000] {processor.py:842} WARNING - No viable dags retrieved from /opt/airflow/dags/scripts/loaders/load_laptops.py
[2026-02-13T04:08:38.432+0000] {processor.py:183} INFO - Processing /opt/airflow/dags/scripts/loaders/load_laptops.py took 0.857 seconds
[2026-02-13T04:09:09.841+0000] {processor.py:161} INFO - Started process (PID=7008) to work on /opt/airflow/dags/scripts/loaders/load_laptops.py
[2026-02-13T04:09:09.843+0000] {processor.py:830} INFO - Processing file /opt/airflow/dags/scripts/loaders/load_laptops.py for tasks to queue
[2026-02-13T04:09:09.846+0000] {logging_mixin.py:188} INFO - [2026-02-13T04:09:09.846+0000] {dagbag.py:545} INFO - Filling up the DagBag from /opt/airflow/dags/scripts/loaders/load_laptops.py
[2026-02-13T04:09:10.517+0000] {logging_mixin.py:188} INFO - 🚀 Loading LAPTOPS data
[2026-02-13T04:09:10.670+0000] {logging_mixin.py:188} INFO - ✅ Laptops table refreshed successfully
[2026-02-13T04:09:10.671+0000] {processor.py:842} WARNING - No viable dags retrieved from /opt/airflow/dags/scripts/loaders/load_laptops.py
[2026-02-13T04:09:10.686+0000] {processor.py:183} INFO - Processing /opt/airflow/dags/scripts/loaders/load_laptops.py took 0.855 seconds
[2026-02-13T04:09:41.992+0000] {processor.py:161} INFO - Started process (PID=7037) to work on /opt/airflow/dags/scripts/loaders/load_laptops.py
[2026-02-13T04:09:41.994+0000] {processor.py:830} INFO - Processing file /opt/airflow/dags/scripts/loaders/load_laptops.py for tasks to queue
[2026-02-13T04:09:41.999+0000] {logging_mixin.py:188} INFO - [2026-02-13T04:09:41.998+0000] {dagbag.py:545} INFO - Filling up the DagBag from /opt/airflow/dags/scripts/loaders/load_laptops.py
[2026-02-13T04:09:42.640+0000] {logging_mixin.py:188} INFO - 🚀 Loading LAPTOPS data
[2026-02-13T04:09:42.825+0000] {logging_mixin.py:188} INFO - ✅ Laptops table refreshed successfully
[2026-02-13T04:09:42.826+0000] {processor.py:842} WARNING - No viable dags retrieved from /opt/airflow/dags/scripts/loaders/load_laptops.py
[2026-02-13T04:09:42.839+0000] {processor.py:183} INFO - Processing /opt/airflow/dags/scripts/loaders/load_laptops.py took 0.861 seconds
[2026-02-13T04:10:14.599+0000] {processor.py:161} INFO - Started process (PID=7061) to work on /opt/airflow/dags/scripts/loaders/load_laptops.py
[2026-02-13T04:10:14.602+0000] {processor.py:830} INFO - Processing file /opt/airflow/dags/scripts/loaders/load_laptops.py for tasks to queue
[2026-02-13T04:10:14.607+0000] {logging_mixin.py:188} INFO - [2026-02-13T04:10:14.606+0000] {dagbag.py:545} INFO - Filling up the DagBag from /opt/airflow/dags/scripts/loaders/load_laptops.py
[2026-02-13T04:10:15.288+0000] {logging_mixin.py:188} INFO - 🚀 Loading LAPTOPS data
[2026-02-13T04:10:15.466+0000] {logging_mixin.py:188} INFO - ✅ Laptops table refreshed successfully
[2026-02-13T04:10:15.467+0000] {processor.py:842} WARNING - No viable dags retrieved from /opt/airflow/dags/scripts/loaders/load_laptops.py
[2026-02-13T04:10:15.482+0000] {processor.py:183} INFO - Processing /opt/airflow/dags/scripts/loaders/load_laptops.py took 0.894 seconds
[2026-02-13T04:10:46.712+0000] {processor.py:161} INFO - Started process (PID=7090) to work on /opt/airflow/dags/scripts/loaders/load_laptops.py
[2026-02-13T04:10:46.714+0000] {processor.py:830} INFO - Processing file /opt/airflow/dags/scripts/loaders/load_laptops.py for tasks to queue
[2026-02-13T04:10:46.718+0000] {logging_mixin.py:188} INFO - [2026-02-13T04:10:46.718+0000] {dagbag.py:545} INFO - Filling up the DagBag from /opt/airflow/dags/scripts/loaders/load_laptops.py
[2026-02-13T04:10:47.379+0000] {logging_mixin.py:188} INFO - 🚀 Loading LAPTOPS data
[2026-02-13T04:10:47.556+0000] {logging_mixin.py:188} INFO - ✅ Laptops table refreshed successfully
[2026-02-13T04:10:47.556+0000] {processor.py:842} WARNING - No viable dags retrieved from /opt/airflow/dags/scripts/loaders/load_laptops.py
[2026-02-13T04:10:47.568+0000] {processor.py:183} INFO - Processing /opt/airflow/dags/scripts/loaders/load_laptops.py took 0.865 seconds
[2026-02-13T04:11:18.963+0000] {processor.py:161} INFO - Started process (PID=7119) to work on /opt/airflow/dags/scripts/loaders/load_laptops.py
[2026-02-13T04:11:18.964+0000] {processor.py:830} INFO - Processing file /opt/airflow/dags/scripts/loaders/load_laptops.py for tasks to queue
[2026-02-13T04:11:18.968+0000] {logging_mixin.py:188} INFO - [2026-02-13T04:11:18.967+0000] {dagbag.py:545} INFO - Filling up the DagBag from /opt/airflow/dags/scripts/loaders/load_laptops.py
[2026-02-13T04:11:19.625+0000] {logging_mixin.py:188} INFO - 🚀 Loading LAPTOPS data
[2026-02-13T04:11:19.789+0000] {logging_mixin.py:188} INFO - ✅ Laptops table refreshed successfully
[2026-02-13T04:11:19.790+0000] {processor.py:842} WARNING - No viable dags retrieved from /opt/airflow/dags/scripts/loaders/load_laptops.py
[2026-02-13T04:11:19.806+0000] {processor.py:183} INFO - Processing /opt/airflow/dags/scripts/loaders/load_laptops.py took 0.851 seconds
[2026-02-13T04:11:52.229+0000] {processor.py:161} INFO - Started process (PID=7148) to work on /opt/airflow/dags/scripts/loaders/load_laptops.py
[2026-02-13T04:11:52.231+0000] {processor.py:830} INFO - Processing file /opt/airflow/dags/scripts/loaders/load_laptops.py for tasks to queue
[2026-02-13T04:11:52.234+0000] {logging_mixin.py:188} INFO - [2026-02-13T04:11:52.233+0000] {dagbag.py:545} INFO - Filling up the DagBag from /opt/airflow/dags/scripts/loaders/load_laptops.py
[2026-02-13T04:11:52.938+0000] {logging_mixin.py:188} INFO - 🚀 Loading LAPTOPS data
[2026-02-13T04:11:53.110+0000] {logging_mixin.py:188} INFO - ✅ Laptops table refreshed successfully
[2026-02-13T04:11:53.111+0000] {processor.py:842} WARNING - No viable dags retrieved from /opt/airflow/dags/scripts/loaders/load_laptops.py
[2026-02-13T04:11:53.129+0000] {processor.py:183} INFO - Processing /opt/airflow/dags/scripts/loaders/load_laptops.py took 0.909 seconds
[2026-02-13T04:12:23.935+0000] {processor.py:161} INFO - Started process (PID=7177) to work on /opt/airflow/dags/scripts/loaders/load_laptops.py
[2026-02-13T04:12:23.937+0000] {processor.py:830} INFO - Processing file /opt/airflow/dags/scripts/loaders/load_laptops.py for tasks to queue
[2026-02-13T04:12:23.939+0000] {logging_mixin.py:188} INFO - [2026-02-13T04:12:23.939+0000] {dagbag.py:545} INFO - Filling up the DagBag from /opt/airflow/dags/scripts/loaders/load_laptops.py
[2026-02-13T04:12:24.617+0000] {logging_mixin.py:188} INFO - 🚀 Loading LAPTOPS data
[2026-02-13T04:12:24.784+0000] {logging_mixin.py:188} INFO - ✅ Laptops table refreshed successfully
[2026-02-13T04:12:24.785+0000] {processor.py:842} WARNING - No viable dags retrieved from /opt/airflow/dags/scripts/loaders/load_laptops.py
[2026-02-13T04:12:24.801+0000] {processor.py:183} INFO - Processing /opt/airflow/dags/scripts/loaders/load_laptops.py took 0.873 seconds
[2026-02-13T04:12:56.642+0000] {processor.py:161} INFO - Started process (PID=7206) to work on /opt/airflow/dags/scripts/loaders/load_laptops.py
[2026-02-13T04:12:56.644+0000] {processor.py:830} INFO - Processing file /opt/airflow/dags/scripts/loaders/load_laptops.py for tasks to queue
[2026-02-13T04:12:56.647+0000] {logging_mixin.py:188} INFO - [2026-02-13T04:12:56.646+0000] {dagbag.py:545} INFO - Filling up the DagBag from /opt/airflow/dags/scripts/loaders/load_laptops.py
[2026-02-13T04:12:57.315+0000] {logging_mixin.py:188} INFO - 🚀 Loading LAPTOPS data
[2026-02-13T04:12:57.518+0000] {logging_mixin.py:188} INFO - ✅ Laptops table refreshed successfully
[2026-02-13T04:12:57.519+0000] {processor.py:842} WARNING - No viable dags retrieved from /opt/airflow/dags/scripts/loaders/load_laptops.py
[2026-02-13T04:12:57.533+0000] {processor.py:183} INFO - Processing /opt/airflow/dags/scripts/loaders/load_laptops.py took 0.898 seconds
[2026-02-13T04:13:28.881+0000] {processor.py:161} INFO - Started process (PID=7235) to work on /opt/airflow/dags/scripts/loaders/load_laptops.py
[2026-02-13T04:13:28.883+0000] {processor.py:830} INFO - Processing file /opt/airflow/dags/scripts/loaders/load_laptops.py for tasks to queue
[2026-02-13T04:13:28.886+0000] {logging_mixin.py:188} INFO - [2026-02-13T04:13:28.885+0000] {dagbag.py:545} INFO - Filling up the DagBag from /opt/airflow/dags/scripts/loaders/load_laptops.py
[2026-02-13T04:13:29.536+0000] {logging_mixin.py:188} INFO - 🚀 Loading LAPTOPS data
[2026-02-13T04:13:29.739+0000] {logging_mixin.py:188} INFO - ✅ Laptops table refreshed successfully
[2026-02-13T04:13:29.741+0000] {processor.py:842} WARNING - No viable dags retrieved from /opt/airflow/dags/scripts/loaders/load_laptops.py
[2026-02-13T04:13:29.755+0000] {processor.py:183} INFO - Processing /opt/airflow/dags/scripts/loaders/load_laptops.py took 0.883 seconds
[2026-02-13T04:14:02.273+0000] {processor.py:161} INFO - Started process (PID=7264) to work on /opt/airflow/dags/scripts/loaders/load_laptops.py
[2026-02-13T04:14:02.275+0000] {processor.py:830} INFO - Processing file /opt/airflow/dags/scripts/loaders/load_laptops.py for tasks to queue
[2026-02-13T04:14:02.278+0000] {logging_mixin.py:188} INFO - [2026-02-13T04:14:02.278+0000] {dagbag.py:545} INFO - Filling up the DagBag from /opt/airflow/dags/scripts/loaders/load_laptops.py
[2026-02-13T04:14:02.929+0000] {logging_mixin.py:188} INFO - 🚀 Loading LAPTOPS data
[2026-02-13T04:14:03.109+0000] {logging_mixin.py:188} INFO - ✅ Laptops table refreshed successfully
[2026-02-13T04:14:03.110+0000] {processor.py:842} WARNING - No viable dags retrieved from /opt/airflow/dags/scripts/loaders/load_laptops.py
[2026-02-13T04:14:03.127+0000] {processor.py:183} INFO - Processing /opt/airflow/dags/scripts/loaders/load_laptops.py took 0.861 seconds
[2026-02-13T04:14:34.541+0000] {processor.py:161} INFO - Started process (PID=7293) to work on /opt/airflow/dags/scripts/loaders/load_laptops.py
[2026-02-13T04:14:34.543+0000] {processor.py:830} INFO - Processing file /opt/airflow/dags/scripts/loaders/load_laptops.py for tasks to queue
[2026-02-13T04:14:34.546+0000] {logging_mixin.py:188} INFO - [2026-02-13T04:14:34.545+0000] {dagbag.py:545} INFO - Filling up the DagBag from /opt/airflow/dags/scripts/loaders/load_laptops.py
[2026-02-13T04:14:35.202+0000] {logging_mixin.py:188} INFO - 🚀 Loading LAPTOPS data
[2026-02-13T04:14:35.393+0000] {logging_mixin.py:188} INFO - ✅ Laptops table refreshed successfully
[2026-02-13T04:14:35.394+0000] {processor.py:842} WARNING - No viable dags retrieved from /opt/airflow/dags/scripts/loaders/load_laptops.py
[2026-02-13T04:14:35.409+0000] {processor.py:183} INFO - Processing /opt/airflow/dags/scripts/loaders/load_laptops.py took 0.876 seconds
[2026-02-13T04:15:06.414+0000] {processor.py:161} INFO - Started process (PID=7322) to work on /opt/airflow/dags/scripts/loaders/load_laptops.py
[2026-02-13T04:15:06.416+0000] {processor.py:830} INFO - Processing file /opt/airflow/dags/scripts/loaders/load_laptops.py for tasks to queue
[2026-02-13T04:15:06.419+0000] {logging_mixin.py:188} INFO - [2026-02-13T04:15:06.418+0000] {dagbag.py:545} INFO - Filling up the DagBag from /opt/airflow/dags/scripts/loaders/load_laptops.py
[2026-02-13T04:15:07.067+0000] {logging_mixin.py:188} INFO - 🚀 Loading LAPTOPS data
[2026-02-13T04:15:07.236+0000] {logging_mixin.py:188} INFO - ✅ Laptops table refreshed successfully
[2026-02-13T04:15:07.237+0000] {processor.py:842} WARNING - No viable dags retrieved from /opt/airflow/dags/scripts/loaders/load_laptops.py
[2026-02-13T04:15:07.252+0000] {processor.py:183} INFO - Processing /opt/airflow/dags/scripts/loaders/load_laptops.py took 0.845 seconds
[2026-02-13T04:15:38.912+0000] {processor.py:161} INFO - Started process (PID=7351) to work on /opt/airflow/dags/scripts/loaders/load_laptops.py
[2026-02-13T04:15:38.915+0000] {processor.py:830} INFO - Processing file /opt/airflow/dags/scripts/loaders/load_laptops.py for tasks to queue
[2026-02-13T04:15:38.919+0000] {logging_mixin.py:188} INFO - [2026-02-13T04:15:38.918+0000] {dagbag.py:545} INFO - Filling up the DagBag from /opt/airflow/dags/scripts/loaders/load_laptops.py
[2026-02-13T04:15:39.707+0000] {logging_mixin.py:188} INFO - 🚀 Loading LAPTOPS data
[2026-02-13T04:15:39.946+0000] {logging_mixin.py:188} INFO - ✅ Laptops table refreshed successfully
[2026-02-13T04:15:39.947+0000] {processor.py:842} WARNING - No viable dags retrieved from /opt/airflow/dags/scripts/loaders/load_laptops.py
[2026-02-13T04:15:39.966+0000] {processor.py:183} INFO - Processing /opt/airflow/dags/scripts/loaders/load_laptops.py took 1.066 seconds
[2026-02-13T04:16:11.811+0000] {processor.py:161} INFO - Started process (PID=7379) to work on /opt/airflow/dags/scripts/loaders/load_laptops.py
[2026-02-13T04:16:11.813+0000] {processor.py:830} INFO - Processing file /opt/airflow/dags/scripts/loaders/load_laptops.py for tasks to queue
[2026-02-13T04:16:11.816+0000] {logging_mixin.py:188} INFO - [2026-02-13T04:16:11.816+0000] {dagbag.py:545} INFO - Filling up the DagBag from /opt/airflow/dags/scripts/loaders/load_laptops.py
[2026-02-13T04:16:12.497+0000] {logging_mixin.py:188} INFO - 🚀 Loading LAPTOPS data
[2026-02-13T04:16:12.745+0000] {logging_mixin.py:188} INFO - ✅ Laptops table refreshed successfully
[2026-02-13T04:16:12.746+0000] {processor.py:842} WARNING - No viable dags retrieved from /opt/airflow/dags/scripts/loaders/load_laptops.py
[2026-02-13T04:16:12.785+0000] {processor.py:183} INFO - Processing /opt/airflow/dags/scripts/loaders/load_laptops.py took 0.983 seconds
[2026-02-13T04:16:44.377+0000] {processor.py:161} INFO - Started process (PID=7409) to work on /opt/airflow/dags/scripts/loaders/load_laptops.py
[2026-02-13T04:16:44.378+0000] {processor.py:830} INFO - Processing file /opt/airflow/dags/scripts/loaders/load_laptops.py for tasks to queue
[2026-02-13T04:16:44.381+0000] {logging_mixin.py:188} INFO - [2026-02-13T04:16:44.381+0000] {dagbag.py:545} INFO - Filling up the DagBag from /opt/airflow/dags/scripts/loaders/load_laptops.py
[2026-02-13T04:16:45.022+0000] {logging_mixin.py:188} INFO - 🚀 Loading LAPTOPS data
[2026-02-13T04:16:45.273+0000] {logging_mixin.py:188} INFO - ✅ Laptops table refreshed successfully
[2026-02-13T04:16:45.273+0000] {processor.py:842} WARNING - No viable dags retrieved from /opt/airflow/dags/scripts/loaders/load_laptops.py
[2026-02-13T04:16:45.288+0000] {processor.py:183} INFO - Processing /opt/airflow/dags/scripts/loaders/load_laptops.py took 0.919 seconds
[2026-02-13T04:17:16.326+0000] {processor.py:161} INFO - Started process (PID=7438) to work on /opt/airflow/dags/scripts/loaders/load_laptops.py
[2026-02-13T04:17:16.329+0000] {processor.py:830} INFO - Processing file /opt/airflow/dags/scripts/loaders/load_laptops.py for tasks to queue
[2026-02-13T04:17:16.332+0000] {logging_mixin.py:188} INFO - [2026-02-13T04:17:16.332+0000] {dagbag.py:545} INFO - Filling up the DagBag from /opt/airflow/dags/scripts/loaders/load_laptops.py
[2026-02-13T04:17:16.924+0000] {logging_mixin.py:188} INFO - 🚀 Loading LAPTOPS data
[2026-02-13T04:17:17.137+0000] {logging_mixin.py:188} INFO - ✅ Laptops table refreshed successfully
[2026-02-13T04:17:17.138+0000] {processor.py:842} WARNING - No viable dags retrieved from /opt/airflow/dags/scripts/loaders/load_laptops.py
[2026-02-13T04:17:17.153+0000] {processor.py:183} INFO - Processing /opt/airflow/dags/scripts/loaders/load_laptops.py took 0.839 seconds
[2026-02-13T04:17:49.625+0000] {processor.py:161} INFO - Started process (PID=7467) to work on /opt/airflow/dags/scripts/loaders/load_laptops.py
[2026-02-13T04:17:49.626+0000] {processor.py:830} INFO - Processing file /opt/airflow/dags/scripts/loaders/load_laptops.py for tasks to queue
[2026-02-13T04:17:49.630+0000] {logging_mixin.py:188} INFO - [2026-02-13T04:17:49.629+0000] {dagbag.py:545} INFO - Filling up the DagBag from /opt/airflow/dags/scripts/loaders/load_laptops.py
[2026-02-13T04:17:50.333+0000] {logging_mixin.py:188} INFO - 🚀 Loading LAPTOPS data
[2026-02-13T04:17:50.536+0000] {logging_mixin.py:188} INFO - ✅ Laptops table refreshed successfully
[2026-02-13T04:17:50.537+0000] {processor.py:842} WARNING - No viable dags retrieved from /opt/airflow/dags/scripts/loaders/load_laptops.py
[2026-02-13T04:17:50.553+0000] {processor.py:183} INFO - Processing /opt/airflow/dags/scripts/loaders/load_laptops.py took 0.936 seconds
[2026-02-13T04:18:21.960+0000] {processor.py:161} INFO - Started process (PID=7496) to work on /opt/airflow/dags/scripts/loaders/load_laptops.py
[2026-02-13T04:18:21.962+0000] {processor.py:830} INFO - Processing file /opt/airflow/dags/scripts/loaders/load_laptops.py for tasks to queue
[2026-02-13T04:18:21.965+0000] {logging_mixin.py:188} INFO - [2026-02-13T04:18:21.964+0000] {dagbag.py:545} INFO - Filling up the DagBag from /opt/airflow/dags/scripts/loaders/load_laptops.py
[2026-02-13T04:18:22.613+0000] {logging_mixin.py:188} INFO - 🚀 Loading LAPTOPS data
[2026-02-13T04:18:22.799+0000] {logging_mixin.py:188} INFO - ✅ Laptops table refreshed successfully
[2026-02-13T04:18:22.801+0000] {processor.py:842} WARNING - No viable dags retrieved from /opt/airflow/dags/scripts/loaders/load_laptops.py
[2026-02-13T04:18:22.816+0000] {processor.py:183} INFO - Processing /opt/airflow/dags/scripts/loaders/load_laptops.py took 0.865 seconds
[2026-02-13T04:18:53.208+0000] {processor.py:161} INFO - Started process (PID=7525) to work on /opt/airflow/dags/scripts/loaders/load_laptops.py
[2026-02-13T04:18:53.210+0000] {processor.py:830} INFO - Processing file /opt/airflow/dags/scripts/loaders/load_laptops.py for tasks to queue
[2026-02-13T04:18:53.213+0000] {logging_mixin.py:188} INFO - [2026-02-13T04:18:53.213+0000] {dagbag.py:545} INFO - Filling up the DagBag from /opt/airflow/dags/scripts/loaders/load_laptops.py
[2026-02-13T04:18:53.849+0000] {logging_mixin.py:188} INFO - 🚀 Loading LAPTOPS data
[2026-02-13T04:18:54.034+0000] {logging_mixin.py:188} INFO - ✅ Laptops table refreshed successfully
[2026-02-13T04:18:54.035+0000] {processor.py:842} WARNING - No viable dags retrieved from /opt/airflow/dags/scripts/loaders/load_laptops.py
[2026-02-13T04:18:54.049+0000] {processor.py:183} INFO - Processing /opt/airflow/dags/scripts/loaders/load_laptops.py took 0.852 seconds
[2026-02-13T04:19:26.052+0000] {processor.py:161} INFO - Started process (PID=7554) to work on /opt/airflow/dags/scripts/loaders/load_laptops.py
[2026-02-13T04:19:26.055+0000] {processor.py:830} INFO - Processing file /opt/airflow/dags/scripts/loaders/load_laptops.py for tasks to queue
[2026-02-13T04:19:26.059+0000] {logging_mixin.py:188} INFO - [2026-02-13T04:19:26.058+0000] {dagbag.py:545} INFO - Filling up the DagBag from /opt/airflow/dags/scripts/loaders/load_laptops.py
[2026-02-13T04:19:26.741+0000] {logging_mixin.py:188} INFO - 🚀 Loading LAPTOPS data
[2026-02-13T04:19:26.914+0000] {logging_mixin.py:188} INFO - ✅ Laptops table refreshed successfully
[2026-02-13T04:19:26.915+0000] {processor.py:842} WARNING - No viable dags retrieved from /opt/airflow/dags/scripts/loaders/load_laptops.py
[2026-02-13T04:19:26.927+0000] {processor.py:183} INFO - Processing /opt/airflow/dags/scripts/loaders/load_laptops.py took 0.885 seconds
[2026-02-13T04:19:59.881+0000] {processor.py:161} INFO - Started process (PID=7583) to work on /opt/airflow/dags/scripts/loaders/load_laptops.py
[2026-02-13T04:19:59.883+0000] {processor.py:830} INFO - Processing file /opt/airflow/dags/scripts/loaders/load_laptops.py for tasks to queue
[2026-02-13T04:19:59.887+0000] {logging_mixin.py:188} INFO - [2026-02-13T04:19:59.886+0000] {dagbag.py:545} INFO - Filling up the DagBag from /opt/airflow/dags/scripts/loaders/load_laptops.py
[2026-02-13T04:20:00.533+0000] {logging_mixin.py:188} INFO - 🚀 Loading LAPTOPS data
[2026-02-13T04:20:00.724+0000] {logging_mixin.py:188} INFO - ✅ Laptops table refreshed successfully
[2026-02-13T04:20:00.725+0000] {processor.py:842} WARNING - No viable dags retrieved from /opt/airflow/dags/scripts/loaders/load_laptops.py
[2026-02-13T04:20:00.741+0000] {processor.py:183} INFO - Processing /opt/airflow/dags/scripts/loaders/load_laptops.py took 0.870 seconds
[2026-02-13T04:20:34.118+0000] {processor.py:161} INFO - Started process (PID=7612) to work on /opt/airflow/dags/scripts/loaders/load_laptops.py
[2026-02-13T04:20:34.120+0000] {processor.py:830} INFO - Processing file /opt/airflow/dags/scripts/loaders/load_laptops.py for tasks to queue
[2026-02-13T04:20:34.124+0000] {logging_mixin.py:188} INFO - [2026-02-13T04:20:34.123+0000] {dagbag.py:545} INFO - Filling up the DagBag from /opt/airflow/dags/scripts/loaders/load_laptops.py
[2026-02-13T04:20:34.872+0000] {logging_mixin.py:188} INFO - 🚀 Loading LAPTOPS data
[2026-02-13T04:20:35.080+0000] {logging_mixin.py:188} INFO - ✅ Laptops table refreshed successfully
[2026-02-13T04:20:35.081+0000] {processor.py:842} WARNING - No viable dags retrieved from /opt/airflow/dags/scripts/loaders/load_laptops.py
[2026-02-13T04:20:35.100+0000] {processor.py:183} INFO - Processing /opt/airflow/dags/scripts/loaders/load_laptops.py took 0.991 seconds
[2026-02-13T04:21:05.827+0000] {processor.py:161} INFO - Started process (PID=7641) to work on /opt/airflow/dags/scripts/loaders/load_laptops.py
[2026-02-13T04:21:05.828+0000] {processor.py:830} INFO - Processing file /opt/airflow/dags/scripts/loaders/load_laptops.py for tasks to queue
[2026-02-13T04:21:05.831+0000] {logging_mixin.py:188} INFO - [2026-02-13T04:21:05.830+0000] {dagbag.py:545} INFO - Filling up the DagBag from /opt/airflow/dags/scripts/loaders/load_laptops.py
[2026-02-13T04:21:06.439+0000] {logging_mixin.py:188} INFO - 🚀 Loading LAPTOPS data
[2026-02-13T04:21:06.654+0000] {logging_mixin.py:188} INFO - ✅ Laptops table refreshed successfully
[2026-02-13T04:21:06.655+0000] {processor.py:842} WARNING - No viable dags retrieved from /opt/airflow/dags/scripts/loaders/load_laptops.py
[2026-02-13T04:21:06.673+0000] {processor.py:183} INFO - Processing /opt/airflow/dags/scripts/loaders/load_laptops.py took 0.854 seconds
[2026-02-13T04:21:38.167+0000] {processor.py:161} INFO - Started process (PID=7670) to work on /opt/airflow/dags/scripts/loaders/load_laptops.py
[2026-02-13T04:21:38.169+0000] {processor.py:830} INFO - Processing file /opt/airflow/dags/scripts/loaders/load_laptops.py for tasks to queue
[2026-02-13T04:21:38.171+0000] {logging_mixin.py:188} INFO - [2026-02-13T04:21:38.171+0000] {dagbag.py:545} INFO - Filling up the DagBag from /opt/airflow/dags/scripts/loaders/load_laptops.py
[2026-02-13T04:21:38.833+0000] {logging_mixin.py:188} INFO - 🚀 Loading LAPTOPS data
[2026-02-13T04:21:39.025+0000] {logging_mixin.py:188} INFO - ✅ Laptops table refreshed successfully
[2026-02-13T04:21:39.026+0000] {processor.py:842} WARNING - No viable dags retrieved from /opt/airflow/dags/scripts/loaders/load_laptops.py
[2026-02-13T04:21:39.041+0000] {processor.py:183} INFO - Processing /opt/airflow/dags/scripts/loaders/load_laptops.py took 0.883 seconds
[2026-02-13T04:22:10.670+0000] {processor.py:161} INFO - Started process (PID=7699) to work on /opt/airflow/dags/scripts/loaders/load_laptops.py
[2026-02-13T04:22:10.672+0000] {processor.py:830} INFO - Processing file /opt/airflow/dags/scripts/loaders/load_laptops.py for tasks to queue
[2026-02-13T04:22:10.675+0000] {logging_mixin.py:188} INFO - [2026-02-13T04:22:10.674+0000] {dagbag.py:545} INFO - Filling up the DagBag from /opt/airflow/dags/scripts/loaders/load_laptops.py
[2026-02-13T04:22:11.314+0000] {logging_mixin.py:188} INFO - 🚀 Loading LAPTOPS data
[2026-02-13T04:22:11.480+0000] {logging_mixin.py:188} INFO - ✅ Laptops table refreshed successfully
[2026-02-13T04:22:11.480+0000] {processor.py:842} WARNING - No viable dags retrieved from /opt/airflow/dags/scripts/loaders/load_laptops.py
[2026-02-13T04:22:11.495+0000] {processor.py:183} INFO - Processing /opt/airflow/dags/scripts/loaders/load_laptops.py took 0.832 seconds
[2026-02-13T04:22:43.993+0000] {processor.py:161} INFO - Started process (PID=7728) to work on /opt/airflow/dags/scripts/loaders/load_laptops.py
[2026-02-13T04:22:43.995+0000] {processor.py:830} INFO - Processing file /opt/airflow/dags/scripts/loaders/load_laptops.py for tasks to queue
[2026-02-13T04:22:43.999+0000] {logging_mixin.py:188} INFO - [2026-02-13T04:22:43.998+0000] {dagbag.py:545} INFO - Filling up the DagBag from /opt/airflow/dags/scripts/loaders/load_laptops.py
[2026-02-13T04:22:44.642+0000] {logging_mixin.py:188} INFO - 🚀 Loading LAPTOPS data
[2026-02-13T04:22:44.835+0000] {logging_mixin.py:188} INFO - ✅ Laptops table refreshed successfully
[2026-02-13T04:22:44.836+0000] {processor.py:842} WARNING - No viable dags retrieved from /opt/airflow/dags/scripts/loaders/load_laptops.py
[2026-02-13T04:22:44.853+0000] {processor.py:183} INFO - Processing /opt/airflow/dags/scripts/loaders/load_laptops.py took 0.869 seconds
[2026-02-13T04:23:16.590+0000] {processor.py:161} INFO - Started process (PID=7757) to work on /opt/airflow/dags/scripts/loaders/load_laptops.py
[2026-02-13T04:23:16.592+0000] {processor.py:830} INFO - Processing file /opt/airflow/dags/scripts/loaders/load_laptops.py for tasks to queue
[2026-02-13T04:23:16.595+0000] {logging_mixin.py:188} INFO - [2026-02-13T04:23:16.594+0000] {dagbag.py:545} INFO - Filling up the DagBag from /opt/airflow/dags/scripts/loaders/load_laptops.py
[2026-02-13T04:23:17.237+0000] {logging_mixin.py:188} INFO - 🚀 Loading LAPTOPS data
[2026-02-13T04:23:17.418+0000] {logging_mixin.py:188} INFO - ✅ Laptops table refreshed successfully
[2026-02-13T04:23:17.419+0000] {processor.py:842} WARNING - No viable dags retrieved from /opt/airflow/dags/scripts/loaders/load_laptops.py
[2026-02-13T04:23:17.436+0000] {processor.py:183} INFO - Processing /opt/airflow/dags/scripts/loaders/load_laptops.py took 0.856 seconds
[2026-02-13T04:23:49.124+0000] {processor.py:161} INFO - Started process (PID=7786) to work on /opt/airflow/dags/scripts/loaders/load_laptops.py
[2026-02-13T04:23:49.126+0000] {processor.py:830} INFO - Processing file /opt/airflow/dags/scripts/loaders/load_laptops.py for tasks to queue
[2026-02-13T04:23:49.129+0000] {logging_mixin.py:188} INFO - [2026-02-13T04:23:49.129+0000] {dagbag.py:545} INFO - Filling up the DagBag from /opt/airflow/dags/scripts/loaders/load_laptops.py
[2026-02-13T04:23:49.785+0000] {logging_mixin.py:188} INFO - 🚀 Loading LAPTOPS data
[2026-02-13T04:23:49.998+0000] {logging_mixin.py:188} INFO - ✅ Laptops table refreshed successfully
[2026-02-13T04:23:49.999+0000] {processor.py:842} WARNING - No viable dags retrieved from /opt/airflow/dags/scripts/loaders/load_laptops.py
[2026-02-13T04:23:50.031+0000] {processor.py:183} INFO - Processing /opt/airflow/dags/scripts/loaders/load_laptops.py took 0.915 seconds
[2026-02-13T04:24:21.862+0000] {processor.py:161} INFO - Started process (PID=7815) to work on /opt/airflow/dags/scripts/loaders/load_laptops.py
[2026-02-13T04:24:21.864+0000] {processor.py:830} INFO - Processing file /opt/airflow/dags/scripts/loaders/load_laptops.py for tasks to queue
[2026-02-13T04:24:21.867+0000] {logging_mixin.py:188} INFO - [2026-02-13T04:24:21.867+0000] {dagbag.py:545} INFO - Filling up the DagBag from /opt/airflow/dags/scripts/loaders/load_laptops.py
[2026-02-13T04:24:22.614+0000] {logging_mixin.py:188} INFO - 🚀 Loading LAPTOPS data
[2026-02-13T04:24:22.810+0000] {logging_mixin.py:188} INFO - ✅ Laptops table refreshed successfully
[2026-02-13T04:24:22.811+0000] {processor.py:842} WARNING - No viable dags retrieved from /opt/airflow/dags/scripts/loaders/load_laptops.py
[2026-02-13T04:24:22.823+0000] {processor.py:183} INFO - Processing /opt/airflow/dags/scripts/loaders/load_laptops.py took 0.977 seconds
[2026-02-13T04:24:54.778+0000] {processor.py:161} INFO - Started process (PID=7844) to work on /opt/airflow/dags/scripts/loaders/load_laptops.py
[2026-02-13T04:24:54.781+0000] {processor.py:830} INFO - Processing file /opt/airflow/dags/scripts/loaders/load_laptops.py for tasks to queue
[2026-02-13T04:24:54.786+0000] {logging_mixin.py:188} INFO - [2026-02-13T04:24:54.785+0000] {dagbag.py:545} INFO - Filling up the DagBag from /opt/airflow/dags/scripts/loaders/load_laptops.py
[2026-02-13T04:24:55.647+0000] {logging_mixin.py:188} INFO - 🚀 Loading LAPTOPS data
[2026-02-13T04:24:55.803+0000] {logging_mixin.py:188} INFO - ✅ Laptops table refreshed successfully
[2026-02-13T04:24:55.804+0000] {processor.py:842} WARNING - No viable dags retrieved from /opt/airflow/dags/scripts/loaders/load_laptops.py
[2026-02-13T04:24:55.818+0000] {processor.py:183} INFO - Processing /opt/airflow/dags/scripts/loaders/load_laptops.py took 1.058 seconds
[2026-02-13T04:25:28.007+0000] {processor.py:161} INFO - Started process (PID=7875) to work on /opt/airflow/dags/scripts/loaders/load_laptops.py
[2026-02-13T04:25:28.009+0000] {processor.py:830} INFO - Processing file /opt/airflow/dags/scripts/loaders/load_laptops.py for tasks to queue
[2026-02-13T04:25:28.012+0000] {logging_mixin.py:188} INFO - [2026-02-13T04:25:28.012+0000] {dagbag.py:545} INFO - Filling up the DagBag from /opt/airflow/dags/scripts/loaders/load_laptops.py
[2026-02-13T04:25:28.585+0000] {logging_mixin.py:188} INFO - 🚀 Loading LAPTOPS data
[2026-02-13T04:25:28.771+0000] {logging_mixin.py:188} INFO - ✅ Laptops table refreshed successfully
[2026-02-13T04:25:28.772+0000] {processor.py:842} WARNING - No viable dags retrieved from /opt/airflow/dags/scripts/loaders/load_laptops.py
[2026-02-13T04:25:28.785+0000] {processor.py:183} INFO - Processing /opt/airflow/dags/scripts/loaders/load_laptops.py took 0.787 seconds
[2026-02-13T04:26:00.161+0000] {processor.py:161} INFO - Started process (PID=7901) to work on /opt/airflow/dags/scripts/loaders/load_laptops.py
[2026-02-13T04:26:00.163+0000] {processor.py:830} INFO - Processing file /opt/airflow/dags/scripts/loaders/load_laptops.py for tasks to queue
[2026-02-13T04:26:00.166+0000] {logging_mixin.py:188} INFO - [2026-02-13T04:26:00.165+0000] {dagbag.py:545} INFO - Filling up the DagBag from /opt/airflow/dags/scripts/loaders/load_laptops.py
[2026-02-13T04:26:00.829+0000] {logging_mixin.py:188} INFO - 🚀 Loading LAPTOPS data
[2026-02-13T04:26:01.033+0000] {logging_mixin.py:188} INFO - ✅ Laptops table refreshed successfully
[2026-02-13T04:26:01.034+0000] {processor.py:842} WARNING - No viable dags retrieved from /opt/airflow/dags/scripts/loaders/load_laptops.py
[2026-02-13T04:26:01.049+0000] {processor.py:183} INFO - Processing /opt/airflow/dags/scripts/loaders/load_laptops.py took 0.900 seconds
[2026-02-13T04:26:32.732+0000] {processor.py:161} INFO - Started process (PID=7931) to work on /opt/airflow/dags/scripts/loaders/load_laptops.py
[2026-02-13T04:26:32.734+0000] {processor.py:830} INFO - Processing file /opt/airflow/dags/scripts/loaders/load_laptops.py for tasks to queue
[2026-02-13T04:26:32.737+0000] {logging_mixin.py:188} INFO - [2026-02-13T04:26:32.737+0000] {dagbag.py:545} INFO - Filling up the DagBag from /opt/airflow/dags/scripts/loaders/load_laptops.py
[2026-02-13T04:26:33.449+0000] {logging_mixin.py:188} INFO - 🚀 Loading LAPTOPS data
[2026-02-13T04:26:33.635+0000] {logging_mixin.py:188} INFO - ✅ Laptops table refreshed successfully
[2026-02-13T04:26:33.636+0000] {processor.py:842} WARNING - No viable dags retrieved from /opt/airflow/dags/scripts/loaders/load_laptops.py
[2026-02-13T04:26:33.652+0000] {processor.py:183} INFO - Processing /opt/airflow/dags/scripts/loaders/load_laptops.py took 0.929 seconds
[2026-02-13T04:27:05.375+0000] {processor.py:161} INFO - Started process (PID=7960) to work on /opt/airflow/dags/scripts/loaders/load_laptops.py
[2026-02-13T04:27:05.377+0000] {processor.py:830} INFO - Processing file /opt/airflow/dags/scripts/loaders/load_laptops.py for tasks to queue
[2026-02-13T04:27:05.380+0000] {logging_mixin.py:188} INFO - [2026-02-13T04:27:05.380+0000] {dagbag.py:545} INFO - Filling up the DagBag from /opt/airflow/dags/scripts/loaders/load_laptops.py
[2026-02-13T04:27:06.060+0000] {logging_mixin.py:188} INFO - 🚀 Loading LAPTOPS data
[2026-02-13T04:27:06.239+0000] {logging_mixin.py:188} INFO - ✅ Laptops table refreshed successfully
[2026-02-13T04:27:06.240+0000] {processor.py:842} WARNING - No viable dags retrieved from /opt/airflow/dags/scripts/loaders/load_laptops.py
[2026-02-13T04:27:06.254+0000] {processor.py:183} INFO - Processing /opt/airflow/dags/scripts/loaders/load_laptops.py took 0.892 seconds
[2026-02-13T04:27:38.617+0000] {processor.py:161} INFO - Started process (PID=7989) to work on /opt/airflow/dags/scripts/loaders/load_laptops.py
[2026-02-13T04:27:38.619+0000] {processor.py:830} INFO - Processing file /opt/airflow/dags/scripts/loaders/load_laptops.py for tasks to queue
[2026-02-13T04:27:38.623+0000] {logging_mixin.py:188} INFO - [2026-02-13T04:27:38.622+0000] {dagbag.py:545} INFO - Filling up the DagBag from /opt/airflow/dags/scripts/loaders/load_laptops.py
[2026-02-13T04:27:39.255+0000] {logging_mixin.py:188} INFO - 🚀 Loading LAPTOPS data
[2026-02-13T04:27:39.422+0000] {logging_mixin.py:188} INFO - ✅ Laptops table refreshed successfully
[2026-02-13T04:27:39.422+0000] {processor.py:842} WARNING - No viable dags retrieved from /opt/airflow/dags/scripts/loaders/load_laptops.py
[2026-02-13T04:27:39.436+0000] {processor.py:183} INFO - Processing /opt/airflow/dags/scripts/loaders/load_laptops.py took 0.826 seconds
[2026-02-13T04:28:11.261+0000] {processor.py:161} INFO - Started process (PID=8018) to work on /opt/airflow/dags/scripts/loaders/load_laptops.py
[2026-02-13T04:28:11.263+0000] {processor.py:830} INFO - Processing file /opt/airflow/dags/scripts/loaders/load_laptops.py for tasks to queue
[2026-02-13T04:28:11.266+0000] {logging_mixin.py:188} INFO - [2026-02-13T04:28:11.265+0000] {dagbag.py:545} INFO - Filling up the DagBag from /opt/airflow/dags/scripts/loaders/load_laptops.py
[2026-02-13T04:28:11.955+0000] {logging_mixin.py:188} INFO - 🚀 Loading LAPTOPS data
[2026-02-13T04:28:12.210+0000] {logging_mixin.py:188} INFO - ✅ Laptops table refreshed successfully
[2026-02-13T04:28:12.212+0000] {processor.py:842} WARNING - No viable dags retrieved from /opt/airflow/dags/scripts/loaders/load_laptops.py
[2026-02-13T04:28:12.225+0000] {processor.py:183} INFO - Processing /opt/airflow/dags/scripts/loaders/load_laptops.py took 0.972 seconds
[2026-02-13T04:28:43.867+0000] {processor.py:161} INFO - Started process (PID=8047) to work on /opt/airflow/dags/scripts/loaders/load_laptops.py
[2026-02-13T04:28:43.869+0000] {processor.py:830} INFO - Processing file /opt/airflow/dags/scripts/loaders/load_laptops.py for tasks to queue
[2026-02-13T04:28:43.871+0000] {logging_mixin.py:188} INFO - [2026-02-13T04:28:43.871+0000] {dagbag.py:545} INFO - Filling up the DagBag from /opt/airflow/dags/scripts/loaders/load_laptops.py
[2026-02-13T04:28:44.528+0000] {logging_mixin.py:188} INFO - 🚀 Loading LAPTOPS data
[2026-02-13T04:28:44.699+0000] {logging_mixin.py:188} INFO - ✅ Laptops table refreshed successfully
[2026-02-13T04:28:44.700+0000] {processor.py:842} WARNING - No viable dags retrieved from /opt/airflow/dags/scripts/loaders/load_laptops.py
[2026-02-13T04:28:44.717+0000] {processor.py:183} INFO - Processing /opt/airflow/dags/scripts/loaders/load_laptops.py took 0.858 seconds
[2026-02-13T04:29:16.310+0000] {processor.py:161} INFO - Started process (PID=8076) to work on /opt/airflow/dags/scripts/loaders/load_laptops.py
[2026-02-13T04:29:16.312+0000] {processor.py:830} INFO - Processing file /opt/airflow/dags/scripts/loaders/load_laptops.py for tasks to queue
[2026-02-13T04:29:16.315+0000] {logging_mixin.py:188} INFO - [2026-02-13T04:29:16.314+0000] {dagbag.py:545} INFO - Filling up the DagBag from /opt/airflow/dags/scripts/loaders/load_laptops.py
[2026-02-13T04:29:16.951+0000] {logging_mixin.py:188} INFO - 🚀 Loading LAPTOPS data
[2026-02-13T04:29:17.155+0000] {logging_mixin.py:188} INFO - ✅ Laptops table refreshed successfully
[2026-02-13T04:29:17.156+0000] {processor.py:842} WARNING - No viable dags retrieved from /opt/airflow/dags/scripts/loaders/load_laptops.py
[2026-02-13T04:29:17.174+0000] {processor.py:183} INFO - Processing /opt/airflow/dags/scripts/loaders/load_laptops.py took 0.871 seconds
[2026-02-13T04:29:49.930+0000] {processor.py:161} INFO - Started process (PID=8105) to work on /opt/airflow/dags/scripts/loaders/load_laptops.py
[2026-02-13T04:29:49.932+0000] {processor.py:830} INFO - Processing file /opt/airflow/dags/scripts/loaders/load_laptops.py for tasks to queue
[2026-02-13T04:29:49.936+0000] {logging_mixin.py:188} INFO - [2026-02-13T04:29:49.935+0000] {dagbag.py:545} INFO - Filling up the DagBag from /opt/airflow/dags/scripts/loaders/load_laptops.py
[2026-02-13T04:29:50.601+0000] {logging_mixin.py:188} INFO - 🚀 Loading LAPTOPS data
[2026-02-13T04:29:50.826+0000] {logging_mixin.py:188} INFO - ✅ Laptops table refreshed successfully
[2026-02-13T04:29:50.828+0000] {processor.py:842} WARNING - No viable dags retrieved from /opt/airflow/dags/scripts/loaders/load_laptops.py
[2026-02-13T04:29:50.853+0000] {processor.py:183} INFO - Processing /opt/airflow/dags/scripts/loaders/load_laptops.py took 0.933 seconds
[2026-02-13T04:30:22.273+0000] {processor.py:161} INFO - Started process (PID=8134) to work on /opt/airflow/dags/scripts/loaders/load_laptops.py
[2026-02-13T04:30:22.275+0000] {processor.py:830} INFO - Processing file /opt/airflow/dags/scripts/loaders/load_laptops.py for tasks to queue
[2026-02-13T04:30:22.278+0000] {logging_mixin.py:188} INFO - [2026-02-13T04:30:22.278+0000] {dagbag.py:545} INFO - Filling up the DagBag from /opt/airflow/dags/scripts/loaders/load_laptops.py
[2026-02-13T04:30:22.955+0000] {logging_mixin.py:188} INFO - 🚀 Loading LAPTOPS data
[2026-02-13T04:30:23.149+0000] {logging_mixin.py:188} INFO - ✅ Laptops table refreshed successfully
[2026-02-13T04:30:23.151+0000] {processor.py:842} WARNING - No viable dags retrieved from /opt/airflow/dags/scripts/loaders/load_laptops.py
[2026-02-13T04:30:23.165+0000] {processor.py:183} INFO - Processing /opt/airflow/dags/scripts/loaders/load_laptops.py took 0.899 seconds
[2026-02-13T04:30:54.993+0000] {processor.py:161} INFO - Started process (PID=8163) to work on /opt/airflow/dags/scripts/loaders/load_laptops.py
[2026-02-13T04:30:54.995+0000] {processor.py:830} INFO - Processing file /opt/airflow/dags/scripts/loaders/load_laptops.py for tasks to queue
[2026-02-13T04:30:54.998+0000] {logging_mixin.py:188} INFO - [2026-02-13T04:30:54.998+0000] {dagbag.py:545} INFO - Filling up the DagBag from /opt/airflow/dags/scripts/loaders/load_laptops.py
[2026-02-13T04:30:55.664+0000] {logging_mixin.py:188} INFO - 🚀 Loading LAPTOPS data
[2026-02-13T04:30:55.870+0000] {logging_mixin.py:188} INFO - ✅ Laptops table refreshed successfully
[2026-02-13T04:30:55.871+0000] {processor.py:842} WARNING - No viable dags retrieved from /opt/airflow/dags/scripts/loaders/load_laptops.py
[2026-02-13T04:30:55.889+0000] {processor.py:183} INFO - Processing /opt/airflow/dags/scripts/loaders/load_laptops.py took 0.903 seconds
[2026-02-13T04:31:28.431+0000] {processor.py:161} INFO - Started process (PID=8192) to work on /opt/airflow/dags/scripts/loaders/load_laptops.py
[2026-02-13T04:31:28.433+0000] {processor.py:830} INFO - Processing file /opt/airflow/dags/scripts/loaders/load_laptops.py for tasks to queue
[2026-02-13T04:31:28.439+0000] {logging_mixin.py:188} INFO - [2026-02-13T04:31:28.438+0000] {dagbag.py:545} INFO - Filling up the DagBag from /opt/airflow/dags/scripts/loaders/load_laptops.py
[2026-02-13T04:31:29.025+0000] {logging_mixin.py:188} INFO - 🚀 Loading LAPTOPS data
[2026-02-13T04:31:29.214+0000] {logging_mixin.py:188} INFO - ✅ Laptops table refreshed successfully
[2026-02-13T04:31:29.216+0000] {processor.py:842} WARNING - No viable dags retrieved from /opt/airflow/dags/scripts/loaders/load_laptops.py
[2026-02-13T04:31:29.234+0000] {processor.py:183} INFO - Processing /opt/airflow/dags/scripts/loaders/load_laptops.py took 0.812 seconds
[2026-02-13T04:32:00.489+0000] {processor.py:161} INFO - Started process (PID=8221) to work on /opt/airflow/dags/scripts/loaders/load_laptops.py
[2026-02-13T04:32:00.491+0000] {processor.py:830} INFO - Processing file /opt/airflow/dags/scripts/loaders/load_laptops.py for tasks to queue
[2026-02-13T04:32:00.494+0000] {logging_mixin.py:188} INFO - [2026-02-13T04:32:00.493+0000] {dagbag.py:545} INFO - Filling up the DagBag from /opt/airflow/dags/scripts/loaders/load_laptops.py
[2026-02-13T04:32:01.250+0000] {logging_mixin.py:188} INFO - 🚀 Loading LAPTOPS data
[2026-02-13T04:32:01.634+0000] {logging_mixin.py:188} INFO - ✅ Laptops table refreshed successfully
[2026-02-13T04:32:01.635+0000] {processor.py:842} WARNING - No viable dags retrieved from /opt/airflow/dags/scripts/loaders/load_laptops.py
[2026-02-13T04:32:01.650+0000] {processor.py:183} INFO - Processing /opt/airflow/dags/scripts/loaders/load_laptops.py took 1.170 seconds
[2026-02-13T04:32:33.298+0000] {processor.py:161} INFO - Started process (PID=8249) to work on /opt/airflow/dags/scripts/loaders/load_laptops.py
[2026-02-13T04:32:33.303+0000] {processor.py:830} INFO - Processing file /opt/airflow/dags/scripts/loaders/load_laptops.py for tasks to queue
[2026-02-13T04:32:33.312+0000] {logging_mixin.py:188} INFO - [2026-02-13T04:32:33.310+0000] {dagbag.py:545} INFO - Filling up the DagBag from /opt/airflow/dags/scripts/loaders/load_laptops.py
[2026-02-13T04:32:34.103+0000] {logging_mixin.py:188} INFO - 🚀 Loading LAPTOPS data
[2026-02-13T04:32:34.329+0000] {logging_mixin.py:188} INFO - ✅ Laptops table refreshed successfully
[2026-02-13T04:32:34.330+0000] {processor.py:842} WARNING - No viable dags retrieved from /opt/airflow/dags/scripts/loaders/load_laptops.py
[2026-02-13T04:32:34.346+0000] {processor.py:183} INFO - Processing /opt/airflow/dags/scripts/loaders/load_laptops.py took 1.068 seconds
[2026-02-13T04:33:06.489+0000] {processor.py:161} INFO - Started process (PID=8279) to work on /opt/airflow/dags/scripts/loaders/load_laptops.py
[2026-02-13T04:33:06.491+0000] {processor.py:830} INFO - Processing file /opt/airflow/dags/scripts/loaders/load_laptops.py for tasks to queue
[2026-02-13T04:33:06.495+0000] {logging_mixin.py:188} INFO - [2026-02-13T04:33:06.494+0000] {dagbag.py:545} INFO - Filling up the DagBag from /opt/airflow/dags/scripts/loaders/load_laptops.py
[2026-02-13T04:33:07.177+0000] {logging_mixin.py:188} INFO - 🚀 Loading LAPTOPS data
[2026-02-13T04:33:07.396+0000] {logging_mixin.py:188} INFO - ✅ Laptops table refreshed successfully
[2026-02-13T04:33:07.397+0000] {processor.py:842} WARNING - No viable dags retrieved from /opt/airflow/dags/scripts/loaders/load_laptops.py
[2026-02-13T04:33:07.417+0000] {processor.py:183} INFO - Processing /opt/airflow/dags/scripts/loaders/load_laptops.py took 0.936 seconds
[2026-02-13T04:33:38.969+0000] {processor.py:161} INFO - Started process (PID=8308) to work on /opt/airflow/dags/scripts/loaders/load_laptops.py
[2026-02-13T04:33:38.971+0000] {processor.py:830} INFO - Processing file /opt/airflow/dags/scripts/loaders/load_laptops.py for tasks to queue
[2026-02-13T04:33:38.975+0000] {logging_mixin.py:188} INFO - [2026-02-13T04:33:38.974+0000] {dagbag.py:545} INFO - Filling up the DagBag from /opt/airflow/dags/scripts/loaders/load_laptops.py
[2026-02-13T04:33:39.556+0000] {logging_mixin.py:188} INFO - 🚀 Loading LAPTOPS data
[2026-02-13T04:33:39.764+0000] {logging_mixin.py:188} INFO - ✅ Laptops table refreshed successfully
[2026-02-13T04:33:39.765+0000] {processor.py:842} WARNING - No viable dags retrieved from /opt/airflow/dags/scripts/loaders/load_laptops.py
[2026-02-13T04:33:39.782+0000] {processor.py:183} INFO - Processing /opt/airflow/dags/scripts/loaders/load_laptops.py took 0.824 seconds
[2026-02-13T04:34:12.080+0000] {processor.py:161} INFO - Started process (PID=8337) to work on /opt/airflow/dags/scripts/loaders/load_laptops.py
[2026-02-13T04:34:12.082+0000] {processor.py:830} INFO - Processing file /opt/airflow/dags/scripts/loaders/load_laptops.py for tasks to queue
[2026-02-13T04:34:12.086+0000] {logging_mixin.py:188} INFO - [2026-02-13T04:34:12.085+0000] {dagbag.py:545} INFO - Filling up the DagBag from /opt/airflow/dags/scripts/loaders/load_laptops.py
[2026-02-13T04:34:12.742+0000] {logging_mixin.py:188} INFO - 🚀 Loading LAPTOPS data
[2026-02-13T04:34:12.926+0000] {logging_mixin.py:188} INFO - ✅ Laptops table refreshed successfully
[2026-02-13T04:34:12.927+0000] {processor.py:842} WARNING - No viable dags retrieved from /opt/airflow/dags/scripts/loaders/load_laptops.py
[2026-02-13T04:34:12.940+0000] {processor.py:183} INFO - Processing /opt/airflow/dags/scripts/loaders/load_laptops.py took 0.870 seconds
[2026-02-13T04:34:44.597+0000] {processor.py:161} INFO - Started process (PID=8366) to work on /opt/airflow/dags/scripts/loaders/load_laptops.py
[2026-02-13T04:34:44.598+0000] {processor.py:830} INFO - Processing file /opt/airflow/dags/scripts/loaders/load_laptops.py for tasks to queue
[2026-02-13T04:34:44.602+0000] {logging_mixin.py:188} INFO - [2026-02-13T04:34:44.601+0000] {dagbag.py:545} INFO - Filling up the DagBag from /opt/airflow/dags/scripts/loaders/load_laptops.py
[2026-02-13T04:34:45.227+0000] {logging_mixin.py:188} INFO - 🚀 Loading LAPTOPS data
[2026-02-13T04:34:45.402+0000] {logging_mixin.py:188} INFO - ✅ Laptops table refreshed successfully
[2026-02-13T04:34:45.403+0000] {processor.py:842} WARNING - No viable dags retrieved from /opt/airflow/dags/scripts/loaders/load_laptops.py
[2026-02-13T04:34:45.420+0000] {processor.py:183} INFO - Processing /opt/airflow/dags/scripts/loaders/load_laptops.py took 0.832 seconds
[2026-02-13T04:35:16.862+0000] {processor.py:161} INFO - Started process (PID=8395) to work on /opt/airflow/dags/scripts/loaders/load_laptops.py
[2026-02-13T04:35:16.865+0000] {processor.py:830} INFO - Processing file /opt/airflow/dags/scripts/loaders/load_laptops.py for tasks to queue
[2026-02-13T04:35:16.869+0000] {logging_mixin.py:188} INFO - [2026-02-13T04:35:16.868+0000] {dagbag.py:545} INFO - Filling up the DagBag from /opt/airflow/dags/scripts/loaders/load_laptops.py
[2026-02-13T04:35:17.668+0000] {logging_mixin.py:188} INFO - 🚀 Loading LAPTOPS data
[2026-02-13T04:35:17.896+0000] {logging_mixin.py:188} INFO - ✅ Laptops table refreshed successfully
[2026-02-13T04:35:17.897+0000] {processor.py:842} WARNING - No viable dags retrieved from /opt/airflow/dags/scripts/loaders/load_laptops.py
[2026-02-13T04:35:17.929+0000] {processor.py:183} INFO - Processing /opt/airflow/dags/scripts/loaders/load_laptops.py took 1.076 seconds
[2026-02-13T04:35:49.711+0000] {processor.py:161} INFO - Started process (PID=8424) to work on /opt/airflow/dags/scripts/loaders/load_laptops.py
[2026-02-13T04:35:49.713+0000] {processor.py:830} INFO - Processing file /opt/airflow/dags/scripts/loaders/load_laptops.py for tasks to queue
[2026-02-13T04:35:49.717+0000] {logging_mixin.py:188} INFO - [2026-02-13T04:35:49.716+0000] {dagbag.py:545} INFO - Filling up the DagBag from /opt/airflow/dags/scripts/loaders/load_laptops.py
[2026-02-13T04:35:50.383+0000] {logging_mixin.py:188} INFO - 🚀 Loading LAPTOPS data
[2026-02-13T04:35:50.563+0000] {logging_mixin.py:188} INFO - ✅ Laptops table refreshed successfully
[2026-02-13T04:35:50.564+0000] {processor.py:842} WARNING - No viable dags retrieved from /opt/airflow/dags/scripts/loaders/load_laptops.py
[2026-02-13T04:35:50.579+0000] {processor.py:183} INFO - Processing /opt/airflow/dags/scripts/loaders/load_laptops.py took 0.878 seconds
[2026-02-13T04:36:22.405+0000] {processor.py:161} INFO - Started process (PID=8453) to work on /opt/airflow/dags/scripts/loaders/load_laptops.py
[2026-02-13T04:36:22.408+0000] {processor.py:830} INFO - Processing file /opt/airflow/dags/scripts/loaders/load_laptops.py for tasks to queue
[2026-02-13T04:36:22.411+0000] {logging_mixin.py:188} INFO - [2026-02-13T04:36:22.410+0000] {dagbag.py:545} INFO - Filling up the DagBag from /opt/airflow/dags/scripts/loaders/load_laptops.py
[2026-02-13T04:36:23.050+0000] {logging_mixin.py:188} INFO - 🚀 Loading LAPTOPS data
[2026-02-13T04:36:23.232+0000] {logging_mixin.py:188} INFO - ✅ Laptops table refreshed successfully
[2026-02-13T04:36:23.233+0000] {processor.py:842} WARNING - No viable dags retrieved from /opt/airflow/dags/scripts/loaders/load_laptops.py
[2026-02-13T04:36:23.250+0000] {processor.py:183} INFO - Processing /opt/airflow/dags/scripts/loaders/load_laptops.py took 0.856 seconds
[2026-02-13T04:36:56.398+0000] {processor.py:161} INFO - Started process (PID=8484) to work on /opt/airflow/dags/scripts/loaders/load_laptops.py
[2026-02-13T04:36:56.400+0000] {processor.py:830} INFO - Processing file /opt/airflow/dags/scripts/loaders/load_laptops.py for tasks to queue
[2026-02-13T04:36:56.402+0000] {logging_mixin.py:188} INFO - [2026-02-13T04:36:56.402+0000] {dagbag.py:545} INFO - Filling up the DagBag from /opt/airflow/dags/scripts/loaders/load_laptops.py
[2026-02-13T04:36:56.962+0000] {logging_mixin.py:188} INFO - 🚀 Loading LAPTOPS data
[2026-02-13T04:36:57.142+0000] {logging_mixin.py:188} INFO - ✅ Laptops table refreshed successfully
[2026-02-13T04:36:57.144+0000] {processor.py:842} WARNING - No viable dags retrieved from /opt/airflow/dags/scripts/loaders/load_laptops.py
[2026-02-13T04:36:57.160+0000] {processor.py:183} INFO - Processing /opt/airflow/dags/scripts/loaders/load_laptops.py took 0.770 seconds
[2026-02-13T04:37:28.389+0000] {processor.py:161} INFO - Started process (PID=8516) to work on /opt/airflow/dags/scripts/loaders/load_laptops.py
[2026-02-13T04:37:28.390+0000] {processor.py:830} INFO - Processing file /opt/airflow/dags/scripts/loaders/load_laptops.py for tasks to queue
[2026-02-13T04:37:28.393+0000] {logging_mixin.py:188} INFO - [2026-02-13T04:37:28.392+0000] {dagbag.py:545} INFO - Filling up the DagBag from /opt/airflow/dags/scripts/loaders/load_laptops.py
[2026-02-13T04:37:29.022+0000] {logging_mixin.py:188} INFO - 🚀 Loading LAPTOPS data
[2026-02-13T04:37:29.267+0000] {logging_mixin.py:188} INFO - ✅ Laptops table refreshed successfully
[2026-02-13T04:37:29.268+0000] {processor.py:842} WARNING - No viable dags retrieved from /opt/airflow/dags/scripts/loaders/load_laptops.py
[2026-02-13T04:37:29.287+0000] {processor.py:183} INFO - Processing /opt/airflow/dags/scripts/loaders/load_laptops.py took 0.907 seconds
[2026-02-13T04:38:00.939+0000] {processor.py:161} INFO - Started process (PID=8540) to work on /opt/airflow/dags/scripts/loaders/load_laptops.py
[2026-02-13T04:38:00.942+0000] {processor.py:830} INFO - Processing file /opt/airflow/dags/scripts/loaders/load_laptops.py for tasks to queue
[2026-02-13T04:38:00.945+0000] {logging_mixin.py:188} INFO - [2026-02-13T04:38:00.945+0000] {dagbag.py:545} INFO - Filling up the DagBag from /opt/airflow/dags/scripts/loaders/load_laptops.py
[2026-02-13T04:38:01.587+0000] {logging_mixin.py:188} INFO - 🚀 Loading LAPTOPS data
[2026-02-13T04:38:01.768+0000] {logging_mixin.py:188} INFO - ✅ Laptops table refreshed successfully
[2026-02-13T04:38:01.769+0000] {processor.py:842} WARNING - No viable dags retrieved from /opt/airflow/dags/scripts/loaders/load_laptops.py
[2026-02-13T04:38:01.783+0000] {processor.py:183} INFO - Processing /opt/airflow/dags/scripts/loaders/load_laptops.py took 0.854 seconds
[2026-02-13T04:38:34.380+0000] {processor.py:161} INFO - Started process (PID=8569) to work on /opt/airflow/dags/scripts/loaders/load_laptops.py
[2026-02-13T04:38:34.382+0000] {processor.py:830} INFO - Processing file /opt/airflow/dags/scripts/loaders/load_laptops.py for tasks to queue
[2026-02-13T04:38:34.385+0000] {logging_mixin.py:188} INFO - [2026-02-13T04:38:34.385+0000] {dagbag.py:545} INFO - Filling up the DagBag from /opt/airflow/dags/scripts/loaders/load_laptops.py
[2026-02-13T04:38:34.969+0000] {logging_mixin.py:188} INFO - 🚀 Loading LAPTOPS data
[2026-02-13T04:38:35.182+0000] {logging_mixin.py:188} INFO - ✅ Laptops table refreshed successfully
[2026-02-13T04:38:35.183+0000] {processor.py:842} WARNING - No viable dags retrieved from /opt/airflow/dags/scripts/loaders/load_laptops.py
[2026-02-13T04:38:35.200+0000] {processor.py:183} INFO - Processing /opt/airflow/dags/scripts/loaders/load_laptops.py took 0.828 seconds
[2026-02-13T04:39:07.116+0000] {processor.py:161} INFO - Started process (PID=8598) to work on /opt/airflow/dags/scripts/loaders/load_laptops.py
[2026-02-13T04:39:07.118+0000] {processor.py:830} INFO - Processing file /opt/airflow/dags/scripts/loaders/load_laptops.py for tasks to queue
[2026-02-13T04:39:07.121+0000] {logging_mixin.py:188} INFO - [2026-02-13T04:39:07.121+0000] {dagbag.py:545} INFO - Filling up the DagBag from /opt/airflow/dags/scripts/loaders/load_laptops.py
[2026-02-13T04:39:07.775+0000] {logging_mixin.py:188} INFO - 🚀 Loading LAPTOPS data
[2026-02-13T04:39:07.967+0000] {logging_mixin.py:188} INFO - ✅ Laptops table refreshed successfully
[2026-02-13T04:39:07.968+0000] {processor.py:842} WARNING - No viable dags retrieved from /opt/airflow/dags/scripts/loaders/load_laptops.py
[2026-02-13T04:39:07.987+0000] {processor.py:183} INFO - Processing /opt/airflow/dags/scripts/loaders/load_laptops.py took 0.879 seconds
[2026-02-13T04:39:39.463+0000] {processor.py:161} INFO - Started process (PID=8627) to work on /opt/airflow/dags/scripts/loaders/load_laptops.py
[2026-02-13T04:39:39.465+0000] {processor.py:830} INFO - Processing file /opt/airflow/dags/scripts/loaders/load_laptops.py for tasks to queue
[2026-02-13T04:39:39.467+0000] {logging_mixin.py:188} INFO - [2026-02-13T04:39:39.467+0000] {dagbag.py:545} INFO - Filling up the DagBag from /opt/airflow/dags/scripts/loaders/load_laptops.py
[2026-02-13T04:39:40.080+0000] {logging_mixin.py:188} INFO - 🚀 Loading LAPTOPS data
[2026-02-13T04:39:40.254+0000] {logging_mixin.py:188} INFO - ✅ Laptops table refreshed successfully
[2026-02-13T04:39:40.255+0000] {processor.py:842} WARNING - No viable dags retrieved from /opt/airflow/dags/scripts/loaders/load_laptops.py
[2026-02-13T04:39:40.274+0000] {processor.py:183} INFO - Processing /opt/airflow/dags/scripts/loaders/load_laptops.py took 0.820 seconds
[2026-02-13T04:40:12.954+0000] {processor.py:161} INFO - Started process (PID=8656) to work on /opt/airflow/dags/scripts/loaders/load_laptops.py
[2026-02-13T04:40:12.957+0000] {processor.py:830} INFO - Processing file /opt/airflow/dags/scripts/loaders/load_laptops.py for tasks to queue
[2026-02-13T04:40:12.961+0000] {logging_mixin.py:188} INFO - [2026-02-13T04:40:12.961+0000] {dagbag.py:545} INFO - Filling up the DagBag from /opt/airflow/dags/scripts/loaders/load_laptops.py
[2026-02-13T04:40:13.598+0000] {logging_mixin.py:188} INFO - 🚀 Loading LAPTOPS data
[2026-02-13T04:40:13.787+0000] {logging_mixin.py:188} INFO - ✅ Laptops table refreshed successfully
[2026-02-13T04:40:13.789+0000] {processor.py:842} WARNING - No viable dags retrieved from /opt/airflow/dags/scripts/loaders/load_laptops.py
[2026-02-13T04:40:13.804+0000] {processor.py:183} INFO - Processing /opt/airflow/dags/scripts/loaders/load_laptops.py took 0.859 seconds
[2026-02-13T04:40:45.398+0000] {processor.py:161} INFO - Started process (PID=8685) to work on /opt/airflow/dags/scripts/loaders/load_laptops.py
[2026-02-13T04:40:45.400+0000] {processor.py:830} INFO - Processing file /opt/airflow/dags/scripts/loaders/load_laptops.py for tasks to queue
[2026-02-13T04:40:45.403+0000] {logging_mixin.py:188} INFO - [2026-02-13T04:40:45.402+0000] {dagbag.py:545} INFO - Filling up the DagBag from /opt/airflow/dags/scripts/loaders/load_laptops.py
[2026-02-13T04:40:46.009+0000] {logging_mixin.py:188} INFO - 🚀 Loading LAPTOPS data
[2026-02-13T04:40:46.218+0000] {logging_mixin.py:188} INFO - ✅ Laptops table refreshed successfully
[2026-02-13T04:40:46.219+0000] {processor.py:842} WARNING - No viable dags retrieved from /opt/airflow/dags/scripts/loaders/load_laptops.py
[2026-02-13T04:40:46.236+0000] {processor.py:183} INFO - Processing /opt/airflow/dags/scripts/loaders/load_laptops.py took 0.846 seconds
[2026-02-13T04:41:17.795+0000] {processor.py:161} INFO - Started process (PID=8714) to work on /opt/airflow/dags/scripts/loaders/load_laptops.py
[2026-02-13T04:41:17.797+0000] {processor.py:830} INFO - Processing file /opt/airflow/dags/scripts/loaders/load_laptops.py for tasks to queue
[2026-02-13T04:41:17.800+0000] {logging_mixin.py:188} INFO - [2026-02-13T04:41:17.799+0000] {dagbag.py:545} INFO - Filling up the DagBag from /opt/airflow/dags/scripts/loaders/load_laptops.py
[2026-02-13T04:41:18.480+0000] {logging_mixin.py:188} INFO - 🚀 Loading LAPTOPS data
[2026-02-13T04:41:18.671+0000] {logging_mixin.py:188} INFO - ✅ Laptops table refreshed successfully
[2026-02-13T04:41:18.672+0000] {processor.py:842} WARNING - No viable dags retrieved from /opt/airflow/dags/scripts/loaders/load_laptops.py
[2026-02-13T04:41:18.686+0000] {processor.py:183} INFO - Processing /opt/airflow/dags/scripts/loaders/load_laptops.py took 0.899 seconds
[2026-02-13T04:41:51.774+0000] {processor.py:161} INFO - Started process (PID=8743) to work on /opt/airflow/dags/scripts/loaders/load_laptops.py
[2026-02-13T04:41:51.778+0000] {processor.py:830} INFO - Processing file /opt/airflow/dags/scripts/loaders/load_laptops.py for tasks to queue
[2026-02-13T04:41:51.788+0000] {logging_mixin.py:188} INFO - [2026-02-13T04:41:51.787+0000] {dagbag.py:545} INFO - Filling up the DagBag from /opt/airflow/dags/scripts/loaders/load_laptops.py
[2026-02-13T04:41:52.745+0000] {logging_mixin.py:188} INFO - 🚀 Loading LAPTOPS data
[2026-02-13T04:41:53.032+0000] {logging_mixin.py:188} INFO - ✅ Laptops table refreshed successfully
[2026-02-13T04:41:53.033+0000] {processor.py:842} WARNING - No viable dags retrieved from /opt/airflow/dags/scripts/loaders/load_laptops.py
[2026-02-13T04:41:53.063+0000] {processor.py:183} INFO - Processing /opt/airflow/dags/scripts/loaders/load_laptops.py took 1.301 seconds
[2026-02-13T04:42:24.297+0000] {processor.py:161} INFO - Started process (PID=8777) to work on /opt/airflow/dags/scripts/loaders/load_laptops.py
[2026-02-13T04:42:24.298+0000] {processor.py:830} INFO - Processing file /opt/airflow/dags/scripts/loaders/load_laptops.py for tasks to queue
[2026-02-13T04:42:24.301+0000] {logging_mixin.py:188} INFO - [2026-02-13T04:42:24.300+0000] {dagbag.py:545} INFO - Filling up the DagBag from /opt/airflow/dags/scripts/loaders/load_laptops.py
[2026-02-13T04:42:24.873+0000] {logging_mixin.py:188} INFO - 🚀 Loading LAPTOPS data
[2026-02-13T04:42:25.130+0000] {logging_mixin.py:188} INFO - ✅ Laptops table refreshed successfully
[2026-02-13T04:42:25.132+0000] {processor.py:842} WARNING - No viable dags retrieved from /opt/airflow/dags/scripts/loaders/load_laptops.py
[2026-02-13T04:42:25.164+0000] {processor.py:183} INFO - Processing /opt/airflow/dags/scripts/loaders/load_laptops.py took 0.876 seconds
[2026-02-13T04:42:56.838+0000] {processor.py:161} INFO - Started process (PID=8801) to work on /opt/airflow/dags/scripts/loaders/load_laptops.py
[2026-02-13T04:42:56.840+0000] {processor.py:830} INFO - Processing file /opt/airflow/dags/scripts/loaders/load_laptops.py for tasks to queue
[2026-02-13T04:42:56.843+0000] {logging_mixin.py:188} INFO - [2026-02-13T04:42:56.843+0000] {dagbag.py:545} INFO - Filling up the DagBag from /opt/airflow/dags/scripts/loaders/load_laptops.py
[2026-02-13T04:42:57.557+0000] {logging_mixin.py:188} INFO - 🚀 Loading LAPTOPS data
[2026-02-13T04:42:57.808+0000] {logging_mixin.py:188} INFO - ✅ Laptops table refreshed successfully
[2026-02-13T04:42:57.809+0000] {processor.py:842} WARNING - No viable dags retrieved from /opt/airflow/dags/scripts/loaders/load_laptops.py
[2026-02-13T04:42:57.825+0000] {processor.py:183} INFO - Processing /opt/airflow/dags/scripts/loaders/load_laptops.py took 0.995 seconds
[2026-02-13T04:43:29.782+0000] {processor.py:161} INFO - Started process (PID=8830) to work on /opt/airflow/dags/scripts/loaders/load_laptops.py
[2026-02-13T04:43:29.784+0000] {processor.py:830} INFO - Processing file /opt/airflow/dags/scripts/loaders/load_laptops.py for tasks to queue
[2026-02-13T04:43:29.787+0000] {logging_mixin.py:188} INFO - [2026-02-13T04:43:29.787+0000] {dagbag.py:545} INFO - Filling up the DagBag from /opt/airflow/dags/scripts/loaders/load_laptops.py
[2026-02-13T04:43:30.467+0000] {logging_mixin.py:188} INFO - 🚀 Loading LAPTOPS data
[2026-02-13T04:43:30.651+0000] {logging_mixin.py:188} INFO - ✅ Laptops table refreshed successfully
[2026-02-13T04:43:30.651+0000] {processor.py:842} WARNING - No viable dags retrieved from /opt/airflow/dags/scripts/loaders/load_laptops.py
[2026-02-13T04:43:30.671+0000] {processor.py:183} INFO - Processing /opt/airflow/dags/scripts/loaders/load_laptops.py took 0.897 seconds
[2026-02-13T04:44:02.282+0000] {processor.py:161} INFO - Started process (PID=8859) to work on /opt/airflow/dags/scripts/loaders/load_laptops.py
[2026-02-13T04:44:02.283+0000] {processor.py:830} INFO - Processing file /opt/airflow/dags/scripts/loaders/load_laptops.py for tasks to queue
[2026-02-13T04:44:02.286+0000] {logging_mixin.py:188} INFO - [2026-02-13T04:44:02.285+0000] {dagbag.py:545} INFO - Filling up the DagBag from /opt/airflow/dags/scripts/loaders/load_laptops.py
[2026-02-13T04:44:02.971+0000] {logging_mixin.py:188} INFO - 🚀 Loading LAPTOPS data
[2026-02-13T04:44:03.166+0000] {logging_mixin.py:188} INFO - ✅ Laptops table refreshed successfully
[2026-02-13T04:44:03.167+0000] {processor.py:842} WARNING - No viable dags retrieved from /opt/airflow/dags/scripts/loaders/load_laptops.py
[2026-02-13T04:44:03.181+0000] {processor.py:183} INFO - Processing /opt/airflow/dags/scripts/loaders/load_laptops.py took 0.908 seconds
[2026-02-13T04:44:35.753+0000] {processor.py:161} INFO - Started process (PID=8890) to work on /opt/airflow/dags/scripts/loaders/load_laptops.py
[2026-02-13T04:44:35.755+0000] {processor.py:830} INFO - Processing file /opt/airflow/dags/scripts/loaders/load_laptops.py for tasks to queue
[2026-02-13T04:44:35.758+0000] {logging_mixin.py:188} INFO - [2026-02-13T04:44:35.757+0000] {dagbag.py:545} INFO - Filling up the DagBag from /opt/airflow/dags/scripts/loaders/load_laptops.py
[2026-02-13T04:44:36.368+0000] {logging_mixin.py:188} INFO - 🚀 Loading LAPTOPS data
[2026-02-13T04:44:36.547+0000] {logging_mixin.py:188} INFO - ✅ Laptops table refreshed successfully
[2026-02-13T04:44:36.548+0000] {processor.py:842} WARNING - No viable dags retrieved from /opt/airflow/dags/scripts/loaders/load_laptops.py
[2026-02-13T04:44:36.570+0000] {processor.py:183} INFO - Processing /opt/airflow/dags/scripts/loaders/load_laptops.py took 0.824 seconds
[2026-02-13T04:45:08.595+0000] {processor.py:161} INFO - Started process (PID=8917) to work on /opt/airflow/dags/scripts/loaders/load_laptops.py
[2026-02-13T04:45:08.597+0000] {processor.py:830} INFO - Processing file /opt/airflow/dags/scripts/loaders/load_laptops.py for tasks to queue
[2026-02-13T04:45:08.601+0000] {logging_mixin.py:188} INFO - [2026-02-13T04:45:08.601+0000] {dagbag.py:545} INFO - Filling up the DagBag from /opt/airflow/dags/scripts/loaders/load_laptops.py
[2026-02-13T04:45:09.288+0000] {logging_mixin.py:188} INFO - 🚀 Loading LAPTOPS data
[2026-02-13T04:45:09.466+0000] {logging_mixin.py:188} INFO - ✅ Laptops table refreshed successfully
[2026-02-13T04:45:09.468+0000] {processor.py:842} WARNING - No viable dags retrieved from /opt/airflow/dags/scripts/loaders/load_laptops.py
[2026-02-13T04:45:09.485+0000] {processor.py:183} INFO - Processing /opt/airflow/dags/scripts/loaders/load_laptops.py took 0.901 seconds
[2026-02-13T04:45:41.323+0000] {processor.py:161} INFO - Started process (PID=8946) to work on /opt/airflow/dags/scripts/loaders/load_laptops.py
[2026-02-13T04:45:41.325+0000] {processor.py:830} INFO - Processing file /opt/airflow/dags/scripts/loaders/load_laptops.py for tasks to queue
[2026-02-13T04:45:41.329+0000] {logging_mixin.py:188} INFO - [2026-02-13T04:45:41.328+0000] {dagbag.py:545} INFO - Filling up the DagBag from /opt/airflow/dags/scripts/loaders/load_laptops.py
[2026-02-13T04:45:42.031+0000] {logging_mixin.py:188} INFO - 🚀 Loading LAPTOPS data
[2026-02-13T04:45:42.251+0000] {logging_mixin.py:188} INFO - ✅ Laptops table refreshed successfully
[2026-02-13T04:45:42.252+0000] {processor.py:842} WARNING - No viable dags retrieved from /opt/airflow/dags/scripts/loaders/load_laptops.py
[2026-02-13T04:45:42.277+0000] {processor.py:183} INFO - Processing /opt/airflow/dags/scripts/loaders/load_laptops.py took 0.962 seconds
[2026-02-13T04:46:13.565+0000] {processor.py:161} INFO - Started process (PID=8974) to work on /opt/airflow/dags/scripts/loaders/load_laptops.py
[2026-02-13T04:46:13.567+0000] {processor.py:830} INFO - Processing file /opt/airflow/dags/scripts/loaders/load_laptops.py for tasks to queue
[2026-02-13T04:46:13.569+0000] {logging_mixin.py:188} INFO - [2026-02-13T04:46:13.569+0000] {dagbag.py:545} INFO - Filling up the DagBag from /opt/airflow/dags/scripts/loaders/load_laptops.py
[2026-02-13T04:46:14.217+0000] {logging_mixin.py:188} INFO - 🚀 Loading LAPTOPS data
[2026-02-13T04:46:14.437+0000] {logging_mixin.py:188} INFO - ✅ Laptops table refreshed successfully
[2026-02-13T04:46:14.438+0000] {processor.py:842} WARNING - No viable dags retrieved from /opt/airflow/dags/scripts/loaders/load_laptops.py
[2026-02-13T04:46:14.455+0000] {processor.py:183} INFO - Processing /opt/airflow/dags/scripts/loaders/load_laptops.py took 0.898 seconds
[2026-02-13T04:46:46.494+0000] {processor.py:161} INFO - Started process (PID=9004) to work on /opt/airflow/dags/scripts/loaders/load_laptops.py
[2026-02-13T04:46:46.496+0000] {processor.py:830} INFO - Processing file /opt/airflow/dags/scripts/loaders/load_laptops.py for tasks to queue
[2026-02-13T04:46:46.499+0000] {logging_mixin.py:188} INFO - [2026-02-13T04:46:46.498+0000] {dagbag.py:545} INFO - Filling up the DagBag from /opt/airflow/dags/scripts/loaders/load_laptops.py
[2026-02-13T04:46:47.204+0000] {logging_mixin.py:188} INFO - 🚀 Loading LAPTOPS data
[2026-02-13T04:46:47.376+0000] {logging_mixin.py:188} INFO - ✅ Laptops table refreshed successfully
[2026-02-13T04:46:47.377+0000] {processor.py:842} WARNING - No viable dags retrieved from /opt/airflow/dags/scripts/loaders/load_laptops.py
[2026-02-13T04:46:47.395+0000] {processor.py:183} INFO - Processing /opt/airflow/dags/scripts/loaders/load_laptops.py took 0.909 seconds
[2026-02-13T04:47:19.833+0000] {processor.py:161} INFO - Started process (PID=9033) to work on /opt/airflow/dags/scripts/loaders/load_laptops.py
[2026-02-13T04:47:19.834+0000] {processor.py:830} INFO - Processing file /opt/airflow/dags/scripts/loaders/load_laptops.py for tasks to queue
[2026-02-13T04:47:19.838+0000] {logging_mixin.py:188} INFO - [2026-02-13T04:47:19.837+0000] {dagbag.py:545} INFO - Filling up the DagBag from /opt/airflow/dags/scripts/loaders/load_laptops.py
[2026-02-13T04:47:20.457+0000] {logging_mixin.py:188} INFO - 🚀 Loading LAPTOPS data
[2026-02-13T04:47:20.618+0000] {logging_mixin.py:188} INFO - ✅ Laptops table refreshed successfully
[2026-02-13T04:47:20.619+0000] {processor.py:842} WARNING - No viable dags retrieved from /opt/airflow/dags/scripts/loaders/load_laptops.py
[2026-02-13T04:47:20.638+0000] {processor.py:183} INFO - Processing /opt/airflow/dags/scripts/loaders/load_laptops.py took 0.815 seconds
[2026-02-13T04:47:52.600+0000] {processor.py:161} INFO - Started process (PID=9062) to work on /opt/airflow/dags/scripts/loaders/load_laptops.py
[2026-02-13T04:47:52.602+0000] {processor.py:830} INFO - Processing file /opt/airflow/dags/scripts/loaders/load_laptops.py for tasks to queue
[2026-02-13T04:47:52.605+0000] {logging_mixin.py:188} INFO - [2026-02-13T04:47:52.604+0000] {dagbag.py:545} INFO - Filling up the DagBag from /opt/airflow/dags/scripts/loaders/load_laptops.py
[2026-02-13T04:47:53.309+0000] {logging_mixin.py:188} INFO - 🚀 Loading LAPTOPS data
[2026-02-13T04:47:53.471+0000] {logging_mixin.py:188} INFO - ✅ Laptops table refreshed successfully
[2026-02-13T04:47:53.472+0000] {processor.py:842} WARNING - No viable dags retrieved from /opt/airflow/dags/scripts/loaders/load_laptops.py
[2026-02-13T04:47:53.486+0000] {processor.py:183} INFO - Processing /opt/airflow/dags/scripts/loaders/load_laptops.py took 0.894 seconds
[2026-02-13T04:49:19.093+0000] {processor.py:161} INFO - Started process (PID=9090) to work on /opt/airflow/dags/scripts/loaders/load_laptops.py
[2026-02-13T04:49:19.099+0000] {processor.py:830} INFO - Processing file /opt/airflow/dags/scripts/loaders/load_laptops.py for tasks to queue
[2026-02-13T04:49:19.114+0000] {logging_mixin.py:188} INFO - [2026-02-13T04:49:19.113+0000] {dagbag.py:545} INFO - Filling up the DagBag from /opt/airflow/dags/scripts/loaders/load_laptops.py
[2026-02-13T04:49:20.183+0000] {logging_mixin.py:188} INFO - 🚀 Loading LAPTOPS data
[2026-02-13T04:49:20.404+0000] {logging_mixin.py:188} INFO - ✅ Laptops table refreshed successfully
[2026-02-13T04:49:20.406+0000] {processor.py:842} WARNING - No viable dags retrieved from /opt/airflow/dags/scripts/loaders/load_laptops.py
[2026-02-13T04:49:20.427+0000] {processor.py:183} INFO - Processing /opt/airflow/dags/scripts/loaders/load_laptops.py took 1.358 seconds
[2026-02-13T04:49:50.756+0000] {processor.py:161} INFO - Started process (PID=9119) to work on /opt/airflow/dags/scripts/loaders/load_laptops.py
[2026-02-13T04:49:50.758+0000] {processor.py:830} INFO - Processing file /opt/airflow/dags/scripts/loaders/load_laptops.py for tasks to queue
[2026-02-13T04:49:50.763+0000] {logging_mixin.py:188} INFO - [2026-02-13T04:49:50.762+0000] {dagbag.py:545} INFO - Filling up the DagBag from /opt/airflow/dags/scripts/loaders/load_laptops.py
[2026-02-13T04:49:51.411+0000] {logging_mixin.py:188} INFO - 🚀 Loading LAPTOPS data
[2026-02-13T04:49:51.584+0000] {logging_mixin.py:188} INFO - ✅ Laptops table refreshed successfully
[2026-02-13T04:49:51.585+0000] {processor.py:842} WARNING - No viable dags retrieved from /opt/airflow/dags/scripts/loaders/load_laptops.py
[2026-02-13T04:49:51.605+0000] {processor.py:183} INFO - Processing /opt/airflow/dags/scripts/loaders/load_laptops.py took 0.862 seconds
[2026-02-13T04:50:22.281+0000] {processor.py:161} INFO - Started process (PID=9148) to work on /opt/airflow/dags/scripts/loaders/load_laptops.py
[2026-02-13T04:50:22.283+0000] {processor.py:830} INFO - Processing file /opt/airflow/dags/scripts/loaders/load_laptops.py for tasks to queue
[2026-02-13T04:50:22.286+0000] {logging_mixin.py:188} INFO - [2026-02-13T04:50:22.285+0000] {dagbag.py:545} INFO - Filling up the DagBag from /opt/airflow/dags/scripts/loaders/load_laptops.py
[2026-02-13T04:50:22.948+0000] {logging_mixin.py:188} INFO - 🚀 Loading LAPTOPS data
[2026-02-13T04:50:23.146+0000] {logging_mixin.py:188} INFO - ✅ Laptops table refreshed successfully
[2026-02-13T04:50:23.147+0000] {processor.py:842} WARNING - No viable dags retrieved from /opt/airflow/dags/scripts/loaders/load_laptops.py
[2026-02-13T04:50:23.166+0000] {processor.py:183} INFO - Processing /opt/airflow/dags/scripts/loaders/load_laptops.py took 0.893 seconds
[2026-02-13T04:50:53.598+0000] {processor.py:161} INFO - Started process (PID=9177) to work on /opt/airflow/dags/scripts/loaders/load_laptops.py
[2026-02-13T04:50:53.600+0000] {processor.py:830} INFO - Processing file /opt/airflow/dags/scripts/loaders/load_laptops.py for tasks to queue
[2026-02-13T04:50:53.602+0000] {logging_mixin.py:188} INFO - [2026-02-13T04:50:53.602+0000] {dagbag.py:545} INFO - Filling up the DagBag from /opt/airflow/dags/scripts/loaders/load_laptops.py
[2026-02-13T04:50:54.266+0000] {logging_mixin.py:188} INFO - 🚀 Loading LAPTOPS data
[2026-02-13T04:50:54.492+0000] {logging_mixin.py:188} INFO - ✅ Laptops table refreshed successfully
[2026-02-13T04:50:54.493+0000] {processor.py:842} WARNING - No viable dags retrieved from /opt/airflow/dags/scripts/loaders/load_laptops.py
[2026-02-13T04:50:54.508+0000] {processor.py:183} INFO - Processing /opt/airflow/dags/scripts/loaders/load_laptops.py took 0.919 seconds
[2026-02-13T04:51:25.065+0000] {processor.py:161} INFO - Started process (PID=9206) to work on /opt/airflow/dags/scripts/loaders/load_laptops.py
[2026-02-13T04:51:25.068+0000] {processor.py:830} INFO - Processing file /opt/airflow/dags/scripts/loaders/load_laptops.py for tasks to queue
[2026-02-13T04:51:25.071+0000] {logging_mixin.py:188} INFO - [2026-02-13T04:51:25.071+0000] {dagbag.py:545} INFO - Filling up the DagBag from /opt/airflow/dags/scripts/loaders/load_laptops.py
[2026-02-13T04:51:25.806+0000] {logging_mixin.py:188} INFO - 🚀 Loading LAPTOPS data
[2026-02-13T04:51:26.068+0000] {logging_mixin.py:188} INFO - ✅ Laptops table refreshed successfully
[2026-02-13T04:51:26.069+0000] {processor.py:842} WARNING - No viable dags retrieved from /opt/airflow/dags/scripts/loaders/load_laptops.py
[2026-02-13T04:51:26.088+0000] {processor.py:183} INFO - Processing /opt/airflow/dags/scripts/loaders/load_laptops.py took 1.035 seconds
[2026-02-13T04:51:56.544+0000] {processor.py:161} INFO - Started process (PID=9235) to work on /opt/airflow/dags/scripts/loaders/load_laptops.py
[2026-02-13T04:51:56.546+0000] {processor.py:830} INFO - Processing file /opt/airflow/dags/scripts/loaders/load_laptops.py for tasks to queue
[2026-02-13T04:51:56.549+0000] {logging_mixin.py:188} INFO - [2026-02-13T04:51:56.548+0000] {dagbag.py:545} INFO - Filling up the DagBag from /opt/airflow/dags/scripts/loaders/load_laptops.py
[2026-02-13T04:51:57.228+0000] {logging_mixin.py:188} INFO - 🚀 Loading LAPTOPS data
[2026-02-13T04:51:57.537+0000] {logging_mixin.py:188} INFO - ✅ Laptops table refreshed successfully
[2026-02-13T04:51:57.539+0000] {processor.py:842} WARNING - No viable dags retrieved from /opt/airflow/dags/scripts/loaders/load_laptops.py
[2026-02-13T04:51:57.558+0000] {processor.py:183} INFO - Processing /opt/airflow/dags/scripts/loaders/load_laptops.py took 1.023 seconds
[2026-02-13T04:52:28.033+0000] {processor.py:161} INFO - Started process (PID=9264) to work on /opt/airflow/dags/scripts/loaders/load_laptops.py
[2026-02-13T04:52:28.035+0000] {processor.py:830} INFO - Processing file /opt/airflow/dags/scripts/loaders/load_laptops.py for tasks to queue
[2026-02-13T04:52:28.041+0000] {logging_mixin.py:188} INFO - [2026-02-13T04:52:28.040+0000] {dagbag.py:545} INFO - Filling up the DagBag from /opt/airflow/dags/scripts/loaders/load_laptops.py
[2026-02-13T04:52:28.774+0000] {logging_mixin.py:188} INFO - 🚀 Loading LAPTOPS data
[2026-02-13T04:52:29.015+0000] {logging_mixin.py:188} INFO - ✅ Laptops table refreshed successfully
[2026-02-13T04:52:29.016+0000] {processor.py:842} WARNING - No viable dags retrieved from /opt/airflow/dags/scripts/loaders/load_laptops.py
[2026-02-13T04:52:29.038+0000] {processor.py:183} INFO - Processing /opt/airflow/dags/scripts/loaders/load_laptops.py took 1.018 seconds
[2026-02-13T04:52:59.642+0000] {processor.py:161} INFO - Started process (PID=9293) to work on /opt/airflow/dags/scripts/loaders/load_laptops.py
[2026-02-13T04:52:59.644+0000] {processor.py:830} INFO - Processing file /opt/airflow/dags/scripts/loaders/load_laptops.py for tasks to queue
[2026-02-13T04:52:59.647+0000] {logging_mixin.py:188} INFO - [2026-02-13T04:52:59.646+0000] {dagbag.py:545} INFO - Filling up the DagBag from /opt/airflow/dags/scripts/loaders/load_laptops.py
[2026-02-13T04:53:00.254+0000] {logging_mixin.py:188} INFO - 🚀 Loading LAPTOPS data
[2026-02-13T04:53:00.480+0000] {logging_mixin.py:188} INFO - ✅ Laptops table refreshed successfully
[2026-02-13T04:53:00.481+0000] {processor.py:842} WARNING - No viable dags retrieved from /opt/airflow/dags/scripts/loaders/load_laptops.py
[2026-02-13T04:53:00.499+0000] {processor.py:183} INFO - Processing /opt/airflow/dags/scripts/loaders/load_laptops.py took 0.866 seconds
[2026-02-13T04:53:30.959+0000] {processor.py:161} INFO - Started process (PID=9322) to work on /opt/airflow/dags/scripts/loaders/load_laptops.py
[2026-02-13T04:53:30.961+0000] {processor.py:830} INFO - Processing file /opt/airflow/dags/scripts/loaders/load_laptops.py for tasks to queue
[2026-02-13T04:53:30.964+0000] {logging_mixin.py:188} INFO - [2026-02-13T04:53:30.964+0000] {dagbag.py:545} INFO - Filling up the DagBag from /opt/airflow/dags/scripts/loaders/load_laptops.py
[2026-02-13T04:53:31.617+0000] {logging_mixin.py:188} INFO - 🚀 Loading LAPTOPS data
[2026-02-13T04:53:31.817+0000] {logging_mixin.py:188} INFO - ✅ Laptops table refreshed successfully
[2026-02-13T04:53:31.818+0000] {processor.py:842} WARNING - No viable dags retrieved from /opt/airflow/dags/scripts/loaders/load_laptops.py
[2026-02-13T04:53:31.836+0000] {processor.py:183} INFO - Processing /opt/airflow/dags/scripts/loaders/load_laptops.py took 0.887 seconds
[2026-02-13T04:54:02.553+0000] {processor.py:161} INFO - Started process (PID=9352) to work on /opt/airflow/dags/scripts/loaders/load_laptops.py
[2026-02-13T04:54:02.555+0000] {processor.py:830} INFO - Processing file /opt/airflow/dags/scripts/loaders/load_laptops.py for tasks to queue
[2026-02-13T04:54:02.558+0000] {logging_mixin.py:188} INFO - [2026-02-13T04:54:02.558+0000] {dagbag.py:545} INFO - Filling up the DagBag from /opt/airflow/dags/scripts/loaders/load_laptops.py
[2026-02-13T04:54:03.349+0000] {logging_mixin.py:188} INFO - 🚀 Loading LAPTOPS data
[2026-02-13T04:54:03.803+0000] {logging_mixin.py:188} INFO - ✅ Laptops table refreshed successfully
[2026-02-13T04:54:03.805+0000] {processor.py:842} WARNING - No viable dags retrieved from /opt/airflow/dags/scripts/loaders/load_laptops.py
[2026-02-13T04:54:03.845+0000] {processor.py:183} INFO - Processing /opt/airflow/dags/scripts/loaders/load_laptops.py took 1.300 seconds
[2026-02-13T04:54:34.123+0000] {processor.py:161} INFO - Started process (PID=9381) to work on /opt/airflow/dags/scripts/loaders/load_laptops.py
[2026-02-13T04:54:34.125+0000] {processor.py:830} INFO - Processing file /opt/airflow/dags/scripts/loaders/load_laptops.py for tasks to queue
[2026-02-13T04:54:34.130+0000] {logging_mixin.py:188} INFO - [2026-02-13T04:54:34.129+0000] {dagbag.py:545} INFO - Filling up the DagBag from /opt/airflow/dags/scripts/loaders/load_laptops.py
[2026-02-13T04:54:34.730+0000] {logging_mixin.py:188} INFO - 🚀 Loading LAPTOPS data
[2026-02-13T04:54:34.892+0000] {logging_mixin.py:188} INFO - ✅ Laptops table refreshed successfully
[2026-02-13T04:54:34.893+0000] {processor.py:842} WARNING - No viable dags retrieved from /opt/airflow/dags/scripts/loaders/load_laptops.py
[2026-02-13T04:54:34.912+0000] {processor.py:183} INFO - Processing /opt/airflow/dags/scripts/loaders/load_laptops.py took 0.798 seconds
[2026-02-13T04:55:05.253+0000] {processor.py:161} INFO - Started process (PID=9409) to work on /opt/airflow/dags/scripts/loaders/load_laptops.py
[2026-02-13T04:55:05.255+0000] {processor.py:830} INFO - Processing file /opt/airflow/dags/scripts/loaders/load_laptops.py for tasks to queue
[2026-02-13T04:55:05.258+0000] {logging_mixin.py:188} INFO - [2026-02-13T04:55:05.258+0000] {dagbag.py:545} INFO - Filling up the DagBag from /opt/airflow/dags/scripts/loaders/load_laptops.py
[2026-02-13T04:55:06.164+0000] {logging_mixin.py:188} INFO - 🚀 Loading LAPTOPS data
[2026-02-13T04:55:06.360+0000] {logging_mixin.py:188} INFO - ✅ Laptops table refreshed successfully
[2026-02-13T04:55:06.361+0000] {processor.py:842} WARNING - No viable dags retrieved from /opt/airflow/dags/scripts/loaders/load_laptops.py
[2026-02-13T04:55:06.375+0000] {processor.py:183} INFO - Processing /opt/airflow/dags/scripts/loaders/load_laptops.py took 1.131 seconds
[2026-02-13T04:55:36.816+0000] {processor.py:161} INFO - Started process (PID=9438) to work on /opt/airflow/dags/scripts/loaders/load_laptops.py
[2026-02-13T04:55:36.817+0000] {processor.py:830} INFO - Processing file /opt/airflow/dags/scripts/loaders/load_laptops.py for tasks to queue
[2026-02-13T04:55:36.820+0000] {logging_mixin.py:188} INFO - [2026-02-13T04:55:36.820+0000] {dagbag.py:545} INFO - Filling up the DagBag from /opt/airflow/dags/scripts/loaders/load_laptops.py
[2026-02-13T04:55:37.444+0000] {logging_mixin.py:188} INFO - 🚀 Loading LAPTOPS data
[2026-02-13T04:55:37.635+0000] {logging_mixin.py:188} INFO - ✅ Laptops table refreshed successfully
[2026-02-13T04:55:37.636+0000] {processor.py:842} WARNING - No viable dags retrieved from /opt/airflow/dags/scripts/loaders/load_laptops.py
[2026-02-13T04:55:37.654+0000] {processor.py:183} INFO - Processing /opt/airflow/dags/scripts/loaders/load_laptops.py took 0.846 seconds
[2026-02-13T04:56:07.955+0000] {processor.py:161} INFO - Started process (PID=9468) to work on /opt/airflow/dags/scripts/loaders/load_laptops.py
[2026-02-13T04:56:07.959+0000] {processor.py:830} INFO - Processing file /opt/airflow/dags/scripts/loaders/load_laptops.py for tasks to queue
[2026-02-13T04:56:07.962+0000] {logging_mixin.py:188} INFO - [2026-02-13T04:56:07.962+0000] {dagbag.py:545} INFO - Filling up the DagBag from /opt/airflow/dags/scripts/loaders/load_laptops.py
[2026-02-13T04:56:08.675+0000] {logging_mixin.py:188} INFO - 🚀 Loading LAPTOPS data
[2026-02-13T04:56:08.938+0000] {logging_mixin.py:188} INFO - ✅ Laptops table refreshed successfully
[2026-02-13T04:56:08.939+0000] {processor.py:842} WARNING - No viable dags retrieved from /opt/airflow/dags/scripts/loaders/load_laptops.py
[2026-02-13T04:56:08.959+0000] {processor.py:183} INFO - Processing /opt/airflow/dags/scripts/loaders/load_laptops.py took 1.014 seconds
[2026-02-13T04:56:39.154+0000] {processor.py:161} INFO - Started process (PID=9497) to work on /opt/airflow/dags/scripts/loaders/load_laptops.py
[2026-02-13T04:56:39.156+0000] {processor.py:830} INFO - Processing file /opt/airflow/dags/scripts/loaders/load_laptops.py for tasks to queue
[2026-02-13T04:56:39.160+0000] {logging_mixin.py:188} INFO - [2026-02-13T04:56:39.159+0000] {dagbag.py:545} INFO - Filling up the DagBag from /opt/airflow/dags/scripts/loaders/load_laptops.py
[2026-02-13T04:56:39.800+0000] {logging_mixin.py:188} INFO - 🚀 Loading LAPTOPS data
[2026-02-13T04:56:39.991+0000] {logging_mixin.py:188} INFO - ✅ Laptops table refreshed successfully
[2026-02-13T04:56:39.992+0000] {processor.py:842} WARNING - No viable dags retrieved from /opt/airflow/dags/scripts/loaders/load_laptops.py
[2026-02-13T04:56:40.012+0000] {processor.py:183} INFO - Processing /opt/airflow/dags/scripts/loaders/load_laptops.py took 0.869 seconds
[2026-02-13T04:57:10.727+0000] {processor.py:161} INFO - Started process (PID=9526) to work on /opt/airflow/dags/scripts/loaders/load_laptops.py
[2026-02-13T04:57:10.728+0000] {processor.py:830} INFO - Processing file /opt/airflow/dags/scripts/loaders/load_laptops.py for tasks to queue
[2026-02-13T04:57:10.732+0000] {logging_mixin.py:188} INFO - [2026-02-13T04:57:10.731+0000] {dagbag.py:545} INFO - Filling up the DagBag from /opt/airflow/dags/scripts/loaders/load_laptops.py
[2026-02-13T04:57:11.374+0000] {logging_mixin.py:188} INFO - 🚀 Loading LAPTOPS data
[2026-02-13T04:57:11.566+0000] {logging_mixin.py:188} INFO - ✅ Laptops table refreshed successfully
[2026-02-13T04:57:11.567+0000] {processor.py:842} WARNING - No viable dags retrieved from /opt/airflow/dags/scripts/loaders/load_laptops.py
[2026-02-13T04:57:11.583+0000] {processor.py:183} INFO - Processing /opt/airflow/dags/scripts/loaders/load_laptops.py took 0.865 seconds
[2026-02-13T04:57:42.118+0000] {processor.py:161} INFO - Started process (PID=9555) to work on /opt/airflow/dags/scripts/loaders/load_laptops.py
[2026-02-13T04:57:42.120+0000] {processor.py:830} INFO - Processing file /opt/airflow/dags/scripts/loaders/load_laptops.py for tasks to queue
[2026-02-13T04:57:42.123+0000] {logging_mixin.py:188} INFO - [2026-02-13T04:57:42.123+0000] {dagbag.py:545} INFO - Filling up the DagBag from /opt/airflow/dags/scripts/loaders/load_laptops.py
[2026-02-13T04:57:42.739+0000] {logging_mixin.py:188} INFO - 🚀 Loading LAPTOPS data
[2026-02-13T04:57:42.931+0000] {logging_mixin.py:188} INFO - ✅ Laptops table refreshed successfully
[2026-02-13T04:57:42.931+0000] {processor.py:842} WARNING - No viable dags retrieved from /opt/airflow/dags/scripts/loaders/load_laptops.py
[2026-02-13T04:57:42.947+0000] {processor.py:183} INFO - Processing /opt/airflow/dags/scripts/loaders/load_laptops.py took 0.838 seconds
[2026-02-13T04:58:14.395+0000] {processor.py:161} INFO - Started process (PID=9584) to work on /opt/airflow/dags/scripts/loaders/load_laptops.py
[2026-02-13T04:58:14.397+0000] {processor.py:830} INFO - Processing file /opt/airflow/dags/scripts/loaders/load_laptops.py for tasks to queue
[2026-02-13T04:58:14.401+0000] {logging_mixin.py:188} INFO - [2026-02-13T04:58:14.400+0000] {dagbag.py:545} INFO - Filling up the DagBag from /opt/airflow/dags/scripts/loaders/load_laptops.py
[2026-02-13T04:58:15.138+0000] {logging_mixin.py:188} INFO - 🚀 Loading LAPTOPS data
[2026-02-13T04:58:15.308+0000] {logging_mixin.py:188} INFO - ✅ Laptops table refreshed successfully
[2026-02-13T04:58:15.309+0000] {processor.py:842} WARNING - No viable dags retrieved from /opt/airflow/dags/scripts/loaders/load_laptops.py
[2026-02-13T04:58:15.322+0000] {processor.py:183} INFO - Processing /opt/airflow/dags/scripts/loaders/load_laptops.py took 0.936 seconds
[2026-02-13T04:58:46.794+0000] {processor.py:161} INFO - Started process (PID=9613) to work on /opt/airflow/dags/scripts/loaders/load_laptops.py
[2026-02-13T04:58:46.796+0000] {processor.py:830} INFO - Processing file /opt/airflow/dags/scripts/loaders/load_laptops.py for tasks to queue
[2026-02-13T04:58:46.799+0000] {logging_mixin.py:188} INFO - [2026-02-13T04:58:46.798+0000] {dagbag.py:545} INFO - Filling up the DagBag from /opt/airflow/dags/scripts/loaders/load_laptops.py
[2026-02-13T04:58:47.388+0000] {logging_mixin.py:188} INFO - 🚀 Loading LAPTOPS data
[2026-02-13T04:58:47.576+0000] {logging_mixin.py:188} INFO - ✅ Laptops table refreshed successfully
[2026-02-13T04:58:47.577+0000] {processor.py:842} WARNING - No viable dags retrieved from /opt/airflow/dags/scripts/loaders/load_laptops.py
[2026-02-13T04:58:47.593+0000] {processor.py:183} INFO - Processing /opt/airflow/dags/scripts/loaders/load_laptops.py took 0.807 seconds
[2026-02-13T04:59:20.240+0000] {processor.py:161} INFO - Started process (PID=9642) to work on /opt/airflow/dags/scripts/loaders/load_laptops.py
[2026-02-13T04:59:20.242+0000] {processor.py:830} INFO - Processing file /opt/airflow/dags/scripts/loaders/load_laptops.py for tasks to queue
[2026-02-13T04:59:20.245+0000] {logging_mixin.py:188} INFO - [2026-02-13T04:59:20.244+0000] {dagbag.py:545} INFO - Filling up the DagBag from /opt/airflow/dags/scripts/loaders/load_laptops.py
[2026-02-13T04:59:20.915+0000] {logging_mixin.py:188} INFO - 🚀 Loading LAPTOPS data
[2026-02-13T04:59:21.106+0000] {logging_mixin.py:188} INFO - ✅ Laptops table refreshed successfully
[2026-02-13T04:59:21.107+0000] {processor.py:842} WARNING - No viable dags retrieved from /opt/airflow/dags/scripts/loaders/load_laptops.py
[2026-02-13T04:59:21.124+0000] {processor.py:183} INFO - Processing /opt/airflow/dags/scripts/loaders/load_laptops.py took 0.891 seconds
[2026-02-13T04:59:52.918+0000] {processor.py:161} INFO - Started process (PID=9671) to work on /opt/airflow/dags/scripts/loaders/load_laptops.py
[2026-02-13T04:59:52.919+0000] {processor.py:830} INFO - Processing file /opt/airflow/dags/scripts/loaders/load_laptops.py for tasks to queue
[2026-02-13T04:59:52.922+0000] {logging_mixin.py:188} INFO - [2026-02-13T04:59:52.921+0000] {dagbag.py:545} INFO - Filling up the DagBag from /opt/airflow/dags/scripts/loaders/load_laptops.py
[2026-02-13T04:59:53.571+0000] {logging_mixin.py:188} INFO - 🚀 Loading LAPTOPS data
[2026-02-13T04:59:53.768+0000] {logging_mixin.py:188} INFO - ✅ Laptops table refreshed successfully
[2026-02-13T04:59:53.769+0000] {processor.py:842} WARNING - No viable dags retrieved from /opt/airflow/dags/scripts/loaders/load_laptops.py
[2026-02-13T04:59:53.785+0000] {processor.py:183} INFO - Processing /opt/airflow/dags/scripts/loaders/load_laptops.py took 0.876 seconds
[2026-02-13T05:00:25.392+0000] {processor.py:161} INFO - Started process (PID=9700) to work on /opt/airflow/dags/scripts/loaders/load_laptops.py
[2026-02-13T05:00:25.394+0000] {processor.py:830} INFO - Processing file /opt/airflow/dags/scripts/loaders/load_laptops.py for tasks to queue
[2026-02-13T05:00:25.396+0000] {logging_mixin.py:188} INFO - [2026-02-13T05:00:25.396+0000] {dagbag.py:545} INFO - Filling up the DagBag from /opt/airflow/dags/scripts/loaders/load_laptops.py
[2026-02-13T05:00:26.084+0000] {logging_mixin.py:188} INFO - 🚀 Loading LAPTOPS data
[2026-02-13T05:00:26.286+0000] {logging_mixin.py:188} INFO - ✅ Laptops table refreshed successfully
[2026-02-13T05:00:26.288+0000] {processor.py:842} WARNING - No viable dags retrieved from /opt/airflow/dags/scripts/loaders/load_laptops.py
[2026-02-13T05:00:26.306+0000] {processor.py:183} INFO - Processing /opt/airflow/dags/scripts/loaders/load_laptops.py took 0.922 seconds
[2026-02-13T05:00:57.724+0000] {processor.py:161} INFO - Started process (PID=9729) to work on /opt/airflow/dags/scripts/loaders/load_laptops.py
[2026-02-13T05:00:57.727+0000] {processor.py:830} INFO - Processing file /opt/airflow/dags/scripts/loaders/load_laptops.py for tasks to queue
[2026-02-13T05:00:57.729+0000] {logging_mixin.py:188} INFO - [2026-02-13T05:00:57.729+0000] {dagbag.py:545} INFO - Filling up the DagBag from /opt/airflow/dags/scripts/loaders/load_laptops.py
[2026-02-13T05:00:58.443+0000] {logging_mixin.py:188} INFO - 🚀 Loading LAPTOPS data
[2026-02-13T05:00:58.628+0000] {logging_mixin.py:188} INFO - ✅ Laptops table refreshed successfully
[2026-02-13T05:00:58.629+0000] {processor.py:842} WARNING - No viable dags retrieved from /opt/airflow/dags/scripts/loaders/load_laptops.py
[2026-02-13T05:00:58.652+0000] {processor.py:183} INFO - Processing /opt/airflow/dags/scripts/loaders/load_laptops.py took 0.936 seconds
[2026-02-13T05:01:31.695+0000] {processor.py:161} INFO - Started process (PID=9758) to work on /opt/airflow/dags/scripts/loaders/load_laptops.py
[2026-02-13T05:01:31.697+0000] {processor.py:830} INFO - Processing file /opt/airflow/dags/scripts/loaders/load_laptops.py for tasks to queue
[2026-02-13T05:01:31.702+0000] {logging_mixin.py:188} INFO - [2026-02-13T05:01:31.701+0000] {dagbag.py:545} INFO - Filling up the DagBag from /opt/airflow/dags/scripts/loaders/load_laptops.py
[2026-02-13T05:01:32.396+0000] {logging_mixin.py:188} INFO - 🚀 Loading LAPTOPS data
[2026-02-13T05:01:32.596+0000] {logging_mixin.py:188} INFO - ✅ Laptops table refreshed successfully
[2026-02-13T05:01:32.597+0000] {processor.py:842} WARNING - No viable dags retrieved from /opt/airflow/dags/scripts/loaders/load_laptops.py
[2026-02-13T05:01:32.613+0000] {processor.py:183} INFO - Processing /opt/airflow/dags/scripts/loaders/load_laptops.py took 0.935 seconds
[2026-02-13T05:02:03.665+0000] {processor.py:161} INFO - Started process (PID=9787) to work on /opt/airflow/dags/scripts/loaders/load_laptops.py
[2026-02-13T05:02:03.668+0000] {processor.py:830} INFO - Processing file /opt/airflow/dags/scripts/loaders/load_laptops.py for tasks to queue
[2026-02-13T05:02:03.677+0000] {logging_mixin.py:188} INFO - [2026-02-13T05:02:03.675+0000] {dagbag.py:545} INFO - Filling up the DagBag from /opt/airflow/dags/scripts/loaders/load_laptops.py
[2026-02-13T05:02:04.689+0000] {logging_mixin.py:188} INFO - 🚀 Loading LAPTOPS data
[2026-02-13T05:02:04.865+0000] {logging_mixin.py:188} INFO - ✅ Laptops table refreshed successfully
[2026-02-13T05:02:04.866+0000] {processor.py:842} WARNING - No viable dags retrieved from /opt/airflow/dags/scripts/loaders/load_laptops.py
[2026-02-13T05:02:04.882+0000] {processor.py:183} INFO - Processing /opt/airflow/dags/scripts/loaders/load_laptops.py took 1.238 seconds
[2026-02-13T05:02:36.930+0000] {processor.py:161} INFO - Started process (PID=9816) to work on /opt/airflow/dags/scripts/loaders/load_laptops.py
[2026-02-13T05:02:36.932+0000] {processor.py:830} INFO - Processing file /opt/airflow/dags/scripts/loaders/load_laptops.py for tasks to queue
[2026-02-13T05:02:36.935+0000] {logging_mixin.py:188} INFO - [2026-02-13T05:02:36.934+0000] {dagbag.py:545} INFO - Filling up the DagBag from /opt/airflow/dags/scripts/loaders/load_laptops.py
[2026-02-13T05:02:37.691+0000] {logging_mixin.py:188} INFO - 🚀 Loading LAPTOPS data
[2026-02-13T05:02:37.990+0000] {logging_mixin.py:188} INFO - ✅ Laptops table refreshed successfully
[2026-02-13T05:02:37.991+0000] {processor.py:842} WARNING - No viable dags retrieved from /opt/airflow/dags/scripts/loaders/load_laptops.py
[2026-02-13T05:02:38.004+0000] {processor.py:183} INFO - Processing /opt/airflow/dags/scripts/loaders/load_laptops.py took 1.082 seconds
[2026-02-13T05:03:08.894+0000] {processor.py:161} INFO - Started process (PID=9845) to work on /opt/airflow/dags/scripts/loaders/load_laptops.py
[2026-02-13T05:03:08.896+0000] {processor.py:830} INFO - Processing file /opt/airflow/dags/scripts/loaders/load_laptops.py for tasks to queue
[2026-02-13T05:03:08.899+0000] {logging_mixin.py:188} INFO - [2026-02-13T05:03:08.898+0000] {dagbag.py:545} INFO - Filling up the DagBag from /opt/airflow/dags/scripts/loaders/load_laptops.py
[2026-02-13T05:03:09.667+0000] {logging_mixin.py:188} INFO - 🚀 Loading LAPTOPS data
[2026-02-13T05:03:09.861+0000] {logging_mixin.py:188} INFO - ✅ Laptops table refreshed successfully
[2026-02-13T05:03:09.862+0000] {processor.py:842} WARNING - No viable dags retrieved from /opt/airflow/dags/scripts/loaders/load_laptops.py
[2026-02-13T05:03:09.878+0000] {processor.py:183} INFO - Processing /opt/airflow/dags/scripts/loaders/load_laptops.py took 0.992 seconds
[2026-02-13T05:03:41.879+0000] {processor.py:161} INFO - Started process (PID=9874) to work on /opt/airflow/dags/scripts/loaders/load_laptops.py
[2026-02-13T05:03:41.881+0000] {processor.py:830} INFO - Processing file /opt/airflow/dags/scripts/loaders/load_laptops.py for tasks to queue
[2026-02-13T05:03:41.884+0000] {logging_mixin.py:188} INFO - [2026-02-13T05:03:41.883+0000] {dagbag.py:545} INFO - Filling up the DagBag from /opt/airflow/dags/scripts/loaders/load_laptops.py
[2026-02-13T05:03:42.550+0000] {logging_mixin.py:188} INFO - 🚀 Loading LAPTOPS data
[2026-02-13T05:03:42.798+0000] {logging_mixin.py:188} INFO - ✅ Laptops table refreshed successfully
[2026-02-13T05:03:42.799+0000] {processor.py:842} WARNING - No viable dags retrieved from /opt/airflow/dags/scripts/loaders/load_laptops.py
[2026-02-13T05:03:42.815+0000] {processor.py:183} INFO - Processing /opt/airflow/dags/scripts/loaders/load_laptops.py took 0.945 seconds
[2026-02-13T05:04:14.414+0000] {processor.py:161} INFO - Started process (PID=9902) to work on /opt/airflow/dags/scripts/loaders/load_laptops.py
[2026-02-13T05:04:14.416+0000] {processor.py:830} INFO - Processing file /opt/airflow/dags/scripts/loaders/load_laptops.py for tasks to queue
[2026-02-13T05:04:14.419+0000] {logging_mixin.py:188} INFO - [2026-02-13T05:04:14.418+0000] {dagbag.py:545} INFO - Filling up the DagBag from /opt/airflow/dags/scripts/loaders/load_laptops.py
[2026-02-13T05:04:15.114+0000] {logging_mixin.py:188} INFO - 🚀 Loading LAPTOPS data
[2026-02-13T05:04:15.349+0000] {logging_mixin.py:188} INFO - ✅ Laptops table refreshed successfully
[2026-02-13T05:04:15.350+0000] {processor.py:842} WARNING - No viable dags retrieved from /opt/airflow/dags/scripts/loaders/load_laptops.py
[2026-02-13T05:04:15.366+0000] {processor.py:183} INFO - Processing /opt/airflow/dags/scripts/loaders/load_laptops.py took 0.961 seconds
[2026-02-13T05:04:46.971+0000] {processor.py:161} INFO - Started process (PID=9932) to work on /opt/airflow/dags/scripts/loaders/load_laptops.py
[2026-02-13T05:04:46.974+0000] {processor.py:830} INFO - Processing file /opt/airflow/dags/scripts/loaders/load_laptops.py for tasks to queue
[2026-02-13T05:04:46.977+0000] {logging_mixin.py:188} INFO - [2026-02-13T05:04:46.976+0000] {dagbag.py:545} INFO - Filling up the DagBag from /opt/airflow/dags/scripts/loaders/load_laptops.py
[2026-02-13T05:04:47.647+0000] {logging_mixin.py:188} INFO - 🚀 Loading LAPTOPS data
[2026-02-13T05:04:47.825+0000] {logging_mixin.py:188} INFO - ✅ Laptops table refreshed successfully
[2026-02-13T05:04:47.826+0000] {processor.py:842} WARNING - No viable dags retrieved from /opt/airflow/dags/scripts/loaders/load_laptops.py
[2026-02-13T05:04:47.842+0000] {processor.py:183} INFO - Processing /opt/airflow/dags/scripts/loaders/load_laptops.py took 0.879 seconds
[2026-02-13T05:05:21.271+0000] {processor.py:161} INFO - Started process (PID=9961) to work on /opt/airflow/dags/scripts/loaders/load_laptops.py
[2026-02-13T05:05:21.274+0000] {processor.py:830} INFO - Processing file /opt/airflow/dags/scripts/loaders/load_laptops.py for tasks to queue
[2026-02-13T05:05:21.279+0000] {logging_mixin.py:188} INFO - [2026-02-13T05:05:21.278+0000] {dagbag.py:545} INFO - Filling up the DagBag from /opt/airflow/dags/scripts/loaders/load_laptops.py
[2026-02-13T05:05:22.925+0000] {logging_mixin.py:188} INFO - 🚀 Loading LAPTOPS data
[2026-02-13T05:05:23.523+0000] {logging_mixin.py:188} INFO - ✅ Laptops table refreshed successfully
[2026-02-13T05:05:23.525+0000] {processor.py:842} WARNING - No viable dags retrieved from /opt/airflow/dags/scripts/loaders/load_laptops.py
[2026-02-13T05:05:23.556+0000] {processor.py:183} INFO - Processing /opt/airflow/dags/scripts/loaders/load_laptops.py took 2.296 seconds
[2026-02-13T05:05:53.814+0000] {processor.py:161} INFO - Started process (PID=9990) to work on /opt/airflow/dags/scripts/loaders/load_laptops.py
[2026-02-13T05:05:53.817+0000] {processor.py:830} INFO - Processing file /opt/airflow/dags/scripts/loaders/load_laptops.py for tasks to queue
[2026-02-13T05:05:53.822+0000] {logging_mixin.py:188} INFO - [2026-02-13T05:05:53.821+0000] {dagbag.py:545} INFO - Filling up the DagBag from /opt/airflow/dags/scripts/loaders/load_laptops.py
[2026-02-13T05:05:54.702+0000] {logging_mixin.py:188} INFO - 🚀 Loading LAPTOPS data
[2026-02-13T05:05:55.032+0000] {logging_mixin.py:188} INFO - ✅ Laptops table refreshed successfully
[2026-02-13T05:05:55.034+0000] {processor.py:842} WARNING - No viable dags retrieved from /opt/airflow/dags/scripts/loaders/load_laptops.py
[2026-02-13T05:05:55.064+0000] {processor.py:183} INFO - Processing /opt/airflow/dags/scripts/loaders/load_laptops.py took 1.267 seconds
[2026-02-13T05:06:26.524+0000] {processor.py:161} INFO - Started process (PID=10021) to work on /opt/airflow/dags/scripts/loaders/load_laptops.py
[2026-02-13T05:06:26.526+0000] {processor.py:830} INFO - Processing file /opt/airflow/dags/scripts/loaders/load_laptops.py for tasks to queue
[2026-02-13T05:06:26.530+0000] {logging_mixin.py:188} INFO - [2026-02-13T05:06:26.529+0000] {dagbag.py:545} INFO - Filling up the DagBag from /opt/airflow/dags/scripts/loaders/load_laptops.py
[2026-02-13T05:06:27.128+0000] {logging_mixin.py:188} INFO - 🚀 Loading LAPTOPS data
[2026-02-13T05:06:27.304+0000] {logging_mixin.py:188} INFO - ✅ Laptops table refreshed successfully
[2026-02-13T05:06:27.305+0000] {processor.py:842} WARNING - No viable dags retrieved from /opt/airflow/dags/scripts/loaders/load_laptops.py
[2026-02-13T05:06:27.320+0000] {processor.py:183} INFO - Processing /opt/airflow/dags/scripts/loaders/load_laptops.py took 0.810 seconds
[2026-02-13T05:06:58.980+0000] {processor.py:161} INFO - Started process (PID=10048) to work on /opt/airflow/dags/scripts/loaders/load_laptops.py
[2026-02-13T05:06:58.982+0000] {processor.py:830} INFO - Processing file /opt/airflow/dags/scripts/loaders/load_laptops.py for tasks to queue
[2026-02-13T05:06:58.984+0000] {logging_mixin.py:188} INFO - [2026-02-13T05:06:58.984+0000] {dagbag.py:545} INFO - Filling up the DagBag from /opt/airflow/dags/scripts/loaders/load_laptops.py
[2026-02-13T05:06:59.733+0000] {logging_mixin.py:188} INFO - 🚀 Loading LAPTOPS data
[2026-02-13T05:06:59.933+0000] {logging_mixin.py:188} INFO - ✅ Laptops table refreshed successfully
[2026-02-13T05:06:59.934+0000] {processor.py:842} WARNING - No viable dags retrieved from /opt/airflow/dags/scripts/loaders/load_laptops.py
[2026-02-13T05:06:59.951+0000] {processor.py:183} INFO - Processing /opt/airflow/dags/scripts/loaders/load_laptops.py took 0.980 seconds
[2026-02-13T05:07:31.911+0000] {processor.py:161} INFO - Started process (PID=10077) to work on /opt/airflow/dags/scripts/loaders/load_laptops.py
[2026-02-13T05:07:31.913+0000] {processor.py:830} INFO - Processing file /opt/airflow/dags/scripts/loaders/load_laptops.py for tasks to queue
[2026-02-13T05:07:31.917+0000] {logging_mixin.py:188} INFO - [2026-02-13T05:07:31.917+0000] {dagbag.py:545} INFO - Filling up the DagBag from /opt/airflow/dags/scripts/loaders/load_laptops.py
[2026-02-13T05:07:32.555+0000] {logging_mixin.py:188} INFO - 🚀 Loading LAPTOPS data
[2026-02-13T05:07:32.758+0000] {logging_mixin.py:188} INFO - ✅ Laptops table refreshed successfully
[2026-02-13T05:07:32.759+0000] {processor.py:842} WARNING - No viable dags retrieved from /opt/airflow/dags/scripts/loaders/load_laptops.py
[2026-02-13T05:07:32.776+0000] {processor.py:183} INFO - Processing /opt/airflow/dags/scripts/loaders/load_laptops.py took 0.875 seconds
[2026-02-13T05:08:04.689+0000] {processor.py:161} INFO - Started process (PID=10106) to work on /opt/airflow/dags/scripts/loaders/load_laptops.py
[2026-02-13T05:08:04.691+0000] {processor.py:830} INFO - Processing file /opt/airflow/dags/scripts/loaders/load_laptops.py for tasks to queue
[2026-02-13T05:08:04.694+0000] {logging_mixin.py:188} INFO - [2026-02-13T05:08:04.693+0000] {dagbag.py:545} INFO - Filling up the DagBag from /opt/airflow/dags/scripts/loaders/load_laptops.py
[2026-02-13T05:08:05.339+0000] {logging_mixin.py:188} INFO - 🚀 Loading LAPTOPS data
[2026-02-13T05:08:05.543+0000] {logging_mixin.py:188} INFO - ✅ Laptops table refreshed successfully
[2026-02-13T05:08:05.544+0000] {processor.py:842} WARNING - No viable dags retrieved from /opt/airflow/dags/scripts/loaders/load_laptops.py
[2026-02-13T05:08:05.563+0000] {processor.py:183} INFO - Processing /opt/airflow/dags/scripts/loaders/load_laptops.py took 0.882 seconds
[2026-02-13T05:08:37.065+0000] {processor.py:161} INFO - Started process (PID=10135) to work on /opt/airflow/dags/scripts/loaders/load_laptops.py
[2026-02-13T05:08:37.067+0000] {processor.py:830} INFO - Processing file /opt/airflow/dags/scripts/loaders/load_laptops.py for tasks to queue
[2026-02-13T05:08:37.071+0000] {logging_mixin.py:188} INFO - [2026-02-13T05:08:37.070+0000] {dagbag.py:545} INFO - Filling up the DagBag from /opt/airflow/dags/scripts/loaders/load_laptops.py
[2026-02-13T05:08:37.719+0000] {logging_mixin.py:188} INFO - 🚀 Loading LAPTOPS data
[2026-02-13T05:08:37.911+0000] {logging_mixin.py:188} INFO - ✅ Laptops table refreshed successfully
[2026-02-13T05:08:37.912+0000] {processor.py:842} WARNING - No viable dags retrieved from /opt/airflow/dags/scripts/loaders/load_laptops.py
[2026-02-13T05:08:37.930+0000] {processor.py:183} INFO - Processing /opt/airflow/dags/scripts/loaders/load_laptops.py took 0.875 seconds
[2026-02-13T05:09:10.626+0000] {processor.py:161} INFO - Started process (PID=10164) to work on /opt/airflow/dags/scripts/loaders/load_laptops.py
[2026-02-13T05:09:10.628+0000] {processor.py:830} INFO - Processing file /opt/airflow/dags/scripts/loaders/load_laptops.py for tasks to queue
[2026-02-13T05:09:10.632+0000] {logging_mixin.py:188} INFO - [2026-02-13T05:09:10.631+0000] {dagbag.py:545} INFO - Filling up the DagBag from /opt/airflow/dags/scripts/loaders/load_laptops.py
[2026-02-13T05:09:11.398+0000] {logging_mixin.py:188} INFO - 🚀 Loading LAPTOPS data
[2026-02-13T05:09:11.631+0000] {logging_mixin.py:188} INFO - ✅ Laptops table refreshed successfully
[2026-02-13T05:09:11.632+0000] {processor.py:842} WARNING - No viable dags retrieved from /opt/airflow/dags/scripts/loaders/load_laptops.py
[2026-02-13T05:09:11.659+0000] {processor.py:183} INFO - Processing /opt/airflow/dags/scripts/loaders/load_laptops.py took 1.040 seconds
[2026-02-13T05:09:43.508+0000] {processor.py:161} INFO - Started process (PID=10193) to work on /opt/airflow/dags/scripts/loaders/load_laptops.py
[2026-02-13T05:09:43.509+0000] {processor.py:830} INFO - Processing file /opt/airflow/dags/scripts/loaders/load_laptops.py for tasks to queue
[2026-02-13T05:09:43.512+0000] {logging_mixin.py:188} INFO - [2026-02-13T05:09:43.512+0000] {dagbag.py:545} INFO - Filling up the DagBag from /opt/airflow/dags/scripts/loaders/load_laptops.py
[2026-02-13T05:09:44.209+0000] {logging_mixin.py:188} INFO - 🚀 Loading LAPTOPS data
[2026-02-13T05:09:44.396+0000] {logging_mixin.py:188} INFO - ✅ Laptops table refreshed successfully
[2026-02-13T05:09:44.397+0000] {processor.py:842} WARNING - No viable dags retrieved from /opt/airflow/dags/scripts/loaders/load_laptops.py
[2026-02-13T05:09:44.411+0000] {processor.py:183} INFO - Processing /opt/airflow/dags/scripts/loaders/load_laptops.py took 0.911 seconds
[2026-02-13T05:10:16.009+0000] {processor.py:161} INFO - Started process (PID=10222) to work on /opt/airflow/dags/scripts/loaders/load_laptops.py
[2026-02-13T05:10:16.011+0000] {processor.py:830} INFO - Processing file /opt/airflow/dags/scripts/loaders/load_laptops.py for tasks to queue
[2026-02-13T05:10:16.015+0000] {logging_mixin.py:188} INFO - [2026-02-13T05:10:16.014+0000] {dagbag.py:545} INFO - Filling up the DagBag from /opt/airflow/dags/scripts/loaders/load_laptops.py
[2026-02-13T05:10:16.638+0000] {logging_mixin.py:188} INFO - 🚀 Loading LAPTOPS data
[2026-02-13T05:10:16.820+0000] {logging_mixin.py:188} INFO - ✅ Laptops table refreshed successfully
[2026-02-13T05:10:16.821+0000] {processor.py:842} WARNING - No viable dags retrieved from /opt/airflow/dags/scripts/loaders/load_laptops.py
[2026-02-13T05:10:16.837+0000] {processor.py:183} INFO - Processing /opt/airflow/dags/scripts/loaders/load_laptops.py took 0.839 seconds
[2026-02-13T05:10:48.514+0000] {processor.py:161} INFO - Started process (PID=10251) to work on /opt/airflow/dags/scripts/loaders/load_laptops.py
[2026-02-13T05:10:48.516+0000] {processor.py:830} INFO - Processing file /opt/airflow/dags/scripts/loaders/load_laptops.py for tasks to queue
[2026-02-13T05:10:48.519+0000] {logging_mixin.py:188} INFO - [2026-02-13T05:10:48.518+0000] {dagbag.py:545} INFO - Filling up the DagBag from /opt/airflow/dags/scripts/loaders/load_laptops.py
[2026-02-13T05:10:49.136+0000] {logging_mixin.py:188} INFO - 🚀 Loading LAPTOPS data
[2026-02-13T05:10:49.319+0000] {logging_mixin.py:188} INFO - ✅ Laptops table refreshed successfully
[2026-02-13T05:10:49.320+0000] {processor.py:842} WARNING - No viable dags retrieved from /opt/airflow/dags/scripts/loaders/load_laptops.py
[2026-02-13T05:10:49.334+0000] {processor.py:183} INFO - Processing /opt/airflow/dags/scripts/loaders/load_laptops.py took 0.828 seconds
[2026-02-13T05:11:22.346+0000] {processor.py:161} INFO - Started process (PID=10280) to work on /opt/airflow/dags/scripts/loaders/load_laptops.py
[2026-02-13T05:11:22.348+0000] {processor.py:830} INFO - Processing file /opt/airflow/dags/scripts/loaders/load_laptops.py for tasks to queue
[2026-02-13T05:11:22.351+0000] {logging_mixin.py:188} INFO - [2026-02-13T05:11:22.351+0000] {dagbag.py:545} INFO - Filling up the DagBag from /opt/airflow/dags/scripts/loaders/load_laptops.py
[2026-02-13T05:11:23.143+0000] {logging_mixin.py:188} INFO - 🚀 Loading LAPTOPS data
[2026-02-13T05:11:23.351+0000] {logging_mixin.py:188} INFO - ✅ Laptops table refreshed successfully
[2026-02-13T05:11:23.353+0000] {processor.py:842} WARNING - No viable dags retrieved from /opt/airflow/dags/scripts/loaders/load_laptops.py
[2026-02-13T05:11:23.369+0000] {processor.py:183} INFO - Processing /opt/airflow/dags/scripts/loaders/load_laptops.py took 1.033 seconds
[2026-02-13T05:11:54.462+0000] {processor.py:161} INFO - Started process (PID=10309) to work on /opt/airflow/dags/scripts/loaders/load_laptops.py
[2026-02-13T05:11:54.464+0000] {processor.py:830} INFO - Processing file /opt/airflow/dags/scripts/loaders/load_laptops.py for tasks to queue
[2026-02-13T05:11:54.466+0000] {logging_mixin.py:188} INFO - [2026-02-13T05:11:54.466+0000] {dagbag.py:545} INFO - Filling up the DagBag from /opt/airflow/dags/scripts/loaders/load_laptops.py
[2026-02-13T05:11:55.192+0000] {logging_mixin.py:188} INFO - 🚀 Loading LAPTOPS data
[2026-02-13T05:11:55.445+0000] {logging_mixin.py:188} INFO - ✅ Laptops table refreshed successfully
[2026-02-13T05:11:55.446+0000] {processor.py:842} WARNING - No viable dags retrieved from /opt/airflow/dags/scripts/loaders/load_laptops.py
[2026-02-13T05:11:55.461+0000] {processor.py:183} INFO - Processing /opt/airflow/dags/scripts/loaders/load_laptops.py took 1.007 seconds
[2026-02-13T05:12:27.366+0000] {processor.py:161} INFO - Started process (PID=10338) to work on /opt/airflow/dags/scripts/loaders/load_laptops.py
[2026-02-13T05:12:27.368+0000] {processor.py:830} INFO - Processing file /opt/airflow/dags/scripts/loaders/load_laptops.py for tasks to queue
[2026-02-13T05:12:27.371+0000] {logging_mixin.py:188} INFO - [2026-02-13T05:12:27.371+0000] {dagbag.py:545} INFO - Filling up the DagBag from /opt/airflow/dags/scripts/loaders/load_laptops.py
[2026-02-13T05:12:28.030+0000] {logging_mixin.py:188} INFO - 🚀 Loading LAPTOPS data
[2026-02-13T05:12:28.200+0000] {logging_mixin.py:188} INFO - ✅ Laptops table refreshed successfully
[2026-02-13T05:12:28.201+0000] {processor.py:842} WARNING - No viable dags retrieved from /opt/airflow/dags/scripts/loaders/load_laptops.py
[2026-02-13T05:12:28.214+0000] {processor.py:183} INFO - Processing /opt/airflow/dags/scripts/loaders/load_laptops.py took 0.858 seconds
[2026-02-13T05:13:00.866+0000] {processor.py:161} INFO - Started process (PID=10367) to work on /opt/airflow/dags/scripts/loaders/load_laptops.py
[2026-02-13T05:13:00.868+0000] {processor.py:830} INFO - Processing file /opt/airflow/dags/scripts/loaders/load_laptops.py for tasks to queue
[2026-02-13T05:13:00.872+0000] {logging_mixin.py:188} INFO - [2026-02-13T05:13:00.871+0000] {dagbag.py:545} INFO - Filling up the DagBag from /opt/airflow/dags/scripts/loaders/load_laptops.py
[2026-02-13T05:13:01.538+0000] {logging_mixin.py:188} INFO - 🚀 Loading LAPTOPS data
[2026-02-13T05:13:01.752+0000] {logging_mixin.py:188} INFO - ✅ Laptops table refreshed successfully
[2026-02-13T05:13:01.754+0000] {processor.py:842} WARNING - No viable dags retrieved from /opt/airflow/dags/scripts/loaders/load_laptops.py
[2026-02-13T05:13:01.773+0000] {processor.py:183} INFO - Processing /opt/airflow/dags/scripts/loaders/load_laptops.py took 0.915 seconds
[2026-02-13T05:13:33.359+0000] {processor.py:161} INFO - Started process (PID=10396) to work on /opt/airflow/dags/scripts/loaders/load_laptops.py
[2026-02-13T05:13:33.361+0000] {processor.py:830} INFO - Processing file /opt/airflow/dags/scripts/loaders/load_laptops.py for tasks to queue
[2026-02-13T05:13:33.365+0000] {logging_mixin.py:188} INFO - [2026-02-13T05:13:33.365+0000] {dagbag.py:545} INFO - Filling up the DagBag from /opt/airflow/dags/scripts/loaders/load_laptops.py
[2026-02-13T05:13:33.938+0000] {logging_mixin.py:188} INFO - 🚀 Loading LAPTOPS data
[2026-02-13T05:13:34.122+0000] {logging_mixin.py:188} INFO - ✅ Laptops table refreshed successfully
[2026-02-13T05:13:34.123+0000] {processor.py:842} WARNING - No viable dags retrieved from /opt/airflow/dags/scripts/loaders/load_laptops.py
[2026-02-13T05:13:34.139+0000] {processor.py:183} INFO - Processing /opt/airflow/dags/scripts/loaders/load_laptops.py took 0.790 seconds
[2026-02-13T05:14:05.965+0000] {processor.py:161} INFO - Started process (PID=10425) to work on /opt/airflow/dags/scripts/loaders/load_laptops.py
[2026-02-13T05:14:05.967+0000] {processor.py:830} INFO - Processing file /opt/airflow/dags/scripts/loaders/load_laptops.py for tasks to queue
[2026-02-13T05:14:05.971+0000] {logging_mixin.py:188} INFO - [2026-02-13T05:14:05.970+0000] {dagbag.py:545} INFO - Filling up the DagBag from /opt/airflow/dags/scripts/loaders/load_laptops.py
[2026-02-13T05:14:06.638+0000] {logging_mixin.py:188} INFO - 🚀 Loading LAPTOPS data
[2026-02-13T05:14:06.836+0000] {logging_mixin.py:188} INFO - ✅ Laptops table refreshed successfully
[2026-02-13T05:14:06.838+0000] {processor.py:842} WARNING - No viable dags retrieved from /opt/airflow/dags/scripts/loaders/load_laptops.py
[2026-02-13T05:14:06.852+0000] {processor.py:183} INFO - Processing /opt/airflow/dags/scripts/loaders/load_laptops.py took 0.896 seconds
[2026-02-13T05:14:38.632+0000] {processor.py:161} INFO - Started process (PID=10454) to work on /opt/airflow/dags/scripts/loaders/load_laptops.py
[2026-02-13T05:14:38.634+0000] {processor.py:830} INFO - Processing file /opt/airflow/dags/scripts/loaders/load_laptops.py for tasks to queue
[2026-02-13T05:14:38.637+0000] {logging_mixin.py:188} INFO - [2026-02-13T05:14:38.636+0000] {dagbag.py:545} INFO - Filling up the DagBag from /opt/airflow/dags/scripts/loaders/load_laptops.py
[2026-02-13T05:14:39.413+0000] {logging_mixin.py:188} INFO - 🚀 Loading LAPTOPS data
[2026-02-13T05:14:39.611+0000] {logging_mixin.py:188} INFO - ✅ Laptops table refreshed successfully
[2026-02-13T05:14:39.612+0000] {processor.py:842} WARNING - No viable dags retrieved from /opt/airflow/dags/scripts/loaders/load_laptops.py
[2026-02-13T05:14:39.629+0000] {processor.py:183} INFO - Processing /opt/airflow/dags/scripts/loaders/load_laptops.py took 1.006 seconds
[2026-02-13T05:15:12.211+0000] {processor.py:161} INFO - Started process (PID=10483) to work on /opt/airflow/dags/scripts/loaders/load_laptops.py
[2026-02-13T05:15:12.213+0000] {processor.py:830} INFO - Processing file /opt/airflow/dags/scripts/loaders/load_laptops.py for tasks to queue
[2026-02-13T05:15:12.219+0000] {logging_mixin.py:188} INFO - [2026-02-13T05:15:12.218+0000] {dagbag.py:545} INFO - Filling up the DagBag from /opt/airflow/dags/scripts/loaders/load_laptops.py
[2026-02-13T05:15:12.893+0000] {logging_mixin.py:188} INFO - 🚀 Loading LAPTOPS data
[2026-02-13T05:15:13.093+0000] {logging_mixin.py:188} INFO - ✅ Laptops table refreshed successfully
[2026-02-13T05:15:13.095+0000] {processor.py:842} WARNING - No viable dags retrieved from /opt/airflow/dags/scripts/loaders/load_laptops.py
[2026-02-13T05:15:13.117+0000] {processor.py:183} INFO - Processing /opt/airflow/dags/scripts/loaders/load_laptops.py took 0.918 seconds
[2026-02-13T05:15:44.729+0000] {processor.py:161} INFO - Started process (PID=10512) to work on /opt/airflow/dags/scripts/loaders/load_laptops.py
[2026-02-13T05:15:44.731+0000] {processor.py:830} INFO - Processing file /opt/airflow/dags/scripts/loaders/load_laptops.py for tasks to queue
[2026-02-13T05:15:44.735+0000] {logging_mixin.py:188} INFO - [2026-02-13T05:15:44.734+0000] {dagbag.py:545} INFO - Filling up the DagBag from /opt/airflow/dags/scripts/loaders/load_laptops.py
[2026-02-13T05:15:45.334+0000] {logging_mixin.py:188} INFO - 🚀 Loading LAPTOPS data
[2026-02-13T05:15:45.489+0000] {logging_mixin.py:188} INFO - ✅ Laptops table refreshed successfully
[2026-02-13T05:15:45.490+0000] {processor.py:842} WARNING - No viable dags retrieved from /opt/airflow/dags/scripts/loaders/load_laptops.py
[2026-02-13T05:15:45.508+0000] {processor.py:183} INFO - Processing /opt/airflow/dags/scripts/loaders/load_laptops.py took 0.789 seconds
[2026-02-13T05:16:17.792+0000] {processor.py:161} INFO - Started process (PID=10541) to work on /opt/airflow/dags/scripts/loaders/load_laptops.py
[2026-02-13T05:16:17.794+0000] {processor.py:830} INFO - Processing file /opt/airflow/dags/scripts/loaders/load_laptops.py for tasks to queue
[2026-02-13T05:16:17.798+0000] {logging_mixin.py:188} INFO - [2026-02-13T05:16:17.797+0000] {dagbag.py:545} INFO - Filling up the DagBag from /opt/airflow/dags/scripts/loaders/load_laptops.py
[2026-02-13T05:16:18.456+0000] {logging_mixin.py:188} INFO - 🚀 Loading LAPTOPS data
[2026-02-13T05:16:18.673+0000] {logging_mixin.py:188} INFO - ✅ Laptops table refreshed successfully
[2026-02-13T05:16:18.675+0000] {processor.py:842} WARNING - No viable dags retrieved from /opt/airflow/dags/scripts/loaders/load_laptops.py
[2026-02-13T05:16:18.696+0000] {processor.py:183} INFO - Processing /opt/airflow/dags/scripts/loaders/load_laptops.py took 0.913 seconds
[2026-02-13T05:16:50.526+0000] {processor.py:161} INFO - Started process (PID=10570) to work on /opt/airflow/dags/scripts/loaders/load_laptops.py
[2026-02-13T05:16:50.529+0000] {processor.py:830} INFO - Processing file /opt/airflow/dags/scripts/loaders/load_laptops.py for tasks to queue
[2026-02-13T05:16:50.533+0000] {logging_mixin.py:188} INFO - [2026-02-13T05:16:50.533+0000] {dagbag.py:545} INFO - Filling up the DagBag from /opt/airflow/dags/scripts/loaders/load_laptops.py
[2026-02-13T05:16:51.250+0000] {logging_mixin.py:188} INFO - 🚀 Loading LAPTOPS data
[2026-02-13T05:16:51.447+0000] {logging_mixin.py:188} INFO - ✅ Laptops table refreshed successfully
[2026-02-13T05:16:51.448+0000] {processor.py:842} WARNING - No viable dags retrieved from /opt/airflow/dags/scripts/loaders/load_laptops.py
[2026-02-13T05:16:51.464+0000] {processor.py:183} INFO - Processing /opt/airflow/dags/scripts/loaders/load_laptops.py took 0.953 seconds
[2026-02-13T05:17:23.238+0000] {processor.py:161} INFO - Started process (PID=10599) to work on /opt/airflow/dags/scripts/loaders/load_laptops.py
[2026-02-13T05:17:23.241+0000] {processor.py:830} INFO - Processing file /opt/airflow/dags/scripts/loaders/load_laptops.py for tasks to queue
[2026-02-13T05:17:23.244+0000] {logging_mixin.py:188} INFO - [2026-02-13T05:17:23.243+0000] {dagbag.py:545} INFO - Filling up the DagBag from /opt/airflow/dags/scripts/loaders/load_laptops.py
[2026-02-13T05:17:23.927+0000] {logging_mixin.py:188} INFO - 🚀 Loading LAPTOPS data
[2026-02-13T05:17:24.147+0000] {logging_mixin.py:188} INFO - ✅ Laptops table refreshed successfully
[2026-02-13T05:17:24.149+0000] {processor.py:842} WARNING - No viable dags retrieved from /opt/airflow/dags/scripts/loaders/load_laptops.py
[2026-02-13T05:17:24.174+0000] {processor.py:183} INFO - Processing /opt/airflow/dags/scripts/loaders/load_laptops.py took 0.944 seconds
[2026-02-13T05:17:57.267+0000] {processor.py:161} INFO - Started process (PID=10628) to work on /opt/airflow/dags/scripts/loaders/load_laptops.py
[2026-02-13T05:17:57.270+0000] {processor.py:830} INFO - Processing file /opt/airflow/dags/scripts/loaders/load_laptops.py for tasks to queue
[2026-02-13T05:17:57.275+0000] {logging_mixin.py:188} INFO - [2026-02-13T05:17:57.274+0000] {dagbag.py:545} INFO - Filling up the DagBag from /opt/airflow/dags/scripts/loaders/load_laptops.py
[2026-02-13T05:17:58.283+0000] {logging_mixin.py:188} INFO - 🚀 Loading LAPTOPS data
[2026-02-13T05:17:58.553+0000] {logging_mixin.py:188} INFO - ✅ Laptops table refreshed successfully
[2026-02-13T05:17:58.555+0000] {processor.py:842} WARNING - No viable dags retrieved from /opt/airflow/dags/scripts/loaders/load_laptops.py
[2026-02-13T05:17:58.577+0000] {processor.py:183} INFO - Processing /opt/airflow/dags/scripts/loaders/load_laptops.py took 1.322 seconds
[2026-02-13T05:18:31.397+0000] {processor.py:161} INFO - Started process (PID=10657) to work on /opt/airflow/dags/scripts/loaders/load_laptops.py
[2026-02-13T05:18:31.400+0000] {processor.py:830} INFO - Processing file /opt/airflow/dags/scripts/loaders/load_laptops.py for tasks to queue
[2026-02-13T05:18:31.407+0000] {logging_mixin.py:188} INFO - [2026-02-13T05:18:31.406+0000] {dagbag.py:545} INFO - Filling up the DagBag from /opt/airflow/dags/scripts/loaders/load_laptops.py
[2026-02-13T05:18:33.061+0000] {logging_mixin.py:188} INFO - 🚀 Loading LAPTOPS data
[2026-02-13T05:18:34.002+0000] {logging_mixin.py:188} INFO - ✅ Laptops table refreshed successfully
[2026-02-13T05:18:34.005+0000] {processor.py:842} WARNING - No viable dags retrieved from /opt/airflow/dags/scripts/loaders/load_laptops.py
[2026-02-13T05:18:34.086+0000] {processor.py:183} INFO - Processing /opt/airflow/dags/scripts/loaders/load_laptops.py took 2.707 seconds
[2026-02-13T05:19:16.569+0000] {processor.py:161} INFO - Started process (PID=10685) to work on /opt/airflow/dags/scripts/loaders/load_laptops.py
[2026-02-13T05:19:16.573+0000] {processor.py:830} INFO - Processing file /opt/airflow/dags/scripts/loaders/load_laptops.py for tasks to queue
[2026-02-13T05:19:16.587+0000] {logging_mixin.py:188} INFO - [2026-02-13T05:19:16.585+0000] {dagbag.py:545} INFO - Filling up the DagBag from /opt/airflow/dags/scripts/loaders/load_laptops.py
[2026-02-13T05:19:17.884+0000] {logging_mixin.py:188} INFO - 🚀 Loading LAPTOPS data
[2026-02-13T05:19:18.449+0000] {logging_mixin.py:188} INFO - ✅ Laptops table refreshed successfully
[2026-02-13T05:19:18.451+0000] {processor.py:842} WARNING - No viable dags retrieved from /opt/airflow/dags/scripts/loaders/load_laptops.py
[2026-02-13T05:19:18.494+0000] {processor.py:183} INFO - Processing /opt/airflow/dags/scripts/loaders/load_laptops.py took 1.948 seconds
[2026-02-13T05:20:04.432+0000] {processor.py:161} INFO - Started process (PID=10714) to work on /opt/airflow/dags/scripts/loaders/load_laptops.py
[2026-02-13T05:20:04.442+0000] {processor.py:830} INFO - Processing file /opt/airflow/dags/scripts/loaders/load_laptops.py for tasks to queue
[2026-02-13T05:20:04.455+0000] {logging_mixin.py:188} INFO - [2026-02-13T05:20:04.453+0000] {dagbag.py:545} INFO - Filling up the DagBag from /opt/airflow/dags/scripts/loaders/load_laptops.py
[2026-02-13T05:20:05.824+0000] {logging_mixin.py:188} INFO - 🚀 Loading LAPTOPS data
[2026-02-13T05:20:06.343+0000] {logging_mixin.py:188} INFO - ✅ Laptops table refreshed successfully
[2026-02-13T05:20:06.347+0000] {processor.py:842} WARNING - No viable dags retrieved from /opt/airflow/dags/scripts/loaders/load_laptops.py
[2026-02-13T05:20:06.394+0000] {processor.py:183} INFO - Processing /opt/airflow/dags/scripts/loaders/load_laptops.py took 1.990 seconds
[2026-02-13T05:20:37.782+0000] {processor.py:161} INFO - Started process (PID=10744) to work on /opt/airflow/dags/scripts/loaders/load_laptops.py
[2026-02-13T05:20:37.787+0000] {processor.py:830} INFO - Processing file /opt/airflow/dags/scripts/loaders/load_laptops.py for tasks to queue
[2026-02-13T05:20:37.794+0000] {logging_mixin.py:188} INFO - [2026-02-13T05:20:37.793+0000] {dagbag.py:545} INFO - Filling up the DagBag from /opt/airflow/dags/scripts/loaders/load_laptops.py
[2026-02-13T05:20:39.743+0000] {logging_mixin.py:188} INFO - 🚀 Loading LAPTOPS data
[2026-02-13T05:20:40.473+0000] {logging_mixin.py:188} INFO - ✅ Laptops table refreshed successfully
[2026-02-13T05:20:40.476+0000] {processor.py:842} WARNING - No viable dags retrieved from /opt/airflow/dags/scripts/loaders/load_laptops.py
[2026-02-13T05:20:40.544+0000] {processor.py:183} INFO - Processing /opt/airflow/dags/scripts/loaders/load_laptops.py took 2.784 seconds
[2026-02-13T05:21:11.604+0000] {processor.py:161} INFO - Started process (PID=10778) to work on /opt/airflow/dags/scripts/loaders/load_laptops.py
[2026-02-13T05:21:11.611+0000] {processor.py:830} INFO - Processing file /opt/airflow/dags/scripts/loaders/load_laptops.py for tasks to queue
[2026-02-13T05:21:11.624+0000] {logging_mixin.py:188} INFO - [2026-02-13T05:21:11.620+0000] {dagbag.py:545} INFO - Filling up the DagBag from /opt/airflow/dags/scripts/loaders/load_laptops.py
[2026-02-13T05:21:12.664+0000] {logging_mixin.py:188} INFO - 🚀 Loading LAPTOPS data
[2026-02-13T05:21:13.053+0000] {logging_mixin.py:188} INFO - ✅ Laptops table refreshed successfully
[2026-02-13T05:21:13.054+0000] {processor.py:842} WARNING - No viable dags retrieved from /opt/airflow/dags/scripts/loaders/load_laptops.py
[2026-02-13T05:21:13.087+0000] {processor.py:183} INFO - Processing /opt/airflow/dags/scripts/loaders/load_laptops.py took 1.508 seconds
[2026-02-13T05:21:43.844+0000] {processor.py:161} INFO - Started process (PID=10809) to work on /opt/airflow/dags/scripts/loaders/load_laptops.py
[2026-02-13T05:21:43.848+0000] {processor.py:830} INFO - Processing file /opt/airflow/dags/scripts/loaders/load_laptops.py for tasks to queue
[2026-02-13T05:21:43.853+0000] {logging_mixin.py:188} INFO - [2026-02-13T05:21:43.852+0000] {dagbag.py:545} INFO - Filling up the DagBag from /opt/airflow/dags/scripts/loaders/load_laptops.py
[2026-02-13T05:21:44.947+0000] {logging_mixin.py:188} INFO - 🚀 Loading LAPTOPS data
[2026-02-13T05:21:45.282+0000] {logging_mixin.py:188} INFO - ✅ Laptops table refreshed successfully
[2026-02-13T05:21:45.283+0000] {processor.py:842} WARNING - No viable dags retrieved from /opt/airflow/dags/scripts/loaders/load_laptops.py
[2026-02-13T05:21:45.310+0000] {processor.py:183} INFO - Processing /opt/airflow/dags/scripts/loaders/load_laptops.py took 1.480 seconds
[2026-02-13T05:22:15.512+0000] {processor.py:161} INFO - Started process (PID=10836) to work on /opt/airflow/dags/scripts/loaders/load_laptops.py
[2026-02-13T05:22:15.517+0000] {processor.py:830} INFO - Processing file /opt/airflow/dags/scripts/loaders/load_laptops.py for tasks to queue
[2026-02-13T05:22:15.525+0000] {logging_mixin.py:188} INFO - [2026-02-13T05:22:15.523+0000] {dagbag.py:545} INFO - Filling up the DagBag from /opt/airflow/dags/scripts/loaders/load_laptops.py
[2026-02-13T05:22:16.500+0000] {logging_mixin.py:188} INFO - 🚀 Loading LAPTOPS data
[2026-02-13T05:22:16.804+0000] {logging_mixin.py:188} INFO - ✅ Laptops table refreshed successfully
[2026-02-13T05:22:16.806+0000] {processor.py:842} WARNING - No viable dags retrieved from /opt/airflow/dags/scripts/loaders/load_laptops.py
[2026-02-13T05:22:16.830+0000] {processor.py:183} INFO - Processing /opt/airflow/dags/scripts/loaders/load_laptops.py took 1.338 seconds
[2026-02-13T05:22:47.214+0000] {processor.py:161} INFO - Started process (PID=10865) to work on /opt/airflow/dags/scripts/loaders/load_laptops.py
[2026-02-13T05:22:47.225+0000] {processor.py:830} INFO - Processing file /opt/airflow/dags/scripts/loaders/load_laptops.py for tasks to queue
[2026-02-13T05:22:47.230+0000] {logging_mixin.py:188} INFO - [2026-02-13T05:22:47.229+0000] {dagbag.py:545} INFO - Filling up the DagBag from /opt/airflow/dags/scripts/loaders/load_laptops.py
[2026-02-13T05:22:48.284+0000] {logging_mixin.py:188} INFO - 🚀 Loading LAPTOPS data
[2026-02-13T05:22:48.624+0000] {logging_mixin.py:188} INFO - ✅ Laptops table refreshed successfully
[2026-02-13T05:22:48.626+0000] {processor.py:842} WARNING - No viable dags retrieved from /opt/airflow/dags/scripts/loaders/load_laptops.py
[2026-02-13T05:22:48.653+0000] {processor.py:183} INFO - Processing /opt/airflow/dags/scripts/loaders/load_laptops.py took 1.450 seconds
[2026-02-13T05:23:19.343+0000] {processor.py:161} INFO - Started process (PID=10894) to work on /opt/airflow/dags/scripts/loaders/load_laptops.py
[2026-02-13T05:23:19.346+0000] {processor.py:830} INFO - Processing file /opt/airflow/dags/scripts/loaders/load_laptops.py for tasks to queue
[2026-02-13T05:23:19.350+0000] {logging_mixin.py:188} INFO - [2026-02-13T05:23:19.350+0000] {dagbag.py:545} INFO - Filling up the DagBag from /opt/airflow/dags/scripts/loaders/load_laptops.py
[2026-02-13T05:23:20.567+0000] {logging_mixin.py:188} INFO - 🚀 Loading LAPTOPS data
[2026-02-13T05:23:21.975+0000] {logging_mixin.py:188} INFO - ✅ Laptops table refreshed successfully
[2026-02-13T05:23:21.977+0000] {processor.py:842} WARNING - No viable dags retrieved from /opt/airflow/dags/scripts/loaders/load_laptops.py
[2026-02-13T05:23:22.006+0000] {processor.py:183} INFO - Processing /opt/airflow/dags/scripts/loaders/load_laptops.py took 2.678 seconds
[2026-02-13T05:23:52.941+0000] {processor.py:161} INFO - Started process (PID=10925) to work on /opt/airflow/dags/scripts/loaders/load_laptops.py
[2026-02-13T05:23:52.944+0000] {processor.py:830} INFO - Processing file /opt/airflow/dags/scripts/loaders/load_laptops.py for tasks to queue
[2026-02-13T05:23:52.951+0000] {logging_mixin.py:188} INFO - [2026-02-13T05:23:52.949+0000] {dagbag.py:545} INFO - Filling up the DagBag from /opt/airflow/dags/scripts/loaders/load_laptops.py
[2026-02-13T05:23:53.981+0000] {logging_mixin.py:188} INFO - 🚀 Loading LAPTOPS data
[2026-02-13T05:23:54.284+0000] {logging_mixin.py:188} INFO - ✅ Laptops table refreshed successfully
[2026-02-13T05:23:54.286+0000] {processor.py:842} WARNING - No viable dags retrieved from /opt/airflow/dags/scripts/loaders/load_laptops.py
[2026-02-13T05:23:54.322+0000] {processor.py:183} INFO - Processing /opt/airflow/dags/scripts/loaders/load_laptops.py took 1.396 seconds
[2026-02-13T05:24:24.682+0000] {processor.py:161} INFO - Started process (PID=10954) to work on /opt/airflow/dags/scripts/loaders/load_laptops.py
[2026-02-13T05:24:24.685+0000] {processor.py:830} INFO - Processing file /opt/airflow/dags/scripts/loaders/load_laptops.py for tasks to queue
[2026-02-13T05:24:24.689+0000] {logging_mixin.py:188} INFO - [2026-02-13T05:24:24.689+0000] {dagbag.py:545} INFO - Filling up the DagBag from /opt/airflow/dags/scripts/loaders/load_laptops.py
[2026-02-13T05:24:25.560+0000] {logging_mixin.py:188} INFO - 🚀 Loading LAPTOPS data
[2026-02-13T05:24:25.849+0000] {logging_mixin.py:188} INFO - ✅ Laptops table refreshed successfully
[2026-02-13T05:24:25.850+0000] {processor.py:842} WARNING - No viable dags retrieved from /opt/airflow/dags/scripts/loaders/load_laptops.py
[2026-02-13T05:24:25.872+0000] {processor.py:183} INFO - Processing /opt/airflow/dags/scripts/loaders/load_laptops.py took 1.205 seconds
[2026-02-13T05:24:56.191+0000] {processor.py:161} INFO - Started process (PID=10983) to work on /opt/airflow/dags/scripts/loaders/load_laptops.py
[2026-02-13T05:24:56.194+0000] {processor.py:830} INFO - Processing file /opt/airflow/dags/scripts/loaders/load_laptops.py for tasks to queue
[2026-02-13T05:24:56.201+0000] {logging_mixin.py:188} INFO - [2026-02-13T05:24:56.200+0000] {dagbag.py:545} INFO - Filling up the DagBag from /opt/airflow/dags/scripts/loaders/load_laptops.py
[2026-02-13T05:24:57.073+0000] {logging_mixin.py:188} INFO - 🚀 Loading LAPTOPS data
[2026-02-13T05:24:57.285+0000] {logging_mixin.py:188} INFO - ✅ Laptops table refreshed successfully
[2026-02-13T05:24:57.286+0000] {processor.py:842} WARNING - No viable dags retrieved from /opt/airflow/dags/scripts/loaders/load_laptops.py
[2026-02-13T05:24:57.302+0000] {processor.py:183} INFO - Processing /opt/airflow/dags/scripts/loaders/load_laptops.py took 1.125 seconds
[2026-02-13T05:25:29.406+0000] {processor.py:161} INFO - Started process (PID=11010) to work on /opt/airflow/dags/scripts/loaders/load_laptops.py
[2026-02-13T05:25:29.413+0000] {processor.py:830} INFO - Processing file /opt/airflow/dags/scripts/loaders/load_laptops.py for tasks to queue
[2026-02-13T05:25:29.419+0000] {logging_mixin.py:188} INFO - [2026-02-13T05:25:29.418+0000] {dagbag.py:545} INFO - Filling up the DagBag from /opt/airflow/dags/scripts/loaders/load_laptops.py
[2026-02-13T05:25:30.537+0000] {logging_mixin.py:188} INFO - 🚀 Loading LAPTOPS data
[2026-02-13T05:25:30.865+0000] {logging_mixin.py:188} INFO - ✅ Laptops table refreshed successfully
[2026-02-13T05:25:30.867+0000] {processor.py:842} WARNING - No viable dags retrieved from /opt/airflow/dags/scripts/loaders/load_laptops.py
[2026-02-13T05:25:30.905+0000] {processor.py:183} INFO - Processing /opt/airflow/dags/scripts/loaders/load_laptops.py took 1.514 seconds
[2026-02-13T05:26:01.948+0000] {processor.py:161} INFO - Started process (PID=11039) to work on /opt/airflow/dags/scripts/loaders/load_laptops.py
[2026-02-13T05:26:01.952+0000] {processor.py:830} INFO - Processing file /opt/airflow/dags/scripts/loaders/load_laptops.py for tasks to queue
[2026-02-13T05:26:01.960+0000] {logging_mixin.py:188} INFO - [2026-02-13T05:26:01.958+0000] {dagbag.py:545} INFO - Filling up the DagBag from /opt/airflow/dags/scripts/loaders/load_laptops.py
[2026-02-13T05:26:02.670+0000] {logging_mixin.py:188} INFO - 🚀 Loading LAPTOPS data
[2026-02-13T05:26:02.982+0000] {logging_mixin.py:188} INFO - ✅ Laptops table refreshed successfully
[2026-02-13T05:26:02.984+0000] {processor.py:842} WARNING - No viable dags retrieved from /opt/airflow/dags/scripts/loaders/load_laptops.py
[2026-02-13T05:26:03.024+0000] {processor.py:183} INFO - Processing /opt/airflow/dags/scripts/loaders/load_laptops.py took 1.093 seconds
[2026-02-13T05:26:33.497+0000] {processor.py:161} INFO - Started process (PID=11068) to work on /opt/airflow/dags/scripts/loaders/load_laptops.py
[2026-02-13T05:26:33.515+0000] {processor.py:830} INFO - Processing file /opt/airflow/dags/scripts/loaders/load_laptops.py for tasks to queue
[2026-02-13T05:26:33.520+0000] {logging_mixin.py:188} INFO - [2026-02-13T05:26:33.520+0000] {dagbag.py:545} INFO - Filling up the DagBag from /opt/airflow/dags/scripts/loaders/load_laptops.py
[2026-02-13T05:26:34.247+0000] {logging_mixin.py:188} INFO - 🚀 Loading LAPTOPS data
[2026-02-13T05:26:34.515+0000] {logging_mixin.py:188} INFO - ✅ Laptops table refreshed successfully
[2026-02-13T05:26:34.516+0000] {processor.py:842} WARNING - No viable dags retrieved from /opt/airflow/dags/scripts/loaders/load_laptops.py
[2026-02-13T05:26:34.533+0000] {processor.py:183} INFO - Processing /opt/airflow/dags/scripts/loaders/load_laptops.py took 1.048 seconds
[2026-02-13T05:42:13.532+0000] {processor.py:161} INFO - Started process (PID=11091) to work on /opt/airflow/dags/scripts/loaders/load_laptops.py
[2026-02-13T05:42:13.535+0000] {processor.py:830} INFO - Processing file /opt/airflow/dags/scripts/loaders/load_laptops.py for tasks to queue
[2026-02-13T05:42:13.538+0000] {logging_mixin.py:188} INFO - [2026-02-13T05:42:13.538+0000] {dagbag.py:545} INFO - Filling up the DagBag from /opt/airflow/dags/scripts/loaders/load_laptops.py
[2026-02-13T05:42:14.331+0000] {logging_mixin.py:188} INFO - 🚀 Loading LAPTOPS data
[2026-02-13T05:42:14.576+0000] {logging_mixin.py:188} INFO - ✅ Laptops table refreshed successfully
[2026-02-13T05:42:14.577+0000] {processor.py:842} WARNING - No viable dags retrieved from /opt/airflow/dags/scripts/loaders/load_laptops.py
[2026-02-13T05:42:14.599+0000] {processor.py:183} INFO - Processing /opt/airflow/dags/scripts/loaders/load_laptops.py took 1.079 seconds
[2026-02-13T05:42:45.135+0000] {processor.py:161} INFO - Started process (PID=11120) to work on /opt/airflow/dags/scripts/loaders/load_laptops.py
[2026-02-13T05:42:45.137+0000] {processor.py:830} INFO - Processing file /opt/airflow/dags/scripts/loaders/load_laptops.py for tasks to queue
[2026-02-13T05:42:45.141+0000] {logging_mixin.py:188} INFO - [2026-02-13T05:42:45.140+0000] {dagbag.py:545} INFO - Filling up the DagBag from /opt/airflow/dags/scripts/loaders/load_laptops.py
[2026-02-13T05:42:45.689+0000] {logging_mixin.py:188} INFO - 🚀 Loading LAPTOPS data
[2026-02-13T05:42:45.949+0000] {logging_mixin.py:188} INFO - ✅ Laptops table refreshed successfully
[2026-02-13T05:42:45.951+0000] {processor.py:842} WARNING - No viable dags retrieved from /opt/airflow/dags/scripts/loaders/load_laptops.py
[2026-02-13T05:42:45.976+0000] {processor.py:183} INFO - Processing /opt/airflow/dags/scripts/loaders/load_laptops.py took 0.848 seconds
[2026-02-13T05:43:16.520+0000] {processor.py:161} INFO - Started process (PID=11150) to work on /opt/airflow/dags/scripts/loaders/load_laptops.py
[2026-02-13T05:43:16.521+0000] {processor.py:830} INFO - Processing file /opt/airflow/dags/scripts/loaders/load_laptops.py for tasks to queue
[2026-02-13T05:43:16.523+0000] {logging_mixin.py:188} INFO - [2026-02-13T05:43:16.523+0000] {dagbag.py:545} INFO - Filling up the DagBag from /opt/airflow/dags/scripts/loaders/load_laptops.py
[2026-02-13T05:43:16.917+0000] {logging_mixin.py:188} INFO - 🚀 Loading LAPTOPS data
[2026-02-13T05:43:17.110+0000] {logging_mixin.py:188} INFO - ✅ Laptops table refreshed successfully
[2026-02-13T05:43:17.111+0000] {processor.py:842} WARNING - No viable dags retrieved from /opt/airflow/dags/scripts/loaders/load_laptops.py
[2026-02-13T05:43:17.141+0000] {processor.py:183} INFO - Processing /opt/airflow/dags/scripts/loaders/load_laptops.py took 0.626 seconds
[2026-02-13T05:43:49.202+0000] {processor.py:161} INFO - Started process (PID=11178) to work on /opt/airflow/dags/scripts/loaders/load_laptops.py
[2026-02-13T05:43:49.204+0000] {processor.py:830} INFO - Processing file /opt/airflow/dags/scripts/loaders/load_laptops.py for tasks to queue
[2026-02-13T05:43:49.206+0000] {logging_mixin.py:188} INFO - [2026-02-13T05:43:49.206+0000] {dagbag.py:545} INFO - Filling up the DagBag from /opt/airflow/dags/scripts/loaders/load_laptops.py
[2026-02-13T05:43:49.824+0000] {logging_mixin.py:188} INFO - 🚀 Loading LAPTOPS data
[2026-02-13T05:43:50.103+0000] {logging_mixin.py:188} INFO - ✅ Laptops table refreshed successfully
[2026-02-13T05:43:50.104+0000] {processor.py:842} WARNING - No viable dags retrieved from /opt/airflow/dags/scripts/loaders/load_laptops.py
[2026-02-13T05:43:50.120+0000] {processor.py:183} INFO - Processing /opt/airflow/dags/scripts/loaders/load_laptops.py took 0.924 seconds
[2026-02-13T05:44:21.966+0000] {processor.py:161} INFO - Started process (PID=11207) to work on /opt/airflow/dags/scripts/loaders/load_laptops.py
[2026-02-13T05:44:21.968+0000] {processor.py:830} INFO - Processing file /opt/airflow/dags/scripts/loaders/load_laptops.py for tasks to queue
[2026-02-13T05:44:21.971+0000] {logging_mixin.py:188} INFO - [2026-02-13T05:44:21.971+0000] {dagbag.py:545} INFO - Filling up the DagBag from /opt/airflow/dags/scripts/loaders/load_laptops.py
[2026-02-13T05:44:22.516+0000] {logging_mixin.py:188} INFO - 🚀 Loading LAPTOPS data
[2026-02-13T05:44:22.763+0000] {logging_mixin.py:188} INFO - ✅ Laptops table refreshed successfully
[2026-02-13T05:44:22.764+0000] {processor.py:842} WARNING - No viable dags retrieved from /opt/airflow/dags/scripts/loaders/load_laptops.py
[2026-02-13T05:44:22.792+0000] {processor.py:183} INFO - Processing /opt/airflow/dags/scripts/loaders/load_laptops.py took 0.835 seconds
[2026-02-13T05:44:54.505+0000] {processor.py:161} INFO - Started process (PID=11236) to work on /opt/airflow/dags/scripts/loaders/load_laptops.py
[2026-02-13T05:44:54.506+0000] {processor.py:830} INFO - Processing file /opt/airflow/dags/scripts/loaders/load_laptops.py for tasks to queue
[2026-02-13T05:44:54.509+0000] {logging_mixin.py:188} INFO - [2026-02-13T05:44:54.508+0000] {dagbag.py:545} INFO - Filling up the DagBag from /opt/airflow/dags/scripts/loaders/load_laptops.py
[2026-02-13T05:44:54.939+0000] {logging_mixin.py:188} INFO - 🚀 Loading LAPTOPS data
[2026-02-13T05:44:55.185+0000] {logging_mixin.py:188} INFO - ✅ Laptops table refreshed successfully
[2026-02-13T05:44:55.186+0000] {processor.py:842} WARNING - No viable dags retrieved from /opt/airflow/dags/scripts/loaders/load_laptops.py
[2026-02-13T05:44:55.214+0000] {processor.py:183} INFO - Processing /opt/airflow/dags/scripts/loaders/load_laptops.py took 0.717 seconds
[2026-02-13T05:45:27.786+0000] {processor.py:161} INFO - Started process (PID=11265) to work on /opt/airflow/dags/scripts/loaders/load_laptops.py
[2026-02-13T05:45:27.787+0000] {processor.py:830} INFO - Processing file /opt/airflow/dags/scripts/loaders/load_laptops.py for tasks to queue
[2026-02-13T05:45:27.791+0000] {logging_mixin.py:188} INFO - [2026-02-13T05:45:27.790+0000] {dagbag.py:545} INFO - Filling up the DagBag from /opt/airflow/dags/scripts/loaders/load_laptops.py
[2026-02-13T05:45:28.320+0000] {logging_mixin.py:188} INFO - 🚀 Loading LAPTOPS data
[2026-02-13T05:45:28.469+0000] {logging_mixin.py:188} INFO - ✅ Laptops table refreshed successfully
[2026-02-13T05:45:28.470+0000] {processor.py:842} WARNING - No viable dags retrieved from /opt/airflow/dags/scripts/loaders/load_laptops.py
[2026-02-13T05:45:28.481+0000] {processor.py:183} INFO - Processing /opt/airflow/dags/scripts/loaders/load_laptops.py took 0.702 seconds
[2026-02-13T05:46:00.316+0000] {processor.py:161} INFO - Started process (PID=11294) to work on /opt/airflow/dags/scripts/loaders/load_laptops.py
[2026-02-13T05:46:00.318+0000] {processor.py:830} INFO - Processing file /opt/airflow/dags/scripts/loaders/load_laptops.py for tasks to queue
[2026-02-13T05:46:00.320+0000] {logging_mixin.py:188} INFO - [2026-02-13T05:46:00.320+0000] {dagbag.py:545} INFO - Filling up the DagBag from /opt/airflow/dags/scripts/loaders/load_laptops.py
[2026-02-13T05:46:00.849+0000] {logging_mixin.py:188} INFO - 🚀 Loading LAPTOPS data
[2026-02-13T05:46:00.997+0000] {logging_mixin.py:188} INFO - ✅ Laptops table refreshed successfully
[2026-02-13T05:46:00.998+0000] {processor.py:842} WARNING - No viable dags retrieved from /opt/airflow/dags/scripts/loaders/load_laptops.py
[2026-02-13T05:46:01.009+0000] {processor.py:183} INFO - Processing /opt/airflow/dags/scripts/loaders/load_laptops.py took 0.699 seconds
[2026-02-13T05:46:33.596+0000] {processor.py:161} INFO - Started process (PID=11324) to work on /opt/airflow/dags/scripts/loaders/load_laptops.py
[2026-02-13T05:46:33.598+0000] {processor.py:830} INFO - Processing file /opt/airflow/dags/scripts/loaders/load_laptops.py for tasks to queue
[2026-02-13T05:46:33.600+0000] {logging_mixin.py:188} INFO - [2026-02-13T05:46:33.600+0000] {dagbag.py:545} INFO - Filling up the DagBag from /opt/airflow/dags/scripts/loaders/load_laptops.py
[2026-02-13T05:46:34.021+0000] {logging_mixin.py:188} INFO - 🚀 Loading LAPTOPS data
[2026-02-13T05:46:34.181+0000] {logging_mixin.py:188} INFO - ✅ Laptops table refreshed successfully
[2026-02-13T05:46:34.183+0000] {processor.py:842} WARNING - No viable dags retrieved from /opt/airflow/dags/scripts/loaders/load_laptops.py
[2026-02-13T05:46:34.199+0000] {processor.py:183} INFO - Processing /opt/airflow/dags/scripts/loaders/load_laptops.py took 0.610 seconds
[2026-02-13T05:47:06.666+0000] {processor.py:161} INFO - Started process (PID=11352) to work on /opt/airflow/dags/scripts/loaders/load_laptops.py
[2026-02-13T05:47:06.668+0000] {processor.py:830} INFO - Processing file /opt/airflow/dags/scripts/loaders/load_laptops.py for tasks to queue
[2026-02-13T05:47:06.670+0000] {logging_mixin.py:188} INFO - [2026-02-13T05:47:06.670+0000] {dagbag.py:545} INFO - Filling up the DagBag from /opt/airflow/dags/scripts/loaders/load_laptops.py
[2026-02-13T05:47:07.109+0000] {logging_mixin.py:188} INFO - 🚀 Loading LAPTOPS data
[2026-02-13T05:47:07.239+0000] {logging_mixin.py:188} INFO - ✅ Laptops table refreshed successfully
[2026-02-13T05:47:07.240+0000] {processor.py:842} WARNING - No viable dags retrieved from /opt/airflow/dags/scripts/loaders/load_laptops.py
[2026-02-13T05:47:07.253+0000] {processor.py:183} INFO - Processing /opt/airflow/dags/scripts/loaders/load_laptops.py took 0.592 seconds
[2026-02-13T05:47:39.147+0000] {processor.py:161} INFO - Started process (PID=11382) to work on /opt/airflow/dags/scripts/loaders/load_laptops.py
[2026-02-13T05:47:39.148+0000] {processor.py:830} INFO - Processing file /opt/airflow/dags/scripts/loaders/load_laptops.py for tasks to queue
[2026-02-13T05:47:39.151+0000] {logging_mixin.py:188} INFO - [2026-02-13T05:47:39.151+0000] {dagbag.py:545} INFO - Filling up the DagBag from /opt/airflow/dags/scripts/loaders/load_laptops.py
[2026-02-13T05:47:39.620+0000] {logging_mixin.py:188} INFO - 🚀 Loading LAPTOPS data
[2026-02-13T05:47:39.765+0000] {logging_mixin.py:188} INFO - ✅ Laptops table refreshed successfully
[2026-02-13T05:47:39.766+0000] {processor.py:842} WARNING - No viable dags retrieved from /opt/airflow/dags/scripts/loaders/load_laptops.py
[2026-02-13T05:47:39.779+0000] {processor.py:183} INFO - Processing /opt/airflow/dags/scripts/loaders/load_laptops.py took 0.639 seconds
[2026-02-13T05:48:12.456+0000] {processor.py:161} INFO - Started process (PID=11411) to work on /opt/airflow/dags/scripts/loaders/load_laptops.py
[2026-02-13T05:48:12.457+0000] {processor.py:830} INFO - Processing file /opt/airflow/dags/scripts/loaders/load_laptops.py for tasks to queue
[2026-02-13T05:48:12.460+0000] {logging_mixin.py:188} INFO - [2026-02-13T05:48:12.460+0000] {dagbag.py:545} INFO - Filling up the DagBag from /opt/airflow/dags/scripts/loaders/load_laptops.py
[2026-02-13T05:48:12.886+0000] {logging_mixin.py:188} INFO - 🚀 Loading LAPTOPS data
[2026-02-13T05:48:13.017+0000] {logging_mixin.py:188} INFO - ✅ Laptops table refreshed successfully
[2026-02-13T05:48:13.018+0000] {processor.py:842} WARNING - No viable dags retrieved from /opt/airflow/dags/scripts/loaders/load_laptops.py
[2026-02-13T05:48:13.030+0000] {processor.py:183} INFO - Processing /opt/airflow/dags/scripts/loaders/load_laptops.py took 0.581 seconds
[2026-02-13T05:48:45.126+0000] {processor.py:161} INFO - Started process (PID=11440) to work on /opt/airflow/dags/scripts/loaders/load_laptops.py
[2026-02-13T05:48:45.127+0000] {processor.py:830} INFO - Processing file /opt/airflow/dags/scripts/loaders/load_laptops.py for tasks to queue
[2026-02-13T05:48:45.131+0000] {logging_mixin.py:188} INFO - [2026-02-13T05:48:45.130+0000] {dagbag.py:545} INFO - Filling up the DagBag from /opt/airflow/dags/scripts/loaders/load_laptops.py
[2026-02-13T05:48:45.628+0000] {logging_mixin.py:188} INFO - 🚀 Loading LAPTOPS data
[2026-02-13T05:48:45.782+0000] {logging_mixin.py:188} INFO - ✅ Laptops table refreshed successfully
[2026-02-13T05:48:45.783+0000] {processor.py:842} WARNING - No viable dags retrieved from /opt/airflow/dags/scripts/loaders/load_laptops.py
[2026-02-13T05:48:45.798+0000] {processor.py:183} INFO - Processing /opt/airflow/dags/scripts/loaders/load_laptops.py took 0.678 seconds
[2026-02-13T05:49:18.689+0000] {processor.py:161} INFO - Started process (PID=11469) to work on /opt/airflow/dags/scripts/loaders/load_laptops.py
[2026-02-13T05:49:18.690+0000] {processor.py:830} INFO - Processing file /opt/airflow/dags/scripts/loaders/load_laptops.py for tasks to queue
[2026-02-13T05:49:18.693+0000] {logging_mixin.py:188} INFO - [2026-02-13T05:49:18.693+0000] {dagbag.py:545} INFO - Filling up the DagBag from /opt/airflow/dags/scripts/loaders/load_laptops.py
[2026-02-13T05:49:19.133+0000] {logging_mixin.py:188} INFO - 🚀 Loading LAPTOPS data
[2026-02-13T05:49:19.262+0000] {logging_mixin.py:188} INFO - ✅ Laptops table refreshed successfully
[2026-02-13T05:49:19.264+0000] {processor.py:842} WARNING - No viable dags retrieved from /opt/airflow/dags/scripts/loaders/load_laptops.py
[2026-02-13T05:49:19.278+0000] {processor.py:183} INFO - Processing /opt/airflow/dags/scripts/loaders/load_laptops.py took 0.594 seconds
[2026-02-13T05:49:51.558+0000] {processor.py:161} INFO - Started process (PID=11498) to work on /opt/airflow/dags/scripts/loaders/load_laptops.py
[2026-02-13T05:49:51.560+0000] {processor.py:830} INFO - Processing file /opt/airflow/dags/scripts/loaders/load_laptops.py for tasks to queue
[2026-02-13T05:49:51.563+0000] {logging_mixin.py:188} INFO - [2026-02-13T05:49:51.563+0000] {dagbag.py:545} INFO - Filling up the DagBag from /opt/airflow/dags/scripts/loaders/load_laptops.py
[2026-02-13T05:49:52.045+0000] {logging_mixin.py:188} INFO - 🚀 Loading LAPTOPS data
[2026-02-13T05:49:52.199+0000] {logging_mixin.py:188} INFO - ✅ Laptops table refreshed successfully
[2026-02-13T05:49:52.200+0000] {processor.py:842} WARNING - No viable dags retrieved from /opt/airflow/dags/scripts/loaders/load_laptops.py
[2026-02-13T05:49:52.215+0000] {processor.py:183} INFO - Processing /opt/airflow/dags/scripts/loaders/load_laptops.py took 0.662 seconds
[2026-02-13T05:50:23.881+0000] {processor.py:161} INFO - Started process (PID=11526) to work on /opt/airflow/dags/scripts/loaders/load_laptops.py
[2026-02-13T05:50:23.882+0000] {processor.py:830} INFO - Processing file /opt/airflow/dags/scripts/loaders/load_laptops.py for tasks to queue
[2026-02-13T05:50:23.885+0000] {logging_mixin.py:188} INFO - [2026-02-13T05:50:23.884+0000] {dagbag.py:545} INFO - Filling up the DagBag from /opt/airflow/dags/scripts/loaders/load_laptops.py
[2026-02-13T05:50:24.358+0000] {logging_mixin.py:188} INFO - 🚀 Loading LAPTOPS data
[2026-02-13T05:50:24.488+0000] {logging_mixin.py:188} INFO - ✅ Laptops table refreshed successfully
[2026-02-13T05:50:24.489+0000] {processor.py:842} WARNING - No viable dags retrieved from /opt/airflow/dags/scripts/loaders/load_laptops.py
[2026-02-13T05:50:24.502+0000] {processor.py:183} INFO - Processing /opt/airflow/dags/scripts/loaders/load_laptops.py took 0.627 seconds
[2026-02-13T05:50:57.604+0000] {processor.py:161} INFO - Started process (PID=11555) to work on /opt/airflow/dags/scripts/loaders/load_laptops.py
[2026-02-13T05:50:57.606+0000] {processor.py:830} INFO - Processing file /opt/airflow/dags/scripts/loaders/load_laptops.py for tasks to queue
[2026-02-13T05:50:57.609+0000] {logging_mixin.py:188} INFO - [2026-02-13T05:50:57.608+0000] {dagbag.py:545} INFO - Filling up the DagBag from /opt/airflow/dags/scripts/loaders/load_laptops.py
[2026-02-13T05:50:58.194+0000] {logging_mixin.py:188} INFO - 🚀 Loading LAPTOPS data
[2026-02-13T05:50:58.339+0000] {logging_mixin.py:188} INFO - ✅ Laptops table refreshed successfully
[2026-02-13T05:50:58.340+0000] {processor.py:842} WARNING - No viable dags retrieved from /opt/airflow/dags/scripts/loaders/load_laptops.py
[2026-02-13T05:50:58.353+0000] {processor.py:183} INFO - Processing /opt/airflow/dags/scripts/loaders/load_laptops.py took 0.768 seconds
[2026-02-13T05:51:30.249+0000] {processor.py:161} INFO - Started process (PID=11584) to work on /opt/airflow/dags/scripts/loaders/load_laptops.py
[2026-02-13T05:51:30.251+0000] {processor.py:830} INFO - Processing file /opt/airflow/dags/scripts/loaders/load_laptops.py for tasks to queue
[2026-02-13T05:51:30.255+0000] {logging_mixin.py:188} INFO - [2026-02-13T05:51:30.254+0000] {dagbag.py:545} INFO - Filling up the DagBag from /opt/airflow/dags/scripts/loaders/load_laptops.py
[2026-02-13T05:51:30.748+0000] {logging_mixin.py:188} INFO - 🚀 Loading LAPTOPS data
[2026-02-13T05:51:30.901+0000] {logging_mixin.py:188} INFO - ✅ Laptops table refreshed successfully
[2026-02-13T05:51:30.902+0000] {processor.py:842} WARNING - No viable dags retrieved from /opt/airflow/dags/scripts/loaders/load_laptops.py
[2026-02-13T05:51:30.922+0000] {processor.py:183} INFO - Processing /opt/airflow/dags/scripts/loaders/load_laptops.py took 0.680 seconds
[2026-02-13T05:52:03.323+0000] {processor.py:161} INFO - Started process (PID=11614) to work on /opt/airflow/dags/scripts/loaders/load_laptops.py
[2026-02-13T05:52:03.325+0000] {processor.py:830} INFO - Processing file /opt/airflow/dags/scripts/loaders/load_laptops.py for tasks to queue
[2026-02-13T05:52:03.328+0000] {logging_mixin.py:188} INFO - [2026-02-13T05:52:03.327+0000] {dagbag.py:545} INFO - Filling up the DagBag from /opt/airflow/dags/scripts/loaders/load_laptops.py
[2026-02-13T05:52:03.901+0000] {logging_mixin.py:188} INFO - 🚀 Loading LAPTOPS data
[2026-02-13T05:52:04.067+0000] {logging_mixin.py:188} INFO - ✅ Laptops table refreshed successfully
[2026-02-13T05:52:04.068+0000] {processor.py:842} WARNING - No viable dags retrieved from /opt/airflow/dags/scripts/loaders/load_laptops.py
[2026-02-13T05:52:04.086+0000] {processor.py:183} INFO - Processing /opt/airflow/dags/scripts/loaders/load_laptops.py took 0.771 seconds
[2026-02-13T05:52:36.148+0000] {processor.py:161} INFO - Started process (PID=11642) to work on /opt/airflow/dags/scripts/loaders/load_laptops.py
[2026-02-13T05:52:36.150+0000] {processor.py:830} INFO - Processing file /opt/airflow/dags/scripts/loaders/load_laptops.py for tasks to queue
[2026-02-13T05:52:36.153+0000] {logging_mixin.py:188} INFO - [2026-02-13T05:52:36.152+0000] {dagbag.py:545} INFO - Filling up the DagBag from /opt/airflow/dags/scripts/loaders/load_laptops.py
[2026-02-13T05:52:36.982+0000] {logging_mixin.py:188} INFO - 🚀 Loading LAPTOPS data
[2026-02-13T05:52:37.198+0000] {logging_mixin.py:188} INFO - ✅ Laptops table refreshed successfully
[2026-02-13T05:52:37.199+0000] {processor.py:842} WARNING - No viable dags retrieved from /opt/airflow/dags/scripts/loaders/load_laptops.py
[2026-02-13T05:52:37.210+0000] {processor.py:183} INFO - Processing /opt/airflow/dags/scripts/loaders/load_laptops.py took 1.069 seconds
[2026-02-13T05:53:09.195+0000] {processor.py:161} INFO - Started process (PID=11671) to work on /opt/airflow/dags/scripts/loaders/load_laptops.py
[2026-02-13T05:53:09.197+0000] {processor.py:830} INFO - Processing file /opt/airflow/dags/scripts/loaders/load_laptops.py for tasks to queue
[2026-02-13T05:53:09.199+0000] {logging_mixin.py:188} INFO - [2026-02-13T05:53:09.199+0000] {dagbag.py:545} INFO - Filling up the DagBag from /opt/airflow/dags/scripts/loaders/load_laptops.py
[2026-02-13T05:53:09.698+0000] {logging_mixin.py:188} INFO - 🚀 Loading LAPTOPS data
[2026-02-13T05:53:09.840+0000] {logging_mixin.py:188} INFO - ✅ Laptops table refreshed successfully
[2026-02-13T05:53:09.842+0000] {processor.py:842} WARNING - No viable dags retrieved from /opt/airflow/dags/scripts/loaders/load_laptops.py
[2026-02-13T05:53:09.866+0000] {processor.py:183} INFO - Processing /opt/airflow/dags/scripts/loaders/load_laptops.py took 0.677 seconds
[2026-02-13T05:53:42.667+0000] {processor.py:161} INFO - Started process (PID=11700) to work on /opt/airflow/dags/scripts/loaders/load_laptops.py
[2026-02-13T05:53:42.669+0000] {processor.py:830} INFO - Processing file /opt/airflow/dags/scripts/loaders/load_laptops.py for tasks to queue
[2026-02-13T05:53:42.672+0000] {logging_mixin.py:188} INFO - [2026-02-13T05:53:42.671+0000] {dagbag.py:545} INFO - Filling up the DagBag from /opt/airflow/dags/scripts/loaders/load_laptops.py
[2026-02-13T05:53:43.147+0000] {logging_mixin.py:188} INFO - 🚀 Loading LAPTOPS data
[2026-02-13T05:53:43.269+0000] {logging_mixin.py:188} INFO - ✅ Laptops table refreshed successfully
[2026-02-13T05:53:43.270+0000] {processor.py:842} WARNING - No viable dags retrieved from /opt/airflow/dags/scripts/loaders/load_laptops.py
[2026-02-13T05:53:43.281+0000] {processor.py:183} INFO - Processing /opt/airflow/dags/scripts/loaders/load_laptops.py took 0.619 seconds
[2026-02-13T05:54:15.132+0000] {processor.py:161} INFO - Started process (PID=11729) to work on /opt/airflow/dags/scripts/loaders/load_laptops.py
[2026-02-13T05:54:15.134+0000] {processor.py:830} INFO - Processing file /opt/airflow/dags/scripts/loaders/load_laptops.py for tasks to queue
[2026-02-13T05:54:15.137+0000] {logging_mixin.py:188} INFO - [2026-02-13T05:54:15.136+0000] {dagbag.py:545} INFO - Filling up the DagBag from /opt/airflow/dags/scripts/loaders/load_laptops.py
[2026-02-13T05:54:15.613+0000] {logging_mixin.py:188} INFO - 🚀 Loading LAPTOPS data
[2026-02-13T05:54:15.763+0000] {logging_mixin.py:188} INFO - ✅ Laptops table refreshed successfully
[2026-02-13T05:54:15.765+0000] {processor.py:842} WARNING - No viable dags retrieved from /opt/airflow/dags/scripts/loaders/load_laptops.py
[2026-02-13T05:54:15.777+0000] {processor.py:183} INFO - Processing /opt/airflow/dags/scripts/loaders/load_laptops.py took 0.653 seconds
[2026-02-13T05:54:48.576+0000] {processor.py:161} INFO - Started process (PID=11758) to work on /opt/airflow/dags/scripts/loaders/load_laptops.py
[2026-02-13T05:54:48.578+0000] {processor.py:830} INFO - Processing file /opt/airflow/dags/scripts/loaders/load_laptops.py for tasks to queue
[2026-02-13T05:54:48.581+0000] {logging_mixin.py:188} INFO - [2026-02-13T05:54:48.580+0000] {dagbag.py:545} INFO - Filling up the DagBag from /opt/airflow/dags/scripts/loaders/load_laptops.py
[2026-02-13T05:54:48.975+0000] {logging_mixin.py:188} INFO - 🚀 Loading LAPTOPS data
[2026-02-13T05:54:49.095+0000] {logging_mixin.py:188} INFO - ✅ Laptops table refreshed successfully
[2026-02-13T05:54:49.096+0000] {processor.py:842} WARNING - No viable dags retrieved from /opt/airflow/dags/scripts/loaders/load_laptops.py
[2026-02-13T05:54:49.107+0000] {processor.py:183} INFO - Processing /opt/airflow/dags/scripts/loaders/load_laptops.py took 0.536 seconds
[2026-02-13T05:55:21.372+0000] {processor.py:161} INFO - Started process (PID=11788) to work on /opt/airflow/dags/scripts/loaders/load_laptops.py
[2026-02-13T05:55:21.374+0000] {processor.py:830} INFO - Processing file /opt/airflow/dags/scripts/loaders/load_laptops.py for tasks to queue
[2026-02-13T05:55:21.376+0000] {logging_mixin.py:188} INFO - [2026-02-13T05:55:21.376+0000] {dagbag.py:545} INFO - Filling up the DagBag from /opt/airflow/dags/scripts/loaders/load_laptops.py
[2026-02-13T05:55:21.930+0000] {logging_mixin.py:188} INFO - 🚀 Loading LAPTOPS data
[2026-02-13T05:55:22.092+0000] {logging_mixin.py:188} INFO - ✅ Laptops table refreshed successfully
[2026-02-13T05:55:22.093+0000] {processor.py:842} WARNING - No viable dags retrieved from /opt/airflow/dags/scripts/loaders/load_laptops.py
[2026-02-13T05:55:22.109+0000] {processor.py:183} INFO - Processing /opt/airflow/dags/scripts/loaders/load_laptops.py took 0.743 seconds
[2026-02-13T05:55:53.802+0000] {processor.py:161} INFO - Started process (PID=11817) to work on /opt/airflow/dags/scripts/loaders/load_laptops.py
[2026-02-13T05:55:53.804+0000] {processor.py:830} INFO - Processing file /opt/airflow/dags/scripts/loaders/load_laptops.py for tasks to queue
[2026-02-13T05:55:53.807+0000] {logging_mixin.py:188} INFO - [2026-02-13T05:55:53.806+0000] {dagbag.py:545} INFO - Filling up the DagBag from /opt/airflow/dags/scripts/loaders/load_laptops.py
[2026-02-13T05:55:54.215+0000] {logging_mixin.py:188} INFO - 🚀 Loading LAPTOPS data
[2026-02-13T05:55:54.338+0000] {logging_mixin.py:188} INFO - ✅ Laptops table refreshed successfully
[2026-02-13T05:55:54.339+0000] {processor.py:842} WARNING - No viable dags retrieved from /opt/airflow/dags/scripts/loaders/load_laptops.py
[2026-02-13T05:55:54.354+0000] {processor.py:183} INFO - Processing /opt/airflow/dags/scripts/loaders/load_laptops.py took 0.556 seconds
[2026-02-13T05:56:27.449+0000] {processor.py:161} INFO - Started process (PID=11846) to work on /opt/airflow/dags/scripts/loaders/load_laptops.py
[2026-02-13T05:56:27.451+0000] {processor.py:830} INFO - Processing file /opt/airflow/dags/scripts/loaders/load_laptops.py for tasks to queue
[2026-02-13T05:56:27.454+0000] {logging_mixin.py:188} INFO - [2026-02-13T05:56:27.453+0000] {dagbag.py:545} INFO - Filling up the DagBag from /opt/airflow/dags/scripts/loaders/load_laptops.py
[2026-02-13T05:56:27.897+0000] {logging_mixin.py:188} INFO - 🚀 Loading LAPTOPS data
[2026-02-13T05:56:28.042+0000] {logging_mixin.py:188} INFO - ✅ Laptops table refreshed successfully
[2026-02-13T05:56:28.043+0000] {processor.py:842} WARNING - No viable dags retrieved from /opt/airflow/dags/scripts/loaders/load_laptops.py
[2026-02-13T05:56:28.055+0000] {processor.py:183} INFO - Processing /opt/airflow/dags/scripts/loaders/load_laptops.py took 0.612 seconds
[2026-02-13T05:57:03.418+0000] {processor.py:161} INFO - Started process (PID=11876) to work on /opt/airflow/dags/scripts/loaders/load_laptops.py
[2026-02-13T05:57:03.421+0000] {processor.py:830} INFO - Processing file /opt/airflow/dags/scripts/loaders/load_laptops.py for tasks to queue
[2026-02-13T05:57:03.424+0000] {logging_mixin.py:188} INFO - [2026-02-13T05:57:03.424+0000] {dagbag.py:545} INFO - Filling up the DagBag from /opt/airflow/dags/scripts/loaders/load_laptops.py
[2026-02-13T05:57:03.939+0000] {logging_mixin.py:188} INFO - 🚀 Loading LAPTOPS data
[2026-02-13T05:57:04.083+0000] {logging_mixin.py:188} INFO - ✅ Laptops table refreshed successfully
[2026-02-13T05:57:04.084+0000] {processor.py:842} WARNING - No viable dags retrieved from /opt/airflow/dags/scripts/loaders/load_laptops.py
[2026-02-13T05:57:04.098+0000] {processor.py:183} INFO - Processing /opt/airflow/dags/scripts/loaders/load_laptops.py took 0.687 seconds
[2026-02-13T05:57:35.248+0000] {processor.py:161} INFO - Started process (PID=11907) to work on /opt/airflow/dags/scripts/loaders/load_laptops.py
[2026-02-13T05:57:35.250+0000] {processor.py:830} INFO - Processing file /opt/airflow/dags/scripts/loaders/load_laptops.py for tasks to queue
[2026-02-13T05:57:35.252+0000] {logging_mixin.py:188} INFO - [2026-02-13T05:57:35.252+0000] {dagbag.py:545} INFO - Filling up the DagBag from /opt/airflow/dags/scripts/loaders/load_laptops.py
[2026-02-13T05:57:35.805+0000] {logging_mixin.py:188} INFO - 🚀 Loading LAPTOPS data
[2026-02-13T05:57:35.942+0000] {logging_mixin.py:188} INFO - ✅ Laptops table refreshed successfully
[2026-02-13T05:57:35.943+0000] {processor.py:842} WARNING - No viable dags retrieved from /opt/airflow/dags/scripts/loaders/load_laptops.py
[2026-02-13T05:57:35.958+0000] {processor.py:183} INFO - Processing /opt/airflow/dags/scripts/loaders/load_laptops.py took 0.723 seconds
[2026-02-13T05:58:06.473+0000] {processor.py:161} INFO - Started process (PID=11933) to work on /opt/airflow/dags/scripts/loaders/load_laptops.py
[2026-02-13T05:58:06.475+0000] {processor.py:830} INFO - Processing file /opt/airflow/dags/scripts/loaders/load_laptops.py for tasks to queue
[2026-02-13T05:58:06.477+0000] {logging_mixin.py:188} INFO - [2026-02-13T05:58:06.476+0000] {dagbag.py:545} INFO - Filling up the DagBag from /opt/airflow/dags/scripts/loaders/load_laptops.py
[2026-02-13T05:58:06.926+0000] {logging_mixin.py:188} INFO - 🚀 Loading LAPTOPS data
[2026-02-13T05:58:07.054+0000] {logging_mixin.py:188} INFO - ✅ Laptops table refreshed successfully
[2026-02-13T05:58:07.056+0000] {processor.py:842} WARNING - No viable dags retrieved from /opt/airflow/dags/scripts/loaders/load_laptops.py
[2026-02-13T05:58:07.069+0000] {processor.py:183} INFO - Processing /opt/airflow/dags/scripts/loaders/load_laptops.py took 0.601 seconds
[2026-02-13T05:58:38.902+0000] {processor.py:161} INFO - Started process (PID=11962) to work on /opt/airflow/dags/scripts/loaders/load_laptops.py
[2026-02-13T05:58:38.903+0000] {processor.py:830} INFO - Processing file /opt/airflow/dags/scripts/loaders/load_laptops.py for tasks to queue
[2026-02-13T05:58:38.906+0000] {logging_mixin.py:188} INFO - [2026-02-13T05:58:38.906+0000] {dagbag.py:545} INFO - Filling up the DagBag from /opt/airflow/dags/scripts/loaders/load_laptops.py
[2026-02-13T05:58:39.384+0000] {logging_mixin.py:188} INFO - 🚀 Loading LAPTOPS data
[2026-02-13T05:58:39.540+0000] {logging_mixin.py:188} INFO - ✅ Laptops table refreshed successfully
[2026-02-13T05:58:39.541+0000] {processor.py:842} WARNING - No viable dags retrieved from /opt/airflow/dags/scripts/loaders/load_laptops.py
[2026-02-13T05:58:39.555+0000] {processor.py:183} INFO - Processing /opt/airflow/dags/scripts/loaders/load_laptops.py took 0.659 seconds
[2026-02-13T05:59:12.428+0000] {processor.py:161} INFO - Started process (PID=11992) to work on /opt/airflow/dags/scripts/loaders/load_laptops.py
[2026-02-13T05:59:12.429+0000] {processor.py:830} INFO - Processing file /opt/airflow/dags/scripts/loaders/load_laptops.py for tasks to queue
[2026-02-13T05:59:12.432+0000] {logging_mixin.py:188} INFO - [2026-02-13T05:59:12.431+0000] {dagbag.py:545} INFO - Filling up the DagBag from /opt/airflow/dags/scripts/loaders/load_laptops.py
[2026-02-13T05:59:12.832+0000] {logging_mixin.py:188} INFO - 🚀 Loading LAPTOPS data
[2026-02-13T05:59:13.008+0000] {logging_mixin.py:188} INFO - ✅ Laptops table refreshed successfully
[2026-02-13T05:59:13.009+0000] {processor.py:842} WARNING - No viable dags retrieved from /opt/airflow/dags/scripts/loaders/load_laptops.py
[2026-02-13T05:59:13.020+0000] {processor.py:183} INFO - Processing /opt/airflow/dags/scripts/loaders/load_laptops.py took 0.598 seconds
[2026-02-13T05:59:46.011+0000] {processor.py:161} INFO - Started process (PID=12020) to work on /opt/airflow/dags/scripts/loaders/load_laptops.py
[2026-02-13T05:59:46.013+0000] {processor.py:830} INFO - Processing file /opt/airflow/dags/scripts/loaders/load_laptops.py for tasks to queue
[2026-02-13T05:59:46.015+0000] {logging_mixin.py:188} INFO - [2026-02-13T05:59:46.015+0000] {dagbag.py:545} INFO - Filling up the DagBag from /opt/airflow/dags/scripts/loaders/load_laptops.py
[2026-02-13T05:59:46.490+0000] {logging_mixin.py:188} INFO - 🚀 Loading LAPTOPS data
[2026-02-13T05:59:46.669+0000] {logging_mixin.py:188} INFO - ✅ Laptops table refreshed successfully
[2026-02-13T05:59:46.670+0000] {processor.py:842} WARNING - No viable dags retrieved from /opt/airflow/dags/scripts/loaders/load_laptops.py
[2026-02-13T05:59:46.685+0000] {processor.py:183} INFO - Processing /opt/airflow/dags/scripts/loaders/load_laptops.py took 0.681 seconds
[2026-02-13T06:00:18.732+0000] {processor.py:161} INFO - Started process (PID=12050) to work on /opt/airflow/dags/scripts/loaders/load_laptops.py
[2026-02-13T06:00:18.734+0000] {processor.py:830} INFO - Processing file /opt/airflow/dags/scripts/loaders/load_laptops.py for tasks to queue
[2026-02-13T06:00:18.737+0000] {logging_mixin.py:188} INFO - [2026-02-13T06:00:18.737+0000] {dagbag.py:545} INFO - Filling up the DagBag from /opt/airflow/dags/scripts/loaders/load_laptops.py
[2026-02-13T06:00:19.246+0000] {logging_mixin.py:188} INFO - 🚀 Loading LAPTOPS data
[2026-02-13T06:00:19.397+0000] {logging_mixin.py:188} INFO - ✅ Laptops table refreshed successfully
[2026-02-13T06:00:19.398+0000] {processor.py:842} WARNING - No viable dags retrieved from /opt/airflow/dags/scripts/loaders/load_laptops.py
[2026-02-13T06:00:19.414+0000] {processor.py:183} INFO - Processing /opt/airflow/dags/scripts/loaders/load_laptops.py took 0.689 seconds
[2026-02-13T06:00:51.428+0000] {processor.py:161} INFO - Started process (PID=12079) to work on /opt/airflow/dags/scripts/loaders/load_laptops.py
[2026-02-13T06:00:51.430+0000] {processor.py:830} INFO - Processing file /opt/airflow/dags/scripts/loaders/load_laptops.py for tasks to queue
[2026-02-13T06:00:51.433+0000] {logging_mixin.py:188} INFO - [2026-02-13T06:00:51.432+0000] {dagbag.py:545} INFO - Filling up the DagBag from /opt/airflow/dags/scripts/loaders/load_laptops.py
[2026-02-13T06:00:51.928+0000] {logging_mixin.py:188} INFO - 🚀 Loading LAPTOPS data
[2026-02-13T06:00:52.084+0000] {logging_mixin.py:188} INFO - ✅ Laptops table refreshed successfully
[2026-02-13T06:00:52.086+0000] {processor.py:842} WARNING - No viable dags retrieved from /opt/airflow/dags/scripts/loaders/load_laptops.py
[2026-02-13T06:00:52.100+0000] {processor.py:183} INFO - Processing /opt/airflow/dags/scripts/loaders/load_laptops.py took 0.678 seconds
[2026-02-13T06:01:24.121+0000] {processor.py:161} INFO - Started process (PID=12108) to work on /opt/airflow/dags/scripts/loaders/load_laptops.py
[2026-02-13T06:01:24.122+0000] {processor.py:830} INFO - Processing file /opt/airflow/dags/scripts/loaders/load_laptops.py for tasks to queue
[2026-02-13T06:01:24.125+0000] {logging_mixin.py:188} INFO - [2026-02-13T06:01:24.124+0000] {dagbag.py:545} INFO - Filling up the DagBag from /opt/airflow/dags/scripts/loaders/load_laptops.py
[2026-02-13T06:01:24.551+0000] {logging_mixin.py:188} INFO - 🚀 Loading LAPTOPS data
[2026-02-13T06:01:24.684+0000] {logging_mixin.py:188} INFO - ✅ Laptops table refreshed successfully
[2026-02-13T06:01:24.685+0000] {processor.py:842} WARNING - No viable dags retrieved from /opt/airflow/dags/scripts/loaders/load_laptops.py
[2026-02-13T06:01:24.698+0000] {processor.py:183} INFO - Processing /opt/airflow/dags/scripts/loaders/load_laptops.py took 0.582 seconds
[2026-02-13T06:01:58.823+0000] {processor.py:161} INFO - Started process (PID=12136) to work on /opt/airflow/dags/scripts/loaders/load_laptops.py
[2026-02-13T06:01:58.824+0000] {processor.py:830} INFO - Processing file /opt/airflow/dags/scripts/loaders/load_laptops.py for tasks to queue
[2026-02-13T06:01:58.827+0000] {logging_mixin.py:188} INFO - [2026-02-13T06:01:58.827+0000] {dagbag.py:545} INFO - Filling up the DagBag from /opt/airflow/dags/scripts/loaders/load_laptops.py
[2026-02-13T06:01:59.265+0000] {logging_mixin.py:188} INFO - 🚀 Loading LAPTOPS data
[2026-02-13T06:01:59.393+0000] {logging_mixin.py:188} INFO - ✅ Laptops table refreshed successfully
[2026-02-13T06:01:59.394+0000] {processor.py:842} WARNING - No viable dags retrieved from /opt/airflow/dags/scripts/loaders/load_laptops.py
[2026-02-13T06:01:59.406+0000] {processor.py:183} INFO - Processing /opt/airflow/dags/scripts/loaders/load_laptops.py took 0.591 seconds
[2026-02-13T06:02:30.453+0000] {processor.py:161} INFO - Started process (PID=12165) to work on /opt/airflow/dags/scripts/loaders/load_laptops.py
[2026-02-13T06:02:30.455+0000] {processor.py:830} INFO - Processing file /opt/airflow/dags/scripts/loaders/load_laptops.py for tasks to queue
[2026-02-13T06:02:30.458+0000] {logging_mixin.py:188} INFO - [2026-02-13T06:02:30.457+0000] {dagbag.py:545} INFO - Filling up the DagBag from /opt/airflow/dags/scripts/loaders/load_laptops.py
[2026-02-13T06:02:30.856+0000] {logging_mixin.py:188} INFO - 🚀 Loading LAPTOPS data
[2026-02-13T06:02:30.996+0000] {logging_mixin.py:188} INFO - ✅ Laptops table refreshed successfully
[2026-02-13T06:02:30.997+0000] {processor.py:842} WARNING - No viable dags retrieved from /opt/airflow/dags/scripts/loaders/load_laptops.py
[2026-02-13T06:02:31.010+0000] {processor.py:183} INFO - Processing /opt/airflow/dags/scripts/loaders/load_laptops.py took 0.562 seconds
[2026-02-13T06:03:04.346+0000] {processor.py:161} INFO - Started process (PID=12195) to work on /opt/airflow/dags/scripts/loaders/load_laptops.py
[2026-02-13T06:03:04.351+0000] {processor.py:830} INFO - Processing file /opt/airflow/dags/scripts/loaders/load_laptops.py for tasks to queue
[2026-02-13T06:03:04.356+0000] {logging_mixin.py:188} INFO - [2026-02-13T06:03:04.354+0000] {dagbag.py:545} INFO - Filling up the DagBag from /opt/airflow/dags/scripts/loaders/load_laptops.py
[2026-02-13T06:03:05.052+0000] {logging_mixin.py:188} INFO - 🚀 Loading LAPTOPS data
[2026-02-13T06:03:05.224+0000] {logging_mixin.py:188} INFO - ✅ Laptops table refreshed successfully
[2026-02-13T06:03:05.225+0000] {processor.py:842} WARNING - No viable dags retrieved from /opt/airflow/dags/scripts/loaders/load_laptops.py
[2026-02-13T06:03:05.237+0000] {processor.py:183} INFO - Processing /opt/airflow/dags/scripts/loaders/load_laptops.py took 0.900 seconds
[2026-02-13T06:03:37.238+0000] {processor.py:161} INFO - Started process (PID=12224) to work on /opt/airflow/dags/scripts/loaders/load_laptops.py
[2026-02-13T06:03:37.240+0000] {processor.py:830} INFO - Processing file /opt/airflow/dags/scripts/loaders/load_laptops.py for tasks to queue
[2026-02-13T06:03:37.244+0000] {logging_mixin.py:188} INFO - [2026-02-13T06:03:37.243+0000] {dagbag.py:545} INFO - Filling up the DagBag from /opt/airflow/dags/scripts/loaders/load_laptops.py
[2026-02-13T06:03:37.657+0000] {logging_mixin.py:188} INFO - 🚀 Loading LAPTOPS data
[2026-02-13T06:03:37.812+0000] {logging_mixin.py:188} INFO - ✅ Laptops table refreshed successfully
[2026-02-13T06:03:37.813+0000] {processor.py:842} WARNING - No viable dags retrieved from /opt/airflow/dags/scripts/loaders/load_laptops.py
[2026-02-13T06:03:37.831+0000] {processor.py:183} INFO - Processing /opt/airflow/dags/scripts/loaders/load_laptops.py took 0.599 seconds
[2026-02-13T06:04:09.491+0000] {processor.py:161} INFO - Started process (PID=12253) to work on /opt/airflow/dags/scripts/loaders/load_laptops.py
[2026-02-13T06:04:09.492+0000] {processor.py:830} INFO - Processing file /opt/airflow/dags/scripts/loaders/load_laptops.py for tasks to queue
[2026-02-13T06:04:09.495+0000] {logging_mixin.py:188} INFO - [2026-02-13T06:04:09.494+0000] {dagbag.py:545} INFO - Filling up the DagBag from /opt/airflow/dags/scripts/loaders/load_laptops.py
[2026-02-13T06:04:09.929+0000] {logging_mixin.py:188} INFO - 🚀 Loading LAPTOPS data
[2026-02-13T06:04:10.080+0000] {logging_mixin.py:188} INFO - ✅ Laptops table refreshed successfully
[2026-02-13T06:04:10.081+0000] {processor.py:842} WARNING - No viable dags retrieved from /opt/airflow/dags/scripts/loaders/load_laptops.py
[2026-02-13T06:04:10.093+0000] {processor.py:183} INFO - Processing /opt/airflow/dags/scripts/loaders/load_laptops.py took 0.607 seconds
[2026-02-13T06:04:43.079+0000] {processor.py:161} INFO - Started process (PID=12281) to work on /opt/airflow/dags/scripts/loaders/load_laptops.py
[2026-02-13T06:04:43.081+0000] {processor.py:830} INFO - Processing file /opt/airflow/dags/scripts/loaders/load_laptops.py for tasks to queue
[2026-02-13T06:04:43.083+0000] {logging_mixin.py:188} INFO - [2026-02-13T06:04:43.083+0000] {dagbag.py:545} INFO - Filling up the DagBag from /opt/airflow/dags/scripts/loaders/load_laptops.py
[2026-02-13T06:04:43.479+0000] {logging_mixin.py:188} INFO - 🚀 Loading LAPTOPS data
[2026-02-13T06:04:43.621+0000] {logging_mixin.py:188} INFO - ✅ Laptops table refreshed successfully
[2026-02-13T06:04:43.621+0000] {processor.py:842} WARNING - No viable dags retrieved from /opt/airflow/dags/scripts/loaders/load_laptops.py
[2026-02-13T06:04:43.636+0000] {processor.py:183} INFO - Processing /opt/airflow/dags/scripts/loaders/load_laptops.py took 0.562 seconds
[2026-02-13T06:05:15.553+0000] {processor.py:161} INFO - Started process (PID=12310) to work on /opt/airflow/dags/scripts/loaders/load_laptops.py
[2026-02-13T06:05:15.555+0000] {processor.py:830} INFO - Processing file /opt/airflow/dags/scripts/loaders/load_laptops.py for tasks to queue
[2026-02-13T06:05:15.558+0000] {logging_mixin.py:188} INFO - [2026-02-13T06:05:15.558+0000] {dagbag.py:545} INFO - Filling up the DagBag from /opt/airflow/dags/scripts/loaders/load_laptops.py
[2026-02-13T06:05:16.069+0000] {logging_mixin.py:188} INFO - 🚀 Loading LAPTOPS data
[2026-02-13T06:05:16.206+0000] {logging_mixin.py:188} INFO - ✅ Laptops table refreshed successfully
[2026-02-13T06:05:16.207+0000] {processor.py:842} WARNING - No viable dags retrieved from /opt/airflow/dags/scripts/loaders/load_laptops.py
[2026-02-13T06:05:16.220+0000] {processor.py:183} INFO - Processing /opt/airflow/dags/scripts/loaders/load_laptops.py took 0.674 seconds
[2026-02-13T06:05:49.177+0000] {processor.py:161} INFO - Started process (PID=12339) to work on /opt/airflow/dags/scripts/loaders/load_laptops.py
[2026-02-13T06:05:49.178+0000] {processor.py:830} INFO - Processing file /opt/airflow/dags/scripts/loaders/load_laptops.py for tasks to queue
[2026-02-13T06:05:49.181+0000] {logging_mixin.py:188} INFO - [2026-02-13T06:05:49.181+0000] {dagbag.py:545} INFO - Filling up the DagBag from /opt/airflow/dags/scripts/loaders/load_laptops.py
[2026-02-13T06:05:49.620+0000] {logging_mixin.py:188} INFO - 🚀 Loading LAPTOPS data
[2026-02-13T06:05:49.749+0000] {logging_mixin.py:188} INFO - ✅ Laptops table refreshed successfully
[2026-02-13T06:05:49.750+0000] {processor.py:842} WARNING - No viable dags retrieved from /opt/airflow/dags/scripts/loaders/load_laptops.py
[2026-02-13T06:05:49.762+0000] {processor.py:183} INFO - Processing /opt/airflow/dags/scripts/loaders/load_laptops.py took 0.593 seconds
[2026-02-13T06:06:21.716+0000] {processor.py:161} INFO - Started process (PID=12369) to work on /opt/airflow/dags/scripts/loaders/load_laptops.py
[2026-02-13T06:06:21.717+0000] {processor.py:830} INFO - Processing file /opt/airflow/dags/scripts/loaders/load_laptops.py for tasks to queue
[2026-02-13T06:06:21.720+0000] {logging_mixin.py:188} INFO - [2026-02-13T06:06:21.720+0000] {dagbag.py:545} INFO - Filling up the DagBag from /opt/airflow/dags/scripts/loaders/load_laptops.py
[2026-02-13T06:06:22.163+0000] {logging_mixin.py:188} INFO - 🚀 Loading LAPTOPS data
[2026-02-13T06:06:22.288+0000] {logging_mixin.py:188} INFO - ✅ Laptops table refreshed successfully
[2026-02-13T06:06:22.289+0000] {processor.py:842} WARNING - No viable dags retrieved from /opt/airflow/dags/scripts/loaders/load_laptops.py
[2026-02-13T06:06:22.299+0000] {processor.py:183} INFO - Processing /opt/airflow/dags/scripts/loaders/load_laptops.py took 0.589 seconds
[2026-02-13T06:06:55.286+0000] {processor.py:161} INFO - Started process (PID=12398) to work on /opt/airflow/dags/scripts/loaders/load_laptops.py
[2026-02-13T06:06:55.288+0000] {processor.py:830} INFO - Processing file /opt/airflow/dags/scripts/loaders/load_laptops.py for tasks to queue
[2026-02-13T06:06:55.290+0000] {logging_mixin.py:188} INFO - [2026-02-13T06:06:55.290+0000] {dagbag.py:545} INFO - Filling up the DagBag from /opt/airflow/dags/scripts/loaders/load_laptops.py
[2026-02-13T06:06:55.750+0000] {logging_mixin.py:188} INFO - 🚀 Loading LAPTOPS data
[2026-02-13T06:06:55.891+0000] {logging_mixin.py:188} INFO - ✅ Laptops table refreshed successfully
[2026-02-13T06:06:55.893+0000] {processor.py:842} WARNING - No viable dags retrieved from /opt/airflow/dags/scripts/loaders/load_laptops.py
[2026-02-13T06:06:55.909+0000] {processor.py:183} INFO - Processing /opt/airflow/dags/scripts/loaders/load_laptops.py took 0.629 seconds
[2026-02-13T06:07:27.970+0000] {processor.py:161} INFO - Started process (PID=12426) to work on /opt/airflow/dags/scripts/loaders/load_laptops.py
[2026-02-13T06:07:27.972+0000] {processor.py:830} INFO - Processing file /opt/airflow/dags/scripts/loaders/load_laptops.py for tasks to queue
[2026-02-13T06:07:27.976+0000] {logging_mixin.py:188} INFO - [2026-02-13T06:07:27.975+0000] {dagbag.py:545} INFO - Filling up the DagBag from /opt/airflow/dags/scripts/loaders/load_laptops.py
[2026-02-13T06:07:28.431+0000] {logging_mixin.py:188} INFO - 🚀 Loading LAPTOPS data
[2026-02-13T06:07:28.562+0000] {logging_mixin.py:188} INFO - ✅ Laptops table refreshed successfully
[2026-02-13T06:07:28.564+0000] {processor.py:842} WARNING - No viable dags retrieved from /opt/airflow/dags/scripts/loaders/load_laptops.py
[2026-02-13T06:07:28.575+0000] {processor.py:183} INFO - Processing /opt/airflow/dags/scripts/loaders/load_laptops.py took 0.611 seconds
[2026-02-13T10:03:43.423+0000] {processor.py:161} INFO - Started process (PID=12449) to work on /opt/airflow/dags/scripts/loaders/load_laptops.py
[2026-02-13T10:03:43.433+0000] {processor.py:830} INFO - Processing file /opt/airflow/dags/scripts/loaders/load_laptops.py for tasks to queue
[2026-02-13T10:03:43.457+0000] {logging_mixin.py:188} INFO - [2026-02-13T10:03:43.455+0000] {dagbag.py:545} INFO - Filling up the DagBag from /opt/airflow/dags/scripts/loaders/load_laptops.py
[2026-02-13T11:52:47.031+0000] {processor.py:161} INFO - Started process (PID=12474) to work on /opt/airflow/dags/scripts/loaders/load_laptops.py
[2026-02-13T11:52:47.035+0000] {processor.py:830} INFO - Processing file /opt/airflow/dags/scripts/loaders/load_laptops.py for tasks to queue
[2026-02-13T11:52:47.054+0000] {logging_mixin.py:188} INFO - [2026-02-13T11:52:47.052+0000] {dagbag.py:545} INFO - Filling up the DagBag from /opt/airflow/dags/scripts/loaders/load_laptops.py
[2026-02-13T11:52:48.482+0000] {logging_mixin.py:188} INFO - 🚀 Loading LAPTOPS data
[2026-02-13T11:52:48.937+0000] {logging_mixin.py:188} INFO - ✅ Laptops table refreshed successfully
[2026-02-13T11:52:48.939+0000] {processor.py:842} WARNING - No viable dags retrieved from /opt/airflow/dags/scripts/loaders/load_laptops.py
[2026-02-13T11:52:48.966+0000] {processor.py:183} INFO - Processing /opt/airflow/dags/scripts/loaders/load_laptops.py took 1.989 seconds
[2026-02-13T11:53:19.422+0000] {processor.py:161} INFO - Started process (PID=12504) to work on /opt/airflow/dags/scripts/loaders/load_laptops.py
[2026-02-13T11:53:19.425+0000] {processor.py:830} INFO - Processing file /opt/airflow/dags/scripts/loaders/load_laptops.py for tasks to queue
[2026-02-13T11:53:19.429+0000] {logging_mixin.py:188} INFO - [2026-02-13T11:53:19.428+0000] {dagbag.py:545} INFO - Filling up the DagBag from /opt/airflow/dags/scripts/loaders/load_laptops.py
[2026-02-13T11:53:20.539+0000] {logging_mixin.py:188} INFO - 🚀 Loading LAPTOPS data
[2026-02-13T11:53:20.830+0000] {logging_mixin.py:188} INFO - ✅ Laptops table refreshed successfully
[2026-02-13T11:53:20.832+0000] {processor.py:842} WARNING - No viable dags retrieved from /opt/airflow/dags/scripts/loaders/load_laptops.py
[2026-02-13T11:53:20.888+0000] {processor.py:183} INFO - Processing /opt/airflow/dags/scripts/loaders/load_laptops.py took 1.484 seconds
[2026-02-13T11:53:51.060+0000] {processor.py:161} INFO - Started process (PID=12532) to work on /opt/airflow/dags/scripts/loaders/load_laptops.py
[2026-02-13T11:53:51.062+0000] {processor.py:830} INFO - Processing file /opt/airflow/dags/scripts/loaders/load_laptops.py for tasks to queue
[2026-02-13T11:53:51.066+0000] {logging_mixin.py:188} INFO - [2026-02-13T11:53:51.066+0000] {dagbag.py:545} INFO - Filling up the DagBag from /opt/airflow/dags/scripts/loaders/load_laptops.py
[2026-02-13T11:53:51.858+0000] {logging_mixin.py:188} INFO - 🚀 Loading LAPTOPS data
[2026-02-13T11:53:52.145+0000] {logging_mixin.py:188} INFO - ✅ Laptops table refreshed successfully
[2026-02-13T11:53:52.147+0000] {processor.py:842} WARNING - No viable dags retrieved from /opt/airflow/dags/scripts/loaders/load_laptops.py
[2026-02-13T11:53:52.170+0000] {processor.py:183} INFO - Processing /opt/airflow/dags/scripts/loaders/load_laptops.py took 1.119 seconds
[2026-02-13T11:54:23.207+0000] {processor.py:161} INFO - Started process (PID=12561) to work on /opt/airflow/dags/scripts/loaders/load_laptops.py
[2026-02-13T11:54:23.209+0000] {processor.py:830} INFO - Processing file /opt/airflow/dags/scripts/loaders/load_laptops.py for tasks to queue
[2026-02-13T11:54:23.214+0000] {logging_mixin.py:188} INFO - [2026-02-13T11:54:23.213+0000] {dagbag.py:545} INFO - Filling up the DagBag from /opt/airflow/dags/scripts/loaders/load_laptops.py
[2026-02-13T11:54:24.152+0000] {logging_mixin.py:188} INFO - 🚀 Loading LAPTOPS data
[2026-02-13T11:54:24.465+0000] {logging_mixin.py:188} INFO - ✅ Laptops table refreshed successfully
[2026-02-13T11:54:24.466+0000] {processor.py:842} WARNING - No viable dags retrieved from /opt/airflow/dags/scripts/loaders/load_laptops.py
[2026-02-13T11:54:24.501+0000] {processor.py:183} INFO - Processing /opt/airflow/dags/scripts/loaders/load_laptops.py took 1.306 seconds
[2026-02-13T11:54:55.115+0000] {processor.py:161} INFO - Started process (PID=12590) to work on /opt/airflow/dags/scripts/loaders/load_laptops.py
[2026-02-13T11:54:55.117+0000] {processor.py:830} INFO - Processing file /opt/airflow/dags/scripts/loaders/load_laptops.py for tasks to queue
[2026-02-13T11:54:55.121+0000] {logging_mixin.py:188} INFO - [2026-02-13T11:54:55.120+0000] {dagbag.py:545} INFO - Filling up the DagBag from /opt/airflow/dags/scripts/loaders/load_laptops.py
[2026-02-13T11:54:56.107+0000] {logging_mixin.py:188} INFO - 🚀 Loading LAPTOPS data
[2026-02-13T11:54:56.379+0000] {logging_mixin.py:188} INFO - ✅ Laptops table refreshed successfully
[2026-02-13T11:54:56.380+0000] {processor.py:842} WARNING - No viable dags retrieved from /opt/airflow/dags/scripts/loaders/load_laptops.py
[2026-02-13T11:54:56.407+0000] {processor.py:183} INFO - Processing /opt/airflow/dags/scripts/loaders/load_laptops.py took 1.304 seconds
[2026-02-13T11:55:26.862+0000] {processor.py:161} INFO - Started process (PID=12619) to work on /opt/airflow/dags/scripts/loaders/load_laptops.py
[2026-02-13T11:55:26.863+0000] {processor.py:830} INFO - Processing file /opt/airflow/dags/scripts/loaders/load_laptops.py for tasks to queue
[2026-02-13T11:55:26.866+0000] {logging_mixin.py:188} INFO - [2026-02-13T11:55:26.865+0000] {dagbag.py:545} INFO - Filling up the DagBag from /opt/airflow/dags/scripts/loaders/load_laptops.py
[2026-02-13T11:55:27.665+0000] {logging_mixin.py:188} INFO - 🚀 Loading LAPTOPS data
[2026-02-13T11:55:27.928+0000] {logging_mixin.py:188} INFO - ✅ Laptops table refreshed successfully
[2026-02-13T11:55:27.929+0000] {processor.py:842} WARNING - No viable dags retrieved from /opt/airflow/dags/scripts/loaders/load_laptops.py
[2026-02-13T11:55:27.953+0000] {processor.py:183} INFO - Processing /opt/airflow/dags/scripts/loaders/load_laptops.py took 1.098 seconds
[2026-02-13T11:55:58.387+0000] {processor.py:161} INFO - Started process (PID=12648) to work on /opt/airflow/dags/scripts/loaders/load_laptops.py
[2026-02-13T11:55:58.390+0000] {processor.py:830} INFO - Processing file /opt/airflow/dags/scripts/loaders/load_laptops.py for tasks to queue
[2026-02-13T11:55:58.395+0000] {logging_mixin.py:188} INFO - [2026-02-13T11:55:58.394+0000] {dagbag.py:545} INFO - Filling up the DagBag from /opt/airflow/dags/scripts/loaders/load_laptops.py
[2026-02-13T11:55:59.433+0000] {logging_mixin.py:188} INFO - 🚀 Loading LAPTOPS data
[2026-02-13T11:55:59.725+0000] {logging_mixin.py:188} INFO - ✅ Laptops table refreshed successfully
[2026-02-13T11:55:59.727+0000] {processor.py:842} WARNING - No viable dags retrieved from /opt/airflow/dags/scripts/loaders/load_laptops.py
[2026-02-13T11:55:59.770+0000] {processor.py:183} INFO - Processing /opt/airflow/dags/scripts/loaders/load_laptops.py took 1.404 seconds
[2026-02-13T11:56:30.530+0000] {processor.py:161} INFO - Started process (PID=12677) to work on /opt/airflow/dags/scripts/loaders/load_laptops.py
[2026-02-13T11:56:30.532+0000] {processor.py:830} INFO - Processing file /opt/airflow/dags/scripts/loaders/load_laptops.py for tasks to queue
[2026-02-13T11:56:30.536+0000] {logging_mixin.py:188} INFO - [2026-02-13T11:56:30.536+0000] {dagbag.py:545} INFO - Filling up the DagBag from /opt/airflow/dags/scripts/loaders/load_laptops.py
[2026-02-13T11:56:31.644+0000] {logging_mixin.py:188} INFO - 🚀 Loading LAPTOPS data
[2026-02-13T11:56:32.003+0000] {logging_mixin.py:188} INFO - ✅ Laptops table refreshed successfully
[2026-02-13T11:56:32.005+0000] {processor.py:842} WARNING - No viable dags retrieved from /opt/airflow/dags/scripts/loaders/load_laptops.py
[2026-02-13T11:56:32.036+0000] {processor.py:183} INFO - Processing /opt/airflow/dags/scripts/loaders/load_laptops.py took 1.521 seconds
[2026-02-13T11:57:04.031+0000] {processor.py:161} INFO - Started process (PID=12706) to work on /opt/airflow/dags/scripts/loaders/load_laptops.py
[2026-02-13T11:57:04.040+0000] {processor.py:830} INFO - Processing file /opt/airflow/dags/scripts/loaders/load_laptops.py for tasks to queue
[2026-02-13T11:57:04.098+0000] {logging_mixin.py:188} INFO - [2026-02-13T11:57:04.088+0000] {dagbag.py:545} INFO - Filling up the DagBag from /opt/airflow/dags/scripts/loaders/load_laptops.py
[2026-02-13T11:57:12.642+0000] {logging_mixin.py:188} INFO - 🚀 Loading LAPTOPS data
[2026-02-13T11:57:13.464+0000] {logging_mixin.py:188} INFO - ✅ Laptops table refreshed successfully
[2026-02-13T11:57:13.468+0000] {processor.py:842} WARNING - No viable dags retrieved from /opt/airflow/dags/scripts/loaders/load_laptops.py
[2026-02-13T11:57:13.531+0000] {processor.py:183} INFO - Processing /opt/airflow/dags/scripts/loaders/load_laptops.py took 9.763 seconds
[2026-02-13T11:57:44.508+0000] {processor.py:161} INFO - Started process (PID=12735) to work on /opt/airflow/dags/scripts/loaders/load_laptops.py
[2026-02-13T11:57:44.511+0000] {processor.py:830} INFO - Processing file /opt/airflow/dags/scripts/loaders/load_laptops.py for tasks to queue
[2026-02-13T11:57:44.516+0000] {logging_mixin.py:188} INFO - [2026-02-13T11:57:44.515+0000] {dagbag.py:545} INFO - Filling up the DagBag from /opt/airflow/dags/scripts/loaders/load_laptops.py
[2026-02-13T11:57:45.580+0000] {logging_mixin.py:188} INFO - 🚀 Loading LAPTOPS data
[2026-02-13T11:57:45.870+0000] {logging_mixin.py:188} INFO - ✅ Laptops table refreshed successfully
[2026-02-13T11:57:45.872+0000] {processor.py:842} WARNING - No viable dags retrieved from /opt/airflow/dags/scripts/loaders/load_laptops.py
[2026-02-13T11:57:45.898+0000] {processor.py:183} INFO - Processing /opt/airflow/dags/scripts/loaders/load_laptops.py took 1.413 seconds
[2026-02-13T11:58:16.404+0000] {processor.py:161} INFO - Started process (PID=12764) to work on /opt/airflow/dags/scripts/loaders/load_laptops.py
[2026-02-13T11:58:16.405+0000] {processor.py:830} INFO - Processing file /opt/airflow/dags/scripts/loaders/load_laptops.py for tasks to queue
[2026-02-13T11:58:16.407+0000] {logging_mixin.py:188} INFO - [2026-02-13T11:58:16.407+0000] {dagbag.py:545} INFO - Filling up the DagBag from /opt/airflow/dags/scripts/loaders/load_laptops.py
[2026-02-13T11:58:17.164+0000] {logging_mixin.py:188} INFO - 🚀 Loading LAPTOPS data
[2026-02-13T11:58:17.448+0000] {logging_mixin.py:188} INFO - ✅ Laptops table refreshed successfully
[2026-02-13T11:58:17.450+0000] {processor.py:842} WARNING - No viable dags retrieved from /opt/airflow/dags/scripts/loaders/load_laptops.py
[2026-02-13T11:58:17.473+0000] {processor.py:183} INFO - Processing /opt/airflow/dags/scripts/loaders/load_laptops.py took 1.077 seconds
[2026-02-13T11:58:48.163+0000] {processor.py:161} INFO - Started process (PID=12793) to work on /opt/airflow/dags/scripts/loaders/load_laptops.py
[2026-02-13T11:58:48.171+0000] {processor.py:830} INFO - Processing file /opt/airflow/dags/scripts/loaders/load_laptops.py for tasks to queue
[2026-02-13T11:58:48.174+0000] {logging_mixin.py:188} INFO - [2026-02-13T11:58:48.173+0000] {dagbag.py:545} INFO - Filling up the DagBag from /opt/airflow/dags/scripts/loaders/load_laptops.py
[2026-02-13T11:58:49.295+0000] {logging_mixin.py:188} INFO - 🚀 Loading LAPTOPS data
[2026-02-13T11:58:49.630+0000] {logging_mixin.py:188} INFO - ✅ Laptops table refreshed successfully
[2026-02-13T11:58:49.631+0000] {processor.py:842} WARNING - No viable dags retrieved from /opt/airflow/dags/scripts/loaders/load_laptops.py
[2026-02-13T11:58:49.661+0000] {processor.py:183} INFO - Processing /opt/airflow/dags/scripts/loaders/load_laptops.py took 1.506 seconds
[2026-02-13T11:59:20.255+0000] {processor.py:161} INFO - Started process (PID=12822) to work on /opt/airflow/dags/scripts/loaders/load_laptops.py
[2026-02-13T11:59:20.256+0000] {processor.py:830} INFO - Processing file /opt/airflow/dags/scripts/loaders/load_laptops.py for tasks to queue
[2026-02-13T11:59:20.260+0000] {logging_mixin.py:188} INFO - [2026-02-13T11:59:20.260+0000] {dagbag.py:545} INFO - Filling up the DagBag from /opt/airflow/dags/scripts/loaders/load_laptops.py
[2026-02-13T11:59:21.062+0000] {logging_mixin.py:188} INFO - 🚀 Loading LAPTOPS data
[2026-02-13T11:59:21.364+0000] {logging_mixin.py:188} INFO - ✅ Laptops table refreshed successfully
[2026-02-13T11:59:21.366+0000] {processor.py:842} WARNING - No viable dags retrieved from /opt/airflow/dags/scripts/loaders/load_laptops.py
[2026-02-13T11:59:21.402+0000] {processor.py:183} INFO - Processing /opt/airflow/dags/scripts/loaders/load_laptops.py took 1.159 seconds
[2026-02-13T11:59:52.201+0000] {processor.py:161} INFO - Started process (PID=12851) to work on /opt/airflow/dags/scripts/loaders/load_laptops.py
[2026-02-13T11:59:52.204+0000] {processor.py:830} INFO - Processing file /opt/airflow/dags/scripts/loaders/load_laptops.py for tasks to queue
[2026-02-13T11:59:52.209+0000] {logging_mixin.py:188} INFO - [2026-02-13T11:59:52.209+0000] {dagbag.py:545} INFO - Filling up the DagBag from /opt/airflow/dags/scripts/loaders/load_laptops.py
[2026-02-13T11:59:53.526+0000] {logging_mixin.py:188} INFO - 🚀 Loading LAPTOPS data
[2026-02-13T11:59:54.285+0000] {logging_mixin.py:188} INFO - ✅ Laptops table refreshed successfully
[2026-02-13T11:59:54.287+0000] {processor.py:842} WARNING - No viable dags retrieved from /opt/airflow/dags/scripts/loaders/load_laptops.py
[2026-02-13T11:59:54.318+0000] {processor.py:183} INFO - Processing /opt/airflow/dags/scripts/loaders/load_laptops.py took 2.129 seconds
[2026-02-13T12:01:57.486+0000] {processor.py:161} INFO - Started process (PID=198) to work on /opt/airflow/dags/scripts/loaders/load_laptops.py
[2026-02-13T12:01:57.490+0000] {processor.py:830} INFO - Processing file /opt/airflow/dags/scripts/loaders/load_laptops.py for tasks to queue
[2026-02-13T12:01:57.494+0000] {logging_mixin.py:188} INFO - [2026-02-13T12:01:57.493+0000] {dagbag.py:545} INFO - Filling up the DagBag from /opt/airflow/dags/scripts/loaders/load_laptops.py
[2026-02-13T12:01:58.191+0000] {logging_mixin.py:188} INFO - 🚀 Loading LAPTOPS data
[2026-02-13T12:01:58.449+0000] {logging_mixin.py:188} INFO - ✅ Laptops table refreshed successfully
[2026-02-13T12:01:58.450+0000] {processor.py:842} WARNING - No viable dags retrieved from /opt/airflow/dags/scripts/loaders/load_laptops.py
[2026-02-13T12:01:58.475+0000] {processor.py:183} INFO - Processing /opt/airflow/dags/scripts/loaders/load_laptops.py took 0.998 seconds
[2026-02-13T12:02:31.010+0000] {processor.py:161} INFO - Started process (PID=257) to work on /opt/airflow/dags/scripts/loaders/load_laptops.py
[2026-02-13T12:02:31.013+0000] {processor.py:830} INFO - Processing file /opt/airflow/dags/scripts/loaders/load_laptops.py for tasks to queue
[2026-02-13T12:02:31.019+0000] {logging_mixin.py:188} INFO - [2026-02-13T12:02:31.018+0000] {dagbag.py:545} INFO - Filling up the DagBag from /opt/airflow/dags/scripts/loaders/load_laptops.py
[2026-02-13T12:02:31.769+0000] {logging_mixin.py:188} INFO - 🚀 Loading LAPTOPS data
[2026-02-13T12:02:32.517+0000] {logging_mixin.py:188} INFO - ✅ Laptops table refreshed successfully
[2026-02-13T12:02:32.519+0000] {processor.py:842} WARNING - No viable dags retrieved from /opt/airflow/dags/scripts/loaders/load_laptops.py
[2026-02-13T12:02:32.563+0000] {processor.py:183} INFO - Processing /opt/airflow/dags/scripts/loaders/load_laptops.py took 1.567 seconds
[2026-02-13T12:03:02.835+0000] {processor.py:161} INFO - Started process (PID=300) to work on /opt/airflow/dags/scripts/loaders/load_laptops.py
[2026-02-13T12:03:02.838+0000] {processor.py:830} INFO - Processing file /opt/airflow/dags/scripts/loaders/load_laptops.py for tasks to queue
[2026-02-13T12:03:02.841+0000] {logging_mixin.py:188} INFO - [2026-02-13T12:03:02.840+0000] {dagbag.py:545} INFO - Filling up the DagBag from /opt/airflow/dags/scripts/loaders/load_laptops.py
[2026-02-13T12:03:03.299+0000] {logging_mixin.py:188} INFO - 🚀 Loading LAPTOPS data
[2026-02-13T12:03:04.096+0000] {logging_mixin.py:188} INFO - ✅ Laptops table refreshed successfully
[2026-02-13T12:03:04.098+0000] {processor.py:842} WARNING - No viable dags retrieved from /opt/airflow/dags/scripts/loaders/load_laptops.py
[2026-02-13T12:03:04.125+0000] {processor.py:183} INFO - Processing /opt/airflow/dags/scripts/loaders/load_laptops.py took 1.303 seconds
[2026-02-13T12:03:34.272+0000] {processor.py:161} INFO - Started process (PID=330) to work on /opt/airflow/dags/scripts/loaders/load_laptops.py
[2026-02-13T12:03:34.274+0000] {processor.py:830} INFO - Processing file /opt/airflow/dags/scripts/loaders/load_laptops.py for tasks to queue
[2026-02-13T12:03:34.278+0000] {logging_mixin.py:188} INFO - [2026-02-13T12:03:34.277+0000] {dagbag.py:545} INFO - Filling up the DagBag from /opt/airflow/dags/scripts/loaders/load_laptops.py
[2026-02-13T12:03:34.688+0000] {logging_mixin.py:188} INFO - 🚀 Loading LAPTOPS data
[2026-02-13T12:03:35.144+0000] {logging_mixin.py:188} INFO - ✅ Laptops table refreshed successfully
[2026-02-13T12:03:35.145+0000] {processor.py:842} WARNING - No viable dags retrieved from /opt/airflow/dags/scripts/loaders/load_laptops.py
[2026-02-13T12:03:35.159+0000] {processor.py:183} INFO - Processing /opt/airflow/dags/scripts/loaders/load_laptops.py took 0.896 seconds
[2026-02-13T12:04:05.297+0000] {processor.py:161} INFO - Started process (PID=357) to work on /opt/airflow/dags/scripts/loaders/load_laptops.py
[2026-02-13T12:04:05.300+0000] {processor.py:830} INFO - Processing file /opt/airflow/dags/scripts/loaders/load_laptops.py for tasks to queue
[2026-02-13T12:04:05.304+0000] {logging_mixin.py:188} INFO - [2026-02-13T12:04:05.303+0000] {dagbag.py:545} INFO - Filling up the DagBag from /opt/airflow/dags/scripts/loaders/load_laptops.py
[2026-02-13T12:04:05.942+0000] {logging_mixin.py:188} INFO - 🚀 Loading LAPTOPS data
[2026-02-13T12:04:06.449+0000] {logging_mixin.py:188} INFO - ✅ Laptops table refreshed successfully
[2026-02-13T12:04:06.451+0000] {processor.py:842} WARNING - No viable dags retrieved from /opt/airflow/dags/scripts/loaders/load_laptops.py
[2026-02-13T12:04:06.469+0000] {processor.py:183} INFO - Processing /opt/airflow/dags/scripts/loaders/load_laptops.py took 1.190 seconds
[2026-02-13T12:04:36.650+0000] {processor.py:161} INFO - Started process (PID=387) to work on /opt/airflow/dags/scripts/loaders/load_laptops.py
[2026-02-13T12:04:36.652+0000] {processor.py:830} INFO - Processing file /opt/airflow/dags/scripts/loaders/load_laptops.py for tasks to queue
[2026-02-13T12:04:36.656+0000] {logging_mixin.py:188} INFO - [2026-02-13T12:04:36.655+0000] {dagbag.py:545} INFO - Filling up the DagBag from /opt/airflow/dags/scripts/loaders/load_laptops.py
[2026-02-13T12:04:37.192+0000] {logging_mixin.py:188} INFO - 🚀 Loading LAPTOPS data
[2026-02-13T12:04:37.725+0000] {logging_mixin.py:188} INFO - ✅ Laptops table refreshed successfully
[2026-02-13T12:04:37.727+0000] {processor.py:842} WARNING - No viable dags retrieved from /opt/airflow/dags/scripts/loaders/load_laptops.py
[2026-02-13T12:04:37.754+0000] {processor.py:183} INFO - Processing /opt/airflow/dags/scripts/loaders/load_laptops.py took 1.114 seconds
[2026-02-13T12:05:10.944+0000] {processor.py:161} INFO - Started process (PID=479) to work on /opt/airflow/dags/scripts/loaders/load_laptops.py
[2026-02-13T12:05:10.948+0000] {processor.py:830} INFO - Processing file /opt/airflow/dags/scripts/loaders/load_laptops.py for tasks to queue
[2026-02-13T12:05:10.955+0000] {logging_mixin.py:188} INFO - [2026-02-13T12:05:10.953+0000] {dagbag.py:545} INFO - Filling up the DagBag from /opt/airflow/dags/scripts/loaders/load_laptops.py
[2026-02-13T12:05:12.512+0000] {logging_mixin.py:188} INFO - 🚀 Loading LAPTOPS data
[2026-02-13T12:05:18.661+0000] {logging_mixin.py:188} INFO - ✅ Laptops table refreshed successfully
[2026-02-13T12:05:18.666+0000] {processor.py:842} WARNING - No viable dags retrieved from /opt/airflow/dags/scripts/loaders/load_laptops.py
[2026-02-13T12:05:18.723+0000] {processor.py:183} INFO - Processing /opt/airflow/dags/scripts/loaders/load_laptops.py took 7.797 seconds
[2026-02-13T12:05:49.690+0000] {processor.py:161} INFO - Started process (PID=570) to work on /opt/airflow/dags/scripts/loaders/load_laptops.py
[2026-02-13T12:05:49.694+0000] {processor.py:830} INFO - Processing file /opt/airflow/dags/scripts/loaders/load_laptops.py for tasks to queue
[2026-02-13T12:05:49.698+0000] {logging_mixin.py:188} INFO - [2026-02-13T12:05:49.698+0000] {dagbag.py:545} INFO - Filling up the DagBag from /opt/airflow/dags/scripts/loaders/load_laptops.py
[2026-02-13T12:05:50.165+0000] {logging_mixin.py:188} INFO - 🚀 Loading LAPTOPS data
[2026-02-13T12:05:50.654+0000] {logging_mixin.py:188} INFO - ✅ Laptops table refreshed successfully
[2026-02-13T12:05:50.655+0000] {processor.py:842} WARNING - No viable dags retrieved from /opt/airflow/dags/scripts/loaders/load_laptops.py
[2026-02-13T12:05:50.674+0000] {processor.py:183} INFO - Processing /opt/airflow/dags/scripts/loaders/load_laptops.py took 0.994 seconds
[2026-02-13T12:06:20.910+0000] {processor.py:161} INFO - Started process (PID=599) to work on /opt/airflow/dags/scripts/loaders/load_laptops.py
[2026-02-13T12:06:20.913+0000] {processor.py:830} INFO - Processing file /opt/airflow/dags/scripts/loaders/load_laptops.py for tasks to queue
[2026-02-13T12:06:20.916+0000] {logging_mixin.py:188} INFO - [2026-02-13T12:06:20.916+0000] {dagbag.py:545} INFO - Filling up the DagBag from /opt/airflow/dags/scripts/loaders/load_laptops.py
[2026-02-13T12:06:21.430+0000] {logging_mixin.py:188} INFO - 🚀 Loading LAPTOPS data
[2026-02-13T12:06:21.877+0000] {logging_mixin.py:188} INFO - ✅ Laptops table refreshed successfully
[2026-02-13T12:06:21.878+0000] {processor.py:842} WARNING - No viable dags retrieved from /opt/airflow/dags/scripts/loaders/load_laptops.py
[2026-02-13T12:06:21.903+0000] {processor.py:183} INFO - Processing /opt/airflow/dags/scripts/loaders/load_laptops.py took 1.003 seconds
[2026-02-13T12:06:52.185+0000] {processor.py:161} INFO - Started process (PID=628) to work on /opt/airflow/dags/scripts/loaders/load_laptops.py
[2026-02-13T12:06:52.187+0000] {processor.py:830} INFO - Processing file /opt/airflow/dags/scripts/loaders/load_laptops.py for tasks to queue
[2026-02-13T12:06:52.190+0000] {logging_mixin.py:188} INFO - [2026-02-13T12:06:52.189+0000] {dagbag.py:545} INFO - Filling up the DagBag from /opt/airflow/dags/scripts/loaders/load_laptops.py
[2026-02-13T12:06:52.634+0000] {logging_mixin.py:188} INFO - 🚀 Loading LAPTOPS data
[2026-02-13T12:06:53.215+0000] {logging_mixin.py:188} INFO - ✅ Laptops table refreshed successfully
[2026-02-13T12:06:53.217+0000] {processor.py:842} WARNING - No viable dags retrieved from /opt/airflow/dags/scripts/loaders/load_laptops.py
[2026-02-13T12:06:53.242+0000] {processor.py:183} INFO - Processing /opt/airflow/dags/scripts/loaders/load_laptops.py took 1.067 seconds
[2026-02-13T12:07:24.585+0000] {processor.py:161} INFO - Started process (PID=657) to work on /opt/airflow/dags/scripts/loaders/load_laptops.py
[2026-02-13T12:07:24.587+0000] {processor.py:830} INFO - Processing file /opt/airflow/dags/scripts/loaders/load_laptops.py for tasks to queue
[2026-02-13T12:07:24.590+0000] {logging_mixin.py:188} INFO - [2026-02-13T12:07:24.590+0000] {dagbag.py:545} INFO - Filling up the DagBag from /opt/airflow/dags/scripts/loaders/load_laptops.py
[2026-02-13T12:07:25.059+0000] {logging_mixin.py:188} INFO - 🚀 Loading LAPTOPS data
[2026-02-13T12:07:25.833+0000] {logging_mixin.py:188} INFO - ✅ Laptops table refreshed successfully
[2026-02-13T12:07:25.834+0000] {processor.py:842} WARNING - No viable dags retrieved from /opt/airflow/dags/scripts/loaders/load_laptops.py
[2026-02-13T12:07:25.868+0000] {processor.py:183} INFO - Processing /opt/airflow/dags/scripts/loaders/load_laptops.py took 1.295 seconds
[2026-02-13T12:07:56.537+0000] {processor.py:161} INFO - Started process (PID=686) to work on /opt/airflow/dags/scripts/loaders/load_laptops.py
[2026-02-13T12:07:56.541+0000] {processor.py:830} INFO - Processing file /opt/airflow/dags/scripts/loaders/load_laptops.py for tasks to queue
[2026-02-13T12:07:56.544+0000] {logging_mixin.py:188} INFO - [2026-02-13T12:07:56.544+0000] {dagbag.py:545} INFO - Filling up the DagBag from /opt/airflow/dags/scripts/loaders/load_laptops.py
[2026-02-13T12:07:57.143+0000] {logging_mixin.py:188} INFO - 🚀 Loading LAPTOPS data
[2026-02-13T12:07:58.361+0000] {logging_mixin.py:188} INFO - ✅ Laptops table refreshed successfully
[2026-02-13T12:07:58.364+0000] {processor.py:842} WARNING - No viable dags retrieved from /opt/airflow/dags/scripts/loaders/load_laptops.py
[2026-02-13T12:07:58.442+0000] {processor.py:183} INFO - Processing /opt/airflow/dags/scripts/loaders/load_laptops.py took 1.913 seconds
[2026-02-13T12:08:28.855+0000] {processor.py:161} INFO - Started process (PID=715) to work on /opt/airflow/dags/scripts/loaders/load_laptops.py
[2026-02-13T12:08:28.857+0000] {processor.py:830} INFO - Processing file /opt/airflow/dags/scripts/loaders/load_laptops.py for tasks to queue
[2026-02-13T12:08:28.860+0000] {logging_mixin.py:188} INFO - [2026-02-13T12:08:28.860+0000] {dagbag.py:545} INFO - Filling up the DagBag from /opt/airflow/dags/scripts/loaders/load_laptops.py
[2026-02-13T12:08:29.324+0000] {logging_mixin.py:188} INFO - 🚀 Loading LAPTOPS data
[2026-02-13T12:08:29.866+0000] {logging_mixin.py:188} INFO - ✅ Laptops table refreshed successfully
[2026-02-13T12:08:29.867+0000] {processor.py:842} WARNING - No viable dags retrieved from /opt/airflow/dags/scripts/loaders/load_laptops.py
[2026-02-13T12:08:29.906+0000] {processor.py:183} INFO - Processing /opt/airflow/dags/scripts/loaders/load_laptops.py took 1.060 seconds
[2026-02-13T12:09:00.606+0000] {processor.py:161} INFO - Started process (PID=744) to work on /opt/airflow/dags/scripts/loaders/load_laptops.py
[2026-02-13T12:09:00.608+0000] {processor.py:830} INFO - Processing file /opt/airflow/dags/scripts/loaders/load_laptops.py for tasks to queue
[2026-02-13T12:09:00.612+0000] {logging_mixin.py:188} INFO - [2026-02-13T12:09:00.612+0000] {dagbag.py:545} INFO - Filling up the DagBag from /opt/airflow/dags/scripts/loaders/load_laptops.py
[2026-02-13T12:09:01.159+0000] {logging_mixin.py:188} INFO - 🚀 Loading LAPTOPS data
[2026-02-13T12:09:01.742+0000] {logging_mixin.py:188} INFO - ✅ Laptops table refreshed successfully
[2026-02-13T12:09:01.744+0000] {processor.py:842} WARNING - No viable dags retrieved from /opt/airflow/dags/scripts/loaders/load_laptops.py
[2026-02-13T12:09:01.763+0000] {processor.py:183} INFO - Processing /opt/airflow/dags/scripts/loaders/load_laptops.py took 1.170 seconds
[2026-02-13T12:09:32.201+0000] {processor.py:161} INFO - Started process (PID=773) to work on /opt/airflow/dags/scripts/loaders/load_laptops.py
[2026-02-13T12:09:32.203+0000] {processor.py:830} INFO - Processing file /opt/airflow/dags/scripts/loaders/load_laptops.py for tasks to queue
[2026-02-13T12:09:32.206+0000] {logging_mixin.py:188} INFO - [2026-02-13T12:09:32.205+0000] {dagbag.py:545} INFO - Filling up the DagBag from /opt/airflow/dags/scripts/loaders/load_laptops.py
[2026-02-13T12:09:32.698+0000] {logging_mixin.py:188} INFO - 🚀 Loading LAPTOPS data
[2026-02-13T12:09:33.389+0000] {logging_mixin.py:188} INFO - ✅ Laptops table refreshed successfully
[2026-02-13T12:09:33.390+0000] {processor.py:842} WARNING - No viable dags retrieved from /opt/airflow/dags/scripts/loaders/load_laptops.py
[2026-02-13T12:09:33.413+0000] {processor.py:183} INFO - Processing /opt/airflow/dags/scripts/loaders/load_laptops.py took 1.222 seconds
[2026-02-13T12:10:03.941+0000] {processor.py:161} INFO - Started process (PID=802) to work on /opt/airflow/dags/scripts/loaders/load_laptops.py
[2026-02-13T12:10:03.943+0000] {processor.py:830} INFO - Processing file /opt/airflow/dags/scripts/loaders/load_laptops.py for tasks to queue
[2026-02-13T12:10:03.949+0000] {logging_mixin.py:188} INFO - [2026-02-13T12:10:03.948+0000] {dagbag.py:545} INFO - Filling up the DagBag from /opt/airflow/dags/scripts/loaders/load_laptops.py
[2026-02-13T12:10:04.584+0000] {logging_mixin.py:188} INFO - 🚀 Loading LAPTOPS data
[2026-02-13T12:10:05.136+0000] {logging_mixin.py:188} INFO - ✅ Laptops table refreshed successfully
[2026-02-13T12:10:05.138+0000] {processor.py:842} WARNING - No viable dags retrieved from /opt/airflow/dags/scripts/loaders/load_laptops.py
[2026-02-13T12:10:05.167+0000] {processor.py:183} INFO - Processing /opt/airflow/dags/scripts/loaders/load_laptops.py took 1.235 seconds
[2026-02-13T12:10:35.995+0000] {processor.py:161} INFO - Started process (PID=831) to work on /opt/airflow/dags/scripts/loaders/load_laptops.py
[2026-02-13T12:10:35.997+0000] {processor.py:830} INFO - Processing file /opt/airflow/dags/scripts/loaders/load_laptops.py for tasks to queue
[2026-02-13T12:10:36.000+0000] {logging_mixin.py:188} INFO - [2026-02-13T12:10:36.000+0000] {dagbag.py:545} INFO - Filling up the DagBag from /opt/airflow/dags/scripts/loaders/load_laptops.py
[2026-02-13T12:10:36.410+0000] {logging_mixin.py:188} INFO - 🚀 Loading LAPTOPS data
[2026-02-13T12:10:36.903+0000] {logging_mixin.py:188} INFO - ✅ Laptops table refreshed successfully
[2026-02-13T12:10:36.904+0000] {processor.py:842} WARNING - No viable dags retrieved from /opt/airflow/dags/scripts/loaders/load_laptops.py
[2026-02-13T12:10:36.921+0000] {processor.py:183} INFO - Processing /opt/airflow/dags/scripts/loaders/load_laptops.py took 0.936 seconds
[2026-02-13T12:11:07.768+0000] {processor.py:161} INFO - Started process (PID=860) to work on /opt/airflow/dags/scripts/loaders/load_laptops.py
[2026-02-13T12:11:07.771+0000] {processor.py:830} INFO - Processing file /opt/airflow/dags/scripts/loaders/load_laptops.py for tasks to queue
[2026-02-13T12:11:07.776+0000] {logging_mixin.py:188} INFO - [2026-02-13T12:11:07.775+0000] {dagbag.py:545} INFO - Filling up the DagBag from /opt/airflow/dags/scripts/loaders/load_laptops.py
[2026-02-13T12:11:08.230+0000] {logging_mixin.py:188} INFO - 🚀 Loading LAPTOPS data
[2026-02-13T12:11:08.770+0000] {logging_mixin.py:188} INFO - ✅ Laptops table refreshed successfully
[2026-02-13T12:11:08.771+0000] {processor.py:842} WARNING - No viable dags retrieved from /opt/airflow/dags/scripts/loaders/load_laptops.py
[2026-02-13T12:11:08.791+0000] {processor.py:183} INFO - Processing /opt/airflow/dags/scripts/loaders/load_laptops.py took 1.034 seconds
[2026-02-13T12:11:38.983+0000] {processor.py:161} INFO - Started process (PID=886) to work on /opt/airflow/dags/scripts/loaders/load_laptops.py
[2026-02-13T12:11:38.985+0000] {processor.py:830} INFO - Processing file /opt/airflow/dags/scripts/loaders/load_laptops.py for tasks to queue
[2026-02-13T12:11:39.000+0000] {logging_mixin.py:188} INFO - [2026-02-13T12:11:38.999+0000] {dagbag.py:545} INFO - Filling up the DagBag from /opt/airflow/dags/scripts/loaders/load_laptops.py
[2026-02-13T12:11:39.454+0000] {logging_mixin.py:188} INFO - 🚀 Loading LAPTOPS data
[2026-02-13T12:11:40.012+0000] {logging_mixin.py:188} INFO - ✅ Laptops table refreshed successfully
[2026-02-13T12:11:40.013+0000] {processor.py:842} WARNING - No viable dags retrieved from /opt/airflow/dags/scripts/loaders/load_laptops.py
[2026-02-13T12:11:40.030+0000] {processor.py:183} INFO - Processing /opt/airflow/dags/scripts/loaders/load_laptops.py took 1.057 seconds
[2026-02-13T12:12:10.320+0000] {processor.py:161} INFO - Started process (PID=915) to work on /opt/airflow/dags/scripts/loaders/load_laptops.py
[2026-02-13T12:12:10.321+0000] {processor.py:830} INFO - Processing file /opt/airflow/dags/scripts/loaders/load_laptops.py for tasks to queue
[2026-02-13T12:12:10.325+0000] {logging_mixin.py:188} INFO - [2026-02-13T12:12:10.324+0000] {dagbag.py:545} INFO - Filling up the DagBag from /opt/airflow/dags/scripts/loaders/load_laptops.py
[2026-02-13T12:12:10.960+0000] {logging_mixin.py:188} INFO - 🚀 Loading LAPTOPS data
[2026-02-13T12:12:11.460+0000] {logging_mixin.py:188} INFO - ✅ Laptops table refreshed successfully
[2026-02-13T12:12:11.461+0000] {processor.py:842} WARNING - No viable dags retrieved from /opt/airflow/dags/scripts/loaders/load_laptops.py
[2026-02-13T12:12:11.496+0000] {processor.py:183} INFO - Processing /opt/airflow/dags/scripts/loaders/load_laptops.py took 1.185 seconds
[2026-02-13T12:12:42.292+0000] {processor.py:161} INFO - Started process (PID=944) to work on /opt/airflow/dags/scripts/loaders/load_laptops.py
[2026-02-13T12:12:42.294+0000] {processor.py:830} INFO - Processing file /opt/airflow/dags/scripts/loaders/load_laptops.py for tasks to queue
[2026-02-13T12:12:42.299+0000] {logging_mixin.py:188} INFO - [2026-02-13T12:12:42.298+0000] {dagbag.py:545} INFO - Filling up the DagBag from /opt/airflow/dags/scripts/loaders/load_laptops.py
[2026-02-13T12:12:42.686+0000] {logging_mixin.py:188} INFO - 🚀 Loading LAPTOPS data
[2026-02-13T12:12:43.086+0000] {logging_mixin.py:188} INFO - ✅ Laptops table refreshed successfully
[2026-02-13T12:12:43.088+0000] {processor.py:842} WARNING - No viable dags retrieved from /opt/airflow/dags/scripts/loaders/load_laptops.py
[2026-02-13T12:12:43.108+0000] {processor.py:183} INFO - Processing /opt/airflow/dags/scripts/loaders/load_laptops.py took 0.825 seconds
[2026-02-13T12:13:13.570+0000] {processor.py:161} INFO - Started process (PID=973) to work on /opt/airflow/dags/scripts/loaders/load_laptops.py
[2026-02-13T12:13:13.572+0000] {processor.py:830} INFO - Processing file /opt/airflow/dags/scripts/loaders/load_laptops.py for tasks to queue
[2026-02-13T12:13:13.576+0000] {logging_mixin.py:188} INFO - [2026-02-13T12:13:13.576+0000] {dagbag.py:545} INFO - Filling up the DagBag from /opt/airflow/dags/scripts/loaders/load_laptops.py
[2026-02-13T12:13:13.967+0000] {logging_mixin.py:188} INFO - 🚀 Loading LAPTOPS data
[2026-02-13T12:13:14.421+0000] {logging_mixin.py:188} INFO - ✅ Laptops table refreshed successfully
[2026-02-13T12:13:14.422+0000] {processor.py:842} WARNING - No viable dags retrieved from /opt/airflow/dags/scripts/loaders/load_laptops.py
[2026-02-13T12:13:14.442+0000] {processor.py:183} INFO - Processing /opt/airflow/dags/scripts/loaders/load_laptops.py took 0.880 seconds
[2026-02-13T12:13:59.983+0000] {processor.py:161} INFO - Started process (PID=1003) to work on /opt/airflow/dags/scripts/loaders/load_laptops.py
[2026-02-13T12:13:59.987+0000] {processor.py:830} INFO - Processing file /opt/airflow/dags/scripts/loaders/load_laptops.py for tasks to queue
[2026-02-13T12:13:59.991+0000] {logging_mixin.py:188} INFO - [2026-02-13T12:13:59.990+0000] {dagbag.py:545} INFO - Filling up the DagBag from /opt/airflow/dags/scripts/loaders/load_laptops.py
[2026-02-13T12:14:00.421+0000] {logging_mixin.py:188} INFO - 🚀 Loading LAPTOPS data
[2026-02-13T12:14:00.870+0000] {logging_mixin.py:188} INFO - ✅ Laptops table refreshed successfully
[2026-02-13T12:14:00.872+0000] {processor.py:842} WARNING - No viable dags retrieved from /opt/airflow/dags/scripts/loaders/load_laptops.py
[2026-02-13T12:14:00.889+0000] {processor.py:183} INFO - Processing /opt/airflow/dags/scripts/loaders/load_laptops.py took 0.917 seconds
[2026-02-13T12:14:31.218+0000] {processor.py:161} INFO - Started process (PID=1030) to work on /opt/airflow/dags/scripts/loaders/load_laptops.py
[2026-02-13T12:14:31.221+0000] {processor.py:830} INFO - Processing file /opt/airflow/dags/scripts/loaders/load_laptops.py for tasks to queue
[2026-02-13T12:14:31.226+0000] {logging_mixin.py:188} INFO - [2026-02-13T12:14:31.225+0000] {dagbag.py:545} INFO - Filling up the DagBag from /opt/airflow/dags/scripts/loaders/load_laptops.py
[2026-02-13T12:14:31.801+0000] {logging_mixin.py:188} INFO - 🚀 Loading LAPTOPS data
[2026-02-13T12:14:32.182+0000] {logging_mixin.py:188} INFO - ✅ Laptops table refreshed successfully
[2026-02-13T12:14:32.184+0000] {processor.py:842} WARNING - No viable dags retrieved from /opt/airflow/dags/scripts/loaders/load_laptops.py
[2026-02-13T12:14:32.205+0000] {processor.py:183} INFO - Processing /opt/airflow/dags/scripts/loaders/load_laptops.py took 1.001 seconds
[2026-02-13T12:15:03.092+0000] {processor.py:161} INFO - Started process (PID=1066) to work on /opt/airflow/dags/scripts/loaders/load_laptops.py
[2026-02-13T12:15:03.094+0000] {processor.py:830} INFO - Processing file /opt/airflow/dags/scripts/loaders/load_laptops.py for tasks to queue
[2026-02-13T12:15:03.098+0000] {logging_mixin.py:188} INFO - [2026-02-13T12:15:03.097+0000] {dagbag.py:545} INFO - Filling up the DagBag from /opt/airflow/dags/scripts/loaders/load_laptops.py
[2026-02-13T12:15:03.508+0000] {logging_mixin.py:188} INFO - 🚀 Loading LAPTOPS data
[2026-02-13T12:15:03.965+0000] {logging_mixin.py:188} INFO - ✅ Laptops table refreshed successfully
[2026-02-13T12:15:03.967+0000] {processor.py:842} WARNING - No viable dags retrieved from /opt/airflow/dags/scripts/loaders/load_laptops.py
[2026-02-13T12:15:03.999+0000] {processor.py:183} INFO - Processing /opt/airflow/dags/scripts/loaders/load_laptops.py took 0.916 seconds
[2026-02-13T12:15:34.295+0000] {processor.py:161} INFO - Started process (PID=1093) to work on /opt/airflow/dags/scripts/loaders/load_laptops.py
[2026-02-13T12:15:34.297+0000] {processor.py:830} INFO - Processing file /opt/airflow/dags/scripts/loaders/load_laptops.py for tasks to queue
[2026-02-13T12:15:34.302+0000] {logging_mixin.py:188} INFO - [2026-02-13T12:15:34.301+0000] {dagbag.py:545} INFO - Filling up the DagBag from /opt/airflow/dags/scripts/loaders/load_laptops.py
[2026-02-13T12:15:34.756+0000] {logging_mixin.py:188} INFO - 🚀 Loading LAPTOPS data
[2026-02-13T12:15:35.229+0000] {logging_mixin.py:188} INFO - ✅ Laptops table refreshed successfully
[2026-02-13T12:15:35.230+0000] {processor.py:842} WARNING - No viable dags retrieved from /opt/airflow/dags/scripts/loaders/load_laptops.py
[2026-02-13T12:15:35.247+0000] {processor.py:183} INFO - Processing /opt/airflow/dags/scripts/loaders/load_laptops.py took 0.965 seconds
[2026-02-13T12:16:05.567+0000] {processor.py:161} INFO - Started process (PID=1121) to work on /opt/airflow/dags/scripts/loaders/load_laptops.py
[2026-02-13T12:16:05.568+0000] {processor.py:830} INFO - Processing file /opt/airflow/dags/scripts/loaders/load_laptops.py for tasks to queue
[2026-02-13T12:16:05.571+0000] {logging_mixin.py:188} INFO - [2026-02-13T12:16:05.571+0000] {dagbag.py:545} INFO - Filling up the DagBag from /opt/airflow/dags/scripts/loaders/load_laptops.py
[2026-02-13T12:16:06.005+0000] {logging_mixin.py:188} INFO - 🚀 Loading LAPTOPS data
[2026-02-13T12:16:06.533+0000] {logging_mixin.py:188} INFO - ✅ Laptops table refreshed successfully
[2026-02-13T12:16:06.534+0000] {processor.py:842} WARNING - No viable dags retrieved from /opt/airflow/dags/scripts/loaders/load_laptops.py
[2026-02-13T12:16:06.555+0000] {processor.py:183} INFO - Processing /opt/airflow/dags/scripts/loaders/load_laptops.py took 0.998 seconds
[2026-02-13T12:16:37.536+0000] {processor.py:161} INFO - Started process (PID=1150) to work on /opt/airflow/dags/scripts/loaders/load_laptops.py
[2026-02-13T12:16:37.538+0000] {processor.py:830} INFO - Processing file /opt/airflow/dags/scripts/loaders/load_laptops.py for tasks to queue
[2026-02-13T12:16:37.541+0000] {logging_mixin.py:188} INFO - [2026-02-13T12:16:37.541+0000] {dagbag.py:545} INFO - Filling up the DagBag from /opt/airflow/dags/scripts/loaders/load_laptops.py
[2026-02-13T12:16:37.993+0000] {logging_mixin.py:188} INFO - 🚀 Loading LAPTOPS data
[2026-02-13T12:16:38.438+0000] {logging_mixin.py:188} INFO - ✅ Laptops table refreshed successfully
[2026-02-13T12:16:38.439+0000] {processor.py:842} WARNING - No viable dags retrieved from /opt/airflow/dags/scripts/loaders/load_laptops.py
[2026-02-13T12:16:38.459+0000] {processor.py:183} INFO - Processing /opt/airflow/dags/scripts/loaders/load_laptops.py took 0.930 seconds
[2026-02-13T12:17:09.706+0000] {processor.py:161} INFO - Started process (PID=1180) to work on /opt/airflow/dags/scripts/loaders/load_laptops.py
[2026-02-13T12:17:09.709+0000] {processor.py:830} INFO - Processing file /opt/airflow/dags/scripts/loaders/load_laptops.py for tasks to queue
[2026-02-13T12:17:09.713+0000] {logging_mixin.py:188} INFO - [2026-02-13T12:17:09.712+0000] {dagbag.py:545} INFO - Filling up the DagBag from /opt/airflow/dags/scripts/loaders/load_laptops.py
[2026-02-13T12:17:10.184+0000] {logging_mixin.py:188} INFO - 🚀 Loading LAPTOPS data
[2026-02-13T12:17:10.728+0000] {logging_mixin.py:188} INFO - ✅ Laptops table refreshed successfully
[2026-02-13T12:17:10.730+0000] {processor.py:842} WARNING - No viable dags retrieved from /opt/airflow/dags/scripts/loaders/load_laptops.py
[2026-02-13T12:17:10.746+0000] {processor.py:183} INFO - Processing /opt/airflow/dags/scripts/loaders/load_laptops.py took 1.047 seconds
[2026-02-13T12:17:41.825+0000] {processor.py:161} INFO - Started process (PID=1208) to work on /opt/airflow/dags/scripts/loaders/load_laptops.py
[2026-02-13T12:17:41.828+0000] {processor.py:830} INFO - Processing file /opt/airflow/dags/scripts/loaders/load_laptops.py for tasks to queue
[2026-02-13T12:17:41.831+0000] {logging_mixin.py:188} INFO - [2026-02-13T12:17:41.830+0000] {dagbag.py:545} INFO - Filling up the DagBag from /opt/airflow/dags/scripts/loaders/load_laptops.py
[2026-02-13T12:17:42.235+0000] {logging_mixin.py:188} INFO - 🚀 Loading LAPTOPS data
[2026-02-13T12:17:42.697+0000] {logging_mixin.py:188} INFO - ✅ Laptops table refreshed successfully
[2026-02-13T12:17:42.698+0000] {processor.py:842} WARNING - No viable dags retrieved from /opt/airflow/dags/scripts/loaders/load_laptops.py
[2026-02-13T12:17:42.717+0000] {processor.py:183} INFO - Processing /opt/airflow/dags/scripts/loaders/load_laptops.py took 0.902 seconds
[2026-02-13T12:18:13.560+0000] {processor.py:161} INFO - Started process (PID=1237) to work on /opt/airflow/dags/scripts/loaders/load_laptops.py
[2026-02-13T12:18:13.562+0000] {processor.py:830} INFO - Processing file /opt/airflow/dags/scripts/loaders/load_laptops.py for tasks to queue
[2026-02-13T12:18:13.564+0000] {logging_mixin.py:188} INFO - [2026-02-13T12:18:13.564+0000] {dagbag.py:545} INFO - Filling up the DagBag from /opt/airflow/dags/scripts/loaders/load_laptops.py
[2026-02-13T12:18:13.989+0000] {logging_mixin.py:188} INFO - 🚀 Loading LAPTOPS data
[2026-02-13T12:18:14.418+0000] {logging_mixin.py:188} INFO - ✅ Laptops table refreshed successfully
[2026-02-13T12:18:14.420+0000] {processor.py:842} WARNING - No viable dags retrieved from /opt/airflow/dags/scripts/loaders/load_laptops.py
[2026-02-13T12:18:14.439+0000] {processor.py:183} INFO - Processing /opt/airflow/dags/scripts/loaders/load_laptops.py took 0.886 seconds
[2026-02-13T12:18:46.229+0000] {processor.py:161} INFO - Started process (PID=1262) to work on /opt/airflow/dags/scripts/loaders/load_laptops.py
[2026-02-13T12:18:46.230+0000] {processor.py:830} INFO - Processing file /opt/airflow/dags/scripts/loaders/load_laptops.py for tasks to queue
[2026-02-13T12:18:46.235+0000] {logging_mixin.py:188} INFO - [2026-02-13T12:18:46.235+0000] {dagbag.py:545} INFO - Filling up the DagBag from /opt/airflow/dags/scripts/loaders/load_laptops.py
[2026-02-13T12:18:46.661+0000] {logging_mixin.py:188} INFO - 🚀 Loading LAPTOPS data
[2026-02-13T12:18:47.066+0000] {logging_mixin.py:188} INFO - ✅ Laptops table refreshed successfully
[2026-02-13T12:18:47.067+0000] {processor.py:842} WARNING - No viable dags retrieved from /opt/airflow/dags/scripts/loaders/load_laptops.py
[2026-02-13T12:18:47.081+0000] {processor.py:183} INFO - Processing /opt/airflow/dags/scripts/loaders/load_laptops.py took 0.859 seconds
[2026-02-13T12:19:18.124+0000] {processor.py:161} INFO - Started process (PID=1291) to work on /opt/airflow/dags/scripts/loaders/load_laptops.py
[2026-02-13T12:19:18.126+0000] {processor.py:830} INFO - Processing file /opt/airflow/dags/scripts/loaders/load_laptops.py for tasks to queue
[2026-02-13T12:19:18.129+0000] {logging_mixin.py:188} INFO - [2026-02-13T12:19:18.129+0000] {dagbag.py:545} INFO - Filling up the DagBag from /opt/airflow/dags/scripts/loaders/load_laptops.py
[2026-02-13T12:19:18.622+0000] {logging_mixin.py:188} INFO - 🚀 Loading LAPTOPS data
[2026-02-13T12:19:19.026+0000] {logging_mixin.py:188} INFO - ✅ Laptops table refreshed successfully
[2026-02-13T12:19:19.027+0000] {processor.py:842} WARNING - No viable dags retrieved from /opt/airflow/dags/scripts/loaders/load_laptops.py
[2026-02-13T12:19:19.042+0000] {processor.py:183} INFO - Processing /opt/airflow/dags/scripts/loaders/load_laptops.py took 0.927 seconds
[2026-02-13T12:19:51.095+0000] {processor.py:161} INFO - Started process (PID=1320) to work on /opt/airflow/dags/scripts/loaders/load_laptops.py
[2026-02-13T12:19:51.097+0000] {processor.py:830} INFO - Processing file /opt/airflow/dags/scripts/loaders/load_laptops.py for tasks to queue
[2026-02-13T12:19:51.101+0000] {logging_mixin.py:188} INFO - [2026-02-13T12:19:51.100+0000] {dagbag.py:545} INFO - Filling up the DagBag from /opt/airflow/dags/scripts/loaders/load_laptops.py
[2026-02-13T12:19:51.530+0000] {logging_mixin.py:188} INFO - 🚀 Loading LAPTOPS data
[2026-02-13T12:19:52.090+0000] {logging_mixin.py:188} INFO - ✅ Laptops table refreshed successfully
[2026-02-13T12:19:52.091+0000] {processor.py:842} WARNING - No viable dags retrieved from /opt/airflow/dags/scripts/loaders/load_laptops.py
[2026-02-13T12:19:52.111+0000] {processor.py:183} INFO - Processing /opt/airflow/dags/scripts/loaders/load_laptops.py took 1.024 seconds
[2026-02-13T12:20:22.783+0000] {processor.py:161} INFO - Started process (PID=1356) to work on /opt/airflow/dags/scripts/loaders/load_laptops.py
[2026-02-13T12:20:22.785+0000] {processor.py:830} INFO - Processing file /opt/airflow/dags/scripts/loaders/load_laptops.py for tasks to queue
[2026-02-13T12:20:22.787+0000] {logging_mixin.py:188} INFO - [2026-02-13T12:20:22.787+0000] {dagbag.py:545} INFO - Filling up the DagBag from /opt/airflow/dags/scripts/loaders/load_laptops.py
[2026-02-13T12:20:23.222+0000] {logging_mixin.py:188} INFO - 🚀 Loading LAPTOPS data
[2026-02-13T12:20:23.611+0000] {logging_mixin.py:188} INFO - ✅ Laptops table refreshed successfully
[2026-02-13T12:20:23.612+0000] {processor.py:842} WARNING - No viable dags retrieved from /opt/airflow/dags/scripts/loaders/load_laptops.py
[2026-02-13T12:20:23.633+0000] {processor.py:183} INFO - Processing /opt/airflow/dags/scripts/loaders/load_laptops.py took 0.859 seconds
[2026-02-13T12:20:54.549+0000] {processor.py:161} INFO - Started process (PID=1385) to work on /opt/airflow/dags/scripts/loaders/load_laptops.py
[2026-02-13T12:20:54.553+0000] {processor.py:830} INFO - Processing file /opt/airflow/dags/scripts/loaders/load_laptops.py for tasks to queue
[2026-02-13T12:20:54.556+0000] {logging_mixin.py:188} INFO - [2026-02-13T12:20:54.556+0000] {dagbag.py:545} INFO - Filling up the DagBag from /opt/airflow/dags/scripts/loaders/load_laptops.py
[2026-02-13T12:20:54.965+0000] {logging_mixin.py:188} INFO - 🚀 Loading LAPTOPS data
[2026-02-13T12:20:55.332+0000] {logging_mixin.py:188} INFO - ✅ Laptops table refreshed successfully
[2026-02-13T12:20:55.333+0000] {processor.py:842} WARNING - No viable dags retrieved from /opt/airflow/dags/scripts/loaders/load_laptops.py
[2026-02-13T12:20:55.349+0000] {processor.py:183} INFO - Processing /opt/airflow/dags/scripts/loaders/load_laptops.py took 0.808 seconds
[2026-02-13T12:21:26.579+0000] {processor.py:161} INFO - Started process (PID=1407) to work on /opt/airflow/dags/scripts/loaders/load_laptops.py
[2026-02-13T12:21:26.581+0000] {processor.py:830} INFO - Processing file /opt/airflow/dags/scripts/loaders/load_laptops.py for tasks to queue
[2026-02-13T12:21:26.584+0000] {logging_mixin.py:188} INFO - [2026-02-13T12:21:26.584+0000] {dagbag.py:545} INFO - Filling up the DagBag from /opt/airflow/dags/scripts/loaders/load_laptops.py
[2026-02-13T12:21:27.029+0000] {logging_mixin.py:188} INFO - 🚀 Loading LAPTOPS data
[2026-02-13T12:21:27.382+0000] {logging_mixin.py:188} INFO - ✅ Laptops table refreshed successfully
[2026-02-13T12:21:27.383+0000] {processor.py:842} WARNING - No viable dags retrieved from /opt/airflow/dags/scripts/loaders/load_laptops.py
[2026-02-13T12:21:27.402+0000] {processor.py:183} INFO - Processing /opt/airflow/dags/scripts/loaders/load_laptops.py took 0.832 seconds
[2026-02-13T12:21:58.391+0000] {processor.py:161} INFO - Started process (PID=1436) to work on /opt/airflow/dags/scripts/loaders/load_laptops.py
[2026-02-13T12:21:58.394+0000] {processor.py:830} INFO - Processing file /opt/airflow/dags/scripts/loaders/load_laptops.py for tasks to queue
[2026-02-13T12:21:58.400+0000] {logging_mixin.py:188} INFO - [2026-02-13T12:21:58.399+0000] {dagbag.py:545} INFO - Filling up the DagBag from /opt/airflow/dags/scripts/loaders/load_laptops.py
[2026-02-13T12:21:58.907+0000] {logging_mixin.py:188} INFO - 🚀 Loading LAPTOPS data
[2026-02-13T12:21:59.371+0000] {logging_mixin.py:188} INFO - ✅ Laptops table refreshed successfully
[2026-02-13T12:21:59.373+0000] {processor.py:842} WARNING - No viable dags retrieved from /opt/airflow/dags/scripts/loaders/load_laptops.py
[2026-02-13T12:21:59.397+0000] {processor.py:183} INFO - Processing /opt/airflow/dags/scripts/loaders/load_laptops.py took 1.016 seconds
[2026-02-13T12:22:31.035+0000] {processor.py:161} INFO - Started process (PID=1470) to work on /opt/airflow/dags/scripts/loaders/load_laptops.py
[2026-02-13T12:22:31.037+0000] {processor.py:830} INFO - Processing file /opt/airflow/dags/scripts/loaders/load_laptops.py for tasks to queue
[2026-02-13T12:22:31.040+0000] {logging_mixin.py:188} INFO - [2026-02-13T12:22:31.039+0000] {dagbag.py:545} INFO - Filling up the DagBag from /opt/airflow/dags/scripts/loaders/load_laptops.py
[2026-02-13T12:22:31.498+0000] {logging_mixin.py:188} INFO - 🚀 Loading LAPTOPS data
[2026-02-13T12:22:31.951+0000] {logging_mixin.py:188} INFO - ✅ Laptops table refreshed successfully
[2026-02-13T12:22:31.953+0000] {processor.py:842} WARNING - No viable dags retrieved from /opt/airflow/dags/scripts/loaders/load_laptops.py
[2026-02-13T12:22:31.973+0000] {processor.py:183} INFO - Processing /opt/airflow/dags/scripts/loaders/load_laptops.py took 0.946 seconds
[2026-02-13T12:23:03.465+0000] {processor.py:161} INFO - Started process (PID=1494) to work on /opt/airflow/dags/scripts/loaders/load_laptops.py
[2026-02-13T12:23:03.468+0000] {processor.py:830} INFO - Processing file /opt/airflow/dags/scripts/loaders/load_laptops.py for tasks to queue
[2026-02-13T12:23:03.472+0000] {logging_mixin.py:188} INFO - [2026-02-13T12:23:03.471+0000] {dagbag.py:545} INFO - Filling up the DagBag from /opt/airflow/dags/scripts/loaders/load_laptops.py
[2026-02-13T12:23:03.976+0000] {logging_mixin.py:188} INFO - 🚀 Loading LAPTOPS data
[2026-02-13T12:23:04.431+0000] {logging_mixin.py:188} INFO - ✅ Laptops table refreshed successfully
[2026-02-13T12:23:04.432+0000] {processor.py:842} WARNING - No viable dags retrieved from /opt/airflow/dags/scripts/loaders/load_laptops.py
[2026-02-13T12:23:04.463+0000] {processor.py:183} INFO - Processing /opt/airflow/dags/scripts/loaders/load_laptops.py took 1.009 seconds
[2026-02-13T12:23:35.088+0000] {processor.py:161} INFO - Started process (PID=1528) to work on /opt/airflow/dags/scripts/loaders/load_laptops.py
[2026-02-13T12:23:35.090+0000] {processor.py:830} INFO - Processing file /opt/airflow/dags/scripts/loaders/load_laptops.py for tasks to queue
[2026-02-13T12:23:35.094+0000] {logging_mixin.py:188} INFO - [2026-02-13T12:23:35.094+0000] {dagbag.py:545} INFO - Filling up the DagBag from /opt/airflow/dags/scripts/loaders/load_laptops.py
[2026-02-13T12:23:35.490+0000] {logging_mixin.py:188} INFO - 🚀 Loading LAPTOPS data
[2026-02-13T12:23:35.900+0000] {logging_mixin.py:188} INFO - ✅ Laptops table refreshed successfully
[2026-02-13T12:23:35.902+0000] {processor.py:842} WARNING - No viable dags retrieved from /opt/airflow/dags/scripts/loaders/load_laptops.py
[2026-02-13T12:23:35.919+0000] {processor.py:183} INFO - Processing /opt/airflow/dags/scripts/loaders/load_laptops.py took 0.839 seconds
[2026-02-13T12:24:06.865+0000] {processor.py:161} INFO - Started process (PID=1552) to work on /opt/airflow/dags/scripts/loaders/load_laptops.py
[2026-02-13T12:24:06.868+0000] {processor.py:830} INFO - Processing file /opt/airflow/dags/scripts/loaders/load_laptops.py for tasks to queue
[2026-02-13T12:24:06.873+0000] {logging_mixin.py:188} INFO - [2026-02-13T12:24:06.872+0000] {dagbag.py:545} INFO - Filling up the DagBag from /opt/airflow/dags/scripts/loaders/load_laptops.py
[2026-02-13T12:24:07.436+0000] {logging_mixin.py:188} INFO - 🚀 Loading LAPTOPS data
[2026-02-13T12:24:07.893+0000] {logging_mixin.py:188} INFO - ✅ Laptops table refreshed successfully
[2026-02-13T12:24:07.894+0000] {processor.py:842} WARNING - No viable dags retrieved from /opt/airflow/dags/scripts/loaders/load_laptops.py
[2026-02-13T12:24:07.911+0000] {processor.py:183} INFO - Processing /opt/airflow/dags/scripts/loaders/load_laptops.py took 1.056 seconds
[2026-02-13T12:24:38.431+0000] {processor.py:161} INFO - Started process (PID=1586) to work on /opt/airflow/dags/scripts/loaders/load_laptops.py
[2026-02-13T12:24:38.433+0000] {processor.py:830} INFO - Processing file /opt/airflow/dags/scripts/loaders/load_laptops.py for tasks to queue
[2026-02-13T12:24:38.437+0000] {logging_mixin.py:188} INFO - [2026-02-13T12:24:38.436+0000] {dagbag.py:545} INFO - Filling up the DagBag from /opt/airflow/dags/scripts/loaders/load_laptops.py
[2026-02-13T12:24:38.832+0000] {logging_mixin.py:188} INFO - 🚀 Loading LAPTOPS data
[2026-02-13T12:24:39.234+0000] {logging_mixin.py:188} INFO - ✅ Laptops table refreshed successfully
[2026-02-13T12:24:39.236+0000] {processor.py:842} WARNING - No viable dags retrieved from /opt/airflow/dags/scripts/loaders/load_laptops.py
[2026-02-13T12:24:39.251+0000] {processor.py:183} INFO - Processing /opt/airflow/dags/scripts/loaders/load_laptops.py took 0.828 seconds
[2026-02-13T12:25:11.657+0000] {processor.py:161} INFO - Started process (PID=1610) to work on /opt/airflow/dags/scripts/loaders/load_laptops.py
[2026-02-13T12:25:11.660+0000] {processor.py:830} INFO - Processing file /opt/airflow/dags/scripts/loaders/load_laptops.py for tasks to queue
[2026-02-13T12:25:11.664+0000] {logging_mixin.py:188} INFO - [2026-02-13T12:25:11.662+0000] {dagbag.py:545} INFO - Filling up the DagBag from /opt/airflow/dags/scripts/loaders/load_laptops.py
[2026-02-13T12:25:12.582+0000] {logging_mixin.py:188} INFO - 🚀 Loading LAPTOPS data
[2026-02-13T12:25:13.204+0000] {logging_mixin.py:188} INFO - ✅ Laptops table refreshed successfully
[2026-02-13T12:25:13.205+0000] {processor.py:842} WARNING - No viable dags retrieved from /opt/airflow/dags/scripts/loaders/load_laptops.py
[2026-02-13T12:25:13.228+0000] {processor.py:183} INFO - Processing /opt/airflow/dags/scripts/loaders/load_laptops.py took 1.583 seconds
[2026-02-13T12:25:44.116+0000] {processor.py:161} INFO - Started process (PID=1646) to work on /opt/airflow/dags/scripts/loaders/load_laptops.py
[2026-02-13T12:25:44.118+0000] {processor.py:830} INFO - Processing file /opt/airflow/dags/scripts/loaders/load_laptops.py for tasks to queue
[2026-02-13T12:25:44.122+0000] {logging_mixin.py:188} INFO - [2026-02-13T12:25:44.121+0000] {dagbag.py:545} INFO - Filling up the DagBag from /opt/airflow/dags/scripts/loaders/load_laptops.py
[2026-02-13T12:25:44.441+0000] {logging_mixin.py:188} INFO - 🚀 Loading LAPTOPS data
[2026-02-13T12:25:44.728+0000] {logging_mixin.py:188} INFO - ✅ Laptops table refreshed successfully
[2026-02-13T12:25:44.729+0000] {processor.py:842} WARNING - No viable dags retrieved from /opt/airflow/dags/scripts/loaders/load_laptops.py
[2026-02-13T12:25:44.741+0000] {processor.py:183} INFO - Processing /opt/airflow/dags/scripts/loaders/load_laptops.py took 0.630 seconds
[2026-02-13T12:26:15.059+0000] {processor.py:161} INFO - Started process (PID=1675) to work on /opt/airflow/dags/scripts/loaders/load_laptops.py
[2026-02-13T12:26:15.061+0000] {processor.py:830} INFO - Processing file /opt/airflow/dags/scripts/loaders/load_laptops.py for tasks to queue
[2026-02-13T12:26:15.064+0000] {logging_mixin.py:188} INFO - [2026-02-13T12:26:15.064+0000] {dagbag.py:545} INFO - Filling up the DagBag from /opt/airflow/dags/scripts/loaders/load_laptops.py
[2026-02-13T12:26:15.355+0000] {logging_mixin.py:188} INFO - 🚀 Loading LAPTOPS data
[2026-02-13T12:26:15.627+0000] {logging_mixin.py:188} INFO - ✅ Laptops table refreshed successfully
[2026-02-13T12:26:15.628+0000] {processor.py:842} WARNING - No viable dags retrieved from /opt/airflow/dags/scripts/loaders/load_laptops.py
[2026-02-13T12:26:15.639+0000] {processor.py:183} INFO - Processing /opt/airflow/dags/scripts/loaders/load_laptops.py took 0.587 seconds
[2026-02-13T12:26:45.944+0000] {processor.py:161} INFO - Started process (PID=1702) to work on /opt/airflow/dags/scripts/loaders/load_laptops.py
[2026-02-13T12:26:45.945+0000] {processor.py:830} INFO - Processing file /opt/airflow/dags/scripts/loaders/load_laptops.py for tasks to queue
[2026-02-13T12:26:45.947+0000] {logging_mixin.py:188} INFO - [2026-02-13T12:26:45.947+0000] {dagbag.py:545} INFO - Filling up the DagBag from /opt/airflow/dags/scripts/loaders/load_laptops.py
[2026-02-13T12:26:46.207+0000] {logging_mixin.py:188} INFO - 🚀 Loading LAPTOPS data
[2026-02-13T12:26:46.471+0000] {logging_mixin.py:188} INFO - ✅ Laptops table refreshed successfully
[2026-02-13T12:26:46.472+0000] {processor.py:842} WARNING - No viable dags retrieved from /opt/airflow/dags/scripts/loaders/load_laptops.py
[2026-02-13T12:26:46.481+0000] {processor.py:183} INFO - Processing /opt/airflow/dags/scripts/loaders/load_laptops.py took 0.542 seconds
[2026-02-13T12:27:18.095+0000] {processor.py:161} INFO - Started process (PID=1726) to work on /opt/airflow/dags/scripts/loaders/load_laptops.py
[2026-02-13T12:27:18.097+0000] {processor.py:830} INFO - Processing file /opt/airflow/dags/scripts/loaders/load_laptops.py for tasks to queue
[2026-02-13T12:27:18.100+0000] {logging_mixin.py:188} INFO - [2026-02-13T12:27:18.100+0000] {dagbag.py:545} INFO - Filling up the DagBag from /opt/airflow/dags/scripts/loaders/load_laptops.py
[2026-02-13T12:27:18.381+0000] {logging_mixin.py:188} INFO - 🚀 Loading LAPTOPS data
[2026-02-13T12:27:18.633+0000] {logging_mixin.py:188} INFO - ✅ Laptops table refreshed successfully
[2026-02-13T12:27:18.634+0000] {processor.py:842} WARNING - No viable dags retrieved from /opt/airflow/dags/scripts/loaders/load_laptops.py
[2026-02-13T12:27:18.644+0000] {processor.py:183} INFO - Processing /opt/airflow/dags/scripts/loaders/load_laptops.py took 0.553 seconds
[2026-02-13T12:27:50.151+0000] {processor.py:161} INFO - Started process (PID=1755) to work on /opt/airflow/dags/scripts/loaders/load_laptops.py
[2026-02-13T12:27:50.153+0000] {processor.py:830} INFO - Processing file /opt/airflow/dags/scripts/loaders/load_laptops.py for tasks to queue
[2026-02-13T12:27:50.156+0000] {logging_mixin.py:188} INFO - [2026-02-13T12:27:50.155+0000] {dagbag.py:545} INFO - Filling up the DagBag from /opt/airflow/dags/scripts/loaders/load_laptops.py
[2026-02-13T12:27:50.599+0000] {logging_mixin.py:188} INFO - 🚀 Loading LAPTOPS data
[2026-02-13T12:27:50.866+0000] {logging_mixin.py:188} INFO - ✅ Laptops table refreshed successfully
[2026-02-13T12:27:50.868+0000] {processor.py:842} WARNING - No viable dags retrieved from /opt/airflow/dags/scripts/loaders/load_laptops.py
[2026-02-13T12:27:50.878+0000] {processor.py:183} INFO - Processing /opt/airflow/dags/scripts/loaders/load_laptops.py took 0.733 seconds
[2026-02-13T12:28:22.478+0000] {processor.py:161} INFO - Started process (PID=1783) to work on /opt/airflow/dags/scripts/loaders/load_laptops.py
[2026-02-13T12:28:22.480+0000] {processor.py:830} INFO - Processing file /opt/airflow/dags/scripts/loaders/load_laptops.py for tasks to queue
[2026-02-13T12:28:22.484+0000] {logging_mixin.py:188} INFO - [2026-02-13T12:28:22.483+0000] {dagbag.py:545} INFO - Filling up the DagBag from /opt/airflow/dags/scripts/loaders/load_laptops.py
[2026-02-13T12:28:22.746+0000] {logging_mixin.py:188} INFO - 🚀 Loading LAPTOPS data
[2026-02-13T12:28:23.064+0000] {logging_mixin.py:188} INFO - ✅ Laptops table refreshed successfully
[2026-02-13T12:28:23.065+0000] {processor.py:842} WARNING - No viable dags retrieved from /opt/airflow/dags/scripts/loaders/load_laptops.py
[2026-02-13T12:28:23.077+0000] {processor.py:183} INFO - Processing /opt/airflow/dags/scripts/loaders/load_laptops.py took 0.606 seconds
[2026-02-13T12:28:54.030+0000] {processor.py:161} INFO - Started process (PID=1812) to work on /opt/airflow/dags/scripts/loaders/load_laptops.py
[2026-02-13T12:28:54.031+0000] {processor.py:830} INFO - Processing file /opt/airflow/dags/scripts/loaders/load_laptops.py for tasks to queue
[2026-02-13T12:28:54.034+0000] {logging_mixin.py:188} INFO - [2026-02-13T12:28:54.033+0000] {dagbag.py:545} INFO - Filling up the DagBag from /opt/airflow/dags/scripts/loaders/load_laptops.py
[2026-02-13T12:28:54.317+0000] {logging_mixin.py:188} INFO - 🚀 Loading LAPTOPS data
[2026-02-13T12:28:54.689+0000] {logging_mixin.py:188} INFO - ✅ Laptops table refreshed successfully
[2026-02-13T12:28:54.690+0000] {processor.py:842} WARNING - No viable dags retrieved from /opt/airflow/dags/scripts/loaders/load_laptops.py
[2026-02-13T12:28:54.706+0000] {processor.py:183} INFO - Processing /opt/airflow/dags/scripts/loaders/load_laptops.py took 0.681 seconds
[2026-02-13T12:29:26.664+0000] {processor.py:161} INFO - Started process (PID=1842) to work on /opt/airflow/dags/scripts/loaders/load_laptops.py
[2026-02-13T12:29:26.666+0000] {processor.py:830} INFO - Processing file /opt/airflow/dags/scripts/loaders/load_laptops.py for tasks to queue
[2026-02-13T12:29:26.670+0000] {logging_mixin.py:188} INFO - [2026-02-13T12:29:26.670+0000] {dagbag.py:545} INFO - Filling up the DagBag from /opt/airflow/dags/scripts/loaders/load_laptops.py
[2026-02-13T12:29:26.977+0000] {logging_mixin.py:188} INFO - 🚀 Loading LAPTOPS data
[2026-02-13T12:29:27.318+0000] {logging_mixin.py:188} INFO - ✅ Laptops table refreshed successfully
[2026-02-13T12:29:27.319+0000] {processor.py:842} WARNING - No viable dags retrieved from /opt/airflow/dags/scripts/loaders/load_laptops.py
[2026-02-13T12:29:27.338+0000] {processor.py:183} INFO - Processing /opt/airflow/dags/scripts/loaders/load_laptops.py took 0.678 seconds
[2026-02-13T12:29:58.281+0000] {processor.py:161} INFO - Started process (PID=1871) to work on /opt/airflow/dags/scripts/loaders/load_laptops.py
[2026-02-13T12:29:58.283+0000] {processor.py:830} INFO - Processing file /opt/airflow/dags/scripts/loaders/load_laptops.py for tasks to queue
[2026-02-13T12:29:58.288+0000] {logging_mixin.py:188} INFO - [2026-02-13T12:29:58.287+0000] {dagbag.py:545} INFO - Filling up the DagBag from /opt/airflow/dags/scripts/loaders/load_laptops.py
[2026-02-13T12:29:58.574+0000] {logging_mixin.py:188} INFO - 🚀 Loading LAPTOPS data
[2026-02-13T12:29:58.873+0000] {logging_mixin.py:188} INFO - ✅ Laptops table refreshed successfully
[2026-02-13T12:29:58.874+0000] {processor.py:842} WARNING - No viable dags retrieved from /opt/airflow/dags/scripts/loaders/load_laptops.py
[2026-02-13T12:29:58.884+0000] {processor.py:183} INFO - Processing /opt/airflow/dags/scripts/loaders/load_laptops.py took 0.609 seconds
[2026-02-13T12:30:29.936+0000] {processor.py:161} INFO - Started process (PID=1900) to work on /opt/airflow/dags/scripts/loaders/load_laptops.py
[2026-02-13T12:30:29.938+0000] {processor.py:830} INFO - Processing file /opt/airflow/dags/scripts/loaders/load_laptops.py for tasks to queue
[2026-02-13T12:30:29.940+0000] {logging_mixin.py:188} INFO - [2026-02-13T12:30:29.940+0000] {dagbag.py:545} INFO - Filling up the DagBag from /opt/airflow/dags/scripts/loaders/load_laptops.py
[2026-02-13T12:30:30.226+0000] {logging_mixin.py:188} INFO - 🚀 Loading LAPTOPS data
[2026-02-13T12:30:30.498+0000] {logging_mixin.py:188} INFO - ✅ Laptops table refreshed successfully
[2026-02-13T12:30:30.500+0000] {processor.py:842} WARNING - No viable dags retrieved from /opt/airflow/dags/scripts/loaders/load_laptops.py
[2026-02-13T12:30:30.509+0000] {processor.py:183} INFO - Processing /opt/airflow/dags/scripts/loaders/load_laptops.py took 0.577 seconds
[2026-02-13T12:31:02.316+0000] {processor.py:161} INFO - Started process (PID=1929) to work on /opt/airflow/dags/scripts/loaders/load_laptops.py
[2026-02-13T12:31:02.318+0000] {processor.py:830} INFO - Processing file /opt/airflow/dags/scripts/loaders/load_laptops.py for tasks to queue
[2026-02-13T12:31:02.322+0000] {logging_mixin.py:188} INFO - [2026-02-13T12:31:02.321+0000] {dagbag.py:545} INFO - Filling up the DagBag from /opt/airflow/dags/scripts/loaders/load_laptops.py
[2026-02-13T12:31:02.636+0000] {logging_mixin.py:188} INFO - 🚀 Loading LAPTOPS data
[2026-02-13T12:31:02.961+0000] {logging_mixin.py:188} INFO - ✅ Laptops table refreshed successfully
[2026-02-13T12:31:02.963+0000] {processor.py:842} WARNING - No viable dags retrieved from /opt/airflow/dags/scripts/loaders/load_laptops.py
[2026-02-13T12:31:02.981+0000] {processor.py:183} INFO - Processing /opt/airflow/dags/scripts/loaders/load_laptops.py took 0.670 seconds
[2026-02-13T12:31:33.961+0000] {processor.py:161} INFO - Started process (PID=1957) to work on /opt/airflow/dags/scripts/loaders/load_laptops.py
[2026-02-13T12:31:33.962+0000] {processor.py:830} INFO - Processing file /opt/airflow/dags/scripts/loaders/load_laptops.py for tasks to queue
[2026-02-13T12:31:33.965+0000] {logging_mixin.py:188} INFO - [2026-02-13T12:31:33.965+0000] {dagbag.py:545} INFO - Filling up the DagBag from /opt/airflow/dags/scripts/loaders/load_laptops.py
[2026-02-13T12:31:34.238+0000] {logging_mixin.py:188} INFO - 🚀 Loading LAPTOPS data
[2026-02-13T12:31:34.544+0000] {logging_mixin.py:188} INFO - ✅ Laptops table refreshed successfully
[2026-02-13T12:31:34.545+0000] {processor.py:842} WARNING - No viable dags retrieved from /opt/airflow/dags/scripts/loaders/load_laptops.py
[2026-02-13T12:31:34.564+0000] {processor.py:183} INFO - Processing /opt/airflow/dags/scripts/loaders/load_laptops.py took 0.607 seconds
[2026-02-13T12:32:06.031+0000] {processor.py:161} INFO - Started process (PID=1987) to work on /opt/airflow/dags/scripts/loaders/load_laptops.py
[2026-02-13T12:32:06.033+0000] {processor.py:830} INFO - Processing file /opt/airflow/dags/scripts/loaders/load_laptops.py for tasks to queue
[2026-02-13T12:32:06.036+0000] {logging_mixin.py:188} INFO - [2026-02-13T12:32:06.035+0000] {dagbag.py:545} INFO - Filling up the DagBag from /opt/airflow/dags/scripts/loaders/load_laptops.py
[2026-02-13T12:32:06.371+0000] {logging_mixin.py:188} INFO - 🚀 Loading LAPTOPS data
[2026-02-13T12:32:06.652+0000] {logging_mixin.py:188} INFO - ✅ Laptops table refreshed successfully
[2026-02-13T12:32:06.653+0000] {processor.py:842} WARNING - No viable dags retrieved from /opt/airflow/dags/scripts/loaders/load_laptops.py
[2026-02-13T12:32:06.667+0000] {processor.py:183} INFO - Processing /opt/airflow/dags/scripts/loaders/load_laptops.py took 0.642 seconds
[2026-02-13T12:32:38.604+0000] {processor.py:161} INFO - Started process (PID=2016) to work on /opt/airflow/dags/scripts/loaders/load_laptops.py
[2026-02-13T12:32:38.607+0000] {processor.py:830} INFO - Processing file /opt/airflow/dags/scripts/loaders/load_laptops.py for tasks to queue
[2026-02-13T12:32:38.611+0000] {logging_mixin.py:188} INFO - [2026-02-13T12:32:38.610+0000] {dagbag.py:545} INFO - Filling up the DagBag from /opt/airflow/dags/scripts/loaders/load_laptops.py
[2026-02-13T12:32:38.988+0000] {logging_mixin.py:188} INFO - 🚀 Loading LAPTOPS data
[2026-02-13T12:32:39.268+0000] {logging_mixin.py:188} INFO - ✅ Laptops table refreshed successfully
[2026-02-13T12:32:39.269+0000] {processor.py:842} WARNING - No viable dags retrieved from /opt/airflow/dags/scripts/loaders/load_laptops.py
[2026-02-13T12:32:39.282+0000] {processor.py:183} INFO - Processing /opt/airflow/dags/scripts/loaders/load_laptops.py took 0.686 seconds
[2026-02-13T12:33:10.166+0000] {processor.py:161} INFO - Started process (PID=2045) to work on /opt/airflow/dags/scripts/loaders/load_laptops.py
[2026-02-13T12:33:10.168+0000] {processor.py:830} INFO - Processing file /opt/airflow/dags/scripts/loaders/load_laptops.py for tasks to queue
[2026-02-13T12:33:10.172+0000] {logging_mixin.py:188} INFO - [2026-02-13T12:33:10.171+0000] {dagbag.py:545} INFO - Filling up the DagBag from /opt/airflow/dags/scripts/loaders/load_laptops.py
[2026-02-13T12:33:10.589+0000] {logging_mixin.py:188} INFO - 🚀 Loading LAPTOPS data
[2026-02-13T12:33:10.852+0000] {logging_mixin.py:188} INFO - ✅ Laptops table refreshed successfully
[2026-02-13T12:33:10.853+0000] {processor.py:842} WARNING - No viable dags retrieved from /opt/airflow/dags/scripts/loaders/load_laptops.py
[2026-02-13T12:33:10.863+0000] {processor.py:183} INFO - Processing /opt/airflow/dags/scripts/loaders/load_laptops.py took 0.702 seconds
[2026-02-13T12:33:42.523+0000] {processor.py:161} INFO - Started process (PID=2074) to work on /opt/airflow/dags/scripts/loaders/load_laptops.py
[2026-02-13T12:33:42.525+0000] {processor.py:830} INFO - Processing file /opt/airflow/dags/scripts/loaders/load_laptops.py for tasks to queue
[2026-02-13T12:33:42.527+0000] {logging_mixin.py:188} INFO - [2026-02-13T12:33:42.526+0000] {dagbag.py:545} INFO - Filling up the DagBag from /opt/airflow/dags/scripts/loaders/load_laptops.py
[2026-02-13T12:33:42.876+0000] {logging_mixin.py:188} INFO - 🚀 Loading LAPTOPS data
[2026-02-13T12:33:43.126+0000] {logging_mixin.py:188} INFO - ✅ Laptops table refreshed successfully
[2026-02-13T12:33:43.127+0000] {processor.py:842} WARNING - No viable dags retrieved from /opt/airflow/dags/scripts/loaders/load_laptops.py
[2026-02-13T12:33:43.137+0000] {processor.py:183} INFO - Processing /opt/airflow/dags/scripts/loaders/load_laptops.py took 0.619 seconds
[2026-02-13T12:36:46.403+0000] {processor.py:161} INFO - Started process (PID=2103) to work on /opt/airflow/dags/scripts/loaders/load_laptops.py
[2026-02-13T12:36:46.408+0000] {processor.py:830} INFO - Processing file /opt/airflow/dags/scripts/loaders/load_laptops.py for tasks to queue
[2026-02-13T12:36:46.413+0000] {logging_mixin.py:188} INFO - [2026-02-13T12:36:46.412+0000] {dagbag.py:545} INFO - Filling up the DagBag from /opt/airflow/dags/scripts/loaders/load_laptops.py
[2026-02-13T12:36:47.224+0000] {logging_mixin.py:188} INFO - 🚀 Loading LAPTOPS data
[2026-02-13T12:36:47.716+0000] {logging_mixin.py:188} INFO - ✅ Laptops table refreshed successfully
[2026-02-13T12:36:47.718+0000] {processor.py:842} WARNING - No viable dags retrieved from /opt/airflow/dags/scripts/loaders/load_laptops.py
[2026-02-13T12:36:47.753+0000] {processor.py:183} INFO - Processing /opt/airflow/dags/scripts/loaders/load_laptops.py took 1.379 seconds
[2026-02-13T12:37:18.167+0000] {processor.py:161} INFO - Started process (PID=2139) to work on /opt/airflow/dags/scripts/loaders/load_laptops.py
[2026-02-13T12:37:18.170+0000] {processor.py:830} INFO - Processing file /opt/airflow/dags/scripts/loaders/load_laptops.py for tasks to queue
[2026-02-13T12:37:18.175+0000] {logging_mixin.py:188} INFO - [2026-02-13T12:37:18.174+0000] {dagbag.py:545} INFO - Filling up the DagBag from /opt/airflow/dags/scripts/loaders/load_laptops.py
[2026-02-13T12:37:18.457+0000] {logging_mixin.py:188} INFO - 🚀 Loading LAPTOPS data
[2026-02-13T12:37:18.822+0000] {logging_mixin.py:188} INFO - ✅ Laptops table refreshed successfully
[2026-02-13T12:37:18.832+0000] {processor.py:842} WARNING - No viable dags retrieved from /opt/airflow/dags/scripts/loaders/load_laptops.py
[2026-02-13T12:37:18.848+0000] {processor.py:183} INFO - Processing /opt/airflow/dags/scripts/loaders/load_laptops.py took 0.693 seconds
[2026-02-13T12:37:49.749+0000] {processor.py:161} INFO - Started process (PID=2168) to work on /opt/airflow/dags/scripts/loaders/load_laptops.py
[2026-02-13T12:37:49.752+0000] {processor.py:830} INFO - Processing file /opt/airflow/dags/scripts/loaders/load_laptops.py for tasks to queue
[2026-02-13T12:37:49.757+0000] {logging_mixin.py:188} INFO - [2026-02-13T12:37:49.756+0000] {dagbag.py:545} INFO - Filling up the DagBag from /opt/airflow/dags/scripts/loaders/load_laptops.py
[2026-02-13T12:37:50.070+0000] {logging_mixin.py:188} INFO - 🚀 Loading LAPTOPS data
[2026-02-13T12:37:50.444+0000] {logging_mixin.py:188} INFO - ✅ Laptops table refreshed successfully
[2026-02-13T12:37:50.445+0000] {processor.py:842} WARNING - No viable dags retrieved from /opt/airflow/dags/scripts/loaders/load_laptops.py
[2026-02-13T12:37:50.467+0000] {processor.py:183} INFO - Processing /opt/airflow/dags/scripts/loaders/load_laptops.py took 0.732 seconds
[2026-02-13T12:38:20.798+0000] {processor.py:161} INFO - Started process (PID=2197) to work on /opt/airflow/dags/scripts/loaders/load_laptops.py
[2026-02-13T12:38:20.801+0000] {processor.py:830} INFO - Processing file /opt/airflow/dags/scripts/loaders/load_laptops.py for tasks to queue
[2026-02-13T12:38:20.805+0000] {logging_mixin.py:188} INFO - [2026-02-13T12:38:20.805+0000] {dagbag.py:545} INFO - Filling up the DagBag from /opt/airflow/dags/scripts/loaders/load_laptops.py
[2026-02-13T12:38:21.150+0000] {logging_mixin.py:188} INFO - 🚀 Loading LAPTOPS data
[2026-02-13T12:38:21.416+0000] {logging_mixin.py:188} INFO - ✅ Laptops table refreshed successfully
[2026-02-13T12:38:21.417+0000] {processor.py:842} WARNING - No viable dags retrieved from /opt/airflow/dags/scripts/loaders/load_laptops.py
[2026-02-13T12:38:21.428+0000] {processor.py:183} INFO - Processing /opt/airflow/dags/scripts/loaders/load_laptops.py took 0.641 seconds
[2026-02-13T12:38:51.961+0000] {processor.py:161} INFO - Started process (PID=2226) to work on /opt/airflow/dags/scripts/loaders/load_laptops.py
[2026-02-13T12:38:51.964+0000] {processor.py:830} INFO - Processing file /opt/airflow/dags/scripts/loaders/load_laptops.py for tasks to queue
[2026-02-13T12:38:51.967+0000] {logging_mixin.py:188} INFO - [2026-02-13T12:38:51.966+0000] {dagbag.py:545} INFO - Filling up the DagBag from /opt/airflow/dags/scripts/loaders/load_laptops.py
[2026-02-13T12:38:52.222+0000] {logging_mixin.py:188} INFO - 🚀 Loading LAPTOPS data
[2026-02-13T12:38:52.518+0000] {logging_mixin.py:188} INFO - ✅ Laptops table refreshed successfully
[2026-02-13T12:38:52.519+0000] {processor.py:842} WARNING - No viable dags retrieved from /opt/airflow/dags/scripts/loaders/load_laptops.py
[2026-02-13T12:38:52.536+0000] {processor.py:183} INFO - Processing /opt/airflow/dags/scripts/loaders/load_laptops.py took 0.586 seconds
[2026-02-13T12:39:23.149+0000] {processor.py:161} INFO - Started process (PID=2255) to work on /opt/airflow/dags/scripts/loaders/load_laptops.py
[2026-02-13T12:39:23.151+0000] {processor.py:830} INFO - Processing file /opt/airflow/dags/scripts/loaders/load_laptops.py for tasks to queue
[2026-02-13T12:39:23.162+0000] {logging_mixin.py:188} INFO - [2026-02-13T12:39:23.160+0000] {dagbag.py:545} INFO - Filling up the DagBag from /opt/airflow/dags/scripts/loaders/load_laptops.py
[2026-02-13T12:39:23.431+0000] {logging_mixin.py:188} INFO - 🚀 Loading LAPTOPS data
[2026-02-13T12:39:23.730+0000] {logging_mixin.py:188} INFO - ✅ Laptops table refreshed successfully
[2026-02-13T12:39:23.731+0000] {processor.py:842} WARNING - No viable dags retrieved from /opt/airflow/dags/scripts/loaders/load_laptops.py
[2026-02-13T12:39:23.743+0000] {processor.py:183} INFO - Processing /opt/airflow/dags/scripts/loaders/load_laptops.py took 0.600 seconds
[2026-02-13T12:39:54.009+0000] {processor.py:161} INFO - Started process (PID=2284) to work on /opt/airflow/dags/scripts/loaders/load_laptops.py
[2026-02-13T12:39:54.011+0000] {processor.py:830} INFO - Processing file /opt/airflow/dags/scripts/loaders/load_laptops.py for tasks to queue
[2026-02-13T12:39:54.014+0000] {logging_mixin.py:188} INFO - [2026-02-13T12:39:54.013+0000] {dagbag.py:545} INFO - Filling up the DagBag from /opt/airflow/dags/scripts/loaders/load_laptops.py
[2026-02-13T12:39:54.303+0000] {logging_mixin.py:188} INFO - 🚀 Loading LAPTOPS data
[2026-02-13T12:39:54.564+0000] {logging_mixin.py:188} INFO - ✅ Laptops table refreshed successfully
[2026-02-13T12:39:54.565+0000] {processor.py:842} WARNING - No viable dags retrieved from /opt/airflow/dags/scripts/loaders/load_laptops.py
[2026-02-13T12:39:54.578+0000] {processor.py:183} INFO - Processing /opt/airflow/dags/scripts/loaders/load_laptops.py took 0.575 seconds
[2026-02-13T12:40:25.104+0000] {processor.py:161} INFO - Started process (PID=2313) to work on /opt/airflow/dags/scripts/loaders/load_laptops.py
[2026-02-13T12:40:25.106+0000] {processor.py:830} INFO - Processing file /opt/airflow/dags/scripts/loaders/load_laptops.py for tasks to queue
[2026-02-13T12:40:25.109+0000] {logging_mixin.py:188} INFO - [2026-02-13T12:40:25.109+0000] {dagbag.py:545} INFO - Filling up the DagBag from /opt/airflow/dags/scripts/loaders/load_laptops.py
[2026-02-13T12:40:25.414+0000] {logging_mixin.py:188} INFO - 🚀 Loading LAPTOPS data
[2026-02-13T12:40:25.670+0000] {logging_mixin.py:188} INFO - ✅ Laptops table refreshed successfully
[2026-02-13T12:40:25.670+0000] {processor.py:842} WARNING - No viable dags retrieved from /opt/airflow/dags/scripts/loaders/load_laptops.py
[2026-02-13T12:40:25.680+0000] {processor.py:183} INFO - Processing /opt/airflow/dags/scripts/loaders/load_laptops.py took 0.585 seconds
[2026-02-13T12:41:00.207+0000] {processor.py:161} INFO - Started process (PID=2340) to work on /opt/airflow/dags/scripts/loaders/load_laptops.py
[2026-02-13T12:41:00.211+0000] {processor.py:830} INFO - Processing file /opt/airflow/dags/scripts/loaders/load_laptops.py for tasks to queue
[2026-02-13T12:41:00.218+0000] {logging_mixin.py:188} INFO - [2026-02-13T12:41:00.216+0000] {dagbag.py:545} INFO - Filling up the DagBag from /opt/airflow/dags/scripts/loaders/load_laptops.py
[2026-02-13T12:41:00.884+0000] {logging_mixin.py:188} INFO - 🚀 Loading LAPTOPS data
[2026-02-13T12:41:01.590+0000] {logging_mixin.py:188} INFO - ✅ Laptops table refreshed successfully
[2026-02-13T12:41:01.591+0000] {processor.py:842} WARNING - No viable dags retrieved from /opt/airflow/dags/scripts/loaders/load_laptops.py
[2026-02-13T12:41:01.603+0000] {processor.py:183} INFO - Processing /opt/airflow/dags/scripts/loaders/load_laptops.py took 1.419 seconds
[2026-02-13T12:41:32.276+0000] {processor.py:161} INFO - Started process (PID=2371) to work on /opt/airflow/dags/scripts/loaders/load_laptops.py
[2026-02-13T12:41:32.278+0000] {processor.py:830} INFO - Processing file /opt/airflow/dags/scripts/loaders/load_laptops.py for tasks to queue
[2026-02-13T12:41:32.282+0000] {logging_mixin.py:188} INFO - [2026-02-13T12:41:32.281+0000] {dagbag.py:545} INFO - Filling up the DagBag from /opt/airflow/dags/scripts/loaders/load_laptops.py
[2026-02-13T12:41:32.671+0000] {logging_mixin.py:188} INFO - 🚀 Loading LAPTOPS data
[2026-02-13T12:41:32.986+0000] {logging_mixin.py:188} INFO - ✅ Laptops table refreshed successfully
[2026-02-13T12:41:32.987+0000] {processor.py:842} WARNING - No viable dags retrieved from /opt/airflow/dags/scripts/loaders/load_laptops.py
[2026-02-13T12:41:33.000+0000] {processor.py:183} INFO - Processing /opt/airflow/dags/scripts/loaders/load_laptops.py took 0.740 seconds
[2026-02-13T12:42:03.748+0000] {processor.py:161} INFO - Started process (PID=2400) to work on /opt/airflow/dags/scripts/loaders/load_laptops.py
[2026-02-13T12:42:03.759+0000] {processor.py:830} INFO - Processing file /opt/airflow/dags/scripts/loaders/load_laptops.py for tasks to queue
[2026-02-13T12:42:03.764+0000] {logging_mixin.py:188} INFO - [2026-02-13T12:42:03.763+0000] {dagbag.py:545} INFO - Filling up the DagBag from /opt/airflow/dags/scripts/loaders/load_laptops.py
[2026-02-13T12:42:04.116+0000] {logging_mixin.py:188} INFO - 🚀 Loading LAPTOPS data
[2026-02-13T12:42:04.492+0000] {logging_mixin.py:188} INFO - ✅ Laptops table refreshed successfully
[2026-02-13T12:42:04.493+0000] {processor.py:842} WARNING - No viable dags retrieved from /opt/airflow/dags/scripts/loaders/load_laptops.py
[2026-02-13T12:42:04.529+0000] {processor.py:183} INFO - Processing /opt/airflow/dags/scripts/loaders/load_laptops.py took 0.794 seconds
[2026-02-13T12:42:34.996+0000] {processor.py:161} INFO - Started process (PID=2429) to work on /opt/airflow/dags/scripts/loaders/load_laptops.py
[2026-02-13T12:42:34.999+0000] {processor.py:830} INFO - Processing file /opt/airflow/dags/scripts/loaders/load_laptops.py for tasks to queue
[2026-02-13T12:42:35.004+0000] {logging_mixin.py:188} INFO - [2026-02-13T12:42:35.004+0000] {dagbag.py:545} INFO - Filling up the DagBag from /opt/airflow/dags/scripts/loaders/load_laptops.py
[2026-02-13T12:42:35.372+0000] {logging_mixin.py:188} INFO - 🚀 Loading LAPTOPS data
[2026-02-13T12:42:35.850+0000] {logging_mixin.py:188} INFO - ✅ Laptops table refreshed successfully
[2026-02-13T12:42:35.851+0000] {processor.py:842} WARNING - No viable dags retrieved from /opt/airflow/dags/scripts/loaders/load_laptops.py
[2026-02-13T12:42:35.887+0000] {processor.py:183} INFO - Processing /opt/airflow/dags/scripts/loaders/load_laptops.py took 0.909 seconds
[2026-02-13T12:43:06.276+0000] {processor.py:161} INFO - Started process (PID=2458) to work on /opt/airflow/dags/scripts/loaders/load_laptops.py
[2026-02-13T12:43:06.278+0000] {processor.py:830} INFO - Processing file /opt/airflow/dags/scripts/loaders/load_laptops.py for tasks to queue
[2026-02-13T12:43:06.280+0000] {logging_mixin.py:188} INFO - [2026-02-13T12:43:06.280+0000] {dagbag.py:545} INFO - Filling up the DagBag from /opt/airflow/dags/scripts/loaders/load_laptops.py
[2026-02-13T12:43:06.737+0000] {logging_mixin.py:188} INFO - 🚀 Loading LAPTOPS data
[2026-02-13T12:43:07.086+0000] {logging_mixin.py:188} INFO - ✅ Laptops table refreshed successfully
[2026-02-13T12:43:07.087+0000] {processor.py:842} WARNING - No viable dags retrieved from /opt/airflow/dags/scripts/loaders/load_laptops.py
[2026-02-13T12:43:07.106+0000] {processor.py:183} INFO - Processing /opt/airflow/dags/scripts/loaders/load_laptops.py took 0.838 seconds
[2026-02-13T12:43:37.550+0000] {processor.py:161} INFO - Started process (PID=2487) to work on /opt/airflow/dags/scripts/loaders/load_laptops.py
[2026-02-13T12:43:37.552+0000] {processor.py:830} INFO - Processing file /opt/airflow/dags/scripts/loaders/load_laptops.py for tasks to queue
[2026-02-13T12:43:37.555+0000] {logging_mixin.py:188} INFO - [2026-02-13T12:43:37.555+0000] {dagbag.py:545} INFO - Filling up the DagBag from /opt/airflow/dags/scripts/loaders/load_laptops.py
[2026-02-13T12:43:38.044+0000] {logging_mixin.py:188} INFO - 🚀 Loading LAPTOPS data
[2026-02-13T12:43:38.387+0000] {logging_mixin.py:188} INFO - ✅ Laptops table refreshed successfully
[2026-02-13T12:43:38.388+0000] {processor.py:842} WARNING - No viable dags retrieved from /opt/airflow/dags/scripts/loaders/load_laptops.py
[2026-02-13T12:43:38.427+0000] {processor.py:183} INFO - Processing /opt/airflow/dags/scripts/loaders/load_laptops.py took 0.883 seconds
[2026-02-13T12:44:08.829+0000] {processor.py:161} INFO - Started process (PID=2516) to work on /opt/airflow/dags/scripts/loaders/load_laptops.py
[2026-02-13T12:44:08.830+0000] {processor.py:830} INFO - Processing file /opt/airflow/dags/scripts/loaders/load_laptops.py for tasks to queue
[2026-02-13T12:44:08.833+0000] {logging_mixin.py:188} INFO - [2026-02-13T12:44:08.833+0000] {dagbag.py:545} INFO - Filling up the DagBag from /opt/airflow/dags/scripts/loaders/load_laptops.py
[2026-02-13T12:44:09.228+0000] {logging_mixin.py:188} INFO - 🚀 Loading LAPTOPS data
[2026-02-13T12:44:09.686+0000] {logging_mixin.py:188} INFO - ✅ Laptops table refreshed successfully
[2026-02-13T12:44:09.697+0000] {processor.py:842} WARNING - No viable dags retrieved from /opt/airflow/dags/scripts/loaders/load_laptops.py
[2026-02-13T12:44:09.714+0000] {processor.py:183} INFO - Processing /opt/airflow/dags/scripts/loaders/load_laptops.py took 0.891 seconds
[2026-02-13T12:44:40.809+0000] {processor.py:161} INFO - Started process (PID=2545) to work on /opt/airflow/dags/scripts/loaders/load_laptops.py
[2026-02-13T12:44:40.812+0000] {processor.py:830} INFO - Processing file /opt/airflow/dags/scripts/loaders/load_laptops.py for tasks to queue
[2026-02-13T12:44:40.815+0000] {logging_mixin.py:188} INFO - [2026-02-13T12:44:40.815+0000] {dagbag.py:545} INFO - Filling up the DagBag from /opt/airflow/dags/scripts/loaders/load_laptops.py
[2026-02-13T12:44:41.102+0000] {logging_mixin.py:188} INFO - 🚀 Loading LAPTOPS data
[2026-02-13T12:44:41.465+0000] {logging_mixin.py:188} INFO - ✅ Laptops table refreshed successfully
[2026-02-13T12:44:41.466+0000] {processor.py:842} WARNING - No viable dags retrieved from /opt/airflow/dags/scripts/loaders/load_laptops.py
[2026-02-13T12:44:41.494+0000] {processor.py:183} INFO - Processing /opt/airflow/dags/scripts/loaders/load_laptops.py took 0.695 seconds
[2026-02-13T12:45:11.739+0000] {processor.py:161} INFO - Started process (PID=2574) to work on /opt/airflow/dags/scripts/loaders/load_laptops.py
[2026-02-13T12:45:11.743+0000] {processor.py:830} INFO - Processing file /opt/airflow/dags/scripts/loaders/load_laptops.py for tasks to queue
[2026-02-13T12:45:11.747+0000] {logging_mixin.py:188} INFO - [2026-02-13T12:45:11.746+0000] {dagbag.py:545} INFO - Filling up the DagBag from /opt/airflow/dags/scripts/loaders/load_laptops.py
[2026-02-13T12:45:12.089+0000] {logging_mixin.py:188} INFO - 🚀 Loading LAPTOPS data
[2026-02-13T12:45:12.412+0000] {logging_mixin.py:188} INFO - ✅ Laptops table refreshed successfully
[2026-02-13T12:45:12.413+0000] {processor.py:842} WARNING - No viable dags retrieved from /opt/airflow/dags/scripts/loaders/load_laptops.py
[2026-02-13T12:45:12.428+0000] {processor.py:183} INFO - Processing /opt/airflow/dags/scripts/loaders/load_laptops.py took 0.706 seconds
[2026-02-13T12:45:42.857+0000] {processor.py:161} INFO - Started process (PID=2603) to work on /opt/airflow/dags/scripts/loaders/load_laptops.py
[2026-02-13T12:45:42.859+0000] {processor.py:830} INFO - Processing file /opt/airflow/dags/scripts/loaders/load_laptops.py for tasks to queue
[2026-02-13T12:45:42.861+0000] {logging_mixin.py:188} INFO - [2026-02-13T12:45:42.861+0000] {dagbag.py:545} INFO - Filling up the DagBag from /opt/airflow/dags/scripts/loaders/load_laptops.py
[2026-02-13T12:45:43.214+0000] {logging_mixin.py:188} INFO - 🚀 Loading LAPTOPS data
[2026-02-13T12:45:43.513+0000] {logging_mixin.py:188} INFO - ✅ Laptops table refreshed successfully
[2026-02-13T12:45:43.514+0000] {processor.py:842} WARNING - No viable dags retrieved from /opt/airflow/dags/scripts/loaders/load_laptops.py
[2026-02-13T12:45:43.526+0000] {processor.py:183} INFO - Processing /opt/airflow/dags/scripts/loaders/load_laptops.py took 0.675 seconds
[2026-02-13T12:46:14.284+0000] {processor.py:161} INFO - Started process (PID=2632) to work on /opt/airflow/dags/scripts/loaders/load_laptops.py
[2026-02-13T12:46:14.286+0000] {processor.py:830} INFO - Processing file /opt/airflow/dags/scripts/loaders/load_laptops.py for tasks to queue
[2026-02-13T12:46:14.289+0000] {logging_mixin.py:188} INFO - [2026-02-13T12:46:14.289+0000] {dagbag.py:545} INFO - Filling up the DagBag from /opt/airflow/dags/scripts/loaders/load_laptops.py
[2026-02-13T12:46:14.637+0000] {logging_mixin.py:188} INFO - 🚀 Loading LAPTOPS data
[2026-02-13T12:46:15.125+0000] {logging_mixin.py:188} INFO - ✅ Laptops table refreshed successfully
[2026-02-13T12:46:15.127+0000] {processor.py:842} WARNING - No viable dags retrieved from /opt/airflow/dags/scripts/loaders/load_laptops.py
[2026-02-13T12:46:15.164+0000] {processor.py:183} INFO - Processing /opt/airflow/dags/scripts/loaders/load_laptops.py took 0.891 seconds
[2026-02-13T12:46:46.165+0000] {processor.py:161} INFO - Started process (PID=2661) to work on /opt/airflow/dags/scripts/loaders/load_laptops.py
[2026-02-13T12:46:46.176+0000] {processor.py:830} INFO - Processing file /opt/airflow/dags/scripts/loaders/load_laptops.py for tasks to queue
[2026-02-13T12:46:46.180+0000] {logging_mixin.py:188} INFO - [2026-02-13T12:46:46.179+0000] {dagbag.py:545} INFO - Filling up the DagBag from /opt/airflow/dags/scripts/loaders/load_laptops.py
[2026-02-13T12:46:46.730+0000] {logging_mixin.py:188} INFO - 🚀 Loading LAPTOPS data
[2026-02-13T12:46:47.110+0000] {logging_mixin.py:188} INFO - ✅ Laptops table refreshed successfully
[2026-02-13T12:46:47.111+0000] {processor.py:842} WARNING - No viable dags retrieved from /opt/airflow/dags/scripts/loaders/load_laptops.py
[2026-02-13T12:46:47.124+0000] {processor.py:183} INFO - Processing /opt/airflow/dags/scripts/loaders/load_laptops.py took 0.969 seconds
[2026-02-13T12:47:17.368+0000] {processor.py:161} INFO - Started process (PID=2690) to work on /opt/airflow/dags/scripts/loaders/load_laptops.py
[2026-02-13T12:47:17.371+0000] {processor.py:830} INFO - Processing file /opt/airflow/dags/scripts/loaders/load_laptops.py for tasks to queue
[2026-02-13T12:47:17.375+0000] {logging_mixin.py:188} INFO - [2026-02-13T12:47:17.374+0000] {dagbag.py:545} INFO - Filling up the DagBag from /opt/airflow/dags/scripts/loaders/load_laptops.py
[2026-02-13T12:47:17.715+0000] {logging_mixin.py:188} INFO - 🚀 Loading LAPTOPS data
[2026-02-13T12:47:18.069+0000] {logging_mixin.py:188} INFO - ✅ Laptops table refreshed successfully
[2026-02-13T12:47:18.070+0000] {processor.py:842} WARNING - No viable dags retrieved from /opt/airflow/dags/scripts/loaders/load_laptops.py
[2026-02-13T12:47:18.087+0000] {processor.py:183} INFO - Processing /opt/airflow/dags/scripts/loaders/load_laptops.py took 0.729 seconds
[2026-02-13T12:47:48.402+0000] {processor.py:161} INFO - Started process (PID=2719) to work on /opt/airflow/dags/scripts/loaders/load_laptops.py
[2026-02-13T12:47:48.406+0000] {processor.py:830} INFO - Processing file /opt/airflow/dags/scripts/loaders/load_laptops.py for tasks to queue
[2026-02-13T12:47:48.413+0000] {logging_mixin.py:188} INFO - [2026-02-13T12:47:48.412+0000] {dagbag.py:545} INFO - Filling up the DagBag from /opt/airflow/dags/scripts/loaders/load_laptops.py
[2026-02-13T12:47:48.870+0000] {logging_mixin.py:188} INFO - 🚀 Loading LAPTOPS data
[2026-02-13T12:47:49.236+0000] {logging_mixin.py:188} INFO - ✅ Laptops table refreshed successfully
[2026-02-13T12:47:49.238+0000] {processor.py:842} WARNING - No viable dags retrieved from /opt/airflow/dags/scripts/loaders/load_laptops.py
[2026-02-13T12:47:49.253+0000] {processor.py:183} INFO - Processing /opt/airflow/dags/scripts/loaders/load_laptops.py took 0.869 seconds
[2026-02-13T12:48:19.435+0000] {processor.py:161} INFO - Started process (PID=2748) to work on /opt/airflow/dags/scripts/loaders/load_laptops.py
[2026-02-13T12:48:19.437+0000] {processor.py:830} INFO - Processing file /opt/airflow/dags/scripts/loaders/load_laptops.py for tasks to queue
[2026-02-13T12:48:19.439+0000] {logging_mixin.py:188} INFO - [2026-02-13T12:48:19.438+0000] {dagbag.py:545} INFO - Filling up the DagBag from /opt/airflow/dags/scripts/loaders/load_laptops.py
[2026-02-13T12:48:19.729+0000] {logging_mixin.py:188} INFO - 🚀 Loading LAPTOPS data
[2026-02-13T12:48:20.004+0000] {logging_mixin.py:188} INFO - ✅ Laptops table refreshed successfully
[2026-02-13T12:48:20.006+0000] {processor.py:842} WARNING - No viable dags retrieved from /opt/airflow/dags/scripts/loaders/load_laptops.py
[2026-02-13T12:48:20.019+0000] {processor.py:183} INFO - Processing /opt/airflow/dags/scripts/loaders/load_laptops.py took 0.591 seconds
[2026-02-13T12:48:50.188+0000] {processor.py:161} INFO - Started process (PID=2777) to work on /opt/airflow/dags/scripts/loaders/load_laptops.py
[2026-02-13T12:48:50.192+0000] {processor.py:830} INFO - Processing file /opt/airflow/dags/scripts/loaders/load_laptops.py for tasks to queue
[2026-02-13T12:48:50.197+0000] {logging_mixin.py:188} INFO - [2026-02-13T12:48:50.196+0000] {dagbag.py:545} INFO - Filling up the DagBag from /opt/airflow/dags/scripts/loaders/load_laptops.py
[2026-02-13T12:48:50.442+0000] {logging_mixin.py:188} INFO - 🚀 Loading LAPTOPS data
[2026-02-13T12:48:50.697+0000] {logging_mixin.py:188} INFO - ✅ Laptops table refreshed successfully
[2026-02-13T12:48:50.698+0000] {processor.py:842} WARNING - No viable dags retrieved from /opt/airflow/dags/scripts/loaders/load_laptops.py
[2026-02-13T12:48:50.717+0000] {processor.py:183} INFO - Processing /opt/airflow/dags/scripts/loaders/load_laptops.py took 0.537 seconds
[2026-02-13T12:49:21.317+0000] {processor.py:161} INFO - Started process (PID=2804) to work on /opt/airflow/dags/scripts/loaders/load_laptops.py
[2026-02-13T12:49:21.319+0000] {processor.py:830} INFO - Processing file /opt/airflow/dags/scripts/loaders/load_laptops.py for tasks to queue
[2026-02-13T12:49:21.323+0000] {logging_mixin.py:188} INFO - [2026-02-13T12:49:21.322+0000] {dagbag.py:545} INFO - Filling up the DagBag from /opt/airflow/dags/scripts/loaders/load_laptops.py
[2026-02-13T12:49:21.822+0000] {logging_mixin.py:188} INFO - 🚀 Loading LAPTOPS data
[2026-02-13T12:49:22.122+0000] {logging_mixin.py:188} INFO - ✅ Laptops table refreshed successfully
[2026-02-13T12:49:22.123+0000] {processor.py:842} WARNING - No viable dags retrieved from /opt/airflow/dags/scripts/loaders/load_laptops.py
[2026-02-13T12:49:22.143+0000] {processor.py:183} INFO - Processing /opt/airflow/dags/scripts/loaders/load_laptops.py took 0.833 seconds
[2026-02-13T12:49:52.448+0000] {processor.py:161} INFO - Started process (PID=2833) to work on /opt/airflow/dags/scripts/loaders/load_laptops.py
[2026-02-13T12:49:52.450+0000] {processor.py:830} INFO - Processing file /opt/airflow/dags/scripts/loaders/load_laptops.py for tasks to queue
[2026-02-13T12:49:52.452+0000] {logging_mixin.py:188} INFO - [2026-02-13T12:49:52.452+0000] {dagbag.py:545} INFO - Filling up the DagBag from /opt/airflow/dags/scripts/loaders/load_laptops.py
[2026-02-13T12:49:52.833+0000] {logging_mixin.py:188} INFO - 🚀 Loading LAPTOPS data
[2026-02-13T12:49:53.136+0000] {logging_mixin.py:188} INFO - ✅ Laptops table refreshed successfully
[2026-02-13T12:49:53.137+0000] {processor.py:842} WARNING - No viable dags retrieved from /opt/airflow/dags/scripts/loaders/load_laptops.py
[2026-02-13T12:49:53.146+0000] {processor.py:183} INFO - Processing /opt/airflow/dags/scripts/loaders/load_laptops.py took 0.705 seconds
[2026-02-13T12:50:23.619+0000] {processor.py:161} INFO - Started process (PID=2862) to work on /opt/airflow/dags/scripts/loaders/load_laptops.py
[2026-02-13T12:50:23.621+0000] {processor.py:830} INFO - Processing file /opt/airflow/dags/scripts/loaders/load_laptops.py for tasks to queue
[2026-02-13T12:50:23.623+0000] {logging_mixin.py:188} INFO - [2026-02-13T12:50:23.622+0000] {dagbag.py:545} INFO - Filling up the DagBag from /opt/airflow/dags/scripts/loaders/load_laptops.py
[2026-02-13T12:50:23.927+0000] {logging_mixin.py:188} INFO - 🚀 Loading LAPTOPS data
[2026-02-13T12:50:24.305+0000] {logging_mixin.py:188} INFO - ✅ Laptops table refreshed successfully
[2026-02-13T12:50:24.306+0000] {processor.py:842} WARNING - No viable dags retrieved from /opt/airflow/dags/scripts/loaders/load_laptops.py
[2026-02-13T12:50:24.318+0000] {processor.py:183} INFO - Processing /opt/airflow/dags/scripts/loaders/load_laptops.py took 0.703 seconds
[2026-02-13T12:50:54.751+0000] {processor.py:161} INFO - Started process (PID=2891) to work on /opt/airflow/dags/scripts/loaders/load_laptops.py
[2026-02-13T12:50:54.754+0000] {processor.py:830} INFO - Processing file /opt/airflow/dags/scripts/loaders/load_laptops.py for tasks to queue
[2026-02-13T12:50:54.760+0000] {logging_mixin.py:188} INFO - [2026-02-13T12:50:54.759+0000] {dagbag.py:545} INFO - Filling up the DagBag from /opt/airflow/dags/scripts/loaders/load_laptops.py
[2026-02-13T12:50:55.161+0000] {logging_mixin.py:188} INFO - 🚀 Loading LAPTOPS data
[2026-02-13T12:50:55.604+0000] {logging_mixin.py:188} INFO - ✅ Laptops table refreshed successfully
[2026-02-13T12:50:55.606+0000] {processor.py:842} WARNING - No viable dags retrieved from /opt/airflow/dags/scripts/loaders/load_laptops.py
[2026-02-13T12:50:55.628+0000] {processor.py:183} INFO - Processing /opt/airflow/dags/scripts/loaders/load_laptops.py took 0.883 seconds
[2026-02-13T12:51:25.818+0000] {processor.py:161} INFO - Started process (PID=2919) to work on /opt/airflow/dags/scripts/loaders/load_laptops.py
[2026-02-13T12:51:25.820+0000] {processor.py:830} INFO - Processing file /opt/airflow/dags/scripts/loaders/load_laptops.py for tasks to queue
[2026-02-13T12:51:25.821+0000] {logging_mixin.py:188} INFO - [2026-02-13T12:51:25.821+0000] {dagbag.py:545} INFO - Filling up the DagBag from /opt/airflow/dags/scripts/loaders/load_laptops.py
[2026-02-13T12:51:26.090+0000] {logging_mixin.py:188} INFO - 🚀 Loading LAPTOPS data
[2026-02-13T12:51:26.427+0000] {logging_mixin.py:188} INFO - ✅ Laptops table refreshed successfully
[2026-02-13T12:51:26.428+0000] {processor.py:842} WARNING - No viable dags retrieved from /opt/airflow/dags/scripts/loaders/load_laptops.py
[2026-02-13T12:51:26.443+0000] {processor.py:183} INFO - Processing /opt/airflow/dags/scripts/loaders/load_laptops.py took 0.630 seconds
[2026-02-13T12:51:57.581+0000] {processor.py:161} INFO - Started process (PID=2948) to work on /opt/airflow/dags/scripts/loaders/load_laptops.py
[2026-02-13T12:51:57.582+0000] {processor.py:830} INFO - Processing file /opt/airflow/dags/scripts/loaders/load_laptops.py for tasks to queue
[2026-02-13T12:51:57.584+0000] {logging_mixin.py:188} INFO - [2026-02-13T12:51:57.584+0000] {dagbag.py:545} INFO - Filling up the DagBag from /opt/airflow/dags/scripts/loaders/load_laptops.py
[2026-02-13T12:51:58.234+0000] {logging_mixin.py:188} INFO - 🚀 Loading LAPTOPS data
[2026-02-13T12:51:58.600+0000] {logging_mixin.py:188} INFO - ✅ Laptops table refreshed successfully
[2026-02-13T12:51:58.601+0000] {processor.py:842} WARNING - No viable dags retrieved from /opt/airflow/dags/scripts/loaders/load_laptops.py
[2026-02-13T12:51:58.618+0000] {processor.py:183} INFO - Processing /opt/airflow/dags/scripts/loaders/load_laptops.py took 1.046 seconds
[2026-02-13T12:52:29.247+0000] {processor.py:161} INFO - Started process (PID=2977) to work on /opt/airflow/dags/scripts/loaders/load_laptops.py
[2026-02-13T12:52:29.250+0000] {processor.py:830} INFO - Processing file /opt/airflow/dags/scripts/loaders/load_laptops.py for tasks to queue
[2026-02-13T12:52:29.255+0000] {logging_mixin.py:188} INFO - [2026-02-13T12:52:29.254+0000] {dagbag.py:545} INFO - Filling up the DagBag from /opt/airflow/dags/scripts/loaders/load_laptops.py
[2026-02-13T12:52:29.535+0000] {logging_mixin.py:188} INFO - 🚀 Loading LAPTOPS data
[2026-02-13T12:52:29.911+0000] {logging_mixin.py:188} INFO - ✅ Laptops table refreshed successfully
[2026-02-13T12:52:29.912+0000] {processor.py:842} WARNING - No viable dags retrieved from /opt/airflow/dags/scripts/loaders/load_laptops.py
[2026-02-13T12:52:29.930+0000] {processor.py:183} INFO - Processing /opt/airflow/dags/scripts/loaders/load_laptops.py took 0.694 seconds
[2026-02-13T12:53:00.233+0000] {processor.py:161} INFO - Started process (PID=3006) to work on /opt/airflow/dags/scripts/loaders/load_laptops.py
[2026-02-13T12:53:00.236+0000] {processor.py:830} INFO - Processing file /opt/airflow/dags/scripts/loaders/load_laptops.py for tasks to queue
[2026-02-13T12:53:00.239+0000] {logging_mixin.py:188} INFO - [2026-02-13T12:53:00.239+0000] {dagbag.py:545} INFO - Filling up the DagBag from /opt/airflow/dags/scripts/loaders/load_laptops.py
[2026-02-13T12:53:00.519+0000] {logging_mixin.py:188} INFO - 🚀 Loading LAPTOPS data
[2026-02-13T12:53:00.843+0000] {logging_mixin.py:188} INFO - ✅ Laptops table refreshed successfully
[2026-02-13T12:53:00.844+0000] {processor.py:842} WARNING - No viable dags retrieved from /opt/airflow/dags/scripts/loaders/load_laptops.py
[2026-02-13T12:53:00.862+0000] {processor.py:183} INFO - Processing /opt/airflow/dags/scripts/loaders/load_laptops.py took 0.637 seconds
[2026-02-13T12:53:30.994+0000] {processor.py:161} INFO - Started process (PID=3032) to work on /opt/airflow/dags/scripts/loaders/load_laptops.py
[2026-02-13T12:53:30.997+0000] {processor.py:830} INFO - Processing file /opt/airflow/dags/scripts/loaders/load_laptops.py for tasks to queue
[2026-02-13T12:53:31.001+0000] {logging_mixin.py:188} INFO - [2026-02-13T12:53:31.000+0000] {dagbag.py:545} INFO - Filling up the DagBag from /opt/airflow/dags/scripts/loaders/load_laptops.py
[2026-02-13T12:53:31.287+0000] {logging_mixin.py:188} INFO - 🚀 Loading LAPTOPS data
[2026-02-13T12:53:31.550+0000] {logging_mixin.py:188} INFO - ✅ Laptops table refreshed successfully
[2026-02-13T12:53:31.551+0000] {processor.py:842} WARNING - No viable dags retrieved from /opt/airflow/dags/scripts/loaders/load_laptops.py
[2026-02-13T12:53:31.561+0000] {processor.py:183} INFO - Processing /opt/airflow/dags/scripts/loaders/load_laptops.py took 0.578 seconds
[2026-02-13T12:54:01.906+0000] {processor.py:161} INFO - Started process (PID=3061) to work on /opt/airflow/dags/scripts/loaders/load_laptops.py
[2026-02-13T12:54:01.911+0000] {processor.py:830} INFO - Processing file /opt/airflow/dags/scripts/loaders/load_laptops.py for tasks to queue
[2026-02-13T12:54:01.914+0000] {logging_mixin.py:188} INFO - [2026-02-13T12:54:01.914+0000] {dagbag.py:545} INFO - Filling up the DagBag from /opt/airflow/dags/scripts/loaders/load_laptops.py
[2026-02-13T12:54:02.205+0000] {logging_mixin.py:188} INFO - 🚀 Loading LAPTOPS data
[2026-02-13T12:54:02.557+0000] {logging_mixin.py:188} INFO - ✅ Laptops table refreshed successfully
[2026-02-13T12:54:02.559+0000] {processor.py:842} WARNING - No viable dags retrieved from /opt/airflow/dags/scripts/loaders/load_laptops.py
[2026-02-13T12:54:02.575+0000] {processor.py:183} INFO - Processing /opt/airflow/dags/scripts/loaders/load_laptops.py took 0.676 seconds
[2026-02-13T12:54:33.090+0000] {processor.py:161} INFO - Started process (PID=3090) to work on /opt/airflow/dags/scripts/loaders/load_laptops.py
[2026-02-13T12:54:33.093+0000] {processor.py:830} INFO - Processing file /opt/airflow/dags/scripts/loaders/load_laptops.py for tasks to queue
[2026-02-13T12:54:33.099+0000] {logging_mixin.py:188} INFO - [2026-02-13T12:54:33.098+0000] {dagbag.py:545} INFO - Filling up the DagBag from /opt/airflow/dags/scripts/loaders/load_laptops.py
[2026-02-13T12:54:33.538+0000] {logging_mixin.py:188} INFO - 🚀 Loading LAPTOPS data
[2026-02-13T12:54:33.940+0000] {logging_mixin.py:188} INFO - ✅ Laptops table refreshed successfully
[2026-02-13T12:54:33.942+0000] {processor.py:842} WARNING - No viable dags retrieved from /opt/airflow/dags/scripts/loaders/load_laptops.py
[2026-02-13T12:54:33.954+0000] {processor.py:183} INFO - Processing /opt/airflow/dags/scripts/loaders/load_laptops.py took 0.870 seconds
[2026-02-13T12:55:04.352+0000] {processor.py:161} INFO - Started process (PID=3119) to work on /opt/airflow/dags/scripts/loaders/load_laptops.py
[2026-02-13T12:55:04.357+0000] {processor.py:830} INFO - Processing file /opt/airflow/dags/scripts/loaders/load_laptops.py for tasks to queue
[2026-02-13T12:55:04.361+0000] {logging_mixin.py:188} INFO - [2026-02-13T12:55:04.360+0000] {dagbag.py:545} INFO - Filling up the DagBag from /opt/airflow/dags/scripts/loaders/load_laptops.py
[2026-02-13T12:55:04.686+0000] {logging_mixin.py:188} INFO - 🚀 Loading LAPTOPS data
[2026-02-13T12:55:05.062+0000] {logging_mixin.py:188} INFO - ✅ Laptops table refreshed successfully
[2026-02-13T12:55:05.064+0000] {processor.py:842} WARNING - No viable dags retrieved from /opt/airflow/dags/scripts/loaders/load_laptops.py
[2026-02-13T12:55:05.076+0000] {processor.py:183} INFO - Processing /opt/airflow/dags/scripts/loaders/load_laptops.py took 0.730 seconds
[2026-02-13T12:55:35.389+0000] {processor.py:161} INFO - Started process (PID=3148) to work on /opt/airflow/dags/scripts/loaders/load_laptops.py
[2026-02-13T12:55:35.393+0000] {processor.py:830} INFO - Processing file /opt/airflow/dags/scripts/loaders/load_laptops.py for tasks to queue
[2026-02-13T12:55:35.397+0000] {logging_mixin.py:188} INFO - [2026-02-13T12:55:35.396+0000] {dagbag.py:545} INFO - Filling up the DagBag from /opt/airflow/dags/scripts/loaders/load_laptops.py
[2026-02-13T12:55:35.939+0000] {logging_mixin.py:188} INFO - 🚀 Loading LAPTOPS data
[2026-02-13T12:55:36.573+0000] {logging_mixin.py:188} INFO - ✅ Laptops table refreshed successfully
[2026-02-13T12:55:36.576+0000] {processor.py:842} WARNING - No viable dags retrieved from /opt/airflow/dags/scripts/loaders/load_laptops.py
[2026-02-13T12:55:36.633+0000] {processor.py:183} INFO - Processing /opt/airflow/dags/scripts/loaders/load_laptops.py took 1.254 seconds
[2026-02-13T12:56:07.387+0000] {processor.py:161} INFO - Started process (PID=3177) to work on /opt/airflow/dags/scripts/loaders/load_laptops.py
[2026-02-13T12:56:07.392+0000] {processor.py:830} INFO - Processing file /opt/airflow/dags/scripts/loaders/load_laptops.py for tasks to queue
[2026-02-13T12:56:07.400+0000] {logging_mixin.py:188} INFO - [2026-02-13T12:56:07.399+0000] {dagbag.py:545} INFO - Filling up the DagBag from /opt/airflow/dags/scripts/loaders/load_laptops.py
[2026-02-13T12:56:08.010+0000] {logging_mixin.py:188} INFO - 🚀 Loading LAPTOPS data
[2026-02-13T12:56:08.869+0000] {logging_mixin.py:188} INFO - ✅ Laptops table refreshed successfully
[2026-02-13T12:56:08.870+0000] {processor.py:842} WARNING - No viable dags retrieved from /opt/airflow/dags/scripts/loaders/load_laptops.py
[2026-02-13T12:56:08.906+0000] {processor.py:183} INFO - Processing /opt/airflow/dags/scripts/loaders/load_laptops.py took 1.525 seconds
[2026-02-13T12:56:39.560+0000] {processor.py:161} INFO - Started process (PID=3206) to work on /opt/airflow/dags/scripts/loaders/load_laptops.py
[2026-02-13T12:56:39.562+0000] {processor.py:830} INFO - Processing file /opt/airflow/dags/scripts/loaders/load_laptops.py for tasks to queue
[2026-02-13T12:56:39.566+0000] {logging_mixin.py:188} INFO - [2026-02-13T12:56:39.565+0000] {dagbag.py:545} INFO - Filling up the DagBag from /opt/airflow/dags/scripts/loaders/load_laptops.py
[2026-02-13T12:56:40.066+0000] {logging_mixin.py:188} INFO - 🚀 Loading LAPTOPS data
[2026-02-13T12:56:40.771+0000] {logging_mixin.py:188} INFO - ✅ Laptops table refreshed successfully
[2026-02-13T12:56:40.772+0000] {processor.py:842} WARNING - No viable dags retrieved from /opt/airflow/dags/scripts/loaders/load_laptops.py
[2026-02-13T12:56:40.812+0000] {processor.py:183} INFO - Processing /opt/airflow/dags/scripts/loaders/load_laptops.py took 1.262 seconds
[2026-02-13T12:57:11.786+0000] {processor.py:161} INFO - Started process (PID=3235) to work on /opt/airflow/dags/scripts/loaders/load_laptops.py
[2026-02-13T12:57:11.787+0000] {processor.py:830} INFO - Processing file /opt/airflow/dags/scripts/loaders/load_laptops.py for tasks to queue
[2026-02-13T12:57:11.790+0000] {logging_mixin.py:188} INFO - [2026-02-13T12:57:11.789+0000] {dagbag.py:545} INFO - Filling up the DagBag from /opt/airflow/dags/scripts/loaders/load_laptops.py
[2026-02-13T12:57:12.090+0000] {logging_mixin.py:188} INFO - 🚀 Loading LAPTOPS data
[2026-02-13T12:57:12.529+0000] {logging_mixin.py:188} INFO - ✅ Laptops table refreshed successfully
[2026-02-13T12:57:12.530+0000] {processor.py:842} WARNING - No viable dags retrieved from /opt/airflow/dags/scripts/loaders/load_laptops.py
[2026-02-13T12:57:12.559+0000] {processor.py:183} INFO - Processing /opt/airflow/dags/scripts/loaders/load_laptops.py took 0.779 seconds
[2026-02-13T12:57:42.864+0000] {processor.py:161} INFO - Started process (PID=3264) to work on /opt/airflow/dags/scripts/loaders/load_laptops.py
[2026-02-13T12:57:42.867+0000] {processor.py:830} INFO - Processing file /opt/airflow/dags/scripts/loaders/load_laptops.py for tasks to queue
[2026-02-13T12:57:42.873+0000] {logging_mixin.py:188} INFO - [2026-02-13T12:57:42.873+0000] {dagbag.py:545} INFO - Filling up the DagBag from /opt/airflow/dags/scripts/loaders/load_laptops.py
[2026-02-13T12:57:43.193+0000] {logging_mixin.py:188} INFO - 🚀 Loading LAPTOPS data
[2026-02-13T12:57:43.958+0000] {logging_mixin.py:188} INFO - ✅ Laptops table refreshed successfully
[2026-02-13T12:57:43.960+0000] {processor.py:842} WARNING - No viable dags retrieved from /opt/airflow/dags/scripts/loaders/load_laptops.py
[2026-02-13T12:57:44.000+0000] {processor.py:183} INFO - Processing /opt/airflow/dags/scripts/loaders/load_laptops.py took 1.145 seconds
[2026-02-13T12:58:14.450+0000] {processor.py:161} INFO - Started process (PID=3293) to work on /opt/airflow/dags/scripts/loaders/load_laptops.py
[2026-02-13T12:58:14.454+0000] {processor.py:830} INFO - Processing file /opt/airflow/dags/scripts/loaders/load_laptops.py for tasks to queue
[2026-02-13T12:58:14.457+0000] {logging_mixin.py:188} INFO - [2026-02-13T12:58:14.457+0000] {dagbag.py:545} INFO - Filling up the DagBag from /opt/airflow/dags/scripts/loaders/load_laptops.py
[2026-02-13T12:58:15.094+0000] {logging_mixin.py:188} INFO - 🚀 Loading LAPTOPS data
[2026-02-13T12:58:16.034+0000] {logging_mixin.py:188} INFO - ✅ Laptops table refreshed successfully
[2026-02-13T12:58:16.035+0000] {processor.py:842} WARNING - No viable dags retrieved from /opt/airflow/dags/scripts/loaders/load_laptops.py
[2026-02-13T12:58:16.064+0000] {processor.py:183} INFO - Processing /opt/airflow/dags/scripts/loaders/load_laptops.py took 1.625 seconds
[2026-02-13T12:58:47.092+0000] {processor.py:161} INFO - Started process (PID=3325) to work on /opt/airflow/dags/scripts/loaders/load_laptops.py
[2026-02-13T12:58:47.106+0000] {processor.py:830} INFO - Processing file /opt/airflow/dags/scripts/loaders/load_laptops.py for tasks to queue
[2026-02-13T12:58:47.112+0000] {logging_mixin.py:188} INFO - [2026-02-13T12:58:47.111+0000] {dagbag.py:545} INFO - Filling up the DagBag from /opt/airflow/dags/scripts/loaders/load_laptops.py
[2026-02-13T12:58:47.658+0000] {logging_mixin.py:188} INFO - 🚀 Loading LAPTOPS data
[2026-02-13T12:58:48.595+0000] {logging_mixin.py:188} INFO - ✅ Laptops table refreshed successfully
[2026-02-13T12:58:48.597+0000] {processor.py:842} WARNING - No viable dags retrieved from /opt/airflow/dags/scripts/loaders/load_laptops.py
[2026-02-13T12:58:48.654+0000] {processor.py:183} INFO - Processing /opt/airflow/dags/scripts/loaders/load_laptops.py took 1.570 seconds
[2026-02-13T12:59:19.058+0000] {processor.py:161} INFO - Started process (PID=3351) to work on /opt/airflow/dags/scripts/loaders/load_laptops.py
[2026-02-13T12:59:19.060+0000] {processor.py:830} INFO - Processing file /opt/airflow/dags/scripts/loaders/load_laptops.py for tasks to queue
[2026-02-13T12:59:19.064+0000] {logging_mixin.py:188} INFO - [2026-02-13T12:59:19.063+0000] {dagbag.py:545} INFO - Filling up the DagBag from /opt/airflow/dags/scripts/loaders/load_laptops.py
[2026-02-13T12:59:19.666+0000] {logging_mixin.py:188} INFO - 🚀 Loading LAPTOPS data
[2026-02-13T12:59:20.304+0000] {logging_mixin.py:188} INFO - ✅ Laptops table refreshed successfully
[2026-02-13T12:59:20.306+0000] {processor.py:842} WARNING - No viable dags retrieved from /opt/airflow/dags/scripts/loaders/load_laptops.py
[2026-02-13T12:59:20.341+0000] {processor.py:183} INFO - Processing /opt/airflow/dags/scripts/loaders/load_laptops.py took 1.293 seconds
[2026-02-13T12:59:51.226+0000] {processor.py:161} INFO - Started process (PID=3383) to work on /opt/airflow/dags/scripts/loaders/load_laptops.py
[2026-02-13T12:59:51.228+0000] {processor.py:830} INFO - Processing file /opt/airflow/dags/scripts/loaders/load_laptops.py for tasks to queue
[2026-02-13T12:59:51.230+0000] {logging_mixin.py:188} INFO - [2026-02-13T12:59:51.230+0000] {dagbag.py:545} INFO - Filling up the DagBag from /opt/airflow/dags/scripts/loaders/load_laptops.py
[2026-02-13T12:59:51.496+0000] {logging_mixin.py:188} INFO - 🚀 Loading LAPTOPS data
[2026-02-13T12:59:51.900+0000] {logging_mixin.py:188} INFO - ✅ Laptops table refreshed successfully
[2026-02-13T12:59:51.901+0000] {processor.py:842} WARNING - No viable dags retrieved from /opt/airflow/dags/scripts/loaders/load_laptops.py
[2026-02-13T12:59:51.917+0000] {processor.py:183} INFO - Processing /opt/airflow/dags/scripts/loaders/load_laptops.py took 0.696 seconds
[2026-02-13T13:00:22.131+0000] {processor.py:161} INFO - Started process (PID=3409) to work on /opt/airflow/dags/scripts/loaders/load_laptops.py
[2026-02-13T13:00:22.132+0000] {processor.py:830} INFO - Processing file /opt/airflow/dags/scripts/loaders/load_laptops.py for tasks to queue
[2026-02-13T13:00:22.135+0000] {logging_mixin.py:188} INFO - [2026-02-13T13:00:22.135+0000] {dagbag.py:545} INFO - Filling up the DagBag from /opt/airflow/dags/scripts/loaders/load_laptops.py
[2026-02-13T13:00:22.459+0000] {logging_mixin.py:188} INFO - 🚀 Loading LAPTOPS data
[2026-02-13T13:00:22.981+0000] {logging_mixin.py:188} INFO - ✅ Laptops table refreshed successfully
[2026-02-13T13:00:22.982+0000] {processor.py:842} WARNING - No viable dags retrieved from /opt/airflow/dags/scripts/loaders/load_laptops.py
[2026-02-13T13:00:23.014+0000] {processor.py:183} INFO - Processing /opt/airflow/dags/scripts/loaders/load_laptops.py took 0.894 seconds
[2026-02-13T13:00:53.567+0000] {processor.py:161} INFO - Started process (PID=3438) to work on /opt/airflow/dags/scripts/loaders/load_laptops.py
[2026-02-13T13:00:53.574+0000] {processor.py:830} INFO - Processing file /opt/airflow/dags/scripts/loaders/load_laptops.py for tasks to queue
[2026-02-13T13:00:53.588+0000] {logging_mixin.py:188} INFO - [2026-02-13T13:00:53.588+0000] {dagbag.py:545} INFO - Filling up the DagBag from /opt/airflow/dags/scripts/loaders/load_laptops.py
[2026-02-13T13:00:54.063+0000] {logging_mixin.py:188} INFO - 🚀 Loading LAPTOPS data
[2026-02-13T13:00:54.483+0000] {logging_mixin.py:188} INFO - ✅ Laptops table refreshed successfully
[2026-02-13T13:00:54.485+0000] {processor.py:842} WARNING - No viable dags retrieved from /opt/airflow/dags/scripts/loaders/load_laptops.py
[2026-02-13T13:00:54.508+0000] {processor.py:183} INFO - Processing /opt/airflow/dags/scripts/loaders/load_laptops.py took 1.045 seconds
[2026-02-13T13:01:24.799+0000] {processor.py:161} INFO - Started process (PID=3467) to work on /opt/airflow/dags/scripts/loaders/load_laptops.py
[2026-02-13T13:01:24.802+0000] {processor.py:830} INFO - Processing file /opt/airflow/dags/scripts/loaders/load_laptops.py for tasks to queue
[2026-02-13T13:01:24.805+0000] {logging_mixin.py:188} INFO - [2026-02-13T13:01:24.805+0000] {dagbag.py:545} INFO - Filling up the DagBag from /opt/airflow/dags/scripts/loaders/load_laptops.py
[2026-02-13T13:01:25.147+0000] {logging_mixin.py:188} INFO - 🚀 Loading LAPTOPS data
[2026-02-13T13:01:25.539+0000] {logging_mixin.py:188} INFO - ✅ Laptops table refreshed successfully
[2026-02-13T13:01:25.540+0000] {processor.py:842} WARNING - No viable dags retrieved from /opt/airflow/dags/scripts/loaders/load_laptops.py
[2026-02-13T13:01:25.582+0000] {processor.py:183} INFO - Processing /opt/airflow/dags/scripts/loaders/load_laptops.py took 0.792 seconds
[2026-02-13T13:01:56.131+0000] {processor.py:161} INFO - Started process (PID=3496) to work on /opt/airflow/dags/scripts/loaders/load_laptops.py
[2026-02-13T13:01:56.133+0000] {processor.py:830} INFO - Processing file /opt/airflow/dags/scripts/loaders/load_laptops.py for tasks to queue
[2026-02-13T13:01:56.137+0000] {logging_mixin.py:188} INFO - [2026-02-13T13:01:56.137+0000] {dagbag.py:545} INFO - Filling up the DagBag from /opt/airflow/dags/scripts/loaders/load_laptops.py
[2026-02-13T13:01:56.506+0000] {logging_mixin.py:188} INFO - 🚀 Loading LAPTOPS data
[2026-02-13T13:01:56.934+0000] {logging_mixin.py:188} INFO - ✅ Laptops table refreshed successfully
[2026-02-13T13:01:56.935+0000] {processor.py:842} WARNING - No viable dags retrieved from /opt/airflow/dags/scripts/loaders/load_laptops.py
[2026-02-13T13:01:56.947+0000] {processor.py:183} INFO - Processing /opt/airflow/dags/scripts/loaders/load_laptops.py took 0.833 seconds
[2026-02-13T13:02:31.348+0000] {processor.py:161} INFO - Started process (PID=3525) to work on /opt/airflow/dags/scripts/loaders/load_laptops.py
[2026-02-13T13:02:31.350+0000] {processor.py:830} INFO - Processing file /opt/airflow/dags/scripts/loaders/load_laptops.py for tasks to queue
[2026-02-13T13:02:31.355+0000] {logging_mixin.py:188} INFO - [2026-02-13T13:02:31.355+0000] {dagbag.py:545} INFO - Filling up the DagBag from /opt/airflow/dags/scripts/loaders/load_laptops.py
[2026-02-13T13:02:31.613+0000] {logging_mixin.py:188} INFO - 🚀 Loading LAPTOPS data
[2026-02-13T13:02:32.017+0000] {logging_mixin.py:188} INFO - ✅ Laptops table refreshed successfully
[2026-02-13T13:02:32.018+0000] {processor.py:842} WARNING - No viable dags retrieved from /opt/airflow/dags/scripts/loaders/load_laptops.py
[2026-02-13T13:02:32.028+0000] {processor.py:183} INFO - Processing /opt/airflow/dags/scripts/loaders/load_laptops.py took 0.692 seconds
[2026-02-13T13:03:02.932+0000] {processor.py:161} INFO - Started process (PID=3554) to work on /opt/airflow/dags/scripts/loaders/load_laptops.py
[2026-02-13T13:03:02.935+0000] {processor.py:830} INFO - Processing file /opt/airflow/dags/scripts/loaders/load_laptops.py for tasks to queue
[2026-02-13T13:03:02.938+0000] {logging_mixin.py:188} INFO - [2026-02-13T13:03:02.938+0000] {dagbag.py:545} INFO - Filling up the DagBag from /opt/airflow/dags/scripts/loaders/load_laptops.py
[2026-02-13T13:03:03.238+0000] {logging_mixin.py:188} INFO - 🚀 Loading LAPTOPS data
[2026-02-13T13:03:03.613+0000] {logging_mixin.py:188} INFO - ✅ Laptops table refreshed successfully
[2026-02-13T13:03:03.615+0000] {processor.py:842} WARNING - No viable dags retrieved from /opt/airflow/dags/scripts/loaders/load_laptops.py
[2026-02-13T13:03:03.632+0000] {processor.py:183} INFO - Processing /opt/airflow/dags/scripts/loaders/load_laptops.py took 0.713 seconds
[2026-02-13T13:03:34.241+0000] {processor.py:161} INFO - Started process (PID=3586) to work on /opt/airflow/dags/scripts/loaders/load_laptops.py
[2026-02-13T13:03:34.243+0000] {processor.py:830} INFO - Processing file /opt/airflow/dags/scripts/loaders/load_laptops.py for tasks to queue
[2026-02-13T13:03:34.245+0000] {logging_mixin.py:188} INFO - [2026-02-13T13:03:34.244+0000] {dagbag.py:545} INFO - Filling up the DagBag from /opt/airflow/dags/scripts/loaders/load_laptops.py
[2026-02-13T13:03:34.562+0000] {logging_mixin.py:188} INFO - 🚀 Loading LAPTOPS data
[2026-02-13T13:03:34.956+0000] {logging_mixin.py:188} INFO - ✅ Laptops table refreshed successfully
[2026-02-13T13:03:34.958+0000] {processor.py:842} WARNING - No viable dags retrieved from /opt/airflow/dags/scripts/loaders/load_laptops.py
[2026-02-13T13:03:34.975+0000] {processor.py:183} INFO - Processing /opt/airflow/dags/scripts/loaders/load_laptops.py took 0.740 seconds
[2026-02-13T13:04:05.452+0000] {processor.py:161} INFO - Started process (PID=3615) to work on /opt/airflow/dags/scripts/loaders/load_laptops.py
[2026-02-13T13:04:05.453+0000] {processor.py:830} INFO - Processing file /opt/airflow/dags/scripts/loaders/load_laptops.py for tasks to queue
[2026-02-13T13:04:05.456+0000] {logging_mixin.py:188} INFO - [2026-02-13T13:04:05.455+0000] {dagbag.py:545} INFO - Filling up the DagBag from /opt/airflow/dags/scripts/loaders/load_laptops.py
[2026-02-13T13:04:05.771+0000] {logging_mixin.py:188} INFO - 🚀 Loading LAPTOPS data
[2026-02-13T13:04:06.147+0000] {logging_mixin.py:188} INFO - ✅ Laptops table refreshed successfully
[2026-02-13T13:04:06.148+0000] {processor.py:842} WARNING - No viable dags retrieved from /opt/airflow/dags/scripts/loaders/load_laptops.py
[2026-02-13T13:04:06.164+0000] {processor.py:183} INFO - Processing /opt/airflow/dags/scripts/loaders/load_laptops.py took 0.717 seconds
[2026-02-13T13:04:36.924+0000] {processor.py:161} INFO - Started process (PID=3644) to work on /opt/airflow/dags/scripts/loaders/load_laptops.py
[2026-02-13T13:04:36.926+0000] {processor.py:830} INFO - Processing file /opt/airflow/dags/scripts/loaders/load_laptops.py for tasks to queue
[2026-02-13T13:04:36.928+0000] {logging_mixin.py:188} INFO - [2026-02-13T13:04:36.927+0000] {dagbag.py:545} INFO - Filling up the DagBag from /opt/airflow/dags/scripts/loaders/load_laptops.py
[2026-02-13T13:04:37.246+0000] {logging_mixin.py:188} INFO - 🚀 Loading LAPTOPS data
[2026-02-13T13:04:37.772+0000] {logging_mixin.py:188} INFO - ✅ Laptops table refreshed successfully
[2026-02-13T13:04:37.773+0000] {processor.py:842} WARNING - No viable dags retrieved from /opt/airflow/dags/scripts/loaders/load_laptops.py
[2026-02-13T13:04:37.794+0000] {processor.py:183} INFO - Processing /opt/airflow/dags/scripts/loaders/load_laptops.py took 0.877 seconds
[2026-02-13T13:05:08.449+0000] {processor.py:161} INFO - Started process (PID=3673) to work on /opt/airflow/dags/scripts/loaders/load_laptops.py
[2026-02-13T13:05:08.451+0000] {processor.py:830} INFO - Processing file /opt/airflow/dags/scripts/loaders/load_laptops.py for tasks to queue
[2026-02-13T13:05:08.453+0000] {logging_mixin.py:188} INFO - [2026-02-13T13:05:08.452+0000] {dagbag.py:545} INFO - Filling up the DagBag from /opt/airflow/dags/scripts/loaders/load_laptops.py
[2026-02-13T13:05:08.878+0000] {logging_mixin.py:188} INFO - 🚀 Loading LAPTOPS data
[2026-02-13T13:05:09.383+0000] {logging_mixin.py:188} INFO - ✅ Laptops table refreshed successfully
[2026-02-13T13:05:09.385+0000] {processor.py:842} WARNING - No viable dags retrieved from /opt/airflow/dags/scripts/loaders/load_laptops.py
[2026-02-13T13:05:09.419+0000] {processor.py:183} INFO - Processing /opt/airflow/dags/scripts/loaders/load_laptops.py took 0.978 seconds
[2026-02-13T13:05:40.170+0000] {processor.py:161} INFO - Started process (PID=3702) to work on /opt/airflow/dags/scripts/loaders/load_laptops.py
[2026-02-13T13:05:40.172+0000] {processor.py:830} INFO - Processing file /opt/airflow/dags/scripts/loaders/load_laptops.py for tasks to queue
[2026-02-13T13:05:40.176+0000] {logging_mixin.py:188} INFO - [2026-02-13T13:05:40.175+0000] {dagbag.py:545} INFO - Filling up the DagBag from /opt/airflow/dags/scripts/loaders/load_laptops.py
[2026-02-13T13:05:40.677+0000] {logging_mixin.py:188} INFO - 🚀 Loading LAPTOPS data
[2026-02-13T13:05:41.160+0000] {logging_mixin.py:188} INFO - ✅ Laptops table refreshed successfully
[2026-02-13T13:05:41.161+0000] {processor.py:842} WARNING - No viable dags retrieved from /opt/airflow/dags/scripts/loaders/load_laptops.py
[2026-02-13T13:05:41.186+0000] {processor.py:183} INFO - Processing /opt/airflow/dags/scripts/loaders/load_laptops.py took 1.027 seconds
[2026-02-13T13:06:11.756+0000] {processor.py:161} INFO - Started process (PID=3731) to work on /opt/airflow/dags/scripts/loaders/load_laptops.py
[2026-02-13T13:06:11.757+0000] {processor.py:830} INFO - Processing file /opt/airflow/dags/scripts/loaders/load_laptops.py for tasks to queue
[2026-02-13T13:06:11.759+0000] {logging_mixin.py:188} INFO - [2026-02-13T13:06:11.759+0000] {dagbag.py:545} INFO - Filling up the DagBag from /opt/airflow/dags/scripts/loaders/load_laptops.py
[2026-02-13T13:06:12.084+0000] {logging_mixin.py:188} INFO - 🚀 Loading LAPTOPS data
[2026-02-13T13:06:12.548+0000] {logging_mixin.py:188} INFO - ✅ Laptops table refreshed successfully
[2026-02-13T13:06:12.549+0000] {processor.py:842} WARNING - No viable dags retrieved from /opt/airflow/dags/scripts/loaders/load_laptops.py
[2026-02-13T13:06:12.579+0000] {processor.py:183} INFO - Processing /opt/airflow/dags/scripts/loaders/load_laptops.py took 0.829 seconds
[2026-02-13T13:06:43.749+0000] {processor.py:161} INFO - Started process (PID=3760) to work on /opt/airflow/dags/scripts/loaders/load_laptops.py
[2026-02-13T13:06:43.752+0000] {processor.py:830} INFO - Processing file /opt/airflow/dags/scripts/loaders/load_laptops.py for tasks to queue
[2026-02-13T13:06:43.757+0000] {logging_mixin.py:188} INFO - [2026-02-13T13:06:43.756+0000] {dagbag.py:545} INFO - Filling up the DagBag from /opt/airflow/dags/scripts/loaders/load_laptops.py
[2026-02-13T13:06:44.198+0000] {logging_mixin.py:188} INFO - 🚀 Loading LAPTOPS data
[2026-02-13T13:06:44.680+0000] {logging_mixin.py:188} INFO - ✅ Laptops table refreshed successfully
[2026-02-13T13:06:44.681+0000] {processor.py:842} WARNING - No viable dags retrieved from /opt/airflow/dags/scripts/loaders/load_laptops.py
[2026-02-13T13:06:44.703+0000] {processor.py:183} INFO - Processing /opt/airflow/dags/scripts/loaders/load_laptops.py took 0.970 seconds
[2026-02-13T13:07:15.305+0000] {processor.py:161} INFO - Started process (PID=3789) to work on /opt/airflow/dags/scripts/loaders/load_laptops.py
[2026-02-13T13:07:15.308+0000] {processor.py:830} INFO - Processing file /opt/airflow/dags/scripts/loaders/load_laptops.py for tasks to queue
[2026-02-13T13:07:15.314+0000] {logging_mixin.py:188} INFO - [2026-02-13T13:07:15.313+0000] {dagbag.py:545} INFO - Filling up the DagBag from /opt/airflow/dags/scripts/loaders/load_laptops.py
[2026-02-13T13:07:15.645+0000] {logging_mixin.py:188} INFO - 🚀 Loading LAPTOPS data
[2026-02-13T13:07:16.048+0000] {logging_mixin.py:188} INFO - ✅ Laptops table refreshed successfully
[2026-02-13T13:07:16.049+0000] {processor.py:842} WARNING - No viable dags retrieved from /opt/airflow/dags/scripts/loaders/load_laptops.py
[2026-02-13T13:07:16.067+0000] {processor.py:183} INFO - Processing /opt/airflow/dags/scripts/loaders/load_laptops.py took 0.775 seconds
[2026-02-13T13:07:46.574+0000] {processor.py:161} INFO - Started process (PID=3818) to work on /opt/airflow/dags/scripts/loaders/load_laptops.py
[2026-02-13T13:07:46.575+0000] {processor.py:830} INFO - Processing file /opt/airflow/dags/scripts/loaders/load_laptops.py for tasks to queue
[2026-02-13T13:07:46.578+0000] {logging_mixin.py:188} INFO - [2026-02-13T13:07:46.578+0000] {dagbag.py:545} INFO - Filling up the DagBag from /opt/airflow/dags/scripts/loaders/load_laptops.py
[2026-02-13T13:07:46.928+0000] {logging_mixin.py:188} INFO - 🚀 Loading LAPTOPS data
[2026-02-13T13:07:47.325+0000] {logging_mixin.py:188} INFO - ✅ Laptops table refreshed successfully
[2026-02-13T13:07:47.326+0000] {processor.py:842} WARNING - No viable dags retrieved from /opt/airflow/dags/scripts/loaders/load_laptops.py
[2026-02-13T13:07:47.342+0000] {processor.py:183} INFO - Processing /opt/airflow/dags/scripts/loaders/load_laptops.py took 0.773 seconds
[2026-02-13T13:08:17.637+0000] {processor.py:161} INFO - Started process (PID=3847) to work on /opt/airflow/dags/scripts/loaders/load_laptops.py
[2026-02-13T13:08:17.639+0000] {processor.py:830} INFO - Processing file /opt/airflow/dags/scripts/loaders/load_laptops.py for tasks to queue
[2026-02-13T13:08:17.642+0000] {logging_mixin.py:188} INFO - [2026-02-13T13:08:17.642+0000] {dagbag.py:545} INFO - Filling up the DagBag from /opt/airflow/dags/scripts/loaders/load_laptops.py
[2026-02-13T13:08:17.967+0000] {logging_mixin.py:188} INFO - 🚀 Loading LAPTOPS data
[2026-02-13T13:08:18.369+0000] {logging_mixin.py:188} INFO - ✅ Laptops table refreshed successfully
[2026-02-13T13:08:18.370+0000] {processor.py:842} WARNING - No viable dags retrieved from /opt/airflow/dags/scripts/loaders/load_laptops.py
[2026-02-13T13:08:18.388+0000] {processor.py:183} INFO - Processing /opt/airflow/dags/scripts/loaders/load_laptops.py took 0.757 seconds
[2026-02-13T13:08:49.009+0000] {processor.py:161} INFO - Started process (PID=3876) to work on /opt/airflow/dags/scripts/loaders/load_laptops.py
[2026-02-13T13:08:49.011+0000] {processor.py:830} INFO - Processing file /opt/airflow/dags/scripts/loaders/load_laptops.py for tasks to queue
[2026-02-13T13:08:49.015+0000] {logging_mixin.py:188} INFO - [2026-02-13T13:08:49.014+0000] {dagbag.py:545} INFO - Filling up the DagBag from /opt/airflow/dags/scripts/loaders/load_laptops.py
[2026-02-13T13:08:49.313+0000] {logging_mixin.py:188} INFO - 🚀 Loading LAPTOPS data
[2026-02-13T13:08:49.819+0000] {logging_mixin.py:188} INFO - ✅ Laptops table refreshed successfully
[2026-02-13T13:08:49.821+0000] {processor.py:842} WARNING - No viable dags retrieved from /opt/airflow/dags/scripts/loaders/load_laptops.py
[2026-02-13T13:08:49.848+0000] {processor.py:183} INFO - Processing /opt/airflow/dags/scripts/loaders/load_laptops.py took 0.847 seconds
[2026-02-13T13:09:20.566+0000] {processor.py:161} INFO - Started process (PID=3905) to work on /opt/airflow/dags/scripts/loaders/load_laptops.py
[2026-02-13T13:09:20.568+0000] {processor.py:830} INFO - Processing file /opt/airflow/dags/scripts/loaders/load_laptops.py for tasks to queue
[2026-02-13T13:09:20.570+0000] {logging_mixin.py:188} INFO - [2026-02-13T13:09:20.570+0000] {dagbag.py:545} INFO - Filling up the DagBag from /opt/airflow/dags/scripts/loaders/load_laptops.py
[2026-02-13T13:09:20.872+0000] {logging_mixin.py:188} INFO - 🚀 Loading LAPTOPS data
[2026-02-13T13:09:21.303+0000] {logging_mixin.py:188} INFO - ✅ Laptops table refreshed successfully
[2026-02-13T13:09:21.305+0000] {processor.py:842} WARNING - No viable dags retrieved from /opt/airflow/dags/scripts/loaders/load_laptops.py
[2026-02-13T13:09:21.329+0000] {processor.py:183} INFO - Processing /opt/airflow/dags/scripts/loaders/load_laptops.py took 0.770 seconds
[2026-02-13T13:09:51.905+0000] {processor.py:161} INFO - Started process (PID=3934) to work on /opt/airflow/dags/scripts/loaders/load_laptops.py
[2026-02-13T13:09:51.908+0000] {processor.py:830} INFO - Processing file /opt/airflow/dags/scripts/loaders/load_laptops.py for tasks to queue
[2026-02-13T13:09:51.911+0000] {logging_mixin.py:188} INFO - [2026-02-13T13:09:51.911+0000] {dagbag.py:545} INFO - Filling up the DagBag from /opt/airflow/dags/scripts/loaders/load_laptops.py
[2026-02-13T13:09:52.208+0000] {logging_mixin.py:188} INFO - 🚀 Loading LAPTOPS data
[2026-02-13T13:09:52.577+0000] {logging_mixin.py:188} INFO - ✅ Laptops table refreshed successfully
[2026-02-13T13:09:52.579+0000] {processor.py:842} WARNING - No viable dags retrieved from /opt/airflow/dags/scripts/loaders/load_laptops.py
[2026-02-13T13:09:52.601+0000] {processor.py:183} INFO - Processing /opt/airflow/dags/scripts/loaders/load_laptops.py took 0.703 seconds
[2026-02-13T13:10:23.129+0000] {processor.py:161} INFO - Started process (PID=3963) to work on /opt/airflow/dags/scripts/loaders/load_laptops.py
[2026-02-13T13:10:23.132+0000] {processor.py:830} INFO - Processing file /opt/airflow/dags/scripts/loaders/load_laptops.py for tasks to queue
[2026-02-13T13:10:23.137+0000] {logging_mixin.py:188} INFO - [2026-02-13T13:10:23.136+0000] {dagbag.py:545} INFO - Filling up the DagBag from /opt/airflow/dags/scripts/loaders/load_laptops.py
[2026-02-13T13:10:23.465+0000] {logging_mixin.py:188} INFO - 🚀 Loading LAPTOPS data
[2026-02-13T13:10:23.829+0000] {logging_mixin.py:188} INFO - ✅ Laptops table refreshed successfully
[2026-02-13T13:10:23.830+0000] {processor.py:842} WARNING - No viable dags retrieved from /opt/airflow/dags/scripts/loaders/load_laptops.py
[2026-02-13T13:10:23.844+0000] {processor.py:183} INFO - Processing /opt/airflow/dags/scripts/loaders/load_laptops.py took 0.727 seconds
[2026-02-13T13:10:54.127+0000] {processor.py:161} INFO - Started process (PID=3992) to work on /opt/airflow/dags/scripts/loaders/load_laptops.py
[2026-02-13T13:10:54.129+0000] {processor.py:830} INFO - Processing file /opt/airflow/dags/scripts/loaders/load_laptops.py for tasks to queue
[2026-02-13T13:10:54.131+0000] {logging_mixin.py:188} INFO - [2026-02-13T13:10:54.131+0000] {dagbag.py:545} INFO - Filling up the DagBag from /opt/airflow/dags/scripts/loaders/load_laptops.py
[2026-02-13T13:10:54.490+0000] {logging_mixin.py:188} INFO - 🚀 Loading LAPTOPS data
[2026-02-13T13:10:54.947+0000] {logging_mixin.py:188} INFO - ✅ Laptops table refreshed successfully
[2026-02-13T13:10:54.948+0000] {processor.py:842} WARNING - No viable dags retrieved from /opt/airflow/dags/scripts/loaders/load_laptops.py
[2026-02-13T13:10:54.967+0000] {processor.py:183} INFO - Processing /opt/airflow/dags/scripts/loaders/load_laptops.py took 0.846 seconds
[2026-02-13T13:11:25.758+0000] {processor.py:161} INFO - Started process (PID=4021) to work on /opt/airflow/dags/scripts/loaders/load_laptops.py
[2026-02-13T13:11:25.761+0000] {processor.py:830} INFO - Processing file /opt/airflow/dags/scripts/loaders/load_laptops.py for tasks to queue
[2026-02-13T13:11:25.765+0000] {logging_mixin.py:188} INFO - [2026-02-13T13:11:25.764+0000] {dagbag.py:545} INFO - Filling up the DagBag from /opt/airflow/dags/scripts/loaders/load_laptops.py
[2026-02-13T13:11:26.131+0000] {logging_mixin.py:188} INFO - 🚀 Loading LAPTOPS data
[2026-02-13T13:11:26.605+0000] {logging_mixin.py:188} INFO - ✅ Laptops table refreshed successfully
[2026-02-13T13:11:26.606+0000] {processor.py:842} WARNING - No viable dags retrieved from /opt/airflow/dags/scripts/loaders/load_laptops.py
[2026-02-13T13:11:26.626+0000] {processor.py:183} INFO - Processing /opt/airflow/dags/scripts/loaders/load_laptops.py took 0.884 seconds
[2026-02-13T13:11:57.108+0000] {processor.py:161} INFO - Started process (PID=4050) to work on /opt/airflow/dags/scripts/loaders/load_laptops.py
[2026-02-13T13:11:57.110+0000] {processor.py:830} INFO - Processing file /opt/airflow/dags/scripts/loaders/load_laptops.py for tasks to queue
[2026-02-13T13:11:57.113+0000] {logging_mixin.py:188} INFO - [2026-02-13T13:11:57.112+0000] {dagbag.py:545} INFO - Filling up the DagBag from /opt/airflow/dags/scripts/loaders/load_laptops.py
[2026-02-13T13:11:57.428+0000] {logging_mixin.py:188} INFO - 🚀 Loading LAPTOPS data
[2026-02-13T13:11:57.836+0000] {logging_mixin.py:188} INFO - ✅ Laptops table refreshed successfully
[2026-02-13T13:11:57.838+0000] {processor.py:842} WARNING - No viable dags retrieved from /opt/airflow/dags/scripts/loaders/load_laptops.py
[2026-02-13T13:11:57.854+0000] {processor.py:183} INFO - Processing /opt/airflow/dags/scripts/loaders/load_laptops.py took 0.752 seconds
[2026-02-13T13:12:28.756+0000] {processor.py:161} INFO - Started process (PID=4076) to work on /opt/airflow/dags/scripts/loaders/load_laptops.py
[2026-02-13T13:12:28.758+0000] {processor.py:830} INFO - Processing file /opt/airflow/dags/scripts/loaders/load_laptops.py for tasks to queue
[2026-02-13T13:12:28.761+0000] {logging_mixin.py:188} INFO - [2026-02-13T13:12:28.761+0000] {dagbag.py:545} INFO - Filling up the DagBag from /opt/airflow/dags/scripts/loaders/load_laptops.py
[2026-02-13T13:12:29.063+0000] {logging_mixin.py:188} INFO - 🚀 Loading LAPTOPS data
[2026-02-13T13:12:29.443+0000] {logging_mixin.py:188} INFO - ✅ Laptops table refreshed successfully
[2026-02-13T13:12:29.444+0000] {processor.py:842} WARNING - No viable dags retrieved from /opt/airflow/dags/scripts/loaders/load_laptops.py
[2026-02-13T13:12:29.455+0000] {processor.py:183} INFO - Processing /opt/airflow/dags/scripts/loaders/load_laptops.py took 0.708 seconds
[2026-02-13T13:12:59.638+0000] {processor.py:161} INFO - Started process (PID=4105) to work on /opt/airflow/dags/scripts/loaders/load_laptops.py
[2026-02-13T13:12:59.641+0000] {processor.py:830} INFO - Processing file /opt/airflow/dags/scripts/loaders/load_laptops.py for tasks to queue
[2026-02-13T13:12:59.643+0000] {logging_mixin.py:188} INFO - [2026-02-13T13:12:59.643+0000] {dagbag.py:545} INFO - Filling up the DagBag from /opt/airflow/dags/scripts/loaders/load_laptops.py
[2026-02-13T13:12:59.900+0000] {logging_mixin.py:188} INFO - 🚀 Loading LAPTOPS data
[2026-02-13T13:13:00.156+0000] {logging_mixin.py:188} INFO - ✅ Laptops table refreshed successfully
[2026-02-13T13:13:00.157+0000] {processor.py:842} WARNING - No viable dags retrieved from /opt/airflow/dags/scripts/loaders/load_laptops.py
[2026-02-13T13:13:00.167+0000] {processor.py:183} INFO - Processing /opt/airflow/dags/scripts/loaders/load_laptops.py took 0.539 seconds
[2026-02-13T13:13:31.018+0000] {processor.py:161} INFO - Started process (PID=4134) to work on /opt/airflow/dags/scripts/loaders/load_laptops.py
[2026-02-13T13:13:31.021+0000] {processor.py:830} INFO - Processing file /opt/airflow/dags/scripts/loaders/load_laptops.py for tasks to queue
[2026-02-13T13:13:31.024+0000] {logging_mixin.py:188} INFO - [2026-02-13T13:13:31.024+0000] {dagbag.py:545} INFO - Filling up the DagBag from /opt/airflow/dags/scripts/loaders/load_laptops.py
[2026-02-13T13:13:31.347+0000] {logging_mixin.py:188} INFO - 🚀 Loading LAPTOPS data
[2026-02-13T13:13:31.623+0000] {logging_mixin.py:188} INFO - ✅ Laptops table refreshed successfully
[2026-02-13T13:13:31.624+0000] {processor.py:842} WARNING - No viable dags retrieved from /opt/airflow/dags/scripts/loaders/load_laptops.py
[2026-02-13T13:13:31.637+0000] {processor.py:183} INFO - Processing /opt/airflow/dags/scripts/loaders/load_laptops.py took 0.631 seconds
[2026-02-13T13:14:02.250+0000] {processor.py:161} INFO - Started process (PID=4163) to work on /opt/airflow/dags/scripts/loaders/load_laptops.py
[2026-02-13T13:14:02.253+0000] {processor.py:830} INFO - Processing file /opt/airflow/dags/scripts/loaders/load_laptops.py for tasks to queue
[2026-02-13T13:14:02.256+0000] {logging_mixin.py:188} INFO - [2026-02-13T13:14:02.256+0000] {dagbag.py:545} INFO - Filling up the DagBag from /opt/airflow/dags/scripts/loaders/load_laptops.py
[2026-02-13T13:14:02.513+0000] {logging_mixin.py:188} INFO - 🚀 Loading LAPTOPS data
[2026-02-13T13:14:02.880+0000] {logging_mixin.py:188} INFO - ✅ Laptops table refreshed successfully
[2026-02-13T13:14:02.881+0000] {processor.py:842} WARNING - No viable dags retrieved from /opt/airflow/dags/scripts/loaders/load_laptops.py
[2026-02-13T13:14:02.899+0000] {processor.py:183} INFO - Processing /opt/airflow/dags/scripts/loaders/load_laptops.py took 0.661 seconds
[2026-02-13T13:14:33.657+0000] {processor.py:161} INFO - Started process (PID=4195) to work on /opt/airflow/dags/scripts/loaders/load_laptops.py
[2026-02-13T13:14:33.659+0000] {processor.py:830} INFO - Processing file /opt/airflow/dags/scripts/loaders/load_laptops.py for tasks to queue
[2026-02-13T13:14:33.662+0000] {logging_mixin.py:188} INFO - [2026-02-13T13:14:33.661+0000] {dagbag.py:545} INFO - Filling up the DagBag from /opt/airflow/dags/scripts/loaders/load_laptops.py
[2026-02-13T13:14:33.975+0000] {logging_mixin.py:188} INFO - 🚀 Loading LAPTOPS data
[2026-02-13T13:14:34.376+0000] {logging_mixin.py:188} INFO - ✅ Laptops table refreshed successfully
[2026-02-13T13:14:34.377+0000] {processor.py:842} WARNING - No viable dags retrieved from /opt/airflow/dags/scripts/loaders/load_laptops.py
[2026-02-13T13:14:34.398+0000] {processor.py:183} INFO - Processing /opt/airflow/dags/scripts/loaders/load_laptops.py took 0.745 seconds
[2026-02-13T13:15:05.228+0000] {processor.py:161} INFO - Started process (PID=4224) to work on /opt/airflow/dags/scripts/loaders/load_laptops.py
[2026-02-13T13:15:05.229+0000] {processor.py:830} INFO - Processing file /opt/airflow/dags/scripts/loaders/load_laptops.py for tasks to queue
[2026-02-13T13:15:05.231+0000] {logging_mixin.py:188} INFO - [2026-02-13T13:15:05.230+0000] {dagbag.py:545} INFO - Filling up the DagBag from /opt/airflow/dags/scripts/loaders/load_laptops.py
[2026-02-13T13:15:05.538+0000] {logging_mixin.py:188} INFO - 🚀 Loading LAPTOPS data
[2026-02-13T13:15:05.930+0000] {logging_mixin.py:188} INFO - ✅ Laptops table refreshed successfully
[2026-02-13T13:15:05.932+0000] {processor.py:842} WARNING - No viable dags retrieved from /opt/airflow/dags/scripts/loaders/load_laptops.py
[2026-02-13T13:15:05.946+0000] {processor.py:183} INFO - Processing /opt/airflow/dags/scripts/loaders/load_laptops.py took 0.725 seconds
[2026-02-13T13:15:36.727+0000] {processor.py:161} INFO - Started process (PID=4253) to work on /opt/airflow/dags/scripts/loaders/load_laptops.py
[2026-02-13T13:15:36.729+0000] {processor.py:830} INFO - Processing file /opt/airflow/dags/scripts/loaders/load_laptops.py for tasks to queue
[2026-02-13T13:15:36.732+0000] {logging_mixin.py:188} INFO - [2026-02-13T13:15:36.731+0000] {dagbag.py:545} INFO - Filling up the DagBag from /opt/airflow/dags/scripts/loaders/load_laptops.py
[2026-02-13T13:15:37.052+0000] {logging_mixin.py:188} INFO - 🚀 Loading LAPTOPS data
[2026-02-13T13:15:37.382+0000] {logging_mixin.py:188} INFO - ✅ Laptops table refreshed successfully
[2026-02-13T13:15:37.383+0000] {processor.py:842} WARNING - No viable dags retrieved from /opt/airflow/dags/scripts/loaders/load_laptops.py
[2026-02-13T13:15:37.398+0000] {processor.py:183} INFO - Processing /opt/airflow/dags/scripts/loaders/load_laptops.py took 0.680 seconds
[2026-02-13T13:16:07.899+0000] {processor.py:161} INFO - Started process (PID=4282) to work on /opt/airflow/dags/scripts/loaders/load_laptops.py
[2026-02-13T13:16:07.901+0000] {processor.py:830} INFO - Processing file /opt/airflow/dags/scripts/loaders/load_laptops.py for tasks to queue
[2026-02-13T13:16:07.904+0000] {logging_mixin.py:188} INFO - [2026-02-13T13:16:07.904+0000] {dagbag.py:545} INFO - Filling up the DagBag from /opt/airflow/dags/scripts/loaders/load_laptops.py
[2026-02-13T13:16:08.268+0000] {logging_mixin.py:188} INFO - 🚀 Loading LAPTOPS data
[2026-02-13T13:16:08.661+0000] {logging_mixin.py:188} INFO - ✅ Laptops table refreshed successfully
[2026-02-13T13:16:08.662+0000] {processor.py:842} WARNING - No viable dags retrieved from /opt/airflow/dags/scripts/loaders/load_laptops.py
[2026-02-13T13:16:08.680+0000] {processor.py:183} INFO - Processing /opt/airflow/dags/scripts/loaders/load_laptops.py took 0.792 seconds
[2026-02-13T13:16:39.299+0000] {processor.py:161} INFO - Started process (PID=4311) to work on /opt/airflow/dags/scripts/loaders/load_laptops.py
[2026-02-13T13:16:39.302+0000] {processor.py:830} INFO - Processing file /opt/airflow/dags/scripts/loaders/load_laptops.py for tasks to queue
[2026-02-13T13:16:39.306+0000] {logging_mixin.py:188} INFO - [2026-02-13T13:16:39.305+0000] {dagbag.py:545} INFO - Filling up the DagBag from /opt/airflow/dags/scripts/loaders/load_laptops.py
[2026-02-13T13:16:39.726+0000] {logging_mixin.py:188} INFO - 🚀 Loading LAPTOPS data
[2026-02-13T13:16:40.069+0000] {logging_mixin.py:188} INFO - ✅ Laptops table refreshed successfully
[2026-02-13T13:16:40.071+0000] {processor.py:842} WARNING - No viable dags retrieved from /opt/airflow/dags/scripts/loaders/load_laptops.py
[2026-02-13T13:16:40.096+0000] {processor.py:183} INFO - Processing /opt/airflow/dags/scripts/loaders/load_laptops.py took 0.807 seconds
[2026-02-13T13:17:10.393+0000] {processor.py:161} INFO - Started process (PID=4340) to work on /opt/airflow/dags/scripts/loaders/load_laptops.py
[2026-02-13T13:17:10.395+0000] {processor.py:830} INFO - Processing file /opt/airflow/dags/scripts/loaders/load_laptops.py for tasks to queue
[2026-02-13T13:17:10.398+0000] {logging_mixin.py:188} INFO - [2026-02-13T13:17:10.397+0000] {dagbag.py:545} INFO - Filling up the DagBag from /opt/airflow/dags/scripts/loaders/load_laptops.py
[2026-02-13T13:17:10.727+0000] {logging_mixin.py:188} INFO - 🚀 Loading LAPTOPS data
[2026-02-13T13:17:11.098+0000] {logging_mixin.py:188} INFO - ✅ Laptops table refreshed successfully
[2026-02-13T13:17:11.099+0000] {processor.py:842} WARNING - No viable dags retrieved from /opt/airflow/dags/scripts/loaders/load_laptops.py
[2026-02-13T13:17:11.113+0000] {processor.py:183} INFO - Processing /opt/airflow/dags/scripts/loaders/load_laptops.py took 0.726 seconds
[2026-02-13T13:17:41.910+0000] {processor.py:161} INFO - Started process (PID=4369) to work on /opt/airflow/dags/scripts/loaders/load_laptops.py
[2026-02-13T13:17:41.912+0000] {processor.py:830} INFO - Processing file /opt/airflow/dags/scripts/loaders/load_laptops.py for tasks to queue
[2026-02-13T13:17:41.914+0000] {logging_mixin.py:188} INFO - [2026-02-13T13:17:41.914+0000] {dagbag.py:545} INFO - Filling up the DagBag from /opt/airflow/dags/scripts/loaders/load_laptops.py
[2026-02-13T13:17:42.284+0000] {logging_mixin.py:188} INFO - 🚀 Loading LAPTOPS data
[2026-02-13T13:17:42.638+0000] {logging_mixin.py:188} INFO - ✅ Laptops table refreshed successfully
[2026-02-13T13:17:42.639+0000] {processor.py:842} WARNING - No viable dags retrieved from /opt/airflow/dags/scripts/loaders/load_laptops.py
[2026-02-13T13:17:42.655+0000] {processor.py:183} INFO - Processing /opt/airflow/dags/scripts/loaders/load_laptops.py took 0.754 seconds
[2026-02-13T13:18:13.179+0000] {processor.py:161} INFO - Started process (PID=4398) to work on /opt/airflow/dags/scripts/loaders/load_laptops.py
[2026-02-13T13:18:13.181+0000] {processor.py:830} INFO - Processing file /opt/airflow/dags/scripts/loaders/load_laptops.py for tasks to queue
[2026-02-13T13:18:13.184+0000] {logging_mixin.py:188} INFO - [2026-02-13T13:18:13.183+0000] {dagbag.py:545} INFO - Filling up the DagBag from /opt/airflow/dags/scripts/loaders/load_laptops.py
[2026-02-13T13:18:13.505+0000] {logging_mixin.py:188} INFO - 🚀 Loading LAPTOPS data
[2026-02-13T13:18:13.909+0000] {logging_mixin.py:188} INFO - ✅ Laptops table refreshed successfully
[2026-02-13T13:18:13.910+0000] {processor.py:842} WARNING - No viable dags retrieved from /opt/airflow/dags/scripts/loaders/load_laptops.py
[2026-02-13T13:18:13.928+0000] {processor.py:183} INFO - Processing /opt/airflow/dags/scripts/loaders/load_laptops.py took 0.762 seconds
[2026-02-13T13:18:44.518+0000] {processor.py:161} INFO - Started process (PID=4427) to work on /opt/airflow/dags/scripts/loaders/load_laptops.py
[2026-02-13T13:18:44.519+0000] {processor.py:830} INFO - Processing file /opt/airflow/dags/scripts/loaders/load_laptops.py for tasks to queue
[2026-02-13T13:18:44.521+0000] {logging_mixin.py:188} INFO - [2026-02-13T13:18:44.521+0000] {dagbag.py:545} INFO - Filling up the DagBag from /opt/airflow/dags/scripts/loaders/load_laptops.py
[2026-02-13T13:18:44.830+0000] {logging_mixin.py:188} INFO - 🚀 Loading LAPTOPS data
[2026-02-13T13:18:45.178+0000] {logging_mixin.py:188} INFO - ✅ Laptops table refreshed successfully
[2026-02-13T13:18:45.179+0000] {processor.py:842} WARNING - No viable dags retrieved from /opt/airflow/dags/scripts/loaders/load_laptops.py
[2026-02-13T13:18:45.197+0000] {processor.py:183} INFO - Processing /opt/airflow/dags/scripts/loaders/load_laptops.py took 0.684 seconds
[2026-02-13T13:19:15.961+0000] {processor.py:161} INFO - Started process (PID=4456) to work on /opt/airflow/dags/scripts/loaders/load_laptops.py
[2026-02-13T13:19:15.963+0000] {processor.py:830} INFO - Processing file /opt/airflow/dags/scripts/loaders/load_laptops.py for tasks to queue
[2026-02-13T13:19:15.966+0000] {logging_mixin.py:188} INFO - [2026-02-13T13:19:15.965+0000] {dagbag.py:545} INFO - Filling up the DagBag from /opt/airflow/dags/scripts/loaders/load_laptops.py
[2026-02-13T13:19:16.350+0000] {logging_mixin.py:188} INFO - 🚀 Loading LAPTOPS data
[2026-02-13T13:19:16.693+0000] {logging_mixin.py:188} INFO - ✅ Laptops table refreshed successfully
[2026-02-13T13:19:16.694+0000] {processor.py:842} WARNING - No viable dags retrieved from /opt/airflow/dags/scripts/loaders/load_laptops.py
[2026-02-13T13:19:16.713+0000] {processor.py:183} INFO - Processing /opt/airflow/dags/scripts/loaders/load_laptops.py took 0.757 seconds
[2026-02-13T13:19:47.392+0000] {processor.py:161} INFO - Started process (PID=4485) to work on /opt/airflow/dags/scripts/loaders/load_laptops.py
[2026-02-13T13:19:47.394+0000] {processor.py:830} INFO - Processing file /opt/airflow/dags/scripts/loaders/load_laptops.py for tasks to queue
[2026-02-13T13:19:47.397+0000] {logging_mixin.py:188} INFO - [2026-02-13T13:19:47.396+0000] {dagbag.py:545} INFO - Filling up the DagBag from /opt/airflow/dags/scripts/loaders/load_laptops.py
[2026-02-13T13:19:47.681+0000] {logging_mixin.py:188} INFO - 🚀 Loading LAPTOPS data
[2026-02-13T13:19:48.016+0000] {logging_mixin.py:188} INFO - ✅ Laptops table refreshed successfully
[2026-02-13T13:19:48.017+0000] {processor.py:842} WARNING - No viable dags retrieved from /opt/airflow/dags/scripts/loaders/load_laptops.py
[2026-02-13T13:19:48.036+0000] {processor.py:183} INFO - Processing /opt/airflow/dags/scripts/loaders/load_laptops.py took 0.651 seconds
[2026-02-13T13:20:18.460+0000] {processor.py:161} INFO - Started process (PID=4514) to work on /opt/airflow/dags/scripts/loaders/load_laptops.py
[2026-02-13T13:20:18.462+0000] {processor.py:830} INFO - Processing file /opt/airflow/dags/scripts/loaders/load_laptops.py for tasks to queue
[2026-02-13T13:20:18.464+0000] {logging_mixin.py:188} INFO - [2026-02-13T13:20:18.464+0000] {dagbag.py:545} INFO - Filling up the DagBag from /opt/airflow/dags/scripts/loaders/load_laptops.py
[2026-02-13T13:20:18.786+0000] {logging_mixin.py:188} INFO - 🚀 Loading LAPTOPS data
[2026-02-13T13:20:19.089+0000] {logging_mixin.py:188} INFO - ✅ Laptops table refreshed successfully
[2026-02-13T13:20:19.090+0000] {processor.py:842} WARNING - No viable dags retrieved from /opt/airflow/dags/scripts/loaders/load_laptops.py
[2026-02-13T13:20:19.104+0000] {processor.py:183} INFO - Processing /opt/airflow/dags/scripts/loaders/load_laptops.py took 0.650 seconds
[2026-02-13T13:20:49.807+0000] {processor.py:161} INFO - Started process (PID=4543) to work on /opt/airflow/dags/scripts/loaders/load_laptops.py
[2026-02-13T13:20:49.808+0000] {processor.py:830} INFO - Processing file /opt/airflow/dags/scripts/loaders/load_laptops.py for tasks to queue
[2026-02-13T13:20:49.811+0000] {logging_mixin.py:188} INFO - [2026-02-13T13:20:49.810+0000] {dagbag.py:545} INFO - Filling up the DagBag from /opt/airflow/dags/scripts/loaders/load_laptops.py
[2026-02-13T13:20:50.185+0000] {logging_mixin.py:188} INFO - 🚀 Loading LAPTOPS data
[2026-02-13T13:20:50.520+0000] {logging_mixin.py:188} INFO - ✅ Laptops table refreshed successfully
[2026-02-13T13:20:50.522+0000] {processor.py:842} WARNING - No viable dags retrieved from /opt/airflow/dags/scripts/loaders/load_laptops.py
[2026-02-13T13:20:50.537+0000] {processor.py:183} INFO - Processing /opt/airflow/dags/scripts/loaders/load_laptops.py took 0.738 seconds
[2026-02-13T13:21:22.245+0000] {processor.py:161} INFO - Started process (PID=4575) to work on /opt/airflow/dags/scripts/loaders/load_laptops.py
[2026-02-13T13:21:22.248+0000] {processor.py:830} INFO - Processing file /opt/airflow/dags/scripts/loaders/load_laptops.py for tasks to queue
[2026-02-13T13:21:22.255+0000] {logging_mixin.py:188} INFO - [2026-02-13T13:21:22.254+0000] {dagbag.py:545} INFO - Filling up the DagBag from /opt/airflow/dags/scripts/loaders/load_laptops.py
[2026-02-13T13:21:22.547+0000] {logging_mixin.py:188} INFO - 🚀 Loading LAPTOPS data
[2026-02-13T13:21:22.832+0000] {logging_mixin.py:188} INFO - ✅ Laptops table refreshed successfully
[2026-02-13T13:21:22.833+0000] {processor.py:842} WARNING - No viable dags retrieved from /opt/airflow/dags/scripts/loaders/load_laptops.py
[2026-02-13T13:21:22.845+0000] {processor.py:183} INFO - Processing /opt/airflow/dags/scripts/loaders/load_laptops.py took 0.620 seconds
[2026-02-13T13:21:53.270+0000] {processor.py:161} INFO - Started process (PID=4601) to work on /opt/airflow/dags/scripts/loaders/load_laptops.py
[2026-02-13T13:21:53.272+0000] {processor.py:830} INFO - Processing file /opt/airflow/dags/scripts/loaders/load_laptops.py for tasks to queue
[2026-02-13T13:21:53.276+0000] {logging_mixin.py:188} INFO - [2026-02-13T13:21:53.276+0000] {dagbag.py:545} INFO - Filling up the DagBag from /opt/airflow/dags/scripts/loaders/load_laptops.py
[2026-02-13T13:21:53.630+0000] {logging_mixin.py:188} INFO - 🚀 Loading LAPTOPS data
[2026-02-13T13:21:54.037+0000] {logging_mixin.py:188} INFO - ✅ Laptops table refreshed successfully
[2026-02-13T13:21:54.038+0000] {processor.py:842} WARNING - No viable dags retrieved from /opt/airflow/dags/scripts/loaders/load_laptops.py
[2026-02-13T13:21:54.059+0000] {processor.py:183} INFO - Processing /opt/airflow/dags/scripts/loaders/load_laptops.py took 0.796 seconds
[2026-02-13T13:22:24.953+0000] {processor.py:161} INFO - Started process (PID=4630) to work on /opt/airflow/dags/scripts/loaders/load_laptops.py
[2026-02-13T13:22:24.955+0000] {processor.py:830} INFO - Processing file /opt/airflow/dags/scripts/loaders/load_laptops.py for tasks to queue
[2026-02-13T13:22:24.957+0000] {logging_mixin.py:188} INFO - [2026-02-13T13:22:24.957+0000] {dagbag.py:545} INFO - Filling up the DagBag from /opt/airflow/dags/scripts/loaders/load_laptops.py
[2026-02-13T13:22:25.319+0000] {logging_mixin.py:188} INFO - 🚀 Loading LAPTOPS data
[2026-02-13T13:22:25.657+0000] {logging_mixin.py:188} INFO - ✅ Laptops table refreshed successfully
[2026-02-13T13:22:25.659+0000] {processor.py:842} WARNING - No viable dags retrieved from /opt/airflow/dags/scripts/loaders/load_laptops.py
[2026-02-13T13:22:25.674+0000] {processor.py:183} INFO - Processing /opt/airflow/dags/scripts/loaders/load_laptops.py took 0.727 seconds
[2026-02-13T13:22:57.436+0000] {processor.py:161} INFO - Started process (PID=4662) to work on /opt/airflow/dags/scripts/loaders/load_laptops.py
[2026-02-13T13:22:57.439+0000] {processor.py:830} INFO - Processing file /opt/airflow/dags/scripts/loaders/load_laptops.py for tasks to queue
[2026-02-13T13:22:57.443+0000] {logging_mixin.py:188} INFO - [2026-02-13T13:22:57.442+0000] {dagbag.py:545} INFO - Filling up the DagBag from /opt/airflow/dags/scripts/loaders/load_laptops.py
[2026-02-13T13:22:57.713+0000] {logging_mixin.py:188} INFO - 🚀 Loading LAPTOPS data
[2026-02-13T13:22:57.959+0000] {logging_mixin.py:188} INFO - ✅ Laptops table refreshed successfully
[2026-02-13T13:22:57.960+0000] {processor.py:842} WARNING - No viable dags retrieved from /opt/airflow/dags/scripts/loaders/load_laptops.py
[2026-02-13T13:22:57.971+0000] {processor.py:183} INFO - Processing /opt/airflow/dags/scripts/loaders/load_laptops.py took 0.546 seconds
[2026-02-13T13:23:28.754+0000] {processor.py:161} INFO - Started process (PID=4691) to work on /opt/airflow/dags/scripts/loaders/load_laptops.py
[2026-02-13T13:23:28.756+0000] {processor.py:830} INFO - Processing file /opt/airflow/dags/scripts/loaders/load_laptops.py for tasks to queue
[2026-02-13T13:23:28.760+0000] {logging_mixin.py:188} INFO - [2026-02-13T13:23:28.760+0000] {dagbag.py:545} INFO - Filling up the DagBag from /opt/airflow/dags/scripts/loaders/load_laptops.py
[2026-02-13T13:23:29.087+0000] {logging_mixin.py:188} INFO - 🚀 Loading LAPTOPS data
[2026-02-13T13:23:29.408+0000] {logging_mixin.py:188} INFO - ✅ Laptops table refreshed successfully
[2026-02-13T13:23:29.410+0000] {processor.py:842} WARNING - No viable dags retrieved from /opt/airflow/dags/scripts/loaders/load_laptops.py
[2026-02-13T13:23:29.424+0000] {processor.py:183} INFO - Processing /opt/airflow/dags/scripts/loaders/load_laptops.py took 0.685 seconds
[2026-02-13T13:23:59.674+0000] {processor.py:161} INFO - Started process (PID=4717) to work on /opt/airflow/dags/scripts/loaders/load_laptops.py
[2026-02-13T13:23:59.675+0000] {processor.py:830} INFO - Processing file /opt/airflow/dags/scripts/loaders/load_laptops.py for tasks to queue
[2026-02-13T13:23:59.678+0000] {logging_mixin.py:188} INFO - [2026-02-13T13:23:59.677+0000] {dagbag.py:545} INFO - Filling up the DagBag from /opt/airflow/dags/scripts/loaders/load_laptops.py
[2026-02-13T13:23:59.962+0000] {logging_mixin.py:188} INFO - 🚀 Loading LAPTOPS data
[2026-02-13T13:24:00.353+0000] {logging_mixin.py:188} INFO - ✅ Laptops table refreshed successfully
[2026-02-13T13:24:00.354+0000] {processor.py:842} WARNING - No viable dags retrieved from /opt/airflow/dags/scripts/loaders/load_laptops.py
[2026-02-13T13:24:00.372+0000] {processor.py:183} INFO - Processing /opt/airflow/dags/scripts/loaders/load_laptops.py took 0.703 seconds
[2026-02-13T13:30:17.905+0000] {processor.py:161} INFO - Started process (PID=4742) to work on /opt/airflow/dags/scripts/loaders/load_laptops.py
[2026-02-13T13:30:17.909+0000] {processor.py:830} INFO - Processing file /opt/airflow/dags/scripts/loaders/load_laptops.py for tasks to queue
[2026-02-13T13:30:17.913+0000] {logging_mixin.py:188} INFO - [2026-02-13T13:30:17.912+0000] {dagbag.py:545} INFO - Filling up the DagBag from /opt/airflow/dags/scripts/loaders/load_laptops.py
[2026-02-13T13:30:18.243+0000] {logging_mixin.py:188} INFO - 🚀 Loading LAPTOPS data
[2026-02-13T13:30:18.638+0000] {logging_mixin.py:188} INFO - ✅ Laptops table refreshed successfully
[2026-02-13T13:30:18.640+0000] {processor.py:842} WARNING - No viable dags retrieved from /opt/airflow/dags/scripts/loaders/load_laptops.py
[2026-02-13T13:30:18.653+0000] {processor.py:183} INFO - Processing /opt/airflow/dags/scripts/loaders/load_laptops.py took 0.758 seconds
[2026-02-13T13:31:13.065+0000] {processor.py:161} INFO - Started process (PID=199) to work on /opt/airflow/dags/scripts/loaders/load_laptops.py
[2026-02-13T13:31:13.069+0000] {processor.py:830} INFO - Processing file /opt/airflow/dags/scripts/loaders/load_laptops.py for tasks to queue
[2026-02-13T13:31:13.078+0000] {logging_mixin.py:188} INFO - [2026-02-13T13:31:13.077+0000] {dagbag.py:545} INFO - Filling up the DagBag from /opt/airflow/dags/scripts/loaders/load_laptops.py
[2026-02-13T13:31:13.470+0000] {logging_mixin.py:188} INFO - 🚀 Loading LAPTOPS data
[2026-02-13T13:31:13.858+0000] {logging_mixin.py:188} INFO - ✅ Laptops table refreshed successfully
[2026-02-13T13:31:13.868+0000] {processor.py:842} WARNING - No viable dags retrieved from /opt/airflow/dags/scripts/loaders/load_laptops.py
[2026-02-13T13:31:13.882+0000] {processor.py:183} INFO - Processing /opt/airflow/dags/scripts/loaders/load_laptops.py took 0.828 seconds
[2026-02-13T13:31:44.652+0000] {processor.py:161} INFO - Started process (PID=272) to work on /opt/airflow/dags/scripts/loaders/load_laptops.py
[2026-02-13T13:31:44.655+0000] {processor.py:830} INFO - Processing file /opt/airflow/dags/scripts/loaders/load_laptops.py for tasks to queue
[2026-02-13T13:31:44.657+0000] {logging_mixin.py:188} INFO - [2026-02-13T13:31:44.657+0000] {dagbag.py:545} INFO - Filling up the DagBag from /opt/airflow/dags/scripts/loaders/load_laptops.py
[2026-02-13T13:31:44.983+0000] {logging_mixin.py:188} INFO - 🚀 Loading LAPTOPS data
[2026-02-13T13:31:45.326+0000] {logging_mixin.py:188} INFO - ✅ Laptops table refreshed successfully
[2026-02-13T13:31:45.328+0000] {processor.py:842} WARNING - No viable dags retrieved from /opt/airflow/dags/scripts/loaders/load_laptops.py
[2026-02-13T13:31:45.339+0000] {processor.py:183} INFO - Processing /opt/airflow/dags/scripts/loaders/load_laptops.py took 0.693 seconds
[2026-02-13T13:32:15.581+0000] {processor.py:161} INFO - Started process (PID=301) to work on /opt/airflow/dags/scripts/loaders/load_laptops.py
[2026-02-13T13:32:15.584+0000] {processor.py:830} INFO - Processing file /opt/airflow/dags/scripts/loaders/load_laptops.py for tasks to queue
[2026-02-13T13:32:15.588+0000] {logging_mixin.py:188} INFO - [2026-02-13T13:32:15.587+0000] {dagbag.py:545} INFO - Filling up the DagBag from /opt/airflow/dags/scripts/loaders/load_laptops.py
[2026-02-13T13:32:15.873+0000] {logging_mixin.py:188} INFO - 🚀 Loading LAPTOPS data
[2026-02-13T13:32:16.224+0000] {logging_mixin.py:188} INFO - ✅ Laptops table refreshed successfully
[2026-02-13T13:32:16.225+0000] {processor.py:842} WARNING - No viable dags retrieved from /opt/airflow/dags/scripts/loaders/load_laptops.py
[2026-02-13T13:32:16.238+0000] {processor.py:183} INFO - Processing /opt/airflow/dags/scripts/loaders/load_laptops.py took 0.667 seconds
[2026-02-13T13:32:47.036+0000] {processor.py:161} INFO - Started process (PID=330) to work on /opt/airflow/dags/scripts/loaders/load_laptops.py
[2026-02-13T13:32:47.039+0000] {processor.py:830} INFO - Processing file /opt/airflow/dags/scripts/loaders/load_laptops.py for tasks to queue
[2026-02-13T13:32:47.041+0000] {logging_mixin.py:188} INFO - [2026-02-13T13:32:47.041+0000] {dagbag.py:545} INFO - Filling up the DagBag from /opt/airflow/dags/scripts/loaders/load_laptops.py
[2026-02-13T13:32:47.324+0000] {logging_mixin.py:188} INFO - 🚀 Loading LAPTOPS data
[2026-02-13T13:32:47.599+0000] {logging_mixin.py:188} INFO - ✅ Laptops table refreshed successfully
[2026-02-13T13:32:47.601+0000] {processor.py:842} WARNING - No viable dags retrieved from /opt/airflow/dags/scripts/loaders/load_laptops.py
[2026-02-13T13:32:47.621+0000] {processor.py:183} INFO - Processing /opt/airflow/dags/scripts/loaders/load_laptops.py took 0.593 seconds
[2026-02-13T13:33:17.928+0000] {processor.py:161} INFO - Started process (PID=357) to work on /opt/airflow/dags/scripts/loaders/load_laptops.py
[2026-02-13T13:33:17.930+0000] {processor.py:830} INFO - Processing file /opt/airflow/dags/scripts/loaders/load_laptops.py for tasks to queue
[2026-02-13T13:33:17.932+0000] {logging_mixin.py:188} INFO - [2026-02-13T13:33:17.932+0000] {dagbag.py:545} INFO - Filling up the DagBag from /opt/airflow/dags/scripts/loaders/load_laptops.py
[2026-02-13T13:33:18.306+0000] {logging_mixin.py:188} INFO - 🚀 Loading LAPTOPS data
[2026-02-13T13:33:18.673+0000] {logging_mixin.py:188} INFO - ✅ Laptops table refreshed successfully
[2026-02-13T13:33:18.675+0000] {processor.py:842} WARNING - No viable dags retrieved from /opt/airflow/dags/scripts/loaders/load_laptops.py
[2026-02-13T13:33:18.685+0000] {processor.py:183} INFO - Processing /opt/airflow/dags/scripts/loaders/load_laptops.py took 0.762 seconds
[2026-02-13T13:33:49.425+0000] {processor.py:161} INFO - Started process (PID=512) to work on /opt/airflow/dags/scripts/loaders/load_laptops.py
[2026-02-13T13:33:49.436+0000] {processor.py:830} INFO - Processing file /opt/airflow/dags/scripts/loaders/load_laptops.py for tasks to queue
[2026-02-13T13:33:49.440+0000] {logging_mixin.py:188} INFO - [2026-02-13T13:33:49.440+0000] {dagbag.py:545} INFO - Filling up the DagBag from /opt/airflow/dags/scripts/loaders/load_laptops.py
[2026-02-13T13:33:49.807+0000] {logging_mixin.py:188} INFO - 🚀 Loading LAPTOPS data
[2026-02-13T13:33:50.189+0000] {logging_mixin.py:188} INFO - ✅ Laptops table refreshed successfully
[2026-02-13T13:33:50.192+0000] {processor.py:842} WARNING - No viable dags retrieved from /opt/airflow/dags/scripts/loaders/load_laptops.py
[2026-02-13T13:33:50.210+0000] {processor.py:183} INFO - Processing /opt/airflow/dags/scripts/loaders/load_laptops.py took 0.795 seconds
[2026-02-13T13:34:21.140+0000] {processor.py:161} INFO - Started process (PID=543) to work on /opt/airflow/dags/scripts/loaders/load_laptops.py
[2026-02-13T13:34:21.142+0000] {processor.py:830} INFO - Processing file /opt/airflow/dags/scripts/loaders/load_laptops.py for tasks to queue
[2026-02-13T13:34:21.146+0000] {logging_mixin.py:188} INFO - [2026-02-13T13:34:21.145+0000] {dagbag.py:545} INFO - Filling up the DagBag from /opt/airflow/dags/scripts/loaders/load_laptops.py
[2026-02-13T13:34:21.429+0000] {logging_mixin.py:188} INFO - 🚀 Loading LAPTOPS data
[2026-02-13T13:34:21.692+0000] {logging_mixin.py:188} INFO - ✅ Laptops table refreshed successfully
[2026-02-13T13:34:21.693+0000] {processor.py:842} WARNING - No viable dags retrieved from /opt/airflow/dags/scripts/loaders/load_laptops.py
[2026-02-13T13:34:21.703+0000] {processor.py:183} INFO - Processing /opt/airflow/dags/scripts/loaders/load_laptops.py took 0.574 seconds
[2026-02-13T13:34:52.361+0000] {processor.py:161} INFO - Started process (PID=572) to work on /opt/airflow/dags/scripts/loaders/load_laptops.py
[2026-02-13T13:34:52.362+0000] {processor.py:830} INFO - Processing file /opt/airflow/dags/scripts/loaders/load_laptops.py for tasks to queue
[2026-02-13T13:34:52.365+0000] {logging_mixin.py:188} INFO - [2026-02-13T13:34:52.364+0000] {dagbag.py:545} INFO - Filling up the DagBag from /opt/airflow/dags/scripts/loaders/load_laptops.py
[2026-02-13T13:34:52.694+0000] {logging_mixin.py:188} INFO - 🚀 Loading LAPTOPS data
[2026-02-13T13:34:52.952+0000] {logging_mixin.py:188} INFO - ✅ Laptops table refreshed successfully
[2026-02-13T13:34:52.953+0000] {processor.py:842} WARNING - No viable dags retrieved from /opt/airflow/dags/scripts/loaders/load_laptops.py
[2026-02-13T13:34:52.963+0000] {processor.py:183} INFO - Processing /opt/airflow/dags/scripts/loaders/load_laptops.py took 0.607 seconds
[2026-02-13T13:35:23.716+0000] {processor.py:161} INFO - Started process (PID=601) to work on /opt/airflow/dags/scripts/loaders/load_laptops.py
[2026-02-13T13:35:23.717+0000] {processor.py:830} INFO - Processing file /opt/airflow/dags/scripts/loaders/load_laptops.py for tasks to queue
[2026-02-13T13:35:23.720+0000] {logging_mixin.py:188} INFO - [2026-02-13T13:35:23.719+0000] {dagbag.py:545} INFO - Filling up the DagBag from /opt/airflow/dags/scripts/loaders/load_laptops.py
[2026-02-13T13:35:24.033+0000] {logging_mixin.py:188} INFO - 🚀 Loading LAPTOPS data
[2026-02-13T13:35:24.420+0000] {logging_mixin.py:188} INFO - ✅ Laptops table refreshed successfully
[2026-02-13T13:35:24.421+0000] {processor.py:842} WARNING - No viable dags retrieved from /opt/airflow/dags/scripts/loaders/load_laptops.py
[2026-02-13T13:35:24.438+0000] {processor.py:183} INFO - Processing /opt/airflow/dags/scripts/loaders/load_laptops.py took 0.728 seconds
[2026-02-13T13:35:54.921+0000] {processor.py:161} INFO - Started process (PID=630) to work on /opt/airflow/dags/scripts/loaders/load_laptops.py
[2026-02-13T13:35:54.924+0000] {processor.py:830} INFO - Processing file /opt/airflow/dags/scripts/loaders/load_laptops.py for tasks to queue
[2026-02-13T13:35:54.928+0000] {logging_mixin.py:188} INFO - [2026-02-13T13:35:54.927+0000] {dagbag.py:545} INFO - Filling up the DagBag from /opt/airflow/dags/scripts/loaders/load_laptops.py
[2026-02-13T13:35:55.204+0000] {logging_mixin.py:188} INFO - 🚀 Loading LAPTOPS data
[2026-02-13T13:35:55.468+0000] {logging_mixin.py:188} INFO - ✅ Laptops table refreshed successfully
[2026-02-13T13:35:55.469+0000] {processor.py:842} WARNING - No viable dags retrieved from /opt/airflow/dags/scripts/loaders/load_laptops.py
[2026-02-13T13:35:55.482+0000] {processor.py:183} INFO - Processing /opt/airflow/dags/scripts/loaders/load_laptops.py took 0.573 seconds
[2026-02-13T13:36:26.234+0000] {processor.py:161} INFO - Started process (PID=659) to work on /opt/airflow/dags/scripts/loaders/load_laptops.py
[2026-02-13T13:36:26.236+0000] {processor.py:830} INFO - Processing file /opt/airflow/dags/scripts/loaders/load_laptops.py for tasks to queue
[2026-02-13T13:36:26.241+0000] {logging_mixin.py:188} INFO - [2026-02-13T13:36:26.240+0000] {dagbag.py:545} INFO - Filling up the DagBag from /opt/airflow/dags/scripts/loaders/load_laptops.py
[2026-02-13T13:36:26.513+0000] {logging_mixin.py:188} INFO - 🚀 Loading LAPTOPS data
[2026-02-13T13:36:26.768+0000] {logging_mixin.py:188} INFO - ✅ Laptops table refreshed successfully
[2026-02-13T13:36:26.769+0000] {processor.py:842} WARNING - No viable dags retrieved from /opt/airflow/dags/scripts/loaders/load_laptops.py
[2026-02-13T13:36:26.779+0000] {processor.py:183} INFO - Processing /opt/airflow/dags/scripts/loaders/load_laptops.py took 0.555 seconds
[2026-02-13T13:36:57.705+0000] {processor.py:161} INFO - Started process (PID=686) to work on /opt/airflow/dags/scripts/loaders/load_laptops.py
[2026-02-13T13:36:57.711+0000] {processor.py:830} INFO - Processing file /opt/airflow/dags/scripts/loaders/load_laptops.py for tasks to queue
[2026-02-13T13:36:57.718+0000] {logging_mixin.py:188} INFO - [2026-02-13T13:36:57.716+0000] {dagbag.py:545} INFO - Filling up the DagBag from /opt/airflow/dags/scripts/loaders/load_laptops.py
[2026-02-13T13:36:58.172+0000] {logging_mixin.py:188} INFO - 🚀 Loading LAPTOPS data
[2026-02-13T13:36:58.601+0000] {logging_mixin.py:188} INFO - ✅ Laptops table refreshed successfully
[2026-02-13T13:36:58.602+0000] {processor.py:842} WARNING - No viable dags retrieved from /opt/airflow/dags/scripts/loaders/load_laptops.py
[2026-02-13T13:36:58.635+0000] {processor.py:183} INFO - Processing /opt/airflow/dags/scripts/loaders/load_laptops.py took 0.949 seconds
[2026-02-13T13:37:28.749+0000] {processor.py:161} INFO - Started process (PID=715) to work on /opt/airflow/dags/scripts/loaders/load_laptops.py
[2026-02-13T13:37:28.751+0000] {processor.py:830} INFO - Processing file /opt/airflow/dags/scripts/loaders/load_laptops.py for tasks to queue
[2026-02-13T13:37:28.755+0000] {logging_mixin.py:188} INFO - [2026-02-13T13:37:28.754+0000] {dagbag.py:545} INFO - Filling up the DagBag from /opt/airflow/dags/scripts/loaders/load_laptops.py
[2026-02-13T13:37:29.304+0000] {logging_mixin.py:188} INFO - 🚀 Loading LAPTOPS data
[2026-02-13T13:37:29.931+0000] {logging_mixin.py:188} INFO - ✅ Laptops table refreshed successfully
[2026-02-13T13:37:29.933+0000] {processor.py:842} WARNING - No viable dags retrieved from /opt/airflow/dags/scripts/loaders/load_laptops.py
[2026-02-13T13:37:29.960+0000] {processor.py:183} INFO - Processing /opt/airflow/dags/scripts/loaders/load_laptops.py took 1.224 seconds
[2026-02-13T13:38:00.324+0000] {processor.py:161} INFO - Started process (PID=744) to work on /opt/airflow/dags/scripts/loaders/load_laptops.py
[2026-02-13T13:38:00.326+0000] {processor.py:830} INFO - Processing file /opt/airflow/dags/scripts/loaders/load_laptops.py for tasks to queue
[2026-02-13T13:38:00.329+0000] {logging_mixin.py:188} INFO - [2026-02-13T13:38:00.328+0000] {dagbag.py:545} INFO - Filling up the DagBag from /opt/airflow/dags/scripts/loaders/load_laptops.py
[2026-02-13T13:38:00.694+0000] {logging_mixin.py:188} INFO - 🚀 Loading LAPTOPS data
[2026-02-13T13:38:01.211+0000] {logging_mixin.py:188} INFO - ✅ Laptops table refreshed successfully
[2026-02-13T13:38:01.221+0000] {processor.py:842} WARNING - No viable dags retrieved from /opt/airflow/dags/scripts/loaders/load_laptops.py
[2026-02-13T13:38:01.242+0000] {processor.py:183} INFO - Processing /opt/airflow/dags/scripts/loaders/load_laptops.py took 0.925 seconds
[2026-02-13T13:38:32.777+0000] {processor.py:161} INFO - Started process (PID=773) to work on /opt/airflow/dags/scripts/loaders/load_laptops.py
[2026-02-13T13:38:32.783+0000] {processor.py:830} INFO - Processing file /opt/airflow/dags/scripts/loaders/load_laptops.py for tasks to queue
[2026-02-13T13:38:32.793+0000] {logging_mixin.py:188} INFO - [2026-02-13T13:38:32.792+0000] {dagbag.py:545} INFO - Filling up the DagBag from /opt/airflow/dags/scripts/loaders/load_laptops.py
[2026-02-13T13:38:33.775+0000] {logging_mixin.py:188} INFO - 🚀 Loading LAPTOPS data
[2026-02-13T13:38:34.762+0000] {logging_mixin.py:188} INFO - ✅ Laptops table refreshed successfully
[2026-02-13T13:38:34.765+0000] {processor.py:842} WARNING - No viable dags retrieved from /opt/airflow/dags/scripts/loaders/load_laptops.py
[2026-02-13T13:38:34.822+0000] {processor.py:183} INFO - Processing /opt/airflow/dags/scripts/loaders/load_laptops.py took 2.061 seconds
[2026-02-13T13:39:05.584+0000] {processor.py:161} INFO - Started process (PID=801) to work on /opt/airflow/dags/scripts/loaders/load_laptops.py
[2026-02-13T13:39:05.587+0000] {processor.py:830} INFO - Processing file /opt/airflow/dags/scripts/loaders/load_laptops.py for tasks to queue
[2026-02-13T13:39:05.593+0000] {logging_mixin.py:188} INFO - [2026-02-13T13:39:05.592+0000] {dagbag.py:545} INFO - Filling up the DagBag from /opt/airflow/dags/scripts/loaders/load_laptops.py
[2026-02-13T13:39:06.034+0000] {logging_mixin.py:188} INFO - 🚀 Loading LAPTOPS data
[2026-02-13T13:39:06.708+0000] {logging_mixin.py:188} INFO - ✅ Laptops table refreshed successfully
[2026-02-13T13:39:06.711+0000] {processor.py:842} WARNING - No viable dags retrieved from /opt/airflow/dags/scripts/loaders/load_laptops.py
[2026-02-13T13:39:06.798+0000] {processor.py:183} INFO - Processing /opt/airflow/dags/scripts/loaders/load_laptops.py took 1.544 seconds
[2026-02-13T13:39:40.483+0000] {processor.py:161} INFO - Started process (PID=830) to work on /opt/airflow/dags/scripts/loaders/load_laptops.py
[2026-02-13T13:39:40.486+0000] {processor.py:830} INFO - Processing file /opt/airflow/dags/scripts/loaders/load_laptops.py for tasks to queue
[2026-02-13T13:39:40.493+0000] {logging_mixin.py:188} INFO - [2026-02-13T13:39:40.491+0000] {dagbag.py:545} INFO - Filling up the DagBag from /opt/airflow/dags/scripts/loaders/load_laptops.py
[2026-02-13T13:39:40.834+0000] {logging_mixin.py:188} INFO - 🚀 Loading LAPTOPS data
[2026-02-13T13:39:41.228+0000] {logging_mixin.py:188} INFO - ✅ Laptops table refreshed successfully
[2026-02-13T13:39:41.229+0000] {processor.py:842} WARNING - No viable dags retrieved from /opt/airflow/dags/scripts/loaders/load_laptops.py
[2026-02-13T13:39:41.259+0000] {processor.py:183} INFO - Processing /opt/airflow/dags/scripts/loaders/load_laptops.py took 0.787 seconds
[2026-02-13T13:40:11.795+0000] {processor.py:161} INFO - Started process (PID=859) to work on /opt/airflow/dags/scripts/loaders/load_laptops.py
[2026-02-13T13:40:11.797+0000] {processor.py:830} INFO - Processing file /opt/airflow/dags/scripts/loaders/load_laptops.py for tasks to queue
[2026-02-13T13:40:11.800+0000] {logging_mixin.py:188} INFO - [2026-02-13T13:40:11.800+0000] {dagbag.py:545} INFO - Filling up the DagBag from /opt/airflow/dags/scripts/loaders/load_laptops.py
[2026-02-13T13:40:12.156+0000] {logging_mixin.py:188} INFO - 🚀 Loading LAPTOPS data
[2026-02-13T13:40:12.627+0000] {logging_mixin.py:188} INFO - ✅ Laptops table refreshed successfully
[2026-02-13T13:40:12.628+0000] {processor.py:842} WARNING - No viable dags retrieved from /opt/airflow/dags/scripts/loaders/load_laptops.py
[2026-02-13T13:40:12.650+0000] {processor.py:183} INFO - Processing /opt/airflow/dags/scripts/loaders/load_laptops.py took 0.866 seconds
[2026-02-13T13:40:43.603+0000] {processor.py:161} INFO - Started process (PID=888) to work on /opt/airflow/dags/scripts/loaders/load_laptops.py
[2026-02-13T13:40:43.605+0000] {processor.py:830} INFO - Processing file /opt/airflow/dags/scripts/loaders/load_laptops.py for tasks to queue
[2026-02-13T13:40:43.607+0000] {logging_mixin.py:188} INFO - [2026-02-13T13:40:43.607+0000] {dagbag.py:545} INFO - Filling up the DagBag from /opt/airflow/dags/scripts/loaders/load_laptops.py
[2026-02-13T13:40:44.002+0000] {logging_mixin.py:188} INFO - 🚀 Loading LAPTOPS data
[2026-02-13T13:40:44.419+0000] {logging_mixin.py:188} INFO - ✅ Laptops table refreshed successfully
[2026-02-13T13:40:44.420+0000] {processor.py:842} WARNING - No viable dags retrieved from /opt/airflow/dags/scripts/loaders/load_laptops.py
[2026-02-13T13:40:44.451+0000] {processor.py:183} INFO - Processing /opt/airflow/dags/scripts/loaders/load_laptops.py took 0.855 seconds
[2026-02-13T13:41:15.857+0000] {processor.py:161} INFO - Started process (PID=917) to work on /opt/airflow/dags/scripts/loaders/load_laptops.py
[2026-02-13T13:41:15.869+0000] {processor.py:830} INFO - Processing file /opt/airflow/dags/scripts/loaders/load_laptops.py for tasks to queue
[2026-02-13T13:41:15.873+0000] {logging_mixin.py:188} INFO - [2026-02-13T13:41:15.872+0000] {dagbag.py:545} INFO - Filling up the DagBag from /opt/airflow/dags/scripts/loaders/load_laptops.py
[2026-02-13T13:41:16.296+0000] {logging_mixin.py:188} INFO - 🚀 Loading LAPTOPS data
[2026-02-13T13:41:16.758+0000] {logging_mixin.py:188} INFO - ✅ Laptops table refreshed successfully
[2026-02-13T13:41:16.759+0000] {processor.py:842} WARNING - No viable dags retrieved from /opt/airflow/dags/scripts/loaders/load_laptops.py
[2026-02-13T13:41:16.792+0000] {processor.py:183} INFO - Processing /opt/airflow/dags/scripts/loaders/load_laptops.py took 0.944 seconds
[2026-02-13T13:41:47.279+0000] {processor.py:161} INFO - Started process (PID=946) to work on /opt/airflow/dags/scripts/loaders/load_laptops.py
[2026-02-13T13:41:47.282+0000] {processor.py:830} INFO - Processing file /opt/airflow/dags/scripts/loaders/load_laptops.py for tasks to queue
[2026-02-13T13:41:47.286+0000] {logging_mixin.py:188} INFO - [2026-02-13T13:41:47.285+0000] {dagbag.py:545} INFO - Filling up the DagBag from /opt/airflow/dags/scripts/loaders/load_laptops.py
[2026-02-13T13:41:47.616+0000] {logging_mixin.py:188} INFO - 🚀 Loading LAPTOPS data
[2026-02-13T13:41:47.964+0000] {logging_mixin.py:188} INFO - ✅ Laptops table refreshed successfully
[2026-02-13T13:41:47.965+0000] {processor.py:842} WARNING - No viable dags retrieved from /opt/airflow/dags/scripts/loaders/load_laptops.py
[2026-02-13T13:41:47.991+0000] {processor.py:183} INFO - Processing /opt/airflow/dags/scripts/loaders/load_laptops.py took 0.720 seconds
[2026-02-13T13:42:18.940+0000] {processor.py:161} INFO - Started process (PID=975) to work on /opt/airflow/dags/scripts/loaders/load_laptops.py
[2026-02-13T13:42:18.943+0000] {processor.py:830} INFO - Processing file /opt/airflow/dags/scripts/loaders/load_laptops.py for tasks to queue
[2026-02-13T13:42:18.949+0000] {logging_mixin.py:188} INFO - [2026-02-13T13:42:18.948+0000] {dagbag.py:545} INFO - Filling up the DagBag from /opt/airflow/dags/scripts/loaders/load_laptops.py
[2026-02-13T13:42:19.369+0000] {logging_mixin.py:188} INFO - 🚀 Loading LAPTOPS data
[2026-02-13T13:42:20.079+0000] {logging_mixin.py:188} INFO - ✅ Laptops table refreshed successfully
[2026-02-13T13:42:20.081+0000] {processor.py:842} WARNING - No viable dags retrieved from /opt/airflow/dags/scripts/loaders/load_laptops.py
[2026-02-13T13:42:20.115+0000] {processor.py:183} INFO - Processing /opt/airflow/dags/scripts/loaders/load_laptops.py took 1.189 seconds
[2026-02-13T13:42:50.287+0000] {processor.py:161} INFO - Started process (PID=1001) to work on /opt/airflow/dags/scripts/loaders/load_laptops.py
[2026-02-13T13:42:50.289+0000] {processor.py:830} INFO - Processing file /opt/airflow/dags/scripts/loaders/load_laptops.py for tasks to queue
[2026-02-13T13:42:50.292+0000] {logging_mixin.py:188} INFO - [2026-02-13T13:42:50.291+0000] {dagbag.py:545} INFO - Filling up the DagBag from /opt/airflow/dags/scripts/loaders/load_laptops.py
[2026-02-13T13:42:50.627+0000] {logging_mixin.py:188} INFO - 🚀 Loading LAPTOPS data
[2026-02-13T13:42:51.214+0000] {logging_mixin.py:188} INFO - ✅ Laptops table refreshed successfully
[2026-02-13T13:42:51.216+0000] {processor.py:842} WARNING - No viable dags retrieved from /opt/airflow/dags/scripts/loaders/load_laptops.py
[2026-02-13T13:42:51.247+0000] {processor.py:183} INFO - Processing /opt/airflow/dags/scripts/loaders/load_laptops.py took 0.971 seconds
[2026-02-13T13:43:22.051+0000] {processor.py:161} INFO - Started process (PID=1030) to work on /opt/airflow/dags/scripts/loaders/load_laptops.py
[2026-02-13T13:43:22.056+0000] {processor.py:830} INFO - Processing file /opt/airflow/dags/scripts/loaders/load_laptops.py for tasks to queue
[2026-02-13T13:43:22.061+0000] {logging_mixin.py:188} INFO - [2026-02-13T13:43:22.060+0000] {dagbag.py:545} INFO - Filling up the DagBag from /opt/airflow/dags/scripts/loaders/load_laptops.py
[2026-02-13T13:43:22.603+0000] {logging_mixin.py:188} INFO - 🚀 Loading LAPTOPS data
[2026-02-13T13:43:24.722+0000] {logging_mixin.py:188} INFO - ✅ Laptops table refreshed successfully
[2026-02-13T13:43:24.732+0000] {processor.py:842} WARNING - No viable dags retrieved from /opt/airflow/dags/scripts/loaders/load_laptops.py
[2026-02-13T13:43:24.885+0000] {processor.py:183} INFO - Processing /opt/airflow/dags/scripts/loaders/load_laptops.py took 2.846 seconds
[2026-02-13T13:43:55.338+0000] {processor.py:161} INFO - Started process (PID=1059) to work on /opt/airflow/dags/scripts/loaders/load_laptops.py
[2026-02-13T13:43:55.339+0000] {processor.py:830} INFO - Processing file /opt/airflow/dags/scripts/loaders/load_laptops.py for tasks to queue
[2026-02-13T13:43:55.342+0000] {logging_mixin.py:188} INFO - [2026-02-13T13:43:55.342+0000] {dagbag.py:545} INFO - Filling up the DagBag from /opt/airflow/dags/scripts/loaders/load_laptops.py
[2026-02-13T13:43:55.635+0000] {logging_mixin.py:188} INFO - 🚀 Loading LAPTOPS data
[2026-02-13T13:43:56.000+0000] {logging_mixin.py:188} INFO - ✅ Laptops table refreshed successfully
[2026-02-13T13:43:56.001+0000] {processor.py:842} WARNING - No viable dags retrieved from /opt/airflow/dags/scripts/loaders/load_laptops.py
[2026-02-13T13:43:56.016+0000] {processor.py:183} INFO - Processing /opt/airflow/dags/scripts/loaders/load_laptops.py took 0.686 seconds
[2026-02-13T13:44:26.962+0000] {processor.py:161} INFO - Started process (PID=1088) to work on /opt/airflow/dags/scripts/loaders/load_laptops.py
[2026-02-13T13:44:26.979+0000] {processor.py:830} INFO - Processing file /opt/airflow/dags/scripts/loaders/load_laptops.py for tasks to queue
[2026-02-13T13:44:26.984+0000] {logging_mixin.py:188} INFO - [2026-02-13T13:44:26.983+0000] {dagbag.py:545} INFO - Filling up the DagBag from /opt/airflow/dags/scripts/loaders/load_laptops.py
[2026-02-13T13:44:27.585+0000] {logging_mixin.py:188} INFO - 🚀 Loading LAPTOPS data
[2026-02-13T13:44:28.568+0000] {logging_mixin.py:188} INFO - ✅ Laptops table refreshed successfully
[2026-02-13T13:44:28.569+0000] {processor.py:842} WARNING - No viable dags retrieved from /opt/airflow/dags/scripts/loaders/load_laptops.py
[2026-02-13T13:44:28.614+0000] {processor.py:183} INFO - Processing /opt/airflow/dags/scripts/loaders/load_laptops.py took 1.660 seconds
[2026-02-13T13:44:59.383+0000] {processor.py:161} INFO - Started process (PID=1117) to work on /opt/airflow/dags/scripts/loaders/load_laptops.py
[2026-02-13T13:44:59.387+0000] {processor.py:830} INFO - Processing file /opt/airflow/dags/scripts/loaders/load_laptops.py for tasks to queue
[2026-02-13T13:44:59.393+0000] {logging_mixin.py:188} INFO - [2026-02-13T13:44:59.392+0000] {dagbag.py:545} INFO - Filling up the DagBag from /opt/airflow/dags/scripts/loaders/load_laptops.py
[2026-02-13T13:44:59.831+0000] {logging_mixin.py:188} INFO - 🚀 Loading LAPTOPS data
[2026-02-13T13:45:00.386+0000] {logging_mixin.py:188} INFO - ✅ Laptops table refreshed successfully
[2026-02-13T13:45:00.391+0000] {processor.py:842} WARNING - No viable dags retrieved from /opt/airflow/dags/scripts/loaders/load_laptops.py
[2026-02-13T13:45:00.417+0000] {processor.py:183} INFO - Processing /opt/airflow/dags/scripts/loaders/load_laptops.py took 1.073 seconds
[2026-02-13T13:45:30.993+0000] {processor.py:161} INFO - Started process (PID=1146) to work on /opt/airflow/dags/scripts/loaders/load_laptops.py
[2026-02-13T13:45:31.012+0000] {processor.py:830} INFO - Processing file /opt/airflow/dags/scripts/loaders/load_laptops.py for tasks to queue
[2026-02-13T13:45:31.018+0000] {logging_mixin.py:188} INFO - [2026-02-13T13:45:31.017+0000] {dagbag.py:545} INFO - Filling up the DagBag from /opt/airflow/dags/scripts/loaders/load_laptops.py
[2026-02-13T13:45:31.402+0000] {logging_mixin.py:188} INFO - 🚀 Loading LAPTOPS data
[2026-02-13T13:45:31.900+0000] {logging_mixin.py:188} INFO - ✅ Laptops table refreshed successfully
[2026-02-13T13:45:31.902+0000] {processor.py:842} WARNING - No viable dags retrieved from /opt/airflow/dags/scripts/loaders/load_laptops.py
[2026-02-13T13:45:31.942+0000] {processor.py:183} INFO - Processing /opt/airflow/dags/scripts/loaders/load_laptops.py took 0.961 seconds
[2026-02-13T13:46:02.571+0000] {processor.py:161} INFO - Started process (PID=1175) to work on /opt/airflow/dags/scripts/loaders/load_laptops.py
[2026-02-13T13:46:02.587+0000] {processor.py:830} INFO - Processing file /opt/airflow/dags/scripts/loaders/load_laptops.py for tasks to queue
[2026-02-13T13:46:02.604+0000] {logging_mixin.py:188} INFO - [2026-02-13T13:46:02.601+0000] {dagbag.py:545} INFO - Filling up the DagBag from /opt/airflow/dags/scripts/loaders/load_laptops.py
[2026-02-13T13:46:04.236+0000] {logging_mixin.py:188} INFO - 🚀 Loading LAPTOPS data
[2026-02-13T13:46:07.705+0000] {logging_mixin.py:188} INFO - ✅ Laptops table refreshed successfully
[2026-02-13T13:46:07.758+0000] {processor.py:842} WARNING - No viable dags retrieved from /opt/airflow/dags/scripts/loaders/load_laptops.py
[2026-02-13T13:46:08.119+0000] {processor.py:183} INFO - Processing /opt/airflow/dags/scripts/loaders/load_laptops.py took 5.602 seconds
[2026-02-13T13:46:38.993+0000] {processor.py:161} INFO - Started process (PID=1202) to work on /opt/airflow/dags/scripts/loaders/load_laptops.py
[2026-02-13T13:46:39.002+0000] {processor.py:830} INFO - Processing file /opt/airflow/dags/scripts/loaders/load_laptops.py for tasks to queue
[2026-02-13T13:46:39.027+0000] {logging_mixin.py:188} INFO - [2026-02-13T13:46:39.020+0000] {dagbag.py:545} INFO - Filling up the DagBag from /opt/airflow/dags/scripts/loaders/load_laptops.py
[2026-02-13T13:46:40.596+0000] {logging_mixin.py:188} INFO - 🚀 Loading LAPTOPS data
[2026-02-13T13:46:43.712+0000] {logging_mixin.py:188} INFO - ✅ Laptops table refreshed successfully
[2026-02-13T13:46:43.714+0000] {processor.py:842} WARNING - No viable dags retrieved from /opt/airflow/dags/scripts/loaders/load_laptops.py
[2026-02-13T13:46:43.764+0000] {processor.py:183} INFO - Processing /opt/airflow/dags/scripts/loaders/load_laptops.py took 4.815 seconds
[2026-02-13T13:47:26.223+0000] {processor.py:161} INFO - Started process (PID=1233) to work on /opt/airflow/dags/scripts/loaders/load_laptops.py
[2026-02-13T13:47:26.238+0000] {processor.py:830} INFO - Processing file /opt/airflow/dags/scripts/loaders/load_laptops.py for tasks to queue
[2026-02-13T13:47:26.247+0000] {logging_mixin.py:188} INFO - [2026-02-13T13:47:26.246+0000] {dagbag.py:545} INFO - Filling up the DagBag from /opt/airflow/dags/scripts/loaders/load_laptops.py
[2026-02-13T13:47:28.736+0000] {logging_mixin.py:188} INFO - 🚀 Loading LAPTOPS data
[2026-02-13T13:47:31.197+0000] {logging_mixin.py:188} INFO - ✅ Laptops table refreshed successfully
[2026-02-13T13:47:31.208+0000] {processor.py:842} WARNING - No viable dags retrieved from /opt/airflow/dags/scripts/loaders/load_laptops.py
[2026-02-13T13:47:31.453+0000] {processor.py:183} INFO - Processing /opt/airflow/dags/scripts/loaders/load_laptops.py took 5.267 seconds
[2026-02-13T13:48:47.413+0000] {processor.py:161} INFO - Started process (PID=1265) to work on /opt/airflow/dags/scripts/loaders/load_laptops.py
[2026-02-13T13:48:47.429+0000] {processor.py:830} INFO - Processing file /opt/airflow/dags/scripts/loaders/load_laptops.py for tasks to queue
[2026-02-13T13:48:47.501+0000] {logging_mixin.py:188} INFO - [2026-02-13T13:48:47.487+0000] {dagbag.py:545} INFO - Filling up the DagBag from /opt/airflow/dags/scripts/loaders/load_laptops.py
[2026-02-13T13:48:50.597+0000] {logging_mixin.py:188} INFO - 🚀 Loading LAPTOPS data
[2026-02-13T13:48:59.585+0000] {logging_mixin.py:188} INFO - ✅ Laptops table refreshed successfully
[2026-02-13T13:48:59.588+0000] {processor.py:842} WARNING - No viable dags retrieved from /opt/airflow/dags/scripts/loaders/load_laptops.py
[2026-02-13T13:48:59.743+0000] {processor.py:183} INFO - Processing /opt/airflow/dags/scripts/loaders/load_laptops.py took 12.574 seconds
[2026-02-13T13:49:32.433+0000] {processor.py:161} INFO - Started process (PID=1294) to work on /opt/airflow/dags/scripts/loaders/load_laptops.py
[2026-02-13T13:49:32.443+0000] {processor.py:830} INFO - Processing file /opt/airflow/dags/scripts/loaders/load_laptops.py for tasks to queue
[2026-02-13T13:49:32.447+0000] {logging_mixin.py:188} INFO - [2026-02-13T13:49:32.447+0000] {dagbag.py:545} INFO - Filling up the DagBag from /opt/airflow/dags/scripts/loaders/load_laptops.py
[2026-02-13T13:49:32.838+0000] {logging_mixin.py:188} INFO - 🚀 Loading LAPTOPS data
[2026-02-13T13:49:33.604+0000] {logging_mixin.py:188} INFO - ✅ Laptops table refreshed successfully
[2026-02-13T13:49:33.605+0000] {processor.py:842} WARNING - No viable dags retrieved from /opt/airflow/dags/scripts/loaders/load_laptops.py
[2026-02-13T13:49:33.631+0000] {processor.py:183} INFO - Processing /opt/airflow/dags/scripts/loaders/load_laptops.py took 1.209 seconds
[2026-02-13T13:50:03.845+0000] {processor.py:161} INFO - Started process (PID=1320) to work on /opt/airflow/dags/scripts/loaders/load_laptops.py
[2026-02-13T13:50:03.847+0000] {processor.py:830} INFO - Processing file /opt/airflow/dags/scripts/loaders/load_laptops.py for tasks to queue
[2026-02-13T13:50:03.850+0000] {logging_mixin.py:188} INFO - [2026-02-13T13:50:03.850+0000] {dagbag.py:545} INFO - Filling up the DagBag from /opt/airflow/dags/scripts/loaders/load_laptops.py
[2026-02-13T13:50:04.199+0000] {logging_mixin.py:188} INFO - 🚀 Loading LAPTOPS data
[2026-02-13T13:50:04.665+0000] {logging_mixin.py:188} INFO - ✅ Laptops table refreshed successfully
[2026-02-13T13:50:04.666+0000] {processor.py:842} WARNING - No viable dags retrieved from /opt/airflow/dags/scripts/loaders/load_laptops.py
[2026-02-13T13:50:04.702+0000] {processor.py:183} INFO - Processing /opt/airflow/dags/scripts/loaders/load_laptops.py took 0.867 seconds
[2026-02-13T13:50:35.633+0000] {processor.py:161} INFO - Started process (PID=1352) to work on /opt/airflow/dags/scripts/loaders/load_laptops.py
[2026-02-13T13:50:35.636+0000] {processor.py:830} INFO - Processing file /opt/airflow/dags/scripts/loaders/load_laptops.py for tasks to queue
[2026-02-13T13:50:35.640+0000] {logging_mixin.py:188} INFO - [2026-02-13T13:50:35.639+0000] {dagbag.py:545} INFO - Filling up the DagBag from /opt/airflow/dags/scripts/loaders/load_laptops.py
[2026-02-13T13:50:36.125+0000] {logging_mixin.py:188} INFO - 🚀 Loading LAPTOPS data
[2026-02-13T13:50:36.560+0000] {logging_mixin.py:188} INFO - ✅ Laptops table refreshed successfully
[2026-02-13T13:50:36.561+0000] {processor.py:842} WARNING - No viable dags retrieved from /opt/airflow/dags/scripts/loaders/load_laptops.py
[2026-02-13T13:50:36.588+0000] {processor.py:183} INFO - Processing /opt/airflow/dags/scripts/loaders/load_laptops.py took 0.967 seconds
[2026-02-13T13:51:07.382+0000] {processor.py:161} INFO - Started process (PID=1381) to work on /opt/airflow/dags/scripts/loaders/load_laptops.py
[2026-02-13T13:51:07.385+0000] {processor.py:830} INFO - Processing file /opt/airflow/dags/scripts/loaders/load_laptops.py for tasks to queue
[2026-02-13T13:51:07.388+0000] {logging_mixin.py:188} INFO - [2026-02-13T13:51:07.388+0000] {dagbag.py:545} INFO - Filling up the DagBag from /opt/airflow/dags/scripts/loaders/load_laptops.py
[2026-02-13T13:51:07.760+0000] {logging_mixin.py:188} INFO - 🚀 Loading LAPTOPS data
[2026-02-13T13:51:08.238+0000] {logging_mixin.py:188} INFO - ✅ Laptops table refreshed successfully
[2026-02-13T13:51:08.240+0000] {processor.py:842} WARNING - No viable dags retrieved from /opt/airflow/dags/scripts/loaders/load_laptops.py
[2026-02-13T13:51:08.261+0000] {processor.py:183} INFO - Processing /opt/airflow/dags/scripts/loaders/load_laptops.py took 0.886 seconds
[2026-02-13T13:51:38.999+0000] {processor.py:161} INFO - Started process (PID=1410) to work on /opt/airflow/dags/scripts/loaders/load_laptops.py
[2026-02-13T13:51:39.000+0000] {processor.py:830} INFO - Processing file /opt/airflow/dags/scripts/loaders/load_laptops.py for tasks to queue
[2026-02-13T13:51:39.004+0000] {logging_mixin.py:188} INFO - [2026-02-13T13:51:39.004+0000] {dagbag.py:545} INFO - Filling up the DagBag from /opt/airflow/dags/scripts/loaders/load_laptops.py
[2026-02-13T13:51:39.412+0000] {logging_mixin.py:188} INFO - 🚀 Loading LAPTOPS data
[2026-02-13T13:51:39.909+0000] {logging_mixin.py:188} INFO - ✅ Laptops table refreshed successfully
[2026-02-13T13:51:39.910+0000] {processor.py:842} WARNING - No viable dags retrieved from /opt/airflow/dags/scripts/loaders/load_laptops.py
[2026-02-13T13:51:39.934+0000] {processor.py:183} INFO - Processing /opt/airflow/dags/scripts/loaders/load_laptops.py took 0.942 seconds
[2026-02-13T13:52:10.876+0000] {processor.py:161} INFO - Started process (PID=1439) to work on /opt/airflow/dags/scripts/loaders/load_laptops.py
[2026-02-13T13:52:10.877+0000] {processor.py:830} INFO - Processing file /opt/airflow/dags/scripts/loaders/load_laptops.py for tasks to queue
[2026-02-13T13:52:10.879+0000] {logging_mixin.py:188} INFO - [2026-02-13T13:52:10.879+0000] {dagbag.py:545} INFO - Filling up the DagBag from /opt/airflow/dags/scripts/loaders/load_laptops.py
[2026-02-13T13:52:11.193+0000] {logging_mixin.py:188} INFO - 🚀 Loading LAPTOPS data
[2026-02-13T13:52:11.627+0000] {logging_mixin.py:188} INFO - ✅ Laptops table refreshed successfully
[2026-02-13T13:52:11.629+0000] {processor.py:842} WARNING - No viable dags retrieved from /opt/airflow/dags/scripts/loaders/load_laptops.py
[2026-02-13T13:52:11.658+0000] {processor.py:183} INFO - Processing /opt/airflow/dags/scripts/loaders/load_laptops.py took 0.788 seconds
[2026-02-13T13:52:42.212+0000] {processor.py:161} INFO - Started process (PID=1468) to work on /opt/airflow/dags/scripts/loaders/load_laptops.py
[2026-02-13T13:52:42.215+0000] {processor.py:830} INFO - Processing file /opt/airflow/dags/scripts/loaders/load_laptops.py for tasks to queue
[2026-02-13T13:52:42.218+0000] {logging_mixin.py:188} INFO - [2026-02-13T13:52:42.217+0000] {dagbag.py:545} INFO - Filling up the DagBag from /opt/airflow/dags/scripts/loaders/load_laptops.py
[2026-02-13T13:52:42.530+0000] {logging_mixin.py:188} INFO - 🚀 Loading LAPTOPS data
[2026-02-13T13:52:42.933+0000] {logging_mixin.py:188} INFO - ✅ Laptops table refreshed successfully
[2026-02-13T13:52:42.935+0000] {processor.py:842} WARNING - No viable dags retrieved from /opt/airflow/dags/scripts/loaders/load_laptops.py
[2026-02-13T13:52:42.968+0000] {processor.py:183} INFO - Processing /opt/airflow/dags/scripts/loaders/load_laptops.py took 0.761 seconds
[2026-02-13T13:53:13.276+0000] {processor.py:161} INFO - Started process (PID=1497) to work on /opt/airflow/dags/scripts/loaders/load_laptops.py
[2026-02-13T13:53:13.284+0000] {processor.py:830} INFO - Processing file /opt/airflow/dags/scripts/loaders/load_laptops.py for tasks to queue
[2026-02-13T13:53:13.298+0000] {logging_mixin.py:188} INFO - [2026-02-13T13:53:13.296+0000] {dagbag.py:545} INFO - Filling up the DagBag from /opt/airflow/dags/scripts/loaders/load_laptops.py
[2026-02-13T13:53:13.878+0000] {logging_mixin.py:188} INFO - 🚀 Loading LAPTOPS data
[2026-02-13T13:53:14.407+0000] {logging_mixin.py:188} INFO - ✅ Laptops table refreshed successfully
[2026-02-13T13:53:14.418+0000] {processor.py:842} WARNING - No viable dags retrieved from /opt/airflow/dags/scripts/loaders/load_laptops.py
[2026-02-13T13:53:14.439+0000] {processor.py:183} INFO - Processing /opt/airflow/dags/scripts/loaders/load_laptops.py took 1.201 seconds
[2026-02-13T13:53:45.363+0000] {processor.py:161} INFO - Started process (PID=1526) to work on /opt/airflow/dags/scripts/loaders/load_laptops.py
[2026-02-13T13:53:45.365+0000] {processor.py:830} INFO - Processing file /opt/airflow/dags/scripts/loaders/load_laptops.py for tasks to queue
[2026-02-13T13:53:45.368+0000] {logging_mixin.py:188} INFO - [2026-02-13T13:53:45.368+0000] {dagbag.py:545} INFO - Filling up the DagBag from /opt/airflow/dags/scripts/loaders/load_laptops.py
[2026-02-13T13:53:46.178+0000] {logging_mixin.py:188} INFO - 🚀 Loading LAPTOPS data
[2026-02-13T13:53:47.019+0000] {logging_mixin.py:188} INFO - ✅ Laptops table refreshed successfully
[2026-02-13T13:53:47.021+0000] {processor.py:842} WARNING - No viable dags retrieved from /opt/airflow/dags/scripts/loaders/load_laptops.py
[2026-02-13T13:53:47.073+0000] {processor.py:183} INFO - Processing /opt/airflow/dags/scripts/loaders/load_laptops.py took 1.724 seconds
[2026-02-13T13:54:17.404+0000] {processor.py:161} INFO - Started process (PID=1552) to work on /opt/airflow/dags/scripts/loaders/load_laptops.py
[2026-02-13T13:54:17.408+0000] {processor.py:830} INFO - Processing file /opt/airflow/dags/scripts/loaders/load_laptops.py for tasks to queue
[2026-02-13T13:54:17.413+0000] {logging_mixin.py:188} INFO - [2026-02-13T13:54:17.412+0000] {dagbag.py:545} INFO - Filling up the DagBag from /opt/airflow/dags/scripts/loaders/load_laptops.py
[2026-02-13T13:54:18.070+0000] {logging_mixin.py:188} INFO - 🚀 Loading LAPTOPS data
[2026-02-13T13:54:18.950+0000] {logging_mixin.py:188} INFO - ✅ Laptops table refreshed successfully
[2026-02-13T13:54:18.952+0000] {processor.py:842} WARNING - No viable dags retrieved from /opt/airflow/dags/scripts/loaders/load_laptops.py
[2026-02-13T13:54:18.995+0000] {processor.py:183} INFO - Processing /opt/airflow/dags/scripts/loaders/load_laptops.py took 1.606 seconds
[2026-02-13T13:54:49.607+0000] {processor.py:161} INFO - Started process (PID=1581) to work on /opt/airflow/dags/scripts/loaders/load_laptops.py
[2026-02-13T13:54:49.612+0000] {processor.py:830} INFO - Processing file /opt/airflow/dags/scripts/loaders/load_laptops.py for tasks to queue
[2026-02-13T13:54:49.642+0000] {logging_mixin.py:188} INFO - [2026-02-13T13:54:49.633+0000] {dagbag.py:545} INFO - Filling up the DagBag from /opt/airflow/dags/scripts/loaders/load_laptops.py
[2026-02-13T13:54:51.822+0000] {logging_mixin.py:188} INFO - 🚀 Loading LAPTOPS data
[2026-02-13T13:54:59.279+0000] {logging_mixin.py:188} INFO - ✅ Laptops table refreshed successfully
[2026-02-13T13:54:59.283+0000] {processor.py:842} WARNING - No viable dags retrieved from /opt/airflow/dags/scripts/loaders/load_laptops.py
[2026-02-13T13:54:59.360+0000] {processor.py:183} INFO - Processing /opt/airflow/dags/scripts/loaders/load_laptops.py took 9.837 seconds
[2026-02-13T13:55:30.816+0000] {processor.py:161} INFO - Started process (PID=1613) to work on /opt/airflow/dags/scripts/loaders/load_laptops.py
[2026-02-13T13:55:30.822+0000] {processor.py:830} INFO - Processing file /opt/airflow/dags/scripts/loaders/load_laptops.py for tasks to queue
[2026-02-13T13:55:30.836+0000] {logging_mixin.py:188} INFO - [2026-02-13T13:55:30.833+0000] {dagbag.py:545} INFO - Filling up the DagBag from /opt/airflow/dags/scripts/loaders/load_laptops.py
[2026-02-13T13:55:32.445+0000] {logging_mixin.py:188} INFO - 🚀 Loading LAPTOPS data
[2026-02-13T13:55:39.915+0000] {logging_mixin.py:188} INFO - ✅ Laptops table refreshed successfully
[2026-02-13T13:55:39.918+0000] {processor.py:842} WARNING - No viable dags retrieved from /opt/airflow/dags/scripts/loaders/load_laptops.py
[2026-02-13T13:55:39.976+0000] {processor.py:183} INFO - Processing /opt/airflow/dags/scripts/loaders/load_laptops.py took 7.328 seconds
[2026-02-13T13:56:10.566+0000] {processor.py:161} INFO - Started process (PID=1642) to work on /opt/airflow/dags/scripts/loaders/load_laptops.py
[2026-02-13T13:56:10.579+0000] {processor.py:830} INFO - Processing file /opt/airflow/dags/scripts/loaders/load_laptops.py for tasks to queue
[2026-02-13T13:56:10.582+0000] {logging_mixin.py:188} INFO - [2026-02-13T13:56:10.581+0000] {dagbag.py:545} INFO - Filling up the DagBag from /opt/airflow/dags/scripts/loaders/load_laptops.py
[2026-02-13T13:56:11.070+0000] {logging_mixin.py:188} INFO - 🚀 Loading LAPTOPS data
[2026-02-13T13:56:11.625+0000] {logging_mixin.py:188} INFO - ✅ Laptops table refreshed successfully
[2026-02-13T13:56:11.627+0000] {processor.py:842} WARNING - No viable dags retrieved from /opt/airflow/dags/scripts/loaders/load_laptops.py
[2026-02-13T13:56:11.657+0000] {processor.py:183} INFO - Processing /opt/airflow/dags/scripts/loaders/load_laptops.py took 1.101 seconds
[2026-02-13T13:56:44.189+0000] {processor.py:161} INFO - Started process (PID=1671) to work on /opt/airflow/dags/scripts/loaders/load_laptops.py
[2026-02-13T13:56:44.191+0000] {processor.py:830} INFO - Processing file /opt/airflow/dags/scripts/loaders/load_laptops.py for tasks to queue
[2026-02-13T13:56:44.194+0000] {logging_mixin.py:188} INFO - [2026-02-13T13:56:44.193+0000] {dagbag.py:545} INFO - Filling up the DagBag from /opt/airflow/dags/scripts/loaders/load_laptops.py
[2026-02-13T13:56:44.676+0000] {logging_mixin.py:188} INFO - 🚀 Loading LAPTOPS data
[2026-02-13T13:56:45.192+0000] {logging_mixin.py:188} INFO - ✅ Laptops table refreshed successfully
[2026-02-13T13:56:45.195+0000] {processor.py:842} WARNING - No viable dags retrieved from /opt/airflow/dags/scripts/loaders/load_laptops.py
[2026-02-13T13:56:45.224+0000] {processor.py:183} INFO - Processing /opt/airflow/dags/scripts/loaders/load_laptops.py took 1.043 seconds
[2026-02-13T13:57:15.634+0000] {processor.py:161} INFO - Started process (PID=1700) to work on /opt/airflow/dags/scripts/loaders/load_laptops.py
[2026-02-13T13:57:15.636+0000] {processor.py:830} INFO - Processing file /opt/airflow/dags/scripts/loaders/load_laptops.py for tasks to queue
[2026-02-13T13:57:15.639+0000] {logging_mixin.py:188} INFO - [2026-02-13T13:57:15.638+0000] {dagbag.py:545} INFO - Filling up the DagBag from /opt/airflow/dags/scripts/loaders/load_laptops.py
[2026-02-13T13:57:15.987+0000] {logging_mixin.py:188} INFO - 🚀 Loading LAPTOPS data
[2026-02-13T13:57:16.595+0000] {logging_mixin.py:188} INFO - ✅ Laptops table refreshed successfully
[2026-02-13T13:57:16.597+0000] {processor.py:842} WARNING - No viable dags retrieved from /opt/airflow/dags/scripts/loaders/load_laptops.py
[2026-02-13T13:57:16.634+0000] {processor.py:183} INFO - Processing /opt/airflow/dags/scripts/loaders/load_laptops.py took 1.006 seconds
[2026-02-13T13:57:46.794+0000] {processor.py:161} INFO - Started process (PID=1726) to work on /opt/airflow/dags/scripts/loaders/load_laptops.py
[2026-02-13T13:57:46.796+0000] {processor.py:830} INFO - Processing file /opt/airflow/dags/scripts/loaders/load_laptops.py for tasks to queue
[2026-02-13T13:57:46.799+0000] {logging_mixin.py:188} INFO - [2026-02-13T13:57:46.798+0000] {dagbag.py:545} INFO - Filling up the DagBag from /opt/airflow/dags/scripts/loaders/load_laptops.py
[2026-02-13T13:57:47.193+0000] {logging_mixin.py:188} INFO - 🚀 Loading LAPTOPS data
[2026-02-13T13:57:47.623+0000] {logging_mixin.py:188} INFO - ✅ Laptops table refreshed successfully
[2026-02-13T13:57:47.626+0000] {processor.py:842} WARNING - No viable dags retrieved from /opt/airflow/dags/scripts/loaders/load_laptops.py
[2026-02-13T13:57:47.652+0000] {processor.py:183} INFO - Processing /opt/airflow/dags/scripts/loaders/load_laptops.py took 0.865 seconds
[2026-02-13T13:58:18.360+0000] {processor.py:161} INFO - Started process (PID=1755) to work on /opt/airflow/dags/scripts/loaders/load_laptops.py
[2026-02-13T13:58:18.362+0000] {processor.py:830} INFO - Processing file /opt/airflow/dags/scripts/loaders/load_laptops.py for tasks to queue
[2026-02-13T13:58:18.366+0000] {logging_mixin.py:188} INFO - [2026-02-13T13:58:18.365+0000] {dagbag.py:545} INFO - Filling up the DagBag from /opt/airflow/dags/scripts/loaders/load_laptops.py
[2026-02-13T13:58:18.730+0000] {logging_mixin.py:188} INFO - 🚀 Loading LAPTOPS data
[2026-02-13T13:58:19.096+0000] {logging_mixin.py:188} INFO - ✅ Laptops table refreshed successfully
[2026-02-13T13:58:19.097+0000] {processor.py:842} WARNING - No viable dags retrieved from /opt/airflow/dags/scripts/loaders/load_laptops.py
[2026-02-13T13:58:19.117+0000] {processor.py:183} INFO - Processing /opt/airflow/dags/scripts/loaders/load_laptops.py took 0.764 seconds
[2026-02-13T13:58:50.166+0000] {processor.py:161} INFO - Started process (PID=1792) to work on /opt/airflow/dags/scripts/loaders/load_laptops.py
[2026-02-13T13:58:50.168+0000] {processor.py:830} INFO - Processing file /opt/airflow/dags/scripts/loaders/load_laptops.py for tasks to queue
[2026-02-13T13:58:50.172+0000] {logging_mixin.py:188} INFO - [2026-02-13T13:58:50.171+0000] {dagbag.py:545} INFO - Filling up the DagBag from /opt/airflow/dags/scripts/loaders/load_laptops.py
[2026-02-13T13:58:50.636+0000] {logging_mixin.py:188} INFO - 🚀 Loading LAPTOPS data
[2026-02-13T13:58:51.289+0000] {logging_mixin.py:188} INFO - ✅ Laptops table refreshed successfully
[2026-02-13T13:58:51.292+0000] {processor.py:842} WARNING - No viable dags retrieved from /opt/airflow/dags/scripts/loaders/load_laptops.py
[2026-02-13T13:58:51.347+0000] {processor.py:183} INFO - Processing /opt/airflow/dags/scripts/loaders/load_laptops.py took 1.192 seconds
[2026-02-13T13:59:21.864+0000] {processor.py:161} INFO - Started process (PID=1824) to work on /opt/airflow/dags/scripts/loaders/load_laptops.py
[2026-02-13T13:59:21.868+0000] {processor.py:830} INFO - Processing file /opt/airflow/dags/scripts/loaders/load_laptops.py for tasks to queue
[2026-02-13T13:59:21.873+0000] {logging_mixin.py:188} INFO - [2026-02-13T13:59:21.872+0000] {dagbag.py:545} INFO - Filling up the DagBag from /opt/airflow/dags/scripts/loaders/load_laptops.py
[2026-02-13T13:59:22.219+0000] {logging_mixin.py:188} INFO - 🚀 Loading LAPTOPS data
[2026-02-13T13:59:22.587+0000] {logging_mixin.py:188} INFO - ✅ Laptops table refreshed successfully
[2026-02-13T13:59:22.589+0000] {processor.py:842} WARNING - No viable dags retrieved from /opt/airflow/dags/scripts/loaders/load_laptops.py
[2026-02-13T13:59:22.609+0000] {processor.py:183} INFO - Processing /opt/airflow/dags/scripts/loaders/load_laptops.py took 0.758 seconds
[2026-02-13T13:59:53.100+0000] {processor.py:161} INFO - Started process (PID=1853) to work on /opt/airflow/dags/scripts/loaders/load_laptops.py
[2026-02-13T13:59:53.102+0000] {processor.py:830} INFO - Processing file /opt/airflow/dags/scripts/loaders/load_laptops.py for tasks to queue
[2026-02-13T13:59:53.107+0000] {logging_mixin.py:188} INFO - [2026-02-13T13:59:53.107+0000] {dagbag.py:545} INFO - Filling up the DagBag from /opt/airflow/dags/scripts/loaders/load_laptops.py
[2026-02-13T13:59:53.476+0000] {logging_mixin.py:188} INFO - 🚀 Loading LAPTOPS data
[2026-02-13T13:59:54.031+0000] {logging_mixin.py:188} INFO - ✅ Laptops table refreshed successfully
[2026-02-13T13:59:54.032+0000] {processor.py:842} WARNING - No viable dags retrieved from /opt/airflow/dags/scripts/loaders/load_laptops.py
[2026-02-13T13:59:54.052+0000] {processor.py:183} INFO - Processing /opt/airflow/dags/scripts/loaders/load_laptops.py took 0.964 seconds
[2026-02-13T14:00:24.231+0000] {processor.py:161} INFO - Started process (PID=1880) to work on /opt/airflow/dags/scripts/loaders/load_laptops.py
[2026-02-13T14:00:24.233+0000] {processor.py:830} INFO - Processing file /opt/airflow/dags/scripts/loaders/load_laptops.py for tasks to queue
[2026-02-13T14:00:24.236+0000] {logging_mixin.py:188} INFO - [2026-02-13T14:00:24.236+0000] {dagbag.py:545} INFO - Filling up the DagBag from /opt/airflow/dags/scripts/loaders/load_laptops.py
[2026-02-13T14:00:24.739+0000] {logging_mixin.py:188} INFO - 🚀 Loading LAPTOPS data
[2026-02-13T14:00:25.264+0000] {logging_mixin.py:188} INFO - ✅ Laptops table refreshed successfully
[2026-02-13T14:00:25.268+0000] {processor.py:842} WARNING - No viable dags retrieved from /opt/airflow/dags/scripts/loaders/load_laptops.py
[2026-02-13T14:00:25.312+0000] {processor.py:183} INFO - Processing /opt/airflow/dags/scripts/loaders/load_laptops.py took 1.090 seconds
[2026-02-13T14:00:56.112+0000] {processor.py:161} INFO - Started process (PID=1903) to work on /opt/airflow/dags/scripts/loaders/load_laptops.py
[2026-02-13T14:00:56.114+0000] {processor.py:830} INFO - Processing file /opt/airflow/dags/scripts/loaders/load_laptops.py for tasks to queue
[2026-02-13T14:00:56.116+0000] {logging_mixin.py:188} INFO - [2026-02-13T14:00:56.116+0000] {dagbag.py:545} INFO - Filling up the DagBag from /opt/airflow/dags/scripts/loaders/load_laptops.py
[2026-02-13T14:00:56.597+0000] {logging_mixin.py:188} INFO - 🚀 Loading LAPTOPS data
[2026-02-13T14:00:57.178+0000] {logging_mixin.py:188} INFO - ✅ Laptops table refreshed successfully
[2026-02-13T14:00:57.179+0000] {processor.py:842} WARNING - No viable dags retrieved from /opt/airflow/dags/scripts/loaders/load_laptops.py
[2026-02-13T14:00:57.197+0000] {processor.py:183} INFO - Processing /opt/airflow/dags/scripts/loaders/load_laptops.py took 1.095 seconds
[2026-02-13T14:01:38.808+0000] {processor.py:161} INFO - Started process (PID=1941) to work on /opt/airflow/dags/scripts/loaders/load_laptops.py
[2026-02-13T14:01:38.810+0000] {processor.py:830} INFO - Processing file /opt/airflow/dags/scripts/loaders/load_laptops.py for tasks to queue
[2026-02-13T14:01:38.813+0000] {logging_mixin.py:188} INFO - [2026-02-13T14:01:38.812+0000] {dagbag.py:545} INFO - Filling up the DagBag from /opt/airflow/dags/scripts/loaders/load_laptops.py
[2026-02-13T14:01:39.253+0000] {logging_mixin.py:188} INFO - 🚀 Loading LAPTOPS data
[2026-02-13T14:01:39.740+0000] {logging_mixin.py:188} INFO - ✅ Laptops table refreshed successfully
[2026-02-13T14:01:39.741+0000] {processor.py:842} WARNING - No viable dags retrieved from /opt/airflow/dags/scripts/loaders/load_laptops.py
[2026-02-13T14:01:39.765+0000] {processor.py:183} INFO - Processing /opt/airflow/dags/scripts/loaders/load_laptops.py took 0.964 seconds
[2026-02-13T14:02:10.057+0000] {processor.py:161} INFO - Started process (PID=1975) to work on /opt/airflow/dags/scripts/loaders/load_laptops.py
[2026-02-13T14:02:10.059+0000] {processor.py:830} INFO - Processing file /opt/airflow/dags/scripts/loaders/load_laptops.py for tasks to queue
[2026-02-13T14:02:10.061+0000] {logging_mixin.py:188} INFO - [2026-02-13T14:02:10.061+0000] {dagbag.py:545} INFO - Filling up the DagBag from /opt/airflow/dags/scripts/loaders/load_laptops.py
[2026-02-13T14:02:10.387+0000] {logging_mixin.py:188} INFO - 🚀 Loading LAPTOPS data
[2026-02-13T14:02:10.721+0000] {logging_mixin.py:188} INFO - ✅ Laptops table refreshed successfully
[2026-02-13T14:02:10.722+0000] {processor.py:842} WARNING - No viable dags retrieved from /opt/airflow/dags/scripts/loaders/load_laptops.py
[2026-02-13T14:02:10.738+0000] {processor.py:183} INFO - Processing /opt/airflow/dags/scripts/loaders/load_laptops.py took 0.692 seconds
[2026-02-13T14:02:41.577+0000] {processor.py:161} INFO - Started process (PID=2004) to work on /opt/airflow/dags/scripts/loaders/load_laptops.py
[2026-02-13T14:02:41.578+0000] {processor.py:830} INFO - Processing file /opt/airflow/dags/scripts/loaders/load_laptops.py for tasks to queue
[2026-02-13T14:02:41.581+0000] {logging_mixin.py:188} INFO - [2026-02-13T14:02:41.580+0000] {dagbag.py:545} INFO - Filling up the DagBag from /opt/airflow/dags/scripts/loaders/load_laptops.py
[2026-02-13T14:02:41.917+0000] {logging_mixin.py:188} INFO - 🚀 Loading LAPTOPS data
[2026-02-13T14:02:42.350+0000] {logging_mixin.py:188} INFO - ✅ Laptops table refreshed successfully
[2026-02-13T14:02:42.351+0000] {processor.py:842} WARNING - No viable dags retrieved from /opt/airflow/dags/scripts/loaders/load_laptops.py
[2026-02-13T14:02:42.371+0000] {processor.py:183} INFO - Processing /opt/airflow/dags/scripts/loaders/load_laptops.py took 0.800 seconds
[2026-02-13T14:03:13.159+0000] {processor.py:161} INFO - Started process (PID=2036) to work on /opt/airflow/dags/scripts/loaders/load_laptops.py
[2026-02-13T14:03:13.161+0000] {processor.py:830} INFO - Processing file /opt/airflow/dags/scripts/loaders/load_laptops.py for tasks to queue
[2026-02-13T14:03:13.164+0000] {logging_mixin.py:188} INFO - [2026-02-13T14:03:13.163+0000] {dagbag.py:545} INFO - Filling up the DagBag from /opt/airflow/dags/scripts/loaders/load_laptops.py
[2026-02-13T14:03:13.562+0000] {logging_mixin.py:188} INFO - 🚀 Loading LAPTOPS data
[2026-02-13T14:03:14.013+0000] {logging_mixin.py:188} INFO - ✅ Laptops table refreshed successfully
[2026-02-13T14:03:14.015+0000] {processor.py:842} WARNING - No viable dags retrieved from /opt/airflow/dags/scripts/loaders/load_laptops.py
[2026-02-13T14:03:14.037+0000] {processor.py:183} INFO - Processing /opt/airflow/dags/scripts/loaders/load_laptops.py took 0.884 seconds
[2026-02-13T14:03:44.213+0000] {processor.py:161} INFO - Started process (PID=2062) to work on /opt/airflow/dags/scripts/loaders/load_laptops.py
[2026-02-13T14:03:44.216+0000] {processor.py:830} INFO - Processing file /opt/airflow/dags/scripts/loaders/load_laptops.py for tasks to queue
[2026-02-13T14:03:44.220+0000] {logging_mixin.py:188} INFO - [2026-02-13T14:03:44.220+0000] {dagbag.py:545} INFO - Filling up the DagBag from /opt/airflow/dags/scripts/loaders/load_laptops.py
[2026-02-13T14:03:44.631+0000] {logging_mixin.py:188} INFO - 🚀 Loading LAPTOPS data
[2026-02-13T14:03:45.023+0000] {logging_mixin.py:188} INFO - ✅ Laptops table refreshed successfully
[2026-02-13T14:03:45.024+0000] {processor.py:842} WARNING - No viable dags retrieved from /opt/airflow/dags/scripts/loaders/load_laptops.py
[2026-02-13T14:03:45.045+0000] {processor.py:183} INFO - Processing /opt/airflow/dags/scripts/loaders/load_laptops.py took 0.843 seconds
[2026-02-13T14:04:15.379+0000] {processor.py:161} INFO - Started process (PID=2091) to work on /opt/airflow/dags/scripts/loaders/load_laptops.py
[2026-02-13T14:04:15.382+0000] {processor.py:830} INFO - Processing file /opt/airflow/dags/scripts/loaders/load_laptops.py for tasks to queue
[2026-02-13T14:04:15.385+0000] {logging_mixin.py:188} INFO - [2026-02-13T14:04:15.385+0000] {dagbag.py:545} INFO - Filling up the DagBag from /opt/airflow/dags/scripts/loaders/load_laptops.py
[2026-02-13T14:04:15.881+0000] {logging_mixin.py:188} INFO - 🚀 Loading LAPTOPS data
[2026-02-13T14:04:16.354+0000] {logging_mixin.py:188} INFO - ✅ Laptops table refreshed successfully
[2026-02-13T14:04:16.355+0000] {processor.py:842} WARNING - No viable dags retrieved from /opt/airflow/dags/scripts/loaders/load_laptops.py
[2026-02-13T14:04:16.380+0000] {processor.py:183} INFO - Processing /opt/airflow/dags/scripts/loaders/load_laptops.py took 1.013 seconds
[2026-02-13T14:04:47.130+0000] {processor.py:161} INFO - Started process (PID=2120) to work on /opt/airflow/dags/scripts/loaders/load_laptops.py
[2026-02-13T14:04:47.132+0000] {processor.py:830} INFO - Processing file /opt/airflow/dags/scripts/loaders/load_laptops.py for tasks to queue
[2026-02-13T14:04:47.135+0000] {logging_mixin.py:188} INFO - [2026-02-13T14:04:47.135+0000] {dagbag.py:545} INFO - Filling up the DagBag from /opt/airflow/dags/scripts/loaders/load_laptops.py
[2026-02-13T14:04:47.455+0000] {logging_mixin.py:188} INFO - 🚀 Loading LAPTOPS data
[2026-02-13T14:04:47.766+0000] {logging_mixin.py:188} INFO - ✅ Laptops table refreshed successfully
[2026-02-13T14:04:47.767+0000] {processor.py:842} WARNING - No viable dags retrieved from /opt/airflow/dags/scripts/loaders/load_laptops.py
[2026-02-13T14:04:47.782+0000] {processor.py:183} INFO - Processing /opt/airflow/dags/scripts/loaders/load_laptops.py took 0.664 seconds
[2026-02-13T14:05:18.194+0000] {processor.py:161} INFO - Started process (PID=2149) to work on /opt/airflow/dags/scripts/loaders/load_laptops.py
[2026-02-13T14:05:18.196+0000] {processor.py:830} INFO - Processing file /opt/airflow/dags/scripts/loaders/load_laptops.py for tasks to queue
[2026-02-13T14:05:18.199+0000] {logging_mixin.py:188} INFO - [2026-02-13T14:05:18.199+0000] {dagbag.py:545} INFO - Filling up the DagBag from /opt/airflow/dags/scripts/loaders/load_laptops.py
[2026-02-13T14:05:18.572+0000] {logging_mixin.py:188} INFO - 🚀 Loading LAPTOPS data
[2026-02-13T14:05:18.906+0000] {logging_mixin.py:188} INFO - ✅ Laptops table refreshed successfully
[2026-02-13T14:05:18.908+0000] {processor.py:842} WARNING - No viable dags retrieved from /opt/airflow/dags/scripts/loaders/load_laptops.py
[2026-02-13T14:05:18.925+0000] {processor.py:183} INFO - Processing /opt/airflow/dags/scripts/loaders/load_laptops.py took 0.739 seconds
[2026-02-13T14:05:49.227+0000] {processor.py:161} INFO - Started process (PID=2178) to work on /opt/airflow/dags/scripts/loaders/load_laptops.py
[2026-02-13T14:05:49.229+0000] {processor.py:830} INFO - Processing file /opt/airflow/dags/scripts/loaders/load_laptops.py for tasks to queue
[2026-02-13T14:05:49.234+0000] {logging_mixin.py:188} INFO - [2026-02-13T14:05:49.232+0000] {dagbag.py:545} INFO - Filling up the DagBag from /opt/airflow/dags/scripts/loaders/load_laptops.py
[2026-02-13T14:05:49.573+0000] {logging_mixin.py:188} INFO - 🚀 Loading LAPTOPS data
[2026-02-13T14:05:49.935+0000] {logging_mixin.py:188} INFO - ✅ Laptops table refreshed successfully
[2026-02-13T14:05:49.936+0000] {processor.py:842} WARNING - No viable dags retrieved from /opt/airflow/dags/scripts/loaders/load_laptops.py
[2026-02-13T14:05:49.954+0000] {processor.py:183} INFO - Processing /opt/airflow/dags/scripts/loaders/load_laptops.py took 0.733 seconds
[2026-02-13T14:06:20.511+0000] {processor.py:161} INFO - Started process (PID=2207) to work on /opt/airflow/dags/scripts/loaders/load_laptops.py
[2026-02-13T14:06:20.514+0000] {processor.py:830} INFO - Processing file /opt/airflow/dags/scripts/loaders/load_laptops.py for tasks to queue
[2026-02-13T14:06:20.517+0000] {logging_mixin.py:188} INFO - [2026-02-13T14:06:20.516+0000] {dagbag.py:545} INFO - Filling up the DagBag from /opt/airflow/dags/scripts/loaders/load_laptops.py
[2026-02-13T14:06:20.918+0000] {logging_mixin.py:188} INFO - 🚀 Loading LAPTOPS data
[2026-02-13T14:06:21.377+0000] {logging_mixin.py:188} INFO - ✅ Laptops table refreshed successfully
[2026-02-13T14:06:21.378+0000] {processor.py:842} WARNING - No viable dags retrieved from /opt/airflow/dags/scripts/loaders/load_laptops.py
[2026-02-13T14:06:21.408+0000] {processor.py:183} INFO - Processing /opt/airflow/dags/scripts/loaders/load_laptops.py took 0.906 seconds
[2026-02-13T14:06:51.873+0000] {processor.py:161} INFO - Started process (PID=2234) to work on /opt/airflow/dags/scripts/loaders/load_laptops.py
[2026-02-13T14:06:51.877+0000] {processor.py:830} INFO - Processing file /opt/airflow/dags/scripts/loaders/load_laptops.py for tasks to queue
[2026-02-13T14:06:51.884+0000] {logging_mixin.py:188} INFO - [2026-02-13T14:06:51.882+0000] {dagbag.py:545} INFO - Filling up the DagBag from /opt/airflow/dags/scripts/loaders/load_laptops.py
[2026-02-13T14:06:52.329+0000] {logging_mixin.py:188} INFO - 🚀 Loading LAPTOPS data
[2026-02-13T14:06:52.779+0000] {logging_mixin.py:188} INFO - ✅ Laptops table refreshed successfully
[2026-02-13T14:06:52.780+0000] {processor.py:842} WARNING - No viable dags retrieved from /opt/airflow/dags/scripts/loaders/load_laptops.py
[2026-02-13T14:06:52.802+0000] {processor.py:183} INFO - Processing /opt/airflow/dags/scripts/loaders/load_laptops.py took 0.940 seconds
[2026-02-13T14:07:23.481+0000] {processor.py:161} INFO - Started process (PID=2265) to work on /opt/airflow/dags/scripts/loaders/load_laptops.py
[2026-02-13T14:07:23.483+0000] {processor.py:830} INFO - Processing file /opt/airflow/dags/scripts/loaders/load_laptops.py for tasks to queue
[2026-02-13T14:07:23.489+0000] {logging_mixin.py:188} INFO - [2026-02-13T14:07:23.488+0000] {dagbag.py:545} INFO - Filling up the DagBag from /opt/airflow/dags/scripts/loaders/load_laptops.py
[2026-02-13T14:07:23.975+0000] {logging_mixin.py:188} INFO - 🚀 Loading LAPTOPS data
[2026-02-13T14:07:24.415+0000] {logging_mixin.py:188} INFO - ✅ Laptops table refreshed successfully
[2026-02-13T14:07:24.416+0000] {processor.py:842} WARNING - No viable dags retrieved from /opt/airflow/dags/scripts/loaders/load_laptops.py
[2026-02-13T14:07:24.454+0000] {processor.py:183} INFO - Processing /opt/airflow/dags/scripts/loaders/load_laptops.py took 0.982 seconds
[2026-02-13T14:07:55.396+0000] {processor.py:161} INFO - Started process (PID=2294) to work on /opt/airflow/dags/scripts/loaders/load_laptops.py
[2026-02-13T14:07:55.399+0000] {processor.py:830} INFO - Processing file /opt/airflow/dags/scripts/loaders/load_laptops.py for tasks to queue
[2026-02-13T14:07:55.403+0000] {logging_mixin.py:188} INFO - [2026-02-13T14:07:55.402+0000] {dagbag.py:545} INFO - Filling up the DagBag from /opt/airflow/dags/scripts/loaders/load_laptops.py
[2026-02-13T14:07:55.869+0000] {logging_mixin.py:188} INFO - 🚀 Loading LAPTOPS data
[2026-02-13T14:07:56.448+0000] {logging_mixin.py:188} INFO - ✅ Laptops table refreshed successfully
[2026-02-13T14:07:56.457+0000] {processor.py:842} WARNING - No viable dags retrieved from /opt/airflow/dags/scripts/loaders/load_laptops.py
[2026-02-13T14:07:56.488+0000] {processor.py:183} INFO - Processing /opt/airflow/dags/scripts/loaders/load_laptops.py took 1.103 seconds
[2026-02-13T14:08:27.213+0000] {processor.py:161} INFO - Started process (PID=2323) to work on /opt/airflow/dags/scripts/loaders/load_laptops.py
[2026-02-13T14:08:27.215+0000] {processor.py:830} INFO - Processing file /opt/airflow/dags/scripts/loaders/load_laptops.py for tasks to queue
[2026-02-13T14:08:27.217+0000] {logging_mixin.py:188} INFO - [2026-02-13T14:08:27.217+0000] {dagbag.py:545} INFO - Filling up the DagBag from /opt/airflow/dags/scripts/loaders/load_laptops.py
[2026-02-13T14:08:27.615+0000] {logging_mixin.py:188} INFO - 🚀 Loading LAPTOPS data
[2026-02-13T14:08:27.998+0000] {logging_mixin.py:188} INFO - ✅ Laptops table refreshed successfully
[2026-02-13T14:08:27.999+0000] {processor.py:842} WARNING - No viable dags retrieved from /opt/airflow/dags/scripts/loaders/load_laptops.py
[2026-02-13T14:08:28.012+0000] {processor.py:183} INFO - Processing /opt/airflow/dags/scripts/loaders/load_laptops.py took 0.807 seconds
[2026-02-13T14:08:58.208+0000] {processor.py:161} INFO - Started process (PID=2352) to work on /opt/airflow/dags/scripts/loaders/load_laptops.py
[2026-02-13T14:08:58.210+0000] {processor.py:830} INFO - Processing file /opt/airflow/dags/scripts/loaders/load_laptops.py for tasks to queue
[2026-02-13T14:08:58.213+0000] {logging_mixin.py:188} INFO - [2026-02-13T14:08:58.212+0000] {dagbag.py:545} INFO - Filling up the DagBag from /opt/airflow/dags/scripts/loaders/load_laptops.py
[2026-02-13T14:08:58.630+0000] {logging_mixin.py:188} INFO - 🚀 Loading LAPTOPS data
[2026-02-13T14:08:59.084+0000] {logging_mixin.py:188} INFO - ✅ Laptops table refreshed successfully
[2026-02-13T14:08:59.085+0000] {processor.py:842} WARNING - No viable dags retrieved from /opt/airflow/dags/scripts/loaders/load_laptops.py
[2026-02-13T14:08:59.102+0000] {processor.py:183} INFO - Processing /opt/airflow/dags/scripts/loaders/load_laptops.py took 0.902 seconds
[2026-02-13T14:09:29.522+0000] {processor.py:161} INFO - Started process (PID=2381) to work on /opt/airflow/dags/scripts/loaders/load_laptops.py
[2026-02-13T14:09:29.524+0000] {processor.py:830} INFO - Processing file /opt/airflow/dags/scripts/loaders/load_laptops.py for tasks to queue
[2026-02-13T14:09:29.528+0000] {logging_mixin.py:188} INFO - [2026-02-13T14:09:29.528+0000] {dagbag.py:545} INFO - Filling up the DagBag from /opt/airflow/dags/scripts/loaders/load_laptops.py
[2026-02-13T14:09:29.994+0000] {logging_mixin.py:188} INFO - 🚀 Loading LAPTOPS data
[2026-02-13T14:09:30.453+0000] {logging_mixin.py:188} INFO - ✅ Laptops table refreshed successfully
[2026-02-13T14:09:30.455+0000] {processor.py:842} WARNING - No viable dags retrieved from /opt/airflow/dags/scripts/loaders/load_laptops.py
[2026-02-13T14:09:30.482+0000] {processor.py:183} INFO - Processing /opt/airflow/dags/scripts/loaders/load_laptops.py took 0.969 seconds
[2026-02-13T14:10:00.794+0000] {processor.py:161} INFO - Started process (PID=2410) to work on /opt/airflow/dags/scripts/loaders/load_laptops.py
[2026-02-13T14:10:00.796+0000] {processor.py:830} INFO - Processing file /opt/airflow/dags/scripts/loaders/load_laptops.py for tasks to queue
[2026-02-13T14:10:00.801+0000] {logging_mixin.py:188} INFO - [2026-02-13T14:10:00.800+0000] {dagbag.py:545} INFO - Filling up the DagBag from /opt/airflow/dags/scripts/loaders/load_laptops.py
[2026-02-13T14:10:01.247+0000] {logging_mixin.py:188} INFO - 🚀 Loading LAPTOPS data
[2026-02-13T14:10:01.693+0000] {logging_mixin.py:188} INFO - ✅ Laptops table refreshed successfully
[2026-02-13T14:10:01.694+0000] {processor.py:842} WARNING - No viable dags retrieved from /opt/airflow/dags/scripts/loaders/load_laptops.py
[2026-02-13T14:10:01.711+0000] {processor.py:183} INFO - Processing /opt/airflow/dags/scripts/loaders/load_laptops.py took 0.929 seconds
[2026-02-13T14:10:31.908+0000] {processor.py:161} INFO - Started process (PID=2439) to work on /opt/airflow/dags/scripts/loaders/load_laptops.py
[2026-02-13T14:10:31.911+0000] {processor.py:830} INFO - Processing file /opt/airflow/dags/scripts/loaders/load_laptops.py for tasks to queue
[2026-02-13T14:10:31.913+0000] {logging_mixin.py:188} INFO - [2026-02-13T14:10:31.913+0000] {dagbag.py:545} INFO - Filling up the DagBag from /opt/airflow/dags/scripts/loaders/load_laptops.py
[2026-02-13T14:10:32.331+0000] {logging_mixin.py:188} INFO - 🚀 Loading LAPTOPS data
[2026-02-13T14:10:32.801+0000] {logging_mixin.py:188} INFO - ✅ Laptops table refreshed successfully
[2026-02-13T14:10:32.802+0000] {processor.py:842} WARNING - No viable dags retrieved from /opt/airflow/dags/scripts/loaders/load_laptops.py
[2026-02-13T14:10:32.823+0000] {processor.py:183} INFO - Processing /opt/airflow/dags/scripts/loaders/load_laptops.py took 0.924 seconds
[2026-02-13T14:11:03.059+0000] {processor.py:161} INFO - Started process (PID=2468) to work on /opt/airflow/dags/scripts/loaders/load_laptops.py
[2026-02-13T14:11:03.063+0000] {processor.py:830} INFO - Processing file /opt/airflow/dags/scripts/loaders/load_laptops.py for tasks to queue
[2026-02-13T14:11:03.068+0000] {logging_mixin.py:188} INFO - [2026-02-13T14:11:03.067+0000] {dagbag.py:545} INFO - Filling up the DagBag from /opt/airflow/dags/scripts/loaders/load_laptops.py
[2026-02-13T14:11:03.739+0000] {logging_mixin.py:188} INFO - 🚀 Loading LAPTOPS data
[2026-02-13T14:11:05.435+0000] {logging_mixin.py:188} INFO - ✅ Laptops table refreshed successfully
[2026-02-13T14:11:05.440+0000] {processor.py:842} WARNING - No viable dags retrieved from /opt/airflow/dags/scripts/loaders/load_laptops.py
[2026-02-13T14:11:05.553+0000] {processor.py:183} INFO - Processing /opt/airflow/dags/scripts/loaders/load_laptops.py took 2.506 seconds
[2026-02-13T14:11:36.521+0000] {processor.py:161} INFO - Started process (PID=2497) to work on /opt/airflow/dags/scripts/loaders/load_laptops.py
[2026-02-13T14:11:36.549+0000] {processor.py:830} INFO - Processing file /opt/airflow/dags/scripts/loaders/load_laptops.py for tasks to queue
[2026-02-13T14:11:36.556+0000] {logging_mixin.py:188} INFO - [2026-02-13T14:11:36.555+0000] {dagbag.py:545} INFO - Filling up the DagBag from /opt/airflow/dags/scripts/loaders/load_laptops.py
[2026-02-13T14:11:37.397+0000] {logging_mixin.py:188} INFO - 🚀 Loading LAPTOPS data
[2026-02-13T14:11:39.022+0000] {logging_mixin.py:188} INFO - ✅ Laptops table refreshed successfully
[2026-02-13T14:11:39.026+0000] {processor.py:842} WARNING - No viable dags retrieved from /opt/airflow/dags/scripts/loaders/load_laptops.py
[2026-02-13T14:11:39.082+0000] {processor.py:183} INFO - Processing /opt/airflow/dags/scripts/loaders/load_laptops.py took 2.575 seconds
[2026-02-13T14:12:10.061+0000] {processor.py:161} INFO - Started process (PID=2526) to work on /opt/airflow/dags/scripts/loaders/load_laptops.py
[2026-02-13T14:12:10.066+0000] {processor.py:830} INFO - Processing file /opt/airflow/dags/scripts/loaders/load_laptops.py for tasks to queue
[2026-02-13T14:12:10.073+0000] {logging_mixin.py:188} INFO - [2026-02-13T14:12:10.071+0000] {dagbag.py:545} INFO - Filling up the DagBag from /opt/airflow/dags/scripts/loaders/load_laptops.py
[2026-02-13T14:12:10.934+0000] {logging_mixin.py:188} INFO - 🚀 Loading LAPTOPS data
[2026-02-13T14:12:19.859+0000] {logging_mixin.py:188} INFO - ✅ Laptops table refreshed successfully
[2026-02-13T14:12:19.884+0000] {processor.py:842} WARNING - No viable dags retrieved from /opt/airflow/dags/scripts/loaders/load_laptops.py
[2026-02-13T14:12:20.268+0000] {processor.py:183} INFO - Processing /opt/airflow/dags/scripts/loaders/load_laptops.py took 10.226 seconds
[2026-02-13T14:13:19.848+0000] {processor.py:161} INFO - Started process (PID=2558) to work on /opt/airflow/dags/scripts/loaders/load_laptops.py
[2026-02-13T14:13:19.869+0000] {processor.py:830} INFO - Processing file /opt/airflow/dags/scripts/loaders/load_laptops.py for tasks to queue
[2026-02-13T14:13:19.947+0000] {logging_mixin.py:188} INFO - [2026-02-13T14:13:19.930+0000] {dagbag.py:545} INFO - Filling up the DagBag from /opt/airflow/dags/scripts/loaders/load_laptops.py
[2026-02-13T14:13:29.711+0000] {logging_mixin.py:188} INFO - 🚀 Loading LAPTOPS data
[2026-02-13T14:13:32.279+0000] {logging_mixin.py:188} INFO - ✅ Laptops table refreshed successfully
[2026-02-13T14:13:32.282+0000] {processor.py:842} WARNING - No viable dags retrieved from /opt/airflow/dags/scripts/loaders/load_laptops.py
[2026-02-13T14:13:32.353+0000] {processor.py:183} INFO - Processing /opt/airflow/dags/scripts/loaders/load_laptops.py took 10.402 seconds
[2026-02-13T14:14:03.129+0000] {processor.py:161} INFO - Started process (PID=2584) to work on /opt/airflow/dags/scripts/loaders/load_laptops.py
[2026-02-13T14:14:03.137+0000] {processor.py:830} INFO - Processing file /opt/airflow/dags/scripts/loaders/load_laptops.py for tasks to queue
[2026-02-13T14:14:03.144+0000] {logging_mixin.py:188} INFO - [2026-02-13T14:14:03.143+0000] {dagbag.py:545} INFO - Filling up the DagBag from /opt/airflow/dags/scripts/loaders/load_laptops.py
[2026-02-13T14:14:04.109+0000] {logging_mixin.py:188} INFO - 🚀 Loading LAPTOPS data
[2026-02-13T14:14:05.355+0000] {logging_mixin.py:188} INFO - ✅ Laptops table refreshed successfully
[2026-02-13T14:14:05.357+0000] {processor.py:842} WARNING - No viable dags retrieved from /opt/airflow/dags/scripts/loaders/load_laptops.py
[2026-02-13T14:14:05.393+0000] {processor.py:183} INFO - Processing /opt/airflow/dags/scripts/loaders/load_laptops.py took 2.290 seconds
[2026-02-13T14:14:35.708+0000] {processor.py:161} INFO - Started process (PID=2613) to work on /opt/airflow/dags/scripts/loaders/load_laptops.py
[2026-02-13T14:14:35.712+0000] {processor.py:830} INFO - Processing file /opt/airflow/dags/scripts/loaders/load_laptops.py for tasks to queue
[2026-02-13T14:14:35.721+0000] {logging_mixin.py:188} INFO - [2026-02-13T14:14:35.717+0000] {dagbag.py:545} INFO - Filling up the DagBag from /opt/airflow/dags/scripts/loaders/load_laptops.py
[2026-02-13T14:14:36.640+0000] {logging_mixin.py:188} INFO - 🚀 Loading LAPTOPS data
[2026-02-13T14:14:37.399+0000] {logging_mixin.py:188} INFO - ✅ Laptops table refreshed successfully
[2026-02-13T14:14:37.405+0000] {processor.py:842} WARNING - No viable dags retrieved from /opt/airflow/dags/scripts/loaders/load_laptops.py
[2026-02-13T14:14:37.470+0000] {processor.py:183} INFO - Processing /opt/airflow/dags/scripts/loaders/load_laptops.py took 1.781 seconds
[2026-02-13T14:15:08.146+0000] {processor.py:161} INFO - Started process (PID=2642) to work on /opt/airflow/dags/scripts/loaders/load_laptops.py
[2026-02-13T14:15:08.151+0000] {processor.py:830} INFO - Processing file /opt/airflow/dags/scripts/loaders/load_laptops.py for tasks to queue
[2026-02-13T14:15:08.158+0000] {logging_mixin.py:188} INFO - [2026-02-13T14:15:08.157+0000] {dagbag.py:545} INFO - Filling up the DagBag from /opt/airflow/dags/scripts/loaders/load_laptops.py
[2026-02-13T14:15:08.918+0000] {logging_mixin.py:188} INFO - 🚀 Loading LAPTOPS data
[2026-02-13T14:15:21.253+0000] {logging_mixin.py:188} INFO - ✅ Laptops table refreshed successfully
[2026-02-13T14:15:21.693+0000] {processor.py:842} WARNING - No viable dags retrieved from /opt/airflow/dags/scripts/loaders/load_laptops.py
[2026-02-13T14:15:22.971+0000] {processor.py:183} INFO - Processing /opt/airflow/dags/scripts/loaders/load_laptops.py took 14.892 seconds
[2026-02-13T14:15:53.746+0000] {processor.py:161} INFO - Started process (PID=2679) to work on /opt/airflow/dags/scripts/loaders/load_laptops.py
[2026-02-13T14:15:53.748+0000] {processor.py:830} INFO - Processing file /opt/airflow/dags/scripts/loaders/load_laptops.py for tasks to queue
[2026-02-13T14:15:53.752+0000] {logging_mixin.py:188} INFO - [2026-02-13T14:15:53.752+0000] {dagbag.py:545} INFO - Filling up the DagBag from /opt/airflow/dags/scripts/loaders/load_laptops.py
[2026-02-13T14:15:54.433+0000] {logging_mixin.py:188} INFO - 🚀 Loading LAPTOPS data
[2026-02-13T14:15:55.426+0000] {logging_mixin.py:188} INFO - ✅ Laptops table refreshed successfully
[2026-02-13T14:15:55.429+0000] {processor.py:842} WARNING - No viable dags retrieved from /opt/airflow/dags/scripts/loaders/load_laptops.py
[2026-02-13T14:15:55.477+0000] {processor.py:183} INFO - Processing /opt/airflow/dags/scripts/loaders/load_laptops.py took 1.744 seconds
[2026-02-13T14:16:26.458+0000] {processor.py:161} INFO - Started process (PID=2708) to work on /opt/airflow/dags/scripts/loaders/load_laptops.py
[2026-02-13T14:16:26.477+0000] {processor.py:830} INFO - Processing file /opt/airflow/dags/scripts/loaders/load_laptops.py for tasks to queue
[2026-02-13T14:16:26.481+0000] {logging_mixin.py:188} INFO - [2026-02-13T14:16:26.480+0000] {dagbag.py:545} INFO - Filling up the DagBag from /opt/airflow/dags/scripts/loaders/load_laptops.py
[2026-02-13T14:16:27.022+0000] {logging_mixin.py:188} INFO - 🚀 Loading LAPTOPS data
[2026-02-13T14:16:27.662+0000] {logging_mixin.py:188} INFO - ✅ Laptops table refreshed successfully
[2026-02-13T14:16:27.664+0000] {processor.py:842} WARNING - No viable dags retrieved from /opt/airflow/dags/scripts/loaders/load_laptops.py
[2026-02-13T14:16:27.703+0000] {processor.py:183} INFO - Processing /opt/airflow/dags/scripts/loaders/load_laptops.py took 1.256 seconds
[2026-02-13T14:16:58.324+0000] {processor.py:161} INFO - Started process (PID=2737) to work on /opt/airflow/dags/scripts/loaders/load_laptops.py
[2026-02-13T14:16:58.326+0000] {processor.py:830} INFO - Processing file /opt/airflow/dags/scripts/loaders/load_laptops.py for tasks to queue
[2026-02-13T14:16:58.329+0000] {logging_mixin.py:188} INFO - [2026-02-13T14:16:58.329+0000] {dagbag.py:545} INFO - Filling up the DagBag from /opt/airflow/dags/scripts/loaders/load_laptops.py
[2026-02-13T14:16:58.781+0000] {logging_mixin.py:188} INFO - 🚀 Loading LAPTOPS data
[2026-02-13T14:16:59.371+0000] {logging_mixin.py:188} INFO - ✅ Laptops table refreshed successfully
[2026-02-13T14:16:59.373+0000] {processor.py:842} WARNING - No viable dags retrieved from /opt/airflow/dags/scripts/loaders/load_laptops.py
[2026-02-13T14:16:59.406+0000] {processor.py:183} INFO - Processing /opt/airflow/dags/scripts/loaders/load_laptops.py took 1.090 seconds
[2026-02-13T14:17:29.729+0000] {processor.py:161} INFO - Started process (PID=2766) to work on /opt/airflow/dags/scripts/loaders/load_laptops.py
[2026-02-13T14:17:29.731+0000] {processor.py:830} INFO - Processing file /opt/airflow/dags/scripts/loaders/load_laptops.py for tasks to queue
[2026-02-13T14:17:29.735+0000] {logging_mixin.py:188} INFO - [2026-02-13T14:17:29.734+0000] {dagbag.py:545} INFO - Filling up the DagBag from /opt/airflow/dags/scripts/loaders/load_laptops.py
[2026-02-13T14:17:30.237+0000] {logging_mixin.py:188} INFO - 🚀 Loading LAPTOPS data
[2026-02-13T14:17:30.797+0000] {logging_mixin.py:188} INFO - ✅ Laptops table refreshed successfully
[2026-02-13T14:17:30.799+0000] {processor.py:842} WARNING - No viable dags retrieved from /opt/airflow/dags/scripts/loaders/load_laptops.py
[2026-02-13T14:17:30.830+0000] {processor.py:183} INFO - Processing /opt/airflow/dags/scripts/loaders/load_laptops.py took 1.110 seconds
[2026-02-13T14:18:01.059+0000] {processor.py:161} INFO - Started process (PID=2792) to work on /opt/airflow/dags/scripts/loaders/load_laptops.py
[2026-02-13T14:18:01.062+0000] {processor.py:830} INFO - Processing file /opt/airflow/dags/scripts/loaders/load_laptops.py for tasks to queue
[2026-02-13T14:18:01.066+0000] {logging_mixin.py:188} INFO - [2026-02-13T14:18:01.065+0000] {dagbag.py:545} INFO - Filling up the DagBag from /opt/airflow/dags/scripts/loaders/load_laptops.py
[2026-02-13T14:18:01.599+0000] {logging_mixin.py:188} INFO - 🚀 Loading LAPTOPS data
[2026-02-13T14:18:02.214+0000] {logging_mixin.py:188} INFO - ✅ Laptops table refreshed successfully
[2026-02-13T14:18:02.216+0000] {processor.py:842} WARNING - No viable dags retrieved from /opt/airflow/dags/scripts/loaders/load_laptops.py
[2026-02-13T14:18:02.265+0000] {processor.py:183} INFO - Processing /opt/airflow/dags/scripts/loaders/load_laptops.py took 1.218 seconds
[2026-02-13T14:18:32.593+0000] {processor.py:161} INFO - Started process (PID=2824) to work on /opt/airflow/dags/scripts/loaders/load_laptops.py
[2026-02-13T14:18:32.596+0000] {processor.py:830} INFO - Processing file /opt/airflow/dags/scripts/loaders/load_laptops.py for tasks to queue
[2026-02-13T14:18:32.598+0000] {logging_mixin.py:188} INFO - [2026-02-13T14:18:32.598+0000] {dagbag.py:545} INFO - Filling up the DagBag from /opt/airflow/dags/scripts/loaders/load_laptops.py
[2026-02-13T14:18:33.055+0000] {logging_mixin.py:188} INFO - 🚀 Loading LAPTOPS data
[2026-02-13T14:18:33.690+0000] {logging_mixin.py:188} INFO - ✅ Laptops table refreshed successfully
[2026-02-13T14:18:33.692+0000] {processor.py:842} WARNING - No viable dags retrieved from /opt/airflow/dags/scripts/loaders/load_laptops.py
[2026-02-13T14:18:33.720+0000] {processor.py:183} INFO - Processing /opt/airflow/dags/scripts/loaders/load_laptops.py took 1.135 seconds
[2026-02-13T14:19:04.569+0000] {processor.py:161} INFO - Started process (PID=2853) to work on /opt/airflow/dags/scripts/loaders/load_laptops.py
[2026-02-13T14:19:04.573+0000] {processor.py:830} INFO - Processing file /opt/airflow/dags/scripts/loaders/load_laptops.py for tasks to queue
[2026-02-13T14:19:04.580+0000] {logging_mixin.py:188} INFO - [2026-02-13T14:19:04.579+0000] {dagbag.py:545} INFO - Filling up the DagBag from /opt/airflow/dags/scripts/loaders/load_laptops.py
[2026-02-13T14:19:05.785+0000] {logging_mixin.py:188} INFO - 🚀 Loading LAPTOPS data
[2026-02-13T14:19:16.530+0000] {logging_mixin.py:188} INFO - ✅ Laptops table refreshed successfully
[2026-02-13T14:19:16.547+0000] {processor.py:842} WARNING - No viable dags retrieved from /opt/airflow/dags/scripts/loaders/load_laptops.py
[2026-02-13T14:19:16.936+0000] {processor.py:183} INFO - Processing /opt/airflow/dags/scripts/loaders/load_laptops.py took 12.379 seconds
[2026-02-13T14:19:48.080+0000] {processor.py:161} INFO - Started process (PID=2882) to work on /opt/airflow/dags/scripts/loaders/load_laptops.py
[2026-02-13T14:19:48.085+0000] {processor.py:830} INFO - Processing file /opt/airflow/dags/scripts/loaders/load_laptops.py for tasks to queue
[2026-02-13T14:19:48.094+0000] {logging_mixin.py:188} INFO - [2026-02-13T14:19:48.093+0000] {dagbag.py:545} INFO - Filling up the DagBag from /opt/airflow/dags/scripts/loaders/load_laptops.py
[2026-02-13T14:19:50.314+0000] {logging_mixin.py:188} INFO - 🚀 Loading LAPTOPS data
[2026-02-13T14:19:51.524+0000] {logging_mixin.py:188} INFO - ✅ Laptops table refreshed successfully
[2026-02-13T14:19:51.526+0000] {processor.py:842} WARNING - No viable dags retrieved from /opt/airflow/dags/scripts/loaders/load_laptops.py
[2026-02-13T14:19:51.598+0000] {processor.py:183} INFO - Processing /opt/airflow/dags/scripts/loaders/load_laptops.py took 3.538 seconds
[2026-02-13T14:20:47.503+0000] {processor.py:161} INFO - Started process (PID=2906) to work on /opt/airflow/dags/scripts/loaders/load_laptops.py
[2026-02-13T14:20:47.513+0000] {processor.py:830} INFO - Processing file /opt/airflow/dags/scripts/loaders/load_laptops.py for tasks to queue
[2026-02-13T14:20:47.526+0000] {logging_mixin.py:188} INFO - [2026-02-13T14:20:47.524+0000] {dagbag.py:545} INFO - Filling up the DagBag from /opt/airflow/dags/scripts/loaders/load_laptops.py
[2026-02-13T14:20:49.564+0000] {logging_mixin.py:188} INFO - 🚀 Loading LAPTOPS data
[2026-02-13T14:20:50.426+0000] {logging_mixin.py:188} INFO - ✅ Laptops table refreshed successfully
[2026-02-13T14:20:50.428+0000] {processor.py:842} WARNING - No viable dags retrieved from /opt/airflow/dags/scripts/loaders/load_laptops.py
[2026-02-13T14:20:50.535+0000] {processor.py:183} INFO - Processing /opt/airflow/dags/scripts/loaders/load_laptops.py took 3.071 seconds
[2026-02-13T14:36:08.315+0000] {processor.py:161} INFO - Started process (PID=198) to work on /opt/airflow/dags/scripts/loaders/load_laptops.py
[2026-02-13T14:36:08.319+0000] {processor.py:830} INFO - Processing file /opt/airflow/dags/scripts/loaders/load_laptops.py for tasks to queue
[2026-02-13T14:36:08.326+0000] {logging_mixin.py:188} INFO - [2026-02-13T14:36:08.325+0000] {dagbag.py:545} INFO - Filling up the DagBag from /opt/airflow/dags/scripts/loaders/load_laptops.py
[2026-02-13T14:36:08.993+0000] {logging_mixin.py:188} INFO - 🚀 Loading LAPTOPS data
[2026-02-13T14:36:09.637+0000] {logging_mixin.py:188} INFO - ✅ Laptops table refreshed successfully
[2026-02-13T14:36:09.639+0000] {processor.py:842} WARNING - No viable dags retrieved from /opt/airflow/dags/scripts/loaders/load_laptops.py
[2026-02-13T14:36:09.676+0000] {processor.py:183} INFO - Processing /opt/airflow/dags/scripts/loaders/load_laptops.py took 1.379 seconds
[2026-02-13T14:36:40.829+0000] {processor.py:161} INFO - Started process (PID=256) to work on /opt/airflow/dags/scripts/loaders/load_laptops.py
[2026-02-13T14:36:40.832+0000] {processor.py:830} INFO - Processing file /opt/airflow/dags/scripts/loaders/load_laptops.py for tasks to queue
[2026-02-13T14:36:40.839+0000] {logging_mixin.py:188} INFO - [2026-02-13T14:36:40.838+0000] {dagbag.py:545} INFO - Filling up the DagBag from /opt/airflow/dags/scripts/loaders/load_laptops.py
[2026-02-13T14:36:41.814+0000] {logging_mixin.py:188} INFO - 🚀 Loading LAPTOPS data
[2026-02-13T14:36:42.456+0000] {logging_mixin.py:188} INFO - ✅ Laptops table refreshed successfully
[2026-02-13T14:36:42.458+0000] {processor.py:842} WARNING - No viable dags retrieved from /opt/airflow/dags/scripts/loaders/load_laptops.py
[2026-02-13T14:36:42.493+0000] {processor.py:183} INFO - Processing /opt/airflow/dags/scripts/loaders/load_laptops.py took 1.681 seconds
[2026-02-13T14:37:12.657+0000] {processor.py:161} INFO - Started process (PID=301) to work on /opt/airflow/dags/scripts/loaders/load_laptops.py
[2026-02-13T14:37:12.660+0000] {processor.py:830} INFO - Processing file /opt/airflow/dags/scripts/loaders/load_laptops.py for tasks to queue
[2026-02-13T14:37:12.663+0000] {logging_mixin.py:188} INFO - [2026-02-13T14:37:12.662+0000] {dagbag.py:545} INFO - Filling up the DagBag from /opt/airflow/dags/scripts/loaders/load_laptops.py
[2026-02-13T14:37:13.113+0000] {logging_mixin.py:188} INFO - 🚀 Loading LAPTOPS data
[2026-02-13T14:37:13.575+0000] {logging_mixin.py:188} INFO - ✅ Laptops table refreshed successfully
[2026-02-13T14:37:13.576+0000] {processor.py:842} WARNING - No viable dags retrieved from /opt/airflow/dags/scripts/loaders/load_laptops.py
[2026-02-13T14:37:13.612+0000] {processor.py:183} INFO - Processing /opt/airflow/dags/scripts/loaders/load_laptops.py took 0.963 seconds
[2026-02-13T14:37:44.388+0000] {processor.py:161} INFO - Started process (PID=330) to work on /opt/airflow/dags/scripts/loaders/load_laptops.py
[2026-02-13T14:37:44.391+0000] {processor.py:830} INFO - Processing file /opt/airflow/dags/scripts/loaders/load_laptops.py for tasks to queue
[2026-02-13T14:37:44.394+0000] {logging_mixin.py:188} INFO - [2026-02-13T14:37:44.393+0000] {dagbag.py:545} INFO - Filling up the DagBag from /opt/airflow/dags/scripts/loaders/load_laptops.py
[2026-02-13T14:37:44.829+0000] {logging_mixin.py:188} INFO - 🚀 Loading LAPTOPS data
[2026-02-13T14:37:45.348+0000] {logging_mixin.py:188} INFO - ✅ Laptops table refreshed successfully
[2026-02-13T14:37:45.349+0000] {processor.py:842} WARNING - No viable dags retrieved from /opt/airflow/dags/scripts/loaders/load_laptops.py
[2026-02-13T14:37:45.376+0000] {processor.py:183} INFO - Processing /opt/airflow/dags/scripts/loaders/load_laptops.py took 0.997 seconds
[2026-02-13T14:38:16.868+0000] {processor.py:161} INFO - Started process (PID=357) to work on /opt/airflow/dags/scripts/loaders/load_laptops.py
[2026-02-13T14:38:16.886+0000] {processor.py:830} INFO - Processing file /opt/airflow/dags/scripts/loaders/load_laptops.py for tasks to queue
[2026-02-13T14:38:16.896+0000] {logging_mixin.py:188} INFO - [2026-02-13T14:38:16.893+0000] {dagbag.py:545} INFO - Filling up the DagBag from /opt/airflow/dags/scripts/loaders/load_laptops.py
[2026-02-13T14:38:18.532+0000] {logging_mixin.py:188} INFO - 🚀 Loading LAPTOPS data
[2026-02-13T14:38:20.734+0000] {logging_mixin.py:188} INFO - ✅ Laptops table refreshed successfully
[2026-02-13T14:38:20.737+0000] {processor.py:842} WARNING - No viable dags retrieved from /opt/airflow/dags/scripts/loaders/load_laptops.py
[2026-02-13T14:38:20.782+0000] {processor.py:183} INFO - Processing /opt/airflow/dags/scripts/loaders/load_laptops.py took 2.732 seconds
[2026-02-13T14:38:53.037+0000] {processor.py:161} INFO - Started process (PID=385) to work on /opt/airflow/dags/scripts/loaders/load_laptops.py
[2026-02-13T14:38:53.040+0000] {processor.py:830} INFO - Processing file /opt/airflow/dags/scripts/loaders/load_laptops.py for tasks to queue
[2026-02-13T14:38:53.046+0000] {logging_mixin.py:188} INFO - [2026-02-13T14:38:53.045+0000] {dagbag.py:545} INFO - Filling up the DagBag from /opt/airflow/dags/scripts/loaders/load_laptops.py
[2026-02-13T14:38:54.279+0000] {logging_mixin.py:188} INFO - 🚀 Loading LAPTOPS data
[2026-02-13T14:38:55.200+0000] {logging_mixin.py:188} INFO - ✅ Laptops table refreshed successfully
[2026-02-13T14:38:55.203+0000] {processor.py:842} WARNING - No viable dags retrieved from /opt/airflow/dags/scripts/loaders/load_laptops.py
[2026-02-13T14:38:55.289+0000] {processor.py:183} INFO - Processing /opt/airflow/dags/scripts/loaders/load_laptops.py took 2.263 seconds
[2026-02-13T14:39:26.222+0000] {processor.py:161} INFO - Started process (PID=414) to work on /opt/airflow/dags/scripts/loaders/load_laptops.py
[2026-02-13T14:39:26.225+0000] {processor.py:830} INFO - Processing file /opt/airflow/dags/scripts/loaders/load_laptops.py for tasks to queue
[2026-02-13T14:39:26.229+0000] {logging_mixin.py:188} INFO - [2026-02-13T14:39:26.228+0000] {dagbag.py:545} INFO - Filling up the DagBag from /opt/airflow/dags/scripts/loaders/load_laptops.py
[2026-02-13T14:39:26.860+0000] {logging_mixin.py:188} INFO - 🚀 Loading LAPTOPS data
[2026-02-13T14:39:27.965+0000] {logging_mixin.py:188} INFO - ✅ Laptops table refreshed successfully
[2026-02-13T14:39:27.967+0000] {processor.py:842} WARNING - No viable dags retrieved from /opt/airflow/dags/scripts/loaders/load_laptops.py
[2026-02-13T14:39:27.990+0000] {processor.py:183} INFO - Processing /opt/airflow/dags/scripts/loaders/load_laptops.py took 1.784 seconds
[2026-02-13T14:39:58.524+0000] {processor.py:161} INFO - Started process (PID=443) to work on /opt/airflow/dags/scripts/loaders/load_laptops.py
[2026-02-13T14:39:58.528+0000] {processor.py:830} INFO - Processing file /opt/airflow/dags/scripts/loaders/load_laptops.py for tasks to queue
[2026-02-13T14:39:58.532+0000] {logging_mixin.py:188} INFO - [2026-02-13T14:39:58.531+0000] {dagbag.py:545} INFO - Filling up the DagBag from /opt/airflow/dags/scripts/loaders/load_laptops.py
[2026-02-13T14:39:59.416+0000] {logging_mixin.py:188} INFO - 🚀 Loading LAPTOPS data
[2026-02-13T14:40:00.492+0000] {logging_mixin.py:188} INFO - ✅ Laptops table refreshed successfully
[2026-02-13T14:40:00.494+0000] {processor.py:842} WARNING - No viable dags retrieved from /opt/airflow/dags/scripts/loaders/load_laptops.py
[2026-02-13T14:40:00.539+0000] {processor.py:183} INFO - Processing /opt/airflow/dags/scripts/loaders/load_laptops.py took 2.022 seconds
[2026-02-13T14:40:31.095+0000] {processor.py:161} INFO - Started process (PID=472) to work on /opt/airflow/dags/scripts/loaders/load_laptops.py
[2026-02-13T14:40:31.104+0000] {processor.py:830} INFO - Processing file /opt/airflow/dags/scripts/loaders/load_laptops.py for tasks to queue
[2026-02-13T14:40:31.109+0000] {logging_mixin.py:188} INFO - [2026-02-13T14:40:31.108+0000] {dagbag.py:545} INFO - Filling up the DagBag from /opt/airflow/dags/scripts/loaders/load_laptops.py
[2026-02-13T14:40:31.815+0000] {logging_mixin.py:188} INFO - 🚀 Loading LAPTOPS data
[2026-02-13T14:40:33.163+0000] {logging_mixin.py:188} INFO - ✅ Laptops table refreshed successfully
[2026-02-13T14:40:33.166+0000] {processor.py:842} WARNING - No viable dags retrieved from /opt/airflow/dags/scripts/loaders/load_laptops.py
[2026-02-13T14:40:33.228+0000] {processor.py:183} INFO - Processing /opt/airflow/dags/scripts/loaders/load_laptops.py took 2.164 seconds
[2026-02-13T14:41:04.043+0000] {processor.py:161} INFO - Started process (PID=501) to work on /opt/airflow/dags/scripts/loaders/load_laptops.py
[2026-02-13T14:41:04.046+0000] {processor.py:830} INFO - Processing file /opt/airflow/dags/scripts/loaders/load_laptops.py for tasks to queue
[2026-02-13T14:41:04.049+0000] {logging_mixin.py:188} INFO - [2026-02-13T14:41:04.049+0000] {dagbag.py:545} INFO - Filling up the DagBag from /opt/airflow/dags/scripts/loaders/load_laptops.py
[2026-02-13T14:41:04.609+0000] {logging_mixin.py:188} INFO - 🚀 Loading LAPTOPS data
[2026-02-13T14:41:05.236+0000] {logging_mixin.py:188} INFO - ✅ Laptops table refreshed successfully
[2026-02-13T14:41:05.240+0000] {processor.py:842} WARNING - No viable dags retrieved from /opt/airflow/dags/scripts/loaders/load_laptops.py
[2026-02-13T14:41:05.281+0000] {processor.py:183} INFO - Processing /opt/airflow/dags/scripts/loaders/load_laptops.py took 1.250 seconds
[2026-02-13T14:41:40.203+0000] {processor.py:161} INFO - Started process (PID=531) to work on /opt/airflow/dags/scripts/loaders/load_laptops.py
[2026-02-13T14:41:40.207+0000] {processor.py:830} INFO - Processing file /opt/airflow/dags/scripts/loaders/load_laptops.py for tasks to queue
[2026-02-13T14:41:40.212+0000] {logging_mixin.py:188} INFO - [2026-02-13T14:41:40.211+0000] {dagbag.py:545} INFO - Filling up the DagBag from /opt/airflow/dags/scripts/loaders/load_laptops.py
[2026-02-13T14:41:41.185+0000] {logging_mixin.py:188} INFO - 🚀 Loading LAPTOPS data
[2026-02-13T14:41:42.983+0000] {logging_mixin.py:188} INFO - ✅ Laptops table refreshed successfully
[2026-02-13T14:41:42.985+0000] {processor.py:842} WARNING - No viable dags retrieved from /opt/airflow/dags/scripts/loaders/load_laptops.py
[2026-02-13T14:41:43.058+0000] {processor.py:183} INFO - Processing /opt/airflow/dags/scripts/loaders/load_laptops.py took 2.875 seconds
[2026-02-13T14:43:11.392+0000] {processor.py:161} INFO - Started process (PID=560) to work on /opt/airflow/dags/scripts/loaders/load_laptops.py
[2026-02-13T14:43:11.399+0000] {processor.py:830} INFO - Processing file /opt/airflow/dags/scripts/loaders/load_laptops.py for tasks to queue
[2026-02-13T14:43:11.405+0000] {logging_mixin.py:188} INFO - [2026-02-13T14:43:11.404+0000] {dagbag.py:545} INFO - Filling up the DagBag from /opt/airflow/dags/scripts/loaders/load_laptops.py
[2026-02-13T14:43:12.382+0000] {logging_mixin.py:188} INFO - 🚀 Loading LAPTOPS data
[2026-02-13T14:43:13.053+0000] {logging_mixin.py:188} INFO - ✅ Laptops table refreshed successfully
[2026-02-13T14:43:13.055+0000] {processor.py:842} WARNING - No viable dags retrieved from /opt/airflow/dags/scripts/loaders/load_laptops.py
[2026-02-13T14:43:13.088+0000] {processor.py:183} INFO - Processing /opt/airflow/dags/scripts/loaders/load_laptops.py took 1.709 seconds
[2026-02-13T14:43:43.388+0000] {processor.py:161} INFO - Started process (PID=588) to work on /opt/airflow/dags/scripts/loaders/load_laptops.py
[2026-02-13T14:43:43.391+0000] {processor.py:830} INFO - Processing file /opt/airflow/dags/scripts/loaders/load_laptops.py for tasks to queue
[2026-02-13T14:43:43.395+0000] {logging_mixin.py:188} INFO - [2026-02-13T14:43:43.394+0000] {dagbag.py:545} INFO - Filling up the DagBag from /opt/airflow/dags/scripts/loaders/load_laptops.py
[2026-02-13T14:43:43.837+0000] {logging_mixin.py:188} INFO - 🚀 Loading LAPTOPS data
[2026-02-13T14:43:44.463+0000] {logging_mixin.py:188} INFO - ✅ Laptops table refreshed successfully
[2026-02-13T14:43:44.465+0000] {processor.py:842} WARNING - No viable dags retrieved from /opt/airflow/dags/scripts/loaders/load_laptops.py
[2026-02-13T14:43:44.492+0000] {processor.py:183} INFO - Processing /opt/airflow/dags/scripts/loaders/load_laptops.py took 1.112 seconds
[2026-02-13T14:44:14.939+0000] {processor.py:161} INFO - Started process (PID=617) to work on /opt/airflow/dags/scripts/loaders/load_laptops.py
[2026-02-13T14:44:14.943+0000] {processor.py:830} INFO - Processing file /opt/airflow/dags/scripts/loaders/load_laptops.py for tasks to queue
[2026-02-13T14:44:14.947+0000] {logging_mixin.py:188} INFO - [2026-02-13T14:44:14.947+0000] {dagbag.py:545} INFO - Filling up the DagBag from /opt/airflow/dags/scripts/loaders/load_laptops.py
[2026-02-13T14:44:15.878+0000] {logging_mixin.py:188} INFO - 🚀 Loading LAPTOPS data
[2026-02-13T14:44:16.722+0000] {logging_mixin.py:188} INFO - ✅ Laptops table refreshed successfully
[2026-02-13T14:44:16.724+0000] {processor.py:842} WARNING - No viable dags retrieved from /opt/airflow/dags/scripts/loaders/load_laptops.py
[2026-02-13T14:44:16.773+0000] {processor.py:183} INFO - Processing /opt/airflow/dags/scripts/loaders/load_laptops.py took 1.845 seconds
[2026-02-13T14:44:49.461+0000] {processor.py:161} INFO - Started process (PID=647) to work on /opt/airflow/dags/scripts/loaders/load_laptops.py
[2026-02-13T14:44:49.465+0000] {processor.py:830} INFO - Processing file /opt/airflow/dags/scripts/loaders/load_laptops.py for tasks to queue
[2026-02-13T14:44:49.474+0000] {logging_mixin.py:188} INFO - [2026-02-13T14:44:49.471+0000] {dagbag.py:545} INFO - Filling up the DagBag from /opt/airflow/dags/scripts/loaders/load_laptops.py
[2026-02-13T14:44:50.246+0000] {logging_mixin.py:188} INFO - 🚀 Loading LAPTOPS data
[2026-02-13T14:44:51.371+0000] {logging_mixin.py:188} INFO - ✅ Laptops table refreshed successfully
[2026-02-13T14:44:51.373+0000] {processor.py:842} WARNING - No viable dags retrieved from /opt/airflow/dags/scripts/loaders/load_laptops.py
[2026-02-13T14:44:51.417+0000] {processor.py:183} INFO - Processing /opt/airflow/dags/scripts/loaders/load_laptops.py took 1.981 seconds
[2026-02-13T14:45:22.112+0000] {processor.py:161} INFO - Started process (PID=675) to work on /opt/airflow/dags/scripts/loaders/load_laptops.py
[2026-02-13T14:45:22.115+0000] {processor.py:830} INFO - Processing file /opt/airflow/dags/scripts/loaders/load_laptops.py for tasks to queue
[2026-02-13T14:45:22.118+0000] {logging_mixin.py:188} INFO - [2026-02-13T14:45:22.117+0000] {dagbag.py:545} INFO - Filling up the DagBag from /opt/airflow/dags/scripts/loaders/load_laptops.py
[2026-02-13T14:45:22.730+0000] {logging_mixin.py:188} INFO - 🚀 Loading LAPTOPS data
[2026-02-13T14:45:23.325+0000] {logging_mixin.py:188} INFO - ✅ Laptops table refreshed successfully
[2026-02-13T14:45:23.326+0000] {processor.py:842} WARNING - No viable dags retrieved from /opt/airflow/dags/scripts/loaders/load_laptops.py
[2026-02-13T14:45:23.353+0000] {processor.py:183} INFO - Processing /opt/airflow/dags/scripts/loaders/load_laptops.py took 1.249 seconds
[2026-02-13T14:45:53.645+0000] {processor.py:161} INFO - Started process (PID=701) to work on /opt/airflow/dags/scripts/loaders/load_laptops.py
[2026-02-13T14:45:53.648+0000] {processor.py:830} INFO - Processing file /opt/airflow/dags/scripts/loaders/load_laptops.py for tasks to queue
[2026-02-13T14:45:53.653+0000] {logging_mixin.py:188} INFO - [2026-02-13T14:45:53.652+0000] {dagbag.py:545} INFO - Filling up the DagBag from /opt/airflow/dags/scripts/loaders/load_laptops.py
[2026-02-13T14:45:54.181+0000] {logging_mixin.py:188} INFO - 🚀 Loading LAPTOPS data
[2026-02-13T14:45:54.700+0000] {logging_mixin.py:188} INFO - ✅ Laptops table refreshed successfully
[2026-02-13T14:45:54.702+0000] {processor.py:842} WARNING - No viable dags retrieved from /opt/airflow/dags/scripts/loaders/load_laptops.py
[2026-02-13T14:45:54.738+0000] {processor.py:183} INFO - Processing /opt/airflow/dags/scripts/loaders/load_laptops.py took 1.109 seconds
[2026-02-13T14:46:25.069+0000] {processor.py:161} INFO - Started process (PID=730) to work on /opt/airflow/dags/scripts/loaders/load_laptops.py
[2026-02-13T14:46:25.072+0000] {processor.py:830} INFO - Processing file /opt/airflow/dags/scripts/loaders/load_laptops.py for tasks to queue
[2026-02-13T14:46:25.076+0000] {logging_mixin.py:188} INFO - [2026-02-13T14:46:25.075+0000] {dagbag.py:545} INFO - Filling up the DagBag from /opt/airflow/dags/scripts/loaders/load_laptops.py
[2026-02-13T14:46:25.545+0000] {logging_mixin.py:188} INFO - 🚀 Loading LAPTOPS data
[2026-02-13T14:46:26.139+0000] {logging_mixin.py:188} INFO - ✅ Laptops table refreshed successfully
[2026-02-13T14:46:26.140+0000] {processor.py:842} WARNING - No viable dags retrieved from /opt/airflow/dags/scripts/loaders/load_laptops.py
[2026-02-13T14:46:26.168+0000] {processor.py:183} INFO - Processing /opt/airflow/dags/scripts/loaders/load_laptops.py took 1.113 seconds
[2026-02-13T14:46:56.848+0000] {processor.py:161} INFO - Started process (PID=759) to work on /opt/airflow/dags/scripts/loaders/load_laptops.py
[2026-02-13T14:46:56.853+0000] {processor.py:830} INFO - Processing file /opt/airflow/dags/scripts/loaders/load_laptops.py for tasks to queue
[2026-02-13T14:46:56.858+0000] {logging_mixin.py:188} INFO - [2026-02-13T14:46:56.857+0000] {dagbag.py:545} INFO - Filling up the DagBag from /opt/airflow/dags/scripts/loaders/load_laptops.py
[2026-02-13T14:46:57.442+0000] {logging_mixin.py:188} INFO - 🚀 Loading LAPTOPS data
[2026-02-13T14:46:57.984+0000] {logging_mixin.py:188} INFO - ✅ Laptops table refreshed successfully
[2026-02-13T14:46:57.986+0000] {processor.py:842} WARNING - No viable dags retrieved from /opt/airflow/dags/scripts/loaders/load_laptops.py
[2026-02-13T14:46:58.024+0000] {processor.py:183} INFO - Processing /opt/airflow/dags/scripts/loaders/load_laptops.py took 1.187 seconds
[2026-02-13T14:47:28.487+0000] {processor.py:161} INFO - Started process (PID=788) to work on /opt/airflow/dags/scripts/loaders/load_laptops.py
[2026-02-13T14:47:28.491+0000] {processor.py:830} INFO - Processing file /opt/airflow/dags/scripts/loaders/load_laptops.py for tasks to queue
[2026-02-13T14:47:28.495+0000] {logging_mixin.py:188} INFO - [2026-02-13T14:47:28.494+0000] {dagbag.py:545} INFO - Filling up the DagBag from /opt/airflow/dags/scripts/loaders/load_laptops.py
[2026-02-13T14:47:29.079+0000] {logging_mixin.py:188} INFO - 🚀 Loading LAPTOPS data
[2026-02-13T14:47:29.850+0000] {logging_mixin.py:188} INFO - ✅ Laptops table refreshed successfully
[2026-02-13T14:47:29.852+0000] {processor.py:842} WARNING - No viable dags retrieved from /opt/airflow/dags/scripts/loaders/load_laptops.py
[2026-02-13T14:47:29.889+0000] {processor.py:183} INFO - Processing /opt/airflow/dags/scripts/loaders/load_laptops.py took 1.417 seconds
[2026-02-13T14:48:00.772+0000] {processor.py:161} INFO - Started process (PID=817) to work on /opt/airflow/dags/scripts/loaders/load_laptops.py
[2026-02-13T14:48:00.774+0000] {processor.py:830} INFO - Processing file /opt/airflow/dags/scripts/loaders/load_laptops.py for tasks to queue
[2026-02-13T14:48:00.779+0000] {logging_mixin.py:188} INFO - [2026-02-13T14:48:00.778+0000] {dagbag.py:545} INFO - Filling up the DagBag from /opt/airflow/dags/scripts/loaders/load_laptops.py
[2026-02-13T14:48:01.292+0000] {logging_mixin.py:188} INFO - 🚀 Loading LAPTOPS data
[2026-02-13T14:48:01.837+0000] {logging_mixin.py:188} INFO - ✅ Laptops table refreshed successfully
[2026-02-13T14:48:01.838+0000] {processor.py:842} WARNING - No viable dags retrieved from /opt/airflow/dags/scripts/loaders/load_laptops.py
[2026-02-13T14:48:01.858+0000] {processor.py:183} INFO - Processing /opt/airflow/dags/scripts/loaders/load_laptops.py took 1.096 seconds
[2026-02-13T14:48:32.620+0000] {processor.py:161} INFO - Started process (PID=846) to work on /opt/airflow/dags/scripts/loaders/load_laptops.py
[2026-02-13T14:48:32.624+0000] {processor.py:830} INFO - Processing file /opt/airflow/dags/scripts/loaders/load_laptops.py for tasks to queue
[2026-02-13T14:48:32.629+0000] {logging_mixin.py:188} INFO - [2026-02-13T14:48:32.629+0000] {dagbag.py:545} INFO - Filling up the DagBag from /opt/airflow/dags/scripts/loaders/load_laptops.py
[2026-02-13T14:48:33.184+0000] {logging_mixin.py:188} INFO - 🚀 Loading LAPTOPS data
[2026-02-13T14:48:33.755+0000] {logging_mixin.py:188} INFO - ✅ Laptops table refreshed successfully
[2026-02-13T14:48:33.757+0000] {processor.py:842} WARNING - No viable dags retrieved from /opt/airflow/dags/scripts/loaders/load_laptops.py
[2026-02-13T14:48:33.794+0000] {processor.py:183} INFO - Processing /opt/airflow/dags/scripts/loaders/load_laptops.py took 1.196 seconds
[2026-02-13T14:49:04.067+0000] {processor.py:161} INFO - Started process (PID=875) to work on /opt/airflow/dags/scripts/loaders/load_laptops.py
[2026-02-13T14:49:04.068+0000] {processor.py:830} INFO - Processing file /opt/airflow/dags/scripts/loaders/load_laptops.py for tasks to queue
[2026-02-13T14:49:04.071+0000] {logging_mixin.py:188} INFO - [2026-02-13T14:49:04.071+0000] {dagbag.py:545} INFO - Filling up the DagBag from /opt/airflow/dags/scripts/loaders/load_laptops.py
[2026-02-13T14:49:04.566+0000] {logging_mixin.py:188} INFO - 🚀 Loading LAPTOPS data
[2026-02-13T14:49:05.171+0000] {logging_mixin.py:188} INFO - ✅ Laptops table refreshed successfully
[2026-02-13T14:49:05.173+0000] {processor.py:842} WARNING - No viable dags retrieved from /opt/airflow/dags/scripts/loaders/load_laptops.py
[2026-02-13T14:49:05.196+0000] {processor.py:183} INFO - Processing /opt/airflow/dags/scripts/loaders/load_laptops.py took 1.138 seconds
[2026-02-13T14:49:35.655+0000] {processor.py:161} INFO - Started process (PID=904) to work on /opt/airflow/dags/scripts/loaders/load_laptops.py
[2026-02-13T14:49:35.660+0000] {processor.py:830} INFO - Processing file /opt/airflow/dags/scripts/loaders/load_laptops.py for tasks to queue
[2026-02-13T14:49:35.668+0000] {logging_mixin.py:188} INFO - [2026-02-13T14:49:35.667+0000] {dagbag.py:545} INFO - Filling up the DagBag from /opt/airflow/dags/scripts/loaders/load_laptops.py
[2026-02-13T14:49:36.456+0000] {logging_mixin.py:188} INFO - 🚀 Loading LAPTOPS data
[2026-02-13T14:49:37.421+0000] {logging_mixin.py:188} INFO - ✅ Laptops table refreshed successfully
[2026-02-13T14:49:37.423+0000] {processor.py:842} WARNING - No viable dags retrieved from /opt/airflow/dags/scripts/loaders/load_laptops.py
[2026-02-13T14:49:37.472+0000] {processor.py:183} INFO - Processing /opt/airflow/dags/scripts/loaders/load_laptops.py took 1.840 seconds
[2026-02-13T14:50:07.635+0000] {processor.py:161} INFO - Started process (PID=933) to work on /opt/airflow/dags/scripts/loaders/load_laptops.py
[2026-02-13T14:50:07.639+0000] {processor.py:830} INFO - Processing file /opt/airflow/dags/scripts/loaders/load_laptops.py for tasks to queue
[2026-02-13T14:50:07.644+0000] {logging_mixin.py:188} INFO - [2026-02-13T14:50:07.644+0000] {dagbag.py:545} INFO - Filling up the DagBag from /opt/airflow/dags/scripts/loaders/load_laptops.py
[2026-02-13T14:50:08.071+0000] {logging_mixin.py:188} INFO - 🚀 Loading LAPTOPS data
[2026-02-13T14:50:08.580+0000] {logging_mixin.py:188} INFO - ✅ Laptops table refreshed successfully
[2026-02-13T14:50:08.582+0000] {processor.py:842} WARNING - No viable dags retrieved from /opt/airflow/dags/scripts/loaders/load_laptops.py
[2026-02-13T14:50:08.601+0000] {processor.py:183} INFO - Processing /opt/airflow/dags/scripts/loaders/load_laptops.py took 0.980 seconds
[2026-02-13T14:50:38.942+0000] {processor.py:161} INFO - Started process (PID=962) to work on /opt/airflow/dags/scripts/loaders/load_laptops.py
[2026-02-13T14:50:38.944+0000] {processor.py:830} INFO - Processing file /opt/airflow/dags/scripts/loaders/load_laptops.py for tasks to queue
[2026-02-13T14:50:38.951+0000] {logging_mixin.py:188} INFO - [2026-02-13T14:50:38.947+0000] {dagbag.py:545} INFO - Filling up the DagBag from /opt/airflow/dags/scripts/loaders/load_laptops.py
[2026-02-13T14:50:39.745+0000] {logging_mixin.py:188} INFO - 🚀 Loading LAPTOPS data
[2026-02-13T14:50:40.356+0000] {logging_mixin.py:188} INFO - ✅ Laptops table refreshed successfully
[2026-02-13T14:50:40.357+0000] {processor.py:842} WARNING - No viable dags retrieved from /opt/airflow/dags/scripts/loaders/load_laptops.py
[2026-02-13T14:50:40.399+0000] {processor.py:183} INFO - Processing /opt/airflow/dags/scripts/loaders/load_laptops.py took 1.475 seconds
[2026-02-13T14:51:10.840+0000] {processor.py:161} INFO - Started process (PID=991) to work on /opt/airflow/dags/scripts/loaders/load_laptops.py
[2026-02-13T14:51:10.842+0000] {processor.py:830} INFO - Processing file /opt/airflow/dags/scripts/loaders/load_laptops.py for tasks to queue
[2026-02-13T14:51:10.847+0000] {logging_mixin.py:188} INFO - [2026-02-13T14:51:10.846+0000] {dagbag.py:545} INFO - Filling up the DagBag from /opt/airflow/dags/scripts/loaders/load_laptops.py
[2026-02-13T14:51:11.472+0000] {logging_mixin.py:188} INFO - 🚀 Loading LAPTOPS data
[2026-02-13T14:51:12.119+0000] {logging_mixin.py:188} INFO - ✅ Laptops table refreshed successfully
[2026-02-13T14:51:12.120+0000] {processor.py:842} WARNING - No viable dags retrieved from /opt/airflow/dags/scripts/loaders/load_laptops.py
[2026-02-13T14:51:12.144+0000] {processor.py:183} INFO - Processing /opt/airflow/dags/scripts/loaders/load_laptops.py took 1.317 seconds
[2026-02-13T14:51:43.020+0000] {processor.py:161} INFO - Started process (PID=1020) to work on /opt/airflow/dags/scripts/loaders/load_laptops.py
[2026-02-13T14:51:43.022+0000] {processor.py:830} INFO - Processing file /opt/airflow/dags/scripts/loaders/load_laptops.py for tasks to queue
[2026-02-13T14:51:43.025+0000] {logging_mixin.py:188} INFO - [2026-02-13T14:51:43.024+0000] {dagbag.py:545} INFO - Filling up the DagBag from /opt/airflow/dags/scripts/loaders/load_laptops.py
[2026-02-13T14:51:43.640+0000] {logging_mixin.py:188} INFO - 🚀 Loading LAPTOPS data
[2026-02-13T14:51:44.353+0000] {logging_mixin.py:188} INFO - ✅ Laptops table refreshed successfully
[2026-02-13T14:51:44.354+0000] {processor.py:842} WARNING - No viable dags retrieved from /opt/airflow/dags/scripts/loaders/load_laptops.py
[2026-02-13T14:51:44.382+0000] {processor.py:183} INFO - Processing /opt/airflow/dags/scripts/loaders/load_laptops.py took 1.372 seconds
[2026-02-13T14:52:14.588+0000] {processor.py:161} INFO - Started process (PID=1049) to work on /opt/airflow/dags/scripts/loaders/load_laptops.py
[2026-02-13T14:52:14.591+0000] {processor.py:830} INFO - Processing file /opt/airflow/dags/scripts/loaders/load_laptops.py for tasks to queue
[2026-02-13T14:52:14.595+0000] {logging_mixin.py:188} INFO - [2026-02-13T14:52:14.595+0000] {dagbag.py:545} INFO - Filling up the DagBag from /opt/airflow/dags/scripts/loaders/load_laptops.py
[2026-02-13T14:52:15.191+0000] {logging_mixin.py:188} INFO - 🚀 Loading LAPTOPS data
[2026-02-13T14:52:15.926+0000] {logging_mixin.py:188} INFO - ✅ Laptops table refreshed successfully
[2026-02-13T14:52:15.929+0000] {processor.py:842} WARNING - No viable dags retrieved from /opt/airflow/dags/scripts/loaders/load_laptops.py
[2026-02-13T14:52:15.985+0000] {processor.py:183} INFO - Processing /opt/airflow/dags/scripts/loaders/load_laptops.py took 1.410 seconds
[2026-02-13T14:52:46.283+0000] {processor.py:161} INFO - Started process (PID=1078) to work on /opt/airflow/dags/scripts/loaders/load_laptops.py
[2026-02-13T14:52:46.286+0000] {processor.py:830} INFO - Processing file /opt/airflow/dags/scripts/loaders/load_laptops.py for tasks to queue
[2026-02-13T14:52:46.290+0000] {logging_mixin.py:188} INFO - [2026-02-13T14:52:46.290+0000] {dagbag.py:545} INFO - Filling up the DagBag from /opt/airflow/dags/scripts/loaders/load_laptops.py
[2026-02-13T14:52:46.918+0000] {logging_mixin.py:188} INFO - 🚀 Loading LAPTOPS data
[2026-02-13T14:52:47.468+0000] {logging_mixin.py:188} INFO - ✅ Laptops table refreshed successfully
[2026-02-13T14:52:47.468+0000] {processor.py:842} WARNING - No viable dags retrieved from /opt/airflow/dags/scripts/loaders/load_laptops.py
[2026-02-13T14:52:47.492+0000] {processor.py:183} INFO - Processing /opt/airflow/dags/scripts/loaders/load_laptops.py took 1.218 seconds
[2026-02-13T14:53:17.919+0000] {processor.py:161} INFO - Started process (PID=1107) to work on /opt/airflow/dags/scripts/loaders/load_laptops.py
[2026-02-13T14:53:17.921+0000] {processor.py:830} INFO - Processing file /opt/airflow/dags/scripts/loaders/load_laptops.py for tasks to queue
[2026-02-13T14:53:17.924+0000] {logging_mixin.py:188} INFO - [2026-02-13T14:53:17.923+0000] {dagbag.py:545} INFO - Filling up the DagBag from /opt/airflow/dags/scripts/loaders/load_laptops.py
[2026-02-13T14:53:18.355+0000] {logging_mixin.py:188} INFO - 🚀 Loading LAPTOPS data
[2026-02-13T14:53:18.877+0000] {logging_mixin.py:188} INFO - ✅ Laptops table refreshed successfully
[2026-02-13T14:53:18.878+0000] {processor.py:842} WARNING - No viable dags retrieved from /opt/airflow/dags/scripts/loaders/load_laptops.py
[2026-02-13T14:53:18.910+0000] {processor.py:183} INFO - Processing /opt/airflow/dags/scripts/loaders/load_laptops.py took 1.000 seconds
[2026-02-13T14:53:49.854+0000] {processor.py:161} INFO - Started process (PID=1136) to work on /opt/airflow/dags/scripts/loaders/load_laptops.py
[2026-02-13T14:53:49.859+0000] {processor.py:830} INFO - Processing file /opt/airflow/dags/scripts/loaders/load_laptops.py for tasks to queue
[2026-02-13T14:53:49.864+0000] {logging_mixin.py:188} INFO - [2026-02-13T14:53:49.863+0000] {dagbag.py:545} INFO - Filling up the DagBag from /opt/airflow/dags/scripts/loaders/load_laptops.py
[2026-02-13T14:53:50.326+0000] {logging_mixin.py:188} INFO - 🚀 Loading LAPTOPS data
[2026-02-13T14:53:50.818+0000] {logging_mixin.py:188} INFO - ✅ Laptops table refreshed successfully
[2026-02-13T14:53:50.820+0000] {processor.py:842} WARNING - No viable dags retrieved from /opt/airflow/dags/scripts/loaders/load_laptops.py
[2026-02-13T14:53:50.840+0000] {processor.py:183} INFO - Processing /opt/airflow/dags/scripts/loaders/load_laptops.py took 1.003 seconds
[2026-02-13T14:54:21.227+0000] {processor.py:161} INFO - Started process (PID=1165) to work on /opt/airflow/dags/scripts/loaders/load_laptops.py
[2026-02-13T14:54:21.229+0000] {processor.py:830} INFO - Processing file /opt/airflow/dags/scripts/loaders/load_laptops.py for tasks to queue
[2026-02-13T14:54:21.232+0000] {logging_mixin.py:188} INFO - [2026-02-13T14:54:21.232+0000] {dagbag.py:545} INFO - Filling up the DagBag from /opt/airflow/dags/scripts/loaders/load_laptops.py
[2026-02-13T14:54:21.718+0000] {logging_mixin.py:188} INFO - 🚀 Loading LAPTOPS data
[2026-02-13T14:54:22.343+0000] {logging_mixin.py:188} INFO - ✅ Laptops table refreshed successfully
[2026-02-13T14:54:22.345+0000] {processor.py:842} WARNING - No viable dags retrieved from /opt/airflow/dags/scripts/loaders/load_laptops.py
[2026-02-13T14:54:22.382+0000] {processor.py:183} INFO - Processing /opt/airflow/dags/scripts/loaders/load_laptops.py took 1.166 seconds
[2026-02-13T14:54:53.446+0000] {processor.py:161} INFO - Started process (PID=1194) to work on /opt/airflow/dags/scripts/loaders/load_laptops.py
[2026-02-13T14:54:53.448+0000] {processor.py:830} INFO - Processing file /opt/airflow/dags/scripts/loaders/load_laptops.py for tasks to queue
[2026-02-13T14:54:53.452+0000] {logging_mixin.py:188} INFO - [2026-02-13T14:54:53.451+0000] {dagbag.py:545} INFO - Filling up the DagBag from /opt/airflow/dags/scripts/loaders/load_laptops.py
[2026-02-13T14:54:53.995+0000] {logging_mixin.py:188} INFO - 🚀 Loading LAPTOPS data
[2026-02-13T14:54:54.478+0000] {logging_mixin.py:188} INFO - ✅ Laptops table refreshed successfully
[2026-02-13T14:54:54.479+0000] {processor.py:842} WARNING - No viable dags retrieved from /opt/airflow/dags/scripts/loaders/load_laptops.py
[2026-02-13T14:54:54.495+0000] {processor.py:183} INFO - Processing /opt/airflow/dags/scripts/loaders/load_laptops.py took 1.059 seconds
[2026-02-13T14:55:24.965+0000] {processor.py:161} INFO - Started process (PID=1223) to work on /opt/airflow/dags/scripts/loaders/load_laptops.py
[2026-02-13T14:55:24.975+0000] {processor.py:830} INFO - Processing file /opt/airflow/dags/scripts/loaders/load_laptops.py for tasks to queue
[2026-02-13T14:55:24.980+0000] {logging_mixin.py:188} INFO - [2026-02-13T14:55:24.979+0000] {dagbag.py:545} INFO - Filling up the DagBag from /opt/airflow/dags/scripts/loaders/load_laptops.py
[2026-02-13T14:55:25.690+0000] {logging_mixin.py:188} INFO - 🚀 Loading LAPTOPS data
[2026-02-13T14:55:26.378+0000] {logging_mixin.py:188} INFO - ✅ Laptops table refreshed successfully
[2026-02-13T14:55:26.379+0000] {processor.py:842} WARNING - No viable dags retrieved from /opt/airflow/dags/scripts/loaders/load_laptops.py
[2026-02-13T14:55:26.412+0000] {processor.py:183} INFO - Processing /opt/airflow/dags/scripts/loaders/load_laptops.py took 1.464 seconds
[2026-02-13T14:55:57.224+0000] {processor.py:161} INFO - Started process (PID=1252) to work on /opt/airflow/dags/scripts/loaders/load_laptops.py
[2026-02-13T14:55:57.228+0000] {processor.py:830} INFO - Processing file /opt/airflow/dags/scripts/loaders/load_laptops.py for tasks to queue
[2026-02-13T14:55:57.233+0000] {logging_mixin.py:188} INFO - [2026-02-13T14:55:57.233+0000] {dagbag.py:545} INFO - Filling up the DagBag from /opt/airflow/dags/scripts/loaders/load_laptops.py
[2026-02-13T14:55:57.799+0000] {logging_mixin.py:188} INFO - 🚀 Loading LAPTOPS data
[2026-02-13T14:55:58.346+0000] {logging_mixin.py:188} INFO - ✅ Laptops table refreshed successfully
[2026-02-13T14:55:58.347+0000] {processor.py:842} WARNING - No viable dags retrieved from /opt/airflow/dags/scripts/loaders/load_laptops.py
[2026-02-13T14:55:58.368+0000] {processor.py:183} INFO - Processing /opt/airflow/dags/scripts/loaders/load_laptops.py took 1.161 seconds
[2026-02-13T14:56:29.039+0000] {processor.py:161} INFO - Started process (PID=1284) to work on /opt/airflow/dags/scripts/loaders/load_laptops.py
[2026-02-13T14:56:29.041+0000] {processor.py:830} INFO - Processing file /opt/airflow/dags/scripts/loaders/load_laptops.py for tasks to queue
[2026-02-13T14:56:29.044+0000] {logging_mixin.py:188} INFO - [2026-02-13T14:56:29.044+0000] {dagbag.py:545} INFO - Filling up the DagBag from /opt/airflow/dags/scripts/loaders/load_laptops.py
[2026-02-13T14:56:29.763+0000] {logging_mixin.py:188} INFO - 🚀 Loading LAPTOPS data
[2026-02-13T14:56:30.651+0000] {logging_mixin.py:188} INFO - ✅ Laptops table refreshed successfully
[2026-02-13T14:56:30.653+0000] {processor.py:842} WARNING - No viable dags retrieved from /opt/airflow/dags/scripts/loaders/load_laptops.py
[2026-02-13T14:56:30.699+0000] {processor.py:183} INFO - Processing /opt/airflow/dags/scripts/loaders/load_laptops.py took 1.676 seconds
[2026-02-13T14:57:01.081+0000] {processor.py:161} INFO - Started process (PID=1313) to work on /opt/airflow/dags/scripts/loaders/load_laptops.py
[2026-02-13T14:57:01.083+0000] {processor.py:830} INFO - Processing file /opt/airflow/dags/scripts/loaders/load_laptops.py for tasks to queue
[2026-02-13T14:57:01.086+0000] {logging_mixin.py:188} INFO - [2026-02-13T14:57:01.086+0000] {dagbag.py:545} INFO - Filling up the DagBag from /opt/airflow/dags/scripts/loaders/load_laptops.py
[2026-02-13T14:57:01.643+0000] {logging_mixin.py:188} INFO - 🚀 Loading LAPTOPS data
[2026-02-13T14:57:02.157+0000] {logging_mixin.py:188} INFO - ✅ Laptops table refreshed successfully
[2026-02-13T14:57:02.158+0000] {processor.py:842} WARNING - No viable dags retrieved from /opt/airflow/dags/scripts/loaders/load_laptops.py
[2026-02-13T14:57:02.192+0000] {processor.py:183} INFO - Processing /opt/airflow/dags/scripts/loaders/load_laptops.py took 1.118 seconds
[2026-02-13T14:57:32.704+0000] {processor.py:161} INFO - Started process (PID=1342) to work on /opt/airflow/dags/scripts/loaders/load_laptops.py
[2026-02-13T14:57:32.707+0000] {processor.py:830} INFO - Processing file /opt/airflow/dags/scripts/loaders/load_laptops.py for tasks to queue
[2026-02-13T14:57:32.710+0000] {logging_mixin.py:188} INFO - [2026-02-13T14:57:32.710+0000] {dagbag.py:545} INFO - Filling up the DagBag from /opt/airflow/dags/scripts/loaders/load_laptops.py
[2026-02-13T14:57:33.311+0000] {logging_mixin.py:188} INFO - 🚀 Loading LAPTOPS data
[2026-02-13T14:57:33.921+0000] {logging_mixin.py:188} INFO - ✅ Laptops table refreshed successfully
[2026-02-13T14:57:33.923+0000] {processor.py:842} WARNING - No viable dags retrieved from /opt/airflow/dags/scripts/loaders/load_laptops.py
[2026-02-13T14:57:33.948+0000] {processor.py:183} INFO - Processing /opt/airflow/dags/scripts/loaders/load_laptops.py took 1.254 seconds
[2026-02-13T14:58:04.320+0000] {processor.py:161} INFO - Started process (PID=1371) to work on /opt/airflow/dags/scripts/loaders/load_laptops.py
[2026-02-13T14:58:04.323+0000] {processor.py:830} INFO - Processing file /opt/airflow/dags/scripts/loaders/load_laptops.py for tasks to queue
[2026-02-13T14:58:04.327+0000] {logging_mixin.py:188} INFO - [2026-02-13T14:58:04.326+0000] {dagbag.py:545} INFO - Filling up the DagBag from /opt/airflow/dags/scripts/loaders/load_laptops.py
[2026-02-13T14:58:05.007+0000] {logging_mixin.py:188} INFO - 🚀 Loading LAPTOPS data
[2026-02-13T14:58:05.723+0000] {logging_mixin.py:188} INFO - ✅ Laptops table refreshed successfully
[2026-02-13T14:58:05.725+0000] {processor.py:842} WARNING - No viable dags retrieved from /opt/airflow/dags/scripts/loaders/load_laptops.py
[2026-02-13T14:58:05.757+0000] {processor.py:183} INFO - Processing /opt/airflow/dags/scripts/loaders/load_laptops.py took 1.447 seconds
[2026-02-13T14:58:36.257+0000] {processor.py:161} INFO - Started process (PID=1400) to work on /opt/airflow/dags/scripts/loaders/load_laptops.py
[2026-02-13T14:58:36.259+0000] {processor.py:830} INFO - Processing file /opt/airflow/dags/scripts/loaders/load_laptops.py for tasks to queue
[2026-02-13T14:58:36.264+0000] {logging_mixin.py:188} INFO - [2026-02-13T14:58:36.263+0000] {dagbag.py:545} INFO - Filling up the DagBag from /opt/airflow/dags/scripts/loaders/load_laptops.py
[2026-02-13T14:58:36.874+0000] {logging_mixin.py:188} INFO - 🚀 Loading LAPTOPS data
[2026-02-13T14:58:37.523+0000] {logging_mixin.py:188} INFO - ✅ Laptops table refreshed successfully
[2026-02-13T14:58:37.525+0000] {processor.py:842} WARNING - No viable dags retrieved from /opt/airflow/dags/scripts/loaders/load_laptops.py
[2026-02-13T14:58:37.560+0000] {processor.py:183} INFO - Processing /opt/airflow/dags/scripts/loaders/load_laptops.py took 1.316 seconds
[2026-02-13T14:59:08.044+0000] {processor.py:161} INFO - Started process (PID=1429) to work on /opt/airflow/dags/scripts/loaders/load_laptops.py
[2026-02-13T14:59:08.047+0000] {processor.py:830} INFO - Processing file /opt/airflow/dags/scripts/loaders/load_laptops.py for tasks to queue
[2026-02-13T14:59:08.051+0000] {logging_mixin.py:188} INFO - [2026-02-13T14:59:08.050+0000] {dagbag.py:545} INFO - Filling up the DagBag from /opt/airflow/dags/scripts/loaders/load_laptops.py
[2026-02-13T14:59:08.695+0000] {logging_mixin.py:188} INFO - 🚀 Loading LAPTOPS data
[2026-02-13T14:59:09.436+0000] {logging_mixin.py:188} INFO - ✅ Laptops table refreshed successfully
[2026-02-13T14:59:09.437+0000] {processor.py:842} WARNING - No viable dags retrieved from /opt/airflow/dags/scripts/loaders/load_laptops.py
[2026-02-13T14:59:09.458+0000] {processor.py:183} INFO - Processing /opt/airflow/dags/scripts/loaders/load_laptops.py took 1.424 seconds
[2026-02-13T15:00:56.508+0000] {processor.py:161} INFO - Started process (PID=1455) to work on /opt/airflow/dags/scripts/loaders/load_laptops.py
[2026-02-13T15:00:56.521+0000] {processor.py:830} INFO - Processing file /opt/airflow/dags/scripts/loaders/load_laptops.py for tasks to queue
[2026-02-13T15:00:56.540+0000] {logging_mixin.py:188} INFO - [2026-02-13T15:00:56.538+0000] {dagbag.py:545} INFO - Filling up the DagBag from /opt/airflow/dags/scripts/loaders/load_laptops.py
[2026-02-13T15:01:00.852+0000] {logging_mixin.py:188} INFO - 🚀 Loading LAPTOPS data
[2026-02-13T15:01:09.290+0000] {logging_mixin.py:188} INFO - ✅ Laptops table refreshed successfully
[2026-02-13T15:01:09.299+0000] {processor.py:842} WARNING - No viable dags retrieved from /opt/airflow/dags/scripts/loaders/load_laptops.py
[2026-02-13T15:01:09.388+0000] {processor.py:183} INFO - Processing /opt/airflow/dags/scripts/loaders/load_laptops.py took 12.309 seconds
[2026-02-13T15:01:40.286+0000] {processor.py:161} INFO - Started process (PID=1483) to work on /opt/airflow/dags/scripts/loaders/load_laptops.py
[2026-02-13T15:01:40.291+0000] {processor.py:830} INFO - Processing file /opt/airflow/dags/scripts/loaders/load_laptops.py for tasks to queue
[2026-02-13T15:01:40.299+0000] {logging_mixin.py:188} INFO - [2026-02-13T15:01:40.297+0000] {dagbag.py:545} INFO - Filling up the DagBag from /opt/airflow/dags/scripts/loaders/load_laptops.py
[2026-02-13T15:01:41.179+0000] {logging_mixin.py:188} INFO - 🚀 Loading LAPTOPS data
[2026-02-13T15:01:42.458+0000] {logging_mixin.py:188} INFO - ✅ Laptops table refreshed successfully
[2026-02-13T15:01:42.461+0000] {processor.py:842} WARNING - No viable dags retrieved from /opt/airflow/dags/scripts/loaders/load_laptops.py
[2026-02-13T15:01:42.515+0000] {processor.py:183} INFO - Processing /opt/airflow/dags/scripts/loaders/load_laptops.py took 2.252 seconds
[2026-02-13T15:02:13.018+0000] {processor.py:161} INFO - Started process (PID=1509) to work on /opt/airflow/dags/scripts/loaders/load_laptops.py
[2026-02-13T15:02:13.025+0000] {processor.py:830} INFO - Processing file /opt/airflow/dags/scripts/loaders/load_laptops.py for tasks to queue
[2026-02-13T15:02:13.033+0000] {logging_mixin.py:188} INFO - [2026-02-13T15:02:13.032+0000] {dagbag.py:545} INFO - Filling up the DagBag from /opt/airflow/dags/scripts/loaders/load_laptops.py
[2026-02-13T15:02:13.840+0000] {logging_mixin.py:188} INFO - 🚀 Loading LAPTOPS data
[2026-02-13T15:02:14.622+0000] {logging_mixin.py:188} INFO - ✅ Laptops table refreshed successfully
[2026-02-13T15:02:14.623+0000] {processor.py:842} WARNING - No viable dags retrieved from /opt/airflow/dags/scripts/loaders/load_laptops.py
[2026-02-13T15:02:14.658+0000] {processor.py:183} INFO - Processing /opt/airflow/dags/scripts/loaders/load_laptops.py took 1.672 seconds
[2026-02-13T15:02:45.088+0000] {processor.py:161} INFO - Started process (PID=1538) to work on /opt/airflow/dags/scripts/loaders/load_laptops.py
[2026-02-13T15:02:45.106+0000] {processor.py:830} INFO - Processing file /opt/airflow/dags/scripts/loaders/load_laptops.py for tasks to queue
[2026-02-13T15:02:45.112+0000] {logging_mixin.py:188} INFO - [2026-02-13T15:02:45.111+0000] {dagbag.py:545} INFO - Filling up the DagBag from /opt/airflow/dags/scripts/loaders/load_laptops.py
[2026-02-13T15:02:46.180+0000] {logging_mixin.py:188} INFO - 🚀 Loading LAPTOPS data
[2026-02-13T15:02:47.248+0000] {logging_mixin.py:188} INFO - ✅ Laptops table refreshed successfully
[2026-02-13T15:02:47.250+0000] {processor.py:842} WARNING - No viable dags retrieved from /opt/airflow/dags/scripts/loaders/load_laptops.py
[2026-02-13T15:02:47.277+0000] {processor.py:183} INFO - Processing /opt/airflow/dags/scripts/loaders/load_laptops.py took 2.204 seconds
[2026-02-13T15:03:18.212+0000] {processor.py:161} INFO - Started process (PID=1570) to work on /opt/airflow/dags/scripts/loaders/load_laptops.py
[2026-02-13T15:03:18.222+0000] {processor.py:830} INFO - Processing file /opt/airflow/dags/scripts/loaders/load_laptops.py for tasks to queue
[2026-02-13T15:03:18.243+0000] {logging_mixin.py:188} INFO - [2026-02-13T15:03:18.235+0000] {dagbag.py:545} INFO - Filling up the DagBag from /opt/airflow/dags/scripts/loaders/load_laptops.py
[2026-02-13T15:03:21.559+0000] {logging_mixin.py:188} INFO - 🚀 Loading LAPTOPS data
[2026-02-13T15:03:24.707+0000] {logging_mixin.py:188} INFO - ✅ Laptops table refreshed successfully
[2026-02-13T15:03:24.709+0000] {processor.py:842} WARNING - No viable dags retrieved from /opt/airflow/dags/scripts/loaders/load_laptops.py
[2026-02-13T15:03:24.752+0000] {processor.py:183} INFO - Processing /opt/airflow/dags/scripts/loaders/load_laptops.py took 6.604 seconds
[2026-02-13T15:03:55.266+0000] {processor.py:161} INFO - Started process (PID=1599) to work on /opt/airflow/dags/scripts/loaders/load_laptops.py
[2026-02-13T15:03:55.270+0000] {processor.py:830} INFO - Processing file /opt/airflow/dags/scripts/loaders/load_laptops.py for tasks to queue
[2026-02-13T15:03:55.274+0000] {logging_mixin.py:188} INFO - [2026-02-13T15:03:55.273+0000] {dagbag.py:545} INFO - Filling up the DagBag from /opt/airflow/dags/scripts/loaders/load_laptops.py
[2026-02-13T15:03:55.855+0000] {logging_mixin.py:188} INFO - 🚀 Loading LAPTOPS data
[2026-02-13T15:03:56.401+0000] {logging_mixin.py:188} INFO - ✅ Laptops table refreshed successfully
[2026-02-13T15:03:56.403+0000] {processor.py:842} WARNING - No viable dags retrieved from /opt/airflow/dags/scripts/loaders/load_laptops.py
[2026-02-13T15:03:56.433+0000] {processor.py:183} INFO - Processing /opt/airflow/dags/scripts/loaders/load_laptops.py took 1.176 seconds
[2026-02-13T15:04:27.214+0000] {processor.py:161} INFO - Started process (PID=1628) to work on /opt/airflow/dags/scripts/loaders/load_laptops.py
[2026-02-13T15:04:27.220+0000] {processor.py:830} INFO - Processing file /opt/airflow/dags/scripts/loaders/load_laptops.py for tasks to queue
[2026-02-13T15:04:27.225+0000] {logging_mixin.py:188} INFO - [2026-02-13T15:04:27.224+0000] {dagbag.py:545} INFO - Filling up the DagBag from /opt/airflow/dags/scripts/loaders/load_laptops.py
[2026-02-13T15:04:27.679+0000] {logging_mixin.py:188} INFO - 🚀 Loading LAPTOPS data
[2026-02-13T15:04:28.241+0000] {logging_mixin.py:188} INFO - ✅ Laptops table refreshed successfully
[2026-02-13T15:04:28.250+0000] {processor.py:842} WARNING - No viable dags retrieved from /opt/airflow/dags/scripts/loaders/load_laptops.py
[2026-02-13T15:04:28.273+0000] {processor.py:183} INFO - Processing /opt/airflow/dags/scripts/loaders/load_laptops.py took 1.068 seconds
[2026-02-13T15:04:58.640+0000] {processor.py:161} INFO - Started process (PID=1657) to work on /opt/airflow/dags/scripts/loaders/load_laptops.py
[2026-02-13T15:04:58.642+0000] {processor.py:830} INFO - Processing file /opt/airflow/dags/scripts/loaders/load_laptops.py for tasks to queue
[2026-02-13T15:04:58.645+0000] {logging_mixin.py:188} INFO - [2026-02-13T15:04:58.645+0000] {dagbag.py:545} INFO - Filling up the DagBag from /opt/airflow/dags/scripts/loaders/load_laptops.py
[2026-02-13T15:04:59.191+0000] {logging_mixin.py:188} INFO - 🚀 Loading LAPTOPS data
[2026-02-13T15:04:59.807+0000] {logging_mixin.py:188} INFO - ✅ Laptops table refreshed successfully
[2026-02-13T15:04:59.809+0000] {processor.py:842} WARNING - No viable dags retrieved from /opt/airflow/dags/scripts/loaders/load_laptops.py
[2026-02-13T15:04:59.850+0000] {processor.py:183} INFO - Processing /opt/airflow/dags/scripts/loaders/load_laptops.py took 1.220 seconds
[2026-02-13T15:05:30.077+0000] {processor.py:161} INFO - Started process (PID=1683) to work on /opt/airflow/dags/scripts/loaders/load_laptops.py
[2026-02-13T15:05:30.080+0000] {processor.py:830} INFO - Processing file /opt/airflow/dags/scripts/loaders/load_laptops.py for tasks to queue
[2026-02-13T15:05:30.085+0000] {logging_mixin.py:188} INFO - [2026-02-13T15:05:30.084+0000] {dagbag.py:545} INFO - Filling up the DagBag from /opt/airflow/dags/scripts/loaders/load_laptops.py
[2026-02-13T15:05:30.689+0000] {logging_mixin.py:188} INFO - 🚀 Loading LAPTOPS data
[2026-02-13T15:05:31.403+0000] {logging_mixin.py:188} INFO - ✅ Laptops table refreshed successfully
[2026-02-13T15:05:31.405+0000] {processor.py:842} WARNING - No viable dags retrieved from /opt/airflow/dags/scripts/loaders/load_laptops.py
[2026-02-13T15:05:31.449+0000] {processor.py:183} INFO - Processing /opt/airflow/dags/scripts/loaders/load_laptops.py took 1.383 seconds
[2026-02-13T15:06:02.108+0000] {processor.py:161} INFO - Started process (PID=1712) to work on /opt/airflow/dags/scripts/loaders/load_laptops.py
[2026-02-13T15:06:02.114+0000] {processor.py:830} INFO - Processing file /opt/airflow/dags/scripts/loaders/load_laptops.py for tasks to queue
[2026-02-13T15:06:02.146+0000] {logging_mixin.py:188} INFO - [2026-02-13T15:06:02.137+0000] {dagbag.py:545} INFO - Filling up the DagBag from /opt/airflow/dags/scripts/loaders/load_laptops.py
[2026-02-13T15:06:04.413+0000] {logging_mixin.py:188} INFO - 🚀 Loading LAPTOPS data
[2026-02-13T15:06:08.763+0000] {logging_mixin.py:188} INFO - ✅ Laptops table refreshed successfully
[2026-02-13T15:06:08.765+0000] {processor.py:842} WARNING - No viable dags retrieved from /opt/airflow/dags/scripts/loaders/load_laptops.py
[2026-02-13T15:06:08.805+0000] {processor.py:183} INFO - Processing /opt/airflow/dags/scripts/loaders/load_laptops.py took 6.782 seconds
[2026-02-13T15:06:39.557+0000] {processor.py:161} INFO - Started process (PID=1744) to work on /opt/airflow/dags/scripts/loaders/load_laptops.py
[2026-02-13T15:06:39.561+0000] {processor.py:830} INFO - Processing file /opt/airflow/dags/scripts/loaders/load_laptops.py for tasks to queue
[2026-02-13T15:06:39.565+0000] {logging_mixin.py:188} INFO - [2026-02-13T15:06:39.565+0000] {dagbag.py:545} INFO - Filling up the DagBag from /opt/airflow/dags/scripts/loaders/load_laptops.py
[2026-02-13T15:06:40.125+0000] {logging_mixin.py:188} INFO - 🚀 Loading LAPTOPS data
[2026-02-13T15:06:40.877+0000] {logging_mixin.py:188} INFO - ✅ Laptops table refreshed successfully
[2026-02-13T15:06:40.879+0000] {processor.py:842} WARNING - No viable dags retrieved from /opt/airflow/dags/scripts/loaders/load_laptops.py
[2026-02-13T15:06:40.920+0000] {processor.py:183} INFO - Processing /opt/airflow/dags/scripts/loaders/load_laptops.py took 1.373 seconds
[2026-02-13T15:07:11.727+0000] {processor.py:161} INFO - Started process (PID=1772) to work on /opt/airflow/dags/scripts/loaders/load_laptops.py
[2026-02-13T15:07:11.737+0000] {processor.py:830} INFO - Processing file /opt/airflow/dags/scripts/loaders/load_laptops.py for tasks to queue
[2026-02-13T15:07:11.783+0000] {logging_mixin.py:188} INFO - [2026-02-13T15:07:11.775+0000] {dagbag.py:545} INFO - Filling up the DagBag from /opt/airflow/dags/scripts/loaders/load_laptops.py
[2026-02-13T15:07:14.118+0000] {logging_mixin.py:188} INFO - 🚀 Loading LAPTOPS data
[2026-02-13T15:07:18.150+0000] {logging_mixin.py:188} INFO - ✅ Laptops table refreshed successfully
[2026-02-13T15:07:18.152+0000] {processor.py:842} WARNING - No viable dags retrieved from /opt/airflow/dags/scripts/loaders/load_laptops.py
[2026-02-13T15:07:18.207+0000] {processor.py:183} INFO - Processing /opt/airflow/dags/scripts/loaders/load_laptops.py took 6.590 seconds
[2026-02-13T15:07:49.285+0000] {processor.py:161} INFO - Started process (PID=1802) to work on /opt/airflow/dags/scripts/loaders/load_laptops.py
[2026-02-13T15:07:49.289+0000] {processor.py:830} INFO - Processing file /opt/airflow/dags/scripts/loaders/load_laptops.py for tasks to queue
[2026-02-13T15:07:49.292+0000] {logging_mixin.py:188} INFO - [2026-02-13T15:07:49.291+0000] {dagbag.py:545} INFO - Filling up the DagBag from /opt/airflow/dags/scripts/loaders/load_laptops.py
[2026-02-13T15:07:49.879+0000] {logging_mixin.py:188} INFO - 🚀 Loading LAPTOPS data
[2026-02-13T15:07:50.542+0000] {logging_mixin.py:188} INFO - ✅ Laptops table refreshed successfully
[2026-02-13T15:07:50.544+0000] {processor.py:842} WARNING - No viable dags retrieved from /opt/airflow/dags/scripts/loaders/load_laptops.py
[2026-02-13T15:07:50.582+0000] {processor.py:183} INFO - Processing /opt/airflow/dags/scripts/loaders/load_laptops.py took 1.306 seconds
[2026-02-13T15:08:21.210+0000] {processor.py:161} INFO - Started process (PID=1831) to work on /opt/airflow/dags/scripts/loaders/load_laptops.py
[2026-02-13T15:08:21.213+0000] {processor.py:830} INFO - Processing file /opt/airflow/dags/scripts/loaders/load_laptops.py for tasks to queue
[2026-02-13T15:08:21.216+0000] {logging_mixin.py:188} INFO - [2026-02-13T15:08:21.216+0000] {dagbag.py:545} INFO - Filling up the DagBag from /opt/airflow/dags/scripts/loaders/load_laptops.py
[2026-02-13T15:08:21.817+0000] {logging_mixin.py:188} INFO - 🚀 Loading LAPTOPS data
[2026-02-13T15:08:22.567+0000] {logging_mixin.py:188} INFO - ✅ Laptops table refreshed successfully
[2026-02-13T15:08:22.569+0000] {processor.py:842} WARNING - No viable dags retrieved from /opt/airflow/dags/scripts/loaders/load_laptops.py
[2026-02-13T15:08:22.605+0000] {processor.py:183} INFO - Processing /opt/airflow/dags/scripts/loaders/load_laptops.py took 1.404 seconds
[2026-02-13T15:08:53.240+0000] {processor.py:161} INFO - Started process (PID=1860) to work on /opt/airflow/dags/scripts/loaders/load_laptops.py
[2026-02-13T15:08:53.243+0000] {processor.py:830} INFO - Processing file /opt/airflow/dags/scripts/loaders/load_laptops.py for tasks to queue
[2026-02-13T15:08:53.246+0000] {logging_mixin.py:188} INFO - [2026-02-13T15:08:53.245+0000] {dagbag.py:545} INFO - Filling up the DagBag from /opt/airflow/dags/scripts/loaders/load_laptops.py
[2026-02-13T15:08:53.671+0000] {logging_mixin.py:188} INFO - 🚀 Loading LAPTOPS data
[2026-02-13T15:08:55.320+0000] {logging_mixin.py:188} INFO - ✅ Laptops table refreshed successfully
[2026-02-13T15:08:55.322+0000] {processor.py:842} WARNING - No viable dags retrieved from /opt/airflow/dags/scripts/loaders/load_laptops.py
[2026-02-13T15:08:55.359+0000] {processor.py:183} INFO - Processing /opt/airflow/dags/scripts/loaders/load_laptops.py took 2.128 seconds
[2026-02-13T15:09:25.721+0000] {processor.py:161} INFO - Started process (PID=1889) to work on /opt/airflow/dags/scripts/loaders/load_laptops.py
[2026-02-13T15:09:25.723+0000] {processor.py:830} INFO - Processing file /opt/airflow/dags/scripts/loaders/load_laptops.py for tasks to queue
[2026-02-13T15:09:25.726+0000] {logging_mixin.py:188} INFO - [2026-02-13T15:09:25.726+0000] {dagbag.py:545} INFO - Filling up the DagBag from /opt/airflow/dags/scripts/loaders/load_laptops.py
[2026-02-13T15:09:26.084+0000] {logging_mixin.py:188} INFO - 🚀 Loading LAPTOPS data
[2026-02-13T15:09:26.615+0000] {logging_mixin.py:188} INFO - ✅ Laptops table refreshed successfully
[2026-02-13T15:09:26.617+0000] {processor.py:842} WARNING - No viable dags retrieved from /opt/airflow/dags/scripts/loaders/load_laptops.py
[2026-02-13T15:09:26.641+0000] {processor.py:183} INFO - Processing /opt/airflow/dags/scripts/loaders/load_laptops.py took 0.927 seconds
[2026-02-13T15:09:57.228+0000] {processor.py:161} INFO - Started process (PID=1918) to work on /opt/airflow/dags/scripts/loaders/load_laptops.py
[2026-02-13T15:09:57.230+0000] {processor.py:830} INFO - Processing file /opt/airflow/dags/scripts/loaders/load_laptops.py for tasks to queue
[2026-02-13T15:09:57.234+0000] {logging_mixin.py:188} INFO - [2026-02-13T15:09:57.233+0000] {dagbag.py:545} INFO - Filling up the DagBag from /opt/airflow/dags/scripts/loaders/load_laptops.py
[2026-02-13T15:09:57.656+0000] {logging_mixin.py:188} INFO - 🚀 Loading LAPTOPS data
[2026-02-13T15:09:58.105+0000] {logging_mixin.py:188} INFO - ✅ Laptops table refreshed successfully
[2026-02-13T15:09:58.107+0000] {processor.py:842} WARNING - No viable dags retrieved from /opt/airflow/dags/scripts/loaders/load_laptops.py
[2026-02-13T15:09:58.130+0000] {processor.py:183} INFO - Processing /opt/airflow/dags/scripts/loaders/load_laptops.py took 0.912 seconds
[2026-02-13T15:10:28.386+0000] {processor.py:161} INFO - Started process (PID=1947) to work on /opt/airflow/dags/scripts/loaders/load_laptops.py
[2026-02-13T15:10:28.388+0000] {processor.py:830} INFO - Processing file /opt/airflow/dags/scripts/loaders/load_laptops.py for tasks to queue
[2026-02-13T15:10:28.390+0000] {logging_mixin.py:188} INFO - [2026-02-13T15:10:28.390+0000] {dagbag.py:545} INFO - Filling up the DagBag from /opt/airflow/dags/scripts/loaders/load_laptops.py
[2026-02-13T15:10:28.792+0000] {logging_mixin.py:188} INFO - 🚀 Loading LAPTOPS data
[2026-02-13T15:10:29.198+0000] {logging_mixin.py:188} INFO - ✅ Laptops table refreshed successfully
[2026-02-13T15:10:29.200+0000] {processor.py:842} WARNING - No viable dags retrieved from /opt/airflow/dags/scripts/loaders/load_laptops.py
[2026-02-13T15:10:29.231+0000] {processor.py:183} INFO - Processing /opt/airflow/dags/scripts/loaders/load_laptops.py took 0.852 seconds
[2026-02-13T15:10:59.764+0000] {processor.py:161} INFO - Started process (PID=1976) to work on /opt/airflow/dags/scripts/loaders/load_laptops.py
[2026-02-13T15:10:59.767+0000] {processor.py:830} INFO - Processing file /opt/airflow/dags/scripts/loaders/load_laptops.py for tasks to queue
[2026-02-13T15:10:59.772+0000] {logging_mixin.py:188} INFO - [2026-02-13T15:10:59.770+0000] {dagbag.py:545} INFO - Filling up the DagBag from /opt/airflow/dags/scripts/loaders/load_laptops.py
[2026-02-13T15:11:00.311+0000] {logging_mixin.py:188} INFO - 🚀 Loading LAPTOPS data
[2026-02-13T15:11:00.840+0000] {logging_mixin.py:188} INFO - ✅ Laptops table refreshed successfully
[2026-02-13T15:11:00.841+0000] {processor.py:842} WARNING - No viable dags retrieved from /opt/airflow/dags/scripts/loaders/load_laptops.py
[2026-02-13T15:11:00.862+0000] {processor.py:183} INFO - Processing /opt/airflow/dags/scripts/loaders/load_laptops.py took 1.110 seconds
[2026-02-13T15:11:31.055+0000] {processor.py:161} INFO - Started process (PID=2002) to work on /opt/airflow/dags/scripts/loaders/load_laptops.py
[2026-02-13T15:11:31.057+0000] {processor.py:830} INFO - Processing file /opt/airflow/dags/scripts/loaders/load_laptops.py for tasks to queue
[2026-02-13T15:11:31.060+0000] {logging_mixin.py:188} INFO - [2026-02-13T15:11:31.060+0000] {dagbag.py:545} INFO - Filling up the DagBag from /opt/airflow/dags/scripts/loaders/load_laptops.py
[2026-02-13T15:11:31.397+0000] {logging_mixin.py:188} INFO - 🚀 Loading LAPTOPS data
[2026-02-13T15:11:31.937+0000] {logging_mixin.py:188} INFO - ✅ Laptops table refreshed successfully
[2026-02-13T15:11:31.939+0000] {processor.py:842} WARNING - No viable dags retrieved from /opt/airflow/dags/scripts/loaders/load_laptops.py
[2026-02-13T15:11:31.975+0000] {processor.py:183} INFO - Processing /opt/airflow/dags/scripts/loaders/load_laptops.py took 0.935 seconds
[2026-02-13T15:12:03.946+0000] {processor.py:161} INFO - Started process (PID=2047) to work on /opt/airflow/dags/scripts/loaders/load_laptops.py
[2026-02-13T15:12:03.948+0000] {processor.py:830} INFO - Processing file /opt/airflow/dags/scripts/loaders/load_laptops.py for tasks to queue
[2026-02-13T15:12:03.952+0000] {logging_mixin.py:188} INFO - [2026-02-13T15:12:03.952+0000] {dagbag.py:545} INFO - Filling up the DagBag from /opt/airflow/dags/scripts/loaders/load_laptops.py
[2026-02-13T15:12:04.306+0000] {logging_mixin.py:188} INFO - 🚀 Loading LAPTOPS data
[2026-02-13T15:12:04.661+0000] {logging_mixin.py:188} INFO - ✅ Laptops table refreshed successfully
[2026-02-13T15:12:04.662+0000] {processor.py:842} WARNING - No viable dags retrieved from /opt/airflow/dags/scripts/loaders/load_laptops.py
[2026-02-13T15:12:04.696+0000] {processor.py:183} INFO - Processing /opt/airflow/dags/scripts/loaders/load_laptops.py took 0.756 seconds
[2026-02-13T15:12:35.323+0000] {processor.py:161} INFO - Started process (PID=2076) to work on /opt/airflow/dags/scripts/loaders/load_laptops.py
[2026-02-13T15:12:35.325+0000] {processor.py:830} INFO - Processing file /opt/airflow/dags/scripts/loaders/load_laptops.py for tasks to queue
[2026-02-13T15:12:35.329+0000] {logging_mixin.py:188} INFO - [2026-02-13T15:12:35.328+0000] {dagbag.py:545} INFO - Filling up the DagBag from /opt/airflow/dags/scripts/loaders/load_laptops.py
[2026-02-13T15:12:35.714+0000] {logging_mixin.py:188} INFO - 🚀 Loading LAPTOPS data
[2026-02-13T15:12:36.120+0000] {logging_mixin.py:188} INFO - ✅ Laptops table refreshed successfully
[2026-02-13T15:12:36.122+0000] {processor.py:842} WARNING - No viable dags retrieved from /opt/airflow/dags/scripts/loaders/load_laptops.py
[2026-02-13T15:12:36.149+0000] {processor.py:183} INFO - Processing /opt/airflow/dags/scripts/loaders/load_laptops.py took 0.833 seconds
[2026-02-13T15:13:06.988+0000] {processor.py:161} INFO - Started process (PID=2110) to work on /opt/airflow/dags/scripts/loaders/load_laptops.py
[2026-02-13T15:13:06.990+0000] {processor.py:830} INFO - Processing file /opt/airflow/dags/scripts/loaders/load_laptops.py for tasks to queue
[2026-02-13T15:13:06.993+0000] {logging_mixin.py:188} INFO - [2026-02-13T15:13:06.993+0000] {dagbag.py:545} INFO - Filling up the DagBag from /opt/airflow/dags/scripts/loaders/load_laptops.py
[2026-02-13T15:13:07.332+0000] {logging_mixin.py:188} INFO - 🚀 Loading LAPTOPS data
[2026-02-13T15:13:07.725+0000] {logging_mixin.py:188} INFO - ✅ Laptops table refreshed successfully
[2026-02-13T15:13:07.727+0000] {processor.py:842} WARNING - No viable dags retrieved from /opt/airflow/dags/scripts/loaders/load_laptops.py
[2026-02-13T15:13:07.758+0000] {processor.py:183} INFO - Processing /opt/airflow/dags/scripts/loaders/load_laptops.py took 0.784 seconds
[2026-02-13T15:13:38.145+0000] {processor.py:161} INFO - Started process (PID=2141) to work on /opt/airflow/dags/scripts/loaders/load_laptops.py
[2026-02-13T15:13:38.146+0000] {processor.py:830} INFO - Processing file /opt/airflow/dags/scripts/loaders/load_laptops.py for tasks to queue
[2026-02-13T15:13:38.149+0000] {logging_mixin.py:188} INFO - [2026-02-13T15:13:38.148+0000] {dagbag.py:545} INFO - Filling up the DagBag from /opt/airflow/dags/scripts/loaders/load_laptops.py
[2026-02-13T15:13:38.439+0000] {logging_mixin.py:188} INFO - 🚀 Loading LAPTOPS data
[2026-02-13T15:13:38.753+0000] {logging_mixin.py:188} INFO - ✅ Laptops table refreshed successfully
[2026-02-13T15:13:38.755+0000] {processor.py:842} WARNING - No viable dags retrieved from /opt/airflow/dags/scripts/loaders/load_laptops.py
[2026-02-13T15:13:38.768+0000] {processor.py:183} INFO - Processing /opt/airflow/dags/scripts/loaders/load_laptops.py took 0.631 seconds
[2026-02-13T15:14:09.216+0000] {processor.py:161} INFO - Started process (PID=2168) to work on /opt/airflow/dags/scripts/loaders/load_laptops.py
[2026-02-13T15:14:09.218+0000] {processor.py:830} INFO - Processing file /opt/airflow/dags/scripts/loaders/load_laptops.py for tasks to queue
[2026-02-13T15:14:09.221+0000] {logging_mixin.py:188} INFO - [2026-02-13T15:14:09.221+0000] {dagbag.py:545} INFO - Filling up the DagBag from /opt/airflow/dags/scripts/loaders/load_laptops.py
[2026-02-13T15:14:09.573+0000] {logging_mixin.py:188} INFO - 🚀 Loading LAPTOPS data
[2026-02-13T15:14:09.884+0000] {logging_mixin.py:188} INFO - ✅ Laptops table refreshed successfully
[2026-02-13T15:14:09.885+0000] {processor.py:842} WARNING - No viable dags retrieved from /opt/airflow/dags/scripts/loaders/load_laptops.py
[2026-02-13T15:14:09.897+0000] {processor.py:183} INFO - Processing /opt/airflow/dags/scripts/loaders/load_laptops.py took 0.689 seconds
[2026-02-13T15:14:40.384+0000] {processor.py:161} INFO - Started process (PID=2197) to work on /opt/airflow/dags/scripts/loaders/load_laptops.py
[2026-02-13T15:14:40.387+0000] {processor.py:830} INFO - Processing file /opt/airflow/dags/scripts/loaders/load_laptops.py for tasks to queue
[2026-02-13T15:14:40.389+0000] {logging_mixin.py:188} INFO - [2026-02-13T15:14:40.389+0000] {dagbag.py:545} INFO - Filling up the DagBag from /opt/airflow/dags/scripts/loaders/load_laptops.py
[2026-02-13T15:14:40.745+0000] {logging_mixin.py:188} INFO - 🚀 Loading LAPTOPS data
[2026-02-13T15:14:41.103+0000] {logging_mixin.py:188} INFO - ✅ Laptops table refreshed successfully
[2026-02-13T15:14:41.104+0000] {processor.py:842} WARNING - No viable dags retrieved from /opt/airflow/dags/scripts/loaders/load_laptops.py
[2026-02-13T15:14:41.115+0000] {processor.py:183} INFO - Processing /opt/airflow/dags/scripts/loaders/load_laptops.py took 0.739 seconds
[2026-02-13T15:15:11.510+0000] {processor.py:161} INFO - Started process (PID=2226) to work on /opt/airflow/dags/scripts/loaders/load_laptops.py
[2026-02-13T15:15:11.512+0000] {processor.py:830} INFO - Processing file /opt/airflow/dags/scripts/loaders/load_laptops.py for tasks to queue
[2026-02-13T15:15:11.514+0000] {logging_mixin.py:188} INFO - [2026-02-13T15:15:11.514+0000] {dagbag.py:545} INFO - Filling up the DagBag from /opt/airflow/dags/scripts/loaders/load_laptops.py
[2026-02-13T15:15:11.842+0000] {logging_mixin.py:188} INFO - 🚀 Loading LAPTOPS data
[2026-02-13T15:15:12.193+0000] {logging_mixin.py:188} INFO - ✅ Laptops table refreshed successfully
[2026-02-13T15:15:12.194+0000] {processor.py:842} WARNING - No viable dags retrieved from /opt/airflow/dags/scripts/loaders/load_laptops.py
[2026-02-13T15:15:12.207+0000] {processor.py:183} INFO - Processing /opt/airflow/dags/scripts/loaders/load_laptops.py took 0.705 seconds
[2026-02-13T15:15:42.802+0000] {processor.py:161} INFO - Started process (PID=2255) to work on /opt/airflow/dags/scripts/loaders/load_laptops.py
[2026-02-13T15:15:42.803+0000] {processor.py:830} INFO - Processing file /opt/airflow/dags/scripts/loaders/load_laptops.py for tasks to queue
[2026-02-13T15:15:42.807+0000] {logging_mixin.py:188} INFO - [2026-02-13T15:15:42.807+0000] {dagbag.py:545} INFO - Filling up the DagBag from /opt/airflow/dags/scripts/loaders/load_laptops.py
[2026-02-13T15:15:43.141+0000] {logging_mixin.py:188} INFO - 🚀 Loading LAPTOPS data
[2026-02-13T15:15:43.474+0000] {logging_mixin.py:188} INFO - ✅ Laptops table refreshed successfully
[2026-02-13T15:15:43.475+0000] {processor.py:842} WARNING - No viable dags retrieved from /opt/airflow/dags/scripts/loaders/load_laptops.py
[2026-02-13T15:15:43.493+0000] {processor.py:183} INFO - Processing /opt/airflow/dags/scripts/loaders/load_laptops.py took 0.701 seconds
[2026-02-13T15:16:13.890+0000] {processor.py:161} INFO - Started process (PID=2286) to work on /opt/airflow/dags/scripts/loaders/load_laptops.py
[2026-02-13T15:16:13.892+0000] {processor.py:830} INFO - Processing file /opt/airflow/dags/scripts/loaders/load_laptops.py for tasks to queue
[2026-02-13T15:16:13.895+0000] {logging_mixin.py:188} INFO - [2026-02-13T15:16:13.895+0000] {dagbag.py:545} INFO - Filling up the DagBag from /opt/airflow/dags/scripts/loaders/load_laptops.py
[2026-02-13T15:16:14.189+0000] {logging_mixin.py:188} INFO - 🚀 Loading LAPTOPS data
[2026-02-13T15:16:14.468+0000] {logging_mixin.py:188} INFO - ✅ Laptops table refreshed successfully
[2026-02-13T15:16:14.469+0000] {processor.py:842} WARNING - No viable dags retrieved from /opt/airflow/dags/scripts/loaders/load_laptops.py
[2026-02-13T15:16:14.483+0000] {processor.py:183} INFO - Processing /opt/airflow/dags/scripts/loaders/load_laptops.py took 0.602 seconds
[2026-02-13T15:16:44.600+0000] {processor.py:161} INFO - Started process (PID=2313) to work on /opt/airflow/dags/scripts/loaders/load_laptops.py
[2026-02-13T15:16:44.602+0000] {processor.py:830} INFO - Processing file /opt/airflow/dags/scripts/loaders/load_laptops.py for tasks to queue
[2026-02-13T15:16:44.604+0000] {logging_mixin.py:188} INFO - [2026-02-13T15:16:44.604+0000] {dagbag.py:545} INFO - Filling up the DagBag from /opt/airflow/dags/scripts/loaders/load_laptops.py
[2026-02-13T15:16:44.941+0000] {logging_mixin.py:188} INFO - 🚀 Loading LAPTOPS data
[2026-02-13T15:16:45.344+0000] {logging_mixin.py:188} INFO - ✅ Laptops table refreshed successfully
[2026-02-13T15:16:45.346+0000] {processor.py:842} WARNING - No viable dags retrieved from /opt/airflow/dags/scripts/loaders/load_laptops.py
[2026-02-13T15:16:45.362+0000] {processor.py:183} INFO - Processing /opt/airflow/dags/scripts/loaders/load_laptops.py took 0.768 seconds
[2026-02-13T15:17:16.007+0000] {processor.py:161} INFO - Started process (PID=2342) to work on /opt/airflow/dags/scripts/loaders/load_laptops.py
[2026-02-13T15:17:16.009+0000] {processor.py:830} INFO - Processing file /opt/airflow/dags/scripts/loaders/load_laptops.py for tasks to queue
[2026-02-13T15:17:16.012+0000] {logging_mixin.py:188} INFO - [2026-02-13T15:17:16.012+0000] {dagbag.py:545} INFO - Filling up the DagBag from /opt/airflow/dags/scripts/loaders/load_laptops.py
[2026-02-13T15:17:16.378+0000] {logging_mixin.py:188} INFO - 🚀 Loading LAPTOPS data
[2026-02-13T15:17:16.699+0000] {logging_mixin.py:188} INFO - ✅ Laptops table refreshed successfully
[2026-02-13T15:17:16.700+0000] {processor.py:842} WARNING - No viable dags retrieved from /opt/airflow/dags/scripts/loaders/load_laptops.py
[2026-02-13T15:17:16.712+0000] {processor.py:183} INFO - Processing /opt/airflow/dags/scripts/loaders/load_laptops.py took 0.715 seconds
[2026-02-13T15:17:47.002+0000] {processor.py:161} INFO - Started process (PID=2370) to work on /opt/airflow/dags/scripts/loaders/load_laptops.py
[2026-02-13T15:17:47.007+0000] {processor.py:830} INFO - Processing file /opt/airflow/dags/scripts/loaders/load_laptops.py for tasks to queue
[2026-02-13T15:17:47.014+0000] {logging_mixin.py:188} INFO - [2026-02-13T15:17:47.013+0000] {dagbag.py:545} INFO - Filling up the DagBag from /opt/airflow/dags/scripts/loaders/load_laptops.py
[2026-02-13T15:17:47.522+0000] {logging_mixin.py:188} INFO - 🚀 Loading LAPTOPS data
[2026-02-13T15:17:47.925+0000] {logging_mixin.py:188} INFO - ✅ Laptops table refreshed successfully
[2026-02-13T15:17:47.927+0000] {processor.py:842} WARNING - No viable dags retrieved from /opt/airflow/dags/scripts/loaders/load_laptops.py
[2026-02-13T15:17:47.943+0000] {processor.py:183} INFO - Processing /opt/airflow/dags/scripts/loaders/load_laptops.py took 0.965 seconds
[2026-02-13T15:18:18.977+0000] {processor.py:161} INFO - Started process (PID=2399) to work on /opt/airflow/dags/scripts/loaders/load_laptops.py
[2026-02-13T15:18:18.979+0000] {processor.py:830} INFO - Processing file /opt/airflow/dags/scripts/loaders/load_laptops.py for tasks to queue
[2026-02-13T15:18:18.983+0000] {logging_mixin.py:188} INFO - [2026-02-13T15:18:18.982+0000] {dagbag.py:545} INFO - Filling up the DagBag from /opt/airflow/dags/scripts/loaders/load_laptops.py
[2026-02-13T15:18:20.154+0000] {logging_mixin.py:188} INFO - 🚀 Loading LAPTOPS data
[2026-02-13T15:18:20.893+0000] {logging_mixin.py:188} INFO - ✅ Laptops table refreshed successfully
[2026-02-13T15:18:20.895+0000] {processor.py:842} WARNING - No viable dags retrieved from /opt/airflow/dags/scripts/loaders/load_laptops.py
[2026-02-13T15:18:20.941+0000] {processor.py:183} INFO - Processing /opt/airflow/dags/scripts/loaders/load_laptops.py took 1.971 seconds
[2026-02-13T15:18:51.563+0000] {processor.py:161} INFO - Started process (PID=2423) to work on /opt/airflow/dags/scripts/loaders/load_laptops.py
[2026-02-13T15:18:51.571+0000] {processor.py:830} INFO - Processing file /opt/airflow/dags/scripts/loaders/load_laptops.py for tasks to queue
[2026-02-13T15:18:51.580+0000] {logging_mixin.py:188} INFO - [2026-02-13T15:18:51.578+0000] {dagbag.py:545} INFO - Filling up the DagBag from /opt/airflow/dags/scripts/loaders/load_laptops.py
[2026-02-13T15:18:52.638+0000] {logging_mixin.py:188} INFO - 🚀 Loading LAPTOPS data
[2026-02-13T15:18:54.762+0000] {logging_mixin.py:188} INFO - ✅ Laptops table refreshed successfully
[2026-02-13T15:18:54.763+0000] {processor.py:842} WARNING - No viable dags retrieved from /opt/airflow/dags/scripts/loaders/load_laptops.py
[2026-02-13T15:18:54.805+0000] {processor.py:183} INFO - Processing /opt/airflow/dags/scripts/loaders/load_laptops.py took 3.261 seconds
[2026-02-13T15:19:25.631+0000] {processor.py:161} INFO - Started process (PID=2451) to work on /opt/airflow/dags/scripts/loaders/load_laptops.py
[2026-02-13T15:19:25.635+0000] {processor.py:830} INFO - Processing file /opt/airflow/dags/scripts/loaders/load_laptops.py for tasks to queue
[2026-02-13T15:19:25.639+0000] {logging_mixin.py:188} INFO - [2026-02-13T15:19:25.638+0000] {dagbag.py:545} INFO - Filling up the DagBag from /opt/airflow/dags/scripts/loaders/load_laptops.py
[2026-02-13T15:19:26.216+0000] {logging_mixin.py:188} INFO - 🚀 Loading LAPTOPS data
[2026-02-13T15:19:26.843+0000] {logging_mixin.py:188} INFO - ✅ Laptops table refreshed successfully
[2026-02-13T15:19:26.844+0000] {processor.py:842} WARNING - No viable dags retrieved from /opt/airflow/dags/scripts/loaders/load_laptops.py
[2026-02-13T15:19:26.870+0000] {processor.py:183} INFO - Processing /opt/airflow/dags/scripts/loaders/load_laptops.py took 1.251 seconds
[2026-02-13T15:19:57.317+0000] {processor.py:161} INFO - Started process (PID=2481) to work on /opt/airflow/dags/scripts/loaders/load_laptops.py
[2026-02-13T15:19:57.320+0000] {processor.py:830} INFO - Processing file /opt/airflow/dags/scripts/loaders/load_laptops.py for tasks to queue
[2026-02-13T15:19:57.323+0000] {logging_mixin.py:188} INFO - [2026-02-13T15:19:57.322+0000] {dagbag.py:545} INFO - Filling up the DagBag from /opt/airflow/dags/scripts/loaders/load_laptops.py
[2026-02-13T15:19:57.843+0000] {logging_mixin.py:188} INFO - 🚀 Loading LAPTOPS data
[2026-02-13T15:19:58.367+0000] {logging_mixin.py:188} INFO - ✅ Laptops table refreshed successfully
[2026-02-13T15:19:58.369+0000] {processor.py:842} WARNING - No viable dags retrieved from /opt/airflow/dags/scripts/loaders/load_laptops.py
[2026-02-13T15:19:58.394+0000] {processor.py:183} INFO - Processing /opt/airflow/dags/scripts/loaders/load_laptops.py took 1.091 seconds
[2026-02-13T15:20:28.713+0000] {processor.py:161} INFO - Started process (PID=2509) to work on /opt/airflow/dags/scripts/loaders/load_laptops.py
[2026-02-13T15:20:28.715+0000] {processor.py:830} INFO - Processing file /opt/airflow/dags/scripts/loaders/load_laptops.py for tasks to queue
[2026-02-13T15:20:28.721+0000] {logging_mixin.py:188} INFO - [2026-02-13T15:20:28.720+0000] {dagbag.py:545} INFO - Filling up the DagBag from /opt/airflow/dags/scripts/loaders/load_laptops.py
[2026-02-13T15:20:29.117+0000] {logging_mixin.py:188} INFO - 🚀 Loading LAPTOPS data
[2026-02-13T15:20:29.573+0000] {logging_mixin.py:188} INFO - ✅ Laptops table refreshed successfully
[2026-02-13T15:20:29.574+0000] {processor.py:842} WARNING - No viable dags retrieved from /opt/airflow/dags/scripts/loaders/load_laptops.py
[2026-02-13T15:20:29.591+0000] {processor.py:183} INFO - Processing /opt/airflow/dags/scripts/loaders/load_laptops.py took 0.884 seconds
[2026-02-13T15:21:00.192+0000] {processor.py:161} INFO - Started process (PID=2538) to work on /opt/airflow/dags/scripts/loaders/load_laptops.py
[2026-02-13T15:21:00.196+0000] {processor.py:830} INFO - Processing file /opt/airflow/dags/scripts/loaders/load_laptops.py for tasks to queue
[2026-02-13T15:21:00.202+0000] {logging_mixin.py:188} INFO - [2026-02-13T15:21:00.201+0000] {dagbag.py:545} INFO - Filling up the DagBag from /opt/airflow/dags/scripts/loaders/load_laptops.py
[2026-02-13T15:21:00.688+0000] {logging_mixin.py:188} INFO - 🚀 Loading LAPTOPS data
[2026-02-13T15:21:01.225+0000] {logging_mixin.py:188} INFO - ✅ Laptops table refreshed successfully
[2026-02-13T15:21:01.227+0000] {processor.py:842} WARNING - No viable dags retrieved from /opt/airflow/dags/scripts/loaders/load_laptops.py
[2026-02-13T15:21:01.262+0000] {processor.py:183} INFO - Processing /opt/airflow/dags/scripts/loaders/load_laptops.py took 1.079 seconds
[2026-02-13T15:21:31.511+0000] {processor.py:161} INFO - Started process (PID=2568) to work on /opt/airflow/dags/scripts/loaders/load_laptops.py
[2026-02-13T15:21:31.513+0000] {processor.py:830} INFO - Processing file /opt/airflow/dags/scripts/loaders/load_laptops.py for tasks to queue
[2026-02-13T15:21:31.520+0000] {logging_mixin.py:188} INFO - [2026-02-13T15:21:31.519+0000] {dagbag.py:545} INFO - Filling up the DagBag from /opt/airflow/dags/scripts/loaders/load_laptops.py
[2026-02-13T15:21:31.969+0000] {logging_mixin.py:188} INFO - 🚀 Loading LAPTOPS data
[2026-02-13T15:21:32.302+0000] {logging_mixin.py:188} INFO - ✅ Laptops table refreshed successfully
[2026-02-13T15:21:32.303+0000] {processor.py:842} WARNING - No viable dags retrieved from /opt/airflow/dags/scripts/loaders/load_laptops.py
[2026-02-13T15:21:32.316+0000] {processor.py:183} INFO - Processing /opt/airflow/dags/scripts/loaders/load_laptops.py took 0.819 seconds
[2026-02-13T15:22:02.575+0000] {processor.py:161} INFO - Started process (PID=2597) to work on /opt/airflow/dags/scripts/loaders/load_laptops.py
[2026-02-13T15:22:02.577+0000] {processor.py:830} INFO - Processing file /opt/airflow/dags/scripts/loaders/load_laptops.py for tasks to queue
[2026-02-13T15:22:02.580+0000] {logging_mixin.py:188} INFO - [2026-02-13T15:22:02.579+0000] {dagbag.py:545} INFO - Filling up the DagBag from /opt/airflow/dags/scripts/loaders/load_laptops.py
[2026-02-13T15:22:03.114+0000] {logging_mixin.py:188} INFO - 🚀 Loading LAPTOPS data
[2026-02-13T15:22:03.468+0000] {logging_mixin.py:188} INFO - ✅ Laptops table refreshed successfully
[2026-02-13T15:22:03.469+0000] {processor.py:842} WARNING - No viable dags retrieved from /opt/airflow/dags/scripts/loaders/load_laptops.py
[2026-02-13T15:22:03.482+0000] {processor.py:183} INFO - Processing /opt/airflow/dags/scripts/loaders/load_laptops.py took 0.919 seconds
[2026-02-13T15:22:33.872+0000] {processor.py:161} INFO - Started process (PID=2626) to work on /opt/airflow/dags/scripts/loaders/load_laptops.py
[2026-02-13T15:22:33.874+0000] {processor.py:830} INFO - Processing file /opt/airflow/dags/scripts/loaders/load_laptops.py for tasks to queue
[2026-02-13T15:22:33.877+0000] {logging_mixin.py:188} INFO - [2026-02-13T15:22:33.876+0000] {dagbag.py:545} INFO - Filling up the DagBag from /opt/airflow/dags/scripts/loaders/load_laptops.py
[2026-02-13T15:22:34.315+0000] {logging_mixin.py:188} INFO - 🚀 Loading LAPTOPS data
[2026-02-13T15:22:34.710+0000] {logging_mixin.py:188} INFO - ✅ Laptops table refreshed successfully
[2026-02-13T15:22:34.711+0000] {processor.py:842} WARNING - No viable dags retrieved from /opt/airflow/dags/scripts/loaders/load_laptops.py
[2026-02-13T15:22:34.724+0000] {processor.py:183} INFO - Processing /opt/airflow/dags/scripts/loaders/load_laptops.py took 0.863 seconds
[2026-02-13T15:23:05.305+0000] {processor.py:161} INFO - Started process (PID=2655) to work on /opt/airflow/dags/scripts/loaders/load_laptops.py
[2026-02-13T15:23:05.308+0000] {processor.py:830} INFO - Processing file /opt/airflow/dags/scripts/loaders/load_laptops.py for tasks to queue
[2026-02-13T15:23:05.314+0000] {logging_mixin.py:188} INFO - [2026-02-13T15:23:05.313+0000] {dagbag.py:545} INFO - Filling up the DagBag from /opt/airflow/dags/scripts/loaders/load_laptops.py
[2026-02-13T15:23:05.743+0000] {logging_mixin.py:188} INFO - 🚀 Loading LAPTOPS data
[2026-02-13T15:23:06.231+0000] {logging_mixin.py:188} INFO - ✅ Laptops table refreshed successfully
[2026-02-13T15:23:06.233+0000] {processor.py:842} WARNING - No viable dags retrieved from /opt/airflow/dags/scripts/loaders/load_laptops.py
[2026-02-13T15:23:06.252+0000] {processor.py:183} INFO - Processing /opt/airflow/dags/scripts/loaders/load_laptops.py took 0.961 seconds
[2026-02-13T15:23:36.480+0000] {processor.py:161} INFO - Started process (PID=2683) to work on /opt/airflow/dags/scripts/loaders/load_laptops.py
[2026-02-13T15:23:36.482+0000] {processor.py:830} INFO - Processing file /opt/airflow/dags/scripts/loaders/load_laptops.py for tasks to queue
[2026-02-13T15:23:36.486+0000] {logging_mixin.py:188} INFO - [2026-02-13T15:23:36.486+0000] {dagbag.py:545} INFO - Filling up the DagBag from /opt/airflow/dags/scripts/loaders/load_laptops.py
[2026-02-13T15:23:36.956+0000] {logging_mixin.py:188} INFO - 🚀 Loading LAPTOPS data
[2026-02-13T15:23:37.531+0000] {logging_mixin.py:188} INFO - ✅ Laptops table refreshed successfully
[2026-02-13T15:23:37.533+0000] {processor.py:842} WARNING - No viable dags retrieved from /opt/airflow/dags/scripts/loaders/load_laptops.py
[2026-02-13T15:23:37.583+0000] {processor.py:183} INFO - Processing /opt/airflow/dags/scripts/loaders/load_laptops.py took 1.115 seconds
[2026-02-13T15:24:08.347+0000] {processor.py:161} INFO - Started process (PID=2713) to work on /opt/airflow/dags/scripts/loaders/load_laptops.py
[2026-02-13T15:24:08.350+0000] {processor.py:830} INFO - Processing file /opt/airflow/dags/scripts/loaders/load_laptops.py for tasks to queue
[2026-02-13T15:24:08.355+0000] {logging_mixin.py:188} INFO - [2026-02-13T15:24:08.354+0000] {dagbag.py:545} INFO - Filling up the DagBag from /opt/airflow/dags/scripts/loaders/load_laptops.py
[2026-02-13T15:24:08.792+0000] {logging_mixin.py:188} INFO - 🚀 Loading LAPTOPS data
[2026-02-13T15:24:09.259+0000] {logging_mixin.py:188} INFO - ✅ Laptops table refreshed successfully
[2026-02-13T15:24:09.261+0000] {processor.py:842} WARNING - No viable dags retrieved from /opt/airflow/dags/scripts/loaders/load_laptops.py
[2026-02-13T15:24:09.276+0000] {processor.py:183} INFO - Processing /opt/airflow/dags/scripts/loaders/load_laptops.py took 0.943 seconds
[2026-02-13T15:24:40.069+0000] {processor.py:161} INFO - Started process (PID=2744) to work on /opt/airflow/dags/scripts/loaders/load_laptops.py
[2026-02-13T15:24:40.071+0000] {processor.py:830} INFO - Processing file /opt/airflow/dags/scripts/loaders/load_laptops.py for tasks to queue
[2026-02-13T15:24:40.077+0000] {logging_mixin.py:188} INFO - [2026-02-13T15:24:40.076+0000] {dagbag.py:545} INFO - Filling up the DagBag from /opt/airflow/dags/scripts/loaders/load_laptops.py
[2026-02-13T15:24:40.545+0000] {logging_mixin.py:188} INFO - 🚀 Loading LAPTOPS data
[2026-02-13T15:24:41.064+0000] {logging_mixin.py:188} INFO - ✅ Laptops table refreshed successfully
[2026-02-13T15:24:41.065+0000] {processor.py:842} WARNING - No viable dags retrieved from /opt/airflow/dags/scripts/loaders/load_laptops.py
[2026-02-13T15:24:41.100+0000] {processor.py:183} INFO - Processing /opt/airflow/dags/scripts/loaders/load_laptops.py took 1.048 seconds
[2026-02-13T15:26:52.042+0000] {processor.py:161} INFO - Started process (PID=2782) to work on /opt/airflow/dags/scripts/loaders/load_laptops.py
[2026-02-13T15:26:52.047+0000] {processor.py:830} INFO - Processing file /opt/airflow/dags/scripts/loaders/load_laptops.py for tasks to queue
[2026-02-13T15:26:52.057+0000] {logging_mixin.py:188} INFO - [2026-02-13T15:26:52.055+0000] {dagbag.py:545} INFO - Filling up the DagBag from /opt/airflow/dags/scripts/loaders/load_laptops.py
[2026-02-13T15:26:53.164+0000] {logging_mixin.py:188} INFO - 🚀 Loading LAPTOPS data
[2026-02-13T15:26:55.574+0000] {logging_mixin.py:188} INFO - ✅ Laptops table refreshed successfully
[2026-02-13T15:26:55.577+0000] {processor.py:842} WARNING - No viable dags retrieved from /opt/airflow/dags/scripts/loaders/load_laptops.py
[2026-02-13T15:26:55.640+0000] {processor.py:183} INFO - Processing /opt/airflow/dags/scripts/loaders/load_laptops.py took 3.622 seconds
[2026-02-13T15:27:26.600+0000] {processor.py:161} INFO - Started process (PID=2812) to work on /opt/airflow/dags/scripts/loaders/load_laptops.py
[2026-02-13T15:27:26.604+0000] {processor.py:830} INFO - Processing file /opt/airflow/dags/scripts/loaders/load_laptops.py for tasks to queue
[2026-02-13T15:27:26.609+0000] {logging_mixin.py:188} INFO - [2026-02-13T15:27:26.608+0000] {dagbag.py:545} INFO - Filling up the DagBag from /opt/airflow/dags/scripts/loaders/load_laptops.py
[2026-02-13T15:27:27.670+0000] {logging_mixin.py:188} INFO - 🚀 Loading LAPTOPS data
[2026-02-13T15:27:28.977+0000] {logging_mixin.py:188} INFO - ✅ Laptops table refreshed successfully
[2026-02-13T15:27:28.979+0000] {processor.py:842} WARNING - No viable dags retrieved from /opt/airflow/dags/scripts/loaders/load_laptops.py
[2026-02-13T15:27:29.024+0000] {processor.py:183} INFO - Processing /opt/airflow/dags/scripts/loaders/load_laptops.py took 2.436 seconds
[2026-02-13T15:27:59.597+0000] {processor.py:161} INFO - Started process (PID=2841) to work on /opt/airflow/dags/scripts/loaders/load_laptops.py
[2026-02-13T15:27:59.599+0000] {processor.py:830} INFO - Processing file /opt/airflow/dags/scripts/loaders/load_laptops.py for tasks to queue
[2026-02-13T15:27:59.602+0000] {logging_mixin.py:188} INFO - [2026-02-13T15:27:59.602+0000] {dagbag.py:545} INFO - Filling up the DagBag from /opt/airflow/dags/scripts/loaders/load_laptops.py
[2026-02-13T15:28:00.263+0000] {logging_mixin.py:188} INFO - 🚀 Loading LAPTOPS data
[2026-02-13T15:28:00.783+0000] {logging_mixin.py:188} INFO - ✅ Laptops table refreshed successfully
[2026-02-13T15:28:00.784+0000] {processor.py:842} WARNING - No viable dags retrieved from /opt/airflow/dags/scripts/loaders/load_laptops.py
[2026-02-13T15:28:00.804+0000] {processor.py:183} INFO - Processing /opt/airflow/dags/scripts/loaders/load_laptops.py took 1.214 seconds
[2026-02-13T15:28:36.645+0000] {processor.py:161} INFO - Started process (PID=2870) to work on /opt/airflow/dags/scripts/loaders/load_laptops.py
[2026-02-13T15:28:36.650+0000] {processor.py:830} INFO - Processing file /opt/airflow/dags/scripts/loaders/load_laptops.py for tasks to queue
[2026-02-13T15:28:36.657+0000] {logging_mixin.py:188} INFO - [2026-02-13T15:28:36.655+0000] {dagbag.py:545} INFO - Filling up the DagBag from /opt/airflow/dags/scripts/loaders/load_laptops.py
[2026-02-13T15:28:37.960+0000] {logging_mixin.py:188} INFO - 🚀 Loading LAPTOPS data
[2026-02-13T15:28:41.153+0000] {logging_mixin.py:188} INFO - ✅ Laptops table refreshed successfully
[2026-02-13T15:28:41.175+0000] {processor.py:842} WARNING - No viable dags retrieved from /opt/airflow/dags/scripts/loaders/load_laptops.py
[2026-02-13T15:28:41.561+0000] {processor.py:183} INFO - Processing /opt/airflow/dags/scripts/loaders/load_laptops.py took 4.936 seconds
[2026-02-13T15:29:16.154+0000] {processor.py:161} INFO - Started process (PID=2895) to work on /opt/airflow/dags/scripts/loaders/load_laptops.py
[2026-02-13T15:29:16.164+0000] {processor.py:830} INFO - Processing file /opt/airflow/dags/scripts/loaders/load_laptops.py for tasks to queue
[2026-02-13T15:29:16.184+0000] {logging_mixin.py:188} INFO - [2026-02-13T15:29:16.178+0000] {dagbag.py:545} INFO - Filling up the DagBag from /opt/airflow/dags/scripts/loaders/load_laptops.py
[2026-02-13T15:29:19.529+0000] {logging_mixin.py:188} INFO - 🚀 Loading LAPTOPS data
[2026-02-13T15:29:29.253+0000] {logging_mixin.py:188} INFO - ✅ Laptops table refreshed successfully
[2026-02-13T15:29:29.256+0000] {processor.py:842} WARNING - No viable dags retrieved from /opt/airflow/dags/scripts/loaders/load_laptops.py
[2026-02-13T15:29:29.451+0000] {processor.py:183} INFO - Processing /opt/airflow/dags/scripts/loaders/load_laptops.py took 13.355 seconds
[2026-02-13T15:30:13.577+0000] {processor.py:161} INFO - Started process (PID=2927) to work on /opt/airflow/dags/scripts/loaders/load_laptops.py
[2026-02-13T15:30:13.605+0000] {processor.py:830} INFO - Processing file /opt/airflow/dags/scripts/loaders/load_laptops.py for tasks to queue
[2026-02-13T15:30:13.693+0000] {logging_mixin.py:188} INFO - [2026-02-13T15:30:13.675+0000] {dagbag.py:545} INFO - Filling up the DagBag from /opt/airflow/dags/scripts/loaders/load_laptops.py
[2026-02-13T15:30:17.394+0000] {logging_mixin.py:188} INFO - 🚀 Loading LAPTOPS data
[2026-02-13T15:30:19.356+0000] {logging_mixin.py:188} INFO - ✅ Laptops table refreshed successfully
[2026-02-13T15:30:19.359+0000] {processor.py:842} WARNING - No viable dags retrieved from /opt/airflow/dags/scripts/loaders/load_laptops.py
[2026-02-13T15:30:19.429+0000] {processor.py:183} INFO - Processing /opt/airflow/dags/scripts/loaders/load_laptops.py took 6.116 seconds
[2026-02-13T15:30:57.523+0000] {processor.py:161} INFO - Started process (PID=2954) to work on /opt/airflow/dags/scripts/loaders/load_laptops.py
[2026-02-13T15:30:57.547+0000] {processor.py:830} INFO - Processing file /opt/airflow/dags/scripts/loaders/load_laptops.py for tasks to queue
[2026-02-13T15:30:57.657+0000] {logging_mixin.py:188} INFO - [2026-02-13T15:30:57.632+0000] {dagbag.py:545} INFO - Filling up the DagBag from /opt/airflow/dags/scripts/loaders/load_laptops.py
[2026-02-13T15:31:02.745+0000] {logging_mixin.py:188} INFO - 🚀 Loading LAPTOPS data
[2026-02-13T15:31:08.146+0000] {logging_mixin.py:188} INFO - ✅ Laptops table refreshed successfully
[2026-02-13T15:31:08.153+0000] {processor.py:842} WARNING - No viable dags retrieved from /opt/airflow/dags/scripts/loaders/load_laptops.py
[2026-02-13T15:31:08.215+0000] {processor.py:183} INFO - Processing /opt/airflow/dags/scripts/loaders/load_laptops.py took 10.953 seconds
[2026-02-13T15:31:38.429+0000] {processor.py:161} INFO - Started process (PID=2982) to work on /opt/airflow/dags/scripts/loaders/load_laptops.py
[2026-02-13T15:31:38.433+0000] {processor.py:830} INFO - Processing file /opt/airflow/dags/scripts/loaders/load_laptops.py for tasks to queue
[2026-02-13T15:31:38.441+0000] {logging_mixin.py:188} INFO - [2026-02-13T15:31:38.440+0000] {dagbag.py:545} INFO - Filling up the DagBag from /opt/airflow/dags/scripts/loaders/load_laptops.py
[2026-02-13T15:31:39.199+0000] {logging_mixin.py:188} INFO - 🚀 Loading LAPTOPS data
[2026-02-13T15:31:40.537+0000] {logging_mixin.py:188} INFO - ✅ Laptops table refreshed successfully
[2026-02-13T15:31:40.541+0000] {processor.py:842} WARNING - No viable dags retrieved from /opt/airflow/dags/scripts/loaders/load_laptops.py
[2026-02-13T15:31:40.615+0000] {processor.py:183} INFO - Processing /opt/airflow/dags/scripts/loaders/load_laptops.py took 2.201 seconds
[2026-02-13T15:32:12.139+0000] {processor.py:161} INFO - Started process (PID=3011) to work on /opt/airflow/dags/scripts/loaders/load_laptops.py
[2026-02-13T15:32:12.147+0000] {processor.py:830} INFO - Processing file /opt/airflow/dags/scripts/loaders/load_laptops.py for tasks to queue
[2026-02-13T15:32:12.156+0000] {logging_mixin.py:188} INFO - [2026-02-13T15:32:12.154+0000] {dagbag.py:545} INFO - Filling up the DagBag from /opt/airflow/dags/scripts/loaders/load_laptops.py
[2026-02-13T15:32:13.588+0000] {logging_mixin.py:188} INFO - 🚀 Loading LAPTOPS data
[2026-02-13T15:32:23.380+0000] {logging_mixin.py:188} INFO - ✅ Laptops table refreshed successfully
[2026-02-13T15:32:23.383+0000] {processor.py:842} WARNING - No viable dags retrieved from /opt/airflow/dags/scripts/loaders/load_laptops.py
[2026-02-13T15:32:23.489+0000] {processor.py:183} INFO - Processing /opt/airflow/dags/scripts/loaders/load_laptops.py took 10.734 seconds
[2026-02-13T15:32:54.015+0000] {processor.py:161} INFO - Started process (PID=3048) to work on /opt/airflow/dags/scripts/loaders/load_laptops.py
[2026-02-13T15:32:54.021+0000] {processor.py:830} INFO - Processing file /opt/airflow/dags/scripts/loaders/load_laptops.py for tasks to queue
[2026-02-13T15:32:54.032+0000] {logging_mixin.py:188} INFO - [2026-02-13T15:32:54.030+0000] {dagbag.py:545} INFO - Filling up the DagBag from /opt/airflow/dags/scripts/loaders/load_laptops.py
[2026-02-13T15:32:58.314+0000] {logging_mixin.py:188} INFO - 🚀 Loading LAPTOPS data
[2026-02-13T15:33:08.025+0000] {logging_mixin.py:188} INFO - ✅ Laptops table refreshed successfully
[2026-02-13T15:33:08.033+0000] {processor.py:842} WARNING - No viable dags retrieved from /opt/airflow/dags/scripts/loaders/load_laptops.py
[2026-02-13T15:33:08.235+0000] {processor.py:183} INFO - Processing /opt/airflow/dags/scripts/loaders/load_laptops.py took 14.244 seconds
[2026-02-13T15:33:39.036+0000] {processor.py:161} INFO - Started process (PID=3074) to work on /opt/airflow/dags/scripts/loaders/load_laptops.py
[2026-02-13T15:33:39.043+0000] {processor.py:830} INFO - Processing file /opt/airflow/dags/scripts/loaders/load_laptops.py for tasks to queue
[2026-02-13T15:33:39.073+0000] {logging_mixin.py:188} INFO - [2026-02-13T15:33:39.065+0000] {dagbag.py:545} INFO - Filling up the DagBag from /opt/airflow/dags/scripts/loaders/load_laptops.py
[2026-02-13T15:33:48.251+0000] {logging_mixin.py:188} INFO - 🚀 Loading LAPTOPS data
[2026-02-13T15:34:02.283+0000] {logging_mixin.py:188} INFO - ✅ Laptops table refreshed successfully
[2026-02-13T15:34:02.346+0000] {processor.py:842} WARNING - No viable dags retrieved from /opt/airflow/dags/scripts/loaders/load_laptops.py
[2026-02-13T15:34:03.007+0000] {processor.py:183} INFO - Processing /opt/airflow/dags/scripts/loaders/load_laptops.py took 21.709 seconds
[2026-02-13T15:34:34.750+0000] {processor.py:161} INFO - Started process (PID=3106) to work on /opt/airflow/dags/scripts/loaders/load_laptops.py
[2026-02-13T15:34:34.752+0000] {processor.py:830} INFO - Processing file /opt/airflow/dags/scripts/loaders/load_laptops.py for tasks to queue
[2026-02-13T15:34:34.757+0000] {logging_mixin.py:188} INFO - [2026-02-13T15:34:34.757+0000] {dagbag.py:545} INFO - Filling up the DagBag from /opt/airflow/dags/scripts/loaders/load_laptops.py
[2026-02-13T15:34:35.827+0000] {logging_mixin.py:188} INFO - 🚀 Loading LAPTOPS data
[2026-02-13T15:34:36.444+0000] {logging_mixin.py:188} INFO - ✅ Laptops table refreshed successfully
[2026-02-13T15:34:36.447+0000] {processor.py:842} WARNING - No viable dags retrieved from /opt/airflow/dags/scripts/loaders/load_laptops.py
[2026-02-13T15:34:36.503+0000] {processor.py:183} INFO - Processing /opt/airflow/dags/scripts/loaders/load_laptops.py took 1.767 seconds
[2026-02-13T15:35:16.601+0000] {processor.py:161} INFO - Started process (PID=3135) to work on /opt/airflow/dags/scripts/loaders/load_laptops.py
[2026-02-13T15:35:16.645+0000] {processor.py:830} INFO - Processing file /opt/airflow/dags/scripts/loaders/load_laptops.py for tasks to queue
[2026-02-13T15:35:16.749+0000] {logging_mixin.py:188} INFO - [2026-02-13T15:35:16.735+0000] {dagbag.py:545} INFO - Filling up the DagBag from /opt/airflow/dags/scripts/loaders/load_laptops.py
[2026-02-13T15:35:21.934+0000] {logging_mixin.py:188} INFO - 🚀 Loading LAPTOPS data
[2026-02-13T15:35:36.917+0000] {logging_mixin.py:188} INFO - ✅ Laptops table refreshed successfully
[2026-02-13T15:35:36.973+0000] {processor.py:842} WARNING - No viable dags retrieved from /opt/airflow/dags/scripts/loaders/load_laptops.py
[2026-02-13T15:35:37.732+0000] {processor.py:183} INFO - Processing /opt/airflow/dags/scripts/loaders/load_laptops.py took 20.410 seconds
[2026-02-13T15:36:08.835+0000] {processor.py:161} INFO - Started process (PID=3164) to work on /opt/airflow/dags/scripts/loaders/load_laptops.py
[2026-02-13T15:36:08.838+0000] {processor.py:830} INFO - Processing file /opt/airflow/dags/scripts/loaders/load_laptops.py for tasks to queue
[2026-02-13T15:36:08.846+0000] {logging_mixin.py:188} INFO - [2026-02-13T15:36:08.844+0000] {dagbag.py:545} INFO - Filling up the DagBag from /opt/airflow/dags/scripts/loaders/load_laptops.py
[2026-02-13T15:36:09.624+0000] {logging_mixin.py:188} INFO - 🚀 Loading LAPTOPS data
[2026-02-13T15:36:11.319+0000] {logging_mixin.py:188} INFO - ✅ Laptops table refreshed successfully
[2026-02-13T15:36:11.321+0000] {processor.py:842} WARNING - No viable dags retrieved from /opt/airflow/dags/scripts/loaders/load_laptops.py
[2026-02-13T15:36:11.357+0000] {processor.py:183} INFO - Processing /opt/airflow/dags/scripts/loaders/load_laptops.py took 2.534 seconds
[2026-02-13T15:36:41.840+0000] {processor.py:161} INFO - Started process (PID=3193) to work on /opt/airflow/dags/scripts/loaders/load_laptops.py
[2026-02-13T15:36:41.845+0000] {processor.py:830} INFO - Processing file /opt/airflow/dags/scripts/loaders/load_laptops.py for tasks to queue
[2026-02-13T15:36:41.852+0000] {logging_mixin.py:188} INFO - [2026-02-13T15:36:41.851+0000] {dagbag.py:545} INFO - Filling up the DagBag from /opt/airflow/dags/scripts/loaders/load_laptops.py
[2026-02-13T15:36:42.872+0000] {logging_mixin.py:188} INFO - 🚀 Loading LAPTOPS data
[2026-02-13T15:36:44.969+0000] {logging_mixin.py:188} INFO - ✅ Laptops table refreshed successfully
[2026-02-13T15:36:44.972+0000] {processor.py:842} WARNING - No viable dags retrieved from /opt/airflow/dags/scripts/loaders/load_laptops.py
[2026-02-13T15:36:45.084+0000] {processor.py:183} INFO - Processing /opt/airflow/dags/scripts/loaders/load_laptops.py took 3.270 seconds
[2026-02-13T15:37:16.102+0000] {processor.py:161} INFO - Started process (PID=3222) to work on /opt/airflow/dags/scripts/loaders/load_laptops.py
[2026-02-13T15:37:16.107+0000] {processor.py:830} INFO - Processing file /opt/airflow/dags/scripts/loaders/load_laptops.py for tasks to queue
[2026-02-13T15:37:16.118+0000] {logging_mixin.py:188} INFO - [2026-02-13T15:37:16.117+0000] {dagbag.py:545} INFO - Filling up the DagBag from /opt/airflow/dags/scripts/loaders/load_laptops.py
[2026-02-13T15:37:17.287+0000] {logging_mixin.py:188} INFO - 🚀 Loading LAPTOPS data
[2026-02-13T15:37:18.836+0000] {logging_mixin.py:188} INFO - ✅ Laptops table refreshed successfully
[2026-02-13T15:37:18.838+0000] {processor.py:842} WARNING - No viable dags retrieved from /opt/airflow/dags/scripts/loaders/load_laptops.py
[2026-02-13T15:37:18.891+0000] {processor.py:183} INFO - Processing /opt/airflow/dags/scripts/loaders/load_laptops.py took 2.813 seconds
[2026-02-13T15:37:49.274+0000] {processor.py:161} INFO - Started process (PID=3248) to work on /opt/airflow/dags/scripts/loaders/load_laptops.py
[2026-02-13T15:37:49.277+0000] {processor.py:830} INFO - Processing file /opt/airflow/dags/scripts/loaders/load_laptops.py for tasks to queue
[2026-02-13T15:37:49.281+0000] {logging_mixin.py:188} INFO - [2026-02-13T15:37:49.280+0000] {dagbag.py:545} INFO - Filling up the DagBag from /opt/airflow/dags/scripts/loaders/load_laptops.py
[2026-02-13T15:37:50.071+0000] {logging_mixin.py:188} INFO - 🚀 Loading LAPTOPS data
[2026-02-13T15:37:50.798+0000] {logging_mixin.py:188} INFO - ✅ Laptops table refreshed successfully
[2026-02-13T15:37:50.801+0000] {processor.py:842} WARNING - No viable dags retrieved from /opt/airflow/dags/scripts/loaders/load_laptops.py
[2026-02-13T15:37:50.849+0000] {processor.py:183} INFO - Processing /opt/airflow/dags/scripts/loaders/load_laptops.py took 1.591 seconds
[2026-02-13T15:38:23.122+0000] {processor.py:161} INFO - Started process (PID=3277) to work on /opt/airflow/dags/scripts/loaders/load_laptops.py
[2026-02-13T15:38:23.186+0000] {processor.py:830} INFO - Processing file /opt/airflow/dags/scripts/loaders/load_laptops.py for tasks to queue
[2026-02-13T15:38:23.387+0000] {logging_mixin.py:188} INFO - [2026-02-13T15:38:23.359+0000] {dagbag.py:545} INFO - Filling up the DagBag from /opt/airflow/dags/scripts/loaders/load_laptops.py
[2026-02-13T15:38:28.255+0000] {logging_mixin.py:188} INFO - 🚀 Loading LAPTOPS data
[2026-02-13T15:38:35.142+0000] {logging_mixin.py:188} INFO - ✅ Laptops table refreshed successfully
[2026-02-13T15:38:35.158+0000] {processor.py:842} WARNING - No viable dags retrieved from /opt/airflow/dags/scripts/loaders/load_laptops.py
[2026-02-13T15:38:35.442+0000] {processor.py:183} INFO - Processing /opt/airflow/dags/scripts/loaders/load_laptops.py took 12.741 seconds
[2026-02-13T15:39:06.937+0000] {processor.py:161} INFO - Started process (PID=3307) to work on /opt/airflow/dags/scripts/loaders/load_laptops.py
[2026-02-13T15:39:06.969+0000] {processor.py:830} INFO - Processing file /opt/airflow/dags/scripts/loaders/load_laptops.py for tasks to queue
[2026-02-13T15:39:07.045+0000] {logging_mixin.py:188} INFO - [2026-02-13T15:39:07.032+0000] {dagbag.py:545} INFO - Filling up the DagBag from /opt/airflow/dags/scripts/loaders/load_laptops.py
[2026-02-13T15:39:11.019+0000] {logging_mixin.py:188} INFO - 🚀 Loading LAPTOPS data
[2026-02-13T15:39:25.970+0000] {logging_mixin.py:188} INFO - ✅ Laptops table refreshed successfully
[2026-02-13T15:39:26.003+0000] {processor.py:842} WARNING - No viable dags retrieved from /opt/airflow/dags/scripts/loaders/load_laptops.py
[2026-02-13T15:39:26.278+0000] {processor.py:183} INFO - Processing /opt/airflow/dags/scripts/loaders/load_laptops.py took 17.534 seconds
[2026-02-13T15:40:00.926+0000] {processor.py:161} INFO - Started process (PID=3335) to work on /opt/airflow/dags/scripts/loaders/load_laptops.py
[2026-02-13T15:40:01.008+0000] {processor.py:830} INFO - Processing file /opt/airflow/dags/scripts/loaders/load_laptops.py for tasks to queue
[2026-02-13T15:40:01.231+0000] {logging_mixin.py:188} INFO - [2026-02-13T15:40:01.191+0000] {dagbag.py:545} INFO - Filling up the DagBag from /opt/airflow/dags/scripts/loaders/load_laptops.py
[2026-02-13T15:40:09.898+0000] {logging_mixin.py:188} INFO - 🚀 Loading LAPTOPS data
[2026-02-13T15:40:17.341+0000] {logging_mixin.py:188} INFO - ✅ Laptops table refreshed successfully
[2026-02-13T15:40:17.344+0000] {processor.py:842} WARNING - No viable dags retrieved from /opt/airflow/dags/scripts/loaders/load_laptops.py
[2026-02-13T15:40:17.487+0000] {processor.py:183} INFO - Processing /opt/airflow/dags/scripts/loaders/load_laptops.py took 17.259 seconds
[2026-02-13T15:40:52.590+0000] {processor.py:161} INFO - Started process (PID=3364) to work on /opt/airflow/dags/scripts/loaders/load_laptops.py
[2026-02-13T15:40:52.616+0000] {processor.py:830} INFO - Processing file /opt/airflow/dags/scripts/loaders/load_laptops.py for tasks to queue
[2026-02-13T15:40:52.784+0000] {logging_mixin.py:188} INFO - [2026-02-13T15:40:52.760+0000] {dagbag.py:545} INFO - Filling up the DagBag from /opt/airflow/dags/scripts/loaders/load_laptops.py
[2026-02-13T15:41:00.404+0000] {logging_mixin.py:188} INFO - 🚀 Loading LAPTOPS data
[2026-02-13T15:41:07.460+0000] {logging_mixin.py:188} INFO - ✅ Laptops table refreshed successfully
[2026-02-13T15:41:07.474+0000] {processor.py:842} WARNING - No viable dags retrieved from /opt/airflow/dags/scripts/loaders/load_laptops.py
[2026-02-13T15:41:07.687+0000] {processor.py:183} INFO - Processing /opt/airflow/dags/scripts/loaders/load_laptops.py took 15.495 seconds
[2026-02-13T15:41:39.049+0000] {processor.py:161} INFO - Started process (PID=3393) to work on /opt/airflow/dags/scripts/loaders/load_laptops.py
[2026-02-13T15:41:39.057+0000] {processor.py:830} INFO - Processing file /opt/airflow/dags/scripts/loaders/load_laptops.py for tasks to queue
[2026-02-13T15:41:39.132+0000] {logging_mixin.py:188} INFO - [2026-02-13T15:41:39.117+0000] {dagbag.py:545} INFO - Filling up the DagBag from /opt/airflow/dags/scripts/loaders/load_laptops.py
[2026-02-13T15:41:44.119+0000] {logging_mixin.py:188} INFO - 🚀 Loading LAPTOPS data
[2026-02-13T15:41:48.532+0000] {logging_mixin.py:188} INFO - ✅ Laptops table refreshed successfully
[2026-02-13T15:41:48.534+0000] {processor.py:842} WARNING - No viable dags retrieved from /opt/airflow/dags/scripts/loaders/load_laptops.py
[2026-02-13T15:41:48.572+0000] {processor.py:183} INFO - Processing /opt/airflow/dags/scripts/loaders/load_laptops.py took 9.715 seconds
[2026-02-13T15:42:19.174+0000] {processor.py:161} INFO - Started process (PID=3425) to work on /opt/airflow/dags/scripts/loaders/load_laptops.py
[2026-02-13T15:42:19.176+0000] {processor.py:830} INFO - Processing file /opt/airflow/dags/scripts/loaders/load_laptops.py for tasks to queue
[2026-02-13T15:42:19.181+0000] {logging_mixin.py:188} INFO - [2026-02-13T15:42:19.180+0000] {dagbag.py:545} INFO - Filling up the DagBag from /opt/airflow/dags/scripts/loaders/load_laptops.py
[2026-02-13T15:42:19.978+0000] {logging_mixin.py:188} INFO - 🚀 Loading LAPTOPS data
[2026-02-13T15:42:20.831+0000] {logging_mixin.py:188} INFO - ✅ Laptops table refreshed successfully
[2026-02-13T15:42:20.833+0000] {processor.py:842} WARNING - No viable dags retrieved from /opt/airflow/dags/scripts/loaders/load_laptops.py
[2026-02-13T15:42:20.891+0000] {processor.py:183} INFO - Processing /opt/airflow/dags/scripts/loaders/load_laptops.py took 1.730 seconds
[2026-02-13T15:42:51.185+0000] {processor.py:161} INFO - Started process (PID=3451) to work on /opt/airflow/dags/scripts/loaders/load_laptops.py
[2026-02-13T15:42:51.192+0000] {processor.py:830} INFO - Processing file /opt/airflow/dags/scripts/loaders/load_laptops.py for tasks to queue
[2026-02-13T15:42:51.199+0000] {logging_mixin.py:188} INFO - [2026-02-13T15:42:51.198+0000] {dagbag.py:545} INFO - Filling up the DagBag from /opt/airflow/dags/scripts/loaders/load_laptops.py
[2026-02-13T15:42:51.852+0000] {logging_mixin.py:188} INFO - 🚀 Loading LAPTOPS data
[2026-02-13T15:42:52.554+0000] {logging_mixin.py:188} INFO - ✅ Laptops table refreshed successfully
[2026-02-13T15:42:52.555+0000] {processor.py:842} WARNING - No viable dags retrieved from /opt/airflow/dags/scripts/loaders/load_laptops.py
[2026-02-13T15:42:52.591+0000] {processor.py:183} INFO - Processing /opt/airflow/dags/scripts/loaders/load_laptops.py took 1.437 seconds
[2026-02-13T15:43:23.075+0000] {processor.py:161} INFO - Started process (PID=3480) to work on /opt/airflow/dags/scripts/loaders/load_laptops.py
[2026-02-13T15:43:23.167+0000] {processor.py:830} INFO - Processing file /opt/airflow/dags/scripts/loaders/load_laptops.py for tasks to queue
[2026-02-13T15:43:23.172+0000] {logging_mixin.py:188} INFO - [2026-02-13T15:43:23.171+0000] {dagbag.py:545} INFO - Filling up the DagBag from /opt/airflow/dags/scripts/loaders/load_laptops.py
[2026-02-13T15:43:23.770+0000] {logging_mixin.py:188} INFO - 🚀 Loading LAPTOPS data
[2026-02-13T15:43:24.687+0000] {logging_mixin.py:188} INFO - ✅ Laptops table refreshed successfully
[2026-02-13T15:43:24.689+0000] {processor.py:842} WARNING - No viable dags retrieved from /opt/airflow/dags/scripts/loaders/load_laptops.py
[2026-02-13T15:43:24.725+0000] {processor.py:183} INFO - Processing /opt/airflow/dags/scripts/loaders/load_laptops.py took 1.665 seconds
[2026-02-13T15:43:55.033+0000] {processor.py:161} INFO - Started process (PID=3512) to work on /opt/airflow/dags/scripts/loaders/load_laptops.py
[2026-02-13T15:43:55.037+0000] {processor.py:830} INFO - Processing file /opt/airflow/dags/scripts/loaders/load_laptops.py for tasks to queue
[2026-02-13T15:43:55.044+0000] {logging_mixin.py:188} INFO - [2026-02-13T15:43:55.043+0000] {dagbag.py:545} INFO - Filling up the DagBag from /opt/airflow/dags/scripts/loaders/load_laptops.py
[2026-02-13T15:43:55.632+0000] {logging_mixin.py:188} INFO - 🚀 Loading LAPTOPS data
[2026-02-13T15:43:56.227+0000] {logging_mixin.py:188} INFO - ✅ Laptops table refreshed successfully
[2026-02-13T15:43:56.228+0000] {processor.py:842} WARNING - No viable dags retrieved from /opt/airflow/dags/scripts/loaders/load_laptops.py
[2026-02-13T15:43:56.251+0000] {processor.py:183} INFO - Processing /opt/airflow/dags/scripts/loaders/load_laptops.py took 1.237 seconds
[2026-02-13T15:44:27.251+0000] {processor.py:161} INFO - Started process (PID=3543) to work on /opt/airflow/dags/scripts/loaders/load_laptops.py
[2026-02-13T15:44:27.254+0000] {processor.py:830} INFO - Processing file /opt/airflow/dags/scripts/loaders/load_laptops.py for tasks to queue
[2026-02-13T15:44:27.258+0000] {logging_mixin.py:188} INFO - [2026-02-13T15:44:27.257+0000] {dagbag.py:545} INFO - Filling up the DagBag from /opt/airflow/dags/scripts/loaders/load_laptops.py
[2026-02-13T15:44:27.860+0000] {logging_mixin.py:188} INFO - 🚀 Loading LAPTOPS data
[2026-02-13T15:44:28.791+0000] {logging_mixin.py:188} INFO - ✅ Laptops table refreshed successfully
[2026-02-13T15:44:28.793+0000] {processor.py:842} WARNING - No viable dags retrieved from /opt/airflow/dags/scripts/loaders/load_laptops.py
[2026-02-13T15:44:28.827+0000] {processor.py:183} INFO - Processing /opt/airflow/dags/scripts/loaders/load_laptops.py took 1.589 seconds
[2026-02-13T15:44:59.199+0000] {processor.py:161} INFO - Started process (PID=3572) to work on /opt/airflow/dags/scripts/loaders/load_laptops.py
[2026-02-13T15:44:59.202+0000] {processor.py:830} INFO - Processing file /opt/airflow/dags/scripts/loaders/load_laptops.py for tasks to queue
[2026-02-13T15:44:59.206+0000] {logging_mixin.py:188} INFO - [2026-02-13T15:44:59.205+0000] {dagbag.py:545} INFO - Filling up the DagBag from /opt/airflow/dags/scripts/loaders/load_laptops.py
[2026-02-13T15:44:59.953+0000] {logging_mixin.py:188} INFO - 🚀 Loading LAPTOPS data
[2026-02-13T15:45:00.673+0000] {logging_mixin.py:188} INFO - ✅ Laptops table refreshed successfully
[2026-02-13T15:45:00.674+0000] {processor.py:842} WARNING - No viable dags retrieved from /opt/airflow/dags/scripts/loaders/load_laptops.py
[2026-02-13T15:45:00.712+0000] {processor.py:183} INFO - Processing /opt/airflow/dags/scripts/loaders/load_laptops.py took 1.522 seconds
[2026-02-13T15:45:31.151+0000] {processor.py:161} INFO - Started process (PID=3601) to work on /opt/airflow/dags/scripts/loaders/load_laptops.py
[2026-02-13T15:45:31.154+0000] {processor.py:830} INFO - Processing file /opt/airflow/dags/scripts/loaders/load_laptops.py for tasks to queue
[2026-02-13T15:45:31.157+0000] {logging_mixin.py:188} INFO - [2026-02-13T15:45:31.157+0000] {dagbag.py:545} INFO - Filling up the DagBag from /opt/airflow/dags/scripts/loaders/load_laptops.py
[2026-02-13T15:45:31.655+0000] {logging_mixin.py:188} INFO - 🚀 Loading LAPTOPS data
[2026-02-13T15:45:32.099+0000] {logging_mixin.py:188} INFO - ✅ Laptops table refreshed successfully
[2026-02-13T15:45:32.101+0000] {processor.py:842} WARNING - No viable dags retrieved from /opt/airflow/dags/scripts/loaders/load_laptops.py
[2026-02-13T15:45:32.125+0000] {processor.py:183} INFO - Processing /opt/airflow/dags/scripts/loaders/load_laptops.py took 0.984 seconds
