[2026-02-15T05:13:51.328+0000] {processor.py:161} INFO - Started process (PID=22712) to work on /opt/airflow/dags/product_pipeline_dag.py
[2026-02-15T05:13:51.341+0000] {processor.py:830} INFO - Processing file /opt/airflow/dags/product_pipeline_dag.py for tasks to queue
[2026-02-15T05:13:51.439+0000] {logging_mixin.py:188} INFO - [2026-02-15T05:13:51.413+0000] {dagbag.py:545} INFO - Filling up the DagBag from /opt/airflow/dags/product_pipeline_dag.py
[2026-02-15T05:13:53.301+0000] {processor.py:840} INFO - DAG(s) 'product_price_pipeline' retrieved from /opt/airflow/dags/product_pipeline_dag.py
[2026-02-15T05:13:57.457+0000] {logging_mixin.py:188} INFO - [2026-02-15T05:13:57.437+0000] {dag.py:3089} INFO - Sync 1 DAGs
[2026-02-15T05:13:58.743+0000] {logging_mixin.py:188} INFO - [2026-02-15T05:13:58.741+0000] {dag.py:3947} INFO - Setting next_dagrun for product_price_pipeline to 2026-02-15 00:00:00+00:00, run_after=2026-02-16 00:00:00+00:00
[2026-02-15T05:13:59.402+0000] {processor.py:183} INFO - Processing /opt/airflow/dags/product_pipeline_dag.py took 12.149 seconds
[2026-02-15T05:14:53.027+0000] {processor.py:161} INFO - Started process (PID=22853) to work on /opt/airflow/dags/product_pipeline_dag.py
[2026-02-15T05:14:53.054+0000] {processor.py:830} INFO - Processing file /opt/airflow/dags/product_pipeline_dag.py for tasks to queue
[2026-02-15T05:14:53.171+0000] {logging_mixin.py:188} INFO - [2026-02-15T05:14:53.153+0000] {dagbag.py:545} INFO - Filling up the DagBag from /opt/airflow/dags/product_pipeline_dag.py
[2026-02-15T05:14:53.939+0000] {processor.py:840} INFO - DAG(s) 'product_price_pipeline' retrieved from /opt/airflow/dags/product_pipeline_dag.py
[2026-02-15T05:14:55.174+0000] {logging_mixin.py:188} INFO - [2026-02-15T05:14:55.173+0000] {dag.py:3089} INFO - Sync 1 DAGs
[2026-02-15T05:14:55.689+0000] {logging_mixin.py:188} INFO - [2026-02-15T05:14:55.684+0000] {dag.py:3947} INFO - Setting next_dagrun for product_price_pipeline to 2026-02-15 00:00:00+00:00, run_after=2026-02-16 00:00:00+00:00
[2026-02-15T05:14:55.951+0000] {processor.py:183} INFO - Processing /opt/airflow/dags/product_pipeline_dag.py took 3.236 seconds
[2026-02-15T05:15:26.599+0000] {processor.py:161} INFO - Started process (PID=22888) to work on /opt/airflow/dags/product_pipeline_dag.py
[2026-02-15T05:15:26.604+0000] {processor.py:830} INFO - Processing file /opt/airflow/dags/product_pipeline_dag.py for tasks to queue
[2026-02-15T05:15:26.612+0000] {logging_mixin.py:188} INFO - [2026-02-15T05:15:26.611+0000] {dagbag.py:545} INFO - Filling up the DagBag from /opt/airflow/dags/product_pipeline_dag.py
[2026-02-15T05:15:26.695+0000] {processor.py:840} INFO - DAG(s) 'product_price_pipeline' retrieved from /opt/airflow/dags/product_pipeline_dag.py
[2026-02-15T05:15:26.769+0000] {logging_mixin.py:188} INFO - [2026-02-15T05:15:26.768+0000] {dag.py:3089} INFO - Sync 1 DAGs
[2026-02-15T05:15:26.826+0000] {logging_mixin.py:188} INFO - [2026-02-15T05:15:26.825+0000] {dag.py:3947} INFO - Setting next_dagrun for product_price_pipeline to 2026-02-15 00:00:00+00:00, run_after=2026-02-16 00:00:00+00:00
[2026-02-15T05:15:26.895+0000] {processor.py:183} INFO - Processing /opt/airflow/dags/product_pipeline_dag.py took 0.318 seconds
[2026-02-15T05:15:57.317+0000] {processor.py:161} INFO - Started process (PID=22915) to work on /opt/airflow/dags/product_pipeline_dag.py
[2026-02-15T05:15:57.323+0000] {processor.py:830} INFO - Processing file /opt/airflow/dags/product_pipeline_dag.py for tasks to queue
[2026-02-15T05:15:57.337+0000] {logging_mixin.py:188} INFO - [2026-02-15T05:15:57.335+0000] {dagbag.py:545} INFO - Filling up the DagBag from /opt/airflow/dags/product_pipeline_dag.py
[2026-02-15T05:15:57.426+0000] {processor.py:840} INFO - DAG(s) 'product_price_pipeline' retrieved from /opt/airflow/dags/product_pipeline_dag.py
[2026-02-15T05:15:57.544+0000] {logging_mixin.py:188} INFO - [2026-02-15T05:15:57.544+0000] {dag.py:3089} INFO - Sync 1 DAGs
[2026-02-15T05:15:57.602+0000] {logging_mixin.py:188} INFO - [2026-02-15T05:15:57.602+0000] {dag.py:3947} INFO - Setting next_dagrun for product_price_pipeline to 2026-02-15 00:00:00+00:00, run_after=2026-02-16 00:00:00+00:00
[2026-02-15T05:15:57.656+0000] {processor.py:183} INFO - Processing /opt/airflow/dags/product_pipeline_dag.py took 0.360 seconds
[2026-02-15T05:23:34.430+0000] {processor.py:161} INFO - Started process (PID=22944) to work on /opt/airflow/dags/product_pipeline_dag.py
[2026-02-15T05:23:34.467+0000] {processor.py:830} INFO - Processing file /opt/airflow/dags/product_pipeline_dag.py for tasks to queue
[2026-02-15T05:23:34.588+0000] {logging_mixin.py:188} INFO - [2026-02-15T05:23:34.563+0000] {dagbag.py:545} INFO - Filling up the DagBag from /opt/airflow/dags/product_pipeline_dag.py
[2026-02-15T05:23:35.023+0000] {processor.py:840} INFO - DAG(s) 'product_price_pipeline' retrieved from /opt/airflow/dags/product_pipeline_dag.py
[2026-02-15T05:23:35.434+0000] {logging_mixin.py:188} INFO - [2026-02-15T05:23:35.433+0000] {dag.py:3089} INFO - Sync 1 DAGs
[2026-02-15T05:23:35.631+0000] {logging_mixin.py:188} INFO - [2026-02-15T05:23:35.630+0000] {dag.py:3947} INFO - Setting next_dagrun for product_price_pipeline to 2026-02-15 00:00:00+00:00, run_after=2026-02-16 00:00:00+00:00
[2026-02-15T05:23:35.739+0000] {processor.py:183} INFO - Processing /opt/airflow/dags/product_pipeline_dag.py took 1.529 seconds
[2026-02-15T06:13:45.795+0000] {processor.py:161} INFO - Started process (PID=22983) to work on /opt/airflow/dags/product_pipeline_dag.py
[2026-02-15T06:13:45.800+0000] {processor.py:830} INFO - Processing file /opt/airflow/dags/product_pipeline_dag.py for tasks to queue
[2026-02-15T06:13:45.817+0000] {logging_mixin.py:188} INFO - [2026-02-15T06:13:45.816+0000] {dagbag.py:545} INFO - Filling up the DagBag from /opt/airflow/dags/product_pipeline_dag.py
[2026-02-15T06:13:46.136+0000] {processor.py:840} INFO - DAG(s) 'product_price_pipeline' retrieved from /opt/airflow/dags/product_pipeline_dag.py
[2026-02-15T06:13:46.293+0000] {logging_mixin.py:188} INFO - [2026-02-15T06:13:46.292+0000] {dag.py:3089} INFO - Sync 1 DAGs
[2026-02-15T06:13:46.391+0000] {logging_mixin.py:188} INFO - [2026-02-15T06:13:46.391+0000] {dag.py:3947} INFO - Setting next_dagrun for product_price_pipeline to 2026-02-15 00:00:00+00:00, run_after=2026-02-16 00:00:00+00:00
[2026-02-15T06:13:46.481+0000] {processor.py:183} INFO - Processing /opt/airflow/dags/product_pipeline_dag.py took 0.741 seconds
[2026-02-15T06:14:26.479+0000] {processor.py:161} INFO - Started process (PID=23012) to work on /opt/airflow/dags/product_pipeline_dag.py
[2026-02-15T06:14:26.484+0000] {processor.py:830} INFO - Processing file /opt/airflow/dags/product_pipeline_dag.py for tasks to queue
[2026-02-15T06:14:26.491+0000] {logging_mixin.py:188} INFO - [2026-02-15T06:14:26.490+0000] {dagbag.py:545} INFO - Filling up the DagBag from /opt/airflow/dags/product_pipeline_dag.py
[2026-02-15T06:14:26.613+0000] {processor.py:840} INFO - DAG(s) 'product_price_pipeline' retrieved from /opt/airflow/dags/product_pipeline_dag.py
[2026-02-15T06:14:26.789+0000] {logging_mixin.py:188} INFO - [2026-02-15T06:14:26.788+0000] {dag.py:3089} INFO - Sync 1 DAGs
[2026-02-15T06:14:26.910+0000] {logging_mixin.py:188} INFO - [2026-02-15T06:14:26.909+0000] {dag.py:3947} INFO - Setting next_dagrun for product_price_pipeline to 2026-02-15 00:00:00+00:00, run_after=2026-02-16 00:00:00+00:00
[2026-02-15T06:14:27.095+0000] {processor.py:183} INFO - Processing /opt/airflow/dags/product_pipeline_dag.py took 0.657 seconds
[2026-02-15T06:15:07.807+0000] {processor.py:161} INFO - Started process (PID=23041) to work on /opt/airflow/dags/product_pipeline_dag.py
[2026-02-15T06:15:07.810+0000] {processor.py:830} INFO - Processing file /opt/airflow/dags/product_pipeline_dag.py for tasks to queue
[2026-02-15T06:15:07.820+0000] {logging_mixin.py:188} INFO - [2026-02-15T06:15:07.818+0000] {dagbag.py:545} INFO - Filling up the DagBag from /opt/airflow/dags/product_pipeline_dag.py
[2026-02-15T06:15:07.975+0000] {processor.py:840} INFO - DAG(s) 'product_price_pipeline' retrieved from /opt/airflow/dags/product_pipeline_dag.py
[2026-02-15T06:15:08.122+0000] {logging_mixin.py:188} INFO - [2026-02-15T06:15:08.122+0000] {dag.py:3089} INFO - Sync 1 DAGs
[2026-02-15T06:15:08.221+0000] {logging_mixin.py:188} INFO - [2026-02-15T06:15:08.220+0000] {dag.py:3947} INFO - Setting next_dagrun for product_price_pipeline to 2026-02-15 00:00:00+00:00, run_after=2026-02-16 00:00:00+00:00
[2026-02-15T06:15:08.327+0000] {processor.py:183} INFO - Processing /opt/airflow/dags/product_pipeline_dag.py took 0.546 seconds
[2026-02-15T06:15:50.549+0000] {processor.py:161} INFO - Started process (PID=23070) to work on /opt/airflow/dags/product_pipeline_dag.py
[2026-02-15T06:15:50.552+0000] {processor.py:830} INFO - Processing file /opt/airflow/dags/product_pipeline_dag.py for tasks to queue
[2026-02-15T06:15:50.558+0000] {logging_mixin.py:188} INFO - [2026-02-15T06:15:50.556+0000] {dagbag.py:545} INFO - Filling up the DagBag from /opt/airflow/dags/product_pipeline_dag.py
[2026-02-15T06:15:50.639+0000] {processor.py:840} INFO - DAG(s) 'product_price_pipeline' retrieved from /opt/airflow/dags/product_pipeline_dag.py
[2026-02-15T06:15:50.793+0000] {logging_mixin.py:188} INFO - [2026-02-15T06:15:50.792+0000] {dag.py:3089} INFO - Sync 1 DAGs
[2026-02-15T06:15:50.968+0000] {logging_mixin.py:188} INFO - [2026-02-15T06:15:50.967+0000] {dag.py:3947} INFO - Setting next_dagrun for product_price_pipeline to 2026-02-15 00:00:00+00:00, run_after=2026-02-16 00:00:00+00:00
[2026-02-15T06:15:51.057+0000] {processor.py:183} INFO - Processing /opt/airflow/dags/product_pipeline_dag.py took 0.523 seconds
[2026-02-15T06:16:27.758+0000] {processor.py:161} INFO - Started process (PID=23099) to work on /opt/airflow/dags/product_pipeline_dag.py
[2026-02-15T06:16:27.772+0000] {processor.py:830} INFO - Processing file /opt/airflow/dags/product_pipeline_dag.py for tasks to queue
[2026-02-15T06:16:27.792+0000] {logging_mixin.py:188} INFO - [2026-02-15T06:16:27.779+0000] {dagbag.py:545} INFO - Filling up the DagBag from /opt/airflow/dags/product_pipeline_dag.py
[2026-02-15T06:16:28.032+0000] {processor.py:840} INFO - DAG(s) 'product_price_pipeline' retrieved from /opt/airflow/dags/product_pipeline_dag.py
[2026-02-15T06:16:28.445+0000] {logging_mixin.py:188} INFO - [2026-02-15T06:16:28.443+0000] {dag.py:3089} INFO - Sync 1 DAGs
[2026-02-15T06:16:28.798+0000] {logging_mixin.py:188} INFO - [2026-02-15T06:16:28.797+0000] {dag.py:3947} INFO - Setting next_dagrun for product_price_pipeline to 2026-02-15 00:00:00+00:00, run_after=2026-02-16 00:00:00+00:00
[2026-02-15T06:16:28.952+0000] {processor.py:183} INFO - Processing /opt/airflow/dags/product_pipeline_dag.py took 1.236 seconds
[2026-02-15T06:17:12.827+0000] {processor.py:161} INFO - Started process (PID=23128) to work on /opt/airflow/dags/product_pipeline_dag.py
[2026-02-15T06:17:12.836+0000] {processor.py:830} INFO - Processing file /opt/airflow/dags/product_pipeline_dag.py for tasks to queue
[2026-02-15T06:17:12.842+0000] {logging_mixin.py:188} INFO - [2026-02-15T06:17:12.841+0000] {dagbag.py:545} INFO - Filling up the DagBag from /opt/airflow/dags/product_pipeline_dag.py
[2026-02-15T06:17:13.203+0000] {processor.py:840} INFO - DAG(s) 'product_price_pipeline' retrieved from /opt/airflow/dags/product_pipeline_dag.py
[2026-02-15T06:17:13.451+0000] {logging_mixin.py:188} INFO - [2026-02-15T06:17:13.451+0000] {dag.py:3089} INFO - Sync 1 DAGs
[2026-02-15T06:17:13.531+0000] {logging_mixin.py:188} INFO - [2026-02-15T06:17:13.531+0000] {dag.py:3947} INFO - Setting next_dagrun for product_price_pipeline to 2026-02-15 00:00:00+00:00, run_after=2026-02-16 00:00:00+00:00
[2026-02-15T06:17:13.591+0000] {processor.py:183} INFO - Processing /opt/airflow/dags/product_pipeline_dag.py took 0.789 seconds
[2026-02-15T06:18:11.153+0000] {processor.py:161} INFO - Started process (PID=23159) to work on /opt/airflow/dags/product_pipeline_dag.py
[2026-02-15T06:18:11.156+0000] {processor.py:830} INFO - Processing file /opt/airflow/dags/product_pipeline_dag.py for tasks to queue
[2026-02-15T06:18:11.163+0000] {logging_mixin.py:188} INFO - [2026-02-15T06:18:11.162+0000] {dagbag.py:545} INFO - Filling up the DagBag from /opt/airflow/dags/product_pipeline_dag.py
[2026-02-15T06:18:11.238+0000] {processor.py:840} INFO - DAG(s) 'product_price_pipeline' retrieved from /opt/airflow/dags/product_pipeline_dag.py
[2026-02-15T06:18:11.321+0000] {logging_mixin.py:188} INFO - [2026-02-15T06:18:11.321+0000] {dag.py:3089} INFO - Sync 1 DAGs
[2026-02-15T06:18:11.391+0000] {logging_mixin.py:188} INFO - [2026-02-15T06:18:11.390+0000] {dag.py:3947} INFO - Setting next_dagrun for product_price_pipeline to 2026-02-15 00:00:00+00:00, run_after=2026-02-16 00:00:00+00:00
[2026-02-15T06:18:11.450+0000] {processor.py:183} INFO - Processing /opt/airflow/dags/product_pipeline_dag.py took 0.305 seconds
[2026-02-15T06:18:42.043+0000] {processor.py:161} INFO - Started process (PID=23185) to work on /opt/airflow/dags/product_pipeline_dag.py
[2026-02-15T06:18:42.045+0000] {processor.py:830} INFO - Processing file /opt/airflow/dags/product_pipeline_dag.py for tasks to queue
[2026-02-15T06:18:42.049+0000] {logging_mixin.py:188} INFO - [2026-02-15T06:18:42.049+0000] {dagbag.py:545} INFO - Filling up the DagBag from /opt/airflow/dags/product_pipeline_dag.py
[2026-02-15T06:18:42.154+0000] {processor.py:840} INFO - DAG(s) 'product_price_pipeline' retrieved from /opt/airflow/dags/product_pipeline_dag.py
[2026-02-15T06:18:42.246+0000] {logging_mixin.py:188} INFO - [2026-02-15T06:18:42.245+0000] {dag.py:3089} INFO - Sync 1 DAGs
[2026-02-15T06:18:42.307+0000] {logging_mixin.py:188} INFO - [2026-02-15T06:18:42.306+0000] {dag.py:3947} INFO - Setting next_dagrun for product_price_pipeline to 2026-02-15 00:00:00+00:00, run_after=2026-02-16 00:00:00+00:00
[2026-02-15T06:18:42.355+0000] {processor.py:183} INFO - Processing /opt/airflow/dags/product_pipeline_dag.py took 0.325 seconds
[2026-02-15T06:19:12.565+0000] {processor.py:161} INFO - Started process (PID=23211) to work on /opt/airflow/dags/product_pipeline_dag.py
[2026-02-15T06:19:12.567+0000] {processor.py:830} INFO - Processing file /opt/airflow/dags/product_pipeline_dag.py for tasks to queue
[2026-02-15T06:19:12.576+0000] {logging_mixin.py:188} INFO - [2026-02-15T06:19:12.574+0000] {dagbag.py:545} INFO - Filling up the DagBag from /opt/airflow/dags/product_pipeline_dag.py
[2026-02-15T06:19:12.647+0000] {processor.py:840} INFO - DAG(s) 'product_price_pipeline' retrieved from /opt/airflow/dags/product_pipeline_dag.py
[2026-02-15T06:19:12.730+0000] {logging_mixin.py:188} INFO - [2026-02-15T06:19:12.730+0000] {dag.py:3089} INFO - Sync 1 DAGs
[2026-02-15T06:19:12.787+0000] {logging_mixin.py:188} INFO - [2026-02-15T06:19:12.787+0000] {dag.py:3947} INFO - Setting next_dagrun for product_price_pipeline to 2026-02-15 00:00:00+00:00, run_after=2026-02-16 00:00:00+00:00
[2026-02-15T06:19:12.826+0000] {processor.py:183} INFO - Processing /opt/airflow/dags/product_pipeline_dag.py took 0.281 seconds
[2026-02-15T06:19:43.392+0000] {processor.py:161} INFO - Started process (PID=23238) to work on /opt/airflow/dags/product_pipeline_dag.py
[2026-02-15T06:19:43.394+0000] {processor.py:830} INFO - Processing file /opt/airflow/dags/product_pipeline_dag.py for tasks to queue
[2026-02-15T06:19:43.398+0000] {logging_mixin.py:188} INFO - [2026-02-15T06:19:43.397+0000] {dagbag.py:545} INFO - Filling up the DagBag from /opt/airflow/dags/product_pipeline_dag.py
[2026-02-15T06:19:43.464+0000] {processor.py:840} INFO - DAG(s) 'product_price_pipeline' retrieved from /opt/airflow/dags/product_pipeline_dag.py
[2026-02-15T06:19:43.565+0000] {logging_mixin.py:188} INFO - [2026-02-15T06:19:43.564+0000] {dag.py:3089} INFO - Sync 1 DAGs
[2026-02-15T06:19:43.625+0000] {logging_mixin.py:188} INFO - [2026-02-15T06:19:43.624+0000] {dag.py:3947} INFO - Setting next_dagrun for product_price_pipeline to 2026-02-15 00:00:00+00:00, run_after=2026-02-16 00:00:00+00:00
[2026-02-15T06:19:43.678+0000] {processor.py:183} INFO - Processing /opt/airflow/dags/product_pipeline_dag.py took 0.298 seconds
[2026-02-15T06:20:15.862+0000] {processor.py:161} INFO - Started process (PID=23266) to work on /opt/airflow/dags/product_pipeline_dag.py
[2026-02-15T06:20:15.865+0000] {processor.py:830} INFO - Processing file /opt/airflow/dags/product_pipeline_dag.py for tasks to queue
[2026-02-15T06:20:15.871+0000] {logging_mixin.py:188} INFO - [2026-02-15T06:20:15.870+0000] {dagbag.py:545} INFO - Filling up the DagBag from /opt/airflow/dags/product_pipeline_dag.py
[2026-02-15T06:20:15.984+0000] {processor.py:840} INFO - DAG(s) 'product_price_pipeline' retrieved from /opt/airflow/dags/product_pipeline_dag.py
[2026-02-15T06:20:16.136+0000] {logging_mixin.py:188} INFO - [2026-02-15T06:20:16.135+0000] {dag.py:3089} INFO - Sync 1 DAGs
[2026-02-15T06:20:16.368+0000] {logging_mixin.py:188} INFO - [2026-02-15T06:20:16.367+0000] {dag.py:3947} INFO - Setting next_dagrun for product_price_pipeline to 2026-02-15 00:00:00+00:00, run_after=2026-02-16 00:00:00+00:00
[2026-02-15T06:20:16.565+0000] {processor.py:183} INFO - Processing /opt/airflow/dags/product_pipeline_dag.py took 0.713 seconds
[2026-02-15T06:20:47.389+0000] {processor.py:161} INFO - Started process (PID=23290) to work on /opt/airflow/dags/product_pipeline_dag.py
[2026-02-15T06:20:47.401+0000] {processor.py:830} INFO - Processing file /opt/airflow/dags/product_pipeline_dag.py for tasks to queue
[2026-02-15T06:20:47.405+0000] {logging_mixin.py:188} INFO - [2026-02-15T06:20:47.404+0000] {dagbag.py:545} INFO - Filling up the DagBag from /opt/airflow/dags/product_pipeline_dag.py
[2026-02-15T06:20:47.461+0000] {processor.py:840} INFO - DAG(s) 'product_price_pipeline' retrieved from /opt/airflow/dags/product_pipeline_dag.py
[2026-02-15T06:20:47.509+0000] {logging_mixin.py:188} INFO - [2026-02-15T06:20:47.508+0000] {dag.py:3089} INFO - Sync 1 DAGs
[2026-02-15T06:20:47.545+0000] {logging_mixin.py:188} INFO - [2026-02-15T06:20:47.544+0000] {dag.py:3947} INFO - Setting next_dagrun for product_price_pipeline to 2026-02-15 00:00:00+00:00, run_after=2026-02-16 00:00:00+00:00
[2026-02-15T06:20:47.607+0000] {processor.py:183} INFO - Processing /opt/airflow/dags/product_pipeline_dag.py took 0.227 seconds
[2026-02-15T06:21:19.871+0000] {processor.py:161} INFO - Started process (PID=23319) to work on /opt/airflow/dags/product_pipeline_dag.py
[2026-02-15T06:21:19.889+0000] {processor.py:830} INFO - Processing file /opt/airflow/dags/product_pipeline_dag.py for tasks to queue
[2026-02-15T06:21:19.897+0000] {logging_mixin.py:188} INFO - [2026-02-15T06:21:19.895+0000] {dagbag.py:545} INFO - Filling up the DagBag from /opt/airflow/dags/product_pipeline_dag.py
[2026-02-15T06:21:19.969+0000] {processor.py:840} INFO - DAG(s) 'product_price_pipeline' retrieved from /opt/airflow/dags/product_pipeline_dag.py
[2026-02-15T06:21:20.086+0000] {logging_mixin.py:188} INFO - [2026-02-15T06:21:20.085+0000] {dag.py:3089} INFO - Sync 1 DAGs
[2026-02-15T06:21:20.168+0000] {logging_mixin.py:188} INFO - [2026-02-15T06:21:20.167+0000] {dag.py:3947} INFO - Setting next_dagrun for product_price_pipeline to 2026-02-15 00:00:00+00:00, run_after=2026-02-16 00:00:00+00:00
[2026-02-15T06:21:20.237+0000] {processor.py:183} INFO - Processing /opt/airflow/dags/product_pipeline_dag.py took 0.379 seconds
[2026-02-15T06:21:51.355+0000] {processor.py:161} INFO - Started process (PID=23348) to work on /opt/airflow/dags/product_pipeline_dag.py
[2026-02-15T06:21:51.358+0000] {processor.py:830} INFO - Processing file /opt/airflow/dags/product_pipeline_dag.py for tasks to queue
[2026-02-15T06:21:51.361+0000] {logging_mixin.py:188} INFO - [2026-02-15T06:21:51.361+0000] {dagbag.py:545} INFO - Filling up the DagBag from /opt/airflow/dags/product_pipeline_dag.py
[2026-02-15T06:21:51.409+0000] {processor.py:840} INFO - DAG(s) 'product_price_pipeline' retrieved from /opt/airflow/dags/product_pipeline_dag.py
[2026-02-15T06:21:51.478+0000] {logging_mixin.py:188} INFO - [2026-02-15T06:21:51.477+0000] {dag.py:3089} INFO - Sync 1 DAGs
[2026-02-15T06:21:51.522+0000] {logging_mixin.py:188} INFO - [2026-02-15T06:21:51.521+0000] {dag.py:3947} INFO - Setting next_dagrun for product_price_pipeline to 2026-02-15 00:00:00+00:00, run_after=2026-02-16 00:00:00+00:00
[2026-02-15T06:21:51.582+0000] {processor.py:183} INFO - Processing /opt/airflow/dags/product_pipeline_dag.py took 0.236 seconds
[2026-02-15T06:22:21.981+0000] {processor.py:161} INFO - Started process (PID=23370) to work on /opt/airflow/dags/product_pipeline_dag.py
[2026-02-15T06:22:21.983+0000] {processor.py:830} INFO - Processing file /opt/airflow/dags/product_pipeline_dag.py for tasks to queue
[2026-02-15T06:22:21.986+0000] {logging_mixin.py:188} INFO - [2026-02-15T06:22:21.986+0000] {dagbag.py:545} INFO - Filling up the DagBag from /opt/airflow/dags/product_pipeline_dag.py
[2026-02-15T06:22:22.032+0000] {processor.py:840} INFO - DAG(s) 'product_price_pipeline' retrieved from /opt/airflow/dags/product_pipeline_dag.py
[2026-02-15T06:22:22.106+0000] {logging_mixin.py:188} INFO - [2026-02-15T06:22:22.106+0000] {dag.py:3089} INFO - Sync 1 DAGs
[2026-02-15T06:22:22.147+0000] {logging_mixin.py:188} INFO - [2026-02-15T06:22:22.147+0000] {dag.py:3947} INFO - Setting next_dagrun for product_price_pipeline to 2026-02-15 00:00:00+00:00, run_after=2026-02-16 00:00:00+00:00
[2026-02-15T06:22:22.198+0000] {processor.py:183} INFO - Processing /opt/airflow/dags/product_pipeline_dag.py took 0.229 seconds
[2026-02-15T06:22:52.510+0000] {processor.py:161} INFO - Started process (PID=23396) to work on /opt/airflow/dags/product_pipeline_dag.py
[2026-02-15T06:22:52.512+0000] {processor.py:830} INFO - Processing file /opt/airflow/dags/product_pipeline_dag.py for tasks to queue
[2026-02-15T06:22:52.516+0000] {logging_mixin.py:188} INFO - [2026-02-15T06:22:52.515+0000] {dagbag.py:545} INFO - Filling up the DagBag from /opt/airflow/dags/product_pipeline_dag.py
[2026-02-15T06:22:52.571+0000] {processor.py:840} INFO - DAG(s) 'product_price_pipeline' retrieved from /opt/airflow/dags/product_pipeline_dag.py
[2026-02-15T06:22:52.655+0000] {logging_mixin.py:188} INFO - [2026-02-15T06:22:52.655+0000] {dag.py:3089} INFO - Sync 1 DAGs
[2026-02-15T06:22:52.687+0000] {logging_mixin.py:188} INFO - [2026-02-15T06:22:52.687+0000] {dag.py:3947} INFO - Setting next_dagrun for product_price_pipeline to 2026-02-15 00:00:00+00:00, run_after=2026-02-16 00:00:00+00:00
[2026-02-15T06:22:52.725+0000] {processor.py:183} INFO - Processing /opt/airflow/dags/product_pipeline_dag.py took 0.228 seconds
[2026-02-15T06:23:22.875+0000] {processor.py:161} INFO - Started process (PID=23425) to work on /opt/airflow/dags/product_pipeline_dag.py
[2026-02-15T06:23:22.877+0000] {processor.py:830} INFO - Processing file /opt/airflow/dags/product_pipeline_dag.py for tasks to queue
[2026-02-15T06:23:22.881+0000] {logging_mixin.py:188} INFO - [2026-02-15T06:23:22.880+0000] {dagbag.py:545} INFO - Filling up the DagBag from /opt/airflow/dags/product_pipeline_dag.py
[2026-02-15T06:23:22.932+0000] {processor.py:840} INFO - DAG(s) 'product_price_pipeline' retrieved from /opt/airflow/dags/product_pipeline_dag.py
[2026-02-15T06:23:22.977+0000] {logging_mixin.py:188} INFO - [2026-02-15T06:23:22.977+0000] {dag.py:3089} INFO - Sync 1 DAGs
[2026-02-15T06:23:23.009+0000] {logging_mixin.py:188} INFO - [2026-02-15T06:23:23.008+0000] {dag.py:3947} INFO - Setting next_dagrun for product_price_pipeline to 2026-02-15 00:00:00+00:00, run_after=2026-02-16 00:00:00+00:00
[2026-02-15T06:23:23.047+0000] {processor.py:183} INFO - Processing /opt/airflow/dags/product_pipeline_dag.py took 0.183 seconds
[2026-02-15T06:23:53.425+0000] {processor.py:161} INFO - Started process (PID=23454) to work on /opt/airflow/dags/product_pipeline_dag.py
[2026-02-15T06:23:53.428+0000] {processor.py:830} INFO - Processing file /opt/airflow/dags/product_pipeline_dag.py for tasks to queue
[2026-02-15T06:23:53.432+0000] {logging_mixin.py:188} INFO - [2026-02-15T06:23:53.431+0000] {dagbag.py:545} INFO - Filling up the DagBag from /opt/airflow/dags/product_pipeline_dag.py
[2026-02-15T06:23:53.485+0000] {processor.py:840} INFO - DAG(s) 'product_price_pipeline' retrieved from /opt/airflow/dags/product_pipeline_dag.py
[2026-02-15T06:23:53.539+0000] {logging_mixin.py:188} INFO - [2026-02-15T06:23:53.538+0000] {dag.py:3089} INFO - Sync 1 DAGs
[2026-02-15T06:23:53.572+0000] {logging_mixin.py:188} INFO - [2026-02-15T06:23:53.572+0000] {dag.py:3947} INFO - Setting next_dagrun for product_price_pipeline to 2026-02-15 00:00:00+00:00, run_after=2026-02-16 00:00:00+00:00
[2026-02-15T06:23:53.624+0000] {processor.py:183} INFO - Processing /opt/airflow/dags/product_pipeline_dag.py took 0.210 seconds
[2026-02-15T06:24:23.958+0000] {processor.py:161} INFO - Started process (PID=23483) to work on /opt/airflow/dags/product_pipeline_dag.py
[2026-02-15T06:24:23.961+0000] {processor.py:830} INFO - Processing file /opt/airflow/dags/product_pipeline_dag.py for tasks to queue
[2026-02-15T06:24:23.965+0000] {logging_mixin.py:188} INFO - [2026-02-15T06:24:23.964+0000] {dagbag.py:545} INFO - Filling up the DagBag from /opt/airflow/dags/product_pipeline_dag.py
[2026-02-15T06:24:24.026+0000] {processor.py:840} INFO - DAG(s) 'product_price_pipeline' retrieved from /opt/airflow/dags/product_pipeline_dag.py
[2026-02-15T06:24:24.080+0000] {logging_mixin.py:188} INFO - [2026-02-15T06:24:24.079+0000] {dag.py:3089} INFO - Sync 1 DAGs
[2026-02-15T06:24:24.117+0000] {logging_mixin.py:188} INFO - [2026-02-15T06:24:24.116+0000] {dag.py:3947} INFO - Setting next_dagrun for product_price_pipeline to 2026-02-15 00:00:00+00:00, run_after=2026-02-16 00:00:00+00:00
[2026-02-15T06:24:24.160+0000] {processor.py:183} INFO - Processing /opt/airflow/dags/product_pipeline_dag.py took 0.210 seconds
[2026-02-15T06:24:54.829+0000] {processor.py:161} INFO - Started process (PID=23512) to work on /opt/airflow/dags/product_pipeline_dag.py
[2026-02-15T06:24:54.831+0000] {processor.py:830} INFO - Processing file /opt/airflow/dags/product_pipeline_dag.py for tasks to queue
[2026-02-15T06:24:54.835+0000] {logging_mixin.py:188} INFO - [2026-02-15T06:24:54.834+0000] {dagbag.py:545} INFO - Filling up the DagBag from /opt/airflow/dags/product_pipeline_dag.py
[2026-02-15T06:24:54.891+0000] {processor.py:840} INFO - DAG(s) 'product_price_pipeline' retrieved from /opt/airflow/dags/product_pipeline_dag.py
[2026-02-15T06:24:54.967+0000] {logging_mixin.py:188} INFO - [2026-02-15T06:24:54.966+0000] {dag.py:3089} INFO - Sync 1 DAGs
[2026-02-15T06:24:55.005+0000] {logging_mixin.py:188} INFO - [2026-02-15T06:24:55.004+0000] {dag.py:3947} INFO - Setting next_dagrun for product_price_pipeline to 2026-02-15 00:00:00+00:00, run_after=2026-02-16 00:00:00+00:00
[2026-02-15T06:24:55.055+0000] {processor.py:183} INFO - Processing /opt/airflow/dags/product_pipeline_dag.py took 0.234 seconds
[2026-02-15T06:25:26.212+0000] {processor.py:161} INFO - Started process (PID=23541) to work on /opt/airflow/dags/product_pipeline_dag.py
[2026-02-15T06:25:26.224+0000] {processor.py:830} INFO - Processing file /opt/airflow/dags/product_pipeline_dag.py for tasks to queue
[2026-02-15T06:25:26.299+0000] {logging_mixin.py:188} INFO - [2026-02-15T06:25:26.289+0000] {dagbag.py:545} INFO - Filling up the DagBag from /opt/airflow/dags/product_pipeline_dag.py
[2026-02-15T06:25:26.692+0000] {processor.py:840} INFO - DAG(s) 'product_price_pipeline' retrieved from /opt/airflow/dags/product_pipeline_dag.py
[2026-02-15T06:25:27.254+0000] {logging_mixin.py:188} INFO - [2026-02-15T06:25:27.254+0000] {dag.py:3089} INFO - Sync 1 DAGs
[2026-02-15T06:25:27.517+0000] {logging_mixin.py:188} INFO - [2026-02-15T06:25:27.516+0000] {dag.py:3947} INFO - Setting next_dagrun for product_price_pipeline to 2026-02-15 00:00:00+00:00, run_after=2026-02-16 00:00:00+00:00
[2026-02-15T06:25:27.680+0000] {processor.py:183} INFO - Processing /opt/airflow/dags/product_pipeline_dag.py took 1.599 seconds
[2026-02-15T06:25:58.023+0000] {processor.py:161} INFO - Started process (PID=23570) to work on /opt/airflow/dags/product_pipeline_dag.py
[2026-02-15T06:25:58.027+0000] {processor.py:830} INFO - Processing file /opt/airflow/dags/product_pipeline_dag.py for tasks to queue
[2026-02-15T06:25:58.031+0000] {logging_mixin.py:188} INFO - [2026-02-15T06:25:58.031+0000] {dagbag.py:545} INFO - Filling up the DagBag from /opt/airflow/dags/product_pipeline_dag.py
[2026-02-15T06:25:58.116+0000] {processor.py:840} INFO - DAG(s) 'product_price_pipeline' retrieved from /opt/airflow/dags/product_pipeline_dag.py
[2026-02-15T06:25:58.214+0000] {logging_mixin.py:188} INFO - [2026-02-15T06:25:58.213+0000] {dag.py:3089} INFO - Sync 1 DAGs
[2026-02-15T06:25:58.292+0000] {logging_mixin.py:188} INFO - [2026-02-15T06:25:58.292+0000] {dag.py:3947} INFO - Setting next_dagrun for product_price_pipeline to 2026-02-15 00:00:00+00:00, run_after=2026-02-16 00:00:00+00:00
[2026-02-15T06:25:58.343+0000] {processor.py:183} INFO - Processing /opt/airflow/dags/product_pipeline_dag.py took 0.329 seconds
[2026-02-15T06:26:28.743+0000] {processor.py:161} INFO - Started process (PID=23599) to work on /opt/airflow/dags/product_pipeline_dag.py
[2026-02-15T06:26:28.745+0000] {processor.py:830} INFO - Processing file /opt/airflow/dags/product_pipeline_dag.py for tasks to queue
[2026-02-15T06:26:28.748+0000] {logging_mixin.py:188} INFO - [2026-02-15T06:26:28.747+0000] {dagbag.py:545} INFO - Filling up the DagBag from /opt/airflow/dags/product_pipeline_dag.py
[2026-02-15T06:26:28.800+0000] {processor.py:840} INFO - DAG(s) 'product_price_pipeline' retrieved from /opt/airflow/dags/product_pipeline_dag.py
[2026-02-15T06:26:28.861+0000] {logging_mixin.py:188} INFO - [2026-02-15T06:26:28.861+0000] {dag.py:3089} INFO - Sync 1 DAGs
[2026-02-15T06:26:28.911+0000] {logging_mixin.py:188} INFO - [2026-02-15T06:26:28.911+0000] {dag.py:3947} INFO - Setting next_dagrun for product_price_pipeline to 2026-02-15 00:00:00+00:00, run_after=2026-02-16 00:00:00+00:00
[2026-02-15T06:26:28.970+0000] {processor.py:183} INFO - Processing /opt/airflow/dags/product_pipeline_dag.py took 0.238 seconds
[2026-02-15T06:26:59.333+0000] {processor.py:161} INFO - Started process (PID=23628) to work on /opt/airflow/dags/product_pipeline_dag.py
[2026-02-15T06:26:59.336+0000] {processor.py:830} INFO - Processing file /opt/airflow/dags/product_pipeline_dag.py for tasks to queue
[2026-02-15T06:26:59.341+0000] {logging_mixin.py:188} INFO - [2026-02-15T06:26:59.340+0000] {dagbag.py:545} INFO - Filling up the DagBag from /opt/airflow/dags/product_pipeline_dag.py
[2026-02-15T06:26:59.400+0000] {processor.py:840} INFO - DAG(s) 'product_price_pipeline' retrieved from /opt/airflow/dags/product_pipeline_dag.py
[2026-02-15T06:26:59.462+0000] {logging_mixin.py:188} INFO - [2026-02-15T06:26:59.461+0000] {dag.py:3089} INFO - Sync 1 DAGs
[2026-02-15T06:26:59.497+0000] {logging_mixin.py:188} INFO - [2026-02-15T06:26:59.497+0000] {dag.py:3947} INFO - Setting next_dagrun for product_price_pipeline to 2026-02-15 00:00:00+00:00, run_after=2026-02-16 00:00:00+00:00
[2026-02-15T06:26:59.536+0000] {processor.py:183} INFO - Processing /opt/airflow/dags/product_pipeline_dag.py took 0.217 seconds
[2026-02-15T06:27:29.982+0000] {processor.py:161} INFO - Started process (PID=23657) to work on /opt/airflow/dags/product_pipeline_dag.py
[2026-02-15T06:27:29.984+0000] {processor.py:830} INFO - Processing file /opt/airflow/dags/product_pipeline_dag.py for tasks to queue
[2026-02-15T06:27:29.987+0000] {logging_mixin.py:188} INFO - [2026-02-15T06:27:29.987+0000] {dagbag.py:545} INFO - Filling up the DagBag from /opt/airflow/dags/product_pipeline_dag.py
[2026-02-15T06:27:30.059+0000] {processor.py:840} INFO - DAG(s) 'product_price_pipeline' retrieved from /opt/airflow/dags/product_pipeline_dag.py
[2026-02-15T06:27:30.116+0000] {logging_mixin.py:188} INFO - [2026-02-15T06:27:30.115+0000] {dag.py:3089} INFO - Sync 1 DAGs
[2026-02-15T06:27:30.165+0000] {logging_mixin.py:188} INFO - [2026-02-15T06:27:30.165+0000] {dag.py:3947} INFO - Setting next_dagrun for product_price_pipeline to 2026-02-15 00:00:00+00:00, run_after=2026-02-16 00:00:00+00:00
[2026-02-15T06:27:30.227+0000] {processor.py:183} INFO - Processing /opt/airflow/dags/product_pipeline_dag.py took 0.257 seconds
[2026-02-15T06:28:00.806+0000] {processor.py:161} INFO - Started process (PID=23686) to work on /opt/airflow/dags/product_pipeline_dag.py
[2026-02-15T06:28:00.808+0000] {processor.py:830} INFO - Processing file /opt/airflow/dags/product_pipeline_dag.py for tasks to queue
[2026-02-15T06:28:00.812+0000] {logging_mixin.py:188} INFO - [2026-02-15T06:28:00.811+0000] {dagbag.py:545} INFO - Filling up the DagBag from /opt/airflow/dags/product_pipeline_dag.py
[2026-02-15T06:28:00.877+0000] {processor.py:840} INFO - DAG(s) 'product_price_pipeline' retrieved from /opt/airflow/dags/product_pipeline_dag.py
[2026-02-15T06:28:00.931+0000] {logging_mixin.py:188} INFO - [2026-02-15T06:28:00.930+0000] {dag.py:3089} INFO - Sync 1 DAGs
[2026-02-15T06:28:00.967+0000] {logging_mixin.py:188} INFO - [2026-02-15T06:28:00.966+0000] {dag.py:3947} INFO - Setting next_dagrun for product_price_pipeline to 2026-02-15 00:00:00+00:00, run_after=2026-02-16 00:00:00+00:00
[2026-02-15T06:28:01.004+0000] {processor.py:183} INFO - Processing /opt/airflow/dags/product_pipeline_dag.py took 0.212 seconds
[2026-02-15T06:28:32.086+0000] {processor.py:161} INFO - Started process (PID=23715) to work on /opt/airflow/dags/product_pipeline_dag.py
[2026-02-15T06:28:32.088+0000] {processor.py:830} INFO - Processing file /opt/airflow/dags/product_pipeline_dag.py for tasks to queue
[2026-02-15T06:28:32.092+0000] {logging_mixin.py:188} INFO - [2026-02-15T06:28:32.091+0000] {dagbag.py:545} INFO - Filling up the DagBag from /opt/airflow/dags/product_pipeline_dag.py
[2026-02-15T06:28:32.152+0000] {processor.py:840} INFO - DAG(s) 'product_price_pipeline' retrieved from /opt/airflow/dags/product_pipeline_dag.py
[2026-02-15T06:28:32.217+0000] {logging_mixin.py:188} INFO - [2026-02-15T06:28:32.216+0000] {dag.py:3089} INFO - Sync 1 DAGs
[2026-02-15T06:28:32.253+0000] {logging_mixin.py:188} INFO - [2026-02-15T06:28:32.253+0000] {dag.py:3947} INFO - Setting next_dagrun for product_price_pipeline to 2026-02-15 00:00:00+00:00, run_after=2026-02-16 00:00:00+00:00
[2026-02-15T06:28:32.301+0000] {processor.py:183} INFO - Processing /opt/airflow/dags/product_pipeline_dag.py took 0.225 seconds
[2026-02-15T06:29:02.513+0000] {processor.py:161} INFO - Started process (PID=23744) to work on /opt/airflow/dags/product_pipeline_dag.py
[2026-02-15T06:29:02.515+0000] {processor.py:830} INFO - Processing file /opt/airflow/dags/product_pipeline_dag.py for tasks to queue
[2026-02-15T06:29:02.520+0000] {logging_mixin.py:188} INFO - [2026-02-15T06:29:02.519+0000] {dagbag.py:545} INFO - Filling up the DagBag from /opt/airflow/dags/product_pipeline_dag.py
[2026-02-15T06:29:02.572+0000] {processor.py:840} INFO - DAG(s) 'product_price_pipeline' retrieved from /opt/airflow/dags/product_pipeline_dag.py
[2026-02-15T06:29:02.628+0000] {logging_mixin.py:188} INFO - [2026-02-15T06:29:02.627+0000] {dag.py:3089} INFO - Sync 1 DAGs
[2026-02-15T06:29:02.662+0000] {logging_mixin.py:188} INFO - [2026-02-15T06:29:02.662+0000] {dag.py:3947} INFO - Setting next_dagrun for product_price_pipeline to 2026-02-15 00:00:00+00:00, run_after=2026-02-16 00:00:00+00:00
[2026-02-15T06:29:02.706+0000] {processor.py:183} INFO - Processing /opt/airflow/dags/product_pipeline_dag.py took 0.206 seconds
[2026-02-15T06:29:33.223+0000] {processor.py:161} INFO - Started process (PID=23773) to work on /opt/airflow/dags/product_pipeline_dag.py
[2026-02-15T06:29:33.225+0000] {processor.py:830} INFO - Processing file /opt/airflow/dags/product_pipeline_dag.py for tasks to queue
[2026-02-15T06:29:33.229+0000] {logging_mixin.py:188} INFO - [2026-02-15T06:29:33.228+0000] {dagbag.py:545} INFO - Filling up the DagBag from /opt/airflow/dags/product_pipeline_dag.py
[2026-02-15T06:29:33.287+0000] {processor.py:840} INFO - DAG(s) 'product_price_pipeline' retrieved from /opt/airflow/dags/product_pipeline_dag.py
[2026-02-15T06:29:33.356+0000] {logging_mixin.py:188} INFO - [2026-02-15T06:29:33.355+0000] {dag.py:3089} INFO - Sync 1 DAGs
[2026-02-15T06:29:33.396+0000] {logging_mixin.py:188} INFO - [2026-02-15T06:29:33.395+0000] {dag.py:3947} INFO - Setting next_dagrun for product_price_pipeline to 2026-02-15 00:00:00+00:00, run_after=2026-02-16 00:00:00+00:00
[2026-02-15T06:29:33.441+0000] {processor.py:183} INFO - Processing /opt/airflow/dags/product_pipeline_dag.py took 0.233 seconds
[2026-02-15T06:30:03.679+0000] {processor.py:161} INFO - Started process (PID=23802) to work on /opt/airflow/dags/product_pipeline_dag.py
[2026-02-15T06:30:03.684+0000] {processor.py:830} INFO - Processing file /opt/airflow/dags/product_pipeline_dag.py for tasks to queue
[2026-02-15T06:30:03.693+0000] {logging_mixin.py:188} INFO - [2026-02-15T06:30:03.692+0000] {dagbag.py:545} INFO - Filling up the DagBag from /opt/airflow/dags/product_pipeline_dag.py
[2026-02-15T06:30:03.767+0000] {processor.py:840} INFO - DAG(s) 'product_price_pipeline' retrieved from /opt/airflow/dags/product_pipeline_dag.py
[2026-02-15T06:30:03.830+0000] {logging_mixin.py:188} INFO - [2026-02-15T06:30:03.829+0000] {dag.py:3089} INFO - Sync 1 DAGs
[2026-02-15T06:30:03.873+0000] {logging_mixin.py:188} INFO - [2026-02-15T06:30:03.872+0000] {dag.py:3947} INFO - Setting next_dagrun for product_price_pipeline to 2026-02-15 00:00:00+00:00, run_after=2026-02-16 00:00:00+00:00
[2026-02-15T06:30:03.908+0000] {processor.py:183} INFO - Processing /opt/airflow/dags/product_pipeline_dag.py took 0.243 seconds
[2026-02-15T06:30:34.740+0000] {processor.py:161} INFO - Started process (PID=23831) to work on /opt/airflow/dags/product_pipeline_dag.py
[2026-02-15T06:30:34.743+0000] {processor.py:830} INFO - Processing file /opt/airflow/dags/product_pipeline_dag.py for tasks to queue
[2026-02-15T06:30:34.748+0000] {logging_mixin.py:188} INFO - [2026-02-15T06:30:34.747+0000] {dagbag.py:545} INFO - Filling up the DagBag from /opt/airflow/dags/product_pipeline_dag.py
[2026-02-15T06:30:34.835+0000] {processor.py:840} INFO - DAG(s) 'product_price_pipeline' retrieved from /opt/airflow/dags/product_pipeline_dag.py
[2026-02-15T06:30:34.914+0000] {logging_mixin.py:188} INFO - [2026-02-15T06:30:34.913+0000] {dag.py:3089} INFO - Sync 1 DAGs
[2026-02-15T06:30:34.956+0000] {logging_mixin.py:188} INFO - [2026-02-15T06:30:34.955+0000] {dag.py:3947} INFO - Setting next_dagrun for product_price_pipeline to 2026-02-15 00:00:00+00:00, run_after=2026-02-16 00:00:00+00:00
[2026-02-15T06:30:35.003+0000] {processor.py:183} INFO - Processing /opt/airflow/dags/product_pipeline_dag.py took 0.275 seconds
[2026-02-15T06:31:05.708+0000] {processor.py:161} INFO - Started process (PID=23860) to work on /opt/airflow/dags/product_pipeline_dag.py
[2026-02-15T06:31:05.710+0000] {processor.py:830} INFO - Processing file /opt/airflow/dags/product_pipeline_dag.py for tasks to queue
[2026-02-15T06:31:05.718+0000] {logging_mixin.py:188} INFO - [2026-02-15T06:31:05.717+0000] {dagbag.py:545} INFO - Filling up the DagBag from /opt/airflow/dags/product_pipeline_dag.py
[2026-02-15T06:31:05.780+0000] {processor.py:840} INFO - DAG(s) 'product_price_pipeline' retrieved from /opt/airflow/dags/product_pipeline_dag.py
[2026-02-15T06:31:05.838+0000] {logging_mixin.py:188} INFO - [2026-02-15T06:31:05.838+0000] {dag.py:3089} INFO - Sync 1 DAGs
[2026-02-15T06:31:05.874+0000] {logging_mixin.py:188} INFO - [2026-02-15T06:31:05.874+0000] {dag.py:3947} INFO - Setting next_dagrun for product_price_pipeline to 2026-02-15 00:00:00+00:00, run_after=2026-02-16 00:00:00+00:00
[2026-02-15T06:31:05.928+0000] {processor.py:183} INFO - Processing /opt/airflow/dags/product_pipeline_dag.py took 0.232 seconds
[2026-02-15T06:31:36.230+0000] {processor.py:161} INFO - Started process (PID=23889) to work on /opt/airflow/dags/product_pipeline_dag.py
[2026-02-15T06:31:36.233+0000] {processor.py:830} INFO - Processing file /opt/airflow/dags/product_pipeline_dag.py for tasks to queue
[2026-02-15T06:31:36.239+0000] {logging_mixin.py:188} INFO - [2026-02-15T06:31:36.238+0000] {dagbag.py:545} INFO - Filling up the DagBag from /opt/airflow/dags/product_pipeline_dag.py
[2026-02-15T06:31:36.318+0000] {processor.py:840} INFO - DAG(s) 'product_price_pipeline' retrieved from /opt/airflow/dags/product_pipeline_dag.py
[2026-02-15T06:31:36.456+0000] {logging_mixin.py:188} INFO - [2026-02-15T06:31:36.454+0000] {dag.py:3089} INFO - Sync 1 DAGs
[2026-02-15T06:31:36.566+0000] {logging_mixin.py:188} INFO - [2026-02-15T06:31:36.560+0000] {dag.py:3947} INFO - Setting next_dagrun for product_price_pipeline to 2026-02-15 00:00:00+00:00, run_after=2026-02-16 00:00:00+00:00
[2026-02-15T06:31:36.668+0000] {processor.py:183} INFO - Processing /opt/airflow/dags/product_pipeline_dag.py took 0.457 seconds
[2026-02-15T06:32:07.269+0000] {processor.py:161} INFO - Started process (PID=23918) to work on /opt/airflow/dags/product_pipeline_dag.py
[2026-02-15T06:32:07.272+0000] {processor.py:830} INFO - Processing file /opt/airflow/dags/product_pipeline_dag.py for tasks to queue
[2026-02-15T06:32:07.276+0000] {logging_mixin.py:188} INFO - [2026-02-15T06:32:07.276+0000] {dagbag.py:545} INFO - Filling up the DagBag from /opt/airflow/dags/product_pipeline_dag.py
[2026-02-15T06:32:07.323+0000] {processor.py:840} INFO - DAG(s) 'product_price_pipeline' retrieved from /opt/airflow/dags/product_pipeline_dag.py
[2026-02-15T06:32:07.388+0000] {logging_mixin.py:188} INFO - [2026-02-15T06:32:07.388+0000] {dag.py:3089} INFO - Sync 1 DAGs
[2026-02-15T06:32:07.432+0000] {logging_mixin.py:188} INFO - [2026-02-15T06:32:07.431+0000] {dag.py:3947} INFO - Setting next_dagrun for product_price_pipeline to 2026-02-15 00:00:00+00:00, run_after=2026-02-16 00:00:00+00:00
[2026-02-15T06:32:07.479+0000] {processor.py:183} INFO - Processing /opt/airflow/dags/product_pipeline_dag.py took 0.220 seconds
[2026-02-15T06:32:38.188+0000] {processor.py:161} INFO - Started process (PID=23945) to work on /opt/airflow/dags/product_pipeline_dag.py
[2026-02-15T06:32:38.192+0000] {processor.py:830} INFO - Processing file /opt/airflow/dags/product_pipeline_dag.py for tasks to queue
[2026-02-15T06:32:38.199+0000] {logging_mixin.py:188} INFO - [2026-02-15T06:32:38.198+0000] {dagbag.py:545} INFO - Filling up the DagBag from /opt/airflow/dags/product_pipeline_dag.py
[2026-02-15T06:32:38.257+0000] {processor.py:840} INFO - DAG(s) 'product_price_pipeline' retrieved from /opt/airflow/dags/product_pipeline_dag.py
[2026-02-15T06:32:38.318+0000] {logging_mixin.py:188} INFO - [2026-02-15T06:32:38.318+0000] {dag.py:3089} INFO - Sync 1 DAGs
[2026-02-15T06:32:38.361+0000] {logging_mixin.py:188} INFO - [2026-02-15T06:32:38.360+0000] {dag.py:3947} INFO - Setting next_dagrun for product_price_pipeline to 2026-02-15 00:00:00+00:00, run_after=2026-02-16 00:00:00+00:00
[2026-02-15T06:32:38.404+0000] {processor.py:183} INFO - Processing /opt/airflow/dags/product_pipeline_dag.py took 0.225 seconds
[2026-02-15T06:33:09.571+0000] {processor.py:161} INFO - Started process (PID=23968) to work on /opt/airflow/dags/product_pipeline_dag.py
[2026-02-15T06:33:09.573+0000] {processor.py:830} INFO - Processing file /opt/airflow/dags/product_pipeline_dag.py for tasks to queue
[2026-02-15T06:33:09.578+0000] {logging_mixin.py:188} INFO - [2026-02-15T06:33:09.577+0000] {dagbag.py:545} INFO - Filling up the DagBag from /opt/airflow/dags/product_pipeline_dag.py
[2026-02-15T06:33:09.642+0000] {processor.py:840} INFO - DAG(s) 'product_price_pipeline' retrieved from /opt/airflow/dags/product_pipeline_dag.py
[2026-02-15T06:33:09.720+0000] {logging_mixin.py:188} INFO - [2026-02-15T06:33:09.719+0000] {dag.py:3089} INFO - Sync 1 DAGs
[2026-02-15T06:33:09.782+0000] {logging_mixin.py:188} INFO - [2026-02-15T06:33:09.782+0000] {dag.py:3947} INFO - Setting next_dagrun for product_price_pipeline to 2026-02-15 00:00:00+00:00, run_after=2026-02-16 00:00:00+00:00
[2026-02-15T06:33:09.837+0000] {processor.py:183} INFO - Processing /opt/airflow/dags/product_pipeline_dag.py took 0.278 seconds
[2026-02-15T06:33:41.412+0000] {processor.py:161} INFO - Started process (PID=23997) to work on /opt/airflow/dags/product_pipeline_dag.py
[2026-02-15T06:33:41.415+0000] {processor.py:830} INFO - Processing file /opt/airflow/dags/product_pipeline_dag.py for tasks to queue
[2026-02-15T06:33:41.419+0000] {logging_mixin.py:188} INFO - [2026-02-15T06:33:41.418+0000] {dagbag.py:545} INFO - Filling up the DagBag from /opt/airflow/dags/product_pipeline_dag.py
[2026-02-15T06:33:41.518+0000] {processor.py:840} INFO - DAG(s) 'product_price_pipeline' retrieved from /opt/airflow/dags/product_pipeline_dag.py
[2026-02-15T06:33:41.598+0000] {logging_mixin.py:188} INFO - [2026-02-15T06:33:41.597+0000] {dag.py:3089} INFO - Sync 1 DAGs
[2026-02-15T06:33:41.667+0000] {logging_mixin.py:188} INFO - [2026-02-15T06:33:41.666+0000] {dag.py:3947} INFO - Setting next_dagrun for product_price_pipeline to 2026-02-15 00:00:00+00:00, run_after=2026-02-16 00:00:00+00:00
[2026-02-15T06:33:41.709+0000] {processor.py:183} INFO - Processing /opt/airflow/dags/product_pipeline_dag.py took 0.308 seconds
[2026-02-15T06:34:12.130+0000] {processor.py:161} INFO - Started process (PID=24022) to work on /opt/airflow/dags/product_pipeline_dag.py
[2026-02-15T06:34:12.132+0000] {processor.py:830} INFO - Processing file /opt/airflow/dags/product_pipeline_dag.py for tasks to queue
[2026-02-15T06:34:12.136+0000] {logging_mixin.py:188} INFO - [2026-02-15T06:34:12.135+0000] {dagbag.py:545} INFO - Filling up the DagBag from /opt/airflow/dags/product_pipeline_dag.py
[2026-02-15T06:34:12.202+0000] {processor.py:840} INFO - DAG(s) 'product_price_pipeline' retrieved from /opt/airflow/dags/product_pipeline_dag.py
[2026-02-15T06:34:12.256+0000] {logging_mixin.py:188} INFO - [2026-02-15T06:34:12.256+0000] {dag.py:3089} INFO - Sync 1 DAGs
[2026-02-15T06:34:12.290+0000] {logging_mixin.py:188} INFO - [2026-02-15T06:34:12.289+0000] {dag.py:3947} INFO - Setting next_dagrun for product_price_pipeline to 2026-02-15 00:00:00+00:00, run_after=2026-02-16 00:00:00+00:00
[2026-02-15T06:34:12.334+0000] {processor.py:183} INFO - Processing /opt/airflow/dags/product_pipeline_dag.py took 0.217 seconds
[2026-02-15T06:34:43.919+0000] {processor.py:161} INFO - Started process (PID=24051) to work on /opt/airflow/dags/product_pipeline_dag.py
[2026-02-15T06:34:43.922+0000] {processor.py:830} INFO - Processing file /opt/airflow/dags/product_pipeline_dag.py for tasks to queue
[2026-02-15T06:34:43.926+0000] {logging_mixin.py:188} INFO - [2026-02-15T06:34:43.925+0000] {dagbag.py:545} INFO - Filling up the DagBag from /opt/airflow/dags/product_pipeline_dag.py
[2026-02-15T06:34:43.982+0000] {processor.py:840} INFO - DAG(s) 'product_price_pipeline' retrieved from /opt/airflow/dags/product_pipeline_dag.py
[2026-02-15T06:34:44.041+0000] {logging_mixin.py:188} INFO - [2026-02-15T06:34:44.041+0000] {dag.py:3089} INFO - Sync 1 DAGs
[2026-02-15T06:34:44.085+0000] {logging_mixin.py:188} INFO - [2026-02-15T06:34:44.085+0000] {dag.py:3947} INFO - Setting next_dagrun for product_price_pipeline to 2026-02-15 00:00:00+00:00, run_after=2026-02-16 00:00:00+00:00
[2026-02-15T06:34:44.142+0000] {processor.py:183} INFO - Processing /opt/airflow/dags/product_pipeline_dag.py took 0.234 seconds
[2026-02-15T06:35:16.020+0000] {processor.py:161} INFO - Started process (PID=24080) to work on /opt/airflow/dags/product_pipeline_dag.py
[2026-02-15T06:35:16.024+0000] {processor.py:830} INFO - Processing file /opt/airflow/dags/product_pipeline_dag.py for tasks to queue
[2026-02-15T06:35:16.029+0000] {logging_mixin.py:188} INFO - [2026-02-15T06:35:16.028+0000] {dagbag.py:545} INFO - Filling up the DagBag from /opt/airflow/dags/product_pipeline_dag.py
[2026-02-15T06:35:16.099+0000] {processor.py:840} INFO - DAG(s) 'product_price_pipeline' retrieved from /opt/airflow/dags/product_pipeline_dag.py
[2026-02-15T06:35:16.171+0000] {logging_mixin.py:188} INFO - [2026-02-15T06:35:16.170+0000] {dag.py:3089} INFO - Sync 1 DAGs
[2026-02-15T06:35:16.251+0000] {logging_mixin.py:188} INFO - [2026-02-15T06:35:16.250+0000] {dag.py:3947} INFO - Setting next_dagrun for product_price_pipeline to 2026-02-15 00:00:00+00:00, run_after=2026-02-16 00:00:00+00:00
[2026-02-15T06:35:16.327+0000] {processor.py:183} INFO - Processing /opt/airflow/dags/product_pipeline_dag.py took 0.319 seconds
[2026-02-15T06:35:48.012+0000] {processor.py:161} INFO - Started process (PID=24109) to work on /opt/airflow/dags/product_pipeline_dag.py
[2026-02-15T06:35:48.014+0000] {processor.py:830} INFO - Processing file /opt/airflow/dags/product_pipeline_dag.py for tasks to queue
[2026-02-15T06:35:48.019+0000] {logging_mixin.py:188} INFO - [2026-02-15T06:35:48.018+0000] {dagbag.py:545} INFO - Filling up the DagBag from /opt/airflow/dags/product_pipeline_dag.py
[2026-02-15T06:35:48.072+0000] {processor.py:840} INFO - DAG(s) 'product_price_pipeline' retrieved from /opt/airflow/dags/product_pipeline_dag.py
[2026-02-15T06:35:48.129+0000] {logging_mixin.py:188} INFO - [2026-02-15T06:35:48.128+0000] {dag.py:3089} INFO - Sync 1 DAGs
[2026-02-15T06:35:48.167+0000] {logging_mixin.py:188} INFO - [2026-02-15T06:35:48.167+0000] {dag.py:3947} INFO - Setting next_dagrun for product_price_pipeline to 2026-02-15 00:00:00+00:00, run_after=2026-02-16 00:00:00+00:00
[2026-02-15T06:35:48.209+0000] {processor.py:183} INFO - Processing /opt/airflow/dags/product_pipeline_dag.py took 0.209 seconds
[2026-02-15T06:36:19.369+0000] {processor.py:161} INFO - Started process (PID=24138) to work on /opt/airflow/dags/product_pipeline_dag.py
[2026-02-15T06:36:19.371+0000] {processor.py:830} INFO - Processing file /opt/airflow/dags/product_pipeline_dag.py for tasks to queue
[2026-02-15T06:36:19.376+0000] {logging_mixin.py:188} INFO - [2026-02-15T06:36:19.375+0000] {dagbag.py:545} INFO - Filling up the DagBag from /opt/airflow/dags/product_pipeline_dag.py
[2026-02-15T06:36:19.427+0000] {processor.py:840} INFO - DAG(s) 'product_price_pipeline' retrieved from /opt/airflow/dags/product_pipeline_dag.py
[2026-02-15T06:36:19.480+0000] {logging_mixin.py:188} INFO - [2026-02-15T06:36:19.480+0000] {dag.py:3089} INFO - Sync 1 DAGs
[2026-02-15T06:36:19.522+0000] {logging_mixin.py:188} INFO - [2026-02-15T06:36:19.521+0000] {dag.py:3947} INFO - Setting next_dagrun for product_price_pipeline to 2026-02-15 00:00:00+00:00, run_after=2026-02-16 00:00:00+00:00
[2026-02-15T06:36:19.560+0000] {processor.py:183} INFO - Processing /opt/airflow/dags/product_pipeline_dag.py took 0.203 seconds
[2026-02-15T06:43:44.653+0000] {processor.py:161} INFO - Started process (PID=24167) to work on /opt/airflow/dags/product_pipeline_dag.py
[2026-02-15T06:43:44.736+0000] {processor.py:830} INFO - Processing file /opt/airflow/dags/product_pipeline_dag.py for tasks to queue
[2026-02-15T06:43:45.299+0000] {logging_mixin.py:188} INFO - [2026-02-15T06:43:45.168+0000] {dagbag.py:545} INFO - Filling up the DagBag from /opt/airflow/dags/product_pipeline_dag.py
[2026-02-15T06:43:51.390+0000] {processor.py:840} INFO - DAG(s) 'product_price_pipeline' retrieved from /opt/airflow/dags/product_pipeline_dag.py
[2026-02-15T06:43:57.135+0000] {logging_mixin.py:188} INFO - [2026-02-15T06:43:57.121+0000] {dag.py:3089} INFO - Sync 1 DAGs
[2026-02-15T06:43:58.275+0000] {logging_mixin.py:188} INFO - [2026-02-15T06:43:58.272+0000] {dag.py:3947} INFO - Setting next_dagrun for product_price_pipeline to 2026-02-15 00:00:00+00:00, run_after=2026-02-16 00:00:00+00:00
[2026-02-15T06:43:58.771+0000] {processor.py:183} INFO - Processing /opt/airflow/dags/product_pipeline_dag.py took 15.816 seconds
[2026-02-15T06:44:29.750+0000] {processor.py:161} INFO - Started process (PID=24196) to work on /opt/airflow/dags/product_pipeline_dag.py
[2026-02-15T06:44:29.758+0000] {processor.py:830} INFO - Processing file /opt/airflow/dags/product_pipeline_dag.py for tasks to queue
[2026-02-15T06:44:29.764+0000] {logging_mixin.py:188} INFO - [2026-02-15T06:44:29.763+0000] {dagbag.py:545} INFO - Filling up the DagBag from /opt/airflow/dags/product_pipeline_dag.py
[2026-02-15T06:44:29.866+0000] {processor.py:840} INFO - DAG(s) 'product_price_pipeline' retrieved from /opt/airflow/dags/product_pipeline_dag.py
[2026-02-15T06:44:29.992+0000] {logging_mixin.py:188} INFO - [2026-02-15T06:44:29.991+0000] {dag.py:3089} INFO - Sync 1 DAGs
[2026-02-15T06:44:30.097+0000] {logging_mixin.py:188} INFO - [2026-02-15T06:44:30.096+0000] {dag.py:3947} INFO - Setting next_dagrun for product_price_pipeline to 2026-02-15 00:00:00+00:00, run_after=2026-02-16 00:00:00+00:00
[2026-02-15T06:44:30.170+0000] {processor.py:183} INFO - Processing /opt/airflow/dags/product_pipeline_dag.py took 0.429 seconds
[2026-02-15T06:45:00.954+0000] {processor.py:161} INFO - Started process (PID=24225) to work on /opt/airflow/dags/product_pipeline_dag.py
[2026-02-15T06:45:00.958+0000] {processor.py:830} INFO - Processing file /opt/airflow/dags/product_pipeline_dag.py for tasks to queue
[2026-02-15T06:45:00.965+0000] {logging_mixin.py:188} INFO - [2026-02-15T06:45:00.964+0000] {dagbag.py:545} INFO - Filling up the DagBag from /opt/airflow/dags/product_pipeline_dag.py
[2026-02-15T06:45:01.032+0000] {processor.py:840} INFO - DAG(s) 'product_price_pipeline' retrieved from /opt/airflow/dags/product_pipeline_dag.py
[2026-02-15T06:45:01.106+0000] {logging_mixin.py:188} INFO - [2026-02-15T06:45:01.105+0000] {dag.py:3089} INFO - Sync 1 DAGs
[2026-02-15T06:45:01.148+0000] {logging_mixin.py:188} INFO - [2026-02-15T06:45:01.147+0000] {dag.py:3947} INFO - Setting next_dagrun for product_price_pipeline to 2026-02-15 00:00:00+00:00, run_after=2026-02-16 00:00:00+00:00
[2026-02-15T06:45:01.215+0000] {processor.py:183} INFO - Processing /opt/airflow/dags/product_pipeline_dag.py took 0.275 seconds
[2026-02-15T06:45:31.392+0000] {processor.py:161} INFO - Started process (PID=24254) to work on /opt/airflow/dags/product_pipeline_dag.py
[2026-02-15T06:45:31.396+0000] {processor.py:830} INFO - Processing file /opt/airflow/dags/product_pipeline_dag.py for tasks to queue
[2026-02-15T06:45:31.401+0000] {logging_mixin.py:188} INFO - [2026-02-15T06:45:31.400+0000] {dagbag.py:545} INFO - Filling up the DagBag from /opt/airflow/dags/product_pipeline_dag.py
[2026-02-15T06:45:31.490+0000] {processor.py:840} INFO - DAG(s) 'product_price_pipeline' retrieved from /opt/airflow/dags/product_pipeline_dag.py
[2026-02-15T06:45:31.655+0000] {logging_mixin.py:188} INFO - [2026-02-15T06:45:31.654+0000] {dag.py:3089} INFO - Sync 1 DAGs
[2026-02-15T06:45:31.731+0000] {logging_mixin.py:188} INFO - [2026-02-15T06:45:31.731+0000] {dag.py:3947} INFO - Setting next_dagrun for product_price_pipeline to 2026-02-15 00:00:00+00:00, run_after=2026-02-16 00:00:00+00:00
[2026-02-15T06:45:31.801+0000] {processor.py:183} INFO - Processing /opt/airflow/dags/product_pipeline_dag.py took 0.423 seconds
[2026-02-15T06:46:02.531+0000] {processor.py:161} INFO - Started process (PID=24283) to work on /opt/airflow/dags/product_pipeline_dag.py
[2026-02-15T06:46:02.548+0000] {processor.py:830} INFO - Processing file /opt/airflow/dags/product_pipeline_dag.py for tasks to queue
[2026-02-15T06:46:02.556+0000] {logging_mixin.py:188} INFO - [2026-02-15T06:46:02.554+0000] {dagbag.py:545} INFO - Filling up the DagBag from /opt/airflow/dags/product_pipeline_dag.py
[2026-02-15T06:46:02.657+0000] {processor.py:840} INFO - DAG(s) 'product_price_pipeline' retrieved from /opt/airflow/dags/product_pipeline_dag.py
[2026-02-15T06:46:02.751+0000] {logging_mixin.py:188} INFO - [2026-02-15T06:46:02.750+0000] {dag.py:3089} INFO - Sync 1 DAGs
[2026-02-15T06:46:02.807+0000] {logging_mixin.py:188} INFO - [2026-02-15T06:46:02.807+0000] {dag.py:3947} INFO - Setting next_dagrun for product_price_pipeline to 2026-02-15 00:00:00+00:00, run_after=2026-02-16 00:00:00+00:00
[2026-02-15T06:46:02.845+0000] {processor.py:183} INFO - Processing /opt/airflow/dags/product_pipeline_dag.py took 0.328 seconds
[2026-02-15T06:46:33.559+0000] {processor.py:161} INFO - Started process (PID=24312) to work on /opt/airflow/dags/product_pipeline_dag.py
[2026-02-15T06:46:33.565+0000] {processor.py:830} INFO - Processing file /opt/airflow/dags/product_pipeline_dag.py for tasks to queue
[2026-02-15T06:46:33.574+0000] {logging_mixin.py:188} INFO - [2026-02-15T06:46:33.572+0000] {dagbag.py:545} INFO - Filling up the DagBag from /opt/airflow/dags/product_pipeline_dag.py
[2026-02-15T06:46:33.695+0000] {processor.py:840} INFO - DAG(s) 'product_price_pipeline' retrieved from /opt/airflow/dags/product_pipeline_dag.py
[2026-02-15T06:46:33.776+0000] {logging_mixin.py:188} INFO - [2026-02-15T06:46:33.775+0000] {dag.py:3089} INFO - Sync 1 DAGs
[2026-02-15T06:46:33.819+0000] {logging_mixin.py:188} INFO - [2026-02-15T06:46:33.818+0000] {dag.py:3947} INFO - Setting next_dagrun for product_price_pipeline to 2026-02-15 00:00:00+00:00, run_after=2026-02-16 00:00:00+00:00
[2026-02-15T06:46:33.858+0000] {processor.py:183} INFO - Processing /opt/airflow/dags/product_pipeline_dag.py took 0.328 seconds
[2026-02-15T06:47:04.148+0000] {processor.py:161} INFO - Started process (PID=24341) to work on /opt/airflow/dags/product_pipeline_dag.py
[2026-02-15T06:47:04.150+0000] {processor.py:830} INFO - Processing file /opt/airflow/dags/product_pipeline_dag.py for tasks to queue
[2026-02-15T06:47:04.156+0000] {logging_mixin.py:188} INFO - [2026-02-15T06:47:04.155+0000] {dagbag.py:545} INFO - Filling up the DagBag from /opt/airflow/dags/product_pipeline_dag.py
[2026-02-15T06:47:04.225+0000] {processor.py:840} INFO - DAG(s) 'product_price_pipeline' retrieved from /opt/airflow/dags/product_pipeline_dag.py
[2026-02-15T06:47:04.308+0000] {logging_mixin.py:188} INFO - [2026-02-15T06:47:04.307+0000] {dag.py:3089} INFO - Sync 1 DAGs
[2026-02-15T06:47:04.365+0000] {logging_mixin.py:188} INFO - [2026-02-15T06:47:04.364+0000] {dag.py:3947} INFO - Setting next_dagrun for product_price_pipeline to 2026-02-15 00:00:00+00:00, run_after=2026-02-16 00:00:00+00:00
[2026-02-15T06:47:04.433+0000] {processor.py:183} INFO - Processing /opt/airflow/dags/product_pipeline_dag.py took 0.299 seconds
[2026-02-15T06:47:34.988+0000] {processor.py:161} INFO - Started process (PID=24370) to work on /opt/airflow/dags/product_pipeline_dag.py
[2026-02-15T06:47:34.991+0000] {processor.py:830} INFO - Processing file /opt/airflow/dags/product_pipeline_dag.py for tasks to queue
[2026-02-15T06:47:35.000+0000] {logging_mixin.py:188} INFO - [2026-02-15T06:47:35.000+0000] {dagbag.py:545} INFO - Filling up the DagBag from /opt/airflow/dags/product_pipeline_dag.py
[2026-02-15T06:47:35.096+0000] {processor.py:840} INFO - DAG(s) 'product_price_pipeline' retrieved from /opt/airflow/dags/product_pipeline_dag.py
[2026-02-15T06:47:35.193+0000] {logging_mixin.py:188} INFO - [2026-02-15T06:47:35.193+0000] {dag.py:3089} INFO - Sync 1 DAGs
[2026-02-15T06:47:35.247+0000] {logging_mixin.py:188} INFO - [2026-02-15T06:47:35.246+0000] {dag.py:3947} INFO - Setting next_dagrun for product_price_pipeline to 2026-02-15 00:00:00+00:00, run_after=2026-02-16 00:00:00+00:00
[2026-02-15T06:47:35.325+0000] {processor.py:183} INFO - Processing /opt/airflow/dags/product_pipeline_dag.py took 0.350 seconds
[2026-02-15T06:48:05.946+0000] {processor.py:161} INFO - Started process (PID=24399) to work on /opt/airflow/dags/product_pipeline_dag.py
[2026-02-15T06:48:05.948+0000] {processor.py:830} INFO - Processing file /opt/airflow/dags/product_pipeline_dag.py for tasks to queue
[2026-02-15T06:48:05.953+0000] {logging_mixin.py:188} INFO - [2026-02-15T06:48:05.953+0000] {dagbag.py:545} INFO - Filling up the DagBag from /opt/airflow/dags/product_pipeline_dag.py
[2026-02-15T06:48:06.022+0000] {processor.py:840} INFO - DAG(s) 'product_price_pipeline' retrieved from /opt/airflow/dags/product_pipeline_dag.py
[2026-02-15T06:48:06.083+0000] {logging_mixin.py:188} INFO - [2026-02-15T06:48:06.082+0000] {dag.py:3089} INFO - Sync 1 DAGs
[2026-02-15T06:48:06.121+0000] {logging_mixin.py:188} INFO - [2026-02-15T06:48:06.121+0000] {dag.py:3947} INFO - Setting next_dagrun for product_price_pipeline to 2026-02-15 00:00:00+00:00, run_after=2026-02-16 00:00:00+00:00
[2026-02-15T06:48:06.180+0000] {processor.py:183} INFO - Processing /opt/airflow/dags/product_pipeline_dag.py took 0.248 seconds
[2026-02-15T06:48:38.466+0000] {processor.py:161} INFO - Started process (PID=24428) to work on /opt/airflow/dags/product_pipeline_dag.py
[2026-02-15T06:48:38.469+0000] {processor.py:830} INFO - Processing file /opt/airflow/dags/product_pipeline_dag.py for tasks to queue
[2026-02-15T06:48:38.472+0000] {logging_mixin.py:188} INFO - [2026-02-15T06:48:38.472+0000] {dagbag.py:545} INFO - Filling up the DagBag from /opt/airflow/dags/product_pipeline_dag.py
[2026-02-15T06:48:38.530+0000] {processor.py:840} INFO - DAG(s) 'product_price_pipeline' retrieved from /opt/airflow/dags/product_pipeline_dag.py
[2026-02-15T06:48:38.594+0000] {logging_mixin.py:188} INFO - [2026-02-15T06:48:38.594+0000] {dag.py:3089} INFO - Sync 1 DAGs
[2026-02-15T06:48:38.645+0000] {logging_mixin.py:188} INFO - [2026-02-15T06:48:38.645+0000] {dag.py:3947} INFO - Setting next_dagrun for product_price_pipeline to 2026-02-15 00:00:00+00:00, run_after=2026-02-16 00:00:00+00:00
[2026-02-15T06:48:38.690+0000] {processor.py:183} INFO - Processing /opt/airflow/dags/product_pipeline_dag.py took 0.235 seconds
[2026-02-15T06:49:10.235+0000] {processor.py:161} INFO - Started process (PID=24455) to work on /opt/airflow/dags/product_pipeline_dag.py
[2026-02-15T06:49:10.238+0000] {processor.py:830} INFO - Processing file /opt/airflow/dags/product_pipeline_dag.py for tasks to queue
[2026-02-15T06:49:10.245+0000] {logging_mixin.py:188} INFO - [2026-02-15T06:49:10.244+0000] {dagbag.py:545} INFO - Filling up the DagBag from /opt/airflow/dags/product_pipeline_dag.py
[2026-02-15T06:49:10.305+0000] {processor.py:840} INFO - DAG(s) 'product_price_pipeline' retrieved from /opt/airflow/dags/product_pipeline_dag.py
[2026-02-15T06:49:10.363+0000] {logging_mixin.py:188} INFO - [2026-02-15T06:49:10.363+0000] {dag.py:3089} INFO - Sync 1 DAGs
[2026-02-15T06:49:10.416+0000] {logging_mixin.py:188} INFO - [2026-02-15T06:49:10.416+0000] {dag.py:3947} INFO - Setting next_dagrun for product_price_pipeline to 2026-02-15 00:00:00+00:00, run_after=2026-02-16 00:00:00+00:00
[2026-02-15T06:49:10.457+0000] {processor.py:183} INFO - Processing /opt/airflow/dags/product_pipeline_dag.py took 0.241 seconds
[2026-02-15T06:49:42.019+0000] {processor.py:161} INFO - Started process (PID=24484) to work on /opt/airflow/dags/product_pipeline_dag.py
[2026-02-15T06:49:42.021+0000] {processor.py:830} INFO - Processing file /opt/airflow/dags/product_pipeline_dag.py for tasks to queue
[2026-02-15T06:49:42.026+0000] {logging_mixin.py:188} INFO - [2026-02-15T06:49:42.025+0000] {dagbag.py:545} INFO - Filling up the DagBag from /opt/airflow/dags/product_pipeline_dag.py
[2026-02-15T06:49:42.087+0000] {processor.py:840} INFO - DAG(s) 'product_price_pipeline' retrieved from /opt/airflow/dags/product_pipeline_dag.py
[2026-02-15T06:49:42.152+0000] {logging_mixin.py:188} INFO - [2026-02-15T06:49:42.151+0000] {dag.py:3089} INFO - Sync 1 DAGs
[2026-02-15T06:49:42.196+0000] {logging_mixin.py:188} INFO - [2026-02-15T06:49:42.196+0000] {dag.py:3947} INFO - Setting next_dagrun for product_price_pipeline to 2026-02-15 00:00:00+00:00, run_after=2026-02-16 00:00:00+00:00
[2026-02-15T06:49:42.260+0000] {processor.py:183} INFO - Processing /opt/airflow/dags/product_pipeline_dag.py took 0.256 seconds
[2026-02-15T06:50:13.957+0000] {processor.py:161} INFO - Started process (PID=24515) to work on /opt/airflow/dags/product_pipeline_dag.py
[2026-02-15T06:50:13.959+0000] {processor.py:830} INFO - Processing file /opt/airflow/dags/product_pipeline_dag.py for tasks to queue
[2026-02-15T06:50:13.963+0000] {logging_mixin.py:188} INFO - [2026-02-15T06:50:13.963+0000] {dagbag.py:545} INFO - Filling up the DagBag from /opt/airflow/dags/product_pipeline_dag.py
[2026-02-15T06:50:14.016+0000] {processor.py:840} INFO - DAG(s) 'product_price_pipeline' retrieved from /opt/airflow/dags/product_pipeline_dag.py
[2026-02-15T06:50:14.085+0000] {logging_mixin.py:188} INFO - [2026-02-15T06:50:14.085+0000] {dag.py:3089} INFO - Sync 1 DAGs
[2026-02-15T06:50:14.127+0000] {logging_mixin.py:188} INFO - [2026-02-15T06:50:14.127+0000] {dag.py:3947} INFO - Setting next_dagrun for product_price_pipeline to 2026-02-15 00:00:00+00:00, run_after=2026-02-16 00:00:00+00:00
[2026-02-15T06:50:14.172+0000] {processor.py:183} INFO - Processing /opt/airflow/dags/product_pipeline_dag.py took 0.227 seconds
[2026-02-15T06:59:24.503+0000] {processor.py:161} INFO - Started process (PID=24545) to work on /opt/airflow/dags/product_pipeline_dag.py
[2026-02-15T06:59:24.507+0000] {processor.py:830} INFO - Processing file /opt/airflow/dags/product_pipeline_dag.py for tasks to queue
[2026-02-15T06:59:24.515+0000] {logging_mixin.py:188} INFO - [2026-02-15T06:59:24.514+0000] {dagbag.py:545} INFO - Filling up the DagBag from /opt/airflow/dags/product_pipeline_dag.py
[2026-02-15T06:59:24.627+0000] {processor.py:840} INFO - DAG(s) 'product_price_pipeline' retrieved from /opt/airflow/dags/product_pipeline_dag.py
[2026-02-15T06:59:24.814+0000] {logging_mixin.py:188} INFO - [2026-02-15T06:59:24.813+0000] {dag.py:3089} INFO - Sync 1 DAGs
[2026-02-15T06:59:24.937+0000] {logging_mixin.py:188} INFO - [2026-02-15T06:59:24.937+0000] {dag.py:3947} INFO - Setting next_dagrun for product_price_pipeline to 2026-02-15 00:00:00+00:00, run_after=2026-02-16 00:00:00+00:00
[2026-02-15T06:59:25.037+0000] {processor.py:183} INFO - Processing /opt/airflow/dags/product_pipeline_dag.py took 0.549 seconds
[2026-02-15T06:59:55.278+0000] {processor.py:161} INFO - Started process (PID=24569) to work on /opt/airflow/dags/product_pipeline_dag.py
[2026-02-15T06:59:55.281+0000] {processor.py:830} INFO - Processing file /opt/airflow/dags/product_pipeline_dag.py for tasks to queue
[2026-02-15T06:59:55.287+0000] {logging_mixin.py:188} INFO - [2026-02-15T06:59:55.286+0000] {dagbag.py:545} INFO - Filling up the DagBag from /opt/airflow/dags/product_pipeline_dag.py
[2026-02-15T06:59:55.366+0000] {processor.py:840} INFO - DAG(s) 'product_price_pipeline' retrieved from /opt/airflow/dags/product_pipeline_dag.py
[2026-02-15T06:59:55.459+0000] {logging_mixin.py:188} INFO - [2026-02-15T06:59:55.458+0000] {dag.py:3089} INFO - Sync 1 DAGs
[2026-02-15T06:59:55.528+0000] {logging_mixin.py:188} INFO - [2026-02-15T06:59:55.527+0000] {dag.py:3947} INFO - Setting next_dagrun for product_price_pipeline to 2026-02-15 00:00:00+00:00, run_after=2026-02-16 00:00:00+00:00
[2026-02-15T06:59:55.605+0000] {processor.py:183} INFO - Processing /opt/airflow/dags/product_pipeline_dag.py took 0.342 seconds
[2026-02-15T07:00:27.128+0000] {processor.py:161} INFO - Started process (PID=24600) to work on /opt/airflow/dags/product_pipeline_dag.py
[2026-02-15T07:00:27.131+0000] {processor.py:830} INFO - Processing file /opt/airflow/dags/product_pipeline_dag.py for tasks to queue
[2026-02-15T07:00:27.135+0000] {logging_mixin.py:188} INFO - [2026-02-15T07:00:27.135+0000] {dagbag.py:545} INFO - Filling up the DagBag from /opt/airflow/dags/product_pipeline_dag.py
[2026-02-15T07:00:27.236+0000] {processor.py:840} INFO - DAG(s) 'product_price_pipeline' retrieved from /opt/airflow/dags/product_pipeline_dag.py
[2026-02-15T07:00:27.331+0000] {logging_mixin.py:188} INFO - [2026-02-15T07:00:27.330+0000] {dag.py:3089} INFO - Sync 1 DAGs
[2026-02-15T07:00:27.380+0000] {logging_mixin.py:188} INFO - [2026-02-15T07:00:27.380+0000] {dag.py:3947} INFO - Setting next_dagrun for product_price_pipeline to 2026-02-15 00:00:00+00:00, run_after=2026-02-16 00:00:00+00:00
[2026-02-15T07:00:27.429+0000] {processor.py:183} INFO - Processing /opt/airflow/dags/product_pipeline_dag.py took 0.314 seconds
[2026-02-15T07:00:58.238+0000] {processor.py:161} INFO - Started process (PID=24626) to work on /opt/airflow/dags/product_pipeline_dag.py
[2026-02-15T07:00:58.240+0000] {processor.py:830} INFO - Processing file /opt/airflow/dags/product_pipeline_dag.py for tasks to queue
[2026-02-15T07:00:58.244+0000] {logging_mixin.py:188} INFO - [2026-02-15T07:00:58.243+0000] {dagbag.py:545} INFO - Filling up the DagBag from /opt/airflow/dags/product_pipeline_dag.py
[2026-02-15T07:00:58.297+0000] {processor.py:840} INFO - DAG(s) 'product_price_pipeline' retrieved from /opt/airflow/dags/product_pipeline_dag.py
[2026-02-15T07:00:58.358+0000] {logging_mixin.py:188} INFO - [2026-02-15T07:00:58.357+0000] {dag.py:3089} INFO - Sync 1 DAGs
[2026-02-15T07:00:58.408+0000] {logging_mixin.py:188} INFO - [2026-02-15T07:00:58.408+0000] {dag.py:3947} INFO - Setting next_dagrun for product_price_pipeline to 2026-02-15 00:00:00+00:00, run_after=2026-02-16 00:00:00+00:00
[2026-02-15T07:00:58.456+0000] {processor.py:183} INFO - Processing /opt/airflow/dags/product_pipeline_dag.py took 0.227 seconds
[2026-02-15T07:01:28.691+0000] {processor.py:161} INFO - Started process (PID=24650) to work on /opt/airflow/dags/product_pipeline_dag.py
[2026-02-15T07:01:28.693+0000] {processor.py:830} INFO - Processing file /opt/airflow/dags/product_pipeline_dag.py for tasks to queue
[2026-02-15T07:01:28.697+0000] {logging_mixin.py:188} INFO - [2026-02-15T07:01:28.696+0000] {dagbag.py:545} INFO - Filling up the DagBag from /opt/airflow/dags/product_pipeline_dag.py
[2026-02-15T07:01:28.743+0000] {processor.py:840} INFO - DAG(s) 'product_price_pipeline' retrieved from /opt/airflow/dags/product_pipeline_dag.py
[2026-02-15T07:01:28.829+0000] {logging_mixin.py:188} INFO - [2026-02-15T07:01:28.829+0000] {dag.py:3089} INFO - Sync 1 DAGs
[2026-02-15T07:01:28.869+0000] {logging_mixin.py:188} INFO - [2026-02-15T07:01:28.868+0000] {dag.py:3947} INFO - Setting next_dagrun for product_price_pipeline to 2026-02-15 00:00:00+00:00, run_after=2026-02-16 00:00:00+00:00
[2026-02-15T07:01:28.919+0000] {processor.py:183} INFO - Processing /opt/airflow/dags/product_pipeline_dag.py took 0.240 seconds
[2026-02-15T07:01:59.510+0000] {processor.py:161} INFO - Started process (PID=24675) to work on /opt/airflow/dags/product_pipeline_dag.py
[2026-02-15T07:01:59.512+0000] {processor.py:830} INFO - Processing file /opt/airflow/dags/product_pipeline_dag.py for tasks to queue
[2026-02-15T07:01:59.516+0000] {logging_mixin.py:188} INFO - [2026-02-15T07:01:59.516+0000] {dagbag.py:545} INFO - Filling up the DagBag from /opt/airflow/dags/product_pipeline_dag.py
[2026-02-15T07:01:59.577+0000] {processor.py:840} INFO - DAG(s) 'product_price_pipeline' retrieved from /opt/airflow/dags/product_pipeline_dag.py
[2026-02-15T07:01:59.649+0000] {logging_mixin.py:188} INFO - [2026-02-15T07:01:59.643+0000] {dag.py:3089} INFO - Sync 1 DAGs
[2026-02-15T07:01:59.705+0000] {logging_mixin.py:188} INFO - [2026-02-15T07:01:59.704+0000] {dag.py:3947} INFO - Setting next_dagrun for product_price_pipeline to 2026-02-15 00:00:00+00:00, run_after=2026-02-16 00:00:00+00:00
[2026-02-15T07:01:59.743+0000] {processor.py:183} INFO - Processing /opt/airflow/dags/product_pipeline_dag.py took 0.248 seconds
[2026-02-15T07:02:30.132+0000] {processor.py:161} INFO - Started process (PID=24704) to work on /opt/airflow/dags/product_pipeline_dag.py
[2026-02-15T07:02:30.135+0000] {processor.py:830} INFO - Processing file /opt/airflow/dags/product_pipeline_dag.py for tasks to queue
[2026-02-15T07:02:30.141+0000] {logging_mixin.py:188} INFO - [2026-02-15T07:02:30.140+0000] {dagbag.py:545} INFO - Filling up the DagBag from /opt/airflow/dags/product_pipeline_dag.py
[2026-02-15T07:02:30.197+0000] {processor.py:840} INFO - DAG(s) 'product_price_pipeline' retrieved from /opt/airflow/dags/product_pipeline_dag.py
[2026-02-15T07:02:30.250+0000] {logging_mixin.py:188} INFO - [2026-02-15T07:02:30.249+0000] {dag.py:3089} INFO - Sync 1 DAGs
[2026-02-15T07:02:30.307+0000] {logging_mixin.py:188} INFO - [2026-02-15T07:02:30.306+0000] {dag.py:3947} INFO - Setting next_dagrun for product_price_pipeline to 2026-02-15 00:00:00+00:00, run_after=2026-02-16 00:00:00+00:00
[2026-02-15T07:02:30.374+0000] {processor.py:183} INFO - Processing /opt/airflow/dags/product_pipeline_dag.py took 0.255 seconds
[2026-02-15T07:03:00.605+0000] {processor.py:161} INFO - Started process (PID=24733) to work on /opt/airflow/dags/product_pipeline_dag.py
[2026-02-15T07:03:00.610+0000] {processor.py:830} INFO - Processing file /opt/airflow/dags/product_pipeline_dag.py for tasks to queue
[2026-02-15T07:03:00.618+0000] {logging_mixin.py:188} INFO - [2026-02-15T07:03:00.616+0000] {dagbag.py:545} INFO - Filling up the DagBag from /opt/airflow/dags/product_pipeline_dag.py
[2026-02-15T07:03:00.682+0000] {processor.py:840} INFO - DAG(s) 'product_price_pipeline' retrieved from /opt/airflow/dags/product_pipeline_dag.py
[2026-02-15T07:03:00.756+0000] {logging_mixin.py:188} INFO - [2026-02-15T07:03:00.755+0000] {dag.py:3089} INFO - Sync 1 DAGs
[2026-02-15T07:03:00.804+0000] {logging_mixin.py:188} INFO - [2026-02-15T07:03:00.804+0000] {dag.py:3947} INFO - Setting next_dagrun for product_price_pipeline to 2026-02-15 00:00:00+00:00, run_after=2026-02-16 00:00:00+00:00
[2026-02-15T07:03:00.856+0000] {processor.py:183} INFO - Processing /opt/airflow/dags/product_pipeline_dag.py took 0.270 seconds
[2026-02-15T07:03:31.382+0000] {processor.py:161} INFO - Started process (PID=24762) to work on /opt/airflow/dags/product_pipeline_dag.py
[2026-02-15T07:03:31.386+0000] {processor.py:830} INFO - Processing file /opt/airflow/dags/product_pipeline_dag.py for tasks to queue
[2026-02-15T07:03:31.392+0000] {logging_mixin.py:188} INFO - [2026-02-15T07:03:31.392+0000] {dagbag.py:545} INFO - Filling up the DagBag from /opt/airflow/dags/product_pipeline_dag.py
[2026-02-15T07:03:31.485+0000] {processor.py:840} INFO - DAG(s) 'product_price_pipeline' retrieved from /opt/airflow/dags/product_pipeline_dag.py
[2026-02-15T07:03:31.559+0000] {logging_mixin.py:188} INFO - [2026-02-15T07:03:31.558+0000] {dag.py:3089} INFO - Sync 1 DAGs
[2026-02-15T07:03:31.609+0000] {logging_mixin.py:188} INFO - [2026-02-15T07:03:31.608+0000] {dag.py:3947} INFO - Setting next_dagrun for product_price_pipeline to 2026-02-15 00:00:00+00:00, run_after=2026-02-16 00:00:00+00:00
[2026-02-15T07:03:31.671+0000] {processor.py:183} INFO - Processing /opt/airflow/dags/product_pipeline_dag.py took 0.304 seconds
[2026-02-15T07:04:02.087+0000] {processor.py:161} INFO - Started process (PID=24789) to work on /opt/airflow/dags/product_pipeline_dag.py
[2026-02-15T07:04:02.278+0000] {processor.py:830} INFO - Processing file /opt/airflow/dags/product_pipeline_dag.py for tasks to queue
[2026-02-15T07:04:02.285+0000] {logging_mixin.py:188} INFO - [2026-02-15T07:04:02.284+0000] {dagbag.py:545} INFO - Filling up the DagBag from /opt/airflow/dags/product_pipeline_dag.py
[2026-02-15T07:04:02.368+0000] {processor.py:840} INFO - DAG(s) 'product_price_pipeline' retrieved from /opt/airflow/dags/product_pipeline_dag.py
[2026-02-15T07:04:02.466+0000] {logging_mixin.py:188} INFO - [2026-02-15T07:04:02.466+0000] {dag.py:3089} INFO - Sync 1 DAGs
[2026-02-15T07:04:02.534+0000] {logging_mixin.py:188} INFO - [2026-02-15T07:04:02.533+0000] {dag.py:3947} INFO - Setting next_dagrun for product_price_pipeline to 2026-02-15 00:00:00+00:00, run_after=2026-02-16 00:00:00+00:00
[2026-02-15T07:04:02.585+0000] {processor.py:183} INFO - Processing /opt/airflow/dags/product_pipeline_dag.py took 0.514 seconds
[2026-02-15T07:04:32.736+0000] {processor.py:161} INFO - Started process (PID=24814) to work on /opt/airflow/dags/product_pipeline_dag.py
[2026-02-15T07:04:32.739+0000] {processor.py:830} INFO - Processing file /opt/airflow/dags/product_pipeline_dag.py for tasks to queue
[2026-02-15T07:04:32.744+0000] {logging_mixin.py:188} INFO - [2026-02-15T07:04:32.743+0000] {dagbag.py:545} INFO - Filling up the DagBag from /opt/airflow/dags/product_pipeline_dag.py
[2026-02-15T07:04:32.813+0000] {processor.py:840} INFO - DAG(s) 'product_price_pipeline' retrieved from /opt/airflow/dags/product_pipeline_dag.py
[2026-02-15T07:04:32.888+0000] {logging_mixin.py:188} INFO - [2026-02-15T07:04:32.887+0000] {dag.py:3089} INFO - Sync 1 DAGs
[2026-02-15T07:04:32.940+0000] {logging_mixin.py:188} INFO - [2026-02-15T07:04:32.940+0000] {dag.py:3947} INFO - Setting next_dagrun for product_price_pipeline to 2026-02-15 00:00:00+00:00, run_after=2026-02-16 00:00:00+00:00
[2026-02-15T07:04:32.977+0000] {processor.py:183} INFO - Processing /opt/airflow/dags/product_pipeline_dag.py took 0.255 seconds
[2026-02-15T07:05:03.253+0000] {processor.py:161} INFO - Started process (PID=24843) to work on /opt/airflow/dags/product_pipeline_dag.py
[2026-02-15T07:05:03.268+0000] {processor.py:830} INFO - Processing file /opt/airflow/dags/product_pipeline_dag.py for tasks to queue
[2026-02-15T07:05:03.275+0000] {logging_mixin.py:188} INFO - [2026-02-15T07:05:03.274+0000] {dagbag.py:545} INFO - Filling up the DagBag from /opt/airflow/dags/product_pipeline_dag.py
[2026-02-15T07:05:03.357+0000] {processor.py:840} INFO - DAG(s) 'product_price_pipeline' retrieved from /opt/airflow/dags/product_pipeline_dag.py
[2026-02-15T07:05:03.469+0000] {logging_mixin.py:188} INFO - [2026-02-15T07:05:03.468+0000] {dag.py:3089} INFO - Sync 1 DAGs
[2026-02-15T07:05:03.559+0000] {logging_mixin.py:188} INFO - [2026-02-15T07:05:03.558+0000] {dag.py:3947} INFO - Setting next_dagrun for product_price_pipeline to 2026-02-15 00:00:00+00:00, run_after=2026-02-16 00:00:00+00:00
[2026-02-15T07:05:03.649+0000] {processor.py:183} INFO - Processing /opt/airflow/dags/product_pipeline_dag.py took 0.414 seconds
[2026-02-15T07:08:34.458+0000] {processor.py:161} INFO - Started process (PID=24894) to work on /opt/airflow/dags/product_pipeline_dag.py
[2026-02-15T07:08:34.461+0000] {processor.py:830} INFO - Processing file /opt/airflow/dags/product_pipeline_dag.py for tasks to queue
[2026-02-15T07:08:34.472+0000] {logging_mixin.py:188} INFO - [2026-02-15T07:08:34.471+0000] {dagbag.py:545} INFO - Filling up the DagBag from /opt/airflow/dags/product_pipeline_dag.py
[2026-02-15T07:08:34.564+0000] {processor.py:840} INFO - DAG(s) 'product_price_pipeline' retrieved from /opt/airflow/dags/product_pipeline_dag.py
[2026-02-15T07:08:34.792+0000] {logging_mixin.py:188} INFO - [2026-02-15T07:08:34.791+0000] {dag.py:3089} INFO - Sync 1 DAGs
[2026-02-15T07:08:34.915+0000] {logging_mixin.py:188} INFO - [2026-02-15T07:08:34.914+0000] {dag.py:3947} INFO - Setting next_dagrun for product_price_pipeline to 2026-02-15 00:00:00+00:00, run_after=2026-02-16 00:00:00+00:00
[2026-02-15T07:08:35.350+0000] {processor.py:183} INFO - Processing /opt/airflow/dags/product_pipeline_dag.py took 0.907 seconds
[2026-02-15T07:09:06.715+0000] {processor.py:161} INFO - Started process (PID=24923) to work on /opt/airflow/dags/product_pipeline_dag.py
[2026-02-15T07:09:06.720+0000] {processor.py:830} INFO - Processing file /opt/airflow/dags/product_pipeline_dag.py for tasks to queue
[2026-02-15T07:09:06.727+0000] {logging_mixin.py:188} INFO - [2026-02-15T07:09:06.726+0000] {dagbag.py:545} INFO - Filling up the DagBag from /opt/airflow/dags/product_pipeline_dag.py
[2026-02-15T07:09:06.826+0000] {processor.py:840} INFO - DAG(s) 'product_price_pipeline' retrieved from /opt/airflow/dags/product_pipeline_dag.py
[2026-02-15T07:09:06.951+0000] {logging_mixin.py:188} INFO - [2026-02-15T07:09:06.949+0000] {dag.py:3089} INFO - Sync 1 DAGs
[2026-02-15T07:09:07.001+0000] {logging_mixin.py:188} INFO - [2026-02-15T07:09:07.000+0000] {dag.py:3947} INFO - Setting next_dagrun for product_price_pipeline to 2026-02-15 00:00:00+00:00, run_after=2026-02-16 00:00:00+00:00
[2026-02-15T07:09:07.039+0000] {processor.py:183} INFO - Processing /opt/airflow/dags/product_pipeline_dag.py took 0.342 seconds
[2026-02-15T07:09:44.024+0000] {processor.py:161} INFO - Started process (PID=24952) to work on /opt/airflow/dags/product_pipeline_dag.py
[2026-02-15T07:09:44.028+0000] {processor.py:830} INFO - Processing file /opt/airflow/dags/product_pipeline_dag.py for tasks to queue
[2026-02-15T07:09:44.034+0000] {logging_mixin.py:188} INFO - [2026-02-15T07:09:44.032+0000] {dagbag.py:545} INFO - Filling up the DagBag from /opt/airflow/dags/product_pipeline_dag.py
[2026-02-15T07:09:44.180+0000] {processor.py:840} INFO - DAG(s) 'product_price_pipeline' retrieved from /opt/airflow/dags/product_pipeline_dag.py
[2026-02-15T07:09:44.299+0000] {logging_mixin.py:188} INFO - [2026-02-15T07:09:44.298+0000] {dag.py:3089} INFO - Sync 1 DAGs
[2026-02-15T07:09:44.379+0000] {logging_mixin.py:188} INFO - [2026-02-15T07:09:44.379+0000] {dag.py:3947} INFO - Setting next_dagrun for product_price_pipeline to 2026-02-15 00:00:00+00:00, run_after=2026-02-16 00:00:00+00:00
[2026-02-15T07:09:44.431+0000] {processor.py:183} INFO - Processing /opt/airflow/dags/product_pipeline_dag.py took 0.431 seconds
[2026-02-15T07:10:16.769+0000] {processor.py:161} INFO - Started process (PID=24981) to work on /opt/airflow/dags/product_pipeline_dag.py
[2026-02-15T07:10:16.774+0000] {processor.py:830} INFO - Processing file /opt/airflow/dags/product_pipeline_dag.py for tasks to queue
[2026-02-15T07:10:16.783+0000] {logging_mixin.py:188} INFO - [2026-02-15T07:10:16.781+0000] {dagbag.py:545} INFO - Filling up the DagBag from /opt/airflow/dags/product_pipeline_dag.py
[2026-02-15T07:10:16.907+0000] {processor.py:840} INFO - DAG(s) 'product_price_pipeline' retrieved from /opt/airflow/dags/product_pipeline_dag.py
[2026-02-15T07:10:17.046+0000] {logging_mixin.py:188} INFO - [2026-02-15T07:10:17.046+0000] {dag.py:3089} INFO - Sync 1 DAGs
[2026-02-15T07:10:17.098+0000] {logging_mixin.py:188} INFO - [2026-02-15T07:10:17.097+0000] {dag.py:3947} INFO - Setting next_dagrun for product_price_pipeline to 2026-02-15 00:00:00+00:00, run_after=2026-02-16 00:00:00+00:00
[2026-02-15T07:10:17.156+0000] {processor.py:183} INFO - Processing /opt/airflow/dags/product_pipeline_dag.py took 0.416 seconds
[2026-02-15T07:10:49.382+0000] {processor.py:161} INFO - Started process (PID=25010) to work on /opt/airflow/dags/product_pipeline_dag.py
[2026-02-15T07:10:49.386+0000] {processor.py:830} INFO - Processing file /opt/airflow/dags/product_pipeline_dag.py for tasks to queue
[2026-02-15T07:10:49.391+0000] {logging_mixin.py:188} INFO - [2026-02-15T07:10:49.390+0000] {dagbag.py:545} INFO - Filling up the DagBag from /opt/airflow/dags/product_pipeline_dag.py
[2026-02-15T07:10:49.451+0000] {processor.py:840} INFO - DAG(s) 'product_price_pipeline' retrieved from /opt/airflow/dags/product_pipeline_dag.py
[2026-02-15T07:10:49.531+0000] {logging_mixin.py:188} INFO - [2026-02-15T07:10:49.531+0000] {dag.py:3089} INFO - Sync 1 DAGs
[2026-02-15T07:10:49.572+0000] {logging_mixin.py:188} INFO - [2026-02-15T07:10:49.572+0000] {dag.py:3947} INFO - Setting next_dagrun for product_price_pipeline to 2026-02-15 00:00:00+00:00, run_after=2026-02-16 00:00:00+00:00
[2026-02-15T07:10:49.614+0000] {processor.py:183} INFO - Processing /opt/airflow/dags/product_pipeline_dag.py took 0.249 seconds
[2026-02-15T07:11:21.212+0000] {processor.py:161} INFO - Started process (PID=25039) to work on /opt/airflow/dags/product_pipeline_dag.py
[2026-02-15T07:11:21.215+0000] {processor.py:830} INFO - Processing file /opt/airflow/dags/product_pipeline_dag.py for tasks to queue
[2026-02-15T07:11:21.220+0000] {logging_mixin.py:188} INFO - [2026-02-15T07:11:21.219+0000] {dagbag.py:545} INFO - Filling up the DagBag from /opt/airflow/dags/product_pipeline_dag.py
[2026-02-15T07:11:21.272+0000] {processor.py:840} INFO - DAG(s) 'product_price_pipeline' retrieved from /opt/airflow/dags/product_pipeline_dag.py
[2026-02-15T07:11:21.314+0000] {logging_mixin.py:188} INFO - [2026-02-15T07:11:21.313+0000] {dag.py:3089} INFO - Sync 1 DAGs
[2026-02-15T07:11:21.346+0000] {logging_mixin.py:188} INFO - [2026-02-15T07:11:21.345+0000] {dag.py:3947} INFO - Setting next_dagrun for product_price_pipeline to 2026-02-15 00:00:00+00:00, run_after=2026-02-16 00:00:00+00:00
[2026-02-15T07:11:21.541+0000] {processor.py:183} INFO - Processing /opt/airflow/dags/product_pipeline_dag.py took 0.342 seconds
[2026-02-15T07:11:54.158+0000] {processor.py:161} INFO - Started process (PID=25068) to work on /opt/airflow/dags/product_pipeline_dag.py
[2026-02-15T07:11:54.170+0000] {processor.py:830} INFO - Processing file /opt/airflow/dags/product_pipeline_dag.py for tasks to queue
[2026-02-15T07:11:54.174+0000] {logging_mixin.py:188} INFO - [2026-02-15T07:11:54.173+0000] {dagbag.py:545} INFO - Filling up the DagBag from /opt/airflow/dags/product_pipeline_dag.py
[2026-02-15T07:11:54.291+0000] {processor.py:840} INFO - DAG(s) 'product_price_pipeline' retrieved from /opt/airflow/dags/product_pipeline_dag.py
[2026-02-15T07:11:54.389+0000] {logging_mixin.py:188} INFO - [2026-02-15T07:11:54.388+0000] {dag.py:3089} INFO - Sync 1 DAGs
[2026-02-15T07:11:54.454+0000] {logging_mixin.py:188} INFO - [2026-02-15T07:11:54.453+0000] {dag.py:3947} INFO - Setting next_dagrun for product_price_pipeline to 2026-02-15 00:00:00+00:00, run_after=2026-02-16 00:00:00+00:00
[2026-02-15T07:11:54.510+0000] {processor.py:183} INFO - Processing /opt/airflow/dags/product_pipeline_dag.py took 0.366 seconds
[2026-02-15T07:12:25.558+0000] {processor.py:161} INFO - Started process (PID=25097) to work on /opt/airflow/dags/product_pipeline_dag.py
[2026-02-15T07:12:25.561+0000] {processor.py:830} INFO - Processing file /opt/airflow/dags/product_pipeline_dag.py for tasks to queue
[2026-02-15T07:12:25.566+0000] {logging_mixin.py:188} INFO - [2026-02-15T07:12:25.565+0000] {dagbag.py:545} INFO - Filling up the DagBag from /opt/airflow/dags/product_pipeline_dag.py
[2026-02-15T07:12:25.638+0000] {processor.py:840} INFO - DAG(s) 'product_price_pipeline' retrieved from /opt/airflow/dags/product_pipeline_dag.py
[2026-02-15T07:12:25.720+0000] {logging_mixin.py:188} INFO - [2026-02-15T07:12:25.720+0000] {dag.py:3089} INFO - Sync 1 DAGs
[2026-02-15T07:12:25.772+0000] {logging_mixin.py:188} INFO - [2026-02-15T07:12:25.771+0000] {dag.py:3947} INFO - Setting next_dagrun for product_price_pipeline to 2026-02-15 00:00:00+00:00, run_after=2026-02-16 00:00:00+00:00
[2026-02-15T07:12:25.839+0000] {processor.py:183} INFO - Processing /opt/airflow/dags/product_pipeline_dag.py took 0.292 seconds
[2026-02-15T07:12:56.530+0000] {processor.py:161} INFO - Started process (PID=25120) to work on /opt/airflow/dags/product_pipeline_dag.py
[2026-02-15T07:12:56.532+0000] {processor.py:830} INFO - Processing file /opt/airflow/dags/product_pipeline_dag.py for tasks to queue
[2026-02-15T07:12:56.536+0000] {logging_mixin.py:188} INFO - [2026-02-15T07:12:56.536+0000] {dagbag.py:545} INFO - Filling up the DagBag from /opt/airflow/dags/product_pipeline_dag.py
[2026-02-15T07:12:56.602+0000] {processor.py:840} INFO - DAG(s) 'product_price_pipeline' retrieved from /opt/airflow/dags/product_pipeline_dag.py
[2026-02-15T07:12:56.685+0000] {logging_mixin.py:188} INFO - [2026-02-15T07:12:56.684+0000] {dag.py:3089} INFO - Sync 1 DAGs
[2026-02-15T07:12:56.731+0000] {logging_mixin.py:188} INFO - [2026-02-15T07:12:56.731+0000] {dag.py:3947} INFO - Setting next_dagrun for product_price_pipeline to 2026-02-15 00:00:00+00:00, run_after=2026-02-16 00:00:00+00:00
[2026-02-15T07:12:56.773+0000] {processor.py:183} INFO - Processing /opt/airflow/dags/product_pipeline_dag.py took 0.254 seconds
[2026-02-15T07:13:30.813+0000] {processor.py:161} INFO - Started process (PID=25143) to work on /opt/airflow/dags/product_pipeline_dag.py
[2026-02-15T07:13:30.815+0000] {processor.py:830} INFO - Processing file /opt/airflow/dags/product_pipeline_dag.py for tasks to queue
[2026-02-15T07:13:30.819+0000] {logging_mixin.py:188} INFO - [2026-02-15T07:13:30.818+0000] {dagbag.py:545} INFO - Filling up the DagBag from /opt/airflow/dags/product_pipeline_dag.py
[2026-02-15T07:13:30.917+0000] {processor.py:840} INFO - DAG(s) 'product_price_pipeline' retrieved from /opt/airflow/dags/product_pipeline_dag.py
[2026-02-15T07:13:30.996+0000] {logging_mixin.py:188} INFO - [2026-02-15T07:13:30.995+0000] {dag.py:3089} INFO - Sync 1 DAGs
[2026-02-15T07:13:31.051+0000] {logging_mixin.py:188} INFO - [2026-02-15T07:13:31.051+0000] {dag.py:3947} INFO - Setting next_dagrun for product_price_pipeline to 2026-02-15 00:00:00+00:00, run_after=2026-02-16 00:00:00+00:00
[2026-02-15T07:13:31.097+0000] {processor.py:183} INFO - Processing /opt/airflow/dags/product_pipeline_dag.py took 0.294 seconds
[2026-02-15T07:14:02.455+0000] {processor.py:161} INFO - Started process (PID=25172) to work on /opt/airflow/dags/product_pipeline_dag.py
[2026-02-15T07:14:02.457+0000] {processor.py:830} INFO - Processing file /opt/airflow/dags/product_pipeline_dag.py for tasks to queue
[2026-02-15T07:14:02.462+0000] {logging_mixin.py:188} INFO - [2026-02-15T07:14:02.461+0000] {dagbag.py:545} INFO - Filling up the DagBag from /opt/airflow/dags/product_pipeline_dag.py
[2026-02-15T07:14:02.515+0000] {processor.py:840} INFO - DAG(s) 'product_price_pipeline' retrieved from /opt/airflow/dags/product_pipeline_dag.py
[2026-02-15T07:14:02.575+0000] {logging_mixin.py:188} INFO - [2026-02-15T07:14:02.575+0000] {dag.py:3089} INFO - Sync 1 DAGs
[2026-02-15T07:14:02.614+0000] {logging_mixin.py:188} INFO - [2026-02-15T07:14:02.614+0000] {dag.py:3947} INFO - Setting next_dagrun for product_price_pipeline to 2026-02-15 00:00:00+00:00, run_after=2026-02-16 00:00:00+00:00
[2026-02-15T07:14:02.679+0000] {processor.py:183} INFO - Processing /opt/airflow/dags/product_pipeline_dag.py took 0.235 seconds
[2026-02-15T07:14:36.943+0000] {processor.py:161} INFO - Started process (PID=25201) to work on /opt/airflow/dags/product_pipeline_dag.py
[2026-02-15T07:14:36.946+0000] {processor.py:830} INFO - Processing file /opt/airflow/dags/product_pipeline_dag.py for tasks to queue
[2026-02-15T07:14:36.951+0000] {logging_mixin.py:188} INFO - [2026-02-15T07:14:36.950+0000] {dagbag.py:545} INFO - Filling up the DagBag from /opt/airflow/dags/product_pipeline_dag.py
[2026-02-15T07:14:37.010+0000] {processor.py:840} INFO - DAG(s) 'product_price_pipeline' retrieved from /opt/airflow/dags/product_pipeline_dag.py
[2026-02-15T07:14:37.088+0000] {logging_mixin.py:188} INFO - [2026-02-15T07:14:37.088+0000] {dag.py:3089} INFO - Sync 1 DAGs
[2026-02-15T07:14:37.173+0000] {logging_mixin.py:188} INFO - [2026-02-15T07:14:37.172+0000] {dag.py:3947} INFO - Setting next_dagrun for product_price_pipeline to 2026-02-15 00:00:00+00:00, run_after=2026-02-16 00:00:00+00:00
[2026-02-15T07:14:37.640+0000] {processor.py:183} INFO - Processing /opt/airflow/dags/product_pipeline_dag.py took 0.710 seconds
[2026-02-15T07:15:11.977+0000] {processor.py:161} INFO - Started process (PID=25230) to work on /opt/airflow/dags/product_pipeline_dag.py
[2026-02-15T07:15:11.980+0000] {processor.py:830} INFO - Processing file /opt/airflow/dags/product_pipeline_dag.py for tasks to queue
[2026-02-15T07:15:11.987+0000] {logging_mixin.py:188} INFO - [2026-02-15T07:15:11.986+0000] {dagbag.py:545} INFO - Filling up the DagBag from /opt/airflow/dags/product_pipeline_dag.py
[2026-02-15T07:15:12.054+0000] {processor.py:840} INFO - DAG(s) 'product_price_pipeline' retrieved from /opt/airflow/dags/product_pipeline_dag.py
[2026-02-15T07:15:12.140+0000] {logging_mixin.py:188} INFO - [2026-02-15T07:15:12.140+0000] {dag.py:3089} INFO - Sync 1 DAGs
[2026-02-15T07:15:12.198+0000] {logging_mixin.py:188} INFO - [2026-02-15T07:15:12.197+0000] {dag.py:3947} INFO - Setting next_dagrun for product_price_pipeline to 2026-02-15 00:00:00+00:00, run_after=2026-02-16 00:00:00+00:00
[2026-02-15T07:15:12.257+0000] {processor.py:183} INFO - Processing /opt/airflow/dags/product_pipeline_dag.py took 0.290 seconds
[2026-02-15T07:15:44.046+0000] {processor.py:161} INFO - Started process (PID=25259) to work on /opt/airflow/dags/product_pipeline_dag.py
[2026-02-15T07:15:44.052+0000] {processor.py:830} INFO - Processing file /opt/airflow/dags/product_pipeline_dag.py for tasks to queue
[2026-02-15T07:15:44.069+0000] {logging_mixin.py:188} INFO - [2026-02-15T07:15:44.067+0000] {dagbag.py:545} INFO - Filling up the DagBag from /opt/airflow/dags/product_pipeline_dag.py
[2026-02-15T07:15:44.168+0000] {processor.py:840} INFO - DAG(s) 'product_price_pipeline' retrieved from /opt/airflow/dags/product_pipeline_dag.py
[2026-02-15T07:15:44.326+0000] {logging_mixin.py:188} INFO - [2026-02-15T07:15:44.325+0000] {dag.py:3089} INFO - Sync 1 DAGs
[2026-02-15T07:15:44.408+0000] {logging_mixin.py:188} INFO - [2026-02-15T07:15:44.407+0000] {dag.py:3947} INFO - Setting next_dagrun for product_price_pipeline to 2026-02-15 00:00:00+00:00, run_after=2026-02-16 00:00:00+00:00
[2026-02-15T07:15:44.488+0000] {processor.py:183} INFO - Processing /opt/airflow/dags/product_pipeline_dag.py took 0.464 seconds
[2026-02-15T07:16:14.781+0000] {processor.py:161} INFO - Started process (PID=25282) to work on /opt/airflow/dags/product_pipeline_dag.py
[2026-02-15T07:16:14.798+0000] {processor.py:830} INFO - Processing file /opt/airflow/dags/product_pipeline_dag.py for tasks to queue
[2026-02-15T07:16:14.805+0000] {logging_mixin.py:188} INFO - [2026-02-15T07:16:14.802+0000] {dagbag.py:545} INFO - Filling up the DagBag from /opt/airflow/dags/product_pipeline_dag.py
[2026-02-15T07:16:14.881+0000] {processor.py:840} INFO - DAG(s) 'product_price_pipeline' retrieved from /opt/airflow/dags/product_pipeline_dag.py
[2026-02-15T07:16:14.982+0000] {logging_mixin.py:188} INFO - [2026-02-15T07:16:14.982+0000] {dag.py:3089} INFO - Sync 1 DAGs
[2026-02-15T07:16:15.037+0000] {logging_mixin.py:188} INFO - [2026-02-15T07:16:15.036+0000] {dag.py:3947} INFO - Setting next_dagrun for product_price_pipeline to 2026-02-15 00:00:00+00:00, run_after=2026-02-16 00:00:00+00:00
[2026-02-15T07:16:15.092+0000] {processor.py:183} INFO - Processing /opt/airflow/dags/product_pipeline_dag.py took 0.323 seconds
[2026-02-15T07:16:46.041+0000] {processor.py:161} INFO - Started process (PID=25310) to work on /opt/airflow/dags/product_pipeline_dag.py
[2026-02-15T07:16:46.045+0000] {processor.py:830} INFO - Processing file /opt/airflow/dags/product_pipeline_dag.py for tasks to queue
[2026-02-15T07:16:46.050+0000] {logging_mixin.py:188} INFO - [2026-02-15T07:16:46.049+0000] {dagbag.py:545} INFO - Filling up the DagBag from /opt/airflow/dags/product_pipeline_dag.py
[2026-02-15T07:16:46.133+0000] {processor.py:840} INFO - DAG(s) 'product_price_pipeline' retrieved from /opt/airflow/dags/product_pipeline_dag.py
[2026-02-15T07:16:46.231+0000] {logging_mixin.py:188} INFO - [2026-02-15T07:16:46.231+0000] {dag.py:3089} INFO - Sync 1 DAGs
[2026-02-15T07:16:46.273+0000] {logging_mixin.py:188} INFO - [2026-02-15T07:16:46.272+0000] {dag.py:3947} INFO - Setting next_dagrun for product_price_pipeline to 2026-02-15 00:00:00+00:00, run_after=2026-02-16 00:00:00+00:00
[2026-02-15T07:16:46.326+0000] {processor.py:183} INFO - Processing /opt/airflow/dags/product_pipeline_dag.py took 0.302 seconds
[2026-02-15T07:17:17.084+0000] {processor.py:161} INFO - Started process (PID=25336) to work on /opt/airflow/dags/product_pipeline_dag.py
[2026-02-15T07:17:17.086+0000] {processor.py:830} INFO - Processing file /opt/airflow/dags/product_pipeline_dag.py for tasks to queue
[2026-02-15T07:17:17.090+0000] {logging_mixin.py:188} INFO - [2026-02-15T07:17:17.089+0000] {dagbag.py:545} INFO - Filling up the DagBag from /opt/airflow/dags/product_pipeline_dag.py
[2026-02-15T07:17:17.137+0000] {processor.py:840} INFO - DAG(s) 'product_price_pipeline' retrieved from /opt/airflow/dags/product_pipeline_dag.py
[2026-02-15T07:17:17.188+0000] {logging_mixin.py:188} INFO - [2026-02-15T07:17:17.187+0000] {dag.py:3089} INFO - Sync 1 DAGs
[2026-02-15T07:17:17.285+0000] {logging_mixin.py:188} INFO - [2026-02-15T07:17:17.283+0000] {dag.py:3947} INFO - Setting next_dagrun for product_price_pipeline to 2026-02-15 00:00:00+00:00, run_after=2026-02-16 00:00:00+00:00
[2026-02-15T07:17:17.350+0000] {processor.py:183} INFO - Processing /opt/airflow/dags/product_pipeline_dag.py took 0.277 seconds
[2026-02-15T07:17:48.320+0000] {processor.py:161} INFO - Started process (PID=25365) to work on /opt/airflow/dags/product_pipeline_dag.py
[2026-02-15T07:17:48.323+0000] {processor.py:830} INFO - Processing file /opt/airflow/dags/product_pipeline_dag.py for tasks to queue
[2026-02-15T07:17:48.329+0000] {logging_mixin.py:188} INFO - [2026-02-15T07:17:48.327+0000] {dagbag.py:545} INFO - Filling up the DagBag from /opt/airflow/dags/product_pipeline_dag.py
[2026-02-15T07:17:48.410+0000] {processor.py:840} INFO - DAG(s) 'product_price_pipeline' retrieved from /opt/airflow/dags/product_pipeline_dag.py
[2026-02-15T07:17:48.505+0000] {logging_mixin.py:188} INFO - [2026-02-15T07:17:48.504+0000] {dag.py:3089} INFO - Sync 1 DAGs
[2026-02-15T07:17:48.854+0000] {logging_mixin.py:188} INFO - [2026-02-15T07:17:48.851+0000] {dag.py:3947} INFO - Setting next_dagrun for product_price_pipeline to 2026-02-15 00:00:00+00:00, run_after=2026-02-16 00:00:00+00:00
[2026-02-15T07:17:48.941+0000] {processor.py:183} INFO - Processing /opt/airflow/dags/product_pipeline_dag.py took 0.635 seconds
[2026-02-15T07:18:20.009+0000] {processor.py:161} INFO - Started process (PID=25394) to work on /opt/airflow/dags/product_pipeline_dag.py
[2026-02-15T07:18:20.011+0000] {processor.py:830} INFO - Processing file /opt/airflow/dags/product_pipeline_dag.py for tasks to queue
[2026-02-15T07:18:20.015+0000] {logging_mixin.py:188} INFO - [2026-02-15T07:18:20.014+0000] {dagbag.py:545} INFO - Filling up the DagBag from /opt/airflow/dags/product_pipeline_dag.py
[2026-02-15T07:18:20.068+0000] {processor.py:840} INFO - DAG(s) 'product_price_pipeline' retrieved from /opt/airflow/dags/product_pipeline_dag.py
[2026-02-15T07:18:20.129+0000] {logging_mixin.py:188} INFO - [2026-02-15T07:18:20.129+0000] {dag.py:3089} INFO - Sync 1 DAGs
[2026-02-15T07:18:20.163+0000] {logging_mixin.py:188} INFO - [2026-02-15T07:18:20.162+0000] {dag.py:3947} INFO - Setting next_dagrun for product_price_pipeline to 2026-02-15 00:00:00+00:00, run_after=2026-02-16 00:00:00+00:00
[2026-02-15T07:18:20.195+0000] {processor.py:183} INFO - Processing /opt/airflow/dags/product_pipeline_dag.py took 0.199 seconds
[2026-02-15T07:18:51.099+0000] {processor.py:161} INFO - Started process (PID=25423) to work on /opt/airflow/dags/product_pipeline_dag.py
[2026-02-15T07:18:51.105+0000] {processor.py:830} INFO - Processing file /opt/airflow/dags/product_pipeline_dag.py for tasks to queue
[2026-02-15T07:18:51.118+0000] {logging_mixin.py:188} INFO - [2026-02-15T07:18:51.116+0000] {dagbag.py:545} INFO - Filling up the DagBag from /opt/airflow/dags/product_pipeline_dag.py
[2026-02-15T07:18:51.228+0000] {processor.py:840} INFO - DAG(s) 'product_price_pipeline' retrieved from /opt/airflow/dags/product_pipeline_dag.py
[2026-02-15T07:18:51.360+0000] {logging_mixin.py:188} INFO - [2026-02-15T07:18:51.358+0000] {dag.py:3089} INFO - Sync 1 DAGs
[2026-02-15T07:18:51.434+0000] {logging_mixin.py:188} INFO - [2026-02-15T07:18:51.433+0000] {dag.py:3947} INFO - Setting next_dagrun for product_price_pipeline to 2026-02-15 00:00:00+00:00, run_after=2026-02-16 00:00:00+00:00
[2026-02-15T07:18:51.491+0000] {processor.py:183} INFO - Processing /opt/airflow/dags/product_pipeline_dag.py took 0.415 seconds
[2026-02-15T07:19:21.813+0000] {processor.py:161} INFO - Started process (PID=25452) to work on /opt/airflow/dags/product_pipeline_dag.py
[2026-02-15T07:19:21.820+0000] {processor.py:830} INFO - Processing file /opt/airflow/dags/product_pipeline_dag.py for tasks to queue
[2026-02-15T07:19:21.824+0000] {logging_mixin.py:188} INFO - [2026-02-15T07:19:21.823+0000] {dagbag.py:545} INFO - Filling up the DagBag from /opt/airflow/dags/product_pipeline_dag.py
[2026-02-15T07:19:21.891+0000] {processor.py:840} INFO - DAG(s) 'product_price_pipeline' retrieved from /opt/airflow/dags/product_pipeline_dag.py
[2026-02-15T07:19:21.979+0000] {logging_mixin.py:188} INFO - [2026-02-15T07:19:21.979+0000] {dag.py:3089} INFO - Sync 1 DAGs
[2026-02-15T07:19:22.031+0000] {logging_mixin.py:188} INFO - [2026-02-15T07:19:22.031+0000] {dag.py:3947} INFO - Setting next_dagrun for product_price_pipeline to 2026-02-15 00:00:00+00:00, run_after=2026-02-16 00:00:00+00:00
[2026-02-15T07:19:22.076+0000] {processor.py:183} INFO - Processing /opt/airflow/dags/product_pipeline_dag.py took 0.275 seconds
[2026-02-15T07:19:52.361+0000] {processor.py:161} INFO - Started process (PID=25481) to work on /opt/airflow/dags/product_pipeline_dag.py
[2026-02-15T07:19:52.364+0000] {processor.py:830} INFO - Processing file /opt/airflow/dags/product_pipeline_dag.py for tasks to queue
[2026-02-15T07:19:52.372+0000] {logging_mixin.py:188} INFO - [2026-02-15T07:19:52.369+0000] {dagbag.py:545} INFO - Filling up the DagBag from /opt/airflow/dags/product_pipeline_dag.py
[2026-02-15T07:19:52.481+0000] {processor.py:840} INFO - DAG(s) 'product_price_pipeline' retrieved from /opt/airflow/dags/product_pipeline_dag.py
[2026-02-15T07:19:52.593+0000] {logging_mixin.py:188} INFO - [2026-02-15T07:19:52.589+0000] {dag.py:3089} INFO - Sync 1 DAGs
[2026-02-15T07:19:52.679+0000] {logging_mixin.py:188} INFO - [2026-02-15T07:19:52.678+0000] {dag.py:3947} INFO - Setting next_dagrun for product_price_pipeline to 2026-02-15 00:00:00+00:00, run_after=2026-02-16 00:00:00+00:00
[2026-02-15T07:19:52.768+0000] {processor.py:183} INFO - Processing /opt/airflow/dags/product_pipeline_dag.py took 0.429 seconds
[2026-02-15T07:20:23.637+0000] {processor.py:161} INFO - Started process (PID=25510) to work on /opt/airflow/dags/product_pipeline_dag.py
[2026-02-15T07:20:23.639+0000] {processor.py:830} INFO - Processing file /opt/airflow/dags/product_pipeline_dag.py for tasks to queue
[2026-02-15T07:20:23.644+0000] {logging_mixin.py:188} INFO - [2026-02-15T07:20:23.643+0000] {dagbag.py:545} INFO - Filling up the DagBag from /opt/airflow/dags/product_pipeline_dag.py
[2026-02-15T07:20:23.678+0000] {processor.py:840} INFO - DAG(s) 'product_price_pipeline' retrieved from /opt/airflow/dags/product_pipeline_dag.py
[2026-02-15T07:20:23.736+0000] {logging_mixin.py:188} INFO - [2026-02-15T07:20:23.736+0000] {dag.py:3089} INFO - Sync 1 DAGs
[2026-02-15T07:20:23.779+0000] {logging_mixin.py:188} INFO - [2026-02-15T07:20:23.779+0000] {dag.py:3947} INFO - Setting next_dagrun for product_price_pipeline to 2026-02-15 00:00:00+00:00, run_after=2026-02-16 00:00:00+00:00
[2026-02-15T07:20:24.090+0000] {processor.py:183} INFO - Processing /opt/airflow/dags/product_pipeline_dag.py took 0.464 seconds
[2026-02-15T07:20:54.330+0000] {processor.py:161} INFO - Started process (PID=25539) to work on /opt/airflow/dags/product_pipeline_dag.py
[2026-02-15T07:20:54.335+0000] {processor.py:830} INFO - Processing file /opt/airflow/dags/product_pipeline_dag.py for tasks to queue
[2026-02-15T07:20:54.340+0000] {logging_mixin.py:188} INFO - [2026-02-15T07:20:54.339+0000] {dagbag.py:545} INFO - Filling up the DagBag from /opt/airflow/dags/product_pipeline_dag.py
[2026-02-15T07:20:54.396+0000] {processor.py:840} INFO - DAG(s) 'product_price_pipeline' retrieved from /opt/airflow/dags/product_pipeline_dag.py
[2026-02-15T07:20:54.480+0000] {logging_mixin.py:188} INFO - [2026-02-15T07:20:54.479+0000] {dag.py:3089} INFO - Sync 1 DAGs
[2026-02-15T07:20:54.752+0000] {logging_mixin.py:188} INFO - [2026-02-15T07:20:54.752+0000] {dag.py:3947} INFO - Setting next_dagrun for product_price_pipeline to 2026-02-15 00:00:00+00:00, run_after=2026-02-16 00:00:00+00:00
[2026-02-15T07:20:54.809+0000] {processor.py:183} INFO - Processing /opt/airflow/dags/product_pipeline_dag.py took 0.494 seconds
[2026-02-15T07:21:25.600+0000] {processor.py:161} INFO - Started process (PID=25568) to work on /opt/airflow/dags/product_pipeline_dag.py
[2026-02-15T07:21:25.603+0000] {processor.py:830} INFO - Processing file /opt/airflow/dags/product_pipeline_dag.py for tasks to queue
[2026-02-15T07:21:25.608+0000] {logging_mixin.py:188} INFO - [2026-02-15T07:21:25.607+0000] {dagbag.py:545} INFO - Filling up the DagBag from /opt/airflow/dags/product_pipeline_dag.py
[2026-02-15T07:21:25.655+0000] {processor.py:840} INFO - DAG(s) 'product_price_pipeline' retrieved from /opt/airflow/dags/product_pipeline_dag.py
[2026-02-15T07:21:25.710+0000] {logging_mixin.py:188} INFO - [2026-02-15T07:21:25.709+0000] {dag.py:3089} INFO - Sync 1 DAGs
[2026-02-15T07:21:25.746+0000] {logging_mixin.py:188} INFO - [2026-02-15T07:21:25.745+0000] {dag.py:3947} INFO - Setting next_dagrun for product_price_pipeline to 2026-02-15 00:00:00+00:00, run_after=2026-02-16 00:00:00+00:00
[2026-02-15T07:21:25.782+0000] {processor.py:183} INFO - Processing /opt/airflow/dags/product_pipeline_dag.py took 0.193 seconds
[2026-02-15T07:21:56.431+0000] {processor.py:161} INFO - Started process (PID=25597) to work on /opt/airflow/dags/product_pipeline_dag.py
[2026-02-15T07:21:56.434+0000] {processor.py:830} INFO - Processing file /opt/airflow/dags/product_pipeline_dag.py for tasks to queue
[2026-02-15T07:21:56.437+0000] {logging_mixin.py:188} INFO - [2026-02-15T07:21:56.437+0000] {dagbag.py:545} INFO - Filling up the DagBag from /opt/airflow/dags/product_pipeline_dag.py
[2026-02-15T07:21:56.495+0000] {processor.py:840} INFO - DAG(s) 'product_price_pipeline' retrieved from /opt/airflow/dags/product_pipeline_dag.py
[2026-02-15T07:21:56.547+0000] {logging_mixin.py:188} INFO - [2026-02-15T07:21:56.547+0000] {dag.py:3089} INFO - Sync 1 DAGs
[2026-02-15T07:21:56.586+0000] {logging_mixin.py:188} INFO - [2026-02-15T07:21:56.586+0000] {dag.py:3947} INFO - Setting next_dagrun for product_price_pipeline to 2026-02-15 00:00:00+00:00, run_after=2026-02-16 00:00:00+00:00
[2026-02-15T07:21:56.620+0000] {processor.py:183} INFO - Processing /opt/airflow/dags/product_pipeline_dag.py took 0.197 seconds
[2026-02-15T07:22:27.032+0000] {processor.py:161} INFO - Started process (PID=25626) to work on /opt/airflow/dags/product_pipeline_dag.py
[2026-02-15T07:22:27.035+0000] {processor.py:830} INFO - Processing file /opt/airflow/dags/product_pipeline_dag.py for tasks to queue
[2026-02-15T07:22:27.040+0000] {logging_mixin.py:188} INFO - [2026-02-15T07:22:27.039+0000] {dagbag.py:545} INFO - Filling up the DagBag from /opt/airflow/dags/product_pipeline_dag.py
[2026-02-15T07:22:27.100+0000] {processor.py:840} INFO - DAG(s) 'product_price_pipeline' retrieved from /opt/airflow/dags/product_pipeline_dag.py
[2026-02-15T07:22:27.176+0000] {logging_mixin.py:188} INFO - [2026-02-15T07:22:27.176+0000] {dag.py:3089} INFO - Sync 1 DAGs
[2026-02-15T07:22:27.222+0000] {logging_mixin.py:188} INFO - [2026-02-15T07:22:27.221+0000] {dag.py:3947} INFO - Setting next_dagrun for product_price_pipeline to 2026-02-15 00:00:00+00:00, run_after=2026-02-16 00:00:00+00:00
[2026-02-15T07:22:27.279+0000] {processor.py:183} INFO - Processing /opt/airflow/dags/product_pipeline_dag.py took 0.258 seconds
[2026-02-15T07:22:57.750+0000] {processor.py:161} INFO - Started process (PID=25655) to work on /opt/airflow/dags/product_pipeline_dag.py
[2026-02-15T07:22:57.752+0000] {processor.py:830} INFO - Processing file /opt/airflow/dags/product_pipeline_dag.py for tasks to queue
[2026-02-15T07:22:57.757+0000] {logging_mixin.py:188} INFO - [2026-02-15T07:22:57.756+0000] {dagbag.py:545} INFO - Filling up the DagBag from /opt/airflow/dags/product_pipeline_dag.py
[2026-02-15T07:22:57.807+0000] {processor.py:840} INFO - DAG(s) 'product_price_pipeline' retrieved from /opt/airflow/dags/product_pipeline_dag.py
[2026-02-15T07:22:57.925+0000] {logging_mixin.py:188} INFO - [2026-02-15T07:22:57.920+0000] {dag.py:3089} INFO - Sync 1 DAGs
[2026-02-15T07:22:58.011+0000] {logging_mixin.py:188} INFO - [2026-02-15T07:22:58.010+0000] {dag.py:3947} INFO - Setting next_dagrun for product_price_pipeline to 2026-02-15 00:00:00+00:00, run_after=2026-02-16 00:00:00+00:00
[2026-02-15T07:22:58.073+0000] {processor.py:183} INFO - Processing /opt/airflow/dags/product_pipeline_dag.py took 0.332 seconds
[2026-02-15T07:23:29.034+0000] {processor.py:161} INFO - Started process (PID=25684) to work on /opt/airflow/dags/product_pipeline_dag.py
[2026-02-15T07:23:29.039+0000] {processor.py:830} INFO - Processing file /opt/airflow/dags/product_pipeline_dag.py for tasks to queue
[2026-02-15T07:23:29.050+0000] {logging_mixin.py:188} INFO - [2026-02-15T07:23:29.048+0000] {dagbag.py:545} INFO - Filling up the DagBag from /opt/airflow/dags/product_pipeline_dag.py
[2026-02-15T07:23:29.159+0000] {processor.py:840} INFO - DAG(s) 'product_price_pipeline' retrieved from /opt/airflow/dags/product_pipeline_dag.py
[2026-02-15T07:23:29.298+0000] {logging_mixin.py:188} INFO - [2026-02-15T07:23:29.298+0000] {dag.py:3089} INFO - Sync 1 DAGs
[2026-02-15T07:23:29.388+0000] {logging_mixin.py:188} INFO - [2026-02-15T07:23:29.388+0000] {dag.py:3947} INFO - Setting next_dagrun for product_price_pipeline to 2026-02-15 00:00:00+00:00, run_after=2026-02-16 00:00:00+00:00
[2026-02-15T07:23:30.454+0000] {processor.py:183} INFO - Processing /opt/airflow/dags/product_pipeline_dag.py took 1.457 seconds
[2026-02-15T07:24:00.673+0000] {processor.py:161} INFO - Started process (PID=25713) to work on /opt/airflow/dags/product_pipeline_dag.py
[2026-02-15T07:24:00.677+0000] {processor.py:830} INFO - Processing file /opt/airflow/dags/product_pipeline_dag.py for tasks to queue
[2026-02-15T07:24:00.685+0000] {logging_mixin.py:188} INFO - [2026-02-15T07:24:00.684+0000] {dagbag.py:545} INFO - Filling up the DagBag from /opt/airflow/dags/product_pipeline_dag.py
[2026-02-15T07:24:00.770+0000] {processor.py:840} INFO - DAG(s) 'product_price_pipeline' retrieved from /opt/airflow/dags/product_pipeline_dag.py
[2026-02-15T07:24:00.826+0000] {logging_mixin.py:188} INFO - [2026-02-15T07:24:00.826+0000] {dag.py:3089} INFO - Sync 1 DAGs
[2026-02-15T07:24:00.864+0000] {logging_mixin.py:188} INFO - [2026-02-15T07:24:00.864+0000] {dag.py:3947} INFO - Setting next_dagrun for product_price_pipeline to 2026-02-15 00:00:00+00:00, run_after=2026-02-16 00:00:00+00:00
[2026-02-15T07:24:00.900+0000] {processor.py:183} INFO - Processing /opt/airflow/dags/product_pipeline_dag.py took 0.243 seconds
[2026-02-15T07:27:04.783+0000] {processor.py:161} INFO - Started process (PID=25750) to work on /opt/airflow/dags/product_pipeline_dag.py
[2026-02-15T07:27:04.793+0000] {processor.py:830} INFO - Processing file /opt/airflow/dags/product_pipeline_dag.py for tasks to queue
[2026-02-15T07:27:04.874+0000] {logging_mixin.py:188} INFO - [2026-02-15T07:27:04.860+0000] {dagbag.py:545} INFO - Filling up the DagBag from /opt/airflow/dags/product_pipeline_dag.py
[2026-02-15T07:27:05.292+0000] {processor.py:840} INFO - DAG(s) 'product_price_pipeline' retrieved from /opt/airflow/dags/product_pipeline_dag.py
[2026-02-15T07:27:05.734+0000] {logging_mixin.py:188} INFO - [2026-02-15T07:27:05.733+0000] {dag.py:3089} INFO - Sync 1 DAGs
[2026-02-15T07:27:06.131+0000] {logging_mixin.py:188} INFO - [2026-02-15T07:27:06.128+0000] {dag.py:3947} INFO - Setting next_dagrun for product_price_pipeline to 2026-02-15 00:00:00+00:00, run_after=2026-02-16 00:00:00+00:00
[2026-02-15T07:27:06.375+0000] {processor.py:183} INFO - Processing /opt/airflow/dags/product_pipeline_dag.py took 1.802 seconds
[2026-02-15T07:27:36.999+0000] {processor.py:161} INFO - Started process (PID=25779) to work on /opt/airflow/dags/product_pipeline_dag.py
[2026-02-15T07:27:37.006+0000] {processor.py:830} INFO - Processing file /opt/airflow/dags/product_pipeline_dag.py for tasks to queue
[2026-02-15T07:27:37.011+0000] {logging_mixin.py:188} INFO - [2026-02-15T07:27:37.010+0000] {dagbag.py:545} INFO - Filling up the DagBag from /opt/airflow/dags/product_pipeline_dag.py
[2026-02-15T07:27:37.077+0000] {processor.py:840} INFO - DAG(s) 'product_price_pipeline' retrieved from /opt/airflow/dags/product_pipeline_dag.py
[2026-02-15T07:27:37.163+0000] {logging_mixin.py:188} INFO - [2026-02-15T07:27:37.163+0000] {dag.py:3089} INFO - Sync 1 DAGs
[2026-02-15T07:27:37.204+0000] {logging_mixin.py:188} INFO - [2026-02-15T07:27:37.204+0000] {dag.py:3947} INFO - Setting next_dagrun for product_price_pipeline to 2026-02-15 00:00:00+00:00, run_after=2026-02-16 00:00:00+00:00
[2026-02-15T07:27:37.240+0000] {processor.py:183} INFO - Processing /opt/airflow/dags/product_pipeline_dag.py took 0.249 seconds
[2026-02-15T07:28:08.387+0000] {processor.py:161} INFO - Started process (PID=25806) to work on /opt/airflow/dags/product_pipeline_dag.py
[2026-02-15T07:28:08.391+0000] {processor.py:830} INFO - Processing file /opt/airflow/dags/product_pipeline_dag.py for tasks to queue
[2026-02-15T07:28:08.395+0000] {logging_mixin.py:188} INFO - [2026-02-15T07:28:08.394+0000] {dagbag.py:545} INFO - Filling up the DagBag from /opt/airflow/dags/product_pipeline_dag.py
[2026-02-15T07:28:08.482+0000] {processor.py:840} INFO - DAG(s) 'product_price_pipeline' retrieved from /opt/airflow/dags/product_pipeline_dag.py
[2026-02-15T07:28:08.581+0000] {logging_mixin.py:188} INFO - [2026-02-15T07:28:08.580+0000] {dag.py:3089} INFO - Sync 1 DAGs
[2026-02-15T07:28:08.641+0000] {logging_mixin.py:188} INFO - [2026-02-15T07:28:08.639+0000] {dag.py:3947} INFO - Setting next_dagrun for product_price_pipeline to 2026-02-15 00:00:00+00:00, run_after=2026-02-16 00:00:00+00:00
[2026-02-15T07:28:08.722+0000] {processor.py:183} INFO - Processing /opt/airflow/dags/product_pipeline_dag.py took 0.350 seconds
[2026-02-15T07:28:45.508+0000] {processor.py:161} INFO - Started process (PID=25835) to work on /opt/airflow/dags/product_pipeline_dag.py
[2026-02-15T07:28:45.511+0000] {processor.py:830} INFO - Processing file /opt/airflow/dags/product_pipeline_dag.py for tasks to queue
[2026-02-15T07:28:45.518+0000] {logging_mixin.py:188} INFO - [2026-02-15T07:28:45.516+0000] {dagbag.py:545} INFO - Filling up the DagBag from /opt/airflow/dags/product_pipeline_dag.py
[2026-02-15T07:28:45.579+0000] {processor.py:840} INFO - DAG(s) 'product_price_pipeline' retrieved from /opt/airflow/dags/product_pipeline_dag.py
[2026-02-15T07:28:45.636+0000] {logging_mixin.py:188} INFO - [2026-02-15T07:28:45.635+0000] {dag.py:3089} INFO - Sync 1 DAGs
[2026-02-15T07:28:45.676+0000] {logging_mixin.py:188} INFO - [2026-02-15T07:28:45.676+0000] {dag.py:3947} INFO - Setting next_dagrun for product_price_pipeline to 2026-02-15 00:00:00+00:00, run_after=2026-02-16 00:00:00+00:00
[2026-02-15T07:28:45.959+0000] {processor.py:183} INFO - Processing /opt/airflow/dags/product_pipeline_dag.py took 0.469 seconds
[2026-02-15T07:29:32.397+0000] {processor.py:161} INFO - Started process (PID=25864) to work on /opt/airflow/dags/product_pipeline_dag.py
[2026-02-15T07:29:32.402+0000] {processor.py:830} INFO - Processing file /opt/airflow/dags/product_pipeline_dag.py for tasks to queue
[2026-02-15T07:29:32.415+0000] {logging_mixin.py:188} INFO - [2026-02-15T07:29:32.414+0000] {dagbag.py:545} INFO - Filling up the DagBag from /opt/airflow/dags/product_pipeline_dag.py
[2026-02-15T07:29:32.503+0000] {processor.py:840} INFO - DAG(s) 'product_price_pipeline' retrieved from /opt/airflow/dags/product_pipeline_dag.py
[2026-02-15T07:29:32.620+0000] {logging_mixin.py:188} INFO - [2026-02-15T07:29:32.620+0000] {dag.py:3089} INFO - Sync 1 DAGs
[2026-02-15T07:29:33.054+0000] {logging_mixin.py:188} INFO - [2026-02-15T07:29:33.053+0000] {dag.py:3947} INFO - Setting next_dagrun for product_price_pipeline to 2026-02-15 00:00:00+00:00, run_after=2026-02-16 00:00:00+00:00
[2026-02-15T07:29:33.117+0000] {processor.py:183} INFO - Processing /opt/airflow/dags/product_pipeline_dag.py took 0.740 seconds
[2026-02-15T07:59:37.390+0000] {processor.py:161} INFO - Started process (PID=25893) to work on /opt/airflow/dags/product_pipeline_dag.py
[2026-02-15T07:59:37.402+0000] {processor.py:830} INFO - Processing file /opt/airflow/dags/product_pipeline_dag.py for tasks to queue
[2026-02-15T07:59:37.423+0000] {logging_mixin.py:188} INFO - [2026-02-15T07:59:37.421+0000] {dagbag.py:545} INFO - Filling up the DagBag from /opt/airflow/dags/product_pipeline_dag.py
[2026-02-15T07:59:37.580+0000] {processor.py:840} INFO - DAG(s) 'product_price_pipeline' retrieved from /opt/airflow/dags/product_pipeline_dag.py
[2026-02-15T07:59:37.802+0000] {logging_mixin.py:188} INFO - [2026-02-15T07:59:37.801+0000] {dag.py:3089} INFO - Sync 1 DAGs
[2026-02-15T07:59:37.917+0000] {logging_mixin.py:188} INFO - [2026-02-15T07:59:37.916+0000] {dag.py:3947} INFO - Setting next_dagrun for product_price_pipeline to 2026-02-15 00:00:00+00:00, run_after=2026-02-16 00:00:00+00:00
[2026-02-15T07:59:38.033+0000] {processor.py:183} INFO - Processing /opt/airflow/dags/product_pipeline_dag.py took 0.754 seconds
[2026-02-15T08:00:09.107+0000] {processor.py:161} INFO - Started process (PID=25922) to work on /opt/airflow/dags/product_pipeline_dag.py
[2026-02-15T08:00:09.112+0000] {processor.py:830} INFO - Processing file /opt/airflow/dags/product_pipeline_dag.py for tasks to queue
[2026-02-15T08:00:09.116+0000] {logging_mixin.py:188} INFO - [2026-02-15T08:00:09.115+0000] {dagbag.py:545} INFO - Filling up the DagBag from /opt/airflow/dags/product_pipeline_dag.py
[2026-02-15T08:00:09.216+0000] {processor.py:840} INFO - DAG(s) 'product_price_pipeline' retrieved from /opt/airflow/dags/product_pipeline_dag.py
[2026-02-15T08:00:09.382+0000] {logging_mixin.py:188} INFO - [2026-02-15T08:00:09.381+0000] {dag.py:3089} INFO - Sync 1 DAGs
[2026-02-15T08:00:09.482+0000] {logging_mixin.py:188} INFO - [2026-02-15T08:00:09.482+0000] {dag.py:3947} INFO - Setting next_dagrun for product_price_pipeline to 2026-02-15 00:00:00+00:00, run_after=2026-02-16 00:00:00+00:00
[2026-02-15T08:00:09.561+0000] {processor.py:183} INFO - Processing /opt/airflow/dags/product_pipeline_dag.py took 0.462 seconds
[2026-02-15T08:00:41.417+0000] {processor.py:161} INFO - Started process (PID=25953) to work on /opt/airflow/dags/product_pipeline_dag.py
[2026-02-15T08:00:41.423+0000] {processor.py:830} INFO - Processing file /opt/airflow/dags/product_pipeline_dag.py for tasks to queue
[2026-02-15T08:00:41.427+0000] {logging_mixin.py:188} INFO - [2026-02-15T08:00:41.426+0000] {dagbag.py:545} INFO - Filling up the DagBag from /opt/airflow/dags/product_pipeline_dag.py
[2026-02-15T08:00:41.509+0000] {processor.py:840} INFO - DAG(s) 'product_price_pipeline' retrieved from /opt/airflow/dags/product_pipeline_dag.py
[2026-02-15T08:00:41.672+0000] {logging_mixin.py:188} INFO - [2026-02-15T08:00:41.671+0000] {dag.py:3089} INFO - Sync 1 DAGs
[2026-02-15T08:00:41.777+0000] {logging_mixin.py:188} INFO - [2026-02-15T08:00:41.776+0000] {dag.py:3947} INFO - Setting next_dagrun for product_price_pipeline to 2026-02-15 00:00:00+00:00, run_after=2026-02-16 00:00:00+00:00
[2026-02-15T08:00:41.855+0000] {processor.py:183} INFO - Processing /opt/airflow/dags/product_pipeline_dag.py took 0.449 seconds
[2026-02-15T08:01:13.597+0000] {processor.py:161} INFO - Started process (PID=25980) to work on /opt/airflow/dags/product_pipeline_dag.py
[2026-02-15T08:01:13.600+0000] {processor.py:830} INFO - Processing file /opt/airflow/dags/product_pipeline_dag.py for tasks to queue
[2026-02-15T08:01:13.607+0000] {logging_mixin.py:188} INFO - [2026-02-15T08:01:13.606+0000] {dagbag.py:545} INFO - Filling up the DagBag from /opt/airflow/dags/product_pipeline_dag.py
[2026-02-15T08:01:13.692+0000] {processor.py:840} INFO - DAG(s) 'product_price_pipeline' retrieved from /opt/airflow/dags/product_pipeline_dag.py
[2026-02-15T08:01:13.764+0000] {logging_mixin.py:188} INFO - [2026-02-15T08:01:13.763+0000] {dag.py:3089} INFO - Sync 1 DAGs
[2026-02-15T08:01:13.803+0000] {logging_mixin.py:188} INFO - [2026-02-15T08:01:13.803+0000] {dag.py:3947} INFO - Setting next_dagrun for product_price_pipeline to 2026-02-15 00:00:00+00:00, run_after=2026-02-16 00:00:00+00:00
[2026-02-15T08:01:14.106+0000] {processor.py:183} INFO - Processing /opt/airflow/dags/product_pipeline_dag.py took 0.524 seconds
[2026-02-15T08:01:46.220+0000] {processor.py:161} INFO - Started process (PID=26009) to work on /opt/airflow/dags/product_pipeline_dag.py
[2026-02-15T08:01:46.222+0000] {processor.py:830} INFO - Processing file /opt/airflow/dags/product_pipeline_dag.py for tasks to queue
[2026-02-15T08:01:46.225+0000] {logging_mixin.py:188} INFO - [2026-02-15T08:01:46.225+0000] {dagbag.py:545} INFO - Filling up the DagBag from /opt/airflow/dags/product_pipeline_dag.py
[2026-02-15T08:01:46.309+0000] {processor.py:840} INFO - DAG(s) 'product_price_pipeline' retrieved from /opt/airflow/dags/product_pipeline_dag.py
[2026-02-15T08:01:46.415+0000] {logging_mixin.py:188} INFO - [2026-02-15T08:01:46.414+0000] {dag.py:3089} INFO - Sync 1 DAGs
[2026-02-15T08:01:46.787+0000] {logging_mixin.py:188} INFO - [2026-02-15T08:01:46.786+0000] {dag.py:3947} INFO - Setting next_dagrun for product_price_pipeline to 2026-02-15 00:00:00+00:00, run_after=2026-02-16 00:00:00+00:00
[2026-02-15T08:01:46.875+0000] {processor.py:183} INFO - Processing /opt/airflow/dags/product_pipeline_dag.py took 0.672 seconds
[2026-02-15T08:02:18.578+0000] {processor.py:161} INFO - Started process (PID=26038) to work on /opt/airflow/dags/product_pipeline_dag.py
[2026-02-15T08:02:18.581+0000] {processor.py:830} INFO - Processing file /opt/airflow/dags/product_pipeline_dag.py for tasks to queue
[2026-02-15T08:02:18.589+0000] {logging_mixin.py:188} INFO - [2026-02-15T08:02:18.587+0000] {dagbag.py:545} INFO - Filling up the DagBag from /opt/airflow/dags/product_pipeline_dag.py
[2026-02-15T08:02:18.682+0000] {processor.py:840} INFO - DAG(s) 'product_price_pipeline' retrieved from /opt/airflow/dags/product_pipeline_dag.py
[2026-02-15T08:02:18.767+0000] {logging_mixin.py:188} INFO - [2026-02-15T08:02:18.766+0000] {dag.py:3089} INFO - Sync 1 DAGs
[2026-02-15T08:02:19.058+0000] {logging_mixin.py:188} INFO - [2026-02-15T08:02:19.057+0000] {dag.py:3947} INFO - Setting next_dagrun for product_price_pipeline to 2026-02-15 00:00:00+00:00, run_after=2026-02-16 00:00:00+00:00
[2026-02-15T08:02:19.104+0000] {processor.py:183} INFO - Processing /opt/airflow/dags/product_pipeline_dag.py took 0.543 seconds
[2026-02-15T08:02:50.120+0000] {processor.py:161} INFO - Started process (PID=26067) to work on /opt/airflow/dags/product_pipeline_dag.py
[2026-02-15T08:02:50.123+0000] {processor.py:830} INFO - Processing file /opt/airflow/dags/product_pipeline_dag.py for tasks to queue
[2026-02-15T08:02:50.132+0000] {logging_mixin.py:188} INFO - [2026-02-15T08:02:50.130+0000] {dagbag.py:545} INFO - Filling up the DagBag from /opt/airflow/dags/product_pipeline_dag.py
[2026-02-15T08:02:50.209+0000] {processor.py:840} INFO - DAG(s) 'product_price_pipeline' retrieved from /opt/airflow/dags/product_pipeline_dag.py
[2026-02-15T08:02:50.300+0000] {logging_mixin.py:188} INFO - [2026-02-15T08:02:50.300+0000] {dag.py:3089} INFO - Sync 1 DAGs
[2026-02-15T08:02:50.376+0000] {logging_mixin.py:188} INFO - [2026-02-15T08:02:50.375+0000] {dag.py:3947} INFO - Setting next_dagrun for product_price_pipeline to 2026-02-15 00:00:00+00:00, run_after=2026-02-16 00:00:00+00:00
[2026-02-15T08:02:50.448+0000] {processor.py:183} INFO - Processing /opt/airflow/dags/product_pipeline_dag.py took 0.360 seconds
[2026-02-15T08:11:17.285+0000] {processor.py:161} INFO - Started process (PID=26096) to work on /opt/airflow/dags/product_pipeline_dag.py
[2026-02-15T08:11:17.287+0000] {processor.py:830} INFO - Processing file /opt/airflow/dags/product_pipeline_dag.py for tasks to queue
[2026-02-15T08:11:17.292+0000] {logging_mixin.py:188} INFO - [2026-02-15T08:11:17.290+0000] {dagbag.py:545} INFO - Filling up the DagBag from /opt/airflow/dags/product_pipeline_dag.py
[2026-02-15T08:11:17.376+0000] {processor.py:840} INFO - DAG(s) 'product_price_pipeline' retrieved from /opt/airflow/dags/product_pipeline_dag.py
[2026-02-15T08:11:17.474+0000] {logging_mixin.py:188} INFO - [2026-02-15T08:11:17.473+0000] {dag.py:3089} INFO - Sync 1 DAGs
[2026-02-15T08:11:17.541+0000] {logging_mixin.py:188} INFO - [2026-02-15T08:11:17.540+0000] {dag.py:3947} INFO - Setting next_dagrun for product_price_pipeline to 2026-02-15 00:00:00+00:00, run_after=2026-02-16 00:00:00+00:00
[2026-02-15T08:11:17.586+0000] {processor.py:183} INFO - Processing /opt/airflow/dags/product_pipeline_dag.py took 0.312 seconds
[2026-02-15T08:11:52.278+0000] {processor.py:161} INFO - Started process (PID=26125) to work on /opt/airflow/dags/product_pipeline_dag.py
[2026-02-15T08:11:52.281+0000] {processor.py:830} INFO - Processing file /opt/airflow/dags/product_pipeline_dag.py for tasks to queue
[2026-02-15T08:11:52.285+0000] {logging_mixin.py:188} INFO - [2026-02-15T08:11:52.284+0000] {dagbag.py:545} INFO - Filling up the DagBag from /opt/airflow/dags/product_pipeline_dag.py
[2026-02-15T08:11:52.409+0000] {processor.py:840} INFO - DAG(s) 'product_price_pipeline' retrieved from /opt/airflow/dags/product_pipeline_dag.py
[2026-02-15T08:11:52.539+0000] {logging_mixin.py:188} INFO - [2026-02-15T08:11:52.539+0000] {dag.py:3089} INFO - Sync 1 DAGs
[2026-02-15T08:11:52.625+0000] {logging_mixin.py:188} INFO - [2026-02-15T08:11:52.625+0000] {dag.py:3947} INFO - Setting next_dagrun for product_price_pipeline to 2026-02-15 00:00:00+00:00, run_after=2026-02-16 00:00:00+00:00
[2026-02-15T08:11:52.673+0000] {processor.py:183} INFO - Processing /opt/airflow/dags/product_pipeline_dag.py took 0.412 seconds
[2026-02-15T08:12:24.404+0000] {processor.py:161} INFO - Started process (PID=26154) to work on /opt/airflow/dags/product_pipeline_dag.py
[2026-02-15T08:12:24.408+0000] {processor.py:830} INFO - Processing file /opt/airflow/dags/product_pipeline_dag.py for tasks to queue
[2026-02-15T08:12:24.413+0000] {logging_mixin.py:188} INFO - [2026-02-15T08:12:24.412+0000] {dagbag.py:545} INFO - Filling up the DagBag from /opt/airflow/dags/product_pipeline_dag.py
[2026-02-15T08:12:24.482+0000] {processor.py:840} INFO - DAG(s) 'product_price_pipeline' retrieved from /opt/airflow/dags/product_pipeline_dag.py
[2026-02-15T08:12:24.549+0000] {logging_mixin.py:188} INFO - [2026-02-15T08:12:24.548+0000] {dag.py:3089} INFO - Sync 1 DAGs
[2026-02-15T08:12:24.592+0000] {logging_mixin.py:188} INFO - [2026-02-15T08:12:24.592+0000] {dag.py:3947} INFO - Setting next_dagrun for product_price_pipeline to 2026-02-15 00:00:00+00:00, run_after=2026-02-16 00:00:00+00:00
[2026-02-15T08:12:24.959+0000] {processor.py:183} INFO - Processing /opt/airflow/dags/product_pipeline_dag.py took 0.572 seconds
[2026-02-15T08:12:55.941+0000] {processor.py:161} INFO - Started process (PID=26183) to work on /opt/airflow/dags/product_pipeline_dag.py
[2026-02-15T08:12:55.951+0000] {processor.py:830} INFO - Processing file /opt/airflow/dags/product_pipeline_dag.py for tasks to queue
[2026-02-15T08:12:55.960+0000] {logging_mixin.py:188} INFO - [2026-02-15T08:12:55.959+0000] {dagbag.py:545} INFO - Filling up the DagBag from /opt/airflow/dags/product_pipeline_dag.py
[2026-02-15T08:12:56.012+0000] {processor.py:840} INFO - DAG(s) 'product_price_pipeline' retrieved from /opt/airflow/dags/product_pipeline_dag.py
[2026-02-15T08:12:56.074+0000] {logging_mixin.py:188} INFO - [2026-02-15T08:12:56.074+0000] {dag.py:3089} INFO - Sync 1 DAGs
[2026-02-15T08:12:56.357+0000] {logging_mixin.py:188} INFO - [2026-02-15T08:12:56.357+0000] {dag.py:3947} INFO - Setting next_dagrun for product_price_pipeline to 2026-02-15 00:00:00+00:00, run_after=2026-02-16 00:00:00+00:00
[2026-02-15T08:12:56.407+0000] {processor.py:183} INFO - Processing /opt/airflow/dags/product_pipeline_dag.py took 0.478 seconds
[2026-02-15T08:13:27.712+0000] {processor.py:161} INFO - Started process (PID=26212) to work on /opt/airflow/dags/product_pipeline_dag.py
[2026-02-15T08:13:27.715+0000] {processor.py:830} INFO - Processing file /opt/airflow/dags/product_pipeline_dag.py for tasks to queue
[2026-02-15T08:13:27.719+0000] {logging_mixin.py:188} INFO - [2026-02-15T08:13:27.719+0000] {dagbag.py:545} INFO - Filling up the DagBag from /opt/airflow/dags/product_pipeline_dag.py
[2026-02-15T08:13:27.777+0000] {processor.py:840} INFO - DAG(s) 'product_price_pipeline' retrieved from /opt/airflow/dags/product_pipeline_dag.py
[2026-02-15T08:13:27.827+0000] {logging_mixin.py:188} INFO - [2026-02-15T08:13:27.827+0000] {dag.py:3089} INFO - Sync 1 DAGs
[2026-02-15T08:13:27.860+0000] {logging_mixin.py:188} INFO - [2026-02-15T08:13:27.859+0000] {dag.py:3947} INFO - Setting next_dagrun for product_price_pipeline to 2026-02-15 00:00:00+00:00, run_after=2026-02-16 00:00:00+00:00
[2026-02-15T08:13:27.887+0000] {processor.py:183} INFO - Processing /opt/airflow/dags/product_pipeline_dag.py took 0.191 seconds
[2026-02-15T08:13:59.508+0000] {processor.py:161} INFO - Started process (PID=26241) to work on /opt/airflow/dags/product_pipeline_dag.py
[2026-02-15T08:13:59.511+0000] {processor.py:830} INFO - Processing file /opt/airflow/dags/product_pipeline_dag.py for tasks to queue
[2026-02-15T08:13:59.516+0000] {logging_mixin.py:188} INFO - [2026-02-15T08:13:59.515+0000] {dagbag.py:545} INFO - Filling up the DagBag from /opt/airflow/dags/product_pipeline_dag.py
[2026-02-15T08:13:59.596+0000] {processor.py:840} INFO - DAG(s) 'product_price_pipeline' retrieved from /opt/airflow/dags/product_pipeline_dag.py
[2026-02-15T08:13:59.692+0000] {logging_mixin.py:188} INFO - [2026-02-15T08:13:59.691+0000] {dag.py:3089} INFO - Sync 1 DAGs
[2026-02-15T08:13:59.748+0000] {logging_mixin.py:188} INFO - [2026-02-15T08:13:59.747+0000] {dag.py:3947} INFO - Setting next_dagrun for product_price_pipeline to 2026-02-15 00:00:00+00:00, run_after=2026-02-16 00:00:00+00:00
[2026-02-15T08:13:59.798+0000] {processor.py:183} INFO - Processing /opt/airflow/dags/product_pipeline_dag.py took 0.305 seconds
[2026-02-15T08:14:31.003+0000] {processor.py:161} INFO - Started process (PID=26270) to work on /opt/airflow/dags/product_pipeline_dag.py
[2026-02-15T08:14:31.007+0000] {processor.py:830} INFO - Processing file /opt/airflow/dags/product_pipeline_dag.py for tasks to queue
[2026-02-15T08:14:31.012+0000] {logging_mixin.py:188} INFO - [2026-02-15T08:14:31.011+0000] {dagbag.py:545} INFO - Filling up the DagBag from /opt/airflow/dags/product_pipeline_dag.py
[2026-02-15T08:14:31.073+0000] {processor.py:840} INFO - DAG(s) 'product_price_pipeline' retrieved from /opt/airflow/dags/product_pipeline_dag.py
[2026-02-15T08:14:31.133+0000] {logging_mixin.py:188} INFO - [2026-02-15T08:14:31.133+0000] {dag.py:3089} INFO - Sync 1 DAGs
[2026-02-15T08:14:31.181+0000] {logging_mixin.py:188} INFO - [2026-02-15T08:14:31.181+0000] {dag.py:3947} INFO - Setting next_dagrun for product_price_pipeline to 2026-02-15 00:00:00+00:00, run_after=2026-02-16 00:00:00+00:00
[2026-02-15T08:14:31.230+0000] {processor.py:183} INFO - Processing /opt/airflow/dags/product_pipeline_dag.py took 0.239 seconds
[2026-02-15T08:15:01.324+0000] {processor.py:161} INFO - Started process (PID=26293) to work on /opt/airflow/dags/product_pipeline_dag.py
[2026-02-15T08:15:01.326+0000] {processor.py:830} INFO - Processing file /opt/airflow/dags/product_pipeline_dag.py for tasks to queue
[2026-02-15T08:15:01.329+0000] {logging_mixin.py:188} INFO - [2026-02-15T08:15:01.329+0000] {dagbag.py:545} INFO - Filling up the DagBag from /opt/airflow/dags/product_pipeline_dag.py
[2026-02-15T08:15:01.379+0000] {processor.py:840} INFO - DAG(s) 'product_price_pipeline' retrieved from /opt/airflow/dags/product_pipeline_dag.py
[2026-02-15T08:15:01.446+0000] {logging_mixin.py:188} INFO - [2026-02-15T08:15:01.446+0000] {dag.py:3089} INFO - Sync 1 DAGs
[2026-02-15T08:15:01.486+0000] {logging_mixin.py:188} INFO - [2026-02-15T08:15:01.485+0000] {dag.py:3947} INFO - Setting next_dagrun for product_price_pipeline to 2026-02-15 00:00:00+00:00, run_after=2026-02-16 00:00:00+00:00
[2026-02-15T08:15:01.770+0000] {processor.py:183} INFO - Processing /opt/airflow/dags/product_pipeline_dag.py took 0.457 seconds
[2026-02-15T08:15:33.726+0000] {processor.py:161} INFO - Started process (PID=26322) to work on /opt/airflow/dags/product_pipeline_dag.py
[2026-02-15T08:15:33.730+0000] {processor.py:830} INFO - Processing file /opt/airflow/dags/product_pipeline_dag.py for tasks to queue
[2026-02-15T08:15:33.735+0000] {logging_mixin.py:188} INFO - [2026-02-15T08:15:33.734+0000] {dagbag.py:545} INFO - Filling up the DagBag from /opt/airflow/dags/product_pipeline_dag.py
[2026-02-15T08:15:33.799+0000] {processor.py:840} INFO - DAG(s) 'product_price_pipeline' retrieved from /opt/airflow/dags/product_pipeline_dag.py
[2026-02-15T08:15:33.875+0000] {logging_mixin.py:188} INFO - [2026-02-15T08:15:33.874+0000] {dag.py:3089} INFO - Sync 1 DAGs
[2026-02-15T08:15:34.136+0000] {logging_mixin.py:188} INFO - [2026-02-15T08:15:34.136+0000] {dag.py:3947} INFO - Setting next_dagrun for product_price_pipeline to 2026-02-15 00:00:00+00:00, run_after=2026-02-16 00:00:00+00:00
[2026-02-15T08:15:34.174+0000] {processor.py:183} INFO - Processing /opt/airflow/dags/product_pipeline_dag.py took 0.466 seconds
[2026-02-15T08:16:04.884+0000] {processor.py:161} INFO - Started process (PID=26350) to work on /opt/airflow/dags/product_pipeline_dag.py
[2026-02-15T08:16:04.885+0000] {processor.py:830} INFO - Processing file /opt/airflow/dags/product_pipeline_dag.py for tasks to queue
[2026-02-15T08:16:04.888+0000] {logging_mixin.py:188} INFO - [2026-02-15T08:16:04.887+0000] {dagbag.py:545} INFO - Filling up the DagBag from /opt/airflow/dags/product_pipeline_dag.py
[2026-02-15T08:16:04.941+0000] {processor.py:840} INFO - DAG(s) 'product_price_pipeline' retrieved from /opt/airflow/dags/product_pipeline_dag.py
[2026-02-15T08:16:05.011+0000] {logging_mixin.py:188} INFO - [2026-02-15T08:16:05.010+0000] {dag.py:3089} INFO - Sync 1 DAGs
[2026-02-15T08:16:05.268+0000] {logging_mixin.py:188} INFO - [2026-02-15T08:16:05.268+0000] {dag.py:3947} INFO - Setting next_dagrun for product_price_pipeline to 2026-02-15 00:00:00+00:00, run_after=2026-02-16 00:00:00+00:00
[2026-02-15T08:16:05.307+0000] {processor.py:183} INFO - Processing /opt/airflow/dags/product_pipeline_dag.py took 0.432 seconds
[2026-02-15T08:16:35.675+0000] {processor.py:161} INFO - Started process (PID=26373) to work on /opt/airflow/dags/product_pipeline_dag.py
[2026-02-15T08:16:35.677+0000] {processor.py:830} INFO - Processing file /opt/airflow/dags/product_pipeline_dag.py for tasks to queue
[2026-02-15T08:16:35.682+0000] {logging_mixin.py:188} INFO - [2026-02-15T08:16:35.681+0000] {dagbag.py:545} INFO - Filling up the DagBag from /opt/airflow/dags/product_pipeline_dag.py
[2026-02-15T08:16:35.732+0000] {processor.py:840} INFO - DAG(s) 'product_price_pipeline' retrieved from /opt/airflow/dags/product_pipeline_dag.py
[2026-02-15T08:16:35.797+0000] {logging_mixin.py:188} INFO - [2026-02-15T08:16:35.797+0000] {dag.py:3089} INFO - Sync 1 DAGs
[2026-02-15T08:16:35.837+0000] {logging_mixin.py:188} INFO - [2026-02-15T08:16:35.837+0000] {dag.py:3947} INFO - Setting next_dagrun for product_price_pipeline to 2026-02-15 00:00:00+00:00, run_after=2026-02-16 00:00:00+00:00
[2026-02-15T08:16:35.891+0000] {processor.py:183} INFO - Processing /opt/airflow/dags/product_pipeline_dag.py took 0.228 seconds
[2026-02-15T08:17:06.091+0000] {processor.py:161} INFO - Started process (PID=26396) to work on /opt/airflow/dags/product_pipeline_dag.py
[2026-02-15T08:17:06.093+0000] {processor.py:830} INFO - Processing file /opt/airflow/dags/product_pipeline_dag.py for tasks to queue
[2026-02-15T08:17:06.096+0000] {logging_mixin.py:188} INFO - [2026-02-15T08:17:06.095+0000] {dagbag.py:545} INFO - Filling up the DagBag from /opt/airflow/dags/product_pipeline_dag.py
[2026-02-15T08:17:06.165+0000] {processor.py:840} INFO - DAG(s) 'product_price_pipeline' retrieved from /opt/airflow/dags/product_pipeline_dag.py
[2026-02-15T08:17:06.228+0000] {logging_mixin.py:188} INFO - [2026-02-15T08:17:06.228+0000] {dag.py:3089} INFO - Sync 1 DAGs
[2026-02-15T08:17:06.264+0000] {logging_mixin.py:188} INFO - [2026-02-15T08:17:06.264+0000] {dag.py:3947} INFO - Setting next_dagrun for product_price_pipeline to 2026-02-15 00:00:00+00:00, run_after=2026-02-16 00:00:00+00:00
[2026-02-15T08:17:06.304+0000] {processor.py:183} INFO - Processing /opt/airflow/dags/product_pipeline_dag.py took 0.221 seconds
[2026-02-15T08:17:37.228+0000] {processor.py:161} INFO - Started process (PID=26425) to work on /opt/airflow/dags/product_pipeline_dag.py
[2026-02-15T08:17:37.230+0000] {processor.py:830} INFO - Processing file /opt/airflow/dags/product_pipeline_dag.py for tasks to queue
[2026-02-15T08:17:37.233+0000] {logging_mixin.py:188} INFO - [2026-02-15T08:17:37.232+0000] {dagbag.py:545} INFO - Filling up the DagBag from /opt/airflow/dags/product_pipeline_dag.py
[2026-02-15T08:17:37.283+0000] {processor.py:840} INFO - DAG(s) 'product_price_pipeline' retrieved from /opt/airflow/dags/product_pipeline_dag.py
[2026-02-15T08:17:37.355+0000] {logging_mixin.py:188} INFO - [2026-02-15T08:17:37.354+0000] {dag.py:3089} INFO - Sync 1 DAGs
[2026-02-15T08:17:37.389+0000] {logging_mixin.py:188} INFO - [2026-02-15T08:17:37.389+0000] {dag.py:3947} INFO - Setting next_dagrun for product_price_pipeline to 2026-02-15 00:00:00+00:00, run_after=2026-02-16 00:00:00+00:00
[2026-02-15T08:17:37.422+0000] {processor.py:183} INFO - Processing /opt/airflow/dags/product_pipeline_dag.py took 0.202 seconds
[2026-02-15T08:18:07.569+0000] {processor.py:161} INFO - Started process (PID=26451) to work on /opt/airflow/dags/product_pipeline_dag.py
[2026-02-15T08:18:07.572+0000] {processor.py:830} INFO - Processing file /opt/airflow/dags/product_pipeline_dag.py for tasks to queue
[2026-02-15T08:18:07.575+0000] {logging_mixin.py:188} INFO - [2026-02-15T08:18:07.575+0000] {dagbag.py:545} INFO - Filling up the DagBag from /opt/airflow/dags/product_pipeline_dag.py
[2026-02-15T08:18:07.629+0000] {processor.py:840} INFO - DAG(s) 'product_price_pipeline' retrieved from /opt/airflow/dags/product_pipeline_dag.py
[2026-02-15T08:18:07.702+0000] {logging_mixin.py:188} INFO - [2026-02-15T08:18:07.701+0000] {dag.py:3089} INFO - Sync 1 DAGs
[2026-02-15T08:18:07.745+0000] {logging_mixin.py:188} INFO - [2026-02-15T08:18:07.745+0000] {dag.py:3947} INFO - Setting next_dagrun for product_price_pipeline to 2026-02-15 00:00:00+00:00, run_after=2026-02-16 00:00:00+00:00
[2026-02-15T08:18:07.983+0000] {processor.py:183} INFO - Processing /opt/airflow/dags/product_pipeline_dag.py took 0.424 seconds
[2026-02-15T08:18:38.499+0000] {processor.py:161} INFO - Started process (PID=26480) to work on /opt/airflow/dags/product_pipeline_dag.py
[2026-02-15T08:18:38.502+0000] {processor.py:830} INFO - Processing file /opt/airflow/dags/product_pipeline_dag.py for tasks to queue
[2026-02-15T08:18:38.507+0000] {logging_mixin.py:188} INFO - [2026-02-15T08:18:38.506+0000] {dagbag.py:545} INFO - Filling up the DagBag from /opt/airflow/dags/product_pipeline_dag.py
[2026-02-15T08:18:38.567+0000] {processor.py:840} INFO - DAG(s) 'product_price_pipeline' retrieved from /opt/airflow/dags/product_pipeline_dag.py
[2026-02-15T08:18:38.656+0000] {logging_mixin.py:188} INFO - [2026-02-15T08:18:38.655+0000] {dag.py:3089} INFO - Sync 1 DAGs
[2026-02-15T08:18:39.543+0000] {logging_mixin.py:188} INFO - [2026-02-15T08:18:39.542+0000] {dag.py:3947} INFO - Setting next_dagrun for product_price_pipeline to 2026-02-15 00:00:00+00:00, run_after=2026-02-16 00:00:00+00:00
[2026-02-15T08:18:39.673+0000] {processor.py:183} INFO - Processing /opt/airflow/dags/product_pipeline_dag.py took 1.185 seconds
[2026-02-15T08:19:10.677+0000] {processor.py:161} INFO - Started process (PID=26509) to work on /opt/airflow/dags/product_pipeline_dag.py
[2026-02-15T08:19:10.684+0000] {processor.py:830} INFO - Processing file /opt/airflow/dags/product_pipeline_dag.py for tasks to queue
[2026-02-15T08:19:10.697+0000] {logging_mixin.py:188} INFO - [2026-02-15T08:19:10.695+0000] {dagbag.py:545} INFO - Filling up the DagBag from /opt/airflow/dags/product_pipeline_dag.py
[2026-02-15T08:19:10.782+0000] {processor.py:840} INFO - DAG(s) 'product_price_pipeline' retrieved from /opt/airflow/dags/product_pipeline_dag.py
[2026-02-15T08:19:10.889+0000] {logging_mixin.py:188} INFO - [2026-02-15T08:19:10.888+0000] {dag.py:3089} INFO - Sync 1 DAGs
[2026-02-15T08:19:11.693+0000] {logging_mixin.py:188} INFO - [2026-02-15T08:19:11.692+0000] {dag.py:3947} INFO - Setting next_dagrun for product_price_pipeline to 2026-02-15 00:00:00+00:00, run_after=2026-02-16 00:00:00+00:00
[2026-02-15T08:19:11.757+0000] {processor.py:183} INFO - Processing /opt/airflow/dags/product_pipeline_dag.py took 1.116 seconds
[2026-02-15T08:19:41.918+0000] {processor.py:161} INFO - Started process (PID=26538) to work on /opt/airflow/dags/product_pipeline_dag.py
[2026-02-15T08:19:41.921+0000] {processor.py:830} INFO - Processing file /opt/airflow/dags/product_pipeline_dag.py for tasks to queue
[2026-02-15T08:19:41.927+0000] {logging_mixin.py:188} INFO - [2026-02-15T08:19:41.926+0000] {dagbag.py:545} INFO - Filling up the DagBag from /opt/airflow/dags/product_pipeline_dag.py
[2026-02-15T08:19:41.981+0000] {processor.py:840} INFO - DAG(s) 'product_price_pipeline' retrieved from /opt/airflow/dags/product_pipeline_dag.py
[2026-02-15T08:19:42.036+0000] {logging_mixin.py:188} INFO - [2026-02-15T08:19:42.035+0000] {dag.py:3089} INFO - Sync 1 DAGs
[2026-02-15T08:19:42.074+0000] {logging_mixin.py:188} INFO - [2026-02-15T08:19:42.073+0000] {dag.py:3947} INFO - Setting next_dagrun for product_price_pipeline to 2026-02-15 00:00:00+00:00, run_after=2026-02-16 00:00:00+00:00
[2026-02-15T08:19:42.107+0000] {processor.py:183} INFO - Processing /opt/airflow/dags/product_pipeline_dag.py took 0.202 seconds
[2026-02-15T08:20:13.070+0000] {processor.py:161} INFO - Started process (PID=26567) to work on /opt/airflow/dags/product_pipeline_dag.py
[2026-02-15T08:20:13.076+0000] {processor.py:830} INFO - Processing file /opt/airflow/dags/product_pipeline_dag.py for tasks to queue
[2026-02-15T08:20:13.084+0000] {logging_mixin.py:188} INFO - [2026-02-15T08:20:13.082+0000] {dagbag.py:545} INFO - Filling up the DagBag from /opt/airflow/dags/product_pipeline_dag.py
[2026-02-15T08:20:13.189+0000] {processor.py:840} INFO - DAG(s) 'product_price_pipeline' retrieved from /opt/airflow/dags/product_pipeline_dag.py
[2026-02-15T08:20:13.329+0000] {logging_mixin.py:188} INFO - [2026-02-15T08:20:13.328+0000] {dag.py:3089} INFO - Sync 1 DAGs
[2026-02-15T08:20:13.415+0000] {logging_mixin.py:188} INFO - [2026-02-15T08:20:13.414+0000] {dag.py:3947} INFO - Setting next_dagrun for product_price_pipeline to 2026-02-15 00:00:00+00:00, run_after=2026-02-16 00:00:00+00:00
[2026-02-15T08:20:13.467+0000] {processor.py:183} INFO - Processing /opt/airflow/dags/product_pipeline_dag.py took 0.420 seconds
[2026-02-15T08:20:43.882+0000] {processor.py:161} INFO - Started process (PID=26596) to work on /opt/airflow/dags/product_pipeline_dag.py
[2026-02-15T08:20:43.884+0000] {processor.py:830} INFO - Processing file /opt/airflow/dags/product_pipeline_dag.py for tasks to queue
[2026-02-15T08:20:43.889+0000] {logging_mixin.py:188} INFO - [2026-02-15T08:20:43.888+0000] {dagbag.py:545} INFO - Filling up the DagBag from /opt/airflow/dags/product_pipeline_dag.py
[2026-02-15T08:20:43.950+0000] {processor.py:840} INFO - DAG(s) 'product_price_pipeline' retrieved from /opt/airflow/dags/product_pipeline_dag.py
[2026-02-15T08:20:44.002+0000] {logging_mixin.py:188} INFO - [2026-02-15T08:20:44.001+0000] {dag.py:3089} INFO - Sync 1 DAGs
[2026-02-15T08:20:44.034+0000] {logging_mixin.py:188} INFO - [2026-02-15T08:20:44.034+0000] {dag.py:3947} INFO - Setting next_dagrun for product_price_pipeline to 2026-02-15 00:00:00+00:00, run_after=2026-02-16 00:00:00+00:00
[2026-02-15T08:20:44.066+0000] {processor.py:183} INFO - Processing /opt/airflow/dags/product_pipeline_dag.py took 0.193 seconds
[2026-02-15T08:21:14.542+0000] {processor.py:161} INFO - Started process (PID=26625) to work on /opt/airflow/dags/product_pipeline_dag.py
[2026-02-15T08:21:14.544+0000] {processor.py:830} INFO - Processing file /opt/airflow/dags/product_pipeline_dag.py for tasks to queue
[2026-02-15T08:21:14.547+0000] {logging_mixin.py:188} INFO - [2026-02-15T08:21:14.547+0000] {dagbag.py:545} INFO - Filling up the DagBag from /opt/airflow/dags/product_pipeline_dag.py
[2026-02-15T08:21:14.614+0000] {processor.py:840} INFO - DAG(s) 'product_price_pipeline' retrieved from /opt/airflow/dags/product_pipeline_dag.py
[2026-02-15T08:21:14.704+0000] {logging_mixin.py:188} INFO - [2026-02-15T08:21:14.703+0000] {dag.py:3089} INFO - Sync 1 DAGs
[2026-02-15T08:21:14.745+0000] {logging_mixin.py:188} INFO - [2026-02-15T08:21:14.745+0000] {dag.py:3947} INFO - Setting next_dagrun for product_price_pipeline to 2026-02-15 00:00:00+00:00, run_after=2026-02-16 00:00:00+00:00
[2026-02-15T08:21:14.998+0000] {processor.py:183} INFO - Processing /opt/airflow/dags/product_pipeline_dag.py took 0.467 seconds
[2026-02-15T08:21:45.103+0000] {processor.py:161} INFO - Started process (PID=26654) to work on /opt/airflow/dags/product_pipeline_dag.py
[2026-02-15T08:21:45.105+0000] {processor.py:830} INFO - Processing file /opt/airflow/dags/product_pipeline_dag.py for tasks to queue
[2026-02-15T08:21:45.109+0000] {logging_mixin.py:188} INFO - [2026-02-15T08:21:45.108+0000] {dagbag.py:545} INFO - Filling up the DagBag from /opt/airflow/dags/product_pipeline_dag.py
[2026-02-15T08:21:45.159+0000] {processor.py:840} INFO - DAG(s) 'product_price_pipeline' retrieved from /opt/airflow/dags/product_pipeline_dag.py
[2026-02-15T08:21:45.214+0000] {logging_mixin.py:188} INFO - [2026-02-15T08:21:45.213+0000] {dag.py:3089} INFO - Sync 1 DAGs
[2026-02-15T08:21:45.441+0000] {logging_mixin.py:188} INFO - [2026-02-15T08:21:45.440+0000] {dag.py:3947} INFO - Setting next_dagrun for product_price_pipeline to 2026-02-15 00:00:00+00:00, run_after=2026-02-16 00:00:00+00:00
[2026-02-15T08:21:45.482+0000] {processor.py:183} INFO - Processing /opt/airflow/dags/product_pipeline_dag.py took 0.389 seconds
[2026-02-15T08:22:16.361+0000] {processor.py:161} INFO - Started process (PID=26683) to work on /opt/airflow/dags/product_pipeline_dag.py
[2026-02-15T08:22:16.363+0000] {processor.py:830} INFO - Processing file /opt/airflow/dags/product_pipeline_dag.py for tasks to queue
[2026-02-15T08:22:16.366+0000] {logging_mixin.py:188} INFO - [2026-02-15T08:22:16.365+0000] {dagbag.py:545} INFO - Filling up the DagBag from /opt/airflow/dags/product_pipeline_dag.py
[2026-02-15T08:22:16.416+0000] {processor.py:840} INFO - DAG(s) 'product_price_pipeline' retrieved from /opt/airflow/dags/product_pipeline_dag.py
[2026-02-15T08:22:16.692+0000] {logging_mixin.py:188} INFO - [2026-02-15T08:22:16.691+0000] {dag.py:3089} INFO - Sync 1 DAGs
[2026-02-15T08:22:16.727+0000] {logging_mixin.py:188} INFO - [2026-02-15T08:22:16.727+0000] {dag.py:3947} INFO - Setting next_dagrun for product_price_pipeline to 2026-02-15 00:00:00+00:00, run_after=2026-02-16 00:00:00+00:00
[2026-02-15T08:22:16.768+0000] {processor.py:183} INFO - Processing /opt/airflow/dags/product_pipeline_dag.py took 0.415 seconds
[2026-02-15T08:22:47.528+0000] {processor.py:161} INFO - Started process (PID=26712) to work on /opt/airflow/dags/product_pipeline_dag.py
[2026-02-15T08:22:47.530+0000] {processor.py:830} INFO - Processing file /opt/airflow/dags/product_pipeline_dag.py for tasks to queue
[2026-02-15T08:22:47.533+0000] {logging_mixin.py:188} INFO - [2026-02-15T08:22:47.533+0000] {dagbag.py:545} INFO - Filling up the DagBag from /opt/airflow/dags/product_pipeline_dag.py
[2026-02-15T08:22:47.564+0000] {processor.py:840} INFO - DAG(s) 'product_price_pipeline' retrieved from /opt/airflow/dags/product_pipeline_dag.py
[2026-02-15T08:22:47.608+0000] {logging_mixin.py:188} INFO - [2026-02-15T08:22:47.608+0000] {dag.py:3089} INFO - Sync 1 DAGs
[2026-02-15T08:22:47.648+0000] {logging_mixin.py:188} INFO - [2026-02-15T08:22:47.648+0000] {dag.py:3947} INFO - Setting next_dagrun for product_price_pipeline to 2026-02-15 00:00:00+00:00, run_after=2026-02-16 00:00:00+00:00
[2026-02-15T08:22:47.680+0000] {processor.py:183} INFO - Processing /opt/airflow/dags/product_pipeline_dag.py took 0.162 seconds
[2026-02-15T08:24:56.094+0000] {processor.py:161} INFO - Started process (PID=26763) to work on /opt/airflow/dags/product_pipeline_dag.py
[2026-02-15T08:24:56.096+0000] {processor.py:830} INFO - Processing file /opt/airflow/dags/product_pipeline_dag.py for tasks to queue
[2026-02-15T08:24:56.103+0000] {logging_mixin.py:188} INFO - [2026-02-15T08:24:56.102+0000] {dagbag.py:545} INFO - Filling up the DagBag from /opt/airflow/dags/product_pipeline_dag.py
[2026-02-15T08:24:56.192+0000] {processor.py:840} INFO - DAG(s) 'product_price_pipeline' retrieved from /opt/airflow/dags/product_pipeline_dag.py
[2026-02-15T08:24:56.310+0000] {logging_mixin.py:188} INFO - [2026-02-15T08:24:56.310+0000] {dag.py:3089} INFO - Sync 1 DAGs
[2026-02-15T08:24:56.389+0000] {logging_mixin.py:188} INFO - [2026-02-15T08:24:56.388+0000] {dag.py:3947} INFO - Setting next_dagrun for product_price_pipeline to 2026-02-15 00:00:00+00:00, run_after=2026-02-16 00:00:00+00:00
[2026-02-15T08:24:56.449+0000] {processor.py:183} INFO - Processing /opt/airflow/dags/product_pipeline_dag.py took 0.367 seconds
[2026-02-15T08:25:27.372+0000] {processor.py:161} INFO - Started process (PID=26792) to work on /opt/airflow/dags/product_pipeline_dag.py
[2026-02-15T08:25:27.376+0000] {processor.py:830} INFO - Processing file /opt/airflow/dags/product_pipeline_dag.py for tasks to queue
[2026-02-15T08:25:27.385+0000] {logging_mixin.py:188} INFO - [2026-02-15T08:25:27.384+0000] {dagbag.py:545} INFO - Filling up the DagBag from /opt/airflow/dags/product_pipeline_dag.py
[2026-02-15T08:25:27.471+0000] {processor.py:840} INFO - DAG(s) 'product_price_pipeline' retrieved from /opt/airflow/dags/product_pipeline_dag.py
[2026-02-15T08:25:27.573+0000] {logging_mixin.py:188} INFO - [2026-02-15T08:25:27.573+0000] {dag.py:3089} INFO - Sync 1 DAGs
[2026-02-15T08:25:27.620+0000] {logging_mixin.py:188} INFO - [2026-02-15T08:25:27.619+0000] {dag.py:3947} INFO - Setting next_dagrun for product_price_pipeline to 2026-02-15 00:00:00+00:00, run_after=2026-02-16 00:00:00+00:00
[2026-02-15T08:25:27.668+0000] {processor.py:183} INFO - Processing /opt/airflow/dags/product_pipeline_dag.py took 0.317 seconds
[2026-02-15T08:25:58.013+0000] {processor.py:161} INFO - Started process (PID=26814) to work on /opt/airflow/dags/product_pipeline_dag.py
[2026-02-15T08:25:58.028+0000] {processor.py:830} INFO - Processing file /opt/airflow/dags/product_pipeline_dag.py for tasks to queue
[2026-02-15T08:25:58.048+0000] {logging_mixin.py:188} INFO - [2026-02-15T08:25:58.046+0000] {dagbag.py:545} INFO - Filling up the DagBag from /opt/airflow/dags/product_pipeline_dag.py
[2026-02-15T08:25:58.198+0000] {processor.py:840} INFO - DAG(s) 'product_price_pipeline' retrieved from /opt/airflow/dags/product_pipeline_dag.py
[2026-02-15T08:25:58.416+0000] {logging_mixin.py:188} INFO - [2026-02-15T08:25:58.416+0000] {dag.py:3089} INFO - Sync 1 DAGs
[2026-02-15T08:25:59.673+0000] {logging_mixin.py:188} INFO - [2026-02-15T08:25:59.672+0000] {dag.py:3947} INFO - Setting next_dagrun for product_price_pipeline to 2026-02-15 00:00:00+00:00, run_after=2026-02-16 00:00:00+00:00
[2026-02-15T08:25:59.795+0000] {processor.py:183} INFO - Processing /opt/airflow/dags/product_pipeline_dag.py took 1.841 seconds
[2026-02-15T08:26:30.754+0000] {processor.py:161} INFO - Started process (PID=26840) to work on /opt/airflow/dags/product_pipeline_dag.py
[2026-02-15T08:26:30.760+0000] {processor.py:830} INFO - Processing file /opt/airflow/dags/product_pipeline_dag.py for tasks to queue
[2026-02-15T08:26:30.777+0000] {logging_mixin.py:188} INFO - [2026-02-15T08:26:30.775+0000] {dagbag.py:545} INFO - Filling up the DagBag from /opt/airflow/dags/product_pipeline_dag.py
[2026-02-15T08:26:30.878+0000] {processor.py:840} INFO - DAG(s) 'product_price_pipeline' retrieved from /opt/airflow/dags/product_pipeline_dag.py
[2026-02-15T08:26:30.951+0000] {logging_mixin.py:188} INFO - [2026-02-15T08:26:30.951+0000] {dag.py:3089} INFO - Sync 1 DAGs
[2026-02-15T08:26:31.224+0000] {logging_mixin.py:188} INFO - [2026-02-15T08:26:31.223+0000] {dag.py:3947} INFO - Setting next_dagrun for product_price_pipeline to 2026-02-15 00:00:00+00:00, run_after=2026-02-16 00:00:00+00:00
[2026-02-15T08:26:31.272+0000] {processor.py:183} INFO - Processing /opt/airflow/dags/product_pipeline_dag.py took 0.537 seconds
[2026-02-15T08:27:01.584+0000] {processor.py:161} INFO - Started process (PID=26867) to work on /opt/airflow/dags/product_pipeline_dag.py
[2026-02-15T08:27:01.586+0000] {processor.py:830} INFO - Processing file /opt/airflow/dags/product_pipeline_dag.py for tasks to queue
[2026-02-15T08:27:01.590+0000] {logging_mixin.py:188} INFO - [2026-02-15T08:27:01.589+0000] {dagbag.py:545} INFO - Filling up the DagBag from /opt/airflow/dags/product_pipeline_dag.py
[2026-02-15T08:27:01.642+0000] {processor.py:840} INFO - DAG(s) 'product_price_pipeline' retrieved from /opt/airflow/dags/product_pipeline_dag.py
[2026-02-15T08:27:01.703+0000] {logging_mixin.py:188} INFO - [2026-02-15T08:27:01.702+0000] {dag.py:3089} INFO - Sync 1 DAGs
[2026-02-15T08:27:01.737+0000] {logging_mixin.py:188} INFO - [2026-02-15T08:27:01.737+0000] {dag.py:3947} INFO - Setting next_dagrun for product_price_pipeline to 2026-02-15 00:00:00+00:00, run_after=2026-02-16 00:00:00+00:00
[2026-02-15T08:27:01.779+0000] {processor.py:183} INFO - Processing /opt/airflow/dags/product_pipeline_dag.py took 0.203 seconds
[2026-02-15T08:27:33.960+0000] {processor.py:161} INFO - Started process (PID=26896) to work on /opt/airflow/dags/product_pipeline_dag.py
[2026-02-15T08:27:33.962+0000] {processor.py:830} INFO - Processing file /opt/airflow/dags/product_pipeline_dag.py for tasks to queue
[2026-02-15T08:27:33.964+0000] {logging_mixin.py:188} INFO - [2026-02-15T08:27:33.964+0000] {dagbag.py:545} INFO - Filling up the DagBag from /opt/airflow/dags/product_pipeline_dag.py
[2026-02-15T08:27:34.002+0000] {processor.py:840} INFO - DAG(s) 'product_price_pipeline' retrieved from /opt/airflow/dags/product_pipeline_dag.py
[2026-02-15T08:27:34.087+0000] {logging_mixin.py:188} INFO - [2026-02-15T08:27:34.086+0000] {dag.py:3089} INFO - Sync 1 DAGs
[2026-02-15T08:27:34.159+0000] {logging_mixin.py:188} INFO - [2026-02-15T08:27:34.157+0000] {dag.py:3947} INFO - Setting next_dagrun for product_price_pipeline to 2026-02-15 00:00:00+00:00, run_after=2026-02-16 00:00:00+00:00
[2026-02-15T08:27:34.212+0000] {processor.py:183} INFO - Processing /opt/airflow/dags/product_pipeline_dag.py took 0.261 seconds
[2026-02-15T08:28:05.452+0000] {processor.py:161} INFO - Started process (PID=26925) to work on /opt/airflow/dags/product_pipeline_dag.py
[2026-02-15T08:28:05.455+0000] {processor.py:830} INFO - Processing file /opt/airflow/dags/product_pipeline_dag.py for tasks to queue
[2026-02-15T08:28:05.458+0000] {logging_mixin.py:188} INFO - [2026-02-15T08:28:05.458+0000] {dagbag.py:545} INFO - Filling up the DagBag from /opt/airflow/dags/product_pipeline_dag.py
[2026-02-15T08:28:05.510+0000] {processor.py:840} INFO - DAG(s) 'product_price_pipeline' retrieved from /opt/airflow/dags/product_pipeline_dag.py
[2026-02-15T08:28:05.558+0000] {logging_mixin.py:188} INFO - [2026-02-15T08:28:05.557+0000] {dag.py:3089} INFO - Sync 1 DAGs
[2026-02-15T08:28:05.591+0000] {logging_mixin.py:188} INFO - [2026-02-15T08:28:05.591+0000] {dag.py:3947} INFO - Setting next_dagrun for product_price_pipeline to 2026-02-15 00:00:00+00:00, run_after=2026-02-16 00:00:00+00:00
[2026-02-15T08:28:05.618+0000] {processor.py:183} INFO - Processing /opt/airflow/dags/product_pipeline_dag.py took 0.175 seconds
[2026-02-15T08:28:36.884+0000] {processor.py:161} INFO - Started process (PID=26954) to work on /opt/airflow/dags/product_pipeline_dag.py
[2026-02-15T08:28:36.886+0000] {processor.py:830} INFO - Processing file /opt/airflow/dags/product_pipeline_dag.py for tasks to queue
[2026-02-15T08:28:36.890+0000] {logging_mixin.py:188} INFO - [2026-02-15T08:28:36.889+0000] {dagbag.py:545} INFO - Filling up the DagBag from /opt/airflow/dags/product_pipeline_dag.py
[2026-02-15T08:28:36.939+0000] {processor.py:840} INFO - DAG(s) 'product_price_pipeline' retrieved from /opt/airflow/dags/product_pipeline_dag.py
[2026-02-15T08:28:36.996+0000] {logging_mixin.py:188} INFO - [2026-02-15T08:28:36.995+0000] {dag.py:3089} INFO - Sync 1 DAGs
[2026-02-15T08:28:37.038+0000] {logging_mixin.py:188} INFO - [2026-02-15T08:28:37.038+0000] {dag.py:3947} INFO - Setting next_dagrun for product_price_pipeline to 2026-02-15 00:00:00+00:00, run_after=2026-02-16 00:00:00+00:00
[2026-02-15T08:28:37.304+0000] {processor.py:183} INFO - Processing /opt/airflow/dags/product_pipeline_dag.py took 0.429 seconds
[2026-02-15T08:29:08.465+0000] {processor.py:161} INFO - Started process (PID=26983) to work on /opt/airflow/dags/product_pipeline_dag.py
[2026-02-15T08:29:08.468+0000] {processor.py:830} INFO - Processing file /opt/airflow/dags/product_pipeline_dag.py for tasks to queue
[2026-02-15T08:29:08.475+0000] {logging_mixin.py:188} INFO - [2026-02-15T08:29:08.474+0000] {dagbag.py:545} INFO - Filling up the DagBag from /opt/airflow/dags/product_pipeline_dag.py
[2026-02-15T08:29:08.537+0000] {processor.py:840} INFO - DAG(s) 'product_price_pipeline' retrieved from /opt/airflow/dags/product_pipeline_dag.py
[2026-02-15T08:29:08.614+0000] {logging_mixin.py:188} INFO - [2026-02-15T08:29:08.613+0000] {dag.py:3089} INFO - Sync 1 DAGs
[2026-02-15T08:29:08.849+0000] {logging_mixin.py:188} INFO - [2026-02-15T08:29:08.848+0000] {dag.py:3947} INFO - Setting next_dagrun for product_price_pipeline to 2026-02-15 00:00:00+00:00, run_after=2026-02-16 00:00:00+00:00
[2026-02-15T08:29:08.880+0000] {processor.py:183} INFO - Processing /opt/airflow/dags/product_pipeline_dag.py took 0.431 seconds
[2026-02-15T08:29:39.979+0000] {processor.py:161} INFO - Started process (PID=27018) to work on /opt/airflow/dags/product_pipeline_dag.py
[2026-02-15T08:29:39.985+0000] {processor.py:830} INFO - Processing file /opt/airflow/dags/product_pipeline_dag.py for tasks to queue
[2026-02-15T08:29:39.989+0000] {logging_mixin.py:188} INFO - [2026-02-15T08:29:39.988+0000] {dagbag.py:545} INFO - Filling up the DagBag from /opt/airflow/dags/product_pipeline_dag.py
[2026-02-15T08:29:40.079+0000] {processor.py:840} INFO - DAG(s) 'product_price_pipeline' retrieved from /opt/airflow/dags/product_pipeline_dag.py
[2026-02-15T08:29:40.182+0000] {logging_mixin.py:188} INFO - [2026-02-15T08:29:40.181+0000] {dag.py:3089} INFO - Sync 1 DAGs
[2026-02-15T08:29:40.501+0000] {logging_mixin.py:188} INFO - [2026-02-15T08:29:40.501+0000] {dag.py:3947} INFO - Setting next_dagrun for product_price_pipeline to 2026-02-15 00:00:00+00:00, run_after=2026-02-16 00:00:00+00:00
[2026-02-15T08:29:40.536+0000] {processor.py:183} INFO - Processing /opt/airflow/dags/product_pipeline_dag.py took 0.580 seconds
[2026-02-15T08:30:11.507+0000] {processor.py:161} INFO - Started process (PID=27047) to work on /opt/airflow/dags/product_pipeline_dag.py
[2026-02-15T08:30:11.509+0000] {processor.py:830} INFO - Processing file /opt/airflow/dags/product_pipeline_dag.py for tasks to queue
[2026-02-15T08:30:11.513+0000] {logging_mixin.py:188} INFO - [2026-02-15T08:30:11.512+0000] {dagbag.py:545} INFO - Filling up the DagBag from /opt/airflow/dags/product_pipeline_dag.py
[2026-02-15T08:30:11.560+0000] {processor.py:840} INFO - DAG(s) 'product_price_pipeline' retrieved from /opt/airflow/dags/product_pipeline_dag.py
[2026-02-15T08:30:11.613+0000] {logging_mixin.py:188} INFO - [2026-02-15T08:30:11.613+0000] {dag.py:3089} INFO - Sync 1 DAGs
[2026-02-15T08:30:11.660+0000] {logging_mixin.py:188} INFO - [2026-02-15T08:30:11.659+0000] {dag.py:3947} INFO - Setting next_dagrun for product_price_pipeline to 2026-02-15 00:00:00+00:00, run_after=2026-02-16 00:00:00+00:00
[2026-02-15T08:30:11.701+0000] {processor.py:183} INFO - Processing /opt/airflow/dags/product_pipeline_dag.py took 0.206 seconds
[2026-02-15T08:30:43.804+0000] {processor.py:161} INFO - Started process (PID=27070) to work on /opt/airflow/dags/product_pipeline_dag.py
[2026-02-15T08:30:43.808+0000] {processor.py:830} INFO - Processing file /opt/airflow/dags/product_pipeline_dag.py for tasks to queue
[2026-02-15T08:30:43.812+0000] {logging_mixin.py:188} INFO - [2026-02-15T08:30:43.811+0000] {dagbag.py:545} INFO - Filling up the DagBag from /opt/airflow/dags/product_pipeline_dag.py
[2026-02-15T08:30:43.908+0000] {processor.py:840} INFO - DAG(s) 'product_price_pipeline' retrieved from /opt/airflow/dags/product_pipeline_dag.py
[2026-02-15T08:30:44.046+0000] {logging_mixin.py:188} INFO - [2026-02-15T08:30:44.045+0000] {dag.py:3089} INFO - Sync 1 DAGs
[2026-02-15T08:30:44.133+0000] {logging_mixin.py:188} INFO - [2026-02-15T08:30:44.131+0000] {dag.py:3947} INFO - Setting next_dagrun for product_price_pipeline to 2026-02-15 00:00:00+00:00, run_after=2026-02-16 00:00:00+00:00
[2026-02-15T08:30:44.186+0000] {processor.py:183} INFO - Processing /opt/airflow/dags/product_pipeline_dag.py took 0.395 seconds
[2026-02-15T08:31:15.807+0000] {processor.py:161} INFO - Started process (PID=27099) to work on /opt/airflow/dags/product_pipeline_dag.py
[2026-02-15T08:31:15.809+0000] {processor.py:830} INFO - Processing file /opt/airflow/dags/product_pipeline_dag.py for tasks to queue
[2026-02-15T08:31:15.813+0000] {logging_mixin.py:188} INFO - [2026-02-15T08:31:15.812+0000] {dagbag.py:545} INFO - Filling up the DagBag from /opt/airflow/dags/product_pipeline_dag.py
[2026-02-15T08:31:15.861+0000] {processor.py:840} INFO - DAG(s) 'product_price_pipeline' retrieved from /opt/airflow/dags/product_pipeline_dag.py
[2026-02-15T08:31:15.926+0000] {logging_mixin.py:188} INFO - [2026-02-15T08:31:15.925+0000] {dag.py:3089} INFO - Sync 1 DAGs
[2026-02-15T08:31:15.971+0000] {logging_mixin.py:188} INFO - [2026-02-15T08:31:15.970+0000] {dag.py:3947} INFO - Setting next_dagrun for product_price_pipeline to 2026-02-15 00:00:00+00:00, run_after=2026-02-16 00:00:00+00:00
[2026-02-15T08:31:16.016+0000] {processor.py:183} INFO - Processing /opt/airflow/dags/product_pipeline_dag.py took 0.218 seconds
[2026-02-15T08:31:47.323+0000] {processor.py:161} INFO - Started process (PID=27128) to work on /opt/airflow/dags/product_pipeline_dag.py
[2026-02-15T08:31:47.325+0000] {processor.py:830} INFO - Processing file /opt/airflow/dags/product_pipeline_dag.py for tasks to queue
[2026-02-15T08:31:47.328+0000] {logging_mixin.py:188} INFO - [2026-02-15T08:31:47.328+0000] {dagbag.py:545} INFO - Filling up the DagBag from /opt/airflow/dags/product_pipeline_dag.py
[2026-02-15T08:31:47.362+0000] {processor.py:840} INFO - DAG(s) 'product_price_pipeline' retrieved from /opt/airflow/dags/product_pipeline_dag.py
[2026-02-15T08:31:47.413+0000] {logging_mixin.py:188} INFO - [2026-02-15T08:31:47.412+0000] {dag.py:3089} INFO - Sync 1 DAGs
[2026-02-15T08:31:47.461+0000] {logging_mixin.py:188} INFO - [2026-02-15T08:31:47.460+0000] {dag.py:3947} INFO - Setting next_dagrun for product_price_pipeline to 2026-02-15 00:00:00+00:00, run_after=2026-02-16 00:00:00+00:00
[2026-02-15T08:31:47.866+0000] {processor.py:183} INFO - Processing /opt/airflow/dags/product_pipeline_dag.py took 0.551 seconds
[2026-02-15T08:32:19.064+0000] {processor.py:161} INFO - Started process (PID=27157) to work on /opt/airflow/dags/product_pipeline_dag.py
[2026-02-15T08:32:19.066+0000] {processor.py:830} INFO - Processing file /opt/airflow/dags/product_pipeline_dag.py for tasks to queue
[2026-02-15T08:32:19.070+0000] {logging_mixin.py:188} INFO - [2026-02-15T08:32:19.070+0000] {dagbag.py:545} INFO - Filling up the DagBag from /opt/airflow/dags/product_pipeline_dag.py
[2026-02-15T08:32:19.117+0000] {processor.py:840} INFO - DAG(s) 'product_price_pipeline' retrieved from /opt/airflow/dags/product_pipeline_dag.py
[2026-02-15T08:32:19.162+0000] {logging_mixin.py:188} INFO - [2026-02-15T08:32:19.162+0000] {dag.py:3089} INFO - Sync 1 DAGs
[2026-02-15T08:32:19.403+0000] {logging_mixin.py:188} INFO - [2026-02-15T08:32:19.403+0000] {dag.py:3947} INFO - Setting next_dagrun for product_price_pipeline to 2026-02-15 00:00:00+00:00, run_after=2026-02-16 00:00:00+00:00
[2026-02-15T08:32:19.440+0000] {processor.py:183} INFO - Processing /opt/airflow/dags/product_pipeline_dag.py took 0.386 seconds
[2026-02-15T08:32:50.764+0000] {processor.py:161} INFO - Started process (PID=27192) to work on /opt/airflow/dags/product_pipeline_dag.py
[2026-02-15T08:32:50.767+0000] {processor.py:830} INFO - Processing file /opt/airflow/dags/product_pipeline_dag.py for tasks to queue
[2026-02-15T08:32:50.771+0000] {logging_mixin.py:188} INFO - [2026-02-15T08:32:50.770+0000] {dagbag.py:545} INFO - Filling up the DagBag from /opt/airflow/dags/product_pipeline_dag.py
[2026-02-15T08:32:50.837+0000] {processor.py:840} INFO - DAG(s) 'product_price_pipeline' retrieved from /opt/airflow/dags/product_pipeline_dag.py
[2026-02-15T08:32:51.191+0000] {logging_mixin.py:188} INFO - [2026-02-15T08:32:51.190+0000] {dag.py:3089} INFO - Sync 1 DAGs
[2026-02-15T08:32:51.239+0000] {logging_mixin.py:188} INFO - [2026-02-15T08:32:51.238+0000] {dag.py:3947} INFO - Setting next_dagrun for product_price_pipeline to 2026-02-15 00:00:00+00:00, run_after=2026-02-16 00:00:00+00:00
[2026-02-15T08:32:51.294+0000] {processor.py:183} INFO - Processing /opt/airflow/dags/product_pipeline_dag.py took 0.539 seconds
[2026-02-15T08:33:21.813+0000] {processor.py:161} INFO - Started process (PID=27215) to work on /opt/airflow/dags/product_pipeline_dag.py
[2026-02-15T08:33:21.815+0000] {processor.py:830} INFO - Processing file /opt/airflow/dags/product_pipeline_dag.py for tasks to queue
[2026-02-15T08:33:21.822+0000] {logging_mixin.py:188} INFO - [2026-02-15T08:33:21.821+0000] {dagbag.py:545} INFO - Filling up the DagBag from /opt/airflow/dags/product_pipeline_dag.py
[2026-02-15T08:33:21.893+0000] {processor.py:840} INFO - DAG(s) 'product_price_pipeline' retrieved from /opt/airflow/dags/product_pipeline_dag.py
[2026-02-15T08:33:21.959+0000] {logging_mixin.py:188} INFO - [2026-02-15T08:33:21.959+0000] {dag.py:3089} INFO - Sync 1 DAGs
[2026-02-15T08:33:22.012+0000] {logging_mixin.py:188} INFO - [2026-02-15T08:33:22.011+0000] {dag.py:3947} INFO - Setting next_dagrun for product_price_pipeline to 2026-02-15 00:00:00+00:00, run_after=2026-02-16 00:00:00+00:00
[2026-02-15T08:33:22.057+0000] {processor.py:183} INFO - Processing /opt/airflow/dags/product_pipeline_dag.py took 0.256 seconds
[2026-02-15T08:41:10.768+0000] {processor.py:161} INFO - Started process (PID=27255) to work on /opt/airflow/dags/product_pipeline_dag.py
[2026-02-15T08:41:10.770+0000] {processor.py:830} INFO - Processing file /opt/airflow/dags/product_pipeline_dag.py for tasks to queue
[2026-02-15T08:41:10.774+0000] {logging_mixin.py:188} INFO - [2026-02-15T08:41:10.773+0000] {dagbag.py:545} INFO - Filling up the DagBag from /opt/airflow/dags/product_pipeline_dag.py
[2026-02-15T08:41:10.876+0000] {processor.py:840} INFO - DAG(s) 'product_price_pipeline' retrieved from /opt/airflow/dags/product_pipeline_dag.py
[2026-02-15T08:41:11.029+0000] {logging_mixin.py:188} INFO - [2026-02-15T08:41:11.028+0000] {dag.py:3089} INFO - Sync 1 DAGs
[2026-02-15T08:41:11.158+0000] {logging_mixin.py:188} INFO - [2026-02-15T08:41:11.157+0000] {dag.py:3947} INFO - Setting next_dagrun for product_price_pipeline to 2026-02-15 00:00:00+00:00, run_after=2026-02-16 00:00:00+00:00
[2026-02-15T08:41:11.232+0000] {processor.py:183} INFO - Processing /opt/airflow/dags/product_pipeline_dag.py took 0.478 seconds
[2026-02-15T08:41:41.936+0000] {processor.py:161} INFO - Started process (PID=27279) to work on /opt/airflow/dags/product_pipeline_dag.py
[2026-02-15T08:41:41.947+0000] {processor.py:830} INFO - Processing file /opt/airflow/dags/product_pipeline_dag.py for tasks to queue
[2026-02-15T08:41:41.952+0000] {logging_mixin.py:188} INFO - [2026-02-15T08:41:41.951+0000] {dagbag.py:545} INFO - Filling up the DagBag from /opt/airflow/dags/product_pipeline_dag.py
[2026-02-15T08:41:42.018+0000] {processor.py:840} INFO - DAG(s) 'product_price_pipeline' retrieved from /opt/airflow/dags/product_pipeline_dag.py
[2026-02-15T08:41:42.113+0000] {logging_mixin.py:188} INFO - [2026-02-15T08:41:42.113+0000] {dag.py:3089} INFO - Sync 1 DAGs
[2026-02-15T08:41:42.175+0000] {logging_mixin.py:188} INFO - [2026-02-15T08:41:42.175+0000] {dag.py:3947} INFO - Setting next_dagrun for product_price_pipeline to 2026-02-15 00:00:00+00:00, run_after=2026-02-16 00:00:00+00:00
[2026-02-15T08:41:42.538+0000] {processor.py:183} INFO - Processing /opt/airflow/dags/product_pipeline_dag.py took 0.611 seconds
[2026-02-15T08:42:13.687+0000] {processor.py:161} INFO - Started process (PID=27308) to work on /opt/airflow/dags/product_pipeline_dag.py
[2026-02-15T08:42:13.704+0000] {processor.py:830} INFO - Processing file /opt/airflow/dags/product_pipeline_dag.py for tasks to queue
[2026-02-15T08:42:13.711+0000] {logging_mixin.py:188} INFO - [2026-02-15T08:42:13.709+0000] {dagbag.py:545} INFO - Filling up the DagBag from /opt/airflow/dags/product_pipeline_dag.py
[2026-02-15T08:42:13.779+0000] {processor.py:840} INFO - DAG(s) 'product_price_pipeline' retrieved from /opt/airflow/dags/product_pipeline_dag.py
[2026-02-15T08:42:13.862+0000] {logging_mixin.py:188} INFO - [2026-02-15T08:42:13.861+0000] {dag.py:3089} INFO - Sync 1 DAGs
[2026-02-15T08:42:14.139+0000] {logging_mixin.py:188} INFO - [2026-02-15T08:42:14.138+0000] {dag.py:3947} INFO - Setting next_dagrun for product_price_pipeline to 2026-02-15 00:00:00+00:00, run_after=2026-02-16 00:00:00+00:00
[2026-02-15T08:42:14.193+0000] {processor.py:183} INFO - Processing /opt/airflow/dags/product_pipeline_dag.py took 0.523 seconds
[2026-02-15T08:42:45.387+0000] {processor.py:161} INFO - Started process (PID=27331) to work on /opt/airflow/dags/product_pipeline_dag.py
[2026-02-15T08:42:45.389+0000] {processor.py:830} INFO - Processing file /opt/airflow/dags/product_pipeline_dag.py for tasks to queue
[2026-02-15T08:42:45.392+0000] {logging_mixin.py:188} INFO - [2026-02-15T08:42:45.392+0000] {dagbag.py:545} INFO - Filling up the DagBag from /opt/airflow/dags/product_pipeline_dag.py
[2026-02-15T08:42:45.434+0000] {processor.py:840} INFO - DAG(s) 'product_price_pipeline' retrieved from /opt/airflow/dags/product_pipeline_dag.py
[2026-02-15T08:42:45.510+0000] {logging_mixin.py:188} INFO - [2026-02-15T08:42:45.509+0000] {dag.py:3089} INFO - Sync 1 DAGs
[2026-02-15T08:42:45.732+0000] {logging_mixin.py:188} INFO - [2026-02-15T08:42:45.732+0000] {dag.py:3947} INFO - Setting next_dagrun for product_price_pipeline to 2026-02-15 00:00:00+00:00, run_after=2026-02-16 00:00:00+00:00
[2026-02-15T08:42:45.772+0000] {processor.py:183} INFO - Processing /opt/airflow/dags/product_pipeline_dag.py took 0.394 seconds
[2026-02-15T08:43:17.969+0000] {processor.py:161} INFO - Started process (PID=27360) to work on /opt/airflow/dags/product_pipeline_dag.py
[2026-02-15T08:43:17.974+0000] {processor.py:830} INFO - Processing file /opt/airflow/dags/product_pipeline_dag.py for tasks to queue
[2026-02-15T08:43:17.983+0000] {logging_mixin.py:188} INFO - [2026-02-15T08:43:17.981+0000] {dagbag.py:545} INFO - Filling up the DagBag from /opt/airflow/dags/product_pipeline_dag.py
[2026-02-15T08:43:18.096+0000] {processor.py:840} INFO - DAG(s) 'product_price_pipeline' retrieved from /opt/airflow/dags/product_pipeline_dag.py
[2026-02-15T08:43:18.841+0000] {logging_mixin.py:188} INFO - [2026-02-15T08:43:18.831+0000] {dag.py:3089} INFO - Sync 1 DAGs
[2026-02-15T08:43:18.959+0000] {logging_mixin.py:188} INFO - [2026-02-15T08:43:18.958+0000] {dag.py:3947} INFO - Setting next_dagrun for product_price_pipeline to 2026-02-15 00:00:00+00:00, run_after=2026-02-16 00:00:00+00:00
[2026-02-15T08:43:19.079+0000] {processor.py:183} INFO - Processing /opt/airflow/dags/product_pipeline_dag.py took 1.130 seconds
[2026-02-15T08:43:49.593+0000] {processor.py:161} INFO - Started process (PID=27389) to work on /opt/airflow/dags/product_pipeline_dag.py
[2026-02-15T08:43:49.602+0000] {processor.py:830} INFO - Processing file /opt/airflow/dags/product_pipeline_dag.py for tasks to queue
[2026-02-15T08:43:49.605+0000] {logging_mixin.py:188} INFO - [2026-02-15T08:43:49.604+0000] {dagbag.py:545} INFO - Filling up the DagBag from /opt/airflow/dags/product_pipeline_dag.py
[2026-02-15T08:43:49.657+0000] {processor.py:840} INFO - DAG(s) 'product_price_pipeline' retrieved from /opt/airflow/dags/product_pipeline_dag.py
[2026-02-15T08:43:49.703+0000] {logging_mixin.py:188} INFO - [2026-02-15T08:43:49.703+0000] {dag.py:3089} INFO - Sync 1 DAGs
[2026-02-15T08:43:49.735+0000] {logging_mixin.py:188} INFO - [2026-02-15T08:43:49.734+0000] {dag.py:3947} INFO - Setting next_dagrun for product_price_pipeline to 2026-02-15 00:00:00+00:00, run_after=2026-02-16 00:00:00+00:00
[2026-02-15T08:43:49.762+0000] {processor.py:183} INFO - Processing /opt/airflow/dags/product_pipeline_dag.py took 0.178 seconds
[2026-02-15T08:44:19.949+0000] {processor.py:161} INFO - Started process (PID=27411) to work on /opt/airflow/dags/product_pipeline_dag.py
[2026-02-15T08:44:19.950+0000] {processor.py:830} INFO - Processing file /opt/airflow/dags/product_pipeline_dag.py for tasks to queue
[2026-02-15T08:44:19.953+0000] {logging_mixin.py:188} INFO - [2026-02-15T08:44:19.952+0000] {dagbag.py:545} INFO - Filling up the DagBag from /opt/airflow/dags/product_pipeline_dag.py
[2026-02-15T08:44:19.986+0000] {processor.py:840} INFO - DAG(s) 'product_price_pipeline' retrieved from /opt/airflow/dags/product_pipeline_dag.py
[2026-02-15T08:44:20.034+0000] {logging_mixin.py:188} INFO - [2026-02-15T08:44:20.034+0000] {dag.py:3089} INFO - Sync 1 DAGs
[2026-02-15T08:44:20.071+0000] {logging_mixin.py:188} INFO - [2026-02-15T08:44:20.070+0000] {dag.py:3947} INFO - Setting next_dagrun for product_price_pipeline to 2026-02-15 00:00:00+00:00, run_after=2026-02-16 00:00:00+00:00
[2026-02-15T08:44:20.105+0000] {processor.py:183} INFO - Processing /opt/airflow/dags/product_pipeline_dag.py took 0.166 seconds
[2026-02-15T08:44:50.312+0000] {processor.py:161} INFO - Started process (PID=27437) to work on /opt/airflow/dags/product_pipeline_dag.py
[2026-02-15T08:44:50.314+0000] {processor.py:830} INFO - Processing file /opt/airflow/dags/product_pipeline_dag.py for tasks to queue
[2026-02-15T08:44:50.317+0000] {logging_mixin.py:188} INFO - [2026-02-15T08:44:50.317+0000] {dagbag.py:545} INFO - Filling up the DagBag from /opt/airflow/dags/product_pipeline_dag.py
[2026-02-15T08:44:50.374+0000] {processor.py:840} INFO - DAG(s) 'product_price_pipeline' retrieved from /opt/airflow/dags/product_pipeline_dag.py
[2026-02-15T08:44:50.422+0000] {logging_mixin.py:188} INFO - [2026-02-15T08:44:50.421+0000] {dag.py:3089} INFO - Sync 1 DAGs
[2026-02-15T08:44:50.462+0000] {logging_mixin.py:188} INFO - [2026-02-15T08:44:50.462+0000] {dag.py:3947} INFO - Setting next_dagrun for product_price_pipeline to 2026-02-15 00:00:00+00:00, run_after=2026-02-16 00:00:00+00:00
[2026-02-15T08:44:50.742+0000] {processor.py:183} INFO - Processing /opt/airflow/dags/product_pipeline_dag.py took 0.440 seconds
[2026-02-15T08:45:21.681+0000] {processor.py:161} INFO - Started process (PID=27466) to work on /opt/airflow/dags/product_pipeline_dag.py
[2026-02-15T08:45:21.685+0000] {processor.py:830} INFO - Processing file /opt/airflow/dags/product_pipeline_dag.py for tasks to queue
[2026-02-15T08:45:21.692+0000] {logging_mixin.py:188} INFO - [2026-02-15T08:45:21.691+0000] {dagbag.py:545} INFO - Filling up the DagBag from /opt/airflow/dags/product_pipeline_dag.py
[2026-02-15T08:45:21.793+0000] {processor.py:840} INFO - DAG(s) 'product_price_pipeline' retrieved from /opt/airflow/dags/product_pipeline_dag.py
[2026-02-15T08:45:21.880+0000] {logging_mixin.py:188} INFO - [2026-02-15T08:45:21.879+0000] {dag.py:3089} INFO - Sync 1 DAGs
[2026-02-15T08:45:22.426+0000] {logging_mixin.py:188} INFO - [2026-02-15T08:45:22.425+0000] {dag.py:3947} INFO - Setting next_dagrun for product_price_pipeline to 2026-02-15 00:00:00+00:00, run_after=2026-02-16 00:00:00+00:00
[2026-02-15T08:45:22.522+0000] {processor.py:183} INFO - Processing /opt/airflow/dags/product_pipeline_dag.py took 0.860 seconds
[2026-02-15T08:45:52.995+0000] {processor.py:161} INFO - Started process (PID=27495) to work on /opt/airflow/dags/product_pipeline_dag.py
[2026-02-15T08:45:52.999+0000] {processor.py:830} INFO - Processing file /opt/airflow/dags/product_pipeline_dag.py for tasks to queue
[2026-02-15T08:45:53.007+0000] {logging_mixin.py:188} INFO - [2026-02-15T08:45:53.006+0000] {dagbag.py:545} INFO - Filling up the DagBag from /opt/airflow/dags/product_pipeline_dag.py
[2026-02-15T08:45:53.078+0000] {processor.py:840} INFO - DAG(s) 'product_price_pipeline' retrieved from /opt/airflow/dags/product_pipeline_dag.py
[2026-02-15T08:45:53.212+0000] {logging_mixin.py:188} INFO - [2026-02-15T08:45:53.212+0000] {dag.py:3089} INFO - Sync 1 DAGs
[2026-02-15T08:45:53.657+0000] {logging_mixin.py:188} INFO - [2026-02-15T08:45:53.657+0000] {dag.py:3947} INFO - Setting next_dagrun for product_price_pipeline to 2026-02-15 00:00:00+00:00, run_after=2026-02-16 00:00:00+00:00
[2026-02-15T08:45:53.708+0000] {processor.py:183} INFO - Processing /opt/airflow/dags/product_pipeline_dag.py took 0.727 seconds
[2026-02-15T08:46:24.508+0000] {processor.py:161} INFO - Started process (PID=27524) to work on /opt/airflow/dags/product_pipeline_dag.py
[2026-02-15T08:46:24.513+0000] {processor.py:830} INFO - Processing file /opt/airflow/dags/product_pipeline_dag.py for tasks to queue
[2026-02-15T08:46:24.529+0000] {logging_mixin.py:188} INFO - [2026-02-15T08:46:24.526+0000] {dagbag.py:545} INFO - Filling up the DagBag from /opt/airflow/dags/product_pipeline_dag.py
[2026-02-15T08:46:24.819+0000] {processor.py:840} INFO - DAG(s) 'product_price_pipeline' retrieved from /opt/airflow/dags/product_pipeline_dag.py
[2026-02-15T08:46:27.221+0000] {logging_mixin.py:188} INFO - [2026-02-15T08:46:27.221+0000] {dag.py:3089} INFO - Sync 1 DAGs
[2026-02-15T08:46:27.291+0000] {logging_mixin.py:188} INFO - [2026-02-15T08:46:27.291+0000] {dag.py:3947} INFO - Setting next_dagrun for product_price_pipeline to 2026-02-15 00:00:00+00:00, run_after=2026-02-16 00:00:00+00:00
[2026-02-15T08:46:27.344+0000] {processor.py:183} INFO - Processing /opt/airflow/dags/product_pipeline_dag.py took 2.903 seconds
[2026-02-15T08:46:57.661+0000] {processor.py:161} INFO - Started process (PID=27553) to work on /opt/airflow/dags/product_pipeline_dag.py
[2026-02-15T08:46:57.666+0000] {processor.py:830} INFO - Processing file /opt/airflow/dags/product_pipeline_dag.py for tasks to queue
[2026-02-15T08:46:57.670+0000] {logging_mixin.py:188} INFO - [2026-02-15T08:46:57.669+0000] {dagbag.py:545} INFO - Filling up the DagBag from /opt/airflow/dags/product_pipeline_dag.py
[2026-02-15T08:46:57.758+0000] {processor.py:840} INFO - DAG(s) 'product_price_pipeline' retrieved from /opt/airflow/dags/product_pipeline_dag.py
[2026-02-15T08:46:57.846+0000] {logging_mixin.py:188} INFO - [2026-02-15T08:46:57.845+0000] {dag.py:3089} INFO - Sync 1 DAGs
[2026-02-15T08:46:57.891+0000] {logging_mixin.py:188} INFO - [2026-02-15T08:46:57.890+0000] {dag.py:3947} INFO - Setting next_dagrun for product_price_pipeline to 2026-02-15 00:00:00+00:00, run_after=2026-02-16 00:00:00+00:00
[2026-02-15T08:46:57.945+0000] {processor.py:183} INFO - Processing /opt/airflow/dags/product_pipeline_dag.py took 0.302 seconds
[2026-02-15T08:47:28.410+0000] {processor.py:161} INFO - Started process (PID=27582) to work on /opt/airflow/dags/product_pipeline_dag.py
[2026-02-15T08:47:28.436+0000] {processor.py:830} INFO - Processing file /opt/airflow/dags/product_pipeline_dag.py for tasks to queue
[2026-02-15T08:47:28.456+0000] {logging_mixin.py:188} INFO - [2026-02-15T08:47:28.455+0000] {dagbag.py:545} INFO - Filling up the DagBag from /opt/airflow/dags/product_pipeline_dag.py
[2026-02-15T08:47:28.523+0000] {processor.py:840} INFO - DAG(s) 'product_price_pipeline' retrieved from /opt/airflow/dags/product_pipeline_dag.py
[2026-02-15T08:47:28.657+0000] {logging_mixin.py:188} INFO - [2026-02-15T08:47:28.657+0000] {dag.py:3089} INFO - Sync 1 DAGs
[2026-02-15T08:47:28.705+0000] {logging_mixin.py:188} INFO - [2026-02-15T08:47:28.705+0000] {dag.py:3947} INFO - Setting next_dagrun for product_price_pipeline to 2026-02-15 00:00:00+00:00, run_after=2026-02-16 00:00:00+00:00
[2026-02-15T08:47:28.766+0000] {processor.py:183} INFO - Processing /opt/airflow/dags/product_pipeline_dag.py took 0.397 seconds
[2026-02-15T08:47:59.829+0000] {processor.py:161} INFO - Started process (PID=27611) to work on /opt/airflow/dags/product_pipeline_dag.py
[2026-02-15T08:47:59.840+0000] {processor.py:830} INFO - Processing file /opt/airflow/dags/product_pipeline_dag.py for tasks to queue
[2026-02-15T08:47:59.857+0000] {logging_mixin.py:188} INFO - [2026-02-15T08:47:59.847+0000] {dagbag.py:545} INFO - Filling up the DagBag from /opt/airflow/dags/product_pipeline_dag.py
[2026-02-15T08:47:59.992+0000] {processor.py:840} INFO - DAG(s) 'product_price_pipeline' retrieved from /opt/airflow/dags/product_pipeline_dag.py
[2026-02-15T08:48:00.158+0000] {logging_mixin.py:188} INFO - [2026-02-15T08:48:00.157+0000] {dag.py:3089} INFO - Sync 1 DAGs
[2026-02-15T08:48:00.310+0000] {logging_mixin.py:188} INFO - [2026-02-15T08:48:00.308+0000] {dag.py:3947} INFO - Setting next_dagrun for product_price_pipeline to 2026-02-15 00:00:00+00:00, run_after=2026-02-16 00:00:00+00:00
[2026-02-15T08:48:01.419+0000] {processor.py:183} INFO - Processing /opt/airflow/dags/product_pipeline_dag.py took 1.610 seconds
[2026-02-15T08:48:32.075+0000] {processor.py:161} INFO - Started process (PID=27641) to work on /opt/airflow/dags/product_pipeline_dag.py
[2026-02-15T08:48:32.083+0000] {processor.py:830} INFO - Processing file /opt/airflow/dags/product_pipeline_dag.py for tasks to queue
[2026-02-15T08:48:32.100+0000] {logging_mixin.py:188} INFO - [2026-02-15T08:48:32.094+0000] {dagbag.py:545} INFO - Filling up the DagBag from /opt/airflow/dags/product_pipeline_dag.py
[2026-02-15T08:48:32.218+0000] {processor.py:840} INFO - DAG(s) 'product_price_pipeline' retrieved from /opt/airflow/dags/product_pipeline_dag.py
[2026-02-15T08:48:32.370+0000] {logging_mixin.py:188} INFO - [2026-02-15T08:48:32.369+0000] {dag.py:3089} INFO - Sync 1 DAGs
[2026-02-15T08:48:32.875+0000] {logging_mixin.py:188} INFO - [2026-02-15T08:48:32.874+0000] {dag.py:3947} INFO - Setting next_dagrun for product_price_pipeline to 2026-02-15 00:00:00+00:00, run_after=2026-02-16 00:00:00+00:00
[2026-02-15T08:48:32.921+0000] {processor.py:183} INFO - Processing /opt/airflow/dags/product_pipeline_dag.py took 0.868 seconds
[2026-02-15T08:49:03.560+0000] {processor.py:161} INFO - Started process (PID=27670) to work on /opt/airflow/dags/product_pipeline_dag.py
[2026-02-15T08:49:03.574+0000] {processor.py:830} INFO - Processing file /opt/airflow/dags/product_pipeline_dag.py for tasks to queue
[2026-02-15T08:49:03.581+0000] {logging_mixin.py:188} INFO - [2026-02-15T08:49:03.579+0000] {dagbag.py:545} INFO - Filling up the DagBag from /opt/airflow/dags/product_pipeline_dag.py
[2026-02-15T08:49:03.667+0000] {processor.py:840} INFO - DAG(s) 'product_price_pipeline' retrieved from /opt/airflow/dags/product_pipeline_dag.py
[2026-02-15T08:49:03.969+0000] {logging_mixin.py:188} INFO - [2026-02-15T08:49:03.969+0000] {dag.py:3089} INFO - Sync 1 DAGs
[2026-02-15T08:49:04.013+0000] {logging_mixin.py:188} INFO - [2026-02-15T08:49:04.012+0000] {dag.py:3947} INFO - Setting next_dagrun for product_price_pipeline to 2026-02-15 00:00:00+00:00, run_after=2026-02-16 00:00:00+00:00
[2026-02-15T08:49:04.065+0000] {processor.py:183} INFO - Processing /opt/airflow/dags/product_pipeline_dag.py took 0.517 seconds
[2026-02-15T08:49:34.635+0000] {processor.py:161} INFO - Started process (PID=27699) to work on /opt/airflow/dags/product_pipeline_dag.py
[2026-02-15T08:49:34.638+0000] {processor.py:830} INFO - Processing file /opt/airflow/dags/product_pipeline_dag.py for tasks to queue
[2026-02-15T08:49:34.643+0000] {logging_mixin.py:188} INFO - [2026-02-15T08:49:34.642+0000] {dagbag.py:545} INFO - Filling up the DagBag from /opt/airflow/dags/product_pipeline_dag.py
[2026-02-15T08:49:34.720+0000] {processor.py:840} INFO - DAG(s) 'product_price_pipeline' retrieved from /opt/airflow/dags/product_pipeline_dag.py
[2026-02-15T08:49:34.790+0000] {logging_mixin.py:188} INFO - [2026-02-15T08:49:34.789+0000] {dag.py:3089} INFO - Sync 1 DAGs
[2026-02-15T08:49:34.822+0000] {logging_mixin.py:188} INFO - [2026-02-15T08:49:34.822+0000] {dag.py:3947} INFO - Setting next_dagrun for product_price_pipeline to 2026-02-15 00:00:00+00:00, run_after=2026-02-16 00:00:00+00:00
[2026-02-15T08:49:34.856+0000] {processor.py:183} INFO - Processing /opt/airflow/dags/product_pipeline_dag.py took 0.240 seconds
[2026-02-15T08:50:05.287+0000] {processor.py:161} INFO - Started process (PID=27728) to work on /opt/airflow/dags/product_pipeline_dag.py
[2026-02-15T08:50:05.292+0000] {processor.py:830} INFO - Processing file /opt/airflow/dags/product_pipeline_dag.py for tasks to queue
[2026-02-15T08:50:05.299+0000] {logging_mixin.py:188} INFO - [2026-02-15T08:50:05.298+0000] {dagbag.py:545} INFO - Filling up the DagBag from /opt/airflow/dags/product_pipeline_dag.py
[2026-02-15T08:50:05.371+0000] {processor.py:840} INFO - DAG(s) 'product_price_pipeline' retrieved from /opt/airflow/dags/product_pipeline_dag.py
[2026-02-15T08:50:05.458+0000] {logging_mixin.py:188} INFO - [2026-02-15T08:50:05.458+0000] {dag.py:3089} INFO - Sync 1 DAGs
[2026-02-15T08:50:05.514+0000] {logging_mixin.py:188} INFO - [2026-02-15T08:50:05.514+0000] {dag.py:3947} INFO - Setting next_dagrun for product_price_pipeline to 2026-02-15 00:00:00+00:00, run_after=2026-02-16 00:00:00+00:00
[2026-02-15T08:50:05.558+0000] {processor.py:183} INFO - Processing /opt/airflow/dags/product_pipeline_dag.py took 0.283 seconds
[2026-02-15T08:50:36.051+0000] {processor.py:161} INFO - Started process (PID=27757) to work on /opt/airflow/dags/product_pipeline_dag.py
[2026-02-15T08:50:36.053+0000] {processor.py:830} INFO - Processing file /opt/airflow/dags/product_pipeline_dag.py for tasks to queue
[2026-02-15T08:50:36.058+0000] {logging_mixin.py:188} INFO - [2026-02-15T08:50:36.057+0000] {dagbag.py:545} INFO - Filling up the DagBag from /opt/airflow/dags/product_pipeline_dag.py
[2026-02-15T08:50:36.138+0000] {processor.py:840} INFO - DAG(s) 'product_price_pipeline' retrieved from /opt/airflow/dags/product_pipeline_dag.py
[2026-02-15T08:50:36.264+0000] {logging_mixin.py:188} INFO - [2026-02-15T08:50:36.263+0000] {dag.py:3089} INFO - Sync 1 DAGs
[2026-02-15T08:50:36.318+0000] {logging_mixin.py:188} INFO - [2026-02-15T08:50:36.318+0000] {dag.py:3947} INFO - Setting next_dagrun for product_price_pipeline to 2026-02-15 00:00:00+00:00, run_after=2026-02-16 00:00:00+00:00
[2026-02-15T08:50:36.593+0000] {processor.py:183} INFO - Processing /opt/airflow/dags/product_pipeline_dag.py took 0.553 seconds
[2026-02-15T08:51:07.300+0000] {processor.py:161} INFO - Started process (PID=27786) to work on /opt/airflow/dags/product_pipeline_dag.py
[2026-02-15T08:51:07.306+0000] {processor.py:830} INFO - Processing file /opt/airflow/dags/product_pipeline_dag.py for tasks to queue
[2026-02-15T08:51:07.311+0000] {logging_mixin.py:188} INFO - [2026-02-15T08:51:07.310+0000] {dagbag.py:545} INFO - Filling up the DagBag from /opt/airflow/dags/product_pipeline_dag.py
[2026-02-15T08:51:07.414+0000] {processor.py:840} INFO - DAG(s) 'product_price_pipeline' retrieved from /opt/airflow/dags/product_pipeline_dag.py
[2026-02-15T08:51:07.500+0000] {logging_mixin.py:188} INFO - [2026-02-15T08:51:07.500+0000] {dag.py:3089} INFO - Sync 1 DAGs
[2026-02-15T08:51:07.914+0000] {logging_mixin.py:188} INFO - [2026-02-15T08:51:07.913+0000] {dag.py:3947} INFO - Setting next_dagrun for product_price_pipeline to 2026-02-15 00:00:00+00:00, run_after=2026-02-16 00:00:00+00:00
[2026-02-15T08:51:07.979+0000] {processor.py:183} INFO - Processing /opt/airflow/dags/product_pipeline_dag.py took 0.696 seconds
[2026-02-15T08:51:38.866+0000] {processor.py:161} INFO - Started process (PID=27815) to work on /opt/airflow/dags/product_pipeline_dag.py
[2026-02-15T08:51:38.869+0000] {processor.py:830} INFO - Processing file /opt/airflow/dags/product_pipeline_dag.py for tasks to queue
[2026-02-15T08:51:38.875+0000] {logging_mixin.py:188} INFO - [2026-02-15T08:51:38.874+0000] {dagbag.py:545} INFO - Filling up the DagBag from /opt/airflow/dags/product_pipeline_dag.py
[2026-02-15T08:51:38.930+0000] {processor.py:840} INFO - DAG(s) 'product_price_pipeline' retrieved from /opt/airflow/dags/product_pipeline_dag.py
[2026-02-15T08:51:39.008+0000] {logging_mixin.py:188} INFO - [2026-02-15T08:51:39.007+0000] {dag.py:3089} INFO - Sync 1 DAGs
[2026-02-15T08:51:39.304+0000] {logging_mixin.py:188} INFO - [2026-02-15T08:51:39.303+0000] {dag.py:3947} INFO - Setting next_dagrun for product_price_pipeline to 2026-02-15 00:00:00+00:00, run_after=2026-02-16 00:00:00+00:00
[2026-02-15T08:51:39.347+0000] {processor.py:183} INFO - Processing /opt/airflow/dags/product_pipeline_dag.py took 0.494 seconds
[2026-02-15T08:52:09.826+0000] {processor.py:161} INFO - Started process (PID=27844) to work on /opt/airflow/dags/product_pipeline_dag.py
[2026-02-15T08:52:09.847+0000] {processor.py:830} INFO - Processing file /opt/airflow/dags/product_pipeline_dag.py for tasks to queue
[2026-02-15T08:52:09.852+0000] {logging_mixin.py:188} INFO - [2026-02-15T08:52:09.851+0000] {dagbag.py:545} INFO - Filling up the DagBag from /opt/airflow/dags/product_pipeline_dag.py
[2026-02-15T08:52:09.900+0000] {processor.py:840} INFO - DAG(s) 'product_price_pipeline' retrieved from /opt/airflow/dags/product_pipeline_dag.py
[2026-02-15T08:52:10.185+0000] {logging_mixin.py:188} INFO - [2026-02-15T08:52:10.184+0000] {dag.py:3089} INFO - Sync 1 DAGs
[2026-02-15T08:52:10.225+0000] {logging_mixin.py:188} INFO - [2026-02-15T08:52:10.224+0000] {dag.py:3947} INFO - Setting next_dagrun for product_price_pipeline to 2026-02-15 00:00:00+00:00, run_after=2026-02-16 00:00:00+00:00
[2026-02-15T08:52:10.280+0000] {processor.py:183} INFO - Processing /opt/airflow/dags/product_pipeline_dag.py took 0.465 seconds
[2026-02-15T08:52:40.491+0000] {processor.py:161} INFO - Started process (PID=27873) to work on /opt/airflow/dags/product_pipeline_dag.py
[2026-02-15T08:52:40.495+0000] {processor.py:830} INFO - Processing file /opt/airflow/dags/product_pipeline_dag.py for tasks to queue
[2026-02-15T08:52:40.500+0000] {logging_mixin.py:188} INFO - [2026-02-15T08:52:40.499+0000] {dagbag.py:545} INFO - Filling up the DagBag from /opt/airflow/dags/product_pipeline_dag.py
[2026-02-15T08:52:40.780+0000] {processor.py:840} INFO - DAG(s) 'product_price_pipeline' retrieved from /opt/airflow/dags/product_pipeline_dag.py
[2026-02-15T08:52:40.840+0000] {logging_mixin.py:188} INFO - [2026-02-15T08:52:40.839+0000] {dag.py:3089} INFO - Sync 1 DAGs
[2026-02-15T08:52:40.876+0000] {logging_mixin.py:188} INFO - [2026-02-15T08:52:40.876+0000] {dag.py:3947} INFO - Setting next_dagrun for product_price_pipeline to 2026-02-15 00:00:00+00:00, run_after=2026-02-16 00:00:00+00:00
[2026-02-15T08:52:40.939+0000] {processor.py:183} INFO - Processing /opt/airflow/dags/product_pipeline_dag.py took 0.467 seconds
[2026-02-15T08:53:11.750+0000] {processor.py:161} INFO - Started process (PID=27902) to work on /opt/airflow/dags/product_pipeline_dag.py
[2026-02-15T08:53:11.753+0000] {processor.py:830} INFO - Processing file /opt/airflow/dags/product_pipeline_dag.py for tasks to queue
[2026-02-15T08:53:11.757+0000] {logging_mixin.py:188} INFO - [2026-02-15T08:53:11.756+0000] {dagbag.py:545} INFO - Filling up the DagBag from /opt/airflow/dags/product_pipeline_dag.py
[2026-02-15T08:53:11.810+0000] {processor.py:840} INFO - DAG(s) 'product_price_pipeline' retrieved from /opt/airflow/dags/product_pipeline_dag.py
[2026-02-15T08:53:11.904+0000] {logging_mixin.py:188} INFO - [2026-02-15T08:53:11.903+0000] {dag.py:3089} INFO - Sync 1 DAGs
[2026-02-15T08:53:11.980+0000] {logging_mixin.py:188} INFO - [2026-02-15T08:53:11.978+0000] {dag.py:3947} INFO - Setting next_dagrun for product_price_pipeline to 2026-02-15 00:00:00+00:00, run_after=2026-02-16 00:00:00+00:00
[2026-02-15T08:53:12.038+0000] {processor.py:183} INFO - Processing /opt/airflow/dags/product_pipeline_dag.py took 0.299 seconds
[2026-02-15T08:53:42.342+0000] {processor.py:161} INFO - Started process (PID=27931) to work on /opt/airflow/dags/product_pipeline_dag.py
[2026-02-15T08:53:42.345+0000] {processor.py:830} INFO - Processing file /opt/airflow/dags/product_pipeline_dag.py for tasks to queue
[2026-02-15T08:53:42.350+0000] {logging_mixin.py:188} INFO - [2026-02-15T08:53:42.349+0000] {dagbag.py:545} INFO - Filling up the DagBag from /opt/airflow/dags/product_pipeline_dag.py
[2026-02-15T08:53:42.413+0000] {processor.py:840} INFO - DAG(s) 'product_price_pipeline' retrieved from /opt/airflow/dags/product_pipeline_dag.py
[2026-02-15T08:53:42.486+0000] {logging_mixin.py:188} INFO - [2026-02-15T08:53:42.485+0000] {dag.py:3089} INFO - Sync 1 DAGs
[2026-02-15T08:53:42.528+0000] {logging_mixin.py:188} INFO - [2026-02-15T08:53:42.528+0000] {dag.py:3947} INFO - Setting next_dagrun for product_price_pipeline to 2026-02-15 00:00:00+00:00, run_after=2026-02-16 00:00:00+00:00
[2026-02-15T08:53:42.569+0000] {processor.py:183} INFO - Processing /opt/airflow/dags/product_pipeline_dag.py took 0.243 seconds
[2026-02-15T08:54:13.243+0000] {processor.py:161} INFO - Started process (PID=27960) to work on /opt/airflow/dags/product_pipeline_dag.py
[2026-02-15T08:54:13.246+0000] {processor.py:830} INFO - Processing file /opt/airflow/dags/product_pipeline_dag.py for tasks to queue
[2026-02-15T08:54:13.252+0000] {logging_mixin.py:188} INFO - [2026-02-15T08:54:13.251+0000] {dagbag.py:545} INFO - Filling up the DagBag from /opt/airflow/dags/product_pipeline_dag.py
[2026-02-15T08:54:13.314+0000] {processor.py:840} INFO - DAG(s) 'product_price_pipeline' retrieved from /opt/airflow/dags/product_pipeline_dag.py
[2026-02-15T08:54:13.374+0000] {logging_mixin.py:188} INFO - [2026-02-15T08:54:13.373+0000] {dag.py:3089} INFO - Sync 1 DAGs
[2026-02-15T08:54:13.407+0000] {logging_mixin.py:188} INFO - [2026-02-15T08:54:13.407+0000] {dag.py:3947} INFO - Setting next_dagrun for product_price_pipeline to 2026-02-15 00:00:00+00:00, run_after=2026-02-16 00:00:00+00:00
[2026-02-15T08:54:13.458+0000] {processor.py:183} INFO - Processing /opt/airflow/dags/product_pipeline_dag.py took 0.225 seconds
[2026-02-15T08:54:43.904+0000] {processor.py:161} INFO - Started process (PID=27989) to work on /opt/airflow/dags/product_pipeline_dag.py
[2026-02-15T08:54:43.906+0000] {processor.py:830} INFO - Processing file /opt/airflow/dags/product_pipeline_dag.py for tasks to queue
[2026-02-15T08:54:43.912+0000] {logging_mixin.py:188} INFO - [2026-02-15T08:54:43.912+0000] {dagbag.py:545} INFO - Filling up the DagBag from /opt/airflow/dags/product_pipeline_dag.py
[2026-02-15T08:54:43.963+0000] {processor.py:840} INFO - DAG(s) 'product_price_pipeline' retrieved from /opt/airflow/dags/product_pipeline_dag.py
[2026-02-15T08:54:44.012+0000] {logging_mixin.py:188} INFO - [2026-02-15T08:54:44.012+0000] {dag.py:3089} INFO - Sync 1 DAGs
[2026-02-15T08:54:44.047+0000] {logging_mixin.py:188} INFO - [2026-02-15T08:54:44.046+0000] {dag.py:3947} INFO - Setting next_dagrun for product_price_pipeline to 2026-02-15 00:00:00+00:00, run_after=2026-02-16 00:00:00+00:00
[2026-02-15T08:54:44.083+0000] {processor.py:183} INFO - Processing /opt/airflow/dags/product_pipeline_dag.py took 0.193 seconds
[2026-02-15T08:55:14.228+0000] {processor.py:161} INFO - Started process (PID=28018) to work on /opt/airflow/dags/product_pipeline_dag.py
[2026-02-15T08:55:14.231+0000] {processor.py:830} INFO - Processing file /opt/airflow/dags/product_pipeline_dag.py for tasks to queue
[2026-02-15T08:55:14.236+0000] {logging_mixin.py:188} INFO - [2026-02-15T08:55:14.236+0000] {dagbag.py:545} INFO - Filling up the DagBag from /opt/airflow/dags/product_pipeline_dag.py
[2026-02-15T08:55:14.279+0000] {processor.py:840} INFO - DAG(s) 'product_price_pipeline' retrieved from /opt/airflow/dags/product_pipeline_dag.py
[2026-02-15T08:55:14.330+0000] {logging_mixin.py:188} INFO - [2026-02-15T08:55:14.329+0000] {dag.py:3089} INFO - Sync 1 DAGs
[2026-02-15T08:55:14.364+0000] {logging_mixin.py:188} INFO - [2026-02-15T08:55:14.363+0000] {dag.py:3947} INFO - Setting next_dagrun for product_price_pipeline to 2026-02-15 00:00:00+00:00, run_after=2026-02-16 00:00:00+00:00
[2026-02-15T08:55:14.396+0000] {processor.py:183} INFO - Processing /opt/airflow/dags/product_pipeline_dag.py took 0.178 seconds
[2026-02-15T08:55:44.698+0000] {processor.py:161} INFO - Started process (PID=28044) to work on /opt/airflow/dags/product_pipeline_dag.py
[2026-02-15T08:55:44.700+0000] {processor.py:830} INFO - Processing file /opt/airflow/dags/product_pipeline_dag.py for tasks to queue
[2026-02-15T08:55:44.703+0000] {logging_mixin.py:188} INFO - [2026-02-15T08:55:44.703+0000] {dagbag.py:545} INFO - Filling up the DagBag from /opt/airflow/dags/product_pipeline_dag.py
[2026-02-15T08:55:44.762+0000] {processor.py:840} INFO - DAG(s) 'product_price_pipeline' retrieved from /opt/airflow/dags/product_pipeline_dag.py
[2026-02-15T08:55:44.826+0000] {logging_mixin.py:188} INFO - [2026-02-15T08:55:44.825+0000] {dag.py:3089} INFO - Sync 1 DAGs
[2026-02-15T08:55:44.867+0000] {logging_mixin.py:188} INFO - [2026-02-15T08:55:44.867+0000] {dag.py:3947} INFO - Setting next_dagrun for product_price_pipeline to 2026-02-15 00:00:00+00:00, run_after=2026-02-16 00:00:00+00:00
[2026-02-15T08:55:44.908+0000] {processor.py:183} INFO - Processing /opt/airflow/dags/product_pipeline_dag.py took 0.221 seconds
[2026-02-15T08:56:15.656+0000] {processor.py:161} INFO - Started process (PID=28070) to work on /opt/airflow/dags/product_pipeline_dag.py
[2026-02-15T08:56:15.659+0000] {processor.py:830} INFO - Processing file /opt/airflow/dags/product_pipeline_dag.py for tasks to queue
[2026-02-15T08:56:15.664+0000] {logging_mixin.py:188} INFO - [2026-02-15T08:56:15.664+0000] {dagbag.py:545} INFO - Filling up the DagBag from /opt/airflow/dags/product_pipeline_dag.py
[2026-02-15T08:56:15.712+0000] {processor.py:840} INFO - DAG(s) 'product_price_pipeline' retrieved from /opt/airflow/dags/product_pipeline_dag.py
[2026-02-15T08:56:15.770+0000] {logging_mixin.py:188} INFO - [2026-02-15T08:56:15.770+0000] {dag.py:3089} INFO - Sync 1 DAGs
[2026-02-15T08:56:15.805+0000] {logging_mixin.py:188} INFO - [2026-02-15T08:56:15.805+0000] {dag.py:3947} INFO - Setting next_dagrun for product_price_pipeline to 2026-02-15 00:00:00+00:00, run_after=2026-02-16 00:00:00+00:00
[2026-02-15T08:56:15.973+0000] {processor.py:183} INFO - Processing /opt/airflow/dags/product_pipeline_dag.py took 0.328 seconds
[2026-02-15T08:56:46.945+0000] {processor.py:161} INFO - Started process (PID=28099) to work on /opt/airflow/dags/product_pipeline_dag.py
[2026-02-15T08:56:46.947+0000] {processor.py:830} INFO - Processing file /opt/airflow/dags/product_pipeline_dag.py for tasks to queue
[2026-02-15T08:56:46.950+0000] {logging_mixin.py:188} INFO - [2026-02-15T08:56:46.950+0000] {dagbag.py:545} INFO - Filling up the DagBag from /opt/airflow/dags/product_pipeline_dag.py
[2026-02-15T08:56:46.992+0000] {processor.py:840} INFO - DAG(s) 'product_price_pipeline' retrieved from /opt/airflow/dags/product_pipeline_dag.py
[2026-02-15T08:56:47.042+0000] {logging_mixin.py:188} INFO - [2026-02-15T08:56:47.041+0000] {dag.py:3089} INFO - Sync 1 DAGs
[2026-02-15T08:56:47.073+0000] {logging_mixin.py:188} INFO - [2026-02-15T08:56:47.073+0000] {dag.py:3947} INFO - Setting next_dagrun for product_price_pipeline to 2026-02-15 00:00:00+00:00, run_after=2026-02-16 00:00:00+00:00
[2026-02-15T08:56:47.101+0000] {processor.py:183} INFO - Processing /opt/airflow/dags/product_pipeline_dag.py took 0.166 seconds
[2026-02-15T08:57:17.687+0000] {processor.py:161} INFO - Started process (PID=28128) to work on /opt/airflow/dags/product_pipeline_dag.py
[2026-02-15T08:57:17.689+0000] {processor.py:830} INFO - Processing file /opt/airflow/dags/product_pipeline_dag.py for tasks to queue
[2026-02-15T08:57:17.693+0000] {logging_mixin.py:188} INFO - [2026-02-15T08:57:17.693+0000] {dagbag.py:545} INFO - Filling up the DagBag from /opt/airflow/dags/product_pipeline_dag.py
[2026-02-15T08:57:17.730+0000] {processor.py:840} INFO - DAG(s) 'product_price_pipeline' retrieved from /opt/airflow/dags/product_pipeline_dag.py
[2026-02-15T08:57:17.776+0000] {logging_mixin.py:188} INFO - [2026-02-15T08:57:17.775+0000] {dag.py:3089} INFO - Sync 1 DAGs
[2026-02-15T08:57:17.813+0000] {logging_mixin.py:188} INFO - [2026-02-15T08:57:17.813+0000] {dag.py:3947} INFO - Setting next_dagrun for product_price_pipeline to 2026-02-15 00:00:00+00:00, run_after=2026-02-16 00:00:00+00:00
[2026-02-15T08:57:17.846+0000] {processor.py:183} INFO - Processing /opt/airflow/dags/product_pipeline_dag.py took 0.168 seconds
[2026-02-15T09:01:31.074+0000] {processor.py:161} INFO - Started process (PID=28161) to work on /opt/airflow/dags/product_pipeline_dag.py
[2026-02-15T09:01:31.082+0000] {processor.py:830} INFO - Processing file /opt/airflow/dags/product_pipeline_dag.py for tasks to queue
[2026-02-15T09:01:31.094+0000] {logging_mixin.py:188} INFO - [2026-02-15T09:01:31.092+0000] {dagbag.py:545} INFO - Filling up the DagBag from /opt/airflow/dags/product_pipeline_dag.py
[2026-02-15T09:01:31.275+0000] {processor.py:840} INFO - DAG(s) 'product_price_pipeline' retrieved from /opt/airflow/dags/product_pipeline_dag.py
[2026-02-15T09:01:31.433+0000] {logging_mixin.py:188} INFO - [2026-02-15T09:01:31.432+0000] {dag.py:3089} INFO - Sync 1 DAGs
[2026-02-15T09:01:31.653+0000] {logging_mixin.py:188} INFO - [2026-02-15T09:01:31.652+0000] {dag.py:3947} INFO - Setting next_dagrun for product_price_pipeline to 2026-02-15 00:00:00+00:00, run_after=2026-02-16 00:00:00+00:00
[2026-02-15T09:01:31.801+0000] {processor.py:183} INFO - Processing /opt/airflow/dags/product_pipeline_dag.py took 0.752 seconds
[2026-02-15T09:02:05.116+0000] {processor.py:161} INFO - Started process (PID=28190) to work on /opt/airflow/dags/product_pipeline_dag.py
[2026-02-15T09:02:05.118+0000] {processor.py:830} INFO - Processing file /opt/airflow/dags/product_pipeline_dag.py for tasks to queue
[2026-02-15T09:02:05.123+0000] {logging_mixin.py:188} INFO - [2026-02-15T09:02:05.122+0000] {dagbag.py:545} INFO - Filling up the DagBag from /opt/airflow/dags/product_pipeline_dag.py
[2026-02-15T09:02:05.204+0000] {processor.py:840} INFO - DAG(s) 'product_price_pipeline' retrieved from /opt/airflow/dags/product_pipeline_dag.py
[2026-02-15T09:02:05.304+0000] {logging_mixin.py:188} INFO - [2026-02-15T09:02:05.304+0000] {dag.py:3089} INFO - Sync 1 DAGs
[2026-02-15T09:02:05.462+0000] {logging_mixin.py:188} INFO - [2026-02-15T09:02:05.459+0000] {dag.py:3947} INFO - Setting next_dagrun for product_price_pipeline to 2026-02-15 00:00:00+00:00, run_after=2026-02-16 00:00:00+00:00
[2026-02-15T09:02:05.565+0000] {processor.py:183} INFO - Processing /opt/airflow/dags/product_pipeline_dag.py took 0.468 seconds
[2026-02-15T09:02:36.035+0000] {processor.py:161} INFO - Started process (PID=28218) to work on /opt/airflow/dags/product_pipeline_dag.py
[2026-02-15T09:02:36.038+0000] {processor.py:830} INFO - Processing file /opt/airflow/dags/product_pipeline_dag.py for tasks to queue
[2026-02-15T09:02:36.043+0000] {logging_mixin.py:188} INFO - [2026-02-15T09:02:36.043+0000] {dagbag.py:545} INFO - Filling up the DagBag from /opt/airflow/dags/product_pipeline_dag.py
[2026-02-15T09:02:36.116+0000] {processor.py:840} INFO - DAG(s) 'product_price_pipeline' retrieved from /opt/airflow/dags/product_pipeline_dag.py
[2026-02-15T09:02:36.175+0000] {logging_mixin.py:188} INFO - [2026-02-15T09:02:36.175+0000] {dag.py:3089} INFO - Sync 1 DAGs
[2026-02-15T09:02:36.225+0000] {logging_mixin.py:188} INFO - [2026-02-15T09:02:36.225+0000] {dag.py:3947} INFO - Setting next_dagrun for product_price_pipeline to 2026-02-15 00:00:00+00:00, run_after=2026-02-16 00:00:00+00:00
[2026-02-15T09:02:36.286+0000] {processor.py:183} INFO - Processing /opt/airflow/dags/product_pipeline_dag.py took 0.260 seconds
[2026-02-15T09:03:07.276+0000] {processor.py:161} INFO - Started process (PID=28244) to work on /opt/airflow/dags/product_pipeline_dag.py
[2026-02-15T09:03:07.279+0000] {processor.py:830} INFO - Processing file /opt/airflow/dags/product_pipeline_dag.py for tasks to queue
[2026-02-15T09:03:07.283+0000] {logging_mixin.py:188} INFO - [2026-02-15T09:03:07.282+0000] {dagbag.py:545} INFO - Filling up the DagBag from /opt/airflow/dags/product_pipeline_dag.py
[2026-02-15T09:03:07.362+0000] {processor.py:840} INFO - DAG(s) 'product_price_pipeline' retrieved from /opt/airflow/dags/product_pipeline_dag.py
[2026-02-15T09:03:07.411+0000] {logging_mixin.py:188} INFO - [2026-02-15T09:03:07.410+0000] {dag.py:3089} INFO - Sync 1 DAGs
[2026-02-15T09:03:07.447+0000] {logging_mixin.py:188} INFO - [2026-02-15T09:03:07.446+0000] {dag.py:3947} INFO - Setting next_dagrun for product_price_pipeline to 2026-02-15 00:00:00+00:00, run_after=2026-02-16 00:00:00+00:00
[2026-02-15T09:03:07.493+0000] {processor.py:183} INFO - Processing /opt/airflow/dags/product_pipeline_dag.py took 0.227 seconds
[2026-02-15T09:03:38.669+0000] {processor.py:161} INFO - Started process (PID=28271) to work on /opt/airflow/dags/product_pipeline_dag.py
[2026-02-15T09:03:38.672+0000] {processor.py:830} INFO - Processing file /opt/airflow/dags/product_pipeline_dag.py for tasks to queue
[2026-02-15T09:03:38.677+0000] {logging_mixin.py:188} INFO - [2026-02-15T09:03:38.677+0000] {dagbag.py:545} INFO - Filling up the DagBag from /opt/airflow/dags/product_pipeline_dag.py
[2026-02-15T09:03:38.741+0000] {processor.py:840} INFO - DAG(s) 'product_price_pipeline' retrieved from /opt/airflow/dags/product_pipeline_dag.py
[2026-02-15T09:03:38.831+0000] {logging_mixin.py:188} INFO - [2026-02-15T09:03:38.830+0000] {dag.py:3089} INFO - Sync 1 DAGs
[2026-02-15T09:03:38.923+0000] {logging_mixin.py:188} INFO - [2026-02-15T09:03:38.922+0000] {dag.py:3947} INFO - Setting next_dagrun for product_price_pipeline to 2026-02-15 00:00:00+00:00, run_after=2026-02-16 00:00:00+00:00
[2026-02-15T09:03:38.986+0000] {processor.py:183} INFO - Processing /opt/airflow/dags/product_pipeline_dag.py took 0.335 seconds
[2026-02-15T09:04:10.189+0000] {processor.py:161} INFO - Started process (PID=28300) to work on /opt/airflow/dags/product_pipeline_dag.py
[2026-02-15T09:04:10.192+0000] {processor.py:830} INFO - Processing file /opt/airflow/dags/product_pipeline_dag.py for tasks to queue
[2026-02-15T09:04:10.195+0000] {logging_mixin.py:188} INFO - [2026-02-15T09:04:10.195+0000] {dagbag.py:545} INFO - Filling up the DagBag from /opt/airflow/dags/product_pipeline_dag.py
[2026-02-15T09:04:10.247+0000] {processor.py:840} INFO - DAG(s) 'product_price_pipeline' retrieved from /opt/airflow/dags/product_pipeline_dag.py
[2026-02-15T09:04:10.297+0000] {logging_mixin.py:188} INFO - [2026-02-15T09:04:10.297+0000] {dag.py:3089} INFO - Sync 1 DAGs
[2026-02-15T09:04:10.328+0000] {logging_mixin.py:188} INFO - [2026-02-15T09:04:10.328+0000] {dag.py:3947} INFO - Setting next_dagrun for product_price_pipeline to 2026-02-15 00:00:00+00:00, run_after=2026-02-16 00:00:00+00:00
[2026-02-15T09:04:10.372+0000] {processor.py:183} INFO - Processing /opt/airflow/dags/product_pipeline_dag.py took 0.191 seconds
[2026-02-15T09:04:42.026+0000] {processor.py:161} INFO - Started process (PID=28329) to work on /opt/airflow/dags/product_pipeline_dag.py
[2026-02-15T09:04:42.029+0000] {processor.py:830} INFO - Processing file /opt/airflow/dags/product_pipeline_dag.py for tasks to queue
[2026-02-15T09:04:42.034+0000] {logging_mixin.py:188} INFO - [2026-02-15T09:04:42.033+0000] {dagbag.py:545} INFO - Filling up the DagBag from /opt/airflow/dags/product_pipeline_dag.py
[2026-02-15T09:04:42.080+0000] {processor.py:840} INFO - DAG(s) 'product_price_pipeline' retrieved from /opt/airflow/dags/product_pipeline_dag.py
[2026-02-15T09:04:42.148+0000] {logging_mixin.py:188} INFO - [2026-02-15T09:04:42.147+0000] {dag.py:3089} INFO - Sync 1 DAGs
[2026-02-15T09:04:42.189+0000] {logging_mixin.py:188} INFO - [2026-02-15T09:04:42.189+0000] {dag.py:3947} INFO - Setting next_dagrun for product_price_pipeline to 2026-02-15 00:00:00+00:00, run_after=2026-02-16 00:00:00+00:00
[2026-02-15T09:04:42.220+0000] {processor.py:183} INFO - Processing /opt/airflow/dags/product_pipeline_dag.py took 0.207 seconds
[2026-02-15T09:05:13.243+0000] {processor.py:161} INFO - Started process (PID=28358) to work on /opt/airflow/dags/product_pipeline_dag.py
[2026-02-15T09:05:13.245+0000] {processor.py:830} INFO - Processing file /opt/airflow/dags/product_pipeline_dag.py for tasks to queue
[2026-02-15T09:05:13.248+0000] {logging_mixin.py:188} INFO - [2026-02-15T09:05:13.248+0000] {dagbag.py:545} INFO - Filling up the DagBag from /opt/airflow/dags/product_pipeline_dag.py
[2026-02-15T09:05:13.295+0000] {processor.py:840} INFO - DAG(s) 'product_price_pipeline' retrieved from /opt/airflow/dags/product_pipeline_dag.py
[2026-02-15T09:05:13.349+0000] {logging_mixin.py:188} INFO - [2026-02-15T09:05:13.348+0000] {dag.py:3089} INFO - Sync 1 DAGs
[2026-02-15T09:05:13.385+0000] {logging_mixin.py:188} INFO - [2026-02-15T09:05:13.384+0000] {dag.py:3947} INFO - Setting next_dagrun for product_price_pipeline to 2026-02-15 00:00:00+00:00, run_after=2026-02-16 00:00:00+00:00
[2026-02-15T09:05:13.422+0000] {processor.py:183} INFO - Processing /opt/airflow/dags/product_pipeline_dag.py took 0.187 seconds
[2026-02-15T09:05:43.689+0000] {processor.py:161} INFO - Started process (PID=28383) to work on /opt/airflow/dags/product_pipeline_dag.py
[2026-02-15T09:05:43.692+0000] {processor.py:830} INFO - Processing file /opt/airflow/dags/product_pipeline_dag.py for tasks to queue
[2026-02-15T09:05:43.695+0000] {logging_mixin.py:188} INFO - [2026-02-15T09:05:43.695+0000] {dagbag.py:545} INFO - Filling up the DagBag from /opt/airflow/dags/product_pipeline_dag.py
[2026-02-15T09:05:43.726+0000] {processor.py:840} INFO - DAG(s) 'product_price_pipeline' retrieved from /opt/airflow/dags/product_pipeline_dag.py
[2026-02-15T09:05:43.776+0000] {logging_mixin.py:188} INFO - [2026-02-15T09:05:43.776+0000] {dag.py:3089} INFO - Sync 1 DAGs
[2026-02-15T09:05:43.805+0000] {logging_mixin.py:188} INFO - [2026-02-15T09:05:43.805+0000] {dag.py:3947} INFO - Setting next_dagrun for product_price_pipeline to 2026-02-15 00:00:00+00:00, run_after=2026-02-16 00:00:00+00:00
[2026-02-15T09:05:43.830+0000] {processor.py:183} INFO - Processing /opt/airflow/dags/product_pipeline_dag.py took 0.151 seconds
[2026-02-15T09:06:14.016+0000] {processor.py:161} INFO - Started process (PID=28409) to work on /opt/airflow/dags/product_pipeline_dag.py
[2026-02-15T09:06:14.018+0000] {processor.py:830} INFO - Processing file /opt/airflow/dags/product_pipeline_dag.py for tasks to queue
[2026-02-15T09:06:14.022+0000] {logging_mixin.py:188} INFO - [2026-02-15T09:06:14.021+0000] {dagbag.py:545} INFO - Filling up the DagBag from /opt/airflow/dags/product_pipeline_dag.py
[2026-02-15T09:06:14.075+0000] {processor.py:840} INFO - DAG(s) 'product_price_pipeline' retrieved from /opt/airflow/dags/product_pipeline_dag.py
[2026-02-15T09:06:14.126+0000] {logging_mixin.py:188} INFO - [2026-02-15T09:06:14.126+0000] {dag.py:3089} INFO - Sync 1 DAGs
[2026-02-15T09:06:14.163+0000] {logging_mixin.py:188} INFO - [2026-02-15T09:06:14.163+0000] {dag.py:3947} INFO - Setting next_dagrun for product_price_pipeline to 2026-02-15 00:00:00+00:00, run_after=2026-02-16 00:00:00+00:00
[2026-02-15T09:06:14.205+0000] {processor.py:183} INFO - Processing /opt/airflow/dags/product_pipeline_dag.py took 0.198 seconds
[2026-02-15T09:06:44.576+0000] {processor.py:161} INFO - Started process (PID=28432) to work on /opt/airflow/dags/product_pipeline_dag.py
[2026-02-15T09:06:44.580+0000] {processor.py:830} INFO - Processing file /opt/airflow/dags/product_pipeline_dag.py for tasks to queue
[2026-02-15T09:06:44.586+0000] {logging_mixin.py:188} INFO - [2026-02-15T09:06:44.585+0000] {dagbag.py:545} INFO - Filling up the DagBag from /opt/airflow/dags/product_pipeline_dag.py
[2026-02-15T09:06:44.647+0000] {processor.py:840} INFO - DAG(s) 'product_price_pipeline' retrieved from /opt/airflow/dags/product_pipeline_dag.py
[2026-02-15T09:06:44.729+0000] {logging_mixin.py:188} INFO - [2026-02-15T09:06:44.729+0000] {dag.py:3089} INFO - Sync 1 DAGs
[2026-02-15T09:06:44.773+0000] {logging_mixin.py:188} INFO - [2026-02-15T09:06:44.772+0000] {dag.py:3947} INFO - Setting next_dagrun for product_price_pipeline to 2026-02-15 00:00:00+00:00, run_after=2026-02-16 00:00:00+00:00
[2026-02-15T09:06:44.815+0000] {processor.py:183} INFO - Processing /opt/airflow/dags/product_pipeline_dag.py took 0.251 seconds
[2026-02-15T09:08:03.577+0000] {processor.py:161} INFO - Started process (PID=28480) to work on /opt/airflow/dags/product_pipeline_dag.py
[2026-02-15T09:08:03.588+0000] {processor.py:830} INFO - Processing file /opt/airflow/dags/product_pipeline_dag.py for tasks to queue
[2026-02-15T09:08:03.597+0000] {logging_mixin.py:188} INFO - [2026-02-15T09:08:03.595+0000] {dagbag.py:545} INFO - Filling up the DagBag from /opt/airflow/dags/product_pipeline_dag.py
[2026-02-15T09:08:03.852+0000] {processor.py:840} INFO - DAG(s) 'product_price_pipeline' retrieved from /opt/airflow/dags/product_pipeline_dag.py
[2026-02-15T09:08:04.078+0000] {logging_mixin.py:188} INFO - [2026-02-15T09:08:04.077+0000] {dag.py:3089} INFO - Sync 1 DAGs
[2026-02-15T09:08:04.479+0000] {logging_mixin.py:188} INFO - [2026-02-15T09:08:04.477+0000] {dag.py:3947} INFO - Setting next_dagrun for product_price_pipeline to 2026-02-15 00:00:00+00:00, run_after=2026-02-16 00:00:00+00:00
[2026-02-15T09:08:04.656+0000] {processor.py:183} INFO - Processing /opt/airflow/dags/product_pipeline_dag.py took 1.106 seconds
[2026-02-15T09:08:36.023+0000] {processor.py:161} INFO - Started process (PID=28509) to work on /opt/airflow/dags/product_pipeline_dag.py
[2026-02-15T09:08:36.027+0000] {processor.py:830} INFO - Processing file /opt/airflow/dags/product_pipeline_dag.py for tasks to queue
[2026-02-15T09:08:36.035+0000] {logging_mixin.py:188} INFO - [2026-02-15T09:08:36.033+0000] {dagbag.py:545} INFO - Filling up the DagBag from /opt/airflow/dags/product_pipeline_dag.py
[2026-02-15T09:08:36.100+0000] {processor.py:840} INFO - DAG(s) 'product_price_pipeline' retrieved from /opt/airflow/dags/product_pipeline_dag.py
[2026-02-15T09:08:36.161+0000] {logging_mixin.py:188} INFO - [2026-02-15T09:08:36.160+0000] {dag.py:3089} INFO - Sync 1 DAGs
[2026-02-15T09:08:36.210+0000] {logging_mixin.py:188} INFO - [2026-02-15T09:08:36.209+0000] {dag.py:3947} INFO - Setting next_dagrun for product_price_pipeline to 2026-02-15 00:00:00+00:00, run_after=2026-02-16 00:00:00+00:00
[2026-02-15T09:08:36.254+0000] {processor.py:183} INFO - Processing /opt/airflow/dags/product_pipeline_dag.py took 0.245 seconds
[2026-02-15T09:09:06.588+0000] {processor.py:161} INFO - Started process (PID=28531) to work on /opt/airflow/dags/product_pipeline_dag.py
[2026-02-15T09:09:06.591+0000] {processor.py:830} INFO - Processing file /opt/airflow/dags/product_pipeline_dag.py for tasks to queue
[2026-02-15T09:09:06.597+0000] {logging_mixin.py:188} INFO - [2026-02-15T09:09:06.596+0000] {dagbag.py:545} INFO - Filling up the DagBag from /opt/airflow/dags/product_pipeline_dag.py
[2026-02-15T09:09:06.662+0000] {processor.py:840} INFO - DAG(s) 'product_price_pipeline' retrieved from /opt/airflow/dags/product_pipeline_dag.py
[2026-02-15T09:09:06.796+0000] {logging_mixin.py:188} INFO - [2026-02-15T09:09:06.795+0000] {dag.py:3089} INFO - Sync 1 DAGs
[2026-02-15T09:09:06.862+0000] {logging_mixin.py:188} INFO - [2026-02-15T09:09:06.861+0000] {dag.py:3947} INFO - Setting next_dagrun for product_price_pipeline to 2026-02-15 00:00:00+00:00, run_after=2026-02-16 00:00:00+00:00
[2026-02-15T09:09:06.923+0000] {processor.py:183} INFO - Processing /opt/airflow/dags/product_pipeline_dag.py took 0.347 seconds
[2026-02-15T09:09:37.469+0000] {processor.py:161} INFO - Started process (PID=28554) to work on /opt/airflow/dags/product_pipeline_dag.py
[2026-02-15T09:09:37.472+0000] {processor.py:830} INFO - Processing file /opt/airflow/dags/product_pipeline_dag.py for tasks to queue
[2026-02-15T09:09:37.476+0000] {logging_mixin.py:188} INFO - [2026-02-15T09:09:37.475+0000] {dagbag.py:545} INFO - Filling up the DagBag from /opt/airflow/dags/product_pipeline_dag.py
[2026-02-15T09:09:37.546+0000] {processor.py:840} INFO - DAG(s) 'product_price_pipeline' retrieved from /opt/airflow/dags/product_pipeline_dag.py
[2026-02-15T09:09:37.673+0000] {logging_mixin.py:188} INFO - [2026-02-15T09:09:37.673+0000] {dag.py:3089} INFO - Sync 1 DAGs
[2026-02-15T09:09:37.748+0000] {logging_mixin.py:188} INFO - [2026-02-15T09:09:37.748+0000] {dag.py:3947} INFO - Setting next_dagrun for product_price_pipeline to 2026-02-15 00:00:00+00:00, run_after=2026-02-16 00:00:00+00:00
[2026-02-15T09:09:37.819+0000] {processor.py:183} INFO - Processing /opt/airflow/dags/product_pipeline_dag.py took 0.360 seconds
[2026-02-15T09:10:08.436+0000] {processor.py:161} INFO - Started process (PID=28580) to work on /opt/airflow/dags/product_pipeline_dag.py
[2026-02-15T09:10:08.438+0000] {processor.py:830} INFO - Processing file /opt/airflow/dags/product_pipeline_dag.py for tasks to queue
[2026-02-15T09:10:08.441+0000] {logging_mixin.py:188} INFO - [2026-02-15T09:10:08.441+0000] {dagbag.py:545} INFO - Filling up the DagBag from /opt/airflow/dags/product_pipeline_dag.py
[2026-02-15T09:10:08.542+0000] {processor.py:840} INFO - DAG(s) 'product_price_pipeline' retrieved from /opt/airflow/dags/product_pipeline_dag.py
[2026-02-15T09:10:08.615+0000] {logging_mixin.py:188} INFO - [2026-02-15T09:10:08.614+0000] {dag.py:3089} INFO - Sync 1 DAGs
[2026-02-15T09:10:08.678+0000] {logging_mixin.py:188} INFO - [2026-02-15T09:10:08.677+0000] {dag.py:3947} INFO - Setting next_dagrun for product_price_pipeline to 2026-02-15 00:00:00+00:00, run_after=2026-02-16 00:00:00+00:00
[2026-02-15T09:10:08.732+0000] {processor.py:183} INFO - Processing /opt/airflow/dags/product_pipeline_dag.py took 0.288 seconds
[2026-02-15T09:10:38.963+0000] {processor.py:161} INFO - Started process (PID=28609) to work on /opt/airflow/dags/product_pipeline_dag.py
[2026-02-15T09:10:38.966+0000] {processor.py:830} INFO - Processing file /opt/airflow/dags/product_pipeline_dag.py for tasks to queue
[2026-02-15T09:10:38.969+0000] {logging_mixin.py:188} INFO - [2026-02-15T09:10:38.968+0000] {dagbag.py:545} INFO - Filling up the DagBag from /opt/airflow/dags/product_pipeline_dag.py
[2026-02-15T09:10:39.032+0000] {processor.py:840} INFO - DAG(s) 'product_price_pipeline' retrieved from /opt/airflow/dags/product_pipeline_dag.py
[2026-02-15T09:10:39.078+0000] {logging_mixin.py:188} INFO - [2026-02-15T09:10:39.078+0000] {dag.py:3089} INFO - Sync 1 DAGs
[2026-02-15T09:10:39.107+0000] {logging_mixin.py:188} INFO - [2026-02-15T09:10:39.107+0000] {dag.py:3947} INFO - Setting next_dagrun for product_price_pipeline to 2026-02-15 00:00:00+00:00, run_after=2026-02-16 00:00:00+00:00
[2026-02-15T09:10:39.135+0000] {processor.py:183} INFO - Processing /opt/airflow/dags/product_pipeline_dag.py took 0.180 seconds
[2026-02-15T12:44:02.403+0000] {processor.py:161} INFO - Started process (PID=28656) to work on /opt/airflow/dags/product_pipeline_dag.py
[2026-02-15T12:44:02.422+0000] {processor.py:830} INFO - Processing file /opt/airflow/dags/product_pipeline_dag.py for tasks to queue
[2026-02-15T12:44:02.548+0000] {logging_mixin.py:188} INFO - [2026-02-15T12:44:02.523+0000] {dagbag.py:545} INFO - Filling up the DagBag from /opt/airflow/dags/product_pipeline_dag.py
[2026-02-15T12:44:03.097+0000] {processor.py:840} INFO - DAG(s) 'product_price_pipeline' retrieved from /opt/airflow/dags/product_pipeline_dag.py
[2026-02-15T12:44:03.614+0000] {logging_mixin.py:188} INFO - [2026-02-15T12:44:03.613+0000] {dag.py:3089} INFO - Sync 1 DAGs
[2026-02-15T12:44:04.189+0000] {logging_mixin.py:188} INFO - [2026-02-15T12:44:04.187+0000] {dag.py:3947} INFO - Setting next_dagrun for product_price_pipeline to 2026-02-15 00:00:00+00:00, run_after=2026-02-16 00:00:00+00:00
[2026-02-15T12:44:04.352+0000] {processor.py:183} INFO - Processing /opt/airflow/dags/product_pipeline_dag.py took 2.224 seconds
[2026-02-15T12:44:34.981+0000] {processor.py:161} INFO - Started process (PID=28685) to work on /opt/airflow/dags/product_pipeline_dag.py
[2026-02-15T12:44:34.984+0000] {processor.py:830} INFO - Processing file /opt/airflow/dags/product_pipeline_dag.py for tasks to queue
[2026-02-15T12:44:34.989+0000] {logging_mixin.py:188} INFO - [2026-02-15T12:44:34.988+0000] {dagbag.py:545} INFO - Filling up the DagBag from /opt/airflow/dags/product_pipeline_dag.py
[2026-02-15T12:44:35.052+0000] {processor.py:840} INFO - DAG(s) 'product_price_pipeline' retrieved from /opt/airflow/dags/product_pipeline_dag.py
[2026-02-15T12:44:35.134+0000] {logging_mixin.py:188} INFO - [2026-02-15T12:44:35.133+0000] {dag.py:3089} INFO - Sync 1 DAGs
[2026-02-15T12:44:35.178+0000] {logging_mixin.py:188} INFO - [2026-02-15T12:44:35.177+0000] {dag.py:3947} INFO - Setting next_dagrun for product_price_pipeline to 2026-02-15 00:00:00+00:00, run_after=2026-02-16 00:00:00+00:00
[2026-02-15T12:44:35.216+0000] {processor.py:183} INFO - Processing /opt/airflow/dags/product_pipeline_dag.py took 0.243 seconds
[2026-02-15T12:45:05.393+0000] {processor.py:161} INFO - Started process (PID=28714) to work on /opt/airflow/dags/product_pipeline_dag.py
[2026-02-15T12:45:05.395+0000] {processor.py:830} INFO - Processing file /opt/airflow/dags/product_pipeline_dag.py for tasks to queue
[2026-02-15T12:45:05.398+0000] {logging_mixin.py:188} INFO - [2026-02-15T12:45:05.397+0000] {dagbag.py:545} INFO - Filling up the DagBag from /opt/airflow/dags/product_pipeline_dag.py
[2026-02-15T12:45:05.447+0000] {processor.py:840} INFO - DAG(s) 'product_price_pipeline' retrieved from /opt/airflow/dags/product_pipeline_dag.py
[2026-02-15T12:45:05.496+0000] {logging_mixin.py:188} INFO - [2026-02-15T12:45:05.496+0000] {dag.py:3089} INFO - Sync 1 DAGs
[2026-02-15T12:45:05.530+0000] {logging_mixin.py:188} INFO - [2026-02-15T12:45:05.530+0000] {dag.py:3947} INFO - Setting next_dagrun for product_price_pipeline to 2026-02-15 00:00:00+00:00, run_after=2026-02-16 00:00:00+00:00
[2026-02-15T12:45:05.568+0000] {processor.py:183} INFO - Processing /opt/airflow/dags/product_pipeline_dag.py took 0.184 seconds
[2026-02-15T12:45:36.348+0000] {processor.py:161} INFO - Started process (PID=28743) to work on /opt/airflow/dags/product_pipeline_dag.py
[2026-02-15T12:45:36.351+0000] {processor.py:830} INFO - Processing file /opt/airflow/dags/product_pipeline_dag.py for tasks to queue
[2026-02-15T12:45:36.354+0000] {logging_mixin.py:188} INFO - [2026-02-15T12:45:36.353+0000] {dagbag.py:545} INFO - Filling up the DagBag from /opt/airflow/dags/product_pipeline_dag.py
[2026-02-15T12:45:36.419+0000] {processor.py:840} INFO - DAG(s) 'product_price_pipeline' retrieved from /opt/airflow/dags/product_pipeline_dag.py
[2026-02-15T12:45:36.540+0000] {logging_mixin.py:188} INFO - [2026-02-15T12:45:36.539+0000] {dag.py:3089} INFO - Sync 1 DAGs
[2026-02-15T12:45:36.730+0000] {logging_mixin.py:188} INFO - [2026-02-15T12:45:36.723+0000] {dag.py:3947} INFO - Setting next_dagrun for product_price_pipeline to 2026-02-15 00:00:00+00:00, run_after=2026-02-16 00:00:00+00:00
[2026-02-15T12:45:36.808+0000] {processor.py:183} INFO - Processing /opt/airflow/dags/product_pipeline_dag.py took 0.469 seconds
[2026-02-15T12:46:07.213+0000] {processor.py:161} INFO - Started process (PID=28769) to work on /opt/airflow/dags/product_pipeline_dag.py
[2026-02-15T12:46:07.217+0000] {processor.py:830} INFO - Processing file /opt/airflow/dags/product_pipeline_dag.py for tasks to queue
[2026-02-15T12:46:07.226+0000] {logging_mixin.py:188} INFO - [2026-02-15T12:46:07.224+0000] {dagbag.py:545} INFO - Filling up the DagBag from /opt/airflow/dags/product_pipeline_dag.py
[2026-02-15T12:46:07.314+0000] {processor.py:840} INFO - DAG(s) 'product_price_pipeline' retrieved from /opt/airflow/dags/product_pipeline_dag.py
[2026-02-15T12:46:07.398+0000] {logging_mixin.py:188} INFO - [2026-02-15T12:46:07.398+0000] {dag.py:3089} INFO - Sync 1 DAGs
[2026-02-15T12:46:07.462+0000] {logging_mixin.py:188} INFO - [2026-02-15T12:46:07.462+0000] {dag.py:3947} INFO - Setting next_dagrun for product_price_pipeline to 2026-02-15 00:00:00+00:00, run_after=2026-02-16 00:00:00+00:00
[2026-02-15T12:46:07.500+0000] {processor.py:183} INFO - Processing /opt/airflow/dags/product_pipeline_dag.py took 0.307 seconds
[2026-02-15T12:46:37.715+0000] {processor.py:161} INFO - Started process (PID=28792) to work on /opt/airflow/dags/product_pipeline_dag.py
[2026-02-15T12:46:37.718+0000] {processor.py:830} INFO - Processing file /opt/airflow/dags/product_pipeline_dag.py for tasks to queue
[2026-02-15T12:46:37.724+0000] {logging_mixin.py:188} INFO - [2026-02-15T12:46:37.722+0000] {dagbag.py:545} INFO - Filling up the DagBag from /opt/airflow/dags/product_pipeline_dag.py
[2026-02-15T12:46:37.914+0000] {processor.py:840} INFO - DAG(s) 'product_price_pipeline' retrieved from /opt/airflow/dags/product_pipeline_dag.py
[2026-02-15T12:46:38.138+0000] {logging_mixin.py:188} INFO - [2026-02-15T12:46:38.137+0000] {dag.py:3089} INFO - Sync 1 DAGs
[2026-02-15T12:46:38.315+0000] {logging_mixin.py:188} INFO - [2026-02-15T12:46:38.313+0000] {dag.py:3947} INFO - Setting next_dagrun for product_price_pipeline to 2026-02-15 00:00:00+00:00, run_after=2026-02-16 00:00:00+00:00
[2026-02-15T12:46:38.408+0000] {processor.py:183} INFO - Processing /opt/airflow/dags/product_pipeline_dag.py took 0.704 seconds
[2026-02-15T12:47:10.409+0000] {processor.py:161} INFO - Started process (PID=28821) to work on /opt/airflow/dags/product_pipeline_dag.py
[2026-02-15T12:47:10.419+0000] {processor.py:830} INFO - Processing file /opt/airflow/dags/product_pipeline_dag.py for tasks to queue
[2026-02-15T12:47:10.429+0000] {logging_mixin.py:188} INFO - [2026-02-15T12:47:10.427+0000] {dagbag.py:545} INFO - Filling up the DagBag from /opt/airflow/dags/product_pipeline_dag.py
[2026-02-15T12:47:11.733+0000] {processor.py:840} INFO - DAG(s) 'product_price_pipeline' retrieved from /opt/airflow/dags/product_pipeline_dag.py
[2026-02-15T12:47:13.020+0000] {logging_mixin.py:188} INFO - [2026-02-15T12:47:13.018+0000] {dag.py:3089} INFO - Sync 1 DAGs
[2026-02-15T12:47:13.586+0000] {logging_mixin.py:188} INFO - [2026-02-15T12:47:13.584+0000] {dag.py:3947} INFO - Setting next_dagrun for product_price_pipeline to 2026-02-15 00:00:00+00:00, run_after=2026-02-16 00:00:00+00:00
[2026-02-15T12:47:13.814+0000] {processor.py:183} INFO - Processing /opt/airflow/dags/product_pipeline_dag.py took 3.448 seconds
[2026-02-15T12:47:45.006+0000] {processor.py:161} INFO - Started process (PID=28851) to work on /opt/airflow/dags/product_pipeline_dag.py
[2026-02-15T12:47:45.009+0000] {processor.py:830} INFO - Processing file /opt/airflow/dags/product_pipeline_dag.py for tasks to queue
[2026-02-15T12:47:45.014+0000] {logging_mixin.py:188} INFO - [2026-02-15T12:47:45.013+0000] {dagbag.py:545} INFO - Filling up the DagBag from /opt/airflow/dags/product_pipeline_dag.py
[2026-02-15T12:47:45.079+0000] {processor.py:840} INFO - DAG(s) 'product_price_pipeline' retrieved from /opt/airflow/dags/product_pipeline_dag.py
[2026-02-15T12:47:45.153+0000] {logging_mixin.py:188} INFO - [2026-02-15T12:47:45.152+0000] {dag.py:3089} INFO - Sync 1 DAGs
[2026-02-15T12:47:45.197+0000] {logging_mixin.py:188} INFO - [2026-02-15T12:47:45.197+0000] {dag.py:3947} INFO - Setting next_dagrun for product_price_pipeline to 2026-02-15 00:00:00+00:00, run_after=2026-02-16 00:00:00+00:00
[2026-02-15T12:47:45.241+0000] {processor.py:183} INFO - Processing /opt/airflow/dags/product_pipeline_dag.py took 0.249 seconds
[2026-02-15T12:48:20.042+0000] {processor.py:161} INFO - Started process (PID=28879) to work on /opt/airflow/dags/product_pipeline_dag.py
[2026-02-15T12:48:20.046+0000] {processor.py:830} INFO - Processing file /opt/airflow/dags/product_pipeline_dag.py for tasks to queue
[2026-02-15T12:48:20.051+0000] {logging_mixin.py:188} INFO - [2026-02-15T12:48:20.050+0000] {dagbag.py:545} INFO - Filling up the DagBag from /opt/airflow/dags/product_pipeline_dag.py
[2026-02-15T12:48:20.315+0000] {processor.py:840} INFO - DAG(s) 'product_price_pipeline' retrieved from /opt/airflow/dags/product_pipeline_dag.py
[2026-02-15T12:48:20.718+0000] {logging_mixin.py:188} INFO - [2026-02-15T12:48:20.717+0000] {dag.py:3089} INFO - Sync 1 DAGs
[2026-02-15T12:48:21.030+0000] {logging_mixin.py:188} INFO - [2026-02-15T12:48:21.028+0000] {dag.py:3947} INFO - Setting next_dagrun for product_price_pipeline to 2026-02-15 00:00:00+00:00, run_after=2026-02-16 00:00:00+00:00
[2026-02-15T12:48:21.172+0000] {processor.py:183} INFO - Processing /opt/airflow/dags/product_pipeline_dag.py took 1.146 seconds
[2026-02-15T12:48:58.077+0000] {processor.py:161} INFO - Started process (PID=28909) to work on /opt/airflow/dags/product_pipeline_dag.py
[2026-02-15T12:48:58.081+0000] {processor.py:830} INFO - Processing file /opt/airflow/dags/product_pipeline_dag.py for tasks to queue
[2026-02-15T12:48:58.087+0000] {logging_mixin.py:188} INFO - [2026-02-15T12:48:58.086+0000] {dagbag.py:545} INFO - Filling up the DagBag from /opt/airflow/dags/product_pipeline_dag.py
[2026-02-15T12:48:58.306+0000] {processor.py:840} INFO - DAG(s) 'product_price_pipeline' retrieved from /opt/airflow/dags/product_pipeline_dag.py
[2026-02-15T12:48:58.564+0000] {logging_mixin.py:188} INFO - [2026-02-15T12:48:58.563+0000] {dag.py:3089} INFO - Sync 1 DAGs
[2026-02-15T12:48:58.871+0000] {logging_mixin.py:188} INFO - [2026-02-15T12:48:58.868+0000] {dag.py:3947} INFO - Setting next_dagrun for product_price_pipeline to 2026-02-15 00:00:00+00:00, run_after=2026-02-16 00:00:00+00:00
[2026-02-15T12:48:59.037+0000] {processor.py:183} INFO - Processing /opt/airflow/dags/product_pipeline_dag.py took 0.974 seconds
[2026-02-15T12:49:32.591+0000] {processor.py:161} INFO - Started process (PID=28944) to work on /opt/airflow/dags/product_pipeline_dag.py
[2026-02-15T12:49:32.597+0000] {processor.py:830} INFO - Processing file /opt/airflow/dags/product_pipeline_dag.py for tasks to queue
[2026-02-15T12:49:32.612+0000] {logging_mixin.py:188} INFO - [2026-02-15T12:49:32.610+0000] {dagbag.py:545} INFO - Filling up the DagBag from /opt/airflow/dags/product_pipeline_dag.py
[2026-02-15T12:49:32.826+0000] {processor.py:840} INFO - DAG(s) 'product_price_pipeline' retrieved from /opt/airflow/dags/product_pipeline_dag.py
[2026-02-15T12:49:33.030+0000] {logging_mixin.py:188} INFO - [2026-02-15T12:49:33.029+0000] {dag.py:3089} INFO - Sync 1 DAGs
[2026-02-15T12:49:33.111+0000] {logging_mixin.py:188} INFO - [2026-02-15T12:49:33.110+0000] {dag.py:3947} INFO - Setting next_dagrun for product_price_pipeline to 2026-02-15 00:00:00+00:00, run_after=2026-02-16 00:00:00+00:00
[2026-02-15T12:49:33.185+0000] {processor.py:183} INFO - Processing /opt/airflow/dags/product_pipeline_dag.py took 0.630 seconds
[2026-02-15T12:50:03.588+0000] {processor.py:161} INFO - Started process (PID=28972) to work on /opt/airflow/dags/product_pipeline_dag.py
[2026-02-15T12:50:03.592+0000] {processor.py:830} INFO - Processing file /opt/airflow/dags/product_pipeline_dag.py for tasks to queue
[2026-02-15T12:50:03.595+0000] {logging_mixin.py:188} INFO - [2026-02-15T12:50:03.595+0000] {dagbag.py:545} INFO - Filling up the DagBag from /opt/airflow/dags/product_pipeline_dag.py
[2026-02-15T12:50:03.664+0000] {processor.py:840} INFO - DAG(s) 'product_price_pipeline' retrieved from /opt/airflow/dags/product_pipeline_dag.py
[2026-02-15T12:50:03.718+0000] {logging_mixin.py:188} INFO - [2026-02-15T12:50:03.718+0000] {dag.py:3089} INFO - Sync 1 DAGs
[2026-02-15T12:50:03.753+0000] {logging_mixin.py:188} INFO - [2026-02-15T12:50:03.753+0000] {dag.py:3947} INFO - Setting next_dagrun for product_price_pipeline to 2026-02-15 00:00:00+00:00, run_after=2026-02-16 00:00:00+00:00
[2026-02-15T12:50:03.796+0000] {processor.py:183} INFO - Processing /opt/airflow/dags/product_pipeline_dag.py took 0.216 seconds
[2026-02-15T12:50:34.610+0000] {processor.py:161} INFO - Started process (PID=28996) to work on /opt/airflow/dags/product_pipeline_dag.py
[2026-02-15T12:50:34.614+0000] {processor.py:830} INFO - Processing file /opt/airflow/dags/product_pipeline_dag.py for tasks to queue
[2026-02-15T12:50:34.618+0000] {logging_mixin.py:188} INFO - [2026-02-15T12:50:34.618+0000] {dagbag.py:545} INFO - Filling up the DagBag from /opt/airflow/dags/product_pipeline_dag.py
[2026-02-15T12:50:34.683+0000] {processor.py:840} INFO - DAG(s) 'product_price_pipeline' retrieved from /opt/airflow/dags/product_pipeline_dag.py
[2026-02-15T12:50:34.751+0000] {logging_mixin.py:188} INFO - [2026-02-15T12:50:34.751+0000] {dag.py:3089} INFO - Sync 1 DAGs
[2026-02-15T12:50:34.801+0000] {logging_mixin.py:188} INFO - [2026-02-15T12:50:34.800+0000] {dag.py:3947} INFO - Setting next_dagrun for product_price_pipeline to 2026-02-15 00:00:00+00:00, run_after=2026-02-16 00:00:00+00:00
[2026-02-15T12:50:34.849+0000] {processor.py:183} INFO - Processing /opt/airflow/dags/product_pipeline_dag.py took 0.255 seconds
[2026-02-15T12:51:06.439+0000] {processor.py:161} INFO - Started process (PID=29019) to work on /opt/airflow/dags/product_pipeline_dag.py
[2026-02-15T12:51:06.444+0000] {processor.py:830} INFO - Processing file /opt/airflow/dags/product_pipeline_dag.py for tasks to queue
[2026-02-15T12:51:06.454+0000] {logging_mixin.py:188} INFO - [2026-02-15T12:51:06.451+0000] {dagbag.py:545} INFO - Filling up the DagBag from /opt/airflow/dags/product_pipeline_dag.py
[2026-02-15T12:51:06.541+0000] {processor.py:840} INFO - DAG(s) 'product_price_pipeline' retrieved from /opt/airflow/dags/product_pipeline_dag.py
[2026-02-15T12:51:06.664+0000] {logging_mixin.py:188} INFO - [2026-02-15T12:51:06.663+0000] {dag.py:3089} INFO - Sync 1 DAGs
[2026-02-15T12:51:06.724+0000] {logging_mixin.py:188} INFO - [2026-02-15T12:51:06.723+0000] {dag.py:3947} INFO - Setting next_dagrun for product_price_pipeline to 2026-02-15 00:00:00+00:00, run_after=2026-02-16 00:00:00+00:00
[2026-02-15T12:51:06.786+0000] {processor.py:183} INFO - Processing /opt/airflow/dags/product_pipeline_dag.py took 0.366 seconds
[2026-02-15T12:51:37.079+0000] {processor.py:161} INFO - Started process (PID=29041) to work on /opt/airflow/dags/product_pipeline_dag.py
[2026-02-15T12:51:37.081+0000] {processor.py:830} INFO - Processing file /opt/airflow/dags/product_pipeline_dag.py for tasks to queue
[2026-02-15T12:51:37.084+0000] {logging_mixin.py:188} INFO - [2026-02-15T12:51:37.084+0000] {dagbag.py:545} INFO - Filling up the DagBag from /opt/airflow/dags/product_pipeline_dag.py
[2026-02-15T12:51:37.139+0000] {processor.py:840} INFO - DAG(s) 'product_price_pipeline' retrieved from /opt/airflow/dags/product_pipeline_dag.py
[2026-02-15T12:51:37.204+0000] {logging_mixin.py:188} INFO - [2026-02-15T12:51:37.203+0000] {dag.py:3089} INFO - Sync 1 DAGs
[2026-02-15T12:51:37.254+0000] {logging_mixin.py:188} INFO - [2026-02-15T12:51:37.253+0000] {dag.py:3947} INFO - Setting next_dagrun for product_price_pipeline to 2026-02-15 00:00:00+00:00, run_after=2026-02-16 00:00:00+00:00
[2026-02-15T12:51:37.322+0000] {processor.py:183} INFO - Processing /opt/airflow/dags/product_pipeline_dag.py took 0.252 seconds
[2026-02-15T12:52:08.330+0000] {processor.py:161} INFO - Started process (PID=29070) to work on /opt/airflow/dags/product_pipeline_dag.py
[2026-02-15T12:52:08.339+0000] {processor.py:830} INFO - Processing file /opt/airflow/dags/product_pipeline_dag.py for tasks to queue
[2026-02-15T12:52:08.380+0000] {logging_mixin.py:188} INFO - [2026-02-15T12:52:08.377+0000] {dagbag.py:545} INFO - Filling up the DagBag from /opt/airflow/dags/product_pipeline_dag.py
[2026-02-15T12:52:08.607+0000] {processor.py:840} INFO - DAG(s) 'product_price_pipeline' retrieved from /opt/airflow/dags/product_pipeline_dag.py
[2026-02-15T12:52:08.807+0000] {logging_mixin.py:188} INFO - [2026-02-15T12:52:08.807+0000] {dag.py:3089} INFO - Sync 1 DAGs
[2026-02-15T12:52:08.927+0000] {logging_mixin.py:188} INFO - [2026-02-15T12:52:08.927+0000] {dag.py:3947} INFO - Setting next_dagrun for product_price_pipeline to 2026-02-15 00:00:00+00:00, run_after=2026-02-16 00:00:00+00:00
[2026-02-15T12:52:08.994+0000] {processor.py:183} INFO - Processing /opt/airflow/dags/product_pipeline_dag.py took 0.717 seconds
[2026-02-15T12:52:39.952+0000] {processor.py:161} INFO - Started process (PID=29096) to work on /opt/airflow/dags/product_pipeline_dag.py
[2026-02-15T12:52:39.957+0000] {processor.py:830} INFO - Processing file /opt/airflow/dags/product_pipeline_dag.py for tasks to queue
[2026-02-15T12:52:39.967+0000] {logging_mixin.py:188} INFO - [2026-02-15T12:52:39.966+0000] {dagbag.py:545} INFO - Filling up the DagBag from /opt/airflow/dags/product_pipeline_dag.py
[2026-02-15T12:52:40.069+0000] {processor.py:840} INFO - DAG(s) 'product_price_pipeline' retrieved from /opt/airflow/dags/product_pipeline_dag.py
[2026-02-15T12:52:40.165+0000] {logging_mixin.py:188} INFO - [2026-02-15T12:52:40.164+0000] {dag.py:3089} INFO - Sync 1 DAGs
[2026-02-15T12:52:40.225+0000] {logging_mixin.py:188} INFO - [2026-02-15T12:52:40.225+0000] {dag.py:3947} INFO - Setting next_dagrun for product_price_pipeline to 2026-02-15 00:00:00+00:00, run_after=2026-02-16 00:00:00+00:00
[2026-02-15T12:52:40.277+0000] {processor.py:183} INFO - Processing /opt/airflow/dags/product_pipeline_dag.py took 0.337 seconds
[2026-02-15T12:53:11.025+0000] {processor.py:161} INFO - Started process (PID=29125) to work on /opt/airflow/dags/product_pipeline_dag.py
[2026-02-15T12:53:11.039+0000] {processor.py:830} INFO - Processing file /opt/airflow/dags/product_pipeline_dag.py for tasks to queue
[2026-02-15T12:53:11.309+0000] {logging_mixin.py:188} INFO - [2026-02-15T12:53:11.156+0000] {dagbag.py:545} INFO - Filling up the DagBag from /opt/airflow/dags/product_pipeline_dag.py
[2026-02-15T12:53:12.443+0000] {processor.py:840} INFO - DAG(s) 'product_price_pipeline' retrieved from /opt/airflow/dags/product_pipeline_dag.py
[2026-02-15T12:53:13.712+0000] {logging_mixin.py:188} INFO - [2026-02-15T12:53:13.711+0000] {dag.py:3089} INFO - Sync 1 DAGs
[2026-02-15T12:53:14.100+0000] {logging_mixin.py:188} INFO - [2026-02-15T12:53:14.099+0000] {dag.py:3947} INFO - Setting next_dagrun for product_price_pipeline to 2026-02-15 00:00:00+00:00, run_after=2026-02-16 00:00:00+00:00
[2026-02-15T12:53:14.283+0000] {processor.py:183} INFO - Processing /opt/airflow/dags/product_pipeline_dag.py took 3.500 seconds
[2026-02-15T12:53:44.454+0000] {processor.py:161} INFO - Started process (PID=29154) to work on /opt/airflow/dags/product_pipeline_dag.py
[2026-02-15T12:53:44.472+0000] {processor.py:830} INFO - Processing file /opt/airflow/dags/product_pipeline_dag.py for tasks to queue
[2026-02-15T12:53:44.476+0000] {logging_mixin.py:188} INFO - [2026-02-15T12:53:44.475+0000] {dagbag.py:545} INFO - Filling up the DagBag from /opt/airflow/dags/product_pipeline_dag.py
[2026-02-15T12:53:44.536+0000] {processor.py:840} INFO - DAG(s) 'product_price_pipeline' retrieved from /opt/airflow/dags/product_pipeline_dag.py
[2026-02-15T12:53:44.658+0000] {logging_mixin.py:188} INFO - [2026-02-15T12:53:44.658+0000] {dag.py:3089} INFO - Sync 1 DAGs
[2026-02-15T12:53:44.732+0000] {logging_mixin.py:188} INFO - [2026-02-15T12:53:44.731+0000] {dag.py:3947} INFO - Setting next_dagrun for product_price_pipeline to 2026-02-15 00:00:00+00:00, run_after=2026-02-16 00:00:00+00:00
[2026-02-15T12:53:44.802+0000] {processor.py:183} INFO - Processing /opt/airflow/dags/product_pipeline_dag.py took 0.358 seconds
[2026-02-15T12:54:15.343+0000] {processor.py:161} INFO - Started process (PID=29183) to work on /opt/airflow/dags/product_pipeline_dag.py
[2026-02-15T12:54:15.349+0000] {processor.py:830} INFO - Processing file /opt/airflow/dags/product_pipeline_dag.py for tasks to queue
[2026-02-15T12:54:15.361+0000] {logging_mixin.py:188} INFO - [2026-02-15T12:54:15.360+0000] {dagbag.py:545} INFO - Filling up the DagBag from /opt/airflow/dags/product_pipeline_dag.py
[2026-02-15T12:54:15.456+0000] {processor.py:840} INFO - DAG(s) 'product_price_pipeline' retrieved from /opt/airflow/dags/product_pipeline_dag.py
[2026-02-15T12:54:15.574+0000] {logging_mixin.py:188} INFO - [2026-02-15T12:54:15.574+0000] {dag.py:3089} INFO - Sync 1 DAGs
[2026-02-15T12:54:15.627+0000] {logging_mixin.py:188} INFO - [2026-02-15T12:54:15.627+0000] {dag.py:3947} INFO - Setting next_dagrun for product_price_pipeline to 2026-02-15 00:00:00+00:00, run_after=2026-02-16 00:00:00+00:00
[2026-02-15T12:54:15.682+0000] {processor.py:183} INFO - Processing /opt/airflow/dags/product_pipeline_dag.py took 0.370 seconds
[2026-02-15T12:54:46.131+0000] {processor.py:161} INFO - Started process (PID=29212) to work on /opt/airflow/dags/product_pipeline_dag.py
[2026-02-15T12:54:46.144+0000] {processor.py:830} INFO - Processing file /opt/airflow/dags/product_pipeline_dag.py for tasks to queue
[2026-02-15T12:54:46.150+0000] {logging_mixin.py:188} INFO - [2026-02-15T12:54:46.149+0000] {dagbag.py:545} INFO - Filling up the DagBag from /opt/airflow/dags/product_pipeline_dag.py
[2026-02-15T12:54:46.222+0000] {processor.py:840} INFO - DAG(s) 'product_price_pipeline' retrieved from /opt/airflow/dags/product_pipeline_dag.py
[2026-02-15T12:54:46.334+0000] {logging_mixin.py:188} INFO - [2026-02-15T12:54:46.333+0000] {dag.py:3089} INFO - Sync 1 DAGs
[2026-02-15T12:54:46.403+0000] {logging_mixin.py:188} INFO - [2026-02-15T12:54:46.403+0000] {dag.py:3947} INFO - Setting next_dagrun for product_price_pipeline to 2026-02-15 00:00:00+00:00, run_after=2026-02-16 00:00:00+00:00
[2026-02-15T12:54:46.467+0000] {processor.py:183} INFO - Processing /opt/airflow/dags/product_pipeline_dag.py took 0.348 seconds
[2026-02-15T12:55:18.191+0000] {processor.py:161} INFO - Started process (PID=29241) to work on /opt/airflow/dags/product_pipeline_dag.py
[2026-02-15T12:55:18.210+0000] {processor.py:830} INFO - Processing file /opt/airflow/dags/product_pipeline_dag.py for tasks to queue
[2026-02-15T12:55:18.248+0000] {logging_mixin.py:188} INFO - [2026-02-15T12:55:18.238+0000] {dagbag.py:545} INFO - Filling up the DagBag from /opt/airflow/dags/product_pipeline_dag.py
[2026-02-15T12:55:18.886+0000] {processor.py:840} INFO - DAG(s) 'product_price_pipeline' retrieved from /opt/airflow/dags/product_pipeline_dag.py
[2026-02-15T12:55:19.899+0000] {logging_mixin.py:188} INFO - [2026-02-15T12:55:19.898+0000] {dag.py:3089} INFO - Sync 1 DAGs
[2026-02-15T12:55:20.609+0000] {logging_mixin.py:188} INFO - [2026-02-15T12:55:20.608+0000] {dag.py:3947} INFO - Setting next_dagrun for product_price_pipeline to 2026-02-15 00:00:00+00:00, run_after=2026-02-16 00:00:00+00:00
[2026-02-15T12:55:20.841+0000] {processor.py:183} INFO - Processing /opt/airflow/dags/product_pipeline_dag.py took 2.962 seconds
[2026-02-15T12:55:51.903+0000] {processor.py:161} INFO - Started process (PID=29270) to work on /opt/airflow/dags/product_pipeline_dag.py
[2026-02-15T12:55:51.908+0000] {processor.py:830} INFO - Processing file /opt/airflow/dags/product_pipeline_dag.py for tasks to queue
[2026-02-15T12:55:51.913+0000] {logging_mixin.py:188} INFO - [2026-02-15T12:55:51.912+0000] {dagbag.py:545} INFO - Filling up the DagBag from /opt/airflow/dags/product_pipeline_dag.py
[2026-02-15T12:55:51.960+0000] {processor.py:840} INFO - DAG(s) 'product_price_pipeline' retrieved from /opt/airflow/dags/product_pipeline_dag.py
[2026-02-15T12:55:52.051+0000] {logging_mixin.py:188} INFO - [2026-02-15T12:55:52.050+0000] {dag.py:3089} INFO - Sync 1 DAGs
[2026-02-15T12:55:52.098+0000] {logging_mixin.py:188} INFO - [2026-02-15T12:55:52.098+0000] {dag.py:3947} INFO - Setting next_dagrun for product_price_pipeline to 2026-02-15 00:00:00+00:00, run_after=2026-02-16 00:00:00+00:00
[2026-02-15T12:55:52.156+0000] {processor.py:183} INFO - Processing /opt/airflow/dags/product_pipeline_dag.py took 0.278 seconds
[2026-02-15T12:56:23.476+0000] {processor.py:161} INFO - Started process (PID=29299) to work on /opt/airflow/dags/product_pipeline_dag.py
[2026-02-15T12:56:23.484+0000] {processor.py:830} INFO - Processing file /opt/airflow/dags/product_pipeline_dag.py for tasks to queue
[2026-02-15T12:56:23.489+0000] {logging_mixin.py:188} INFO - [2026-02-15T12:56:23.488+0000] {dagbag.py:545} INFO - Filling up the DagBag from /opt/airflow/dags/product_pipeline_dag.py
[2026-02-15T12:56:23.533+0000] {processor.py:840} INFO - DAG(s) 'product_price_pipeline' retrieved from /opt/airflow/dags/product_pipeline_dag.py
[2026-02-15T12:56:23.598+0000] {logging_mixin.py:188} INFO - [2026-02-15T12:56:23.598+0000] {dag.py:3089} INFO - Sync 1 DAGs
[2026-02-15T12:56:23.632+0000] {logging_mixin.py:188} INFO - [2026-02-15T12:56:23.632+0000] {dag.py:3947} INFO - Setting next_dagrun for product_price_pipeline to 2026-02-15 00:00:00+00:00, run_after=2026-02-16 00:00:00+00:00
[2026-02-15T12:56:23.684+0000] {processor.py:183} INFO - Processing /opt/airflow/dags/product_pipeline_dag.py took 0.219 seconds
[2026-02-15T12:56:53.910+0000] {processor.py:161} INFO - Started process (PID=29328) to work on /opt/airflow/dags/product_pipeline_dag.py
[2026-02-15T12:56:53.914+0000] {processor.py:830} INFO - Processing file /opt/airflow/dags/product_pipeline_dag.py for tasks to queue
[2026-02-15T12:56:53.922+0000] {logging_mixin.py:188} INFO - [2026-02-15T12:56:53.921+0000] {dagbag.py:545} INFO - Filling up the DagBag from /opt/airflow/dags/product_pipeline_dag.py
[2026-02-15T12:56:54.015+0000] {processor.py:840} INFO - DAG(s) 'product_price_pipeline' retrieved from /opt/airflow/dags/product_pipeline_dag.py
[2026-02-15T12:56:54.112+0000] {logging_mixin.py:188} INFO - [2026-02-15T12:56:54.111+0000] {dag.py:3089} INFO - Sync 1 DAGs
[2026-02-15T12:56:54.167+0000] {logging_mixin.py:188} INFO - [2026-02-15T12:56:54.166+0000] {dag.py:3947} INFO - Setting next_dagrun for product_price_pipeline to 2026-02-15 00:00:00+00:00, run_after=2026-02-16 00:00:00+00:00
[2026-02-15T12:56:54.251+0000] {processor.py:183} INFO - Processing /opt/airflow/dags/product_pipeline_dag.py took 0.357 seconds
[2026-02-15T12:57:26.257+0000] {processor.py:161} INFO - Started process (PID=29357) to work on /opt/airflow/dags/product_pipeline_dag.py
[2026-02-15T12:57:26.331+0000] {processor.py:830} INFO - Processing file /opt/airflow/dags/product_pipeline_dag.py for tasks to queue
[2026-02-15T12:57:26.622+0000] {logging_mixin.py:188} INFO - [2026-02-15T12:57:26.574+0000] {dagbag.py:545} INFO - Filling up the DagBag from /opt/airflow/dags/product_pipeline_dag.py
[2026-02-15T12:57:27.856+0000] {processor.py:840} INFO - DAG(s) 'product_price_pipeline' retrieved from /opt/airflow/dags/product_pipeline_dag.py
[2026-02-15T12:57:29.723+0000] {logging_mixin.py:188} INFO - [2026-02-15T12:57:29.720+0000] {dag.py:3089} INFO - Sync 1 DAGs
[2026-02-15T12:57:30.577+0000] {logging_mixin.py:188} INFO - [2026-02-15T12:57:30.572+0000] {dag.py:3947} INFO - Setting next_dagrun for product_price_pipeline to 2026-02-15 00:00:00+00:00, run_after=2026-02-16 00:00:00+00:00
[2026-02-15T12:57:30.995+0000] {processor.py:183} INFO - Processing /opt/airflow/dags/product_pipeline_dag.py took 5.242 seconds
[2026-02-15T12:58:02.058+0000] {processor.py:161} INFO - Started process (PID=29386) to work on /opt/airflow/dags/product_pipeline_dag.py
[2026-02-15T12:58:02.063+0000] {processor.py:830} INFO - Processing file /opt/airflow/dags/product_pipeline_dag.py for tasks to queue
[2026-02-15T12:58:02.071+0000] {logging_mixin.py:188} INFO - [2026-02-15T12:58:02.069+0000] {dagbag.py:545} INFO - Filling up the DagBag from /opt/airflow/dags/product_pipeline_dag.py
[2026-02-15T12:58:02.458+0000] {processor.py:840} INFO - DAG(s) 'product_price_pipeline' retrieved from /opt/airflow/dags/product_pipeline_dag.py
[2026-02-15T12:58:02.774+0000] {logging_mixin.py:188} INFO - [2026-02-15T12:58:02.773+0000] {dag.py:3089} INFO - Sync 1 DAGs
[2026-02-15T12:58:03.059+0000] {logging_mixin.py:188} INFO - [2026-02-15T12:58:03.058+0000] {dag.py:3947} INFO - Setting next_dagrun for product_price_pipeline to 2026-02-15 00:00:00+00:00, run_after=2026-02-16 00:00:00+00:00
[2026-02-15T12:58:03.243+0000] {processor.py:183} INFO - Processing /opt/airflow/dags/product_pipeline_dag.py took 1.204 seconds
[2026-02-15T12:58:50.036+0000] {processor.py:161} INFO - Started process (PID=29415) to work on /opt/airflow/dags/product_pipeline_dag.py
[2026-02-15T12:58:50.043+0000] {processor.py:830} INFO - Processing file /opt/airflow/dags/product_pipeline_dag.py for tasks to queue
[2026-02-15T12:58:50.051+0000] {logging_mixin.py:188} INFO - [2026-02-15T12:58:50.049+0000] {dagbag.py:545} INFO - Filling up the DagBag from /opt/airflow/dags/product_pipeline_dag.py
[2026-02-15T12:58:50.525+0000] {processor.py:840} INFO - DAG(s) 'product_price_pipeline' retrieved from /opt/airflow/dags/product_pipeline_dag.py
[2026-02-15T12:58:51.113+0000] {logging_mixin.py:188} INFO - [2026-02-15T12:58:51.108+0000] {dag.py:3089} INFO - Sync 1 DAGs
[2026-02-15T12:58:51.580+0000] {logging_mixin.py:188} INFO - [2026-02-15T12:58:51.578+0000] {dag.py:3947} INFO - Setting next_dagrun for product_price_pipeline to 2026-02-15 00:00:00+00:00, run_after=2026-02-16 00:00:00+00:00
[2026-02-15T12:58:51.799+0000] {processor.py:183} INFO - Processing /opt/airflow/dags/product_pipeline_dag.py took 1.792 seconds
[2026-02-15T12:59:22.290+0000] {processor.py:161} INFO - Started process (PID=29442) to work on /opt/airflow/dags/product_pipeline_dag.py
[2026-02-15T12:59:22.294+0000] {processor.py:830} INFO - Processing file /opt/airflow/dags/product_pipeline_dag.py for tasks to queue
[2026-02-15T12:59:22.297+0000] {logging_mixin.py:188} INFO - [2026-02-15T12:59:22.297+0000] {dagbag.py:545} INFO - Filling up the DagBag from /opt/airflow/dags/product_pipeline_dag.py
[2026-02-15T12:59:22.464+0000] {processor.py:840} INFO - DAG(s) 'product_price_pipeline' retrieved from /opt/airflow/dags/product_pipeline_dag.py
[2026-02-15T12:59:22.667+0000] {logging_mixin.py:188} INFO - [2026-02-15T12:59:22.667+0000] {dag.py:3089} INFO - Sync 1 DAGs
[2026-02-15T12:59:22.287+0000] {logging_mixin.py:188} INFO - [2026-02-15T12:59:22.286+0000] {dag.py:3947} INFO - Setting next_dagrun for product_price_pipeline to 2026-02-15 00:00:00+00:00, run_after=2026-02-16 00:00:00+00:00
[2026-02-15T12:59:22.399+0000] {processor.py:183} INFO - Processing /opt/airflow/dags/product_pipeline_dag.py took 0.679 seconds
[2026-02-15T12:59:53.125+0000] {processor.py:161} INFO - Started process (PID=29467) to work on /opt/airflow/dags/product_pipeline_dag.py
[2026-02-15T12:59:53.128+0000] {processor.py:830} INFO - Processing file /opt/airflow/dags/product_pipeline_dag.py for tasks to queue
[2026-02-15T12:59:53.133+0000] {logging_mixin.py:188} INFO - [2026-02-15T12:59:53.132+0000] {dagbag.py:545} INFO - Filling up the DagBag from /opt/airflow/dags/product_pipeline_dag.py
[2026-02-15T12:59:53.222+0000] {processor.py:840} INFO - DAG(s) 'product_price_pipeline' retrieved from /opt/airflow/dags/product_pipeline_dag.py
[2026-02-15T12:59:53.298+0000] {logging_mixin.py:188} INFO - [2026-02-15T12:59:53.297+0000] {dag.py:3089} INFO - Sync 1 DAGs
[2026-02-15T12:59:53.337+0000] {logging_mixin.py:188} INFO - [2026-02-15T12:59:53.336+0000] {dag.py:3947} INFO - Setting next_dagrun for product_price_pipeline to 2026-02-15 00:00:00+00:00, run_after=2026-02-16 00:00:00+00:00
[2026-02-15T12:59:53.400+0000] {processor.py:183} INFO - Processing /opt/airflow/dags/product_pipeline_dag.py took 0.288 seconds
[2026-02-15T13:00:23.956+0000] {processor.py:161} INFO - Started process (PID=29494) to work on /opt/airflow/dags/product_pipeline_dag.py
[2026-02-15T13:00:23.960+0000] {processor.py:830} INFO - Processing file /opt/airflow/dags/product_pipeline_dag.py for tasks to queue
[2026-02-15T13:00:23.965+0000] {logging_mixin.py:188} INFO - [2026-02-15T13:00:23.964+0000] {dagbag.py:545} INFO - Filling up the DagBag from /opt/airflow/dags/product_pipeline_dag.py
[2026-02-15T13:00:24.035+0000] {processor.py:840} INFO - DAG(s) 'product_price_pipeline' retrieved from /opt/airflow/dags/product_pipeline_dag.py
[2026-02-15T13:00:24.099+0000] {logging_mixin.py:188} INFO - [2026-02-15T13:00:24.098+0000] {dag.py:3089} INFO - Sync 1 DAGs
[2026-02-15T13:00:24.141+0000] {logging_mixin.py:188} INFO - [2026-02-15T13:00:24.141+0000] {dag.py:3947} INFO - Setting next_dagrun for product_price_pipeline to 2026-02-15 00:00:00+00:00, run_after=2026-02-16 00:00:00+00:00
[2026-02-15T13:00:24.193+0000] {processor.py:183} INFO - Processing /opt/airflow/dags/product_pipeline_dag.py took 0.255 seconds
[2026-02-15T13:00:54.489+0000] {processor.py:161} INFO - Started process (PID=29522) to work on /opt/airflow/dags/product_pipeline_dag.py
[2026-02-15T13:00:54.501+0000] {processor.py:830} INFO - Processing file /opt/airflow/dags/product_pipeline_dag.py for tasks to queue
[2026-02-15T13:00:54.506+0000] {logging_mixin.py:188} INFO - [2026-02-15T13:00:54.505+0000] {dagbag.py:545} INFO - Filling up the DagBag from /opt/airflow/dags/product_pipeline_dag.py
[2026-02-15T13:00:54.567+0000] {processor.py:840} INFO - DAG(s) 'product_price_pipeline' retrieved from /opt/airflow/dags/product_pipeline_dag.py
[2026-02-15T13:00:54.648+0000] {logging_mixin.py:188} INFO - [2026-02-15T13:00:54.648+0000] {dag.py:3089} INFO - Sync 1 DAGs
[2026-02-15T13:00:54.685+0000] {logging_mixin.py:188} INFO - [2026-02-15T13:00:54.684+0000] {dag.py:3947} INFO - Setting next_dagrun for product_price_pipeline to 2026-02-15 00:00:00+00:00, run_after=2026-02-16 00:00:00+00:00
[2026-02-15T13:00:54.743+0000] {processor.py:183} INFO - Processing /opt/airflow/dags/product_pipeline_dag.py took 0.265 seconds
[2026-02-15T13:01:24.898+0000] {processor.py:161} INFO - Started process (PID=29548) to work on /opt/airflow/dags/product_pipeline_dag.py
[2026-02-15T13:01:24.900+0000] {processor.py:830} INFO - Processing file /opt/airflow/dags/product_pipeline_dag.py for tasks to queue
[2026-02-15T13:01:24.904+0000] {logging_mixin.py:188} INFO - [2026-02-15T13:01:24.904+0000] {dagbag.py:545} INFO - Filling up the DagBag from /opt/airflow/dags/product_pipeline_dag.py
[2026-02-15T13:01:24.972+0000] {processor.py:840} INFO - DAG(s) 'product_price_pipeline' retrieved from /opt/airflow/dags/product_pipeline_dag.py
[2026-02-15T13:01:25.036+0000] {logging_mixin.py:188} INFO - [2026-02-15T13:01:25.035+0000] {dag.py:3089} INFO - Sync 1 DAGs
[2026-02-15T13:01:25.073+0000] {logging_mixin.py:188} INFO - [2026-02-15T13:01:25.072+0000] {dag.py:3947} INFO - Setting next_dagrun for product_price_pipeline to 2026-02-15 00:00:00+00:00, run_after=2026-02-16 00:00:00+00:00
[2026-02-15T13:01:25.126+0000] {processor.py:183} INFO - Processing /opt/airflow/dags/product_pipeline_dag.py took 0.238 seconds
[2026-02-15T13:01:55.873+0000] {processor.py:161} INFO - Started process (PID=29577) to work on /opt/airflow/dags/product_pipeline_dag.py
[2026-02-15T13:01:55.876+0000] {processor.py:830} INFO - Processing file /opt/airflow/dags/product_pipeline_dag.py for tasks to queue
[2026-02-15T13:01:55.880+0000] {logging_mixin.py:188} INFO - [2026-02-15T13:01:55.880+0000] {dagbag.py:545} INFO - Filling up the DagBag from /opt/airflow/dags/product_pipeline_dag.py
[2026-02-15T13:01:55.939+0000] {processor.py:840} INFO - DAG(s) 'product_price_pipeline' retrieved from /opt/airflow/dags/product_pipeline_dag.py
[2026-02-15T13:01:55.999+0000] {logging_mixin.py:188} INFO - [2026-02-15T13:01:55.999+0000] {dag.py:3089} INFO - Sync 1 DAGs
[2026-02-15T13:01:56.038+0000] {logging_mixin.py:188} INFO - [2026-02-15T13:01:56.038+0000] {dag.py:3947} INFO - Setting next_dagrun for product_price_pipeline to 2026-02-15 00:00:00+00:00, run_after=2026-02-16 00:00:00+00:00
[2026-02-15T13:01:56.099+0000] {processor.py:183} INFO - Processing /opt/airflow/dags/product_pipeline_dag.py took 0.248 seconds
[2026-02-15T13:02:27.930+0000] {processor.py:161} INFO - Started process (PID=29606) to work on /opt/airflow/dags/product_pipeline_dag.py
[2026-02-15T13:02:27.933+0000] {processor.py:830} INFO - Processing file /opt/airflow/dags/product_pipeline_dag.py for tasks to queue
[2026-02-15T13:02:27.941+0000] {logging_mixin.py:188} INFO - [2026-02-15T13:02:27.939+0000] {dagbag.py:545} INFO - Filling up the DagBag from /opt/airflow/dags/product_pipeline_dag.py
[2026-02-15T13:02:28.072+0000] {processor.py:840} INFO - DAG(s) 'product_price_pipeline' retrieved from /opt/airflow/dags/product_pipeline_dag.py
[2026-02-15T13:02:28.208+0000] {logging_mixin.py:188} INFO - [2026-02-15T13:02:28.207+0000] {dag.py:3089} INFO - Sync 1 DAGs
[2026-02-15T13:02:28.357+0000] {logging_mixin.py:188} INFO - [2026-02-15T13:02:28.357+0000] {dag.py:3947} INFO - Setting next_dagrun for product_price_pipeline to 2026-02-15 00:00:00+00:00, run_after=2026-02-16 00:00:00+00:00
[2026-02-15T13:02:28.511+0000] {processor.py:183} INFO - Processing /opt/airflow/dags/product_pipeline_dag.py took 0.598 seconds
[2026-02-15T13:02:58.994+0000] {processor.py:161} INFO - Started process (PID=29635) to work on /opt/airflow/dags/product_pipeline_dag.py
[2026-02-15T13:02:58.996+0000] {processor.py:830} INFO - Processing file /opt/airflow/dags/product_pipeline_dag.py for tasks to queue
[2026-02-15T13:02:59.000+0000] {logging_mixin.py:188} INFO - [2026-02-15T13:02:58.999+0000] {dagbag.py:545} INFO - Filling up the DagBag from /opt/airflow/dags/product_pipeline_dag.py
[2026-02-15T13:02:59.047+0000] {processor.py:840} INFO - DAG(s) 'product_price_pipeline' retrieved from /opt/airflow/dags/product_pipeline_dag.py
[2026-02-15T13:02:59.115+0000] {logging_mixin.py:188} INFO - [2026-02-15T13:02:59.115+0000] {dag.py:3089} INFO - Sync 1 DAGs
[2026-02-15T13:02:59.148+0000] {logging_mixin.py:188} INFO - [2026-02-15T13:02:59.148+0000] {dag.py:3947} INFO - Setting next_dagrun for product_price_pipeline to 2026-02-15 00:00:00+00:00, run_after=2026-02-16 00:00:00+00:00
[2026-02-15T13:02:59.199+0000] {processor.py:183} INFO - Processing /opt/airflow/dags/product_pipeline_dag.py took 0.214 seconds
[2026-02-15T13:03:32.443+0000] {processor.py:161} INFO - Started process (PID=29664) to work on /opt/airflow/dags/product_pipeline_dag.py
[2026-02-15T13:03:32.446+0000] {processor.py:830} INFO - Processing file /opt/airflow/dags/product_pipeline_dag.py for tasks to queue
[2026-02-15T13:03:32.453+0000] {logging_mixin.py:188} INFO - [2026-02-15T13:03:32.452+0000] {dagbag.py:545} INFO - Filling up the DagBag from /opt/airflow/dags/product_pipeline_dag.py
[2026-02-15T13:03:32.517+0000] {processor.py:840} INFO - DAG(s) 'product_price_pipeline' retrieved from /opt/airflow/dags/product_pipeline_dag.py
[2026-02-15T13:03:32.577+0000] {logging_mixin.py:188} INFO - [2026-02-15T13:03:32.576+0000] {dag.py:3089} INFO - Sync 1 DAGs
[2026-02-15T13:03:32.611+0000] {logging_mixin.py:188} INFO - [2026-02-15T13:03:32.611+0000] {dag.py:3947} INFO - Setting next_dagrun for product_price_pipeline to 2026-02-15 00:00:00+00:00, run_after=2026-02-16 00:00:00+00:00
[2026-02-15T13:03:32.661+0000] {processor.py:183} INFO - Processing /opt/airflow/dags/product_pipeline_dag.py took 0.235 seconds
[2026-02-15T13:04:03.007+0000] {processor.py:161} INFO - Started process (PID=29690) to work on /opt/airflow/dags/product_pipeline_dag.py
[2026-02-15T13:04:03.009+0000] {processor.py:830} INFO - Processing file /opt/airflow/dags/product_pipeline_dag.py for tasks to queue
[2026-02-15T13:04:03.012+0000] {logging_mixin.py:188} INFO - [2026-02-15T13:04:03.011+0000] {dagbag.py:545} INFO - Filling up the DagBag from /opt/airflow/dags/product_pipeline_dag.py
[2026-02-15T13:04:03.060+0000] {processor.py:840} INFO - DAG(s) 'product_price_pipeline' retrieved from /opt/airflow/dags/product_pipeline_dag.py
[2026-02-15T13:04:03.114+0000] {logging_mixin.py:188} INFO - [2026-02-15T13:04:03.114+0000] {dag.py:3089} INFO - Sync 1 DAGs
[2026-02-15T13:04:03.157+0000] {logging_mixin.py:188} INFO - [2026-02-15T13:04:03.157+0000] {dag.py:3947} INFO - Setting next_dagrun for product_price_pipeline to 2026-02-15 00:00:00+00:00, run_after=2026-02-16 00:00:00+00:00
[2026-02-15T13:04:03.195+0000] {processor.py:183} INFO - Processing /opt/airflow/dags/product_pipeline_dag.py took 0.197 seconds
[2026-02-15T13:04:33.468+0000] {processor.py:161} INFO - Started process (PID=29716) to work on /opt/airflow/dags/product_pipeline_dag.py
[2026-02-15T13:04:33.472+0000] {processor.py:830} INFO - Processing file /opt/airflow/dags/product_pipeline_dag.py for tasks to queue
[2026-02-15T13:04:33.480+0000] {logging_mixin.py:188} INFO - [2026-02-15T13:04:33.478+0000] {dagbag.py:545} INFO - Filling up the DagBag from /opt/airflow/dags/product_pipeline_dag.py
[2026-02-15T13:04:33.563+0000] {processor.py:840} INFO - DAG(s) 'product_price_pipeline' retrieved from /opt/airflow/dags/product_pipeline_dag.py
[2026-02-15T13:04:33.655+0000] {logging_mixin.py:188} INFO - [2026-02-15T13:04:33.655+0000] {dag.py:3089} INFO - Sync 1 DAGs
[2026-02-15T13:04:33.710+0000] {logging_mixin.py:188} INFO - [2026-02-15T13:04:33.710+0000] {dag.py:3947} INFO - Setting next_dagrun for product_price_pipeline to 2026-02-15 00:00:00+00:00, run_after=2026-02-16 00:00:00+00:00
[2026-02-15T13:04:33.761+0000] {processor.py:183} INFO - Processing /opt/airflow/dags/product_pipeline_dag.py took 0.307 seconds
[2026-02-15T13:05:04.577+0000] {processor.py:161} INFO - Started process (PID=29745) to work on /opt/airflow/dags/product_pipeline_dag.py
[2026-02-15T13:05:04.579+0000] {processor.py:830} INFO - Processing file /opt/airflow/dags/product_pipeline_dag.py for tasks to queue
[2026-02-15T13:05:04.583+0000] {logging_mixin.py:188} INFO - [2026-02-15T13:05:04.582+0000] {dagbag.py:545} INFO - Filling up the DagBag from /opt/airflow/dags/product_pipeline_dag.py
[2026-02-15T13:05:04.628+0000] {processor.py:840} INFO - DAG(s) 'product_price_pipeline' retrieved from /opt/airflow/dags/product_pipeline_dag.py
[2026-02-15T13:05:04.685+0000] {logging_mixin.py:188} INFO - [2026-02-15T13:05:04.684+0000] {dag.py:3089} INFO - Sync 1 DAGs
[2026-02-15T13:05:04.718+0000] {logging_mixin.py:188} INFO - [2026-02-15T13:05:04.718+0000] {dag.py:3947} INFO - Setting next_dagrun for product_price_pipeline to 2026-02-15 00:00:00+00:00, run_after=2026-02-16 00:00:00+00:00
[2026-02-15T13:05:04.763+0000] {processor.py:183} INFO - Processing /opt/airflow/dags/product_pipeline_dag.py took 0.194 seconds
[2026-02-15T13:05:35.156+0000] {processor.py:161} INFO - Started process (PID=29771) to work on /opt/airflow/dags/product_pipeline_dag.py
[2026-02-15T13:05:35.159+0000] {processor.py:830} INFO - Processing file /opt/airflow/dags/product_pipeline_dag.py for tasks to queue
[2026-02-15T13:05:35.163+0000] {logging_mixin.py:188} INFO - [2026-02-15T13:05:35.162+0000] {dagbag.py:545} INFO - Filling up the DagBag from /opt/airflow/dags/product_pipeline_dag.py
[2026-02-15T13:05:35.219+0000] {processor.py:840} INFO - DAG(s) 'product_price_pipeline' retrieved from /opt/airflow/dags/product_pipeline_dag.py
[2026-02-15T13:05:35.303+0000] {logging_mixin.py:188} INFO - [2026-02-15T13:05:35.303+0000] {dag.py:3089} INFO - Sync 1 DAGs
[2026-02-15T13:05:35.361+0000] {logging_mixin.py:188} INFO - [2026-02-15T13:05:35.360+0000] {dag.py:3947} INFO - Setting next_dagrun for product_price_pipeline to 2026-02-15 00:00:00+00:00, run_after=2026-02-16 00:00:00+00:00
[2026-02-15T13:05:35.401+0000] {processor.py:183} INFO - Processing /opt/airflow/dags/product_pipeline_dag.py took 0.256 seconds
[2026-02-15T13:10:03.558+0000] {processor.py:161} INFO - Started process (PID=29819) to work on /opt/airflow/dags/product_pipeline_dag.py
[2026-02-15T13:10:03.561+0000] {processor.py:830} INFO - Processing file /opt/airflow/dags/product_pipeline_dag.py for tasks to queue
[2026-02-15T13:10:03.567+0000] {logging_mixin.py:188} INFO - [2026-02-15T13:10:03.566+0000] {dagbag.py:545} INFO - Filling up the DagBag from /opt/airflow/dags/product_pipeline_dag.py
[2026-02-15T13:10:03.672+0000] {processor.py:840} INFO - DAG(s) 'product_price_pipeline' retrieved from /opt/airflow/dags/product_pipeline_dag.py
[2026-02-15T13:10:03.802+0000] {logging_mixin.py:188} INFO - [2026-02-15T13:10:03.801+0000] {dag.py:3089} INFO - Sync 1 DAGs
[2026-02-15T13:10:03.901+0000] {logging_mixin.py:188} INFO - [2026-02-15T13:10:03.901+0000] {dag.py:3947} INFO - Setting next_dagrun for product_price_pipeline to 2026-02-15 00:00:00+00:00, run_after=2026-02-16 00:00:00+00:00
[2026-02-15T13:10:03.991+0000] {processor.py:183} INFO - Processing /opt/airflow/dags/product_pipeline_dag.py took 0.446 seconds
[2026-02-15T13:10:35.017+0000] {processor.py:161} INFO - Started process (PID=29848) to work on /opt/airflow/dags/product_pipeline_dag.py
[2026-02-15T13:10:35.022+0000] {processor.py:830} INFO - Processing file /opt/airflow/dags/product_pipeline_dag.py for tasks to queue
[2026-02-15T13:10:35.027+0000] {logging_mixin.py:188} INFO - [2026-02-15T13:10:35.026+0000] {dagbag.py:545} INFO - Filling up the DagBag from /opt/airflow/dags/product_pipeline_dag.py
[2026-02-15T13:10:35.108+0000] {processor.py:840} INFO - DAG(s) 'product_price_pipeline' retrieved from /opt/airflow/dags/product_pipeline_dag.py
[2026-02-15T13:10:35.213+0000] {logging_mixin.py:188} INFO - [2026-02-15T13:10:35.212+0000] {dag.py:3089} INFO - Sync 1 DAGs
[2026-02-15T13:10:35.287+0000] {logging_mixin.py:188} INFO - [2026-02-15T13:10:35.286+0000] {dag.py:3947} INFO - Setting next_dagrun for product_price_pipeline to 2026-02-15 00:00:00+00:00, run_after=2026-02-16 00:00:00+00:00
[2026-02-15T13:10:35.354+0000] {processor.py:183} INFO - Processing /opt/airflow/dags/product_pipeline_dag.py took 0.348 seconds
[2026-02-15T13:11:05.891+0000] {processor.py:161} INFO - Started process (PID=29870) to work on /opt/airflow/dags/product_pipeline_dag.py
[2026-02-15T13:11:05.906+0000] {processor.py:830} INFO - Processing file /opt/airflow/dags/product_pipeline_dag.py for tasks to queue
[2026-02-15T13:11:05.910+0000] {logging_mixin.py:188} INFO - [2026-02-15T13:11:05.909+0000] {dagbag.py:545} INFO - Filling up the DagBag from /opt/airflow/dags/product_pipeline_dag.py
[2026-02-15T13:11:05.970+0000] {processor.py:840} INFO - DAG(s) 'product_price_pipeline' retrieved from /opt/airflow/dags/product_pipeline_dag.py
[2026-02-15T13:11:06.054+0000] {logging_mixin.py:188} INFO - [2026-02-15T13:11:06.053+0000] {dag.py:3089} INFO - Sync 1 DAGs
[2026-02-15T13:11:06.100+0000] {logging_mixin.py:188} INFO - [2026-02-15T13:11:06.099+0000] {dag.py:3947} INFO - Setting next_dagrun for product_price_pipeline to 2026-02-15 00:00:00+00:00, run_after=2026-02-16 00:00:00+00:00
[2026-02-15T13:11:06.162+0000] {processor.py:183} INFO - Processing /opt/airflow/dags/product_pipeline_dag.py took 0.284 seconds
[2026-02-15T13:11:36.541+0000] {processor.py:161} INFO - Started process (PID=29893) to work on /opt/airflow/dags/product_pipeline_dag.py
[2026-02-15T13:11:36.544+0000] {processor.py:830} INFO - Processing file /opt/airflow/dags/product_pipeline_dag.py for tasks to queue
[2026-02-15T13:11:36.550+0000] {logging_mixin.py:188} INFO - [2026-02-15T13:11:36.549+0000] {dagbag.py:545} INFO - Filling up the DagBag from /opt/airflow/dags/product_pipeline_dag.py
[2026-02-15T13:11:36.610+0000] {processor.py:840} INFO - DAG(s) 'product_price_pipeline' retrieved from /opt/airflow/dags/product_pipeline_dag.py
[2026-02-15T13:11:36.688+0000] {logging_mixin.py:188} INFO - [2026-02-15T13:11:36.687+0000] {dag.py:3089} INFO - Sync 1 DAGs
[2026-02-15T13:11:36.737+0000] {logging_mixin.py:188} INFO - [2026-02-15T13:11:36.737+0000] {dag.py:3947} INFO - Setting next_dagrun for product_price_pipeline to 2026-02-15 00:00:00+00:00, run_after=2026-02-16 00:00:00+00:00
[2026-02-15T13:11:36.796+0000] {processor.py:183} INFO - Processing /opt/airflow/dags/product_pipeline_dag.py took 0.266 seconds
[2026-02-15T13:12:07.265+0000] {processor.py:161} INFO - Started process (PID=29917) to work on /opt/airflow/dags/product_pipeline_dag.py
[2026-02-15T13:12:07.268+0000] {processor.py:830} INFO - Processing file /opt/airflow/dags/product_pipeline_dag.py for tasks to queue
[2026-02-15T13:12:07.272+0000] {logging_mixin.py:188} INFO - [2026-02-15T13:12:07.271+0000] {dagbag.py:545} INFO - Filling up the DagBag from /opt/airflow/dags/product_pipeline_dag.py
[2026-02-15T13:12:07.337+0000] {processor.py:840} INFO - DAG(s) 'product_price_pipeline' retrieved from /opt/airflow/dags/product_pipeline_dag.py
[2026-02-15T13:12:07.412+0000] {logging_mixin.py:188} INFO - [2026-02-15T13:12:07.411+0000] {dag.py:3089} INFO - Sync 1 DAGs
[2026-02-15T13:12:07.468+0000] {logging_mixin.py:188} INFO - [2026-02-15T13:12:07.467+0000] {dag.py:3947} INFO - Setting next_dagrun for product_price_pipeline to 2026-02-15 00:00:00+00:00, run_after=2026-02-16 00:00:00+00:00
[2026-02-15T13:12:07.527+0000] {processor.py:183} INFO - Processing /opt/airflow/dags/product_pipeline_dag.py took 0.274 seconds
[2026-02-15T13:12:37.757+0000] {processor.py:161} INFO - Started process (PID=29942) to work on /opt/airflow/dags/product_pipeline_dag.py
[2026-02-15T13:12:37.760+0000] {processor.py:830} INFO - Processing file /opt/airflow/dags/product_pipeline_dag.py for tasks to queue
[2026-02-15T13:12:37.765+0000] {logging_mixin.py:188} INFO - [2026-02-15T13:12:37.765+0000] {dagbag.py:545} INFO - Filling up the DagBag from /opt/airflow/dags/product_pipeline_dag.py
[2026-02-15T13:12:37.847+0000] {processor.py:840} INFO - DAG(s) 'product_price_pipeline' retrieved from /opt/airflow/dags/product_pipeline_dag.py
[2026-02-15T13:12:37.907+0000] {logging_mixin.py:188} INFO - [2026-02-15T13:12:37.906+0000] {dag.py:3089} INFO - Sync 1 DAGs
[2026-02-15T13:12:37.940+0000] {logging_mixin.py:188} INFO - [2026-02-15T13:12:37.940+0000] {dag.py:3947} INFO - Setting next_dagrun for product_price_pipeline to 2026-02-15 00:00:00+00:00, run_after=2026-02-16 00:00:00+00:00
[2026-02-15T13:12:37.975+0000] {processor.py:183} INFO - Processing /opt/airflow/dags/product_pipeline_dag.py took 0.230 seconds
[2026-02-15T13:13:09.886+0000] {processor.py:161} INFO - Started process (PID=29971) to work on /opt/airflow/dags/product_pipeline_dag.py
[2026-02-15T13:13:09.908+0000] {processor.py:830} INFO - Processing file /opt/airflow/dags/product_pipeline_dag.py for tasks to queue
[2026-02-15T13:13:10.078+0000] {logging_mixin.py:188} INFO - [2026-02-15T13:13:10.049+0000] {dagbag.py:545} INFO - Filling up the DagBag from /opt/airflow/dags/product_pipeline_dag.py
[2026-02-15T13:13:10.832+0000] {processor.py:840} INFO - DAG(s) 'product_price_pipeline' retrieved from /opt/airflow/dags/product_pipeline_dag.py
[2026-02-15T13:13:12.059+0000] {logging_mixin.py:188} INFO - [2026-02-15T13:13:12.057+0000] {dag.py:3089} INFO - Sync 1 DAGs
[2026-02-15T13:13:12.567+0000] {logging_mixin.py:188} INFO - [2026-02-15T13:13:12.566+0000] {dag.py:3947} INFO - Setting next_dagrun for product_price_pipeline to 2026-02-15 00:00:00+00:00, run_after=2026-02-16 00:00:00+00:00
[2026-02-15T13:13:12.786+0000] {processor.py:183} INFO - Processing /opt/airflow/dags/product_pipeline_dag.py took 3.341 seconds
[2026-02-15T13:13:45.648+0000] {processor.py:161} INFO - Started process (PID=30000) to work on /opt/airflow/dags/product_pipeline_dag.py
[2026-02-15T13:13:45.716+0000] {processor.py:830} INFO - Processing file /opt/airflow/dags/product_pipeline_dag.py for tasks to queue
[2026-02-15T13:13:45.901+0000] {logging_mixin.py:188} INFO - [2026-02-15T13:13:45.870+0000] {dagbag.py:545} INFO - Filling up the DagBag from /opt/airflow/dags/product_pipeline_dag.py
[2026-02-15T13:13:47.349+0000] {processor.py:840} INFO - DAG(s) 'product_price_pipeline' retrieved from /opt/airflow/dags/product_pipeline_dag.py
[2026-02-15T13:13:50.084+0000] {logging_mixin.py:188} INFO - [2026-02-15T13:13:50.083+0000] {dag.py:3089} INFO - Sync 1 DAGs
[2026-02-15T13:13:51.125+0000] {logging_mixin.py:188} INFO - [2026-02-15T13:13:51.122+0000] {dag.py:3947} INFO - Setting next_dagrun for product_price_pipeline to 2026-02-15 00:00:00+00:00, run_after=2026-02-16 00:00:00+00:00
[2026-02-15T13:13:51.537+0000] {processor.py:183} INFO - Processing /opt/airflow/dags/product_pipeline_dag.py took 6.494 seconds
[2026-02-15T13:14:22.012+0000] {processor.py:161} INFO - Started process (PID=30029) to work on /opt/airflow/dags/product_pipeline_dag.py
[2026-02-15T13:14:22.019+0000] {processor.py:830} INFO - Processing file /opt/airflow/dags/product_pipeline_dag.py for tasks to queue
[2026-02-15T13:14:22.028+0000] {logging_mixin.py:188} INFO - [2026-02-15T13:14:22.026+0000] {dagbag.py:545} INFO - Filling up the DagBag from /opt/airflow/dags/product_pipeline_dag.py
[2026-02-15T13:14:22.168+0000] {processor.py:840} INFO - DAG(s) 'product_price_pipeline' retrieved from /opt/airflow/dags/product_pipeline_dag.py
[2026-02-15T13:14:22.315+0000] {logging_mixin.py:188} INFO - [2026-02-15T13:14:22.313+0000] {dag.py:3089} INFO - Sync 1 DAGs
[2026-02-15T13:14:22.393+0000] {logging_mixin.py:188} INFO - [2026-02-15T13:14:22.393+0000] {dag.py:3947} INFO - Setting next_dagrun for product_price_pipeline to 2026-02-15 00:00:00+00:00, run_after=2026-02-16 00:00:00+00:00
[2026-02-15T13:14:22.509+0000] {processor.py:183} INFO - Processing /opt/airflow/dags/product_pipeline_dag.py took 0.527 seconds
[2026-02-15T13:15:10.350+0000] {processor.py:161} INFO - Started process (PID=30056) to work on /opt/airflow/dags/product_pipeline_dag.py
[2026-02-15T13:15:10.353+0000] {processor.py:830} INFO - Processing file /opt/airflow/dags/product_pipeline_dag.py for tasks to queue
[2026-02-15T13:15:10.358+0000] {logging_mixin.py:188} INFO - [2026-02-15T13:15:10.357+0000] {dagbag.py:545} INFO - Filling up the DagBag from /opt/airflow/dags/product_pipeline_dag.py
[2026-02-15T13:15:10.653+0000] {processor.py:840} INFO - DAG(s) 'product_price_pipeline' retrieved from /opt/airflow/dags/product_pipeline_dag.py
[2026-02-15T13:15:10.998+0000] {logging_mixin.py:188} INFO - [2026-02-15T13:15:10.997+0000] {dag.py:3089} INFO - Sync 1 DAGs
[2026-02-15T13:15:11.385+0000] {logging_mixin.py:188} INFO - [2026-02-15T13:15:11.383+0000] {dag.py:3947} INFO - Setting next_dagrun for product_price_pipeline to 2026-02-15 00:00:00+00:00, run_after=2026-02-16 00:00:00+00:00
[2026-02-15T13:15:11.524+0000] {processor.py:183} INFO - Processing /opt/airflow/dags/product_pipeline_dag.py took 1.186 seconds
[2026-02-15T13:15:41.902+0000] {processor.py:161} INFO - Started process (PID=30084) to work on /opt/airflow/dags/product_pipeline_dag.py
[2026-02-15T13:15:41.915+0000] {processor.py:830} INFO - Processing file /opt/airflow/dags/product_pipeline_dag.py for tasks to queue
[2026-02-15T13:15:41.922+0000] {logging_mixin.py:188} INFO - [2026-02-15T13:15:41.921+0000] {dagbag.py:545} INFO - Filling up the DagBag from /opt/airflow/dags/product_pipeline_dag.py
[2026-02-15T13:15:42.080+0000] {processor.py:840} INFO - DAG(s) 'product_price_pipeline' retrieved from /opt/airflow/dags/product_pipeline_dag.py
[2026-02-15T13:15:42.270+0000] {logging_mixin.py:188} INFO - [2026-02-15T13:15:42.269+0000] {dag.py:3089} INFO - Sync 1 DAGs
[2026-02-15T13:15:42.447+0000] {logging_mixin.py:188} INFO - [2026-02-15T13:15:42.445+0000] {dag.py:3947} INFO - Setting next_dagrun for product_price_pipeline to 2026-02-15 00:00:00+00:00, run_after=2026-02-16 00:00:00+00:00
[2026-02-15T13:15:42.570+0000] {processor.py:183} INFO - Processing /opt/airflow/dags/product_pipeline_dag.py took 0.688 seconds
[2026-02-15T13:16:14.884+0000] {processor.py:161} INFO - Started process (PID=30113) to work on /opt/airflow/dags/product_pipeline_dag.py
[2026-02-15T13:16:14.893+0000] {processor.py:830} INFO - Processing file /opt/airflow/dags/product_pipeline_dag.py for tasks to queue
[2026-02-15T13:16:14.903+0000] {logging_mixin.py:188} INFO - [2026-02-15T13:16:14.901+0000] {dagbag.py:545} INFO - Filling up the DagBag from /opt/airflow/dags/product_pipeline_dag.py
[2026-02-15T13:16:15.152+0000] {processor.py:840} INFO - DAG(s) 'product_price_pipeline' retrieved from /opt/airflow/dags/product_pipeline_dag.py
[2026-02-15T13:16:15.399+0000] {logging_mixin.py:188} INFO - [2026-02-15T13:16:15.398+0000] {dag.py:3089} INFO - Sync 1 DAGs
[2026-02-15T13:16:15.671+0000] {logging_mixin.py:188} INFO - [2026-02-15T13:16:15.670+0000] {dag.py:3947} INFO - Setting next_dagrun for product_price_pipeline to 2026-02-15 00:00:00+00:00, run_after=2026-02-16 00:00:00+00:00
[2026-02-15T13:16:15.752+0000] {processor.py:183} INFO - Processing /opt/airflow/dags/product_pipeline_dag.py took 0.886 seconds
[2026-02-15T13:16:46.167+0000] {processor.py:161} INFO - Started process (PID=30139) to work on /opt/airflow/dags/product_pipeline_dag.py
[2026-02-15T13:16:46.169+0000] {processor.py:830} INFO - Processing file /opt/airflow/dags/product_pipeline_dag.py for tasks to queue
[2026-02-15T13:16:46.175+0000] {logging_mixin.py:188} INFO - [2026-02-15T13:16:46.174+0000] {dagbag.py:545} INFO - Filling up the DagBag from /opt/airflow/dags/product_pipeline_dag.py
[2026-02-15T13:16:46.221+0000] {processor.py:840} INFO - DAG(s) 'product_price_pipeline' retrieved from /opt/airflow/dags/product_pipeline_dag.py
[2026-02-15T13:16:46.276+0000] {logging_mixin.py:188} INFO - [2026-02-15T13:16:46.276+0000] {dag.py:3089} INFO - Sync 1 DAGs
[2026-02-15T13:16:46.312+0000] {logging_mixin.py:188} INFO - [2026-02-15T13:16:46.312+0000] {dag.py:3947} INFO - Setting next_dagrun for product_price_pipeline to 2026-02-15 00:00:00+00:00, run_after=2026-02-16 00:00:00+00:00
[2026-02-15T13:16:46.357+0000] {processor.py:183} INFO - Processing /opt/airflow/dags/product_pipeline_dag.py took 0.201 seconds
[2026-02-15T13:17:17.283+0000] {processor.py:161} INFO - Started process (PID=30166) to work on /opt/airflow/dags/product_pipeline_dag.py
[2026-02-15T13:17:17.287+0000] {processor.py:830} INFO - Processing file /opt/airflow/dags/product_pipeline_dag.py for tasks to queue
[2026-02-15T13:17:17.292+0000] {logging_mixin.py:188} INFO - [2026-02-15T13:17:17.291+0000] {dagbag.py:545} INFO - Filling up the DagBag from /opt/airflow/dags/product_pipeline_dag.py
[2026-02-15T13:17:17.374+0000] {processor.py:840} INFO - DAG(s) 'product_price_pipeline' retrieved from /opt/airflow/dags/product_pipeline_dag.py
[2026-02-15T13:17:17.462+0000] {logging_mixin.py:188} INFO - [2026-02-15T13:17:17.462+0000] {dag.py:3089} INFO - Sync 1 DAGs
[2026-02-15T13:17:17.507+0000] {logging_mixin.py:188} INFO - [2026-02-15T13:17:17.507+0000] {dag.py:3947} INFO - Setting next_dagrun for product_price_pipeline to 2026-02-15 00:00:00+00:00, run_after=2026-02-16 00:00:00+00:00
[2026-02-15T13:17:17.554+0000] {processor.py:183} INFO - Processing /opt/airflow/dags/product_pipeline_dag.py took 0.284 seconds
[2026-02-15T13:17:48.450+0000] {processor.py:161} INFO - Started process (PID=30194) to work on /opt/airflow/dags/product_pipeline_dag.py
[2026-02-15T13:17:48.452+0000] {processor.py:830} INFO - Processing file /opt/airflow/dags/product_pipeline_dag.py for tasks to queue
[2026-02-15T13:17:48.457+0000] {logging_mixin.py:188} INFO - [2026-02-15T13:17:48.456+0000] {dagbag.py:545} INFO - Filling up the DagBag from /opt/airflow/dags/product_pipeline_dag.py
[2026-02-15T13:17:48.513+0000] {processor.py:840} INFO - DAG(s) 'product_price_pipeline' retrieved from /opt/airflow/dags/product_pipeline_dag.py
[2026-02-15T13:17:48.585+0000] {logging_mixin.py:188} INFO - [2026-02-15T13:17:48.585+0000] {dag.py:3089} INFO - Sync 1 DAGs
[2026-02-15T13:17:48.637+0000] {logging_mixin.py:188} INFO - [2026-02-15T13:17:48.636+0000] {dag.py:3947} INFO - Setting next_dagrun for product_price_pipeline to 2026-02-15 00:00:00+00:00, run_after=2026-02-16 00:00:00+00:00
[2026-02-15T13:17:48.709+0000] {processor.py:183} INFO - Processing /opt/airflow/dags/product_pipeline_dag.py took 0.271 seconds
[2026-02-15T13:18:19.221+0000] {processor.py:161} INFO - Started process (PID=30217) to work on /opt/airflow/dags/product_pipeline_dag.py
[2026-02-15T13:18:19.233+0000] {processor.py:830} INFO - Processing file /opt/airflow/dags/product_pipeline_dag.py for tasks to queue
[2026-02-15T13:18:19.237+0000] {logging_mixin.py:188} INFO - [2026-02-15T13:18:19.236+0000] {dagbag.py:545} INFO - Filling up the DagBag from /opt/airflow/dags/product_pipeline_dag.py
[2026-02-15T13:18:19.367+0000] {processor.py:840} INFO - DAG(s) 'product_price_pipeline' retrieved from /opt/airflow/dags/product_pipeline_dag.py
[2026-02-15T13:18:19.521+0000] {logging_mixin.py:188} INFO - [2026-02-15T13:18:19.519+0000] {dag.py:3089} INFO - Sync 1 DAGs
[2026-02-15T13:18:19.659+0000] {logging_mixin.py:188} INFO - [2026-02-15T13:18:19.658+0000] {dag.py:3947} INFO - Setting next_dagrun for product_price_pipeline to 2026-02-15 00:00:00+00:00, run_after=2026-02-16 00:00:00+00:00
[2026-02-15T13:18:19.732+0000] {processor.py:183} INFO - Processing /opt/airflow/dags/product_pipeline_dag.py took 0.518 seconds
[2026-02-15T13:18:50.401+0000] {processor.py:161} INFO - Started process (PID=30246) to work on /opt/airflow/dags/product_pipeline_dag.py
[2026-02-15T13:18:50.403+0000] {processor.py:830} INFO - Processing file /opt/airflow/dags/product_pipeline_dag.py for tasks to queue
[2026-02-15T13:18:50.409+0000] {logging_mixin.py:188} INFO - [2026-02-15T13:18:50.409+0000] {dagbag.py:545} INFO - Filling up the DagBag from /opt/airflow/dags/product_pipeline_dag.py
[2026-02-15T13:18:50.469+0000] {processor.py:840} INFO - DAG(s) 'product_price_pipeline' retrieved from /opt/airflow/dags/product_pipeline_dag.py
[2026-02-15T13:18:50.546+0000] {logging_mixin.py:188} INFO - [2026-02-15T13:18:50.545+0000] {dag.py:3089} INFO - Sync 1 DAGs
[2026-02-15T13:18:50.587+0000] {logging_mixin.py:188} INFO - [2026-02-15T13:18:50.587+0000] {dag.py:3947} INFO - Setting next_dagrun for product_price_pipeline to 2026-02-15 00:00:00+00:00, run_after=2026-02-16 00:00:00+00:00
[2026-02-15T13:18:50.641+0000] {processor.py:183} INFO - Processing /opt/airflow/dags/product_pipeline_dag.py took 0.248 seconds
[2026-02-15T13:19:21.311+0000] {processor.py:161} INFO - Started process (PID=30270) to work on /opt/airflow/dags/product_pipeline_dag.py
[2026-02-15T13:19:21.314+0000] {processor.py:830} INFO - Processing file /opt/airflow/dags/product_pipeline_dag.py for tasks to queue
[2026-02-15T13:19:21.319+0000] {logging_mixin.py:188} INFO - [2026-02-15T13:19:21.318+0000] {dagbag.py:545} INFO - Filling up the DagBag from /opt/airflow/dags/product_pipeline_dag.py
[2026-02-15T13:19:21.396+0000] {processor.py:840} INFO - DAG(s) 'product_price_pipeline' retrieved from /opt/airflow/dags/product_pipeline_dag.py
[2026-02-15T13:19:21.457+0000] {logging_mixin.py:188} INFO - [2026-02-15T13:19:21.457+0000] {dag.py:3089} INFO - Sync 1 DAGs
[2026-02-15T13:19:21.496+0000] {logging_mixin.py:188} INFO - [2026-02-15T13:19:21.496+0000] {dag.py:3947} INFO - Setting next_dagrun for product_price_pipeline to 2026-02-15 00:00:00+00:00, run_after=2026-02-16 00:00:00+00:00
[2026-02-15T13:19:21.541+0000] {processor.py:183} INFO - Processing /opt/airflow/dags/product_pipeline_dag.py took 0.247 seconds
[2026-02-15T13:19:51.642+0000] {processor.py:161} INFO - Started process (PID=30298) to work on /opt/airflow/dags/product_pipeline_dag.py
[2026-02-15T13:19:51.644+0000] {processor.py:830} INFO - Processing file /opt/airflow/dags/product_pipeline_dag.py for tasks to queue
[2026-02-15T13:19:51.649+0000] {logging_mixin.py:188} INFO - [2026-02-15T13:19:51.648+0000] {dagbag.py:545} INFO - Filling up the DagBag from /opt/airflow/dags/product_pipeline_dag.py
[2026-02-15T13:19:51.709+0000] {processor.py:840} INFO - DAG(s) 'product_price_pipeline' retrieved from /opt/airflow/dags/product_pipeline_dag.py
[2026-02-15T13:19:51.770+0000] {logging_mixin.py:188} INFO - [2026-02-15T13:19:51.769+0000] {dag.py:3089} INFO - Sync 1 DAGs
[2026-02-15T13:19:51.809+0000] {logging_mixin.py:188} INFO - [2026-02-15T13:19:51.808+0000] {dag.py:3947} INFO - Setting next_dagrun for product_price_pipeline to 2026-02-15 00:00:00+00:00, run_after=2026-02-16 00:00:00+00:00
[2026-02-15T13:19:51.848+0000] {processor.py:183} INFO - Processing /opt/airflow/dags/product_pipeline_dag.py took 0.213 seconds
[2026-02-15T13:20:22.111+0000] {processor.py:161} INFO - Started process (PID=30324) to work on /opt/airflow/dags/product_pipeline_dag.py
[2026-02-15T13:20:22.115+0000] {processor.py:830} INFO - Processing file /opt/airflow/dags/product_pipeline_dag.py for tasks to queue
[2026-02-15T13:20:22.121+0000] {logging_mixin.py:188} INFO - [2026-02-15T13:20:22.120+0000] {dagbag.py:545} INFO - Filling up the DagBag from /opt/airflow/dags/product_pipeline_dag.py
[2026-02-15T13:20:22.201+0000] {processor.py:840} INFO - DAG(s) 'product_price_pipeline' retrieved from /opt/airflow/dags/product_pipeline_dag.py
[2026-02-15T13:20:22.263+0000] {logging_mixin.py:188} INFO - [2026-02-15T13:20:22.262+0000] {dag.py:3089} INFO - Sync 1 DAGs
[2026-02-15T13:20:22.297+0000] {logging_mixin.py:188} INFO - [2026-02-15T13:20:22.297+0000] {dag.py:3947} INFO - Setting next_dagrun for product_price_pipeline to 2026-02-15 00:00:00+00:00, run_after=2026-02-16 00:00:00+00:00
[2026-02-15T13:20:22.352+0000] {processor.py:183} INFO - Processing /opt/airflow/dags/product_pipeline_dag.py took 0.257 seconds
[2026-02-15T13:20:52.519+0000] {processor.py:161} INFO - Started process (PID=30353) to work on /opt/airflow/dags/product_pipeline_dag.py
[2026-02-15T13:20:52.521+0000] {processor.py:830} INFO - Processing file /opt/airflow/dags/product_pipeline_dag.py for tasks to queue
[2026-02-15T13:20:52.524+0000] {logging_mixin.py:188} INFO - [2026-02-15T13:20:52.524+0000] {dagbag.py:545} INFO - Filling up the DagBag from /opt/airflow/dags/product_pipeline_dag.py
[2026-02-15T13:20:52.572+0000] {processor.py:840} INFO - DAG(s) 'product_price_pipeline' retrieved from /opt/airflow/dags/product_pipeline_dag.py
[2026-02-15T13:20:52.617+0000] {logging_mixin.py:188} INFO - [2026-02-15T13:20:52.617+0000] {dag.py:3089} INFO - Sync 1 DAGs
[2026-02-15T13:20:52.652+0000] {logging_mixin.py:188} INFO - [2026-02-15T13:20:52.652+0000] {dag.py:3947} INFO - Setting next_dagrun for product_price_pipeline to 2026-02-15 00:00:00+00:00, run_after=2026-02-16 00:00:00+00:00
[2026-02-15T13:20:52.686+0000] {processor.py:183} INFO - Processing /opt/airflow/dags/product_pipeline_dag.py took 0.177 seconds
[2026-02-15T13:21:23.215+0000] {processor.py:161} INFO - Started process (PID=30382) to work on /opt/airflow/dags/product_pipeline_dag.py
[2026-02-15T13:21:23.217+0000] {processor.py:830} INFO - Processing file /opt/airflow/dags/product_pipeline_dag.py for tasks to queue
[2026-02-15T13:21:23.222+0000] {logging_mixin.py:188} INFO - [2026-02-15T13:21:23.221+0000] {dagbag.py:545} INFO - Filling up the DagBag from /opt/airflow/dags/product_pipeline_dag.py
[2026-02-15T13:21:23.271+0000] {processor.py:840} INFO - DAG(s) 'product_price_pipeline' retrieved from /opt/airflow/dags/product_pipeline_dag.py
[2026-02-15T13:21:23.330+0000] {logging_mixin.py:188} INFO - [2026-02-15T13:21:23.330+0000] {dag.py:3089} INFO - Sync 1 DAGs
[2026-02-15T13:21:23.378+0000] {logging_mixin.py:188} INFO - [2026-02-15T13:21:23.377+0000] {dag.py:3947} INFO - Setting next_dagrun for product_price_pipeline to 2026-02-15 00:00:00+00:00, run_after=2026-02-16 00:00:00+00:00
[2026-02-15T13:21:23.413+0000] {processor.py:183} INFO - Processing /opt/airflow/dags/product_pipeline_dag.py took 0.209 seconds
[2026-02-15T13:21:53.889+0000] {processor.py:161} INFO - Started process (PID=30411) to work on /opt/airflow/dags/product_pipeline_dag.py
[2026-02-15T13:21:53.891+0000] {processor.py:830} INFO - Processing file /opt/airflow/dags/product_pipeline_dag.py for tasks to queue
[2026-02-15T13:21:53.894+0000] {logging_mixin.py:188} INFO - [2026-02-15T13:21:53.893+0000] {dagbag.py:545} INFO - Filling up the DagBag from /opt/airflow/dags/product_pipeline_dag.py
[2026-02-15T13:21:53.943+0000] {processor.py:840} INFO - DAG(s) 'product_price_pipeline' retrieved from /opt/airflow/dags/product_pipeline_dag.py
[2026-02-15T13:21:53.997+0000] {logging_mixin.py:188} INFO - [2026-02-15T13:21:53.996+0000] {dag.py:3089} INFO - Sync 1 DAGs
[2026-02-15T13:21:54.026+0000] {logging_mixin.py:188} INFO - [2026-02-15T13:21:54.026+0000] {dag.py:3947} INFO - Setting next_dagrun for product_price_pipeline to 2026-02-15 00:00:00+00:00, run_after=2026-02-16 00:00:00+00:00
[2026-02-15T13:21:54.059+0000] {processor.py:183} INFO - Processing /opt/airflow/dags/product_pipeline_dag.py took 0.180 seconds
[2026-02-15T14:16:56.210+0000] {processor.py:161} INFO - Started process (PID=30444) to work on /opt/airflow/dags/product_pipeline_dag.py
[2026-02-15T14:16:56.219+0000] {processor.py:830} INFO - Processing file /opt/airflow/dags/product_pipeline_dag.py for tasks to queue
[2026-02-15T14:16:56.273+0000] {logging_mixin.py:188} INFO - [2026-02-15T14:16:56.264+0000] {dagbag.py:545} INFO - Filling up the DagBag from /opt/airflow/dags/product_pipeline_dag.py
[2026-02-15T14:16:56.609+0000] {processor.py:840} INFO - DAG(s) 'product_price_pipeline' retrieved from /opt/airflow/dags/product_pipeline_dag.py
[2026-02-15T14:16:57.086+0000] {logging_mixin.py:188} INFO - [2026-02-15T14:16:57.082+0000] {dag.py:3089} INFO - Sync 1 DAGs
[2026-02-15T14:16:58.087+0000] {logging_mixin.py:188} INFO - [2026-02-15T14:16:58.083+0000] {dag.py:3947} INFO - Setting next_dagrun for product_price_pipeline to 2026-02-15 00:00:00+00:00, run_after=2026-02-16 00:00:00+00:00
[2026-02-15T14:16:58.471+0000] {processor.py:183} INFO - Processing /opt/airflow/dags/product_pipeline_dag.py took 2.434 seconds
[2026-02-15T14:17:30.104+0000] {processor.py:161} INFO - Started process (PID=30467) to work on /opt/airflow/dags/product_pipeline_dag.py
[2026-02-15T14:17:30.119+0000] {processor.py:830} INFO - Processing file /opt/airflow/dags/product_pipeline_dag.py for tasks to queue
[2026-02-15T14:17:30.179+0000] {logging_mixin.py:188} INFO - [2026-02-15T14:17:30.176+0000] {dagbag.py:545} INFO - Filling up the DagBag from /opt/airflow/dags/product_pipeline_dag.py
[2026-02-15T14:17:30.795+0000] {processor.py:840} INFO - DAG(s) 'product_price_pipeline' retrieved from /opt/airflow/dags/product_pipeline_dag.py
[2026-02-15T14:17:31.876+0000] {logging_mixin.py:188} INFO - [2026-02-15T14:17:31.874+0000] {dag.py:3089} INFO - Sync 1 DAGs
[2026-02-15T14:17:32.327+0000] {logging_mixin.py:188} INFO - [2026-02-15T14:17:32.325+0000] {dag.py:3947} INFO - Setting next_dagrun for product_price_pipeline to 2026-02-15 00:00:00+00:00, run_after=2026-02-16 00:00:00+00:00
[2026-02-15T14:17:32.563+0000] {processor.py:183} INFO - Processing /opt/airflow/dags/product_pipeline_dag.py took 2.577 seconds
[2026-02-15T14:18:03.542+0000] {processor.py:161} INFO - Started process (PID=30492) to work on /opt/airflow/dags/product_pipeline_dag.py
[2026-02-15T14:18:03.554+0000] {processor.py:830} INFO - Processing file /opt/airflow/dags/product_pipeline_dag.py for tasks to queue
[2026-02-15T14:18:03.629+0000] {logging_mixin.py:188} INFO - [2026-02-15T14:18:03.611+0000] {dagbag.py:545} INFO - Filling up the DagBag from /opt/airflow/dags/product_pipeline_dag.py
[2026-02-15T14:18:03.997+0000] {processor.py:840} INFO - DAG(s) 'product_price_pipeline' retrieved from /opt/airflow/dags/product_pipeline_dag.py
[2026-02-15T14:18:04.528+0000] {logging_mixin.py:188} INFO - [2026-02-15T14:18:04.526+0000] {dag.py:3089} INFO - Sync 1 DAGs
[2026-02-15T14:18:04.845+0000] {logging_mixin.py:188} INFO - [2026-02-15T14:18:04.844+0000] {dag.py:3947} INFO - Setting next_dagrun for product_price_pipeline to 2026-02-15 00:00:00+00:00, run_after=2026-02-16 00:00:00+00:00
[2026-02-15T14:18:04.970+0000] {processor.py:183} INFO - Processing /opt/airflow/dags/product_pipeline_dag.py took 1.643 seconds
[2026-02-15T14:18:35.365+0000] {processor.py:161} INFO - Started process (PID=30521) to work on /opt/airflow/dags/product_pipeline_dag.py
[2026-02-15T14:18:35.372+0000] {processor.py:830} INFO - Processing file /opt/airflow/dags/product_pipeline_dag.py for tasks to queue
[2026-02-15T14:18:35.380+0000] {logging_mixin.py:188} INFO - [2026-02-15T14:18:35.380+0000] {dagbag.py:545} INFO - Filling up the DagBag from /opt/airflow/dags/product_pipeline_dag.py
[2026-02-15T14:18:35.532+0000] {processor.py:840} INFO - DAG(s) 'product_price_pipeline' retrieved from /opt/airflow/dags/product_pipeline_dag.py
[2026-02-15T14:18:35.739+0000] {logging_mixin.py:188} INFO - [2026-02-15T14:18:35.738+0000] {dag.py:3089} INFO - Sync 1 DAGs
[2026-02-15T14:18:35.839+0000] {logging_mixin.py:188} INFO - [2026-02-15T14:18:35.839+0000] {dag.py:3947} INFO - Setting next_dagrun for product_price_pipeline to 2026-02-15 00:00:00+00:00, run_after=2026-02-16 00:00:00+00:00
[2026-02-15T14:18:35.913+0000] {processor.py:183} INFO - Processing /opt/airflow/dags/product_pipeline_dag.py took 0.572 seconds
[2026-02-15T14:19:06.191+0000] {processor.py:161} INFO - Started process (PID=30550) to work on /opt/airflow/dags/product_pipeline_dag.py
[2026-02-15T14:19:06.194+0000] {processor.py:830} INFO - Processing file /opt/airflow/dags/product_pipeline_dag.py for tasks to queue
[2026-02-15T14:19:06.199+0000] {logging_mixin.py:188} INFO - [2026-02-15T14:19:06.199+0000] {dagbag.py:545} INFO - Filling up the DagBag from /opt/airflow/dags/product_pipeline_dag.py
[2026-02-15T14:19:06.341+0000] {processor.py:840} INFO - DAG(s) 'product_price_pipeline' retrieved from /opt/airflow/dags/product_pipeline_dag.py
[2026-02-15T14:19:06.472+0000] {logging_mixin.py:188} INFO - [2026-02-15T14:19:06.471+0000] {dag.py:3089} INFO - Sync 1 DAGs
[2026-02-15T14:19:06.607+0000] {logging_mixin.py:188} INFO - [2026-02-15T14:19:06.606+0000] {dag.py:3947} INFO - Setting next_dagrun for product_price_pipeline to 2026-02-15 00:00:00+00:00, run_after=2026-02-16 00:00:00+00:00
[2026-02-15T14:19:06.680+0000] {processor.py:183} INFO - Processing /opt/airflow/dags/product_pipeline_dag.py took 0.499 seconds
[2026-02-15T14:19:37.557+0000] {processor.py:161} INFO - Started process (PID=30579) to work on /opt/airflow/dags/product_pipeline_dag.py
[2026-02-15T14:19:37.559+0000] {processor.py:830} INFO - Processing file /opt/airflow/dags/product_pipeline_dag.py for tasks to queue
[2026-02-15T14:19:37.563+0000] {logging_mixin.py:188} INFO - [2026-02-15T14:19:37.562+0000] {dagbag.py:545} INFO - Filling up the DagBag from /opt/airflow/dags/product_pipeline_dag.py
[2026-02-15T14:19:37.609+0000] {processor.py:840} INFO - DAG(s) 'product_price_pipeline' retrieved from /opt/airflow/dags/product_pipeline_dag.py
[2026-02-15T14:19:37.659+0000] {logging_mixin.py:188} INFO - [2026-02-15T14:19:37.659+0000] {dag.py:3089} INFO - Sync 1 DAGs
[2026-02-15T14:19:37.693+0000] {logging_mixin.py:188} INFO - [2026-02-15T14:19:37.692+0000] {dag.py:3947} INFO - Setting next_dagrun for product_price_pipeline to 2026-02-15 00:00:00+00:00, run_after=2026-02-16 00:00:00+00:00
[2026-02-15T14:19:37.736+0000] {processor.py:183} INFO - Processing /opt/airflow/dags/product_pipeline_dag.py took 0.189 seconds
[2026-02-15T14:20:08.793+0000] {processor.py:161} INFO - Started process (PID=30606) to work on /opt/airflow/dags/product_pipeline_dag.py
[2026-02-15T14:20:08.798+0000] {processor.py:830} INFO - Processing file /opt/airflow/dags/product_pipeline_dag.py for tasks to queue
[2026-02-15T14:20:08.802+0000] {logging_mixin.py:188} INFO - [2026-02-15T14:20:08.801+0000] {dagbag.py:545} INFO - Filling up the DagBag from /opt/airflow/dags/product_pipeline_dag.py
[2026-02-15T14:20:09.073+0000] {processor.py:840} INFO - DAG(s) 'product_price_pipeline' retrieved from /opt/airflow/dags/product_pipeline_dag.py
[2026-02-15T14:20:09.435+0000] {logging_mixin.py:188} INFO - [2026-02-15T14:20:09.434+0000] {dag.py:3089} INFO - Sync 1 DAGs
[2026-02-15T14:20:09.783+0000] {logging_mixin.py:188} INFO - [2026-02-15T14:20:09.783+0000] {dag.py:3947} INFO - Setting next_dagrun for product_price_pipeline to 2026-02-15 00:00:00+00:00, run_after=2026-02-16 00:00:00+00:00
[2026-02-15T14:20:09.989+0000] {processor.py:183} INFO - Processing /opt/airflow/dags/product_pipeline_dag.py took 1.218 seconds
[2026-02-15T14:20:55.473+0000] {processor.py:161} INFO - Started process (PID=30635) to work on /opt/airflow/dags/product_pipeline_dag.py
[2026-02-15T14:20:55.482+0000] {processor.py:830} INFO - Processing file /opt/airflow/dags/product_pipeline_dag.py for tasks to queue
[2026-02-15T14:20:55.504+0000] {logging_mixin.py:188} INFO - [2026-02-15T14:20:55.503+0000] {dagbag.py:545} INFO - Filling up the DagBag from /opt/airflow/dags/product_pipeline_dag.py
[2026-02-15T14:20:56.505+0000] {processor.py:840} INFO - DAG(s) 'product_price_pipeline' retrieved from /opt/airflow/dags/product_pipeline_dag.py
[2026-02-15T14:20:56.825+0000] {logging_mixin.py:188} INFO - [2026-02-15T14:20:56.825+0000] {dag.py:3089} INFO - Sync 1 DAGs
[2026-02-15T14:20:57.112+0000] {logging_mixin.py:188} INFO - [2026-02-15T14:20:57.110+0000] {dag.py:3947} INFO - Setting next_dagrun for product_price_pipeline to 2026-02-15 00:00:00+00:00, run_after=2026-02-16 00:00:00+00:00
[2026-02-15T14:20:57.256+0000] {processor.py:183} INFO - Processing /opt/airflow/dags/product_pipeline_dag.py took 1.295 seconds
[2026-02-15T14:21:27.904+0000] {processor.py:161} INFO - Started process (PID=30657) to work on /opt/airflow/dags/product_pipeline_dag.py
[2026-02-15T14:21:27.912+0000] {processor.py:830} INFO - Processing file /opt/airflow/dags/product_pipeline_dag.py for tasks to queue
[2026-02-15T14:21:27.929+0000] {logging_mixin.py:188} INFO - [2026-02-15T14:21:27.927+0000] {dagbag.py:545} INFO - Filling up the DagBag from /opt/airflow/dags/product_pipeline_dag.py
[2026-02-15T14:21:28.358+0000] {processor.py:840} INFO - DAG(s) 'product_price_pipeline' retrieved from /opt/airflow/dags/product_pipeline_dag.py
[2026-02-15T14:21:28.928+0000] {logging_mixin.py:188} INFO - [2026-02-15T14:21:28.927+0000] {dag.py:3089} INFO - Sync 1 DAGs
[2026-02-15T14:21:29.239+0000] {logging_mixin.py:188} INFO - [2026-02-15T14:21:29.238+0000] {dag.py:3947} INFO - Setting next_dagrun for product_price_pipeline to 2026-02-15 00:00:00+00:00, run_after=2026-02-16 00:00:00+00:00
[2026-02-15T14:21:29.429+0000] {processor.py:183} INFO - Processing /opt/airflow/dags/product_pipeline_dag.py took 1.600 seconds
[2026-02-15T14:22:00.450+0000] {processor.py:161} INFO - Started process (PID=30686) to work on /opt/airflow/dags/product_pipeline_dag.py
[2026-02-15T14:22:00.454+0000] {processor.py:830} INFO - Processing file /opt/airflow/dags/product_pipeline_dag.py for tasks to queue
[2026-02-15T14:22:00.460+0000] {logging_mixin.py:188} INFO - [2026-02-15T14:22:00.459+0000] {dagbag.py:545} INFO - Filling up the DagBag from /opt/airflow/dags/product_pipeline_dag.py
[2026-02-15T14:22:00.545+0000] {processor.py:840} INFO - DAG(s) 'product_price_pipeline' retrieved from /opt/airflow/dags/product_pipeline_dag.py
[2026-02-15T14:22:00.612+0000] {logging_mixin.py:188} INFO - [2026-02-15T14:22:00.611+0000] {dag.py:3089} INFO - Sync 1 DAGs
[2026-02-15T14:22:00.653+0000] {logging_mixin.py:188} INFO - [2026-02-15T14:22:00.653+0000] {dag.py:3947} INFO - Setting next_dagrun for product_price_pipeline to 2026-02-15 00:00:00+00:00, run_after=2026-02-16 00:00:00+00:00
[2026-02-15T14:22:00.695+0000] {processor.py:183} INFO - Processing /opt/airflow/dags/product_pipeline_dag.py took 0.257 seconds
[2026-02-15T14:22:31.309+0000] {processor.py:161} INFO - Started process (PID=30712) to work on /opt/airflow/dags/product_pipeline_dag.py
[2026-02-15T14:22:31.311+0000] {processor.py:830} INFO - Processing file /opt/airflow/dags/product_pipeline_dag.py for tasks to queue
[2026-02-15T14:22:31.315+0000] {logging_mixin.py:188} INFO - [2026-02-15T14:22:31.314+0000] {dagbag.py:545} INFO - Filling up the DagBag from /opt/airflow/dags/product_pipeline_dag.py
[2026-02-15T14:22:31.357+0000] {processor.py:840} INFO - DAG(s) 'product_price_pipeline' retrieved from /opt/airflow/dags/product_pipeline_dag.py
[2026-02-15T14:22:31.445+0000] {logging_mixin.py:188} INFO - [2026-02-15T14:22:31.444+0000] {dag.py:3089} INFO - Sync 1 DAGs
[2026-02-15T14:22:31.479+0000] {logging_mixin.py:188} INFO - [2026-02-15T14:22:31.478+0000] {dag.py:3947} INFO - Setting next_dagrun for product_price_pipeline to 2026-02-15 00:00:00+00:00, run_after=2026-02-16 00:00:00+00:00
[2026-02-15T14:22:31.516+0000] {processor.py:183} INFO - Processing /opt/airflow/dags/product_pipeline_dag.py took 0.218 seconds
[2026-02-15T14:23:02.157+0000] {processor.py:161} INFO - Started process (PID=30741) to work on /opt/airflow/dags/product_pipeline_dag.py
[2026-02-15T14:23:02.161+0000] {processor.py:830} INFO - Processing file /opt/airflow/dags/product_pipeline_dag.py for tasks to queue
[2026-02-15T14:23:02.164+0000] {logging_mixin.py:188} INFO - [2026-02-15T14:23:02.164+0000] {dagbag.py:545} INFO - Filling up the DagBag from /opt/airflow/dags/product_pipeline_dag.py
[2026-02-15T14:23:02.234+0000] {processor.py:840} INFO - DAG(s) 'product_price_pipeline' retrieved from /opt/airflow/dags/product_pipeline_dag.py
[2026-02-15T14:23:02.296+0000] {logging_mixin.py:188} INFO - [2026-02-15T14:23:02.295+0000] {dag.py:3089} INFO - Sync 1 DAGs
[2026-02-15T14:23:02.337+0000] {logging_mixin.py:188} INFO - [2026-02-15T14:23:02.336+0000] {dag.py:3947} INFO - Setting next_dagrun for product_price_pipeline to 2026-02-15 00:00:00+00:00, run_after=2026-02-16 00:00:00+00:00
[2026-02-15T14:23:02.396+0000] {processor.py:183} INFO - Processing /opt/airflow/dags/product_pipeline_dag.py took 0.251 seconds
[2026-02-15T14:23:32.690+0000] {processor.py:161} INFO - Started process (PID=30770) to work on /opt/airflow/dags/product_pipeline_dag.py
[2026-02-15T14:23:32.696+0000] {processor.py:830} INFO - Processing file /opt/airflow/dags/product_pipeline_dag.py for tasks to queue
[2026-02-15T14:23:32.702+0000] {logging_mixin.py:188} INFO - [2026-02-15T14:23:32.701+0000] {dagbag.py:545} INFO - Filling up the DagBag from /opt/airflow/dags/product_pipeline_dag.py
[2026-02-15T14:23:32.774+0000] {processor.py:840} INFO - DAG(s) 'product_price_pipeline' retrieved from /opt/airflow/dags/product_pipeline_dag.py
[2026-02-15T14:23:32.851+0000] {logging_mixin.py:188} INFO - [2026-02-15T14:23:32.851+0000] {dag.py:3089} INFO - Sync 1 DAGs
[2026-02-15T14:23:32.901+0000] {logging_mixin.py:188} INFO - [2026-02-15T14:23:32.901+0000] {dag.py:3947} INFO - Setting next_dagrun for product_price_pipeline to 2026-02-15 00:00:00+00:00, run_after=2026-02-16 00:00:00+00:00
[2026-02-15T14:23:32.949+0000] {processor.py:183} INFO - Processing /opt/airflow/dags/product_pipeline_dag.py took 0.269 seconds
[2026-02-15T14:24:03.569+0000] {processor.py:161} INFO - Started process (PID=30799) to work on /opt/airflow/dags/product_pipeline_dag.py
[2026-02-15T14:24:03.571+0000] {processor.py:830} INFO - Processing file /opt/airflow/dags/product_pipeline_dag.py for tasks to queue
[2026-02-15T14:24:03.575+0000] {logging_mixin.py:188} INFO - [2026-02-15T14:24:03.575+0000] {dagbag.py:545} INFO - Filling up the DagBag from /opt/airflow/dags/product_pipeline_dag.py
[2026-02-15T14:24:03.631+0000] {processor.py:840} INFO - DAG(s) 'product_price_pipeline' retrieved from /opt/airflow/dags/product_pipeline_dag.py
[2026-02-15T14:24:03.696+0000] {logging_mixin.py:188} INFO - [2026-02-15T14:24:03.696+0000] {dag.py:3089} INFO - Sync 1 DAGs
[2026-02-15T14:24:03.733+0000] {logging_mixin.py:188} INFO - [2026-02-15T14:24:03.732+0000] {dag.py:3947} INFO - Setting next_dagrun for product_price_pipeline to 2026-02-15 00:00:00+00:00, run_after=2026-02-16 00:00:00+00:00
[2026-02-15T14:24:03.773+0000] {processor.py:183} INFO - Processing /opt/airflow/dags/product_pipeline_dag.py took 0.218 seconds
[2026-02-15T14:24:34.647+0000] {processor.py:161} INFO - Started process (PID=30828) to work on /opt/airflow/dags/product_pipeline_dag.py
[2026-02-15T14:24:34.648+0000] {processor.py:830} INFO - Processing file /opt/airflow/dags/product_pipeline_dag.py for tasks to queue
[2026-02-15T14:24:34.653+0000] {logging_mixin.py:188} INFO - [2026-02-15T14:24:34.651+0000] {dagbag.py:545} INFO - Filling up the DagBag from /opt/airflow/dags/product_pipeline_dag.py
[2026-02-15T14:24:34.697+0000] {processor.py:840} INFO - DAG(s) 'product_price_pipeline' retrieved from /opt/airflow/dags/product_pipeline_dag.py
[2026-02-15T14:24:34.772+0000] {logging_mixin.py:188} INFO - [2026-02-15T14:24:34.772+0000] {dag.py:3089} INFO - Sync 1 DAGs
[2026-02-15T14:24:34.810+0000] {logging_mixin.py:188} INFO - [2026-02-15T14:24:34.810+0000] {dag.py:3947} INFO - Setting next_dagrun for product_price_pipeline to 2026-02-15 00:00:00+00:00, run_after=2026-02-16 00:00:00+00:00
[2026-02-15T14:24:34.860+0000] {processor.py:183} INFO - Processing /opt/airflow/dags/product_pipeline_dag.py took 0.222 seconds
[2026-02-15T14:25:05.041+0000] {processor.py:161} INFO - Started process (PID=30857) to work on /opt/airflow/dags/product_pipeline_dag.py
[2026-02-15T14:25:05.051+0000] {processor.py:830} INFO - Processing file /opt/airflow/dags/product_pipeline_dag.py for tasks to queue
[2026-02-15T14:25:05.055+0000] {logging_mixin.py:188} INFO - [2026-02-15T14:25:05.054+0000] {dagbag.py:545} INFO - Filling up the DagBag from /opt/airflow/dags/product_pipeline_dag.py
[2026-02-15T14:25:05.107+0000] {processor.py:840} INFO - DAG(s) 'product_price_pipeline' retrieved from /opt/airflow/dags/product_pipeline_dag.py
[2026-02-15T14:25:05.177+0000] {logging_mixin.py:188} INFO - [2026-02-15T14:25:05.177+0000] {dag.py:3089} INFO - Sync 1 DAGs
[2026-02-15T14:25:05.216+0000] {logging_mixin.py:188} INFO - [2026-02-15T14:25:05.216+0000] {dag.py:3947} INFO - Setting next_dagrun for product_price_pipeline to 2026-02-15 00:00:00+00:00, run_after=2026-02-16 00:00:00+00:00
[2026-02-15T14:25:05.280+0000] {processor.py:183} INFO - Processing /opt/airflow/dags/product_pipeline_dag.py took 0.249 seconds
[2026-02-15T14:25:35.577+0000] {processor.py:161} INFO - Started process (PID=30886) to work on /opt/airflow/dags/product_pipeline_dag.py
[2026-02-15T14:25:35.579+0000] {processor.py:830} INFO - Processing file /opt/airflow/dags/product_pipeline_dag.py for tasks to queue
[2026-02-15T14:25:35.583+0000] {logging_mixin.py:188} INFO - [2026-02-15T14:25:35.582+0000] {dagbag.py:545} INFO - Filling up the DagBag from /opt/airflow/dags/product_pipeline_dag.py
[2026-02-15T14:25:35.632+0000] {processor.py:840} INFO - DAG(s) 'product_price_pipeline' retrieved from /opt/airflow/dags/product_pipeline_dag.py
[2026-02-15T14:25:35.700+0000] {logging_mixin.py:188} INFO - [2026-02-15T14:25:35.699+0000] {dag.py:3089} INFO - Sync 1 DAGs
[2026-02-15T14:25:35.736+0000] {logging_mixin.py:188} INFO - [2026-02-15T14:25:35.735+0000] {dag.py:3947} INFO - Setting next_dagrun for product_price_pipeline to 2026-02-15 00:00:00+00:00, run_after=2026-02-16 00:00:00+00:00
[2026-02-15T14:25:35.785+0000] {processor.py:183} INFO - Processing /opt/airflow/dags/product_pipeline_dag.py took 0.219 seconds
[2026-02-15T14:26:06.089+0000] {processor.py:161} INFO - Started process (PID=30915) to work on /opt/airflow/dags/product_pipeline_dag.py
[2026-02-15T14:26:06.092+0000] {processor.py:830} INFO - Processing file /opt/airflow/dags/product_pipeline_dag.py for tasks to queue
[2026-02-15T14:26:06.095+0000] {logging_mixin.py:188} INFO - [2026-02-15T14:26:06.095+0000] {dagbag.py:545} INFO - Filling up the DagBag from /opt/airflow/dags/product_pipeline_dag.py
[2026-02-15T14:26:06.161+0000] {processor.py:840} INFO - DAG(s) 'product_price_pipeline' retrieved from /opt/airflow/dags/product_pipeline_dag.py
[2026-02-15T14:26:06.217+0000] {logging_mixin.py:188} INFO - [2026-02-15T14:26:06.216+0000] {dag.py:3089} INFO - Sync 1 DAGs
[2026-02-15T14:26:06.247+0000] {logging_mixin.py:188} INFO - [2026-02-15T14:26:06.247+0000] {dag.py:3947} INFO - Setting next_dagrun for product_price_pipeline to 2026-02-15 00:00:00+00:00, run_after=2026-02-16 00:00:00+00:00
[2026-02-15T14:26:06.283+0000] {processor.py:183} INFO - Processing /opt/airflow/dags/product_pipeline_dag.py took 0.212 seconds
[2026-02-15T14:26:36.628+0000] {processor.py:161} INFO - Started process (PID=30944) to work on /opt/airflow/dags/product_pipeline_dag.py
[2026-02-15T14:26:36.630+0000] {processor.py:830} INFO - Processing file /opt/airflow/dags/product_pipeline_dag.py for tasks to queue
[2026-02-15T14:26:36.634+0000] {logging_mixin.py:188} INFO - [2026-02-15T14:26:36.633+0000] {dagbag.py:545} INFO - Filling up the DagBag from /opt/airflow/dags/product_pipeline_dag.py
[2026-02-15T14:26:36.682+0000] {processor.py:840} INFO - DAG(s) 'product_price_pipeline' retrieved from /opt/airflow/dags/product_pipeline_dag.py
[2026-02-15T14:26:36.741+0000] {logging_mixin.py:188} INFO - [2026-02-15T14:26:36.741+0000] {dag.py:3089} INFO - Sync 1 DAGs
[2026-02-15T14:26:36.802+0000] {logging_mixin.py:188} INFO - [2026-02-15T14:26:36.802+0000] {dag.py:3947} INFO - Setting next_dagrun for product_price_pipeline to 2026-02-15 00:00:00+00:00, run_after=2026-02-16 00:00:00+00:00
[2026-02-15T14:26:36.846+0000] {processor.py:183} INFO - Processing /opt/airflow/dags/product_pipeline_dag.py took 0.228 seconds
[2026-02-15T14:27:07.684+0000] {processor.py:161} INFO - Started process (PID=30973) to work on /opt/airflow/dags/product_pipeline_dag.py
[2026-02-15T14:27:07.687+0000] {processor.py:830} INFO - Processing file /opt/airflow/dags/product_pipeline_dag.py for tasks to queue
[2026-02-15T14:27:07.691+0000] {logging_mixin.py:188} INFO - [2026-02-15T14:27:07.690+0000] {dagbag.py:545} INFO - Filling up the DagBag from /opt/airflow/dags/product_pipeline_dag.py
[2026-02-15T14:27:07.751+0000] {processor.py:840} INFO - DAG(s) 'product_price_pipeline' retrieved from /opt/airflow/dags/product_pipeline_dag.py
[2026-02-15T14:27:07.813+0000] {logging_mixin.py:188} INFO - [2026-02-15T14:27:07.813+0000] {dag.py:3089} INFO - Sync 1 DAGs
[2026-02-15T14:27:07.844+0000] {logging_mixin.py:188} INFO - [2026-02-15T14:27:07.843+0000] {dag.py:3947} INFO - Setting next_dagrun for product_price_pipeline to 2026-02-15 00:00:00+00:00, run_after=2026-02-16 00:00:00+00:00
[2026-02-15T14:27:07.885+0000] {processor.py:183} INFO - Processing /opt/airflow/dags/product_pipeline_dag.py took 0.211 seconds
[2026-02-15T14:27:38.911+0000] {processor.py:161} INFO - Started process (PID=31002) to work on /opt/airflow/dags/product_pipeline_dag.py
[2026-02-15T14:27:38.914+0000] {processor.py:830} INFO - Processing file /opt/airflow/dags/product_pipeline_dag.py for tasks to queue
[2026-02-15T14:27:38.918+0000] {logging_mixin.py:188} INFO - [2026-02-15T14:27:38.917+0000] {dagbag.py:545} INFO - Filling up the DagBag from /opt/airflow/dags/product_pipeline_dag.py
[2026-02-15T14:27:38.980+0000] {processor.py:840} INFO - DAG(s) 'product_price_pipeline' retrieved from /opt/airflow/dags/product_pipeline_dag.py
[2026-02-15T14:27:39.040+0000] {logging_mixin.py:188} INFO - [2026-02-15T14:27:39.039+0000] {dag.py:3089} INFO - Sync 1 DAGs
[2026-02-15T14:27:39.079+0000] {logging_mixin.py:188} INFO - [2026-02-15T14:27:39.078+0000] {dag.py:3947} INFO - Setting next_dagrun for product_price_pipeline to 2026-02-15 00:00:00+00:00, run_after=2026-02-16 00:00:00+00:00
[2026-02-15T14:27:39.125+0000] {processor.py:183} INFO - Processing /opt/airflow/dags/product_pipeline_dag.py took 0.233 seconds
[2026-02-15T14:28:10.310+0000] {processor.py:161} INFO - Started process (PID=31031) to work on /opt/airflow/dags/product_pipeline_dag.py
[2026-02-15T14:28:10.312+0000] {processor.py:830} INFO - Processing file /opt/airflow/dags/product_pipeline_dag.py for tasks to queue
[2026-02-15T14:28:10.315+0000] {logging_mixin.py:188} INFO - [2026-02-15T14:28:10.315+0000] {dagbag.py:545} INFO - Filling up the DagBag from /opt/airflow/dags/product_pipeline_dag.py
[2026-02-15T14:28:10.364+0000] {processor.py:840} INFO - DAG(s) 'product_price_pipeline' retrieved from /opt/airflow/dags/product_pipeline_dag.py
[2026-02-15T14:28:10.418+0000] {logging_mixin.py:188} INFO - [2026-02-15T14:28:10.417+0000] {dag.py:3089} INFO - Sync 1 DAGs
[2026-02-15T14:28:10.459+0000] {logging_mixin.py:188} INFO - [2026-02-15T14:28:10.459+0000] {dag.py:3947} INFO - Setting next_dagrun for product_price_pipeline to 2026-02-15 00:00:00+00:00, run_after=2026-02-16 00:00:00+00:00
[2026-02-15T14:28:10.500+0000] {processor.py:183} INFO - Processing /opt/airflow/dags/product_pipeline_dag.py took 0.203 seconds
[2026-02-15T14:28:40.681+0000] {processor.py:161} INFO - Started process (PID=31060) to work on /opt/airflow/dags/product_pipeline_dag.py
[2026-02-15T14:28:40.683+0000] {processor.py:830} INFO - Processing file /opt/airflow/dags/product_pipeline_dag.py for tasks to queue
[2026-02-15T14:28:40.687+0000] {logging_mixin.py:188} INFO - [2026-02-15T14:28:40.686+0000] {dagbag.py:545} INFO - Filling up the DagBag from /opt/airflow/dags/product_pipeline_dag.py
[2026-02-15T14:28:40.744+0000] {processor.py:840} INFO - DAG(s) 'product_price_pipeline' retrieved from /opt/airflow/dags/product_pipeline_dag.py
[2026-02-15T14:28:40.804+0000] {logging_mixin.py:188} INFO - [2026-02-15T14:28:40.804+0000] {dag.py:3089} INFO - Sync 1 DAGs
[2026-02-15T14:28:40.837+0000] {logging_mixin.py:188} INFO - [2026-02-15T14:28:40.837+0000] {dag.py:3947} INFO - Setting next_dagrun for product_price_pipeline to 2026-02-15 00:00:00+00:00, run_after=2026-02-16 00:00:00+00:00
[2026-02-15T14:28:40.885+0000] {processor.py:183} INFO - Processing /opt/airflow/dags/product_pipeline_dag.py took 0.215 seconds
[2026-02-15T14:29:11.394+0000] {processor.py:161} INFO - Started process (PID=31089) to work on /opt/airflow/dags/product_pipeline_dag.py
[2026-02-15T14:29:11.396+0000] {processor.py:830} INFO - Processing file /opt/airflow/dags/product_pipeline_dag.py for tasks to queue
[2026-02-15T14:29:11.400+0000] {logging_mixin.py:188} INFO - [2026-02-15T14:29:11.399+0000] {dagbag.py:545} INFO - Filling up the DagBag from /opt/airflow/dags/product_pipeline_dag.py
[2026-02-15T14:29:11.460+0000] {processor.py:840} INFO - DAG(s) 'product_price_pipeline' retrieved from /opt/airflow/dags/product_pipeline_dag.py
[2026-02-15T14:29:11.519+0000] {logging_mixin.py:188} INFO - [2026-02-15T14:29:11.518+0000] {dag.py:3089} INFO - Sync 1 DAGs
[2026-02-15T14:29:11.554+0000] {logging_mixin.py:188} INFO - [2026-02-15T14:29:11.554+0000] {dag.py:3947} INFO - Setting next_dagrun for product_price_pipeline to 2026-02-15 00:00:00+00:00, run_after=2026-02-16 00:00:00+00:00
[2026-02-15T14:29:11.600+0000] {processor.py:183} INFO - Processing /opt/airflow/dags/product_pipeline_dag.py took 0.215 seconds
[2026-02-15T14:29:42.416+0000] {processor.py:161} INFO - Started process (PID=31118) to work on /opt/airflow/dags/product_pipeline_dag.py
[2026-02-15T14:29:42.419+0000] {processor.py:830} INFO - Processing file /opt/airflow/dags/product_pipeline_dag.py for tasks to queue
[2026-02-15T14:29:42.422+0000] {logging_mixin.py:188} INFO - [2026-02-15T14:29:42.422+0000] {dagbag.py:545} INFO - Filling up the DagBag from /opt/airflow/dags/product_pipeline_dag.py
[2026-02-15T14:29:42.484+0000] {processor.py:840} INFO - DAG(s) 'product_price_pipeline' retrieved from /opt/airflow/dags/product_pipeline_dag.py
[2026-02-15T14:29:42.550+0000] {logging_mixin.py:188} INFO - [2026-02-15T14:29:42.549+0000] {dag.py:3089} INFO - Sync 1 DAGs
[2026-02-15T14:29:42.589+0000] {logging_mixin.py:188} INFO - [2026-02-15T14:29:42.588+0000] {dag.py:3947} INFO - Setting next_dagrun for product_price_pipeline to 2026-02-15 00:00:00+00:00, run_after=2026-02-16 00:00:00+00:00
[2026-02-15T14:29:42.633+0000] {processor.py:183} INFO - Processing /opt/airflow/dags/product_pipeline_dag.py took 0.228 seconds
[2026-02-15T14:30:13.506+0000] {processor.py:161} INFO - Started process (PID=31147) to work on /opt/airflow/dags/product_pipeline_dag.py
[2026-02-15T14:30:13.508+0000] {processor.py:830} INFO - Processing file /opt/airflow/dags/product_pipeline_dag.py for tasks to queue
[2026-02-15T14:30:13.512+0000] {logging_mixin.py:188} INFO - [2026-02-15T14:30:13.511+0000] {dagbag.py:545} INFO - Filling up the DagBag from /opt/airflow/dags/product_pipeline_dag.py
[2026-02-15T14:30:13.568+0000] {processor.py:840} INFO - DAG(s) 'product_price_pipeline' retrieved from /opt/airflow/dags/product_pipeline_dag.py
[2026-02-15T14:30:13.618+0000] {logging_mixin.py:188} INFO - [2026-02-15T14:30:13.618+0000] {dag.py:3089} INFO - Sync 1 DAGs
[2026-02-15T14:30:13.657+0000] {logging_mixin.py:188} INFO - [2026-02-15T14:30:13.657+0000] {dag.py:3947} INFO - Setting next_dagrun for product_price_pipeline to 2026-02-15 00:00:00+00:00, run_after=2026-02-16 00:00:00+00:00
[2026-02-15T14:30:13.691+0000] {processor.py:183} INFO - Processing /opt/airflow/dags/product_pipeline_dag.py took 0.195 seconds
[2026-02-15T14:30:44.163+0000] {processor.py:161} INFO - Started process (PID=31176) to work on /opt/airflow/dags/product_pipeline_dag.py
[2026-02-15T14:30:44.166+0000] {processor.py:830} INFO - Processing file /opt/airflow/dags/product_pipeline_dag.py for tasks to queue
[2026-02-15T14:30:44.170+0000] {logging_mixin.py:188} INFO - [2026-02-15T14:30:44.170+0000] {dagbag.py:545} INFO - Filling up the DagBag from /opt/airflow/dags/product_pipeline_dag.py
[2026-02-15T14:30:44.219+0000] {processor.py:840} INFO - DAG(s) 'product_price_pipeline' retrieved from /opt/airflow/dags/product_pipeline_dag.py
[2026-02-15T14:30:44.305+0000] {logging_mixin.py:188} INFO - [2026-02-15T14:30:44.305+0000] {dag.py:3089} INFO - Sync 1 DAGs
[2026-02-15T14:30:44.336+0000] {logging_mixin.py:188} INFO - [2026-02-15T14:30:44.336+0000] {dag.py:3947} INFO - Setting next_dagrun for product_price_pipeline to 2026-02-15 00:00:00+00:00, run_after=2026-02-16 00:00:00+00:00
[2026-02-15T14:30:44.371+0000] {processor.py:183} INFO - Processing /opt/airflow/dags/product_pipeline_dag.py took 0.219 seconds
[2026-02-15T14:31:15.323+0000] {processor.py:161} INFO - Started process (PID=31205) to work on /opt/airflow/dags/product_pipeline_dag.py
[2026-02-15T14:31:15.325+0000] {processor.py:830} INFO - Processing file /opt/airflow/dags/product_pipeline_dag.py for tasks to queue
[2026-02-15T14:31:15.328+0000] {logging_mixin.py:188} INFO - [2026-02-15T14:31:15.328+0000] {dagbag.py:545} INFO - Filling up the DagBag from /opt/airflow/dags/product_pipeline_dag.py
[2026-02-15T14:31:15.382+0000] {processor.py:840} INFO - DAG(s) 'product_price_pipeline' retrieved from /opt/airflow/dags/product_pipeline_dag.py
[2026-02-15T14:31:15.438+0000] {logging_mixin.py:188} INFO - [2026-02-15T14:31:15.437+0000] {dag.py:3089} INFO - Sync 1 DAGs
[2026-02-15T14:31:15.477+0000] {logging_mixin.py:188} INFO - [2026-02-15T14:31:15.476+0000] {dag.py:3947} INFO - Setting next_dagrun for product_price_pipeline to 2026-02-15 00:00:00+00:00, run_after=2026-02-16 00:00:00+00:00
[2026-02-15T14:31:15.514+0000] {processor.py:183} INFO - Processing /opt/airflow/dags/product_pipeline_dag.py took 0.200 seconds
[2026-02-15T14:31:46.118+0000] {processor.py:161} INFO - Started process (PID=31234) to work on /opt/airflow/dags/product_pipeline_dag.py
[2026-02-15T14:31:46.120+0000] {processor.py:830} INFO - Processing file /opt/airflow/dags/product_pipeline_dag.py for tasks to queue
[2026-02-15T14:31:46.125+0000] {logging_mixin.py:188} INFO - [2026-02-15T14:31:46.124+0000] {dagbag.py:545} INFO - Filling up the DagBag from /opt/airflow/dags/product_pipeline_dag.py
[2026-02-15T14:31:46.186+0000] {processor.py:840} INFO - DAG(s) 'product_price_pipeline' retrieved from /opt/airflow/dags/product_pipeline_dag.py
[2026-02-15T14:31:46.257+0000] {logging_mixin.py:188} INFO - [2026-02-15T14:31:46.256+0000] {dag.py:3089} INFO - Sync 1 DAGs
[2026-02-15T14:31:46.310+0000] {logging_mixin.py:188} INFO - [2026-02-15T14:31:46.309+0000] {dag.py:3947} INFO - Setting next_dagrun for product_price_pipeline to 2026-02-15 00:00:00+00:00, run_after=2026-02-16 00:00:00+00:00
[2026-02-15T14:31:46.365+0000] {processor.py:183} INFO - Processing /opt/airflow/dags/product_pipeline_dag.py took 0.257 seconds
[2026-02-15T14:32:17.212+0000] {processor.py:161} INFO - Started process (PID=31261) to work on /opt/airflow/dags/product_pipeline_dag.py
[2026-02-15T14:32:17.215+0000] {processor.py:830} INFO - Processing file /opt/airflow/dags/product_pipeline_dag.py for tasks to queue
[2026-02-15T14:32:17.221+0000] {logging_mixin.py:188} INFO - [2026-02-15T14:32:17.221+0000] {dagbag.py:545} INFO - Filling up the DagBag from /opt/airflow/dags/product_pipeline_dag.py
[2026-02-15T14:32:17.284+0000] {processor.py:840} INFO - DAG(s) 'product_price_pipeline' retrieved from /opt/airflow/dags/product_pipeline_dag.py
[2026-02-15T14:32:17.395+0000] {logging_mixin.py:188} INFO - [2026-02-15T14:32:17.394+0000] {dag.py:3089} INFO - Sync 1 DAGs
[2026-02-15T14:32:17.470+0000] {logging_mixin.py:188} INFO - [2026-02-15T14:32:17.468+0000] {dag.py:3947} INFO - Setting next_dagrun for product_price_pipeline to 2026-02-15 00:00:00+00:00, run_after=2026-02-16 00:00:00+00:00
[2026-02-15T14:32:17.527+0000] {processor.py:183} INFO - Processing /opt/airflow/dags/product_pipeline_dag.py took 0.326 seconds
[2026-02-15T14:32:48.875+0000] {processor.py:161} INFO - Started process (PID=31290) to work on /opt/airflow/dags/product_pipeline_dag.py
[2026-02-15T14:32:48.879+0000] {processor.py:830} INFO - Processing file /opt/airflow/dags/product_pipeline_dag.py for tasks to queue
[2026-02-15T14:32:48.886+0000] {logging_mixin.py:188} INFO - [2026-02-15T14:32:48.886+0000] {dagbag.py:545} INFO - Filling up the DagBag from /opt/airflow/dags/product_pipeline_dag.py
[2026-02-15T14:32:48.950+0000] {processor.py:840} INFO - DAG(s) 'product_price_pipeline' retrieved from /opt/airflow/dags/product_pipeline_dag.py
[2026-02-15T14:32:49.031+0000] {logging_mixin.py:188} INFO - [2026-02-15T14:32:49.030+0000] {dag.py:3089} INFO - Sync 1 DAGs
[2026-02-15T14:32:49.120+0000] {logging_mixin.py:188} INFO - [2026-02-15T14:32:49.120+0000] {dag.py:3947} INFO - Setting next_dagrun for product_price_pipeline to 2026-02-15 00:00:00+00:00, run_after=2026-02-16 00:00:00+00:00
[2026-02-15T14:32:49.188+0000] {processor.py:183} INFO - Processing /opt/airflow/dags/product_pipeline_dag.py took 0.328 seconds
[2026-02-15T14:33:21.339+0000] {processor.py:161} INFO - Started process (PID=31319) to work on /opt/airflow/dags/product_pipeline_dag.py
[2026-02-15T14:33:21.346+0000] {processor.py:830} INFO - Processing file /opt/airflow/dags/product_pipeline_dag.py for tasks to queue
[2026-02-15T14:33:21.358+0000] {logging_mixin.py:188} INFO - [2026-02-15T14:33:21.356+0000] {dagbag.py:545} INFO - Filling up the DagBag from /opt/airflow/dags/product_pipeline_dag.py
[2026-02-15T14:33:21.547+0000] {processor.py:840} INFO - DAG(s) 'product_price_pipeline' retrieved from /opt/airflow/dags/product_pipeline_dag.py
[2026-02-15T14:33:21.714+0000] {logging_mixin.py:188} INFO - [2026-02-15T14:33:21.713+0000] {dag.py:3089} INFO - Sync 1 DAGs
[2026-02-15T14:33:21.811+0000] {logging_mixin.py:188} INFO - [2026-02-15T14:33:21.810+0000] {dag.py:3947} INFO - Setting next_dagrun for product_price_pipeline to 2026-02-15 00:00:00+00:00, run_after=2026-02-16 00:00:00+00:00
[2026-02-15T14:33:21.895+0000] {processor.py:183} INFO - Processing /opt/airflow/dags/product_pipeline_dag.py took 0.598 seconds
[2026-02-15T14:33:52.320+0000] {processor.py:161} INFO - Started process (PID=31344) to work on /opt/airflow/dags/product_pipeline_dag.py
[2026-02-15T14:33:52.323+0000] {processor.py:830} INFO - Processing file /opt/airflow/dags/product_pipeline_dag.py for tasks to queue
[2026-02-15T14:33:52.327+0000] {logging_mixin.py:188} INFO - [2026-02-15T14:33:52.327+0000] {dagbag.py:545} INFO - Filling up the DagBag from /opt/airflow/dags/product_pipeline_dag.py
[2026-02-15T14:33:52.375+0000] {processor.py:840} INFO - DAG(s) 'product_price_pipeline' retrieved from /opt/airflow/dags/product_pipeline_dag.py
[2026-02-15T14:33:52.420+0000] {logging_mixin.py:188} INFO - [2026-02-15T14:33:52.419+0000] {dag.py:3089} INFO - Sync 1 DAGs
[2026-02-15T14:33:52.447+0000] {logging_mixin.py:188} INFO - [2026-02-15T14:33:52.446+0000] {dag.py:3947} INFO - Setting next_dagrun for product_price_pipeline to 2026-02-15 00:00:00+00:00, run_after=2026-02-16 00:00:00+00:00
[2026-02-15T14:33:52.489+0000] {processor.py:183} INFO - Processing /opt/airflow/dags/product_pipeline_dag.py took 0.181 seconds
[2026-02-15T14:34:22.659+0000] {processor.py:161} INFO - Started process (PID=31370) to work on /opt/airflow/dags/product_pipeline_dag.py
[2026-02-15T14:34:22.662+0000] {processor.py:830} INFO - Processing file /opt/airflow/dags/product_pipeline_dag.py for tasks to queue
[2026-02-15T14:34:22.668+0000] {logging_mixin.py:188} INFO - [2026-02-15T14:34:22.668+0000] {dagbag.py:545} INFO - Filling up the DagBag from /opt/airflow/dags/product_pipeline_dag.py
[2026-02-15T14:34:22.735+0000] {processor.py:840} INFO - DAG(s) 'product_price_pipeline' retrieved from /opt/airflow/dags/product_pipeline_dag.py
[2026-02-15T14:34:22.804+0000] {logging_mixin.py:188} INFO - [2026-02-15T14:34:22.803+0000] {dag.py:3089} INFO - Sync 1 DAGs
[2026-02-15T14:34:22.856+0000] {logging_mixin.py:188} INFO - [2026-02-15T14:34:22.856+0000] {dag.py:3947} INFO - Setting next_dagrun for product_price_pipeline to 2026-02-15 00:00:00+00:00, run_after=2026-02-16 00:00:00+00:00
[2026-02-15T14:34:22.897+0000] {processor.py:183} INFO - Processing /opt/airflow/dags/product_pipeline_dag.py took 0.251 seconds
[2026-02-15T14:34:53.125+0000] {processor.py:161} INFO - Started process (PID=31393) to work on /opt/airflow/dags/product_pipeline_dag.py
[2026-02-15T14:34:53.127+0000] {processor.py:830} INFO - Processing file /opt/airflow/dags/product_pipeline_dag.py for tasks to queue
[2026-02-15T14:34:53.133+0000] {logging_mixin.py:188} INFO - [2026-02-15T14:34:53.132+0000] {dagbag.py:545} INFO - Filling up the DagBag from /opt/airflow/dags/product_pipeline_dag.py
[2026-02-15T14:34:53.195+0000] {processor.py:840} INFO - DAG(s) 'product_price_pipeline' retrieved from /opt/airflow/dags/product_pipeline_dag.py
[2026-02-15T14:34:53.310+0000] {logging_mixin.py:188} INFO - [2026-02-15T14:34:53.310+0000] {dag.py:3089} INFO - Sync 1 DAGs
[2026-02-15T14:34:53.363+0000] {logging_mixin.py:188} INFO - [2026-02-15T14:34:53.362+0000] {dag.py:3947} INFO - Setting next_dagrun for product_price_pipeline to 2026-02-15 00:00:00+00:00, run_after=2026-02-16 00:00:00+00:00
[2026-02-15T14:34:53.421+0000] {processor.py:183} INFO - Processing /opt/airflow/dags/product_pipeline_dag.py took 0.311 seconds
[2026-02-15T14:35:23.669+0000] {processor.py:161} INFO - Started process (PID=31419) to work on /opt/airflow/dags/product_pipeline_dag.py
[2026-02-15T14:35:23.671+0000] {processor.py:830} INFO - Processing file /opt/airflow/dags/product_pipeline_dag.py for tasks to queue
[2026-02-15T14:35:23.677+0000] {logging_mixin.py:188} INFO - [2026-02-15T14:35:23.676+0000] {dagbag.py:545} INFO - Filling up the DagBag from /opt/airflow/dags/product_pipeline_dag.py
[2026-02-15T14:35:23.753+0000] {processor.py:840} INFO - DAG(s) 'product_price_pipeline' retrieved from /opt/airflow/dags/product_pipeline_dag.py
[2026-02-15T14:35:23.813+0000] {logging_mixin.py:188} INFO - [2026-02-15T14:35:23.812+0000] {dag.py:3089} INFO - Sync 1 DAGs
[2026-02-15T14:35:23.854+0000] {logging_mixin.py:188} INFO - [2026-02-15T14:35:23.854+0000] {dag.py:3947} INFO - Setting next_dagrun for product_price_pipeline to 2026-02-15 00:00:00+00:00, run_after=2026-02-16 00:00:00+00:00
[2026-02-15T14:35:23.903+0000] {processor.py:183} INFO - Processing /opt/airflow/dags/product_pipeline_dag.py took 0.250 seconds
[2026-02-15T14:35:54.142+0000] {processor.py:161} INFO - Started process (PID=31448) to work on /opt/airflow/dags/product_pipeline_dag.py
[2026-02-15T14:35:54.145+0000] {processor.py:830} INFO - Processing file /opt/airflow/dags/product_pipeline_dag.py for tasks to queue
[2026-02-15T14:35:54.151+0000] {logging_mixin.py:188} INFO - [2026-02-15T14:35:54.150+0000] {dagbag.py:545} INFO - Filling up the DagBag from /opt/airflow/dags/product_pipeline_dag.py
[2026-02-15T14:35:54.220+0000] {processor.py:840} INFO - DAG(s) 'product_price_pipeline' retrieved from /opt/airflow/dags/product_pipeline_dag.py
[2026-02-15T14:35:54.306+0000] {logging_mixin.py:188} INFO - [2026-02-15T14:35:54.306+0000] {dag.py:3089} INFO - Sync 1 DAGs
[2026-02-15T14:35:54.346+0000] {logging_mixin.py:188} INFO - [2026-02-15T14:35:54.345+0000] {dag.py:3947} INFO - Setting next_dagrun for product_price_pipeline to 2026-02-15 00:00:00+00:00, run_after=2026-02-16 00:00:00+00:00
[2026-02-15T14:35:54.404+0000] {processor.py:183} INFO - Processing /opt/airflow/dags/product_pipeline_dag.py took 0.278 seconds
[2026-02-15T14:36:26.563+0000] {processor.py:161} INFO - Started process (PID=31480) to work on /opt/airflow/dags/product_pipeline_dag.py
[2026-02-15T14:36:26.565+0000] {processor.py:830} INFO - Processing file /opt/airflow/dags/product_pipeline_dag.py for tasks to queue
[2026-02-15T14:36:26.568+0000] {logging_mixin.py:188} INFO - [2026-02-15T14:36:26.568+0000] {dagbag.py:545} INFO - Filling up the DagBag from /opt/airflow/dags/product_pipeline_dag.py
[2026-02-15T14:36:26.633+0000] {processor.py:840} INFO - DAG(s) 'product_price_pipeline' retrieved from /opt/airflow/dags/product_pipeline_dag.py
[2026-02-15T14:36:26.692+0000] {logging_mixin.py:188} INFO - [2026-02-15T14:36:26.692+0000] {dag.py:3089} INFO - Sync 1 DAGs
[2026-02-15T14:36:26.738+0000] {logging_mixin.py:188} INFO - [2026-02-15T14:36:26.737+0000] {dag.py:3947} INFO - Setting next_dagrun for product_price_pipeline to 2026-02-15 00:00:00+00:00, run_after=2026-02-16 00:00:00+00:00
[2026-02-15T14:36:26.778+0000] {processor.py:183} INFO - Processing /opt/airflow/dags/product_pipeline_dag.py took 0.225 seconds
[2026-02-15T14:36:57.163+0000] {processor.py:161} INFO - Started process (PID=31506) to work on /opt/airflow/dags/product_pipeline_dag.py
[2026-02-15T14:36:57.186+0000] {processor.py:830} INFO - Processing file /opt/airflow/dags/product_pipeline_dag.py for tasks to queue
[2026-02-15T14:36:57.211+0000] {logging_mixin.py:188} INFO - [2026-02-15T14:36:57.201+0000] {dagbag.py:545} INFO - Filling up the DagBag from /opt/airflow/dags/product_pipeline_dag.py
[2026-02-15T14:36:57.785+0000] {processor.py:840} INFO - DAG(s) 'product_price_pipeline' retrieved from /opt/airflow/dags/product_pipeline_dag.py
[2026-02-15T14:36:58.440+0000] {logging_mixin.py:188} INFO - [2026-02-15T14:36:58.437+0000] {dag.py:3089} INFO - Sync 1 DAGs
[2026-02-15T14:36:59.351+0000] {logging_mixin.py:188} INFO - [2026-02-15T14:36:59.350+0000] {dag.py:3947} INFO - Setting next_dagrun for product_price_pipeline to 2026-02-15 00:00:00+00:00, run_after=2026-02-16 00:00:00+00:00
[2026-02-15T14:36:59.710+0000] {processor.py:183} INFO - Processing /opt/airflow/dags/product_pipeline_dag.py took 2.579 seconds
[2026-02-15T14:37:30.312+0000] {processor.py:161} INFO - Started process (PID=31535) to work on /opt/airflow/dags/product_pipeline_dag.py
[2026-02-15T14:37:30.317+0000] {processor.py:830} INFO - Processing file /opt/airflow/dags/product_pipeline_dag.py for tasks to queue
[2026-02-15T14:37:30.331+0000] {logging_mixin.py:188} INFO - [2026-02-15T14:37:30.325+0000] {dagbag.py:545} INFO - Filling up the DagBag from /opt/airflow/dags/product_pipeline_dag.py
[2026-02-15T14:37:30.467+0000] {processor.py:840} INFO - DAG(s) 'product_price_pipeline' retrieved from /opt/airflow/dags/product_pipeline_dag.py
[2026-02-15T14:37:30.603+0000] {logging_mixin.py:188} INFO - [2026-02-15T14:37:30.603+0000] {dag.py:3089} INFO - Sync 1 DAGs
[2026-02-15T14:37:30.676+0000] {logging_mixin.py:188} INFO - [2026-02-15T14:37:30.676+0000] {dag.py:3947} INFO - Setting next_dagrun for product_price_pipeline to 2026-02-15 00:00:00+00:00, run_after=2026-02-16 00:00:00+00:00
[2026-02-15T14:37:30.749+0000] {processor.py:183} INFO - Processing /opt/airflow/dags/product_pipeline_dag.py took 0.464 seconds
[2026-02-15T14:38:01.298+0000] {processor.py:161} INFO - Started process (PID=31564) to work on /opt/airflow/dags/product_pipeline_dag.py
[2026-02-15T14:38:01.302+0000] {processor.py:830} INFO - Processing file /opt/airflow/dags/product_pipeline_dag.py for tasks to queue
[2026-02-15T14:38:01.307+0000] {logging_mixin.py:188} INFO - [2026-02-15T14:38:01.306+0000] {dagbag.py:545} INFO - Filling up the DagBag from /opt/airflow/dags/product_pipeline_dag.py
[2026-02-15T14:38:01.368+0000] {processor.py:840} INFO - DAG(s) 'product_price_pipeline' retrieved from /opt/airflow/dags/product_pipeline_dag.py
[2026-02-15T14:38:01.430+0000] {logging_mixin.py:188} INFO - [2026-02-15T14:38:01.430+0000] {dag.py:3089} INFO - Sync 1 DAGs
[2026-02-15T14:38:01.471+0000] {logging_mixin.py:188} INFO - [2026-02-15T14:38:01.470+0000] {dag.py:3947} INFO - Setting next_dagrun for product_price_pipeline to 2026-02-15 00:00:00+00:00, run_after=2026-02-16 00:00:00+00:00
[2026-02-15T14:38:01.528+0000] {processor.py:183} INFO - Processing /opt/airflow/dags/product_pipeline_dag.py took 0.244 seconds
[2026-02-15T14:38:32.360+0000] {processor.py:161} INFO - Started process (PID=31593) to work on /opt/airflow/dags/product_pipeline_dag.py
[2026-02-15T14:38:32.363+0000] {processor.py:830} INFO - Processing file /opt/airflow/dags/product_pipeline_dag.py for tasks to queue
[2026-02-15T14:38:32.370+0000] {logging_mixin.py:188} INFO - [2026-02-15T14:38:32.369+0000] {dagbag.py:545} INFO - Filling up the DagBag from /opt/airflow/dags/product_pipeline_dag.py
[2026-02-15T14:38:32.453+0000] {processor.py:840} INFO - DAG(s) 'product_price_pipeline' retrieved from /opt/airflow/dags/product_pipeline_dag.py
[2026-02-15T14:38:32.524+0000] {logging_mixin.py:188} INFO - [2026-02-15T14:38:32.523+0000] {dag.py:3089} INFO - Sync 1 DAGs
[2026-02-15T14:38:32.569+0000] {logging_mixin.py:188} INFO - [2026-02-15T14:38:32.568+0000] {dag.py:3947} INFO - Setting next_dagrun for product_price_pipeline to 2026-02-15 00:00:00+00:00, run_after=2026-02-16 00:00:00+00:00
[2026-02-15T14:38:32.614+0000] {processor.py:183} INFO - Processing /opt/airflow/dags/product_pipeline_dag.py took 0.272 seconds
[2026-02-15T14:39:03.404+0000] {processor.py:161} INFO - Started process (PID=31622) to work on /opt/airflow/dags/product_pipeline_dag.py
[2026-02-15T14:39:03.410+0000] {processor.py:830} INFO - Processing file /opt/airflow/dags/product_pipeline_dag.py for tasks to queue
[2026-02-15T14:39:03.433+0000] {logging_mixin.py:188} INFO - [2026-02-15T14:39:03.430+0000] {dagbag.py:545} INFO - Filling up the DagBag from /opt/airflow/dags/product_pipeline_dag.py
[2026-02-15T14:39:03.608+0000] {processor.py:840} INFO - DAG(s) 'product_price_pipeline' retrieved from /opt/airflow/dags/product_pipeline_dag.py
[2026-02-15T14:39:03.903+0000] {logging_mixin.py:188} INFO - [2026-02-15T14:39:03.902+0000] {dag.py:3089} INFO - Sync 1 DAGs
[2026-02-15T14:39:04.184+0000] {logging_mixin.py:188} INFO - [2026-02-15T14:39:04.183+0000] {dag.py:3947} INFO - Setting next_dagrun for product_price_pipeline to 2026-02-15 00:00:00+00:00, run_after=2026-02-16 00:00:00+00:00
[2026-02-15T14:39:04.322+0000] {processor.py:183} INFO - Processing /opt/airflow/dags/product_pipeline_dag.py took 0.991 seconds
[2026-02-15T14:39:34.704+0000] {processor.py:161} INFO - Started process (PID=31651) to work on /opt/airflow/dags/product_pipeline_dag.py
[2026-02-15T14:39:34.707+0000] {processor.py:830} INFO - Processing file /opt/airflow/dags/product_pipeline_dag.py for tasks to queue
[2026-02-15T14:39:34.711+0000] {logging_mixin.py:188} INFO - [2026-02-15T14:39:34.710+0000] {dagbag.py:545} INFO - Filling up the DagBag from /opt/airflow/dags/product_pipeline_dag.py
[2026-02-15T14:39:34.816+0000] {processor.py:840} INFO - DAG(s) 'product_price_pipeline' retrieved from /opt/airflow/dags/product_pipeline_dag.py
[2026-02-15T14:39:34.879+0000] {logging_mixin.py:188} INFO - [2026-02-15T14:39:34.879+0000] {dag.py:3089} INFO - Sync 1 DAGs
[2026-02-15T14:39:34.917+0000] {logging_mixin.py:188} INFO - [2026-02-15T14:39:34.916+0000] {dag.py:3947} INFO - Setting next_dagrun for product_price_pipeline to 2026-02-15 00:00:00+00:00, run_after=2026-02-16 00:00:00+00:00
[2026-02-15T14:39:34.949+0000] {processor.py:183} INFO - Processing /opt/airflow/dags/product_pipeline_dag.py took 0.263 seconds
[2026-02-15T14:40:05.785+0000] {processor.py:161} INFO - Started process (PID=31680) to work on /opt/airflow/dags/product_pipeline_dag.py
[2026-02-15T14:40:05.789+0000] {processor.py:830} INFO - Processing file /opt/airflow/dags/product_pipeline_dag.py for tasks to queue
[2026-02-15T14:40:05.794+0000] {logging_mixin.py:188} INFO - [2026-02-15T14:40:05.793+0000] {dagbag.py:545} INFO - Filling up the DagBag from /opt/airflow/dags/product_pipeline_dag.py
[2026-02-15T14:40:05.866+0000] {processor.py:840} INFO - DAG(s) 'product_price_pipeline' retrieved from /opt/airflow/dags/product_pipeline_dag.py
[2026-02-15T14:40:05.918+0000] {logging_mixin.py:188} INFO - [2026-02-15T14:40:05.918+0000] {dag.py:3089} INFO - Sync 1 DAGs
[2026-02-15T14:40:05.953+0000] {logging_mixin.py:188} INFO - [2026-02-15T14:40:05.952+0000] {dag.py:3947} INFO - Setting next_dagrun for product_price_pipeline to 2026-02-15 00:00:00+00:00, run_after=2026-02-16 00:00:00+00:00
[2026-02-15T14:40:06.013+0000] {processor.py:183} INFO - Processing /opt/airflow/dags/product_pipeline_dag.py took 0.241 seconds
[2026-02-15T14:40:36.393+0000] {processor.py:161} INFO - Started process (PID=31709) to work on /opt/airflow/dags/product_pipeline_dag.py
[2026-02-15T14:40:36.411+0000] {processor.py:830} INFO - Processing file /opt/airflow/dags/product_pipeline_dag.py for tasks to queue
[2026-02-15T14:40:36.417+0000] {logging_mixin.py:188} INFO - [2026-02-15T14:40:36.416+0000] {dagbag.py:545} INFO - Filling up the DagBag from /opt/airflow/dags/product_pipeline_dag.py
[2026-02-15T14:40:36.544+0000] {processor.py:840} INFO - DAG(s) 'product_price_pipeline' retrieved from /opt/airflow/dags/product_pipeline_dag.py
[2026-02-15T14:40:36.642+0000] {logging_mixin.py:188} INFO - [2026-02-15T14:40:36.641+0000] {dag.py:3089} INFO - Sync 1 DAGs
[2026-02-15T14:40:36.687+0000] {logging_mixin.py:188} INFO - [2026-02-15T14:40:36.687+0000] {dag.py:3947} INFO - Setting next_dagrun for product_price_pipeline to 2026-02-15 00:00:00+00:00, run_after=2026-02-16 00:00:00+00:00
[2026-02-15T14:40:36.740+0000] {processor.py:183} INFO - Processing /opt/airflow/dags/product_pipeline_dag.py took 0.362 seconds
[2026-02-15T14:41:07.835+0000] {processor.py:161} INFO - Started process (PID=31738) to work on /opt/airflow/dags/product_pipeline_dag.py
[2026-02-15T14:41:07.837+0000] {processor.py:830} INFO - Processing file /opt/airflow/dags/product_pipeline_dag.py for tasks to queue
[2026-02-15T14:41:07.841+0000] {logging_mixin.py:188} INFO - [2026-02-15T14:41:07.841+0000] {dagbag.py:545} INFO - Filling up the DagBag from /opt/airflow/dags/product_pipeline_dag.py
[2026-02-15T14:41:07.887+0000] {processor.py:840} INFO - DAG(s) 'product_price_pipeline' retrieved from /opt/airflow/dags/product_pipeline_dag.py
[2026-02-15T14:41:07.953+0000] {logging_mixin.py:188} INFO - [2026-02-15T14:41:07.952+0000] {dag.py:3089} INFO - Sync 1 DAGs
[2026-02-15T14:41:07.994+0000] {logging_mixin.py:188} INFO - [2026-02-15T14:41:07.993+0000] {dag.py:3947} INFO - Setting next_dagrun for product_price_pipeline to 2026-02-15 00:00:00+00:00, run_after=2026-02-16 00:00:00+00:00
[2026-02-15T14:41:08.043+0000] {processor.py:183} INFO - Processing /opt/airflow/dags/product_pipeline_dag.py took 0.217 seconds
[2026-02-15T14:41:38.741+0000] {processor.py:161} INFO - Started process (PID=31767) to work on /opt/airflow/dags/product_pipeline_dag.py
[2026-02-15T14:41:38.745+0000] {processor.py:830} INFO - Processing file /opt/airflow/dags/product_pipeline_dag.py for tasks to queue
[2026-02-15T14:41:38.754+0000] {logging_mixin.py:188} INFO - [2026-02-15T14:41:38.752+0000] {dagbag.py:545} INFO - Filling up the DagBag from /opt/airflow/dags/product_pipeline_dag.py
[2026-02-15T14:41:38.839+0000] {processor.py:840} INFO - DAG(s) 'product_price_pipeline' retrieved from /opt/airflow/dags/product_pipeline_dag.py
[2026-02-15T14:41:38.895+0000] {logging_mixin.py:188} INFO - [2026-02-15T14:41:38.894+0000] {dag.py:3089} INFO - Sync 1 DAGs
[2026-02-15T14:41:38.931+0000] {logging_mixin.py:188} INFO - [2026-02-15T14:41:38.930+0000] {dag.py:3947} INFO - Setting next_dagrun for product_price_pipeline to 2026-02-15 00:00:00+00:00, run_after=2026-02-16 00:00:00+00:00
[2026-02-15T14:41:38.967+0000] {processor.py:183} INFO - Processing /opt/airflow/dags/product_pipeline_dag.py took 0.247 seconds
[2026-02-15T14:42:09.491+0000] {processor.py:161} INFO - Started process (PID=31794) to work on /opt/airflow/dags/product_pipeline_dag.py
[2026-02-15T14:42:09.495+0000] {processor.py:830} INFO - Processing file /opt/airflow/dags/product_pipeline_dag.py for tasks to queue
[2026-02-15T14:42:09.501+0000] {logging_mixin.py:188} INFO - [2026-02-15T14:42:09.500+0000] {dagbag.py:545} INFO - Filling up the DagBag from /opt/airflow/dags/product_pipeline_dag.py
[2026-02-15T14:42:09.574+0000] {processor.py:840} INFO - DAG(s) 'product_price_pipeline' retrieved from /opt/airflow/dags/product_pipeline_dag.py
[2026-02-15T14:42:09.741+0000] {logging_mixin.py:188} INFO - [2026-02-15T14:42:09.740+0000] {dag.py:3089} INFO - Sync 1 DAGs
[2026-02-15T14:42:09.889+0000] {logging_mixin.py:188} INFO - [2026-02-15T14:42:09.888+0000] {dag.py:3947} INFO - Setting next_dagrun for product_price_pipeline to 2026-02-15 00:00:00+00:00, run_after=2026-02-16 00:00:00+00:00
[2026-02-15T14:42:09.984+0000] {processor.py:183} INFO - Processing /opt/airflow/dags/product_pipeline_dag.py took 0.509 seconds
[2026-02-15T14:42:40.895+0000] {processor.py:161} INFO - Started process (PID=31822) to work on /opt/airflow/dags/product_pipeline_dag.py
[2026-02-15T14:42:40.899+0000] {processor.py:830} INFO - Processing file /opt/airflow/dags/product_pipeline_dag.py for tasks to queue
[2026-02-15T14:42:40.902+0000] {logging_mixin.py:188} INFO - [2026-02-15T14:42:40.902+0000] {dagbag.py:545} INFO - Filling up the DagBag from /opt/airflow/dags/product_pipeline_dag.py
[2026-02-15T14:42:40.968+0000] {processor.py:840} INFO - DAG(s) 'product_price_pipeline' retrieved from /opt/airflow/dags/product_pipeline_dag.py
[2026-02-15T14:42:41.051+0000] {logging_mixin.py:188} INFO - [2026-02-15T14:42:41.051+0000] {dag.py:3089} INFO - Sync 1 DAGs
[2026-02-15T14:42:41.109+0000] {logging_mixin.py:188} INFO - [2026-02-15T14:42:41.109+0000] {dag.py:3947} INFO - Setting next_dagrun for product_price_pipeline to 2026-02-15 00:00:00+00:00, run_after=2026-02-16 00:00:00+00:00
[2026-02-15T14:42:41.165+0000] {processor.py:183} INFO - Processing /opt/airflow/dags/product_pipeline_dag.py took 0.283 seconds
[2026-02-15T14:43:11.663+0000] {processor.py:161} INFO - Started process (PID=31848) to work on /opt/airflow/dags/product_pipeline_dag.py
[2026-02-15T14:43:11.666+0000] {processor.py:830} INFO - Processing file /opt/airflow/dags/product_pipeline_dag.py for tasks to queue
[2026-02-15T14:43:11.669+0000] {logging_mixin.py:188} INFO - [2026-02-15T14:43:11.669+0000] {dagbag.py:545} INFO - Filling up the DagBag from /opt/airflow/dags/product_pipeline_dag.py
[2026-02-15T14:43:11.722+0000] {processor.py:840} INFO - DAG(s) 'product_price_pipeline' retrieved from /opt/airflow/dags/product_pipeline_dag.py
[2026-02-15T14:43:11.774+0000] {logging_mixin.py:188} INFO - [2026-02-15T14:43:11.773+0000] {dag.py:3089} INFO - Sync 1 DAGs
[2026-02-15T14:43:11.815+0000] {logging_mixin.py:188} INFO - [2026-02-15T14:43:11.815+0000] {dag.py:3947} INFO - Setting next_dagrun for product_price_pipeline to 2026-02-15 00:00:00+00:00, run_after=2026-02-16 00:00:00+00:00
[2026-02-15T14:43:11.867+0000] {processor.py:183} INFO - Processing /opt/airflow/dags/product_pipeline_dag.py took 0.214 seconds
[2026-02-15T14:43:42.040+0000] {processor.py:161} INFO - Started process (PID=31877) to work on /opt/airflow/dags/product_pipeline_dag.py
[2026-02-15T14:43:42.043+0000] {processor.py:830} INFO - Processing file /opt/airflow/dags/product_pipeline_dag.py for tasks to queue
[2026-02-15T14:43:42.048+0000] {logging_mixin.py:188} INFO - [2026-02-15T14:43:42.047+0000] {dagbag.py:545} INFO - Filling up the DagBag from /opt/airflow/dags/product_pipeline_dag.py
[2026-02-15T14:43:42.115+0000] {processor.py:840} INFO - DAG(s) 'product_price_pipeline' retrieved from /opt/airflow/dags/product_pipeline_dag.py
[2026-02-15T14:43:42.179+0000] {logging_mixin.py:188} INFO - [2026-02-15T14:43:42.178+0000] {dag.py:3089} INFO - Sync 1 DAGs
[2026-02-15T14:43:42.229+0000] {logging_mixin.py:188} INFO - [2026-02-15T14:43:42.229+0000] {dag.py:3947} INFO - Setting next_dagrun for product_price_pipeline to 2026-02-15 00:00:00+00:00, run_after=2026-02-16 00:00:00+00:00
[2026-02-15T14:43:42.276+0000] {processor.py:183} INFO - Processing /opt/airflow/dags/product_pipeline_dag.py took 0.247 seconds
[2026-02-15T14:44:12.430+0000] {processor.py:161} INFO - Started process (PID=31906) to work on /opt/airflow/dags/product_pipeline_dag.py
[2026-02-15T14:44:12.440+0000] {processor.py:830} INFO - Processing file /opt/airflow/dags/product_pipeline_dag.py for tasks to queue
[2026-02-15T14:44:12.443+0000] {logging_mixin.py:188} INFO - [2026-02-15T14:44:12.443+0000] {dagbag.py:545} INFO - Filling up the DagBag from /opt/airflow/dags/product_pipeline_dag.py
[2026-02-15T14:44:12.497+0000] {processor.py:840} INFO - DAG(s) 'product_price_pipeline' retrieved from /opt/airflow/dags/product_pipeline_dag.py
[2026-02-15T14:44:12.612+0000] {logging_mixin.py:188} INFO - [2026-02-15T14:44:12.612+0000] {dag.py:3089} INFO - Sync 1 DAGs
[2026-02-15T14:44:12.683+0000] {logging_mixin.py:188} INFO - [2026-02-15T14:44:12.683+0000] {dag.py:3947} INFO - Setting next_dagrun for product_price_pipeline to 2026-02-15 00:00:00+00:00, run_after=2026-02-16 00:00:00+00:00
[2026-02-15T14:44:12.758+0000] {processor.py:183} INFO - Processing /opt/airflow/dags/product_pipeline_dag.py took 0.339 seconds
[2026-02-15T14:44:43.098+0000] {processor.py:161} INFO - Started process (PID=31935) to work on /opt/airflow/dags/product_pipeline_dag.py
[2026-02-15T14:44:43.100+0000] {processor.py:830} INFO - Processing file /opt/airflow/dags/product_pipeline_dag.py for tasks to queue
[2026-02-15T14:44:43.104+0000] {logging_mixin.py:188} INFO - [2026-02-15T14:44:43.104+0000] {dagbag.py:545} INFO - Filling up the DagBag from /opt/airflow/dags/product_pipeline_dag.py
[2026-02-15T14:44:43.168+0000] {processor.py:840} INFO - DAG(s) 'product_price_pipeline' retrieved from /opt/airflow/dags/product_pipeline_dag.py
[2026-02-15T14:44:43.226+0000] {logging_mixin.py:188} INFO - [2026-02-15T14:44:43.225+0000] {dag.py:3089} INFO - Sync 1 DAGs
[2026-02-15T14:44:43.267+0000] {logging_mixin.py:188} INFO - [2026-02-15T14:44:43.266+0000] {dag.py:3947} INFO - Setting next_dagrun for product_price_pipeline to 2026-02-15 00:00:00+00:00, run_after=2026-02-16 00:00:00+00:00
[2026-02-15T14:44:43.308+0000] {processor.py:183} INFO - Processing /opt/airflow/dags/product_pipeline_dag.py took 0.219 seconds
[2026-02-15T14:45:13.493+0000] {processor.py:161} INFO - Started process (PID=31964) to work on /opt/airflow/dags/product_pipeline_dag.py
[2026-02-15T14:45:13.496+0000] {processor.py:830} INFO - Processing file /opt/airflow/dags/product_pipeline_dag.py for tasks to queue
[2026-02-15T14:45:13.500+0000] {logging_mixin.py:188} INFO - [2026-02-15T14:45:13.499+0000] {dagbag.py:545} INFO - Filling up the DagBag from /opt/airflow/dags/product_pipeline_dag.py
[2026-02-15T14:45:13.572+0000] {processor.py:840} INFO - DAG(s) 'product_price_pipeline' retrieved from /opt/airflow/dags/product_pipeline_dag.py
[2026-02-15T14:45:13.658+0000] {logging_mixin.py:188} INFO - [2026-02-15T14:45:13.657+0000] {dag.py:3089} INFO - Sync 1 DAGs
[2026-02-15T14:45:13.701+0000] {logging_mixin.py:188} INFO - [2026-02-15T14:45:13.701+0000] {dag.py:3947} INFO - Setting next_dagrun for product_price_pipeline to 2026-02-15 00:00:00+00:00, run_after=2026-02-16 00:00:00+00:00
[2026-02-15T14:45:13.746+0000] {processor.py:183} INFO - Processing /opt/airflow/dags/product_pipeline_dag.py took 0.267 seconds
[2026-02-15T14:45:44.146+0000] {processor.py:161} INFO - Started process (PID=31991) to work on /opt/airflow/dags/product_pipeline_dag.py
[2026-02-15T14:45:44.149+0000] {processor.py:830} INFO - Processing file /opt/airflow/dags/product_pipeline_dag.py for tasks to queue
[2026-02-15T14:45:44.154+0000] {logging_mixin.py:188} INFO - [2026-02-15T14:45:44.153+0000] {dagbag.py:545} INFO - Filling up the DagBag from /opt/airflow/dags/product_pipeline_dag.py
[2026-02-15T14:45:44.223+0000] {processor.py:840} INFO - DAG(s) 'product_price_pipeline' retrieved from /opt/airflow/dags/product_pipeline_dag.py
[2026-02-15T14:45:44.291+0000] {logging_mixin.py:188} INFO - [2026-02-15T14:45:44.290+0000] {dag.py:3089} INFO - Sync 1 DAGs
[2026-02-15T14:45:44.336+0000] {logging_mixin.py:188} INFO - [2026-02-15T14:45:44.335+0000] {dag.py:3947} INFO - Setting next_dagrun for product_price_pipeline to 2026-02-15 00:00:00+00:00, run_after=2026-02-16 00:00:00+00:00
[2026-02-15T14:45:44.387+0000] {processor.py:183} INFO - Processing /opt/airflow/dags/product_pipeline_dag.py took 0.260 seconds
[2026-02-15T14:46:14.953+0000] {processor.py:161} INFO - Started process (PID=32020) to work on /opt/airflow/dags/product_pipeline_dag.py
[2026-02-15T14:46:14.958+0000] {processor.py:830} INFO - Processing file /opt/airflow/dags/product_pipeline_dag.py for tasks to queue
[2026-02-15T14:46:14.963+0000] {logging_mixin.py:188} INFO - [2026-02-15T14:46:14.962+0000] {dagbag.py:545} INFO - Filling up the DagBag from /opt/airflow/dags/product_pipeline_dag.py
[2026-02-15T14:46:15.071+0000] {processor.py:840} INFO - DAG(s) 'product_price_pipeline' retrieved from /opt/airflow/dags/product_pipeline_dag.py
[2026-02-15T14:46:15.168+0000] {logging_mixin.py:188} INFO - [2026-02-15T14:46:15.167+0000] {dag.py:3089} INFO - Sync 1 DAGs
[2026-02-15T14:46:15.227+0000] {logging_mixin.py:188} INFO - [2026-02-15T14:46:15.226+0000] {dag.py:3947} INFO - Setting next_dagrun for product_price_pipeline to 2026-02-15 00:00:00+00:00, run_after=2026-02-16 00:00:00+00:00
[2026-02-15T14:46:15.280+0000] {processor.py:183} INFO - Processing /opt/airflow/dags/product_pipeline_dag.py took 0.345 seconds
[2026-02-15T14:46:46.290+0000] {processor.py:161} INFO - Started process (PID=32048) to work on /opt/airflow/dags/product_pipeline_dag.py
[2026-02-15T14:46:46.295+0000] {processor.py:830} INFO - Processing file /opt/airflow/dags/product_pipeline_dag.py for tasks to queue
[2026-02-15T14:46:46.302+0000] {logging_mixin.py:188} INFO - [2026-02-15T14:46:46.301+0000] {dagbag.py:545} INFO - Filling up the DagBag from /opt/airflow/dags/product_pipeline_dag.py
[2026-02-15T14:46:46.375+0000] {processor.py:840} INFO - DAG(s) 'product_price_pipeline' retrieved from /opt/airflow/dags/product_pipeline_dag.py
[2026-02-15T14:46:46.508+0000] {logging_mixin.py:188} INFO - [2026-02-15T14:46:46.508+0000] {dag.py:3089} INFO - Sync 1 DAGs
[2026-02-15T14:46:46.562+0000] {logging_mixin.py:188} INFO - [2026-02-15T14:46:46.561+0000] {dag.py:3947} INFO - Setting next_dagrun for product_price_pipeline to 2026-02-15 00:00:00+00:00, run_after=2026-02-16 00:00:00+00:00
[2026-02-15T14:46:46.647+0000] {processor.py:183} INFO - Processing /opt/airflow/dags/product_pipeline_dag.py took 0.381 seconds
[2026-02-15T14:47:17.028+0000] {processor.py:161} INFO - Started process (PID=32074) to work on /opt/airflow/dags/product_pipeline_dag.py
[2026-02-15T14:47:17.031+0000] {processor.py:830} INFO - Processing file /opt/airflow/dags/product_pipeline_dag.py for tasks to queue
[2026-02-15T14:47:17.035+0000] {logging_mixin.py:188} INFO - [2026-02-15T14:47:17.034+0000] {dagbag.py:545} INFO - Filling up the DagBag from /opt/airflow/dags/product_pipeline_dag.py
[2026-02-15T14:47:17.112+0000] {processor.py:840} INFO - DAG(s) 'product_price_pipeline' retrieved from /opt/airflow/dags/product_pipeline_dag.py
[2026-02-15T14:47:17.202+0000] {logging_mixin.py:188} INFO - [2026-02-15T14:47:17.201+0000] {dag.py:3089} INFO - Sync 1 DAGs
[2026-02-15T14:47:17.267+0000] {logging_mixin.py:188} INFO - [2026-02-15T14:47:17.267+0000] {dag.py:3947} INFO - Setting next_dagrun for product_price_pipeline to 2026-02-15 00:00:00+00:00, run_after=2026-02-16 00:00:00+00:00
[2026-02-15T14:47:17.324+0000] {processor.py:183} INFO - Processing /opt/airflow/dags/product_pipeline_dag.py took 0.309 seconds
[2026-02-15T14:47:47.640+0000] {processor.py:161} INFO - Started process (PID=32103) to work on /opt/airflow/dags/product_pipeline_dag.py
[2026-02-15T14:47:47.645+0000] {processor.py:830} INFO - Processing file /opt/airflow/dags/product_pipeline_dag.py for tasks to queue
[2026-02-15T14:47:47.651+0000] {logging_mixin.py:188} INFO - [2026-02-15T14:47:47.649+0000] {dagbag.py:545} INFO - Filling up the DagBag from /opt/airflow/dags/product_pipeline_dag.py
[2026-02-15T14:47:47.712+0000] {processor.py:840} INFO - DAG(s) 'product_price_pipeline' retrieved from /opt/airflow/dags/product_pipeline_dag.py
[2026-02-15T14:47:47.794+0000] {logging_mixin.py:188} INFO - [2026-02-15T14:47:47.794+0000] {dag.py:3089} INFO - Sync 1 DAGs
[2026-02-15T14:47:47.829+0000] {logging_mixin.py:188} INFO - [2026-02-15T14:47:47.829+0000] {dag.py:3947} INFO - Setting next_dagrun for product_price_pipeline to 2026-02-15 00:00:00+00:00, run_after=2026-02-16 00:00:00+00:00
[2026-02-15T14:47:47.865+0000] {processor.py:183} INFO - Processing /opt/airflow/dags/product_pipeline_dag.py took 0.237 seconds
[2026-02-15T14:48:19.156+0000] {processor.py:161} INFO - Started process (PID=32132) to work on /opt/airflow/dags/product_pipeline_dag.py
[2026-02-15T14:48:19.161+0000] {processor.py:830} INFO - Processing file /opt/airflow/dags/product_pipeline_dag.py for tasks to queue
[2026-02-15T14:48:19.166+0000] {logging_mixin.py:188} INFO - [2026-02-15T14:48:19.165+0000] {dagbag.py:545} INFO - Filling up the DagBag from /opt/airflow/dags/product_pipeline_dag.py
[2026-02-15T14:48:19.262+0000] {processor.py:840} INFO - DAG(s) 'product_price_pipeline' retrieved from /opt/airflow/dags/product_pipeline_dag.py
[2026-02-15T14:48:19.346+0000] {logging_mixin.py:188} INFO - [2026-02-15T14:48:19.345+0000] {dag.py:3089} INFO - Sync 1 DAGs
[2026-02-15T14:48:19.395+0000] {logging_mixin.py:188} INFO - [2026-02-15T14:48:19.395+0000] {dag.py:3947} INFO - Setting next_dagrun for product_price_pipeline to 2026-02-15 00:00:00+00:00, run_after=2026-02-16 00:00:00+00:00
[2026-02-15T14:48:19.458+0000] {processor.py:183} INFO - Processing /opt/airflow/dags/product_pipeline_dag.py took 0.314 seconds
[2026-02-15T14:48:49.859+0000] {processor.py:161} INFO - Started process (PID=32161) to work on /opt/airflow/dags/product_pipeline_dag.py
[2026-02-15T14:48:49.863+0000] {processor.py:830} INFO - Processing file /opt/airflow/dags/product_pipeline_dag.py for tasks to queue
[2026-02-15T14:48:49.868+0000] {logging_mixin.py:188} INFO - [2026-02-15T14:48:49.867+0000] {dagbag.py:545} INFO - Filling up the DagBag from /opt/airflow/dags/product_pipeline_dag.py
[2026-02-15T14:48:49.939+0000] {processor.py:840} INFO - DAG(s) 'product_price_pipeline' retrieved from /opt/airflow/dags/product_pipeline_dag.py
[2026-02-15T14:48:49.996+0000] {logging_mixin.py:188} INFO - [2026-02-15T14:48:49.995+0000] {dag.py:3089} INFO - Sync 1 DAGs
[2026-02-15T14:48:50.039+0000] {logging_mixin.py:188} INFO - [2026-02-15T14:48:50.039+0000] {dag.py:3947} INFO - Setting next_dagrun for product_price_pipeline to 2026-02-15 00:00:00+00:00, run_after=2026-02-16 00:00:00+00:00
[2026-02-15T14:48:50.080+0000] {processor.py:183} INFO - Processing /opt/airflow/dags/product_pipeline_dag.py took 0.237 seconds
[2026-02-15T14:49:21.402+0000] {processor.py:161} INFO - Started process (PID=32190) to work on /opt/airflow/dags/product_pipeline_dag.py
[2026-02-15T14:49:21.404+0000] {processor.py:830} INFO - Processing file /opt/airflow/dags/product_pipeline_dag.py for tasks to queue
[2026-02-15T14:49:21.408+0000] {logging_mixin.py:188} INFO - [2026-02-15T14:49:21.407+0000] {dagbag.py:545} INFO - Filling up the DagBag from /opt/airflow/dags/product_pipeline_dag.py
[2026-02-15T14:49:21.497+0000] {processor.py:840} INFO - DAG(s) 'product_price_pipeline' retrieved from /opt/airflow/dags/product_pipeline_dag.py
[2026-02-15T14:49:21.631+0000] {logging_mixin.py:188} INFO - [2026-02-15T14:49:21.631+0000] {dag.py:3089} INFO - Sync 1 DAGs
[2026-02-15T14:49:21.752+0000] {logging_mixin.py:188} INFO - [2026-02-15T14:49:21.751+0000] {dag.py:3947} INFO - Setting next_dagrun for product_price_pipeline to 2026-02-15 00:00:00+00:00, run_after=2026-02-16 00:00:00+00:00
[2026-02-15T14:49:21.846+0000] {processor.py:183} INFO - Processing /opt/airflow/dags/product_pipeline_dag.py took 0.457 seconds
[2026-02-15T14:49:52.062+0000] {processor.py:161} INFO - Started process (PID=32219) to work on /opt/airflow/dags/product_pipeline_dag.py
[2026-02-15T14:49:52.069+0000] {processor.py:830} INFO - Processing file /opt/airflow/dags/product_pipeline_dag.py for tasks to queue
[2026-02-15T14:49:52.072+0000] {logging_mixin.py:188} INFO - [2026-02-15T14:49:52.072+0000] {dagbag.py:545} INFO - Filling up the DagBag from /opt/airflow/dags/product_pipeline_dag.py
[2026-02-15T14:49:52.197+0000] {processor.py:840} INFO - DAG(s) 'product_price_pipeline' retrieved from /opt/airflow/dags/product_pipeline_dag.py
[2026-02-15T14:49:52.328+0000] {logging_mixin.py:188} INFO - [2026-02-15T14:49:52.328+0000] {dag.py:3089} INFO - Sync 1 DAGs
[2026-02-15T14:49:52.389+0000] {logging_mixin.py:188} INFO - [2026-02-15T14:49:52.388+0000] {dag.py:3947} INFO - Setting next_dagrun for product_price_pipeline to 2026-02-15 00:00:00+00:00, run_after=2026-02-16 00:00:00+00:00
[2026-02-15T14:49:52.473+0000] {processor.py:183} INFO - Processing /opt/airflow/dags/product_pipeline_dag.py took 0.433 seconds
[2026-02-15T14:50:23.417+0000] {processor.py:161} INFO - Started process (PID=32248) to work on /opt/airflow/dags/product_pipeline_dag.py
[2026-02-15T14:50:23.420+0000] {processor.py:830} INFO - Processing file /opt/airflow/dags/product_pipeline_dag.py for tasks to queue
[2026-02-15T14:50:23.425+0000] {logging_mixin.py:188} INFO - [2026-02-15T14:50:23.425+0000] {dagbag.py:545} INFO - Filling up the DagBag from /opt/airflow/dags/product_pipeline_dag.py
[2026-02-15T14:50:23.505+0000] {processor.py:840} INFO - DAG(s) 'product_price_pipeline' retrieved from /opt/airflow/dags/product_pipeline_dag.py
[2026-02-15T14:50:23.588+0000] {logging_mixin.py:188} INFO - [2026-02-15T14:50:23.587+0000] {dag.py:3089} INFO - Sync 1 DAGs
[2026-02-15T14:50:23.642+0000] {logging_mixin.py:188} INFO - [2026-02-15T14:50:23.642+0000] {dag.py:3947} INFO - Setting next_dagrun for product_price_pipeline to 2026-02-15 00:00:00+00:00, run_after=2026-02-16 00:00:00+00:00
[2026-02-15T14:50:23.695+0000] {processor.py:183} INFO - Processing /opt/airflow/dags/product_pipeline_dag.py took 0.293 seconds
[2026-02-15T14:50:54.692+0000] {processor.py:161} INFO - Started process (PID=32277) to work on /opt/airflow/dags/product_pipeline_dag.py
[2026-02-15T14:50:54.694+0000] {processor.py:830} INFO - Processing file /opt/airflow/dags/product_pipeline_dag.py for tasks to queue
[2026-02-15T14:50:54.697+0000] {logging_mixin.py:188} INFO - [2026-02-15T14:50:54.697+0000] {dagbag.py:545} INFO - Filling up the DagBag from /opt/airflow/dags/product_pipeline_dag.py
[2026-02-15T14:50:54.762+0000] {processor.py:840} INFO - DAG(s) 'product_price_pipeline' retrieved from /opt/airflow/dags/product_pipeline_dag.py
[2026-02-15T14:50:54.861+0000] {logging_mixin.py:188} INFO - [2026-02-15T14:50:54.860+0000] {dag.py:3089} INFO - Sync 1 DAGs
[2026-02-15T14:50:54.923+0000] {logging_mixin.py:188} INFO - [2026-02-15T14:50:54.923+0000] {dag.py:3947} INFO - Setting next_dagrun for product_price_pipeline to 2026-02-15 00:00:00+00:00, run_after=2026-02-16 00:00:00+00:00
[2026-02-15T14:50:54.982+0000] {processor.py:183} INFO - Processing /opt/airflow/dags/product_pipeline_dag.py took 0.310 seconds
[2026-02-15T14:51:28.476+0000] {processor.py:161} INFO - Started process (PID=32306) to work on /opt/airflow/dags/product_pipeline_dag.py
[2026-02-15T14:51:28.479+0000] {processor.py:830} INFO - Processing file /opt/airflow/dags/product_pipeline_dag.py for tasks to queue
[2026-02-15T14:51:28.485+0000] {logging_mixin.py:188} INFO - [2026-02-15T14:51:28.484+0000] {dagbag.py:545} INFO - Filling up the DagBag from /opt/airflow/dags/product_pipeline_dag.py
[2026-02-15T14:51:28.557+0000] {processor.py:840} INFO - DAG(s) 'product_price_pipeline' retrieved from /opt/airflow/dags/product_pipeline_dag.py
[2026-02-15T14:51:28.645+0000] {logging_mixin.py:188} INFO - [2026-02-15T14:51:28.644+0000] {dag.py:3089} INFO - Sync 1 DAGs
[2026-02-15T14:51:28.715+0000] {logging_mixin.py:188} INFO - [2026-02-15T14:51:28.714+0000] {dag.py:3947} INFO - Setting next_dagrun for product_price_pipeline to 2026-02-15 00:00:00+00:00, run_after=2026-02-16 00:00:00+00:00
[2026-02-15T14:51:28.770+0000] {processor.py:183} INFO - Processing /opt/airflow/dags/product_pipeline_dag.py took 0.314 seconds
[2026-02-15T14:51:59.743+0000] {processor.py:161} INFO - Started process (PID=32335) to work on /opt/airflow/dags/product_pipeline_dag.py
[2026-02-15T14:51:59.745+0000] {processor.py:830} INFO - Processing file /opt/airflow/dags/product_pipeline_dag.py for tasks to queue
[2026-02-15T14:51:59.750+0000] {logging_mixin.py:188} INFO - [2026-02-15T14:51:59.749+0000] {dagbag.py:545} INFO - Filling up the DagBag from /opt/airflow/dags/product_pipeline_dag.py
[2026-02-15T14:51:59.817+0000] {processor.py:840} INFO - DAG(s) 'product_price_pipeline' retrieved from /opt/airflow/dags/product_pipeline_dag.py
[2026-02-15T14:51:59.871+0000] {logging_mixin.py:188} INFO - [2026-02-15T14:51:59.870+0000] {dag.py:3089} INFO - Sync 1 DAGs
[2026-02-15T14:51:59.907+0000] {logging_mixin.py:188} INFO - [2026-02-15T14:51:59.906+0000] {dag.py:3947} INFO - Setting next_dagrun for product_price_pipeline to 2026-02-15 00:00:00+00:00, run_after=2026-02-16 00:00:00+00:00
[2026-02-15T14:51:59.948+0000] {processor.py:183} INFO - Processing /opt/airflow/dags/product_pipeline_dag.py took 0.214 seconds
[2026-02-15T14:52:36.920+0000] {processor.py:161} INFO - Started process (PID=32368) to work on /opt/airflow/dags/product_pipeline_dag.py
[2026-02-15T14:52:36.926+0000] {processor.py:830} INFO - Processing file /opt/airflow/dags/product_pipeline_dag.py for tasks to queue
[2026-02-15T14:52:36.932+0000] {logging_mixin.py:188} INFO - [2026-02-15T14:52:36.931+0000] {dagbag.py:545} INFO - Filling up the DagBag from /opt/airflow/dags/product_pipeline_dag.py
[2026-02-15T14:52:37.132+0000] {processor.py:840} INFO - DAG(s) 'product_price_pipeline' retrieved from /opt/airflow/dags/product_pipeline_dag.py
[2026-02-15T14:52:37.370+0000] {logging_mixin.py:188} INFO - [2026-02-15T14:52:37.370+0000] {dag.py:3089} INFO - Sync 1 DAGs
[2026-02-15T14:52:37.589+0000] {logging_mixin.py:188} INFO - [2026-02-15T14:52:37.587+0000] {dag.py:3947} INFO - Setting next_dagrun for product_price_pipeline to 2026-02-15 00:00:00+00:00, run_after=2026-02-16 00:00:00+00:00
[2026-02-15T14:52:37.700+0000] {processor.py:183} INFO - Processing /opt/airflow/dags/product_pipeline_dag.py took 0.790 seconds
[2026-02-15T14:53:07.916+0000] {processor.py:161} INFO - Started process (PID=32391) to work on /opt/airflow/dags/product_pipeline_dag.py
[2026-02-15T14:53:07.920+0000] {processor.py:830} INFO - Processing file /opt/airflow/dags/product_pipeline_dag.py for tasks to queue
[2026-02-15T14:53:07.927+0000] {logging_mixin.py:188} INFO - [2026-02-15T14:53:07.926+0000] {dagbag.py:545} INFO - Filling up the DagBag from /opt/airflow/dags/product_pipeline_dag.py
[2026-02-15T14:53:08.028+0000] {processor.py:840} INFO - DAG(s) 'product_price_pipeline' retrieved from /opt/airflow/dags/product_pipeline_dag.py
[2026-02-15T14:53:08.146+0000] {logging_mixin.py:188} INFO - [2026-02-15T14:53:08.145+0000] {dag.py:3089} INFO - Sync 1 DAGs
[2026-02-15T14:53:08.240+0000] {logging_mixin.py:188} INFO - [2026-02-15T14:53:08.239+0000] {dag.py:3947} INFO - Setting next_dagrun for product_price_pipeline to 2026-02-15 00:00:00+00:00, run_after=2026-02-16 00:00:00+00:00
[2026-02-15T14:53:08.307+0000] {processor.py:183} INFO - Processing /opt/airflow/dags/product_pipeline_dag.py took 0.416 seconds
[2026-02-15T14:53:39.140+0000] {processor.py:161} INFO - Started process (PID=32419) to work on /opt/airflow/dags/product_pipeline_dag.py
[2026-02-15T14:53:39.143+0000] {processor.py:830} INFO - Processing file /opt/airflow/dags/product_pipeline_dag.py for tasks to queue
[2026-02-15T14:53:39.147+0000] {logging_mixin.py:188} INFO - [2026-02-15T14:53:39.146+0000] {dagbag.py:545} INFO - Filling up the DagBag from /opt/airflow/dags/product_pipeline_dag.py
[2026-02-15T14:53:39.206+0000] {processor.py:840} INFO - DAG(s) 'product_price_pipeline' retrieved from /opt/airflow/dags/product_pipeline_dag.py
[2026-02-15T14:53:39.257+0000] {logging_mixin.py:188} INFO - [2026-02-15T14:53:39.257+0000] {dag.py:3089} INFO - Sync 1 DAGs
[2026-02-15T14:53:39.299+0000] {logging_mixin.py:188} INFO - [2026-02-15T14:53:39.299+0000] {dag.py:3947} INFO - Setting next_dagrun for product_price_pipeline to 2026-02-15 00:00:00+00:00, run_after=2026-02-16 00:00:00+00:00
[2026-02-15T14:53:39.343+0000] {processor.py:183} INFO - Processing /opt/airflow/dags/product_pipeline_dag.py took 0.211 seconds
[2026-02-15T14:54:09.930+0000] {processor.py:161} INFO - Started process (PID=32445) to work on /opt/airflow/dags/product_pipeline_dag.py
[2026-02-15T14:54:09.933+0000] {processor.py:830} INFO - Processing file /opt/airflow/dags/product_pipeline_dag.py for tasks to queue
[2026-02-15T14:54:09.939+0000] {logging_mixin.py:188} INFO - [2026-02-15T14:54:09.938+0000] {dagbag.py:545} INFO - Filling up the DagBag from /opt/airflow/dags/product_pipeline_dag.py
[2026-02-15T14:54:10.112+0000] {processor.py:840} INFO - DAG(s) 'product_price_pipeline' retrieved from /opt/airflow/dags/product_pipeline_dag.py
[2026-02-15T14:54:10.469+0000] {logging_mixin.py:188} INFO - [2026-02-15T14:54:10.468+0000] {dag.py:3089} INFO - Sync 1 DAGs
[2026-02-15T14:54:10.716+0000] {logging_mixin.py:188} INFO - [2026-02-15T14:54:10.715+0000] {dag.py:3947} INFO - Setting next_dagrun for product_price_pipeline to 2026-02-15 00:00:00+00:00, run_after=2026-02-16 00:00:00+00:00
[2026-02-15T14:54:10.843+0000] {processor.py:183} INFO - Processing /opt/airflow/dags/product_pipeline_dag.py took 0.933 seconds
[2026-02-15T14:54:41.119+0000] {processor.py:161} INFO - Started process (PID=32474) to work on /opt/airflow/dags/product_pipeline_dag.py
[2026-02-15T14:54:41.127+0000] {processor.py:830} INFO - Processing file /opt/airflow/dags/product_pipeline_dag.py for tasks to queue
[2026-02-15T14:54:41.138+0000] {logging_mixin.py:188} INFO - [2026-02-15T14:54:41.138+0000] {dagbag.py:545} INFO - Filling up the DagBag from /opt/airflow/dags/product_pipeline_dag.py
[2026-02-15T14:54:41.209+0000] {processor.py:840} INFO - DAG(s) 'product_price_pipeline' retrieved from /opt/airflow/dags/product_pipeline_dag.py
[2026-02-15T14:54:41.293+0000] {logging_mixin.py:188} INFO - [2026-02-15T14:54:41.292+0000] {dag.py:3089} INFO - Sync 1 DAGs
[2026-02-15T14:54:41.361+0000] {logging_mixin.py:188} INFO - [2026-02-15T14:54:41.360+0000] {dag.py:3947} INFO - Setting next_dagrun for product_price_pipeline to 2026-02-15 00:00:00+00:00, run_after=2026-02-16 00:00:00+00:00
[2026-02-15T14:54:41.421+0000] {processor.py:183} INFO - Processing /opt/airflow/dags/product_pipeline_dag.py took 0.325 seconds
[2026-02-15T14:55:11.916+0000] {processor.py:161} INFO - Started process (PID=32503) to work on /opt/airflow/dags/product_pipeline_dag.py
[2026-02-15T14:55:11.918+0000] {processor.py:830} INFO - Processing file /opt/airflow/dags/product_pipeline_dag.py for tasks to queue
[2026-02-15T14:55:11.924+0000] {logging_mixin.py:188} INFO - [2026-02-15T14:55:11.923+0000] {dagbag.py:545} INFO - Filling up the DagBag from /opt/airflow/dags/product_pipeline_dag.py
[2026-02-15T14:55:11.988+0000] {processor.py:840} INFO - DAG(s) 'product_price_pipeline' retrieved from /opt/airflow/dags/product_pipeline_dag.py
[2026-02-15T14:55:12.043+0000] {logging_mixin.py:188} INFO - [2026-02-15T14:55:12.043+0000] {dag.py:3089} INFO - Sync 1 DAGs
[2026-02-15T14:55:12.072+0000] {logging_mixin.py:188} INFO - [2026-02-15T14:55:12.071+0000] {dag.py:3947} INFO - Setting next_dagrun for product_price_pipeline to 2026-02-15 00:00:00+00:00, run_after=2026-02-16 00:00:00+00:00
[2026-02-15T14:55:12.101+0000] {processor.py:183} INFO - Processing /opt/airflow/dags/product_pipeline_dag.py took 0.196 seconds
[2026-02-15T14:55:43.423+0000] {processor.py:161} INFO - Started process (PID=32530) to work on /opt/airflow/dags/product_pipeline_dag.py
[2026-02-15T14:55:43.427+0000] {processor.py:830} INFO - Processing file /opt/airflow/dags/product_pipeline_dag.py for tasks to queue
[2026-02-15T14:55:43.437+0000] {logging_mixin.py:188} INFO - [2026-02-15T14:55:43.434+0000] {dagbag.py:545} INFO - Filling up the DagBag from /opt/airflow/dags/product_pipeline_dag.py
[2026-02-15T14:55:43.628+0000] {processor.py:840} INFO - DAG(s) 'product_price_pipeline' retrieved from /opt/airflow/dags/product_pipeline_dag.py
[2026-02-15T14:55:43.757+0000] {logging_mixin.py:188} INFO - [2026-02-15T14:55:43.756+0000] {dag.py:3089} INFO - Sync 1 DAGs
[2026-02-15T14:55:43.826+0000] {logging_mixin.py:188} INFO - [2026-02-15T14:55:43.826+0000] {dag.py:3947} INFO - Setting next_dagrun for product_price_pipeline to 2026-02-15 00:00:00+00:00, run_after=2026-02-16 00:00:00+00:00
[2026-02-15T14:55:43.895+0000] {processor.py:183} INFO - Processing /opt/airflow/dags/product_pipeline_dag.py took 0.494 seconds
[2026-02-15T14:56:15.491+0000] {processor.py:161} INFO - Started process (PID=32561) to work on /opt/airflow/dags/product_pipeline_dag.py
[2026-02-15T14:56:15.494+0000] {processor.py:830} INFO - Processing file /opt/airflow/dags/product_pipeline_dag.py for tasks to queue
[2026-02-15T14:56:15.501+0000] {logging_mixin.py:188} INFO - [2026-02-15T14:56:15.500+0000] {dagbag.py:545} INFO - Filling up the DagBag from /opt/airflow/dags/product_pipeline_dag.py
[2026-02-15T14:56:15.590+0000] {processor.py:840} INFO - DAG(s) 'product_price_pipeline' retrieved from /opt/airflow/dags/product_pipeline_dag.py
[2026-02-15T14:56:15.694+0000] {logging_mixin.py:188} INFO - [2026-02-15T14:56:15.693+0000] {dag.py:3089} INFO - Sync 1 DAGs
[2026-02-15T14:56:15.764+0000] {logging_mixin.py:188} INFO - [2026-02-15T14:56:15.763+0000] {dag.py:3947} INFO - Setting next_dagrun for product_price_pipeline to 2026-02-15 00:00:00+00:00, run_after=2026-02-16 00:00:00+00:00
[2026-02-15T14:56:15.836+0000] {processor.py:183} INFO - Processing /opt/airflow/dags/product_pipeline_dag.py took 0.360 seconds
[2026-02-15T14:56:46.795+0000] {processor.py:161} INFO - Started process (PID=32590) to work on /opt/airflow/dags/product_pipeline_dag.py
[2026-02-15T14:56:46.797+0000] {processor.py:830} INFO - Processing file /opt/airflow/dags/product_pipeline_dag.py for tasks to queue
[2026-02-15T14:56:46.802+0000] {logging_mixin.py:188} INFO - [2026-02-15T14:56:46.802+0000] {dagbag.py:545} INFO - Filling up the DagBag from /opt/airflow/dags/product_pipeline_dag.py
[2026-02-15T14:56:46.864+0000] {processor.py:840} INFO - DAG(s) 'product_price_pipeline' retrieved from /opt/airflow/dags/product_pipeline_dag.py
[2026-02-15T14:56:46.921+0000] {logging_mixin.py:188} INFO - [2026-02-15T14:56:46.921+0000] {dag.py:3089} INFO - Sync 1 DAGs
[2026-02-15T14:56:46.959+0000] {logging_mixin.py:188} INFO - [2026-02-15T14:56:46.959+0000] {dag.py:3947} INFO - Setting next_dagrun for product_price_pipeline to 2026-02-15 00:00:00+00:00, run_after=2026-02-16 00:00:00+00:00
[2026-02-15T14:56:47.016+0000] {processor.py:183} INFO - Processing /opt/airflow/dags/product_pipeline_dag.py took 0.232 seconds
[2026-02-15T14:57:17.943+0000] {processor.py:161} INFO - Started process (PID=32619) to work on /opt/airflow/dags/product_pipeline_dag.py
[2026-02-15T14:57:17.947+0000] {processor.py:830} INFO - Processing file /opt/airflow/dags/product_pipeline_dag.py for tasks to queue
[2026-02-15T14:57:17.954+0000] {logging_mixin.py:188} INFO - [2026-02-15T14:57:17.953+0000] {dagbag.py:545} INFO - Filling up the DagBag from /opt/airflow/dags/product_pipeline_dag.py
[2026-02-15T14:57:18.051+0000] {processor.py:840} INFO - DAG(s) 'product_price_pipeline' retrieved from /opt/airflow/dags/product_pipeline_dag.py
[2026-02-15T14:57:18.150+0000] {logging_mixin.py:188} INFO - [2026-02-15T14:57:18.149+0000] {dag.py:3089} INFO - Sync 1 DAGs
[2026-02-15T14:57:18.233+0000] {logging_mixin.py:188} INFO - [2026-02-15T14:57:18.232+0000] {dag.py:3947} INFO - Setting next_dagrun for product_price_pipeline to 2026-02-15 00:00:00+00:00, run_after=2026-02-16 00:00:00+00:00
[2026-02-15T14:57:18.292+0000] {processor.py:183} INFO - Processing /opt/airflow/dags/product_pipeline_dag.py took 0.364 seconds
[2026-02-15T14:57:49.674+0000] {processor.py:161} INFO - Started process (PID=32648) to work on /opt/airflow/dags/product_pipeline_dag.py
[2026-02-15T14:57:49.676+0000] {processor.py:830} INFO - Processing file /opt/airflow/dags/product_pipeline_dag.py for tasks to queue
[2026-02-15T14:57:49.681+0000] {logging_mixin.py:188} INFO - [2026-02-15T14:57:49.681+0000] {dagbag.py:545} INFO - Filling up the DagBag from /opt/airflow/dags/product_pipeline_dag.py
[2026-02-15T14:57:49.741+0000] {processor.py:840} INFO - DAG(s) 'product_price_pipeline' retrieved from /opt/airflow/dags/product_pipeline_dag.py
[2026-02-15T14:57:49.809+0000] {logging_mixin.py:188} INFO - [2026-02-15T14:57:49.809+0000] {dag.py:3089} INFO - Sync 1 DAGs
[2026-02-15T14:57:49.846+0000] {logging_mixin.py:188} INFO - [2026-02-15T14:57:49.846+0000] {dag.py:3947} INFO - Setting next_dagrun for product_price_pipeline to 2026-02-15 00:00:00+00:00, run_after=2026-02-16 00:00:00+00:00
[2026-02-15T14:57:49.893+0000] {processor.py:183} INFO - Processing /opt/airflow/dags/product_pipeline_dag.py took 0.234 seconds
[2026-02-15T14:58:20.789+0000] {processor.py:161} INFO - Started process (PID=32677) to work on /opt/airflow/dags/product_pipeline_dag.py
[2026-02-15T14:58:20.791+0000] {processor.py:830} INFO - Processing file /opt/airflow/dags/product_pipeline_dag.py for tasks to queue
[2026-02-15T14:58:20.795+0000] {logging_mixin.py:188} INFO - [2026-02-15T14:58:20.794+0000] {dagbag.py:545} INFO - Filling up the DagBag from /opt/airflow/dags/product_pipeline_dag.py
[2026-02-15T14:58:20.856+0000] {processor.py:840} INFO - DAG(s) 'product_price_pipeline' retrieved from /opt/airflow/dags/product_pipeline_dag.py
[2026-02-15T14:58:20.970+0000] {logging_mixin.py:188} INFO - [2026-02-15T14:58:20.970+0000] {dag.py:3089} INFO - Sync 1 DAGs
[2026-02-15T14:58:21.060+0000] {logging_mixin.py:188} INFO - [2026-02-15T14:58:21.059+0000] {dag.py:3947} INFO - Setting next_dagrun for product_price_pipeline to 2026-02-15 00:00:00+00:00, run_after=2026-02-16 00:00:00+00:00
[2026-02-15T14:58:21.165+0000] {processor.py:183} INFO - Processing /opt/airflow/dags/product_pipeline_dag.py took 0.386 seconds
[2026-02-15T14:58:52.097+0000] {processor.py:161} INFO - Started process (PID=32706) to work on /opt/airflow/dags/product_pipeline_dag.py
[2026-02-15T14:58:52.099+0000] {processor.py:830} INFO - Processing file /opt/airflow/dags/product_pipeline_dag.py for tasks to queue
[2026-02-15T14:58:52.103+0000] {logging_mixin.py:188} INFO - [2026-02-15T14:58:52.102+0000] {dagbag.py:545} INFO - Filling up the DagBag from /opt/airflow/dags/product_pipeline_dag.py
[2026-02-15T14:58:52.155+0000] {processor.py:840} INFO - DAG(s) 'product_price_pipeline' retrieved from /opt/airflow/dags/product_pipeline_dag.py
[2026-02-15T14:58:52.217+0000] {logging_mixin.py:188} INFO - [2026-02-15T14:58:52.217+0000] {dag.py:3089} INFO - Sync 1 DAGs
[2026-02-15T14:58:52.253+0000] {logging_mixin.py:188} INFO - [2026-02-15T14:58:52.252+0000] {dag.py:3947} INFO - Setting next_dagrun for product_price_pipeline to 2026-02-15 00:00:00+00:00, run_after=2026-02-16 00:00:00+00:00
[2026-02-15T14:58:52.296+0000] {processor.py:183} INFO - Processing /opt/airflow/dags/product_pipeline_dag.py took 0.209 seconds
[2026-02-15T14:59:24.250+0000] {processor.py:161} INFO - Started process (PID=32735) to work on /opt/airflow/dags/product_pipeline_dag.py
[2026-02-15T14:59:24.254+0000] {processor.py:830} INFO - Processing file /opt/airflow/dags/product_pipeline_dag.py for tasks to queue
[2026-02-15T14:59:24.261+0000] {logging_mixin.py:188} INFO - [2026-02-15T14:59:24.261+0000] {dagbag.py:545} INFO - Filling up the DagBag from /opt/airflow/dags/product_pipeline_dag.py
[2026-02-15T14:59:24.326+0000] {processor.py:840} INFO - DAG(s) 'product_price_pipeline' retrieved from /opt/airflow/dags/product_pipeline_dag.py
[2026-02-15T14:59:24.390+0000] {logging_mixin.py:188} INFO - [2026-02-15T14:59:24.390+0000] {dag.py:3089} INFO - Sync 1 DAGs
[2026-02-15T14:59:24.429+0000] {logging_mixin.py:188} INFO - [2026-02-15T14:59:24.428+0000] {dag.py:3947} INFO - Setting next_dagrun for product_price_pipeline to 2026-02-15 00:00:00+00:00, run_after=2026-02-16 00:00:00+00:00
[2026-02-15T14:59:24.465+0000] {processor.py:183} INFO - Processing /opt/airflow/dags/product_pipeline_dag.py took 0.233 seconds
[2026-02-15T14:59:56.975+0000] {processor.py:161} INFO - Started process (PID=32761) to work on /opt/airflow/dags/product_pipeline_dag.py
[2026-02-15T14:59:56.980+0000] {processor.py:830} INFO - Processing file /opt/airflow/dags/product_pipeline_dag.py for tasks to queue
[2026-02-15T14:59:56.987+0000] {logging_mixin.py:188} INFO - [2026-02-15T14:59:56.985+0000] {dagbag.py:545} INFO - Filling up the DagBag from /opt/airflow/dags/product_pipeline_dag.py
[2026-02-15T14:59:57.261+0000] {processor.py:840} INFO - DAG(s) 'product_price_pipeline' retrieved from /opt/airflow/dags/product_pipeline_dag.py
[2026-02-15T14:59:57.506+0000] {logging_mixin.py:188} INFO - [2026-02-15T14:59:57.505+0000] {dag.py:3089} INFO - Sync 1 DAGs
[2026-02-15T14:59:57.704+0000] {logging_mixin.py:188} INFO - [2026-02-15T14:59:57.704+0000] {dag.py:3947} INFO - Setting next_dagrun for product_price_pipeline to 2026-02-15 00:00:00+00:00, run_after=2026-02-16 00:00:00+00:00
[2026-02-15T14:59:57.832+0000] {processor.py:183} INFO - Processing /opt/airflow/dags/product_pipeline_dag.py took 0.879 seconds
[2026-02-15T15:00:28.020+0000] {processor.py:161} INFO - Started process (PID=32785) to work on /opt/airflow/dags/product_pipeline_dag.py
[2026-02-15T15:00:28.035+0000] {processor.py:830} INFO - Processing file /opt/airflow/dags/product_pipeline_dag.py for tasks to queue
[2026-02-15T15:00:28.038+0000] {logging_mixin.py:188} INFO - [2026-02-15T15:00:28.037+0000] {dagbag.py:545} INFO - Filling up the DagBag from /opt/airflow/dags/product_pipeline_dag.py
[2026-02-15T15:00:28.080+0000] {processor.py:840} INFO - DAG(s) 'product_price_pipeline' retrieved from /opt/airflow/dags/product_pipeline_dag.py
[2026-02-15T15:00:28.130+0000] {logging_mixin.py:188} INFO - [2026-02-15T15:00:28.129+0000] {dag.py:3089} INFO - Sync 1 DAGs
[2026-02-15T15:00:28.165+0000] {logging_mixin.py:188} INFO - [2026-02-15T15:00:28.164+0000] {dag.py:3947} INFO - Setting next_dagrun for product_price_pipeline to 2026-02-15 00:00:00+00:00, run_after=2026-02-16 00:00:00+00:00
[2026-02-15T15:00:28.198+0000] {processor.py:183} INFO - Processing /opt/airflow/dags/product_pipeline_dag.py took 0.185 seconds
[2026-02-15T15:00:58.357+0000] {processor.py:161} INFO - Started process (PID=32807) to work on /opt/airflow/dags/product_pipeline_dag.py
[2026-02-15T15:00:58.368+0000] {processor.py:830} INFO - Processing file /opt/airflow/dags/product_pipeline_dag.py for tasks to queue
[2026-02-15T15:00:58.381+0000] {logging_mixin.py:188} INFO - [2026-02-15T15:00:58.377+0000] {dagbag.py:545} INFO - Filling up the DagBag from /opt/airflow/dags/product_pipeline_dag.py
[2026-02-15T15:00:58.502+0000] {processor.py:840} INFO - DAG(s) 'product_price_pipeline' retrieved from /opt/airflow/dags/product_pipeline_dag.py
[2026-02-15T15:00:58.665+0000] {logging_mixin.py:188} INFO - [2026-02-15T15:00:58.664+0000] {dag.py:3089} INFO - Sync 1 DAGs
[2026-02-15T15:00:58.732+0000] {logging_mixin.py:188} INFO - [2026-02-15T15:00:58.732+0000] {dag.py:3947} INFO - Setting next_dagrun for product_price_pipeline to 2026-02-15 00:00:00+00:00, run_after=2026-02-16 00:00:00+00:00
[2026-02-15T15:00:58.801+0000] {processor.py:183} INFO - Processing /opt/airflow/dags/product_pipeline_dag.py took 0.475 seconds
[2026-02-15T15:01:30.041+0000] {processor.py:161} INFO - Started process (PID=32835) to work on /opt/airflow/dags/product_pipeline_dag.py
[2026-02-15T15:01:30.048+0000] {processor.py:830} INFO - Processing file /opt/airflow/dags/product_pipeline_dag.py for tasks to queue
[2026-02-15T15:01:30.083+0000] {logging_mixin.py:188} INFO - [2026-02-15T15:01:30.075+0000] {dagbag.py:545} INFO - Filling up the DagBag from /opt/airflow/dags/product_pipeline_dag.py
[2026-02-15T15:01:30.324+0000] {processor.py:840} INFO - DAG(s) 'product_price_pipeline' retrieved from /opt/airflow/dags/product_pipeline_dag.py
[2026-02-15T15:01:30.637+0000] {logging_mixin.py:188} INFO - [2026-02-15T15:01:30.637+0000] {dag.py:3089} INFO - Sync 1 DAGs
[2026-02-15T15:01:30.794+0000] {logging_mixin.py:188} INFO - [2026-02-15T15:01:30.794+0000] {dag.py:3947} INFO - Setting next_dagrun for product_price_pipeline to 2026-02-15 00:00:00+00:00, run_after=2026-02-16 00:00:00+00:00
[2026-02-15T15:01:30.920+0000] {processor.py:183} INFO - Processing /opt/airflow/dags/product_pipeline_dag.py took 0.958 seconds
[2026-02-15T15:02:01.762+0000] {processor.py:161} INFO - Started process (PID=32862) to work on /opt/airflow/dags/product_pipeline_dag.py
[2026-02-15T15:02:01.766+0000] {processor.py:830} INFO - Processing file /opt/airflow/dags/product_pipeline_dag.py for tasks to queue
[2026-02-15T15:02:01.772+0000] {logging_mixin.py:188} INFO - [2026-02-15T15:02:01.771+0000] {dagbag.py:545} INFO - Filling up the DagBag from /opt/airflow/dags/product_pipeline_dag.py
[2026-02-15T15:02:01.849+0000] {processor.py:840} INFO - DAG(s) 'product_price_pipeline' retrieved from /opt/airflow/dags/product_pipeline_dag.py
[2026-02-15T15:02:01.958+0000] {logging_mixin.py:188} INFO - [2026-02-15T15:02:01.957+0000] {dag.py:3089} INFO - Sync 1 DAGs
[2026-02-15T15:02:02.011+0000] {logging_mixin.py:188} INFO - [2026-02-15T15:02:02.011+0000] {dag.py:3947} INFO - Setting next_dagrun for product_price_pipeline to 2026-02-15 00:00:00+00:00, run_after=2026-02-16 00:00:00+00:00
[2026-02-15T15:02:02.068+0000] {processor.py:183} INFO - Processing /opt/airflow/dags/product_pipeline_dag.py took 0.371 seconds
[2026-02-15T15:24:23.655+0000] {processor.py:161} INFO - Started process (PID=32913) to work on /opt/airflow/dags/product_pipeline_dag.py
[2026-02-15T15:24:23.664+0000] {processor.py:830} INFO - Processing file /opt/airflow/dags/product_pipeline_dag.py for tasks to queue
[2026-02-15T15:24:23.683+0000] {logging_mixin.py:188} INFO - [2026-02-15T15:24:23.682+0000] {dagbag.py:545} INFO - Filling up the DagBag from /opt/airflow/dags/product_pipeline_dag.py
[2026-02-15T15:24:24.139+0000] {processor.py:840} INFO - DAG(s) 'product_price_pipeline' retrieved from /opt/airflow/dags/product_pipeline_dag.py
[2026-02-15T15:24:24.597+0000] {logging_mixin.py:188} INFO - [2026-02-15T15:24:24.595+0000] {dag.py:3089} INFO - Sync 1 DAGs
[2026-02-15T15:24:25.682+0000] {logging_mixin.py:188} INFO - [2026-02-15T15:24:25.680+0000] {dag.py:3947} INFO - Setting next_dagrun for product_price_pipeline to 2026-02-15 00:00:00+00:00, run_after=2026-02-16 00:00:00+00:00
[2026-02-15T15:24:26.029+0000] {processor.py:183} INFO - Processing /opt/airflow/dags/product_pipeline_dag.py took 2.399 seconds
[2026-02-15T15:25:02.434+0000] {processor.py:161} INFO - Started process (PID=32943) to work on /opt/airflow/dags/product_pipeline_dag.py
[2026-02-15T15:25:02.438+0000] {processor.py:830} INFO - Processing file /opt/airflow/dags/product_pipeline_dag.py for tasks to queue
[2026-02-15T15:25:02.442+0000] {logging_mixin.py:188} INFO - [2026-02-15T15:25:02.441+0000] {dagbag.py:545} INFO - Filling up the DagBag from /opt/airflow/dags/product_pipeline_dag.py
[2026-02-15T15:25:02.627+0000] {processor.py:840} INFO - DAG(s) 'product_price_pipeline' retrieved from /opt/airflow/dags/product_pipeline_dag.py
[2026-02-15T15:25:02.860+0000] {logging_mixin.py:188} INFO - [2026-02-15T15:25:02.859+0000] {dag.py:3089} INFO - Sync 1 DAGs
[2026-02-15T15:25:02.991+0000] {logging_mixin.py:188} INFO - [2026-02-15T15:25:02.990+0000] {dag.py:3947} INFO - Setting next_dagrun for product_price_pipeline to 2026-02-15 00:00:00+00:00, run_after=2026-02-16 00:00:00+00:00
[2026-02-15T15:25:03.080+0000] {processor.py:183} INFO - Processing /opt/airflow/dags/product_pipeline_dag.py took 0.660 seconds
[2026-02-15T15:25:38.766+0000] {processor.py:161} INFO - Started process (PID=32972) to work on /opt/airflow/dags/product_pipeline_dag.py
[2026-02-15T15:25:38.773+0000] {processor.py:830} INFO - Processing file /opt/airflow/dags/product_pipeline_dag.py for tasks to queue
[2026-02-15T15:25:38.778+0000] {logging_mixin.py:188} INFO - [2026-02-15T15:25:38.777+0000] {dagbag.py:545} INFO - Filling up the DagBag from /opt/airflow/dags/product_pipeline_dag.py
[2026-02-15T15:25:38.957+0000] {processor.py:840} INFO - DAG(s) 'product_price_pipeline' retrieved from /opt/airflow/dags/product_pipeline_dag.py
[2026-02-15T15:25:39.175+0000] {logging_mixin.py:188} INFO - [2026-02-15T15:25:39.173+0000] {dag.py:3089} INFO - Sync 1 DAGs
[2026-02-15T15:25:39.417+0000] {logging_mixin.py:188} INFO - [2026-02-15T15:25:39.416+0000] {dag.py:3947} INFO - Setting next_dagrun for product_price_pipeline to 2026-02-15 00:00:00+00:00, run_after=2026-02-16 00:00:00+00:00
[2026-02-15T15:25:39.511+0000] {processor.py:183} INFO - Processing /opt/airflow/dags/product_pipeline_dag.py took 0.755 seconds
[2026-02-15T15:26:10.157+0000] {processor.py:161} INFO - Started process (PID=32995) to work on /opt/airflow/dags/product_pipeline_dag.py
[2026-02-15T15:26:10.159+0000] {processor.py:830} INFO - Processing file /opt/airflow/dags/product_pipeline_dag.py for tasks to queue
[2026-02-15T15:26:10.167+0000] {logging_mixin.py:188} INFO - [2026-02-15T15:26:10.167+0000] {dagbag.py:545} INFO - Filling up the DagBag from /opt/airflow/dags/product_pipeline_dag.py
[2026-02-15T15:26:10.227+0000] {processor.py:840} INFO - DAG(s) 'product_price_pipeline' retrieved from /opt/airflow/dags/product_pipeline_dag.py
[2026-02-15T15:26:10.384+0000] {logging_mixin.py:188} INFO - [2026-02-15T15:26:10.382+0000] {dag.py:3089} INFO - Sync 1 DAGs
[2026-02-15T15:26:10.431+0000] {logging_mixin.py:188} INFO - [2026-02-15T15:26:10.430+0000] {dag.py:3947} INFO - Setting next_dagrun for product_price_pipeline to 2026-02-15 00:00:00+00:00, run_after=2026-02-16 00:00:00+00:00
[2026-02-15T15:26:10.494+0000] {processor.py:183} INFO - Processing /opt/airflow/dags/product_pipeline_dag.py took 0.358 seconds
[2026-02-15T15:26:41.208+0000] {processor.py:161} INFO - Started process (PID=33023) to work on /opt/airflow/dags/product_pipeline_dag.py
[2026-02-15T15:26:41.213+0000] {processor.py:830} INFO - Processing file /opt/airflow/dags/product_pipeline_dag.py for tasks to queue
[2026-02-15T15:26:41.221+0000] {logging_mixin.py:188} INFO - [2026-02-15T15:26:41.219+0000] {dagbag.py:545} INFO - Filling up the DagBag from /opt/airflow/dags/product_pipeline_dag.py
[2026-02-15T15:26:41.333+0000] {processor.py:840} INFO - DAG(s) 'product_price_pipeline' retrieved from /opt/airflow/dags/product_pipeline_dag.py
[2026-02-15T15:26:41.402+0000] {logging_mixin.py:188} INFO - [2026-02-15T15:26:41.402+0000] {dag.py:3089} INFO - Sync 1 DAGs
[2026-02-15T15:26:41.435+0000] {logging_mixin.py:188} INFO - [2026-02-15T15:26:41.435+0000] {dag.py:3947} INFO - Setting next_dagrun for product_price_pipeline to 2026-02-15 00:00:00+00:00, run_after=2026-02-16 00:00:00+00:00
[2026-02-15T15:26:41.490+0000] {processor.py:183} INFO - Processing /opt/airflow/dags/product_pipeline_dag.py took 0.291 seconds
[2026-02-15T15:27:13.209+0000] {processor.py:161} INFO - Started process (PID=33049) to work on /opt/airflow/dags/product_pipeline_dag.py
[2026-02-15T15:27:13.213+0000] {processor.py:830} INFO - Processing file /opt/airflow/dags/product_pipeline_dag.py for tasks to queue
[2026-02-15T15:27:13.220+0000] {logging_mixin.py:188} INFO - [2026-02-15T15:27:13.218+0000] {dagbag.py:545} INFO - Filling up the DagBag from /opt/airflow/dags/product_pipeline_dag.py
[2026-02-15T15:27:13.296+0000] {processor.py:840} INFO - DAG(s) 'product_price_pipeline' retrieved from /opt/airflow/dags/product_pipeline_dag.py
[2026-02-15T15:27:13.366+0000] {logging_mixin.py:188} INFO - [2026-02-15T15:27:13.366+0000] {dag.py:3089} INFO - Sync 1 DAGs
[2026-02-15T15:27:13.415+0000] {logging_mixin.py:188} INFO - [2026-02-15T15:27:13.415+0000] {dag.py:3947} INFO - Setting next_dagrun for product_price_pipeline to 2026-02-15 00:00:00+00:00, run_after=2026-02-16 00:00:00+00:00
[2026-02-15T15:27:13.470+0000] {processor.py:183} INFO - Processing /opt/airflow/dags/product_pipeline_dag.py took 0.273 seconds
[2026-02-15T15:27:44.474+0000] {processor.py:161} INFO - Started process (PID=33078) to work on /opt/airflow/dags/product_pipeline_dag.py
[2026-02-15T15:27:44.479+0000] {processor.py:830} INFO - Processing file /opt/airflow/dags/product_pipeline_dag.py for tasks to queue
[2026-02-15T15:27:44.488+0000] {logging_mixin.py:188} INFO - [2026-02-15T15:27:44.487+0000] {dagbag.py:545} INFO - Filling up the DagBag from /opt/airflow/dags/product_pipeline_dag.py
[2026-02-15T15:27:44.563+0000] {processor.py:840} INFO - DAG(s) 'product_price_pipeline' retrieved from /opt/airflow/dags/product_pipeline_dag.py
[2026-02-15T15:27:44.642+0000] {logging_mixin.py:188} INFO - [2026-02-15T15:27:44.642+0000] {dag.py:3089} INFO - Sync 1 DAGs
[2026-02-15T15:27:44.712+0000] {logging_mixin.py:188} INFO - [2026-02-15T15:27:44.711+0000] {dag.py:3947} INFO - Setting next_dagrun for product_price_pipeline to 2026-02-15 00:00:00+00:00, run_after=2026-02-16 00:00:00+00:00
[2026-02-15T15:27:44.761+0000] {processor.py:183} INFO - Processing /opt/airflow/dags/product_pipeline_dag.py took 0.304 seconds
[2026-02-15T15:28:16.375+0000] {processor.py:161} INFO - Started process (PID=33107) to work on /opt/airflow/dags/product_pipeline_dag.py
[2026-02-15T15:28:16.377+0000] {processor.py:830} INFO - Processing file /opt/airflow/dags/product_pipeline_dag.py for tasks to queue
[2026-02-15T15:28:16.382+0000] {logging_mixin.py:188} INFO - [2026-02-15T15:28:16.381+0000] {dagbag.py:545} INFO - Filling up the DagBag from /opt/airflow/dags/product_pipeline_dag.py
[2026-02-15T15:28:16.442+0000] {processor.py:840} INFO - DAG(s) 'product_price_pipeline' retrieved from /opt/airflow/dags/product_pipeline_dag.py
[2026-02-15T15:28:16.501+0000] {logging_mixin.py:188} INFO - [2026-02-15T15:28:16.500+0000] {dag.py:3089} INFO - Sync 1 DAGs
[2026-02-15T15:28:16.546+0000] {logging_mixin.py:188} INFO - [2026-02-15T15:28:16.545+0000] {dag.py:3947} INFO - Setting next_dagrun for product_price_pipeline to 2026-02-15 00:00:00+00:00, run_after=2026-02-16 00:00:00+00:00
[2026-02-15T15:28:16.598+0000] {processor.py:183} INFO - Processing /opt/airflow/dags/product_pipeline_dag.py took 0.239 seconds
[2026-02-15T15:28:48.104+0000] {processor.py:161} INFO - Started process (PID=33136) to work on /opt/airflow/dags/product_pipeline_dag.py
[2026-02-15T15:28:48.109+0000] {processor.py:830} INFO - Processing file /opt/airflow/dags/product_pipeline_dag.py for tasks to queue
[2026-02-15T15:28:48.114+0000] {logging_mixin.py:188} INFO - [2026-02-15T15:28:48.113+0000] {dagbag.py:545} INFO - Filling up the DagBag from /opt/airflow/dags/product_pipeline_dag.py
[2026-02-15T15:28:48.207+0000] {processor.py:840} INFO - DAG(s) 'product_price_pipeline' retrieved from /opt/airflow/dags/product_pipeline_dag.py
[2026-02-15T15:28:48.283+0000] {logging_mixin.py:188} INFO - [2026-02-15T15:28:48.282+0000] {dag.py:3089} INFO - Sync 1 DAGs
[2026-02-15T15:28:48.327+0000] {logging_mixin.py:188} INFO - [2026-02-15T15:28:48.327+0000] {dag.py:3947} INFO - Setting next_dagrun for product_price_pipeline to 2026-02-15 00:00:00+00:00, run_after=2026-02-16 00:00:00+00:00
[2026-02-15T15:28:48.376+0000] {processor.py:183} INFO - Processing /opt/airflow/dags/product_pipeline_dag.py took 0.284 seconds
[2026-02-15T15:29:19.774+0000] {processor.py:161} INFO - Started process (PID=33165) to work on /opt/airflow/dags/product_pipeline_dag.py
[2026-02-15T15:29:19.783+0000] {processor.py:830} INFO - Processing file /opt/airflow/dags/product_pipeline_dag.py for tasks to queue
[2026-02-15T15:29:19.794+0000] {logging_mixin.py:188} INFO - [2026-02-15T15:29:19.793+0000] {dagbag.py:545} INFO - Filling up the DagBag from /opt/airflow/dags/product_pipeline_dag.py
[2026-02-15T15:29:19.893+0000] {processor.py:840} INFO - DAG(s) 'product_price_pipeline' retrieved from /opt/airflow/dags/product_pipeline_dag.py
[2026-02-15T15:29:19.950+0000] {logging_mixin.py:188} INFO - [2026-02-15T15:29:19.949+0000] {dag.py:3089} INFO - Sync 1 DAGs
[2026-02-15T15:29:19.990+0000] {logging_mixin.py:188} INFO - [2026-02-15T15:29:19.990+0000] {dag.py:3947} INFO - Setting next_dagrun for product_price_pipeline to 2026-02-15 00:00:00+00:00, run_after=2026-02-16 00:00:00+00:00
[2026-02-15T15:29:20.050+0000] {processor.py:183} INFO - Processing /opt/airflow/dags/product_pipeline_dag.py took 0.300 seconds
[2026-02-15T15:29:50.823+0000] {processor.py:161} INFO - Started process (PID=33194) to work on /opt/airflow/dags/product_pipeline_dag.py
[2026-02-15T15:29:50.826+0000] {processor.py:830} INFO - Processing file /opt/airflow/dags/product_pipeline_dag.py for tasks to queue
[2026-02-15T15:29:50.830+0000] {logging_mixin.py:188} INFO - [2026-02-15T15:29:50.829+0000] {dagbag.py:545} INFO - Filling up the DagBag from /opt/airflow/dags/product_pipeline_dag.py
[2026-02-15T15:29:50.950+0000] {processor.py:840} INFO - DAG(s) 'product_price_pipeline' retrieved from /opt/airflow/dags/product_pipeline_dag.py
[2026-02-15T15:29:51.176+0000] {logging_mixin.py:188} INFO - [2026-02-15T15:29:51.175+0000] {dag.py:3089} INFO - Sync 1 DAGs
[2026-02-15T15:29:51.241+0000] {logging_mixin.py:188} INFO - [2026-02-15T15:29:51.240+0000] {dag.py:3947} INFO - Setting next_dagrun for product_price_pipeline to 2026-02-15 00:00:00+00:00, run_after=2026-02-16 00:00:00+00:00
[2026-02-15T15:29:51.294+0000] {processor.py:183} INFO - Processing /opt/airflow/dags/product_pipeline_dag.py took 0.481 seconds
[2026-02-15T15:30:22.040+0000] {processor.py:161} INFO - Started process (PID=33221) to work on /opt/airflow/dags/product_pipeline_dag.py
[2026-02-15T15:30:22.044+0000] {processor.py:830} INFO - Processing file /opt/airflow/dags/product_pipeline_dag.py for tasks to queue
[2026-02-15T15:30:22.056+0000] {logging_mixin.py:188} INFO - [2026-02-15T15:30:22.054+0000] {dagbag.py:545} INFO - Filling up the DagBag from /opt/airflow/dags/product_pipeline_dag.py
[2026-02-15T15:30:22.144+0000] {processor.py:840} INFO - DAG(s) 'product_price_pipeline' retrieved from /opt/airflow/dags/product_pipeline_dag.py
[2026-02-15T15:30:22.228+0000] {logging_mixin.py:188} INFO - [2026-02-15T15:30:22.228+0000] {dag.py:3089} INFO - Sync 1 DAGs
[2026-02-15T15:30:22.272+0000] {logging_mixin.py:188} INFO - [2026-02-15T15:30:22.272+0000] {dag.py:3947} INFO - Setting next_dagrun for product_price_pipeline to 2026-02-15 00:00:00+00:00, run_after=2026-02-16 00:00:00+00:00
[2026-02-15T15:30:22.349+0000] {processor.py:183} INFO - Processing /opt/airflow/dags/product_pipeline_dag.py took 0.321 seconds
[2026-02-15T15:30:53.532+0000] {processor.py:161} INFO - Started process (PID=33250) to work on /opt/airflow/dags/product_pipeline_dag.py
[2026-02-15T15:30:53.537+0000] {processor.py:830} INFO - Processing file /opt/airflow/dags/product_pipeline_dag.py for tasks to queue
[2026-02-15T15:30:53.545+0000] {logging_mixin.py:188} INFO - [2026-02-15T15:30:53.544+0000] {dagbag.py:545} INFO - Filling up the DagBag from /opt/airflow/dags/product_pipeline_dag.py
[2026-02-15T15:30:53.668+0000] {processor.py:840} INFO - DAG(s) 'product_price_pipeline' retrieved from /opt/airflow/dags/product_pipeline_dag.py
[2026-02-15T15:30:53.767+0000] {logging_mixin.py:188} INFO - [2026-02-15T15:30:53.766+0000] {dag.py:3089} INFO - Sync 1 DAGs
[2026-02-15T15:30:53.838+0000] {logging_mixin.py:188} INFO - [2026-02-15T15:30:53.837+0000] {dag.py:3947} INFO - Setting next_dagrun for product_price_pipeline to 2026-02-15 00:00:00+00:00, run_after=2026-02-16 00:00:00+00:00
[2026-02-15T15:30:53.891+0000] {processor.py:183} INFO - Processing /opt/airflow/dags/product_pipeline_dag.py took 0.385 seconds
[2026-02-15T15:31:24.174+0000] {processor.py:161} INFO - Started process (PID=33273) to work on /opt/airflow/dags/product_pipeline_dag.py
[2026-02-15T15:31:24.176+0000] {processor.py:830} INFO - Processing file /opt/airflow/dags/product_pipeline_dag.py for tasks to queue
[2026-02-15T15:31:24.180+0000] {logging_mixin.py:188} INFO - [2026-02-15T15:31:24.179+0000] {dagbag.py:545} INFO - Filling up the DagBag from /opt/airflow/dags/product_pipeline_dag.py
[2026-02-15T15:31:24.233+0000] {processor.py:840} INFO - DAG(s) 'product_price_pipeline' retrieved from /opt/airflow/dags/product_pipeline_dag.py
[2026-02-15T15:31:24.297+0000] {logging_mixin.py:188} INFO - [2026-02-15T15:31:24.296+0000] {dag.py:3089} INFO - Sync 1 DAGs
[2026-02-15T15:31:24.336+0000] {logging_mixin.py:188} INFO - [2026-02-15T15:31:24.335+0000] {dag.py:3947} INFO - Setting next_dagrun for product_price_pipeline to 2026-02-15 00:00:00+00:00, run_after=2026-02-16 00:00:00+00:00
[2026-02-15T15:31:24.370+0000] {processor.py:183} INFO - Processing /opt/airflow/dags/product_pipeline_dag.py took 0.208 seconds
[2026-02-15T15:31:54.961+0000] {processor.py:161} INFO - Started process (PID=33301) to work on /opt/airflow/dags/product_pipeline_dag.py
[2026-02-15T15:31:54.963+0000] {processor.py:830} INFO - Processing file /opt/airflow/dags/product_pipeline_dag.py for tasks to queue
[2026-02-15T15:31:54.967+0000] {logging_mixin.py:188} INFO - [2026-02-15T15:31:54.967+0000] {dagbag.py:545} INFO - Filling up the DagBag from /opt/airflow/dags/product_pipeline_dag.py
[2026-02-15T15:31:55.019+0000] {processor.py:840} INFO - DAG(s) 'product_price_pipeline' retrieved from /opt/airflow/dags/product_pipeline_dag.py
[2026-02-15T15:31:55.074+0000] {logging_mixin.py:188} INFO - [2026-02-15T15:31:55.073+0000] {dag.py:3089} INFO - Sync 1 DAGs
[2026-02-15T15:31:55.117+0000] {logging_mixin.py:188} INFO - [2026-02-15T15:31:55.116+0000] {dag.py:3947} INFO - Setting next_dagrun for product_price_pipeline to 2026-02-15 00:00:00+00:00, run_after=2026-02-16 00:00:00+00:00
[2026-02-15T15:31:55.154+0000] {processor.py:183} INFO - Processing /opt/airflow/dags/product_pipeline_dag.py took 0.206 seconds
[2026-02-15T15:32:25.330+0000] {processor.py:161} INFO - Started process (PID=33327) to work on /opt/airflow/dags/product_pipeline_dag.py
[2026-02-15T15:32:25.331+0000] {processor.py:830} INFO - Processing file /opt/airflow/dags/product_pipeline_dag.py for tasks to queue
[2026-02-15T15:32:25.334+0000] {logging_mixin.py:188} INFO - [2026-02-15T15:32:25.334+0000] {dagbag.py:545} INFO - Filling up the DagBag from /opt/airflow/dags/product_pipeline_dag.py
[2026-02-15T15:32:25.373+0000] {processor.py:840} INFO - DAG(s) 'product_price_pipeline' retrieved from /opt/airflow/dags/product_pipeline_dag.py
[2026-02-15T15:32:25.418+0000] {logging_mixin.py:188} INFO - [2026-02-15T15:32:25.418+0000] {dag.py:3089} INFO - Sync 1 DAGs
[2026-02-15T15:32:25.450+0000] {logging_mixin.py:188} INFO - [2026-02-15T15:32:25.450+0000] {dag.py:3947} INFO - Setting next_dagrun for product_price_pipeline to 2026-02-15 00:00:00+00:00, run_after=2026-02-16 00:00:00+00:00
[2026-02-15T15:32:25.488+0000] {processor.py:183} INFO - Processing /opt/airflow/dags/product_pipeline_dag.py took 0.166 seconds
[2026-02-15T15:32:55.595+0000] {processor.py:161} INFO - Started process (PID=33356) to work on /opt/airflow/dags/product_pipeline_dag.py
[2026-02-15T15:32:55.598+0000] {processor.py:830} INFO - Processing file /opt/airflow/dags/product_pipeline_dag.py for tasks to queue
[2026-02-15T15:32:55.601+0000] {logging_mixin.py:188} INFO - [2026-02-15T15:32:55.601+0000] {dagbag.py:545} INFO - Filling up the DagBag from /opt/airflow/dags/product_pipeline_dag.py
[2026-02-15T15:32:55.676+0000] {processor.py:840} INFO - DAG(s) 'product_price_pipeline' retrieved from /opt/airflow/dags/product_pipeline_dag.py
[2026-02-15T15:32:55.735+0000] {logging_mixin.py:188} INFO - [2026-02-15T15:32:55.734+0000] {dag.py:3089} INFO - Sync 1 DAGs
[2026-02-15T15:32:55.766+0000] {logging_mixin.py:188} INFO - [2026-02-15T15:32:55.765+0000] {dag.py:3947} INFO - Setting next_dagrun for product_price_pipeline to 2026-02-15 00:00:00+00:00, run_after=2026-02-16 00:00:00+00:00
[2026-02-15T15:32:55.805+0000] {processor.py:183} INFO - Processing /opt/airflow/dags/product_pipeline_dag.py took 0.220 seconds
[2026-02-15T15:33:26.003+0000] {processor.py:161} INFO - Started process (PID=33385) to work on /opt/airflow/dags/product_pipeline_dag.py
[2026-02-15T15:33:26.005+0000] {processor.py:830} INFO - Processing file /opt/airflow/dags/product_pipeline_dag.py for tasks to queue
[2026-02-15T15:33:26.009+0000] {logging_mixin.py:188} INFO - [2026-02-15T15:33:26.008+0000] {dagbag.py:545} INFO - Filling up the DagBag from /opt/airflow/dags/product_pipeline_dag.py
[2026-02-15T15:33:26.057+0000] {processor.py:840} INFO - DAG(s) 'product_price_pipeline' retrieved from /opt/airflow/dags/product_pipeline_dag.py
[2026-02-15T15:33:26.108+0000] {logging_mixin.py:188} INFO - [2026-02-15T15:33:26.108+0000] {dag.py:3089} INFO - Sync 1 DAGs
[2026-02-15T15:33:26.140+0000] {logging_mixin.py:188} INFO - [2026-02-15T15:33:26.139+0000] {dag.py:3947} INFO - Setting next_dagrun for product_price_pipeline to 2026-02-15 00:00:00+00:00, run_after=2026-02-16 00:00:00+00:00
[2026-02-15T15:33:26.173+0000] {processor.py:183} INFO - Processing /opt/airflow/dags/product_pipeline_dag.py took 0.180 seconds
[2026-02-15T15:33:56.506+0000] {processor.py:161} INFO - Started process (PID=33414) to work on /opt/airflow/dags/product_pipeline_dag.py
[2026-02-15T15:33:56.508+0000] {processor.py:830} INFO - Processing file /opt/airflow/dags/product_pipeline_dag.py for tasks to queue
[2026-02-15T15:33:56.514+0000] {logging_mixin.py:188} INFO - [2026-02-15T15:33:56.513+0000] {dagbag.py:545} INFO - Filling up the DagBag from /opt/airflow/dags/product_pipeline_dag.py
[2026-02-15T15:33:56.562+0000] {processor.py:840} INFO - DAG(s) 'product_price_pipeline' retrieved from /opt/airflow/dags/product_pipeline_dag.py
[2026-02-15T15:33:56.620+0000] {logging_mixin.py:188} INFO - [2026-02-15T15:33:56.619+0000] {dag.py:3089} INFO - Sync 1 DAGs
[2026-02-15T15:33:56.658+0000] {logging_mixin.py:188} INFO - [2026-02-15T15:33:56.658+0000] {dag.py:3947} INFO - Setting next_dagrun for product_price_pipeline to 2026-02-15 00:00:00+00:00, run_after=2026-02-16 00:00:00+00:00
[2026-02-15T15:33:56.692+0000] {processor.py:183} INFO - Processing /opt/airflow/dags/product_pipeline_dag.py took 0.198 seconds
[2026-02-15T15:34:26.995+0000] {processor.py:161} INFO - Started process (PID=33443) to work on /opt/airflow/dags/product_pipeline_dag.py
[2026-02-15T15:34:26.998+0000] {processor.py:830} INFO - Processing file /opt/airflow/dags/product_pipeline_dag.py for tasks to queue
[2026-02-15T15:34:27.003+0000] {logging_mixin.py:188} INFO - [2026-02-15T15:34:27.002+0000] {dagbag.py:545} INFO - Filling up the DagBag from /opt/airflow/dags/product_pipeline_dag.py
[2026-02-15T15:34:27.068+0000] {processor.py:840} INFO - DAG(s) 'product_price_pipeline' retrieved from /opt/airflow/dags/product_pipeline_dag.py
[2026-02-15T15:34:27.124+0000] {logging_mixin.py:188} INFO - [2026-02-15T15:34:27.123+0000] {dag.py:3089} INFO - Sync 1 DAGs
[2026-02-15T15:34:27.158+0000] {logging_mixin.py:188} INFO - [2026-02-15T15:34:27.158+0000] {dag.py:3947} INFO - Setting next_dagrun for product_price_pipeline to 2026-02-15 00:00:00+00:00, run_after=2026-02-16 00:00:00+00:00
[2026-02-15T15:34:27.199+0000] {processor.py:183} INFO - Processing /opt/airflow/dags/product_pipeline_dag.py took 0.216 seconds
[2026-02-15T15:34:57.381+0000] {processor.py:161} INFO - Started process (PID=33472) to work on /opt/airflow/dags/product_pipeline_dag.py
[2026-02-15T15:34:57.383+0000] {processor.py:830} INFO - Processing file /opt/airflow/dags/product_pipeline_dag.py for tasks to queue
[2026-02-15T15:34:57.386+0000] {logging_mixin.py:188} INFO - [2026-02-15T15:34:57.386+0000] {dagbag.py:545} INFO - Filling up the DagBag from /opt/airflow/dags/product_pipeline_dag.py
[2026-02-15T15:34:57.424+0000] {processor.py:840} INFO - DAG(s) 'product_price_pipeline' retrieved from /opt/airflow/dags/product_pipeline_dag.py
[2026-02-15T15:34:57.482+0000] {logging_mixin.py:188} INFO - [2026-02-15T15:34:57.481+0000] {dag.py:3089} INFO - Sync 1 DAGs
[2026-02-15T15:34:57.531+0000] {logging_mixin.py:188} INFO - [2026-02-15T15:34:57.530+0000] {dag.py:3947} INFO - Setting next_dagrun for product_price_pipeline to 2026-02-15 00:00:00+00:00, run_after=2026-02-16 00:00:00+00:00
[2026-02-15T15:34:57.574+0000] {processor.py:183} INFO - Processing /opt/airflow/dags/product_pipeline_dag.py took 0.205 seconds
[2026-02-15T15:40:11.482+0000] {processor.py:161} INFO - Started process (PID=33517) to work on /opt/airflow/dags/product_pipeline_dag.py
[2026-02-15T15:40:11.487+0000] {processor.py:830} INFO - Processing file /opt/airflow/dags/product_pipeline_dag.py for tasks to queue
[2026-02-15T15:40:11.493+0000] {logging_mixin.py:188} INFO - [2026-02-15T15:40:11.492+0000] {dagbag.py:545} INFO - Filling up the DagBag from /opt/airflow/dags/product_pipeline_dag.py
[2026-02-15T15:40:11.632+0000] {processor.py:840} INFO - DAG(s) 'product_price_pipeline' retrieved from /opt/airflow/dags/product_pipeline_dag.py
[2026-02-15T15:40:11.824+0000] {logging_mixin.py:188} INFO - [2026-02-15T15:40:11.824+0000] {dag.py:3089} INFO - Sync 1 DAGs
[2026-02-15T15:40:11.949+0000] {logging_mixin.py:188} INFO - [2026-02-15T15:40:11.948+0000] {dag.py:3947} INFO - Setting next_dagrun for product_price_pipeline to 2026-02-15 00:00:00+00:00, run_after=2026-02-16 00:00:00+00:00
[2026-02-15T15:40:12.033+0000] {processor.py:183} INFO - Processing /opt/airflow/dags/product_pipeline_dag.py took 0.566 seconds
[2026-02-15T15:40:42.222+0000] {processor.py:161} INFO - Started process (PID=33539) to work on /opt/airflow/dags/product_pipeline_dag.py
[2026-02-15T15:40:42.226+0000] {processor.py:830} INFO - Processing file /opt/airflow/dags/product_pipeline_dag.py for tasks to queue
[2026-02-15T15:40:42.231+0000] {logging_mixin.py:188} INFO - [2026-02-15T15:40:42.230+0000] {dagbag.py:545} INFO - Filling up the DagBag from /opt/airflow/dags/product_pipeline_dag.py
[2026-02-15T15:40:42.321+0000] {processor.py:840} INFO - DAG(s) 'product_price_pipeline' retrieved from /opt/airflow/dags/product_pipeline_dag.py
[2026-02-15T15:40:42.416+0000] {logging_mixin.py:188} INFO - [2026-02-15T15:40:42.415+0000] {dag.py:3089} INFO - Sync 1 DAGs
[2026-02-15T15:40:42.463+0000] {logging_mixin.py:188} INFO - [2026-02-15T15:40:42.463+0000] {dag.py:3947} INFO - Setting next_dagrun for product_price_pipeline to 2026-02-15 00:00:00+00:00, run_after=2026-02-16 00:00:00+00:00
[2026-02-15T15:40:42.523+0000] {processor.py:183} INFO - Processing /opt/airflow/dags/product_pipeline_dag.py took 0.320 seconds
[2026-02-15T15:41:16.117+0000] {processor.py:161} INFO - Started process (PID=33569) to work on /opt/airflow/dags/product_pipeline_dag.py
[2026-02-15T15:41:16.121+0000] {processor.py:830} INFO - Processing file /opt/airflow/dags/product_pipeline_dag.py for tasks to queue
[2026-02-15T15:41:16.127+0000] {logging_mixin.py:188} INFO - [2026-02-15T15:41:16.126+0000] {dagbag.py:545} INFO - Filling up the DagBag from /opt/airflow/dags/product_pipeline_dag.py
[2026-02-15T15:41:16.231+0000] {processor.py:840} INFO - DAG(s) 'product_price_pipeline' retrieved from /opt/airflow/dags/product_pipeline_dag.py
[2026-02-15T15:41:16.375+0000] {logging_mixin.py:188} INFO - [2026-02-15T15:41:16.375+0000] {dag.py:3089} INFO - Sync 1 DAGs
[2026-02-15T15:41:16.493+0000] {logging_mixin.py:188} INFO - [2026-02-15T15:41:16.492+0000] {dag.py:3947} INFO - Setting next_dagrun for product_price_pipeline to 2026-02-15 00:00:00+00:00, run_after=2026-02-16 00:00:00+00:00
[2026-02-15T15:41:16.545+0000] {processor.py:183} INFO - Processing /opt/airflow/dags/product_pipeline_dag.py took 0.447 seconds
[2026-02-15T15:41:47.447+0000] {processor.py:161} INFO - Started process (PID=33597) to work on /opt/airflow/dags/product_pipeline_dag.py
[2026-02-15T15:41:47.449+0000] {processor.py:830} INFO - Processing file /opt/airflow/dags/product_pipeline_dag.py for tasks to queue
[2026-02-15T15:41:47.453+0000] {logging_mixin.py:188} INFO - [2026-02-15T15:41:47.453+0000] {dagbag.py:545} INFO - Filling up the DagBag from /opt/airflow/dags/product_pipeline_dag.py
[2026-02-15T15:41:47.510+0000] {processor.py:840} INFO - DAG(s) 'product_price_pipeline' retrieved from /opt/airflow/dags/product_pipeline_dag.py
[2026-02-15T15:41:47.568+0000] {logging_mixin.py:188} INFO - [2026-02-15T15:41:47.567+0000] {dag.py:3089} INFO - Sync 1 DAGs
[2026-02-15T15:41:47.619+0000] {logging_mixin.py:188} INFO - [2026-02-15T15:41:47.618+0000] {dag.py:3947} INFO - Setting next_dagrun for product_price_pipeline to 2026-02-15 00:00:00+00:00, run_after=2026-02-16 00:00:00+00:00
[2026-02-15T15:41:47.685+0000] {processor.py:183} INFO - Processing /opt/airflow/dags/product_pipeline_dag.py took 0.247 seconds
[2026-02-15T15:42:18.762+0000] {processor.py:161} INFO - Started process (PID=33623) to work on /opt/airflow/dags/product_pipeline_dag.py
[2026-02-15T15:42:18.766+0000] {processor.py:830} INFO - Processing file /opt/airflow/dags/product_pipeline_dag.py for tasks to queue
[2026-02-15T15:42:18.772+0000] {logging_mixin.py:188} INFO - [2026-02-15T15:42:18.771+0000] {dagbag.py:545} INFO - Filling up the DagBag from /opt/airflow/dags/product_pipeline_dag.py
[2026-02-15T15:42:18.842+0000] {processor.py:840} INFO - DAG(s) 'product_price_pipeline' retrieved from /opt/airflow/dags/product_pipeline_dag.py
[2026-02-15T15:42:18.984+0000] {logging_mixin.py:188} INFO - [2026-02-15T15:42:18.984+0000] {dag.py:3089} INFO - Sync 1 DAGs
[2026-02-15T15:42:19.061+0000] {logging_mixin.py:188} INFO - [2026-02-15T15:42:19.060+0000] {dag.py:3947} INFO - Setting next_dagrun for product_price_pipeline to 2026-02-15 00:00:00+00:00, run_after=2026-02-16 00:00:00+00:00
[2026-02-15T15:42:19.128+0000] {processor.py:183} INFO - Processing /opt/airflow/dags/product_pipeline_dag.py took 0.384 seconds
[2026-02-15T15:42:49.615+0000] {processor.py:161} INFO - Started process (PID=33650) to work on /opt/airflow/dags/product_pipeline_dag.py
[2026-02-15T15:42:49.619+0000] {processor.py:830} INFO - Processing file /opt/airflow/dags/product_pipeline_dag.py for tasks to queue
[2026-02-15T15:42:49.622+0000] {logging_mixin.py:188} INFO - [2026-02-15T15:42:49.621+0000] {dagbag.py:545} INFO - Filling up the DagBag from /opt/airflow/dags/product_pipeline_dag.py
[2026-02-15T15:42:49.669+0000] {processor.py:840} INFO - DAG(s) 'product_price_pipeline' retrieved from /opt/airflow/dags/product_pipeline_dag.py
[2026-02-15T15:42:49.749+0000] {logging_mixin.py:188} INFO - [2026-02-15T15:42:49.749+0000] {dag.py:3089} INFO - Sync 1 DAGs
[2026-02-15T15:42:49.800+0000] {logging_mixin.py:188} INFO - [2026-02-15T15:42:49.800+0000] {dag.py:3947} INFO - Setting next_dagrun for product_price_pipeline to 2026-02-15 00:00:00+00:00, run_after=2026-02-16 00:00:00+00:00
[2026-02-15T15:42:49.840+0000] {processor.py:183} INFO - Processing /opt/airflow/dags/product_pipeline_dag.py took 0.234 seconds
[2026-02-15T15:43:20.040+0000] {processor.py:161} INFO - Started process (PID=33672) to work on /opt/airflow/dags/product_pipeline_dag.py
[2026-02-15T15:43:20.043+0000] {processor.py:830} INFO - Processing file /opt/airflow/dags/product_pipeline_dag.py for tasks to queue
[2026-02-15T15:43:20.046+0000] {logging_mixin.py:188} INFO - [2026-02-15T15:43:20.046+0000] {dagbag.py:545} INFO - Filling up the DagBag from /opt/airflow/dags/product_pipeline_dag.py
[2026-02-15T15:43:20.100+0000] {processor.py:840} INFO - DAG(s) 'product_price_pipeline' retrieved from /opt/airflow/dags/product_pipeline_dag.py
[2026-02-15T15:43:20.186+0000] {logging_mixin.py:188} INFO - [2026-02-15T15:43:20.185+0000] {dag.py:3089} INFO - Sync 1 DAGs
[2026-02-15T15:43:20.246+0000] {logging_mixin.py:188} INFO - [2026-02-15T15:43:20.246+0000] {dag.py:3947} INFO - Setting next_dagrun for product_price_pipeline to 2026-02-15 00:00:00+00:00, run_after=2026-02-16 00:00:00+00:00
[2026-02-15T15:43:20.309+0000] {processor.py:183} INFO - Processing /opt/airflow/dags/product_pipeline_dag.py took 0.282 seconds
[2026-02-15T15:43:50.615+0000] {processor.py:161} INFO - Started process (PID=33698) to work on /opt/airflow/dags/product_pipeline_dag.py
[2026-02-15T15:43:50.619+0000] {processor.py:830} INFO - Processing file /opt/airflow/dags/product_pipeline_dag.py for tasks to queue
[2026-02-15T15:43:50.623+0000] {logging_mixin.py:188} INFO - [2026-02-15T15:43:50.623+0000] {dagbag.py:545} INFO - Filling up the DagBag from /opt/airflow/dags/product_pipeline_dag.py
[2026-02-15T15:43:50.689+0000] {processor.py:840} INFO - DAG(s) 'product_price_pipeline' retrieved from /opt/airflow/dags/product_pipeline_dag.py
[2026-02-15T15:43:50.743+0000] {logging_mixin.py:188} INFO - [2026-02-15T15:43:50.743+0000] {dag.py:3089} INFO - Sync 1 DAGs
[2026-02-15T15:43:50.774+0000] {logging_mixin.py:188} INFO - [2026-02-15T15:43:50.773+0000] {dag.py:3947} INFO - Setting next_dagrun for product_price_pipeline to 2026-02-15 00:00:00+00:00, run_after=2026-02-16 00:00:00+00:00
[2026-02-15T15:43:50.805+0000] {processor.py:183} INFO - Processing /opt/airflow/dags/product_pipeline_dag.py took 0.203 seconds
[2026-02-15T15:44:21.185+0000] {processor.py:161} INFO - Started process (PID=33727) to work on /opt/airflow/dags/product_pipeline_dag.py
[2026-02-15T15:44:21.187+0000] {processor.py:830} INFO - Processing file /opt/airflow/dags/product_pipeline_dag.py for tasks to queue
[2026-02-15T15:44:21.191+0000] {logging_mixin.py:188} INFO - [2026-02-15T15:44:21.191+0000] {dagbag.py:545} INFO - Filling up the DagBag from /opt/airflow/dags/product_pipeline_dag.py
[2026-02-15T15:44:21.235+0000] {processor.py:840} INFO - DAG(s) 'product_price_pipeline' retrieved from /opt/airflow/dags/product_pipeline_dag.py
[2026-02-15T15:44:21.287+0000] {logging_mixin.py:188} INFO - [2026-02-15T15:44:21.287+0000] {dag.py:3089} INFO - Sync 1 DAGs
[2026-02-15T15:44:21.323+0000] {logging_mixin.py:188} INFO - [2026-02-15T15:44:21.323+0000] {dag.py:3947} INFO - Setting next_dagrun for product_price_pipeline to 2026-02-15 00:00:00+00:00, run_after=2026-02-16 00:00:00+00:00
[2026-02-15T15:44:21.357+0000] {processor.py:183} INFO - Processing /opt/airflow/dags/product_pipeline_dag.py took 0.187 seconds
[2026-02-15T15:44:52.460+0000] {processor.py:161} INFO - Started process (PID=33756) to work on /opt/airflow/dags/product_pipeline_dag.py
[2026-02-15T15:44:52.463+0000] {processor.py:830} INFO - Processing file /opt/airflow/dags/product_pipeline_dag.py for tasks to queue
[2026-02-15T15:44:52.467+0000] {logging_mixin.py:188} INFO - [2026-02-15T15:44:52.466+0000] {dagbag.py:545} INFO - Filling up the DagBag from /opt/airflow/dags/product_pipeline_dag.py
[2026-02-15T15:44:52.530+0000] {processor.py:840} INFO - DAG(s) 'product_price_pipeline' retrieved from /opt/airflow/dags/product_pipeline_dag.py
[2026-02-15T15:44:52.593+0000] {logging_mixin.py:188} INFO - [2026-02-15T15:44:52.593+0000] {dag.py:3089} INFO - Sync 1 DAGs
[2026-02-15T15:44:52.623+0000] {logging_mixin.py:188} INFO - [2026-02-15T15:44:52.623+0000] {dag.py:3947} INFO - Setting next_dagrun for product_price_pipeline to 2026-02-15 00:00:00+00:00, run_after=2026-02-16 00:00:00+00:00
[2026-02-15T15:44:52.666+0000] {processor.py:183} INFO - Processing /opt/airflow/dags/product_pipeline_dag.py took 0.217 seconds
[2026-02-15T15:45:23.142+0000] {processor.py:161} INFO - Started process (PID=33785) to work on /opt/airflow/dags/product_pipeline_dag.py
[2026-02-15T15:45:23.145+0000] {processor.py:830} INFO - Processing file /opt/airflow/dags/product_pipeline_dag.py for tasks to queue
[2026-02-15T15:45:23.149+0000] {logging_mixin.py:188} INFO - [2026-02-15T15:45:23.148+0000] {dagbag.py:545} INFO - Filling up the DagBag from /opt/airflow/dags/product_pipeline_dag.py
[2026-02-15T15:45:23.193+0000] {processor.py:840} INFO - DAG(s) 'product_price_pipeline' retrieved from /opt/airflow/dags/product_pipeline_dag.py
[2026-02-15T15:45:23.240+0000] {logging_mixin.py:188} INFO - [2026-02-15T15:45:23.239+0000] {dag.py:3089} INFO - Sync 1 DAGs
[2026-02-15T15:45:23.270+0000] {logging_mixin.py:188} INFO - [2026-02-15T15:45:23.269+0000] {dag.py:3947} INFO - Setting next_dagrun for product_price_pipeline to 2026-02-15 00:00:00+00:00, run_after=2026-02-16 00:00:00+00:00
[2026-02-15T15:45:23.321+0000] {processor.py:183} INFO - Processing /opt/airflow/dags/product_pipeline_dag.py took 0.189 seconds
[2026-02-15T15:45:54.392+0000] {processor.py:161} INFO - Started process (PID=33814) to work on /opt/airflow/dags/product_pipeline_dag.py
[2026-02-15T15:45:54.395+0000] {processor.py:830} INFO - Processing file /opt/airflow/dags/product_pipeline_dag.py for tasks to queue
[2026-02-15T15:45:54.399+0000] {logging_mixin.py:188} INFO - [2026-02-15T15:45:54.398+0000] {dagbag.py:545} INFO - Filling up the DagBag from /opt/airflow/dags/product_pipeline_dag.py
[2026-02-15T15:45:54.479+0000] {processor.py:840} INFO - DAG(s) 'product_price_pipeline' retrieved from /opt/airflow/dags/product_pipeline_dag.py
[2026-02-15T15:45:54.540+0000] {logging_mixin.py:188} INFO - [2026-02-15T15:45:54.540+0000] {dag.py:3089} INFO - Sync 1 DAGs
[2026-02-15T15:45:54.576+0000] {logging_mixin.py:188} INFO - [2026-02-15T15:45:54.576+0000] {dag.py:3947} INFO - Setting next_dagrun for product_price_pipeline to 2026-02-15 00:00:00+00:00, run_after=2026-02-16 00:00:00+00:00
[2026-02-15T15:45:54.612+0000] {processor.py:183} INFO - Processing /opt/airflow/dags/product_pipeline_dag.py took 0.230 seconds
[2026-02-15T15:46:25.714+0000] {processor.py:161} INFO - Started process (PID=33843) to work on /opt/airflow/dags/product_pipeline_dag.py
[2026-02-15T15:46:25.717+0000] {processor.py:830} INFO - Processing file /opt/airflow/dags/product_pipeline_dag.py for tasks to queue
[2026-02-15T15:46:25.722+0000] {logging_mixin.py:188} INFO - [2026-02-15T15:46:25.721+0000] {dagbag.py:545} INFO - Filling up the DagBag from /opt/airflow/dags/product_pipeline_dag.py
[2026-02-15T15:46:25.786+0000] {processor.py:840} INFO - DAG(s) 'product_price_pipeline' retrieved from /opt/airflow/dags/product_pipeline_dag.py
[2026-02-15T15:46:25.852+0000] {logging_mixin.py:188} INFO - [2026-02-15T15:46:25.852+0000] {dag.py:3089} INFO - Sync 1 DAGs
[2026-02-15T15:46:25.888+0000] {logging_mixin.py:188} INFO - [2026-02-15T15:46:25.888+0000] {dag.py:3947} INFO - Setting next_dagrun for product_price_pipeline to 2026-02-15 00:00:00+00:00, run_after=2026-02-16 00:00:00+00:00
[2026-02-15T15:46:25.928+0000] {processor.py:183} INFO - Processing /opt/airflow/dags/product_pipeline_dag.py took 0.229 seconds
[2026-02-15T15:46:56.841+0000] {processor.py:161} INFO - Started process (PID=33872) to work on /opt/airflow/dags/product_pipeline_dag.py
[2026-02-15T15:46:56.843+0000] {processor.py:830} INFO - Processing file /opt/airflow/dags/product_pipeline_dag.py for tasks to queue
[2026-02-15T15:46:56.847+0000] {logging_mixin.py:188} INFO - [2026-02-15T15:46:56.846+0000] {dagbag.py:545} INFO - Filling up the DagBag from /opt/airflow/dags/product_pipeline_dag.py
[2026-02-15T15:46:56.913+0000] {processor.py:840} INFO - DAG(s) 'product_price_pipeline' retrieved from /opt/airflow/dags/product_pipeline_dag.py
[2026-02-15T15:46:56.965+0000] {logging_mixin.py:188} INFO - [2026-02-15T15:46:56.964+0000] {dag.py:3089} INFO - Sync 1 DAGs
[2026-02-15T15:46:56.998+0000] {logging_mixin.py:188} INFO - [2026-02-15T15:46:56.998+0000] {dag.py:3947} INFO - Setting next_dagrun for product_price_pipeline to 2026-02-15 00:00:00+00:00, run_after=2026-02-16 00:00:00+00:00
[2026-02-15T15:46:57.043+0000] {processor.py:183} INFO - Processing /opt/airflow/dags/product_pipeline_dag.py took 0.212 seconds
[2026-02-15T15:47:28.025+0000] {processor.py:161} INFO - Started process (PID=33901) to work on /opt/airflow/dags/product_pipeline_dag.py
[2026-02-15T15:47:28.027+0000] {processor.py:830} INFO - Processing file /opt/airflow/dags/product_pipeline_dag.py for tasks to queue
[2026-02-15T15:47:28.031+0000] {logging_mixin.py:188} INFO - [2026-02-15T15:47:28.030+0000] {dagbag.py:545} INFO - Filling up the DagBag from /opt/airflow/dags/product_pipeline_dag.py
[2026-02-15T15:47:28.076+0000] {processor.py:840} INFO - DAG(s) 'product_price_pipeline' retrieved from /opt/airflow/dags/product_pipeline_dag.py
[2026-02-15T15:47:28.133+0000] {logging_mixin.py:188} INFO - [2026-02-15T15:47:28.133+0000] {dag.py:3089} INFO - Sync 1 DAGs
[2026-02-15T15:47:28.173+0000] {logging_mixin.py:188} INFO - [2026-02-15T15:47:28.173+0000] {dag.py:3947} INFO - Setting next_dagrun for product_price_pipeline to 2026-02-15 00:00:00+00:00, run_after=2026-02-16 00:00:00+00:00
[2026-02-15T15:47:28.208+0000] {processor.py:183} INFO - Processing /opt/airflow/dags/product_pipeline_dag.py took 0.191 seconds
[2026-02-15T15:47:59.068+0000] {processor.py:161} INFO - Started process (PID=33930) to work on /opt/airflow/dags/product_pipeline_dag.py
[2026-02-15T15:47:59.076+0000] {processor.py:830} INFO - Processing file /opt/airflow/dags/product_pipeline_dag.py for tasks to queue
[2026-02-15T15:47:59.080+0000] {logging_mixin.py:188} INFO - [2026-02-15T15:47:59.079+0000] {dagbag.py:545} INFO - Filling up the DagBag from /opt/airflow/dags/product_pipeline_dag.py
[2026-02-15T15:47:59.156+0000] {processor.py:840} INFO - DAG(s) 'product_price_pipeline' retrieved from /opt/airflow/dags/product_pipeline_dag.py
[2026-02-15T15:47:59.260+0000] {logging_mixin.py:188} INFO - [2026-02-15T15:47:59.260+0000] {dag.py:3089} INFO - Sync 1 DAGs
[2026-02-15T15:47:59.294+0000] {logging_mixin.py:188} INFO - [2026-02-15T15:47:59.294+0000] {dag.py:3947} INFO - Setting next_dagrun for product_price_pipeline to 2026-02-15 00:00:00+00:00, run_after=2026-02-16 00:00:00+00:00
[2026-02-15T15:47:59.368+0000] {processor.py:183} INFO - Processing /opt/airflow/dags/product_pipeline_dag.py took 0.309 seconds
[2026-02-15T15:48:30.569+0000] {processor.py:161} INFO - Started process (PID=33959) to work on /opt/airflow/dags/product_pipeline_dag.py
[2026-02-15T15:48:30.572+0000] {processor.py:830} INFO - Processing file /opt/airflow/dags/product_pipeline_dag.py for tasks to queue
[2026-02-15T15:48:30.579+0000] {logging_mixin.py:188} INFO - [2026-02-15T15:48:30.578+0000] {dagbag.py:545} INFO - Filling up the DagBag from /opt/airflow/dags/product_pipeline_dag.py
[2026-02-15T15:48:30.638+0000] {processor.py:840} INFO - DAG(s) 'product_price_pipeline' retrieved from /opt/airflow/dags/product_pipeline_dag.py
[2026-02-15T15:48:30.700+0000] {logging_mixin.py:188} INFO - [2026-02-15T15:48:30.699+0000] {dag.py:3089} INFO - Sync 1 DAGs
[2026-02-15T15:48:30.735+0000] {logging_mixin.py:188} INFO - [2026-02-15T15:48:30.734+0000] {dag.py:3947} INFO - Setting next_dagrun for product_price_pipeline to 2026-02-15 00:00:00+00:00, run_after=2026-02-16 00:00:00+00:00
[2026-02-15T15:48:30.773+0000] {processor.py:183} INFO - Processing /opt/airflow/dags/product_pipeline_dag.py took 0.217 seconds
[2026-02-15T15:49:02.284+0000] {processor.py:161} INFO - Started process (PID=33988) to work on /opt/airflow/dags/product_pipeline_dag.py
[2026-02-15T15:49:02.286+0000] {processor.py:830} INFO - Processing file /opt/airflow/dags/product_pipeline_dag.py for tasks to queue
[2026-02-15T15:49:02.290+0000] {logging_mixin.py:188} INFO - [2026-02-15T15:49:02.290+0000] {dagbag.py:545} INFO - Filling up the DagBag from /opt/airflow/dags/product_pipeline_dag.py
[2026-02-15T15:49:02.374+0000] {processor.py:840} INFO - DAG(s) 'product_price_pipeline' retrieved from /opt/airflow/dags/product_pipeline_dag.py
[2026-02-15T15:49:02.452+0000] {logging_mixin.py:188} INFO - [2026-02-15T15:49:02.451+0000] {dag.py:3089} INFO - Sync 1 DAGs
[2026-02-15T15:49:02.485+0000] {logging_mixin.py:188} INFO - [2026-02-15T15:49:02.485+0000] {dag.py:3947} INFO - Setting next_dagrun for product_price_pipeline to 2026-02-15 00:00:00+00:00, run_after=2026-02-16 00:00:00+00:00
[2026-02-15T15:49:02.524+0000] {processor.py:183} INFO - Processing /opt/airflow/dags/product_pipeline_dag.py took 0.251 seconds
[2026-02-15T15:56:53.361+0000] {processor.py:161} INFO - Started process (PID=34039) to work on /opt/airflow/dags/product_pipeline_dag.py
[2026-02-15T15:56:53.364+0000] {processor.py:830} INFO - Processing file /opt/airflow/dags/product_pipeline_dag.py for tasks to queue
[2026-02-15T15:56:53.369+0000] {logging_mixin.py:188} INFO - [2026-02-15T15:56:53.368+0000] {dagbag.py:545} INFO - Filling up the DagBag from /opt/airflow/dags/product_pipeline_dag.py
[2026-02-15T15:56:53.530+0000] {processor.py:840} INFO - DAG(s) 'product_price_pipeline' retrieved from /opt/airflow/dags/product_pipeline_dag.py
[2026-02-15T15:56:53.703+0000] {logging_mixin.py:188} INFO - [2026-02-15T15:56:53.703+0000] {dag.py:3089} INFO - Sync 1 DAGs
[2026-02-15T15:56:53.814+0000] {logging_mixin.py:188} INFO - [2026-02-15T15:56:53.813+0000] {dag.py:3947} INFO - Setting next_dagrun for product_price_pipeline to 2026-02-15 00:00:00+00:00, run_after=2026-02-16 00:00:00+00:00
[2026-02-15T15:56:53.886+0000] {processor.py:183} INFO - Processing /opt/airflow/dags/product_pipeline_dag.py took 0.542 seconds
[2026-02-15T15:57:27.621+0000] {processor.py:161} INFO - Started process (PID=34068) to work on /opt/airflow/dags/product_pipeline_dag.py
[2026-02-15T15:57:27.630+0000] {processor.py:830} INFO - Processing file /opt/airflow/dags/product_pipeline_dag.py for tasks to queue
[2026-02-15T15:57:27.635+0000] {logging_mixin.py:188} INFO - [2026-02-15T15:57:27.633+0000] {dagbag.py:545} INFO - Filling up the DagBag from /opt/airflow/dags/product_pipeline_dag.py
[2026-02-15T15:57:27.799+0000] {processor.py:840} INFO - DAG(s) 'product_price_pipeline' retrieved from /opt/airflow/dags/product_pipeline_dag.py
[2026-02-15T15:57:28.000+0000] {logging_mixin.py:188} INFO - [2026-02-15T15:57:28.000+0000] {dag.py:3089} INFO - Sync 1 DAGs
[2026-02-15T15:57:28.186+0000] {logging_mixin.py:188} INFO - [2026-02-15T15:57:28.185+0000] {dag.py:3947} INFO - Setting next_dagrun for product_price_pipeline to 2026-02-15 00:00:00+00:00, run_after=2026-02-16 00:00:00+00:00
[2026-02-15T15:57:28.286+0000] {processor.py:183} INFO - Processing /opt/airflow/dags/product_pipeline_dag.py took 0.678 seconds
[2026-02-15T15:57:59.825+0000] {processor.py:161} INFO - Started process (PID=34091) to work on /opt/airflow/dags/product_pipeline_dag.py
[2026-02-15T15:57:59.830+0000] {processor.py:830} INFO - Processing file /opt/airflow/dags/product_pipeline_dag.py for tasks to queue
[2026-02-15T15:57:59.841+0000] {logging_mixin.py:188} INFO - [2026-02-15T15:57:59.840+0000] {dagbag.py:545} INFO - Filling up the DagBag from /opt/airflow/dags/product_pipeline_dag.py
[2026-02-15T15:58:00.067+0000] {processor.py:840} INFO - DAG(s) 'product_price_pipeline' retrieved from /opt/airflow/dags/product_pipeline_dag.py
[2026-02-15T15:58:00.193+0000] {logging_mixin.py:188} INFO - [2026-02-15T15:58:00.192+0000] {dag.py:3089} INFO - Sync 1 DAGs
[2026-02-15T15:58:00.239+0000] {logging_mixin.py:188} INFO - [2026-02-15T15:58:00.239+0000] {dag.py:3947} INFO - Setting next_dagrun for product_price_pipeline to 2026-02-15 00:00:00+00:00, run_after=2026-02-16 00:00:00+00:00
[2026-02-15T15:58:00.290+0000] {processor.py:183} INFO - Processing /opt/airflow/dags/product_pipeline_dag.py took 0.503 seconds
[2026-02-15T15:58:30.587+0000] {processor.py:161} INFO - Started process (PID=34119) to work on /opt/airflow/dags/product_pipeline_dag.py
[2026-02-15T15:58:30.590+0000] {processor.py:830} INFO - Processing file /opt/airflow/dags/product_pipeline_dag.py for tasks to queue
[2026-02-15T15:58:30.598+0000] {logging_mixin.py:188} INFO - [2026-02-15T15:58:30.597+0000] {dagbag.py:545} INFO - Filling up the DagBag from /opt/airflow/dags/product_pipeline_dag.py
[2026-02-15T15:58:30.662+0000] {processor.py:840} INFO - DAG(s) 'product_price_pipeline' retrieved from /opt/airflow/dags/product_pipeline_dag.py
[2026-02-15T15:58:30.735+0000] {logging_mixin.py:188} INFO - [2026-02-15T15:58:30.735+0000] {dag.py:3089} INFO - Sync 1 DAGs
[2026-02-15T15:58:30.804+0000] {logging_mixin.py:188} INFO - [2026-02-15T15:58:30.804+0000] {dag.py:3947} INFO - Setting next_dagrun for product_price_pipeline to 2026-02-15 00:00:00+00:00, run_after=2026-02-16 00:00:00+00:00
[2026-02-15T15:58:30.856+0000] {processor.py:183} INFO - Processing /opt/airflow/dags/product_pipeline_dag.py took 0.290 seconds
[2026-02-15T15:59:02.119+0000] {processor.py:161} INFO - Started process (PID=34145) to work on /opt/airflow/dags/product_pipeline_dag.py
[2026-02-15T15:59:02.124+0000] {processor.py:830} INFO - Processing file /opt/airflow/dags/product_pipeline_dag.py for tasks to queue
[2026-02-15T15:59:02.131+0000] {logging_mixin.py:188} INFO - [2026-02-15T15:59:02.130+0000] {dagbag.py:545} INFO - Filling up the DagBag from /opt/airflow/dags/product_pipeline_dag.py
[2026-02-15T15:59:02.264+0000] {processor.py:840} INFO - DAG(s) 'product_price_pipeline' retrieved from /opt/airflow/dags/product_pipeline_dag.py
[2026-02-15T15:59:02.399+0000] {logging_mixin.py:188} INFO - [2026-02-15T15:59:02.398+0000] {dag.py:3089} INFO - Sync 1 DAGs
[2026-02-15T15:59:02.473+0000] {logging_mixin.py:188} INFO - [2026-02-15T15:59:02.472+0000] {dag.py:3947} INFO - Setting next_dagrun for product_price_pipeline to 2026-02-15 00:00:00+00:00, run_after=2026-02-16 00:00:00+00:00
[2026-02-15T15:59:02.525+0000] {processor.py:183} INFO - Processing /opt/airflow/dags/product_pipeline_dag.py took 0.452 seconds
[2026-02-15T15:59:33.670+0000] {processor.py:161} INFO - Started process (PID=34174) to work on /opt/airflow/dags/product_pipeline_dag.py
[2026-02-15T15:59:33.673+0000] {processor.py:830} INFO - Processing file /opt/airflow/dags/product_pipeline_dag.py for tasks to queue
[2026-02-15T15:59:33.677+0000] {logging_mixin.py:188} INFO - [2026-02-15T15:59:33.677+0000] {dagbag.py:545} INFO - Filling up the DagBag from /opt/airflow/dags/product_pipeline_dag.py
[2026-02-15T15:59:33.741+0000] {processor.py:840} INFO - DAG(s) 'product_price_pipeline' retrieved from /opt/airflow/dags/product_pipeline_dag.py
[2026-02-15T15:59:33.802+0000] {logging_mixin.py:188} INFO - [2026-02-15T15:59:33.802+0000] {dag.py:3089} INFO - Sync 1 DAGs
[2026-02-15T15:59:33.834+0000] {logging_mixin.py:188} INFO - [2026-02-15T15:59:33.833+0000] {dag.py:3947} INFO - Setting next_dagrun for product_price_pipeline to 2026-02-15 00:00:00+00:00, run_after=2026-02-16 00:00:00+00:00
[2026-02-15T15:59:33.879+0000] {processor.py:183} INFO - Processing /opt/airflow/dags/product_pipeline_dag.py took 0.218 seconds
[2026-02-15T16:00:05.619+0000] {processor.py:161} INFO - Started process (PID=34203) to work on /opt/airflow/dags/product_pipeline_dag.py
[2026-02-15T16:00:05.621+0000] {processor.py:830} INFO - Processing file /opt/airflow/dags/product_pipeline_dag.py for tasks to queue
[2026-02-15T16:00:05.626+0000] {logging_mixin.py:188} INFO - [2026-02-15T16:00:05.626+0000] {dagbag.py:545} INFO - Filling up the DagBag from /opt/airflow/dags/product_pipeline_dag.py
[2026-02-15T16:00:05.690+0000] {processor.py:840} INFO - DAG(s) 'product_price_pipeline' retrieved from /opt/airflow/dags/product_pipeline_dag.py
[2026-02-15T16:00:05.812+0000] {logging_mixin.py:188} INFO - [2026-02-15T16:00:05.810+0000] {dag.py:3089} INFO - Sync 1 DAGs
[2026-02-15T16:00:05.914+0000] {logging_mixin.py:188} INFO - [2026-02-15T16:00:05.914+0000] {dag.py:3947} INFO - Setting next_dagrun for product_price_pipeline to 2026-02-15 00:00:00+00:00, run_after=2026-02-16 00:00:00+00:00
[2026-02-15T16:00:05.993+0000] {processor.py:183} INFO - Processing /opt/airflow/dags/product_pipeline_dag.py took 0.387 seconds
[2026-02-15T16:00:37.116+0000] {processor.py:161} INFO - Started process (PID=34232) to work on /opt/airflow/dags/product_pipeline_dag.py
[2026-02-15T16:00:37.119+0000] {processor.py:830} INFO - Processing file /opt/airflow/dags/product_pipeline_dag.py for tasks to queue
[2026-02-15T16:00:37.125+0000] {logging_mixin.py:188} INFO - [2026-02-15T16:00:37.124+0000] {dagbag.py:545} INFO - Filling up the DagBag from /opt/airflow/dags/product_pipeline_dag.py
[2026-02-15T16:00:37.218+0000] {processor.py:840} INFO - DAG(s) 'product_price_pipeline' retrieved from /opt/airflow/dags/product_pipeline_dag.py
[2026-02-15T16:00:37.350+0000] {logging_mixin.py:188} INFO - [2026-02-15T16:00:37.349+0000] {dag.py:3089} INFO - Sync 1 DAGs
[2026-02-15T16:00:37.450+0000] {logging_mixin.py:188} INFO - [2026-02-15T16:00:37.449+0000] {dag.py:3947} INFO - Setting next_dagrun for product_price_pipeline to 2026-02-15 00:00:00+00:00, run_after=2026-02-16 00:00:00+00:00
[2026-02-15T16:00:37.492+0000] {processor.py:183} INFO - Processing /opt/airflow/dags/product_pipeline_dag.py took 0.392 seconds
[2026-02-15T16:01:08.795+0000] {processor.py:161} INFO - Started process (PID=34261) to work on /opt/airflow/dags/product_pipeline_dag.py
[2026-02-15T16:01:08.803+0000] {processor.py:830} INFO - Processing file /opt/airflow/dags/product_pipeline_dag.py for tasks to queue
[2026-02-15T16:01:08.820+0000] {logging_mixin.py:188} INFO - [2026-02-15T16:01:08.819+0000] {dagbag.py:545} INFO - Filling up the DagBag from /opt/airflow/dags/product_pipeline_dag.py
[2026-02-15T16:01:08.892+0000] {processor.py:840} INFO - DAG(s) 'product_price_pipeline' retrieved from /opt/airflow/dags/product_pipeline_dag.py
[2026-02-15T16:01:09.019+0000] {logging_mixin.py:188} INFO - [2026-02-15T16:01:09.018+0000] {dag.py:3089} INFO - Sync 1 DAGs
[2026-02-15T16:01:09.078+0000] {logging_mixin.py:188} INFO - [2026-02-15T16:01:09.077+0000] {dag.py:3947} INFO - Setting next_dagrun for product_price_pipeline to 2026-02-15 00:00:00+00:00, run_after=2026-02-16 00:00:00+00:00
[2026-02-15T16:01:09.141+0000] {processor.py:183} INFO - Processing /opt/airflow/dags/product_pipeline_dag.py took 0.391 seconds
[2026-02-15T16:01:41.390+0000] {processor.py:161} INFO - Started process (PID=34290) to work on /opt/airflow/dags/product_pipeline_dag.py
[2026-02-15T16:01:41.395+0000] {processor.py:830} INFO - Processing file /opt/airflow/dags/product_pipeline_dag.py for tasks to queue
[2026-02-15T16:01:41.411+0000] {logging_mixin.py:188} INFO - [2026-02-15T16:01:41.402+0000] {dagbag.py:545} INFO - Filling up the DagBag from /opt/airflow/dags/product_pipeline_dag.py
[2026-02-15T16:01:41.618+0000] {processor.py:840} INFO - DAG(s) 'product_price_pipeline' retrieved from /opt/airflow/dags/product_pipeline_dag.py
[2026-02-15T16:01:41.875+0000] {logging_mixin.py:188} INFO - [2026-02-15T16:01:41.874+0000] {dag.py:3089} INFO - Sync 1 DAGs
[2026-02-15T16:01:42.078+0000] {logging_mixin.py:188} INFO - [2026-02-15T16:01:42.077+0000] {dag.py:3947} INFO - Setting next_dagrun for product_price_pipeline to 2026-02-15 00:00:00+00:00, run_after=2026-02-16 00:00:00+00:00
[2026-02-15T16:01:42.198+0000] {processor.py:183} INFO - Processing /opt/airflow/dags/product_pipeline_dag.py took 0.827 seconds
[2026-02-15T16:02:12.711+0000] {processor.py:161} INFO - Started process (PID=34319) to work on /opt/airflow/dags/product_pipeline_dag.py
[2026-02-15T16:02:12.713+0000] {processor.py:830} INFO - Processing file /opt/airflow/dags/product_pipeline_dag.py for tasks to queue
[2026-02-15T16:02:12.717+0000] {logging_mixin.py:188} INFO - [2026-02-15T16:02:12.716+0000] {dagbag.py:545} INFO - Filling up the DagBag from /opt/airflow/dags/product_pipeline_dag.py
[2026-02-15T16:02:12.771+0000] {processor.py:840} INFO - DAG(s) 'product_price_pipeline' retrieved from /opt/airflow/dags/product_pipeline_dag.py
[2026-02-15T16:02:12.832+0000] {logging_mixin.py:188} INFO - [2026-02-15T16:02:12.831+0000] {dag.py:3089} INFO - Sync 1 DAGs
[2026-02-15T16:02:12.879+0000] {logging_mixin.py:188} INFO - [2026-02-15T16:02:12.879+0000] {dag.py:3947} INFO - Setting next_dagrun for product_price_pipeline to 2026-02-15 00:00:00+00:00, run_after=2026-02-16 00:00:00+00:00
[2026-02-15T16:02:12.929+0000] {processor.py:183} INFO - Processing /opt/airflow/dags/product_pipeline_dag.py took 0.226 seconds
[2026-02-15T16:02:43.797+0000] {processor.py:161} INFO - Started process (PID=34348) to work on /opt/airflow/dags/product_pipeline_dag.py
[2026-02-15T16:02:43.799+0000] {processor.py:830} INFO - Processing file /opt/airflow/dags/product_pipeline_dag.py for tasks to queue
[2026-02-15T16:02:43.803+0000] {logging_mixin.py:188} INFO - [2026-02-15T16:02:43.802+0000] {dagbag.py:545} INFO - Filling up the DagBag from /opt/airflow/dags/product_pipeline_dag.py
[2026-02-15T16:02:43.867+0000] {processor.py:840} INFO - DAG(s) 'product_price_pipeline' retrieved from /opt/airflow/dags/product_pipeline_dag.py
[2026-02-15T16:02:43.940+0000] {logging_mixin.py:188} INFO - [2026-02-15T16:02:43.939+0000] {dag.py:3089} INFO - Sync 1 DAGs
[2026-02-15T16:02:43.994+0000] {logging_mixin.py:188} INFO - [2026-02-15T16:02:43.994+0000] {dag.py:3947} INFO - Setting next_dagrun for product_price_pipeline to 2026-02-15 00:00:00+00:00, run_after=2026-02-16 00:00:00+00:00
[2026-02-15T16:02:44.031+0000] {processor.py:183} INFO - Processing /opt/airflow/dags/product_pipeline_dag.py took 0.245 seconds
[2026-02-15T16:03:15.382+0000] {processor.py:161} INFO - Started process (PID=34377) to work on /opt/airflow/dags/product_pipeline_dag.py
[2026-02-15T16:03:15.385+0000] {processor.py:830} INFO - Processing file /opt/airflow/dags/product_pipeline_dag.py for tasks to queue
[2026-02-15T16:03:15.388+0000] {logging_mixin.py:188} INFO - [2026-02-15T16:03:15.388+0000] {dagbag.py:545} INFO - Filling up the DagBag from /opt/airflow/dags/product_pipeline_dag.py
[2026-02-15T16:03:15.428+0000] {processor.py:840} INFO - DAG(s) 'product_price_pipeline' retrieved from /opt/airflow/dags/product_pipeline_dag.py
[2026-02-15T16:03:15.509+0000] {logging_mixin.py:188} INFO - [2026-02-15T16:03:15.508+0000] {dag.py:3089} INFO - Sync 1 DAGs
[2026-02-15T16:03:15.546+0000] {logging_mixin.py:188} INFO - [2026-02-15T16:03:15.546+0000] {dag.py:3947} INFO - Setting next_dagrun for product_price_pipeline to 2026-02-15 00:00:00+00:00, run_after=2026-02-16 00:00:00+00:00
[2026-02-15T16:03:15.583+0000] {processor.py:183} INFO - Processing /opt/airflow/dags/product_pipeline_dag.py took 0.214 seconds
[2026-02-15T16:03:47.419+0000] {processor.py:161} INFO - Started process (PID=34406) to work on /opt/airflow/dags/product_pipeline_dag.py
[2026-02-15T16:03:47.421+0000] {processor.py:830} INFO - Processing file /opt/airflow/dags/product_pipeline_dag.py for tasks to queue
[2026-02-15T16:03:47.427+0000] {logging_mixin.py:188} INFO - [2026-02-15T16:03:47.426+0000] {dagbag.py:545} INFO - Filling up the DagBag from /opt/airflow/dags/product_pipeline_dag.py
[2026-02-15T16:03:47.498+0000] {processor.py:840} INFO - DAG(s) 'product_price_pipeline' retrieved from /opt/airflow/dags/product_pipeline_dag.py
[2026-02-15T16:03:47.560+0000] {logging_mixin.py:188} INFO - [2026-02-15T16:03:47.560+0000] {dag.py:3089} INFO - Sync 1 DAGs
[2026-02-15T16:03:47.610+0000] {logging_mixin.py:188} INFO - [2026-02-15T16:03:47.609+0000] {dag.py:3947} INFO - Setting next_dagrun for product_price_pipeline to 2026-02-15 00:00:00+00:00, run_after=2026-02-16 00:00:00+00:00
[2026-02-15T16:03:47.652+0000] {processor.py:183} INFO - Processing /opt/airflow/dags/product_pipeline_dag.py took 0.243 seconds
[2026-02-15T16:04:18.817+0000] {processor.py:161} INFO - Started process (PID=34435) to work on /opt/airflow/dags/product_pipeline_dag.py
[2026-02-15T16:04:18.821+0000] {processor.py:830} INFO - Processing file /opt/airflow/dags/product_pipeline_dag.py for tasks to queue
[2026-02-15T16:04:18.825+0000] {logging_mixin.py:188} INFO - [2026-02-15T16:04:18.825+0000] {dagbag.py:545} INFO - Filling up the DagBag from /opt/airflow/dags/product_pipeline_dag.py
[2026-02-15T16:04:18.867+0000] {processor.py:840} INFO - DAG(s) 'product_price_pipeline' retrieved from /opt/airflow/dags/product_pipeline_dag.py
[2026-02-15T16:04:18.917+0000] {logging_mixin.py:188} INFO - [2026-02-15T16:04:18.916+0000] {dag.py:3089} INFO - Sync 1 DAGs
[2026-02-15T16:04:18.950+0000] {logging_mixin.py:188} INFO - [2026-02-15T16:04:18.949+0000] {dag.py:3947} INFO - Setting next_dagrun for product_price_pipeline to 2026-02-15 00:00:00+00:00, run_after=2026-02-16 00:00:00+00:00
[2026-02-15T16:04:18.989+0000] {processor.py:183} INFO - Processing /opt/airflow/dags/product_pipeline_dag.py took 0.181 seconds
[2026-02-15T16:04:50.241+0000] {processor.py:161} INFO - Started process (PID=34464) to work on /opt/airflow/dags/product_pipeline_dag.py
[2026-02-15T16:04:50.243+0000] {processor.py:830} INFO - Processing file /opt/airflow/dags/product_pipeline_dag.py for tasks to queue
[2026-02-15T16:04:50.247+0000] {logging_mixin.py:188} INFO - [2026-02-15T16:04:50.246+0000] {dagbag.py:545} INFO - Filling up the DagBag from /opt/airflow/dags/product_pipeline_dag.py
[2026-02-15T16:04:50.301+0000] {processor.py:840} INFO - DAG(s) 'product_price_pipeline' retrieved from /opt/airflow/dags/product_pipeline_dag.py
[2026-02-15T16:04:50.354+0000] {logging_mixin.py:188} INFO - [2026-02-15T16:04:50.354+0000] {dag.py:3089} INFO - Sync 1 DAGs
[2026-02-15T16:04:50.391+0000] {logging_mixin.py:188} INFO - [2026-02-15T16:04:50.390+0000] {dag.py:3947} INFO - Setting next_dagrun for product_price_pipeline to 2026-02-15 00:00:00+00:00, run_after=2026-02-16 00:00:00+00:00
[2026-02-15T16:04:50.422+0000] {processor.py:183} INFO - Processing /opt/airflow/dags/product_pipeline_dag.py took 0.189 seconds
[2026-02-15T16:05:21.812+0000] {processor.py:161} INFO - Started process (PID=34493) to work on /opt/airflow/dags/product_pipeline_dag.py
[2026-02-15T16:05:21.814+0000] {processor.py:830} INFO - Processing file /opt/airflow/dags/product_pipeline_dag.py for tasks to queue
[2026-02-15T16:05:21.818+0000] {logging_mixin.py:188} INFO - [2026-02-15T16:05:21.817+0000] {dagbag.py:545} INFO - Filling up the DagBag from /opt/airflow/dags/product_pipeline_dag.py
[2026-02-15T16:05:21.880+0000] {processor.py:840} INFO - DAG(s) 'product_price_pipeline' retrieved from /opt/airflow/dags/product_pipeline_dag.py
[2026-02-15T16:05:21.927+0000] {logging_mixin.py:188} INFO - [2026-02-15T16:05:21.926+0000] {dag.py:3089} INFO - Sync 1 DAGs
[2026-02-15T16:05:21.960+0000] {logging_mixin.py:188} INFO - [2026-02-15T16:05:21.959+0000] {dag.py:3947} INFO - Setting next_dagrun for product_price_pipeline to 2026-02-15 00:00:00+00:00, run_after=2026-02-16 00:00:00+00:00
[2026-02-15T16:05:21.994+0000] {processor.py:183} INFO - Processing /opt/airflow/dags/product_pipeline_dag.py took 0.191 seconds
[2026-02-15T16:05:52.895+0000] {processor.py:161} INFO - Started process (PID=34522) to work on /opt/airflow/dags/product_pipeline_dag.py
[2026-02-15T16:05:52.897+0000] {processor.py:830} INFO - Processing file /opt/airflow/dags/product_pipeline_dag.py for tasks to queue
[2026-02-15T16:05:52.902+0000] {logging_mixin.py:188} INFO - [2026-02-15T16:05:52.902+0000] {dagbag.py:545} INFO - Filling up the DagBag from /opt/airflow/dags/product_pipeline_dag.py
[2026-02-15T16:05:52.940+0000] {processor.py:840} INFO - DAG(s) 'product_price_pipeline' retrieved from /opt/airflow/dags/product_pipeline_dag.py
[2026-02-15T16:05:52.975+0000] {logging_mixin.py:188} INFO - [2026-02-15T16:05:52.975+0000] {dag.py:3089} INFO - Sync 1 DAGs
[2026-02-15T16:05:52.997+0000] {logging_mixin.py:188} INFO - [2026-02-15T16:05:52.996+0000] {dag.py:3947} INFO - Setting next_dagrun for product_price_pipeline to 2026-02-15 00:00:00+00:00, run_after=2026-02-16 00:00:00+00:00
[2026-02-15T16:05:53.022+0000] {processor.py:183} INFO - Processing /opt/airflow/dags/product_pipeline_dag.py took 0.141 seconds
[2026-02-15T16:06:24.282+0000] {processor.py:161} INFO - Started process (PID=34551) to work on /opt/airflow/dags/product_pipeline_dag.py
[2026-02-15T16:06:24.284+0000] {processor.py:830} INFO - Processing file /opt/airflow/dags/product_pipeline_dag.py for tasks to queue
[2026-02-15T16:06:24.288+0000] {logging_mixin.py:188} INFO - [2026-02-15T16:06:24.287+0000] {dagbag.py:545} INFO - Filling up the DagBag from /opt/airflow/dags/product_pipeline_dag.py
[2026-02-15T16:06:24.345+0000] {processor.py:840} INFO - DAG(s) 'product_price_pipeline' retrieved from /opt/airflow/dags/product_pipeline_dag.py
[2026-02-15T16:06:24.383+0000] {logging_mixin.py:188} INFO - [2026-02-15T16:06:24.383+0000] {dag.py:3089} INFO - Sync 1 DAGs
[2026-02-15T16:06:24.403+0000] {logging_mixin.py:188} INFO - [2026-02-15T16:06:24.403+0000] {dag.py:3947} INFO - Setting next_dagrun for product_price_pipeline to 2026-02-15 00:00:00+00:00, run_after=2026-02-16 00:00:00+00:00
[2026-02-15T16:06:24.450+0000] {processor.py:183} INFO - Processing /opt/airflow/dags/product_pipeline_dag.py took 0.179 seconds
[2026-02-15T16:06:54.834+0000] {processor.py:161} INFO - Started process (PID=34577) to work on /opt/airflow/dags/product_pipeline_dag.py
[2026-02-15T16:06:54.836+0000] {processor.py:830} INFO - Processing file /opt/airflow/dags/product_pipeline_dag.py for tasks to queue
[2026-02-15T16:06:54.839+0000] {logging_mixin.py:188} INFO - [2026-02-15T16:06:54.839+0000] {dagbag.py:545} INFO - Filling up the DagBag from /opt/airflow/dags/product_pipeline_dag.py
[2026-02-15T16:06:54.878+0000] {processor.py:840} INFO - DAG(s) 'product_price_pipeline' retrieved from /opt/airflow/dags/product_pipeline_dag.py
[2026-02-15T16:06:54.914+0000] {logging_mixin.py:188} INFO - [2026-02-15T16:06:54.913+0000] {dag.py:3089} INFO - Sync 1 DAGs
[2026-02-15T16:06:54.941+0000] {logging_mixin.py:188} INFO - [2026-02-15T16:06:54.941+0000] {dag.py:3947} INFO - Setting next_dagrun for product_price_pipeline to 2026-02-15 00:00:00+00:00, run_after=2026-02-16 00:00:00+00:00
[2026-02-15T16:06:54.980+0000] {processor.py:183} INFO - Processing /opt/airflow/dags/product_pipeline_dag.py took 0.153 seconds
[2026-02-15T16:07:26.084+0000] {processor.py:161} INFO - Started process (PID=34609) to work on /opt/airflow/dags/product_pipeline_dag.py
[2026-02-15T16:07:26.086+0000] {processor.py:830} INFO - Processing file /opt/airflow/dags/product_pipeline_dag.py for tasks to queue
[2026-02-15T16:07:26.089+0000] {logging_mixin.py:188} INFO - [2026-02-15T16:07:26.089+0000] {dagbag.py:545} INFO - Filling up the DagBag from /opt/airflow/dags/product_pipeline_dag.py
[2026-02-15T16:07:26.139+0000] {processor.py:840} INFO - DAG(s) 'product_price_pipeline' retrieved from /opt/airflow/dags/product_pipeline_dag.py
[2026-02-15T16:07:26.206+0000] {logging_mixin.py:188} INFO - [2026-02-15T16:07:26.205+0000] {dag.py:3089} INFO - Sync 1 DAGs
[2026-02-15T16:07:26.261+0000] {logging_mixin.py:188} INFO - [2026-02-15T16:07:26.260+0000] {dag.py:3947} INFO - Setting next_dagrun for product_price_pipeline to 2026-02-15 00:00:00+00:00, run_after=2026-02-16 00:00:00+00:00
[2026-02-15T16:07:26.306+0000] {processor.py:183} INFO - Processing /opt/airflow/dags/product_pipeline_dag.py took 0.232 seconds
[2026-02-15T16:07:57.411+0000] {processor.py:161} INFO - Started process (PID=34638) to work on /opt/airflow/dags/product_pipeline_dag.py
[2026-02-15T16:07:57.413+0000] {processor.py:830} INFO - Processing file /opt/airflow/dags/product_pipeline_dag.py for tasks to queue
[2026-02-15T16:07:57.418+0000] {logging_mixin.py:188} INFO - [2026-02-15T16:07:57.417+0000] {dagbag.py:545} INFO - Filling up the DagBag from /opt/airflow/dags/product_pipeline_dag.py
[2026-02-15T16:07:57.466+0000] {processor.py:840} INFO - DAG(s) 'product_price_pipeline' retrieved from /opt/airflow/dags/product_pipeline_dag.py
[2026-02-15T16:07:57.506+0000] {logging_mixin.py:188} INFO - [2026-02-15T16:07:57.506+0000] {dag.py:3089} INFO - Sync 1 DAGs
[2026-02-15T16:07:57.531+0000] {logging_mixin.py:188} INFO - [2026-02-15T16:07:57.531+0000] {dag.py:3947} INFO - Setting next_dagrun for product_price_pipeline to 2026-02-15 00:00:00+00:00, run_after=2026-02-16 00:00:00+00:00
[2026-02-15T16:07:57.561+0000] {processor.py:183} INFO - Processing /opt/airflow/dags/product_pipeline_dag.py took 0.159 seconds
[2026-02-15T16:08:28.530+0000] {processor.py:161} INFO - Started process (PID=34667) to work on /opt/airflow/dags/product_pipeline_dag.py
[2026-02-15T16:08:28.532+0000] {processor.py:830} INFO - Processing file /opt/airflow/dags/product_pipeline_dag.py for tasks to queue
[2026-02-15T16:08:28.539+0000] {logging_mixin.py:188} INFO - [2026-02-15T16:08:28.538+0000] {dagbag.py:545} INFO - Filling up the DagBag from /opt/airflow/dags/product_pipeline_dag.py
[2026-02-15T16:08:28.598+0000] {processor.py:840} INFO - DAG(s) 'product_price_pipeline' retrieved from /opt/airflow/dags/product_pipeline_dag.py
[2026-02-15T16:08:28.651+0000] {logging_mixin.py:188} INFO - [2026-02-15T16:08:28.651+0000] {dag.py:3089} INFO - Sync 1 DAGs
[2026-02-15T16:08:28.673+0000] {logging_mixin.py:188} INFO - [2026-02-15T16:08:28.673+0000] {dag.py:3947} INFO - Setting next_dagrun for product_price_pipeline to 2026-02-15 00:00:00+00:00, run_after=2026-02-16 00:00:00+00:00
[2026-02-15T16:08:28.696+0000] {processor.py:183} INFO - Processing /opt/airflow/dags/product_pipeline_dag.py took 0.173 seconds
[2026-02-15T16:09:00.805+0000] {processor.py:161} INFO - Started process (PID=34696) to work on /opt/airflow/dags/product_pipeline_dag.py
[2026-02-15T16:09:00.808+0000] {processor.py:830} INFO - Processing file /opt/airflow/dags/product_pipeline_dag.py for tasks to queue
[2026-02-15T16:09:00.814+0000] {logging_mixin.py:188} INFO - [2026-02-15T16:09:00.813+0000] {dagbag.py:545} INFO - Filling up the DagBag from /opt/airflow/dags/product_pipeline_dag.py
[2026-02-15T16:09:00.888+0000] {processor.py:840} INFO - DAG(s) 'product_price_pipeline' retrieved from /opt/airflow/dags/product_pipeline_dag.py
[2026-02-15T16:09:00.961+0000] {logging_mixin.py:188} INFO - [2026-02-15T16:09:00.961+0000] {dag.py:3089} INFO - Sync 1 DAGs
[2026-02-15T16:09:01.006+0000] {logging_mixin.py:188} INFO - [2026-02-15T16:09:01.005+0000] {dag.py:3947} INFO - Setting next_dagrun for product_price_pipeline to 2026-02-15 00:00:00+00:00, run_after=2026-02-16 00:00:00+00:00
[2026-02-15T16:09:01.053+0000] {processor.py:183} INFO - Processing /opt/airflow/dags/product_pipeline_dag.py took 0.262 seconds
[2026-02-15T16:09:31.980+0000] {processor.py:161} INFO - Started process (PID=34723) to work on /opt/airflow/dags/product_pipeline_dag.py
[2026-02-15T16:09:31.984+0000] {processor.py:830} INFO - Processing file /opt/airflow/dags/product_pipeline_dag.py for tasks to queue
[2026-02-15T16:09:31.996+0000] {logging_mixin.py:188} INFO - [2026-02-15T16:09:31.994+0000] {dagbag.py:545} INFO - Filling up the DagBag from /opt/airflow/dags/product_pipeline_dag.py
[2026-02-15T16:09:32.082+0000] {processor.py:840} INFO - DAG(s) 'product_price_pipeline' retrieved from /opt/airflow/dags/product_pipeline_dag.py
[2026-02-15T16:09:32.192+0000] {logging_mixin.py:188} INFO - [2026-02-15T16:09:32.191+0000] {dag.py:3089} INFO - Sync 1 DAGs
[2026-02-15T16:09:32.250+0000] {logging_mixin.py:188} INFO - [2026-02-15T16:09:32.250+0000] {dag.py:3947} INFO - Setting next_dagrun for product_price_pipeline to 2026-02-15 00:00:00+00:00, run_after=2026-02-16 00:00:00+00:00
[2026-02-15T16:09:32.323+0000] {processor.py:183} INFO - Processing /opt/airflow/dags/product_pipeline_dag.py took 0.358 seconds
[2026-02-15T16:10:02.696+0000] {processor.py:161} INFO - Started process (PID=34751) to work on /opt/airflow/dags/product_pipeline_dag.py
[2026-02-15T16:10:02.699+0000] {processor.py:830} INFO - Processing file /opt/airflow/dags/product_pipeline_dag.py for tasks to queue
[2026-02-15T16:10:02.701+0000] {logging_mixin.py:188} INFO - [2026-02-15T16:10:02.701+0000] {dagbag.py:545} INFO - Filling up the DagBag from /opt/airflow/dags/product_pipeline_dag.py
[2026-02-15T16:10:02.735+0000] {processor.py:840} INFO - DAG(s) 'product_price_pipeline' retrieved from /opt/airflow/dags/product_pipeline_dag.py
[2026-02-15T16:10:02.774+0000] {logging_mixin.py:188} INFO - [2026-02-15T16:10:02.774+0000] {dag.py:3089} INFO - Sync 1 DAGs
[2026-02-15T16:10:02.800+0000] {logging_mixin.py:188} INFO - [2026-02-15T16:10:02.799+0000] {dag.py:3947} INFO - Setting next_dagrun for product_price_pipeline to 2026-02-15 00:00:00+00:00, run_after=2026-02-16 00:00:00+00:00
[2026-02-15T16:10:02.829+0000] {processor.py:183} INFO - Processing /opt/airflow/dags/product_pipeline_dag.py took 0.140 seconds
[2026-02-15T16:10:33.078+0000] {processor.py:161} INFO - Started process (PID=34774) to work on /opt/airflow/dags/product_pipeline_dag.py
[2026-02-15T16:10:33.083+0000] {processor.py:830} INFO - Processing file /opt/airflow/dags/product_pipeline_dag.py for tasks to queue
[2026-02-15T16:10:33.088+0000] {logging_mixin.py:188} INFO - [2026-02-15T16:10:33.087+0000] {dagbag.py:545} INFO - Filling up the DagBag from /opt/airflow/dags/product_pipeline_dag.py
[2026-02-15T16:10:33.152+0000] {processor.py:840} INFO - DAG(s) 'product_price_pipeline' retrieved from /opt/airflow/dags/product_pipeline_dag.py
[2026-02-15T16:10:33.205+0000] {logging_mixin.py:188} INFO - [2026-02-15T16:10:33.205+0000] {dag.py:3089} INFO - Sync 1 DAGs
[2026-02-15T16:10:33.233+0000] {logging_mixin.py:188} INFO - [2026-02-15T16:10:33.233+0000] {dag.py:3947} INFO - Setting next_dagrun for product_price_pipeline to 2026-02-15 00:00:00+00:00, run_after=2026-02-16 00:00:00+00:00
[2026-02-15T16:10:33.279+0000] {processor.py:183} INFO - Processing /opt/airflow/dags/product_pipeline_dag.py took 0.212 seconds
[2026-02-15T16:11:03.958+0000] {processor.py:161} INFO - Started process (PID=34803) to work on /opt/airflow/dags/product_pipeline_dag.py
[2026-02-15T16:11:03.960+0000] {processor.py:830} INFO - Processing file /opt/airflow/dags/product_pipeline_dag.py for tasks to queue
[2026-02-15T16:11:03.964+0000] {logging_mixin.py:188} INFO - [2026-02-15T16:11:03.963+0000] {dagbag.py:545} INFO - Filling up the DagBag from /opt/airflow/dags/product_pipeline_dag.py
[2026-02-15T16:11:03.998+0000] {processor.py:840} INFO - DAG(s) 'product_price_pipeline' retrieved from /opt/airflow/dags/product_pipeline_dag.py
[2026-02-15T16:11:04.048+0000] {logging_mixin.py:188} INFO - [2026-02-15T16:11:04.047+0000] {dag.py:3089} INFO - Sync 1 DAGs
[2026-02-15T16:11:04.077+0000] {logging_mixin.py:188} INFO - [2026-02-15T16:11:04.076+0000] {dag.py:3947} INFO - Setting next_dagrun for product_price_pipeline to 2026-02-15 00:00:00+00:00, run_after=2026-02-16 00:00:00+00:00
[2026-02-15T16:11:04.105+0000] {processor.py:183} INFO - Processing /opt/airflow/dags/product_pipeline_dag.py took 0.155 seconds
[2026-02-15T16:11:34.480+0000] {processor.py:161} INFO - Started process (PID=34829) to work on /opt/airflow/dags/product_pipeline_dag.py
[2026-02-15T16:11:34.484+0000] {processor.py:830} INFO - Processing file /opt/airflow/dags/product_pipeline_dag.py for tasks to queue
[2026-02-15T16:11:34.490+0000] {logging_mixin.py:188} INFO - [2026-02-15T16:11:34.489+0000] {dagbag.py:545} INFO - Filling up the DagBag from /opt/airflow/dags/product_pipeline_dag.py
[2026-02-15T16:11:34.552+0000] {processor.py:840} INFO - DAG(s) 'product_price_pipeline' retrieved from /opt/airflow/dags/product_pipeline_dag.py
[2026-02-15T16:11:34.595+0000] {logging_mixin.py:188} INFO - [2026-02-15T16:11:34.594+0000] {dag.py:3089} INFO - Sync 1 DAGs
[2026-02-15T16:11:34.625+0000] {logging_mixin.py:188} INFO - [2026-02-15T16:11:34.624+0000] {dag.py:3947} INFO - Setting next_dagrun for product_price_pipeline to 2026-02-15 00:00:00+00:00, run_after=2026-02-16 00:00:00+00:00
[2026-02-15T16:11:34.659+0000] {processor.py:183} INFO - Processing /opt/airflow/dags/product_pipeline_dag.py took 0.196 seconds
[2026-02-15T16:12:05.250+0000] {processor.py:161} INFO - Started process (PID=34858) to work on /opt/airflow/dags/product_pipeline_dag.py
[2026-02-15T16:12:05.252+0000] {processor.py:830} INFO - Processing file /opt/airflow/dags/product_pipeline_dag.py for tasks to queue
[2026-02-15T16:12:05.256+0000] {logging_mixin.py:188} INFO - [2026-02-15T16:12:05.255+0000] {dagbag.py:545} INFO - Filling up the DagBag from /opt/airflow/dags/product_pipeline_dag.py
[2026-02-15T16:12:05.315+0000] {processor.py:840} INFO - DAG(s) 'product_price_pipeline' retrieved from /opt/airflow/dags/product_pipeline_dag.py
[2026-02-15T16:12:05.362+0000] {logging_mixin.py:188} INFO - [2026-02-15T16:12:05.362+0000] {dag.py:3089} INFO - Sync 1 DAGs
[2026-02-15T16:12:05.381+0000] {logging_mixin.py:188} INFO - [2026-02-15T16:12:05.381+0000] {dag.py:3947} INFO - Setting next_dagrun for product_price_pipeline to 2026-02-15 00:00:00+00:00, run_after=2026-02-16 00:00:00+00:00
[2026-02-15T16:12:05.406+0000] {processor.py:183} INFO - Processing /opt/airflow/dags/product_pipeline_dag.py took 0.169 seconds
[2026-02-15T16:12:35.562+0000] {processor.py:161} INFO - Started process (PID=34887) to work on /opt/airflow/dags/product_pipeline_dag.py
[2026-02-15T16:12:35.564+0000] {processor.py:830} INFO - Processing file /opt/airflow/dags/product_pipeline_dag.py for tasks to queue
[2026-02-15T16:12:35.568+0000] {logging_mixin.py:188} INFO - [2026-02-15T16:12:35.568+0000] {dagbag.py:545} INFO - Filling up the DagBag from /opt/airflow/dags/product_pipeline_dag.py
[2026-02-15T16:12:35.630+0000] {processor.py:840} INFO - DAG(s) 'product_price_pipeline' retrieved from /opt/airflow/dags/product_pipeline_dag.py
[2026-02-15T16:12:35.677+0000] {logging_mixin.py:188} INFO - [2026-02-15T16:12:35.677+0000] {dag.py:3089} INFO - Sync 1 DAGs
[2026-02-15T16:12:35.698+0000] {logging_mixin.py:188} INFO - [2026-02-15T16:12:35.697+0000] {dag.py:3947} INFO - Setting next_dagrun for product_price_pipeline to 2026-02-15 00:00:00+00:00, run_after=2026-02-16 00:00:00+00:00
[2026-02-15T16:12:35.748+0000] {processor.py:183} INFO - Processing /opt/airflow/dags/product_pipeline_dag.py took 0.204 seconds
[2026-02-15T16:13:05.927+0000] {processor.py:161} INFO - Started process (PID=34916) to work on /opt/airflow/dags/product_pipeline_dag.py
[2026-02-15T16:13:05.928+0000] {processor.py:830} INFO - Processing file /opt/airflow/dags/product_pipeline_dag.py for tasks to queue
[2026-02-15T16:13:05.931+0000] {logging_mixin.py:188} INFO - [2026-02-15T16:13:05.931+0000] {dagbag.py:545} INFO - Filling up the DagBag from /opt/airflow/dags/product_pipeline_dag.py
[2026-02-15T16:13:05.980+0000] {processor.py:840} INFO - DAG(s) 'product_price_pipeline' retrieved from /opt/airflow/dags/product_pipeline_dag.py
[2026-02-15T16:13:06.071+0000] {logging_mixin.py:188} INFO - [2026-02-15T16:13:06.071+0000] {dag.py:3089} INFO - Sync 1 DAGs
[2026-02-15T16:13:06.112+0000] {logging_mixin.py:188} INFO - [2026-02-15T16:13:06.112+0000] {dag.py:3947} INFO - Setting next_dagrun for product_price_pipeline to 2026-02-15 00:00:00+00:00, run_after=2026-02-16 00:00:00+00:00
[2026-02-15T16:13:06.152+0000] {processor.py:183} INFO - Processing /opt/airflow/dags/product_pipeline_dag.py took 0.232 seconds
[2026-02-15T16:13:36.669+0000] {processor.py:161} INFO - Started process (PID=34945) to work on /opt/airflow/dags/product_pipeline_dag.py
[2026-02-15T16:13:36.672+0000] {processor.py:830} INFO - Processing file /opt/airflow/dags/product_pipeline_dag.py for tasks to queue
[2026-02-15T16:13:36.675+0000] {logging_mixin.py:188} INFO - [2026-02-15T16:13:36.675+0000] {dagbag.py:545} INFO - Filling up the DagBag from /opt/airflow/dags/product_pipeline_dag.py
[2026-02-15T16:13:36.732+0000] {processor.py:840} INFO - DAG(s) 'product_price_pipeline' retrieved from /opt/airflow/dags/product_pipeline_dag.py
[2026-02-15T16:13:36.777+0000] {logging_mixin.py:188} INFO - [2026-02-15T16:13:36.777+0000] {dag.py:3089} INFO - Sync 1 DAGs
[2026-02-15T16:13:36.806+0000] {logging_mixin.py:188} INFO - [2026-02-15T16:13:36.806+0000] {dag.py:3947} INFO - Setting next_dagrun for product_price_pipeline to 2026-02-15 00:00:00+00:00, run_after=2026-02-16 00:00:00+00:00
[2026-02-15T16:13:36.845+0000] {processor.py:183} INFO - Processing /opt/airflow/dags/product_pipeline_dag.py took 0.185 seconds
[2026-02-15T16:14:06.987+0000] {processor.py:161} INFO - Started process (PID=34974) to work on /opt/airflow/dags/product_pipeline_dag.py
[2026-02-15T16:14:06.989+0000] {processor.py:830} INFO - Processing file /opt/airflow/dags/product_pipeline_dag.py for tasks to queue
[2026-02-15T16:14:06.992+0000] {logging_mixin.py:188} INFO - [2026-02-15T16:14:06.991+0000] {dagbag.py:545} INFO - Filling up the DagBag from /opt/airflow/dags/product_pipeline_dag.py
[2026-02-15T16:14:07.048+0000] {processor.py:840} INFO - DAG(s) 'product_price_pipeline' retrieved from /opt/airflow/dags/product_pipeline_dag.py
[2026-02-15T16:14:07.091+0000] {logging_mixin.py:188} INFO - [2026-02-15T16:14:07.091+0000] {dag.py:3089} INFO - Sync 1 DAGs
[2026-02-15T16:14:07.110+0000] {logging_mixin.py:188} INFO - [2026-02-15T16:14:07.110+0000] {dag.py:3947} INFO - Setting next_dagrun for product_price_pipeline to 2026-02-15 00:00:00+00:00, run_after=2026-02-16 00:00:00+00:00
[2026-02-15T16:14:07.141+0000] {processor.py:183} INFO - Processing /opt/airflow/dags/product_pipeline_dag.py took 0.162 seconds
[2026-02-15T16:14:37.802+0000] {processor.py:161} INFO - Started process (PID=35003) to work on /opt/airflow/dags/product_pipeline_dag.py
[2026-02-15T16:14:37.805+0000] {processor.py:830} INFO - Processing file /opt/airflow/dags/product_pipeline_dag.py for tasks to queue
[2026-02-15T16:14:37.810+0000] {logging_mixin.py:188} INFO - [2026-02-15T16:14:37.809+0000] {dagbag.py:545} INFO - Filling up the DagBag from /opt/airflow/dags/product_pipeline_dag.py
[2026-02-15T16:14:37.858+0000] {processor.py:840} INFO - DAG(s) 'product_price_pipeline' retrieved from /opt/airflow/dags/product_pipeline_dag.py
[2026-02-15T16:14:37.898+0000] {logging_mixin.py:188} INFO - [2026-02-15T16:14:37.898+0000] {dag.py:3089} INFO - Sync 1 DAGs
[2026-02-15T16:14:37.923+0000] {logging_mixin.py:188} INFO - [2026-02-15T16:14:37.922+0000] {dag.py:3947} INFO - Setting next_dagrun for product_price_pipeline to 2026-02-15 00:00:00+00:00, run_after=2026-02-16 00:00:00+00:00
[2026-02-15T16:14:37.947+0000] {processor.py:183} INFO - Processing /opt/airflow/dags/product_pipeline_dag.py took 0.153 seconds
[2026-02-15T16:15:08.780+0000] {processor.py:161} INFO - Started process (PID=35032) to work on /opt/airflow/dags/product_pipeline_dag.py
[2026-02-15T16:15:08.783+0000] {processor.py:830} INFO - Processing file /opt/airflow/dags/product_pipeline_dag.py for tasks to queue
[2026-02-15T16:15:08.788+0000] {logging_mixin.py:188} INFO - [2026-02-15T16:15:08.787+0000] {dagbag.py:545} INFO - Filling up the DagBag from /opt/airflow/dags/product_pipeline_dag.py
[2026-02-15T16:15:08.829+0000] {processor.py:840} INFO - DAG(s) 'product_price_pipeline' retrieved from /opt/airflow/dags/product_pipeline_dag.py
[2026-02-15T16:15:08.880+0000] {logging_mixin.py:188} INFO - [2026-02-15T16:15:08.880+0000] {dag.py:3089} INFO - Sync 1 DAGs
[2026-02-15T16:15:08.907+0000] {logging_mixin.py:188} INFO - [2026-02-15T16:15:08.906+0000] {dag.py:3947} INFO - Setting next_dagrun for product_price_pipeline to 2026-02-15 00:00:00+00:00, run_after=2026-02-16 00:00:00+00:00
[2026-02-15T16:15:08.932+0000] {processor.py:183} INFO - Processing /opt/airflow/dags/product_pipeline_dag.py took 0.164 seconds
[2026-02-15T16:15:39.351+0000] {processor.py:161} INFO - Started process (PID=35061) to work on /opt/airflow/dags/product_pipeline_dag.py
[2026-02-15T16:15:39.354+0000] {processor.py:830} INFO - Processing file /opt/airflow/dags/product_pipeline_dag.py for tasks to queue
[2026-02-15T16:15:39.357+0000] {logging_mixin.py:188} INFO - [2026-02-15T16:15:39.357+0000] {dagbag.py:545} INFO - Filling up the DagBag from /opt/airflow/dags/product_pipeline_dag.py
[2026-02-15T16:15:39.418+0000] {processor.py:840} INFO - DAG(s) 'product_price_pipeline' retrieved from /opt/airflow/dags/product_pipeline_dag.py
[2026-02-15T16:15:39.462+0000] {logging_mixin.py:188} INFO - [2026-02-15T16:15:39.462+0000] {dag.py:3089} INFO - Sync 1 DAGs
[2026-02-15T16:15:39.482+0000] {logging_mixin.py:188} INFO - [2026-02-15T16:15:39.482+0000] {dag.py:3947} INFO - Setting next_dagrun for product_price_pipeline to 2026-02-15 00:00:00+00:00, run_after=2026-02-16 00:00:00+00:00
[2026-02-15T16:15:39.509+0000] {processor.py:183} INFO - Processing /opt/airflow/dags/product_pipeline_dag.py took 0.169 seconds
[2026-02-15T16:16:09.673+0000] {processor.py:161} INFO - Started process (PID=35090) to work on /opt/airflow/dags/product_pipeline_dag.py
[2026-02-15T16:16:09.676+0000] {processor.py:830} INFO - Processing file /opt/airflow/dags/product_pipeline_dag.py for tasks to queue
[2026-02-15T16:16:09.680+0000] {logging_mixin.py:188} INFO - [2026-02-15T16:16:09.680+0000] {dagbag.py:545} INFO - Filling up the DagBag from /opt/airflow/dags/product_pipeline_dag.py
[2026-02-15T16:16:09.732+0000] {processor.py:840} INFO - DAG(s) 'product_price_pipeline' retrieved from /opt/airflow/dags/product_pipeline_dag.py
[2026-02-15T16:16:09.775+0000] {logging_mixin.py:188} INFO - [2026-02-15T16:16:09.774+0000] {dag.py:3089} INFO - Sync 1 DAGs
[2026-02-15T16:16:09.801+0000] {logging_mixin.py:188} INFO - [2026-02-15T16:16:09.801+0000] {dag.py:3947} INFO - Setting next_dagrun for product_price_pipeline to 2026-02-15 00:00:00+00:00, run_after=2026-02-16 00:00:00+00:00
[2026-02-15T16:16:09.831+0000] {processor.py:183} INFO - Processing /opt/airflow/dags/product_pipeline_dag.py took 0.167 seconds
[2026-02-15T16:16:40.012+0000] {processor.py:161} INFO - Started process (PID=35119) to work on /opt/airflow/dags/product_pipeline_dag.py
[2026-02-15T16:16:40.014+0000] {processor.py:830} INFO - Processing file /opt/airflow/dags/product_pipeline_dag.py for tasks to queue
[2026-02-15T16:16:40.018+0000] {logging_mixin.py:188} INFO - [2026-02-15T16:16:40.017+0000] {dagbag.py:545} INFO - Filling up the DagBag from /opt/airflow/dags/product_pipeline_dag.py
[2026-02-15T16:16:40.064+0000] {processor.py:840} INFO - DAG(s) 'product_price_pipeline' retrieved from /opt/airflow/dags/product_pipeline_dag.py
[2026-02-15T16:16:40.098+0000] {logging_mixin.py:188} INFO - [2026-02-15T16:16:40.098+0000] {dag.py:3089} INFO - Sync 1 DAGs
[2026-02-15T16:16:40.118+0000] {logging_mixin.py:188} INFO - [2026-02-15T16:16:40.118+0000] {dag.py:3947} INFO - Setting next_dagrun for product_price_pipeline to 2026-02-15 00:00:00+00:00, run_after=2026-02-16 00:00:00+00:00
[2026-02-15T16:16:40.145+0000] {processor.py:183} INFO - Processing /opt/airflow/dags/product_pipeline_dag.py took 0.142 seconds
[2026-02-15T16:17:10.810+0000] {processor.py:161} INFO - Started process (PID=35148) to work on /opt/airflow/dags/product_pipeline_dag.py
[2026-02-15T16:17:10.812+0000] {processor.py:830} INFO - Processing file /opt/airflow/dags/product_pipeline_dag.py for tasks to queue
[2026-02-15T16:17:10.816+0000] {logging_mixin.py:188} INFO - [2026-02-15T16:17:10.815+0000] {dagbag.py:545} INFO - Filling up the DagBag from /opt/airflow/dags/product_pipeline_dag.py
[2026-02-15T16:17:10.878+0000] {processor.py:840} INFO - DAG(s) 'product_price_pipeline' retrieved from /opt/airflow/dags/product_pipeline_dag.py
[2026-02-15T16:17:10.926+0000] {logging_mixin.py:188} INFO - [2026-02-15T16:17:10.926+0000] {dag.py:3089} INFO - Sync 1 DAGs
[2026-02-15T16:17:10.952+0000] {logging_mixin.py:188} INFO - [2026-02-15T16:17:10.951+0000] {dag.py:3947} INFO - Setting next_dagrun for product_price_pipeline to 2026-02-15 00:00:00+00:00, run_after=2026-02-16 00:00:00+00:00
[2026-02-15T16:17:10.979+0000] {processor.py:183} INFO - Processing /opt/airflow/dags/product_pipeline_dag.py took 0.183 seconds
[2026-02-15T16:17:41.226+0000] {processor.py:161} INFO - Started process (PID=35177) to work on /opt/airflow/dags/product_pipeline_dag.py
[2026-02-15T16:17:41.228+0000] {processor.py:830} INFO - Processing file /opt/airflow/dags/product_pipeline_dag.py for tasks to queue
[2026-02-15T16:17:41.230+0000] {logging_mixin.py:188} INFO - [2026-02-15T16:17:41.230+0000] {dagbag.py:545} INFO - Filling up the DagBag from /opt/airflow/dags/product_pipeline_dag.py
[2026-02-15T16:17:41.270+0000] {processor.py:840} INFO - DAG(s) 'product_price_pipeline' retrieved from /opt/airflow/dags/product_pipeline_dag.py
[2026-02-15T16:17:41.306+0000] {logging_mixin.py:188} INFO - [2026-02-15T16:17:41.306+0000] {dag.py:3089} INFO - Sync 1 DAGs
[2026-02-15T16:17:41.328+0000] {logging_mixin.py:188} INFO - [2026-02-15T16:17:41.327+0000] {dag.py:3947} INFO - Setting next_dagrun for product_price_pipeline to 2026-02-15 00:00:00+00:00, run_after=2026-02-16 00:00:00+00:00
[2026-02-15T16:17:41.351+0000] {processor.py:183} INFO - Processing /opt/airflow/dags/product_pipeline_dag.py took 0.134 seconds
[2026-02-15T16:18:12.353+0000] {processor.py:161} INFO - Started process (PID=35206) to work on /opt/airflow/dags/product_pipeline_dag.py
[2026-02-15T16:18:12.356+0000] {processor.py:830} INFO - Processing file /opt/airflow/dags/product_pipeline_dag.py for tasks to queue
[2026-02-15T16:18:12.359+0000] {logging_mixin.py:188} INFO - [2026-02-15T16:18:12.359+0000] {dagbag.py:545} INFO - Filling up the DagBag from /opt/airflow/dags/product_pipeline_dag.py
[2026-02-15T16:18:12.441+0000] {processor.py:840} INFO - DAG(s) 'product_price_pipeline' retrieved from /opt/airflow/dags/product_pipeline_dag.py
[2026-02-15T16:18:12.541+0000] {logging_mixin.py:188} INFO - [2026-02-15T16:18:12.540+0000] {dag.py:3089} INFO - Sync 1 DAGs
[2026-02-15T16:18:12.614+0000] {logging_mixin.py:188} INFO - [2026-02-15T16:18:12.614+0000] {dag.py:3947} INFO - Setting next_dagrun for product_price_pipeline to 2026-02-15 00:00:00+00:00, run_after=2026-02-16 00:00:00+00:00
[2026-02-15T16:18:12.654+0000] {processor.py:183} INFO - Processing /opt/airflow/dags/product_pipeline_dag.py took 0.317 seconds
[2026-02-15T16:18:43.039+0000] {processor.py:161} INFO - Started process (PID=35235) to work on /opt/airflow/dags/product_pipeline_dag.py
[2026-02-15T16:18:43.055+0000] {processor.py:830} INFO - Processing file /opt/airflow/dags/product_pipeline_dag.py for tasks to queue
[2026-02-15T16:18:43.061+0000] {logging_mixin.py:188} INFO - [2026-02-15T16:18:43.060+0000] {dagbag.py:545} INFO - Filling up the DagBag from /opt/airflow/dags/product_pipeline_dag.py
[2026-02-15T16:18:43.141+0000] {processor.py:840} INFO - DAG(s) 'product_price_pipeline' retrieved from /opt/airflow/dags/product_pipeline_dag.py
[2026-02-15T16:18:43.195+0000] {logging_mixin.py:188} INFO - [2026-02-15T16:18:43.194+0000] {dag.py:3089} INFO - Sync 1 DAGs
[2026-02-15T16:18:43.218+0000] {logging_mixin.py:188} INFO - [2026-02-15T16:18:43.217+0000] {dag.py:3947} INFO - Setting next_dagrun for product_price_pipeline to 2026-02-15 00:00:00+00:00, run_after=2026-02-16 00:00:00+00:00
[2026-02-15T16:18:43.278+0000] {processor.py:183} INFO - Processing /opt/airflow/dags/product_pipeline_dag.py took 0.254 seconds
[2026-02-15T16:19:13.690+0000] {processor.py:161} INFO - Started process (PID=35264) to work on /opt/airflow/dags/product_pipeline_dag.py
[2026-02-15T16:19:13.694+0000] {processor.py:830} INFO - Processing file /opt/airflow/dags/product_pipeline_dag.py for tasks to queue
[2026-02-15T16:19:13.700+0000] {logging_mixin.py:188} INFO - [2026-02-15T16:19:13.699+0000] {dagbag.py:545} INFO - Filling up the DagBag from /opt/airflow/dags/product_pipeline_dag.py
[2026-02-15T16:19:13.756+0000] {processor.py:840} INFO - DAG(s) 'product_price_pipeline' retrieved from /opt/airflow/dags/product_pipeline_dag.py
[2026-02-15T16:19:13.819+0000] {logging_mixin.py:188} INFO - [2026-02-15T16:19:13.818+0000] {dag.py:3089} INFO - Sync 1 DAGs
[2026-02-15T16:19:13.852+0000] {logging_mixin.py:188} INFO - [2026-02-15T16:19:13.852+0000] {dag.py:3947} INFO - Setting next_dagrun for product_price_pipeline to 2026-02-15 00:00:00+00:00, run_after=2026-02-16 00:00:00+00:00
[2026-02-15T16:19:13.897+0000] {processor.py:183} INFO - Processing /opt/airflow/dags/product_pipeline_dag.py took 0.225 seconds
[2026-02-15T16:19:45.055+0000] {processor.py:161} INFO - Started process (PID=35291) to work on /opt/airflow/dags/product_pipeline_dag.py
[2026-02-15T16:19:45.060+0000] {processor.py:830} INFO - Processing file /opt/airflow/dags/product_pipeline_dag.py for tasks to queue
[2026-02-15T16:19:45.065+0000] {logging_mixin.py:188} INFO - [2026-02-15T16:19:45.064+0000] {dagbag.py:545} INFO - Filling up the DagBag from /opt/airflow/dags/product_pipeline_dag.py
[2026-02-15T16:19:45.153+0000] {processor.py:840} INFO - DAG(s) 'product_price_pipeline' retrieved from /opt/airflow/dags/product_pipeline_dag.py
[2026-02-15T16:19:45.241+0000] {logging_mixin.py:188} INFO - [2026-02-15T16:19:45.240+0000] {dag.py:3089} INFO - Sync 1 DAGs
[2026-02-15T16:19:45.307+0000] {logging_mixin.py:188} INFO - [2026-02-15T16:19:45.306+0000] {dag.py:3947} INFO - Setting next_dagrun for product_price_pipeline to 2026-02-15 00:00:00+00:00, run_after=2026-02-16 00:00:00+00:00
[2026-02-15T16:19:45.360+0000] {processor.py:183} INFO - Processing /opt/airflow/dags/product_pipeline_dag.py took 0.321 seconds
[2026-02-15T16:20:15.890+0000] {processor.py:161} INFO - Started process (PID=35319) to work on /opt/airflow/dags/product_pipeline_dag.py
[2026-02-15T16:20:15.893+0000] {processor.py:830} INFO - Processing file /opt/airflow/dags/product_pipeline_dag.py for tasks to queue
[2026-02-15T16:20:15.897+0000] {logging_mixin.py:188} INFO - [2026-02-15T16:20:15.897+0000] {dagbag.py:545} INFO - Filling up the DagBag from /opt/airflow/dags/product_pipeline_dag.py
[2026-02-15T16:20:15.968+0000] {processor.py:840} INFO - DAG(s) 'product_price_pipeline' retrieved from /opt/airflow/dags/product_pipeline_dag.py
[2026-02-15T16:20:16.084+0000] {logging_mixin.py:188} INFO - [2026-02-15T16:20:16.083+0000] {dag.py:3089} INFO - Sync 1 DAGs
[2026-02-15T16:20:16.138+0000] {logging_mixin.py:188} INFO - [2026-02-15T16:20:16.137+0000] {dag.py:3947} INFO - Setting next_dagrun for product_price_pipeline to 2026-02-15 00:00:00+00:00, run_after=2026-02-16 00:00:00+00:00
[2026-02-15T16:20:16.221+0000] {processor.py:183} INFO - Processing /opt/airflow/dags/product_pipeline_dag.py took 0.346 seconds
[2026-02-15T16:20:46.728+0000] {processor.py:161} INFO - Started process (PID=35345) to work on /opt/airflow/dags/product_pipeline_dag.py
[2026-02-15T16:20:46.733+0000] {processor.py:830} INFO - Processing file /opt/airflow/dags/product_pipeline_dag.py for tasks to queue
[2026-02-15T16:20:46.737+0000] {logging_mixin.py:188} INFO - [2026-02-15T16:20:46.737+0000] {dagbag.py:545} INFO - Filling up the DagBag from /opt/airflow/dags/product_pipeline_dag.py
[2026-02-15T16:20:46.779+0000] {processor.py:840} INFO - DAG(s) 'product_price_pipeline' retrieved from /opt/airflow/dags/product_pipeline_dag.py
[2026-02-15T16:20:46.841+0000] {logging_mixin.py:188} INFO - [2026-02-15T16:20:46.841+0000] {dag.py:3089} INFO - Sync 1 DAGs
[2026-02-15T16:20:46.873+0000] {logging_mixin.py:188} INFO - [2026-02-15T16:20:46.873+0000] {dag.py:3947} INFO - Setting next_dagrun for product_price_pipeline to 2026-02-15 00:00:00+00:00, run_after=2026-02-16 00:00:00+00:00
[2026-02-15T16:20:46.916+0000] {processor.py:183} INFO - Processing /opt/airflow/dags/product_pipeline_dag.py took 0.198 seconds
[2026-02-15T16:21:17.295+0000] {processor.py:161} INFO - Started process (PID=35374) to work on /opt/airflow/dags/product_pipeline_dag.py
[2026-02-15T16:21:17.302+0000] {processor.py:830} INFO - Processing file /opt/airflow/dags/product_pipeline_dag.py for tasks to queue
[2026-02-15T16:21:17.306+0000] {logging_mixin.py:188} INFO - [2026-02-15T16:21:17.306+0000] {dagbag.py:545} INFO - Filling up the DagBag from /opt/airflow/dags/product_pipeline_dag.py
[2026-02-15T16:21:17.533+0000] {processor.py:840} INFO - DAG(s) 'product_price_pipeline' retrieved from /opt/airflow/dags/product_pipeline_dag.py
[2026-02-15T16:21:17.854+0000] {logging_mixin.py:188} INFO - [2026-02-15T16:21:17.853+0000] {dag.py:3089} INFO - Sync 1 DAGs
[2026-02-15T16:21:18.365+0000] {logging_mixin.py:188} INFO - [2026-02-15T16:21:18.361+0000] {dag.py:3947} INFO - Setting next_dagrun for product_price_pipeline to 2026-02-15 00:00:00+00:00, run_after=2026-02-16 00:00:00+00:00
[2026-02-15T16:21:18.572+0000] {processor.py:183} INFO - Processing /opt/airflow/dags/product_pipeline_dag.py took 1.292 seconds
[2026-02-15T16:21:51.491+0000] {processor.py:161} INFO - Started process (PID=35403) to work on /opt/airflow/dags/product_pipeline_dag.py
[2026-02-15T16:21:51.493+0000] {processor.py:830} INFO - Processing file /opt/airflow/dags/product_pipeline_dag.py for tasks to queue
[2026-02-15T16:21:51.496+0000] {logging_mixin.py:188} INFO - [2026-02-15T16:21:51.496+0000] {dagbag.py:545} INFO - Filling up the DagBag from /opt/airflow/dags/product_pipeline_dag.py
[2026-02-15T16:21:51.542+0000] {processor.py:840} INFO - DAG(s) 'product_price_pipeline' retrieved from /opt/airflow/dags/product_pipeline_dag.py
[2026-02-15T16:21:51.587+0000] {logging_mixin.py:188} INFO - [2026-02-15T16:21:51.587+0000] {dag.py:3089} INFO - Sync 1 DAGs
[2026-02-15T16:21:51.610+0000] {logging_mixin.py:188} INFO - [2026-02-15T16:21:51.609+0000] {dag.py:3947} INFO - Setting next_dagrun for product_price_pipeline to 2026-02-15 00:00:00+00:00, run_after=2026-02-16 00:00:00+00:00
[2026-02-15T16:21:51.635+0000] {processor.py:183} INFO - Processing /opt/airflow/dags/product_pipeline_dag.py took 0.153 seconds
[2026-02-15T16:22:22.449+0000] {processor.py:161} INFO - Started process (PID=35432) to work on /opt/airflow/dags/product_pipeline_dag.py
[2026-02-15T16:22:22.451+0000] {processor.py:830} INFO - Processing file /opt/airflow/dags/product_pipeline_dag.py for tasks to queue
[2026-02-15T16:22:22.455+0000] {logging_mixin.py:188} INFO - [2026-02-15T16:22:22.454+0000] {dagbag.py:545} INFO - Filling up the DagBag from /opt/airflow/dags/product_pipeline_dag.py
[2026-02-15T16:22:22.512+0000] {processor.py:840} INFO - DAG(s) 'product_price_pipeline' retrieved from /opt/airflow/dags/product_pipeline_dag.py
[2026-02-15T16:22:22.556+0000] {logging_mixin.py:188} INFO - [2026-02-15T16:22:22.556+0000] {dag.py:3089} INFO - Sync 1 DAGs
[2026-02-15T16:22:22.581+0000] {logging_mixin.py:188} INFO - [2026-02-15T16:22:22.580+0000] {dag.py:3947} INFO - Setting next_dagrun for product_price_pipeline to 2026-02-15 00:00:00+00:00, run_after=2026-02-16 00:00:00+00:00
[2026-02-15T16:22:22.612+0000] {processor.py:183} INFO - Processing /opt/airflow/dags/product_pipeline_dag.py took 0.171 seconds
[2026-02-15T16:22:55.078+0000] {processor.py:161} INFO - Started process (PID=35461) to work on /opt/airflow/dags/product_pipeline_dag.py
[2026-02-15T16:22:55.190+0000] {processor.py:830} INFO - Processing file /opt/airflow/dags/product_pipeline_dag.py for tasks to queue
[2026-02-15T16:22:55.462+0000] {logging_mixin.py:188} INFO - [2026-02-15T16:22:55.411+0000] {dagbag.py:545} INFO - Filling up the DagBag from /opt/airflow/dags/product_pipeline_dag.py
[2026-02-15T16:22:57.120+0000] {processor.py:840} INFO - DAG(s) 'product_price_pipeline' retrieved from /opt/airflow/dags/product_pipeline_dag.py
[2026-02-15T16:22:59.762+0000] {logging_mixin.py:188} INFO - [2026-02-15T16:22:59.760+0000] {dag.py:3089} INFO - Sync 1 DAGs
[2026-02-15T16:23:00.405+0000] {logging_mixin.py:188} INFO - [2026-02-15T16:23:00.403+0000] {dag.py:3947} INFO - Setting next_dagrun for product_price_pipeline to 2026-02-15 00:00:00+00:00, run_after=2026-02-16 00:00:00+00:00
[2026-02-15T16:23:00.764+0000] {processor.py:183} INFO - Processing /opt/airflow/dags/product_pipeline_dag.py took 6.459 seconds
[2026-02-15T16:23:31.763+0000] {processor.py:161} INFO - Started process (PID=35488) to work on /opt/airflow/dags/product_pipeline_dag.py
[2026-02-15T16:23:31.770+0000] {processor.py:830} INFO - Processing file /opt/airflow/dags/product_pipeline_dag.py for tasks to queue
[2026-02-15T16:23:31.785+0000] {logging_mixin.py:188} INFO - [2026-02-15T16:23:31.782+0000] {dagbag.py:545} INFO - Filling up the DagBag from /opt/airflow/dags/product_pipeline_dag.py
[2026-02-15T16:23:32.714+0000] {processor.py:840} INFO - DAG(s) 'product_price_pipeline' retrieved from /opt/airflow/dags/product_pipeline_dag.py
[2026-02-15T16:23:33.318+0000] {logging_mixin.py:188} INFO - [2026-02-15T16:23:33.316+0000] {dag.py:3089} INFO - Sync 1 DAGs
[2026-02-15T16:23:33.964+0000] {logging_mixin.py:188} INFO - [2026-02-15T16:23:33.960+0000] {dag.py:3947} INFO - Setting next_dagrun for product_price_pipeline to 2026-02-15 00:00:00+00:00, run_after=2026-02-16 00:00:00+00:00
[2026-02-15T16:23:34.332+0000] {processor.py:183} INFO - Processing /opt/airflow/dags/product_pipeline_dag.py took 2.613 seconds
[2026-02-15T16:24:05.041+0000] {processor.py:161} INFO - Started process (PID=35513) to work on /opt/airflow/dags/product_pipeline_dag.py
[2026-02-15T16:24:05.051+0000] {processor.py:830} INFO - Processing file /opt/airflow/dags/product_pipeline_dag.py for tasks to queue
[2026-02-15T16:24:05.059+0000] {logging_mixin.py:188} INFO - [2026-02-15T16:24:05.057+0000] {dagbag.py:545} INFO - Filling up the DagBag from /opt/airflow/dags/product_pipeline_dag.py
[2026-02-15T16:24:05.162+0000] {processor.py:840} INFO - DAG(s) 'product_price_pipeline' retrieved from /opt/airflow/dags/product_pipeline_dag.py
[2026-02-15T16:24:05.270+0000] {logging_mixin.py:188} INFO - [2026-02-15T16:24:05.268+0000] {dag.py:3089} INFO - Sync 1 DAGs
[2026-02-15T16:24:05.374+0000] {logging_mixin.py:188} INFO - [2026-02-15T16:24:05.374+0000] {dag.py:3947} INFO - Setting next_dagrun for product_price_pipeline to 2026-02-15 00:00:00+00:00, run_after=2026-02-16 00:00:00+00:00
[2026-02-15T16:24:05.488+0000] {processor.py:183} INFO - Processing /opt/airflow/dags/product_pipeline_dag.py took 0.465 seconds
[2026-02-15T16:24:36.321+0000] {processor.py:161} INFO - Started process (PID=35542) to work on /opt/airflow/dags/product_pipeline_dag.py
[2026-02-15T16:24:36.326+0000] {processor.py:830} INFO - Processing file /opt/airflow/dags/product_pipeline_dag.py for tasks to queue
[2026-02-15T16:24:36.337+0000] {logging_mixin.py:188} INFO - [2026-02-15T16:24:36.336+0000] {dagbag.py:545} INFO - Filling up the DagBag from /opt/airflow/dags/product_pipeline_dag.py
[2026-02-15T16:24:36.726+0000] {processor.py:840} INFO - DAG(s) 'product_price_pipeline' retrieved from /opt/airflow/dags/product_pipeline_dag.py
[2026-02-15T16:24:37.374+0000] {logging_mixin.py:188} INFO - [2026-02-15T16:24:37.372+0000] {dag.py:3089} INFO - Sync 1 DAGs
[2026-02-15T16:24:38.104+0000] {logging_mixin.py:188} INFO - [2026-02-15T16:24:38.094+0000] {dag.py:3947} INFO - Setting next_dagrun for product_price_pipeline to 2026-02-15 00:00:00+00:00, run_after=2026-02-16 00:00:00+00:00
[2026-02-15T16:24:38.341+0000] {processor.py:183} INFO - Processing /opt/airflow/dags/product_pipeline_dag.py took 2.040 seconds
[2026-02-15T16:25:08.955+0000] {processor.py:161} INFO - Started process (PID=35571) to work on /opt/airflow/dags/product_pipeline_dag.py
[2026-02-15T16:25:08.960+0000] {processor.py:830} INFO - Processing file /opt/airflow/dags/product_pipeline_dag.py for tasks to queue
[2026-02-15T16:25:08.966+0000] {logging_mixin.py:188} INFO - [2026-02-15T16:25:08.965+0000] {dagbag.py:545} INFO - Filling up the DagBag from /opt/airflow/dags/product_pipeline_dag.py
[2026-02-15T16:25:09.048+0000] {processor.py:840} INFO - DAG(s) 'product_price_pipeline' retrieved from /opt/airflow/dags/product_pipeline_dag.py
[2026-02-15T16:25:09.135+0000] {logging_mixin.py:188} INFO - [2026-02-15T16:25:09.135+0000] {dag.py:3089} INFO - Sync 1 DAGs
[2026-02-15T16:25:09.173+0000] {logging_mixin.py:188} INFO - [2026-02-15T16:25:09.173+0000] {dag.py:3947} INFO - Setting next_dagrun for product_price_pipeline to 2026-02-15 00:00:00+00:00, run_after=2026-02-16 00:00:00+00:00
[2026-02-15T16:25:09.222+0000] {processor.py:183} INFO - Processing /opt/airflow/dags/product_pipeline_dag.py took 0.279 seconds
[2026-02-15T16:25:40.066+0000] {processor.py:161} INFO - Started process (PID=35600) to work on /opt/airflow/dags/product_pipeline_dag.py
[2026-02-15T16:25:40.071+0000] {processor.py:830} INFO - Processing file /opt/airflow/dags/product_pipeline_dag.py for tasks to queue
[2026-02-15T16:25:40.079+0000] {logging_mixin.py:188} INFO - [2026-02-15T16:25:40.078+0000] {dagbag.py:545} INFO - Filling up the DagBag from /opt/airflow/dags/product_pipeline_dag.py
[2026-02-15T16:25:40.182+0000] {processor.py:840} INFO - DAG(s) 'product_price_pipeline' retrieved from /opt/airflow/dags/product_pipeline_dag.py
[2026-02-15T16:25:40.313+0000] {logging_mixin.py:188} INFO - [2026-02-15T16:25:40.312+0000] {dag.py:3089} INFO - Sync 1 DAGs
[2026-02-15T16:25:40.403+0000] {logging_mixin.py:188} INFO - [2026-02-15T16:25:40.402+0000] {dag.py:3947} INFO - Setting next_dagrun for product_price_pipeline to 2026-02-15 00:00:00+00:00, run_after=2026-02-16 00:00:00+00:00
[2026-02-15T16:25:40.470+0000] {processor.py:183} INFO - Processing /opt/airflow/dags/product_pipeline_dag.py took 0.423 seconds
[2026-02-15T16:26:10.845+0000] {processor.py:161} INFO - Started process (PID=35629) to work on /opt/airflow/dags/product_pipeline_dag.py
[2026-02-15T16:26:10.848+0000] {processor.py:830} INFO - Processing file /opt/airflow/dags/product_pipeline_dag.py for tasks to queue
[2026-02-15T16:26:10.851+0000] {logging_mixin.py:188} INFO - [2026-02-15T16:26:10.851+0000] {dagbag.py:545} INFO - Filling up the DagBag from /opt/airflow/dags/product_pipeline_dag.py
[2026-02-15T16:26:10.915+0000] {processor.py:840} INFO - DAG(s) 'product_price_pipeline' retrieved from /opt/airflow/dags/product_pipeline_dag.py
[2026-02-15T16:26:10.988+0000] {logging_mixin.py:188} INFO - [2026-02-15T16:26:10.988+0000] {dag.py:3089} INFO - Sync 1 DAGs
[2026-02-15T16:26:11.016+0000] {logging_mixin.py:188} INFO - [2026-02-15T16:26:11.016+0000] {dag.py:3947} INFO - Setting next_dagrun for product_price_pipeline to 2026-02-15 00:00:00+00:00, run_after=2026-02-16 00:00:00+00:00
[2026-02-15T16:26:11.043+0000] {processor.py:183} INFO - Processing /opt/airflow/dags/product_pipeline_dag.py took 0.209 seconds
[2026-02-15T16:26:41.484+0000] {processor.py:161} INFO - Started process (PID=35658) to work on /opt/airflow/dags/product_pipeline_dag.py
[2026-02-15T16:26:41.486+0000] {processor.py:830} INFO - Processing file /opt/airflow/dags/product_pipeline_dag.py for tasks to queue
[2026-02-15T16:26:41.489+0000] {logging_mixin.py:188} INFO - [2026-02-15T16:26:41.488+0000] {dagbag.py:545} INFO - Filling up the DagBag from /opt/airflow/dags/product_pipeline_dag.py
[2026-02-15T16:26:41.547+0000] {processor.py:840} INFO - DAG(s) 'product_price_pipeline' retrieved from /opt/airflow/dags/product_pipeline_dag.py
[2026-02-15T16:26:41.598+0000] {logging_mixin.py:188} INFO - [2026-02-15T16:26:41.598+0000] {dag.py:3089} INFO - Sync 1 DAGs
[2026-02-15T16:26:41.636+0000] {logging_mixin.py:188} INFO - [2026-02-15T16:26:41.635+0000] {dag.py:3947} INFO - Setting next_dagrun for product_price_pipeline to 2026-02-15 00:00:00+00:00, run_after=2026-02-16 00:00:00+00:00
[2026-02-15T16:26:41.691+0000] {processor.py:183} INFO - Processing /opt/airflow/dags/product_pipeline_dag.py took 0.213 seconds
[2026-02-15T16:27:12.253+0000] {processor.py:161} INFO - Started process (PID=35687) to work on /opt/airflow/dags/product_pipeline_dag.py
[2026-02-15T16:27:12.255+0000] {processor.py:830} INFO - Processing file /opt/airflow/dags/product_pipeline_dag.py for tasks to queue
[2026-02-15T16:27:12.257+0000] {logging_mixin.py:188} INFO - [2026-02-15T16:27:12.257+0000] {dagbag.py:545} INFO - Filling up the DagBag from /opt/airflow/dags/product_pipeline_dag.py
[2026-02-15T16:27:12.308+0000] {processor.py:840} INFO - DAG(s) 'product_price_pipeline' retrieved from /opt/airflow/dags/product_pipeline_dag.py
[2026-02-15T16:27:12.356+0000] {logging_mixin.py:188} INFO - [2026-02-15T16:27:12.356+0000] {dag.py:3089} INFO - Sync 1 DAGs
[2026-02-15T16:27:12.375+0000] {logging_mixin.py:188} INFO - [2026-02-15T16:27:12.375+0000] {dag.py:3947} INFO - Setting next_dagrun for product_price_pipeline to 2026-02-15 00:00:00+00:00, run_after=2026-02-16 00:00:00+00:00
[2026-02-15T16:27:12.402+0000] {processor.py:183} INFO - Processing /opt/airflow/dags/product_pipeline_dag.py took 0.159 seconds
[2026-02-15T16:27:43.074+0000] {processor.py:161} INFO - Started process (PID=35713) to work on /opt/airflow/dags/product_pipeline_dag.py
[2026-02-15T16:27:43.077+0000] {processor.py:830} INFO - Processing file /opt/airflow/dags/product_pipeline_dag.py for tasks to queue
[2026-02-15T16:27:43.082+0000] {logging_mixin.py:188} INFO - [2026-02-15T16:27:43.081+0000] {dagbag.py:545} INFO - Filling up the DagBag from /opt/airflow/dags/product_pipeline_dag.py
[2026-02-15T16:27:43.139+0000] {processor.py:840} INFO - DAG(s) 'product_price_pipeline' retrieved from /opt/airflow/dags/product_pipeline_dag.py
[2026-02-15T16:27:43.191+0000] {logging_mixin.py:188} INFO - [2026-02-15T16:27:43.190+0000] {dag.py:3089} INFO - Sync 1 DAGs
[2026-02-15T16:27:43.215+0000] {logging_mixin.py:188} INFO - [2026-02-15T16:27:43.215+0000] {dag.py:3947} INFO - Setting next_dagrun for product_price_pipeline to 2026-02-15 00:00:00+00:00, run_after=2026-02-16 00:00:00+00:00
[2026-02-15T16:27:43.252+0000] {processor.py:183} INFO - Processing /opt/airflow/dags/product_pipeline_dag.py took 0.186 seconds
[2026-02-15T16:28:13.566+0000] {processor.py:161} INFO - Started process (PID=35739) to work on /opt/airflow/dags/product_pipeline_dag.py
[2026-02-15T16:28:13.568+0000] {processor.py:830} INFO - Processing file /opt/airflow/dags/product_pipeline_dag.py for tasks to queue
[2026-02-15T16:28:13.572+0000] {logging_mixin.py:188} INFO - [2026-02-15T16:28:13.571+0000] {dagbag.py:545} INFO - Filling up the DagBag from /opt/airflow/dags/product_pipeline_dag.py
[2026-02-15T16:28:13.618+0000] {processor.py:840} INFO - DAG(s) 'product_price_pipeline' retrieved from /opt/airflow/dags/product_pipeline_dag.py
[2026-02-15T16:28:13.662+0000] {logging_mixin.py:188} INFO - [2026-02-15T16:28:13.662+0000] {dag.py:3089} INFO - Sync 1 DAGs
[2026-02-15T16:28:13.692+0000] {logging_mixin.py:188} INFO - [2026-02-15T16:28:13.692+0000] {dag.py:3947} INFO - Setting next_dagrun for product_price_pipeline to 2026-02-15 00:00:00+00:00, run_after=2026-02-16 00:00:00+00:00
[2026-02-15T16:28:13.726+0000] {processor.py:183} INFO - Processing /opt/airflow/dags/product_pipeline_dag.py took 0.173 seconds
[2026-02-15T16:28:43.958+0000] {processor.py:161} INFO - Started process (PID=35768) to work on /opt/airflow/dags/product_pipeline_dag.py
[2026-02-15T16:28:43.963+0000] {processor.py:830} INFO - Processing file /opt/airflow/dags/product_pipeline_dag.py for tasks to queue
[2026-02-15T16:28:43.969+0000] {logging_mixin.py:188} INFO - [2026-02-15T16:28:43.968+0000] {dagbag.py:545} INFO - Filling up the DagBag from /opt/airflow/dags/product_pipeline_dag.py
[2026-02-15T16:28:44.047+0000] {processor.py:840} INFO - DAG(s) 'product_price_pipeline' retrieved from /opt/airflow/dags/product_pipeline_dag.py
[2026-02-15T16:28:44.108+0000] {logging_mixin.py:188} INFO - [2026-02-15T16:28:44.108+0000] {dag.py:3089} INFO - Sync 1 DAGs
[2026-02-15T16:28:44.131+0000] {logging_mixin.py:188} INFO - [2026-02-15T16:28:44.130+0000] {dag.py:3947} INFO - Setting next_dagrun for product_price_pipeline to 2026-02-15 00:00:00+00:00, run_after=2026-02-16 00:00:00+00:00
[2026-02-15T16:28:44.157+0000] {processor.py:183} INFO - Processing /opt/airflow/dags/product_pipeline_dag.py took 0.214 seconds
[2026-02-15T16:29:14.322+0000] {processor.py:161} INFO - Started process (PID=35797) to work on /opt/airflow/dags/product_pipeline_dag.py
[2026-02-15T16:29:14.323+0000] {processor.py:830} INFO - Processing file /opt/airflow/dags/product_pipeline_dag.py for tasks to queue
[2026-02-15T16:29:14.326+0000] {logging_mixin.py:188} INFO - [2026-02-15T16:29:14.326+0000] {dagbag.py:545} INFO - Filling up the DagBag from /opt/airflow/dags/product_pipeline_dag.py
[2026-02-15T16:29:14.368+0000] {processor.py:840} INFO - DAG(s) 'product_price_pipeline' retrieved from /opt/airflow/dags/product_pipeline_dag.py
[2026-02-15T16:29:14.399+0000] {logging_mixin.py:188} INFO - [2026-02-15T16:29:14.399+0000] {dag.py:3089} INFO - Sync 1 DAGs
[2026-02-15T16:29:14.419+0000] {logging_mixin.py:188} INFO - [2026-02-15T16:29:14.419+0000] {dag.py:3947} INFO - Setting next_dagrun for product_price_pipeline to 2026-02-15 00:00:00+00:00, run_after=2026-02-16 00:00:00+00:00
[2026-02-15T16:29:14.442+0000] {processor.py:183} INFO - Processing /opt/airflow/dags/product_pipeline_dag.py took 0.126 seconds
[2026-02-15T16:29:44.682+0000] {processor.py:161} INFO - Started process (PID=35826) to work on /opt/airflow/dags/product_pipeline_dag.py
[2026-02-15T16:29:44.685+0000] {processor.py:830} INFO - Processing file /opt/airflow/dags/product_pipeline_dag.py for tasks to queue
[2026-02-15T16:29:44.689+0000] {logging_mixin.py:188} INFO - [2026-02-15T16:29:44.689+0000] {dagbag.py:545} INFO - Filling up the DagBag from /opt/airflow/dags/product_pipeline_dag.py
[2026-02-15T16:29:44.775+0000] {processor.py:840} INFO - DAG(s) 'product_price_pipeline' retrieved from /opt/airflow/dags/product_pipeline_dag.py
[2026-02-15T16:29:44.820+0000] {logging_mixin.py:188} INFO - [2026-02-15T16:29:44.820+0000] {dag.py:3089} INFO - Sync 1 DAGs
[2026-02-15T16:29:44.846+0000] {logging_mixin.py:188} INFO - [2026-02-15T16:29:44.846+0000] {dag.py:3947} INFO - Setting next_dagrun for product_price_pipeline to 2026-02-15 00:00:00+00:00, run_after=2026-02-16 00:00:00+00:00
[2026-02-15T16:29:44.896+0000] {processor.py:183} INFO - Processing /opt/airflow/dags/product_pipeline_dag.py took 0.224 seconds
[2026-02-15T16:30:15.099+0000] {processor.py:161} INFO - Started process (PID=35852) to work on /opt/airflow/dags/product_pipeline_dag.py
[2026-02-15T16:30:15.101+0000] {processor.py:830} INFO - Processing file /opt/airflow/dags/product_pipeline_dag.py for tasks to queue
[2026-02-15T16:30:15.103+0000] {logging_mixin.py:188} INFO - [2026-02-15T16:30:15.103+0000] {dagbag.py:545} INFO - Filling up the DagBag from /opt/airflow/dags/product_pipeline_dag.py
[2026-02-15T16:30:15.153+0000] {processor.py:840} INFO - DAG(s) 'product_price_pipeline' retrieved from /opt/airflow/dags/product_pipeline_dag.py
[2026-02-15T16:30:15.190+0000] {logging_mixin.py:188} INFO - [2026-02-15T16:30:15.189+0000] {dag.py:3089} INFO - Sync 1 DAGs
[2026-02-15T16:30:15.224+0000] {logging_mixin.py:188} INFO - [2026-02-15T16:30:15.223+0000] {dag.py:3947} INFO - Setting next_dagrun for product_price_pipeline to 2026-02-15 00:00:00+00:00, run_after=2026-02-16 00:00:00+00:00
[2026-02-15T16:30:15.262+0000] {processor.py:183} INFO - Processing /opt/airflow/dags/product_pipeline_dag.py took 0.169 seconds
[2026-02-15T16:30:46.086+0000] {processor.py:161} INFO - Started process (PID=35881) to work on /opt/airflow/dags/product_pipeline_dag.py
[2026-02-15T16:30:46.087+0000] {processor.py:830} INFO - Processing file /opt/airflow/dags/product_pipeline_dag.py for tasks to queue
[2026-02-15T16:30:46.093+0000] {logging_mixin.py:188} INFO - [2026-02-15T16:30:46.092+0000] {dagbag.py:545} INFO - Filling up the DagBag from /opt/airflow/dags/product_pipeline_dag.py
[2026-02-15T16:30:46.135+0000] {processor.py:840} INFO - DAG(s) 'product_price_pipeline' retrieved from /opt/airflow/dags/product_pipeline_dag.py
[2026-02-15T16:30:46.171+0000] {logging_mixin.py:188} INFO - [2026-02-15T16:30:46.171+0000] {dag.py:3089} INFO - Sync 1 DAGs
[2026-02-15T16:30:46.196+0000] {logging_mixin.py:188} INFO - [2026-02-15T16:30:46.196+0000] {dag.py:3947} INFO - Setting next_dagrun for product_price_pipeline to 2026-02-15 00:00:00+00:00, run_after=2026-02-16 00:00:00+00:00
[2026-02-15T16:30:46.227+0000] {processor.py:183} INFO - Processing /opt/airflow/dags/product_pipeline_dag.py took 0.147 seconds
[2026-02-15T16:31:16.715+0000] {processor.py:161} INFO - Started process (PID=35907) to work on /opt/airflow/dags/product_pipeline_dag.py
[2026-02-15T16:31:16.717+0000] {processor.py:830} INFO - Processing file /opt/airflow/dags/product_pipeline_dag.py for tasks to queue
[2026-02-15T16:31:16.720+0000] {logging_mixin.py:188} INFO - [2026-02-15T16:31:16.719+0000] {dagbag.py:545} INFO - Filling up the DagBag from /opt/airflow/dags/product_pipeline_dag.py
[2026-02-15T16:31:16.774+0000] {processor.py:840} INFO - DAG(s) 'product_price_pipeline' retrieved from /opt/airflow/dags/product_pipeline_dag.py
[2026-02-15T16:31:16.807+0000] {logging_mixin.py:188} INFO - [2026-02-15T16:31:16.807+0000] {dag.py:3089} INFO - Sync 1 DAGs
[2026-02-15T16:31:16.826+0000] {logging_mixin.py:188} INFO - [2026-02-15T16:31:16.825+0000] {dag.py:3947} INFO - Setting next_dagrun for product_price_pipeline to 2026-02-15 00:00:00+00:00, run_after=2026-02-16 00:00:00+00:00
[2026-02-15T16:31:16.849+0000] {processor.py:183} INFO - Processing /opt/airflow/dags/product_pipeline_dag.py took 0.143 seconds
[2026-02-15T16:31:47.951+0000] {processor.py:161} INFO - Started process (PID=35939) to work on /opt/airflow/dags/product_pipeline_dag.py
[2026-02-15T16:31:47.953+0000] {processor.py:830} INFO - Processing file /opt/airflow/dags/product_pipeline_dag.py for tasks to queue
[2026-02-15T16:31:47.955+0000] {logging_mixin.py:188} INFO - [2026-02-15T16:31:47.955+0000] {dagbag.py:545} INFO - Filling up the DagBag from /opt/airflow/dags/product_pipeline_dag.py
[2026-02-15T16:31:47.998+0000] {processor.py:840} INFO - DAG(s) 'product_price_pipeline' retrieved from /opt/airflow/dags/product_pipeline_dag.py
[2026-02-15T16:31:48.037+0000] {logging_mixin.py:188} INFO - [2026-02-15T16:31:48.037+0000] {dag.py:3089} INFO - Sync 1 DAGs
[2026-02-15T16:31:48.061+0000] {logging_mixin.py:188} INFO - [2026-02-15T16:31:48.061+0000] {dag.py:3947} INFO - Setting next_dagrun for product_price_pipeline to 2026-02-15 00:00:00+00:00, run_after=2026-02-16 00:00:00+00:00
[2026-02-15T16:31:48.089+0000] {processor.py:183} INFO - Processing /opt/airflow/dags/product_pipeline_dag.py took 0.146 seconds
[2026-02-15T16:32:18.207+0000] {processor.py:161} INFO - Started process (PID=35963) to work on /opt/airflow/dags/product_pipeline_dag.py
[2026-02-15T16:32:18.209+0000] {processor.py:830} INFO - Processing file /opt/airflow/dags/product_pipeline_dag.py for tasks to queue
[2026-02-15T16:32:18.212+0000] {logging_mixin.py:188} INFO - [2026-02-15T16:32:18.212+0000] {dagbag.py:545} INFO - Filling up the DagBag from /opt/airflow/dags/product_pipeline_dag.py
[2026-02-15T16:32:18.274+0000] {processor.py:840} INFO - DAG(s) 'product_price_pipeline' retrieved from /opt/airflow/dags/product_pipeline_dag.py
[2026-02-15T16:32:18.345+0000] {logging_mixin.py:188} INFO - [2026-02-15T16:32:18.344+0000] {dag.py:3089} INFO - Sync 1 DAGs
[2026-02-15T16:32:18.391+0000] {logging_mixin.py:188} INFO - [2026-02-15T16:32:18.390+0000] {dag.py:3947} INFO - Setting next_dagrun for product_price_pipeline to 2026-02-15 00:00:00+00:00, run_after=2026-02-16 00:00:00+00:00
[2026-02-15T16:32:18.433+0000] {processor.py:183} INFO - Processing /opt/airflow/dags/product_pipeline_dag.py took 0.235 seconds
