[2026-02-07T04:53:34.129+0000] {processor.py:161} INFO - Started process (PID=309) to work on /opt/airflow/dags/product_pipeline_dag.py
[2026-02-07T04:53:34.143+0000] {processor.py:830} INFO - Processing file /opt/airflow/dags/product_pipeline_dag.py for tasks to queue
[2026-02-07T04:53:34.157+0000] {logging_mixin.py:188} INFO - [2026-02-07T04:53:34.155+0000] {dagbag.py:545} INFO - Filling up the DagBag from /opt/airflow/dags/product_pipeline_dag.py
[2026-02-07T04:53:34.425+0000] {processor.py:840} INFO - DAG(s) 'product_price_pipeline' retrieved from /opt/airflow/dags/product_pipeline_dag.py
[2026-02-07T04:53:34.682+0000] {logging_mixin.py:188} INFO - [2026-02-07T04:53:34.677+0000] {dag.py:3089} INFO - Sync 1 DAGs
[2026-02-07T04:53:34.853+0000] {logging_mixin.py:188} INFO - [2026-02-07T04:53:34.852+0000] {dag.py:3947} INFO - Setting next_dagrun for product_price_pipeline to 2026-02-06 21:00:00+00:00, run_after=2026-02-07 21:00:00+00:00
[2026-02-07T04:53:35.005+0000] {processor.py:183} INFO - Processing /opt/airflow/dags/product_pipeline_dag.py took 0.947 seconds
[2026-02-07T04:54:05.777+0000] {processor.py:161} INFO - Started process (PID=314) to work on /opt/airflow/dags/product_pipeline_dag.py
[2026-02-07T04:54:05.781+0000] {processor.py:830} INFO - Processing file /opt/airflow/dags/product_pipeline_dag.py for tasks to queue
[2026-02-07T04:54:05.789+0000] {logging_mixin.py:188} INFO - [2026-02-07T04:54:05.788+0000] {dagbag.py:545} INFO - Filling up the DagBag from /opt/airflow/dags/product_pipeline_dag.py
[2026-02-07T04:54:05.898+0000] {processor.py:840} INFO - DAG(s) 'product_price_pipeline' retrieved from /opt/airflow/dags/product_pipeline_dag.py
[2026-02-07T04:54:05.998+0000] {logging_mixin.py:188} INFO - [2026-02-07T04:54:05.998+0000] {dag.py:3089} INFO - Sync 1 DAGs
[2026-02-07T04:54:06.053+0000] {logging_mixin.py:188} INFO - [2026-02-07T04:54:06.053+0000] {dag.py:3947} INFO - Setting next_dagrun for product_price_pipeline to 2026-02-06 21:00:00+00:00, run_after=2026-02-07 21:00:00+00:00
[2026-02-07T04:54:06.094+0000] {processor.py:183} INFO - Processing /opt/airflow/dags/product_pipeline_dag.py took 0.341 seconds
[2026-02-07T04:54:37.173+0000] {processor.py:161} INFO - Started process (PID=319) to work on /opt/airflow/dags/product_pipeline_dag.py
[2026-02-07T04:54:37.175+0000] {processor.py:830} INFO - Processing file /opt/airflow/dags/product_pipeline_dag.py for tasks to queue
[2026-02-07T04:54:37.177+0000] {logging_mixin.py:188} INFO - [2026-02-07T04:54:37.177+0000] {dagbag.py:545} INFO - Filling up the DagBag from /opt/airflow/dags/product_pipeline_dag.py
[2026-02-07T04:54:37.203+0000] {processor.py:840} INFO - DAG(s) 'product_price_pipeline' retrieved from /opt/airflow/dags/product_pipeline_dag.py
[2026-02-07T04:54:37.239+0000] {logging_mixin.py:188} INFO - [2026-02-07T04:54:37.238+0000] {dag.py:3089} INFO - Sync 1 DAGs
[2026-02-07T04:54:37.258+0000] {logging_mixin.py:188} INFO - [2026-02-07T04:54:37.258+0000] {dag.py:3947} INFO - Setting next_dagrun for product_price_pipeline to 2026-02-06 21:00:00+00:00, run_after=2026-02-07 21:00:00+00:00
[2026-02-07T04:54:37.287+0000] {processor.py:183} INFO - Processing /opt/airflow/dags/product_pipeline_dag.py took 0.121 seconds
[2026-02-07T04:55:07.389+0000] {processor.py:161} INFO - Started process (PID=324) to work on /opt/airflow/dags/product_pipeline_dag.py
[2026-02-07T04:55:07.390+0000] {processor.py:830} INFO - Processing file /opt/airflow/dags/product_pipeline_dag.py for tasks to queue
[2026-02-07T04:55:07.393+0000] {logging_mixin.py:188} INFO - [2026-02-07T04:55:07.392+0000] {dagbag.py:545} INFO - Filling up the DagBag from /opt/airflow/dags/product_pipeline_dag.py
[2026-02-07T04:55:07.439+0000] {processor.py:840} INFO - DAG(s) 'product_price_pipeline' retrieved from /opt/airflow/dags/product_pipeline_dag.py
[2026-02-07T04:55:07.495+0000] {logging_mixin.py:188} INFO - [2026-02-07T04:55:07.494+0000] {dag.py:3089} INFO - Sync 1 DAGs
[2026-02-07T04:55:08.230+0000] {logging_mixin.py:188} INFO - [2026-02-07T04:55:08.229+0000] {dag.py:3947} INFO - Setting next_dagrun for product_price_pipeline to 2026-02-06 21:00:00+00:00, run_after=2026-02-07 21:00:00+00:00
[2026-02-07T04:55:08.367+0000] {processor.py:183} INFO - Processing /opt/airflow/dags/product_pipeline_dag.py took 0.331 seconds
[2026-02-07T04:55:40.268+0000] {processor.py:161} INFO - Started process (PID=329) to work on /opt/airflow/dags/product_pipeline_dag.py
[2026-02-07T04:55:40.273+0000] {processor.py:830} INFO - Processing file /opt/airflow/dags/product_pipeline_dag.py for tasks to queue
[2026-02-07T04:55:40.278+0000] {logging_mixin.py:188} INFO - [2026-02-07T04:55:40.277+0000] {dagbag.py:545} INFO - Filling up the DagBag from /opt/airflow/dags/product_pipeline_dag.py
[2026-02-07T04:55:40.372+0000] {processor.py:840} INFO - DAG(s) 'product_price_pipeline' retrieved from /opt/airflow/dags/product_pipeline_dag.py
[2026-02-07T04:55:40.512+0000] {logging_mixin.py:188} INFO - [2026-02-07T04:55:40.511+0000] {dag.py:3089} INFO - Sync 1 DAGs
[2026-02-07T04:55:40.602+0000] {logging_mixin.py:188} INFO - [2026-02-07T04:55:40.602+0000] {dag.py:3947} INFO - Setting next_dagrun for product_price_pipeline to 2026-02-06 21:00:00+00:00, run_after=2026-02-07 21:00:00+00:00
[2026-02-07T04:55:40.697+0000] {processor.py:183} INFO - Processing /opt/airflow/dags/product_pipeline_dag.py took 0.472 seconds
[2026-02-07T04:56:11.377+0000] {processor.py:161} INFO - Started process (PID=334) to work on /opt/airflow/dags/product_pipeline_dag.py
[2026-02-07T04:56:11.380+0000] {processor.py:830} INFO - Processing file /opt/airflow/dags/product_pipeline_dag.py for tasks to queue
[2026-02-07T04:56:11.384+0000] {logging_mixin.py:188} INFO - [2026-02-07T04:56:11.383+0000] {dagbag.py:545} INFO - Filling up the DagBag from /opt/airflow/dags/product_pipeline_dag.py
[2026-02-07T04:56:11.438+0000] {processor.py:840} INFO - DAG(s) 'product_price_pipeline' retrieved from /opt/airflow/dags/product_pipeline_dag.py
[2026-02-07T04:56:11.499+0000] {logging_mixin.py:188} INFO - [2026-02-07T04:56:11.499+0000] {dag.py:3089} INFO - Sync 1 DAGs
[2026-02-07T04:56:11.553+0000] {logging_mixin.py:188} INFO - [2026-02-07T04:56:11.552+0000] {dag.py:3947} INFO - Setting next_dagrun for product_price_pipeline to 2026-02-06 21:00:00+00:00, run_after=2026-02-07 21:00:00+00:00
[2026-02-07T04:56:11.591+0000] {processor.py:183} INFO - Processing /opt/airflow/dags/product_pipeline_dag.py took 0.228 seconds
[2026-02-07T04:56:43.462+0000] {processor.py:161} INFO - Started process (PID=339) to work on /opt/airflow/dags/product_pipeline_dag.py
[2026-02-07T04:56:43.465+0000] {processor.py:830} INFO - Processing file /opt/airflow/dags/product_pipeline_dag.py for tasks to queue
[2026-02-07T04:56:43.469+0000] {logging_mixin.py:188} INFO - [2026-02-07T04:56:43.468+0000] {dagbag.py:545} INFO - Filling up the DagBag from /opt/airflow/dags/product_pipeline_dag.py
[2026-02-07T04:56:43.526+0000] {processor.py:840} INFO - DAG(s) 'product_price_pipeline' retrieved from /opt/airflow/dags/product_pipeline_dag.py
[2026-02-07T04:56:43.602+0000] {logging_mixin.py:188} INFO - [2026-02-07T04:56:43.602+0000] {dag.py:3089} INFO - Sync 1 DAGs
[2026-02-07T04:56:43.638+0000] {logging_mixin.py:188} INFO - [2026-02-07T04:56:43.638+0000] {dag.py:3947} INFO - Setting next_dagrun for product_price_pipeline to 2026-02-06 21:00:00+00:00, run_after=2026-02-07 21:00:00+00:00
[2026-02-07T04:56:43.683+0000] {processor.py:183} INFO - Processing /opt/airflow/dags/product_pipeline_dag.py took 0.229 seconds
[2026-02-07T04:57:14.476+0000] {processor.py:161} INFO - Started process (PID=344) to work on /opt/airflow/dags/product_pipeline_dag.py
[2026-02-07T04:57:14.479+0000] {processor.py:830} INFO - Processing file /opt/airflow/dags/product_pipeline_dag.py for tasks to queue
[2026-02-07T04:57:14.498+0000] {logging_mixin.py:188} INFO - [2026-02-07T04:57:14.497+0000] {dagbag.py:545} INFO - Filling up the DagBag from /opt/airflow/dags/product_pipeline_dag.py
[2026-02-07T04:57:14.587+0000] {processor.py:840} INFO - DAG(s) 'product_price_pipeline' retrieved from /opt/airflow/dags/product_pipeline_dag.py
[2026-02-07T04:57:14.671+0000] {logging_mixin.py:188} INFO - [2026-02-07T04:57:14.670+0000] {dag.py:3089} INFO - Sync 1 DAGs
[2026-02-07T04:57:14.733+0000] {logging_mixin.py:188} INFO - [2026-02-07T04:57:14.732+0000] {dag.py:3947} INFO - Setting next_dagrun for product_price_pipeline to 2026-02-06 21:00:00+00:00, run_after=2026-02-07 21:00:00+00:00
[2026-02-07T04:57:14.793+0000] {processor.py:183} INFO - Processing /opt/airflow/dags/product_pipeline_dag.py took 0.331 seconds
[2026-02-07T04:57:45.737+0000] {processor.py:161} INFO - Started process (PID=349) to work on /opt/airflow/dags/product_pipeline_dag.py
[2026-02-07T04:57:45.740+0000] {processor.py:830} INFO - Processing file /opt/airflow/dags/product_pipeline_dag.py for tasks to queue
[2026-02-07T04:57:45.745+0000] {logging_mixin.py:188} INFO - [2026-02-07T04:57:45.744+0000] {dagbag.py:545} INFO - Filling up the DagBag from /opt/airflow/dags/product_pipeline_dag.py
[2026-02-07T04:57:45.813+0000] {processor.py:840} INFO - DAG(s) 'product_price_pipeline' retrieved from /opt/airflow/dags/product_pipeline_dag.py
[2026-02-07T04:57:45.884+0000] {logging_mixin.py:188} INFO - [2026-02-07T04:57:45.883+0000] {dag.py:3089} INFO - Sync 1 DAGs
[2026-02-07T04:57:45.933+0000] {logging_mixin.py:188} INFO - [2026-02-07T04:57:45.933+0000] {dag.py:3947} INFO - Setting next_dagrun for product_price_pipeline to 2026-02-06 21:00:00+00:00, run_after=2026-02-07 21:00:00+00:00
[2026-02-07T04:57:45.978+0000] {processor.py:183} INFO - Processing /opt/airflow/dags/product_pipeline_dag.py took 0.253 seconds
[2026-02-07T04:58:17.491+0000] {processor.py:161} INFO - Started process (PID=354) to work on /opt/airflow/dags/product_pipeline_dag.py
[2026-02-07T04:58:17.494+0000] {processor.py:830} INFO - Processing file /opt/airflow/dags/product_pipeline_dag.py for tasks to queue
[2026-02-07T04:58:17.499+0000] {logging_mixin.py:188} INFO - [2026-02-07T04:58:17.498+0000] {dagbag.py:545} INFO - Filling up the DagBag from /opt/airflow/dags/product_pipeline_dag.py
[2026-02-07T04:58:17.602+0000] {processor.py:840} INFO - DAG(s) 'product_price_pipeline' retrieved from /opt/airflow/dags/product_pipeline_dag.py
[2026-02-07T04:58:17.695+0000] {logging_mixin.py:188} INFO - [2026-02-07T04:58:17.694+0000] {dag.py:3089} INFO - Sync 1 DAGs
[2026-02-07T04:58:17.782+0000] {logging_mixin.py:188} INFO - [2026-02-07T04:58:17.781+0000] {dag.py:3947} INFO - Setting next_dagrun for product_price_pipeline to 2026-02-06 21:00:00+00:00, run_after=2026-02-07 21:00:00+00:00
[2026-02-07T04:58:17.849+0000] {processor.py:183} INFO - Processing /opt/airflow/dags/product_pipeline_dag.py took 0.378 seconds
[2026-02-07T04:58:49.469+0000] {processor.py:161} INFO - Started process (PID=362) to work on /opt/airflow/dags/product_pipeline_dag.py
[2026-02-07T04:58:49.473+0000] {processor.py:830} INFO - Processing file /opt/airflow/dags/product_pipeline_dag.py for tasks to queue
[2026-02-07T04:58:49.477+0000] {logging_mixin.py:188} INFO - [2026-02-07T04:58:49.476+0000] {dagbag.py:545} INFO - Filling up the DagBag from /opt/airflow/dags/product_pipeline_dag.py
[2026-02-07T04:58:49.528+0000] {processor.py:840} INFO - DAG(s) 'product_price_pipeline' retrieved from /opt/airflow/dags/product_pipeline_dag.py
[2026-02-07T04:58:49.582+0000] {logging_mixin.py:188} INFO - [2026-02-07T04:58:49.581+0000] {dag.py:3089} INFO - Sync 1 DAGs
[2026-02-07T04:58:49.636+0000] {logging_mixin.py:188} INFO - [2026-02-07T04:58:49.636+0000] {dag.py:3947} INFO - Setting next_dagrun for product_price_pipeline to 2026-02-06 21:00:00+00:00, run_after=2026-02-07 21:00:00+00:00
[2026-02-07T04:58:49.697+0000] {processor.py:183} INFO - Processing /opt/airflow/dags/product_pipeline_dag.py took 0.240 seconds
[2026-02-07T04:59:20.262+0000] {processor.py:161} INFO - Started process (PID=367) to work on /opt/airflow/dags/product_pipeline_dag.py
[2026-02-07T04:59:20.266+0000] {processor.py:830} INFO - Processing file /opt/airflow/dags/product_pipeline_dag.py for tasks to queue
[2026-02-07T04:59:20.270+0000] {logging_mixin.py:188} INFO - [2026-02-07T04:59:20.269+0000] {dagbag.py:545} INFO - Filling up the DagBag from /opt/airflow/dags/product_pipeline_dag.py
[2026-02-07T04:59:20.338+0000] {processor.py:840} INFO - DAG(s) 'product_price_pipeline' retrieved from /opt/airflow/dags/product_pipeline_dag.py
[2026-02-07T04:59:20.413+0000] {logging_mixin.py:188} INFO - [2026-02-07T04:59:20.413+0000] {dag.py:3089} INFO - Sync 1 DAGs
[2026-02-07T04:59:20.481+0000] {logging_mixin.py:188} INFO - [2026-02-07T04:59:20.481+0000] {dag.py:3947} INFO - Setting next_dagrun for product_price_pipeline to 2026-02-06 21:00:00+00:00, run_after=2026-02-07 21:00:00+00:00
[2026-02-07T04:59:20.547+0000] {processor.py:183} INFO - Processing /opt/airflow/dags/product_pipeline_dag.py took 0.306 seconds
[2026-02-07T04:59:51.444+0000] {processor.py:161} INFO - Started process (PID=372) to work on /opt/airflow/dags/product_pipeline_dag.py
[2026-02-07T04:59:51.450+0000] {processor.py:830} INFO - Processing file /opt/airflow/dags/product_pipeline_dag.py for tasks to queue
[2026-02-07T04:59:51.463+0000] {logging_mixin.py:188} INFO - [2026-02-07T04:59:51.462+0000] {dagbag.py:545} INFO - Filling up the DagBag from /opt/airflow/dags/product_pipeline_dag.py
[2026-02-07T04:59:51.568+0000] {processor.py:840} INFO - DAG(s) 'product_price_pipeline' retrieved from /opt/airflow/dags/product_pipeline_dag.py
[2026-02-07T04:59:51.734+0000] {logging_mixin.py:188} INFO - [2026-02-07T04:59:51.733+0000] {dag.py:3089} INFO - Sync 1 DAGs
[2026-02-07T04:59:51.834+0000] {logging_mixin.py:188} INFO - [2026-02-07T04:59:51.833+0000] {dag.py:3947} INFO - Setting next_dagrun for product_price_pipeline to 2026-02-06 21:00:00+00:00, run_after=2026-02-07 21:00:00+00:00
[2026-02-07T04:59:51.887+0000] {processor.py:183} INFO - Processing /opt/airflow/dags/product_pipeline_dag.py took 0.470 seconds
[2026-02-07T05:00:22.812+0000] {processor.py:161} INFO - Started process (PID=380) to work on /opt/airflow/dags/product_pipeline_dag.py
[2026-02-07T05:00:22.816+0000] {processor.py:830} INFO - Processing file /opt/airflow/dags/product_pipeline_dag.py for tasks to queue
[2026-02-07T05:00:22.833+0000] {logging_mixin.py:188} INFO - [2026-02-07T05:00:22.830+0000] {dagbag.py:545} INFO - Filling up the DagBag from /opt/airflow/dags/product_pipeline_dag.py
[2026-02-07T05:00:22.892+0000] {processor.py:840} INFO - DAG(s) 'product_price_pipeline' retrieved from /opt/airflow/dags/product_pipeline_dag.py
[2026-02-07T05:00:22.970+0000] {logging_mixin.py:188} INFO - [2026-02-07T05:00:22.969+0000] {dag.py:3089} INFO - Sync 1 DAGs
[2026-02-07T05:00:23.033+0000] {logging_mixin.py:188} INFO - [2026-02-07T05:00:23.032+0000] {dag.py:3947} INFO - Setting next_dagrun for product_price_pipeline to 2026-02-06 21:00:00+00:00, run_after=2026-02-07 21:00:00+00:00
[2026-02-07T05:00:23.094+0000] {processor.py:183} INFO - Processing /opt/airflow/dags/product_pipeline_dag.py took 0.297 seconds
[2026-02-07T05:00:54.635+0000] {processor.py:161} INFO - Started process (PID=385) to work on /opt/airflow/dags/product_pipeline_dag.py
[2026-02-07T05:00:54.638+0000] {processor.py:830} INFO - Processing file /opt/airflow/dags/product_pipeline_dag.py for tasks to queue
[2026-02-07T05:00:54.642+0000] {logging_mixin.py:188} INFO - [2026-02-07T05:00:54.641+0000] {dagbag.py:545} INFO - Filling up the DagBag from /opt/airflow/dags/product_pipeline_dag.py
[2026-02-07T05:00:54.687+0000] {processor.py:840} INFO - DAG(s) 'product_price_pipeline' retrieved from /opt/airflow/dags/product_pipeline_dag.py
[2026-02-07T05:00:54.763+0000] {logging_mixin.py:188} INFO - [2026-02-07T05:00:54.762+0000] {dag.py:3089} INFO - Sync 1 DAGs
[2026-02-07T05:00:54.807+0000] {logging_mixin.py:188} INFO - [2026-02-07T05:00:54.806+0000] {dag.py:3947} INFO - Setting next_dagrun for product_price_pipeline to 2026-02-06 21:00:00+00:00, run_after=2026-02-07 21:00:00+00:00
[2026-02-07T05:00:54.844+0000] {processor.py:183} INFO - Processing /opt/airflow/dags/product_pipeline_dag.py took 0.227 seconds
[2026-02-07T05:01:24.988+0000] {processor.py:161} INFO - Started process (PID=390) to work on /opt/airflow/dags/product_pipeline_dag.py
[2026-02-07T05:01:24.992+0000] {processor.py:830} INFO - Processing file /opt/airflow/dags/product_pipeline_dag.py for tasks to queue
[2026-02-07T05:01:24.997+0000] {logging_mixin.py:188} INFO - [2026-02-07T05:01:24.997+0000] {dagbag.py:545} INFO - Filling up the DagBag from /opt/airflow/dags/product_pipeline_dag.py
[2026-02-07T05:01:25.074+0000] {processor.py:840} INFO - DAG(s) 'product_price_pipeline' retrieved from /opt/airflow/dags/product_pipeline_dag.py
[2026-02-07T05:01:25.165+0000] {logging_mixin.py:188} INFO - [2026-02-07T05:01:25.164+0000] {dag.py:3089} INFO - Sync 1 DAGs
[2026-02-07T05:01:25.803+0000] {logging_mixin.py:188} INFO - [2026-02-07T05:01:25.801+0000] {dag.py:3947} INFO - Setting next_dagrun for product_price_pipeline to 2026-02-06 21:00:00+00:00, run_after=2026-02-07 21:00:00+00:00
[2026-02-07T05:01:25.871+0000] {processor.py:183} INFO - Processing /opt/airflow/dags/product_pipeline_dag.py took 0.352 seconds
[2026-02-07T05:01:57.322+0000] {processor.py:161} INFO - Started process (PID=395) to work on /opt/airflow/dags/product_pipeline_dag.py
[2026-02-07T05:01:57.324+0000] {processor.py:830} INFO - Processing file /opt/airflow/dags/product_pipeline_dag.py for tasks to queue
[2026-02-07T05:01:57.328+0000] {logging_mixin.py:188} INFO - [2026-02-07T05:01:57.327+0000] {dagbag.py:545} INFO - Filling up the DagBag from /opt/airflow/dags/product_pipeline_dag.py
[2026-02-07T05:01:57.386+0000] {processor.py:840} INFO - DAG(s) 'product_price_pipeline' retrieved from /opt/airflow/dags/product_pipeline_dag.py
[2026-02-07T05:01:57.450+0000] {logging_mixin.py:188} INFO - [2026-02-07T05:01:57.449+0000] {dag.py:3089} INFO - Sync 1 DAGs
[2026-02-07T05:01:57.485+0000] {logging_mixin.py:188} INFO - [2026-02-07T05:01:57.485+0000] {dag.py:3947} INFO - Setting next_dagrun for product_price_pipeline to 2026-02-06 21:00:00+00:00, run_after=2026-02-07 21:00:00+00:00
[2026-02-07T05:01:57.515+0000] {processor.py:183} INFO - Processing /opt/airflow/dags/product_pipeline_dag.py took 0.201 seconds
[2026-02-07T05:02:28.936+0000] {processor.py:161} INFO - Started process (PID=400) to work on /opt/airflow/dags/product_pipeline_dag.py
[2026-02-07T05:02:28.939+0000] {processor.py:830} INFO - Processing file /opt/airflow/dags/product_pipeline_dag.py for tasks to queue
[2026-02-07T05:02:28.945+0000] {logging_mixin.py:188} INFO - [2026-02-07T05:02:28.944+0000] {dagbag.py:545} INFO - Filling up the DagBag from /opt/airflow/dags/product_pipeline_dag.py
[2026-02-07T05:02:28.986+0000] {processor.py:840} INFO - DAG(s) 'product_price_pipeline' retrieved from /opt/airflow/dags/product_pipeline_dag.py
[2026-02-07T05:02:29.041+0000] {logging_mixin.py:188} INFO - [2026-02-07T05:02:29.041+0000] {dag.py:3089} INFO - Sync 1 DAGs
[2026-02-07T05:02:29.076+0000] {logging_mixin.py:188} INFO - [2026-02-07T05:02:29.076+0000] {dag.py:3947} INFO - Setting next_dagrun for product_price_pipeline to 2026-02-06 21:00:00+00:00, run_after=2026-02-07 21:00:00+00:00
[2026-02-07T05:02:29.111+0000] {processor.py:183} INFO - Processing /opt/airflow/dags/product_pipeline_dag.py took 0.188 seconds
[2026-02-07T05:02:59.402+0000] {processor.py:161} INFO - Started process (PID=405) to work on /opt/airflow/dags/product_pipeline_dag.py
[2026-02-07T05:02:59.404+0000] {processor.py:830} INFO - Processing file /opt/airflow/dags/product_pipeline_dag.py for tasks to queue
[2026-02-07T05:02:59.409+0000] {logging_mixin.py:188} INFO - [2026-02-07T05:02:59.409+0000] {dagbag.py:545} INFO - Filling up the DagBag from /opt/airflow/dags/product_pipeline_dag.py
[2026-02-07T05:02:59.459+0000] {processor.py:840} INFO - DAG(s) 'product_price_pipeline' retrieved from /opt/airflow/dags/product_pipeline_dag.py
[2026-02-07T05:02:59.518+0000] {logging_mixin.py:188} INFO - [2026-02-07T05:02:59.518+0000] {dag.py:3089} INFO - Sync 1 DAGs
[2026-02-07T05:02:59.568+0000] {logging_mixin.py:188} INFO - [2026-02-07T05:02:59.568+0000] {dag.py:3947} INFO - Setting next_dagrun for product_price_pipeline to 2026-02-06 21:00:00+00:00, run_after=2026-02-07 21:00:00+00:00
[2026-02-07T05:02:59.605+0000] {processor.py:183} INFO - Processing /opt/airflow/dags/product_pipeline_dag.py took 0.215 seconds
[2026-02-07T05:03:32.026+0000] {processor.py:161} INFO - Started process (PID=410) to work on /opt/airflow/dags/product_pipeline_dag.py
[2026-02-07T05:03:32.028+0000] {processor.py:830} INFO - Processing file /opt/airflow/dags/product_pipeline_dag.py for tasks to queue
[2026-02-07T05:03:32.031+0000] {logging_mixin.py:188} INFO - [2026-02-07T05:03:32.030+0000] {dagbag.py:545} INFO - Filling up the DagBag from /opt/airflow/dags/product_pipeline_dag.py
[2026-02-07T05:03:32.114+0000] {processor.py:840} INFO - DAG(s) 'product_price_pipeline' retrieved from /opt/airflow/dags/product_pipeline_dag.py
[2026-02-07T05:03:32.312+0000] {logging_mixin.py:188} INFO - [2026-02-07T05:03:32.311+0000] {dag.py:3089} INFO - Sync 1 DAGs
[2026-02-07T05:03:32.382+0000] {logging_mixin.py:188} INFO - [2026-02-07T05:03:32.381+0000] {dag.py:3947} INFO - Setting next_dagrun for product_price_pipeline to 2026-02-06 21:00:00+00:00, run_after=2026-02-07 21:00:00+00:00
[2026-02-07T05:03:32.421+0000] {processor.py:183} INFO - Processing /opt/airflow/dags/product_pipeline_dag.py took 0.408 seconds
[2026-02-07T05:04:03.325+0000] {processor.py:161} INFO - Started process (PID=415) to work on /opt/airflow/dags/product_pipeline_dag.py
[2026-02-07T05:04:03.328+0000] {processor.py:830} INFO - Processing file /opt/airflow/dags/product_pipeline_dag.py for tasks to queue
[2026-02-07T05:04:03.331+0000] {logging_mixin.py:188} INFO - [2026-02-07T05:04:03.331+0000] {dagbag.py:545} INFO - Filling up the DagBag from /opt/airflow/dags/product_pipeline_dag.py
[2026-02-07T05:04:03.395+0000] {processor.py:840} INFO - DAG(s) 'product_price_pipeline' retrieved from /opt/airflow/dags/product_pipeline_dag.py
[2026-02-07T05:04:03.456+0000] {logging_mixin.py:188} INFO - [2026-02-07T05:04:03.455+0000] {dag.py:3089} INFO - Sync 1 DAGs
[2026-02-07T05:04:03.537+0000] {logging_mixin.py:188} INFO - [2026-02-07T05:04:03.537+0000] {dag.py:3947} INFO - Setting next_dagrun for product_price_pipeline to 2026-02-06 21:00:00+00:00, run_after=2026-02-07 21:00:00+00:00
[2026-02-07T05:04:03.586+0000] {processor.py:183} INFO - Processing /opt/airflow/dags/product_pipeline_dag.py took 0.272 seconds
[2026-02-07T05:04:34.432+0000] {processor.py:161} INFO - Started process (PID=420) to work on /opt/airflow/dags/product_pipeline_dag.py
[2026-02-07T05:04:34.434+0000] {processor.py:830} INFO - Processing file /opt/airflow/dags/product_pipeline_dag.py for tasks to queue
[2026-02-07T05:04:34.439+0000] {logging_mixin.py:188} INFO - [2026-02-07T05:04:34.438+0000] {dagbag.py:545} INFO - Filling up the DagBag from /opt/airflow/dags/product_pipeline_dag.py
[2026-02-07T05:04:34.511+0000] {processor.py:840} INFO - DAG(s) 'product_price_pipeline' retrieved from /opt/airflow/dags/product_pipeline_dag.py
[2026-02-07T05:04:34.612+0000] {logging_mixin.py:188} INFO - [2026-02-07T05:04:34.611+0000] {dag.py:3089} INFO - Sync 1 DAGs
[2026-02-07T05:04:34.672+0000] {logging_mixin.py:188} INFO - [2026-02-07T05:04:34.671+0000] {dag.py:3947} INFO - Setting next_dagrun for product_price_pipeline to 2026-02-06 21:00:00+00:00, run_after=2026-02-07 21:00:00+00:00
[2026-02-07T05:04:34.722+0000] {processor.py:183} INFO - Processing /opt/airflow/dags/product_pipeline_dag.py took 0.304 seconds
[2026-02-07T05:05:04.862+0000] {processor.py:161} INFO - Started process (PID=428) to work on /opt/airflow/dags/product_pipeline_dag.py
[2026-02-07T05:05:04.865+0000] {processor.py:830} INFO - Processing file /opt/airflow/dags/product_pipeline_dag.py for tasks to queue
[2026-02-07T05:05:04.868+0000] {logging_mixin.py:188} INFO - [2026-02-07T05:05:04.868+0000] {dagbag.py:545} INFO - Filling up the DagBag from /opt/airflow/dags/product_pipeline_dag.py
[2026-02-07T05:05:04.934+0000] {processor.py:840} INFO - DAG(s) 'product_price_pipeline' retrieved from /opt/airflow/dags/product_pipeline_dag.py
[2026-02-07T05:05:05.012+0000] {logging_mixin.py:188} INFO - [2026-02-07T05:05:05.011+0000] {dag.py:3089} INFO - Sync 1 DAGs
[2026-02-07T05:05:05.702+0000] {logging_mixin.py:188} INFO - [2026-02-07T05:05:05.702+0000] {dag.py:3947} INFO - Setting next_dagrun for product_price_pipeline to 2026-02-06 21:00:00+00:00, run_after=2026-02-07 21:00:00+00:00
[2026-02-07T05:05:05.741+0000] {processor.py:183} INFO - Processing /opt/airflow/dags/product_pipeline_dag.py took 0.247 seconds
[2026-02-07T05:05:37.690+0000] {processor.py:161} INFO - Started process (PID=433) to work on /opt/airflow/dags/product_pipeline_dag.py
[2026-02-07T05:05:37.694+0000] {processor.py:830} INFO - Processing file /opt/airflow/dags/product_pipeline_dag.py for tasks to queue
[2026-02-07T05:05:37.703+0000] {logging_mixin.py:188} INFO - [2026-02-07T05:05:37.701+0000] {dagbag.py:545} INFO - Filling up the DagBag from /opt/airflow/dags/product_pipeline_dag.py
[2026-02-07T05:05:37.895+0000] {processor.py:840} INFO - DAG(s) 'product_price_pipeline' retrieved from /opt/airflow/dags/product_pipeline_dag.py
[2026-02-07T05:05:38.068+0000] {logging_mixin.py:188} INFO - [2026-02-07T05:05:38.068+0000] {dag.py:3089} INFO - Sync 1 DAGs
[2026-02-07T05:05:38.168+0000] {logging_mixin.py:188} INFO - [2026-02-07T05:05:38.168+0000] {dag.py:3947} INFO - Setting next_dagrun for product_price_pipeline to 2026-02-06 21:00:00+00:00, run_after=2026-02-07 21:00:00+00:00
[2026-02-07T05:05:38.234+0000] {processor.py:183} INFO - Processing /opt/airflow/dags/product_pipeline_dag.py took 0.619 seconds
[2026-02-07T05:06:08.932+0000] {processor.py:161} INFO - Started process (PID=438) to work on /opt/airflow/dags/product_pipeline_dag.py
[2026-02-07T05:06:08.934+0000] {processor.py:830} INFO - Processing file /opt/airflow/dags/product_pipeline_dag.py for tasks to queue
[2026-02-07T05:06:08.939+0000] {logging_mixin.py:188} INFO - [2026-02-07T05:06:08.938+0000] {dagbag.py:545} INFO - Filling up the DagBag from /opt/airflow/dags/product_pipeline_dag.py
[2026-02-07T05:06:09.000+0000] {processor.py:840} INFO - DAG(s) 'product_price_pipeline' retrieved from /opt/airflow/dags/product_pipeline_dag.py
[2026-02-07T05:06:09.078+0000] {logging_mixin.py:188} INFO - [2026-02-07T05:06:09.077+0000] {dag.py:3089} INFO - Sync 1 DAGs
[2026-02-07T05:06:09.130+0000] {logging_mixin.py:188} INFO - [2026-02-07T05:06:09.130+0000] {dag.py:3947} INFO - Setting next_dagrun for product_price_pipeline to 2026-02-06 21:00:00+00:00, run_after=2026-02-07 21:00:00+00:00
[2026-02-07T05:06:09.181+0000] {processor.py:183} INFO - Processing /opt/airflow/dags/product_pipeline_dag.py took 0.260 seconds
[2026-02-07T05:06:39.365+0000] {processor.py:161} INFO - Started process (PID=443) to work on /opt/airflow/dags/product_pipeline_dag.py
[2026-02-07T05:06:39.368+0000] {processor.py:830} INFO - Processing file /opt/airflow/dags/product_pipeline_dag.py for tasks to queue
[2026-02-07T05:06:39.372+0000] {logging_mixin.py:188} INFO - [2026-02-07T05:06:39.372+0000] {dagbag.py:545} INFO - Filling up the DagBag from /opt/airflow/dags/product_pipeline_dag.py
[2026-02-07T05:06:40.057+0000] {processor.py:840} INFO - DAG(s) 'product_price_pipeline' retrieved from /opt/airflow/dags/product_pipeline_dag.py
[2026-02-07T05:06:40.140+0000] {logging_mixin.py:188} INFO - [2026-02-07T05:06:40.139+0000] {dag.py:3089} INFO - Sync 1 DAGs
[2026-02-07T05:06:40.216+0000] {logging_mixin.py:188} INFO - [2026-02-07T05:06:40.216+0000] {dag.py:3947} INFO - Setting next_dagrun for product_price_pipeline to 2026-02-06 21:00:00+00:00, run_after=2026-02-07 21:00:00+00:00
[2026-02-07T05:06:40.265+0000] {processor.py:183} INFO - Processing /opt/airflow/dags/product_pipeline_dag.py took 0.318 seconds
[2026-02-07T05:07:11.745+0000] {processor.py:161} INFO - Started process (PID=448) to work on /opt/airflow/dags/product_pipeline_dag.py
[2026-02-07T05:07:11.747+0000] {processor.py:830} INFO - Processing file /opt/airflow/dags/product_pipeline_dag.py for tasks to queue
[2026-02-07T05:07:11.751+0000] {logging_mixin.py:188} INFO - [2026-02-07T05:07:11.750+0000] {dagbag.py:545} INFO - Filling up the DagBag from /opt/airflow/dags/product_pipeline_dag.py
[2026-02-07T05:07:11.813+0000] {processor.py:840} INFO - DAG(s) 'product_price_pipeline' retrieved from /opt/airflow/dags/product_pipeline_dag.py
[2026-02-07T05:07:11.943+0000] {logging_mixin.py:188} INFO - [2026-02-07T05:07:11.942+0000] {dag.py:3089} INFO - Sync 1 DAGs
[2026-02-07T05:07:12.012+0000] {logging_mixin.py:188} INFO - [2026-02-07T05:07:12.012+0000] {dag.py:3947} INFO - Setting next_dagrun for product_price_pipeline to 2026-02-06 21:00:00+00:00, run_after=2026-02-07 21:00:00+00:00
[2026-02-07T05:07:12.066+0000] {processor.py:183} INFO - Processing /opt/airflow/dags/product_pipeline_dag.py took 0.332 seconds
[2026-02-07T05:07:43.639+0000] {processor.py:161} INFO - Started process (PID=453) to work on /opt/airflow/dags/product_pipeline_dag.py
[2026-02-07T05:07:43.642+0000] {processor.py:830} INFO - Processing file /opt/airflow/dags/product_pipeline_dag.py for tasks to queue
[2026-02-07T05:07:43.647+0000] {logging_mixin.py:188} INFO - [2026-02-07T05:07:43.646+0000] {dagbag.py:545} INFO - Filling up the DagBag from /opt/airflow/dags/product_pipeline_dag.py
[2026-02-07T05:07:43.705+0000] {processor.py:840} INFO - DAG(s) 'product_price_pipeline' retrieved from /opt/airflow/dags/product_pipeline_dag.py
[2026-02-07T05:07:43.774+0000] {logging_mixin.py:188} INFO - [2026-02-07T05:07:43.774+0000] {dag.py:3089} INFO - Sync 1 DAGs
[2026-02-07T05:07:43.822+0000] {logging_mixin.py:188} INFO - [2026-02-07T05:07:43.822+0000] {dag.py:3947} INFO - Setting next_dagrun for product_price_pipeline to 2026-02-06 21:00:00+00:00, run_after=2026-02-07 21:00:00+00:00
[2026-02-07T05:07:43.858+0000] {processor.py:183} INFO - Processing /opt/airflow/dags/product_pipeline_dag.py took 0.233 seconds
[2026-02-07T05:08:14.473+0000] {processor.py:161} INFO - Started process (PID=458) to work on /opt/airflow/dags/product_pipeline_dag.py
[2026-02-07T05:08:14.474+0000] {processor.py:830} INFO - Processing file /opt/airflow/dags/product_pipeline_dag.py for tasks to queue
[2026-02-07T05:08:14.477+0000] {logging_mixin.py:188} INFO - [2026-02-07T05:08:14.477+0000] {dagbag.py:545} INFO - Filling up the DagBag from /opt/airflow/dags/product_pipeline_dag.py
[2026-02-07T05:08:14.513+0000] {processor.py:840} INFO - DAG(s) 'product_price_pipeline' retrieved from /opt/airflow/dags/product_pipeline_dag.py
[2026-02-07T05:08:14.558+0000] {logging_mixin.py:188} INFO - [2026-02-07T05:08:14.558+0000] {dag.py:3089} INFO - Sync 1 DAGs
[2026-02-07T05:08:14.592+0000] {logging_mixin.py:188} INFO - [2026-02-07T05:08:14.592+0000] {dag.py:3947} INFO - Setting next_dagrun for product_price_pipeline to 2026-02-06 21:00:00+00:00, run_after=2026-02-07 21:00:00+00:00
[2026-02-07T05:08:14.628+0000] {processor.py:183} INFO - Processing /opt/airflow/dags/product_pipeline_dag.py took 0.164 seconds
[2026-02-07T05:08:46.048+0000] {processor.py:161} INFO - Started process (PID=463) to work on /opt/airflow/dags/product_pipeline_dag.py
[2026-02-07T05:08:46.051+0000] {processor.py:830} INFO - Processing file /opt/airflow/dags/product_pipeline_dag.py for tasks to queue
[2026-02-07T05:08:46.054+0000] {logging_mixin.py:188} INFO - [2026-02-07T05:08:46.053+0000] {dagbag.py:545} INFO - Filling up the DagBag from /opt/airflow/dags/product_pipeline_dag.py
[2026-02-07T05:08:46.101+0000] {processor.py:840} INFO - DAG(s) 'product_price_pipeline' retrieved from /opt/airflow/dags/product_pipeline_dag.py
[2026-02-07T05:08:46.168+0000] {logging_mixin.py:188} INFO - [2026-02-07T05:08:46.167+0000] {dag.py:3089} INFO - Sync 1 DAGs
[2026-02-07T05:08:46.232+0000] {logging_mixin.py:188} INFO - [2026-02-07T05:08:46.232+0000] {dag.py:3947} INFO - Setting next_dagrun for product_price_pipeline to 2026-02-06 21:00:00+00:00, run_after=2026-02-07 21:00:00+00:00
[2026-02-07T05:08:46.362+0000] {processor.py:183} INFO - Processing /opt/airflow/dags/product_pipeline_dag.py took 0.324 seconds
[2026-02-07T05:09:17.142+0000] {processor.py:161} INFO - Started process (PID=468) to work on /opt/airflow/dags/product_pipeline_dag.py
[2026-02-07T05:09:17.145+0000] {processor.py:830} INFO - Processing file /opt/airflow/dags/product_pipeline_dag.py for tasks to queue
[2026-02-07T05:09:17.149+0000] {logging_mixin.py:188} INFO - [2026-02-07T05:09:17.149+0000] {dagbag.py:545} INFO - Filling up the DagBag from /opt/airflow/dags/product_pipeline_dag.py
[2026-02-07T05:09:17.204+0000] {processor.py:840} INFO - DAG(s) 'product_price_pipeline' retrieved from /opt/airflow/dags/product_pipeline_dag.py
[2026-02-07T05:09:17.246+0000] {logging_mixin.py:188} INFO - [2026-02-07T05:09:17.246+0000] {dag.py:3089} INFO - Sync 1 DAGs
[2026-02-07T05:09:17.279+0000] {logging_mixin.py:188} INFO - [2026-02-07T05:09:17.279+0000] {dag.py:3947} INFO - Setting next_dagrun for product_price_pipeline to 2026-02-06 21:00:00+00:00, run_after=2026-02-07 21:00:00+00:00
[2026-02-07T05:09:17.308+0000] {processor.py:183} INFO - Processing /opt/airflow/dags/product_pipeline_dag.py took 0.176 seconds
[2026-02-07T05:09:48.296+0000] {processor.py:161} INFO - Started process (PID=473) to work on /opt/airflow/dags/product_pipeline_dag.py
[2026-02-07T05:09:48.300+0000] {processor.py:830} INFO - Processing file /opt/airflow/dags/product_pipeline_dag.py for tasks to queue
[2026-02-07T05:09:48.309+0000] {logging_mixin.py:188} INFO - [2026-02-07T05:09:48.307+0000] {dagbag.py:545} INFO - Filling up the DagBag from /opt/airflow/dags/product_pipeline_dag.py
[2026-02-07T05:09:48.398+0000] {processor.py:840} INFO - DAG(s) 'product_price_pipeline' retrieved from /opt/airflow/dags/product_pipeline_dag.py
[2026-02-07T05:09:48.487+0000] {logging_mixin.py:188} INFO - [2026-02-07T05:09:48.487+0000] {dag.py:3089} INFO - Sync 1 DAGs
[2026-02-07T05:09:48.546+0000] {logging_mixin.py:188} INFO - [2026-02-07T05:09:48.545+0000] {dag.py:3947} INFO - Setting next_dagrun for product_price_pipeline to 2026-02-06 21:00:00+00:00, run_after=2026-02-07 21:00:00+00:00
[2026-02-07T05:09:48.595+0000] {processor.py:183} INFO - Processing /opt/airflow/dags/product_pipeline_dag.py took 0.312 seconds
[2026-02-07T05:10:19.193+0000] {processor.py:161} INFO - Started process (PID=478) to work on /opt/airflow/dags/product_pipeline_dag.py
[2026-02-07T05:10:19.195+0000] {processor.py:830} INFO - Processing file /opt/airflow/dags/product_pipeline_dag.py for tasks to queue
[2026-02-07T05:10:19.198+0000] {logging_mixin.py:188} INFO - [2026-02-07T05:10:19.198+0000] {dagbag.py:545} INFO - Filling up the DagBag from /opt/airflow/dags/product_pipeline_dag.py
[2026-02-07T05:10:19.863+0000] {processor.py:840} INFO - DAG(s) 'product_price_pipeline' retrieved from /opt/airflow/dags/product_pipeline_dag.py
[2026-02-07T05:10:19.933+0000] {logging_mixin.py:188} INFO - [2026-02-07T05:10:19.933+0000] {dag.py:3089} INFO - Sync 1 DAGs
[2026-02-07T05:10:19.968+0000] {logging_mixin.py:188} INFO - [2026-02-07T05:10:19.967+0000] {dag.py:3947} INFO - Setting next_dagrun for product_price_pipeline to 2026-02-05 21:00:00+00:00, run_after=2026-02-06 21:00:00+00:00
[2026-02-07T05:10:20.049+0000] {processor.py:183} INFO - Processing /opt/airflow/dags/product_pipeline_dag.py took 0.267 seconds
[2026-02-07T05:10:51.924+0000] {processor.py:161} INFO - Started process (PID=489) to work on /opt/airflow/dags/product_pipeline_dag.py
[2026-02-07T05:10:51.932+0000] {processor.py:830} INFO - Processing file /opt/airflow/dags/product_pipeline_dag.py for tasks to queue
[2026-02-07T05:10:51.975+0000] {logging_mixin.py:188} INFO - [2026-02-07T05:10:51.964+0000] {dagbag.py:545} INFO - Filling up the DagBag from /opt/airflow/dags/product_pipeline_dag.py
[2026-02-07T05:10:52.206+0000] {processor.py:840} INFO - DAG(s) 'product_price_pipeline' retrieved from /opt/airflow/dags/product_pipeline_dag.py
[2026-02-07T05:10:52.642+0000] {logging_mixin.py:188} INFO - [2026-02-07T05:10:52.641+0000] {dag.py:3089} INFO - Sync 1 DAGs
[2026-02-07T05:10:52.920+0000] {logging_mixin.py:188} INFO - [2026-02-07T05:10:52.915+0000] {dag.py:3947} INFO - Setting next_dagrun for product_price_pipeline to 2026-02-06 21:00:00+00:00, run_after=2026-02-07 21:00:00+00:00
[2026-02-07T05:10:53.171+0000] {processor.py:183} INFO - Processing /opt/airflow/dags/product_pipeline_dag.py took 1.287 seconds
[2026-02-07T05:11:23.743+0000] {processor.py:161} INFO - Started process (PID=494) to work on /opt/airflow/dags/product_pipeline_dag.py
[2026-02-07T05:11:23.745+0000] {processor.py:830} INFO - Processing file /opt/airflow/dags/product_pipeline_dag.py for tasks to queue
[2026-02-07T05:11:23.748+0000] {logging_mixin.py:188} INFO - [2026-02-07T05:11:23.748+0000] {dagbag.py:545} INFO - Filling up the DagBag from /opt/airflow/dags/product_pipeline_dag.py
[2026-02-07T05:11:23.944+0000] {processor.py:840} INFO - DAG(s) 'product_price_pipeline' retrieved from /opt/airflow/dags/product_pipeline_dag.py
[2026-02-07T05:11:24.156+0000] {logging_mixin.py:188} INFO - [2026-02-07T05:11:24.155+0000] {dag.py:3089} INFO - Sync 1 DAGs
[2026-02-07T05:11:24.310+0000] {logging_mixin.py:188} INFO - [2026-02-07T05:11:24.309+0000] {dag.py:3947} INFO - Setting next_dagrun for product_price_pipeline to 2026-02-06 21:00:00+00:00, run_after=2026-02-07 21:00:00+00:00
[2026-02-07T05:11:24.395+0000] {processor.py:183} INFO - Processing /opt/airflow/dags/product_pipeline_dag.py took 0.692 seconds
[2026-02-07T05:11:54.654+0000] {processor.py:161} INFO - Started process (PID=505) to work on /opt/airflow/dags/product_pipeline_dag.py
[2026-02-07T05:11:54.657+0000] {processor.py:830} INFO - Processing file /opt/airflow/dags/product_pipeline_dag.py for tasks to queue
[2026-02-07T05:11:54.663+0000] {logging_mixin.py:188} INFO - [2026-02-07T05:11:54.661+0000] {dagbag.py:545} INFO - Filling up the DagBag from /opt/airflow/dags/product_pipeline_dag.py
[2026-02-07T05:11:54.752+0000] {processor.py:840} INFO - DAG(s) 'product_price_pipeline' retrieved from /opt/airflow/dags/product_pipeline_dag.py
[2026-02-07T05:11:54.826+0000] {logging_mixin.py:188} INFO - [2026-02-07T05:11:54.826+0000] {dag.py:3089} INFO - Sync 1 DAGs
[2026-02-07T05:11:54.904+0000] {logging_mixin.py:188} INFO - [2026-02-07T05:11:54.903+0000] {dag.py:3947} INFO - Setting next_dagrun for product_price_pipeline to 2026-02-06 21:00:00+00:00, run_after=2026-02-07 21:00:00+00:00
[2026-02-07T05:11:54.941+0000] {processor.py:183} INFO - Processing /opt/airflow/dags/product_pipeline_dag.py took 0.303 seconds
[2026-02-07T05:12:25.790+0000] {processor.py:161} INFO - Started process (PID=510) to work on /opt/airflow/dags/product_pipeline_dag.py
[2026-02-07T05:12:25.793+0000] {processor.py:830} INFO - Processing file /opt/airflow/dags/product_pipeline_dag.py for tasks to queue
[2026-02-07T05:12:25.796+0000] {logging_mixin.py:188} INFO - [2026-02-07T05:12:25.796+0000] {dagbag.py:545} INFO - Filling up the DagBag from /opt/airflow/dags/product_pipeline_dag.py
[2026-02-07T05:12:25.845+0000] {processor.py:840} INFO - DAG(s) 'product_price_pipeline' retrieved from /opt/airflow/dags/product_pipeline_dag.py
[2026-02-07T05:12:25.894+0000] {logging_mixin.py:188} INFO - [2026-02-07T05:12:25.894+0000] {dag.py:3089} INFO - Sync 1 DAGs
[2026-02-07T05:12:25.928+0000] {logging_mixin.py:188} INFO - [2026-02-07T05:12:25.928+0000] {dag.py:3947} INFO - Setting next_dagrun for product_price_pipeline to 2026-02-06 21:00:00+00:00, run_after=2026-02-07 21:00:00+00:00
[2026-02-07T05:12:25.961+0000] {processor.py:183} INFO - Processing /opt/airflow/dags/product_pipeline_dag.py took 0.182 seconds
[2026-02-07T05:12:56.087+0000] {processor.py:161} INFO - Started process (PID=515) to work on /opt/airflow/dags/product_pipeline_dag.py
[2026-02-07T05:12:56.089+0000] {processor.py:830} INFO - Processing file /opt/airflow/dags/product_pipeline_dag.py for tasks to queue
[2026-02-07T05:12:56.093+0000] {logging_mixin.py:188} INFO - [2026-02-07T05:12:56.092+0000] {dagbag.py:545} INFO - Filling up the DagBag from /opt/airflow/dags/product_pipeline_dag.py
[2026-02-07T05:12:56.155+0000] {processor.py:840} INFO - DAG(s) 'product_price_pipeline' retrieved from /opt/airflow/dags/product_pipeline_dag.py
[2026-02-07T05:12:56.865+0000] {logging_mixin.py:188} INFO - [2026-02-07T05:12:56.865+0000] {dag.py:3089} INFO - Sync 1 DAGs
[2026-02-07T05:12:56.899+0000] {logging_mixin.py:188} INFO - [2026-02-07T05:12:56.899+0000] {dag.py:3947} INFO - Setting next_dagrun for product_price_pipeline to 2026-02-06 21:00:00+00:00, run_after=2026-02-07 21:00:00+00:00
[2026-02-07T05:12:56.935+0000] {processor.py:183} INFO - Processing /opt/airflow/dags/product_pipeline_dag.py took 0.204 seconds
[2026-02-07T05:13:30.061+0000] {processor.py:161} INFO - Started process (PID=520) to work on /opt/airflow/dags/product_pipeline_dag.py
[2026-02-07T05:13:30.064+0000] {processor.py:830} INFO - Processing file /opt/airflow/dags/product_pipeline_dag.py for tasks to queue
[2026-02-07T05:13:30.069+0000] {logging_mixin.py:188} INFO - [2026-02-07T05:13:30.068+0000] {dagbag.py:545} INFO - Filling up the DagBag from /opt/airflow/dags/product_pipeline_dag.py
[2026-02-07T05:13:30.156+0000] {processor.py:840} INFO - DAG(s) 'product_price_pipeline' retrieved from /opt/airflow/dags/product_pipeline_dag.py
[2026-02-07T05:13:30.207+0000] {logging_mixin.py:188} INFO - [2026-02-07T05:13:30.207+0000] {dag.py:3089} INFO - Sync 1 DAGs
[2026-02-07T05:13:30.246+0000] {logging_mixin.py:188} INFO - [2026-02-07T05:13:30.245+0000] {dag.py:3947} INFO - Setting next_dagrun for product_price_pipeline to 2026-02-06 21:00:00+00:00, run_after=2026-02-07 21:00:00+00:00
[2026-02-07T05:13:30.284+0000] {processor.py:183} INFO - Processing /opt/airflow/dags/product_pipeline_dag.py took 0.238 seconds
[2026-02-07T05:14:00.774+0000] {processor.py:161} INFO - Started process (PID=525) to work on /opt/airflow/dags/product_pipeline_dag.py
[2026-02-07T05:14:00.776+0000] {processor.py:830} INFO - Processing file /opt/airflow/dags/product_pipeline_dag.py for tasks to queue
[2026-02-07T05:14:00.780+0000] {logging_mixin.py:188} INFO - [2026-02-07T05:14:00.780+0000] {dagbag.py:545} INFO - Filling up the DagBag from /opt/airflow/dags/product_pipeline_dag.py
[2026-02-07T05:14:00.863+0000] {processor.py:840} INFO - DAG(s) 'product_price_pipeline' retrieved from /opt/airflow/dags/product_pipeline_dag.py
[2026-02-07T05:14:00.934+0000] {logging_mixin.py:188} INFO - [2026-02-07T05:14:00.934+0000] {dag.py:3089} INFO - Sync 1 DAGs
[2026-02-07T05:14:00.970+0000] {logging_mixin.py:188} INFO - [2026-02-07T05:14:00.969+0000] {dag.py:3947} INFO - Setting next_dagrun for product_price_pipeline to 2026-02-06 21:00:00+00:00, run_after=2026-02-07 21:00:00+00:00
[2026-02-07T05:14:01.005+0000] {processor.py:183} INFO - Processing /opt/airflow/dags/product_pipeline_dag.py took 0.246 seconds
[2026-02-07T05:14:31.653+0000] {processor.py:161} INFO - Started process (PID=530) to work on /opt/airflow/dags/product_pipeline_dag.py
[2026-02-07T05:14:31.655+0000] {processor.py:830} INFO - Processing file /opt/airflow/dags/product_pipeline_dag.py for tasks to queue
[2026-02-07T05:14:31.659+0000] {logging_mixin.py:188} INFO - [2026-02-07T05:14:31.658+0000] {dagbag.py:545} INFO - Filling up the DagBag from /opt/airflow/dags/product_pipeline_dag.py
[2026-02-07T05:14:31.735+0000] {processor.py:840} INFO - DAG(s) 'product_price_pipeline' retrieved from /opt/airflow/dags/product_pipeline_dag.py
[2026-02-07T05:14:31.784+0000] {logging_mixin.py:188} INFO - [2026-02-07T05:14:31.784+0000] {dag.py:3089} INFO - Sync 1 DAGs
[2026-02-07T05:14:31.822+0000] {logging_mixin.py:188} INFO - [2026-02-07T05:14:31.821+0000] {dag.py:3947} INFO - Setting next_dagrun for product_price_pipeline to 2026-02-06 21:00:00+00:00, run_after=2026-02-07 21:00:00+00:00
[2026-02-07T05:14:31.866+0000] {processor.py:183} INFO - Processing /opt/airflow/dags/product_pipeline_dag.py took 0.222 seconds
[2026-02-07T05:15:02.451+0000] {processor.py:161} INFO - Started process (PID=535) to work on /opt/airflow/dags/product_pipeline_dag.py
[2026-02-07T05:15:02.454+0000] {processor.py:830} INFO - Processing file /opt/airflow/dags/product_pipeline_dag.py for tasks to queue
[2026-02-07T05:15:02.457+0000] {logging_mixin.py:188} INFO - [2026-02-07T05:15:02.456+0000] {dagbag.py:545} INFO - Filling up the DagBag from /opt/airflow/dags/product_pipeline_dag.py
[2026-02-07T05:15:02.514+0000] {processor.py:840} INFO - DAG(s) 'product_price_pipeline' retrieved from /opt/airflow/dags/product_pipeline_dag.py
[2026-02-07T05:15:02.559+0000] {logging_mixin.py:188} INFO - [2026-02-07T05:15:02.559+0000] {dag.py:3089} INFO - Sync 1 DAGs
[2026-02-07T05:15:02.592+0000] {logging_mixin.py:188} INFO - [2026-02-07T05:15:02.591+0000] {dag.py:3947} INFO - Setting next_dagrun for product_price_pipeline to 2026-02-06 21:00:00+00:00, run_after=2026-02-07 21:00:00+00:00
[2026-02-07T05:15:02.631+0000] {processor.py:183} INFO - Processing /opt/airflow/dags/product_pipeline_dag.py took 0.192 seconds
[2026-02-07T05:15:34.310+0000] {processor.py:161} INFO - Started process (PID=540) to work on /opt/airflow/dags/product_pipeline_dag.py
[2026-02-07T05:15:34.312+0000] {processor.py:830} INFO - Processing file /opt/airflow/dags/product_pipeline_dag.py for tasks to queue
[2026-02-07T05:15:34.315+0000] {logging_mixin.py:188} INFO - [2026-02-07T05:15:34.315+0000] {dagbag.py:545} INFO - Filling up the DagBag from /opt/airflow/dags/product_pipeline_dag.py
[2026-02-07T05:15:34.368+0000] {processor.py:840} INFO - DAG(s) 'product_price_pipeline' retrieved from /opt/airflow/dags/product_pipeline_dag.py
[2026-02-07T05:15:34.406+0000] {logging_mixin.py:188} INFO - [2026-02-07T05:15:34.405+0000] {dag.py:3089} INFO - Sync 1 DAGs
[2026-02-07T05:15:34.437+0000] {logging_mixin.py:188} INFO - [2026-02-07T05:15:34.437+0000] {dag.py:3947} INFO - Setting next_dagrun for product_price_pipeline to 2026-02-06 21:00:00+00:00, run_after=2026-02-07 21:00:00+00:00
[2026-02-07T05:15:34.472+0000] {processor.py:183} INFO - Processing /opt/airflow/dags/product_pipeline_dag.py took 0.172 seconds
[2026-02-07T05:16:05.157+0000] {processor.py:161} INFO - Started process (PID=545) to work on /opt/airflow/dags/product_pipeline_dag.py
[2026-02-07T05:16:05.159+0000] {processor.py:830} INFO - Processing file /opt/airflow/dags/product_pipeline_dag.py for tasks to queue
[2026-02-07T05:16:05.163+0000] {logging_mixin.py:188} INFO - [2026-02-07T05:16:05.162+0000] {dagbag.py:545} INFO - Filling up the DagBag from /opt/airflow/dags/product_pipeline_dag.py
[2026-02-07T05:16:05.217+0000] {processor.py:840} INFO - DAG(s) 'product_price_pipeline' retrieved from /opt/airflow/dags/product_pipeline_dag.py
[2026-02-07T05:16:05.257+0000] {logging_mixin.py:188} INFO - [2026-02-07T05:16:05.257+0000] {dag.py:3089} INFO - Sync 1 DAGs
[2026-02-07T05:16:05.293+0000] {logging_mixin.py:188} INFO - [2026-02-07T05:16:05.292+0000] {dag.py:3947} INFO - Setting next_dagrun for product_price_pipeline to 2026-02-06 21:00:00+00:00, run_after=2026-02-07 21:00:00+00:00
[2026-02-07T05:16:05.320+0000] {processor.py:183} INFO - Processing /opt/airflow/dags/product_pipeline_dag.py took 0.175 seconds
[2026-02-07T05:16:36.844+0000] {processor.py:161} INFO - Started process (PID=556) to work on /opt/airflow/dags/product_pipeline_dag.py
[2026-02-07T05:16:36.846+0000] {processor.py:830} INFO - Processing file /opt/airflow/dags/product_pipeline_dag.py for tasks to queue
[2026-02-07T05:16:36.849+0000] {logging_mixin.py:188} INFO - [2026-02-07T05:16:36.848+0000] {dagbag.py:545} INFO - Filling up the DagBag from /opt/airflow/dags/product_pipeline_dag.py
[2026-02-07T05:16:36.900+0000] {processor.py:840} INFO - DAG(s) 'product_price_pipeline' retrieved from /opt/airflow/dags/product_pipeline_dag.py
[2026-02-07T05:16:36.952+0000] {logging_mixin.py:188} INFO - [2026-02-07T05:16:36.951+0000] {dag.py:3089} INFO - Sync 1 DAGs
[2026-02-07T05:16:36.986+0000] {logging_mixin.py:188} INFO - [2026-02-07T05:16:36.985+0000] {dag.py:3947} INFO - Setting next_dagrun for product_price_pipeline to 2026-02-06 21:00:00+00:00, run_after=2026-02-07 21:00:00+00:00
[2026-02-07T05:16:37.034+0000] {processor.py:183} INFO - Processing /opt/airflow/dags/product_pipeline_dag.py took 0.198 seconds
[2026-02-07T05:17:07.232+0000] {processor.py:161} INFO - Started process (PID=561) to work on /opt/airflow/dags/product_pipeline_dag.py
[2026-02-07T05:17:07.235+0000] {processor.py:830} INFO - Processing file /opt/airflow/dags/product_pipeline_dag.py for tasks to queue
[2026-02-07T05:17:07.240+0000] {logging_mixin.py:188} INFO - [2026-02-07T05:17:07.239+0000] {dagbag.py:545} INFO - Filling up the DagBag from /opt/airflow/dags/product_pipeline_dag.py
[2026-02-07T05:17:07.942+0000] {processor.py:840} INFO - DAG(s) 'product_price_pipeline' retrieved from /opt/airflow/dags/product_pipeline_dag.py
[2026-02-07T05:17:07.989+0000] {logging_mixin.py:188} INFO - [2026-02-07T05:17:07.989+0000] {dag.py:3089} INFO - Sync 1 DAGs
[2026-02-07T05:17:08.023+0000] {logging_mixin.py:188} INFO - [2026-02-07T05:17:08.023+0000] {dag.py:3947} INFO - Setting next_dagrun for product_price_pipeline to 2026-02-06 21:00:00+00:00, run_after=2026-02-07 21:00:00+00:00
[2026-02-07T05:17:08.060+0000] {processor.py:183} INFO - Processing /opt/airflow/dags/product_pipeline_dag.py took 0.202 seconds
[2026-02-07T05:17:39.627+0000] {processor.py:161} INFO - Started process (PID=566) to work on /opt/airflow/dags/product_pipeline_dag.py
[2026-02-07T05:17:39.629+0000] {processor.py:830} INFO - Processing file /opt/airflow/dags/product_pipeline_dag.py for tasks to queue
[2026-02-07T05:17:39.633+0000] {logging_mixin.py:188} INFO - [2026-02-07T05:17:39.632+0000] {dagbag.py:545} INFO - Filling up the DagBag from /opt/airflow/dags/product_pipeline_dag.py
[2026-02-07T05:17:39.699+0000] {processor.py:840} INFO - DAG(s) 'product_price_pipeline' retrieved from /opt/airflow/dags/product_pipeline_dag.py
[2026-02-07T05:17:39.767+0000] {logging_mixin.py:188} INFO - [2026-02-07T05:17:39.766+0000] {dag.py:3089} INFO - Sync 1 DAGs
[2026-02-07T05:17:39.806+0000] {logging_mixin.py:188} INFO - [2026-02-07T05:17:39.805+0000] {dag.py:3947} INFO - Setting next_dagrun for product_price_pipeline to 2026-02-06 21:00:00+00:00, run_after=2026-02-07 21:00:00+00:00
[2026-02-07T05:17:39.843+0000] {processor.py:183} INFO - Processing /opt/airflow/dags/product_pipeline_dag.py took 0.226 seconds
[2026-02-07T05:18:11.369+0000] {processor.py:161} INFO - Started process (PID=571) to work on /opt/airflow/dags/product_pipeline_dag.py
[2026-02-07T05:18:11.372+0000] {processor.py:830} INFO - Processing file /opt/airflow/dags/product_pipeline_dag.py for tasks to queue
[2026-02-07T05:18:11.376+0000] {logging_mixin.py:188} INFO - [2026-02-07T05:18:11.375+0000] {dagbag.py:545} INFO - Filling up the DagBag from /opt/airflow/dags/product_pipeline_dag.py
[2026-02-07T05:18:11.441+0000] {processor.py:840} INFO - DAG(s) 'product_price_pipeline' retrieved from /opt/airflow/dags/product_pipeline_dag.py
[2026-02-07T05:18:11.504+0000] {logging_mixin.py:188} INFO - [2026-02-07T05:18:11.503+0000] {dag.py:3089} INFO - Sync 1 DAGs
[2026-02-07T05:18:11.565+0000] {logging_mixin.py:188} INFO - [2026-02-07T05:18:11.565+0000] {dag.py:3947} INFO - Setting next_dagrun for product_price_pipeline to 2026-02-06 21:00:00+00:00, run_after=2026-02-07 21:00:00+00:00
[2026-02-07T05:18:11.623+0000] {processor.py:183} INFO - Processing /opt/airflow/dags/product_pipeline_dag.py took 0.264 seconds
[2026-02-07T05:18:42.124+0000] {processor.py:161} INFO - Started process (PID=576) to work on /opt/airflow/dags/product_pipeline_dag.py
[2026-02-07T05:18:42.126+0000] {processor.py:830} INFO - Processing file /opt/airflow/dags/product_pipeline_dag.py for tasks to queue
[2026-02-07T05:18:42.129+0000] {logging_mixin.py:188} INFO - [2026-02-07T05:18:42.128+0000] {dagbag.py:545} INFO - Filling up the DagBag from /opt/airflow/dags/product_pipeline_dag.py
[2026-02-07T05:18:42.178+0000] {processor.py:840} INFO - DAG(s) 'product_price_pipeline' retrieved from /opt/airflow/dags/product_pipeline_dag.py
[2026-02-07T05:18:42.237+0000] {logging_mixin.py:188} INFO - [2026-02-07T05:18:42.237+0000] {dag.py:3089} INFO - Sync 1 DAGs
[2026-02-07T05:18:42.277+0000] {logging_mixin.py:188} INFO - [2026-02-07T05:18:42.277+0000] {dag.py:3947} INFO - Setting next_dagrun for product_price_pipeline to 2026-02-06 21:00:00+00:00, run_after=2026-02-07 21:00:00+00:00
[2026-02-07T05:18:42.316+0000] {processor.py:183} INFO - Processing /opt/airflow/dags/product_pipeline_dag.py took 0.202 seconds
[2026-02-07T05:19:13.782+0000] {processor.py:161} INFO - Started process (PID=581) to work on /opt/airflow/dags/product_pipeline_dag.py
[2026-02-07T05:19:13.785+0000] {processor.py:830} INFO - Processing file /opt/airflow/dags/product_pipeline_dag.py for tasks to queue
[2026-02-07T05:19:13.788+0000] {logging_mixin.py:188} INFO - [2026-02-07T05:19:13.788+0000] {dagbag.py:545} INFO - Filling up the DagBag from /opt/airflow/dags/product_pipeline_dag.py
[2026-02-07T05:19:13.839+0000] {processor.py:840} INFO - DAG(s) 'product_price_pipeline' retrieved from /opt/airflow/dags/product_pipeline_dag.py
[2026-02-07T05:19:13.912+0000] {logging_mixin.py:188} INFO - [2026-02-07T05:19:13.912+0000] {dag.py:3089} INFO - Sync 1 DAGs
[2026-02-07T05:19:13.965+0000] {logging_mixin.py:188} INFO - [2026-02-07T05:19:13.965+0000] {dag.py:3947} INFO - Setting next_dagrun for product_price_pipeline to 2026-02-06 21:00:00+00:00, run_after=2026-02-07 21:00:00+00:00
[2026-02-07T05:19:14.006+0000] {processor.py:183} INFO - Processing /opt/airflow/dags/product_pipeline_dag.py took 0.236 seconds
[2026-02-07T05:24:11.750+0000] {processor.py:161} INFO - Started process (PID=179) to work on /opt/airflow/dags/product_pipeline_dag.py
[2026-02-07T05:24:11.754+0000] {processor.py:830} INFO - Processing file /opt/airflow/dags/product_pipeline_dag.py for tasks to queue
[2026-02-07T05:24:11.761+0000] {logging_mixin.py:188} INFO - [2026-02-07T05:24:11.760+0000] {dagbag.py:545} INFO - Filling up the DagBag from /opt/airflow/dags/product_pipeline_dag.py
[2026-02-07T05:24:11.872+0000] {processor.py:840} INFO - DAG(s) 'product_price_pipeline' retrieved from /opt/airflow/dags/product_pipeline_dag.py
[2026-02-07T05:24:12.024+0000] {logging_mixin.py:188} INFO - [2026-02-07T05:24:12.022+0000] {dag.py:3089} INFO - Sync 1 DAGs
[2026-02-07T05:24:12.137+0000] {logging_mixin.py:188} INFO - [2026-02-07T05:24:12.136+0000] {dag.py:3947} INFO - Setting next_dagrun for product_price_pipeline to 2026-02-06 21:00:00+00:00, run_after=2026-02-07 21:00:00+00:00
[2026-02-07T05:24:12.256+0000] {processor.py:183} INFO - Processing /opt/airflow/dags/product_pipeline_dag.py took 0.522 seconds
[2026-02-07T05:24:42.439+0000] {processor.py:161} INFO - Started process (PID=197) to work on /opt/airflow/dags/product_pipeline_dag.py
[2026-02-07T05:24:42.445+0000] {processor.py:830} INFO - Processing file /opt/airflow/dags/product_pipeline_dag.py for tasks to queue
[2026-02-07T05:24:42.454+0000] {logging_mixin.py:188} INFO - [2026-02-07T05:24:42.452+0000] {dagbag.py:545} INFO - Filling up the DagBag from /opt/airflow/dags/product_pipeline_dag.py
[2026-02-07T05:24:42.512+0000] {processor.py:840} INFO - DAG(s) 'product_price_pipeline' retrieved from /opt/airflow/dags/product_pipeline_dag.py
[2026-02-07T05:24:42.791+0000] {logging_mixin.py:188} INFO - [2026-02-07T05:24:42.790+0000] {dag.py:3089} INFO - Sync 1 DAGs
[2026-02-07T05:24:42.845+0000] {logging_mixin.py:188} INFO - [2026-02-07T05:24:42.845+0000] {dag.py:3947} INFO - Setting next_dagrun for product_price_pipeline to 2026-02-06 21:00:00+00:00, run_after=2026-02-07 21:00:00+00:00
[2026-02-07T05:24:42.941+0000] {processor.py:183} INFO - Processing /opt/airflow/dags/product_pipeline_dag.py took 0.517 seconds
[2026-02-07T05:25:13.691+0000] {processor.py:161} INFO - Started process (PID=212) to work on /opt/airflow/dags/product_pipeline_dag.py
[2026-02-07T05:25:13.694+0000] {processor.py:830} INFO - Processing file /opt/airflow/dags/product_pipeline_dag.py for tasks to queue
[2026-02-07T05:25:13.701+0000] {logging_mixin.py:188} INFO - [2026-02-07T05:25:13.699+0000] {dagbag.py:545} INFO - Filling up the DagBag from /opt/airflow/dags/product_pipeline_dag.py
[2026-02-07T05:25:13.770+0000] {processor.py:840} INFO - DAG(s) 'product_price_pipeline' retrieved from /opt/airflow/dags/product_pipeline_dag.py
[2026-02-07T05:25:13.847+0000] {logging_mixin.py:188} INFO - [2026-02-07T05:25:13.847+0000] {dag.py:3089} INFO - Sync 1 DAGs
[2026-02-07T05:25:13.910+0000] {logging_mixin.py:188} INFO - [2026-02-07T05:25:13.910+0000] {dag.py:3947} INFO - Setting next_dagrun for product_price_pipeline to 2026-02-06 21:00:00+00:00, run_after=2026-02-07 21:00:00+00:00
[2026-02-07T05:25:13.950+0000] {processor.py:183} INFO - Processing /opt/airflow/dags/product_pipeline_dag.py took 0.277 seconds
[2026-02-07T05:25:44.516+0000] {processor.py:161} INFO - Started process (PID=218) to work on /opt/airflow/dags/product_pipeline_dag.py
[2026-02-07T05:25:44.671+0000] {processor.py:830} INFO - Processing file /opt/airflow/dags/product_pipeline_dag.py for tasks to queue
[2026-02-07T05:25:44.728+0000] {logging_mixin.py:188} INFO - [2026-02-07T05:25:44.722+0000] {dagbag.py:545} INFO - Filling up the DagBag from /opt/airflow/dags/product_pipeline_dag.py
[2026-02-07T05:25:45.088+0000] {processor.py:840} INFO - DAG(s) 'product_price_pipeline' retrieved from /opt/airflow/dags/product_pipeline_dag.py
[2026-02-07T05:25:45.419+0000] {logging_mixin.py:188} INFO - [2026-02-07T05:25:45.419+0000] {dag.py:3089} INFO - Sync 1 DAGs
[2026-02-07T05:25:45.564+0000] {logging_mixin.py:188} INFO - [2026-02-07T05:25:45.563+0000] {dag.py:3947} INFO - Setting next_dagrun for product_price_pipeline to 2026-02-06 21:00:00+00:00, run_after=2026-02-07 21:00:00+00:00
[2026-02-07T05:25:45.660+0000] {processor.py:183} INFO - Processing /opt/airflow/dags/product_pipeline_dag.py took 1.188 seconds
[2026-02-07T05:26:15.964+0000] {processor.py:161} INFO - Started process (PID=223) to work on /opt/airflow/dags/product_pipeline_dag.py
[2026-02-07T05:26:15.975+0000] {processor.py:830} INFO - Processing file /opt/airflow/dags/product_pipeline_dag.py for tasks to queue
[2026-02-07T05:26:15.982+0000] {logging_mixin.py:188} INFO - [2026-02-07T05:26:15.980+0000] {dagbag.py:545} INFO - Filling up the DagBag from /opt/airflow/dags/product_pipeline_dag.py
[2026-02-07T05:26:16.077+0000] {processor.py:840} INFO - DAG(s) 'product_price_pipeline' retrieved from /opt/airflow/dags/product_pipeline_dag.py
[2026-02-07T05:26:16.152+0000] {logging_mixin.py:188} INFO - [2026-02-07T05:26:16.152+0000] {dag.py:3089} INFO - Sync 1 DAGs
[2026-02-07T05:26:16.211+0000] {logging_mixin.py:188} INFO - [2026-02-07T05:26:16.210+0000] {dag.py:3947} INFO - Setting next_dagrun for product_price_pipeline to 2026-02-05 21:00:00+00:00, run_after=2026-02-06 21:00:00+00:00
[2026-02-07T05:26:16.270+0000] {processor.py:183} INFO - Processing /opt/airflow/dags/product_pipeline_dag.py took 0.321 seconds
[2026-02-07T05:26:46.898+0000] {processor.py:161} INFO - Started process (PID=234) to work on /opt/airflow/dags/product_pipeline_dag.py
[2026-02-07T05:26:47.050+0000] {processor.py:830} INFO - Processing file /opt/airflow/dags/product_pipeline_dag.py for tasks to queue
[2026-02-07T05:26:47.095+0000] {logging_mixin.py:188} INFO - [2026-02-07T05:26:47.090+0000] {dagbag.py:545} INFO - Filling up the DagBag from /opt/airflow/dags/product_pipeline_dag.py
[2026-02-07T05:26:47.628+0000] {processor.py:840} INFO - DAG(s) 'product_price_pipeline' retrieved from /opt/airflow/dags/product_pipeline_dag.py
[2026-02-07T05:26:48.500+0000] {logging_mixin.py:188} INFO - [2026-02-07T05:26:48.498+0000] {dag.py:3089} INFO - Sync 1 DAGs
[2026-02-07T05:26:48.602+0000] {logging_mixin.py:188} INFO - [2026-02-07T05:26:48.601+0000] {dag.py:3947} INFO - Setting next_dagrun for product_price_pipeline to 2026-02-06 21:00:00+00:00, run_after=2026-02-07 21:00:00+00:00
[2026-02-07T05:26:48.751+0000] {processor.py:183} INFO - Processing /opt/airflow/dags/product_pipeline_dag.py took 1.916 seconds
[2026-02-07T05:27:18.959+0000] {processor.py:161} INFO - Started process (PID=239) to work on /opt/airflow/dags/product_pipeline_dag.py
[2026-02-07T05:27:18.962+0000] {processor.py:830} INFO - Processing file /opt/airflow/dags/product_pipeline_dag.py for tasks to queue
[2026-02-07T05:27:19.007+0000] {logging_mixin.py:188} INFO - [2026-02-07T05:27:19.001+0000] {dagbag.py:545} INFO - Filling up the DagBag from /opt/airflow/dags/product_pipeline_dag.py
[2026-02-07T05:27:19.197+0000] {processor.py:840} INFO - DAG(s) 'product_price_pipeline' retrieved from /opt/airflow/dags/product_pipeline_dag.py
[2026-02-07T05:27:19.401+0000] {logging_mixin.py:188} INFO - [2026-02-07T05:27:19.400+0000] {dag.py:3089} INFO - Sync 1 DAGs
[2026-02-07T05:27:19.626+0000] {logging_mixin.py:188} INFO - [2026-02-07T05:27:19.625+0000] {dag.py:3947} INFO - Setting next_dagrun for product_price_pipeline to 2026-02-06 21:00:00+00:00, run_after=2026-02-07 21:00:00+00:00
[2026-02-07T05:27:19.784+0000] {processor.py:183} INFO - Processing /opt/airflow/dags/product_pipeline_dag.py took 0.842 seconds
[2026-02-07T05:27:50.195+0000] {processor.py:161} INFO - Started process (PID=244) to work on /opt/airflow/dags/product_pipeline_dag.py
[2026-02-07T05:27:50.199+0000] {processor.py:830} INFO - Processing file /opt/airflow/dags/product_pipeline_dag.py for tasks to queue
[2026-02-07T05:27:50.207+0000] {logging_mixin.py:188} INFO - [2026-02-07T05:27:50.206+0000] {dagbag.py:545} INFO - Filling up the DagBag from /opt/airflow/dags/product_pipeline_dag.py
[2026-02-07T05:27:50.301+0000] {processor.py:840} INFO - DAG(s) 'product_price_pipeline' retrieved from /opt/airflow/dags/product_pipeline_dag.py
[2026-02-07T05:27:50.527+0000] {logging_mixin.py:188} INFO - [2026-02-07T05:27:50.526+0000] {dag.py:3089} INFO - Sync 1 DAGs
[2026-02-07T05:27:50.689+0000] {logging_mixin.py:188} INFO - [2026-02-07T05:27:50.687+0000] {dag.py:3947} INFO - Setting next_dagrun for product_price_pipeline to 2026-02-06 21:00:00+00:00, run_after=2026-02-07 21:00:00+00:00
[2026-02-07T05:27:50.810+0000] {processor.py:183} INFO - Processing /opt/airflow/dags/product_pipeline_dag.py took 0.623 seconds
[2026-02-07T05:28:21.285+0000] {processor.py:161} INFO - Started process (PID=255) to work on /opt/airflow/dags/product_pipeline_dag.py
[2026-02-07T05:28:21.287+0000] {processor.py:830} INFO - Processing file /opt/airflow/dags/product_pipeline_dag.py for tasks to queue
[2026-02-07T05:28:21.291+0000] {logging_mixin.py:188} INFO - [2026-02-07T05:28:21.290+0000] {dagbag.py:545} INFO - Filling up the DagBag from /opt/airflow/dags/product_pipeline_dag.py
[2026-02-07T05:28:21.342+0000] {processor.py:840} INFO - DAG(s) 'product_price_pipeline' retrieved from /opt/airflow/dags/product_pipeline_dag.py
[2026-02-07T05:28:21.404+0000] {logging_mixin.py:188} INFO - [2026-02-07T05:28:21.404+0000] {dag.py:3089} INFO - Sync 1 DAGs
[2026-02-07T05:28:21.452+0000] {logging_mixin.py:188} INFO - [2026-02-07T05:28:21.452+0000] {dag.py:3947} INFO - Setting next_dagrun for product_price_pipeline to 2026-02-06 21:00:00+00:00, run_after=2026-02-07 21:00:00+00:00
[2026-02-07T05:28:21.542+0000] {processor.py:183} INFO - Processing /opt/airflow/dags/product_pipeline_dag.py took 0.270 seconds
[2026-02-07T05:28:52.282+0000] {processor.py:161} INFO - Started process (PID=260) to work on /opt/airflow/dags/product_pipeline_dag.py
[2026-02-07T05:28:52.285+0000] {processor.py:830} INFO - Processing file /opt/airflow/dags/product_pipeline_dag.py for tasks to queue
[2026-02-07T05:28:52.289+0000] {logging_mixin.py:188} INFO - [2026-02-07T05:28:52.288+0000] {dagbag.py:545} INFO - Filling up the DagBag from /opt/airflow/dags/product_pipeline_dag.py
[2026-02-07T05:28:52.363+0000] {processor.py:840} INFO - DAG(s) 'product_price_pipeline' retrieved from /opt/airflow/dags/product_pipeline_dag.py
[2026-02-07T05:28:52.429+0000] {logging_mixin.py:188} INFO - [2026-02-07T05:28:52.428+0000] {dag.py:3089} INFO - Sync 1 DAGs
[2026-02-07T05:28:52.474+0000] {logging_mixin.py:188} INFO - [2026-02-07T05:28:52.474+0000] {dag.py:3947} INFO - Setting next_dagrun for product_price_pipeline to 2026-02-06 21:00:00+00:00, run_after=2026-02-07 21:00:00+00:00
[2026-02-07T05:28:52.509+0000] {processor.py:183} INFO - Processing /opt/airflow/dags/product_pipeline_dag.py took 0.236 seconds
[2026-02-07T05:29:23.270+0000] {processor.py:161} INFO - Started process (PID=265) to work on /opt/airflow/dags/product_pipeline_dag.py
[2026-02-07T05:29:23.274+0000] {processor.py:830} INFO - Processing file /opt/airflow/dags/product_pipeline_dag.py for tasks to queue
[2026-02-07T05:29:23.280+0000] {logging_mixin.py:188} INFO - [2026-02-07T05:29:23.279+0000] {dagbag.py:545} INFO - Filling up the DagBag from /opt/airflow/dags/product_pipeline_dag.py
[2026-02-07T05:29:23.364+0000] {processor.py:840} INFO - DAG(s) 'product_price_pipeline' retrieved from /opt/airflow/dags/product_pipeline_dag.py
[2026-02-07T05:29:23.423+0000] {logging_mixin.py:188} INFO - [2026-02-07T05:29:23.423+0000] {dag.py:3089} INFO - Sync 1 DAGs
[2026-02-07T05:29:23.477+0000] {logging_mixin.py:188} INFO - [2026-02-07T05:29:23.476+0000] {dag.py:3947} INFO - Setting next_dagrun for product_price_pipeline to 2026-02-06 21:00:00+00:00, run_after=2026-02-07 21:00:00+00:00
[2026-02-07T05:29:23.579+0000] {processor.py:183} INFO - Processing /opt/airflow/dags/product_pipeline_dag.py took 0.326 seconds
[2026-02-07T05:29:54.064+0000] {processor.py:161} INFO - Started process (PID=270) to work on /opt/airflow/dags/product_pipeline_dag.py
[2026-02-07T05:29:54.067+0000] {processor.py:830} INFO - Processing file /opt/airflow/dags/product_pipeline_dag.py for tasks to queue
[2026-02-07T05:29:54.072+0000] {logging_mixin.py:188} INFO - [2026-02-07T05:29:54.071+0000] {dagbag.py:545} INFO - Filling up the DagBag from /opt/airflow/dags/product_pipeline_dag.py
[2026-02-07T05:29:54.135+0000] {processor.py:840} INFO - DAG(s) 'product_price_pipeline' retrieved from /opt/airflow/dags/product_pipeline_dag.py
[2026-02-07T05:29:54.206+0000] {logging_mixin.py:188} INFO - [2026-02-07T05:29:54.206+0000] {dag.py:3089} INFO - Sync 1 DAGs
[2026-02-07T05:29:54.289+0000] {logging_mixin.py:188} INFO - [2026-02-07T05:29:54.288+0000] {dag.py:3947} INFO - Setting next_dagrun for product_price_pipeline to 2026-02-06 21:00:00+00:00, run_after=2026-02-07 21:00:00+00:00
[2026-02-07T05:29:54.340+0000] {processor.py:183} INFO - Processing /opt/airflow/dags/product_pipeline_dag.py took 0.293 seconds
[2026-02-07T05:30:25.124+0000] {processor.py:161} INFO - Started process (PID=275) to work on /opt/airflow/dags/product_pipeline_dag.py
[2026-02-07T05:30:25.127+0000] {processor.py:830} INFO - Processing file /opt/airflow/dags/product_pipeline_dag.py for tasks to queue
[2026-02-07T05:30:25.135+0000] {logging_mixin.py:188} INFO - [2026-02-07T05:30:25.134+0000] {dagbag.py:545} INFO - Filling up the DagBag from /opt/airflow/dags/product_pipeline_dag.py
[2026-02-07T05:30:25.239+0000] {processor.py:840} INFO - DAG(s) 'product_price_pipeline' retrieved from /opt/airflow/dags/product_pipeline_dag.py
[2026-02-07T05:30:25.299+0000] {logging_mixin.py:188} INFO - [2026-02-07T05:30:25.299+0000] {dag.py:3089} INFO - Sync 1 DAGs
[2026-02-07T05:30:25.365+0000] {logging_mixin.py:188} INFO - [2026-02-07T05:30:25.364+0000] {dag.py:3947} INFO - Setting next_dagrun for product_price_pipeline to 2026-02-06 21:00:00+00:00, run_after=2026-02-07 21:00:00+00:00
[2026-02-07T05:30:25.417+0000] {processor.py:183} INFO - Processing /opt/airflow/dags/product_pipeline_dag.py took 0.338 seconds
[2026-02-07T05:30:55.696+0000] {processor.py:161} INFO - Started process (PID=280) to work on /opt/airflow/dags/product_pipeline_dag.py
[2026-02-07T05:30:55.698+0000] {processor.py:830} INFO - Processing file /opt/airflow/dags/product_pipeline_dag.py for tasks to queue
[2026-02-07T05:30:55.701+0000] {logging_mixin.py:188} INFO - [2026-02-07T05:30:55.701+0000] {dagbag.py:545} INFO - Filling up the DagBag from /opt/airflow/dags/product_pipeline_dag.py
[2026-02-07T05:30:55.759+0000] {processor.py:840} INFO - DAG(s) 'product_price_pipeline' retrieved from /opt/airflow/dags/product_pipeline_dag.py
[2026-02-07T05:30:55.842+0000] {logging_mixin.py:188} INFO - [2026-02-07T05:30:55.842+0000] {dag.py:3089} INFO - Sync 1 DAGs
[2026-02-07T05:30:55.913+0000] {logging_mixin.py:188} INFO - [2026-02-07T05:30:55.913+0000] {dag.py:3947} INFO - Setting next_dagrun for product_price_pipeline to 2026-02-06 21:00:00+00:00, run_after=2026-02-07 21:00:00+00:00
[2026-02-07T05:30:55.964+0000] {processor.py:183} INFO - Processing /opt/airflow/dags/product_pipeline_dag.py took 0.279 seconds
[2026-02-07T05:31:26.799+0000] {processor.py:161} INFO - Started process (PID=285) to work on /opt/airflow/dags/product_pipeline_dag.py
[2026-02-07T05:31:26.804+0000] {processor.py:830} INFO - Processing file /opt/airflow/dags/product_pipeline_dag.py for tasks to queue
[2026-02-07T05:31:26.811+0000] {logging_mixin.py:188} INFO - [2026-02-07T05:31:26.810+0000] {dagbag.py:545} INFO - Filling up the DagBag from /opt/airflow/dags/product_pipeline_dag.py
[2026-02-07T05:31:26.886+0000] {processor.py:840} INFO - DAG(s) 'product_price_pipeline' retrieved from /opt/airflow/dags/product_pipeline_dag.py
[2026-02-07T05:31:26.963+0000] {logging_mixin.py:188} INFO - [2026-02-07T05:31:26.962+0000] {dag.py:3089} INFO - Sync 1 DAGs
[2026-02-07T05:31:27.013+0000] {logging_mixin.py:188} INFO - [2026-02-07T05:31:27.012+0000] {dag.py:3947} INFO - Setting next_dagrun for product_price_pipeline to 2026-02-06 21:00:00+00:00, run_after=2026-02-07 21:00:00+00:00
[2026-02-07T05:31:27.071+0000] {processor.py:183} INFO - Processing /opt/airflow/dags/product_pipeline_dag.py took 0.288 seconds
[2026-02-07T05:31:57.494+0000] {processor.py:161} INFO - Started process (PID=290) to work on /opt/airflow/dags/product_pipeline_dag.py
[2026-02-07T05:31:57.496+0000] {processor.py:830} INFO - Processing file /opt/airflow/dags/product_pipeline_dag.py for tasks to queue
[2026-02-07T05:31:57.501+0000] {logging_mixin.py:188} INFO - [2026-02-07T05:31:57.500+0000] {dagbag.py:545} INFO - Filling up the DagBag from /opt/airflow/dags/product_pipeline_dag.py
[2026-02-07T05:31:57.586+0000] {processor.py:840} INFO - DAG(s) 'product_price_pipeline' retrieved from /opt/airflow/dags/product_pipeline_dag.py
[2026-02-07T05:31:57.662+0000] {logging_mixin.py:188} INFO - [2026-02-07T05:31:57.662+0000] {dag.py:3089} INFO - Sync 1 DAGs
[2026-02-07T05:31:57.708+0000] {logging_mixin.py:188} INFO - [2026-02-07T05:31:57.707+0000] {dag.py:3947} INFO - Setting next_dagrun for product_price_pipeline to 2026-02-06 21:00:00+00:00, run_after=2026-02-07 21:00:00+00:00
[2026-02-07T05:31:57.741+0000] {processor.py:183} INFO - Processing /opt/airflow/dags/product_pipeline_dag.py took 0.258 seconds
[2026-02-07T05:32:28.415+0000] {processor.py:161} INFO - Started process (PID=295) to work on /opt/airflow/dags/product_pipeline_dag.py
[2026-02-07T05:32:28.416+0000] {processor.py:830} INFO - Processing file /opt/airflow/dags/product_pipeline_dag.py for tasks to queue
[2026-02-07T05:32:28.419+0000] {logging_mixin.py:188} INFO - [2026-02-07T05:32:28.419+0000] {dagbag.py:545} INFO - Filling up the DagBag from /opt/airflow/dags/product_pipeline_dag.py
[2026-02-07T05:32:28.457+0000] {processor.py:840} INFO - DAG(s) 'product_price_pipeline' retrieved from /opt/airflow/dags/product_pipeline_dag.py
[2026-02-07T05:32:28.520+0000] {logging_mixin.py:188} INFO - [2026-02-07T05:32:28.520+0000] {dag.py:3089} INFO - Sync 1 DAGs
[2026-02-07T05:32:28.563+0000] {logging_mixin.py:188} INFO - [2026-02-07T05:32:28.563+0000] {dag.py:3947} INFO - Setting next_dagrun for product_price_pipeline to 2026-02-06 21:00:00+00:00, run_after=2026-02-07 21:00:00+00:00
[2026-02-07T05:32:28.610+0000] {processor.py:183} INFO - Processing /opt/airflow/dags/product_pipeline_dag.py took 0.212 seconds
[2026-02-07T05:32:59.028+0000] {processor.py:161} INFO - Started process (PID=300) to work on /opt/airflow/dags/product_pipeline_dag.py
[2026-02-07T05:32:59.031+0000] {processor.py:830} INFO - Processing file /opt/airflow/dags/product_pipeline_dag.py for tasks to queue
[2026-02-07T05:32:59.034+0000] {logging_mixin.py:188} INFO - [2026-02-07T05:32:59.034+0000] {dagbag.py:545} INFO - Filling up the DagBag from /opt/airflow/dags/product_pipeline_dag.py
[2026-02-07T05:32:59.083+0000] {processor.py:840} INFO - DAG(s) 'product_price_pipeline' retrieved from /opt/airflow/dags/product_pipeline_dag.py
[2026-02-07T05:32:59.131+0000] {logging_mixin.py:188} INFO - [2026-02-07T05:32:59.131+0000] {dag.py:3089} INFO - Sync 1 DAGs
[2026-02-07T05:32:59.162+0000] {logging_mixin.py:188} INFO - [2026-02-07T05:32:59.162+0000] {dag.py:3947} INFO - Setting next_dagrun for product_price_pipeline to 2026-02-06 21:00:00+00:00, run_after=2026-02-07 21:00:00+00:00
[2026-02-07T05:32:59.193+0000] {processor.py:183} INFO - Processing /opt/airflow/dags/product_pipeline_dag.py took 0.173 seconds
[2026-02-07T05:33:30.065+0000] {processor.py:161} INFO - Started process (PID=311) to work on /opt/airflow/dags/product_pipeline_dag.py
[2026-02-07T05:33:30.068+0000] {processor.py:830} INFO - Processing file /opt/airflow/dags/product_pipeline_dag.py for tasks to queue
[2026-02-07T05:33:30.073+0000] {logging_mixin.py:188} INFO - [2026-02-07T05:33:30.073+0000] {dagbag.py:545} INFO - Filling up the DagBag from /opt/airflow/dags/product_pipeline_dag.py
[2026-02-07T05:33:30.145+0000] {processor.py:840} INFO - DAG(s) 'product_price_pipeline' retrieved from /opt/airflow/dags/product_pipeline_dag.py
[2026-02-07T05:33:30.189+0000] {logging_mixin.py:188} INFO - [2026-02-07T05:33:30.189+0000] {dag.py:3089} INFO - Sync 1 DAGs
[2026-02-07T05:33:30.225+0000] {logging_mixin.py:188} INFO - [2026-02-07T05:33:30.224+0000] {dag.py:3947} INFO - Setting next_dagrun for product_price_pipeline to 2026-02-06 21:00:00+00:00, run_after=2026-02-07 21:00:00+00:00
[2026-02-07T05:33:30.267+0000] {processor.py:183} INFO - Processing /opt/airflow/dags/product_pipeline_dag.py took 0.213 seconds
[2026-02-07T05:34:00.768+0000] {processor.py:161} INFO - Started process (PID=316) to work on /opt/airflow/dags/product_pipeline_dag.py
[2026-02-07T05:34:00.779+0000] {processor.py:830} INFO - Processing file /opt/airflow/dags/product_pipeline_dag.py for tasks to queue
[2026-02-07T05:34:00.789+0000] {logging_mixin.py:188} INFO - [2026-02-07T05:34:00.787+0000] {dagbag.py:545} INFO - Filling up the DagBag from /opt/airflow/dags/product_pipeline_dag.py
[2026-02-07T05:34:00.885+0000] {processor.py:840} INFO - DAG(s) 'product_price_pipeline' retrieved from /opt/airflow/dags/product_pipeline_dag.py
[2026-02-07T05:34:00.955+0000] {logging_mixin.py:188} INFO - [2026-02-07T05:34:00.955+0000] {dag.py:3089} INFO - Sync 1 DAGs
[2026-02-07T05:34:01.006+0000] {logging_mixin.py:188} INFO - [2026-02-07T05:34:01.006+0000] {dag.py:3947} INFO - Setting next_dagrun for product_price_pipeline to 2026-02-06 21:00:00+00:00, run_after=2026-02-07 21:00:00+00:00
[2026-02-07T05:34:01.057+0000] {processor.py:183} INFO - Processing /opt/airflow/dags/product_pipeline_dag.py took 0.307 seconds
[2026-02-07T05:34:31.914+0000] {processor.py:161} INFO - Started process (PID=321) to work on /opt/airflow/dags/product_pipeline_dag.py
[2026-02-07T05:34:31.915+0000] {processor.py:830} INFO - Processing file /opt/airflow/dags/product_pipeline_dag.py for tasks to queue
[2026-02-07T05:34:31.919+0000] {logging_mixin.py:188} INFO - [2026-02-07T05:34:31.918+0000] {dagbag.py:545} INFO - Filling up the DagBag from /opt/airflow/dags/product_pipeline_dag.py
[2026-02-07T05:34:31.968+0000] {processor.py:840} INFO - DAG(s) 'product_price_pipeline' retrieved from /opt/airflow/dags/product_pipeline_dag.py
[2026-02-07T05:34:32.018+0000] {logging_mixin.py:188} INFO - [2026-02-07T05:34:32.018+0000] {dag.py:3089} INFO - Sync 1 DAGs
[2026-02-07T05:34:32.054+0000] {logging_mixin.py:188} INFO - [2026-02-07T05:34:32.054+0000] {dag.py:3947} INFO - Setting next_dagrun for product_price_pipeline to 2026-02-06 21:00:00+00:00, run_after=2026-02-07 21:00:00+00:00
[2026-02-07T05:34:32.089+0000] {processor.py:183} INFO - Processing /opt/airflow/dags/product_pipeline_dag.py took 0.184 seconds
[2026-02-07T05:35:02.676+0000] {processor.py:161} INFO - Started process (PID=326) to work on /opt/airflow/dags/product_pipeline_dag.py
[2026-02-07T05:35:02.678+0000] {processor.py:830} INFO - Processing file /opt/airflow/dags/product_pipeline_dag.py for tasks to queue
[2026-02-07T05:35:02.681+0000] {logging_mixin.py:188} INFO - [2026-02-07T05:35:02.680+0000] {dagbag.py:545} INFO - Filling up the DagBag from /opt/airflow/dags/product_pipeline_dag.py
[2026-02-07T05:35:02.720+0000] {processor.py:840} INFO - DAG(s) 'product_price_pipeline' retrieved from /opt/airflow/dags/product_pipeline_dag.py
[2026-02-07T05:35:02.765+0000] {logging_mixin.py:188} INFO - [2026-02-07T05:35:02.765+0000] {dag.py:3089} INFO - Sync 1 DAGs
[2026-02-07T05:35:02.792+0000] {logging_mixin.py:188} INFO - [2026-02-07T05:35:02.791+0000] {dag.py:3947} INFO - Setting next_dagrun for product_price_pipeline to 2026-02-06 21:00:00+00:00, run_after=2026-02-07 21:00:00+00:00
[2026-02-07T05:35:02.822+0000] {processor.py:183} INFO - Processing /opt/airflow/dags/product_pipeline_dag.py took 0.155 seconds
[2026-02-07T05:35:33.539+0000] {processor.py:161} INFO - Started process (PID=331) to work on /opt/airflow/dags/product_pipeline_dag.py
[2026-02-07T05:35:33.541+0000] {processor.py:830} INFO - Processing file /opt/airflow/dags/product_pipeline_dag.py for tasks to queue
[2026-02-07T05:35:33.544+0000] {logging_mixin.py:188} INFO - [2026-02-07T05:35:33.543+0000] {dagbag.py:545} INFO - Filling up the DagBag from /opt/airflow/dags/product_pipeline_dag.py
[2026-02-07T05:35:33.591+0000] {processor.py:840} INFO - DAG(s) 'product_price_pipeline' retrieved from /opt/airflow/dags/product_pipeline_dag.py
[2026-02-07T05:35:33.632+0000] {logging_mixin.py:188} INFO - [2026-02-07T05:35:33.632+0000] {dag.py:3089} INFO - Sync 1 DAGs
[2026-02-07T05:35:33.667+0000] {logging_mixin.py:188} INFO - [2026-02-07T05:35:33.667+0000] {dag.py:3947} INFO - Setting next_dagrun for product_price_pipeline to 2026-02-06 21:00:00+00:00, run_after=2026-02-07 21:00:00+00:00
[2026-02-07T05:35:33.711+0000] {processor.py:183} INFO - Processing /opt/airflow/dags/product_pipeline_dag.py took 0.180 seconds
[2026-02-07T05:36:04.156+0000] {processor.py:161} INFO - Started process (PID=336) to work on /opt/airflow/dags/product_pipeline_dag.py
[2026-02-07T05:36:04.158+0000] {processor.py:830} INFO - Processing file /opt/airflow/dags/product_pipeline_dag.py for tasks to queue
[2026-02-07T05:36:04.161+0000] {logging_mixin.py:188} INFO - [2026-02-07T05:36:04.160+0000] {dagbag.py:545} INFO - Filling up the DagBag from /opt/airflow/dags/product_pipeline_dag.py
[2026-02-07T05:36:04.204+0000] {processor.py:840} INFO - DAG(s) 'product_price_pipeline' retrieved from /opt/airflow/dags/product_pipeline_dag.py
[2026-02-07T05:36:04.255+0000] {logging_mixin.py:188} INFO - [2026-02-07T05:36:04.255+0000] {dag.py:3089} INFO - Sync 1 DAGs
[2026-02-07T05:36:04.290+0000] {logging_mixin.py:188} INFO - [2026-02-07T05:36:04.289+0000] {dag.py:3947} INFO - Setting next_dagrun for product_price_pipeline to 2026-02-06 21:00:00+00:00, run_after=2026-02-07 21:00:00+00:00
[2026-02-07T05:36:04.317+0000] {processor.py:183} INFO - Processing /opt/airflow/dags/product_pipeline_dag.py took 0.173 seconds
[2026-02-07T05:36:34.969+0000] {processor.py:161} INFO - Started process (PID=341) to work on /opt/airflow/dags/product_pipeline_dag.py
[2026-02-07T05:36:34.971+0000] {processor.py:830} INFO - Processing file /opt/airflow/dags/product_pipeline_dag.py for tasks to queue
[2026-02-07T05:36:34.977+0000] {logging_mixin.py:188} INFO - [2026-02-07T05:36:34.976+0000] {dagbag.py:545} INFO - Filling up the DagBag from /opt/airflow/dags/product_pipeline_dag.py
[2026-02-07T05:36:35.028+0000] {processor.py:840} INFO - DAG(s) 'product_price_pipeline' retrieved from /opt/airflow/dags/product_pipeline_dag.py
[2026-02-07T05:36:35.088+0000] {logging_mixin.py:188} INFO - [2026-02-07T05:36:35.088+0000] {dag.py:3089} INFO - Sync 1 DAGs
[2026-02-07T05:36:35.141+0000] {logging_mixin.py:188} INFO - [2026-02-07T05:36:35.140+0000] {dag.py:3947} INFO - Setting next_dagrun for product_price_pipeline to 2026-02-06 21:00:00+00:00, run_after=2026-02-07 21:00:00+00:00
[2026-02-07T05:36:35.201+0000] {processor.py:183} INFO - Processing /opt/airflow/dags/product_pipeline_dag.py took 0.241 seconds
[2026-02-07T05:37:05.682+0000] {processor.py:161} INFO - Started process (PID=346) to work on /opt/airflow/dags/product_pipeline_dag.py
[2026-02-07T05:37:05.689+0000] {processor.py:830} INFO - Processing file /opt/airflow/dags/product_pipeline_dag.py for tasks to queue
[2026-02-07T05:37:05.700+0000] {logging_mixin.py:188} INFO - [2026-02-07T05:37:05.699+0000] {dagbag.py:545} INFO - Filling up the DagBag from /opt/airflow/dags/product_pipeline_dag.py
[2026-02-07T05:37:05.764+0000] {processor.py:840} INFO - DAG(s) 'product_price_pipeline' retrieved from /opt/airflow/dags/product_pipeline_dag.py
[2026-02-07T05:37:05.843+0000] {logging_mixin.py:188} INFO - [2026-02-07T05:37:05.842+0000] {dag.py:3089} INFO - Sync 1 DAGs
[2026-02-07T05:37:05.882+0000] {logging_mixin.py:188} INFO - [2026-02-07T05:37:05.881+0000] {dag.py:3947} INFO - Setting next_dagrun for product_price_pipeline to 2026-02-06 21:00:00+00:00, run_after=2026-02-07 21:00:00+00:00
[2026-02-07T05:37:05.926+0000] {processor.py:183} INFO - Processing /opt/airflow/dags/product_pipeline_dag.py took 0.260 seconds
[2026-02-07T05:37:36.593+0000] {processor.py:161} INFO - Started process (PID=351) to work on /opt/airflow/dags/product_pipeline_dag.py
[2026-02-07T05:37:36.596+0000] {processor.py:830} INFO - Processing file /opt/airflow/dags/product_pipeline_dag.py for tasks to queue
[2026-02-07T05:37:36.604+0000] {logging_mixin.py:188} INFO - [2026-02-07T05:37:36.603+0000] {dagbag.py:545} INFO - Filling up the DagBag from /opt/airflow/dags/product_pipeline_dag.py
[2026-02-07T05:37:36.690+0000] {processor.py:840} INFO - DAG(s) 'product_price_pipeline' retrieved from /opt/airflow/dags/product_pipeline_dag.py
[2026-02-07T05:37:36.779+0000] {logging_mixin.py:188} INFO - [2026-02-07T05:37:36.779+0000] {dag.py:3089} INFO - Sync 1 DAGs
[2026-02-07T05:37:36.827+0000] {logging_mixin.py:188} INFO - [2026-02-07T05:37:36.827+0000] {dag.py:3947} INFO - Setting next_dagrun for product_price_pipeline to 2026-02-06 21:00:00+00:00, run_after=2026-02-07 21:00:00+00:00
[2026-02-07T05:37:36.876+0000] {processor.py:183} INFO - Processing /opt/airflow/dags/product_pipeline_dag.py took 0.305 seconds
[2026-02-07T05:38:59.193+0000] {processor.py:161} INFO - Started process (PID=179) to work on /opt/airflow/dags/product_pipeline_dag.py
[2026-02-07T05:38:59.206+0000] {processor.py:830} INFO - Processing file /opt/airflow/dags/product_pipeline_dag.py for tasks to queue
[2026-02-07T05:38:59.212+0000] {logging_mixin.py:188} INFO - [2026-02-07T05:38:59.211+0000] {dagbag.py:545} INFO - Filling up the DagBag from /opt/airflow/dags/product_pipeline_dag.py
[2026-02-07T05:38:59.303+0000] {processor.py:840} INFO - DAG(s) 'product_price_pipeline' retrieved from /opt/airflow/dags/product_pipeline_dag.py
[2026-02-07T05:38:59.390+0000] {logging_mixin.py:188} INFO - [2026-02-07T05:38:59.389+0000] {dag.py:3089} INFO - Sync 1 DAGs
[2026-02-07T05:38:59.437+0000] {logging_mixin.py:188} INFO - [2026-02-07T05:38:59.437+0000] {dag.py:3947} INFO - Setting next_dagrun for product_price_pipeline to 2026-02-06 21:00:00+00:00, run_after=2026-02-07 21:00:00+00:00
[2026-02-07T05:38:59.493+0000] {processor.py:183} INFO - Processing /opt/airflow/dags/product_pipeline_dag.py took 0.313 seconds
[2026-02-07T05:39:30.076+0000] {processor.py:161} INFO - Started process (PID=197) to work on /opt/airflow/dags/product_pipeline_dag.py
[2026-02-07T05:39:30.084+0000] {processor.py:830} INFO - Processing file /opt/airflow/dags/product_pipeline_dag.py for tasks to queue
[2026-02-07T05:39:30.097+0000] {logging_mixin.py:188} INFO - [2026-02-07T05:39:30.095+0000] {dagbag.py:545} INFO - Filling up the DagBag from /opt/airflow/dags/product_pipeline_dag.py
[2026-02-07T05:39:30.241+0000] {processor.py:840} INFO - DAG(s) 'product_price_pipeline' retrieved from /opt/airflow/dags/product_pipeline_dag.py
[2026-02-07T05:39:30.810+0000] {logging_mixin.py:188} INFO - [2026-02-07T05:39:30.809+0000] {dag.py:3089} INFO - Sync 1 DAGs
[2026-02-07T05:39:30.953+0000] {logging_mixin.py:188} INFO - [2026-02-07T05:39:30.951+0000] {dag.py:3947} INFO - Setting next_dagrun for product_price_pipeline to 2026-02-06 21:00:00+00:00, run_after=2026-02-07 21:00:00+00:00
[2026-02-07T05:39:31.089+0000] {processor.py:183} INFO - Processing /opt/airflow/dags/product_pipeline_dag.py took 1.041 seconds
[2026-02-07T05:40:01.959+0000] {processor.py:161} INFO - Started process (PID=212) to work on /opt/airflow/dags/product_pipeline_dag.py
[2026-02-07T05:40:01.978+0000] {processor.py:830} INFO - Processing file /opt/airflow/dags/product_pipeline_dag.py for tasks to queue
[2026-02-07T05:40:01.992+0000] {logging_mixin.py:188} INFO - [2026-02-07T05:40:01.990+0000] {dagbag.py:545} INFO - Filling up the DagBag from /opt/airflow/dags/product_pipeline_dag.py
[2026-02-07T05:40:02.067+0000] {processor.py:840} INFO - DAG(s) 'product_price_pipeline' retrieved from /opt/airflow/dags/product_pipeline_dag.py
[2026-02-07T05:40:02.166+0000] {logging_mixin.py:188} INFO - [2026-02-07T05:40:02.165+0000] {dag.py:3089} INFO - Sync 1 DAGs
[2026-02-07T05:40:02.235+0000] {logging_mixin.py:188} INFO - [2026-02-07T05:40:02.234+0000] {dag.py:3947} INFO - Setting next_dagrun for product_price_pipeline to 2026-02-06 21:00:00+00:00, run_after=2026-02-07 21:00:00+00:00
[2026-02-07T05:40:02.297+0000] {processor.py:183} INFO - Processing /opt/airflow/dags/product_pipeline_dag.py took 0.356 seconds
[2026-02-07T05:40:32.816+0000] {processor.py:161} INFO - Started process (PID=219) to work on /opt/airflow/dags/product_pipeline_dag.py
[2026-02-07T05:40:32.818+0000] {processor.py:830} INFO - Processing file /opt/airflow/dags/product_pipeline_dag.py for tasks to queue
[2026-02-07T05:40:32.823+0000] {logging_mixin.py:188} INFO - [2026-02-07T05:40:32.822+0000] {dagbag.py:545} INFO - Filling up the DagBag from /opt/airflow/dags/product_pipeline_dag.py
[2026-02-07T05:40:32.873+0000] {processor.py:840} INFO - DAG(s) 'product_price_pipeline' retrieved from /opt/airflow/dags/product_pipeline_dag.py
[2026-02-07T05:40:32.953+0000] {logging_mixin.py:188} INFO - [2026-02-07T05:40:32.953+0000] {dag.py:3089} INFO - Sync 1 DAGs
[2026-02-07T05:40:32.994+0000] {logging_mixin.py:188} INFO - [2026-02-07T05:40:32.994+0000] {dag.py:3947} INFO - Setting next_dagrun for product_price_pipeline to 2026-02-05 21:00:00+00:00, run_after=2026-02-06 21:00:00+00:00
[2026-02-07T05:40:33.039+0000] {processor.py:183} INFO - Processing /opt/airflow/dags/product_pipeline_dag.py took 0.240 seconds
[2026-02-07T05:41:03.645+0000] {processor.py:161} INFO - Started process (PID=229) to work on /opt/airflow/dags/product_pipeline_dag.py
[2026-02-07T05:41:03.670+0000] {processor.py:830} INFO - Processing file /opt/airflow/dags/product_pipeline_dag.py for tasks to queue
[2026-02-07T05:41:03.719+0000] {logging_mixin.py:188} INFO - [2026-02-07T05:41:03.716+0000] {dagbag.py:545} INFO - Filling up the DagBag from /opt/airflow/dags/product_pipeline_dag.py
[2026-02-07T05:41:03.875+0000] {processor.py:840} INFO - DAG(s) 'product_price_pipeline' retrieved from /opt/airflow/dags/product_pipeline_dag.py
[2026-02-07T05:41:04.093+0000] {logging_mixin.py:188} INFO - [2026-02-07T05:41:04.092+0000] {dag.py:3089} INFO - Sync 1 DAGs
[2026-02-07T05:41:04.243+0000] {logging_mixin.py:188} INFO - [2026-02-07T05:41:04.241+0000] {dag.py:3947} INFO - Setting next_dagrun for product_price_pipeline to 2026-02-06 21:00:00+00:00, run_after=2026-02-07 21:00:00+00:00
[2026-02-07T05:41:04.342+0000] {processor.py:183} INFO - Processing /opt/airflow/dags/product_pipeline_dag.py took 0.859 seconds
[2026-02-07T05:41:35.046+0000] {processor.py:161} INFO - Started process (PID=234) to work on /opt/airflow/dags/product_pipeline_dag.py
[2026-02-07T05:41:35.048+0000] {processor.py:830} INFO - Processing file /opt/airflow/dags/product_pipeline_dag.py for tasks to queue
[2026-02-07T05:41:35.055+0000] {logging_mixin.py:188} INFO - [2026-02-07T05:41:35.052+0000] {dagbag.py:545} INFO - Filling up the DagBag from /opt/airflow/dags/product_pipeline_dag.py
[2026-02-07T05:41:35.137+0000] {processor.py:840} INFO - DAG(s) 'product_price_pipeline' retrieved from /opt/airflow/dags/product_pipeline_dag.py
[2026-02-07T05:41:35.210+0000] {logging_mixin.py:188} INFO - [2026-02-07T05:41:35.210+0000] {dag.py:3089} INFO - Sync 1 DAGs
[2026-02-07T05:41:35.268+0000] {logging_mixin.py:188} INFO - [2026-02-07T05:41:35.267+0000] {dag.py:3947} INFO - Setting next_dagrun for product_price_pipeline to 2026-02-06 21:00:00+00:00, run_after=2026-02-07 21:00:00+00:00
[2026-02-07T05:41:35.314+0000] {processor.py:183} INFO - Processing /opt/airflow/dags/product_pipeline_dag.py took 0.287 seconds
[2026-02-07T05:42:06.070+0000] {processor.py:161} INFO - Started process (PID=239) to work on /opt/airflow/dags/product_pipeline_dag.py
[2026-02-07T05:42:06.073+0000] {processor.py:830} INFO - Processing file /opt/airflow/dags/product_pipeline_dag.py for tasks to queue
[2026-02-07T05:42:06.076+0000] {logging_mixin.py:188} INFO - [2026-02-07T05:42:06.076+0000] {dagbag.py:545} INFO - Filling up the DagBag from /opt/airflow/dags/product_pipeline_dag.py
[2026-02-07T05:42:06.350+0000] {processor.py:840} INFO - DAG(s) 'product_price_pipeline' retrieved from /opt/airflow/dags/product_pipeline_dag.py
[2026-02-07T05:42:06.708+0000] {logging_mixin.py:188} INFO - [2026-02-07T05:42:06.707+0000] {dag.py:3089} INFO - Sync 1 DAGs
[2026-02-07T05:42:06.838+0000] {logging_mixin.py:188} INFO - [2026-02-07T05:42:06.837+0000] {dag.py:3947} INFO - Setting next_dagrun for product_price_pipeline to 2026-02-06 21:00:00+00:00, run_after=2026-02-07 21:00:00+00:00
[2026-02-07T05:42:07.027+0000] {processor.py:183} INFO - Processing /opt/airflow/dags/product_pipeline_dag.py took 0.966 seconds
[2026-02-07T05:42:37.692+0000] {processor.py:161} INFO - Started process (PID=246) to work on /opt/airflow/dags/product_pipeline_dag.py
[2026-02-07T05:42:37.695+0000] {processor.py:830} INFO - Processing file /opt/airflow/dags/product_pipeline_dag.py for tasks to queue
[2026-02-07T05:42:37.701+0000] {logging_mixin.py:188} INFO - [2026-02-07T05:42:37.701+0000] {dagbag.py:545} INFO - Filling up the DagBag from /opt/airflow/dags/product_pipeline_dag.py
[2026-02-07T05:42:37.760+0000] {processor.py:840} INFO - DAG(s) 'product_price_pipeline' retrieved from /opt/airflow/dags/product_pipeline_dag.py
[2026-02-07T05:42:37.856+0000] {logging_mixin.py:188} INFO - [2026-02-07T05:42:37.855+0000] {dag.py:3089} INFO - Sync 1 DAGs
[2026-02-07T05:42:38.046+0000] {logging_mixin.py:188} INFO - [2026-02-07T05:42:38.045+0000] {dag.py:3947} INFO - Setting next_dagrun for product_price_pipeline to 2026-02-06 21:00:00+00:00, run_after=2026-02-07 21:00:00+00:00
[2026-02-07T05:42:38.135+0000] {processor.py:183} INFO - Processing /opt/airflow/dags/product_pipeline_dag.py took 0.460 seconds
[2026-02-07T05:43:08.418+0000] {processor.py:161} INFO - Started process (PID=255) to work on /opt/airflow/dags/product_pipeline_dag.py
[2026-02-07T05:43:08.420+0000] {processor.py:830} INFO - Processing file /opt/airflow/dags/product_pipeline_dag.py for tasks to queue
[2026-02-07T05:43:08.423+0000] {logging_mixin.py:188} INFO - [2026-02-07T05:43:08.422+0000] {dagbag.py:545} INFO - Filling up the DagBag from /opt/airflow/dags/product_pipeline_dag.py
[2026-02-07T05:43:08.477+0000] {processor.py:840} INFO - DAG(s) 'product_price_pipeline' retrieved from /opt/airflow/dags/product_pipeline_dag.py
[2026-02-07T05:43:08.531+0000] {logging_mixin.py:188} INFO - [2026-02-07T05:43:08.530+0000] {dag.py:3089} INFO - Sync 1 DAGs
[2026-02-07T05:43:08.575+0000] {logging_mixin.py:188} INFO - [2026-02-07T05:43:08.574+0000] {dag.py:3947} INFO - Setting next_dagrun for product_price_pipeline to 2026-02-06 21:00:00+00:00, run_after=2026-02-07 21:00:00+00:00
[2026-02-07T05:43:08.617+0000] {processor.py:183} INFO - Processing /opt/airflow/dags/product_pipeline_dag.py took 0.207 seconds
[2026-02-07T05:43:38.974+0000] {processor.py:161} INFO - Started process (PID=260) to work on /opt/airflow/dags/product_pipeline_dag.py
[2026-02-07T05:43:38.978+0000] {processor.py:830} INFO - Processing file /opt/airflow/dags/product_pipeline_dag.py for tasks to queue
[2026-02-07T05:43:38.985+0000] {logging_mixin.py:188} INFO - [2026-02-07T05:43:38.984+0000] {dagbag.py:545} INFO - Filling up the DagBag from /opt/airflow/dags/product_pipeline_dag.py
[2026-02-07T05:43:39.045+0000] {processor.py:840} INFO - DAG(s) 'product_price_pipeline' retrieved from /opt/airflow/dags/product_pipeline_dag.py
[2026-02-07T05:43:39.107+0000] {logging_mixin.py:188} INFO - [2026-02-07T05:43:39.107+0000] {dag.py:3089} INFO - Sync 1 DAGs
[2026-02-07T05:43:39.159+0000] {logging_mixin.py:188} INFO - [2026-02-07T05:43:39.158+0000] {dag.py:3947} INFO - Setting next_dagrun for product_price_pipeline to 2026-02-06 21:00:00+00:00, run_after=2026-02-07 21:00:00+00:00
[2026-02-07T05:43:39.205+0000] {processor.py:183} INFO - Processing /opt/airflow/dags/product_pipeline_dag.py took 0.243 seconds
[2026-02-07T05:44:09.316+0000] {processor.py:161} INFO - Started process (PID=265) to work on /opt/airflow/dags/product_pipeline_dag.py
[2026-02-07T05:44:09.318+0000] {processor.py:830} INFO - Processing file /opt/airflow/dags/product_pipeline_dag.py for tasks to queue
[2026-02-07T05:44:09.322+0000] {logging_mixin.py:188} INFO - [2026-02-07T05:44:09.322+0000] {dagbag.py:545} INFO - Filling up the DagBag from /opt/airflow/dags/product_pipeline_dag.py
[2026-02-07T05:44:09.369+0000] {processor.py:840} INFO - DAG(s) 'product_price_pipeline' retrieved from /opt/airflow/dags/product_pipeline_dag.py
[2026-02-07T05:44:09.419+0000] {logging_mixin.py:188} INFO - [2026-02-07T05:44:09.418+0000] {dag.py:3089} INFO - Sync 1 DAGs
[2026-02-07T05:44:09.456+0000] {logging_mixin.py:188} INFO - [2026-02-07T05:44:09.456+0000] {dag.py:3947} INFO - Setting next_dagrun for product_price_pipeline to 2026-02-06 21:00:00+00:00, run_after=2026-02-07 21:00:00+00:00
[2026-02-07T05:44:09.488+0000] {processor.py:183} INFO - Processing /opt/airflow/dags/product_pipeline_dag.py took 0.183 seconds
[2026-02-07T05:44:39.975+0000] {processor.py:161} INFO - Started process (PID=270) to work on /opt/airflow/dags/product_pipeline_dag.py
[2026-02-07T05:44:39.978+0000] {processor.py:830} INFO - Processing file /opt/airflow/dags/product_pipeline_dag.py for tasks to queue
[2026-02-07T05:44:39.981+0000] {logging_mixin.py:188} INFO - [2026-02-07T05:44:39.981+0000] {dagbag.py:545} INFO - Filling up the DagBag from /opt/airflow/dags/product_pipeline_dag.py
[2026-02-07T05:44:40.028+0000] {processor.py:840} INFO - DAG(s) 'product_price_pipeline' retrieved from /opt/airflow/dags/product_pipeline_dag.py
[2026-02-07T05:44:40.075+0000] {logging_mixin.py:188} INFO - [2026-02-07T05:44:40.075+0000] {dag.py:3089} INFO - Sync 1 DAGs
[2026-02-07T05:44:40.105+0000] {logging_mixin.py:188} INFO - [2026-02-07T05:44:40.104+0000] {dag.py:3947} INFO - Setting next_dagrun for product_price_pipeline to 2026-02-06 21:00:00+00:00, run_after=2026-02-07 21:00:00+00:00
[2026-02-07T05:44:40.142+0000] {processor.py:183} INFO - Processing /opt/airflow/dags/product_pipeline_dag.py took 0.175 seconds
[2026-02-07T05:45:10.757+0000] {processor.py:161} INFO - Started process (PID=275) to work on /opt/airflow/dags/product_pipeline_dag.py
[2026-02-07T05:45:10.759+0000] {processor.py:830} INFO - Processing file /opt/airflow/dags/product_pipeline_dag.py for tasks to queue
[2026-02-07T05:45:10.766+0000] {logging_mixin.py:188} INFO - [2026-02-07T05:45:10.765+0000] {dagbag.py:545} INFO - Filling up the DagBag from /opt/airflow/dags/product_pipeline_dag.py
[2026-02-07T05:45:10.823+0000] {processor.py:840} INFO - DAG(s) 'product_price_pipeline' retrieved from /opt/airflow/dags/product_pipeline_dag.py
[2026-02-07T05:45:10.872+0000] {logging_mixin.py:188} INFO - [2026-02-07T05:45:10.872+0000] {dag.py:3089} INFO - Sync 1 DAGs
[2026-02-07T05:45:10.904+0000] {logging_mixin.py:188} INFO - [2026-02-07T05:45:10.904+0000] {dag.py:3947} INFO - Setting next_dagrun for product_price_pipeline to 2026-02-06 21:00:00+00:00, run_after=2026-02-07 21:00:00+00:00
[2026-02-07T05:45:10.960+0000] {processor.py:183} INFO - Processing /opt/airflow/dags/product_pipeline_dag.py took 0.216 seconds
[2026-02-07T05:45:41.432+0000] {processor.py:161} INFO - Started process (PID=280) to work on /opt/airflow/dags/product_pipeline_dag.py
[2026-02-07T05:45:41.434+0000] {processor.py:830} INFO - Processing file /opt/airflow/dags/product_pipeline_dag.py for tasks to queue
[2026-02-07T05:45:41.436+0000] {logging_mixin.py:188} INFO - [2026-02-07T05:45:41.436+0000] {dagbag.py:545} INFO - Filling up the DagBag from /opt/airflow/dags/product_pipeline_dag.py
[2026-02-07T05:45:41.486+0000] {processor.py:840} INFO - DAG(s) 'product_price_pipeline' retrieved from /opt/airflow/dags/product_pipeline_dag.py
[2026-02-07T05:45:41.532+0000] {logging_mixin.py:188} INFO - [2026-02-07T05:45:41.531+0000] {dag.py:3089} INFO - Sync 1 DAGs
[2026-02-07T05:45:41.561+0000] {logging_mixin.py:188} INFO - [2026-02-07T05:45:41.560+0000] {dag.py:3947} INFO - Setting next_dagrun for product_price_pipeline to 2026-02-06 21:00:00+00:00, run_after=2026-02-07 21:00:00+00:00
[2026-02-07T05:45:41.595+0000] {processor.py:183} INFO - Processing /opt/airflow/dags/product_pipeline_dag.py took 0.172 seconds
[2026-02-07T05:47:04.479+0000] {processor.py:161} INFO - Started process (PID=285) to work on /opt/airflow/dags/product_pipeline_dag.py
[2026-02-07T05:47:04.488+0000] {processor.py:830} INFO - Processing file /opt/airflow/dags/product_pipeline_dag.py for tasks to queue
[2026-02-07T05:47:04.506+0000] {logging_mixin.py:188} INFO - [2026-02-07T05:47:04.503+0000] {dagbag.py:545} INFO - Filling up the DagBag from /opt/airflow/dags/product_pipeline_dag.py
[2026-02-07T05:47:04.838+0000] {processor.py:840} INFO - DAG(s) 'product_price_pipeline' retrieved from /opt/airflow/dags/product_pipeline_dag.py
[2026-02-07T05:47:05.378+0000] {logging_mixin.py:188} INFO - [2026-02-07T05:47:05.377+0000] {dag.py:3089} INFO - Sync 1 DAGs
[2026-02-07T05:47:05.728+0000] {logging_mixin.py:188} INFO - [2026-02-07T05:47:05.726+0000] {dag.py:3947} INFO - Setting next_dagrun for product_price_pipeline to 2026-02-06 21:00:00+00:00, run_after=2026-02-07 21:00:00+00:00
[2026-02-07T05:47:05.869+0000] {processor.py:183} INFO - Processing /opt/airflow/dags/product_pipeline_dag.py took 1.552 seconds
[2026-02-07T05:47:36.117+0000] {processor.py:161} INFO - Started process (PID=290) to work on /opt/airflow/dags/product_pipeline_dag.py
[2026-02-07T05:47:36.120+0000] {processor.py:830} INFO - Processing file /opt/airflow/dags/product_pipeline_dag.py for tasks to queue
[2026-02-07T05:47:36.126+0000] {logging_mixin.py:188} INFO - [2026-02-07T05:47:36.125+0000] {dagbag.py:545} INFO - Filling up the DagBag from /opt/airflow/dags/product_pipeline_dag.py
[2026-02-07T05:47:36.192+0000] {processor.py:840} INFO - DAG(s) 'product_price_pipeline' retrieved from /opt/airflow/dags/product_pipeline_dag.py
[2026-02-07T05:47:36.285+0000] {logging_mixin.py:188} INFO - [2026-02-07T05:47:36.284+0000] {dag.py:3089} INFO - Sync 1 DAGs
[2026-02-07T05:47:36.327+0000] {logging_mixin.py:188} INFO - [2026-02-07T05:47:36.327+0000] {dag.py:3947} INFO - Setting next_dagrun for product_price_pipeline to 2026-02-06 21:00:00+00:00, run_after=2026-02-07 21:00:00+00:00
[2026-02-07T05:47:36.386+0000] {processor.py:183} INFO - Processing /opt/airflow/dags/product_pipeline_dag.py took 0.283 seconds
[2026-02-07T05:48:06.686+0000] {processor.py:161} INFO - Started process (PID=301) to work on /opt/airflow/dags/product_pipeline_dag.py
[2026-02-07T05:48:06.688+0000] {processor.py:830} INFO - Processing file /opt/airflow/dags/product_pipeline_dag.py for tasks to queue
[2026-02-07T05:48:06.692+0000] {logging_mixin.py:188} INFO - [2026-02-07T05:48:06.691+0000] {dagbag.py:545} INFO - Filling up the DagBag from /opt/airflow/dags/product_pipeline_dag.py
[2026-02-07T05:48:06.761+0000] {processor.py:840} INFO - DAG(s) 'product_price_pipeline' retrieved from /opt/airflow/dags/product_pipeline_dag.py
[2026-02-07T05:48:06.826+0000] {logging_mixin.py:188} INFO - [2026-02-07T05:48:06.826+0000] {dag.py:3089} INFO - Sync 1 DAGs
[2026-02-07T05:48:06.872+0000] {logging_mixin.py:188} INFO - [2026-02-07T05:48:06.871+0000] {dag.py:3947} INFO - Setting next_dagrun for product_price_pipeline to 2026-02-06 21:00:00+00:00, run_after=2026-02-07 21:00:00+00:00
[2026-02-07T05:48:06.911+0000] {processor.py:183} INFO - Processing /opt/airflow/dags/product_pipeline_dag.py took 0.239 seconds
[2026-02-07T05:48:37.394+0000] {processor.py:161} INFO - Started process (PID=306) to work on /opt/airflow/dags/product_pipeline_dag.py
[2026-02-07T05:48:37.398+0000] {processor.py:830} INFO - Processing file /opt/airflow/dags/product_pipeline_dag.py for tasks to queue
[2026-02-07T05:48:37.404+0000] {logging_mixin.py:188} INFO - [2026-02-07T05:48:37.403+0000] {dagbag.py:545} INFO - Filling up the DagBag from /opt/airflow/dags/product_pipeline_dag.py
[2026-02-07T05:48:37.451+0000] {processor.py:840} INFO - DAG(s) 'product_price_pipeline' retrieved from /opt/airflow/dags/product_pipeline_dag.py
[2026-02-07T05:48:37.513+0000] {logging_mixin.py:188} INFO - [2026-02-07T05:48:37.512+0000] {dag.py:3089} INFO - Sync 1 DAGs
[2026-02-07T05:48:37.547+0000] {logging_mixin.py:188} INFO - [2026-02-07T05:48:37.547+0000] {dag.py:3947} INFO - Setting next_dagrun for product_price_pipeline to 2026-02-06 21:00:00+00:00, run_after=2026-02-07 21:00:00+00:00
[2026-02-07T05:48:37.587+0000] {processor.py:183} INFO - Processing /opt/airflow/dags/product_pipeline_dag.py took 0.204 seconds
[2026-02-07T05:49:08.324+0000] {processor.py:161} INFO - Started process (PID=311) to work on /opt/airflow/dags/product_pipeline_dag.py
[2026-02-07T05:49:08.327+0000] {processor.py:830} INFO - Processing file /opt/airflow/dags/product_pipeline_dag.py for tasks to queue
[2026-02-07T05:49:08.330+0000] {logging_mixin.py:188} INFO - [2026-02-07T05:49:08.330+0000] {dagbag.py:545} INFO - Filling up the DagBag from /opt/airflow/dags/product_pipeline_dag.py
[2026-02-07T05:49:08.367+0000] {processor.py:840} INFO - DAG(s) 'product_price_pipeline' retrieved from /opt/airflow/dags/product_pipeline_dag.py
[2026-02-07T05:49:08.416+0000] {logging_mixin.py:188} INFO - [2026-02-07T05:49:08.416+0000] {dag.py:3089} INFO - Sync 1 DAGs
[2026-02-07T05:49:08.455+0000] {logging_mixin.py:188} INFO - [2026-02-07T05:49:08.454+0000] {dag.py:3947} INFO - Setting next_dagrun for product_price_pipeline to 2026-02-06 21:00:00+00:00, run_after=2026-02-07 21:00:00+00:00
[2026-02-07T05:49:08.495+0000] {processor.py:183} INFO - Processing /opt/airflow/dags/product_pipeline_dag.py took 0.181 seconds
[2026-02-07T05:49:38.986+0000] {processor.py:161} INFO - Started process (PID=316) to work on /opt/airflow/dags/product_pipeline_dag.py
[2026-02-07T05:49:38.989+0000] {processor.py:830} INFO - Processing file /opt/airflow/dags/product_pipeline_dag.py for tasks to queue
[2026-02-07T05:49:38.992+0000] {logging_mixin.py:188} INFO - [2026-02-07T05:49:38.992+0000] {dagbag.py:545} INFO - Filling up the DagBag from /opt/airflow/dags/product_pipeline_dag.py
[2026-02-07T05:49:39.038+0000] {processor.py:840} INFO - DAG(s) 'product_price_pipeline' retrieved from /opt/airflow/dags/product_pipeline_dag.py
[2026-02-07T05:49:39.086+0000] {logging_mixin.py:188} INFO - [2026-02-07T05:49:39.086+0000] {dag.py:3089} INFO - Sync 1 DAGs
[2026-02-07T05:49:39.118+0000] {logging_mixin.py:188} INFO - [2026-02-07T05:49:39.117+0000] {dag.py:3947} INFO - Setting next_dagrun for product_price_pipeline to 2026-02-06 21:00:00+00:00, run_after=2026-02-07 21:00:00+00:00
[2026-02-07T05:49:39.154+0000] {processor.py:183} INFO - Processing /opt/airflow/dags/product_pipeline_dag.py took 0.177 seconds
[2026-02-07T05:50:09.737+0000] {processor.py:161} INFO - Started process (PID=321) to work on /opt/airflow/dags/product_pipeline_dag.py
[2026-02-07T05:50:09.739+0000] {processor.py:830} INFO - Processing file /opt/airflow/dags/product_pipeline_dag.py for tasks to queue
[2026-02-07T05:50:09.742+0000] {logging_mixin.py:188} INFO - [2026-02-07T05:50:09.742+0000] {dagbag.py:545} INFO - Filling up the DagBag from /opt/airflow/dags/product_pipeline_dag.py
[2026-02-07T05:50:09.772+0000] {processor.py:840} INFO - DAG(s) 'product_price_pipeline' retrieved from /opt/airflow/dags/product_pipeline_dag.py
[2026-02-07T05:50:09.817+0000] {logging_mixin.py:188} INFO - [2026-02-07T05:50:09.817+0000] {dag.py:3089} INFO - Sync 1 DAGs
[2026-02-07T05:50:09.845+0000] {logging_mixin.py:188} INFO - [2026-02-07T05:50:09.845+0000] {dag.py:3947} INFO - Setting next_dagrun for product_price_pipeline to 2026-02-06 21:00:00+00:00, run_after=2026-02-07 21:00:00+00:00
[2026-02-07T05:50:09.878+0000] {processor.py:183} INFO - Processing /opt/airflow/dags/product_pipeline_dag.py took 0.150 seconds
[2026-02-07T05:50:40.348+0000] {processor.py:161} INFO - Started process (PID=326) to work on /opt/airflow/dags/product_pipeline_dag.py
[2026-02-07T05:50:40.350+0000] {processor.py:830} INFO - Processing file /opt/airflow/dags/product_pipeline_dag.py for tasks to queue
[2026-02-07T05:50:40.353+0000] {logging_mixin.py:188} INFO - [2026-02-07T05:50:40.353+0000] {dagbag.py:545} INFO - Filling up the DagBag from /opt/airflow/dags/product_pipeline_dag.py
[2026-02-07T05:50:40.391+0000] {processor.py:840} INFO - DAG(s) 'product_price_pipeline' retrieved from /opt/airflow/dags/product_pipeline_dag.py
[2026-02-07T05:50:40.436+0000] {logging_mixin.py:188} INFO - [2026-02-07T05:50:40.436+0000] {dag.py:3089} INFO - Sync 1 DAGs
[2026-02-07T05:50:40.474+0000] {logging_mixin.py:188} INFO - [2026-02-07T05:50:40.474+0000] {dag.py:3947} INFO - Setting next_dagrun for product_price_pipeline to 2026-02-06 21:00:00+00:00, run_after=2026-02-07 21:00:00+00:00
[2026-02-07T05:50:40.507+0000] {processor.py:183} INFO - Processing /opt/airflow/dags/product_pipeline_dag.py took 0.168 seconds
[2026-02-07T05:51:11.065+0000] {processor.py:161} INFO - Started process (PID=331) to work on /opt/airflow/dags/product_pipeline_dag.py
[2026-02-07T05:51:11.067+0000] {processor.py:830} INFO - Processing file /opt/airflow/dags/product_pipeline_dag.py for tasks to queue
[2026-02-07T05:51:11.072+0000] {logging_mixin.py:188} INFO - [2026-02-07T05:51:11.071+0000] {dagbag.py:545} INFO - Filling up the DagBag from /opt/airflow/dags/product_pipeline_dag.py
[2026-02-07T05:51:11.125+0000] {processor.py:840} INFO - DAG(s) 'product_price_pipeline' retrieved from /opt/airflow/dags/product_pipeline_dag.py
[2026-02-07T05:51:11.185+0000] {logging_mixin.py:188} INFO - [2026-02-07T05:51:11.184+0000] {dag.py:3089} INFO - Sync 1 DAGs
[2026-02-07T05:51:11.229+0000] {logging_mixin.py:188} INFO - [2026-02-07T05:51:11.228+0000] {dag.py:3947} INFO - Setting next_dagrun for product_price_pipeline to 2026-02-06 21:00:00+00:00, run_after=2026-02-07 21:00:00+00:00
[2026-02-07T05:51:11.264+0000] {processor.py:183} INFO - Processing /opt/airflow/dags/product_pipeline_dag.py took 0.208 seconds
[2026-02-07T05:51:41.876+0000] {processor.py:161} INFO - Started process (PID=336) to work on /opt/airflow/dags/product_pipeline_dag.py
[2026-02-07T05:51:41.880+0000] {processor.py:830} INFO - Processing file /opt/airflow/dags/product_pipeline_dag.py for tasks to queue
[2026-02-07T05:51:41.888+0000] {logging_mixin.py:188} INFO - [2026-02-07T05:51:41.887+0000] {dagbag.py:545} INFO - Filling up the DagBag from /opt/airflow/dags/product_pipeline_dag.py
[2026-02-07T05:51:41.958+0000] {processor.py:840} INFO - DAG(s) 'product_price_pipeline' retrieved from /opt/airflow/dags/product_pipeline_dag.py
[2026-02-07T05:51:42.044+0000] {logging_mixin.py:188} INFO - [2026-02-07T05:51:42.043+0000] {dag.py:3089} INFO - Sync 1 DAGs
[2026-02-07T05:51:42.093+0000] {logging_mixin.py:188} INFO - [2026-02-07T05:51:42.093+0000] {dag.py:3947} INFO - Setting next_dagrun for product_price_pipeline to 2026-02-06 21:00:00+00:00, run_after=2026-02-07 21:00:00+00:00
[2026-02-07T05:51:42.141+0000] {processor.py:183} INFO - Processing /opt/airflow/dags/product_pipeline_dag.py took 0.285 seconds
[2026-02-07T05:52:12.493+0000] {processor.py:161} INFO - Started process (PID=341) to work on /opt/airflow/dags/product_pipeline_dag.py
[2026-02-07T05:52:12.496+0000] {processor.py:830} INFO - Processing file /opt/airflow/dags/product_pipeline_dag.py for tasks to queue
[2026-02-07T05:52:12.500+0000] {logging_mixin.py:188} INFO - [2026-02-07T05:52:12.499+0000] {dagbag.py:545} INFO - Filling up the DagBag from /opt/airflow/dags/product_pipeline_dag.py
[2026-02-07T05:52:12.548+0000] {processor.py:840} INFO - DAG(s) 'product_price_pipeline' retrieved from /opt/airflow/dags/product_pipeline_dag.py
[2026-02-07T05:52:12.622+0000] {logging_mixin.py:188} INFO - [2026-02-07T05:52:12.621+0000] {dag.py:3089} INFO - Sync 1 DAGs
[2026-02-07T05:52:12.667+0000] {logging_mixin.py:188} INFO - [2026-02-07T05:52:12.667+0000] {dag.py:3947} INFO - Setting next_dagrun for product_price_pipeline to 2026-02-06 21:00:00+00:00, run_after=2026-02-07 21:00:00+00:00
[2026-02-07T05:52:12.702+0000] {processor.py:183} INFO - Processing /opt/airflow/dags/product_pipeline_dag.py took 0.217 seconds
[2026-02-07T05:52:30.959+0000] {processor.py:161} INFO - Started process (PID=346) to work on /opt/airflow/dags/product_pipeline_dag.py
[2026-02-07T05:52:30.962+0000] {processor.py:830} INFO - Processing file /opt/airflow/dags/product_pipeline_dag.py for tasks to queue
[2026-02-07T05:52:30.968+0000] {logging_mixin.py:188} INFO - [2026-02-07T05:52:30.967+0000] {dagbag.py:545} INFO - Filling up the DagBag from /opt/airflow/dags/product_pipeline_dag.py
[2026-02-07T05:52:31.068+0000] {processor.py:840} INFO - DAG(s) 'product_price_pipeline' retrieved from /opt/airflow/dags/product_pipeline_dag.py
[2026-02-07T05:52:31.805+0000] {logging_mixin.py:188} INFO - [2026-02-07T05:52:31.797+0000] {dag.py:3089} INFO - Sync 1 DAGs
[2026-02-07T05:52:31.871+0000] {logging_mixin.py:188} INFO - [2026-02-07T05:52:31.870+0000] {dag.py:3947} INFO - Setting next_dagrun for product_price_pipeline to 2026-02-06 21:00:00+00:00, run_after=2026-02-07 21:00:00+00:00
[2026-02-07T05:52:31.987+0000] {processor.py:183} INFO - Processing /opt/airflow/dags/product_pipeline_dag.py took 1.040 seconds
[2026-02-07T05:53:02.591+0000] {processor.py:161} INFO - Started process (PID=351) to work on /opt/airflow/dags/product_pipeline_dag.py
[2026-02-07T05:53:02.593+0000] {processor.py:830} INFO - Processing file /opt/airflow/dags/product_pipeline_dag.py for tasks to queue
[2026-02-07T05:53:02.597+0000] {logging_mixin.py:188} INFO - [2026-02-07T05:53:02.597+0000] {dagbag.py:545} INFO - Filling up the DagBag from /opt/airflow/dags/product_pipeline_dag.py
[2026-02-07T05:53:02.651+0000] {processor.py:840} INFO - DAG(s) 'product_price_pipeline' retrieved from /opt/airflow/dags/product_pipeline_dag.py
[2026-02-07T05:53:02.885+0000] {logging_mixin.py:188} INFO - [2026-02-07T05:53:02.885+0000] {dag.py:3089} INFO - Sync 1 DAGs
[2026-02-07T05:53:02.927+0000] {logging_mixin.py:188} INFO - [2026-02-07T05:53:02.927+0000] {dag.py:3947} INFO - Setting next_dagrun for product_price_pipeline to 2026-02-06 21:00:00+00:00, run_after=2026-02-07 21:00:00+00:00
[2026-02-07T05:53:02.965+0000] {processor.py:183} INFO - Processing /opt/airflow/dags/product_pipeline_dag.py took 0.384 seconds
[2026-02-07T05:53:09.382+0000] {processor.py:161} INFO - Started process (PID=356) to work on /opt/airflow/dags/product_pipeline_dag.py
[2026-02-07T05:53:09.384+0000] {processor.py:830} INFO - Processing file /opt/airflow/dags/product_pipeline_dag.py for tasks to queue
[2026-02-07T05:53:09.388+0000] {logging_mixin.py:188} INFO - [2026-02-07T05:53:09.388+0000] {dagbag.py:545} INFO - Filling up the DagBag from /opt/airflow/dags/product_pipeline_dag.py
[2026-02-07T05:53:09.496+0000] {logging_mixin.py:188} INFO - [2026-02-07T05:53:09.474+0000] {dagbag.py:355} ERROR - Failed to import: /opt/airflow/dags/product_pipeline_dag.py
Traceback (most recent call last):
  File "/home/airflow/.local/lib/python3.12/site-packages/airflow/models/dagbag.py", line 351, in parse
    loader.exec_module(new_module)
  File "<frozen importlib._bootstrap_external>", line 995, in exec_module
  File "<frozen importlib._bootstrap>", line 488, in _call_with_frames_removed
  File "/opt/airflow/dags/product_pipeline_dag.py", line 27, in <module>
    clean_task = BashOperator(
                 ^^^^^^^^^^^^^
  File "/home/airflow/.local/lib/python3.12/site-packages/airflow/models/baseoperator.py", line 468, in apply_defaults
    raise AirflowException(f"missing keyword argument {missing_args.pop()!r}")
airflow.exceptions.AirflowException: missing keyword argument 'bash_command'
[2026-02-07T05:53:09.501+0000] {processor.py:842} WARNING - No viable dags retrieved from /opt/airflow/dags/product_pipeline_dag.py
[2026-02-07T05:53:09.573+0000] {processor.py:183} INFO - Processing /opt/airflow/dags/product_pipeline_dag.py took 0.202 seconds
[2026-02-07T05:53:20.560+0000] {processor.py:161} INFO - Started process (PID=361) to work on /opt/airflow/dags/product_pipeline_dag.py
[2026-02-07T05:53:20.562+0000] {processor.py:830} INFO - Processing file /opt/airflow/dags/product_pipeline_dag.py for tasks to queue
[2026-02-07T05:53:20.566+0000] {logging_mixin.py:188} INFO - [2026-02-07T05:53:20.565+0000] {dagbag.py:545} INFO - Filling up the DagBag from /opt/airflow/dags/product_pipeline_dag.py
[2026-02-07T05:53:20.666+0000] {processor.py:840} INFO - DAG(s) 'product_price_pipeline' retrieved from /opt/airflow/dags/product_pipeline_dag.py
[2026-02-07T05:53:20.837+0000] {logging_mixin.py:188} INFO - [2026-02-07T05:53:20.837+0000] {dag.py:3089} INFO - Sync 1 DAGs
[2026-02-07T05:53:20.865+0000] {logging_mixin.py:188} INFO - [2026-02-07T05:53:20.864+0000] {dag.py:3947} INFO - Setting next_dagrun for product_price_pipeline to 2026-02-06 21:00:00+00:00, run_after=2026-02-07 21:00:00+00:00
[2026-02-07T05:53:20.907+0000] {processor.py:183} INFO - Processing /opt/airflow/dags/product_pipeline_dag.py took 0.356 seconds
[2026-02-07T05:54:54.237+0000] {processor.py:161} INFO - Started process (PID=186) to work on /opt/airflow/dags/product_pipeline_dag.py
[2026-02-07T05:54:54.251+0000] {processor.py:830} INFO - Processing file /opt/airflow/dags/product_pipeline_dag.py for tasks to queue
[2026-02-07T05:54:54.258+0000] {logging_mixin.py:188} INFO - [2026-02-07T05:54:54.257+0000] {dagbag.py:545} INFO - Filling up the DagBag from /opt/airflow/dags/product_pipeline_dag.py
[2026-02-07T05:54:54.330+0000] {processor.py:840} INFO - DAG(s) 'product_price_pipeline' retrieved from /opt/airflow/dags/product_pipeline_dag.py
[2026-02-07T05:54:54.414+0000] {logging_mixin.py:188} INFO - [2026-02-07T05:54:54.413+0000] {dag.py:3089} INFO - Sync 1 DAGs
[2026-02-07T05:54:54.474+0000] {logging_mixin.py:188} INFO - [2026-02-07T05:54:54.474+0000] {dag.py:3947} INFO - Setting next_dagrun for product_price_pipeline to 2026-02-06 21:00:00+00:00, run_after=2026-02-07 21:00:00+00:00
[2026-02-07T05:54:54.524+0000] {processor.py:183} INFO - Processing /opt/airflow/dags/product_pipeline_dag.py took 0.300 seconds
[2026-02-07T05:55:25.049+0000] {processor.py:161} INFO - Started process (PID=205) to work on /opt/airflow/dags/product_pipeline_dag.py
[2026-02-07T05:55:25.053+0000] {processor.py:830} INFO - Processing file /opt/airflow/dags/product_pipeline_dag.py for tasks to queue
[2026-02-07T05:55:25.058+0000] {logging_mixin.py:188} INFO - [2026-02-07T05:55:25.057+0000] {dagbag.py:545} INFO - Filling up the DagBag from /opt/airflow/dags/product_pipeline_dag.py
[2026-02-07T05:55:25.105+0000] {processor.py:840} INFO - DAG(s) 'product_price_pipeline' retrieved from /opt/airflow/dags/product_pipeline_dag.py
[2026-02-07T05:55:25.311+0000] {logging_mixin.py:188} INFO - [2026-02-07T05:55:25.311+0000] {dag.py:3089} INFO - Sync 1 DAGs
[2026-02-07T05:55:25.354+0000] {logging_mixin.py:188} INFO - [2026-02-07T05:55:25.354+0000] {dag.py:3947} INFO - Setting next_dagrun for product_price_pipeline to 2026-02-06 21:00:00+00:00, run_after=2026-02-07 21:00:00+00:00
[2026-02-07T05:55:25.402+0000] {processor.py:183} INFO - Processing /opt/airflow/dags/product_pipeline_dag.py took 0.363 seconds
[2026-02-07T05:55:55.884+0000] {processor.py:161} INFO - Started process (PID=219) to work on /opt/airflow/dags/product_pipeline_dag.py
[2026-02-07T05:55:55.887+0000] {processor.py:830} INFO - Processing file /opt/airflow/dags/product_pipeline_dag.py for tasks to queue
[2026-02-07T05:55:55.892+0000] {logging_mixin.py:188} INFO - [2026-02-07T05:55:55.891+0000] {dagbag.py:545} INFO - Filling up the DagBag from /opt/airflow/dags/product_pipeline_dag.py
[2026-02-07T05:55:55.945+0000] {processor.py:840} INFO - DAG(s) 'product_price_pipeline' retrieved from /opt/airflow/dags/product_pipeline_dag.py
[2026-02-07T05:55:56.016+0000] {logging_mixin.py:188} INFO - [2026-02-07T05:55:56.015+0000] {dag.py:3089} INFO - Sync 1 DAGs
[2026-02-07T05:55:56.062+0000] {logging_mixin.py:188} INFO - [2026-02-07T05:55:56.062+0000] {dag.py:3947} INFO - Setting next_dagrun for product_price_pipeline to 2026-02-06 21:00:00+00:00, run_after=2026-02-07 21:00:00+00:00
[2026-02-07T05:55:56.113+0000] {processor.py:183} INFO - Processing /opt/airflow/dags/product_pipeline_dag.py took 0.241 seconds
[2026-02-07T05:56:26.745+0000] {processor.py:161} INFO - Started process (PID=224) to work on /opt/airflow/dags/product_pipeline_dag.py
[2026-02-07T05:56:26.748+0000] {processor.py:830} INFO - Processing file /opt/airflow/dags/product_pipeline_dag.py for tasks to queue
[2026-02-07T05:56:26.753+0000] {logging_mixin.py:188} INFO - [2026-02-07T05:56:26.752+0000] {dagbag.py:545} INFO - Filling up the DagBag from /opt/airflow/dags/product_pipeline_dag.py
[2026-02-07T05:56:26.831+0000] {processor.py:840} INFO - DAG(s) 'product_price_pipeline' retrieved from /opt/airflow/dags/product_pipeline_dag.py
[2026-02-07T05:56:26.921+0000] {logging_mixin.py:188} INFO - [2026-02-07T05:56:26.920+0000] {dag.py:3089} INFO - Sync 1 DAGs
[2026-02-07T05:56:26.966+0000] {logging_mixin.py:188} INFO - [2026-02-07T05:56:26.965+0000] {dag.py:3947} INFO - Setting next_dagrun for product_price_pipeline to 2026-02-06 21:00:00+00:00, run_after=2026-02-07 21:00:00+00:00
[2026-02-07T05:56:27.011+0000] {processor.py:183} INFO - Processing /opt/airflow/dags/product_pipeline_dag.py took 0.314 seconds
[2026-02-07T05:56:57.406+0000] {processor.py:161} INFO - Started process (PID=229) to work on /opt/airflow/dags/product_pipeline_dag.py
[2026-02-07T05:56:57.413+0000] {processor.py:830} INFO - Processing file /opt/airflow/dags/product_pipeline_dag.py for tasks to queue
[2026-02-07T05:56:57.428+0000] {logging_mixin.py:188} INFO - [2026-02-07T05:56:57.426+0000] {dagbag.py:545} INFO - Filling up the DagBag from /opt/airflow/dags/product_pipeline_dag.py
[2026-02-07T05:56:57.499+0000] {processor.py:840} INFO - DAG(s) 'product_price_pipeline' retrieved from /opt/airflow/dags/product_pipeline_dag.py
[2026-02-07T05:56:57.663+0000] {logging_mixin.py:188} INFO - [2026-02-07T05:56:57.660+0000] {dag.py:3089} INFO - Sync 1 DAGs
[2026-02-07T05:56:57.731+0000] {logging_mixin.py:188} INFO - [2026-02-07T05:56:57.731+0000] {dag.py:3947} INFO - Setting next_dagrun for product_price_pipeline to 2026-02-06 21:00:00+00:00, run_after=2026-02-07 21:00:00+00:00
[2026-02-07T05:56:57.794+0000] {processor.py:183} INFO - Processing /opt/airflow/dags/product_pipeline_dag.py took 0.415 seconds
[2026-02-07T05:57:28.434+0000] {processor.py:161} INFO - Started process (PID=236) to work on /opt/airflow/dags/product_pipeline_dag.py
[2026-02-07T05:57:28.437+0000] {processor.py:830} INFO - Processing file /opt/airflow/dags/product_pipeline_dag.py for tasks to queue
[2026-02-07T05:57:28.442+0000] {logging_mixin.py:188} INFO - [2026-02-07T05:57:28.441+0000] {dagbag.py:545} INFO - Filling up the DagBag from /opt/airflow/dags/product_pipeline_dag.py
[2026-02-07T05:57:28.523+0000] {processor.py:840} INFO - DAG(s) 'product_price_pipeline' retrieved from /opt/airflow/dags/product_pipeline_dag.py
[2026-02-07T05:57:28.668+0000] {logging_mixin.py:188} INFO - [2026-02-07T05:57:28.667+0000] {dag.py:3089} INFO - Sync 1 DAGs
[2026-02-07T05:57:28.755+0000] {logging_mixin.py:188} INFO - [2026-02-07T05:57:28.754+0000] {dag.py:3947} INFO - Setting next_dagrun for product_price_pipeline to 2026-02-06 21:00:00+00:00, run_after=2026-02-07 21:00:00+00:00
[2026-02-07T05:57:28.820+0000] {processor.py:183} INFO - Processing /opt/airflow/dags/product_pipeline_dag.py took 0.402 seconds
[2026-02-07T05:57:59.313+0000] {processor.py:161} INFO - Started process (PID=241) to work on /opt/airflow/dags/product_pipeline_dag.py
[2026-02-07T05:57:59.320+0000] {processor.py:830} INFO - Processing file /opt/airflow/dags/product_pipeline_dag.py for tasks to queue
[2026-02-07T05:57:59.329+0000] {logging_mixin.py:188} INFO - [2026-02-07T05:57:59.328+0000] {dagbag.py:545} INFO - Filling up the DagBag from /opt/airflow/dags/product_pipeline_dag.py
[2026-02-07T05:57:59.414+0000] {processor.py:840} INFO - DAG(s) 'product_price_pipeline' retrieved from /opt/airflow/dags/product_pipeline_dag.py
[2026-02-07T05:57:59.512+0000] {logging_mixin.py:188} INFO - [2026-02-07T05:57:59.511+0000] {dag.py:3089} INFO - Sync 1 DAGs
[2026-02-07T05:57:59.605+0000] {logging_mixin.py:188} INFO - [2026-02-07T05:57:59.605+0000] {dag.py:3947} INFO - Setting next_dagrun for product_price_pipeline to 2026-02-06 21:00:00+00:00, run_after=2026-02-07 21:00:00+00:00
[2026-02-07T05:57:59.665+0000] {processor.py:183} INFO - Processing /opt/airflow/dags/product_pipeline_dag.py took 0.389 seconds
[2026-02-07T05:58:30.383+0000] {processor.py:161} INFO - Started process (PID=247) to work on /opt/airflow/dags/product_pipeline_dag.py
[2026-02-07T05:58:30.393+0000] {processor.py:830} INFO - Processing file /opt/airflow/dags/product_pipeline_dag.py for tasks to queue
[2026-02-07T05:58:30.405+0000] {logging_mixin.py:188} INFO - [2026-02-07T05:58:30.403+0000] {dagbag.py:545} INFO - Filling up the DagBag from /opt/airflow/dags/product_pipeline_dag.py
[2026-02-07T05:58:30.538+0000] {processor.py:840} INFO - DAG(s) 'product_price_pipeline' retrieved from /opt/airflow/dags/product_pipeline_dag.py
[2026-02-07T05:58:30.688+0000] {logging_mixin.py:188} INFO - [2026-02-07T05:58:30.688+0000] {dag.py:3089} INFO - Sync 1 DAGs
[2026-02-07T05:58:30.762+0000] {logging_mixin.py:188} INFO - [2026-02-07T05:58:30.761+0000] {dag.py:3947} INFO - Setting next_dagrun for product_price_pipeline to 2026-02-06 21:00:00+00:00, run_after=2026-02-07 21:00:00+00:00
[2026-02-07T05:58:30.816+0000] {processor.py:183} INFO - Processing /opt/airflow/dags/product_pipeline_dag.py took 0.473 seconds
[2026-02-07T05:59:01.075+0000] {processor.py:161} INFO - Started process (PID=255) to work on /opt/airflow/dags/product_pipeline_dag.py
[2026-02-07T05:59:01.078+0000] {processor.py:830} INFO - Processing file /opt/airflow/dags/product_pipeline_dag.py for tasks to queue
[2026-02-07T05:59:01.083+0000] {logging_mixin.py:188} INFO - [2026-02-07T05:59:01.082+0000] {dagbag.py:545} INFO - Filling up the DagBag from /opt/airflow/dags/product_pipeline_dag.py
[2026-02-07T05:59:01.174+0000] {processor.py:840} INFO - DAG(s) 'product_price_pipeline' retrieved from /opt/airflow/dags/product_pipeline_dag.py
[2026-02-07T05:59:01.290+0000] {logging_mixin.py:188} INFO - [2026-02-07T05:59:01.289+0000] {dag.py:3089} INFO - Sync 1 DAGs
[2026-02-07T05:59:01.344+0000] {logging_mixin.py:188} INFO - [2026-02-07T05:59:01.343+0000] {dag.py:3947} INFO - Setting next_dagrun for product_price_pipeline to 2026-02-05 21:00:00+00:00, run_after=2026-02-06 21:00:00+00:00
[2026-02-07T05:59:01.393+0000] {processor.py:183} INFO - Processing /opt/airflow/dags/product_pipeline_dag.py took 0.338 seconds
[2026-02-07T05:59:32.837+0000] {processor.py:161} INFO - Started process (PID=263) to work on /opt/airflow/dags/product_pipeline_dag.py
[2026-02-07T05:59:32.854+0000] {processor.py:830} INFO - Processing file /opt/airflow/dags/product_pipeline_dag.py for tasks to queue
[2026-02-07T05:59:32.898+0000] {logging_mixin.py:188} INFO - [2026-02-07T05:59:32.892+0000] {dagbag.py:545} INFO - Filling up the DagBag from /opt/airflow/dags/product_pipeline_dag.py
[2026-02-07T05:59:33.304+0000] {processor.py:840} INFO - DAG(s) 'product_price_pipeline' retrieved from /opt/airflow/dags/product_pipeline_dag.py
[2026-02-07T05:59:33.798+0000] {logging_mixin.py:188} INFO - [2026-02-07T05:59:33.796+0000] {dag.py:3089} INFO - Sync 1 DAGs
[2026-02-07T05:59:34.258+0000] {logging_mixin.py:188} INFO - [2026-02-07T05:59:34.255+0000] {dag.py:3947} INFO - Setting next_dagrun for product_price_pipeline to 2026-02-06 21:00:00+00:00, run_after=2026-02-07 21:00:00+00:00
[2026-02-07T05:59:34.403+0000] {processor.py:183} INFO - Processing /opt/airflow/dags/product_pipeline_dag.py took 1.737 seconds
[2026-02-07T06:00:04.814+0000] {processor.py:161} INFO - Started process (PID=268) to work on /opt/airflow/dags/product_pipeline_dag.py
[2026-02-07T06:00:04.822+0000] {processor.py:830} INFO - Processing file /opt/airflow/dags/product_pipeline_dag.py for tasks to queue
[2026-02-07T06:00:04.827+0000] {logging_mixin.py:188} INFO - [2026-02-07T06:00:04.827+0000] {dagbag.py:545} INFO - Filling up the DagBag from /opt/airflow/dags/product_pipeline_dag.py
[2026-02-07T06:00:04.915+0000] {processor.py:840} INFO - DAG(s) 'product_price_pipeline' retrieved from /opt/airflow/dags/product_pipeline_dag.py
[2026-02-07T06:00:05.044+0000] {logging_mixin.py:188} INFO - [2026-02-07T06:00:05.043+0000] {dag.py:3089} INFO - Sync 1 DAGs
[2026-02-07T06:00:05.464+0000] {logging_mixin.py:188} INFO - [2026-02-07T06:00:05.463+0000] {dag.py:3947} INFO - Setting next_dagrun for product_price_pipeline to 2026-02-06 21:00:00+00:00, run_after=2026-02-07 21:00:00+00:00
[2026-02-07T06:00:05.683+0000] {processor.py:183} INFO - Processing /opt/airflow/dags/product_pipeline_dag.py took 0.880 seconds
[2026-02-07T06:00:36.903+0000] {processor.py:161} INFO - Started process (PID=279) to work on /opt/airflow/dags/product_pipeline_dag.py
[2026-02-07T06:00:36.918+0000] {processor.py:830} INFO - Processing file /opt/airflow/dags/product_pipeline_dag.py for tasks to queue
[2026-02-07T06:00:36.954+0000] {logging_mixin.py:188} INFO - [2026-02-07T06:00:36.951+0000] {dagbag.py:545} INFO - Filling up the DagBag from /opt/airflow/dags/product_pipeline_dag.py
[2026-02-07T06:00:37.184+0000] {processor.py:840} INFO - DAG(s) 'product_price_pipeline' retrieved from /opt/airflow/dags/product_pipeline_dag.py
[2026-02-07T06:00:37.448+0000] {logging_mixin.py:188} INFO - [2026-02-07T06:00:37.446+0000] {dag.py:3089} INFO - Sync 1 DAGs
[2026-02-07T06:00:37.558+0000] {logging_mixin.py:188} INFO - [2026-02-07T06:00:37.558+0000] {dag.py:3947} INFO - Setting next_dagrun for product_price_pipeline to 2026-02-06 21:00:00+00:00, run_after=2026-02-07 21:00:00+00:00
[2026-02-07T06:00:37.615+0000] {processor.py:183} INFO - Processing /opt/airflow/dags/product_pipeline_dag.py took 0.802 seconds
[2026-02-07T06:01:08.345+0000] {processor.py:161} INFO - Started process (PID=316) to work on /opt/airflow/dags/product_pipeline_dag.py
[2026-02-07T06:01:08.347+0000] {processor.py:830} INFO - Processing file /opt/airflow/dags/product_pipeline_dag.py for tasks to queue
[2026-02-07T06:01:08.351+0000] {logging_mixin.py:188} INFO - [2026-02-07T06:01:08.350+0000] {dagbag.py:545} INFO - Filling up the DagBag from /opt/airflow/dags/product_pipeline_dag.py
[2026-02-07T06:01:08.418+0000] {processor.py:840} INFO - DAG(s) 'product_price_pipeline' retrieved from /opt/airflow/dags/product_pipeline_dag.py
[2026-02-07T06:01:08.509+0000] {logging_mixin.py:188} INFO - [2026-02-07T06:01:08.509+0000] {dag.py:3089} INFO - Sync 1 DAGs
[2026-02-07T06:01:08.546+0000] {logging_mixin.py:188} INFO - [2026-02-07T06:01:08.546+0000] {dag.py:3947} INFO - Setting next_dagrun for product_price_pipeline to 2026-02-06 21:00:00+00:00, run_after=2026-02-07 21:00:00+00:00
[2026-02-07T06:01:08.594+0000] {processor.py:183} INFO - Processing /opt/airflow/dags/product_pipeline_dag.py took 0.266 seconds
[2026-02-07T06:01:39.020+0000] {processor.py:161} INFO - Started process (PID=321) to work on /opt/airflow/dags/product_pipeline_dag.py
[2026-02-07T06:01:39.023+0000] {processor.py:830} INFO - Processing file /opt/airflow/dags/product_pipeline_dag.py for tasks to queue
[2026-02-07T06:01:39.027+0000] {logging_mixin.py:188} INFO - [2026-02-07T06:01:39.026+0000] {dagbag.py:545} INFO - Filling up the DagBag from /opt/airflow/dags/product_pipeline_dag.py
[2026-02-07T06:01:39.069+0000] {processor.py:840} INFO - DAG(s) 'product_price_pipeline' retrieved from /opt/airflow/dags/product_pipeline_dag.py
[2026-02-07T06:01:39.114+0000] {logging_mixin.py:188} INFO - [2026-02-07T06:01:39.113+0000] {dag.py:3089} INFO - Sync 1 DAGs
[2026-02-07T06:01:39.149+0000] {logging_mixin.py:188} INFO - [2026-02-07T06:01:39.149+0000] {dag.py:3947} INFO - Setting next_dagrun for product_price_pipeline to 2026-02-06 21:00:00+00:00, run_after=2026-02-07 21:00:00+00:00
[2026-02-07T06:01:39.186+0000] {processor.py:183} INFO - Processing /opt/airflow/dags/product_pipeline_dag.py took 0.175 seconds
[2026-02-07T06:02:09.671+0000] {processor.py:161} INFO - Started process (PID=326) to work on /opt/airflow/dags/product_pipeline_dag.py
[2026-02-07T06:02:09.673+0000] {processor.py:830} INFO - Processing file /opt/airflow/dags/product_pipeline_dag.py for tasks to queue
[2026-02-07T06:02:09.676+0000] {logging_mixin.py:188} INFO - [2026-02-07T06:02:09.676+0000] {dagbag.py:545} INFO - Filling up the DagBag from /opt/airflow/dags/product_pipeline_dag.py
[2026-02-07T06:02:09.732+0000] {processor.py:840} INFO - DAG(s) 'product_price_pipeline' retrieved from /opt/airflow/dags/product_pipeline_dag.py
[2026-02-07T06:02:09.786+0000] {logging_mixin.py:188} INFO - [2026-02-07T06:02:09.786+0000] {dag.py:3089} INFO - Sync 1 DAGs
[2026-02-07T06:02:09.826+0000] {logging_mixin.py:188} INFO - [2026-02-07T06:02:09.826+0000] {dag.py:3947} INFO - Setting next_dagrun for product_price_pipeline to 2026-02-06 21:00:00+00:00, run_after=2026-02-07 21:00:00+00:00
[2026-02-07T06:02:09.882+0000] {processor.py:183} INFO - Processing /opt/airflow/dags/product_pipeline_dag.py took 0.221 seconds
[2026-02-07T06:02:40.356+0000] {processor.py:161} INFO - Started process (PID=331) to work on /opt/airflow/dags/product_pipeline_dag.py
[2026-02-07T06:02:40.359+0000] {processor.py:830} INFO - Processing file /opt/airflow/dags/product_pipeline_dag.py for tasks to queue
[2026-02-07T06:02:40.366+0000] {logging_mixin.py:188} INFO - [2026-02-07T06:02:40.365+0000] {dagbag.py:545} INFO - Filling up the DagBag from /opt/airflow/dags/product_pipeline_dag.py
[2026-02-07T06:02:40.421+0000] {processor.py:840} INFO - DAG(s) 'product_price_pipeline' retrieved from /opt/airflow/dags/product_pipeline_dag.py
[2026-02-07T06:02:40.489+0000] {logging_mixin.py:188} INFO - [2026-02-07T06:02:40.488+0000] {dag.py:3089} INFO - Sync 1 DAGs
[2026-02-07T06:02:40.543+0000] {logging_mixin.py:188} INFO - [2026-02-07T06:02:40.543+0000] {dag.py:3947} INFO - Setting next_dagrun for product_price_pipeline to 2026-02-06 21:00:00+00:00, run_after=2026-02-07 21:00:00+00:00
[2026-02-07T06:02:40.573+0000] {processor.py:183} INFO - Processing /opt/airflow/dags/product_pipeline_dag.py took 0.245 seconds
[2026-02-07T06:03:11.075+0000] {processor.py:161} INFO - Started process (PID=336) to work on /opt/airflow/dags/product_pipeline_dag.py
[2026-02-07T06:03:11.079+0000] {processor.py:830} INFO - Processing file /opt/airflow/dags/product_pipeline_dag.py for tasks to queue
[2026-02-07T06:03:11.083+0000] {logging_mixin.py:188} INFO - [2026-02-07T06:03:11.082+0000] {dagbag.py:545} INFO - Filling up the DagBag from /opt/airflow/dags/product_pipeline_dag.py
[2026-02-07T06:03:11.136+0000] {processor.py:840} INFO - DAG(s) 'product_price_pipeline' retrieved from /opt/airflow/dags/product_pipeline_dag.py
[2026-02-07T06:03:11.185+0000] {logging_mixin.py:188} INFO - [2026-02-07T06:03:11.185+0000] {dag.py:3089} INFO - Sync 1 DAGs
[2026-02-07T06:03:11.221+0000] {logging_mixin.py:188} INFO - [2026-02-07T06:03:11.221+0000] {dag.py:3947} INFO - Setting next_dagrun for product_price_pipeline to 2026-02-06 21:00:00+00:00, run_after=2026-02-07 21:00:00+00:00
[2026-02-07T06:03:11.255+0000] {processor.py:183} INFO - Processing /opt/airflow/dags/product_pipeline_dag.py took 0.191 seconds
[2026-02-07T06:03:41.860+0000] {processor.py:161} INFO - Started process (PID=341) to work on /opt/airflow/dags/product_pipeline_dag.py
[2026-02-07T06:03:41.864+0000] {processor.py:830} INFO - Processing file /opt/airflow/dags/product_pipeline_dag.py for tasks to queue
[2026-02-07T06:03:41.867+0000] {logging_mixin.py:188} INFO - [2026-02-07T06:03:41.867+0000] {dagbag.py:545} INFO - Filling up the DagBag from /opt/airflow/dags/product_pipeline_dag.py
[2026-02-07T06:03:41.915+0000] {processor.py:840} INFO - DAG(s) 'product_price_pipeline' retrieved from /opt/airflow/dags/product_pipeline_dag.py
[2026-02-07T06:03:41.968+0000] {logging_mixin.py:188} INFO - [2026-02-07T06:03:41.968+0000] {dag.py:3089} INFO - Sync 1 DAGs
[2026-02-07T06:03:42.002+0000] {logging_mixin.py:188} INFO - [2026-02-07T06:03:42.001+0000] {dag.py:3947} INFO - Setting next_dagrun for product_price_pipeline to 2026-02-06 21:00:00+00:00, run_after=2026-02-07 21:00:00+00:00
[2026-02-07T06:03:42.043+0000] {processor.py:183} INFO - Processing /opt/airflow/dags/product_pipeline_dag.py took 0.194 seconds
[2026-02-07T06:04:12.525+0000] {processor.py:161} INFO - Started process (PID=346) to work on /opt/airflow/dags/product_pipeline_dag.py
[2026-02-07T06:04:12.529+0000] {processor.py:830} INFO - Processing file /opt/airflow/dags/product_pipeline_dag.py for tasks to queue
[2026-02-07T06:04:12.536+0000] {logging_mixin.py:188} INFO - [2026-02-07T06:04:12.535+0000] {dagbag.py:545} INFO - Filling up the DagBag from /opt/airflow/dags/product_pipeline_dag.py
[2026-02-07T06:04:12.597+0000] {processor.py:840} INFO - DAG(s) 'product_price_pipeline' retrieved from /opt/airflow/dags/product_pipeline_dag.py
[2026-02-07T06:04:12.657+0000] {logging_mixin.py:188} INFO - [2026-02-07T06:04:12.657+0000] {dag.py:3089} INFO - Sync 1 DAGs
[2026-02-07T06:04:12.709+0000] {logging_mixin.py:188} INFO - [2026-02-07T06:04:12.709+0000] {dag.py:3947} INFO - Setting next_dagrun for product_price_pipeline to 2026-02-06 21:00:00+00:00, run_after=2026-02-07 21:00:00+00:00
[2026-02-07T06:04:12.742+0000] {processor.py:183} INFO - Processing /opt/airflow/dags/product_pipeline_dag.py took 0.232 seconds
[2026-02-07T06:04:43.427+0000] {processor.py:161} INFO - Started process (PID=351) to work on /opt/airflow/dags/product_pipeline_dag.py
[2026-02-07T06:04:43.432+0000] {processor.py:830} INFO - Processing file /opt/airflow/dags/product_pipeline_dag.py for tasks to queue
[2026-02-07T06:04:43.439+0000] {logging_mixin.py:188} INFO - [2026-02-07T06:04:43.437+0000] {dagbag.py:545} INFO - Filling up the DagBag from /opt/airflow/dags/product_pipeline_dag.py
[2026-02-07T06:04:43.526+0000] {processor.py:840} INFO - DAG(s) 'product_price_pipeline' retrieved from /opt/airflow/dags/product_pipeline_dag.py
[2026-02-07T06:04:43.604+0000] {logging_mixin.py:188} INFO - [2026-02-07T06:04:43.604+0000] {dag.py:3089} INFO - Sync 1 DAGs
[2026-02-07T06:04:43.669+0000] {logging_mixin.py:188} INFO - [2026-02-07T06:04:43.668+0000] {dag.py:3947} INFO - Setting next_dagrun for product_price_pipeline to 2026-02-06 21:00:00+00:00, run_after=2026-02-07 21:00:00+00:00
[2026-02-07T06:04:43.739+0000] {processor.py:183} INFO - Processing /opt/airflow/dags/product_pipeline_dag.py took 0.333 seconds
[2026-02-07T06:32:46.588+0000] {processor.py:161} INFO - Started process (PID=358) to work on /opt/airflow/dags/product_pipeline_dag.py
[2026-02-07T06:32:46.606+0000] {processor.py:830} INFO - Processing file /opt/airflow/dags/product_pipeline_dag.py for tasks to queue
[2026-02-07T06:32:46.847+0000] {logging_mixin.py:188} INFO - [2026-02-07T06:32:46.828+0000] {dagbag.py:545} INFO - Filling up the DagBag from /opt/airflow/dags/product_pipeline_dag.py
[2026-02-07T06:32:48.560+0000] {processor.py:840} INFO - DAG(s) 'product_price_pipeline' retrieved from /opt/airflow/dags/product_pipeline_dag.py
[2026-02-07T06:32:50.932+0000] {logging_mixin.py:188} INFO - [2026-02-07T06:32:50.931+0000] {dag.py:3089} INFO - Sync 1 DAGs
[2026-02-07T06:32:51.750+0000] {logging_mixin.py:188} INFO - [2026-02-07T06:32:51.747+0000] {dag.py:3947} INFO - Setting next_dagrun for product_price_pipeline to 2026-02-06 21:00:00+00:00, run_after=2026-02-07 21:00:00+00:00
[2026-02-07T06:32:52.203+0000] {processor.py:183} INFO - Processing /opt/airflow/dags/product_pipeline_dag.py took 6.983 seconds
[2026-02-07T06:33:23.030+0000] {processor.py:161} INFO - Started process (PID=367) to work on /opt/airflow/dags/product_pipeline_dag.py
[2026-02-07T06:33:23.040+0000] {processor.py:830} INFO - Processing file /opt/airflow/dags/product_pipeline_dag.py for tasks to queue
[2026-02-07T06:33:23.075+0000] {logging_mixin.py:188} INFO - [2026-02-07T06:33:23.072+0000] {dagbag.py:545} INFO - Filling up the DagBag from /opt/airflow/dags/product_pipeline_dag.py
[2026-02-07T06:33:23.447+0000] {processor.py:840} INFO - DAG(s) 'product_price_pipeline' retrieved from /opt/airflow/dags/product_pipeline_dag.py
[2026-02-07T06:33:23.973+0000] {logging_mixin.py:188} INFO - [2026-02-07T06:33:23.971+0000] {dag.py:3089} INFO - Sync 1 DAGs
[2026-02-07T06:33:24.142+0000] {logging_mixin.py:188} INFO - [2026-02-07T06:33:24.142+0000] {dag.py:3947} INFO - Setting next_dagrun for product_price_pipeline to 2026-02-06 21:00:00+00:00, run_after=2026-02-07 21:00:00+00:00
[2026-02-07T06:33:24.225+0000] {processor.py:183} INFO - Processing /opt/airflow/dags/product_pipeline_dag.py took 1.291 seconds
[2026-02-07T06:33:54.953+0000] {processor.py:161} INFO - Started process (PID=372) to work on /opt/airflow/dags/product_pipeline_dag.py
[2026-02-07T06:33:54.956+0000] {processor.py:830} INFO - Processing file /opt/airflow/dags/product_pipeline_dag.py for tasks to queue
[2026-02-07T06:33:54.961+0000] {logging_mixin.py:188} INFO - [2026-02-07T06:33:54.961+0000] {dagbag.py:545} INFO - Filling up the DagBag from /opt/airflow/dags/product_pipeline_dag.py
[2026-02-07T06:33:55.106+0000] {processor.py:840} INFO - DAG(s) 'product_price_pipeline' retrieved from /opt/airflow/dags/product_pipeline_dag.py
[2026-02-07T06:33:55.270+0000] {logging_mixin.py:188} INFO - [2026-02-07T06:33:55.269+0000] {dag.py:3089} INFO - Sync 1 DAGs
[2026-02-07T06:33:55.387+0000] {logging_mixin.py:188} INFO - [2026-02-07T06:33:55.386+0000] {dag.py:3947} INFO - Setting next_dagrun for product_price_pipeline to 2026-02-06 21:00:00+00:00, run_after=2026-02-07 21:00:00+00:00
[2026-02-07T06:33:55.477+0000] {processor.py:183} INFO - Processing /opt/airflow/dags/product_pipeline_dag.py took 0.540 seconds
[2026-02-07T06:34:25.886+0000] {processor.py:161} INFO - Started process (PID=377) to work on /opt/airflow/dags/product_pipeline_dag.py
[2026-02-07T06:34:25.889+0000] {processor.py:830} INFO - Processing file /opt/airflow/dags/product_pipeline_dag.py for tasks to queue
[2026-02-07T06:34:25.893+0000] {logging_mixin.py:188} INFO - [2026-02-07T06:34:25.892+0000] {dagbag.py:545} INFO - Filling up the DagBag from /opt/airflow/dags/product_pipeline_dag.py
[2026-02-07T06:34:25.955+0000] {processor.py:840} INFO - DAG(s) 'product_price_pipeline' retrieved from /opt/airflow/dags/product_pipeline_dag.py
[2026-02-07T06:34:26.035+0000] {logging_mixin.py:188} INFO - [2026-02-07T06:34:26.034+0000] {dag.py:3089} INFO - Sync 1 DAGs
[2026-02-07T06:34:26.114+0000] {logging_mixin.py:188} INFO - [2026-02-07T06:34:26.114+0000] {dag.py:3947} INFO - Setting next_dagrun for product_price_pipeline to 2026-02-06 21:00:00+00:00, run_after=2026-02-07 21:00:00+00:00
[2026-02-07T06:34:26.177+0000] {processor.py:183} INFO - Processing /opt/airflow/dags/product_pipeline_dag.py took 0.299 seconds
[2026-02-07T06:34:40.871+0000] {processor.py:161} INFO - Started process (PID=382) to work on /opt/airflow/dags/product_pipeline_dag.py
[2026-02-07T06:34:40.873+0000] {processor.py:830} INFO - Processing file /opt/airflow/dags/product_pipeline_dag.py for tasks to queue
[2026-02-07T06:34:40.881+0000] {logging_mixin.py:188} INFO - [2026-02-07T06:34:40.880+0000] {dagbag.py:545} INFO - Filling up the DagBag from /opt/airflow/dags/product_pipeline_dag.py
[2026-02-07T06:34:41.012+0000] {processor.py:840} INFO - DAG(s) 'product_price_pipeline' retrieved from /opt/airflow/dags/product_pipeline_dag.py
[2026-02-07T06:34:42.821+0000] {logging_mixin.py:188} INFO - [2026-02-07T06:34:42.820+0000] {dag.py:3089} INFO - Sync 1 DAGs
[2026-02-07T06:34:42.950+0000] {logging_mixin.py:188} INFO - [2026-02-07T06:34:42.949+0000] {dag.py:3947} INFO - Setting next_dagrun for product_price_pipeline to 2026-02-06 21:00:00+00:00, run_after=2026-02-07 21:00:00+00:00
[2026-02-07T06:34:43.024+0000] {processor.py:183} INFO - Processing /opt/airflow/dags/product_pipeline_dag.py took 2.178 seconds
[2026-02-07T06:35:13.483+0000] {processor.py:161} INFO - Started process (PID=387) to work on /opt/airflow/dags/product_pipeline_dag.py
[2026-02-07T06:35:13.484+0000] {processor.py:830} INFO - Processing file /opt/airflow/dags/product_pipeline_dag.py for tasks to queue
[2026-02-07T06:35:13.490+0000] {logging_mixin.py:188} INFO - [2026-02-07T06:35:13.490+0000] {dagbag.py:545} INFO - Filling up the DagBag from /opt/airflow/dags/product_pipeline_dag.py
[2026-02-07T06:35:13.543+0000] {processor.py:840} INFO - DAG(s) 'product_price_pipeline' retrieved from /opt/airflow/dags/product_pipeline_dag.py
[2026-02-07T06:35:13.626+0000] {logging_mixin.py:188} INFO - [2026-02-07T06:35:13.626+0000] {dag.py:3089} INFO - Sync 1 DAGs
[2026-02-07T06:35:13.677+0000] {logging_mixin.py:188} INFO - [2026-02-07T06:35:13.676+0000] {dag.py:3947} INFO - Setting next_dagrun for product_price_pipeline to 2026-02-05 21:00:00+00:00, run_after=2026-02-06 21:00:00+00:00
[2026-02-07T06:35:13.748+0000] {processor.py:183} INFO - Processing /opt/airflow/dags/product_pipeline_dag.py took 0.274 seconds
[2026-02-07T06:35:44.933+0000] {processor.py:161} INFO - Started process (PID=398) to work on /opt/airflow/dags/product_pipeline_dag.py
[2026-02-07T06:35:44.943+0000] {processor.py:830} INFO - Processing file /opt/airflow/dags/product_pipeline_dag.py for tasks to queue
[2026-02-07T06:35:44.970+0000] {logging_mixin.py:188} INFO - [2026-02-07T06:35:44.960+0000] {dagbag.py:545} INFO - Filling up the DagBag from /opt/airflow/dags/product_pipeline_dag.py
[2026-02-07T06:35:45.227+0000] {processor.py:840} INFO - DAG(s) 'product_price_pipeline' retrieved from /opt/airflow/dags/product_pipeline_dag.py
[2026-02-07T06:35:45.571+0000] {logging_mixin.py:188} INFO - [2026-02-07T06:35:45.571+0000] {dag.py:3089} INFO - Sync 1 DAGs
[2026-02-07T06:35:45.995+0000] {logging_mixin.py:188} INFO - [2026-02-07T06:35:45.994+0000] {dag.py:3947} INFO - Setting next_dagrun for product_price_pipeline to 2026-02-06 21:00:00+00:00, run_after=2026-02-07 21:00:00+00:00
[2026-02-07T06:35:46.138+0000] {processor.py:183} INFO - Processing /opt/airflow/dags/product_pipeline_dag.py took 1.308 seconds
[2026-02-07T06:36:16.362+0000] {processor.py:161} INFO - Started process (PID=403) to work on /opt/airflow/dags/product_pipeline_dag.py
[2026-02-07T06:36:16.366+0000] {processor.py:830} INFO - Processing file /opt/airflow/dags/product_pipeline_dag.py for tasks to queue
[2026-02-07T06:36:16.371+0000] {logging_mixin.py:188} INFO - [2026-02-07T06:36:16.370+0000] {dagbag.py:545} INFO - Filling up the DagBag from /opt/airflow/dags/product_pipeline_dag.py
[2026-02-07T06:36:16.463+0000] {processor.py:840} INFO - DAG(s) 'product_price_pipeline' retrieved from /opt/airflow/dags/product_pipeline_dag.py
[2026-02-07T06:36:16.608+0000] {logging_mixin.py:188} INFO - [2026-02-07T06:36:16.608+0000] {dag.py:3089} INFO - Sync 1 DAGs
[2026-02-07T06:36:16.756+0000] {logging_mixin.py:188} INFO - [2026-02-07T06:36:16.756+0000] {dag.py:3947} INFO - Setting next_dagrun for product_price_pipeline to 2026-02-06 21:00:00+00:00, run_after=2026-02-07 21:00:00+00:00
[2026-02-07T06:36:16.814+0000] {processor.py:183} INFO - Processing /opt/airflow/dags/product_pipeline_dag.py took 0.467 seconds
[2026-02-07T06:36:47.405+0000] {processor.py:161} INFO - Started process (PID=408) to work on /opt/airflow/dags/product_pipeline_dag.py
[2026-02-07T06:36:47.419+0000] {processor.py:830} INFO - Processing file /opt/airflow/dags/product_pipeline_dag.py for tasks to queue
[2026-02-07T06:36:47.423+0000] {logging_mixin.py:188} INFO - [2026-02-07T06:36:47.422+0000] {dagbag.py:545} INFO - Filling up the DagBag from /opt/airflow/dags/product_pipeline_dag.py
[2026-02-07T06:36:47.482+0000] {processor.py:840} INFO - DAG(s) 'product_price_pipeline' retrieved from /opt/airflow/dags/product_pipeline_dag.py
[2026-02-07T06:36:47.537+0000] {logging_mixin.py:188} INFO - [2026-02-07T06:36:47.536+0000] {dag.py:3089} INFO - Sync 1 DAGs
[2026-02-07T06:36:47.587+0000] {logging_mixin.py:188} INFO - [2026-02-07T06:36:47.586+0000] {dag.py:3947} INFO - Setting next_dagrun for product_price_pipeline to 2026-02-06 21:00:00+00:00, run_after=2026-02-07 21:00:00+00:00
[2026-02-07T06:36:47.620+0000] {processor.py:183} INFO - Processing /opt/airflow/dags/product_pipeline_dag.py took 0.225 seconds
[2026-02-07T06:37:18.159+0000] {processor.py:161} INFO - Started process (PID=413) to work on /opt/airflow/dags/product_pipeline_dag.py
[2026-02-07T06:37:18.162+0000] {processor.py:830} INFO - Processing file /opt/airflow/dags/product_pipeline_dag.py for tasks to queue
[2026-02-07T06:37:18.166+0000] {logging_mixin.py:188} INFO - [2026-02-07T06:37:18.165+0000] {dagbag.py:545} INFO - Filling up the DagBag from /opt/airflow/dags/product_pipeline_dag.py
[2026-02-07T06:37:18.219+0000] {processor.py:840} INFO - DAG(s) 'product_price_pipeline' retrieved from /opt/airflow/dags/product_pipeline_dag.py
[2026-02-07T06:37:18.268+0000] {logging_mixin.py:188} INFO - [2026-02-07T06:37:18.268+0000] {dag.py:3089} INFO - Sync 1 DAGs
[2026-02-07T06:37:18.307+0000] {logging_mixin.py:188} INFO - [2026-02-07T06:37:18.307+0000] {dag.py:3947} INFO - Setting next_dagrun for product_price_pipeline to 2026-02-06 21:00:00+00:00, run_after=2026-02-07 21:00:00+00:00
[2026-02-07T06:37:18.371+0000] {processor.py:183} INFO - Processing /opt/airflow/dags/product_pipeline_dag.py took 0.224 seconds
[2026-02-07T06:37:48.520+0000] {processor.py:161} INFO - Started process (PID=418) to work on /opt/airflow/dags/product_pipeline_dag.py
[2026-02-07T06:37:48.524+0000] {processor.py:830} INFO - Processing file /opt/airflow/dags/product_pipeline_dag.py for tasks to queue
[2026-02-07T06:37:48.528+0000] {logging_mixin.py:188} INFO - [2026-02-07T06:37:48.527+0000] {dagbag.py:545} INFO - Filling up the DagBag from /opt/airflow/dags/product_pipeline_dag.py
[2026-02-07T06:37:48.579+0000] {processor.py:840} INFO - DAG(s) 'product_price_pipeline' retrieved from /opt/airflow/dags/product_pipeline_dag.py
[2026-02-07T06:37:48.744+0000] {logging_mixin.py:188} INFO - [2026-02-07T06:37:48.744+0000] {dag.py:3089} INFO - Sync 1 DAGs
[2026-02-07T06:37:48.917+0000] {logging_mixin.py:188} INFO - [2026-02-07T06:37:48.915+0000] {dag.py:3947} INFO - Setting next_dagrun for product_price_pipeline to 2026-02-06 21:00:00+00:00, run_after=2026-02-07 21:00:00+00:00
[2026-02-07T06:37:48.983+0000] {processor.py:183} INFO - Processing /opt/airflow/dags/product_pipeline_dag.py took 0.473 seconds
[2026-02-07T06:38:19.708+0000] {processor.py:161} INFO - Started process (PID=423) to work on /opt/airflow/dags/product_pipeline_dag.py
[2026-02-07T06:38:19.717+0000] {processor.py:830} INFO - Processing file /opt/airflow/dags/product_pipeline_dag.py for tasks to queue
[2026-02-07T06:38:19.723+0000] {logging_mixin.py:188} INFO - [2026-02-07T06:38:19.722+0000] {dagbag.py:545} INFO - Filling up the DagBag from /opt/airflow/dags/product_pipeline_dag.py
[2026-02-07T06:38:19.822+0000] {processor.py:840} INFO - DAG(s) 'product_price_pipeline' retrieved from /opt/airflow/dags/product_pipeline_dag.py
[2026-02-07T06:38:19.978+0000] {logging_mixin.py:188} INFO - [2026-02-07T06:38:19.977+0000] {dag.py:3089} INFO - Sync 1 DAGs
[2026-02-07T06:38:20.027+0000] {logging_mixin.py:188} INFO - [2026-02-07T06:38:20.026+0000] {dag.py:3947} INFO - Setting next_dagrun for product_price_pipeline to 2026-02-06 21:00:00+00:00, run_after=2026-02-07 21:00:00+00:00
[2026-02-07T06:38:20.084+0000] {processor.py:183} INFO - Processing /opt/airflow/dags/product_pipeline_dag.py took 0.405 seconds
[2026-02-07T06:38:55.934+0000] {processor.py:161} INFO - Started process (PID=428) to work on /opt/airflow/dags/product_pipeline_dag.py
[2026-02-07T06:38:55.950+0000] {processor.py:830} INFO - Processing file /opt/airflow/dags/product_pipeline_dag.py for tasks to queue
[2026-02-07T06:38:55.968+0000] {logging_mixin.py:188} INFO - [2026-02-07T06:38:55.966+0000] {dagbag.py:545} INFO - Filling up the DagBag from /opt/airflow/dags/product_pipeline_dag.py
[2026-02-07T06:38:56.106+0000] {processor.py:840} INFO - DAG(s) 'product_price_pipeline' retrieved from /opt/airflow/dags/product_pipeline_dag.py
[2026-02-07T06:38:56.352+0000] {logging_mixin.py:188} INFO - [2026-02-07T06:38:56.351+0000] {dag.py:3089} INFO - Sync 1 DAGs
[2026-02-07T06:38:56.524+0000] {logging_mixin.py:188} INFO - [2026-02-07T06:38:56.519+0000] {dag.py:3947} INFO - Setting next_dagrun for product_price_pipeline to 2026-02-06 21:00:00+00:00, run_after=2026-02-07 21:00:00+00:00
[2026-02-07T06:38:56.633+0000] {processor.py:183} INFO - Processing /opt/airflow/dags/product_pipeline_dag.py took 0.728 seconds
[2026-02-07T06:39:27.291+0000] {processor.py:161} INFO - Started process (PID=433) to work on /opt/airflow/dags/product_pipeline_dag.py
[2026-02-07T06:39:27.293+0000] {processor.py:830} INFO - Processing file /opt/airflow/dags/product_pipeline_dag.py for tasks to queue
[2026-02-07T06:39:27.298+0000] {logging_mixin.py:188} INFO - [2026-02-07T06:39:27.297+0000] {dagbag.py:545} INFO - Filling up the DagBag from /opt/airflow/dags/product_pipeline_dag.py
[2026-02-07T06:39:27.354+0000] {processor.py:840} INFO - DAG(s) 'product_price_pipeline' retrieved from /opt/airflow/dags/product_pipeline_dag.py
[2026-02-07T06:39:27.459+0000] {logging_mixin.py:188} INFO - [2026-02-07T06:39:27.457+0000] {dag.py:3089} INFO - Sync 1 DAGs
[2026-02-07T06:39:27.578+0000] {logging_mixin.py:188} INFO - [2026-02-07T06:39:27.578+0000] {dag.py:3947} INFO - Setting next_dagrun for product_price_pipeline to 2026-02-06 21:00:00+00:00, run_after=2026-02-07 21:00:00+00:00
[2026-02-07T06:39:27.621+0000] {processor.py:183} INFO - Processing /opt/airflow/dags/product_pipeline_dag.py took 0.344 seconds
[2026-02-07T06:39:57.816+0000] {processor.py:161} INFO - Started process (PID=438) to work on /opt/airflow/dags/product_pipeline_dag.py
[2026-02-07T06:39:57.819+0000] {processor.py:830} INFO - Processing file /opt/airflow/dags/product_pipeline_dag.py for tasks to queue
[2026-02-07T06:39:57.826+0000] {logging_mixin.py:188} INFO - [2026-02-07T06:39:57.826+0000] {dagbag.py:545} INFO - Filling up the DagBag from /opt/airflow/dags/product_pipeline_dag.py
[2026-02-07T06:39:57.892+0000] {processor.py:840} INFO - DAG(s) 'product_price_pipeline' retrieved from /opt/airflow/dags/product_pipeline_dag.py
[2026-02-07T06:39:57.963+0000] {logging_mixin.py:188} INFO - [2026-02-07T06:39:57.963+0000] {dag.py:3089} INFO - Sync 1 DAGs
[2026-02-07T06:39:58.001+0000] {logging_mixin.py:188} INFO - [2026-02-07T06:39:58.001+0000] {dag.py:3947} INFO - Setting next_dagrun for product_price_pipeline to 2026-02-06 21:00:00+00:00, run_after=2026-02-07 21:00:00+00:00
[2026-02-07T06:39:58.038+0000] {processor.py:183} INFO - Processing /opt/airflow/dags/product_pipeline_dag.py took 0.236 seconds
[2026-02-07T06:40:28.841+0000] {processor.py:161} INFO - Started process (PID=443) to work on /opt/airflow/dags/product_pipeline_dag.py
[2026-02-07T06:40:28.843+0000] {processor.py:830} INFO - Processing file /opt/airflow/dags/product_pipeline_dag.py for tasks to queue
[2026-02-07T06:40:28.848+0000] {logging_mixin.py:188} INFO - [2026-02-07T06:40:28.847+0000] {dagbag.py:545} INFO - Filling up the DagBag from /opt/airflow/dags/product_pipeline_dag.py
[2026-02-07T06:40:28.923+0000] {processor.py:840} INFO - DAG(s) 'product_price_pipeline' retrieved from /opt/airflow/dags/product_pipeline_dag.py
[2026-02-07T06:40:28.992+0000] {logging_mixin.py:188} INFO - [2026-02-07T06:40:28.991+0000] {dag.py:3089} INFO - Sync 1 DAGs
[2026-02-07T06:40:29.029+0000] {logging_mixin.py:188} INFO - [2026-02-07T06:40:29.028+0000] {dag.py:3947} INFO - Setting next_dagrun for product_price_pipeline to 2026-02-06 21:00:00+00:00, run_after=2026-02-07 21:00:00+00:00
[2026-02-07T06:40:29.073+0000] {processor.py:183} INFO - Processing /opt/airflow/dags/product_pipeline_dag.py took 0.241 seconds
[2026-02-07T06:40:59.519+0000] {processor.py:161} INFO - Started process (PID=448) to work on /opt/airflow/dags/product_pipeline_dag.py
[2026-02-07T06:40:59.521+0000] {processor.py:830} INFO - Processing file /opt/airflow/dags/product_pipeline_dag.py for tasks to queue
[2026-02-07T06:40:59.525+0000] {logging_mixin.py:188} INFO - [2026-02-07T06:40:59.524+0000] {dagbag.py:545} INFO - Filling up the DagBag from /opt/airflow/dags/product_pipeline_dag.py
[2026-02-07T06:40:59.569+0000] {processor.py:840} INFO - DAG(s) 'product_price_pipeline' retrieved from /opt/airflow/dags/product_pipeline_dag.py
[2026-02-07T06:40:59.639+0000] {logging_mixin.py:188} INFO - [2026-02-07T06:40:59.638+0000] {dag.py:3089} INFO - Sync 1 DAGs
[2026-02-07T06:40:59.704+0000] {logging_mixin.py:188} INFO - [2026-02-07T06:40:59.703+0000] {dag.py:3947} INFO - Setting next_dagrun for product_price_pipeline to 2026-02-06 21:00:00+00:00, run_after=2026-02-07 21:00:00+00:00
[2026-02-07T06:40:59.743+0000] {processor.py:183} INFO - Processing /opt/airflow/dags/product_pipeline_dag.py took 0.235 seconds
[2026-02-07T06:41:30.195+0000] {processor.py:161} INFO - Started process (PID=453) to work on /opt/airflow/dags/product_pipeline_dag.py
[2026-02-07T06:41:30.197+0000] {processor.py:830} INFO - Processing file /opt/airflow/dags/product_pipeline_dag.py for tasks to queue
[2026-02-07T06:41:30.202+0000] {logging_mixin.py:188} INFO - [2026-02-07T06:41:30.201+0000] {dagbag.py:545} INFO - Filling up the DagBag from /opt/airflow/dags/product_pipeline_dag.py
[2026-02-07T06:41:30.263+0000] {processor.py:840} INFO - DAG(s) 'product_price_pipeline' retrieved from /opt/airflow/dags/product_pipeline_dag.py
[2026-02-07T06:41:30.325+0000] {logging_mixin.py:188} INFO - [2026-02-07T06:41:30.325+0000] {dag.py:3089} INFO - Sync 1 DAGs
[2026-02-07T06:41:30.367+0000] {logging_mixin.py:188} INFO - [2026-02-07T06:41:30.367+0000] {dag.py:3947} INFO - Setting next_dagrun for product_price_pipeline to 2026-02-06 21:00:00+00:00, run_after=2026-02-07 21:00:00+00:00
[2026-02-07T06:41:30.416+0000] {processor.py:183} INFO - Processing /opt/airflow/dags/product_pipeline_dag.py took 0.230 seconds
[2026-02-07T06:42:01.289+0000] {processor.py:161} INFO - Started process (PID=466) to work on /opt/airflow/dags/product_pipeline_dag.py
[2026-02-07T06:42:01.293+0000] {processor.py:830} INFO - Processing file /opt/airflow/dags/product_pipeline_dag.py for tasks to queue
[2026-02-07T06:42:01.304+0000] {logging_mixin.py:188} INFO - [2026-02-07T06:42:01.303+0000] {dagbag.py:545} INFO - Filling up the DagBag from /opt/airflow/dags/product_pipeline_dag.py
[2026-02-07T06:42:01.402+0000] {processor.py:840} INFO - DAG(s) 'product_price_pipeline' retrieved from /opt/airflow/dags/product_pipeline_dag.py
[2026-02-07T06:42:01.522+0000] {logging_mixin.py:188} INFO - [2026-02-07T06:42:01.520+0000] {dag.py:3089} INFO - Sync 1 DAGs
[2026-02-07T06:42:01.609+0000] {logging_mixin.py:188} INFO - [2026-02-07T06:42:01.608+0000] {dag.py:3947} INFO - Setting next_dagrun for product_price_pipeline to 2026-02-06 21:00:00+00:00, run_after=2026-02-07 21:00:00+00:00
[2026-02-07T06:42:01.687+0000] {processor.py:183} INFO - Processing /opt/airflow/dags/product_pipeline_dag.py took 0.419 seconds
[2026-02-07T06:42:32.347+0000] {processor.py:161} INFO - Started process (PID=487) to work on /opt/airflow/dags/product_pipeline_dag.py
[2026-02-07T06:42:32.350+0000] {processor.py:830} INFO - Processing file /opt/airflow/dags/product_pipeline_dag.py for tasks to queue
[2026-02-07T06:42:32.356+0000] {logging_mixin.py:188} INFO - [2026-02-07T06:42:32.354+0000] {dagbag.py:545} INFO - Filling up the DagBag from /opt/airflow/dags/product_pipeline_dag.py
[2026-02-07T06:42:32.431+0000] {processor.py:840} INFO - DAG(s) 'product_price_pipeline' retrieved from /opt/airflow/dags/product_pipeline_dag.py
[2026-02-07T06:42:32.486+0000] {logging_mixin.py:188} INFO - [2026-02-07T06:42:32.486+0000] {dag.py:3089} INFO - Sync 1 DAGs
[2026-02-07T06:42:32.525+0000] {logging_mixin.py:188} INFO - [2026-02-07T06:42:32.525+0000] {dag.py:3947} INFO - Setting next_dagrun for product_price_pipeline to 2026-02-06 21:00:00+00:00, run_after=2026-02-07 21:00:00+00:00
[2026-02-07T06:42:32.557+0000] {processor.py:183} INFO - Processing /opt/airflow/dags/product_pipeline_dag.py took 0.227 seconds
[2026-02-07T06:43:03.071+0000] {processor.py:161} INFO - Started process (PID=492) to work on /opt/airflow/dags/product_pipeline_dag.py
[2026-02-07T06:43:03.075+0000] {processor.py:830} INFO - Processing file /opt/airflow/dags/product_pipeline_dag.py for tasks to queue
[2026-02-07T06:43:03.108+0000] {logging_mixin.py:188} INFO - [2026-02-07T06:43:03.101+0000] {dagbag.py:545} INFO - Filling up the DagBag from /opt/airflow/dags/product_pipeline_dag.py
[2026-02-07T06:43:03.210+0000] {processor.py:840} INFO - DAG(s) 'product_price_pipeline' retrieved from /opt/airflow/dags/product_pipeline_dag.py
[2026-02-07T06:43:03.306+0000] {logging_mixin.py:188} INFO - [2026-02-07T06:43:03.305+0000] {dag.py:3089} INFO - Sync 1 DAGs
[2026-02-07T06:43:03.372+0000] {logging_mixin.py:188} INFO - [2026-02-07T06:43:03.371+0000] {dag.py:3947} INFO - Setting next_dagrun for product_price_pipeline to 2026-02-06 21:00:00+00:00, run_after=2026-02-07 21:00:00+00:00
[2026-02-07T06:43:03.435+0000] {processor.py:183} INFO - Processing /opt/airflow/dags/product_pipeline_dag.py took 0.385 seconds
[2026-02-07T06:43:33.911+0000] {processor.py:161} INFO - Started process (PID=497) to work on /opt/airflow/dags/product_pipeline_dag.py
[2026-02-07T06:43:33.915+0000] {processor.py:830} INFO - Processing file /opt/airflow/dags/product_pipeline_dag.py for tasks to queue
[2026-02-07T06:43:33.931+0000] {logging_mixin.py:188} INFO - [2026-02-07T06:43:33.930+0000] {dagbag.py:545} INFO - Filling up the DagBag from /opt/airflow/dags/product_pipeline_dag.py
[2026-02-07T06:43:33.999+0000] {processor.py:840} INFO - DAG(s) 'product_price_pipeline' retrieved from /opt/airflow/dags/product_pipeline_dag.py
[2026-02-07T06:43:34.064+0000] {logging_mixin.py:188} INFO - [2026-02-07T06:43:34.064+0000] {dag.py:3089} INFO - Sync 1 DAGs
[2026-02-07T06:43:34.097+0000] {logging_mixin.py:188} INFO - [2026-02-07T06:43:34.097+0000] {dag.py:3947} INFO - Setting next_dagrun for product_price_pipeline to 2026-02-06 21:00:00+00:00, run_after=2026-02-07 21:00:00+00:00
[2026-02-07T06:43:34.136+0000] {processor.py:183} INFO - Processing /opt/airflow/dags/product_pipeline_dag.py took 0.238 seconds
[2026-02-07T06:44:05.137+0000] {processor.py:161} INFO - Started process (PID=505) to work on /opt/airflow/dags/product_pipeline_dag.py
[2026-02-07T06:44:05.149+0000] {processor.py:830} INFO - Processing file /opt/airflow/dags/product_pipeline_dag.py for tasks to queue
[2026-02-07T06:44:05.164+0000] {logging_mixin.py:188} INFO - [2026-02-07T06:44:05.162+0000] {dagbag.py:545} INFO - Filling up the DagBag from /opt/airflow/dags/product_pipeline_dag.py
[2026-02-07T06:44:05.275+0000] {processor.py:840} INFO - DAG(s) 'product_price_pipeline' retrieved from /opt/airflow/dags/product_pipeline_dag.py
[2026-02-07T06:44:05.391+0000] {logging_mixin.py:188} INFO - [2026-02-07T06:44:05.390+0000] {dag.py:3089} INFO - Sync 1 DAGs
[2026-02-07T06:44:05.483+0000] {logging_mixin.py:188} INFO - [2026-02-07T06:44:05.483+0000] {dag.py:3947} INFO - Setting next_dagrun for product_price_pipeline to 2026-02-06 21:00:00+00:00, run_after=2026-02-07 21:00:00+00:00
[2026-02-07T06:44:05.551+0000] {processor.py:183} INFO - Processing /opt/airflow/dags/product_pipeline_dag.py took 0.483 seconds
[2026-02-07T06:44:35.718+0000] {processor.py:161} INFO - Started process (PID=510) to work on /opt/airflow/dags/product_pipeline_dag.py
[2026-02-07T06:44:35.720+0000] {processor.py:830} INFO - Processing file /opt/airflow/dags/product_pipeline_dag.py for tasks to queue
[2026-02-07T06:44:35.725+0000] {logging_mixin.py:188} INFO - [2026-02-07T06:44:35.724+0000] {dagbag.py:545} INFO - Filling up the DagBag from /opt/airflow/dags/product_pipeline_dag.py
[2026-02-07T06:44:35.772+0000] {processor.py:840} INFO - DAG(s) 'product_price_pipeline' retrieved from /opt/airflow/dags/product_pipeline_dag.py
[2026-02-07T06:44:35.843+0000] {logging_mixin.py:188} INFO - [2026-02-07T06:44:35.843+0000] {dag.py:3089} INFO - Sync 1 DAGs
[2026-02-07T06:44:35.885+0000] {logging_mixin.py:188} INFO - [2026-02-07T06:44:35.885+0000] {dag.py:3947} INFO - Setting next_dagrun for product_price_pipeline to 2026-02-06 21:00:00+00:00, run_after=2026-02-07 21:00:00+00:00
[2026-02-07T06:44:35.922+0000] {processor.py:183} INFO - Processing /opt/airflow/dags/product_pipeline_dag.py took 0.217 seconds
[2026-02-07T06:45:06.480+0000] {processor.py:161} INFO - Started process (PID=515) to work on /opt/airflow/dags/product_pipeline_dag.py
[2026-02-07T06:45:06.487+0000] {processor.py:830} INFO - Processing file /opt/airflow/dags/product_pipeline_dag.py for tasks to queue
[2026-02-07T06:45:06.497+0000] {logging_mixin.py:188} INFO - [2026-02-07T06:45:06.496+0000] {dagbag.py:545} INFO - Filling up the DagBag from /opt/airflow/dags/product_pipeline_dag.py
[2026-02-07T06:45:06.585+0000] {processor.py:840} INFO - DAG(s) 'product_price_pipeline' retrieved from /opt/airflow/dags/product_pipeline_dag.py
[2026-02-07T06:45:06.668+0000] {logging_mixin.py:188} INFO - [2026-02-07T06:45:06.668+0000] {dag.py:3089} INFO - Sync 1 DAGs
[2026-02-07T06:45:06.716+0000] {logging_mixin.py:188} INFO - [2026-02-07T06:45:06.716+0000] {dag.py:3947} INFO - Setting next_dagrun for product_price_pipeline to 2026-02-06 21:00:00+00:00, run_after=2026-02-07 21:00:00+00:00
[2026-02-07T06:45:06.760+0000] {processor.py:183} INFO - Processing /opt/airflow/dags/product_pipeline_dag.py took 0.298 seconds
[2026-02-07T06:45:37.094+0000] {processor.py:161} INFO - Started process (PID=520) to work on /opt/airflow/dags/product_pipeline_dag.py
[2026-02-07T06:45:37.097+0000] {processor.py:830} INFO - Processing file /opt/airflow/dags/product_pipeline_dag.py for tasks to queue
[2026-02-07T06:45:37.102+0000] {logging_mixin.py:188} INFO - [2026-02-07T06:45:37.102+0000] {dagbag.py:545} INFO - Filling up the DagBag from /opt/airflow/dags/product_pipeline_dag.py
[2026-02-07T06:45:37.188+0000] {processor.py:840} INFO - DAG(s) 'product_price_pipeline' retrieved from /opt/airflow/dags/product_pipeline_dag.py
[2026-02-07T06:45:37.246+0000] {logging_mixin.py:188} INFO - [2026-02-07T06:45:37.245+0000] {dag.py:3089} INFO - Sync 1 DAGs
[2026-02-07T06:45:37.327+0000] {logging_mixin.py:188} INFO - [2026-02-07T06:45:37.326+0000] {dag.py:3947} INFO - Setting next_dagrun for product_price_pipeline to 2026-02-06 21:00:00+00:00, run_after=2026-02-07 21:00:00+00:00
[2026-02-07T06:45:37.374+0000] {processor.py:183} INFO - Processing /opt/airflow/dags/product_pipeline_dag.py took 0.299 seconds
[2026-02-07T06:46:07.961+0000] {processor.py:161} INFO - Started process (PID=525) to work on /opt/airflow/dags/product_pipeline_dag.py
[2026-02-07T06:46:07.964+0000] {processor.py:830} INFO - Processing file /opt/airflow/dags/product_pipeline_dag.py for tasks to queue
[2026-02-07T06:46:07.969+0000] {logging_mixin.py:188} INFO - [2026-02-07T06:46:07.968+0000] {dagbag.py:545} INFO - Filling up the DagBag from /opt/airflow/dags/product_pipeline_dag.py
[2026-02-07T06:46:08.089+0000] {processor.py:840} INFO - DAG(s) 'product_price_pipeline' retrieved from /opt/airflow/dags/product_pipeline_dag.py
[2026-02-07T06:46:08.175+0000] {logging_mixin.py:188} INFO - [2026-02-07T06:46:08.175+0000] {dag.py:3089} INFO - Sync 1 DAGs
[2026-02-07T06:46:08.235+0000] {logging_mixin.py:188} INFO - [2026-02-07T06:46:08.234+0000] {dag.py:3947} INFO - Setting next_dagrun for product_price_pipeline to 2026-02-06 21:00:00+00:00, run_after=2026-02-07 21:00:00+00:00
[2026-02-07T06:46:08.300+0000] {processor.py:183} INFO - Processing /opt/airflow/dags/product_pipeline_dag.py took 0.361 seconds
[2026-02-07T06:46:39.040+0000] {processor.py:161} INFO - Started process (PID=530) to work on /opt/airflow/dags/product_pipeline_dag.py
[2026-02-07T06:46:39.053+0000] {processor.py:830} INFO - Processing file /opt/airflow/dags/product_pipeline_dag.py for tasks to queue
[2026-02-07T06:46:39.062+0000] {logging_mixin.py:188} INFO - [2026-02-07T06:46:39.061+0000] {dagbag.py:545} INFO - Filling up the DagBag from /opt/airflow/dags/product_pipeline_dag.py
[2026-02-07T06:46:39.144+0000] {processor.py:840} INFO - DAG(s) 'product_price_pipeline' retrieved from /opt/airflow/dags/product_pipeline_dag.py
[2026-02-07T06:46:39.238+0000] {logging_mixin.py:188} INFO - [2026-02-07T06:46:39.238+0000] {dag.py:3089} INFO - Sync 1 DAGs
[2026-02-07T06:46:39.317+0000] {logging_mixin.py:188} INFO - [2026-02-07T06:46:39.308+0000] {dag.py:3947} INFO - Setting next_dagrun for product_price_pipeline to 2026-02-06 21:00:00+00:00, run_after=2026-02-07 21:00:00+00:00
[2026-02-07T06:46:39.371+0000] {processor.py:183} INFO - Processing /opt/airflow/dags/product_pipeline_dag.py took 0.341 seconds
[2026-02-07T06:47:09.917+0000] {processor.py:161} INFO - Started process (PID=535) to work on /opt/airflow/dags/product_pipeline_dag.py
[2026-02-07T06:47:09.921+0000] {processor.py:830} INFO - Processing file /opt/airflow/dags/product_pipeline_dag.py for tasks to queue
[2026-02-07T06:47:09.926+0000] {logging_mixin.py:188} INFO - [2026-02-07T06:47:09.925+0000] {dagbag.py:545} INFO - Filling up the DagBag from /opt/airflow/dags/product_pipeline_dag.py
[2026-02-07T06:47:09.985+0000] {processor.py:840} INFO - DAG(s) 'product_price_pipeline' retrieved from /opt/airflow/dags/product_pipeline_dag.py
[2026-02-07T06:47:10.073+0000] {logging_mixin.py:188} INFO - [2026-02-07T06:47:10.073+0000] {dag.py:3089} INFO - Sync 1 DAGs
[2026-02-07T06:47:10.128+0000] {logging_mixin.py:188} INFO - [2026-02-07T06:47:10.128+0000] {dag.py:3947} INFO - Setting next_dagrun for product_price_pipeline to 2026-02-06 21:00:00+00:00, run_after=2026-02-07 21:00:00+00:00
[2026-02-07T06:47:10.181+0000] {processor.py:183} INFO - Processing /opt/airflow/dags/product_pipeline_dag.py took 0.278 seconds
[2026-02-07T06:47:41.226+0000] {processor.py:161} INFO - Started process (PID=540) to work on /opt/airflow/dags/product_pipeline_dag.py
[2026-02-07T06:47:41.230+0000] {processor.py:830} INFO - Processing file /opt/airflow/dags/product_pipeline_dag.py for tasks to queue
[2026-02-07T06:47:41.236+0000] {logging_mixin.py:188} INFO - [2026-02-07T06:47:41.235+0000] {dagbag.py:545} INFO - Filling up the DagBag from /opt/airflow/dags/product_pipeline_dag.py
[2026-02-07T06:47:41.322+0000] {processor.py:840} INFO - DAG(s) 'product_price_pipeline' retrieved from /opt/airflow/dags/product_pipeline_dag.py
[2026-02-07T06:47:41.405+0000] {logging_mixin.py:188} INFO - [2026-02-07T06:47:41.405+0000] {dag.py:3089} INFO - Sync 1 DAGs
[2026-02-07T06:47:41.463+0000] {logging_mixin.py:188} INFO - [2026-02-07T06:47:41.462+0000] {dag.py:3947} INFO - Setting next_dagrun for product_price_pipeline to 2026-02-06 21:00:00+00:00, run_after=2026-02-07 21:00:00+00:00
[2026-02-07T06:47:41.509+0000] {processor.py:183} INFO - Processing /opt/airflow/dags/product_pipeline_dag.py took 0.297 seconds
[2026-02-07T06:48:11.915+0000] {processor.py:161} INFO - Started process (PID=569) to work on /opt/airflow/dags/product_pipeline_dag.py
[2026-02-07T06:48:11.918+0000] {processor.py:830} INFO - Processing file /opt/airflow/dags/product_pipeline_dag.py for tasks to queue
[2026-02-07T06:48:11.921+0000] {logging_mixin.py:188} INFO - [2026-02-07T06:48:11.920+0000] {dagbag.py:545} INFO - Filling up the DagBag from /opt/airflow/dags/product_pipeline_dag.py
[2026-02-07T06:48:11.963+0000] {processor.py:840} INFO - DAG(s) 'product_price_pipeline' retrieved from /opt/airflow/dags/product_pipeline_dag.py
[2026-02-07T06:48:12.016+0000] {logging_mixin.py:188} INFO - [2026-02-07T06:48:12.016+0000] {dag.py:3089} INFO - Sync 1 DAGs
[2026-02-07T06:48:12.051+0000] {logging_mixin.py:188} INFO - [2026-02-07T06:48:12.051+0000] {dag.py:3947} INFO - Setting next_dagrun for product_price_pipeline to 2026-02-06 21:00:00+00:00, run_after=2026-02-07 21:00:00+00:00
[2026-02-07T06:48:12.200+0000] {processor.py:183} INFO - Processing /opt/airflow/dags/product_pipeline_dag.py took 0.295 seconds
[2026-02-07T06:48:42.816+0000] {processor.py:161} INFO - Started process (PID=574) to work on /opt/airflow/dags/product_pipeline_dag.py
[2026-02-07T06:48:42.819+0000] {processor.py:830} INFO - Processing file /opt/airflow/dags/product_pipeline_dag.py for tasks to queue
[2026-02-07T06:48:42.824+0000] {logging_mixin.py:188} INFO - [2026-02-07T06:48:42.823+0000] {dagbag.py:545} INFO - Filling up the DagBag from /opt/airflow/dags/product_pipeline_dag.py
[2026-02-07T06:48:42.908+0000] {processor.py:840} INFO - DAG(s) 'product_price_pipeline' retrieved from /opt/airflow/dags/product_pipeline_dag.py
[2026-02-07T06:48:42.965+0000] {logging_mixin.py:188} INFO - [2026-02-07T06:48:42.965+0000] {dag.py:3089} INFO - Sync 1 DAGs
[2026-02-07T06:48:43.007+0000] {logging_mixin.py:188} INFO - [2026-02-07T06:48:43.007+0000] {dag.py:3947} INFO - Setting next_dagrun for product_price_pipeline to 2026-02-06 21:00:00+00:00, run_after=2026-02-07 21:00:00+00:00
[2026-02-07T06:48:43.045+0000] {processor.py:183} INFO - Processing /opt/airflow/dags/product_pipeline_dag.py took 0.241 seconds
[2026-02-07T06:49:13.575+0000] {processor.py:161} INFO - Started process (PID=579) to work on /opt/airflow/dags/product_pipeline_dag.py
[2026-02-07T06:49:13.577+0000] {processor.py:830} INFO - Processing file /opt/airflow/dags/product_pipeline_dag.py for tasks to queue
[2026-02-07T06:49:13.580+0000] {logging_mixin.py:188} INFO - [2026-02-07T06:49:13.580+0000] {dagbag.py:545} INFO - Filling up the DagBag from /opt/airflow/dags/product_pipeline_dag.py
[2026-02-07T06:49:13.624+0000] {processor.py:840} INFO - DAG(s) 'product_price_pipeline' retrieved from /opt/airflow/dags/product_pipeline_dag.py
[2026-02-07T06:49:13.673+0000] {logging_mixin.py:188} INFO - [2026-02-07T06:49:13.673+0000] {dag.py:3089} INFO - Sync 1 DAGs
[2026-02-07T06:49:13.713+0000] {logging_mixin.py:188} INFO - [2026-02-07T06:49:13.713+0000] {dag.py:3947} INFO - Setting next_dagrun for product_price_pipeline to 2026-02-06 21:00:00+00:00, run_after=2026-02-07 21:00:00+00:00
[2026-02-07T06:49:13.755+0000] {processor.py:183} INFO - Processing /opt/airflow/dags/product_pipeline_dag.py took 0.193 seconds
[2026-02-07T06:49:44.171+0000] {processor.py:161} INFO - Started process (PID=584) to work on /opt/airflow/dags/product_pipeline_dag.py
[2026-02-07T06:49:44.174+0000] {processor.py:830} INFO - Processing file /opt/airflow/dags/product_pipeline_dag.py for tasks to queue
[2026-02-07T06:49:44.178+0000] {logging_mixin.py:188} INFO - [2026-02-07T06:49:44.177+0000] {dagbag.py:545} INFO - Filling up the DagBag from /opt/airflow/dags/product_pipeline_dag.py
[2026-02-07T06:49:44.223+0000] {processor.py:840} INFO - DAG(s) 'product_price_pipeline' retrieved from /opt/airflow/dags/product_pipeline_dag.py
[2026-02-07T06:49:44.282+0000] {logging_mixin.py:188} INFO - [2026-02-07T06:49:44.282+0000] {dag.py:3089} INFO - Sync 1 DAGs
[2026-02-07T06:49:44.320+0000] {logging_mixin.py:188} INFO - [2026-02-07T06:49:44.320+0000] {dag.py:3947} INFO - Setting next_dagrun for product_price_pipeline to 2026-02-06 21:00:00+00:00, run_after=2026-02-07 21:00:00+00:00
[2026-02-07T06:49:44.365+0000] {processor.py:183} INFO - Processing /opt/airflow/dags/product_pipeline_dag.py took 0.208 seconds
[2026-02-07T07:05:03.794+0000] {processor.py:161} INFO - Started process (PID=589) to work on /opt/airflow/dags/product_pipeline_dag.py
[2026-02-07T07:05:03.820+0000] {processor.py:830} INFO - Processing file /opt/airflow/dags/product_pipeline_dag.py for tasks to queue
[2026-02-07T07:05:03.880+0000] {logging_mixin.py:188} INFO - [2026-02-07T07:05:03.869+0000] {dagbag.py:545} INFO - Filling up the DagBag from /opt/airflow/dags/product_pipeline_dag.py
[2026-02-07T07:05:04.659+0000] {processor.py:840} INFO - DAG(s) 'product_price_pipeline' retrieved from /opt/airflow/dags/product_pipeline_dag.py
[2026-02-07T07:05:05.765+0000] {logging_mixin.py:188} INFO - [2026-02-07T07:05:05.763+0000] {dag.py:3089} INFO - Sync 1 DAGs
[2026-02-07T07:05:06.100+0000] {logging_mixin.py:188} INFO - [2026-02-07T07:05:06.097+0000] {dag.py:3947} INFO - Setting next_dagrun for product_price_pipeline to 2026-02-06 21:00:00+00:00, run_after=2026-02-07 21:00:00+00:00
[2026-02-07T07:05:06.278+0000] {processor.py:183} INFO - Processing /opt/airflow/dags/product_pipeline_dag.py took 2.782 seconds
[2026-02-07T07:05:37.604+0000] {processor.py:161} INFO - Started process (PID=594) to work on /opt/airflow/dags/product_pipeline_dag.py
[2026-02-07T07:05:37.612+0000] {processor.py:830} INFO - Processing file /opt/airflow/dags/product_pipeline_dag.py for tasks to queue
[2026-02-07T07:05:37.649+0000] {logging_mixin.py:188} INFO - [2026-02-07T07:05:37.641+0000] {dagbag.py:545} INFO - Filling up the DagBag from /opt/airflow/dags/product_pipeline_dag.py
[2026-02-07T07:05:37.951+0000] {processor.py:840} INFO - DAG(s) 'product_price_pipeline' retrieved from /opt/airflow/dags/product_pipeline_dag.py
[2026-02-07T07:05:38.162+0000] {logging_mixin.py:188} INFO - [2026-02-07T07:05:38.162+0000] {dag.py:3089} INFO - Sync 1 DAGs
[2026-02-07T07:05:38.269+0000] {logging_mixin.py:188} INFO - [2026-02-07T07:05:38.268+0000] {dag.py:3947} INFO - Setting next_dagrun for product_price_pipeline to 2026-02-06 21:00:00+00:00, run_after=2026-02-07 21:00:00+00:00
[2026-02-07T07:05:38.358+0000] {processor.py:183} INFO - Processing /opt/airflow/dags/product_pipeline_dag.py took 0.862 seconds
[2026-02-07T07:06:09.526+0000] {processor.py:161} INFO - Started process (PID=599) to work on /opt/airflow/dags/product_pipeline_dag.py
[2026-02-07T07:06:09.528+0000] {processor.py:830} INFO - Processing file /opt/airflow/dags/product_pipeline_dag.py for tasks to queue
[2026-02-07T07:06:09.532+0000] {logging_mixin.py:188} INFO - [2026-02-07T07:06:09.531+0000] {dagbag.py:545} INFO - Filling up the DagBag from /opt/airflow/dags/product_pipeline_dag.py
[2026-02-07T07:06:09.582+0000] {processor.py:840} INFO - DAG(s) 'product_price_pipeline' retrieved from /opt/airflow/dags/product_pipeline_dag.py
[2026-02-07T07:06:09.664+0000] {logging_mixin.py:188} INFO - [2026-02-07T07:06:09.663+0000] {dag.py:3089} INFO - Sync 1 DAGs
[2026-02-07T07:06:09.693+0000] {logging_mixin.py:188} INFO - [2026-02-07T07:06:09.692+0000] {dag.py:3947} INFO - Setting next_dagrun for product_price_pipeline to 2026-02-06 21:00:00+00:00, run_after=2026-02-07 21:00:00+00:00
[2026-02-07T07:06:09.736+0000] {processor.py:183} INFO - Processing /opt/airflow/dags/product_pipeline_dag.py took 0.218 seconds
[2026-02-07T07:06:40.587+0000] {processor.py:161} INFO - Started process (PID=604) to work on /opt/airflow/dags/product_pipeline_dag.py
[2026-02-07T07:06:40.593+0000] {processor.py:830} INFO - Processing file /opt/airflow/dags/product_pipeline_dag.py for tasks to queue
[2026-02-07T07:06:40.599+0000] {logging_mixin.py:188} INFO - [2026-02-07T07:06:40.599+0000] {dagbag.py:545} INFO - Filling up the DagBag from /opt/airflow/dags/product_pipeline_dag.py
[2026-02-07T07:06:40.657+0000] {processor.py:840} INFO - DAG(s) 'product_price_pipeline' retrieved from /opt/airflow/dags/product_pipeline_dag.py
[2026-02-07T07:06:40.720+0000] {logging_mixin.py:188} INFO - [2026-02-07T07:06:40.719+0000] {dag.py:3089} INFO - Sync 1 DAGs
[2026-02-07T07:06:40.791+0000] {logging_mixin.py:188} INFO - [2026-02-07T07:06:40.790+0000] {dag.py:3947} INFO - Setting next_dagrun for product_price_pipeline to 2026-02-06 21:00:00+00:00, run_after=2026-02-07 21:00:00+00:00
[2026-02-07T07:06:40.851+0000] {processor.py:183} INFO - Processing /opt/airflow/dags/product_pipeline_dag.py took 0.280 seconds
[2026-02-07T07:07:11.111+0000] {processor.py:161} INFO - Started process (PID=609) to work on /opt/airflow/dags/product_pipeline_dag.py
[2026-02-07T07:07:11.115+0000] {processor.py:830} INFO - Processing file /opt/airflow/dags/product_pipeline_dag.py for tasks to queue
[2026-02-07T07:07:11.119+0000] {logging_mixin.py:188} INFO - [2026-02-07T07:07:11.118+0000] {dagbag.py:545} INFO - Filling up the DagBag from /opt/airflow/dags/product_pipeline_dag.py
[2026-02-07T07:07:11.182+0000] {processor.py:840} INFO - DAG(s) 'product_price_pipeline' retrieved from /opt/airflow/dags/product_pipeline_dag.py
[2026-02-07T07:07:11.292+0000] {logging_mixin.py:188} INFO - [2026-02-07T07:07:11.292+0000] {dag.py:3089} INFO - Sync 1 DAGs
[2026-02-07T07:07:11.314+0000] {logging_mixin.py:188} INFO - [2026-02-07T07:07:11.314+0000] {dag.py:3947} INFO - Setting next_dagrun for product_price_pipeline to 2026-02-06 21:00:00+00:00, run_after=2026-02-07 21:00:00+00:00
[2026-02-07T07:07:11.370+0000] {processor.py:183} INFO - Processing /opt/airflow/dags/product_pipeline_dag.py took 0.290 seconds
[2026-02-07T07:07:41.875+0000] {processor.py:161} INFO - Started process (PID=614) to work on /opt/airflow/dags/product_pipeline_dag.py
[2026-02-07T07:07:41.878+0000] {processor.py:830} INFO - Processing file /opt/airflow/dags/product_pipeline_dag.py for tasks to queue
[2026-02-07T07:07:41.883+0000] {logging_mixin.py:188} INFO - [2026-02-07T07:07:41.882+0000] {dagbag.py:545} INFO - Filling up the DagBag from /opt/airflow/dags/product_pipeline_dag.py
[2026-02-07T07:07:41.971+0000] {processor.py:840} INFO - DAG(s) 'product_price_pipeline' retrieved from /opt/airflow/dags/product_pipeline_dag.py
[2026-02-07T07:07:42.023+0000] {logging_mixin.py:188} INFO - [2026-02-07T07:07:42.023+0000] {dag.py:3089} INFO - Sync 1 DAGs
[2026-02-07T07:07:42.043+0000] {logging_mixin.py:188} INFO - [2026-02-07T07:07:42.043+0000] {dag.py:3947} INFO - Setting next_dagrun for product_price_pipeline to 2026-02-06 21:00:00+00:00, run_after=2026-02-07 21:00:00+00:00
[2026-02-07T07:07:42.083+0000] {processor.py:183} INFO - Processing /opt/airflow/dags/product_pipeline_dag.py took 0.218 seconds
[2026-02-07T07:08:12.208+0000] {processor.py:161} INFO - Started process (PID=619) to work on /opt/airflow/dags/product_pipeline_dag.py
[2026-02-07T07:08:12.210+0000] {processor.py:830} INFO - Processing file /opt/airflow/dags/product_pipeline_dag.py for tasks to queue
[2026-02-07T07:08:12.214+0000] {logging_mixin.py:188} INFO - [2026-02-07T07:08:12.213+0000] {dagbag.py:545} INFO - Filling up the DagBag from /opt/airflow/dags/product_pipeline_dag.py
[2026-02-07T07:08:12.267+0000] {processor.py:840} INFO - DAG(s) 'product_price_pipeline' retrieved from /opt/airflow/dags/product_pipeline_dag.py
[2026-02-07T07:08:12.332+0000] {logging_mixin.py:188} INFO - [2026-02-07T07:08:12.331+0000] {dag.py:3089} INFO - Sync 1 DAGs
[2026-02-07T07:08:12.366+0000] {logging_mixin.py:188} INFO - [2026-02-07T07:08:12.366+0000] {dag.py:3947} INFO - Setting next_dagrun for product_price_pipeline to 2026-02-06 21:00:00+00:00, run_after=2026-02-07 21:00:00+00:00
[2026-02-07T07:08:12.396+0000] {processor.py:183} INFO - Processing /opt/airflow/dags/product_pipeline_dag.py took 0.199 seconds
[2026-02-07T07:08:42.689+0000] {processor.py:161} INFO - Started process (PID=624) to work on /opt/airflow/dags/product_pipeline_dag.py
[2026-02-07T07:08:42.692+0000] {processor.py:830} INFO - Processing file /opt/airflow/dags/product_pipeline_dag.py for tasks to queue
[2026-02-07T07:08:42.696+0000] {logging_mixin.py:188} INFO - [2026-02-07T07:08:42.695+0000] {dagbag.py:545} INFO - Filling up the DagBag from /opt/airflow/dags/product_pipeline_dag.py
[2026-02-07T07:08:42.770+0000] {processor.py:840} INFO - DAG(s) 'product_price_pipeline' retrieved from /opt/airflow/dags/product_pipeline_dag.py
[2026-02-07T07:08:42.855+0000] {logging_mixin.py:188} INFO - [2026-02-07T07:08:42.854+0000] {dag.py:3089} INFO - Sync 1 DAGs
[2026-02-07T07:08:42.898+0000] {logging_mixin.py:188} INFO - [2026-02-07T07:08:42.898+0000] {dag.py:3947} INFO - Setting next_dagrun for product_price_pipeline to 2026-02-06 21:00:00+00:00, run_after=2026-02-07 21:00:00+00:00
[2026-02-07T07:08:42.941+0000] {processor.py:183} INFO - Processing /opt/airflow/dags/product_pipeline_dag.py took 0.261 seconds
[2026-02-07T07:09:13.297+0000] {processor.py:161} INFO - Started process (PID=629) to work on /opt/airflow/dags/product_pipeline_dag.py
[2026-02-07T07:09:13.300+0000] {processor.py:830} INFO - Processing file /opt/airflow/dags/product_pipeline_dag.py for tasks to queue
[2026-02-07T07:09:13.305+0000] {logging_mixin.py:188} INFO - [2026-02-07T07:09:13.304+0000] {dagbag.py:545} INFO - Filling up the DagBag from /opt/airflow/dags/product_pipeline_dag.py
[2026-02-07T07:09:13.347+0000] {processor.py:840} INFO - DAG(s) 'product_price_pipeline' retrieved from /opt/airflow/dags/product_pipeline_dag.py
[2026-02-07T07:09:13.415+0000] {logging_mixin.py:188} INFO - [2026-02-07T07:09:13.414+0000] {dag.py:3089} INFO - Sync 1 DAGs
[2026-02-07T07:09:13.479+0000] {logging_mixin.py:188} INFO - [2026-02-07T07:09:13.478+0000] {dag.py:3947} INFO - Setting next_dagrun for product_price_pipeline to 2026-02-06 21:00:00+00:00, run_after=2026-02-07 21:00:00+00:00
[2026-02-07T07:09:13.526+0000] {processor.py:183} INFO - Processing /opt/airflow/dags/product_pipeline_dag.py took 0.241 seconds
[2026-02-07T07:09:43.888+0000] {processor.py:161} INFO - Started process (PID=634) to work on /opt/airflow/dags/product_pipeline_dag.py
[2026-02-07T07:09:43.890+0000] {processor.py:830} INFO - Processing file /opt/airflow/dags/product_pipeline_dag.py for tasks to queue
[2026-02-07T07:09:43.896+0000] {logging_mixin.py:188} INFO - [2026-02-07T07:09:43.896+0000] {dagbag.py:545} INFO - Filling up the DagBag from /opt/airflow/dags/product_pipeline_dag.py
[2026-02-07T07:09:43.955+0000] {processor.py:840} INFO - DAG(s) 'product_price_pipeline' retrieved from /opt/airflow/dags/product_pipeline_dag.py
[2026-02-07T07:09:43.985+0000] {logging_mixin.py:188} INFO - [2026-02-07T07:09:43.985+0000] {dag.py:3089} INFO - Sync 1 DAGs
[2026-02-07T07:09:44.009+0000] {logging_mixin.py:188} INFO - [2026-02-07T07:09:44.009+0000] {dag.py:3947} INFO - Setting next_dagrun for product_price_pipeline to 2026-02-06 21:00:00+00:00, run_after=2026-02-07 21:00:00+00:00
[2026-02-07T07:09:44.039+0000] {processor.py:183} INFO - Processing /opt/airflow/dags/product_pipeline_dag.py took 0.172 seconds
[2026-02-07T07:10:14.602+0000] {processor.py:161} INFO - Started process (PID=639) to work on /opt/airflow/dags/product_pipeline_dag.py
[2026-02-07T07:10:14.604+0000] {processor.py:830} INFO - Processing file /opt/airflow/dags/product_pipeline_dag.py for tasks to queue
[2026-02-07T07:10:14.610+0000] {logging_mixin.py:188} INFO - [2026-02-07T07:10:14.609+0000] {dagbag.py:545} INFO - Filling up the DagBag from /opt/airflow/dags/product_pipeline_dag.py
[2026-02-07T07:10:14.660+0000] {processor.py:840} INFO - DAG(s) 'product_price_pipeline' retrieved from /opt/airflow/dags/product_pipeline_dag.py
[2026-02-07T07:10:14.693+0000] {logging_mixin.py:188} INFO - [2026-02-07T07:10:14.693+0000] {dag.py:3089} INFO - Sync 1 DAGs
[2026-02-07T07:10:14.714+0000] {logging_mixin.py:188} INFO - [2026-02-07T07:10:14.713+0000] {dag.py:3947} INFO - Setting next_dagrun for product_price_pipeline to 2026-02-06 21:00:00+00:00, run_after=2026-02-07 21:00:00+00:00
[2026-02-07T07:10:14.737+0000] {processor.py:183} INFO - Processing /opt/airflow/dags/product_pipeline_dag.py took 0.148 seconds
[2026-02-07T07:10:45.022+0000] {processor.py:161} INFO - Started process (PID=644) to work on /opt/airflow/dags/product_pipeline_dag.py
[2026-02-07T07:10:45.023+0000] {processor.py:830} INFO - Processing file /opt/airflow/dags/product_pipeline_dag.py for tasks to queue
[2026-02-07T07:10:45.026+0000] {logging_mixin.py:188} INFO - [2026-02-07T07:10:45.026+0000] {dagbag.py:545} INFO - Filling up the DagBag from /opt/airflow/dags/product_pipeline_dag.py
[2026-02-07T07:10:45.076+0000] {processor.py:840} INFO - DAG(s) 'product_price_pipeline' retrieved from /opt/airflow/dags/product_pipeline_dag.py
[2026-02-07T07:10:45.114+0000] {logging_mixin.py:188} INFO - [2026-02-07T07:10:45.114+0000] {dag.py:3089} INFO - Sync 1 DAGs
[2026-02-07T07:10:45.136+0000] {logging_mixin.py:188} INFO - [2026-02-07T07:10:45.136+0000] {dag.py:3947} INFO - Setting next_dagrun for product_price_pipeline to 2026-02-06 21:00:00+00:00, run_after=2026-02-07 21:00:00+00:00
[2026-02-07T07:10:45.162+0000] {processor.py:183} INFO - Processing /opt/airflow/dags/product_pipeline_dag.py took 0.150 seconds
[2026-02-07T07:11:15.433+0000] {processor.py:161} INFO - Started process (PID=649) to work on /opt/airflow/dags/product_pipeline_dag.py
[2026-02-07T07:11:15.435+0000] {processor.py:830} INFO - Processing file /opt/airflow/dags/product_pipeline_dag.py for tasks to queue
[2026-02-07T07:11:15.438+0000] {logging_mixin.py:188} INFO - [2026-02-07T07:11:15.438+0000] {dagbag.py:545} INFO - Filling up the DagBag from /opt/airflow/dags/product_pipeline_dag.py
[2026-02-07T07:11:15.475+0000] {processor.py:840} INFO - DAG(s) 'product_price_pipeline' retrieved from /opt/airflow/dags/product_pipeline_dag.py
[2026-02-07T07:11:15.519+0000] {logging_mixin.py:188} INFO - [2026-02-07T07:11:15.519+0000] {dag.py:3089} INFO - Sync 1 DAGs
[2026-02-07T07:11:15.547+0000] {logging_mixin.py:188} INFO - [2026-02-07T07:11:15.546+0000] {dag.py:3947} INFO - Setting next_dagrun for product_price_pipeline to 2026-02-06 21:00:00+00:00, run_after=2026-02-07 21:00:00+00:00
[2026-02-07T07:11:15.572+0000] {processor.py:183} INFO - Processing /opt/airflow/dags/product_pipeline_dag.py took 0.149 seconds
[2026-02-07T07:11:45.993+0000] {processor.py:161} INFO - Started process (PID=654) to work on /opt/airflow/dags/product_pipeline_dag.py
[2026-02-07T07:11:45.996+0000] {processor.py:830} INFO - Processing file /opt/airflow/dags/product_pipeline_dag.py for tasks to queue
[2026-02-07T07:11:45.999+0000] {logging_mixin.py:188} INFO - [2026-02-07T07:11:45.999+0000] {dagbag.py:545} INFO - Filling up the DagBag from /opt/airflow/dags/product_pipeline_dag.py
[2026-02-07T07:11:46.077+0000] {processor.py:840} INFO - DAG(s) 'product_price_pipeline' retrieved from /opt/airflow/dags/product_pipeline_dag.py
[2026-02-07T07:11:46.151+0000] {logging_mixin.py:188} INFO - [2026-02-07T07:11:46.151+0000] {dag.py:3089} INFO - Sync 1 DAGs
[2026-02-07T07:11:46.173+0000] {logging_mixin.py:188} INFO - [2026-02-07T07:11:46.173+0000] {dag.py:3947} INFO - Setting next_dagrun for product_price_pipeline to 2026-02-06 21:00:00+00:00, run_after=2026-02-07 21:00:00+00:00
[2026-02-07T07:11:46.210+0000] {processor.py:183} INFO - Processing /opt/airflow/dags/product_pipeline_dag.py took 0.229 seconds
[2026-02-07T07:12:16.587+0000] {processor.py:161} INFO - Started process (PID=659) to work on /opt/airflow/dags/product_pipeline_dag.py
[2026-02-07T07:12:16.589+0000] {processor.py:830} INFO - Processing file /opt/airflow/dags/product_pipeline_dag.py for tasks to queue
[2026-02-07T07:12:16.593+0000] {logging_mixin.py:188} INFO - [2026-02-07T07:12:16.592+0000] {dagbag.py:545} INFO - Filling up the DagBag from /opt/airflow/dags/product_pipeline_dag.py
[2026-02-07T07:12:16.690+0000] {processor.py:840} INFO - DAG(s) 'product_price_pipeline' retrieved from /opt/airflow/dags/product_pipeline_dag.py
[2026-02-07T07:12:16.799+0000] {logging_mixin.py:188} INFO - [2026-02-07T07:12:16.799+0000] {dag.py:3089} INFO - Sync 1 DAGs
[2026-02-07T07:12:16.869+0000] {logging_mixin.py:188} INFO - [2026-02-07T07:12:16.868+0000] {dag.py:3947} INFO - Setting next_dagrun for product_price_pipeline to 2026-02-06 21:00:00+00:00, run_after=2026-02-07 21:00:00+00:00
[2026-02-07T07:12:16.933+0000] {processor.py:183} INFO - Processing /opt/airflow/dags/product_pipeline_dag.py took 0.356 seconds
[2026-02-07T07:12:47.264+0000] {processor.py:161} INFO - Started process (PID=664) to work on /opt/airflow/dags/product_pipeline_dag.py
[2026-02-07T07:12:47.266+0000] {processor.py:830} INFO - Processing file /opt/airflow/dags/product_pipeline_dag.py for tasks to queue
[2026-02-07T07:12:47.269+0000] {logging_mixin.py:188} INFO - [2026-02-07T07:12:47.269+0000] {dagbag.py:545} INFO - Filling up the DagBag from /opt/airflow/dags/product_pipeline_dag.py
[2026-02-07T07:12:47.307+0000] {processor.py:840} INFO - DAG(s) 'product_price_pipeline' retrieved from /opt/airflow/dags/product_pipeline_dag.py
[2026-02-07T07:12:47.381+0000] {logging_mixin.py:188} INFO - [2026-02-07T07:12:47.381+0000] {dag.py:3089} INFO - Sync 1 DAGs
[2026-02-07T07:12:47.420+0000] {logging_mixin.py:188} INFO - [2026-02-07T07:12:47.420+0000] {dag.py:3947} INFO - Setting next_dagrun for product_price_pipeline to 2026-02-06 21:00:00+00:00, run_after=2026-02-07 21:00:00+00:00
[2026-02-07T07:12:47.463+0000] {processor.py:183} INFO - Processing /opt/airflow/dags/product_pipeline_dag.py took 0.210 seconds
[2026-02-07T07:13:17.781+0000] {processor.py:161} INFO - Started process (PID=669) to work on /opt/airflow/dags/product_pipeline_dag.py
[2026-02-07T07:13:17.784+0000] {processor.py:830} INFO - Processing file /opt/airflow/dags/product_pipeline_dag.py for tasks to queue
[2026-02-07T07:13:17.788+0000] {logging_mixin.py:188} INFO - [2026-02-07T07:13:17.787+0000] {dagbag.py:545} INFO - Filling up the DagBag from /opt/airflow/dags/product_pipeline_dag.py
[2026-02-07T07:13:17.829+0000] {processor.py:840} INFO - DAG(s) 'product_price_pipeline' retrieved from /opt/airflow/dags/product_pipeline_dag.py
[2026-02-07T07:13:17.897+0000] {logging_mixin.py:188} INFO - [2026-02-07T07:13:17.897+0000] {dag.py:3089} INFO - Sync 1 DAGs
[2026-02-07T07:13:17.937+0000] {logging_mixin.py:188} INFO - [2026-02-07T07:13:17.936+0000] {dag.py:3947} INFO - Setting next_dagrun for product_price_pipeline to 2026-02-06 21:00:00+00:00, run_after=2026-02-07 21:00:00+00:00
[2026-02-07T07:13:17.979+0000] {processor.py:183} INFO - Processing /opt/airflow/dags/product_pipeline_dag.py took 0.210 seconds
[2026-02-07T07:13:48.423+0000] {processor.py:161} INFO - Started process (PID=674) to work on /opt/airflow/dags/product_pipeline_dag.py
[2026-02-07T07:13:48.425+0000] {processor.py:830} INFO - Processing file /opt/airflow/dags/product_pipeline_dag.py for tasks to queue
[2026-02-07T07:13:48.428+0000] {logging_mixin.py:188} INFO - [2026-02-07T07:13:48.427+0000] {dagbag.py:545} INFO - Filling up the DagBag from /opt/airflow/dags/product_pipeline_dag.py
[2026-02-07T07:13:48.469+0000] {processor.py:840} INFO - DAG(s) 'product_price_pipeline' retrieved from /opt/airflow/dags/product_pipeline_dag.py
[2026-02-07T07:13:48.525+0000] {logging_mixin.py:188} INFO - [2026-02-07T07:13:48.524+0000] {dag.py:3089} INFO - Sync 1 DAGs
[2026-02-07T07:13:48.553+0000] {logging_mixin.py:188} INFO - [2026-02-07T07:13:48.553+0000] {dag.py:3947} INFO - Setting next_dagrun for product_price_pipeline to 2026-02-06 21:00:00+00:00, run_after=2026-02-07 21:00:00+00:00
[2026-02-07T07:13:48.587+0000] {processor.py:183} INFO - Processing /opt/airflow/dags/product_pipeline_dag.py took 0.174 seconds
[2026-02-07T07:14:19.391+0000] {processor.py:161} INFO - Started process (PID=679) to work on /opt/airflow/dags/product_pipeline_dag.py
[2026-02-07T07:14:19.393+0000] {processor.py:830} INFO - Processing file /opt/airflow/dags/product_pipeline_dag.py for tasks to queue
[2026-02-07T07:14:19.397+0000] {logging_mixin.py:188} INFO - [2026-02-07T07:14:19.396+0000] {dagbag.py:545} INFO - Filling up the DagBag from /opt/airflow/dags/product_pipeline_dag.py
[2026-02-07T07:14:19.451+0000] {processor.py:840} INFO - DAG(s) 'product_price_pipeline' retrieved from /opt/airflow/dags/product_pipeline_dag.py
[2026-02-07T07:14:19.512+0000] {logging_mixin.py:188} INFO - [2026-02-07T07:14:19.512+0000] {dag.py:3089} INFO - Sync 1 DAGs
[2026-02-07T07:14:19.552+0000] {logging_mixin.py:188} INFO - [2026-02-07T07:14:19.551+0000] {dag.py:3947} INFO - Setting next_dagrun for product_price_pipeline to 2026-02-06 21:00:00+00:00, run_after=2026-02-07 21:00:00+00:00
[2026-02-07T07:14:19.589+0000] {processor.py:183} INFO - Processing /opt/airflow/dags/product_pipeline_dag.py took 0.209 seconds
[2026-02-07T07:14:50.031+0000] {processor.py:161} INFO - Started process (PID=684) to work on /opt/airflow/dags/product_pipeline_dag.py
[2026-02-07T07:14:50.035+0000] {processor.py:830} INFO - Processing file /opt/airflow/dags/product_pipeline_dag.py for tasks to queue
[2026-02-07T07:14:50.039+0000] {logging_mixin.py:188} INFO - [2026-02-07T07:14:50.038+0000] {dagbag.py:545} INFO - Filling up the DagBag from /opt/airflow/dags/product_pipeline_dag.py
[2026-02-07T07:14:50.097+0000] {processor.py:840} INFO - DAG(s) 'product_price_pipeline' retrieved from /opt/airflow/dags/product_pipeline_dag.py
[2026-02-07T07:14:50.158+0000] {logging_mixin.py:188} INFO - [2026-02-07T07:14:50.158+0000] {dag.py:3089} INFO - Sync 1 DAGs
[2026-02-07T07:14:50.181+0000] {logging_mixin.py:188} INFO - [2026-02-07T07:14:50.181+0000] {dag.py:3947} INFO - Setting next_dagrun for product_price_pipeline to 2026-02-06 21:00:00+00:00, run_after=2026-02-07 21:00:00+00:00
[2026-02-07T07:14:50.211+0000] {processor.py:183} INFO - Processing /opt/airflow/dags/product_pipeline_dag.py took 0.193 seconds
[2026-02-07T07:15:20.611+0000] {processor.py:161} INFO - Started process (PID=689) to work on /opt/airflow/dags/product_pipeline_dag.py
[2026-02-07T07:15:20.613+0000] {processor.py:830} INFO - Processing file /opt/airflow/dags/product_pipeline_dag.py for tasks to queue
[2026-02-07T07:15:20.616+0000] {logging_mixin.py:188} INFO - [2026-02-07T07:15:20.616+0000] {dagbag.py:545} INFO - Filling up the DagBag from /opt/airflow/dags/product_pipeline_dag.py
[2026-02-07T07:15:20.666+0000] {processor.py:840} INFO - DAG(s) 'product_price_pipeline' retrieved from /opt/airflow/dags/product_pipeline_dag.py
[2026-02-07T07:15:20.745+0000] {logging_mixin.py:188} INFO - [2026-02-07T07:15:20.744+0000] {dag.py:3089} INFO - Sync 1 DAGs
[2026-02-07T07:15:20.807+0000] {logging_mixin.py:188} INFO - [2026-02-07T07:15:20.806+0000] {dag.py:3947} INFO - Setting next_dagrun for product_price_pipeline to 2026-02-06 21:00:00+00:00, run_after=2026-02-07 21:00:00+00:00
[2026-02-07T07:15:20.870+0000] {processor.py:183} INFO - Processing /opt/airflow/dags/product_pipeline_dag.py took 0.268 seconds
[2026-02-07T07:15:51.317+0000] {processor.py:161} INFO - Started process (PID=694) to work on /opt/airflow/dags/product_pipeline_dag.py
[2026-02-07T07:15:51.320+0000] {processor.py:830} INFO - Processing file /opt/airflow/dags/product_pipeline_dag.py for tasks to queue
[2026-02-07T07:15:51.323+0000] {logging_mixin.py:188} INFO - [2026-02-07T07:15:51.323+0000] {dagbag.py:545} INFO - Filling up the DagBag from /opt/airflow/dags/product_pipeline_dag.py
[2026-02-07T07:15:51.373+0000] {processor.py:840} INFO - DAG(s) 'product_price_pipeline' retrieved from /opt/airflow/dags/product_pipeline_dag.py
[2026-02-07T07:15:51.432+0000] {logging_mixin.py:188} INFO - [2026-02-07T07:15:51.432+0000] {dag.py:3089} INFO - Sync 1 DAGs
[2026-02-07T07:15:51.474+0000] {logging_mixin.py:188} INFO - [2026-02-07T07:15:51.473+0000] {dag.py:3947} INFO - Setting next_dagrun for product_price_pipeline to 2026-02-06 21:00:00+00:00, run_after=2026-02-07 21:00:00+00:00
[2026-02-07T07:15:51.520+0000] {processor.py:183} INFO - Processing /opt/airflow/dags/product_pipeline_dag.py took 0.212 seconds
[2026-02-07T07:16:22.018+0000] {processor.py:161} INFO - Started process (PID=699) to work on /opt/airflow/dags/product_pipeline_dag.py
[2026-02-07T07:16:22.021+0000] {processor.py:830} INFO - Processing file /opt/airflow/dags/product_pipeline_dag.py for tasks to queue
[2026-02-07T07:16:22.024+0000] {logging_mixin.py:188} INFO - [2026-02-07T07:16:22.024+0000] {dagbag.py:545} INFO - Filling up the DagBag from /opt/airflow/dags/product_pipeline_dag.py
[2026-02-07T07:16:22.087+0000] {processor.py:840} INFO - DAG(s) 'product_price_pipeline' retrieved from /opt/airflow/dags/product_pipeline_dag.py
[2026-02-07T07:16:22.128+0000] {logging_mixin.py:188} INFO - [2026-02-07T07:16:22.128+0000] {dag.py:3089} INFO - Sync 1 DAGs
[2026-02-07T07:16:22.154+0000] {logging_mixin.py:188} INFO - [2026-02-07T07:16:22.154+0000] {dag.py:3947} INFO - Setting next_dagrun for product_price_pipeline to 2026-02-06 21:00:00+00:00, run_after=2026-02-07 21:00:00+00:00
[2026-02-07T07:16:22.182+0000] {processor.py:183} INFO - Processing /opt/airflow/dags/product_pipeline_dag.py took 0.173 seconds
[2026-02-07T07:16:52.811+0000] {processor.py:161} INFO - Started process (PID=704) to work on /opt/airflow/dags/product_pipeline_dag.py
[2026-02-07T07:16:52.825+0000] {processor.py:830} INFO - Processing file /opt/airflow/dags/product_pipeline_dag.py for tasks to queue
[2026-02-07T07:16:52.889+0000] {logging_mixin.py:188} INFO - [2026-02-07T07:16:52.878+0000] {dagbag.py:545} INFO - Filling up the DagBag from /opt/airflow/dags/product_pipeline_dag.py
[2026-02-07T07:16:53.369+0000] {processor.py:840} INFO - DAG(s) 'product_price_pipeline' retrieved from /opt/airflow/dags/product_pipeline_dag.py
[2026-02-07T07:16:53.551+0000] {logging_mixin.py:188} INFO - [2026-02-07T07:16:53.551+0000] {dag.py:3089} INFO - Sync 1 DAGs
[2026-02-07T07:16:53.729+0000] {logging_mixin.py:188} INFO - [2026-02-07T07:16:53.728+0000] {dag.py:3947} INFO - Setting next_dagrun for product_price_pipeline to 2026-02-06 21:00:00+00:00, run_after=2026-02-07 21:00:00+00:00
[2026-02-07T07:16:53.924+0000] {processor.py:183} INFO - Processing /opt/airflow/dags/product_pipeline_dag.py took 1.235 seconds
[2026-02-07T07:17:24.735+0000] {processor.py:161} INFO - Started process (PID=709) to work on /opt/airflow/dags/product_pipeline_dag.py
[2026-02-07T07:17:24.769+0000] {processor.py:830} INFO - Processing file /opt/airflow/dags/product_pipeline_dag.py for tasks to queue
[2026-02-07T07:17:24.834+0000] {logging_mixin.py:188} INFO - [2026-02-07T07:17:24.825+0000] {dagbag.py:545} INFO - Filling up the DagBag from /opt/airflow/dags/product_pipeline_dag.py
[2026-02-07T07:17:25.270+0000] {processor.py:840} INFO - DAG(s) 'product_price_pipeline' retrieved from /opt/airflow/dags/product_pipeline_dag.py
[2026-02-07T07:17:25.747+0000] {logging_mixin.py:188} INFO - [2026-02-07T07:17:25.747+0000] {dag.py:3089} INFO - Sync 1 DAGs
[2026-02-07T07:17:25.986+0000] {logging_mixin.py:188} INFO - [2026-02-07T07:17:25.985+0000] {dag.py:3947} INFO - Setting next_dagrun for product_price_pipeline to 2026-02-06 21:00:00+00:00, run_after=2026-02-07 21:00:00+00:00
[2026-02-07T07:17:26.018+0000] {processor.py:183} INFO - Processing /opt/airflow/dags/product_pipeline_dag.py took 1.396 seconds
[2026-02-07T07:17:56.587+0000] {processor.py:161} INFO - Started process (PID=714) to work on /opt/airflow/dags/product_pipeline_dag.py
[2026-02-07T07:17:56.599+0000] {processor.py:830} INFO - Processing file /opt/airflow/dags/product_pipeline_dag.py for tasks to queue
[2026-02-07T07:17:56.617+0000] {logging_mixin.py:188} INFO - [2026-02-07T07:17:56.616+0000] {dagbag.py:545} INFO - Filling up the DagBag from /opt/airflow/dags/product_pipeline_dag.py
[2026-02-07T07:17:56.721+0000] {processor.py:840} INFO - DAG(s) 'product_price_pipeline' retrieved from /opt/airflow/dags/product_pipeline_dag.py
[2026-02-07T07:17:56.837+0000] {logging_mixin.py:188} INFO - [2026-02-07T07:17:56.837+0000] {dag.py:3089} INFO - Sync 1 DAGs
[2026-02-07T07:17:56.939+0000] {logging_mixin.py:188} INFO - [2026-02-07T07:17:56.939+0000] {dag.py:3947} INFO - Setting next_dagrun for product_price_pipeline to 2026-02-06 21:00:00+00:00, run_after=2026-02-07 21:00:00+00:00
[2026-02-07T07:17:57.009+0000] {processor.py:183} INFO - Processing /opt/airflow/dags/product_pipeline_dag.py took 0.501 seconds
[2026-02-07T07:18:27.290+0000] {processor.py:161} INFO - Started process (PID=719) to work on /opt/airflow/dags/product_pipeline_dag.py
[2026-02-07T07:18:27.294+0000] {processor.py:830} INFO - Processing file /opt/airflow/dags/product_pipeline_dag.py for tasks to queue
[2026-02-07T07:18:27.300+0000] {logging_mixin.py:188} INFO - [2026-02-07T07:18:27.299+0000] {dagbag.py:545} INFO - Filling up the DagBag from /opt/airflow/dags/product_pipeline_dag.py
[2026-02-07T07:18:27.368+0000] {processor.py:840} INFO - DAG(s) 'product_price_pipeline' retrieved from /opt/airflow/dags/product_pipeline_dag.py
[2026-02-07T07:18:27.448+0000] {logging_mixin.py:188} INFO - [2026-02-07T07:18:27.447+0000] {dag.py:3089} INFO - Sync 1 DAGs
[2026-02-07T07:18:27.501+0000] {logging_mixin.py:188} INFO - [2026-02-07T07:18:27.501+0000] {dag.py:3947} INFO - Setting next_dagrun for product_price_pipeline to 2026-02-06 21:00:00+00:00, run_after=2026-02-07 21:00:00+00:00
[2026-02-07T07:18:27.550+0000] {processor.py:183} INFO - Processing /opt/airflow/dags/product_pipeline_dag.py took 0.275 seconds
[2026-02-07T07:18:57.896+0000] {processor.py:161} INFO - Started process (PID=724) to work on /opt/airflow/dags/product_pipeline_dag.py
[2026-02-07T07:18:57.899+0000] {processor.py:830} INFO - Processing file /opt/airflow/dags/product_pipeline_dag.py for tasks to queue
[2026-02-07T07:18:57.903+0000] {logging_mixin.py:188} INFO - [2026-02-07T07:18:57.902+0000] {dagbag.py:545} INFO - Filling up the DagBag from /opt/airflow/dags/product_pipeline_dag.py
[2026-02-07T07:18:57.962+0000] {processor.py:840} INFO - DAG(s) 'product_price_pipeline' retrieved from /opt/airflow/dags/product_pipeline_dag.py
[2026-02-07T07:18:58.029+0000] {logging_mixin.py:188} INFO - [2026-02-07T07:18:58.028+0000] {dag.py:3089} INFO - Sync 1 DAGs
[2026-02-07T07:18:58.075+0000] {logging_mixin.py:188} INFO - [2026-02-07T07:18:58.074+0000] {dag.py:3947} INFO - Setting next_dagrun for product_price_pipeline to 2026-02-06 21:00:00+00:00, run_after=2026-02-07 21:00:00+00:00
[2026-02-07T07:18:58.117+0000] {processor.py:183} INFO - Processing /opt/airflow/dags/product_pipeline_dag.py took 0.233 seconds
[2026-02-07T07:19:28.578+0000] {processor.py:161} INFO - Started process (PID=729) to work on /opt/airflow/dags/product_pipeline_dag.py
[2026-02-07T07:19:28.580+0000] {processor.py:830} INFO - Processing file /opt/airflow/dags/product_pipeline_dag.py for tasks to queue
[2026-02-07T07:19:28.585+0000] {logging_mixin.py:188} INFO - [2026-02-07T07:19:28.584+0000] {dagbag.py:545} INFO - Filling up the DagBag from /opt/airflow/dags/product_pipeline_dag.py
[2026-02-07T07:19:28.617+0000] {processor.py:840} INFO - DAG(s) 'product_price_pipeline' retrieved from /opt/airflow/dags/product_pipeline_dag.py
[2026-02-07T07:19:28.668+0000] {logging_mixin.py:188} INFO - [2026-02-07T07:19:28.668+0000] {dag.py:3089} INFO - Sync 1 DAGs
[2026-02-07T07:19:28.708+0000] {logging_mixin.py:188} INFO - [2026-02-07T07:19:28.707+0000] {dag.py:3947} INFO - Setting next_dagrun for product_price_pipeline to 2026-02-06 21:00:00+00:00, run_after=2026-02-07 21:00:00+00:00
[2026-02-07T07:19:28.750+0000] {processor.py:183} INFO - Processing /opt/airflow/dags/product_pipeline_dag.py took 0.182 seconds
[2026-02-07T07:19:59.431+0000] {processor.py:161} INFO - Started process (PID=734) to work on /opt/airflow/dags/product_pipeline_dag.py
[2026-02-07T07:19:59.434+0000] {processor.py:830} INFO - Processing file /opt/airflow/dags/product_pipeline_dag.py for tasks to queue
[2026-02-07T07:19:59.440+0000] {logging_mixin.py:188} INFO - [2026-02-07T07:19:59.440+0000] {dagbag.py:545} INFO - Filling up the DagBag from /opt/airflow/dags/product_pipeline_dag.py
[2026-02-07T07:19:59.579+0000] {processor.py:840} INFO - DAG(s) 'product_price_pipeline' retrieved from /opt/airflow/dags/product_pipeline_dag.py
[2026-02-07T07:19:59.662+0000] {logging_mixin.py:188} INFO - [2026-02-07T07:19:59.662+0000] {dag.py:3089} INFO - Sync 1 DAGs
[2026-02-07T07:19:59.705+0000] {logging_mixin.py:188} INFO - [2026-02-07T07:19:59.705+0000] {dag.py:3947} INFO - Setting next_dagrun for product_price_pipeline to 2026-02-06 21:00:00+00:00, run_after=2026-02-07 21:00:00+00:00
[2026-02-07T07:19:59.736+0000] {processor.py:183} INFO - Processing /opt/airflow/dags/product_pipeline_dag.py took 0.315 seconds
[2026-02-07T07:20:30.022+0000] {processor.py:161} INFO - Started process (PID=739) to work on /opt/airflow/dags/product_pipeline_dag.py
[2026-02-07T07:20:30.026+0000] {processor.py:830} INFO - Processing file /opt/airflow/dags/product_pipeline_dag.py for tasks to queue
[2026-02-07T07:20:30.030+0000] {logging_mixin.py:188} INFO - [2026-02-07T07:20:30.029+0000] {dagbag.py:545} INFO - Filling up the DagBag from /opt/airflow/dags/product_pipeline_dag.py
[2026-02-07T07:20:30.085+0000] {processor.py:840} INFO - DAG(s) 'product_price_pipeline' retrieved from /opt/airflow/dags/product_pipeline_dag.py
[2026-02-07T07:20:30.122+0000] {logging_mixin.py:188} INFO - [2026-02-07T07:20:30.122+0000] {dag.py:3089} INFO - Sync 1 DAGs
[2026-02-07T07:20:30.141+0000] {logging_mixin.py:188} INFO - [2026-02-07T07:20:30.141+0000] {dag.py:3947} INFO - Setting next_dagrun for product_price_pipeline to 2026-02-06 21:00:00+00:00, run_after=2026-02-07 21:00:00+00:00
[2026-02-07T07:20:30.159+0000] {processor.py:183} INFO - Processing /opt/airflow/dags/product_pipeline_dag.py took 0.150 seconds
[2026-02-07T07:21:00.653+0000] {processor.py:161} INFO - Started process (PID=744) to work on /opt/airflow/dags/product_pipeline_dag.py
[2026-02-07T07:21:00.655+0000] {processor.py:830} INFO - Processing file /opt/airflow/dags/product_pipeline_dag.py for tasks to queue
[2026-02-07T07:21:00.658+0000] {logging_mixin.py:188} INFO - [2026-02-07T07:21:00.658+0000] {dagbag.py:545} INFO - Filling up the DagBag from /opt/airflow/dags/product_pipeline_dag.py
[2026-02-07T07:21:00.726+0000] {processor.py:840} INFO - DAG(s) 'product_price_pipeline' retrieved from /opt/airflow/dags/product_pipeline_dag.py
[2026-02-07T07:21:00.778+0000] {logging_mixin.py:188} INFO - [2026-02-07T07:21:00.778+0000] {dag.py:3089} INFO - Sync 1 DAGs
[2026-02-07T07:21:00.797+0000] {logging_mixin.py:188} INFO - [2026-02-07T07:21:00.796+0000] {dag.py:3947} INFO - Setting next_dagrun for product_price_pipeline to 2026-02-06 21:00:00+00:00, run_after=2026-02-07 21:00:00+00:00
[2026-02-07T07:21:00.817+0000] {processor.py:183} INFO - Processing /opt/airflow/dags/product_pipeline_dag.py took 0.178 seconds
[2026-02-07T07:21:31.810+0000] {processor.py:161} INFO - Started process (PID=749) to work on /opt/airflow/dags/product_pipeline_dag.py
[2026-02-07T07:21:31.813+0000] {processor.py:830} INFO - Processing file /opt/airflow/dags/product_pipeline_dag.py for tasks to queue
[2026-02-07T07:21:31.818+0000] {logging_mixin.py:188} INFO - [2026-02-07T07:21:31.817+0000] {dagbag.py:545} INFO - Filling up the DagBag from /opt/airflow/dags/product_pipeline_dag.py
[2026-02-07T07:21:31.878+0000] {processor.py:840} INFO - DAG(s) 'product_price_pipeline' retrieved from /opt/airflow/dags/product_pipeline_dag.py
[2026-02-07T07:21:31.933+0000] {logging_mixin.py:188} INFO - [2026-02-07T07:21:31.933+0000] {dag.py:3089} INFO - Sync 1 DAGs
[2026-02-07T07:21:31.970+0000] {logging_mixin.py:188} INFO - [2026-02-07T07:21:31.970+0000] {dag.py:3947} INFO - Setting next_dagrun for product_price_pipeline to 2026-02-06 21:00:00+00:00, run_after=2026-02-07 21:00:00+00:00
[2026-02-07T07:21:32.003+0000] {processor.py:183} INFO - Processing /opt/airflow/dags/product_pipeline_dag.py took 0.205 seconds
[2026-02-07T07:22:02.373+0000] {processor.py:161} INFO - Started process (PID=754) to work on /opt/airflow/dags/product_pipeline_dag.py
[2026-02-07T07:22:02.395+0000] {processor.py:830} INFO - Processing file /opt/airflow/dags/product_pipeline_dag.py for tasks to queue
[2026-02-07T07:22:02.417+0000] {logging_mixin.py:188} INFO - [2026-02-07T07:22:02.416+0000] {dagbag.py:545} INFO - Filling up the DagBag from /opt/airflow/dags/product_pipeline_dag.py
[2026-02-07T07:22:02.526+0000] {processor.py:840} INFO - DAG(s) 'product_price_pipeline' retrieved from /opt/airflow/dags/product_pipeline_dag.py
[2026-02-07T07:22:02.592+0000] {logging_mixin.py:188} INFO - [2026-02-07T07:22:02.592+0000] {dag.py:3089} INFO - Sync 1 DAGs
[2026-02-07T07:22:02.626+0000] {logging_mixin.py:188} INFO - [2026-02-07T07:22:02.625+0000] {dag.py:3947} INFO - Setting next_dagrun for product_price_pipeline to 2026-02-06 21:00:00+00:00, run_after=2026-02-07 21:00:00+00:00
[2026-02-07T07:22:02.668+0000] {processor.py:183} INFO - Processing /opt/airflow/dags/product_pipeline_dag.py took 0.306 seconds
[2026-02-07T07:22:33.369+0000] {processor.py:161} INFO - Started process (PID=759) to work on /opt/airflow/dags/product_pipeline_dag.py
[2026-02-07T07:22:33.372+0000] {processor.py:830} INFO - Processing file /opt/airflow/dags/product_pipeline_dag.py for tasks to queue
[2026-02-07T07:22:33.377+0000] {logging_mixin.py:188} INFO - [2026-02-07T07:22:33.376+0000] {dagbag.py:545} INFO - Filling up the DagBag from /opt/airflow/dags/product_pipeline_dag.py
[2026-02-07T07:22:33.442+0000] {processor.py:840} INFO - DAG(s) 'product_price_pipeline' retrieved from /opt/airflow/dags/product_pipeline_dag.py
[2026-02-07T07:22:33.499+0000] {logging_mixin.py:188} INFO - [2026-02-07T07:22:33.499+0000] {dag.py:3089} INFO - Sync 1 DAGs
[2026-02-07T07:22:33.526+0000] {logging_mixin.py:188} INFO - [2026-02-07T07:22:33.525+0000] {dag.py:3947} INFO - Setting next_dagrun for product_price_pipeline to 2026-02-06 21:00:00+00:00, run_after=2026-02-07 21:00:00+00:00
[2026-02-07T07:22:33.559+0000] {processor.py:183} INFO - Processing /opt/airflow/dags/product_pipeline_dag.py took 0.205 seconds
[2026-02-07T07:23:04.051+0000] {processor.py:161} INFO - Started process (PID=764) to work on /opt/airflow/dags/product_pipeline_dag.py
[2026-02-07T07:23:04.055+0000] {processor.py:830} INFO - Processing file /opt/airflow/dags/product_pipeline_dag.py for tasks to queue
[2026-02-07T07:23:04.060+0000] {logging_mixin.py:188} INFO - [2026-02-07T07:23:04.059+0000] {dagbag.py:545} INFO - Filling up the DagBag from /opt/airflow/dags/product_pipeline_dag.py
[2026-02-07T07:23:04.119+0000] {processor.py:840} INFO - DAG(s) 'product_price_pipeline' retrieved from /opt/airflow/dags/product_pipeline_dag.py
[2026-02-07T07:23:04.175+0000] {logging_mixin.py:188} INFO - [2026-02-07T07:23:04.174+0000] {dag.py:3089} INFO - Sync 1 DAGs
[2026-02-07T07:23:04.200+0000] {logging_mixin.py:188} INFO - [2026-02-07T07:23:04.200+0000] {dag.py:3947} INFO - Setting next_dagrun for product_price_pipeline to 2026-02-06 21:00:00+00:00, run_after=2026-02-07 21:00:00+00:00
[2026-02-07T07:23:04.233+0000] {processor.py:183} INFO - Processing /opt/airflow/dags/product_pipeline_dag.py took 0.199 seconds
[2026-02-07T07:23:35.043+0000] {processor.py:161} INFO - Started process (PID=769) to work on /opt/airflow/dags/product_pipeline_dag.py
[2026-02-07T07:23:35.045+0000] {processor.py:830} INFO - Processing file /opt/airflow/dags/product_pipeline_dag.py for tasks to queue
[2026-02-07T07:23:35.049+0000] {logging_mixin.py:188} INFO - [2026-02-07T07:23:35.049+0000] {dagbag.py:545} INFO - Filling up the DagBag from /opt/airflow/dags/product_pipeline_dag.py
[2026-02-07T07:23:35.129+0000] {processor.py:840} INFO - DAG(s) 'product_price_pipeline' retrieved from /opt/airflow/dags/product_pipeline_dag.py
[2026-02-07T07:23:35.207+0000] {logging_mixin.py:188} INFO - [2026-02-07T07:23:35.207+0000] {dag.py:3089} INFO - Sync 1 DAGs
[2026-02-07T07:23:35.242+0000] {logging_mixin.py:188} INFO - [2026-02-07T07:23:35.241+0000] {dag.py:3947} INFO - Setting next_dagrun for product_price_pipeline to 2026-02-06 21:00:00+00:00, run_after=2026-02-07 21:00:00+00:00
[2026-02-07T07:23:35.273+0000] {processor.py:183} INFO - Processing /opt/airflow/dags/product_pipeline_dag.py took 0.245 seconds
[2026-02-07T07:24:05.906+0000] {processor.py:161} INFO - Started process (PID=774) to work on /opt/airflow/dags/product_pipeline_dag.py
[2026-02-07T07:24:05.910+0000] {processor.py:830} INFO - Processing file /opt/airflow/dags/product_pipeline_dag.py for tasks to queue
[2026-02-07T07:24:05.914+0000] {logging_mixin.py:188} INFO - [2026-02-07T07:24:05.914+0000] {dagbag.py:545} INFO - Filling up the DagBag from /opt/airflow/dags/product_pipeline_dag.py
[2026-02-07T07:24:05.968+0000] {processor.py:840} INFO - DAG(s) 'product_price_pipeline' retrieved from /opt/airflow/dags/product_pipeline_dag.py
[2026-02-07T07:24:06.021+0000] {logging_mixin.py:188} INFO - [2026-02-07T07:24:06.021+0000] {dag.py:3089} INFO - Sync 1 DAGs
[2026-02-07T07:24:06.039+0000] {logging_mixin.py:188} INFO - [2026-02-07T07:24:06.039+0000] {dag.py:3947} INFO - Setting next_dagrun for product_price_pipeline to 2026-02-06 21:00:00+00:00, run_after=2026-02-07 21:00:00+00:00
[2026-02-07T07:24:06.065+0000] {processor.py:183} INFO - Processing /opt/airflow/dags/product_pipeline_dag.py took 0.172 seconds
[2026-02-07T07:24:36.742+0000] {processor.py:161} INFO - Started process (PID=779) to work on /opt/airflow/dags/product_pipeline_dag.py
[2026-02-07T07:24:36.745+0000] {processor.py:830} INFO - Processing file /opt/airflow/dags/product_pipeline_dag.py for tasks to queue
[2026-02-07T07:24:36.749+0000] {logging_mixin.py:188} INFO - [2026-02-07T07:24:36.748+0000] {dagbag.py:545} INFO - Filling up the DagBag from /opt/airflow/dags/product_pipeline_dag.py
[2026-02-07T07:24:36.853+0000] {processor.py:840} INFO - DAG(s) 'product_price_pipeline' retrieved from /opt/airflow/dags/product_pipeline_dag.py
[2026-02-07T07:24:36.939+0000] {logging_mixin.py:188} INFO - [2026-02-07T07:24:36.938+0000] {dag.py:3089} INFO - Sync 1 DAGs
[2026-02-07T07:24:36.990+0000] {logging_mixin.py:188} INFO - [2026-02-07T07:24:36.989+0000] {dag.py:3947} INFO - Setting next_dagrun for product_price_pipeline to 2026-02-06 21:00:00+00:00, run_after=2026-02-07 21:00:00+00:00
[2026-02-07T07:24:37.049+0000] {processor.py:183} INFO - Processing /opt/airflow/dags/product_pipeline_dag.py took 0.322 seconds
[2026-02-07T07:25:07.677+0000] {processor.py:161} INFO - Started process (PID=784) to work on /opt/airflow/dags/product_pipeline_dag.py
[2026-02-07T07:25:07.681+0000] {processor.py:830} INFO - Processing file /opt/airflow/dags/product_pipeline_dag.py for tasks to queue
[2026-02-07T07:25:07.690+0000] {logging_mixin.py:188} INFO - [2026-02-07T07:25:07.688+0000] {dagbag.py:545} INFO - Filling up the DagBag from /opt/airflow/dags/product_pipeline_dag.py
[2026-02-07T07:25:07.747+0000] {processor.py:840} INFO - DAG(s) 'product_price_pipeline' retrieved from /opt/airflow/dags/product_pipeline_dag.py
[2026-02-07T07:25:07.808+0000] {logging_mixin.py:188} INFO - [2026-02-07T07:25:07.807+0000] {dag.py:3089} INFO - Sync 1 DAGs
[2026-02-07T07:25:07.845+0000] {logging_mixin.py:188} INFO - [2026-02-07T07:25:07.845+0000] {dag.py:3947} INFO - Setting next_dagrun for product_price_pipeline to 2026-02-06 21:00:00+00:00, run_after=2026-02-07 21:00:00+00:00
[2026-02-07T07:25:07.870+0000] {processor.py:183} INFO - Processing /opt/airflow/dags/product_pipeline_dag.py took 0.207 seconds
[2026-02-07T07:25:38.206+0000] {processor.py:161} INFO - Started process (PID=789) to work on /opt/airflow/dags/product_pipeline_dag.py
[2026-02-07T07:25:38.209+0000] {processor.py:830} INFO - Processing file /opt/airflow/dags/product_pipeline_dag.py for tasks to queue
[2026-02-07T07:25:38.213+0000] {logging_mixin.py:188} INFO - [2026-02-07T07:25:38.212+0000] {dagbag.py:545} INFO - Filling up the DagBag from /opt/airflow/dags/product_pipeline_dag.py
[2026-02-07T07:25:38.309+0000] {processor.py:840} INFO - DAG(s) 'product_price_pipeline' retrieved from /opt/airflow/dags/product_pipeline_dag.py
[2026-02-07T07:25:38.381+0000] {logging_mixin.py:188} INFO - [2026-02-07T07:25:38.381+0000] {dag.py:3089} INFO - Sync 1 DAGs
[2026-02-07T07:25:38.410+0000] {logging_mixin.py:188} INFO - [2026-02-07T07:25:38.409+0000] {dag.py:3947} INFO - Setting next_dagrun for product_price_pipeline to 2026-02-06 21:00:00+00:00, run_after=2026-02-07 21:00:00+00:00
[2026-02-07T07:25:38.432+0000] {processor.py:183} INFO - Processing /opt/airflow/dags/product_pipeline_dag.py took 0.235 seconds
[2026-02-07T07:26:09.400+0000] {processor.py:161} INFO - Started process (PID=794) to work on /opt/airflow/dags/product_pipeline_dag.py
[2026-02-07T07:26:09.402+0000] {processor.py:830} INFO - Processing file /opt/airflow/dags/product_pipeline_dag.py for tasks to queue
[2026-02-07T07:26:09.405+0000] {logging_mixin.py:188} INFO - [2026-02-07T07:26:09.405+0000] {dagbag.py:545} INFO - Filling up the DagBag from /opt/airflow/dags/product_pipeline_dag.py
[2026-02-07T07:26:09.471+0000] {processor.py:840} INFO - DAG(s) 'product_price_pipeline' retrieved from /opt/airflow/dags/product_pipeline_dag.py
[2026-02-07T07:26:09.522+0000] {logging_mixin.py:188} INFO - [2026-02-07T07:26:09.521+0000] {dag.py:3089} INFO - Sync 1 DAGs
[2026-02-07T07:26:09.545+0000] {logging_mixin.py:188} INFO - [2026-02-07T07:26:09.545+0000] {dag.py:3947} INFO - Setting next_dagrun for product_price_pipeline to 2026-02-06 21:00:00+00:00, run_after=2026-02-07 21:00:00+00:00
[2026-02-07T07:26:09.572+0000] {processor.py:183} INFO - Processing /opt/airflow/dags/product_pipeline_dag.py took 0.182 seconds
[2026-02-07T07:26:39.994+0000] {processor.py:161} INFO - Started process (PID=799) to work on /opt/airflow/dags/product_pipeline_dag.py
[2026-02-07T07:26:39.996+0000] {processor.py:830} INFO - Processing file /opt/airflow/dags/product_pipeline_dag.py for tasks to queue
[2026-02-07T07:26:39.999+0000] {logging_mixin.py:188} INFO - [2026-02-07T07:26:39.999+0000] {dagbag.py:545} INFO - Filling up the DagBag from /opt/airflow/dags/product_pipeline_dag.py
[2026-02-07T07:26:40.043+0000] {processor.py:840} INFO - DAG(s) 'product_price_pipeline' retrieved from /opt/airflow/dags/product_pipeline_dag.py
[2026-02-07T07:26:40.105+0000] {logging_mixin.py:188} INFO - [2026-02-07T07:26:40.105+0000] {dag.py:3089} INFO - Sync 1 DAGs
[2026-02-07T07:26:40.145+0000] {logging_mixin.py:188} INFO - [2026-02-07T07:26:40.145+0000] {dag.py:3947} INFO - Setting next_dagrun for product_price_pipeline to 2026-02-06 21:00:00+00:00, run_after=2026-02-07 21:00:00+00:00
[2026-02-07T07:26:40.184+0000] {processor.py:183} INFO - Processing /opt/airflow/dags/product_pipeline_dag.py took 0.202 seconds
[2026-02-07T07:27:10.820+0000] {processor.py:161} INFO - Started process (PID=804) to work on /opt/airflow/dags/product_pipeline_dag.py
[2026-02-07T07:27:10.822+0000] {processor.py:830} INFO - Processing file /opt/airflow/dags/product_pipeline_dag.py for tasks to queue
[2026-02-07T07:27:10.827+0000] {logging_mixin.py:188} INFO - [2026-02-07T07:27:10.827+0000] {dagbag.py:545} INFO - Filling up the DagBag from /opt/airflow/dags/product_pipeline_dag.py
[2026-02-07T07:27:10.885+0000] {processor.py:840} INFO - DAG(s) 'product_price_pipeline' retrieved from /opt/airflow/dags/product_pipeline_dag.py
[2026-02-07T07:27:10.939+0000] {logging_mixin.py:188} INFO - [2026-02-07T07:27:10.939+0000] {dag.py:3089} INFO - Sync 1 DAGs
[2026-02-07T07:27:10.968+0000] {logging_mixin.py:188} INFO - [2026-02-07T07:27:10.968+0000] {dag.py:3947} INFO - Setting next_dagrun for product_price_pipeline to 2026-02-06 21:00:00+00:00, run_after=2026-02-07 21:00:00+00:00
[2026-02-07T07:27:11.004+0000] {processor.py:183} INFO - Processing /opt/airflow/dags/product_pipeline_dag.py took 0.195 seconds
[2026-02-07T07:27:41.647+0000] {processor.py:161} INFO - Started process (PID=809) to work on /opt/airflow/dags/product_pipeline_dag.py
[2026-02-07T07:27:41.650+0000] {processor.py:830} INFO - Processing file /opt/airflow/dags/product_pipeline_dag.py for tasks to queue
[2026-02-07T07:27:41.653+0000] {logging_mixin.py:188} INFO - [2026-02-07T07:27:41.652+0000] {dagbag.py:545} INFO - Filling up the DagBag from /opt/airflow/dags/product_pipeline_dag.py
[2026-02-07T07:27:41.713+0000] {processor.py:840} INFO - DAG(s) 'product_price_pipeline' retrieved from /opt/airflow/dags/product_pipeline_dag.py
[2026-02-07T07:27:41.786+0000] {logging_mixin.py:188} INFO - [2026-02-07T07:27:41.786+0000] {dag.py:3089} INFO - Sync 1 DAGs
[2026-02-07T07:27:41.820+0000] {logging_mixin.py:188} INFO - [2026-02-07T07:27:41.819+0000] {dag.py:3947} INFO - Setting next_dagrun for product_price_pipeline to 2026-02-06 21:00:00+00:00, run_after=2026-02-07 21:00:00+00:00
[2026-02-07T07:27:41.852+0000] {processor.py:183} INFO - Processing /opt/airflow/dags/product_pipeline_dag.py took 0.217 seconds
[2026-02-07T07:28:12.631+0000] {processor.py:161} INFO - Started process (PID=814) to work on /opt/airflow/dags/product_pipeline_dag.py
[2026-02-07T07:28:12.634+0000] {processor.py:830} INFO - Processing file /opt/airflow/dags/product_pipeline_dag.py for tasks to queue
[2026-02-07T07:28:12.640+0000] {logging_mixin.py:188} INFO - [2026-02-07T07:28:12.639+0000] {dagbag.py:545} INFO - Filling up the DagBag from /opt/airflow/dags/product_pipeline_dag.py
[2026-02-07T07:28:12.706+0000] {processor.py:840} INFO - DAG(s) 'product_price_pipeline' retrieved from /opt/airflow/dags/product_pipeline_dag.py
[2026-02-07T07:28:12.773+0000] {logging_mixin.py:188} INFO - [2026-02-07T07:28:12.772+0000] {dag.py:3089} INFO - Sync 1 DAGs
[2026-02-07T07:28:12.813+0000] {logging_mixin.py:188} INFO - [2026-02-07T07:28:12.812+0000] {dag.py:3947} INFO - Setting next_dagrun for product_price_pipeline to 2026-02-06 21:00:00+00:00, run_after=2026-02-07 21:00:00+00:00
[2026-02-07T07:28:12.862+0000] {processor.py:183} INFO - Processing /opt/airflow/dags/product_pipeline_dag.py took 0.246 seconds
[2026-02-07T07:28:44.283+0000] {processor.py:161} INFO - Started process (PID=819) to work on /opt/airflow/dags/product_pipeline_dag.py
[2026-02-07T07:28:44.285+0000] {processor.py:830} INFO - Processing file /opt/airflow/dags/product_pipeline_dag.py for tasks to queue
[2026-02-07T07:28:44.289+0000] {logging_mixin.py:188} INFO - [2026-02-07T07:28:44.288+0000] {dagbag.py:545} INFO - Filling up the DagBag from /opt/airflow/dags/product_pipeline_dag.py
[2026-02-07T07:28:44.352+0000] {processor.py:840} INFO - DAG(s) 'product_price_pipeline' retrieved from /opt/airflow/dags/product_pipeline_dag.py
[2026-02-07T07:28:44.440+0000] {logging_mixin.py:188} INFO - [2026-02-07T07:28:44.440+0000] {dag.py:3089} INFO - Sync 1 DAGs
[2026-02-07T07:28:44.464+0000] {logging_mixin.py:188} INFO - [2026-02-07T07:28:44.464+0000] {dag.py:3947} INFO - Setting next_dagrun for product_price_pipeline to 2026-02-06 21:00:00+00:00, run_after=2026-02-07 21:00:00+00:00
[2026-02-07T07:28:44.506+0000] {processor.py:183} INFO - Processing /opt/airflow/dags/product_pipeline_dag.py took 0.234 seconds
[2026-02-07T07:29:15.272+0000] {processor.py:161} INFO - Started process (PID=824) to work on /opt/airflow/dags/product_pipeline_dag.py
[2026-02-07T07:29:15.273+0000] {processor.py:830} INFO - Processing file /opt/airflow/dags/product_pipeline_dag.py for tasks to queue
[2026-02-07T07:29:15.277+0000] {logging_mixin.py:188} INFO - [2026-02-07T07:29:15.276+0000] {dagbag.py:545} INFO - Filling up the DagBag from /opt/airflow/dags/product_pipeline_dag.py
[2026-02-07T07:29:15.494+0000] {processor.py:840} INFO - DAG(s) 'product_price_pipeline' retrieved from /opt/airflow/dags/product_pipeline_dag.py
[2026-02-07T07:29:15.554+0000] {logging_mixin.py:188} INFO - [2026-02-07T07:29:15.554+0000] {dag.py:3089} INFO - Sync 1 DAGs
[2026-02-07T07:29:15.579+0000] {logging_mixin.py:188} INFO - [2026-02-07T07:29:15.578+0000] {dag.py:3947} INFO - Setting next_dagrun for product_price_pipeline to 2026-02-06 21:00:00+00:00, run_after=2026-02-07 21:00:00+00:00
[2026-02-07T07:29:15.613+0000] {processor.py:183} INFO - Processing /opt/airflow/dags/product_pipeline_dag.py took 0.352 seconds
[2026-02-07T07:29:47.138+0000] {processor.py:161} INFO - Started process (PID=829) to work on /opt/airflow/dags/product_pipeline_dag.py
[2026-02-07T07:29:47.140+0000] {processor.py:830} INFO - Processing file /opt/airflow/dags/product_pipeline_dag.py for tasks to queue
[2026-02-07T07:29:47.146+0000] {logging_mixin.py:188} INFO - [2026-02-07T07:29:47.145+0000] {dagbag.py:545} INFO - Filling up the DagBag from /opt/airflow/dags/product_pipeline_dag.py
[2026-02-07T07:29:47.230+0000] {processor.py:840} INFO - DAG(s) 'product_price_pipeline' retrieved from /opt/airflow/dags/product_pipeline_dag.py
[2026-02-07T07:29:47.280+0000] {logging_mixin.py:188} INFO - [2026-02-07T07:29:47.279+0000] {dag.py:3089} INFO - Sync 1 DAGs
[2026-02-07T07:29:47.312+0000] {logging_mixin.py:188} INFO - [2026-02-07T07:29:47.311+0000] {dag.py:3947} INFO - Setting next_dagrun for product_price_pipeline to 2026-02-06 21:00:00+00:00, run_after=2026-02-07 21:00:00+00:00
[2026-02-07T07:29:47.348+0000] {processor.py:183} INFO - Processing /opt/airflow/dags/product_pipeline_dag.py took 0.221 seconds
[2026-02-07T07:30:18.827+0000] {processor.py:161} INFO - Started process (PID=834) to work on /opt/airflow/dags/product_pipeline_dag.py
[2026-02-07T07:30:18.829+0000] {processor.py:830} INFO - Processing file /opt/airflow/dags/product_pipeline_dag.py for tasks to queue
[2026-02-07T07:30:18.833+0000] {logging_mixin.py:188} INFO - [2026-02-07T07:30:18.832+0000] {dagbag.py:545} INFO - Filling up the DagBag from /opt/airflow/dags/product_pipeline_dag.py
[2026-02-07T07:30:18.891+0000] {processor.py:840} INFO - DAG(s) 'product_price_pipeline' retrieved from /opt/airflow/dags/product_pipeline_dag.py
[2026-02-07T07:30:18.935+0000] {logging_mixin.py:188} INFO - [2026-02-07T07:30:18.935+0000] {dag.py:3089} INFO - Sync 1 DAGs
[2026-02-07T07:30:18.960+0000] {logging_mixin.py:188} INFO - [2026-02-07T07:30:18.960+0000] {dag.py:3947} INFO - Setting next_dagrun for product_price_pipeline to 2026-02-06 21:00:00+00:00, run_after=2026-02-07 21:00:00+00:00
[2026-02-07T07:30:18.979+0000] {processor.py:183} INFO - Processing /opt/airflow/dags/product_pipeline_dag.py took 0.162 seconds
[2026-02-07T07:30:49.604+0000] {processor.py:161} INFO - Started process (PID=839) to work on /opt/airflow/dags/product_pipeline_dag.py
[2026-02-07T07:30:49.606+0000] {processor.py:830} INFO - Processing file /opt/airflow/dags/product_pipeline_dag.py for tasks to queue
[2026-02-07T07:30:49.608+0000] {logging_mixin.py:188} INFO - [2026-02-07T07:30:49.608+0000] {dagbag.py:545} INFO - Filling up the DagBag from /opt/airflow/dags/product_pipeline_dag.py
[2026-02-07T07:30:49.654+0000] {processor.py:840} INFO - DAG(s) 'product_price_pipeline' retrieved from /opt/airflow/dags/product_pipeline_dag.py
[2026-02-07T07:30:49.714+0000] {logging_mixin.py:188} INFO - [2026-02-07T07:30:49.714+0000] {dag.py:3089} INFO - Sync 1 DAGs
[2026-02-07T07:30:49.743+0000] {logging_mixin.py:188} INFO - [2026-02-07T07:30:49.743+0000] {dag.py:3947} INFO - Setting next_dagrun for product_price_pipeline to 2026-02-06 21:00:00+00:00, run_after=2026-02-07 21:00:00+00:00
[2026-02-07T07:30:49.779+0000] {processor.py:183} INFO - Processing /opt/airflow/dags/product_pipeline_dag.py took 0.184 seconds
[2026-02-07T07:31:21.260+0000] {processor.py:161} INFO - Started process (PID=844) to work on /opt/airflow/dags/product_pipeline_dag.py
[2026-02-07T07:31:21.263+0000] {processor.py:830} INFO - Processing file /opt/airflow/dags/product_pipeline_dag.py for tasks to queue
[2026-02-07T07:31:21.266+0000] {logging_mixin.py:188} INFO - [2026-02-07T07:31:21.266+0000] {dagbag.py:545} INFO - Filling up the DagBag from /opt/airflow/dags/product_pipeline_dag.py
[2026-02-07T07:31:21.302+0000] {processor.py:840} INFO - DAG(s) 'product_price_pipeline' retrieved from /opt/airflow/dags/product_pipeline_dag.py
[2026-02-07T07:31:21.351+0000] {logging_mixin.py:188} INFO - [2026-02-07T07:31:21.351+0000] {dag.py:3089} INFO - Sync 1 DAGs
[2026-02-07T07:31:21.388+0000] {logging_mixin.py:188} INFO - [2026-02-07T07:31:21.388+0000] {dag.py:3947} INFO - Setting next_dagrun for product_price_pipeline to 2026-02-06 21:00:00+00:00, run_after=2026-02-07 21:00:00+00:00
[2026-02-07T07:31:21.415+0000] {processor.py:183} INFO - Processing /opt/airflow/dags/product_pipeline_dag.py took 0.168 seconds
[2026-02-07T07:31:53.186+0000] {processor.py:161} INFO - Started process (PID=849) to work on /opt/airflow/dags/product_pipeline_dag.py
[2026-02-07T07:31:53.188+0000] {processor.py:830} INFO - Processing file /opt/airflow/dags/product_pipeline_dag.py for tasks to queue
[2026-02-07T07:31:53.192+0000] {logging_mixin.py:188} INFO - [2026-02-07T07:31:53.191+0000] {dagbag.py:545} INFO - Filling up the DagBag from /opt/airflow/dags/product_pipeline_dag.py
[2026-02-07T07:31:53.291+0000] {processor.py:840} INFO - DAG(s) 'product_price_pipeline' retrieved from /opt/airflow/dags/product_pipeline_dag.py
[2026-02-07T07:31:53.428+0000] {logging_mixin.py:188} INFO - [2026-02-07T07:31:53.428+0000] {dag.py:3089} INFO - Sync 1 DAGs
[2026-02-07T07:31:53.475+0000] {logging_mixin.py:188} INFO - [2026-02-07T07:31:53.475+0000] {dag.py:3947} INFO - Setting next_dagrun for product_price_pipeline to 2026-02-06 21:00:00+00:00, run_after=2026-02-07 21:00:00+00:00
[2026-02-07T07:31:53.518+0000] {processor.py:183} INFO - Processing /opt/airflow/dags/product_pipeline_dag.py took 0.354 seconds
[2026-02-07T07:32:24.085+0000] {processor.py:161} INFO - Started process (PID=854) to work on /opt/airflow/dags/product_pipeline_dag.py
[2026-02-07T07:32:24.106+0000] {processor.py:830} INFO - Processing file /opt/airflow/dags/product_pipeline_dag.py for tasks to queue
[2026-02-07T07:32:24.116+0000] {logging_mixin.py:188} INFO - [2026-02-07T07:32:24.114+0000] {dagbag.py:545} INFO - Filling up the DagBag from /opt/airflow/dags/product_pipeline_dag.py
[2026-02-07T07:32:24.264+0000] {processor.py:840} INFO - DAG(s) 'product_price_pipeline' retrieved from /opt/airflow/dags/product_pipeline_dag.py
[2026-02-07T07:32:24.407+0000] {logging_mixin.py:188} INFO - [2026-02-07T07:32:24.406+0000] {dag.py:3089} INFO - Sync 1 DAGs
[2026-02-07T07:32:24.512+0000] {logging_mixin.py:188} INFO - [2026-02-07T07:32:24.512+0000] {dag.py:3947} INFO - Setting next_dagrun for product_price_pipeline to 2026-02-06 21:00:00+00:00, run_after=2026-02-07 21:00:00+00:00
[2026-02-07T07:32:24.619+0000] {processor.py:183} INFO - Processing /opt/airflow/dags/product_pipeline_dag.py took 0.613 seconds
[2026-02-07T07:32:55.191+0000] {processor.py:161} INFO - Started process (PID=859) to work on /opt/airflow/dags/product_pipeline_dag.py
[2026-02-07T07:32:55.195+0000] {processor.py:830} INFO - Processing file /opt/airflow/dags/product_pipeline_dag.py for tasks to queue
[2026-02-07T07:32:55.199+0000] {logging_mixin.py:188} INFO - [2026-02-07T07:32:55.198+0000] {dagbag.py:545} INFO - Filling up the DagBag from /opt/airflow/dags/product_pipeline_dag.py
[2026-02-07T07:32:55.267+0000] {processor.py:840} INFO - DAG(s) 'product_price_pipeline' retrieved from /opt/airflow/dags/product_pipeline_dag.py
[2026-02-07T07:32:55.353+0000] {logging_mixin.py:188} INFO - [2026-02-07T07:32:55.352+0000] {dag.py:3089} INFO - Sync 1 DAGs
[2026-02-07T07:32:55.396+0000] {logging_mixin.py:188} INFO - [2026-02-07T07:32:55.396+0000] {dag.py:3947} INFO - Setting next_dagrun for product_price_pipeline to 2026-02-06 21:00:00+00:00, run_after=2026-02-07 21:00:00+00:00
[2026-02-07T07:32:55.455+0000] {processor.py:183} INFO - Processing /opt/airflow/dags/product_pipeline_dag.py took 0.282 seconds
[2026-02-07T07:33:26.829+0000] {processor.py:161} INFO - Started process (PID=864) to work on /opt/airflow/dags/product_pipeline_dag.py
[2026-02-07T07:33:26.831+0000] {processor.py:830} INFO - Processing file /opt/airflow/dags/product_pipeline_dag.py for tasks to queue
[2026-02-07T07:33:26.834+0000] {logging_mixin.py:188} INFO - [2026-02-07T07:33:26.833+0000] {dagbag.py:545} INFO - Filling up the DagBag from /opt/airflow/dags/product_pipeline_dag.py
[2026-02-07T07:33:26.877+0000] {processor.py:840} INFO - DAG(s) 'product_price_pipeline' retrieved from /opt/airflow/dags/product_pipeline_dag.py
[2026-02-07T07:33:26.930+0000] {logging_mixin.py:188} INFO - [2026-02-07T07:33:26.930+0000] {dag.py:3089} INFO - Sync 1 DAGs
[2026-02-07T07:33:26.962+0000] {logging_mixin.py:188} INFO - [2026-02-07T07:33:26.962+0000] {dag.py:3947} INFO - Setting next_dagrun for product_price_pipeline to 2026-02-06 21:00:00+00:00, run_after=2026-02-07 21:00:00+00:00
[2026-02-07T07:33:26.992+0000] {processor.py:183} INFO - Processing /opt/airflow/dags/product_pipeline_dag.py took 0.171 seconds
[2026-02-07T07:33:58.445+0000] {processor.py:161} INFO - Started process (PID=869) to work on /opt/airflow/dags/product_pipeline_dag.py
[2026-02-07T07:33:58.448+0000] {processor.py:830} INFO - Processing file /opt/airflow/dags/product_pipeline_dag.py for tasks to queue
[2026-02-07T07:33:58.451+0000] {logging_mixin.py:188} INFO - [2026-02-07T07:33:58.451+0000] {dagbag.py:545} INFO - Filling up the DagBag from /opt/airflow/dags/product_pipeline_dag.py
[2026-02-07T07:33:58.512+0000] {processor.py:840} INFO - DAG(s) 'product_price_pipeline' retrieved from /opt/airflow/dags/product_pipeline_dag.py
[2026-02-07T07:33:58.571+0000] {logging_mixin.py:188} INFO - [2026-02-07T07:33:58.571+0000] {dag.py:3089} INFO - Sync 1 DAGs
[2026-02-07T07:33:58.663+0000] {logging_mixin.py:188} INFO - [2026-02-07T07:33:58.660+0000] {dag.py:3947} INFO - Setting next_dagrun for product_price_pipeline to 2026-02-06 21:00:00+00:00, run_after=2026-02-07 21:00:00+00:00
[2026-02-07T07:33:58.762+0000] {processor.py:183} INFO - Processing /opt/airflow/dags/product_pipeline_dag.py took 0.327 seconds
[2026-02-07T07:34:29.460+0000] {processor.py:161} INFO - Started process (PID=874) to work on /opt/airflow/dags/product_pipeline_dag.py
[2026-02-07T07:34:29.463+0000] {processor.py:830} INFO - Processing file /opt/airflow/dags/product_pipeline_dag.py for tasks to queue
[2026-02-07T07:34:29.467+0000] {logging_mixin.py:188} INFO - [2026-02-07T07:34:29.466+0000] {dagbag.py:545} INFO - Filling up the DagBag from /opt/airflow/dags/product_pipeline_dag.py
[2026-02-07T07:34:29.510+0000] {processor.py:840} INFO - DAG(s) 'product_price_pipeline' retrieved from /opt/airflow/dags/product_pipeline_dag.py
[2026-02-07T07:34:29.576+0000] {logging_mixin.py:188} INFO - [2026-02-07T07:34:29.575+0000] {dag.py:3089} INFO - Sync 1 DAGs
[2026-02-07T07:34:29.615+0000] {logging_mixin.py:188} INFO - [2026-02-07T07:34:29.614+0000] {dag.py:3947} INFO - Setting next_dagrun for product_price_pipeline to 2026-02-06 21:00:00+00:00, run_after=2026-02-07 21:00:00+00:00
[2026-02-07T07:34:29.646+0000] {processor.py:183} INFO - Processing /opt/airflow/dags/product_pipeline_dag.py took 0.197 seconds
[2026-02-07T07:35:01.395+0000] {processor.py:161} INFO - Started process (PID=879) to work on /opt/airflow/dags/product_pipeline_dag.py
[2026-02-07T07:35:01.397+0000] {processor.py:830} INFO - Processing file /opt/airflow/dags/product_pipeline_dag.py for tasks to queue
[2026-02-07T07:35:01.400+0000] {logging_mixin.py:188} INFO - [2026-02-07T07:35:01.399+0000] {dagbag.py:545} INFO - Filling up the DagBag from /opt/airflow/dags/product_pipeline_dag.py
[2026-02-07T07:35:01.457+0000] {processor.py:840} INFO - DAG(s) 'product_price_pipeline' retrieved from /opt/airflow/dags/product_pipeline_dag.py
[2026-02-07T07:35:01.590+0000] {logging_mixin.py:188} INFO - [2026-02-07T07:35:01.590+0000] {dag.py:3089} INFO - Sync 1 DAGs
[2026-02-07T07:35:01.710+0000] {logging_mixin.py:188} INFO - [2026-02-07T07:35:01.709+0000] {dag.py:3947} INFO - Setting next_dagrun for product_price_pipeline to 2026-02-06 21:00:00+00:00, run_after=2026-02-07 21:00:00+00:00
[2026-02-07T07:35:01.772+0000] {processor.py:183} INFO - Processing /opt/airflow/dags/product_pipeline_dag.py took 0.384 seconds
[2026-02-07T07:35:32.028+0000] {processor.py:161} INFO - Started process (PID=884) to work on /opt/airflow/dags/product_pipeline_dag.py
[2026-02-07T07:35:32.032+0000] {processor.py:830} INFO - Processing file /opt/airflow/dags/product_pipeline_dag.py for tasks to queue
[2026-02-07T07:35:32.037+0000] {logging_mixin.py:188} INFO - [2026-02-07T07:35:32.036+0000] {dagbag.py:545} INFO - Filling up the DagBag from /opt/airflow/dags/product_pipeline_dag.py
[2026-02-07T07:35:32.100+0000] {processor.py:840} INFO - DAG(s) 'product_price_pipeline' retrieved from /opt/airflow/dags/product_pipeline_dag.py
[2026-02-07T07:35:32.158+0000] {logging_mixin.py:188} INFO - [2026-02-07T07:35:32.158+0000] {dag.py:3089} INFO - Sync 1 DAGs
[2026-02-07T07:35:32.199+0000] {logging_mixin.py:188} INFO - [2026-02-07T07:35:32.198+0000] {dag.py:3947} INFO - Setting next_dagrun for product_price_pipeline to 2026-02-06 21:00:00+00:00, run_after=2026-02-07 21:00:00+00:00
[2026-02-07T07:35:32.231+0000] {processor.py:183} INFO - Processing /opt/airflow/dags/product_pipeline_dag.py took 0.214 seconds
[2026-02-07T07:36:03.656+0000] {processor.py:161} INFO - Started process (PID=889) to work on /opt/airflow/dags/product_pipeline_dag.py
[2026-02-07T07:36:03.658+0000] {processor.py:830} INFO - Processing file /opt/airflow/dags/product_pipeline_dag.py for tasks to queue
[2026-02-07T07:36:03.661+0000] {logging_mixin.py:188} INFO - [2026-02-07T07:36:03.661+0000] {dagbag.py:545} INFO - Filling up the DagBag from /opt/airflow/dags/product_pipeline_dag.py
[2026-02-07T07:36:03.713+0000] {processor.py:840} INFO - DAG(s) 'product_price_pipeline' retrieved from /opt/airflow/dags/product_pipeline_dag.py
[2026-02-07T07:36:03.776+0000] {logging_mixin.py:188} INFO - [2026-02-07T07:36:03.776+0000] {dag.py:3089} INFO - Sync 1 DAGs
[2026-02-07T07:36:03.835+0000] {logging_mixin.py:188} INFO - [2026-02-07T07:36:03.835+0000] {dag.py:3947} INFO - Setting next_dagrun for product_price_pipeline to 2026-02-06 21:00:00+00:00, run_after=2026-02-07 21:00:00+00:00
[2026-02-07T07:36:03.897+0000] {processor.py:183} INFO - Processing /opt/airflow/dags/product_pipeline_dag.py took 0.253 seconds
[2026-02-07T07:36:35.809+0000] {processor.py:161} INFO - Started process (PID=894) to work on /opt/airflow/dags/product_pipeline_dag.py
[2026-02-07T07:36:35.812+0000] {processor.py:830} INFO - Processing file /opt/airflow/dags/product_pipeline_dag.py for tasks to queue
[2026-02-07T07:36:35.820+0000] {logging_mixin.py:188} INFO - [2026-02-07T07:36:35.819+0000] {dagbag.py:545} INFO - Filling up the DagBag from /opt/airflow/dags/product_pipeline_dag.py
[2026-02-07T07:36:35.883+0000] {processor.py:840} INFO - DAG(s) 'product_price_pipeline' retrieved from /opt/airflow/dags/product_pipeline_dag.py
[2026-02-07T07:36:35.950+0000] {logging_mixin.py:188} INFO - [2026-02-07T07:36:35.949+0000] {dag.py:3089} INFO - Sync 1 DAGs
[2026-02-07T07:36:35.998+0000] {logging_mixin.py:188} INFO - [2026-02-07T07:36:35.997+0000] {dag.py:3947} INFO - Setting next_dagrun for product_price_pipeline to 2026-02-06 21:00:00+00:00, run_after=2026-02-07 21:00:00+00:00
[2026-02-07T07:36:36.036+0000] {processor.py:183} INFO - Processing /opt/airflow/dags/product_pipeline_dag.py took 0.243 seconds
[2026-02-07T07:38:05.188+0000] {processor.py:161} INFO - Started process (PID=179) to work on /opt/airflow/dags/product_pipeline_dag.py
[2026-02-07T07:38:05.191+0000] {processor.py:830} INFO - Processing file /opt/airflow/dags/product_pipeline_dag.py for tasks to queue
[2026-02-07T07:38:05.196+0000] {logging_mixin.py:188} INFO - [2026-02-07T07:38:05.195+0000] {dagbag.py:545} INFO - Filling up the DagBag from /opt/airflow/dags/product_pipeline_dag.py
[2026-02-07T07:38:05.252+0000] {processor.py:840} INFO - DAG(s) 'product_price_pipeline' retrieved from /opt/airflow/dags/product_pipeline_dag.py
[2026-02-07T07:38:05.303+0000] {logging_mixin.py:188} INFO - [2026-02-07T07:38:05.303+0000] {dag.py:3089} INFO - Sync 1 DAGs
[2026-02-07T07:38:05.346+0000] {logging_mixin.py:188} INFO - [2026-02-07T07:38:05.345+0000] {dag.py:3947} INFO - Setting next_dagrun for product_price_pipeline to 2026-02-06 21:00:00+00:00, run_after=2026-02-07 21:00:00+00:00
[2026-02-07T07:38:05.399+0000] {processor.py:183} INFO - Processing /opt/airflow/dags/product_pipeline_dag.py took 0.222 seconds
[2026-02-07T07:38:36.148+0000] {processor.py:161} INFO - Started process (PID=198) to work on /opt/airflow/dags/product_pipeline_dag.py
[2026-02-07T07:38:36.163+0000] {processor.py:830} INFO - Processing file /opt/airflow/dags/product_pipeline_dag.py for tasks to queue
[2026-02-07T07:38:36.171+0000] {logging_mixin.py:188} INFO - [2026-02-07T07:38:36.169+0000] {dagbag.py:545} INFO - Filling up the DagBag from /opt/airflow/dags/product_pipeline_dag.py
[2026-02-07T07:38:36.233+0000] {processor.py:840} INFO - DAG(s) 'product_price_pipeline' retrieved from /opt/airflow/dags/product_pipeline_dag.py
[2026-02-07T07:38:36.552+0000] {logging_mixin.py:188} INFO - [2026-02-07T07:38:36.552+0000] {dag.py:3089} INFO - Sync 1 DAGs
[2026-02-07T07:38:36.596+0000] {logging_mixin.py:188} INFO - [2026-02-07T07:38:36.596+0000] {dag.py:3947} INFO - Setting next_dagrun for product_price_pipeline to 2026-02-06 21:00:00+00:00, run_after=2026-02-07 21:00:00+00:00
[2026-02-07T07:38:36.639+0000] {processor.py:183} INFO - Processing /opt/airflow/dags/product_pipeline_dag.py took 0.506 seconds
[2026-02-07T07:39:07.106+0000] {processor.py:161} INFO - Started process (PID=214) to work on /opt/airflow/dags/product_pipeline_dag.py
[2026-02-07T07:39:07.119+0000] {processor.py:830} INFO - Processing file /opt/airflow/dags/product_pipeline_dag.py for tasks to queue
[2026-02-07T07:39:07.144+0000] {logging_mixin.py:188} INFO - [2026-02-07T07:39:07.139+0000] {dagbag.py:545} INFO - Filling up the DagBag from /opt/airflow/dags/product_pipeline_dag.py
[2026-02-07T07:39:07.436+0000] {processor.py:840} INFO - DAG(s) 'product_price_pipeline' retrieved from /opt/airflow/dags/product_pipeline_dag.py
[2026-02-07T07:39:07.859+0000] {logging_mixin.py:188} INFO - [2026-02-07T07:39:07.857+0000] {dag.py:3089} INFO - Sync 1 DAGs
[2026-02-07T07:39:08.221+0000] {logging_mixin.py:188} INFO - [2026-02-07T07:39:08.211+0000] {dag.py:3947} INFO - Setting next_dagrun for product_price_pipeline to 2026-02-06 21:00:00+00:00, run_after=2026-02-07 21:00:00+00:00
[2026-02-07T07:39:08.395+0000] {processor.py:183} INFO - Processing /opt/airflow/dags/product_pipeline_dag.py took 1.339 seconds
[2026-02-07T07:39:39.847+0000] {processor.py:161} INFO - Started process (PID=222) to work on /opt/airflow/dags/product_pipeline_dag.py
[2026-02-07T07:39:39.868+0000] {processor.py:830} INFO - Processing file /opt/airflow/dags/product_pipeline_dag.py for tasks to queue
[2026-02-07T07:39:39.896+0000] {logging_mixin.py:188} INFO - [2026-02-07T07:39:39.894+0000] {dagbag.py:545} INFO - Filling up the DagBag from /opt/airflow/dags/product_pipeline_dag.py
[2026-02-07T07:39:40.055+0000] {processor.py:840} INFO - DAG(s) 'product_price_pipeline' retrieved from /opt/airflow/dags/product_pipeline_dag.py
[2026-02-07T07:39:40.372+0000] {logging_mixin.py:188} INFO - [2026-02-07T07:39:40.370+0000] {dag.py:3089} INFO - Sync 1 DAGs
[2026-02-07T07:39:40.537+0000] {logging_mixin.py:188} INFO - [2026-02-07T07:39:40.537+0000] {dag.py:3947} INFO - Setting next_dagrun for product_price_pipeline to 2026-02-06 21:00:00+00:00, run_after=2026-02-07 21:00:00+00:00
[2026-02-07T07:39:40.666+0000] {processor.py:183} INFO - Processing /opt/airflow/dags/product_pipeline_dag.py took 0.921 seconds
[2026-02-07T07:40:11.673+0000] {processor.py:161} INFO - Started process (PID=227) to work on /opt/airflow/dags/product_pipeline_dag.py
[2026-02-07T07:40:11.678+0000] {processor.py:830} INFO - Processing file /opt/airflow/dags/product_pipeline_dag.py for tasks to queue
[2026-02-07T07:40:11.697+0000] {logging_mixin.py:188} INFO - [2026-02-07T07:40:11.693+0000] {dagbag.py:545} INFO - Filling up the DagBag from /opt/airflow/dags/product_pipeline_dag.py
[2026-02-07T07:40:11.800+0000] {processor.py:840} INFO - DAG(s) 'product_price_pipeline' retrieved from /opt/airflow/dags/product_pipeline_dag.py
[2026-02-07T07:40:11.930+0000] {logging_mixin.py:188} INFO - [2026-02-07T07:40:11.929+0000] {dag.py:3089} INFO - Sync 1 DAGs
[2026-02-07T07:40:11.994+0000] {logging_mixin.py:188} INFO - [2026-02-07T07:40:11.994+0000] {dag.py:3947} INFO - Setting next_dagrun for product_price_pipeline to 2026-02-06 21:00:00+00:00, run_after=2026-02-07 21:00:00+00:00
[2026-02-07T07:40:12.067+0000] {processor.py:183} INFO - Processing /opt/airflow/dags/product_pipeline_dag.py took 0.450 seconds
[2026-02-07T07:40:42.402+0000] {processor.py:161} INFO - Started process (PID=232) to work on /opt/airflow/dags/product_pipeline_dag.py
[2026-02-07T07:40:42.409+0000] {processor.py:830} INFO - Processing file /opt/airflow/dags/product_pipeline_dag.py for tasks to queue
[2026-02-07T07:40:42.416+0000] {logging_mixin.py:188} INFO - [2026-02-07T07:40:42.415+0000] {dagbag.py:545} INFO - Filling up the DagBag from /opt/airflow/dags/product_pipeline_dag.py
[2026-02-07T07:40:42.507+0000] {processor.py:840} INFO - DAG(s) 'product_price_pipeline' retrieved from /opt/airflow/dags/product_pipeline_dag.py
[2026-02-07T07:40:42.579+0000] {logging_mixin.py:188} INFO - [2026-02-07T07:40:42.578+0000] {dag.py:3089} INFO - Sync 1 DAGs
[2026-02-07T07:40:42.632+0000] {logging_mixin.py:188} INFO - [2026-02-07T07:40:42.630+0000] {dag.py:3947} INFO - Setting next_dagrun for product_price_pipeline to 2026-02-06 21:00:00+00:00, run_after=2026-02-07 21:00:00+00:00
[2026-02-07T07:40:42.680+0000] {processor.py:183} INFO - Processing /opt/airflow/dags/product_pipeline_dag.py took 0.295 seconds
[2026-02-07T07:41:13.118+0000] {processor.py:161} INFO - Started process (PID=237) to work on /opt/airflow/dags/product_pipeline_dag.py
[2026-02-07T07:41:13.122+0000] {processor.py:830} INFO - Processing file /opt/airflow/dags/product_pipeline_dag.py for tasks to queue
[2026-02-07T07:41:13.127+0000] {logging_mixin.py:188} INFO - [2026-02-07T07:41:13.126+0000] {dagbag.py:545} INFO - Filling up the DagBag from /opt/airflow/dags/product_pipeline_dag.py
[2026-02-07T07:41:13.190+0000] {processor.py:840} INFO - DAG(s) 'product_price_pipeline' retrieved from /opt/airflow/dags/product_pipeline_dag.py
[2026-02-07T07:41:13.278+0000] {logging_mixin.py:188} INFO - [2026-02-07T07:41:13.278+0000] {dag.py:3089} INFO - Sync 1 DAGs
[2026-02-07T07:41:13.322+0000] {logging_mixin.py:188} INFO - [2026-02-07T07:41:13.321+0000] {dag.py:3947} INFO - Setting next_dagrun for product_price_pipeline to 2026-02-06 21:00:00+00:00, run_after=2026-02-07 21:00:00+00:00
[2026-02-07T07:41:13.356+0000] {processor.py:183} INFO - Processing /opt/airflow/dags/product_pipeline_dag.py took 0.257 seconds
[2026-02-07T07:41:44.383+0000] {processor.py:161} INFO - Started process (PID=242) to work on /opt/airflow/dags/product_pipeline_dag.py
[2026-02-07T07:41:44.397+0000] {processor.py:830} INFO - Processing file /opt/airflow/dags/product_pipeline_dag.py for tasks to queue
[2026-02-07T07:41:44.445+0000] {logging_mixin.py:188} INFO - [2026-02-07T07:41:44.436+0000] {dagbag.py:545} INFO - Filling up the DagBag from /opt/airflow/dags/product_pipeline_dag.py
[2026-02-07T07:41:44.738+0000] {processor.py:840} INFO - DAG(s) 'product_price_pipeline' retrieved from /opt/airflow/dags/product_pipeline_dag.py
[2026-02-07T07:41:45.031+0000] {logging_mixin.py:188} INFO - [2026-02-07T07:41:45.030+0000] {dag.py:3089} INFO - Sync 1 DAGs
[2026-02-07T07:41:45.176+0000] {logging_mixin.py:188} INFO - [2026-02-07T07:41:45.175+0000] {dag.py:3947} INFO - Setting next_dagrun for product_price_pipeline to 2026-02-06 21:00:00+00:00, run_after=2026-02-07 21:00:00+00:00
[2026-02-07T07:41:45.301+0000] {processor.py:183} INFO - Processing /opt/airflow/dags/product_pipeline_dag.py took 1.016 seconds
[2026-02-07T07:42:16.017+0000] {processor.py:161} INFO - Started process (PID=271) to work on /opt/airflow/dags/product_pipeline_dag.py
[2026-02-07T07:42:16.029+0000] {processor.py:830} INFO - Processing file /opt/airflow/dags/product_pipeline_dag.py for tasks to queue
[2026-02-07T07:42:16.034+0000] {logging_mixin.py:188} INFO - [2026-02-07T07:42:16.033+0000] {dagbag.py:545} INFO - Filling up the DagBag from /opt/airflow/dags/product_pipeline_dag.py
[2026-02-07T07:42:16.148+0000] {processor.py:840} INFO - DAG(s) 'product_price_pipeline' retrieved from /opt/airflow/dags/product_pipeline_dag.py
[2026-02-07T07:42:16.252+0000] {logging_mixin.py:188} INFO - [2026-02-07T07:42:16.251+0000] {dag.py:3089} INFO - Sync 1 DAGs
[2026-02-07T07:42:16.324+0000] {logging_mixin.py:188} INFO - [2026-02-07T07:42:16.323+0000] {dag.py:3947} INFO - Setting next_dagrun for product_price_pipeline to 2026-02-06 21:00:00+00:00, run_after=2026-02-07 21:00:00+00:00
[2026-02-07T07:42:16.377+0000] {processor.py:183} INFO - Processing /opt/airflow/dags/product_pipeline_dag.py took 0.393 seconds
[2026-02-07T07:42:46.835+0000] {processor.py:161} INFO - Started process (PID=276) to work on /opt/airflow/dags/product_pipeline_dag.py
[2026-02-07T07:42:46.837+0000] {processor.py:830} INFO - Processing file /opt/airflow/dags/product_pipeline_dag.py for tasks to queue
[2026-02-07T07:42:46.842+0000] {logging_mixin.py:188} INFO - [2026-02-07T07:42:46.841+0000] {dagbag.py:545} INFO - Filling up the DagBag from /opt/airflow/dags/product_pipeline_dag.py
[2026-02-07T07:42:46.929+0000] {processor.py:840} INFO - DAG(s) 'product_price_pipeline' retrieved from /opt/airflow/dags/product_pipeline_dag.py
[2026-02-07T07:42:47.024+0000] {logging_mixin.py:188} INFO - [2026-02-07T07:42:47.024+0000] {dag.py:3089} INFO - Sync 1 DAGs
[2026-02-07T07:42:47.409+0000] {logging_mixin.py:188} INFO - [2026-02-07T07:42:47.408+0000] {dag.py:3947} INFO - Setting next_dagrun for product_price_pipeline to 2026-02-06 21:00:00+00:00, run_after=2026-02-07 21:00:00+00:00
[2026-02-07T07:42:47.452+0000] {processor.py:183} INFO - Processing /opt/airflow/dags/product_pipeline_dag.py took 0.629 seconds
[2026-02-07T07:43:18.682+0000] {processor.py:161} INFO - Started process (PID=281) to work on /opt/airflow/dags/product_pipeline_dag.py
[2026-02-07T07:43:18.695+0000] {processor.py:830} INFO - Processing file /opt/airflow/dags/product_pipeline_dag.py for tasks to queue
[2026-02-07T07:43:18.711+0000] {logging_mixin.py:188} INFO - [2026-02-07T07:43:18.709+0000] {dagbag.py:545} INFO - Filling up the DagBag from /opt/airflow/dags/product_pipeline_dag.py
[2026-02-07T07:43:18.875+0000] {processor.py:840} INFO - DAG(s) 'product_price_pipeline' retrieved from /opt/airflow/dags/product_pipeline_dag.py
[2026-02-07T07:43:19.030+0000] {logging_mixin.py:188} INFO - [2026-02-07T07:43:19.029+0000] {dag.py:3089} INFO - Sync 1 DAGs
[2026-02-07T07:43:19.163+0000] {logging_mixin.py:188} INFO - [2026-02-07T07:43:19.162+0000] {dag.py:3947} INFO - Setting next_dagrun for product_price_pipeline to 2026-02-06 21:00:00+00:00, run_after=2026-02-07 21:00:00+00:00
[2026-02-07T07:43:19.252+0000] {processor.py:183} INFO - Processing /opt/airflow/dags/product_pipeline_dag.py took 0.626 seconds
[2026-02-07T07:43:50.427+0000] {processor.py:161} INFO - Started process (PID=286) to work on /opt/airflow/dags/product_pipeline_dag.py
[2026-02-07T07:43:50.457+0000] {processor.py:830} INFO - Processing file /opt/airflow/dags/product_pipeline_dag.py for tasks to queue
[2026-02-07T07:43:50.574+0000] {logging_mixin.py:188} INFO - [2026-02-07T07:43:50.537+0000] {dagbag.py:545} INFO - Filling up the DagBag from /opt/airflow/dags/product_pipeline_dag.py
[2026-02-07T07:43:52.019+0000] {processor.py:840} INFO - DAG(s) 'product_price_pipeline' retrieved from /opt/airflow/dags/product_pipeline_dag.py
[2026-02-07T07:43:54.129+0000] {logging_mixin.py:188} INFO - [2026-02-07T07:43:54.126+0000] {dag.py:3089} INFO - Sync 1 DAGs
[2026-02-07T07:43:55.673+0000] {logging_mixin.py:188} INFO - [2026-02-07T07:43:55.667+0000] {dag.py:3947} INFO - Setting next_dagrun for product_price_pipeline to 2026-02-06 21:00:00+00:00, run_after=2026-02-07 21:00:00+00:00
[2026-02-07T07:43:55.920+0000] {processor.py:183} INFO - Processing /opt/airflow/dags/product_pipeline_dag.py took 4.214 seconds
[2026-02-07T07:44:29.635+0000] {processor.py:161} INFO - Started process (PID=291) to work on /opt/airflow/dags/product_pipeline_dag.py
[2026-02-07T07:44:29.664+0000] {processor.py:830} INFO - Processing file /opt/airflow/dags/product_pipeline_dag.py for tasks to queue
[2026-02-07T07:44:29.805+0000] {logging_mixin.py:188} INFO - [2026-02-07T07:44:29.779+0000] {dagbag.py:545} INFO - Filling up the DagBag from /opt/airflow/dags/product_pipeline_dag.py
[2026-02-07T07:44:30.593+0000] {processor.py:840} INFO - DAG(s) 'product_price_pipeline' retrieved from /opt/airflow/dags/product_pipeline_dag.py
[2026-02-07T07:44:31.532+0000] {logging_mixin.py:188} INFO - [2026-02-07T07:44:31.531+0000] {dag.py:3089} INFO - Sync 1 DAGs
[2026-02-07T07:44:31.702+0000] {logging_mixin.py:188} INFO - [2026-02-07T07:44:31.701+0000] {dag.py:3947} INFO - Setting next_dagrun for product_price_pipeline to 2026-02-06 21:00:00+00:00, run_after=2026-02-07 21:00:00+00:00
[2026-02-07T07:44:31.860+0000] {processor.py:183} INFO - Processing /opt/airflow/dags/product_pipeline_dag.py took 2.729 seconds
[2026-02-07T07:45:03.265+0000] {processor.py:161} INFO - Started process (PID=296) to work on /opt/airflow/dags/product_pipeline_dag.py
[2026-02-07T07:45:03.284+0000] {processor.py:830} INFO - Processing file /opt/airflow/dags/product_pipeline_dag.py for tasks to queue
[2026-02-07T07:45:03.383+0000] {logging_mixin.py:188} INFO - [2026-02-07T07:45:03.371+0000] {dagbag.py:545} INFO - Filling up the DagBag from /opt/airflow/dags/product_pipeline_dag.py
[2026-02-07T07:45:03.893+0000] {processor.py:840} INFO - DAG(s) 'product_price_pipeline' retrieved from /opt/airflow/dags/product_pipeline_dag.py
[2026-02-07T07:45:04.441+0000] {logging_mixin.py:188} INFO - [2026-02-07T07:45:04.440+0000] {dag.py:3089} INFO - Sync 1 DAGs
[2026-02-07T07:45:04.638+0000] {logging_mixin.py:188} INFO - [2026-02-07T07:45:04.637+0000] {dag.py:3947} INFO - Setting next_dagrun for product_price_pipeline to 2026-02-06 21:00:00+00:00, run_after=2026-02-07 21:00:00+00:00
[2026-02-07T07:45:04.719+0000] {processor.py:183} INFO - Processing /opt/airflow/dags/product_pipeline_dag.py took 1.686 seconds
[2026-02-07T07:45:34.968+0000] {processor.py:161} INFO - Started process (PID=301) to work on /opt/airflow/dags/product_pipeline_dag.py
[2026-02-07T07:45:34.984+0000] {processor.py:830} INFO - Processing file /opt/airflow/dags/product_pipeline_dag.py for tasks to queue
[2026-02-07T07:45:34.990+0000] {logging_mixin.py:188} INFO - [2026-02-07T07:45:34.989+0000] {dagbag.py:545} INFO - Filling up the DagBag from /opt/airflow/dags/product_pipeline_dag.py
[2026-02-07T07:45:35.091+0000] {processor.py:840} INFO - DAG(s) 'product_price_pipeline' retrieved from /opt/airflow/dags/product_pipeline_dag.py
[2026-02-07T07:45:35.178+0000] {logging_mixin.py:188} INFO - [2026-02-07T07:45:35.177+0000] {dag.py:3089} INFO - Sync 1 DAGs
[2026-02-07T07:45:35.261+0000] {logging_mixin.py:188} INFO - [2026-02-07T07:45:35.261+0000] {dag.py:3947} INFO - Setting next_dagrun for product_price_pipeline to 2026-02-06 21:00:00+00:00, run_after=2026-02-07 21:00:00+00:00
[2026-02-07T07:45:35.332+0000] {processor.py:183} INFO - Processing /opt/airflow/dags/product_pipeline_dag.py took 0.377 seconds
[2026-02-07T07:46:06.022+0000] {processor.py:161} INFO - Started process (PID=306) to work on /opt/airflow/dags/product_pipeline_dag.py
[2026-02-07T07:46:06.028+0000] {processor.py:830} INFO - Processing file /opt/airflow/dags/product_pipeline_dag.py for tasks to queue
[2026-02-07T07:46:06.042+0000] {logging_mixin.py:188} INFO - [2026-02-07T07:46:06.041+0000] {dagbag.py:545} INFO - Filling up the DagBag from /opt/airflow/dags/product_pipeline_dag.py
[2026-02-07T07:46:06.207+0000] {processor.py:840} INFO - DAG(s) 'product_price_pipeline' retrieved from /opt/airflow/dags/product_pipeline_dag.py
[2026-02-07T07:46:06.413+0000] {logging_mixin.py:188} INFO - [2026-02-07T07:46:06.412+0000] {dag.py:3089} INFO - Sync 1 DAGs
[2026-02-07T07:46:06.517+0000] {logging_mixin.py:188} INFO - [2026-02-07T07:46:06.517+0000] {dag.py:3947} INFO - Setting next_dagrun for product_price_pipeline to 2026-02-06 21:00:00+00:00, run_after=2026-02-07 21:00:00+00:00
[2026-02-07T07:46:06.589+0000] {processor.py:183} INFO - Processing /opt/airflow/dags/product_pipeline_dag.py took 0.609 seconds
[2026-02-07T07:46:37.300+0000] {processor.py:161} INFO - Started process (PID=311) to work on /opt/airflow/dags/product_pipeline_dag.py
[2026-02-07T07:46:37.306+0000] {processor.py:830} INFO - Processing file /opt/airflow/dags/product_pipeline_dag.py for tasks to queue
[2026-02-07T07:46:37.311+0000] {logging_mixin.py:188} INFO - [2026-02-07T07:46:37.311+0000] {dagbag.py:545} INFO - Filling up the DagBag from /opt/airflow/dags/product_pipeline_dag.py
[2026-02-07T07:46:37.382+0000] {processor.py:840} INFO - DAG(s) 'product_price_pipeline' retrieved from /opt/airflow/dags/product_pipeline_dag.py
[2026-02-07T07:46:37.507+0000] {logging_mixin.py:188} INFO - [2026-02-07T07:46:37.507+0000] {dag.py:3089} INFO - Sync 1 DAGs
[2026-02-07T07:46:37.577+0000] {logging_mixin.py:188} INFO - [2026-02-07T07:46:37.576+0000] {dag.py:3947} INFO - Setting next_dagrun for product_price_pipeline to 2026-02-06 21:00:00+00:00, run_after=2026-02-07 21:00:00+00:00
[2026-02-07T07:46:37.653+0000] {processor.py:183} INFO - Processing /opt/airflow/dags/product_pipeline_dag.py took 0.371 seconds
[2026-02-07T07:47:08.585+0000] {processor.py:161} INFO - Started process (PID=316) to work on /opt/airflow/dags/product_pipeline_dag.py
[2026-02-07T07:47:08.588+0000] {processor.py:830} INFO - Processing file /opt/airflow/dags/product_pipeline_dag.py for tasks to queue
[2026-02-07T07:47:08.604+0000] {logging_mixin.py:188} INFO - [2026-02-07T07:47:08.604+0000] {dagbag.py:545} INFO - Filling up the DagBag from /opt/airflow/dags/product_pipeline_dag.py
[2026-02-07T07:47:08.684+0000] {processor.py:840} INFO - DAG(s) 'product_price_pipeline' retrieved from /opt/airflow/dags/product_pipeline_dag.py
[2026-02-07T07:47:08.749+0000] {logging_mixin.py:188} INFO - [2026-02-07T07:47:08.748+0000] {dag.py:3089} INFO - Sync 1 DAGs
[2026-02-07T07:47:08.790+0000] {logging_mixin.py:188} INFO - [2026-02-07T07:47:08.789+0000] {dag.py:3947} INFO - Setting next_dagrun for product_price_pipeline to 2026-02-06 21:00:00+00:00, run_after=2026-02-07 21:00:00+00:00
[2026-02-07T07:47:08.843+0000] {processor.py:183} INFO - Processing /opt/airflow/dags/product_pipeline_dag.py took 0.267 seconds
[2026-02-07T07:47:39.570+0000] {processor.py:161} INFO - Started process (PID=321) to work on /opt/airflow/dags/product_pipeline_dag.py
[2026-02-07T07:47:39.572+0000] {processor.py:830} INFO - Processing file /opt/airflow/dags/product_pipeline_dag.py for tasks to queue
[2026-02-07T07:47:39.576+0000] {logging_mixin.py:188} INFO - [2026-02-07T07:47:39.575+0000] {dagbag.py:545} INFO - Filling up the DagBag from /opt/airflow/dags/product_pipeline_dag.py
[2026-02-07T07:47:39.632+0000] {processor.py:840} INFO - DAG(s) 'product_price_pipeline' retrieved from /opt/airflow/dags/product_pipeline_dag.py
[2026-02-07T07:47:39.686+0000] {logging_mixin.py:188} INFO - [2026-02-07T07:47:39.685+0000] {dag.py:3089} INFO - Sync 1 DAGs
[2026-02-07T07:47:39.722+0000] {logging_mixin.py:188} INFO - [2026-02-07T07:47:39.722+0000] {dag.py:3947} INFO - Setting next_dagrun for product_price_pipeline to 2026-02-06 21:00:00+00:00, run_after=2026-02-07 21:00:00+00:00
[2026-02-07T07:47:39.758+0000] {processor.py:183} INFO - Processing /opt/airflow/dags/product_pipeline_dag.py took 0.211 seconds
[2026-02-07T07:49:16.087+0000] {processor.py:161} INFO - Started process (PID=326) to work on /opt/airflow/dags/product_pipeline_dag.py
[2026-02-07T07:49:16.104+0000] {processor.py:830} INFO - Processing file /opt/airflow/dags/product_pipeline_dag.py for tasks to queue
[2026-02-07T07:49:16.429+0000] {logging_mixin.py:188} INFO - [2026-02-07T07:49:16.375+0000] {dagbag.py:545} INFO - Filling up the DagBag from /opt/airflow/dags/product_pipeline_dag.py
[2026-02-07T07:49:18.474+0000] {processor.py:840} INFO - DAG(s) 'product_price_pipeline' retrieved from /opt/airflow/dags/product_pipeline_dag.py
[2026-02-07T07:49:19.799+0000] {logging_mixin.py:188} INFO - [2026-02-07T07:49:19.798+0000] {dag.py:3089} INFO - Sync 1 DAGs
[2026-02-07T07:49:20.474+0000] {logging_mixin.py:188} INFO - [2026-02-07T07:49:20.473+0000] {dag.py:3947} INFO - Setting next_dagrun for product_price_pipeline to 2026-02-06 21:00:00+00:00, run_after=2026-02-07 21:00:00+00:00
[2026-02-07T07:49:20.810+0000] {processor.py:183} INFO - Processing /opt/airflow/dags/product_pipeline_dag.py took 5.395 seconds
[2026-02-07T07:49:52.159+0000] {processor.py:161} INFO - Started process (PID=331) to work on /opt/airflow/dags/product_pipeline_dag.py
[2026-02-07T07:49:52.173+0000] {processor.py:830} INFO - Processing file /opt/airflow/dags/product_pipeline_dag.py for tasks to queue
[2026-02-07T07:49:52.216+0000] {logging_mixin.py:188} INFO - [2026-02-07T07:49:52.208+0000] {dagbag.py:545} INFO - Filling up the DagBag from /opt/airflow/dags/product_pipeline_dag.py
[2026-02-07T07:49:52.482+0000] {processor.py:840} INFO - DAG(s) 'product_price_pipeline' retrieved from /opt/airflow/dags/product_pipeline_dag.py
[2026-02-07T07:49:52.836+0000] {logging_mixin.py:188} INFO - [2026-02-07T07:49:52.836+0000] {dag.py:3089} INFO - Sync 1 DAGs
[2026-02-07T07:49:52.967+0000] {logging_mixin.py:188} INFO - [2026-02-07T07:49:52.966+0000] {dag.py:3947} INFO - Setting next_dagrun for product_price_pipeline to 2026-02-06 21:00:00+00:00, run_after=2026-02-07 21:00:00+00:00
[2026-02-07T07:49:53.134+0000] {processor.py:183} INFO - Processing /opt/airflow/dags/product_pipeline_dag.py took 1.138 seconds
[2026-02-07T07:50:24.655+0000] {processor.py:161} INFO - Started process (PID=336) to work on /opt/airflow/dags/product_pipeline_dag.py
[2026-02-07T07:50:24.678+0000] {processor.py:830} INFO - Processing file /opt/airflow/dags/product_pipeline_dag.py for tasks to queue
[2026-02-07T07:50:24.759+0000] {logging_mixin.py:188} INFO - [2026-02-07T07:50:24.748+0000] {dagbag.py:545} INFO - Filling up the DagBag from /opt/airflow/dags/product_pipeline_dag.py
[2026-02-07T07:50:25.372+0000] {processor.py:840} INFO - DAG(s) 'product_price_pipeline' retrieved from /opt/airflow/dags/product_pipeline_dag.py
[2026-02-07T07:50:26.138+0000] {logging_mixin.py:188} INFO - [2026-02-07T07:50:26.137+0000] {dag.py:3089} INFO - Sync 1 DAGs
[2026-02-07T07:50:26.474+0000] {logging_mixin.py:188} INFO - [2026-02-07T07:50:26.473+0000] {dag.py:3947} INFO - Setting next_dagrun for product_price_pipeline to 2026-02-06 21:00:00+00:00, run_after=2026-02-07 21:00:00+00:00
[2026-02-07T07:50:26.618+0000] {processor.py:183} INFO - Processing /opt/airflow/dags/product_pipeline_dag.py took 2.260 seconds
[2026-02-07T07:50:57.281+0000] {processor.py:161} INFO - Started process (PID=341) to work on /opt/airflow/dags/product_pipeline_dag.py
[2026-02-07T07:50:57.283+0000] {processor.py:830} INFO - Processing file /opt/airflow/dags/product_pipeline_dag.py for tasks to queue
[2026-02-07T07:50:57.287+0000] {logging_mixin.py:188} INFO - [2026-02-07T07:50:57.287+0000] {dagbag.py:545} INFO - Filling up the DagBag from /opt/airflow/dags/product_pipeline_dag.py
[2026-02-07T07:50:57.370+0000] {processor.py:840} INFO - DAG(s) 'product_price_pipeline' retrieved from /opt/airflow/dags/product_pipeline_dag.py
[2026-02-07T07:50:57.465+0000] {logging_mixin.py:188} INFO - [2026-02-07T07:50:57.465+0000] {dag.py:3089} INFO - Sync 1 DAGs
[2026-02-07T07:50:57.549+0000] {logging_mixin.py:188} INFO - [2026-02-07T07:50:57.549+0000] {dag.py:3947} INFO - Setting next_dagrun for product_price_pipeline to 2026-02-06 21:00:00+00:00, run_after=2026-02-07 21:00:00+00:00
[2026-02-07T07:50:57.607+0000] {processor.py:183} INFO - Processing /opt/airflow/dags/product_pipeline_dag.py took 0.339 seconds
[2026-02-07T07:51:28.297+0000] {processor.py:161} INFO - Started process (PID=346) to work on /opt/airflow/dags/product_pipeline_dag.py
[2026-02-07T07:51:28.315+0000] {processor.py:830} INFO - Processing file /opt/airflow/dags/product_pipeline_dag.py for tasks to queue
[2026-02-07T07:51:28.327+0000] {logging_mixin.py:188} INFO - [2026-02-07T07:51:28.325+0000] {dagbag.py:545} INFO - Filling up the DagBag from /opt/airflow/dags/product_pipeline_dag.py
[2026-02-07T07:51:28.449+0000] {processor.py:840} INFO - DAG(s) 'product_price_pipeline' retrieved from /opt/airflow/dags/product_pipeline_dag.py
[2026-02-07T07:51:28.605+0000] {logging_mixin.py:188} INFO - [2026-02-07T07:51:28.604+0000] {dag.py:3089} INFO - Sync 1 DAGs
[2026-02-07T07:51:28.683+0000] {logging_mixin.py:188} INFO - [2026-02-07T07:51:28.674+0000] {dag.py:3947} INFO - Setting next_dagrun for product_price_pipeline to 2026-02-06 21:00:00+00:00, run_after=2026-02-07 21:00:00+00:00
[2026-02-07T07:51:28.784+0000] {processor.py:183} INFO - Processing /opt/airflow/dags/product_pipeline_dag.py took 0.509 seconds
[2026-02-07T07:51:59.164+0000] {processor.py:161} INFO - Started process (PID=351) to work on /opt/airflow/dags/product_pipeline_dag.py
[2026-02-07T07:51:59.168+0000] {processor.py:830} INFO - Processing file /opt/airflow/dags/product_pipeline_dag.py for tasks to queue
[2026-02-07T07:51:59.173+0000] {logging_mixin.py:188} INFO - [2026-02-07T07:51:59.172+0000] {dagbag.py:545} INFO - Filling up the DagBag from /opt/airflow/dags/product_pipeline_dag.py
[2026-02-07T07:51:59.253+0000] {processor.py:840} INFO - DAG(s) 'product_price_pipeline' retrieved from /opt/airflow/dags/product_pipeline_dag.py
[2026-02-07T07:51:59.350+0000] {logging_mixin.py:188} INFO - [2026-02-07T07:51:59.349+0000] {dag.py:3089} INFO - Sync 1 DAGs
[2026-02-07T07:51:59.420+0000] {logging_mixin.py:188} INFO - [2026-02-07T07:51:59.419+0000] {dag.py:3947} INFO - Setting next_dagrun for product_price_pipeline to 2026-02-06 21:00:00+00:00, run_after=2026-02-07 21:00:00+00:00
[2026-02-07T07:51:59.495+0000] {processor.py:183} INFO - Processing /opt/airflow/dags/product_pipeline_dag.py took 0.347 seconds
[2026-02-07T07:52:29.812+0000] {processor.py:161} INFO - Started process (PID=356) to work on /opt/airflow/dags/product_pipeline_dag.py
[2026-02-07T07:52:29.815+0000] {processor.py:830} INFO - Processing file /opt/airflow/dags/product_pipeline_dag.py for tasks to queue
[2026-02-07T07:52:29.830+0000] {logging_mixin.py:188} INFO - [2026-02-07T07:52:29.829+0000] {dagbag.py:545} INFO - Filling up the DagBag from /opt/airflow/dags/product_pipeline_dag.py
[2026-02-07T07:52:29.926+0000] {processor.py:840} INFO - DAG(s) 'product_price_pipeline' retrieved from /opt/airflow/dags/product_pipeline_dag.py
[2026-02-07T07:52:30.051+0000] {logging_mixin.py:188} INFO - [2026-02-07T07:52:30.050+0000] {dag.py:3089} INFO - Sync 1 DAGs
[2026-02-07T07:52:30.121+0000] {logging_mixin.py:188} INFO - [2026-02-07T07:52:30.120+0000] {dag.py:3947} INFO - Setting next_dagrun for product_price_pipeline to 2026-02-06 21:00:00+00:00, run_after=2026-02-07 21:00:00+00:00
[2026-02-07T07:52:30.209+0000] {processor.py:183} INFO - Processing /opt/airflow/dags/product_pipeline_dag.py took 0.414 seconds
[2026-02-07T07:53:01.212+0000] {processor.py:161} INFO - Started process (PID=361) to work on /opt/airflow/dags/product_pipeline_dag.py
[2026-02-07T07:53:01.215+0000] {processor.py:830} INFO - Processing file /opt/airflow/dags/product_pipeline_dag.py for tasks to queue
[2026-02-07T07:53:01.220+0000] {logging_mixin.py:188} INFO - [2026-02-07T07:53:01.219+0000] {dagbag.py:545} INFO - Filling up the DagBag from /opt/airflow/dags/product_pipeline_dag.py
[2026-02-07T07:53:01.280+0000] {processor.py:840} INFO - DAG(s) 'product_price_pipeline' retrieved from /opt/airflow/dags/product_pipeline_dag.py
[2026-02-07T07:53:01.454+0000] {logging_mixin.py:188} INFO - [2026-02-07T07:53:01.454+0000] {dag.py:3089} INFO - Sync 1 DAGs
[2026-02-07T07:53:01.502+0000] {logging_mixin.py:188} INFO - [2026-02-07T07:53:01.501+0000] {dag.py:3947} INFO - Setting next_dagrun for product_price_pipeline to 2026-02-06 21:00:00+00:00, run_after=2026-02-07 21:00:00+00:00
[2026-02-07T07:53:01.552+0000] {processor.py:183} INFO - Processing /opt/airflow/dags/product_pipeline_dag.py took 0.352 seconds
[2026-02-07T07:53:32.096+0000] {processor.py:161} INFO - Started process (PID=366) to work on /opt/airflow/dags/product_pipeline_dag.py
[2026-02-07T07:53:32.099+0000] {processor.py:830} INFO - Processing file /opt/airflow/dags/product_pipeline_dag.py for tasks to queue
[2026-02-07T07:53:32.103+0000] {logging_mixin.py:188} INFO - [2026-02-07T07:53:32.102+0000] {dagbag.py:545} INFO - Filling up the DagBag from /opt/airflow/dags/product_pipeline_dag.py
[2026-02-07T07:53:32.158+0000] {processor.py:840} INFO - DAG(s) 'product_price_pipeline' retrieved from /opt/airflow/dags/product_pipeline_dag.py
[2026-02-07T07:53:32.386+0000] {logging_mixin.py:188} INFO - [2026-02-07T07:53:32.385+0000] {dag.py:3089} INFO - Sync 1 DAGs
[2026-02-07T07:53:32.448+0000] {logging_mixin.py:188} INFO - [2026-02-07T07:53:32.447+0000] {dag.py:3947} INFO - Setting next_dagrun for product_price_pipeline to 2026-02-06 21:00:00+00:00, run_after=2026-02-07 21:00:00+00:00
[2026-02-07T07:53:32.549+0000] {processor.py:183} INFO - Processing /opt/airflow/dags/product_pipeline_dag.py took 0.463 seconds
[2026-02-07T07:54:03.217+0000] {processor.py:161} INFO - Started process (PID=371) to work on /opt/airflow/dags/product_pipeline_dag.py
[2026-02-07T07:54:03.221+0000] {processor.py:830} INFO - Processing file /opt/airflow/dags/product_pipeline_dag.py for tasks to queue
[2026-02-07T07:54:03.226+0000] {logging_mixin.py:188} INFO - [2026-02-07T07:54:03.225+0000] {dagbag.py:545} INFO - Filling up the DagBag from /opt/airflow/dags/product_pipeline_dag.py
[2026-02-07T07:54:03.296+0000] {processor.py:840} INFO - DAG(s) 'product_price_pipeline' retrieved from /opt/airflow/dags/product_pipeline_dag.py
[2026-02-07T07:54:03.375+0000] {logging_mixin.py:188} INFO - [2026-02-07T07:54:03.374+0000] {dag.py:3089} INFO - Sync 1 DAGs
[2026-02-07T07:54:03.414+0000] {logging_mixin.py:188} INFO - [2026-02-07T07:54:03.414+0000] {dag.py:3947} INFO - Setting next_dagrun for product_price_pipeline to 2026-02-06 21:00:00+00:00, run_after=2026-02-07 21:00:00+00:00
[2026-02-07T07:54:03.448+0000] {processor.py:183} INFO - Processing /opt/airflow/dags/product_pipeline_dag.py took 0.254 seconds
[2026-02-07T07:58:25.831+0000] {processor.py:161} INFO - Started process (PID=376) to work on /opt/airflow/dags/product_pipeline_dag.py
[2026-02-07T07:58:25.872+0000] {processor.py:830} INFO - Processing file /opt/airflow/dags/product_pipeline_dag.py for tasks to queue
[2026-02-07T07:58:26.025+0000] {logging_mixin.py:188} INFO - [2026-02-07T07:58:26.004+0000] {dagbag.py:545} INFO - Filling up the DagBag from /opt/airflow/dags/product_pipeline_dag.py
[2026-02-07T07:58:26.205+0000] {processor.py:840} INFO - DAG(s) 'product_price_pipeline' retrieved from /opt/airflow/dags/product_pipeline_dag.py
[2026-02-07T07:58:27.914+0000] {logging_mixin.py:188} INFO - [2026-02-07T07:58:27.910+0000] {dag.py:3089} INFO - Sync 1 DAGs
[2026-02-07T07:58:28.203+0000] {logging_mixin.py:188} INFO - [2026-02-07T07:58:28.202+0000] {dag.py:3947} INFO - Setting next_dagrun for product_price_pipeline to 2026-02-06 21:00:00+00:00, run_after=2026-02-07 21:00:00+00:00
[2026-02-07T07:58:28.363+0000] {processor.py:183} INFO - Processing /opt/airflow/dags/product_pipeline_dag.py took 2.520 seconds
[2026-02-07T07:59:00.477+0000] {processor.py:161} INFO - Started process (PID=381) to work on /opt/airflow/dags/product_pipeline_dag.py
[2026-02-07T07:59:00.496+0000] {processor.py:830} INFO - Processing file /opt/airflow/dags/product_pipeline_dag.py for tasks to queue
[2026-02-07T07:59:00.558+0000] {logging_mixin.py:188} INFO - [2026-02-07T07:59:00.547+0000] {dagbag.py:545} INFO - Filling up the DagBag from /opt/airflow/dags/product_pipeline_dag.py
[2026-02-07T07:59:01.068+0000] {processor.py:840} INFO - DAG(s) 'product_price_pipeline' retrieved from /opt/airflow/dags/product_pipeline_dag.py
[2026-02-07T07:59:01.411+0000] {logging_mixin.py:188} INFO - [2026-02-07T07:59:01.411+0000] {dag.py:3089} INFO - Sync 1 DAGs
[2026-02-07T07:59:01.669+0000] {logging_mixin.py:188} INFO - [2026-02-07T07:59:01.668+0000] {dag.py:3947} INFO - Setting next_dagrun for product_price_pipeline to 2026-02-06 21:00:00+00:00, run_after=2026-02-07 21:00:00+00:00
[2026-02-07T07:59:01.857+0000] {processor.py:183} INFO - Processing /opt/airflow/dags/product_pipeline_dag.py took 1.610 seconds
[2026-02-07T07:59:32.542+0000] {processor.py:161} INFO - Started process (PID=386) to work on /opt/airflow/dags/product_pipeline_dag.py
[2026-02-07T07:59:32.551+0000] {processor.py:830} INFO - Processing file /opt/airflow/dags/product_pipeline_dag.py for tasks to queue
[2026-02-07T07:59:32.575+0000] {logging_mixin.py:188} INFO - [2026-02-07T07:59:32.572+0000] {dagbag.py:545} INFO - Filling up the DagBag from /opt/airflow/dags/product_pipeline_dag.py
[2026-02-07T07:59:32.731+0000] {processor.py:840} INFO - DAG(s) 'product_price_pipeline' retrieved from /opt/airflow/dags/product_pipeline_dag.py
[2026-02-07T07:59:33.005+0000] {logging_mixin.py:188} INFO - [2026-02-07T07:59:33.004+0000] {dag.py:3089} INFO - Sync 1 DAGs
[2026-02-07T07:59:33.249+0000] {logging_mixin.py:188} INFO - [2026-02-07T07:59:33.248+0000] {dag.py:3947} INFO - Setting next_dagrun for product_price_pipeline to 2026-02-06 21:00:00+00:00, run_after=2026-02-07 21:00:00+00:00
[2026-02-07T07:59:33.392+0000] {processor.py:183} INFO - Processing /opt/airflow/dags/product_pipeline_dag.py took 0.935 seconds
[2026-02-07T08:00:04.428+0000] {processor.py:161} INFO - Started process (PID=391) to work on /opt/airflow/dags/product_pipeline_dag.py
[2026-02-07T08:00:04.431+0000] {processor.py:830} INFO - Processing file /opt/airflow/dags/product_pipeline_dag.py for tasks to queue
[2026-02-07T08:00:04.437+0000] {logging_mixin.py:188} INFO - [2026-02-07T08:00:04.436+0000] {dagbag.py:545} INFO - Filling up the DagBag from /opt/airflow/dags/product_pipeline_dag.py
[2026-02-07T08:00:04.499+0000] {processor.py:840} INFO - DAG(s) 'product_price_pipeline' retrieved from /opt/airflow/dags/product_pipeline_dag.py
[2026-02-07T08:00:04.599+0000] {logging_mixin.py:188} INFO - [2026-02-07T08:00:04.599+0000] {dag.py:3089} INFO - Sync 1 DAGs
[2026-02-07T08:00:04.660+0000] {logging_mixin.py:188} INFO - [2026-02-07T08:00:04.660+0000] {dag.py:3947} INFO - Setting next_dagrun for product_price_pipeline to 2026-02-06 21:00:00+00:00, run_after=2026-02-07 21:00:00+00:00
[2026-02-07T08:00:04.735+0000] {processor.py:183} INFO - Processing /opt/airflow/dags/product_pipeline_dag.py took 0.320 seconds
[2026-02-07T08:00:35.995+0000] {processor.py:161} INFO - Started process (PID=396) to work on /opt/airflow/dags/product_pipeline_dag.py
[2026-02-07T08:00:36.004+0000] {processor.py:830} INFO - Processing file /opt/airflow/dags/product_pipeline_dag.py for tasks to queue
[2026-02-07T08:00:36.036+0000] {logging_mixin.py:188} INFO - [2026-02-07T08:00:36.030+0000] {dagbag.py:545} INFO - Filling up the DagBag from /opt/airflow/dags/product_pipeline_dag.py
[2026-02-07T08:00:36.353+0000] {processor.py:840} INFO - DAG(s) 'product_price_pipeline' retrieved from /opt/airflow/dags/product_pipeline_dag.py
[2026-02-07T08:00:36.618+0000] {logging_mixin.py:188} INFO - [2026-02-07T08:00:36.617+0000] {dag.py:3089} INFO - Sync 1 DAGs
[2026-02-07T08:00:36.733+0000] {logging_mixin.py:188} INFO - [2026-02-07T08:00:36.732+0000] {dag.py:3947} INFO - Setting next_dagrun for product_price_pipeline to 2026-02-06 21:00:00+00:00, run_after=2026-02-07 21:00:00+00:00
[2026-02-07T08:00:36.891+0000] {processor.py:183} INFO - Processing /opt/airflow/dags/product_pipeline_dag.py took 1.018 seconds
[2026-02-07T08:01:08.956+0000] {processor.py:161} INFO - Started process (PID=401) to work on /opt/airflow/dags/product_pipeline_dag.py
[2026-02-07T08:01:08.973+0000] {processor.py:830} INFO - Processing file /opt/airflow/dags/product_pipeline_dag.py for tasks to queue
[2026-02-07T08:01:09.051+0000] {logging_mixin.py:188} INFO - [2026-02-07T08:01:09.033+0000] {dagbag.py:545} INFO - Filling up the DagBag from /opt/airflow/dags/product_pipeline_dag.py
[2026-02-07T08:01:09.795+0000] {processor.py:840} INFO - DAG(s) 'product_price_pipeline' retrieved from /opt/airflow/dags/product_pipeline_dag.py
[2026-02-07T08:01:10.874+0000] {logging_mixin.py:188} INFO - [2026-02-07T08:01:10.873+0000] {dag.py:3089} INFO - Sync 1 DAGs
[2026-02-07T08:01:11.331+0000] {logging_mixin.py:188} INFO - [2026-02-07T08:01:11.330+0000] {dag.py:3947} INFO - Setting next_dagrun for product_price_pipeline to 2026-02-06 21:00:00+00:00, run_after=2026-02-07 21:00:00+00:00
[2026-02-07T08:01:11.518+0000] {processor.py:183} INFO - Processing /opt/airflow/dags/product_pipeline_dag.py took 2.761 seconds
[2026-02-07T08:01:47.733+0000] {processor.py:161} INFO - Started process (PID=406) to work on /opt/airflow/dags/product_pipeline_dag.py
[2026-02-07T08:01:47.784+0000] {processor.py:830} INFO - Processing file /opt/airflow/dags/product_pipeline_dag.py for tasks to queue
[2026-02-07T08:01:47.927+0000] {logging_mixin.py:188} INFO - [2026-02-07T08:01:47.902+0000] {dagbag.py:545} INFO - Filling up the DagBag from /opt/airflow/dags/product_pipeline_dag.py
[2026-02-07T08:01:48.691+0000] {processor.py:840} INFO - DAG(s) 'product_price_pipeline' retrieved from /opt/airflow/dags/product_pipeline_dag.py
[2026-02-07T08:01:49.172+0000] {logging_mixin.py:188} INFO - [2026-02-07T08:01:49.172+0000] {dag.py:3089} INFO - Sync 1 DAGs
[2026-02-07T08:01:49.321+0000] {logging_mixin.py:188} INFO - [2026-02-07T08:01:49.320+0000] {dag.py:3947} INFO - Setting next_dagrun for product_price_pipeline to 2026-02-06 21:00:00+00:00, run_after=2026-02-07 21:00:00+00:00
[2026-02-07T08:01:49.429+0000] {processor.py:183} INFO - Processing /opt/airflow/dags/product_pipeline_dag.py took 2.120 seconds
[2026-02-07T08:02:21.318+0000] {processor.py:161} INFO - Started process (PID=411) to work on /opt/airflow/dags/product_pipeline_dag.py
[2026-02-07T08:02:21.335+0000] {processor.py:830} INFO - Processing file /opt/airflow/dags/product_pipeline_dag.py for tasks to queue
[2026-02-07T08:02:21.439+0000] {logging_mixin.py:188} INFO - [2026-02-07T08:02:21.424+0000] {dagbag.py:545} INFO - Filling up the DagBag from /opt/airflow/dags/product_pipeline_dag.py
[2026-02-07T08:02:22.191+0000] {processor.py:840} INFO - DAG(s) 'product_price_pipeline' retrieved from /opt/airflow/dags/product_pipeline_dag.py
[2026-02-07T08:02:23.270+0000] {logging_mixin.py:188} INFO - [2026-02-07T08:02:23.269+0000] {dag.py:3089} INFO - Sync 1 DAGs
[2026-02-07T08:02:23.468+0000] {logging_mixin.py:188} INFO - [2026-02-07T08:02:23.468+0000] {dag.py:3947} INFO - Setting next_dagrun for product_price_pipeline to 2026-02-06 21:00:00+00:00, run_after=2026-02-07 21:00:00+00:00
[2026-02-07T08:02:23.584+0000] {processor.py:183} INFO - Processing /opt/airflow/dags/product_pipeline_dag.py took 2.542 seconds
[2026-02-07T08:04:32.430+0000] {processor.py:161} INFO - Started process (PID=179) to work on /opt/airflow/dags/product_pipeline_dag.py
[2026-02-07T08:04:32.450+0000] {processor.py:830} INFO - Processing file /opt/airflow/dags/product_pipeline_dag.py for tasks to queue
[2026-02-07T08:04:32.482+0000] {logging_mixin.py:188} INFO - [2026-02-07T08:04:32.479+0000] {dagbag.py:545} INFO - Filling up the DagBag from /opt/airflow/dags/product_pipeline_dag.py
[2026-02-07T08:04:32.859+0000] {processor.py:840} INFO - DAG(s) 'product_price_pipeline' retrieved from /opt/airflow/dags/product_pipeline_dag.py
[2026-02-07T08:04:33.216+0000] {logging_mixin.py:188} INFO - [2026-02-07T08:04:33.214+0000] {dag.py:3089} INFO - Sync 1 DAGs
[2026-02-07T08:04:33.555+0000] {logging_mixin.py:188} INFO - [2026-02-07T08:04:33.554+0000] {dag.py:3947} INFO - Setting next_dagrun for product_price_pipeline to 2026-02-06 21:00:00+00:00, run_after=2026-02-07 21:00:00+00:00
[2026-02-07T08:04:33.657+0000] {processor.py:183} INFO - Processing /opt/airflow/dags/product_pipeline_dag.py took 1.338 seconds
[2026-02-07T08:05:05.819+0000] {processor.py:161} INFO - Started process (PID=197) to work on /opt/airflow/dags/product_pipeline_dag.py
[2026-02-07T08:05:05.830+0000] {processor.py:830} INFO - Processing file /opt/airflow/dags/product_pipeline_dag.py for tasks to queue
[2026-02-07T08:05:05.924+0000] {logging_mixin.py:188} INFO - [2026-02-07T08:05:05.908+0000] {dagbag.py:545} INFO - Filling up the DagBag from /opt/airflow/dags/product_pipeline_dag.py
[2026-02-07T08:05:06.721+0000] {processor.py:840} INFO - DAG(s) 'product_price_pipeline' retrieved from /opt/airflow/dags/product_pipeline_dag.py
[2026-02-07T08:05:12.224+0000] {logging_mixin.py:188} INFO - [2026-02-07T08:05:12.220+0000] {dag.py:3089} INFO - Sync 1 DAGs
[2026-02-07T08:05:12.562+0000] {logging_mixin.py:188} INFO - [2026-02-07T08:05:12.560+0000] {dag.py:3947} INFO - Setting next_dagrun for product_price_pipeline to 2026-02-06 21:00:00+00:00, run_after=2026-02-07 21:00:00+00:00
[2026-02-07T08:05:12.769+0000] {processor.py:183} INFO - Processing /opt/airflow/dags/product_pipeline_dag.py took 7.171 seconds
[2026-02-07T08:05:43.143+0000] {processor.py:161} INFO - Started process (PID=212) to work on /opt/airflow/dags/product_pipeline_dag.py
[2026-02-07T08:05:43.148+0000] {processor.py:830} INFO - Processing file /opt/airflow/dags/product_pipeline_dag.py for tasks to queue
[2026-02-07T08:05:43.163+0000] {logging_mixin.py:188} INFO - [2026-02-07T08:05:43.160+0000] {dagbag.py:545} INFO - Filling up the DagBag from /opt/airflow/dags/product_pipeline_dag.py
[2026-02-07T08:05:43.319+0000] {processor.py:840} INFO - DAG(s) 'product_price_pipeline' retrieved from /opt/airflow/dags/product_pipeline_dag.py
[2026-02-07T08:05:43.497+0000] {logging_mixin.py:188} INFO - [2026-02-07T08:05:43.497+0000] {dag.py:3089} INFO - Sync 1 DAGs
[2026-02-07T08:05:43.578+0000] {logging_mixin.py:188} INFO - [2026-02-07T08:05:43.578+0000] {dag.py:3947} INFO - Setting next_dagrun for product_price_pipeline to 2026-02-06 21:00:00+00:00, run_after=2026-02-07 21:00:00+00:00
[2026-02-07T08:05:43.663+0000] {processor.py:183} INFO - Processing /opt/airflow/dags/product_pipeline_dag.py took 0.574 seconds
[2026-02-07T08:06:14.098+0000] {processor.py:161} INFO - Started process (PID=217) to work on /opt/airflow/dags/product_pipeline_dag.py
[2026-02-07T08:06:14.102+0000] {processor.py:830} INFO - Processing file /opt/airflow/dags/product_pipeline_dag.py for tasks to queue
[2026-02-07T08:06:14.114+0000] {logging_mixin.py:188} INFO - [2026-02-07T08:06:14.112+0000] {dagbag.py:545} INFO - Filling up the DagBag from /opt/airflow/dags/product_pipeline_dag.py
[2026-02-07T08:06:14.198+0000] {processor.py:840} INFO - DAG(s) 'product_price_pipeline' retrieved from /opt/airflow/dags/product_pipeline_dag.py
[2026-02-07T08:06:14.325+0000] {logging_mixin.py:188} INFO - [2026-02-07T08:06:14.324+0000] {dag.py:3089} INFO - Sync 1 DAGs
[2026-02-07T08:06:14.426+0000] {logging_mixin.py:188} INFO - [2026-02-07T08:06:14.425+0000] {dag.py:3947} INFO - Setting next_dagrun for product_price_pipeline to 2026-02-06 21:00:00+00:00, run_after=2026-02-07 21:00:00+00:00
[2026-02-07T08:06:14.513+0000] {processor.py:183} INFO - Processing /opt/airflow/dags/product_pipeline_dag.py took 0.437 seconds
[2026-02-07T08:06:45.852+0000] {processor.py:161} INFO - Started process (PID=224) to work on /opt/airflow/dags/product_pipeline_dag.py
[2026-02-07T08:06:45.865+0000] {processor.py:830} INFO - Processing file /opt/airflow/dags/product_pipeline_dag.py for tasks to queue
[2026-02-07T08:06:45.900+0000] {logging_mixin.py:188} INFO - [2026-02-07T08:06:45.894+0000] {dagbag.py:545} INFO - Filling up the DagBag from /opt/airflow/dags/product_pipeline_dag.py
[2026-02-07T08:06:46.195+0000] {processor.py:840} INFO - DAG(s) 'product_price_pipeline' retrieved from /opt/airflow/dags/product_pipeline_dag.py
[2026-02-07T08:06:46.608+0000] {logging_mixin.py:188} INFO - [2026-02-07T08:06:46.607+0000] {dag.py:3089} INFO - Sync 1 DAGs
[2026-02-07T08:06:46.931+0000] {logging_mixin.py:188} INFO - [2026-02-07T08:06:46.930+0000] {dag.py:3947} INFO - Setting next_dagrun for product_price_pipeline to 2026-02-06 21:00:00+00:00, run_after=2026-02-07 21:00:00+00:00
[2026-02-07T08:06:47.094+0000] {processor.py:183} INFO - Processing /opt/airflow/dags/product_pipeline_dag.py took 1.347 seconds
[2026-02-07T08:07:17.885+0000] {processor.py:161} INFO - Started process (PID=229) to work on /opt/airflow/dags/product_pipeline_dag.py
[2026-02-07T08:07:17.894+0000] {processor.py:830} INFO - Processing file /opt/airflow/dags/product_pipeline_dag.py for tasks to queue
[2026-02-07T08:07:17.980+0000] {logging_mixin.py:188} INFO - [2026-02-07T08:07:17.966+0000] {dagbag.py:545} INFO - Filling up the DagBag from /opt/airflow/dags/product_pipeline_dag.py
[2026-02-07T08:07:18.543+0000] {processor.py:840} INFO - DAG(s) 'product_price_pipeline' retrieved from /opt/airflow/dags/product_pipeline_dag.py
[2026-02-07T08:07:18.927+0000] {logging_mixin.py:188} INFO - [2026-02-07T08:07:18.925+0000] {dag.py:3089} INFO - Sync 1 DAGs
[2026-02-07T08:07:19.106+0000] {logging_mixin.py:188} INFO - [2026-02-07T08:07:19.104+0000] {dag.py:3947} INFO - Setting next_dagrun for product_price_pipeline to 2026-02-06 21:00:00+00:00, run_after=2026-02-07 21:00:00+00:00
[2026-02-07T08:07:19.193+0000] {processor.py:183} INFO - Processing /opt/airflow/dags/product_pipeline_dag.py took 1.528 seconds
[2026-02-07T08:07:49.443+0000] {processor.py:161} INFO - Started process (PID=234) to work on /opt/airflow/dags/product_pipeline_dag.py
[2026-02-07T08:07:49.445+0000] {processor.py:830} INFO - Processing file /opt/airflow/dags/product_pipeline_dag.py for tasks to queue
[2026-02-07T08:07:49.459+0000] {logging_mixin.py:188} INFO - [2026-02-07T08:07:49.458+0000] {dagbag.py:545} INFO - Filling up the DagBag from /opt/airflow/dags/product_pipeline_dag.py
[2026-02-07T08:07:49.549+0000] {processor.py:840} INFO - DAG(s) 'product_price_pipeline' retrieved from /opt/airflow/dags/product_pipeline_dag.py
[2026-02-07T08:07:49.653+0000] {logging_mixin.py:188} INFO - [2026-02-07T08:07:49.653+0000] {dag.py:3089} INFO - Sync 1 DAGs
[2026-02-07T08:07:49.694+0000] {logging_mixin.py:188} INFO - [2026-02-07T08:07:49.694+0000] {dag.py:3947} INFO - Setting next_dagrun for product_price_pipeline to 2026-02-06 21:00:00+00:00, run_after=2026-02-07 21:00:00+00:00
[2026-02-07T08:07:49.743+0000] {processor.py:183} INFO - Processing /opt/airflow/dags/product_pipeline_dag.py took 0.314 seconds
[2026-02-07T08:08:20.301+0000] {processor.py:161} INFO - Started process (PID=239) to work on /opt/airflow/dags/product_pipeline_dag.py
[2026-02-07T08:08:20.308+0000] {processor.py:830} INFO - Processing file /opt/airflow/dags/product_pipeline_dag.py for tasks to queue
[2026-02-07T08:08:20.322+0000] {logging_mixin.py:188} INFO - [2026-02-07T08:08:20.320+0000] {dagbag.py:545} INFO - Filling up the DagBag from /opt/airflow/dags/product_pipeline_dag.py
[2026-02-07T08:08:20.469+0000] {processor.py:840} INFO - DAG(s) 'product_price_pipeline' retrieved from /opt/airflow/dags/product_pipeline_dag.py
[2026-02-07T08:08:20.631+0000] {logging_mixin.py:188} INFO - [2026-02-07T08:08:20.630+0000] {dag.py:3089} INFO - Sync 1 DAGs
[2026-02-07T08:08:20.711+0000] {logging_mixin.py:188} INFO - [2026-02-07T08:08:20.710+0000] {dag.py:3947} INFO - Setting next_dagrun for product_price_pipeline to 2026-02-06 21:00:00+00:00, run_after=2026-02-07 21:00:00+00:00
[2026-02-07T08:08:20.772+0000] {processor.py:183} INFO - Processing /opt/airflow/dags/product_pipeline_dag.py took 0.526 seconds
[2026-02-07T08:08:51.483+0000] {processor.py:161} INFO - Started process (PID=244) to work on /opt/airflow/dags/product_pipeline_dag.py
[2026-02-07T08:08:51.486+0000] {processor.py:830} INFO - Processing file /opt/airflow/dags/product_pipeline_dag.py for tasks to queue
[2026-02-07T08:08:51.491+0000] {logging_mixin.py:188} INFO - [2026-02-07T08:08:51.490+0000] {dagbag.py:545} INFO - Filling up the DagBag from /opt/airflow/dags/product_pipeline_dag.py
[2026-02-07T08:08:51.571+0000] {processor.py:840} INFO - DAG(s) 'product_price_pipeline' retrieved from /opt/airflow/dags/product_pipeline_dag.py
[2026-02-07T08:08:51.666+0000] {logging_mixin.py:188} INFO - [2026-02-07T08:08:51.666+0000] {dag.py:3089} INFO - Sync 1 DAGs
[2026-02-07T08:08:51.757+0000] {logging_mixin.py:188} INFO - [2026-02-07T08:08:51.756+0000] {dag.py:3947} INFO - Setting next_dagrun for product_price_pipeline to 2026-02-06 21:00:00+00:00, run_after=2026-02-07 21:00:00+00:00
[2026-02-07T08:08:51.825+0000] {processor.py:183} INFO - Processing /opt/airflow/dags/product_pipeline_dag.py took 0.362 seconds
[2026-02-07T08:09:22.407+0000] {processor.py:161} INFO - Started process (PID=249) to work on /opt/airflow/dags/product_pipeline_dag.py
[2026-02-07T08:09:22.410+0000] {processor.py:830} INFO - Processing file /opt/airflow/dags/product_pipeline_dag.py for tasks to queue
[2026-02-07T08:09:22.415+0000] {logging_mixin.py:188} INFO - [2026-02-07T08:09:22.414+0000] {dagbag.py:545} INFO - Filling up the DagBag from /opt/airflow/dags/product_pipeline_dag.py
[2026-02-07T08:09:22.471+0000] {processor.py:840} INFO - DAG(s) 'product_price_pipeline' retrieved from /opt/airflow/dags/product_pipeline_dag.py
[2026-02-07T08:09:22.582+0000] {logging_mixin.py:188} INFO - [2026-02-07T08:09:22.581+0000] {dag.py:3089} INFO - Sync 1 DAGs
[2026-02-07T08:09:22.656+0000] {logging_mixin.py:188} INFO - [2026-02-07T08:09:22.655+0000] {dag.py:3947} INFO - Setting next_dagrun for product_price_pipeline to 2026-02-06 21:00:00+00:00, run_after=2026-02-07 21:00:00+00:00
[2026-02-07T08:09:22.750+0000] {processor.py:183} INFO - Processing /opt/airflow/dags/product_pipeline_dag.py took 0.356 seconds
[2026-02-07T08:09:53.253+0000] {processor.py:161} INFO - Started process (PID=254) to work on /opt/airflow/dags/product_pipeline_dag.py
[2026-02-07T08:09:53.266+0000] {processor.py:830} INFO - Processing file /opt/airflow/dags/product_pipeline_dag.py for tasks to queue
[2026-02-07T08:09:53.271+0000] {logging_mixin.py:188} INFO - [2026-02-07T08:09:53.271+0000] {dagbag.py:545} INFO - Filling up the DagBag from /opt/airflow/dags/product_pipeline_dag.py
[2026-02-07T08:09:53.347+0000] {processor.py:840} INFO - DAG(s) 'product_price_pipeline' retrieved from /opt/airflow/dags/product_pipeline_dag.py
[2026-02-07T08:09:53.454+0000] {logging_mixin.py:188} INFO - [2026-02-07T08:09:53.453+0000] {dag.py:3089} INFO - Sync 1 DAGs
[2026-02-07T08:09:53.521+0000] {logging_mixin.py:188} INFO - [2026-02-07T08:09:53.520+0000] {dag.py:3947} INFO - Setting next_dagrun for product_price_pipeline to 2026-02-06 21:00:00+00:00, run_after=2026-02-07 21:00:00+00:00
[2026-02-07T08:09:53.575+0000] {processor.py:183} INFO - Processing /opt/airflow/dags/product_pipeline_dag.py took 0.335 seconds
[2026-02-07T08:10:24.080+0000] {processor.py:161} INFO - Started process (PID=259) to work on /opt/airflow/dags/product_pipeline_dag.py
[2026-02-07T08:10:24.091+0000] {processor.py:830} INFO - Processing file /opt/airflow/dags/product_pipeline_dag.py for tasks to queue
[2026-02-07T08:10:24.097+0000] {logging_mixin.py:188} INFO - [2026-02-07T08:10:24.096+0000] {dagbag.py:545} INFO - Filling up the DagBag from /opt/airflow/dags/product_pipeline_dag.py
[2026-02-07T08:10:24.175+0000] {processor.py:840} INFO - DAG(s) 'product_price_pipeline' retrieved from /opt/airflow/dags/product_pipeline_dag.py
[2026-02-07T08:10:24.294+0000] {logging_mixin.py:188} INFO - [2026-02-07T08:10:24.294+0000] {dag.py:3089} INFO - Sync 1 DAGs
[2026-02-07T08:10:24.353+0000] {logging_mixin.py:188} INFO - [2026-02-07T08:10:24.353+0000] {dag.py:3947} INFO - Setting next_dagrun for product_price_pipeline to 2026-02-06 21:00:00+00:00, run_after=2026-02-07 21:00:00+00:00
[2026-02-07T08:10:24.411+0000] {processor.py:183} INFO - Processing /opt/airflow/dags/product_pipeline_dag.py took 0.349 seconds
[2026-02-07T08:10:55.268+0000] {processor.py:161} INFO - Started process (PID=264) to work on /opt/airflow/dags/product_pipeline_dag.py
[2026-02-07T08:10:55.270+0000] {processor.py:830} INFO - Processing file /opt/airflow/dags/product_pipeline_dag.py for tasks to queue
[2026-02-07T08:10:55.276+0000] {logging_mixin.py:188} INFO - [2026-02-07T08:10:55.276+0000] {dagbag.py:545} INFO - Filling up the DagBag from /opt/airflow/dags/product_pipeline_dag.py
[2026-02-07T08:10:55.387+0000] {processor.py:840} INFO - DAG(s) 'product_price_pipeline' retrieved from /opt/airflow/dags/product_pipeline_dag.py
[2026-02-07T08:10:55.509+0000] {logging_mixin.py:188} INFO - [2026-02-07T08:10:55.509+0000] {dag.py:3089} INFO - Sync 1 DAGs
[2026-02-07T08:10:55.581+0000] {logging_mixin.py:188} INFO - [2026-02-07T08:10:55.581+0000] {dag.py:3947} INFO - Setting next_dagrun for product_price_pipeline to 2026-02-06 21:00:00+00:00, run_after=2026-02-07 21:00:00+00:00
[2026-02-07T08:10:55.643+0000] {processor.py:183} INFO - Processing /opt/airflow/dags/product_pipeline_dag.py took 0.399 seconds
[2026-02-07T08:11:26.138+0000] {processor.py:161} INFO - Started process (PID=269) to work on /opt/airflow/dags/product_pipeline_dag.py
[2026-02-07T08:11:26.143+0000] {processor.py:830} INFO - Processing file /opt/airflow/dags/product_pipeline_dag.py for tasks to queue
[2026-02-07T08:11:26.156+0000] {logging_mixin.py:188} INFO - [2026-02-07T08:11:26.152+0000] {dagbag.py:545} INFO - Filling up the DagBag from /opt/airflow/dags/product_pipeline_dag.py
[2026-02-07T08:11:26.248+0000] {processor.py:840} INFO - DAG(s) 'product_price_pipeline' retrieved from /opt/airflow/dags/product_pipeline_dag.py
[2026-02-07T08:11:26.345+0000] {logging_mixin.py:188} INFO - [2026-02-07T08:11:26.345+0000] {dag.py:3089} INFO - Sync 1 DAGs
[2026-02-07T08:11:26.407+0000] {logging_mixin.py:188} INFO - [2026-02-07T08:11:26.407+0000] {dag.py:3947} INFO - Setting next_dagrun for product_price_pipeline to 2026-02-06 21:00:00+00:00, run_after=2026-02-07 21:00:00+00:00
[2026-02-07T08:11:26.459+0000] {processor.py:183} INFO - Processing /opt/airflow/dags/product_pipeline_dag.py took 0.369 seconds
[2026-02-07T08:12:43.652+0000] {processor.py:161} INFO - Started process (PID=274) to work on /opt/airflow/dags/product_pipeline_dag.py
[2026-02-07T08:12:43.666+0000] {processor.py:830} INFO - Processing file /opt/airflow/dags/product_pipeline_dag.py for tasks to queue
[2026-02-07T08:12:43.809+0000] {logging_mixin.py:188} INFO - [2026-02-07T08:12:43.775+0000] {dagbag.py:545} INFO - Filling up the DagBag from /opt/airflow/dags/product_pipeline_dag.py
[2026-02-07T08:12:44.745+0000] {processor.py:840} INFO - DAG(s) 'product_price_pipeline' retrieved from /opt/airflow/dags/product_pipeline_dag.py
[2026-02-07T08:12:45.529+0000] {logging_mixin.py:188} INFO - [2026-02-07T08:12:45.528+0000] {dag.py:3089} INFO - Sync 1 DAGs
[2026-02-07T08:12:46.017+0000] {logging_mixin.py:188} INFO - [2026-02-07T08:12:46.015+0000] {dag.py:3947} INFO - Setting next_dagrun for product_price_pipeline to 2026-02-06 21:00:00+00:00, run_after=2026-02-07 21:00:00+00:00
[2026-02-07T08:12:46.197+0000] {processor.py:183} INFO - Processing /opt/airflow/dags/product_pipeline_dag.py took 2.899 seconds
[2026-02-07T08:13:17.531+0000] {processor.py:161} INFO - Started process (PID=279) to work on /opt/airflow/dags/product_pipeline_dag.py
[2026-02-07T08:13:17.548+0000] {processor.py:830} INFO - Processing file /opt/airflow/dags/product_pipeline_dag.py for tasks to queue
[2026-02-07T08:13:17.568+0000] {logging_mixin.py:188} INFO - [2026-02-07T08:13:17.559+0000] {dagbag.py:545} INFO - Filling up the DagBag from /opt/airflow/dags/product_pipeline_dag.py
[2026-02-07T08:13:17.785+0000] {processor.py:840} INFO - DAG(s) 'product_price_pipeline' retrieved from /opt/airflow/dags/product_pipeline_dag.py
[2026-02-07T08:13:17.921+0000] {logging_mixin.py:188} INFO - [2026-02-07T08:13:17.921+0000] {dag.py:3089} INFO - Sync 1 DAGs
[2026-02-07T08:13:17.978+0000] {logging_mixin.py:188} INFO - [2026-02-07T08:13:17.978+0000] {dag.py:3947} INFO - Setting next_dagrun for product_price_pipeline to 2026-02-06 21:00:00+00:00, run_after=2026-02-07 21:00:00+00:00
[2026-02-07T08:13:18.045+0000] {processor.py:183} INFO - Processing /opt/airflow/dags/product_pipeline_dag.py took 0.603 seconds
[2026-02-07T08:13:48.418+0000] {processor.py:161} INFO - Started process (PID=284) to work on /opt/airflow/dags/product_pipeline_dag.py
[2026-02-07T08:13:48.422+0000] {processor.py:830} INFO - Processing file /opt/airflow/dags/product_pipeline_dag.py for tasks to queue
[2026-02-07T08:13:48.432+0000] {logging_mixin.py:188} INFO - [2026-02-07T08:13:48.431+0000] {dagbag.py:545} INFO - Filling up the DagBag from /opt/airflow/dags/product_pipeline_dag.py
[2026-02-07T08:13:48.503+0000] {processor.py:840} INFO - DAG(s) 'product_price_pipeline' retrieved from /opt/airflow/dags/product_pipeline_dag.py
[2026-02-07T08:13:48.580+0000] {logging_mixin.py:188} INFO - [2026-02-07T08:13:48.579+0000] {dag.py:3089} INFO - Sync 1 DAGs
[2026-02-07T08:13:48.642+0000] {logging_mixin.py:188} INFO - [2026-02-07T08:13:48.642+0000] {dag.py:3947} INFO - Setting next_dagrun for product_price_pipeline to 2026-02-06 21:00:00+00:00, run_after=2026-02-07 21:00:00+00:00
[2026-02-07T08:13:48.685+0000] {processor.py:183} INFO - Processing /opt/airflow/dags/product_pipeline_dag.py took 0.291 seconds
[2026-02-07T08:14:19.364+0000] {processor.py:161} INFO - Started process (PID=289) to work on /opt/airflow/dags/product_pipeline_dag.py
[2026-02-07T08:14:19.380+0000] {processor.py:830} INFO - Processing file /opt/airflow/dags/product_pipeline_dag.py for tasks to queue
[2026-02-07T08:14:19.385+0000] {logging_mixin.py:188} INFO - [2026-02-07T08:14:19.384+0000] {dagbag.py:545} INFO - Filling up the DagBag from /opt/airflow/dags/product_pipeline_dag.py
[2026-02-07T08:14:19.477+0000] {processor.py:840} INFO - DAG(s) 'product_price_pipeline' retrieved from /opt/airflow/dags/product_pipeline_dag.py
[2026-02-07T08:14:19.539+0000] {logging_mixin.py:188} INFO - [2026-02-07T08:14:19.539+0000] {dag.py:3089} INFO - Sync 1 DAGs
[2026-02-07T08:14:19.605+0000] {logging_mixin.py:188} INFO - [2026-02-07T08:14:19.604+0000] {dag.py:3947} INFO - Setting next_dagrun for product_price_pipeline to 2026-02-06 21:00:00+00:00, run_after=2026-02-07 21:00:00+00:00
[2026-02-07T08:14:19.673+0000] {processor.py:183} INFO - Processing /opt/airflow/dags/product_pipeline_dag.py took 0.319 seconds
[2026-02-07T08:14:50.271+0000] {processor.py:161} INFO - Started process (PID=294) to work on /opt/airflow/dags/product_pipeline_dag.py
[2026-02-07T08:14:50.273+0000] {processor.py:830} INFO - Processing file /opt/airflow/dags/product_pipeline_dag.py for tasks to queue
[2026-02-07T08:14:50.277+0000] {logging_mixin.py:188} INFO - [2026-02-07T08:14:50.276+0000] {dagbag.py:545} INFO - Filling up the DagBag from /opt/airflow/dags/product_pipeline_dag.py
[2026-02-07T08:14:50.377+0000] {processor.py:840} INFO - DAG(s) 'product_price_pipeline' retrieved from /opt/airflow/dags/product_pipeline_dag.py
[2026-02-07T08:14:50.468+0000] {logging_mixin.py:188} INFO - [2026-02-07T08:14:50.468+0000] {dag.py:3089} INFO - Sync 1 DAGs
[2026-02-07T08:14:50.540+0000] {logging_mixin.py:188} INFO - [2026-02-07T08:14:50.540+0000] {dag.py:3947} INFO - Setting next_dagrun for product_price_pipeline to 2026-02-06 21:00:00+00:00, run_after=2026-02-07 21:00:00+00:00
[2026-02-07T08:14:50.582+0000] {processor.py:183} INFO - Processing /opt/airflow/dags/product_pipeline_dag.py took 0.322 seconds
[2026-02-07T08:15:20.788+0000] {processor.py:161} INFO - Started process (PID=299) to work on /opt/airflow/dags/product_pipeline_dag.py
[2026-02-07T08:15:20.790+0000] {processor.py:830} INFO - Processing file /opt/airflow/dags/product_pipeline_dag.py for tasks to queue
[2026-02-07T08:15:20.793+0000] {logging_mixin.py:188} INFO - [2026-02-07T08:15:20.793+0000] {dagbag.py:545} INFO - Filling up the DagBag from /opt/airflow/dags/product_pipeline_dag.py
[2026-02-07T08:15:20.856+0000] {processor.py:840} INFO - DAG(s) 'product_price_pipeline' retrieved from /opt/airflow/dags/product_pipeline_dag.py
[2026-02-07T08:15:20.897+0000] {logging_mixin.py:188} INFO - [2026-02-07T08:15:20.897+0000] {dag.py:3089} INFO - Sync 1 DAGs
[2026-02-07T08:15:20.923+0000] {logging_mixin.py:188} INFO - [2026-02-07T08:15:20.922+0000] {dag.py:3947} INFO - Setting next_dagrun for product_price_pipeline to 2026-02-06 21:00:00+00:00, run_after=2026-02-07 21:00:00+00:00
[2026-02-07T08:15:20.946+0000] {processor.py:183} INFO - Processing /opt/airflow/dags/product_pipeline_dag.py took 0.165 seconds
[2026-02-07T08:15:51.608+0000] {processor.py:161} INFO - Started process (PID=304) to work on /opt/airflow/dags/product_pipeline_dag.py
[2026-02-07T08:15:51.610+0000] {processor.py:830} INFO - Processing file /opt/airflow/dags/product_pipeline_dag.py for tasks to queue
[2026-02-07T08:15:51.614+0000] {logging_mixin.py:188} INFO - [2026-02-07T08:15:51.614+0000] {dagbag.py:545} INFO - Filling up the DagBag from /opt/airflow/dags/product_pipeline_dag.py
[2026-02-07T08:15:51.669+0000] {processor.py:840} INFO - DAG(s) 'product_price_pipeline' retrieved from /opt/airflow/dags/product_pipeline_dag.py
[2026-02-07T08:15:51.740+0000] {logging_mixin.py:188} INFO - [2026-02-07T08:15:51.740+0000] {dag.py:3089} INFO - Sync 1 DAGs
[2026-02-07T08:15:51.781+0000] {logging_mixin.py:188} INFO - [2026-02-07T08:15:51.781+0000] {dag.py:3947} INFO - Setting next_dagrun for product_price_pipeline to 2026-02-06 21:00:00+00:00, run_after=2026-02-07 21:00:00+00:00
[2026-02-07T08:15:51.833+0000] {processor.py:183} INFO - Processing /opt/airflow/dags/product_pipeline_dag.py took 0.237 seconds
[2026-02-07T08:16:22.815+0000] {processor.py:161} INFO - Started process (PID=309) to work on /opt/airflow/dags/product_pipeline_dag.py
[2026-02-07T08:16:22.818+0000] {processor.py:830} INFO - Processing file /opt/airflow/dags/product_pipeline_dag.py for tasks to queue
[2026-02-07T08:16:22.824+0000] {logging_mixin.py:188} INFO - [2026-02-07T08:16:22.823+0000] {dagbag.py:545} INFO - Filling up the DagBag from /opt/airflow/dags/product_pipeline_dag.py
[2026-02-07T08:16:22.909+0000] {processor.py:840} INFO - DAG(s) 'product_price_pipeline' retrieved from /opt/airflow/dags/product_pipeline_dag.py
[2026-02-07T08:16:22.960+0000] {logging_mixin.py:188} INFO - [2026-02-07T08:16:22.960+0000] {dag.py:3089} INFO - Sync 1 DAGs
[2026-02-07T08:16:22.986+0000] {logging_mixin.py:188} INFO - [2026-02-07T08:16:22.985+0000] {dag.py:3947} INFO - Setting next_dagrun for product_price_pipeline to 2026-02-06 21:00:00+00:00, run_after=2026-02-07 21:00:00+00:00
[2026-02-07T08:16:23.020+0000] {processor.py:183} INFO - Processing /opt/airflow/dags/product_pipeline_dag.py took 0.224 seconds
[2026-02-07T08:16:53.543+0000] {processor.py:161} INFO - Started process (PID=314) to work on /opt/airflow/dags/product_pipeline_dag.py
[2026-02-07T08:16:53.545+0000] {processor.py:830} INFO - Processing file /opt/airflow/dags/product_pipeline_dag.py for tasks to queue
[2026-02-07T08:16:53.547+0000] {logging_mixin.py:188} INFO - [2026-02-07T08:16:53.547+0000] {dagbag.py:545} INFO - Filling up the DagBag from /opt/airflow/dags/product_pipeline_dag.py
[2026-02-07T08:16:53.603+0000] {processor.py:840} INFO - DAG(s) 'product_price_pipeline' retrieved from /opt/airflow/dags/product_pipeline_dag.py
[2026-02-07T08:16:53.647+0000] {logging_mixin.py:188} INFO - [2026-02-07T08:16:53.647+0000] {dag.py:3089} INFO - Sync 1 DAGs
[2026-02-07T08:16:53.675+0000] {logging_mixin.py:188} INFO - [2026-02-07T08:16:53.675+0000] {dag.py:3947} INFO - Setting next_dagrun for product_price_pipeline to 2026-02-06 21:00:00+00:00, run_after=2026-02-07 21:00:00+00:00
[2026-02-07T08:16:53.699+0000] {processor.py:183} INFO - Processing /opt/airflow/dags/product_pipeline_dag.py took 0.170 seconds
[2026-02-07T08:17:23.843+0000] {processor.py:161} INFO - Started process (PID=319) to work on /opt/airflow/dags/product_pipeline_dag.py
[2026-02-07T08:17:23.848+0000] {processor.py:830} INFO - Processing file /opt/airflow/dags/product_pipeline_dag.py for tasks to queue
[2026-02-07T08:17:23.855+0000] {logging_mixin.py:188} INFO - [2026-02-07T08:17:23.854+0000] {dagbag.py:545} INFO - Filling up the DagBag from /opt/airflow/dags/product_pipeline_dag.py
[2026-02-07T08:17:23.925+0000] {processor.py:840} INFO - DAG(s) 'product_price_pipeline' retrieved from /opt/airflow/dags/product_pipeline_dag.py
[2026-02-07T08:17:24.010+0000] {logging_mixin.py:188} INFO - [2026-02-07T08:17:24.010+0000] {dag.py:3089} INFO - Sync 1 DAGs
[2026-02-07T08:17:24.050+0000] {logging_mixin.py:188} INFO - [2026-02-07T08:17:24.050+0000] {dag.py:3947} INFO - Setting next_dagrun for product_price_pipeline to 2026-02-06 21:00:00+00:00, run_after=2026-02-07 21:00:00+00:00
[2026-02-07T08:17:24.083+0000] {processor.py:183} INFO - Processing /opt/airflow/dags/product_pipeline_dag.py took 0.268 seconds
[2026-02-07T08:17:57.582+0000] {processor.py:161} INFO - Started process (PID=324) to work on /opt/airflow/dags/product_pipeline_dag.py
[2026-02-07T08:17:57.711+0000] {processor.py:830} INFO - Processing file /opt/airflow/dags/product_pipeline_dag.py for tasks to queue
[2026-02-07T08:17:58.011+0000] {logging_mixin.py:188} INFO - [2026-02-07T08:17:57.949+0000] {dagbag.py:545} INFO - Filling up the DagBag from /opt/airflow/dags/product_pipeline_dag.py
[2026-02-07T08:17:59.678+0000] {processor.py:840} INFO - DAG(s) 'product_price_pipeline' retrieved from /opt/airflow/dags/product_pipeline_dag.py
[2026-02-07T08:18:02.465+0000] {logging_mixin.py:188} INFO - [2026-02-07T08:18:02.461+0000] {dag.py:3089} INFO - Sync 1 DAGs
[2026-02-07T08:18:03.225+0000] {logging_mixin.py:188} INFO - [2026-02-07T08:18:03.222+0000] {dag.py:3947} INFO - Setting next_dagrun for product_price_pipeline to 2026-02-06 21:00:00+00:00, run_after=2026-02-07 21:00:00+00:00
[2026-02-07T08:18:03.501+0000] {processor.py:183} INFO - Processing /opt/airflow/dags/product_pipeline_dag.py took 6.831 seconds
[2026-02-07T08:18:34.852+0000] {processor.py:161} INFO - Started process (PID=329) to work on /opt/airflow/dags/product_pipeline_dag.py
[2026-02-07T08:18:34.882+0000] {processor.py:830} INFO - Processing file /opt/airflow/dags/product_pipeline_dag.py for tasks to queue
[2026-02-07T08:18:34.971+0000] {logging_mixin.py:188} INFO - [2026-02-07T08:18:34.958+0000] {dagbag.py:545} INFO - Filling up the DagBag from /opt/airflow/dags/product_pipeline_dag.py
[2026-02-07T08:18:35.449+0000] {processor.py:840} INFO - DAG(s) 'product_price_pipeline' retrieved from /opt/airflow/dags/product_pipeline_dag.py
[2026-02-07T08:18:38.172+0000] {logging_mixin.py:188} INFO - [2026-02-07T08:18:38.158+0000] {dag.py:3089} INFO - Sync 1 DAGs
[2026-02-07T08:18:38.485+0000] {logging_mixin.py:188} INFO - [2026-02-07T08:18:38.484+0000] {dag.py:3947} INFO - Setting next_dagrun for product_price_pipeline to 2026-02-06 21:00:00+00:00, run_after=2026-02-07 21:00:00+00:00
[2026-02-07T08:18:38.670+0000] {processor.py:183} INFO - Processing /opt/airflow/dags/product_pipeline_dag.py took 2.514 seconds
[2026-02-07T08:19:09.805+0000] {processor.py:161} INFO - Started process (PID=334) to work on /opt/airflow/dags/product_pipeline_dag.py
[2026-02-07T08:19:09.810+0000] {processor.py:830} INFO - Processing file /opt/airflow/dags/product_pipeline_dag.py for tasks to queue
[2026-02-07T08:19:09.832+0000] {logging_mixin.py:188} INFO - [2026-02-07T08:19:09.828+0000] {dagbag.py:545} INFO - Filling up the DagBag from /opt/airflow/dags/product_pipeline_dag.py
[2026-02-07T08:19:09.982+0000] {processor.py:840} INFO - DAG(s) 'product_price_pipeline' retrieved from /opt/airflow/dags/product_pipeline_dag.py
[2026-02-07T08:19:10.103+0000] {logging_mixin.py:188} INFO - [2026-02-07T08:19:10.103+0000] {dag.py:3089} INFO - Sync 1 DAGs
[2026-02-07T08:19:10.151+0000] {logging_mixin.py:188} INFO - [2026-02-07T08:19:10.151+0000] {dag.py:3947} INFO - Setting next_dagrun for product_price_pipeline to 2026-02-06 21:00:00+00:00, run_after=2026-02-07 21:00:00+00:00
[2026-02-07T08:19:10.202+0000] {processor.py:183} INFO - Processing /opt/airflow/dags/product_pipeline_dag.py took 0.491 seconds
[2026-02-07T08:19:41.547+0000] {processor.py:161} INFO - Started process (PID=339) to work on /opt/airflow/dags/product_pipeline_dag.py
[2026-02-07T08:19:41.551+0000] {processor.py:830} INFO - Processing file /opt/airflow/dags/product_pipeline_dag.py for tasks to queue
[2026-02-07T08:19:41.560+0000] {logging_mixin.py:188} INFO - [2026-02-07T08:19:41.559+0000] {dagbag.py:545} INFO - Filling up the DagBag from /opt/airflow/dags/product_pipeline_dag.py
[2026-02-07T08:19:41.635+0000] {processor.py:840} INFO - DAG(s) 'product_price_pipeline' retrieved from /opt/airflow/dags/product_pipeline_dag.py
[2026-02-07T08:19:41.711+0000] {logging_mixin.py:188} INFO - [2026-02-07T08:19:41.711+0000] {dag.py:3089} INFO - Sync 1 DAGs
[2026-02-07T08:19:41.753+0000] {logging_mixin.py:188} INFO - [2026-02-07T08:19:41.753+0000] {dag.py:3947} INFO - Setting next_dagrun for product_price_pipeline to 2026-02-06 21:00:00+00:00, run_after=2026-02-07 21:00:00+00:00
[2026-02-07T08:19:41.783+0000] {processor.py:183} INFO - Processing /opt/airflow/dags/product_pipeline_dag.py took 0.262 seconds
[2026-02-07T08:20:12.903+0000] {processor.py:161} INFO - Started process (PID=344) to work on /opt/airflow/dags/product_pipeline_dag.py
[2026-02-07T08:20:12.905+0000] {processor.py:830} INFO - Processing file /opt/airflow/dags/product_pipeline_dag.py for tasks to queue
[2026-02-07T08:20:12.913+0000] {logging_mixin.py:188} INFO - [2026-02-07T08:20:12.912+0000] {dagbag.py:545} INFO - Filling up the DagBag from /opt/airflow/dags/product_pipeline_dag.py
[2026-02-07T08:20:12.995+0000] {processor.py:840} INFO - DAG(s) 'product_price_pipeline' retrieved from /opt/airflow/dags/product_pipeline_dag.py
[2026-02-07T08:20:13.139+0000] {logging_mixin.py:188} INFO - [2026-02-07T08:20:13.139+0000] {dag.py:3089} INFO - Sync 1 DAGs
[2026-02-07T08:20:13.221+0000] {logging_mixin.py:188} INFO - [2026-02-07T08:20:13.221+0000] {dag.py:3947} INFO - Setting next_dagrun for product_price_pipeline to 2026-02-06 21:00:00+00:00, run_after=2026-02-07 21:00:00+00:00
[2026-02-07T08:20:13.254+0000] {processor.py:183} INFO - Processing /opt/airflow/dags/product_pipeline_dag.py took 0.372 seconds
[2026-02-07T08:20:45.012+0000] {processor.py:161} INFO - Started process (PID=349) to work on /opt/airflow/dags/product_pipeline_dag.py
[2026-02-07T08:20:45.022+0000] {processor.py:830} INFO - Processing file /opt/airflow/dags/product_pipeline_dag.py for tasks to queue
[2026-02-07T08:20:45.037+0000] {logging_mixin.py:188} INFO - [2026-02-07T08:20:45.035+0000] {dagbag.py:545} INFO - Filling up the DagBag from /opt/airflow/dags/product_pipeline_dag.py
[2026-02-07T08:20:45.184+0000] {processor.py:840} INFO - DAG(s) 'product_price_pipeline' retrieved from /opt/airflow/dags/product_pipeline_dag.py
[2026-02-07T08:20:45.262+0000] {logging_mixin.py:188} INFO - [2026-02-07T08:20:45.261+0000] {dag.py:3089} INFO - Sync 1 DAGs
[2026-02-07T08:20:45.297+0000] {logging_mixin.py:188} INFO - [2026-02-07T08:20:45.297+0000] {dag.py:3947} INFO - Setting next_dagrun for product_price_pipeline to 2026-02-06 21:00:00+00:00, run_after=2026-02-07 21:00:00+00:00
[2026-02-07T08:20:45.326+0000] {processor.py:183} INFO - Processing /opt/airflow/dags/product_pipeline_dag.py took 0.362 seconds
[2026-02-07T08:21:16.238+0000] {processor.py:161} INFO - Started process (PID=354) to work on /opt/airflow/dags/product_pipeline_dag.py
[2026-02-07T08:21:16.242+0000] {processor.py:830} INFO - Processing file /opt/airflow/dags/product_pipeline_dag.py for tasks to queue
[2026-02-07T08:21:16.246+0000] {logging_mixin.py:188} INFO - [2026-02-07T08:21:16.246+0000] {dagbag.py:545} INFO - Filling up the DagBag from /opt/airflow/dags/product_pipeline_dag.py
[2026-02-07T08:21:16.305+0000] {processor.py:840} INFO - DAG(s) 'product_price_pipeline' retrieved from /opt/airflow/dags/product_pipeline_dag.py
[2026-02-07T08:21:16.395+0000] {logging_mixin.py:188} INFO - [2026-02-07T08:21:16.395+0000] {dag.py:3089} INFO - Sync 1 DAGs
[2026-02-07T08:21:16.445+0000] {logging_mixin.py:188} INFO - [2026-02-07T08:21:16.445+0000] {dag.py:3947} INFO - Setting next_dagrun for product_price_pipeline to 2026-02-06 21:00:00+00:00, run_after=2026-02-07 21:00:00+00:00
[2026-02-07T08:21:16.487+0000] {processor.py:183} INFO - Processing /opt/airflow/dags/product_pipeline_dag.py took 0.262 seconds
[2026-02-07T08:21:47.603+0000] {processor.py:161} INFO - Started process (PID=359) to work on /opt/airflow/dags/product_pipeline_dag.py
[2026-02-07T08:21:47.607+0000] {processor.py:830} INFO - Processing file /opt/airflow/dags/product_pipeline_dag.py for tasks to queue
[2026-02-07T08:21:47.621+0000] {logging_mixin.py:188} INFO - [2026-02-07T08:21:47.619+0000] {dagbag.py:545} INFO - Filling up the DagBag from /opt/airflow/dags/product_pipeline_dag.py
[2026-02-07T08:21:47.749+0000] {processor.py:840} INFO - DAG(s) 'product_price_pipeline' retrieved from /opt/airflow/dags/product_pipeline_dag.py
[2026-02-07T08:21:47.888+0000] {logging_mixin.py:188} INFO - [2026-02-07T08:21:47.887+0000] {dag.py:3089} INFO - Sync 1 DAGs
[2026-02-07T08:21:47.938+0000] {logging_mixin.py:188} INFO - [2026-02-07T08:21:47.938+0000] {dag.py:3947} INFO - Setting next_dagrun for product_price_pipeline to 2026-02-06 21:00:00+00:00, run_after=2026-02-07 21:00:00+00:00
[2026-02-07T08:21:47.975+0000] {processor.py:183} INFO - Processing /opt/airflow/dags/product_pipeline_dag.py took 0.414 seconds
[2026-02-07T08:22:19.533+0000] {processor.py:161} INFO - Started process (PID=364) to work on /opt/airflow/dags/product_pipeline_dag.py
[2026-02-07T08:22:19.535+0000] {processor.py:830} INFO - Processing file /opt/airflow/dags/product_pipeline_dag.py for tasks to queue
[2026-02-07T08:22:19.537+0000] {logging_mixin.py:188} INFO - [2026-02-07T08:22:19.537+0000] {dagbag.py:545} INFO - Filling up the DagBag from /opt/airflow/dags/product_pipeline_dag.py
[2026-02-07T08:22:19.581+0000] {processor.py:840} INFO - DAG(s) 'product_price_pipeline' retrieved from /opt/airflow/dags/product_pipeline_dag.py
[2026-02-07T08:22:19.627+0000] {logging_mixin.py:188} INFO - [2026-02-07T08:22:19.627+0000] {dag.py:3089} INFO - Sync 1 DAGs
[2026-02-07T08:22:19.651+0000] {logging_mixin.py:188} INFO - [2026-02-07T08:22:19.651+0000] {dag.py:3947} INFO - Setting next_dagrun for product_price_pipeline to 2026-02-06 21:00:00+00:00, run_after=2026-02-07 21:00:00+00:00
[2026-02-07T08:22:19.678+0000] {processor.py:183} INFO - Processing /opt/airflow/dags/product_pipeline_dag.py took 0.151 seconds
[2026-02-07T08:22:50.766+0000] {processor.py:161} INFO - Started process (PID=369) to work on /opt/airflow/dags/product_pipeline_dag.py
[2026-02-07T08:22:50.769+0000] {processor.py:830} INFO - Processing file /opt/airflow/dags/product_pipeline_dag.py for tasks to queue
[2026-02-07T08:22:50.773+0000] {logging_mixin.py:188} INFO - [2026-02-07T08:22:50.772+0000] {dagbag.py:545} INFO - Filling up the DagBag from /opt/airflow/dags/product_pipeline_dag.py
[2026-02-07T08:22:50.865+0000] {processor.py:840} INFO - DAG(s) 'product_price_pipeline' retrieved from /opt/airflow/dags/product_pipeline_dag.py
[2026-02-07T08:22:50.957+0000] {logging_mixin.py:188} INFO - [2026-02-07T08:22:50.957+0000] {dag.py:3089} INFO - Sync 1 DAGs
[2026-02-07T08:22:50.986+0000] {logging_mixin.py:188} INFO - [2026-02-07T08:22:50.986+0000] {dag.py:3947} INFO - Setting next_dagrun for product_price_pipeline to 2026-02-06 21:00:00+00:00, run_after=2026-02-07 21:00:00+00:00
[2026-02-07T08:22:51.014+0000] {processor.py:183} INFO - Processing /opt/airflow/dags/product_pipeline_dag.py took 0.255 seconds
[2026-02-07T08:23:22.687+0000] {processor.py:161} INFO - Started process (PID=374) to work on /opt/airflow/dags/product_pipeline_dag.py
[2026-02-07T08:23:22.689+0000] {processor.py:830} INFO - Processing file /opt/airflow/dags/product_pipeline_dag.py for tasks to queue
[2026-02-07T08:23:22.694+0000] {logging_mixin.py:188} INFO - [2026-02-07T08:23:22.693+0000] {dagbag.py:545} INFO - Filling up the DagBag from /opt/airflow/dags/product_pipeline_dag.py
[2026-02-07T08:23:22.764+0000] {processor.py:840} INFO - DAG(s) 'product_price_pipeline' retrieved from /opt/airflow/dags/product_pipeline_dag.py
[2026-02-07T08:23:22.844+0000] {logging_mixin.py:188} INFO - [2026-02-07T08:23:22.844+0000] {dag.py:3089} INFO - Sync 1 DAGs
[2026-02-07T08:23:22.911+0000] {logging_mixin.py:188} INFO - [2026-02-07T08:23:22.910+0000] {dag.py:3947} INFO - Setting next_dagrun for product_price_pipeline to 2026-02-06 21:00:00+00:00, run_after=2026-02-07 21:00:00+00:00
[2026-02-07T08:23:22.956+0000] {processor.py:183} INFO - Processing /opt/airflow/dags/product_pipeline_dag.py took 0.280 seconds
[2026-02-07T08:23:54.053+0000] {processor.py:161} INFO - Started process (PID=379) to work on /opt/airflow/dags/product_pipeline_dag.py
[2026-02-07T08:23:54.056+0000] {processor.py:830} INFO - Processing file /opt/airflow/dags/product_pipeline_dag.py for tasks to queue
[2026-02-07T08:23:54.062+0000] {logging_mixin.py:188} INFO - [2026-02-07T08:23:54.061+0000] {dagbag.py:545} INFO - Filling up the DagBag from /opt/airflow/dags/product_pipeline_dag.py
[2026-02-07T08:23:54.143+0000] {processor.py:840} INFO - DAG(s) 'product_price_pipeline' retrieved from /opt/airflow/dags/product_pipeline_dag.py
[2026-02-07T08:23:54.230+0000] {logging_mixin.py:188} INFO - [2026-02-07T08:23:54.229+0000] {dag.py:3089} INFO - Sync 1 DAGs
[2026-02-07T08:23:54.284+0000] {logging_mixin.py:188} INFO - [2026-02-07T08:23:54.283+0000] {dag.py:3947} INFO - Setting next_dagrun for product_price_pipeline to 2026-02-06 21:00:00+00:00, run_after=2026-02-07 21:00:00+00:00
[2026-02-07T08:23:54.320+0000] {processor.py:183} INFO - Processing /opt/airflow/dags/product_pipeline_dag.py took 0.282 seconds
[2026-02-07T08:24:26.066+0000] {processor.py:161} INFO - Started process (PID=384) to work on /opt/airflow/dags/product_pipeline_dag.py
[2026-02-07T08:24:26.073+0000] {processor.py:830} INFO - Processing file /opt/airflow/dags/product_pipeline_dag.py for tasks to queue
[2026-02-07T08:24:26.077+0000] {logging_mixin.py:188} INFO - [2026-02-07T08:24:26.077+0000] {dagbag.py:545} INFO - Filling up the DagBag from /opt/airflow/dags/product_pipeline_dag.py
[2026-02-07T08:24:26.170+0000] {processor.py:840} INFO - DAG(s) 'product_price_pipeline' retrieved from /opt/airflow/dags/product_pipeline_dag.py
[2026-02-07T08:24:26.268+0000] {logging_mixin.py:188} INFO - [2026-02-07T08:24:26.268+0000] {dag.py:3089} INFO - Sync 1 DAGs
[2026-02-07T08:24:26.299+0000] {logging_mixin.py:188} INFO - [2026-02-07T08:24:26.299+0000] {dag.py:3947} INFO - Setting next_dagrun for product_price_pipeline to 2026-02-06 21:00:00+00:00, run_after=2026-02-07 21:00:00+00:00
[2026-02-07T08:24:26.320+0000] {processor.py:183} INFO - Processing /opt/airflow/dags/product_pipeline_dag.py took 0.265 seconds
[2026-02-07T08:24:57.325+0000] {processor.py:161} INFO - Started process (PID=389) to work on /opt/airflow/dags/product_pipeline_dag.py
[2026-02-07T08:24:57.328+0000] {processor.py:830} INFO - Processing file /opt/airflow/dags/product_pipeline_dag.py for tasks to queue
[2026-02-07T08:24:57.332+0000] {logging_mixin.py:188} INFO - [2026-02-07T08:24:57.332+0000] {dagbag.py:545} INFO - Filling up the DagBag from /opt/airflow/dags/product_pipeline_dag.py
[2026-02-07T08:24:57.394+0000] {processor.py:840} INFO - DAG(s) 'product_price_pipeline' retrieved from /opt/airflow/dags/product_pipeline_dag.py
[2026-02-07T08:24:57.463+0000] {logging_mixin.py:188} INFO - [2026-02-07T08:24:57.462+0000] {dag.py:3089} INFO - Sync 1 DAGs
[2026-02-07T08:24:57.515+0000] {logging_mixin.py:188} INFO - [2026-02-07T08:24:57.514+0000] {dag.py:3947} INFO - Setting next_dagrun for product_price_pipeline to 2026-02-06 21:00:00+00:00, run_after=2026-02-07 21:00:00+00:00
[2026-02-07T08:24:57.560+0000] {processor.py:183} INFO - Processing /opt/airflow/dags/product_pipeline_dag.py took 0.246 seconds
[2026-02-07T08:25:29.412+0000] {processor.py:161} INFO - Started process (PID=394) to work on /opt/airflow/dags/product_pipeline_dag.py
[2026-02-07T08:25:29.415+0000] {processor.py:830} INFO - Processing file /opt/airflow/dags/product_pipeline_dag.py for tasks to queue
[2026-02-07T08:25:29.419+0000] {logging_mixin.py:188} INFO - [2026-02-07T08:25:29.419+0000] {dagbag.py:545} INFO - Filling up the DagBag from /opt/airflow/dags/product_pipeline_dag.py
[2026-02-07T08:25:29.491+0000] {processor.py:840} INFO - DAG(s) 'product_price_pipeline' retrieved from /opt/airflow/dags/product_pipeline_dag.py
[2026-02-07T08:25:29.563+0000] {logging_mixin.py:188} INFO - [2026-02-07T08:25:29.562+0000] {dag.py:3089} INFO - Sync 1 DAGs
[2026-02-07T08:25:29.609+0000] {logging_mixin.py:188} INFO - [2026-02-07T08:25:29.609+0000] {dag.py:3947} INFO - Setting next_dagrun for product_price_pipeline to 2026-02-06 21:00:00+00:00, run_after=2026-02-07 21:00:00+00:00
[2026-02-07T08:25:29.656+0000] {processor.py:183} INFO - Processing /opt/airflow/dags/product_pipeline_dag.py took 0.258 seconds
[2026-02-07T08:26:00.700+0000] {processor.py:161} INFO - Started process (PID=399) to work on /opt/airflow/dags/product_pipeline_dag.py
[2026-02-07T08:26:00.703+0000] {processor.py:830} INFO - Processing file /opt/airflow/dags/product_pipeline_dag.py for tasks to queue
[2026-02-07T08:26:00.706+0000] {logging_mixin.py:188} INFO - [2026-02-07T08:26:00.705+0000] {dagbag.py:545} INFO - Filling up the DagBag from /opt/airflow/dags/product_pipeline_dag.py
[2026-02-07T08:26:00.766+0000] {processor.py:840} INFO - DAG(s) 'product_price_pipeline' retrieved from /opt/airflow/dags/product_pipeline_dag.py
[2026-02-07T08:26:00.800+0000] {logging_mixin.py:188} INFO - [2026-02-07T08:26:00.800+0000] {dag.py:3089} INFO - Sync 1 DAGs
[2026-02-07T08:26:00.824+0000] {logging_mixin.py:188} INFO - [2026-02-07T08:26:00.824+0000] {dag.py:3947} INFO - Setting next_dagrun for product_price_pipeline to 2026-02-06 21:00:00+00:00, run_after=2026-02-07 21:00:00+00:00
[2026-02-07T08:26:00.858+0000] {processor.py:183} INFO - Processing /opt/airflow/dags/product_pipeline_dag.py took 0.163 seconds
[2026-02-07T08:26:32.710+0000] {processor.py:161} INFO - Started process (PID=404) to work on /opt/airflow/dags/product_pipeline_dag.py
[2026-02-07T08:26:32.713+0000] {processor.py:830} INFO - Processing file /opt/airflow/dags/product_pipeline_dag.py for tasks to queue
[2026-02-07T08:26:32.716+0000] {logging_mixin.py:188} INFO - [2026-02-07T08:26:32.716+0000] {dagbag.py:545} INFO - Filling up the DagBag from /opt/airflow/dags/product_pipeline_dag.py
[2026-02-07T08:26:32.769+0000] {processor.py:840} INFO - DAG(s) 'product_price_pipeline' retrieved from /opt/airflow/dags/product_pipeline_dag.py
[2026-02-07T08:26:32.812+0000] {logging_mixin.py:188} INFO - [2026-02-07T08:26:32.812+0000] {dag.py:3089} INFO - Sync 1 DAGs
[2026-02-07T08:26:32.833+0000] {logging_mixin.py:188} INFO - [2026-02-07T08:26:32.832+0000] {dag.py:3947} INFO - Setting next_dagrun for product_price_pipeline to 2026-02-06 21:00:00+00:00, run_after=2026-02-07 21:00:00+00:00
[2026-02-07T08:26:32.866+0000] {processor.py:183} INFO - Processing /opt/airflow/dags/product_pipeline_dag.py took 0.167 seconds
[2026-02-07T08:27:04.850+0000] {processor.py:161} INFO - Started process (PID=409) to work on /opt/airflow/dags/product_pipeline_dag.py
[2026-02-07T08:27:04.853+0000] {processor.py:830} INFO - Processing file /opt/airflow/dags/product_pipeline_dag.py for tasks to queue
[2026-02-07T08:27:04.861+0000] {logging_mixin.py:188} INFO - [2026-02-07T08:27:04.861+0000] {dagbag.py:545} INFO - Filling up the DagBag from /opt/airflow/dags/product_pipeline_dag.py
[2026-02-07T08:27:04.930+0000] {processor.py:840} INFO - DAG(s) 'product_price_pipeline' retrieved from /opt/airflow/dags/product_pipeline_dag.py
[2026-02-07T08:27:05.006+0000] {logging_mixin.py:188} INFO - [2026-02-07T08:27:05.006+0000] {dag.py:3089} INFO - Sync 1 DAGs
[2026-02-07T08:27:05.049+0000] {logging_mixin.py:188} INFO - [2026-02-07T08:27:05.048+0000] {dag.py:3947} INFO - Setting next_dagrun for product_price_pipeline to 2026-02-06 21:00:00+00:00, run_after=2026-02-07 21:00:00+00:00
[2026-02-07T08:27:05.094+0000] {processor.py:183} INFO - Processing /opt/airflow/dags/product_pipeline_dag.py took 0.257 seconds
[2026-02-07T08:27:35.914+0000] {processor.py:161} INFO - Started process (PID=414) to work on /opt/airflow/dags/product_pipeline_dag.py
[2026-02-07T08:27:35.917+0000] {processor.py:830} INFO - Processing file /opt/airflow/dags/product_pipeline_dag.py for tasks to queue
[2026-02-07T08:27:35.921+0000] {logging_mixin.py:188} INFO - [2026-02-07T08:27:35.920+0000] {dagbag.py:545} INFO - Filling up the DagBag from /opt/airflow/dags/product_pipeline_dag.py
[2026-02-07T08:27:35.974+0000] {processor.py:840} INFO - DAG(s) 'product_price_pipeline' retrieved from /opt/airflow/dags/product_pipeline_dag.py
[2026-02-07T08:27:36.041+0000] {logging_mixin.py:188} INFO - [2026-02-07T08:27:36.040+0000] {dag.py:3089} INFO - Sync 1 DAGs
[2026-02-07T08:27:36.089+0000] {logging_mixin.py:188} INFO - [2026-02-07T08:27:36.088+0000] {dag.py:3947} INFO - Setting next_dagrun for product_price_pipeline to 2026-02-06 21:00:00+00:00, run_after=2026-02-07 21:00:00+00:00
[2026-02-07T08:27:36.134+0000] {processor.py:183} INFO - Processing /opt/airflow/dags/product_pipeline_dag.py took 0.230 seconds
[2026-02-07T08:28:07.257+0000] {processor.py:161} INFO - Started process (PID=419) to work on /opt/airflow/dags/product_pipeline_dag.py
[2026-02-07T08:28:07.259+0000] {processor.py:830} INFO - Processing file /opt/airflow/dags/product_pipeline_dag.py for tasks to queue
[2026-02-07T08:28:07.262+0000] {logging_mixin.py:188} INFO - [2026-02-07T08:28:07.262+0000] {dagbag.py:545} INFO - Filling up the DagBag from /opt/airflow/dags/product_pipeline_dag.py
[2026-02-07T08:28:07.310+0000] {processor.py:840} INFO - DAG(s) 'product_price_pipeline' retrieved from /opt/airflow/dags/product_pipeline_dag.py
[2026-02-07T08:28:07.361+0000] {logging_mixin.py:188} INFO - [2026-02-07T08:28:07.360+0000] {dag.py:3089} INFO - Sync 1 DAGs
[2026-02-07T08:28:07.387+0000] {logging_mixin.py:188} INFO - [2026-02-07T08:28:07.386+0000] {dag.py:3947} INFO - Setting next_dagrun for product_price_pipeline to 2026-02-06 21:00:00+00:00, run_after=2026-02-07 21:00:00+00:00
[2026-02-07T08:28:07.416+0000] {processor.py:183} INFO - Processing /opt/airflow/dags/product_pipeline_dag.py took 0.170 seconds
[2026-02-07T08:28:39.262+0000] {processor.py:161} INFO - Started process (PID=424) to work on /opt/airflow/dags/product_pipeline_dag.py
[2026-02-07T08:28:39.264+0000] {processor.py:830} INFO - Processing file /opt/airflow/dags/product_pipeline_dag.py for tasks to queue
[2026-02-07T08:28:39.268+0000] {logging_mixin.py:188} INFO - [2026-02-07T08:28:39.267+0000] {dagbag.py:545} INFO - Filling up the DagBag from /opt/airflow/dags/product_pipeline_dag.py
[2026-02-07T08:28:39.331+0000] {processor.py:840} INFO - DAG(s) 'product_price_pipeline' retrieved from /opt/airflow/dags/product_pipeline_dag.py
[2026-02-07T08:28:39.387+0000] {logging_mixin.py:188} INFO - [2026-02-07T08:28:39.387+0000] {dag.py:3089} INFO - Sync 1 DAGs
[2026-02-07T08:28:39.410+0000] {logging_mixin.py:188} INFO - [2026-02-07T08:28:39.410+0000] {dag.py:3947} INFO - Setting next_dagrun for product_price_pipeline to 2026-02-06 21:00:00+00:00, run_after=2026-02-07 21:00:00+00:00
[2026-02-07T08:28:39.442+0000] {processor.py:183} INFO - Processing /opt/airflow/dags/product_pipeline_dag.py took 0.194 seconds
[2026-02-07T08:29:10.515+0000] {processor.py:161} INFO - Started process (PID=429) to work on /opt/airflow/dags/product_pipeline_dag.py
[2026-02-07T08:29:10.517+0000] {processor.py:830} INFO - Processing file /opt/airflow/dags/product_pipeline_dag.py for tasks to queue
[2026-02-07T08:29:10.519+0000] {logging_mixin.py:188} INFO - [2026-02-07T08:29:10.519+0000] {dagbag.py:545} INFO - Filling up the DagBag from /opt/airflow/dags/product_pipeline_dag.py
[2026-02-07T08:29:10.574+0000] {processor.py:840} INFO - DAG(s) 'product_price_pipeline' retrieved from /opt/airflow/dags/product_pipeline_dag.py
[2026-02-07T08:29:10.608+0000] {logging_mixin.py:188} INFO - [2026-02-07T08:29:10.608+0000] {dag.py:3089} INFO - Sync 1 DAGs
[2026-02-07T08:29:10.630+0000] {logging_mixin.py:188} INFO - [2026-02-07T08:29:10.630+0000] {dag.py:3947} INFO - Setting next_dagrun for product_price_pipeline to 2026-02-06 21:00:00+00:00, run_after=2026-02-07 21:00:00+00:00
[2026-02-07T08:29:10.654+0000] {processor.py:183} INFO - Processing /opt/airflow/dags/product_pipeline_dag.py took 0.150 seconds
[2026-02-07T08:29:42.681+0000] {processor.py:161} INFO - Started process (PID=434) to work on /opt/airflow/dags/product_pipeline_dag.py
[2026-02-07T08:29:42.683+0000] {processor.py:830} INFO - Processing file /opt/airflow/dags/product_pipeline_dag.py for tasks to queue
[2026-02-07T08:29:42.687+0000] {logging_mixin.py:188} INFO - [2026-02-07T08:29:42.686+0000] {dagbag.py:545} INFO - Filling up the DagBag from /opt/airflow/dags/product_pipeline_dag.py
[2026-02-07T08:29:42.749+0000] {processor.py:840} INFO - DAG(s) 'product_price_pipeline' retrieved from /opt/airflow/dags/product_pipeline_dag.py
[2026-02-07T08:29:42.793+0000] {logging_mixin.py:188} INFO - [2026-02-07T08:29:42.793+0000] {dag.py:3089} INFO - Sync 1 DAGs
[2026-02-07T08:29:42.812+0000] {logging_mixin.py:188} INFO - [2026-02-07T08:29:42.812+0000] {dag.py:3947} INFO - Setting next_dagrun for product_price_pipeline to 2026-02-06 21:00:00+00:00, run_after=2026-02-07 21:00:00+00:00
[2026-02-07T08:29:42.836+0000] {processor.py:183} INFO - Processing /opt/airflow/dags/product_pipeline_dag.py took 0.164 seconds
[2026-02-07T08:30:13.945+0000] {processor.py:161} INFO - Started process (PID=439) to work on /opt/airflow/dags/product_pipeline_dag.py
[2026-02-07T08:30:13.948+0000] {processor.py:830} INFO - Processing file /opt/airflow/dags/product_pipeline_dag.py for tasks to queue
[2026-02-07T08:30:13.954+0000] {logging_mixin.py:188} INFO - [2026-02-07T08:30:13.953+0000] {dagbag.py:545} INFO - Filling up the DagBag from /opt/airflow/dags/product_pipeline_dag.py
[2026-02-07T08:30:14.038+0000] {processor.py:840} INFO - DAG(s) 'product_price_pipeline' retrieved from /opt/airflow/dags/product_pipeline_dag.py
[2026-02-07T08:30:14.113+0000] {logging_mixin.py:188} INFO - [2026-02-07T08:30:14.112+0000] {dag.py:3089} INFO - Sync 1 DAGs
[2026-02-07T08:30:14.153+0000] {logging_mixin.py:188} INFO - [2026-02-07T08:30:14.153+0000] {dag.py:3947} INFO - Setting next_dagrun for product_price_pipeline to 2026-02-06 21:00:00+00:00, run_after=2026-02-07 21:00:00+00:00
[2026-02-07T08:30:14.197+0000] {processor.py:183} INFO - Processing /opt/airflow/dags/product_pipeline_dag.py took 0.268 seconds
[2026-02-07T08:30:45.896+0000] {processor.py:161} INFO - Started process (PID=444) to work on /opt/airflow/dags/product_pipeline_dag.py
[2026-02-07T08:30:45.898+0000] {processor.py:830} INFO - Processing file /opt/airflow/dags/product_pipeline_dag.py for tasks to queue
[2026-02-07T08:30:45.900+0000] {logging_mixin.py:188} INFO - [2026-02-07T08:30:45.900+0000] {dagbag.py:545} INFO - Filling up the DagBag from /opt/airflow/dags/product_pipeline_dag.py
[2026-02-07T08:30:45.943+0000] {processor.py:840} INFO - DAG(s) 'product_price_pipeline' retrieved from /opt/airflow/dags/product_pipeline_dag.py
[2026-02-07T08:30:45.994+0000] {logging_mixin.py:188} INFO - [2026-02-07T08:30:45.994+0000] {dag.py:3089} INFO - Sync 1 DAGs
[2026-02-07T08:30:46.024+0000] {logging_mixin.py:188} INFO - [2026-02-07T08:30:46.024+0000] {dag.py:3947} INFO - Setting next_dagrun for product_price_pipeline to 2026-02-06 21:00:00+00:00, run_after=2026-02-07 21:00:00+00:00
[2026-02-07T08:30:46.057+0000] {processor.py:183} INFO - Processing /opt/airflow/dags/product_pipeline_dag.py took 0.169 seconds
[2026-02-07T08:31:17.925+0000] {processor.py:161} INFO - Started process (PID=449) to work on /opt/airflow/dags/product_pipeline_dag.py
[2026-02-07T08:31:17.929+0000] {processor.py:830} INFO - Processing file /opt/airflow/dags/product_pipeline_dag.py for tasks to queue
[2026-02-07T08:31:17.934+0000] {logging_mixin.py:188} INFO - [2026-02-07T08:31:17.933+0000] {dagbag.py:545} INFO - Filling up the DagBag from /opt/airflow/dags/product_pipeline_dag.py
[2026-02-07T08:31:17.995+0000] {processor.py:840} INFO - DAG(s) 'product_price_pipeline' retrieved from /opt/airflow/dags/product_pipeline_dag.py
[2026-02-07T08:31:18.052+0000] {logging_mixin.py:188} INFO - [2026-02-07T08:31:18.052+0000] {dag.py:3089} INFO - Sync 1 DAGs
[2026-02-07T08:31:18.077+0000] {logging_mixin.py:188} INFO - [2026-02-07T08:31:18.077+0000] {dag.py:3947} INFO - Setting next_dagrun for product_price_pipeline to 2026-02-06 21:00:00+00:00, run_after=2026-02-07 21:00:00+00:00
[2026-02-07T08:31:18.115+0000] {processor.py:183} INFO - Processing /opt/airflow/dags/product_pipeline_dag.py took 0.206 seconds
[2026-02-07T08:31:49.103+0000] {processor.py:161} INFO - Started process (PID=454) to work on /opt/airflow/dags/product_pipeline_dag.py
[2026-02-07T08:31:49.105+0000] {processor.py:830} INFO - Processing file /opt/airflow/dags/product_pipeline_dag.py for tasks to queue
[2026-02-07T08:31:49.110+0000] {logging_mixin.py:188} INFO - [2026-02-07T08:31:49.109+0000] {dagbag.py:545} INFO - Filling up the DagBag from /opt/airflow/dags/product_pipeline_dag.py
[2026-02-07T08:31:49.177+0000] {processor.py:840} INFO - DAG(s) 'product_price_pipeline' retrieved from /opt/airflow/dags/product_pipeline_dag.py
[2026-02-07T08:31:49.236+0000] {logging_mixin.py:188} INFO - [2026-02-07T08:31:49.235+0000] {dag.py:3089} INFO - Sync 1 DAGs
[2026-02-07T08:31:49.260+0000] {logging_mixin.py:188} INFO - [2026-02-07T08:31:49.259+0000] {dag.py:3947} INFO - Setting next_dagrun for product_price_pipeline to 2026-02-06 21:00:00+00:00, run_after=2026-02-07 21:00:00+00:00
[2026-02-07T08:31:49.292+0000] {processor.py:183} INFO - Processing /opt/airflow/dags/product_pipeline_dag.py took 0.202 seconds
[2026-02-07T08:32:19.462+0000] {processor.py:161} INFO - Started process (PID=459) to work on /opt/airflow/dags/product_pipeline_dag.py
[2026-02-07T08:32:19.465+0000] {processor.py:830} INFO - Processing file /opt/airflow/dags/product_pipeline_dag.py for tasks to queue
[2026-02-07T08:32:19.472+0000] {logging_mixin.py:188} INFO - [2026-02-07T08:32:19.471+0000] {dagbag.py:545} INFO - Filling up the DagBag from /opt/airflow/dags/product_pipeline_dag.py
[2026-02-07T08:32:20.493+0000] {processor.py:840} INFO - DAG(s) 'product_price_pipeline' retrieved from /opt/airflow/dags/product_pipeline_dag.py
[2026-02-07T08:32:20.559+0000] {logging_mixin.py:188} INFO - [2026-02-07T08:32:20.559+0000] {dag.py:3089} INFO - Sync 1 DAGs
[2026-02-07T08:32:20.595+0000] {logging_mixin.py:188} INFO - [2026-02-07T08:32:20.595+0000] {dag.py:3947} INFO - Setting next_dagrun for product_price_pipeline to 2026-02-06 21:00:00+00:00, run_after=2026-02-07 21:00:00+00:00
[2026-02-07T08:32:20.625+0000] {processor.py:183} INFO - Processing /opt/airflow/dags/product_pipeline_dag.py took 0.224 seconds
[2026-02-07T08:32:52.474+0000] {processor.py:161} INFO - Started process (PID=464) to work on /opt/airflow/dags/product_pipeline_dag.py
[2026-02-07T08:32:52.478+0000] {processor.py:830} INFO - Processing file /opt/airflow/dags/product_pipeline_dag.py for tasks to queue
[2026-02-07T08:32:52.483+0000] {logging_mixin.py:188} INFO - [2026-02-07T08:32:52.482+0000] {dagbag.py:545} INFO - Filling up the DagBag from /opt/airflow/dags/product_pipeline_dag.py
[2026-02-07T08:32:52.581+0000] {processor.py:840} INFO - DAG(s) 'product_price_pipeline' retrieved from /opt/airflow/dags/product_pipeline_dag.py
[2026-02-07T08:32:52.674+0000] {logging_mixin.py:188} INFO - [2026-02-07T08:32:52.674+0000] {dag.py:3089} INFO - Sync 1 DAGs
[2026-02-07T08:32:52.736+0000] {logging_mixin.py:188} INFO - [2026-02-07T08:32:52.735+0000] {dag.py:3947} INFO - Setting next_dagrun for product_price_pipeline to 2026-02-06 21:00:00+00:00, run_after=2026-02-07 21:00:00+00:00
[2026-02-07T08:32:52.793+0000] {processor.py:183} INFO - Processing /opt/airflow/dags/product_pipeline_dag.py took 0.336 seconds
[2026-02-07T08:33:23.837+0000] {processor.py:161} INFO - Started process (PID=469) to work on /opt/airflow/dags/product_pipeline_dag.py
[2026-02-07T08:33:23.840+0000] {processor.py:830} INFO - Processing file /opt/airflow/dags/product_pipeline_dag.py for tasks to queue
[2026-02-07T08:33:23.844+0000] {logging_mixin.py:188} INFO - [2026-02-07T08:33:23.844+0000] {dagbag.py:545} INFO - Filling up the DagBag from /opt/airflow/dags/product_pipeline_dag.py
[2026-02-07T08:33:23.894+0000] {processor.py:840} INFO - DAG(s) 'product_price_pipeline' retrieved from /opt/airflow/dags/product_pipeline_dag.py
[2026-02-07T08:33:23.955+0000] {logging_mixin.py:188} INFO - [2026-02-07T08:33:23.955+0000] {dag.py:3089} INFO - Sync 1 DAGs
[2026-02-07T08:33:23.976+0000] {logging_mixin.py:188} INFO - [2026-02-07T08:33:23.976+0000] {dag.py:3947} INFO - Setting next_dagrun for product_price_pipeline to 2026-02-06 21:00:00+00:00, run_after=2026-02-07 21:00:00+00:00
[2026-02-07T08:33:24.004+0000] {processor.py:183} INFO - Processing /opt/airflow/dags/product_pipeline_dag.py took 0.177 seconds
[2026-02-07T08:33:55.917+0000] {processor.py:161} INFO - Started process (PID=474) to work on /opt/airflow/dags/product_pipeline_dag.py
[2026-02-07T08:33:55.920+0000] {processor.py:830} INFO - Processing file /opt/airflow/dags/product_pipeline_dag.py for tasks to queue
[2026-02-07T08:33:55.925+0000] {logging_mixin.py:188} INFO - [2026-02-07T08:33:55.924+0000] {dagbag.py:545} INFO - Filling up the DagBag from /opt/airflow/dags/product_pipeline_dag.py
[2026-02-07T08:33:55.996+0000] {processor.py:840} INFO - DAG(s) 'product_price_pipeline' retrieved from /opt/airflow/dags/product_pipeline_dag.py
[2026-02-07T08:33:56.071+0000] {logging_mixin.py:188} INFO - [2026-02-07T08:33:56.070+0000] {dag.py:3089} INFO - Sync 1 DAGs
[2026-02-07T08:33:56.122+0000] {logging_mixin.py:188} INFO - [2026-02-07T08:33:56.122+0000] {dag.py:3947} INFO - Setting next_dagrun for product_price_pipeline to 2026-02-06 21:00:00+00:00, run_after=2026-02-07 21:00:00+00:00
[2026-02-07T08:33:56.179+0000] {processor.py:183} INFO - Processing /opt/airflow/dags/product_pipeline_dag.py took 0.273 seconds
[2026-02-07T08:34:27.692+0000] {processor.py:161} INFO - Started process (PID=479) to work on /opt/airflow/dags/product_pipeline_dag.py
[2026-02-07T08:34:27.726+0000] {processor.py:830} INFO - Processing file /opt/airflow/dags/product_pipeline_dag.py for tasks to queue
[2026-02-07T08:34:27.749+0000] {logging_mixin.py:188} INFO - [2026-02-07T08:34:27.748+0000] {dagbag.py:545} INFO - Filling up the DagBag from /opt/airflow/dags/product_pipeline_dag.py
[2026-02-07T08:34:28.170+0000] {processor.py:840} INFO - DAG(s) 'product_price_pipeline' retrieved from /opt/airflow/dags/product_pipeline_dag.py
[2026-02-07T08:34:28.682+0000] {logging_mixin.py:188} INFO - [2026-02-07T08:34:28.682+0000] {dag.py:3089} INFO - Sync 1 DAGs
[2026-02-07T08:34:28.989+0000] {logging_mixin.py:188} INFO - [2026-02-07T08:34:28.988+0000] {dag.py:3947} INFO - Setting next_dagrun for product_price_pipeline to 2026-02-06 21:00:00+00:00, run_after=2026-02-07 21:00:00+00:00
[2026-02-07T08:34:29.159+0000] {processor.py:183} INFO - Processing /opt/airflow/dags/product_pipeline_dag.py took 1.737 seconds
[2026-02-07T08:35:00.420+0000] {processor.py:161} INFO - Started process (PID=484) to work on /opt/airflow/dags/product_pipeline_dag.py
[2026-02-07T08:35:00.431+0000] {processor.py:830} INFO - Processing file /opt/airflow/dags/product_pipeline_dag.py for tasks to queue
[2026-02-07T08:35:00.485+0000] {logging_mixin.py:188} INFO - [2026-02-07T08:35:00.475+0000] {dagbag.py:545} INFO - Filling up the DagBag from /opt/airflow/dags/product_pipeline_dag.py
[2026-02-07T08:35:00.810+0000] {processor.py:840} INFO - DAG(s) 'product_price_pipeline' retrieved from /opt/airflow/dags/product_pipeline_dag.py
[2026-02-07T08:35:01.175+0000] {logging_mixin.py:188} INFO - [2026-02-07T08:35:01.175+0000] {dag.py:3089} INFO - Sync 1 DAGs
[2026-02-07T08:35:01.483+0000] {logging_mixin.py:188} INFO - [2026-02-07T08:35:01.482+0000] {dag.py:3947} INFO - Setting next_dagrun for product_price_pipeline to 2026-02-06 21:00:00+00:00, run_after=2026-02-07 21:00:00+00:00
[2026-02-07T08:35:01.665+0000] {processor.py:183} INFO - Processing /opt/airflow/dags/product_pipeline_dag.py took 1.333 seconds
[2026-02-07T08:35:32.509+0000] {processor.py:161} INFO - Started process (PID=489) to work on /opt/airflow/dags/product_pipeline_dag.py
[2026-02-07T08:35:32.514+0000] {processor.py:830} INFO - Processing file /opt/airflow/dags/product_pipeline_dag.py for tasks to queue
[2026-02-07T08:35:32.530+0000] {logging_mixin.py:188} INFO - [2026-02-07T08:35:32.529+0000] {dagbag.py:545} INFO - Filling up the DagBag from /opt/airflow/dags/product_pipeline_dag.py
[2026-02-07T08:35:32.616+0000] {processor.py:840} INFO - DAG(s) 'product_price_pipeline' retrieved from /opt/airflow/dags/product_pipeline_dag.py
[2026-02-07T08:35:33.073+0000] {logging_mixin.py:188} INFO - [2026-02-07T08:35:33.073+0000] {dag.py:3089} INFO - Sync 1 DAGs
[2026-02-07T08:35:33.269+0000] {logging_mixin.py:188} INFO - [2026-02-07T08:35:33.269+0000] {dag.py:3947} INFO - Setting next_dagrun for product_price_pipeline to 2026-02-06 21:00:00+00:00, run_after=2026-02-07 21:00:00+00:00
[2026-02-07T08:35:33.344+0000] {processor.py:183} INFO - Processing /opt/airflow/dags/product_pipeline_dag.py took 0.845 seconds
[2026-02-07T08:36:03.862+0000] {processor.py:161} INFO - Started process (PID=494) to work on /opt/airflow/dags/product_pipeline_dag.py
[2026-02-07T08:36:03.865+0000] {processor.py:830} INFO - Processing file /opt/airflow/dags/product_pipeline_dag.py for tasks to queue
[2026-02-07T08:36:03.870+0000] {logging_mixin.py:188} INFO - [2026-02-07T08:36:03.869+0000] {dagbag.py:545} INFO - Filling up the DagBag from /opt/airflow/dags/product_pipeline_dag.py
[2026-02-07T08:36:03.956+0000] {processor.py:840} INFO - DAG(s) 'product_price_pipeline' retrieved from /opt/airflow/dags/product_pipeline_dag.py
[2026-02-07T08:36:04.044+0000] {logging_mixin.py:188} INFO - [2026-02-07T08:36:04.043+0000] {dag.py:3089} INFO - Sync 1 DAGs
[2026-02-07T08:36:04.071+0000] {logging_mixin.py:188} INFO - [2026-02-07T08:36:04.071+0000] {dag.py:3947} INFO - Setting next_dagrun for product_price_pipeline to 2026-02-06 21:00:00+00:00, run_after=2026-02-07 21:00:00+00:00
[2026-02-07T08:36:04.107+0000] {processor.py:183} INFO - Processing /opt/airflow/dags/product_pipeline_dag.py took 0.261 seconds
[2026-02-07T08:36:34.297+0000] {processor.py:161} INFO - Started process (PID=499) to work on /opt/airflow/dags/product_pipeline_dag.py
[2026-02-07T08:36:34.299+0000] {processor.py:830} INFO - Processing file /opt/airflow/dags/product_pipeline_dag.py for tasks to queue
[2026-02-07T08:36:34.302+0000] {logging_mixin.py:188} INFO - [2026-02-07T08:36:34.302+0000] {dagbag.py:545} INFO - Filling up the DagBag from /opt/airflow/dags/product_pipeline_dag.py
[2026-02-07T08:36:34.346+0000] {processor.py:840} INFO - DAG(s) 'product_price_pipeline' retrieved from /opt/airflow/dags/product_pipeline_dag.py
[2026-02-07T08:36:34.390+0000] {logging_mixin.py:188} INFO - [2026-02-07T08:36:34.390+0000] {dag.py:3089} INFO - Sync 1 DAGs
[2026-02-07T08:36:34.416+0000] {logging_mixin.py:188} INFO - [2026-02-07T08:36:34.415+0000] {dag.py:3947} INFO - Setting next_dagrun for product_price_pipeline to 2026-02-06 21:00:00+00:00, run_after=2026-02-07 21:00:00+00:00
[2026-02-07T08:36:34.456+0000] {processor.py:183} INFO - Processing /opt/airflow/dags/product_pipeline_dag.py took 0.172 seconds
[2026-02-07T08:37:06.422+0000] {processor.py:161} INFO - Started process (PID=504) to work on /opt/airflow/dags/product_pipeline_dag.py
[2026-02-07T08:37:06.425+0000] {processor.py:830} INFO - Processing file /opt/airflow/dags/product_pipeline_dag.py for tasks to queue
[2026-02-07T08:37:06.429+0000] {logging_mixin.py:188} INFO - [2026-02-07T08:37:06.429+0000] {dagbag.py:545} INFO - Filling up the DagBag from /opt/airflow/dags/product_pipeline_dag.py
[2026-02-07T08:37:06.487+0000] {processor.py:840} INFO - DAG(s) 'product_price_pipeline' retrieved from /opt/airflow/dags/product_pipeline_dag.py
[2026-02-07T08:37:06.551+0000] {logging_mixin.py:188} INFO - [2026-02-07T08:37:06.550+0000] {dag.py:3089} INFO - Sync 1 DAGs
[2026-02-07T08:37:06.608+0000] {logging_mixin.py:188} INFO - [2026-02-07T08:37:06.607+0000] {dag.py:3947} INFO - Setting next_dagrun for product_price_pipeline to 2026-02-06 21:00:00+00:00, run_after=2026-02-07 21:00:00+00:00
[2026-02-07T08:37:06.703+0000] {processor.py:183} INFO - Processing /opt/airflow/dags/product_pipeline_dag.py took 0.292 seconds
[2026-02-07T08:37:37.624+0000] {processor.py:161} INFO - Started process (PID=509) to work on /opt/airflow/dags/product_pipeline_dag.py
[2026-02-07T08:37:37.626+0000] {processor.py:830} INFO - Processing file /opt/airflow/dags/product_pipeline_dag.py for tasks to queue
[2026-02-07T08:37:37.631+0000] {logging_mixin.py:188} INFO - [2026-02-07T08:37:37.630+0000] {dagbag.py:545} INFO - Filling up the DagBag from /opt/airflow/dags/product_pipeline_dag.py
[2026-02-07T08:37:37.683+0000] {processor.py:840} INFO - DAG(s) 'product_price_pipeline' retrieved from /opt/airflow/dags/product_pipeline_dag.py
[2026-02-07T08:37:37.744+0000] {logging_mixin.py:188} INFO - [2026-02-07T08:37:37.743+0000] {dag.py:3089} INFO - Sync 1 DAGs
[2026-02-07T08:37:37.780+0000] {logging_mixin.py:188} INFO - [2026-02-07T08:37:37.779+0000] {dag.py:3947} INFO - Setting next_dagrun for product_price_pipeline to 2026-02-06 21:00:00+00:00, run_after=2026-02-07 21:00:00+00:00
[2026-02-07T08:37:37.854+0000] {processor.py:183} INFO - Processing /opt/airflow/dags/product_pipeline_dag.py took 0.241 seconds
[2026-02-07T08:38:09.809+0000] {processor.py:161} INFO - Started process (PID=514) to work on /opt/airflow/dags/product_pipeline_dag.py
[2026-02-07T08:38:09.811+0000] {processor.py:830} INFO - Processing file /opt/airflow/dags/product_pipeline_dag.py for tasks to queue
[2026-02-07T08:38:09.815+0000] {logging_mixin.py:188} INFO - [2026-02-07T08:38:09.814+0000] {dagbag.py:545} INFO - Filling up the DagBag from /opt/airflow/dags/product_pipeline_dag.py
[2026-02-07T08:38:09.866+0000] {processor.py:840} INFO - DAG(s) 'product_price_pipeline' retrieved from /opt/airflow/dags/product_pipeline_dag.py
[2026-02-07T08:38:09.918+0000] {logging_mixin.py:188} INFO - [2026-02-07T08:38:09.918+0000] {dag.py:3089} INFO - Sync 1 DAGs
[2026-02-07T08:38:09.946+0000] {logging_mixin.py:188} INFO - [2026-02-07T08:38:09.945+0000] {dag.py:3947} INFO - Setting next_dagrun for product_price_pipeline to 2026-02-06 21:00:00+00:00, run_after=2026-02-07 21:00:00+00:00
[2026-02-07T08:38:09.979+0000] {processor.py:183} INFO - Processing /opt/airflow/dags/product_pipeline_dag.py took 0.178 seconds
[2026-02-07T08:38:40.975+0000] {processor.py:161} INFO - Started process (PID=519) to work on /opt/airflow/dags/product_pipeline_dag.py
[2026-02-07T08:38:40.977+0000] {processor.py:830} INFO - Processing file /opt/airflow/dags/product_pipeline_dag.py for tasks to queue
[2026-02-07T08:38:40.979+0000] {logging_mixin.py:188} INFO - [2026-02-07T08:38:40.979+0000] {dagbag.py:545} INFO - Filling up the DagBag from /opt/airflow/dags/product_pipeline_dag.py
[2026-02-07T08:38:41.030+0000] {processor.py:840} INFO - DAG(s) 'product_price_pipeline' retrieved from /opt/airflow/dags/product_pipeline_dag.py
[2026-02-07T08:38:41.067+0000] {logging_mixin.py:188} INFO - [2026-02-07T08:38:41.066+0000] {dag.py:3089} INFO - Sync 1 DAGs
[2026-02-07T08:38:41.086+0000] {logging_mixin.py:188} INFO - [2026-02-07T08:38:41.086+0000] {dag.py:3947} INFO - Setting next_dagrun for product_price_pipeline to 2026-02-06 21:00:00+00:00, run_after=2026-02-07 21:00:00+00:00
[2026-02-07T08:38:41.180+0000] {processor.py:183} INFO - Processing /opt/airflow/dags/product_pipeline_dag.py took 0.215 seconds
[2026-02-07T08:39:13.161+0000] {processor.py:161} INFO - Started process (PID=524) to work on /opt/airflow/dags/product_pipeline_dag.py
[2026-02-07T08:39:13.164+0000] {processor.py:830} INFO - Processing file /opt/airflow/dags/product_pipeline_dag.py for tasks to queue
[2026-02-07T08:39:13.167+0000] {logging_mixin.py:188} INFO - [2026-02-07T08:39:13.166+0000] {dagbag.py:545} INFO - Filling up the DagBag from /opt/airflow/dags/product_pipeline_dag.py
[2026-02-07T08:39:13.220+0000] {processor.py:840} INFO - DAG(s) 'product_price_pipeline' retrieved from /opt/airflow/dags/product_pipeline_dag.py
[2026-02-07T08:39:13.280+0000] {logging_mixin.py:188} INFO - [2026-02-07T08:39:13.280+0000] {dag.py:3089} INFO - Sync 1 DAGs
[2026-02-07T08:39:13.317+0000] {logging_mixin.py:188} INFO - [2026-02-07T08:39:13.317+0000] {dag.py:3947} INFO - Setting next_dagrun for product_price_pipeline to 2026-02-06 21:00:00+00:00, run_after=2026-02-07 21:00:00+00:00
[2026-02-07T08:39:13.385+0000] {processor.py:183} INFO - Processing /opt/airflow/dags/product_pipeline_dag.py took 0.235 seconds
[2026-02-07T08:39:44.539+0000] {processor.py:161} INFO - Started process (PID=529) to work on /opt/airflow/dags/product_pipeline_dag.py
[2026-02-07T08:39:44.542+0000] {processor.py:830} INFO - Processing file /opt/airflow/dags/product_pipeline_dag.py for tasks to queue
[2026-02-07T08:39:44.546+0000] {logging_mixin.py:188} INFO - [2026-02-07T08:39:44.545+0000] {dagbag.py:545} INFO - Filling up the DagBag from /opt/airflow/dags/product_pipeline_dag.py
[2026-02-07T08:39:44.606+0000] {processor.py:840} INFO - DAG(s) 'product_price_pipeline' retrieved from /opt/airflow/dags/product_pipeline_dag.py
[2026-02-07T08:39:44.652+0000] {logging_mixin.py:188} INFO - [2026-02-07T08:39:44.652+0000] {dag.py:3089} INFO - Sync 1 DAGs
[2026-02-07T08:39:44.671+0000] {logging_mixin.py:188} INFO - [2026-02-07T08:39:44.671+0000] {dag.py:3947} INFO - Setting next_dagrun for product_price_pipeline to 2026-02-06 21:00:00+00:00, run_after=2026-02-07 21:00:00+00:00
[2026-02-07T08:39:44.695+0000] {processor.py:183} INFO - Processing /opt/airflow/dags/product_pipeline_dag.py took 0.167 seconds
[2026-02-07T08:40:15.810+0000] {processor.py:161} INFO - Started process (PID=534) to work on /opt/airflow/dags/product_pipeline_dag.py
[2026-02-07T08:40:15.814+0000] {processor.py:830} INFO - Processing file /opt/airflow/dags/product_pipeline_dag.py for tasks to queue
[2026-02-07T08:40:15.819+0000] {logging_mixin.py:188} INFO - [2026-02-07T08:40:15.818+0000] {dagbag.py:545} INFO - Filling up the DagBag from /opt/airflow/dags/product_pipeline_dag.py
[2026-02-07T08:40:15.901+0000] {processor.py:840} INFO - DAG(s) 'product_price_pipeline' retrieved from /opt/airflow/dags/product_pipeline_dag.py
[2026-02-07T08:40:15.960+0000] {logging_mixin.py:188} INFO - [2026-02-07T08:40:15.960+0000] {dag.py:3089} INFO - Sync 1 DAGs
[2026-02-07T08:40:16.001+0000] {logging_mixin.py:188} INFO - [2026-02-07T08:40:16.000+0000] {dag.py:3947} INFO - Setting next_dagrun for product_price_pipeline to 2026-02-06 21:00:00+00:00, run_after=2026-02-07 21:00:00+00:00
[2026-02-07T08:40:16.040+0000] {processor.py:183} INFO - Processing /opt/airflow/dags/product_pipeline_dag.py took 0.241 seconds
[2026-02-07T08:40:47.927+0000] {processor.py:161} INFO - Started process (PID=539) to work on /opt/airflow/dags/product_pipeline_dag.py
[2026-02-07T08:40:47.930+0000] {processor.py:830} INFO - Processing file /opt/airflow/dags/product_pipeline_dag.py for tasks to queue
[2026-02-07T08:40:47.948+0000] {logging_mixin.py:188} INFO - [2026-02-07T08:40:47.947+0000] {dagbag.py:545} INFO - Filling up the DagBag from /opt/airflow/dags/product_pipeline_dag.py
[2026-02-07T08:40:48.019+0000] {processor.py:840} INFO - DAG(s) 'product_price_pipeline' retrieved from /opt/airflow/dags/product_pipeline_dag.py
[2026-02-07T08:40:48.063+0000] {logging_mixin.py:188} INFO - [2026-02-07T08:40:48.062+0000] {dag.py:3089} INFO - Sync 1 DAGs
[2026-02-07T08:40:48.109+0000] {logging_mixin.py:188} INFO - [2026-02-07T08:40:48.109+0000] {dag.py:3947} INFO - Setting next_dagrun for product_price_pipeline to 2026-02-06 21:00:00+00:00, run_after=2026-02-07 21:00:00+00:00
[2026-02-07T08:40:48.142+0000] {processor.py:183} INFO - Processing /opt/airflow/dags/product_pipeline_dag.py took 0.233 seconds
[2026-02-07T08:41:19.288+0000] {processor.py:161} INFO - Started process (PID=544) to work on /opt/airflow/dags/product_pipeline_dag.py
[2026-02-07T08:41:19.291+0000] {processor.py:830} INFO - Processing file /opt/airflow/dags/product_pipeline_dag.py for tasks to queue
[2026-02-07T08:41:19.298+0000] {logging_mixin.py:188} INFO - [2026-02-07T08:41:19.296+0000] {dagbag.py:545} INFO - Filling up the DagBag from /opt/airflow/dags/product_pipeline_dag.py
[2026-02-07T08:41:19.379+0000] {processor.py:840} INFO - DAG(s) 'product_price_pipeline' retrieved from /opt/airflow/dags/product_pipeline_dag.py
[2026-02-07T08:41:19.501+0000] {logging_mixin.py:188} INFO - [2026-02-07T08:41:19.500+0000] {dag.py:3089} INFO - Sync 1 DAGs
[2026-02-07T08:41:19.561+0000] {logging_mixin.py:188} INFO - [2026-02-07T08:41:19.560+0000] {dag.py:3947} INFO - Setting next_dagrun for product_price_pipeline to 2026-02-06 21:00:00+00:00, run_after=2026-02-07 21:00:00+00:00
[2026-02-07T08:41:19.606+0000] {processor.py:183} INFO - Processing /opt/airflow/dags/product_pipeline_dag.py took 0.335 seconds
[2026-02-07T08:41:51.400+0000] {processor.py:161} INFO - Started process (PID=549) to work on /opt/airflow/dags/product_pipeline_dag.py
[2026-02-07T08:41:51.404+0000] {processor.py:830} INFO - Processing file /opt/airflow/dags/product_pipeline_dag.py for tasks to queue
[2026-02-07T08:41:51.410+0000] {logging_mixin.py:188} INFO - [2026-02-07T08:41:51.409+0000] {dagbag.py:545} INFO - Filling up the DagBag from /opt/airflow/dags/product_pipeline_dag.py
[2026-02-07T08:41:51.499+0000] {processor.py:840} INFO - DAG(s) 'product_price_pipeline' retrieved from /opt/airflow/dags/product_pipeline_dag.py
[2026-02-07T08:41:51.582+0000] {logging_mixin.py:188} INFO - [2026-02-07T08:41:51.582+0000] {dag.py:3089} INFO - Sync 1 DAGs
[2026-02-07T08:41:51.641+0000] {logging_mixin.py:188} INFO - [2026-02-07T08:41:51.640+0000] {dag.py:3947} INFO - Setting next_dagrun for product_price_pipeline to 2026-02-06 21:00:00+00:00, run_after=2026-02-07 21:00:00+00:00
[2026-02-07T08:41:51.700+0000] {processor.py:183} INFO - Processing /opt/airflow/dags/product_pipeline_dag.py took 0.316 seconds
[2026-02-07T08:42:22.766+0000] {processor.py:161} INFO - Started process (PID=554) to work on /opt/airflow/dags/product_pipeline_dag.py
[2026-02-07T08:42:22.769+0000] {processor.py:830} INFO - Processing file /opt/airflow/dags/product_pipeline_dag.py for tasks to queue
[2026-02-07T08:42:22.773+0000] {logging_mixin.py:188} INFO - [2026-02-07T08:42:22.772+0000] {dagbag.py:545} INFO - Filling up the DagBag from /opt/airflow/dags/product_pipeline_dag.py
[2026-02-07T08:42:22.834+0000] {processor.py:840} INFO - DAG(s) 'product_price_pipeline' retrieved from /opt/airflow/dags/product_pipeline_dag.py
[2026-02-07T08:42:22.920+0000] {logging_mixin.py:188} INFO - [2026-02-07T08:42:22.919+0000] {dag.py:3089} INFO - Sync 1 DAGs
[2026-02-07T08:42:22.955+0000] {logging_mixin.py:188} INFO - [2026-02-07T08:42:22.954+0000] {dag.py:3947} INFO - Setting next_dagrun for product_price_pipeline to 2026-02-06 21:00:00+00:00, run_after=2026-02-07 21:00:00+00:00
[2026-02-07T08:42:22.998+0000] {processor.py:183} INFO - Processing /opt/airflow/dags/product_pipeline_dag.py took 0.243 seconds
[2026-02-07T08:42:54.901+0000] {processor.py:161} INFO - Started process (PID=559) to work on /opt/airflow/dags/product_pipeline_dag.py
[2026-02-07T08:42:54.905+0000] {processor.py:830} INFO - Processing file /opt/airflow/dags/product_pipeline_dag.py for tasks to queue
[2026-02-07T08:42:54.911+0000] {logging_mixin.py:188} INFO - [2026-02-07T08:42:54.910+0000] {dagbag.py:545} INFO - Filling up the DagBag from /opt/airflow/dags/product_pipeline_dag.py
[2026-02-07T08:42:54.978+0000] {processor.py:840} INFO - DAG(s) 'product_price_pipeline' retrieved from /opt/airflow/dags/product_pipeline_dag.py
[2026-02-07T08:42:55.072+0000] {logging_mixin.py:188} INFO - [2026-02-07T08:42:55.071+0000] {dag.py:3089} INFO - Sync 1 DAGs
[2026-02-07T08:42:55.131+0000] {logging_mixin.py:188} INFO - [2026-02-07T08:42:55.131+0000] {dag.py:3947} INFO - Setting next_dagrun for product_price_pipeline to 2026-02-06 21:00:00+00:00, run_after=2026-02-07 21:00:00+00:00
[2026-02-07T08:42:55.183+0000] {processor.py:183} INFO - Processing /opt/airflow/dags/product_pipeline_dag.py took 0.300 seconds
[2026-02-07T08:43:26.179+0000] {processor.py:161} INFO - Started process (PID=564) to work on /opt/airflow/dags/product_pipeline_dag.py
[2026-02-07T08:43:26.183+0000] {processor.py:830} INFO - Processing file /opt/airflow/dags/product_pipeline_dag.py for tasks to queue
[2026-02-07T08:43:26.189+0000] {logging_mixin.py:188} INFO - [2026-02-07T08:43:26.188+0000] {dagbag.py:545} INFO - Filling up the DagBag from /opt/airflow/dags/product_pipeline_dag.py
[2026-02-07T08:43:26.264+0000] {processor.py:840} INFO - DAG(s) 'product_price_pipeline' retrieved from /opt/airflow/dags/product_pipeline_dag.py
[2026-02-07T08:43:26.306+0000] {logging_mixin.py:188} INFO - [2026-02-07T08:43:26.306+0000] {dag.py:3089} INFO - Sync 1 DAGs
[2026-02-07T08:43:26.329+0000] {logging_mixin.py:188} INFO - [2026-02-07T08:43:26.329+0000] {dag.py:3947} INFO - Setting next_dagrun for product_price_pipeline to 2026-02-06 21:00:00+00:00, run_after=2026-02-07 21:00:00+00:00
[2026-02-07T08:43:26.359+0000] {processor.py:183} INFO - Processing /opt/airflow/dags/product_pipeline_dag.py took 0.198 seconds
[2026-02-07T08:43:58.333+0000] {processor.py:161} INFO - Started process (PID=569) to work on /opt/airflow/dags/product_pipeline_dag.py
[2026-02-07T08:43:58.336+0000] {processor.py:830} INFO - Processing file /opt/airflow/dags/product_pipeline_dag.py for tasks to queue
[2026-02-07T08:43:58.340+0000] {logging_mixin.py:188} INFO - [2026-02-07T08:43:58.339+0000] {dagbag.py:545} INFO - Filling up the DagBag from /opt/airflow/dags/product_pipeline_dag.py
[2026-02-07T08:43:58.395+0000] {processor.py:840} INFO - DAG(s) 'product_price_pipeline' retrieved from /opt/airflow/dags/product_pipeline_dag.py
[2026-02-07T08:43:58.463+0000] {logging_mixin.py:188} INFO - [2026-02-07T08:43:58.463+0000] {dag.py:3089} INFO - Sync 1 DAGs
[2026-02-07T08:43:58.501+0000] {logging_mixin.py:188} INFO - [2026-02-07T08:43:58.500+0000] {dag.py:3947} INFO - Setting next_dagrun for product_price_pipeline to 2026-02-06 21:00:00+00:00, run_after=2026-02-07 21:00:00+00:00
[2026-02-07T08:43:58.541+0000] {processor.py:183} INFO - Processing /opt/airflow/dags/product_pipeline_dag.py took 0.220 seconds
[2026-02-07T08:44:29.545+0000] {processor.py:161} INFO - Started process (PID=574) to work on /opt/airflow/dags/product_pipeline_dag.py
[2026-02-07T08:44:29.547+0000] {processor.py:830} INFO - Processing file /opt/airflow/dags/product_pipeline_dag.py for tasks to queue
[2026-02-07T08:44:29.551+0000] {logging_mixin.py:188} INFO - [2026-02-07T08:44:29.550+0000] {dagbag.py:545} INFO - Filling up the DagBag from /opt/airflow/dags/product_pipeline_dag.py
[2026-02-07T08:44:29.617+0000] {processor.py:840} INFO - DAG(s) 'product_price_pipeline' retrieved from /opt/airflow/dags/product_pipeline_dag.py
[2026-02-07T08:44:29.671+0000] {logging_mixin.py:188} INFO - [2026-02-07T08:44:29.671+0000] {dag.py:3089} INFO - Sync 1 DAGs
[2026-02-07T08:44:29.695+0000] {logging_mixin.py:188} INFO - [2026-02-07T08:44:29.695+0000] {dag.py:3947} INFO - Setting next_dagrun for product_price_pipeline to 2026-02-06 21:00:00+00:00, run_after=2026-02-07 21:00:00+00:00
[2026-02-07T08:44:29.728+0000] {processor.py:183} INFO - Processing /opt/airflow/dags/product_pipeline_dag.py took 0.194 seconds
[2026-02-07T08:45:01.676+0000] {processor.py:161} INFO - Started process (PID=579) to work on /opt/airflow/dags/product_pipeline_dag.py
[2026-02-07T08:45:01.678+0000] {processor.py:830} INFO - Processing file /opt/airflow/dags/product_pipeline_dag.py for tasks to queue
[2026-02-07T08:45:01.682+0000] {logging_mixin.py:188} INFO - [2026-02-07T08:45:01.682+0000] {dagbag.py:545} INFO - Filling up the DagBag from /opt/airflow/dags/product_pipeline_dag.py
[2026-02-07T08:45:01.740+0000] {processor.py:840} INFO - DAG(s) 'product_price_pipeline' retrieved from /opt/airflow/dags/product_pipeline_dag.py
[2026-02-07T08:45:01.798+0000] {logging_mixin.py:188} INFO - [2026-02-07T08:45:01.798+0000] {dag.py:3089} INFO - Sync 1 DAGs
[2026-02-07T08:45:01.839+0000] {logging_mixin.py:188} INFO - [2026-02-07T08:45:01.838+0000] {dag.py:3947} INFO - Setting next_dagrun for product_price_pipeline to 2026-02-06 21:00:00+00:00, run_after=2026-02-07 21:00:00+00:00
[2026-02-07T08:45:01.883+0000] {processor.py:183} INFO - Processing /opt/airflow/dags/product_pipeline_dag.py took 0.217 seconds
[2026-02-07T08:45:33.070+0000] {processor.py:161} INFO - Started process (PID=584) to work on /opt/airflow/dags/product_pipeline_dag.py
[2026-02-07T08:45:33.072+0000] {processor.py:830} INFO - Processing file /opt/airflow/dags/product_pipeline_dag.py for tasks to queue
[2026-02-07T08:45:33.076+0000] {logging_mixin.py:188} INFO - [2026-02-07T08:45:33.076+0000] {dagbag.py:545} INFO - Filling up the DagBag from /opt/airflow/dags/product_pipeline_dag.py
[2026-02-07T08:45:33.138+0000] {processor.py:840} INFO - DAG(s) 'product_price_pipeline' retrieved from /opt/airflow/dags/product_pipeline_dag.py
[2026-02-07T08:45:33.174+0000] {logging_mixin.py:188} INFO - [2026-02-07T08:45:33.174+0000] {dag.py:3089} INFO - Sync 1 DAGs
[2026-02-07T08:45:33.200+0000] {logging_mixin.py:188} INFO - [2026-02-07T08:45:33.199+0000] {dag.py:3947} INFO - Setting next_dagrun for product_price_pipeline to 2026-02-06 21:00:00+00:00, run_after=2026-02-07 21:00:00+00:00
[2026-02-07T08:45:33.232+0000] {processor.py:183} INFO - Processing /opt/airflow/dags/product_pipeline_dag.py took 0.173 seconds
[2026-02-07T08:46:05.650+0000] {processor.py:161} INFO - Started process (PID=589) to work on /opt/airflow/dags/product_pipeline_dag.py
[2026-02-07T08:46:05.671+0000] {processor.py:830} INFO - Processing file /opt/airflow/dags/product_pipeline_dag.py for tasks to queue
[2026-02-07T08:46:05.717+0000] {logging_mixin.py:188} INFO - [2026-02-07T08:46:05.709+0000] {dagbag.py:545} INFO - Filling up the DagBag from /opt/airflow/dags/product_pipeline_dag.py
[2026-02-07T08:46:05.882+0000] {processor.py:840} INFO - DAG(s) 'product_price_pipeline' retrieved from /opt/airflow/dags/product_pipeline_dag.py
[2026-02-07T08:46:06.066+0000] {logging_mixin.py:188} INFO - [2026-02-07T08:46:06.065+0000] {dag.py:3089} INFO - Sync 1 DAGs
[2026-02-07T08:46:06.115+0000] {logging_mixin.py:188} INFO - [2026-02-07T08:46:06.114+0000] {dag.py:3947} INFO - Setting next_dagrun for product_price_pipeline to 2026-02-06 21:00:00+00:00, run_after=2026-02-07 21:00:00+00:00
[2026-02-07T08:46:06.147+0000] {processor.py:183} INFO - Processing /opt/airflow/dags/product_pipeline_dag.py took 0.703 seconds
[2026-02-07T08:46:37.693+0000] {processor.py:161} INFO - Started process (PID=597) to work on /opt/airflow/dags/product_pipeline_dag.py
[2026-02-07T08:46:37.697+0000] {processor.py:830} INFO - Processing file /opt/airflow/dags/product_pipeline_dag.py for tasks to queue
[2026-02-07T08:46:37.708+0000] {logging_mixin.py:188} INFO - [2026-02-07T08:46:37.706+0000] {dagbag.py:545} INFO - Filling up the DagBag from /opt/airflow/dags/product_pipeline_dag.py
[2026-02-07T08:46:37.827+0000] {processor.py:840} INFO - DAG(s) 'product_price_pipeline' retrieved from /opt/airflow/dags/product_pipeline_dag.py
[2026-02-07T08:46:38.038+0000] {logging_mixin.py:188} INFO - [2026-02-07T08:46:38.037+0000] {dag.py:3089} INFO - Sync 1 DAGs
[2026-02-07T08:46:38.192+0000] {logging_mixin.py:188} INFO - [2026-02-07T08:46:38.191+0000] {dag.py:3947} INFO - Setting next_dagrun for product_price_pipeline to 2026-02-06 21:00:00+00:00, run_after=2026-02-07 21:00:00+00:00
[2026-02-07T08:46:38.276+0000] {processor.py:183} INFO - Processing /opt/airflow/dags/product_pipeline_dag.py took 0.672 seconds
[2026-02-07T08:47:09.230+0000] {processor.py:161} INFO - Started process (PID=602) to work on /opt/airflow/dags/product_pipeline_dag.py
[2026-02-07T08:47:09.233+0000] {processor.py:830} INFO - Processing file /opt/airflow/dags/product_pipeline_dag.py for tasks to queue
[2026-02-07T08:47:09.251+0000] {logging_mixin.py:188} INFO - [2026-02-07T08:47:09.249+0000] {dagbag.py:545} INFO - Filling up the DagBag from /opt/airflow/dags/product_pipeline_dag.py
[2026-02-07T08:47:09.348+0000] {processor.py:840} INFO - DAG(s) 'product_price_pipeline' retrieved from /opt/airflow/dags/product_pipeline_dag.py
[2026-02-07T08:47:09.447+0000] {logging_mixin.py:188} INFO - [2026-02-07T08:47:09.446+0000] {dag.py:3089} INFO - Sync 1 DAGs
[2026-02-07T08:47:09.501+0000] {logging_mixin.py:188} INFO - [2026-02-07T08:47:09.501+0000] {dag.py:3947} INFO - Setting next_dagrun for product_price_pipeline to 2026-02-06 21:00:00+00:00, run_after=2026-02-07 21:00:00+00:00
[2026-02-07T08:47:09.561+0000] {processor.py:183} INFO - Processing /opt/airflow/dags/product_pipeline_dag.py took 0.376 seconds
[2026-02-07T08:47:40.035+0000] {processor.py:161} INFO - Started process (PID=607) to work on /opt/airflow/dags/product_pipeline_dag.py
[2026-02-07T08:47:40.038+0000] {processor.py:830} INFO - Processing file /opt/airflow/dags/product_pipeline_dag.py for tasks to queue
[2026-02-07T08:47:40.050+0000] {logging_mixin.py:188} INFO - [2026-02-07T08:47:40.047+0000] {dagbag.py:545} INFO - Filling up the DagBag from /opt/airflow/dags/product_pipeline_dag.py
[2026-02-07T08:47:40.166+0000] {processor.py:840} INFO - DAG(s) 'product_price_pipeline' retrieved from /opt/airflow/dags/product_pipeline_dag.py
[2026-02-07T08:47:40.280+0000] {logging_mixin.py:188} INFO - [2026-02-07T08:47:40.280+0000] {dag.py:3089} INFO - Sync 1 DAGs
[2026-02-07T08:47:40.320+0000] {logging_mixin.py:188} INFO - [2026-02-07T08:47:40.320+0000] {dag.py:3947} INFO - Setting next_dagrun for product_price_pipeline to 2026-02-06 21:00:00+00:00, run_after=2026-02-07 21:00:00+00:00
[2026-02-07T08:47:40.375+0000] {processor.py:183} INFO - Processing /opt/airflow/dags/product_pipeline_dag.py took 0.385 seconds
[2026-02-07T08:48:10.778+0000] {processor.py:161} INFO - Started process (PID=612) to work on /opt/airflow/dags/product_pipeline_dag.py
[2026-02-07T08:48:10.785+0000] {processor.py:830} INFO - Processing file /opt/airflow/dags/product_pipeline_dag.py for tasks to queue
[2026-02-07T08:48:10.796+0000] {logging_mixin.py:188} INFO - [2026-02-07T08:48:10.795+0000] {dagbag.py:545} INFO - Filling up the DagBag from /opt/airflow/dags/product_pipeline_dag.py
[2026-02-07T08:48:10.780+0000] {processor.py:840} INFO - DAG(s) 'product_price_pipeline' retrieved from /opt/airflow/dags/product_pipeline_dag.py
[2026-02-07T08:48:11.876+0000] {logging_mixin.py:188} INFO - [2026-02-07T08:48:11.876+0000] {dag.py:3089} INFO - Sync 1 DAGs
[2026-02-07T08:48:11.942+0000] {logging_mixin.py:188} INFO - [2026-02-07T08:48:11.941+0000] {dag.py:3947} INFO - Setting next_dagrun for product_price_pipeline to 2026-02-06 21:00:00+00:00, run_after=2026-02-07 21:00:00+00:00
[2026-02-07T08:48:11.988+0000] {processor.py:183} INFO - Processing /opt/airflow/dags/product_pipeline_dag.py took 0.395 seconds
[2026-02-07T08:48:45.646+0000] {processor.py:161} INFO - Started process (PID=618) to work on /opt/airflow/dags/product_pipeline_dag.py
[2026-02-07T08:48:45.717+0000] {processor.py:830} INFO - Processing file /opt/airflow/dags/product_pipeline_dag.py for tasks to queue
[2026-02-07T08:48:45.946+0000] {logging_mixin.py:188} INFO - [2026-02-07T08:48:45.923+0000] {dagbag.py:545} INFO - Filling up the DagBag from /opt/airflow/dags/product_pipeline_dag.py
[2026-02-07T08:48:46.844+0000] {processor.py:840} INFO - DAG(s) 'product_price_pipeline' retrieved from /opt/airflow/dags/product_pipeline_dag.py
[2026-02-07T08:48:48.458+0000] {logging_mixin.py:188} INFO - [2026-02-07T08:48:48.456+0000] {dag.py:3089} INFO - Sync 1 DAGs
[2026-02-07T08:48:49.276+0000] {logging_mixin.py:188} INFO - [2026-02-07T08:48:49.274+0000] {dag.py:3947} INFO - Setting next_dagrun for product_price_pipeline to 2026-02-06 21:00:00+00:00, run_after=2026-02-07 21:00:00+00:00
[2026-02-07T08:48:49.609+0000] {processor.py:183} INFO - Processing /opt/airflow/dags/product_pipeline_dag.py took 4.768 seconds
[2026-02-07T08:49:20.570+0000] {processor.py:161} INFO - Started process (PID=646) to work on /opt/airflow/dags/product_pipeline_dag.py
[2026-02-07T08:49:20.577+0000] {processor.py:830} INFO - Processing file /opt/airflow/dags/product_pipeline_dag.py for tasks to queue
[2026-02-07T08:49:20.613+0000] {logging_mixin.py:188} INFO - [2026-02-07T08:49:20.609+0000] {dagbag.py:545} INFO - Filling up the DagBag from /opt/airflow/dags/product_pipeline_dag.py
[2026-02-07T08:49:20.789+0000] {processor.py:840} INFO - DAG(s) 'product_price_pipeline' retrieved from /opt/airflow/dags/product_pipeline_dag.py
[2026-02-07T08:49:20.956+0000] {logging_mixin.py:188} INFO - [2026-02-07T08:49:20.955+0000] {dag.py:3089} INFO - Sync 1 DAGs
[2026-02-07T08:49:21.097+0000] {logging_mixin.py:188} INFO - [2026-02-07T08:49:21.097+0000] {dag.py:3947} INFO - Setting next_dagrun for product_price_pipeline to 2026-02-06 21:00:00+00:00, run_after=2026-02-07 21:00:00+00:00
[2026-02-07T08:49:21.185+0000] {processor.py:183} INFO - Processing /opt/airflow/dags/product_pipeline_dag.py took 0.699 seconds
[2026-02-07T08:49:55.314+0000] {processor.py:161} INFO - Started process (PID=651) to work on /opt/airflow/dags/product_pipeline_dag.py
[2026-02-07T08:49:55.378+0000] {processor.py:830} INFO - Processing file /opt/airflow/dags/product_pipeline_dag.py for tasks to queue
[2026-02-07T08:49:55.607+0000] {logging_mixin.py:188} INFO - [2026-02-07T08:49:55.564+0000] {dagbag.py:545} INFO - Filling up the DagBag from /opt/airflow/dags/product_pipeline_dag.py
[2026-02-07T08:49:56.155+0000] {processor.py:840} INFO - DAG(s) 'product_price_pipeline' retrieved from /opt/airflow/dags/product_pipeline_dag.py
[2026-02-07T08:49:56.690+0000] {logging_mixin.py:188} INFO - [2026-02-07T08:49:56.688+0000] {dag.py:3089} INFO - Sync 1 DAGs
[2026-02-07T08:49:56.916+0000] {logging_mixin.py:188} INFO - [2026-02-07T08:49:56.916+0000] {dag.py:3947} INFO - Setting next_dagrun for product_price_pipeline to 2026-02-06 21:00:00+00:00, run_after=2026-02-07 21:00:00+00:00
[2026-02-07T08:49:57.059+0000] {processor.py:183} INFO - Processing /opt/airflow/dags/product_pipeline_dag.py took 2.238 seconds
[2026-02-07T08:50:27.486+0000] {processor.py:161} INFO - Started process (PID=656) to work on /opt/airflow/dags/product_pipeline_dag.py
[2026-02-07T08:50:27.500+0000] {processor.py:830} INFO - Processing file /opt/airflow/dags/product_pipeline_dag.py for tasks to queue
[2026-02-07T08:50:27.510+0000] {logging_mixin.py:188} INFO - [2026-02-07T08:50:27.509+0000] {dagbag.py:545} INFO - Filling up the DagBag from /opt/airflow/dags/product_pipeline_dag.py
[2026-02-07T08:50:27.619+0000] {processor.py:840} INFO - DAG(s) 'product_price_pipeline' retrieved from /opt/airflow/dags/product_pipeline_dag.py
[2026-02-07T08:50:27.734+0000] {logging_mixin.py:188} INFO - [2026-02-07T08:50:27.734+0000] {dag.py:3089} INFO - Sync 1 DAGs
[2026-02-07T08:50:27.795+0000] {logging_mixin.py:188} INFO - [2026-02-07T08:50:27.795+0000] {dag.py:3947} INFO - Setting next_dagrun for product_price_pipeline to 2026-02-06 21:00:00+00:00, run_after=2026-02-07 21:00:00+00:00
[2026-02-07T08:50:27.871+0000] {processor.py:183} INFO - Processing /opt/airflow/dags/product_pipeline_dag.py took 0.411 seconds
[2026-02-07T08:50:58.394+0000] {processor.py:161} INFO - Started process (PID=661) to work on /opt/airflow/dags/product_pipeline_dag.py
[2026-02-07T08:50:58.399+0000] {processor.py:830} INFO - Processing file /opt/airflow/dags/product_pipeline_dag.py for tasks to queue
[2026-02-07T08:50:58.416+0000] {logging_mixin.py:188} INFO - [2026-02-07T08:50:58.413+0000] {dagbag.py:545} INFO - Filling up the DagBag from /opt/airflow/dags/product_pipeline_dag.py
[2026-02-07T08:50:58.642+0000] {processor.py:840} INFO - DAG(s) 'product_price_pipeline' retrieved from /opt/airflow/dags/product_pipeline_dag.py
[2026-02-07T08:50:58.899+0000] {logging_mixin.py:188} INFO - [2026-02-07T08:50:58.898+0000] {dag.py:3089} INFO - Sync 1 DAGs
[2026-02-07T08:50:58.986+0000] {logging_mixin.py:188} INFO - [2026-02-07T08:50:58.986+0000] {dag.py:3947} INFO - Setting next_dagrun for product_price_pipeline to 2026-02-06 21:00:00+00:00, run_after=2026-02-07 21:00:00+00:00
[2026-02-07T08:50:59.109+0000] {processor.py:183} INFO - Processing /opt/airflow/dags/product_pipeline_dag.py took 0.779 seconds
[2026-02-07T08:51:29.628+0000] {processor.py:161} INFO - Started process (PID=666) to work on /opt/airflow/dags/product_pipeline_dag.py
[2026-02-07T08:51:29.631+0000] {processor.py:830} INFO - Processing file /opt/airflow/dags/product_pipeline_dag.py for tasks to queue
[2026-02-07T08:51:29.645+0000] {logging_mixin.py:188} INFO - [2026-02-07T08:51:29.643+0000] {dagbag.py:545} INFO - Filling up the DagBag from /opt/airflow/dags/product_pipeline_dag.py
[2026-02-07T08:51:29.732+0000] {processor.py:840} INFO - DAG(s) 'product_price_pipeline' retrieved from /opt/airflow/dags/product_pipeline_dag.py
[2026-02-07T08:51:29.891+0000] {logging_mixin.py:188} INFO - [2026-02-07T08:51:29.891+0000] {dag.py:3089} INFO - Sync 1 DAGs
[2026-02-07T08:51:29.969+0000] {logging_mixin.py:188} INFO - [2026-02-07T08:51:29.969+0000] {dag.py:3947} INFO - Setting next_dagrun for product_price_pipeline to 2026-02-06 21:00:00+00:00, run_after=2026-02-07 21:00:00+00:00
[2026-02-07T08:51:30.120+0000] {processor.py:183} INFO - Processing /opt/airflow/dags/product_pipeline_dag.py took 0.541 seconds
[2026-02-07T08:52:00.319+0000] {processor.py:161} INFO - Started process (PID=671) to work on /opt/airflow/dags/product_pipeline_dag.py
[2026-02-07T08:52:00.322+0000] {processor.py:830} INFO - Processing file /opt/airflow/dags/product_pipeline_dag.py for tasks to queue
[2026-02-07T08:52:00.326+0000] {logging_mixin.py:188} INFO - [2026-02-07T08:52:00.326+0000] {dagbag.py:545} INFO - Filling up the DagBag from /opt/airflow/dags/product_pipeline_dag.py
[2026-02-07T08:52:00.399+0000] {processor.py:840} INFO - DAG(s) 'product_price_pipeline' retrieved from /opt/airflow/dags/product_pipeline_dag.py
[2026-02-07T08:52:00.465+0000] {logging_mixin.py:188} INFO - [2026-02-07T08:52:00.464+0000] {dag.py:3089} INFO - Sync 1 DAGs
[2026-02-07T08:52:00.513+0000] {logging_mixin.py:188} INFO - [2026-02-07T08:52:00.513+0000] {dag.py:3947} INFO - Setting next_dagrun for product_price_pipeline to 2026-02-06 21:00:00+00:00, run_after=2026-02-07 21:00:00+00:00
[2026-02-07T08:52:00.562+0000] {processor.py:183} INFO - Processing /opt/airflow/dags/product_pipeline_dag.py took 0.262 seconds
[2026-02-07T08:52:31.431+0000] {processor.py:161} INFO - Started process (PID=676) to work on /opt/airflow/dags/product_pipeline_dag.py
[2026-02-07T08:52:31.436+0000] {processor.py:830} INFO - Processing file /opt/airflow/dags/product_pipeline_dag.py for tasks to queue
[2026-02-07T08:52:31.457+0000] {logging_mixin.py:188} INFO - [2026-02-07T08:52:31.454+0000] {dagbag.py:545} INFO - Filling up the DagBag from /opt/airflow/dags/product_pipeline_dag.py
[2026-02-07T08:52:31.682+0000] {processor.py:840} INFO - DAG(s) 'product_price_pipeline' retrieved from /opt/airflow/dags/product_pipeline_dag.py
[2026-02-07T08:52:31.847+0000] {logging_mixin.py:188} INFO - [2026-02-07T08:52:31.846+0000] {dag.py:3089} INFO - Sync 1 DAGs
[2026-02-07T08:52:31.981+0000] {logging_mixin.py:188} INFO - [2026-02-07T08:52:31.980+0000] {dag.py:3947} INFO - Setting next_dagrun for product_price_pipeline to 2026-02-06 21:00:00+00:00, run_after=2026-02-07 21:00:00+00:00
[2026-02-07T08:52:32.105+0000] {processor.py:183} INFO - Processing /opt/airflow/dags/product_pipeline_dag.py took 0.748 seconds
[2026-02-07T08:53:03.028+0000] {processor.py:161} INFO - Started process (PID=681) to work on /opt/airflow/dags/product_pipeline_dag.py
[2026-02-07T08:53:03.042+0000] {processor.py:830} INFO - Processing file /opt/airflow/dags/product_pipeline_dag.py for tasks to queue
[2026-02-07T08:53:03.075+0000] {logging_mixin.py:188} INFO - [2026-02-07T08:53:03.069+0000] {dagbag.py:545} INFO - Filling up the DagBag from /opt/airflow/dags/product_pipeline_dag.py
[2026-02-07T08:53:03.351+0000] {processor.py:840} INFO - DAG(s) 'product_price_pipeline' retrieved from /opt/airflow/dags/product_pipeline_dag.py
[2026-02-07T08:53:03.640+0000] {logging_mixin.py:188} INFO - [2026-02-07T08:53:03.639+0000] {dag.py:3089} INFO - Sync 1 DAGs
[2026-02-07T08:53:03.817+0000] {logging_mixin.py:188} INFO - [2026-02-07T08:53:03.816+0000] {dag.py:3947} INFO - Setting next_dagrun for product_price_pipeline to 2026-02-06 21:00:00+00:00, run_after=2026-02-07 21:00:00+00:00
[2026-02-07T08:53:04.067+0000] {processor.py:183} INFO - Processing /opt/airflow/dags/product_pipeline_dag.py took 1.137 seconds
[2026-02-07T08:53:36.589+0000] {processor.py:161} INFO - Started process (PID=686) to work on /opt/airflow/dags/product_pipeline_dag.py
[2026-02-07T08:53:36.605+0000] {processor.py:830} INFO - Processing file /opt/airflow/dags/product_pipeline_dag.py for tasks to queue
[2026-02-07T08:53:36.658+0000] {logging_mixin.py:188} INFO - [2026-02-07T08:53:36.649+0000] {dagbag.py:545} INFO - Filling up the DagBag from /opt/airflow/dags/product_pipeline_dag.py
[2026-02-07T08:53:37.012+0000] {processor.py:840} INFO - DAG(s) 'product_price_pipeline' retrieved from /opt/airflow/dags/product_pipeline_dag.py
[2026-02-07T08:53:37.667+0000] {logging_mixin.py:188} INFO - [2026-02-07T08:53:37.666+0000] {dag.py:3089} INFO - Sync 1 DAGs
[2026-02-07T08:53:38.083+0000] {logging_mixin.py:188} INFO - [2026-02-07T08:53:38.083+0000] {dag.py:3947} INFO - Setting next_dagrun for product_price_pipeline to 2026-02-06 21:00:00+00:00, run_after=2026-02-07 21:00:00+00:00
[2026-02-07T08:53:38.262+0000] {processor.py:183} INFO - Processing /opt/airflow/dags/product_pipeline_dag.py took 1.850 seconds
[2026-02-07T08:54:10.809+0000] {processor.py:161} INFO - Started process (PID=691) to work on /opt/airflow/dags/product_pipeline_dag.py
[2026-02-07T08:54:10.838+0000] {processor.py:830} INFO - Processing file /opt/airflow/dags/product_pipeline_dag.py for tasks to queue
[2026-02-07T08:54:10.940+0000] {logging_mixin.py:188} INFO - [2026-02-07T08:54:10.928+0000] {dagbag.py:545} INFO - Filling up the DagBag from /opt/airflow/dags/product_pipeline_dag.py
[2026-02-07T08:54:11.642+0000] {processor.py:840} INFO - DAG(s) 'product_price_pipeline' retrieved from /opt/airflow/dags/product_pipeline_dag.py
[2026-02-07T08:54:12.379+0000] {logging_mixin.py:188} INFO - [2026-02-07T08:54:12.378+0000] {dag.py:3089} INFO - Sync 1 DAGs
[2026-02-07T08:54:12.760+0000] {logging_mixin.py:188} INFO - [2026-02-07T08:54:12.758+0000] {dag.py:3947} INFO - Setting next_dagrun for product_price_pipeline to 2026-02-06 21:00:00+00:00, run_after=2026-02-07 21:00:00+00:00
[2026-02-07T08:54:12.880+0000] {processor.py:183} INFO - Processing /opt/airflow/dags/product_pipeline_dag.py took 2.416 seconds
[2026-02-07T08:54:44.071+0000] {processor.py:161} INFO - Started process (PID=696) to work on /opt/airflow/dags/product_pipeline_dag.py
[2026-02-07T08:54:44.080+0000] {processor.py:830} INFO - Processing file /opt/airflow/dags/product_pipeline_dag.py for tasks to queue
[2026-02-07T08:54:44.108+0000] {logging_mixin.py:188} INFO - [2026-02-07T08:54:44.101+0000] {dagbag.py:545} INFO - Filling up the DagBag from /opt/airflow/dags/product_pipeline_dag.py
[2026-02-07T08:54:44.408+0000] {processor.py:840} INFO - DAG(s) 'product_price_pipeline' retrieved from /opt/airflow/dags/product_pipeline_dag.py
[2026-02-07T08:54:44.619+0000] {logging_mixin.py:188} INFO - [2026-02-07T08:54:44.618+0000] {dag.py:3089} INFO - Sync 1 DAGs
[2026-02-07T08:54:44.740+0000] {logging_mixin.py:188} INFO - [2026-02-07T08:54:44.740+0000] {dag.py:3947} INFO - Setting next_dagrun for product_price_pipeline to 2026-02-06 21:00:00+00:00, run_after=2026-02-07 21:00:00+00:00
[2026-02-07T08:54:44.801+0000] {processor.py:183} INFO - Processing /opt/airflow/dags/product_pipeline_dag.py took 0.792 seconds
[2026-02-07T08:55:15.430+0000] {processor.py:161} INFO - Started process (PID=701) to work on /opt/airflow/dags/product_pipeline_dag.py
[2026-02-07T08:55:15.441+0000] {processor.py:830} INFO - Processing file /opt/airflow/dags/product_pipeline_dag.py for tasks to queue
[2026-02-07T08:55:15.473+0000] {logging_mixin.py:188} INFO - [2026-02-07T08:55:15.466+0000] {dagbag.py:545} INFO - Filling up the DagBag from /opt/airflow/dags/product_pipeline_dag.py
[2026-02-07T08:55:15.699+0000] {processor.py:840} INFO - DAG(s) 'product_price_pipeline' retrieved from /opt/airflow/dags/product_pipeline_dag.py
[2026-02-07T08:55:16.024+0000] {logging_mixin.py:188} INFO - [2026-02-07T08:55:16.023+0000] {dag.py:3089} INFO - Sync 1 DAGs
[2026-02-07T08:55:16.143+0000] {logging_mixin.py:188} INFO - [2026-02-07T08:55:16.142+0000] {dag.py:3947} INFO - Setting next_dagrun for product_price_pipeline to 2026-02-06 21:00:00+00:00, run_after=2026-02-07 21:00:00+00:00
[2026-02-07T08:55:16.214+0000] {processor.py:183} INFO - Processing /opt/airflow/dags/product_pipeline_dag.py took 0.906 seconds
[2026-02-07T08:55:46.565+0000] {processor.py:161} INFO - Started process (PID=706) to work on /opt/airflow/dags/product_pipeline_dag.py
[2026-02-07T08:55:46.571+0000] {processor.py:830} INFO - Processing file /opt/airflow/dags/product_pipeline_dag.py for tasks to queue
[2026-02-07T08:55:46.578+0000] {logging_mixin.py:188} INFO - [2026-02-07T08:55:46.577+0000] {dagbag.py:545} INFO - Filling up the DagBag from /opt/airflow/dags/product_pipeline_dag.py
[2026-02-07T08:55:46.685+0000] {processor.py:840} INFO - DAG(s) 'product_price_pipeline' retrieved from /opt/airflow/dags/product_pipeline_dag.py
[2026-02-07T08:55:46.790+0000] {logging_mixin.py:188} INFO - [2026-02-07T08:55:46.790+0000] {dag.py:3089} INFO - Sync 1 DAGs
[2026-02-07T08:55:46.825+0000] {logging_mixin.py:188} INFO - [2026-02-07T08:55:46.824+0000] {dag.py:3947} INFO - Setting next_dagrun for product_price_pipeline to 2026-02-06 21:00:00+00:00, run_after=2026-02-07 21:00:00+00:00
[2026-02-07T08:55:46.863+0000] {processor.py:183} INFO - Processing /opt/airflow/dags/product_pipeline_dag.py took 0.328 seconds
[2026-02-07T08:56:17.648+0000] {processor.py:161} INFO - Started process (PID=711) to work on /opt/airflow/dags/product_pipeline_dag.py
[2026-02-07T08:56:17.655+0000] {processor.py:830} INFO - Processing file /opt/airflow/dags/product_pipeline_dag.py for tasks to queue
[2026-02-07T08:56:17.681+0000] {logging_mixin.py:188} INFO - [2026-02-07T08:56:17.676+0000] {dagbag.py:545} INFO - Filling up the DagBag from /opt/airflow/dags/product_pipeline_dag.py
[2026-02-07T08:56:17.946+0000] {processor.py:840} INFO - DAG(s) 'product_price_pipeline' retrieved from /opt/airflow/dags/product_pipeline_dag.py
[2026-02-07T08:56:18.323+0000] {logging_mixin.py:188} INFO - [2026-02-07T08:56:18.323+0000] {dag.py:3089} INFO - Sync 1 DAGs
[2026-02-07T08:56:18.506+0000] {logging_mixin.py:188} INFO - [2026-02-07T08:56:18.505+0000] {dag.py:3947} INFO - Setting next_dagrun for product_price_pipeline to 2026-02-06 21:00:00+00:00, run_after=2026-02-07 21:00:00+00:00
[2026-02-07T08:56:18.631+0000] {processor.py:183} INFO - Processing /opt/airflow/dags/product_pipeline_dag.py took 1.110 seconds
[2026-02-07T08:56:49.351+0000] {processor.py:161} INFO - Started process (PID=716) to work on /opt/airflow/dags/product_pipeline_dag.py
[2026-02-07T08:56:49.362+0000] {processor.py:830} INFO - Processing file /opt/airflow/dags/product_pipeline_dag.py for tasks to queue
[2026-02-07T08:56:49.372+0000] {logging_mixin.py:188} INFO - [2026-02-07T08:56:49.370+0000] {dagbag.py:545} INFO - Filling up the DagBag from /opt/airflow/dags/product_pipeline_dag.py
[2026-02-07T08:56:49.468+0000] {processor.py:840} INFO - DAG(s) 'product_price_pipeline' retrieved from /opt/airflow/dags/product_pipeline_dag.py
[2026-02-07T08:56:49.580+0000] {logging_mixin.py:188} INFO - [2026-02-07T08:56:49.580+0000] {dag.py:3089} INFO - Sync 1 DAGs
[2026-02-07T08:56:49.641+0000] {logging_mixin.py:188} INFO - [2026-02-07T08:56:49.641+0000] {dag.py:3947} INFO - Setting next_dagrun for product_price_pipeline to 2026-02-06 21:00:00+00:00, run_after=2026-02-07 21:00:00+00:00
[2026-02-07T08:56:49.669+0000] {processor.py:183} INFO - Processing /opt/airflow/dags/product_pipeline_dag.py took 0.342 seconds
[2026-02-07T08:57:19.907+0000] {processor.py:161} INFO - Started process (PID=721) to work on /opt/airflow/dags/product_pipeline_dag.py
[2026-02-07T08:57:19.910+0000] {processor.py:830} INFO - Processing file /opt/airflow/dags/product_pipeline_dag.py for tasks to queue
[2026-02-07T08:57:19.914+0000] {logging_mixin.py:188} INFO - [2026-02-07T08:57:19.913+0000] {dagbag.py:545} INFO - Filling up the DagBag from /opt/airflow/dags/product_pipeline_dag.py
[2026-02-07T08:57:19.987+0000] {processor.py:840} INFO - DAG(s) 'product_price_pipeline' retrieved from /opt/airflow/dags/product_pipeline_dag.py
[2026-02-07T08:57:20.088+0000] {logging_mixin.py:188} INFO - [2026-02-07T08:57:20.088+0000] {dag.py:3089} INFO - Sync 1 DAGs
[2026-02-07T08:57:20.158+0000] {logging_mixin.py:188} INFO - [2026-02-07T08:57:20.157+0000] {dag.py:3947} INFO - Setting next_dagrun for product_price_pipeline to 2026-02-06 21:00:00+00:00, run_after=2026-02-07 21:00:00+00:00
[2026-02-07T08:57:20.233+0000] {processor.py:183} INFO - Processing /opt/airflow/dags/product_pipeline_dag.py took 0.352 seconds
[2026-02-07T08:57:50.975+0000] {processor.py:161} INFO - Started process (PID=726) to work on /opt/airflow/dags/product_pipeline_dag.py
[2026-02-07T08:57:50.990+0000] {processor.py:830} INFO - Processing file /opt/airflow/dags/product_pipeline_dag.py for tasks to queue
[2026-02-07T08:57:51.001+0000] {logging_mixin.py:188} INFO - [2026-02-07T08:57:51.000+0000] {dagbag.py:545} INFO - Filling up the DagBag from /opt/airflow/dags/product_pipeline_dag.py
[2026-02-07T08:57:51.267+0000] {processor.py:840} INFO - DAG(s) 'product_price_pipeline' retrieved from /opt/airflow/dags/product_pipeline_dag.py
[2026-02-07T08:57:51.366+0000] {logging_mixin.py:188} INFO - [2026-02-07T08:57:51.366+0000] {dag.py:3089} INFO - Sync 1 DAGs
[2026-02-07T08:57:51.440+0000] {logging_mixin.py:188} INFO - [2026-02-07T08:57:51.439+0000] {dag.py:3947} INFO - Setting next_dagrun for product_price_pipeline to 2026-02-06 21:00:00+00:00, run_after=2026-02-07 21:00:00+00:00
[2026-02-07T08:57:51.501+0000] {processor.py:183} INFO - Processing /opt/airflow/dags/product_pipeline_dag.py took 0.540 seconds
[2026-02-07T08:58:21.831+0000] {processor.py:161} INFO - Started process (PID=731) to work on /opt/airflow/dags/product_pipeline_dag.py
[2026-02-07T08:58:21.834+0000] {processor.py:830} INFO - Processing file /opt/airflow/dags/product_pipeline_dag.py for tasks to queue
[2026-02-07T08:58:21.839+0000] {logging_mixin.py:188} INFO - [2026-02-07T08:58:21.838+0000] {dagbag.py:545} INFO - Filling up the DagBag from /opt/airflow/dags/product_pipeline_dag.py
[2026-02-07T08:58:21.910+0000] {processor.py:840} INFO - DAG(s) 'product_price_pipeline' retrieved from /opt/airflow/dags/product_pipeline_dag.py
[2026-02-07T08:58:21.987+0000] {logging_mixin.py:188} INFO - [2026-02-07T08:58:21.987+0000] {dag.py:3089} INFO - Sync 1 DAGs
[2026-02-07T08:58:22.029+0000] {logging_mixin.py:188} INFO - [2026-02-07T08:58:22.029+0000] {dag.py:3947} INFO - Setting next_dagrun for product_price_pipeline to 2026-02-06 21:00:00+00:00, run_after=2026-02-07 21:00:00+00:00
[2026-02-07T08:58:22.082+0000] {processor.py:183} INFO - Processing /opt/airflow/dags/product_pipeline_dag.py took 0.279 seconds
[2026-02-07T08:58:52.969+0000] {processor.py:161} INFO - Started process (PID=736) to work on /opt/airflow/dags/product_pipeline_dag.py
[2026-02-07T08:58:52.971+0000] {processor.py:830} INFO - Processing file /opt/airflow/dags/product_pipeline_dag.py for tasks to queue
[2026-02-07T08:58:52.975+0000] {logging_mixin.py:188} INFO - [2026-02-07T08:58:52.975+0000] {dagbag.py:545} INFO - Filling up the DagBag from /opt/airflow/dags/product_pipeline_dag.py
[2026-02-07T08:58:53.046+0000] {processor.py:840} INFO - DAG(s) 'product_price_pipeline' retrieved from /opt/airflow/dags/product_pipeline_dag.py
[2026-02-07T08:58:53.094+0000] {logging_mixin.py:188} INFO - [2026-02-07T08:58:53.094+0000] {dag.py:3089} INFO - Sync 1 DAGs
[2026-02-07T08:58:53.150+0000] {logging_mixin.py:188} INFO - [2026-02-07T08:58:53.150+0000] {dag.py:3947} INFO - Setting next_dagrun for product_price_pipeline to 2026-02-06 21:00:00+00:00, run_after=2026-02-07 21:00:00+00:00
[2026-02-07T08:58:53.194+0000] {processor.py:183} INFO - Processing /opt/airflow/dags/product_pipeline_dag.py took 0.240 seconds
[2026-02-07T08:59:24.429+0000] {processor.py:161} INFO - Started process (PID=741) to work on /opt/airflow/dags/product_pipeline_dag.py
[2026-02-07T08:59:24.432+0000] {processor.py:830} INFO - Processing file /opt/airflow/dags/product_pipeline_dag.py for tasks to queue
[2026-02-07T08:59:24.439+0000] {logging_mixin.py:188} INFO - [2026-02-07T08:59:24.438+0000] {dagbag.py:545} INFO - Filling up the DagBag from /opt/airflow/dags/product_pipeline_dag.py
[2026-02-07T08:59:24.517+0000] {processor.py:840} INFO - DAG(s) 'product_price_pipeline' retrieved from /opt/airflow/dags/product_pipeline_dag.py
[2026-02-07T08:59:24.562+0000] {logging_mixin.py:188} INFO - [2026-02-07T08:59:24.562+0000] {dag.py:3089} INFO - Sync 1 DAGs
[2026-02-07T08:59:24.600+0000] {logging_mixin.py:188} INFO - [2026-02-07T08:59:24.600+0000] {dag.py:3947} INFO - Setting next_dagrun for product_price_pipeline to 2026-02-06 21:00:00+00:00, run_after=2026-02-07 21:00:00+00:00
[2026-02-07T08:59:24.645+0000] {processor.py:183} INFO - Processing /opt/airflow/dags/product_pipeline_dag.py took 0.229 seconds
[2026-02-07T08:59:56.389+0000] {processor.py:161} INFO - Started process (PID=746) to work on /opt/airflow/dags/product_pipeline_dag.py
[2026-02-07T08:59:56.393+0000] {processor.py:830} INFO - Processing file /opt/airflow/dags/product_pipeline_dag.py for tasks to queue
[2026-02-07T08:59:56.399+0000] {logging_mixin.py:188} INFO - [2026-02-07T08:59:56.398+0000] {dagbag.py:545} INFO - Filling up the DagBag from /opt/airflow/dags/product_pipeline_dag.py
[2026-02-07T08:59:56.491+0000] {processor.py:840} INFO - DAG(s) 'product_price_pipeline' retrieved from /opt/airflow/dags/product_pipeline_dag.py
[2026-02-07T08:59:56.540+0000] {logging_mixin.py:188} INFO - [2026-02-07T08:59:56.540+0000] {dag.py:3089} INFO - Sync 1 DAGs
[2026-02-07T08:59:56.604+0000] {logging_mixin.py:188} INFO - [2026-02-07T08:59:56.604+0000] {dag.py:3947} INFO - Setting next_dagrun for product_price_pipeline to 2026-02-06 21:00:00+00:00, run_after=2026-02-07 21:00:00+00:00
[2026-02-07T08:59:56.668+0000] {processor.py:183} INFO - Processing /opt/airflow/dags/product_pipeline_dag.py took 0.294 seconds
[2026-02-07T09:00:27.939+0000] {processor.py:161} INFO - Started process (PID=751) to work on /opt/airflow/dags/product_pipeline_dag.py
[2026-02-07T09:00:27.941+0000] {processor.py:830} INFO - Processing file /opt/airflow/dags/product_pipeline_dag.py for tasks to queue
[2026-02-07T09:00:27.945+0000] {logging_mixin.py:188} INFO - [2026-02-07T09:00:27.944+0000] {dagbag.py:545} INFO - Filling up the DagBag from /opt/airflow/dags/product_pipeline_dag.py
[2026-02-07T09:00:28.010+0000] {processor.py:840} INFO - DAG(s) 'product_price_pipeline' retrieved from /opt/airflow/dags/product_pipeline_dag.py
[2026-02-07T09:00:28.115+0000] {logging_mixin.py:188} INFO - [2026-02-07T09:00:28.115+0000] {dag.py:3089} INFO - Sync 1 DAGs
[2026-02-07T09:00:28.170+0000] {logging_mixin.py:188} INFO - [2026-02-07T09:00:28.170+0000] {dag.py:3947} INFO - Setting next_dagrun for product_price_pipeline to 2026-02-06 21:00:00+00:00, run_after=2026-02-07 21:00:00+00:00
[2026-02-07T09:00:28.201+0000] {processor.py:183} INFO - Processing /opt/airflow/dags/product_pipeline_dag.py took 0.274 seconds
[2026-02-07T09:01:00.134+0000] {processor.py:161} INFO - Started process (PID=756) to work on /opt/airflow/dags/product_pipeline_dag.py
[2026-02-07T09:01:00.139+0000] {processor.py:830} INFO - Processing file /opt/airflow/dags/product_pipeline_dag.py for tasks to queue
[2026-02-07T09:01:00.145+0000] {logging_mixin.py:188} INFO - [2026-02-07T09:01:00.144+0000] {dagbag.py:545} INFO - Filling up the DagBag from /opt/airflow/dags/product_pipeline_dag.py
[2026-02-07T09:01:00.215+0000] {processor.py:840} INFO - DAG(s) 'product_price_pipeline' retrieved from /opt/airflow/dags/product_pipeline_dag.py
[2026-02-07T09:01:00.272+0000] {logging_mixin.py:188} INFO - [2026-02-07T09:01:00.271+0000] {dag.py:3089} INFO - Sync 1 DAGs
[2026-02-07T09:01:00.300+0000] {logging_mixin.py:188} INFO - [2026-02-07T09:01:00.299+0000] {dag.py:3947} INFO - Setting next_dagrun for product_price_pipeline to 2026-02-06 21:00:00+00:00, run_after=2026-02-07 21:00:00+00:00
[2026-02-07T09:01:00.329+0000] {processor.py:183} INFO - Processing /opt/airflow/dags/product_pipeline_dag.py took 0.209 seconds
[2026-02-07T09:01:31.472+0000] {processor.py:161} INFO - Started process (PID=761) to work on /opt/airflow/dags/product_pipeline_dag.py
[2026-02-07T09:01:31.474+0000] {processor.py:830} INFO - Processing file /opt/airflow/dags/product_pipeline_dag.py for tasks to queue
[2026-02-07T09:01:31.478+0000] {logging_mixin.py:188} INFO - [2026-02-07T09:01:31.477+0000] {dagbag.py:545} INFO - Filling up the DagBag from /opt/airflow/dags/product_pipeline_dag.py
[2026-02-07T09:01:31.527+0000] {processor.py:840} INFO - DAG(s) 'product_price_pipeline' retrieved from /opt/airflow/dags/product_pipeline_dag.py
[2026-02-07T09:01:31.570+0000] {logging_mixin.py:188} INFO - [2026-02-07T09:01:31.570+0000] {dag.py:3089} INFO - Sync 1 DAGs
[2026-02-07T09:01:31.591+0000] {logging_mixin.py:188} INFO - [2026-02-07T09:01:31.591+0000] {dag.py:3947} INFO - Setting next_dagrun for product_price_pipeline to 2026-02-06 21:00:00+00:00, run_after=2026-02-07 21:00:00+00:00
[2026-02-07T09:01:31.616+0000] {processor.py:183} INFO - Processing /opt/airflow/dags/product_pipeline_dag.py took 0.157 seconds
[2026-02-07T09:02:03.569+0000] {processor.py:161} INFO - Started process (PID=766) to work on /opt/airflow/dags/product_pipeline_dag.py
[2026-02-07T09:02:03.574+0000] {processor.py:830} INFO - Processing file /opt/airflow/dags/product_pipeline_dag.py for tasks to queue
[2026-02-07T09:02:03.579+0000] {logging_mixin.py:188} INFO - [2026-02-07T09:02:03.578+0000] {dagbag.py:545} INFO - Filling up the DagBag from /opt/airflow/dags/product_pipeline_dag.py
[2026-02-07T09:02:03.643+0000] {processor.py:840} INFO - DAG(s) 'product_price_pipeline' retrieved from /opt/airflow/dags/product_pipeline_dag.py
[2026-02-07T09:02:03.688+0000] {logging_mixin.py:188} INFO - [2026-02-07T09:02:03.688+0000] {dag.py:3089} INFO - Sync 1 DAGs
[2026-02-07T09:02:03.710+0000] {logging_mixin.py:188} INFO - [2026-02-07T09:02:03.710+0000] {dag.py:3947} INFO - Setting next_dagrun for product_price_pipeline to 2026-02-06 21:00:00+00:00, run_after=2026-02-07 21:00:00+00:00
[2026-02-07T09:02:03.735+0000] {processor.py:183} INFO - Processing /opt/airflow/dags/product_pipeline_dag.py took 0.196 seconds
[2026-02-07T09:02:34.977+0000] {processor.py:161} INFO - Started process (PID=771) to work on /opt/airflow/dags/product_pipeline_dag.py
[2026-02-07T09:02:34.980+0000] {processor.py:830} INFO - Processing file /opt/airflow/dags/product_pipeline_dag.py for tasks to queue
[2026-02-07T09:02:34.986+0000] {logging_mixin.py:188} INFO - [2026-02-07T09:02:34.985+0000] {dagbag.py:545} INFO - Filling up the DagBag from /opt/airflow/dags/product_pipeline_dag.py
[2026-02-07T09:02:35.050+0000] {processor.py:840} INFO - DAG(s) 'product_price_pipeline' retrieved from /opt/airflow/dags/product_pipeline_dag.py
[2026-02-07T09:02:35.103+0000] {logging_mixin.py:188} INFO - [2026-02-07T09:02:35.103+0000] {dag.py:3089} INFO - Sync 1 DAGs
[2026-02-07T09:02:35.125+0000] {logging_mixin.py:188} INFO - [2026-02-07T09:02:35.125+0000] {dag.py:3947} INFO - Setting next_dagrun for product_price_pipeline to 2026-02-06 21:00:00+00:00, run_after=2026-02-07 21:00:00+00:00
[2026-02-07T09:02:35.154+0000] {processor.py:183} INFO - Processing /opt/airflow/dags/product_pipeline_dag.py took 0.190 seconds
[2026-02-07T09:03:07.089+0000] {processor.py:161} INFO - Started process (PID=776) to work on /opt/airflow/dags/product_pipeline_dag.py
[2026-02-07T09:03:07.092+0000] {processor.py:830} INFO - Processing file /opt/airflow/dags/product_pipeline_dag.py for tasks to queue
[2026-02-07T09:03:07.097+0000] {logging_mixin.py:188} INFO - [2026-02-07T09:03:07.096+0000] {dagbag.py:545} INFO - Filling up the DagBag from /opt/airflow/dags/product_pipeline_dag.py
[2026-02-07T09:03:07.148+0000] {processor.py:840} INFO - DAG(s) 'product_price_pipeline' retrieved from /opt/airflow/dags/product_pipeline_dag.py
[2026-02-07T09:03:07.215+0000] {logging_mixin.py:188} INFO - [2026-02-07T09:03:07.215+0000] {dag.py:3089} INFO - Sync 1 DAGs
[2026-02-07T09:03:07.252+0000] {logging_mixin.py:188} INFO - [2026-02-07T09:03:07.252+0000] {dag.py:3947} INFO - Setting next_dagrun for product_price_pipeline to 2026-02-06 21:00:00+00:00, run_after=2026-02-07 21:00:00+00:00
[2026-02-07T09:03:07.298+0000] {processor.py:183} INFO - Processing /opt/airflow/dags/product_pipeline_dag.py took 0.217 seconds
[2026-02-07T09:03:38.533+0000] {processor.py:161} INFO - Started process (PID=781) to work on /opt/airflow/dags/product_pipeline_dag.py
[2026-02-07T09:03:38.535+0000] {processor.py:830} INFO - Processing file /opt/airflow/dags/product_pipeline_dag.py for tasks to queue
[2026-02-07T09:03:38.540+0000] {logging_mixin.py:188} INFO - [2026-02-07T09:03:38.540+0000] {dagbag.py:545} INFO - Filling up the DagBag from /opt/airflow/dags/product_pipeline_dag.py
[2026-02-07T09:03:38.591+0000] {processor.py:840} INFO - DAG(s) 'product_price_pipeline' retrieved from /opt/airflow/dags/product_pipeline_dag.py
[2026-02-07T09:03:38.661+0000] {logging_mixin.py:188} INFO - [2026-02-07T09:03:38.660+0000] {dag.py:3089} INFO - Sync 1 DAGs
[2026-02-07T09:03:38.698+0000] {logging_mixin.py:188} INFO - [2026-02-07T09:03:38.698+0000] {dag.py:3947} INFO - Setting next_dagrun for product_price_pipeline to 2026-02-06 21:00:00+00:00, run_after=2026-02-07 21:00:00+00:00
[2026-02-07T09:03:38.736+0000] {processor.py:183} INFO - Processing /opt/airflow/dags/product_pipeline_dag.py took 0.213 seconds
[2026-02-07T09:04:09.997+0000] {processor.py:161} INFO - Started process (PID=786) to work on /opt/airflow/dags/product_pipeline_dag.py
[2026-02-07T09:04:10.000+0000] {processor.py:830} INFO - Processing file /opt/airflow/dags/product_pipeline_dag.py for tasks to queue
[2026-02-07T09:04:10.005+0000] {logging_mixin.py:188} INFO - [2026-02-07T09:04:10.005+0000] {dagbag.py:545} INFO - Filling up the DagBag from /opt/airflow/dags/product_pipeline_dag.py
[2026-02-07T09:04:10.066+0000] {processor.py:840} INFO - DAG(s) 'product_price_pipeline' retrieved from /opt/airflow/dags/product_pipeline_dag.py
[2026-02-07T09:04:10.109+0000] {logging_mixin.py:188} INFO - [2026-02-07T09:04:10.108+0000] {dag.py:3089} INFO - Sync 1 DAGs
[2026-02-07T09:04:10.132+0000] {logging_mixin.py:188} INFO - [2026-02-07T09:04:10.132+0000] {dag.py:3947} INFO - Setting next_dagrun for product_price_pipeline to 2026-02-06 21:00:00+00:00, run_after=2026-02-07 21:00:00+00:00
[2026-02-07T09:04:10.175+0000] {processor.py:183} INFO - Processing /opt/airflow/dags/product_pipeline_dag.py took 0.190 seconds
[2026-02-07T09:04:42.266+0000] {processor.py:161} INFO - Started process (PID=791) to work on /opt/airflow/dags/product_pipeline_dag.py
[2026-02-07T09:04:42.268+0000] {processor.py:830} INFO - Processing file /opt/airflow/dags/product_pipeline_dag.py for tasks to queue
[2026-02-07T09:04:42.277+0000] {logging_mixin.py:188} INFO - [2026-02-07T09:04:42.277+0000] {dagbag.py:545} INFO - Filling up the DagBag from /opt/airflow/dags/product_pipeline_dag.py
[2026-02-07T09:04:42.340+0000] {processor.py:840} INFO - DAG(s) 'product_price_pipeline' retrieved from /opt/airflow/dags/product_pipeline_dag.py
[2026-02-07T09:04:42.405+0000] {logging_mixin.py:188} INFO - [2026-02-07T09:04:42.405+0000] {dag.py:3089} INFO - Sync 1 DAGs
[2026-02-07T09:04:42.432+0000] {logging_mixin.py:188} INFO - [2026-02-07T09:04:42.432+0000] {dag.py:3947} INFO - Setting next_dagrun for product_price_pipeline to 2026-02-06 21:00:00+00:00, run_after=2026-02-07 21:00:00+00:00
[2026-02-07T09:04:42.466+0000] {processor.py:183} INFO - Processing /opt/airflow/dags/product_pipeline_dag.py took 0.212 seconds
[2026-02-07T09:05:13.650+0000] {processor.py:161} INFO - Started process (PID=796) to work on /opt/airflow/dags/product_pipeline_dag.py
[2026-02-07T09:05:13.653+0000] {processor.py:830} INFO - Processing file /opt/airflow/dags/product_pipeline_dag.py for tasks to queue
[2026-02-07T09:05:13.657+0000] {logging_mixin.py:188} INFO - [2026-02-07T09:05:13.656+0000] {dagbag.py:545} INFO - Filling up the DagBag from /opt/airflow/dags/product_pipeline_dag.py
[2026-02-07T09:05:13.722+0000] {processor.py:840} INFO - DAG(s) 'product_price_pipeline' retrieved from /opt/airflow/dags/product_pipeline_dag.py
[2026-02-07T09:05:13.793+0000] {logging_mixin.py:188} INFO - [2026-02-07T09:05:13.793+0000] {dag.py:3089} INFO - Sync 1 DAGs
[2026-02-07T09:05:13.822+0000] {logging_mixin.py:188} INFO - [2026-02-07T09:05:13.822+0000] {dag.py:3947} INFO - Setting next_dagrun for product_price_pipeline to 2026-02-06 21:00:00+00:00, run_after=2026-02-07 21:00:00+00:00
[2026-02-07T09:05:13.865+0000] {processor.py:183} INFO - Processing /opt/airflow/dags/product_pipeline_dag.py took 0.229 seconds
[2026-02-07T09:05:45.757+0000] {processor.py:161} INFO - Started process (PID=801) to work on /opt/airflow/dags/product_pipeline_dag.py
[2026-02-07T09:05:45.760+0000] {processor.py:830} INFO - Processing file /opt/airflow/dags/product_pipeline_dag.py for tasks to queue
[2026-02-07T09:05:45.765+0000] {logging_mixin.py:188} INFO - [2026-02-07T09:05:45.764+0000] {dagbag.py:545} INFO - Filling up the DagBag from /opt/airflow/dags/product_pipeline_dag.py
[2026-02-07T09:05:45.815+0000] {processor.py:840} INFO - DAG(s) 'product_price_pipeline' retrieved from /opt/airflow/dags/product_pipeline_dag.py
[2026-02-07T09:05:45.876+0000] {logging_mixin.py:188} INFO - [2026-02-07T09:05:45.876+0000] {dag.py:3089} INFO - Sync 1 DAGs
[2026-02-07T09:05:45.917+0000] {logging_mixin.py:188} INFO - [2026-02-07T09:05:45.917+0000] {dag.py:3947} INFO - Setting next_dagrun for product_price_pipeline to 2026-02-06 21:00:00+00:00, run_after=2026-02-07 21:00:00+00:00
[2026-02-07T09:05:45.960+0000] {processor.py:183} INFO - Processing /opt/airflow/dags/product_pipeline_dag.py took 0.214 seconds
[2026-02-07T09:06:17.187+0000] {processor.py:161} INFO - Started process (PID=806) to work on /opt/airflow/dags/product_pipeline_dag.py
[2026-02-07T09:06:17.189+0000] {processor.py:830} INFO - Processing file /opt/airflow/dags/product_pipeline_dag.py for tasks to queue
[2026-02-07T09:06:17.193+0000] {logging_mixin.py:188} INFO - [2026-02-07T09:06:17.192+0000] {dagbag.py:545} INFO - Filling up the DagBag from /opt/airflow/dags/product_pipeline_dag.py
[2026-02-07T09:06:17.243+0000] {processor.py:840} INFO - DAG(s) 'product_price_pipeline' retrieved from /opt/airflow/dags/product_pipeline_dag.py
[2026-02-07T09:06:17.288+0000] {logging_mixin.py:188} INFO - [2026-02-07T09:06:17.287+0000] {dag.py:3089} INFO - Sync 1 DAGs
[2026-02-07T09:06:17.311+0000] {logging_mixin.py:188} INFO - [2026-02-07T09:06:17.310+0000] {dag.py:3947} INFO - Setting next_dagrun for product_price_pipeline to 2026-02-06 21:00:00+00:00, run_after=2026-02-07 21:00:00+00:00
[2026-02-07T09:06:17.338+0000] {processor.py:183} INFO - Processing /opt/airflow/dags/product_pipeline_dag.py took 0.161 seconds
[2026-02-07T09:06:49.326+0000] {processor.py:161} INFO - Started process (PID=811) to work on /opt/airflow/dags/product_pipeline_dag.py
[2026-02-07T09:06:49.327+0000] {processor.py:830} INFO - Processing file /opt/airflow/dags/product_pipeline_dag.py for tasks to queue
[2026-02-07T09:06:49.330+0000] {logging_mixin.py:188} INFO - [2026-02-07T09:06:49.330+0000] {dagbag.py:545} INFO - Filling up the DagBag from /opt/airflow/dags/product_pipeline_dag.py
[2026-02-07T09:06:49.378+0000] {processor.py:840} INFO - DAG(s) 'product_price_pipeline' retrieved from /opt/airflow/dags/product_pipeline_dag.py
[2026-02-07T09:06:49.411+0000] {logging_mixin.py:188} INFO - [2026-02-07T09:06:49.411+0000] {dag.py:3089} INFO - Sync 1 DAGs
[2026-02-07T09:06:49.438+0000] {logging_mixin.py:188} INFO - [2026-02-07T09:06:49.437+0000] {dag.py:3947} INFO - Setting next_dagrun for product_price_pipeline to 2026-02-06 21:00:00+00:00, run_after=2026-02-07 21:00:00+00:00
[2026-02-07T09:06:49.467+0000] {processor.py:183} INFO - Processing /opt/airflow/dags/product_pipeline_dag.py took 0.151 seconds
[2026-02-07T09:07:20.692+0000] {processor.py:161} INFO - Started process (PID=816) to work on /opt/airflow/dags/product_pipeline_dag.py
[2026-02-07T09:07:20.695+0000] {processor.py:830} INFO - Processing file /opt/airflow/dags/product_pipeline_dag.py for tasks to queue
[2026-02-07T09:07:20.700+0000] {logging_mixin.py:188} INFO - [2026-02-07T09:07:20.699+0000] {dagbag.py:545} INFO - Filling up the DagBag from /opt/airflow/dags/product_pipeline_dag.py
[2026-02-07T09:07:20.759+0000] {processor.py:840} INFO - DAG(s) 'product_price_pipeline' retrieved from /opt/airflow/dags/product_pipeline_dag.py
[2026-02-07T09:07:20.814+0000] {logging_mixin.py:188} INFO - [2026-02-07T09:07:20.814+0000] {dag.py:3089} INFO - Sync 1 DAGs
[2026-02-07T09:07:20.857+0000] {logging_mixin.py:188} INFO - [2026-02-07T09:07:20.857+0000] {dag.py:3947} INFO - Setting next_dagrun for product_price_pipeline to 2026-02-06 21:00:00+00:00, run_after=2026-02-07 21:00:00+00:00
[2026-02-07T09:07:20.894+0000] {processor.py:183} INFO - Processing /opt/airflow/dags/product_pipeline_dag.py took 0.214 seconds
[2026-02-07T09:07:52.839+0000] {processor.py:161} INFO - Started process (PID=821) to work on /opt/airflow/dags/product_pipeline_dag.py
[2026-02-07T09:07:52.843+0000] {processor.py:830} INFO - Processing file /opt/airflow/dags/product_pipeline_dag.py for tasks to queue
[2026-02-07T09:07:52.850+0000] {logging_mixin.py:188} INFO - [2026-02-07T09:07:52.849+0000] {dagbag.py:545} INFO - Filling up the DagBag from /opt/airflow/dags/product_pipeline_dag.py
[2026-02-07T09:07:52.920+0000] {processor.py:840} INFO - DAG(s) 'product_price_pipeline' retrieved from /opt/airflow/dags/product_pipeline_dag.py
[2026-02-07T09:07:52.964+0000] {logging_mixin.py:188} INFO - [2026-02-07T09:07:52.964+0000] {dag.py:3089} INFO - Sync 1 DAGs
[2026-02-07T09:07:52.985+0000] {logging_mixin.py:188} INFO - [2026-02-07T09:07:52.985+0000] {dag.py:3947} INFO - Setting next_dagrun for product_price_pipeline to 2026-02-06 21:00:00+00:00, run_after=2026-02-07 21:00:00+00:00
[2026-02-07T09:07:53.016+0000] {processor.py:183} INFO - Processing /opt/airflow/dags/product_pipeline_dag.py took 0.192 seconds
[2026-02-07T09:08:23.148+0000] {processor.py:161} INFO - Started process (PID=826) to work on /opt/airflow/dags/product_pipeline_dag.py
[2026-02-07T09:08:23.151+0000] {processor.py:830} INFO - Processing file /opt/airflow/dags/product_pipeline_dag.py for tasks to queue
[2026-02-07T09:08:23.155+0000] {logging_mixin.py:188} INFO - [2026-02-07T09:08:23.154+0000] {dagbag.py:545} INFO - Filling up the DagBag from /opt/airflow/dags/product_pipeline_dag.py
[2026-02-07T09:08:24.232+0000] {processor.py:840} INFO - DAG(s) 'product_price_pipeline' retrieved from /opt/airflow/dags/product_pipeline_dag.py
[2026-02-07T09:08:24.269+0000] {logging_mixin.py:188} INFO - [2026-02-07T09:08:24.269+0000] {dag.py:3089} INFO - Sync 1 DAGs
[2026-02-07T09:08:24.290+0000] {logging_mixin.py:188} INFO - [2026-02-07T09:08:24.290+0000] {dag.py:3947} INFO - Setting next_dagrun for product_price_pipeline to 2026-02-06 21:00:00+00:00, run_after=2026-02-07 21:00:00+00:00
[2026-02-07T09:08:24.315+0000] {processor.py:183} INFO - Processing /opt/airflow/dags/product_pipeline_dag.py took 0.156 seconds
[2026-02-07T09:08:55.799+0000] {processor.py:161} INFO - Started process (PID=831) to work on /opt/airflow/dags/product_pipeline_dag.py
[2026-02-07T09:08:55.807+0000] {processor.py:830} INFO - Processing file /opt/airflow/dags/product_pipeline_dag.py for tasks to queue
[2026-02-07T09:08:55.820+0000] {logging_mixin.py:188} INFO - [2026-02-07T09:08:55.817+0000] {dagbag.py:545} INFO - Filling up the DagBag from /opt/airflow/dags/product_pipeline_dag.py
[2026-02-07T09:08:56.040+0000] {processor.py:840} INFO - DAG(s) 'product_price_pipeline' retrieved from /opt/airflow/dags/product_pipeline_dag.py
[2026-02-07T09:08:56.321+0000] {logging_mixin.py:188} INFO - [2026-02-07T09:08:56.320+0000] {dag.py:3089} INFO - Sync 1 DAGs
[2026-02-07T09:08:56.505+0000] {logging_mixin.py:188} INFO - [2026-02-07T09:08:56.505+0000] {dag.py:3947} INFO - Setting next_dagrun for product_price_pipeline to 2026-02-06 21:00:00+00:00, run_after=2026-02-07 21:00:00+00:00
[2026-02-07T09:08:56.625+0000] {processor.py:183} INFO - Processing /opt/airflow/dags/product_pipeline_dag.py took 0.885 seconds
[2026-02-07T09:09:28.667+0000] {processor.py:161} INFO - Started process (PID=836) to work on /opt/airflow/dags/product_pipeline_dag.py
[2026-02-07T09:09:28.669+0000] {processor.py:830} INFO - Processing file /opt/airflow/dags/product_pipeline_dag.py for tasks to queue
[2026-02-07T09:09:28.671+0000] {logging_mixin.py:188} INFO - [2026-02-07T09:09:28.671+0000] {dagbag.py:545} INFO - Filling up the DagBag from /opt/airflow/dags/product_pipeline_dag.py
[2026-02-07T09:09:28.726+0000] {processor.py:840} INFO - DAG(s) 'product_price_pipeline' retrieved from /opt/airflow/dags/product_pipeline_dag.py
[2026-02-07T09:09:28.765+0000] {logging_mixin.py:188} INFO - [2026-02-07T09:09:28.765+0000] {dag.py:3089} INFO - Sync 1 DAGs
[2026-02-07T09:09:28.794+0000] {logging_mixin.py:188} INFO - [2026-02-07T09:09:28.794+0000] {dag.py:3947} INFO - Setting next_dagrun for product_price_pipeline to 2026-02-06 21:00:00+00:00, run_after=2026-02-07 21:00:00+00:00
[2026-02-07T09:09:28.826+0000] {processor.py:183} INFO - Processing /opt/airflow/dags/product_pipeline_dag.py took 0.170 seconds
[2026-02-07T09:10:00.358+0000] {processor.py:161} INFO - Started process (PID=841) to work on /opt/airflow/dags/product_pipeline_dag.py
[2026-02-07T09:10:00.365+0000] {processor.py:830} INFO - Processing file /opt/airflow/dags/product_pipeline_dag.py for tasks to queue
[2026-02-07T09:10:00.369+0000] {logging_mixin.py:188} INFO - [2026-02-07T09:10:00.369+0000] {dagbag.py:545} INFO - Filling up the DagBag from /opt/airflow/dags/product_pipeline_dag.py
[2026-02-07T09:10:00.446+0000] {processor.py:840} INFO - DAG(s) 'product_price_pipeline' retrieved from /opt/airflow/dags/product_pipeline_dag.py
[2026-02-07T09:10:00.508+0000] {logging_mixin.py:188} INFO - [2026-02-07T09:10:00.508+0000] {dag.py:3089} INFO - Sync 1 DAGs
[2026-02-07T09:10:00.546+0000] {logging_mixin.py:188} INFO - [2026-02-07T09:10:00.545+0000] {dag.py:3947} INFO - Setting next_dagrun for product_price_pipeline to 2026-02-06 21:00:00+00:00, run_after=2026-02-07 21:00:00+00:00
[2026-02-07T09:10:00.586+0000] {processor.py:183} INFO - Processing /opt/airflow/dags/product_pipeline_dag.py took 0.251 seconds
[2026-02-07T09:10:31.759+0000] {processor.py:161} INFO - Started process (PID=846) to work on /opt/airflow/dags/product_pipeline_dag.py
[2026-02-07T09:10:31.762+0000] {processor.py:830} INFO - Processing file /opt/airflow/dags/product_pipeline_dag.py for tasks to queue
[2026-02-07T09:10:31.766+0000] {logging_mixin.py:188} INFO - [2026-02-07T09:10:31.766+0000] {dagbag.py:545} INFO - Filling up the DagBag from /opt/airflow/dags/product_pipeline_dag.py
[2026-02-07T09:10:31.833+0000] {processor.py:840} INFO - DAG(s) 'product_price_pipeline' retrieved from /opt/airflow/dags/product_pipeline_dag.py
[2026-02-07T09:10:31.912+0000] {logging_mixin.py:188} INFO - [2026-02-07T09:10:31.912+0000] {dag.py:3089} INFO - Sync 1 DAGs
[2026-02-07T09:10:31.935+0000] {logging_mixin.py:188} INFO - [2026-02-07T09:10:31.935+0000] {dag.py:3947} INFO - Setting next_dagrun for product_price_pipeline to 2026-02-06 21:00:00+00:00, run_after=2026-02-07 21:00:00+00:00
[2026-02-07T09:10:31.983+0000] {processor.py:183} INFO - Processing /opt/airflow/dags/product_pipeline_dag.py took 0.234 seconds
[2026-02-07T09:11:03.285+0000] {processor.py:161} INFO - Started process (PID=851) to work on /opt/airflow/dags/product_pipeline_dag.py
[2026-02-07T09:11:03.287+0000] {processor.py:830} INFO - Processing file /opt/airflow/dags/product_pipeline_dag.py for tasks to queue
[2026-02-07T09:11:03.292+0000] {logging_mixin.py:188} INFO - [2026-02-07T09:11:03.291+0000] {dagbag.py:545} INFO - Filling up the DagBag from /opt/airflow/dags/product_pipeline_dag.py
[2026-02-07T09:11:03.365+0000] {processor.py:840} INFO - DAG(s) 'product_price_pipeline' retrieved from /opt/airflow/dags/product_pipeline_dag.py
[2026-02-07T09:11:03.415+0000] {logging_mixin.py:188} INFO - [2026-02-07T09:11:03.415+0000] {dag.py:3089} INFO - Sync 1 DAGs
[2026-02-07T09:11:03.442+0000] {logging_mixin.py:188} INFO - [2026-02-07T09:11:03.441+0000] {dag.py:3947} INFO - Setting next_dagrun for product_price_pipeline to 2026-02-06 21:00:00+00:00, run_after=2026-02-07 21:00:00+00:00
[2026-02-07T09:11:03.485+0000] {processor.py:183} INFO - Processing /opt/airflow/dags/product_pipeline_dag.py took 0.212 seconds
[2026-02-07T09:11:34.420+0000] {processor.py:161} INFO - Started process (PID=856) to work on /opt/airflow/dags/product_pipeline_dag.py
[2026-02-07T09:11:34.422+0000] {processor.py:830} INFO - Processing file /opt/airflow/dags/product_pipeline_dag.py for tasks to queue
[2026-02-07T09:11:34.426+0000] {logging_mixin.py:188} INFO - [2026-02-07T09:11:34.425+0000] {dagbag.py:545} INFO - Filling up the DagBag from /opt/airflow/dags/product_pipeline_dag.py
[2026-02-07T09:11:34.488+0000] {processor.py:840} INFO - DAG(s) 'product_price_pipeline' retrieved from /opt/airflow/dags/product_pipeline_dag.py
[2026-02-07T09:11:35.310+0000] {logging_mixin.py:188} INFO - [2026-02-07T09:11:35.310+0000] {dag.py:3089} INFO - Sync 1 DAGs
[2026-02-07T09:11:35.330+0000] {logging_mixin.py:188} INFO - [2026-02-07T09:11:35.330+0000] {dag.py:3947} INFO - Setting next_dagrun for product_price_pipeline to 2026-02-06 21:00:00+00:00, run_after=2026-02-07 21:00:00+00:00
[2026-02-07T09:11:35.354+0000] {processor.py:183} INFO - Processing /opt/airflow/dags/product_pipeline_dag.py took 0.165 seconds
[2026-02-07T09:12:07.629+0000] {processor.py:161} INFO - Started process (PID=861) to work on /opt/airflow/dags/product_pipeline_dag.py
[2026-02-07T09:12:07.632+0000] {processor.py:830} INFO - Processing file /opt/airflow/dags/product_pipeline_dag.py for tasks to queue
[2026-02-07T09:12:07.636+0000] {logging_mixin.py:188} INFO - [2026-02-07T09:12:07.635+0000] {dagbag.py:545} INFO - Filling up the DagBag from /opt/airflow/dags/product_pipeline_dag.py
[2026-02-07T09:12:07.682+0000] {processor.py:840} INFO - DAG(s) 'product_price_pipeline' retrieved from /opt/airflow/dags/product_pipeline_dag.py
[2026-02-07T09:12:07.733+0000] {logging_mixin.py:188} INFO - [2026-02-07T09:12:07.733+0000] {dag.py:3089} INFO - Sync 1 DAGs
[2026-02-07T09:12:07.770+0000] {logging_mixin.py:188} INFO - [2026-02-07T09:12:07.769+0000] {dag.py:3947} INFO - Setting next_dagrun for product_price_pipeline to 2026-02-06 21:00:00+00:00, run_after=2026-02-07 21:00:00+00:00
[2026-02-07T09:12:07.807+0000] {processor.py:183} INFO - Processing /opt/airflow/dags/product_pipeline_dag.py took 0.189 seconds
[2026-02-07T09:12:39.185+0000] {processor.py:161} INFO - Started process (PID=866) to work on /opt/airflow/dags/product_pipeline_dag.py
[2026-02-07T09:12:39.189+0000] {processor.py:830} INFO - Processing file /opt/airflow/dags/product_pipeline_dag.py for tasks to queue
[2026-02-07T09:12:39.195+0000] {logging_mixin.py:188} INFO - [2026-02-07T09:12:39.194+0000] {dagbag.py:545} INFO - Filling up the DagBag from /opt/airflow/dags/product_pipeline_dag.py
[2026-02-07T09:12:39.261+0000] {processor.py:840} INFO - DAG(s) 'product_price_pipeline' retrieved from /opt/airflow/dags/product_pipeline_dag.py
[2026-02-07T09:12:39.321+0000] {logging_mixin.py:188} INFO - [2026-02-07T09:12:39.321+0000] {dag.py:3089} INFO - Sync 1 DAGs
[2026-02-07T09:12:39.352+0000] {logging_mixin.py:188} INFO - [2026-02-07T09:12:39.352+0000] {dag.py:3947} INFO - Setting next_dagrun for product_price_pipeline to 2026-02-06 21:00:00+00:00, run_after=2026-02-07 21:00:00+00:00
[2026-02-07T09:12:39.386+0000] {processor.py:183} INFO - Processing /opt/airflow/dags/product_pipeline_dag.py took 0.215 seconds
[2026-02-07T09:13:11.477+0000] {processor.py:161} INFO - Started process (PID=871) to work on /opt/airflow/dags/product_pipeline_dag.py
[2026-02-07T09:13:11.480+0000] {processor.py:830} INFO - Processing file /opt/airflow/dags/product_pipeline_dag.py for tasks to queue
[2026-02-07T09:13:11.488+0000] {logging_mixin.py:188} INFO - [2026-02-07T09:13:11.486+0000] {dagbag.py:545} INFO - Filling up the DagBag from /opt/airflow/dags/product_pipeline_dag.py
[2026-02-07T09:13:11.566+0000] {processor.py:840} INFO - DAG(s) 'product_price_pipeline' retrieved from /opt/airflow/dags/product_pipeline_dag.py
[2026-02-07T09:13:11.602+0000] {logging_mixin.py:188} INFO - [2026-02-07T09:13:11.601+0000] {dag.py:3089} INFO - Sync 1 DAGs
[2026-02-07T09:13:11.631+0000] {logging_mixin.py:188} INFO - [2026-02-07T09:13:11.631+0000] {dag.py:3947} INFO - Setting next_dagrun for product_price_pipeline to 2026-02-06 21:00:00+00:00, run_after=2026-02-07 21:00:00+00:00
[2026-02-07T09:13:11.667+0000] {processor.py:183} INFO - Processing /opt/airflow/dags/product_pipeline_dag.py took 0.203 seconds
[2026-02-07T09:13:42.808+0000] {processor.py:161} INFO - Started process (PID=876) to work on /opt/airflow/dags/product_pipeline_dag.py
[2026-02-07T09:13:42.812+0000] {processor.py:830} INFO - Processing file /opt/airflow/dags/product_pipeline_dag.py for tasks to queue
[2026-02-07T09:13:42.819+0000] {logging_mixin.py:188} INFO - [2026-02-07T09:13:42.818+0000] {dagbag.py:545} INFO - Filling up the DagBag from /opt/airflow/dags/product_pipeline_dag.py
[2026-02-07T09:13:42.891+0000] {processor.py:840} INFO - DAG(s) 'product_price_pipeline' retrieved from /opt/airflow/dags/product_pipeline_dag.py
[2026-02-07T09:13:42.965+0000] {logging_mixin.py:188} INFO - [2026-02-07T09:13:42.965+0000] {dag.py:3089} INFO - Sync 1 DAGs
[2026-02-07T09:13:43.010+0000] {logging_mixin.py:188} INFO - [2026-02-07T09:13:43.009+0000] {dag.py:3947} INFO - Setting next_dagrun for product_price_pipeline to 2026-02-06 21:00:00+00:00, run_after=2026-02-07 21:00:00+00:00
[2026-02-07T09:13:43.057+0000] {processor.py:183} INFO - Processing /opt/airflow/dags/product_pipeline_dag.py took 0.267 seconds
[2026-02-07T09:14:14.400+0000] {processor.py:161} INFO - Started process (PID=881) to work on /opt/airflow/dags/product_pipeline_dag.py
[2026-02-07T09:14:14.403+0000] {processor.py:830} INFO - Processing file /opt/airflow/dags/product_pipeline_dag.py for tasks to queue
[2026-02-07T09:14:14.409+0000] {logging_mixin.py:188} INFO - [2026-02-07T09:14:14.408+0000] {dagbag.py:545} INFO - Filling up the DagBag from /opt/airflow/dags/product_pipeline_dag.py
[2026-02-07T09:14:14.487+0000] {processor.py:840} INFO - DAG(s) 'product_price_pipeline' retrieved from /opt/airflow/dags/product_pipeline_dag.py
[2026-02-07T09:14:14.567+0000] {logging_mixin.py:188} INFO - [2026-02-07T09:14:14.567+0000] {dag.py:3089} INFO - Sync 1 DAGs
[2026-02-07T09:14:14.607+0000] {logging_mixin.py:188} INFO - [2026-02-07T09:14:14.607+0000] {dag.py:3947} INFO - Setting next_dagrun for product_price_pipeline to 2026-02-06 21:00:00+00:00, run_after=2026-02-07 21:00:00+00:00
[2026-02-07T09:14:14.670+0000] {processor.py:183} INFO - Processing /opt/airflow/dags/product_pipeline_dag.py took 0.289 seconds
[2026-02-07T09:14:46.989+0000] {processor.py:161} INFO - Started process (PID=886) to work on /opt/airflow/dags/product_pipeline_dag.py
[2026-02-07T09:14:46.991+0000] {processor.py:830} INFO - Processing file /opt/airflow/dags/product_pipeline_dag.py for tasks to queue
[2026-02-07T09:14:46.996+0000] {logging_mixin.py:188} INFO - [2026-02-07T09:14:46.996+0000] {dagbag.py:545} INFO - Filling up the DagBag from /opt/airflow/dags/product_pipeline_dag.py
[2026-02-07T09:14:47.048+0000] {processor.py:840} INFO - DAG(s) 'product_price_pipeline' retrieved from /opt/airflow/dags/product_pipeline_dag.py
[2026-02-07T09:14:47.106+0000] {logging_mixin.py:188} INFO - [2026-02-07T09:14:47.106+0000] {dag.py:3089} INFO - Sync 1 DAGs
[2026-02-07T09:14:47.153+0000] {logging_mixin.py:188} INFO - [2026-02-07T09:14:47.152+0000] {dag.py:3947} INFO - Setting next_dagrun for product_price_pipeline to 2026-02-06 21:00:00+00:00, run_after=2026-02-07 21:00:00+00:00
[2026-02-07T09:14:47.199+0000] {processor.py:183} INFO - Processing /opt/airflow/dags/product_pipeline_dag.py took 0.221 seconds
[2026-02-07T09:15:18.219+0000] {processor.py:161} INFO - Started process (PID=891) to work on /opt/airflow/dags/product_pipeline_dag.py
[2026-02-07T09:15:18.221+0000] {processor.py:830} INFO - Processing file /opt/airflow/dags/product_pipeline_dag.py for tasks to queue
[2026-02-07T09:15:18.225+0000] {logging_mixin.py:188} INFO - [2026-02-07T09:15:18.225+0000] {dagbag.py:545} INFO - Filling up the DagBag from /opt/airflow/dags/product_pipeline_dag.py
[2026-02-07T09:15:18.281+0000] {processor.py:840} INFO - DAG(s) 'product_price_pipeline' retrieved from /opt/airflow/dags/product_pipeline_dag.py
[2026-02-07T09:15:18.318+0000] {logging_mixin.py:188} INFO - [2026-02-07T09:15:18.318+0000] {dag.py:3089} INFO - Sync 1 DAGs
[2026-02-07T09:15:18.342+0000] {logging_mixin.py:188} INFO - [2026-02-07T09:15:18.341+0000] {dag.py:3947} INFO - Setting next_dagrun for product_price_pipeline to 2026-02-06 21:00:00+00:00, run_after=2026-02-07 21:00:00+00:00
[2026-02-07T09:15:18.364+0000] {processor.py:183} INFO - Processing /opt/airflow/dags/product_pipeline_dag.py took 0.151 seconds
[2026-02-07T09:15:50.632+0000] {processor.py:161} INFO - Started process (PID=896) to work on /opt/airflow/dags/product_pipeline_dag.py
[2026-02-07T09:15:50.635+0000] {processor.py:830} INFO - Processing file /opt/airflow/dags/product_pipeline_dag.py for tasks to queue
[2026-02-07T09:15:50.641+0000] {logging_mixin.py:188} INFO - [2026-02-07T09:15:50.639+0000] {dagbag.py:545} INFO - Filling up the DagBag from /opt/airflow/dags/product_pipeline_dag.py
[2026-02-07T09:15:50.700+0000] {processor.py:840} INFO - DAG(s) 'product_price_pipeline' retrieved from /opt/airflow/dags/product_pipeline_dag.py
[2026-02-07T09:15:50.762+0000] {logging_mixin.py:188} INFO - [2026-02-07T09:15:50.761+0000] {dag.py:3089} INFO - Sync 1 DAGs
[2026-02-07T09:15:50.803+0000] {logging_mixin.py:188} INFO - [2026-02-07T09:15:50.803+0000] {dag.py:3947} INFO - Setting next_dagrun for product_price_pipeline to 2026-02-06 21:00:00+00:00, run_after=2026-02-07 21:00:00+00:00
[2026-02-07T09:15:50.844+0000] {processor.py:183} INFO - Processing /opt/airflow/dags/product_pipeline_dag.py took 0.226 seconds
[2026-02-07T09:16:21.925+0000] {processor.py:161} INFO - Started process (PID=901) to work on /opt/airflow/dags/product_pipeline_dag.py
[2026-02-07T09:16:21.928+0000] {processor.py:830} INFO - Processing file /opt/airflow/dags/product_pipeline_dag.py for tasks to queue
[2026-02-07T09:16:21.933+0000] {logging_mixin.py:188} INFO - [2026-02-07T09:16:21.932+0000] {dagbag.py:545} INFO - Filling up the DagBag from /opt/airflow/dags/product_pipeline_dag.py
[2026-02-07T09:16:22.004+0000] {processor.py:840} INFO - DAG(s) 'product_price_pipeline' retrieved from /opt/airflow/dags/product_pipeline_dag.py
[2026-02-07T09:16:22.078+0000] {logging_mixin.py:188} INFO - [2026-02-07T09:16:22.078+0000] {dag.py:3089} INFO - Sync 1 DAGs
[2026-02-07T09:16:22.116+0000] {logging_mixin.py:188} INFO - [2026-02-07T09:16:22.116+0000] {dag.py:3947} INFO - Setting next_dagrun for product_price_pipeline to 2026-02-06 21:00:00+00:00, run_after=2026-02-07 21:00:00+00:00
[2026-02-07T09:16:22.156+0000] {processor.py:183} INFO - Processing /opt/airflow/dags/product_pipeline_dag.py took 0.246 seconds
[2026-02-07T09:16:54.294+0000] {processor.py:161} INFO - Started process (PID=906) to work on /opt/airflow/dags/product_pipeline_dag.py
[2026-02-07T09:16:54.299+0000] {processor.py:830} INFO - Processing file /opt/airflow/dags/product_pipeline_dag.py for tasks to queue
[2026-02-07T09:16:54.306+0000] {logging_mixin.py:188} INFO - [2026-02-07T09:16:54.305+0000] {dagbag.py:545} INFO - Filling up the DagBag from /opt/airflow/dags/product_pipeline_dag.py
[2026-02-07T09:16:54.372+0000] {processor.py:840} INFO - DAG(s) 'product_price_pipeline' retrieved from /opt/airflow/dags/product_pipeline_dag.py
[2026-02-07T09:16:54.423+0000] {logging_mixin.py:188} INFO - [2026-02-07T09:16:54.423+0000] {dag.py:3089} INFO - Sync 1 DAGs
[2026-02-07T09:16:54.445+0000] {logging_mixin.py:188} INFO - [2026-02-07T09:16:54.445+0000] {dag.py:3947} INFO - Setting next_dagrun for product_price_pipeline to 2026-02-06 21:00:00+00:00, run_after=2026-02-07 21:00:00+00:00
[2026-02-07T09:16:54.479+0000] {processor.py:183} INFO - Processing /opt/airflow/dags/product_pipeline_dag.py took 0.210 seconds
[2026-02-07T09:17:25.655+0000] {processor.py:161} INFO - Started process (PID=911) to work on /opt/airflow/dags/product_pipeline_dag.py
[2026-02-07T09:17:25.658+0000] {processor.py:830} INFO - Processing file /opt/airflow/dags/product_pipeline_dag.py for tasks to queue
[2026-02-07T09:17:25.662+0000] {logging_mixin.py:188} INFO - [2026-02-07T09:17:25.661+0000] {dagbag.py:545} INFO - Filling up the DagBag from /opt/airflow/dags/product_pipeline_dag.py
[2026-02-07T09:17:25.720+0000] {processor.py:840} INFO - DAG(s) 'product_price_pipeline' retrieved from /opt/airflow/dags/product_pipeline_dag.py
[2026-02-07T09:17:25.769+0000] {logging_mixin.py:188} INFO - [2026-02-07T09:17:25.768+0000] {dag.py:3089} INFO - Sync 1 DAGs
[2026-02-07T09:17:25.792+0000] {logging_mixin.py:188} INFO - [2026-02-07T09:17:25.792+0000] {dag.py:3947} INFO - Setting next_dagrun for product_price_pipeline to 2026-02-06 21:00:00+00:00, run_after=2026-02-07 21:00:00+00:00
[2026-02-07T09:17:25.825+0000] {processor.py:183} INFO - Processing /opt/airflow/dags/product_pipeline_dag.py took 0.185 seconds
[2026-02-07T09:17:56.159+0000] {processor.py:161} INFO - Started process (PID=916) to work on /opt/airflow/dags/product_pipeline_dag.py
[2026-02-07T09:17:56.161+0000] {processor.py:830} INFO - Processing file /opt/airflow/dags/product_pipeline_dag.py for tasks to queue
[2026-02-07T09:17:56.165+0000] {logging_mixin.py:188} INFO - [2026-02-07T09:17:56.164+0000] {dagbag.py:545} INFO - Filling up the DagBag from /opt/airflow/dags/product_pipeline_dag.py
[2026-02-07T09:17:56.230+0000] {processor.py:840} INFO - DAG(s) 'product_price_pipeline' retrieved from /opt/airflow/dags/product_pipeline_dag.py
[2026-02-07T09:17:56.265+0000] {logging_mixin.py:188} INFO - [2026-02-07T09:17:56.265+0000] {dag.py:3089} INFO - Sync 1 DAGs
[2026-02-07T09:17:57.297+0000] {logging_mixin.py:188} INFO - [2026-02-07T09:17:57.297+0000] {dag.py:3947} INFO - Setting next_dagrun for product_price_pipeline to 2026-02-06 21:00:00+00:00, run_after=2026-02-07 21:00:00+00:00
[2026-02-07T09:17:57.326+0000] {processor.py:183} INFO - Processing /opt/airflow/dags/product_pipeline_dag.py took 0.166 seconds
[2026-02-07T09:18:29.403+0000] {processor.py:161} INFO - Started process (PID=921) to work on /opt/airflow/dags/product_pipeline_dag.py
[2026-02-07T09:18:29.407+0000] {processor.py:830} INFO - Processing file /opt/airflow/dags/product_pipeline_dag.py for tasks to queue
[2026-02-07T09:18:29.413+0000] {logging_mixin.py:188} INFO - [2026-02-07T09:18:29.412+0000] {dagbag.py:545} INFO - Filling up the DagBag from /opt/airflow/dags/product_pipeline_dag.py
[2026-02-07T09:18:29.507+0000] {processor.py:840} INFO - DAG(s) 'product_price_pipeline' retrieved from /opt/airflow/dags/product_pipeline_dag.py
[2026-02-07T09:18:29.565+0000] {logging_mixin.py:188} INFO - [2026-02-07T09:18:29.565+0000] {dag.py:3089} INFO - Sync 1 DAGs
[2026-02-07T09:18:29.591+0000] {logging_mixin.py:188} INFO - [2026-02-07T09:18:29.590+0000] {dag.py:3947} INFO - Setting next_dagrun for product_price_pipeline to 2026-02-06 21:00:00+00:00, run_after=2026-02-07 21:00:00+00:00
[2026-02-07T09:18:29.628+0000] {processor.py:183} INFO - Processing /opt/airflow/dags/product_pipeline_dag.py took 0.240 seconds
[2026-02-07T09:19:00.900+0000] {processor.py:161} INFO - Started process (PID=926) to work on /opt/airflow/dags/product_pipeline_dag.py
[2026-02-07T09:19:00.903+0000] {processor.py:830} INFO - Processing file /opt/airflow/dags/product_pipeline_dag.py for tasks to queue
[2026-02-07T09:19:00.906+0000] {logging_mixin.py:188} INFO - [2026-02-07T09:19:00.906+0000] {dagbag.py:545} INFO - Filling up the DagBag from /opt/airflow/dags/product_pipeline_dag.py
[2026-02-07T09:19:00.975+0000] {processor.py:840} INFO - DAG(s) 'product_price_pipeline' retrieved from /opt/airflow/dags/product_pipeline_dag.py
[2026-02-07T09:19:01.020+0000] {logging_mixin.py:188} INFO - [2026-02-07T09:19:01.020+0000] {dag.py:3089} INFO - Sync 1 DAGs
[2026-02-07T09:19:01.047+0000] {logging_mixin.py:188} INFO - [2026-02-07T09:19:01.047+0000] {dag.py:3947} INFO - Setting next_dagrun for product_price_pipeline to 2026-02-06 21:00:00+00:00, run_after=2026-02-07 21:00:00+00:00
[2026-02-07T09:19:01.072+0000] {processor.py:183} INFO - Processing /opt/airflow/dags/product_pipeline_dag.py took 0.184 seconds
[2026-02-07T09:19:33.002+0000] {processor.py:161} INFO - Started process (PID=931) to work on /opt/airflow/dags/product_pipeline_dag.py
[2026-02-07T09:19:33.005+0000] {processor.py:830} INFO - Processing file /opt/airflow/dags/product_pipeline_dag.py for tasks to queue
[2026-02-07T09:19:33.010+0000] {logging_mixin.py:188} INFO - [2026-02-07T09:19:33.010+0000] {dagbag.py:545} INFO - Filling up the DagBag from /opt/airflow/dags/product_pipeline_dag.py
[2026-02-07T09:19:33.078+0000] {processor.py:840} INFO - DAG(s) 'product_price_pipeline' retrieved from /opt/airflow/dags/product_pipeline_dag.py
[2026-02-07T09:19:33.149+0000] {logging_mixin.py:188} INFO - [2026-02-07T09:19:33.149+0000] {dag.py:3089} INFO - Sync 1 DAGs
[2026-02-07T09:19:33.193+0000] {logging_mixin.py:188} INFO - [2026-02-07T09:19:33.192+0000] {dag.py:3947} INFO - Setting next_dagrun for product_price_pipeline to 2026-02-06 21:00:00+00:00, run_after=2026-02-07 21:00:00+00:00
[2026-02-07T09:19:33.235+0000] {processor.py:183} INFO - Processing /opt/airflow/dags/product_pipeline_dag.py took 0.250 seconds
[2026-02-07T09:20:05.441+0000] {processor.py:161} INFO - Started process (PID=936) to work on /opt/airflow/dags/product_pipeline_dag.py
[2026-02-07T09:20:05.443+0000] {processor.py:830} INFO - Processing file /opt/airflow/dags/product_pipeline_dag.py for tasks to queue
[2026-02-07T09:20:05.445+0000] {logging_mixin.py:188} INFO - [2026-02-07T09:20:05.445+0000] {dagbag.py:545} INFO - Filling up the DagBag from /opt/airflow/dags/product_pipeline_dag.py
[2026-02-07T09:20:05.500+0000] {processor.py:840} INFO - DAG(s) 'product_price_pipeline' retrieved from /opt/airflow/dags/product_pipeline_dag.py
[2026-02-07T09:20:05.552+0000] {logging_mixin.py:188} INFO - [2026-02-07T09:20:05.552+0000] {dag.py:3089} INFO - Sync 1 DAGs
[2026-02-07T09:20:05.576+0000] {logging_mixin.py:188} INFO - [2026-02-07T09:20:05.576+0000] {dag.py:3947} INFO - Setting next_dagrun for product_price_pipeline to 2026-02-06 21:00:00+00:00, run_after=2026-02-07 21:00:00+00:00
[2026-02-07T09:20:05.608+0000] {processor.py:183} INFO - Processing /opt/airflow/dags/product_pipeline_dag.py took 0.175 seconds
[2026-02-07T09:20:36.734+0000] {processor.py:161} INFO - Started process (PID=941) to work on /opt/airflow/dags/product_pipeline_dag.py
[2026-02-07T09:20:36.737+0000] {processor.py:830} INFO - Processing file /opt/airflow/dags/product_pipeline_dag.py for tasks to queue
[2026-02-07T09:20:36.741+0000] {logging_mixin.py:188} INFO - [2026-02-07T09:20:36.740+0000] {dagbag.py:545} INFO - Filling up the DagBag from /opt/airflow/dags/product_pipeline_dag.py
[2026-02-07T09:20:36.807+0000] {processor.py:840} INFO - DAG(s) 'product_price_pipeline' retrieved from /opt/airflow/dags/product_pipeline_dag.py
[2026-02-07T09:20:36.863+0000] {logging_mixin.py:188} INFO - [2026-02-07T09:20:36.863+0000] {dag.py:3089} INFO - Sync 1 DAGs
[2026-02-07T09:20:36.886+0000] {logging_mixin.py:188} INFO - [2026-02-07T09:20:36.886+0000] {dag.py:3947} INFO - Setting next_dagrun for product_price_pipeline to 2026-02-06 21:00:00+00:00, run_after=2026-02-07 21:00:00+00:00
[2026-02-07T09:20:36.911+0000] {processor.py:183} INFO - Processing /opt/airflow/dags/product_pipeline_dag.py took 0.190 seconds
[2026-02-07T09:21:09.108+0000] {processor.py:161} INFO - Started process (PID=946) to work on /opt/airflow/dags/product_pipeline_dag.py
[2026-02-07T09:21:09.111+0000] {processor.py:830} INFO - Processing file /opt/airflow/dags/product_pipeline_dag.py for tasks to queue
[2026-02-07T09:21:09.118+0000] {logging_mixin.py:188} INFO - [2026-02-07T09:21:09.117+0000] {dagbag.py:545} INFO - Filling up the DagBag from /opt/airflow/dags/product_pipeline_dag.py
[2026-02-07T09:21:09.190+0000] {processor.py:840} INFO - DAG(s) 'product_price_pipeline' retrieved from /opt/airflow/dags/product_pipeline_dag.py
[2026-02-07T09:21:09.235+0000] {logging_mixin.py:188} INFO - [2026-02-07T09:21:09.235+0000] {dag.py:3089} INFO - Sync 1 DAGs
[2026-02-07T09:21:09.259+0000] {logging_mixin.py:188} INFO - [2026-02-07T09:21:09.259+0000] {dag.py:3947} INFO - Setting next_dagrun for product_price_pipeline to 2026-02-06 21:00:00+00:00, run_after=2026-02-07 21:00:00+00:00
[2026-02-07T09:21:09.282+0000] {processor.py:183} INFO - Processing /opt/airflow/dags/product_pipeline_dag.py took 0.193 seconds
[2026-02-07T09:21:40.554+0000] {processor.py:161} INFO - Started process (PID=951) to work on /opt/airflow/dags/product_pipeline_dag.py
[2026-02-07T09:21:40.556+0000] {processor.py:830} INFO - Processing file /opt/airflow/dags/product_pipeline_dag.py for tasks to queue
[2026-02-07T09:21:40.561+0000] {logging_mixin.py:188} INFO - [2026-02-07T09:21:40.560+0000] {dagbag.py:545} INFO - Filling up the DagBag from /opt/airflow/dags/product_pipeline_dag.py
[2026-02-07T09:21:40.630+0000] {processor.py:840} INFO - DAG(s) 'product_price_pipeline' retrieved from /opt/airflow/dags/product_pipeline_dag.py
[2026-02-07T09:21:40.698+0000] {logging_mixin.py:188} INFO - [2026-02-07T09:21:40.697+0000] {dag.py:3089} INFO - Sync 1 DAGs
[2026-02-07T09:21:40.725+0000] {logging_mixin.py:188} INFO - [2026-02-07T09:21:40.725+0000] {dag.py:3947} INFO - Setting next_dagrun for product_price_pipeline to 2026-02-06 21:00:00+00:00, run_after=2026-02-07 21:00:00+00:00
[2026-02-07T09:21:40.768+0000] {processor.py:183} INFO - Processing /opt/airflow/dags/product_pipeline_dag.py took 0.230 seconds
[2026-02-07T09:22:12.672+0000] {processor.py:161} INFO - Started process (PID=956) to work on /opt/airflow/dags/product_pipeline_dag.py
[2026-02-07T09:22:12.675+0000] {processor.py:830} INFO - Processing file /opt/airflow/dags/product_pipeline_dag.py for tasks to queue
[2026-02-07T09:22:12.687+0000] {logging_mixin.py:188} INFO - [2026-02-07T09:22:12.686+0000] {dagbag.py:545} INFO - Filling up the DagBag from /opt/airflow/dags/product_pipeline_dag.py
[2026-02-07T09:22:12.754+0000] {processor.py:840} INFO - DAG(s) 'product_price_pipeline' retrieved from /opt/airflow/dags/product_pipeline_dag.py
[2026-02-07T09:22:12.825+0000] {logging_mixin.py:188} INFO - [2026-02-07T09:22:12.825+0000] {dag.py:3089} INFO - Sync 1 DAGs
[2026-02-07T09:22:12.846+0000] {logging_mixin.py:188} INFO - [2026-02-07T09:22:12.846+0000] {dag.py:3947} INFO - Setting next_dagrun for product_price_pipeline to 2026-02-06 21:00:00+00:00, run_after=2026-02-07 21:00:00+00:00
[2026-02-07T09:22:12.873+0000] {processor.py:183} INFO - Processing /opt/airflow/dags/product_pipeline_dag.py took 0.211 seconds
[2026-02-07T09:22:44.075+0000] {processor.py:161} INFO - Started process (PID=961) to work on /opt/airflow/dags/product_pipeline_dag.py
[2026-02-07T09:22:44.077+0000] {processor.py:830} INFO - Processing file /opt/airflow/dags/product_pipeline_dag.py for tasks to queue
[2026-02-07T09:22:44.081+0000] {logging_mixin.py:188} INFO - [2026-02-07T09:22:44.080+0000] {dagbag.py:545} INFO - Filling up the DagBag from /opt/airflow/dags/product_pipeline_dag.py
[2026-02-07T09:22:44.151+0000] {processor.py:840} INFO - DAG(s) 'product_price_pipeline' retrieved from /opt/airflow/dags/product_pipeline_dag.py
[2026-02-07T09:22:44.195+0000] {logging_mixin.py:188} INFO - [2026-02-07T09:22:44.195+0000] {dag.py:3089} INFO - Sync 1 DAGs
[2026-02-07T09:22:44.219+0000] {logging_mixin.py:188} INFO - [2026-02-07T09:22:44.219+0000] {dag.py:3947} INFO - Setting next_dagrun for product_price_pipeline to 2026-02-06 21:00:00+00:00, run_after=2026-02-07 21:00:00+00:00
[2026-02-07T09:22:44.249+0000] {processor.py:183} INFO - Processing /opt/airflow/dags/product_pipeline_dag.py took 0.186 seconds
[2026-02-07T09:23:16.294+0000] {processor.py:161} INFO - Started process (PID=966) to work on /opt/airflow/dags/product_pipeline_dag.py
[2026-02-07T09:23:16.297+0000] {processor.py:830} INFO - Processing file /opt/airflow/dags/product_pipeline_dag.py for tasks to queue
[2026-02-07T09:23:16.301+0000] {logging_mixin.py:188} INFO - [2026-02-07T09:23:16.300+0000] {dagbag.py:545} INFO - Filling up the DagBag from /opt/airflow/dags/product_pipeline_dag.py
[2026-02-07T09:23:16.367+0000] {processor.py:840} INFO - DAG(s) 'product_price_pipeline' retrieved from /opt/airflow/dags/product_pipeline_dag.py
[2026-02-07T09:23:16.410+0000] {logging_mixin.py:188} INFO - [2026-02-07T09:23:16.410+0000] {dag.py:3089} INFO - Sync 1 DAGs
[2026-02-07T09:23:16.440+0000] {logging_mixin.py:188} INFO - [2026-02-07T09:23:16.440+0000] {dag.py:3947} INFO - Setting next_dagrun for product_price_pipeline to 2026-02-06 21:00:00+00:00, run_after=2026-02-07 21:00:00+00:00
[2026-02-07T09:23:16.474+0000] {processor.py:183} INFO - Processing /opt/airflow/dags/product_pipeline_dag.py took 0.193 seconds
[2026-02-07T09:23:47.659+0000] {processor.py:161} INFO - Started process (PID=971) to work on /opt/airflow/dags/product_pipeline_dag.py
[2026-02-07T09:23:47.661+0000] {processor.py:830} INFO - Processing file /opt/airflow/dags/product_pipeline_dag.py for tasks to queue
[2026-02-07T09:23:47.664+0000] {logging_mixin.py:188} INFO - [2026-02-07T09:23:47.664+0000] {dagbag.py:545} INFO - Filling up the DagBag from /opt/airflow/dags/product_pipeline_dag.py
[2026-02-07T09:23:47.718+0000] {processor.py:840} INFO - DAG(s) 'product_price_pipeline' retrieved from /opt/airflow/dags/product_pipeline_dag.py
[2026-02-07T09:23:47.775+0000] {logging_mixin.py:188} INFO - [2026-02-07T09:23:47.775+0000] {dag.py:3089} INFO - Sync 1 DAGs
[2026-02-07T09:23:47.806+0000] {logging_mixin.py:188} INFO - [2026-02-07T09:23:47.805+0000] {dag.py:3947} INFO - Setting next_dagrun for product_price_pipeline to 2026-02-06 21:00:00+00:00, run_after=2026-02-07 21:00:00+00:00
[2026-02-07T09:23:47.847+0000] {processor.py:183} INFO - Processing /opt/airflow/dags/product_pipeline_dag.py took 0.195 seconds
[2026-02-07T09:24:19.939+0000] {processor.py:161} INFO - Started process (PID=976) to work on /opt/airflow/dags/product_pipeline_dag.py
[2026-02-07T09:24:19.942+0000] {processor.py:830} INFO - Processing file /opt/airflow/dags/product_pipeline_dag.py for tasks to queue
[2026-02-07T09:24:19.946+0000] {logging_mixin.py:188} INFO - [2026-02-07T09:24:19.945+0000] {dagbag.py:545} INFO - Filling up the DagBag from /opt/airflow/dags/product_pipeline_dag.py
[2026-02-07T09:24:20.030+0000] {processor.py:840} INFO - DAG(s) 'product_price_pipeline' retrieved from /opt/airflow/dags/product_pipeline_dag.py
[2026-02-07T09:24:20.084+0000] {logging_mixin.py:188} INFO - [2026-02-07T09:24:20.084+0000] {dag.py:3089} INFO - Sync 1 DAGs
[2026-02-07T09:24:20.122+0000] {logging_mixin.py:188} INFO - [2026-02-07T09:24:20.122+0000] {dag.py:3947} INFO - Setting next_dagrun for product_price_pipeline to 2026-02-06 21:00:00+00:00, run_after=2026-02-07 21:00:00+00:00
[2026-02-07T09:24:20.162+0000] {processor.py:183} INFO - Processing /opt/airflow/dags/product_pipeline_dag.py took 0.232 seconds
[2026-02-07T09:24:51.363+0000] {processor.py:161} INFO - Started process (PID=981) to work on /opt/airflow/dags/product_pipeline_dag.py
[2026-02-07T09:24:51.365+0000] {processor.py:830} INFO - Processing file /opt/airflow/dags/product_pipeline_dag.py for tasks to queue
[2026-02-07T09:24:51.369+0000] {logging_mixin.py:188} INFO - [2026-02-07T09:24:51.369+0000] {dagbag.py:545} INFO - Filling up the DagBag from /opt/airflow/dags/product_pipeline_dag.py
[2026-02-07T09:24:51.422+0000] {processor.py:840} INFO - DAG(s) 'product_price_pipeline' retrieved from /opt/airflow/dags/product_pipeline_dag.py
[2026-02-07T09:24:51.484+0000] {logging_mixin.py:188} INFO - [2026-02-07T09:24:51.483+0000] {dag.py:3089} INFO - Sync 1 DAGs
[2026-02-07T09:24:51.523+0000] {logging_mixin.py:188} INFO - [2026-02-07T09:24:51.523+0000] {dag.py:3947} INFO - Setting next_dagrun for product_price_pipeline to 2026-02-06 21:00:00+00:00, run_after=2026-02-07 21:00:00+00:00
[2026-02-07T09:24:51.567+0000] {processor.py:183} INFO - Processing /opt/airflow/dags/product_pipeline_dag.py took 0.215 seconds
[2026-02-07T09:25:23.603+0000] {processor.py:161} INFO - Started process (PID=986) to work on /opt/airflow/dags/product_pipeline_dag.py
[2026-02-07T09:25:23.606+0000] {processor.py:830} INFO - Processing file /opt/airflow/dags/product_pipeline_dag.py for tasks to queue
[2026-02-07T09:25:23.610+0000] {logging_mixin.py:188} INFO - [2026-02-07T09:25:23.610+0000] {dagbag.py:545} INFO - Filling up the DagBag from /opt/airflow/dags/product_pipeline_dag.py
[2026-02-07T09:25:23.663+0000] {processor.py:840} INFO - DAG(s) 'product_price_pipeline' retrieved from /opt/airflow/dags/product_pipeline_dag.py
[2026-02-07T09:25:23.714+0000] {logging_mixin.py:188} INFO - [2026-02-07T09:25:23.714+0000] {dag.py:3089} INFO - Sync 1 DAGs
[2026-02-07T09:25:23.737+0000] {logging_mixin.py:188} INFO - [2026-02-07T09:25:23.737+0000] {dag.py:3947} INFO - Setting next_dagrun for product_price_pipeline to 2026-02-06 21:00:00+00:00, run_after=2026-02-07 21:00:00+00:00
[2026-02-07T09:25:23.761+0000] {processor.py:183} INFO - Processing /opt/airflow/dags/product_pipeline_dag.py took 0.169 seconds
[2026-02-07T09:25:55.071+0000] {processor.py:161} INFO - Started process (PID=991) to work on /opt/airflow/dags/product_pipeline_dag.py
[2026-02-07T09:25:55.073+0000] {processor.py:830} INFO - Processing file /opt/airflow/dags/product_pipeline_dag.py for tasks to queue
[2026-02-07T09:25:55.076+0000] {logging_mixin.py:188} INFO - [2026-02-07T09:25:55.075+0000] {dagbag.py:545} INFO - Filling up the DagBag from /opt/airflow/dags/product_pipeline_dag.py
[2026-02-07T09:25:55.144+0000] {processor.py:840} INFO - DAG(s) 'product_price_pipeline' retrieved from /opt/airflow/dags/product_pipeline_dag.py
[2026-02-07T09:25:55.179+0000] {logging_mixin.py:188} INFO - [2026-02-07T09:25:55.179+0000] {dag.py:3089} INFO - Sync 1 DAGs
[2026-02-07T09:25:55.201+0000] {logging_mixin.py:188} INFO - [2026-02-07T09:25:55.201+0000] {dag.py:3947} INFO - Setting next_dagrun for product_price_pipeline to 2026-02-06 21:00:00+00:00, run_after=2026-02-07 21:00:00+00:00
[2026-02-07T09:25:55.230+0000] {processor.py:183} INFO - Processing /opt/airflow/dags/product_pipeline_dag.py took 0.166 seconds
[2026-02-07T09:26:27.289+0000] {processor.py:161} INFO - Started process (PID=996) to work on /opt/airflow/dags/product_pipeline_dag.py
[2026-02-07T09:26:27.292+0000] {processor.py:830} INFO - Processing file /opt/airflow/dags/product_pipeline_dag.py for tasks to queue
[2026-02-07T09:26:27.297+0000] {logging_mixin.py:188} INFO - [2026-02-07T09:26:27.296+0000] {dagbag.py:545} INFO - Filling up the DagBag from /opt/airflow/dags/product_pipeline_dag.py
[2026-02-07T09:26:27.343+0000] {processor.py:840} INFO - DAG(s) 'product_price_pipeline' retrieved from /opt/airflow/dags/product_pipeline_dag.py
[2026-02-07T09:26:27.405+0000] {logging_mixin.py:188} INFO - [2026-02-07T09:26:27.405+0000] {dag.py:3089} INFO - Sync 1 DAGs
[2026-02-07T09:26:27.444+0000] {logging_mixin.py:188} INFO - [2026-02-07T09:26:27.444+0000] {dag.py:3947} INFO - Setting next_dagrun for product_price_pipeline to 2026-02-06 21:00:00+00:00, run_after=2026-02-07 21:00:00+00:00
[2026-02-07T09:26:27.487+0000] {processor.py:183} INFO - Processing /opt/airflow/dags/product_pipeline_dag.py took 0.214 seconds
[2026-02-07T09:26:58.764+0000] {processor.py:161} INFO - Started process (PID=1001) to work on /opt/airflow/dags/product_pipeline_dag.py
[2026-02-07T09:26:58.767+0000] {processor.py:830} INFO - Processing file /opt/airflow/dags/product_pipeline_dag.py for tasks to queue
[2026-02-07T09:26:58.771+0000] {logging_mixin.py:188} INFO - [2026-02-07T09:26:58.771+0000] {dagbag.py:545} INFO - Filling up the DagBag from /opt/airflow/dags/product_pipeline_dag.py
[2026-02-07T09:26:58.825+0000] {processor.py:840} INFO - DAG(s) 'product_price_pipeline' retrieved from /opt/airflow/dags/product_pipeline_dag.py
[2026-02-07T09:26:58.880+0000] {logging_mixin.py:188} INFO - [2026-02-07T09:26:58.880+0000] {dag.py:3089} INFO - Sync 1 DAGs
[2026-02-07T09:26:58.919+0000] {logging_mixin.py:188} INFO - [2026-02-07T09:26:58.918+0000] {dag.py:3947} INFO - Setting next_dagrun for product_price_pipeline to 2026-02-06 21:00:00+00:00, run_after=2026-02-07 21:00:00+00:00
[2026-02-07T09:26:58.959+0000] {processor.py:183} INFO - Processing /opt/airflow/dags/product_pipeline_dag.py took 0.207 seconds
[2026-02-07T09:27:31.036+0000] {processor.py:161} INFO - Started process (PID=1006) to work on /opt/airflow/dags/product_pipeline_dag.py
[2026-02-07T09:27:31.039+0000] {processor.py:830} INFO - Processing file /opt/airflow/dags/product_pipeline_dag.py for tasks to queue
[2026-02-07T09:27:31.042+0000] {logging_mixin.py:188} INFO - [2026-02-07T09:27:31.042+0000] {dagbag.py:545} INFO - Filling up the DagBag from /opt/airflow/dags/product_pipeline_dag.py
[2026-02-07T09:27:31.099+0000] {processor.py:840} INFO - DAG(s) 'product_price_pipeline' retrieved from /opt/airflow/dags/product_pipeline_dag.py
[2026-02-07T09:27:31.146+0000] {logging_mixin.py:188} INFO - [2026-02-07T09:27:31.146+0000] {dag.py:3089} INFO - Sync 1 DAGs
[2026-02-07T09:27:31.165+0000] {logging_mixin.py:188} INFO - [2026-02-07T09:27:31.165+0000] {dag.py:3947} INFO - Setting next_dagrun for product_price_pipeline to 2026-02-06 21:00:00+00:00, run_after=2026-02-07 21:00:00+00:00
[2026-02-07T09:27:31.193+0000] {processor.py:183} INFO - Processing /opt/airflow/dags/product_pipeline_dag.py took 0.166 seconds
[2026-02-07T09:28:02.502+0000] {processor.py:161} INFO - Started process (PID=1011) to work on /opt/airflow/dags/product_pipeline_dag.py
[2026-02-07T09:28:02.504+0000] {processor.py:830} INFO - Processing file /opt/airflow/dags/product_pipeline_dag.py for tasks to queue
[2026-02-07T09:28:02.507+0000] {logging_mixin.py:188} INFO - [2026-02-07T09:28:02.506+0000] {dagbag.py:545} INFO - Filling up the DagBag from /opt/airflow/dags/product_pipeline_dag.py
[2026-02-07T09:28:02.552+0000] {processor.py:840} INFO - DAG(s) 'product_price_pipeline' retrieved from /opt/airflow/dags/product_pipeline_dag.py
[2026-02-07T09:28:02.604+0000] {logging_mixin.py:188} INFO - [2026-02-07T09:28:02.603+0000] {dag.py:3089} INFO - Sync 1 DAGs
[2026-02-07T09:28:02.635+0000] {logging_mixin.py:188} INFO - [2026-02-07T09:28:02.635+0000] {dag.py:3947} INFO - Setting next_dagrun for product_price_pipeline to 2026-02-06 21:00:00+00:00, run_after=2026-02-07 21:00:00+00:00
[2026-02-07T09:28:02.671+0000] {processor.py:183} INFO - Processing /opt/airflow/dags/product_pipeline_dag.py took 0.177 seconds
[2026-02-07T09:28:34.816+0000] {processor.py:161} INFO - Started process (PID=1016) to work on /opt/airflow/dags/product_pipeline_dag.py
[2026-02-07T09:28:34.818+0000] {processor.py:830} INFO - Processing file /opt/airflow/dags/product_pipeline_dag.py for tasks to queue
[2026-02-07T09:28:34.823+0000] {logging_mixin.py:188} INFO - [2026-02-07T09:28:34.822+0000] {dagbag.py:545} INFO - Filling up the DagBag from /opt/airflow/dags/product_pipeline_dag.py
[2026-02-07T09:28:34.890+0000] {processor.py:840} INFO - DAG(s) 'product_price_pipeline' retrieved from /opt/airflow/dags/product_pipeline_dag.py
[2026-02-07T09:28:34.963+0000] {logging_mixin.py:188} INFO - [2026-02-07T09:28:34.962+0000] {dag.py:3089} INFO - Sync 1 DAGs
[2026-02-07T09:28:35.004+0000] {logging_mixin.py:188} INFO - [2026-02-07T09:28:35.003+0000] {dag.py:3947} INFO - Setting next_dagrun for product_price_pipeline to 2026-02-06 21:00:00+00:00, run_after=2026-02-07 21:00:00+00:00
[2026-02-07T09:28:35.049+0000] {processor.py:183} INFO - Processing /opt/airflow/dags/product_pipeline_dag.py took 0.246 seconds
[2026-02-07T09:29:06.232+0000] {processor.py:161} INFO - Started process (PID=1021) to work on /opt/airflow/dags/product_pipeline_dag.py
[2026-02-07T09:29:06.234+0000] {processor.py:830} INFO - Processing file /opt/airflow/dags/product_pipeline_dag.py for tasks to queue
[2026-02-07T09:29:06.239+0000] {logging_mixin.py:188} INFO - [2026-02-07T09:29:06.239+0000] {dagbag.py:545} INFO - Filling up the DagBag from /opt/airflow/dags/product_pipeline_dag.py
[2026-02-07T09:29:06.300+0000] {processor.py:840} INFO - DAG(s) 'product_price_pipeline' retrieved from /opt/airflow/dags/product_pipeline_dag.py
[2026-02-07T09:29:06.368+0000] {logging_mixin.py:188} INFO - [2026-02-07T09:29:06.368+0000] {dag.py:3089} INFO - Sync 1 DAGs
[2026-02-07T09:29:06.405+0000] {logging_mixin.py:188} INFO - [2026-02-07T09:29:06.404+0000] {dag.py:3947} INFO - Setting next_dagrun for product_price_pipeline to 2026-02-06 21:00:00+00:00, run_after=2026-02-07 21:00:00+00:00
[2026-02-07T09:29:06.449+0000] {processor.py:183} INFO - Processing /opt/airflow/dags/product_pipeline_dag.py took 0.231 seconds
[2026-02-07T09:29:39.353+0000] {processor.py:161} INFO - Started process (PID=1026) to work on /opt/airflow/dags/product_pipeline_dag.py
[2026-02-07T09:29:39.356+0000] {processor.py:830} INFO - Processing file /opt/airflow/dags/product_pipeline_dag.py for tasks to queue
[2026-02-07T09:29:39.359+0000] {logging_mixin.py:188} INFO - [2026-02-07T09:29:39.359+0000] {dagbag.py:545} INFO - Filling up the DagBag from /opt/airflow/dags/product_pipeline_dag.py
[2026-02-07T09:29:39.414+0000] {processor.py:840} INFO - DAG(s) 'product_price_pipeline' retrieved from /opt/airflow/dags/product_pipeline_dag.py
[2026-02-07T09:29:39.468+0000] {logging_mixin.py:188} INFO - [2026-02-07T09:29:39.467+0000] {dag.py:3089} INFO - Sync 1 DAGs
[2026-02-07T09:29:39.491+0000] {logging_mixin.py:188} INFO - [2026-02-07T09:29:39.491+0000] {dag.py:3947} INFO - Setting next_dagrun for product_price_pipeline to 2026-02-06 21:00:00+00:00, run_after=2026-02-07 21:00:00+00:00
[2026-02-07T09:29:39.520+0000] {processor.py:183} INFO - Processing /opt/airflow/dags/product_pipeline_dag.py took 0.176 seconds
[2026-02-07T09:30:10.595+0000] {processor.py:161} INFO - Started process (PID=1031) to work on /opt/airflow/dags/product_pipeline_dag.py
[2026-02-07T09:30:10.597+0000] {processor.py:830} INFO - Processing file /opt/airflow/dags/product_pipeline_dag.py for tasks to queue
[2026-02-07T09:30:10.601+0000] {logging_mixin.py:188} INFO - [2026-02-07T09:30:10.600+0000] {dagbag.py:545} INFO - Filling up the DagBag from /opt/airflow/dags/product_pipeline_dag.py
[2026-02-07T09:30:10.671+0000] {processor.py:840} INFO - DAG(s) 'product_price_pipeline' retrieved from /opt/airflow/dags/product_pipeline_dag.py
[2026-02-07T09:30:10.731+0000] {logging_mixin.py:188} INFO - [2026-02-07T09:30:10.730+0000] {dag.py:3089} INFO - Sync 1 DAGs
[2026-02-07T09:30:10.764+0000] {logging_mixin.py:188} INFO - [2026-02-07T09:30:10.764+0000] {dag.py:3947} INFO - Setting next_dagrun for product_price_pipeline to 2026-02-06 21:00:00+00:00, run_after=2026-02-07 21:00:00+00:00
[2026-02-07T09:30:10.794+0000] {processor.py:183} INFO - Processing /opt/airflow/dags/product_pipeline_dag.py took 0.210 seconds
[2026-02-07T09:30:42.066+0000] {processor.py:161} INFO - Started process (PID=1036) to work on /opt/airflow/dags/product_pipeline_dag.py
[2026-02-07T09:30:42.084+0000] {processor.py:830} INFO - Processing file /opt/airflow/dags/product_pipeline_dag.py for tasks to queue
[2026-02-07T09:30:42.090+0000] {logging_mixin.py:188} INFO - [2026-02-07T09:30:42.089+0000] {dagbag.py:545} INFO - Filling up the DagBag from /opt/airflow/dags/product_pipeline_dag.py
[2026-02-07T09:30:42.162+0000] {processor.py:840} INFO - DAG(s) 'product_price_pipeline' retrieved from /opt/airflow/dags/product_pipeline_dag.py
[2026-02-07T09:30:42.243+0000] {logging_mixin.py:188} INFO - [2026-02-07T09:30:42.242+0000] {dag.py:3089} INFO - Sync 1 DAGs
[2026-02-07T09:30:42.286+0000] {logging_mixin.py:188} INFO - [2026-02-07T09:30:42.286+0000] {dag.py:3947} INFO - Setting next_dagrun for product_price_pipeline to 2026-02-06 21:00:00+00:00, run_after=2026-02-07 21:00:00+00:00
[2026-02-07T09:30:42.340+0000] {processor.py:183} INFO - Processing /opt/airflow/dags/product_pipeline_dag.py took 0.284 seconds
[2026-02-07T09:31:13.575+0000] {processor.py:161} INFO - Started process (PID=1041) to work on /opt/airflow/dags/product_pipeline_dag.py
[2026-02-07T09:31:13.577+0000] {processor.py:830} INFO - Processing file /opt/airflow/dags/product_pipeline_dag.py for tasks to queue
[2026-02-07T09:31:13.581+0000] {logging_mixin.py:188} INFO - [2026-02-07T09:31:13.580+0000] {dagbag.py:545} INFO - Filling up the DagBag from /opt/airflow/dags/product_pipeline_dag.py
[2026-02-07T09:31:13.641+0000] {processor.py:840} INFO - DAG(s) 'product_price_pipeline' retrieved from /opt/airflow/dags/product_pipeline_dag.py
[2026-02-07T09:31:13.687+0000] {logging_mixin.py:188} INFO - [2026-02-07T09:31:13.687+0000] {dag.py:3089} INFO - Sync 1 DAGs
[2026-02-07T09:31:13.707+0000] {logging_mixin.py:188} INFO - [2026-02-07T09:31:13.707+0000] {dag.py:3947} INFO - Setting next_dagrun for product_price_pipeline to 2026-02-06 21:00:00+00:00, run_after=2026-02-07 21:00:00+00:00
[2026-02-07T09:31:13.741+0000] {processor.py:183} INFO - Processing /opt/airflow/dags/product_pipeline_dag.py took 0.176 seconds
[2026-02-07T09:31:45.816+0000] {processor.py:161} INFO - Started process (PID=1046) to work on /opt/airflow/dags/product_pipeline_dag.py
[2026-02-07T09:31:45.818+0000] {processor.py:830} INFO - Processing file /opt/airflow/dags/product_pipeline_dag.py for tasks to queue
[2026-02-07T09:31:45.822+0000] {logging_mixin.py:188} INFO - [2026-02-07T09:31:45.822+0000] {dagbag.py:545} INFO - Filling up the DagBag from /opt/airflow/dags/product_pipeline_dag.py
[2026-02-07T09:31:45.887+0000] {processor.py:840} INFO - DAG(s) 'product_price_pipeline' retrieved from /opt/airflow/dags/product_pipeline_dag.py
[2026-02-07T09:31:45.936+0000] {logging_mixin.py:188} INFO - [2026-02-07T09:31:45.936+0000] {dag.py:3089} INFO - Sync 1 DAGs
[2026-02-07T09:31:45.959+0000] {logging_mixin.py:188} INFO - [2026-02-07T09:31:45.959+0000] {dag.py:3947} INFO - Setting next_dagrun for product_price_pipeline to 2026-02-06 21:00:00+00:00, run_after=2026-02-07 21:00:00+00:00
[2026-02-07T09:31:45.989+0000] {processor.py:183} INFO - Processing /opt/airflow/dags/product_pipeline_dag.py took 0.186 seconds
[2026-02-07T09:32:17.217+0000] {processor.py:161} INFO - Started process (PID=1051) to work on /opt/airflow/dags/product_pipeline_dag.py
[2026-02-07T09:32:17.219+0000] {processor.py:830} INFO - Processing file /opt/airflow/dags/product_pipeline_dag.py for tasks to queue
[2026-02-07T09:32:17.222+0000] {logging_mixin.py:188} INFO - [2026-02-07T09:32:17.222+0000] {dagbag.py:545} INFO - Filling up the DagBag from /opt/airflow/dags/product_pipeline_dag.py
[2026-02-07T09:32:17.283+0000] {processor.py:840} INFO - DAG(s) 'product_price_pipeline' retrieved from /opt/airflow/dags/product_pipeline_dag.py
[2026-02-07T09:32:17.323+0000] {logging_mixin.py:188} INFO - [2026-02-07T09:32:17.322+0000] {dag.py:3089} INFO - Sync 1 DAGs
[2026-02-07T09:32:17.344+0000] {logging_mixin.py:188} INFO - [2026-02-07T09:32:17.344+0000] {dag.py:3947} INFO - Setting next_dagrun for product_price_pipeline to 2026-02-06 21:00:00+00:00, run_after=2026-02-07 21:00:00+00:00
[2026-02-07T09:32:17.369+0000] {processor.py:183} INFO - Processing /opt/airflow/dags/product_pipeline_dag.py took 0.161 seconds
[2026-02-07T09:32:49.494+0000] {processor.py:161} INFO - Started process (PID=1056) to work on /opt/airflow/dags/product_pipeline_dag.py
[2026-02-07T09:32:49.496+0000] {processor.py:830} INFO - Processing file /opt/airflow/dags/product_pipeline_dag.py for tasks to queue
[2026-02-07T09:32:49.499+0000] {logging_mixin.py:188} INFO - [2026-02-07T09:32:49.498+0000] {dagbag.py:545} INFO - Filling up the DagBag from /opt/airflow/dags/product_pipeline_dag.py
[2026-02-07T09:32:49.546+0000] {processor.py:840} INFO - DAG(s) 'product_price_pipeline' retrieved from /opt/airflow/dags/product_pipeline_dag.py
[2026-02-07T09:32:49.580+0000] {logging_mixin.py:188} INFO - [2026-02-07T09:32:49.580+0000] {dag.py:3089} INFO - Sync 1 DAGs
[2026-02-07T09:32:49.604+0000] {logging_mixin.py:188} INFO - [2026-02-07T09:32:49.603+0000] {dag.py:3947} INFO - Setting next_dagrun for product_price_pipeline to 2026-02-06 21:00:00+00:00, run_after=2026-02-07 21:00:00+00:00
[2026-02-07T09:32:49.628+0000] {processor.py:183} INFO - Processing /opt/airflow/dags/product_pipeline_dag.py took 0.139 seconds
[2026-02-07T09:33:21.826+0000] {processor.py:161} INFO - Started process (PID=1061) to work on /opt/airflow/dags/product_pipeline_dag.py
[2026-02-07T09:33:21.829+0000] {processor.py:830} INFO - Processing file /opt/airflow/dags/product_pipeline_dag.py for tasks to queue
[2026-02-07T09:33:21.833+0000] {logging_mixin.py:188} INFO - [2026-02-07T09:33:21.833+0000] {dagbag.py:545} INFO - Filling up the DagBag from /opt/airflow/dags/product_pipeline_dag.py
[2026-02-07T09:33:21.897+0000] {processor.py:840} INFO - DAG(s) 'product_price_pipeline' retrieved from /opt/airflow/dags/product_pipeline_dag.py
[2026-02-07T09:33:21.955+0000] {logging_mixin.py:188} INFO - [2026-02-07T09:33:21.955+0000] {dag.py:3089} INFO - Sync 1 DAGs
[2026-02-07T09:33:21.984+0000] {logging_mixin.py:188} INFO - [2026-02-07T09:33:21.984+0000] {dag.py:3947} INFO - Setting next_dagrun for product_price_pipeline to 2026-02-06 21:00:00+00:00, run_after=2026-02-07 21:00:00+00:00
[2026-02-07T09:33:22.021+0000] {processor.py:183} INFO - Processing /opt/airflow/dags/product_pipeline_dag.py took 0.207 seconds
[2026-02-07T09:33:53.067+0000] {processor.py:161} INFO - Started process (PID=1066) to work on /opt/airflow/dags/product_pipeline_dag.py
[2026-02-07T09:33:53.070+0000] {processor.py:830} INFO - Processing file /opt/airflow/dags/product_pipeline_dag.py for tasks to queue
[2026-02-07T09:33:53.074+0000] {logging_mixin.py:188} INFO - [2026-02-07T09:33:53.074+0000] {dagbag.py:545} INFO - Filling up the DagBag from /opt/airflow/dags/product_pipeline_dag.py
[2026-02-07T09:33:53.112+0000] {processor.py:840} INFO - DAG(s) 'product_price_pipeline' retrieved from /opt/airflow/dags/product_pipeline_dag.py
[2026-02-07T09:33:53.144+0000] {logging_mixin.py:188} INFO - [2026-02-07T09:33:53.144+0000] {dag.py:3089} INFO - Sync 1 DAGs
[2026-02-07T09:33:53.166+0000] {logging_mixin.py:188} INFO - [2026-02-07T09:33:53.165+0000] {dag.py:3947} INFO - Setting next_dagrun for product_price_pipeline to 2026-02-06 21:00:00+00:00, run_after=2026-02-07 21:00:00+00:00
[2026-02-07T09:33:53.188+0000] {processor.py:183} INFO - Processing /opt/airflow/dags/product_pipeline_dag.py took 0.131 seconds
[2026-02-07T09:34:25.746+0000] {processor.py:161} INFO - Started process (PID=1071) to work on /opt/airflow/dags/product_pipeline_dag.py
[2026-02-07T09:34:25.765+0000] {processor.py:830} INFO - Processing file /opt/airflow/dags/product_pipeline_dag.py for tasks to queue
[2026-02-07T09:34:25.982+0000] {logging_mixin.py:188} INFO - [2026-02-07T09:34:25.977+0000] {dagbag.py:545} INFO - Filling up the DagBag from /opt/airflow/dags/product_pipeline_dag.py
[2026-02-07T09:34:26.346+0000] {processor.py:840} INFO - DAG(s) 'product_price_pipeline' retrieved from /opt/airflow/dags/product_pipeline_dag.py
[2026-02-07T09:34:26.912+0000] {logging_mixin.py:188} INFO - [2026-02-07T09:34:26.911+0000] {dag.py:3089} INFO - Sync 1 DAGs
[2026-02-07T09:34:27.206+0000] {logging_mixin.py:188} INFO - [2026-02-07T09:34:27.205+0000] {dag.py:3947} INFO - Setting next_dagrun for product_price_pipeline to 2026-02-06 21:00:00+00:00, run_after=2026-02-07 21:00:00+00:00
[2026-02-07T09:34:27.352+0000] {processor.py:183} INFO - Processing /opt/airflow/dags/product_pipeline_dag.py took 1.758 seconds
[2026-02-07T09:34:57.770+0000] {processor.py:161} INFO - Started process (PID=1076) to work on /opt/airflow/dags/product_pipeline_dag.py
[2026-02-07T09:34:57.776+0000] {processor.py:830} INFO - Processing file /opt/airflow/dags/product_pipeline_dag.py for tasks to queue
[2026-02-07T09:34:57.791+0000] {logging_mixin.py:188} INFO - [2026-02-07T09:34:57.789+0000] {dagbag.py:545} INFO - Filling up the DagBag from /opt/airflow/dags/product_pipeline_dag.py
[2026-02-07T09:34:57.889+0000] {processor.py:840} INFO - DAG(s) 'product_price_pipeline' retrieved from /opt/airflow/dags/product_pipeline_dag.py
[2026-02-07T09:34:57.950+0000] {logging_mixin.py:188} INFO - [2026-02-07T09:34:57.950+0000] {dag.py:3089} INFO - Sync 1 DAGs
[2026-02-07T09:34:57.995+0000] {logging_mixin.py:188} INFO - [2026-02-07T09:34:57.995+0000] {dag.py:3947} INFO - Setting next_dagrun for product_price_pipeline to 2026-02-06 21:00:00+00:00, run_after=2026-02-07 21:00:00+00:00
[2026-02-07T09:34:58.029+0000] {processor.py:183} INFO - Processing /opt/airflow/dags/product_pipeline_dag.py took 0.299 seconds
[2026-02-07T09:35:28.980+0000] {processor.py:161} INFO - Started process (PID=1081) to work on /opt/airflow/dags/product_pipeline_dag.py
[2026-02-07T09:35:28.984+0000] {processor.py:830} INFO - Processing file /opt/airflow/dags/product_pipeline_dag.py for tasks to queue
[2026-02-07T09:35:28.991+0000] {logging_mixin.py:188} INFO - [2026-02-07T09:35:28.990+0000] {dagbag.py:545} INFO - Filling up the DagBag from /opt/airflow/dags/product_pipeline_dag.py
[2026-02-07T09:35:29.064+0000] {processor.py:840} INFO - DAG(s) 'product_price_pipeline' retrieved from /opt/airflow/dags/product_pipeline_dag.py
[2026-02-07T09:35:29.126+0000] {logging_mixin.py:188} INFO - [2026-02-07T09:35:29.125+0000] {dag.py:3089} INFO - Sync 1 DAGs
[2026-02-07T09:35:29.163+0000] {logging_mixin.py:188} INFO - [2026-02-07T09:35:29.163+0000] {dag.py:3947} INFO - Setting next_dagrun for product_price_pipeline to 2026-02-06 21:00:00+00:00, run_after=2026-02-07 21:00:00+00:00
[2026-02-07T09:35:29.210+0000] {processor.py:183} INFO - Processing /opt/airflow/dags/product_pipeline_dag.py took 0.248 seconds
[2026-02-07T09:36:00.523+0000] {processor.py:161} INFO - Started process (PID=1086) to work on /opt/airflow/dags/product_pipeline_dag.py
[2026-02-07T09:36:00.526+0000] {processor.py:830} INFO - Processing file /opt/airflow/dags/product_pipeline_dag.py for tasks to queue
[2026-02-07T09:36:00.531+0000] {logging_mixin.py:188} INFO - [2026-02-07T09:36:00.530+0000] {dagbag.py:545} INFO - Filling up the DagBag from /opt/airflow/dags/product_pipeline_dag.py
[2026-02-07T09:36:00.602+0000] {processor.py:840} INFO - DAG(s) 'product_price_pipeline' retrieved from /opt/airflow/dags/product_pipeline_dag.py
[2026-02-07T09:36:00.696+0000] {logging_mixin.py:188} INFO - [2026-02-07T09:36:00.696+0000] {dag.py:3089} INFO - Sync 1 DAGs
[2026-02-07T09:36:00.720+0000] {logging_mixin.py:188} INFO - [2026-02-07T09:36:00.720+0000] {dag.py:3947} INFO - Setting next_dagrun for product_price_pipeline to 2026-02-06 21:00:00+00:00, run_after=2026-02-07 21:00:00+00:00
[2026-02-07T09:36:00.749+0000] {processor.py:183} INFO - Processing /opt/airflow/dags/product_pipeline_dag.py took 0.242 seconds
[2026-02-07T09:36:32.768+0000] {processor.py:161} INFO - Started process (PID=1091) to work on /opt/airflow/dags/product_pipeline_dag.py
[2026-02-07T09:36:32.772+0000] {processor.py:830} INFO - Processing file /opt/airflow/dags/product_pipeline_dag.py for tasks to queue
[2026-02-07T09:36:32.777+0000] {logging_mixin.py:188} INFO - [2026-02-07T09:36:32.777+0000] {dagbag.py:545} INFO - Filling up the DagBag from /opt/airflow/dags/product_pipeline_dag.py
[2026-02-07T09:36:32.847+0000] {processor.py:840} INFO - DAG(s) 'product_price_pipeline' retrieved from /opt/airflow/dags/product_pipeline_dag.py
[2026-02-07T09:36:32.888+0000] {logging_mixin.py:188} INFO - [2026-02-07T09:36:32.888+0000] {dag.py:3089} INFO - Sync 1 DAGs
[2026-02-07T09:36:32.914+0000] {logging_mixin.py:188} INFO - [2026-02-07T09:36:32.914+0000] {dag.py:3947} INFO - Setting next_dagrun for product_price_pipeline to 2026-02-06 21:00:00+00:00, run_after=2026-02-07 21:00:00+00:00
[2026-02-07T09:36:32.936+0000] {processor.py:183} INFO - Processing /opt/airflow/dags/product_pipeline_dag.py took 0.181 seconds
[2026-02-07T09:37:04.231+0000] {processor.py:161} INFO - Started process (PID=1096) to work on /opt/airflow/dags/product_pipeline_dag.py
[2026-02-07T09:37:04.234+0000] {processor.py:830} INFO - Processing file /opt/airflow/dags/product_pipeline_dag.py for tasks to queue
[2026-02-07T09:37:04.237+0000] {logging_mixin.py:188} INFO - [2026-02-07T09:37:04.237+0000] {dagbag.py:545} INFO - Filling up the DagBag from /opt/airflow/dags/product_pipeline_dag.py
[2026-02-07T09:37:04.298+0000] {processor.py:840} INFO - DAG(s) 'product_price_pipeline' retrieved from /opt/airflow/dags/product_pipeline_dag.py
[2026-02-07T09:37:04.344+0000] {logging_mixin.py:188} INFO - [2026-02-07T09:37:04.344+0000] {dag.py:3089} INFO - Sync 1 DAGs
[2026-02-07T09:37:04.363+0000] {logging_mixin.py:188} INFO - [2026-02-07T09:37:04.363+0000] {dag.py:3947} INFO - Setting next_dagrun for product_price_pipeline to 2026-02-06 21:00:00+00:00, run_after=2026-02-07 21:00:00+00:00
[2026-02-07T09:37:04.445+0000] {processor.py:183} INFO - Processing /opt/airflow/dags/product_pipeline_dag.py took 0.226 seconds
[2026-02-07T09:37:36.432+0000] {processor.py:161} INFO - Started process (PID=1101) to work on /opt/airflow/dags/product_pipeline_dag.py
[2026-02-07T09:37:36.434+0000] {processor.py:830} INFO - Processing file /opt/airflow/dags/product_pipeline_dag.py for tasks to queue
[2026-02-07T09:37:36.456+0000] {logging_mixin.py:188} INFO - [2026-02-07T09:37:36.454+0000] {dagbag.py:545} INFO - Filling up the DagBag from /opt/airflow/dags/product_pipeline_dag.py
[2026-02-07T09:37:36.609+0000] {processor.py:840} INFO - DAG(s) 'product_price_pipeline' retrieved from /opt/airflow/dags/product_pipeline_dag.py
[2026-02-07T09:37:36.713+0000] {logging_mixin.py:188} INFO - [2026-02-07T09:37:36.713+0000] {dag.py:3089} INFO - Sync 1 DAGs
[2026-02-07T09:37:36.758+0000] {logging_mixin.py:188} INFO - [2026-02-07T09:37:36.758+0000] {dag.py:3947} INFO - Setting next_dagrun for product_price_pipeline to 2026-02-06 21:00:00+00:00, run_after=2026-02-07 21:00:00+00:00
[2026-02-07T09:37:36.803+0000] {processor.py:183} INFO - Processing /opt/airflow/dags/product_pipeline_dag.py took 0.403 seconds
[2026-02-07T09:38:07.972+0000] {processor.py:161} INFO - Started process (PID=1106) to work on /opt/airflow/dags/product_pipeline_dag.py
[2026-02-07T09:38:07.974+0000] {processor.py:830} INFO - Processing file /opt/airflow/dags/product_pipeline_dag.py for tasks to queue
[2026-02-07T09:38:07.977+0000] {logging_mixin.py:188} INFO - [2026-02-07T09:38:07.977+0000] {dagbag.py:545} INFO - Filling up the DagBag from /opt/airflow/dags/product_pipeline_dag.py
[2026-02-07T09:38:08.038+0000] {processor.py:840} INFO - DAG(s) 'product_price_pipeline' retrieved from /opt/airflow/dags/product_pipeline_dag.py
[2026-02-07T09:38:08.084+0000] {logging_mixin.py:188} INFO - [2026-02-07T09:38:08.084+0000] {dag.py:3089} INFO - Sync 1 DAGs
[2026-02-07T09:38:08.104+0000] {logging_mixin.py:188} INFO - [2026-02-07T09:38:08.103+0000] {dag.py:3947} INFO - Setting next_dagrun for product_price_pipeline to 2026-02-06 21:00:00+00:00, run_after=2026-02-07 21:00:00+00:00
[2026-02-07T09:38:08.146+0000] {processor.py:183} INFO - Processing /opt/airflow/dags/product_pipeline_dag.py took 0.184 seconds
[2026-02-07T09:38:40.384+0000] {processor.py:161} INFO - Started process (PID=1111) to work on /opt/airflow/dags/product_pipeline_dag.py
[2026-02-07T09:38:40.388+0000] {processor.py:830} INFO - Processing file /opt/airflow/dags/product_pipeline_dag.py for tasks to queue
[2026-02-07T09:38:40.394+0000] {logging_mixin.py:188} INFO - [2026-02-07T09:38:40.393+0000] {dagbag.py:545} INFO - Filling up the DagBag from /opt/airflow/dags/product_pipeline_dag.py
[2026-02-07T09:38:40.470+0000] {processor.py:840} INFO - DAG(s) 'product_price_pipeline' retrieved from /opt/airflow/dags/product_pipeline_dag.py
[2026-02-07T09:38:40.549+0000] {logging_mixin.py:188} INFO - [2026-02-07T09:38:40.548+0000] {dag.py:3089} INFO - Sync 1 DAGs
[2026-02-07T09:38:40.585+0000] {logging_mixin.py:188} INFO - [2026-02-07T09:38:40.584+0000] {dag.py:3947} INFO - Setting next_dagrun for product_price_pipeline to 2026-02-06 21:00:00+00:00, run_after=2026-02-07 21:00:00+00:00
[2026-02-07T09:38:40.622+0000] {processor.py:183} INFO - Processing /opt/airflow/dags/product_pipeline_dag.py took 0.254 seconds
[2026-02-07T09:39:11.697+0000] {processor.py:161} INFO - Started process (PID=1116) to work on /opt/airflow/dags/product_pipeline_dag.py
[2026-02-07T09:39:11.702+0000] {processor.py:830} INFO - Processing file /opt/airflow/dags/product_pipeline_dag.py for tasks to queue
[2026-02-07T09:39:11.712+0000] {logging_mixin.py:188} INFO - [2026-02-07T09:39:11.709+0000] {dagbag.py:545} INFO - Filling up the DagBag from /opt/airflow/dags/product_pipeline_dag.py
[2026-02-07T09:39:11.782+0000] {processor.py:840} INFO - DAG(s) 'product_price_pipeline' retrieved from /opt/airflow/dags/product_pipeline_dag.py
[2026-02-07T09:39:11.865+0000] {logging_mixin.py:188} INFO - [2026-02-07T09:39:11.864+0000] {dag.py:3089} INFO - Sync 1 DAGs
[2026-02-07T09:39:11.909+0000] {logging_mixin.py:188} INFO - [2026-02-07T09:39:11.909+0000] {dag.py:3947} INFO - Setting next_dagrun for product_price_pipeline to 2026-02-06 21:00:00+00:00, run_after=2026-02-07 21:00:00+00:00
[2026-02-07T09:39:11.938+0000] {processor.py:183} INFO - Processing /opt/airflow/dags/product_pipeline_dag.py took 0.261 seconds
[2026-02-07T09:39:44.233+0000] {processor.py:161} INFO - Started process (PID=1121) to work on /opt/airflow/dags/product_pipeline_dag.py
[2026-02-07T09:39:44.237+0000] {processor.py:830} INFO - Processing file /opt/airflow/dags/product_pipeline_dag.py for tasks to queue
[2026-02-07T09:39:44.242+0000] {logging_mixin.py:188} INFO - [2026-02-07T09:39:44.241+0000] {dagbag.py:545} INFO - Filling up the DagBag from /opt/airflow/dags/product_pipeline_dag.py
[2026-02-07T09:39:44.304+0000] {processor.py:840} INFO - DAG(s) 'product_price_pipeline' retrieved from /opt/airflow/dags/product_pipeline_dag.py
[2026-02-07T09:39:44.350+0000] {logging_mixin.py:188} INFO - [2026-02-07T09:39:44.350+0000] {dag.py:3089} INFO - Sync 1 DAGs
[2026-02-07T09:39:44.381+0000] {logging_mixin.py:188} INFO - [2026-02-07T09:39:44.381+0000] {dag.py:3947} INFO - Setting next_dagrun for product_price_pipeline to 2026-02-06 21:00:00+00:00, run_after=2026-02-07 21:00:00+00:00
[2026-02-07T09:39:44.421+0000] {processor.py:183} INFO - Processing /opt/airflow/dags/product_pipeline_dag.py took 0.204 seconds
[2026-02-07T09:40:15.623+0000] {processor.py:161} INFO - Started process (PID=1126) to work on /opt/airflow/dags/product_pipeline_dag.py
[2026-02-07T09:40:15.628+0000] {processor.py:830} INFO - Processing file /opt/airflow/dags/product_pipeline_dag.py for tasks to queue
[2026-02-07T09:40:15.634+0000] {logging_mixin.py:188} INFO - [2026-02-07T09:40:15.633+0000] {dagbag.py:545} INFO - Filling up the DagBag from /opt/airflow/dags/product_pipeline_dag.py
[2026-02-07T09:40:15.697+0000] {processor.py:840} INFO - DAG(s) 'product_price_pipeline' retrieved from /opt/airflow/dags/product_pipeline_dag.py
[2026-02-07T09:40:15.775+0000] {logging_mixin.py:188} INFO - [2026-02-07T09:40:15.775+0000] {dag.py:3089} INFO - Sync 1 DAGs
[2026-02-07T09:40:15.807+0000] {logging_mixin.py:188} INFO - [2026-02-07T09:40:15.807+0000] {dag.py:3947} INFO - Setting next_dagrun for product_price_pipeline to 2026-02-06 21:00:00+00:00, run_after=2026-02-07 21:00:00+00:00
[2026-02-07T09:40:15.849+0000] {processor.py:183} INFO - Processing /opt/airflow/dags/product_pipeline_dag.py took 0.248 seconds
[2026-02-07T09:40:48.006+0000] {processor.py:161} INFO - Started process (PID=1131) to work on /opt/airflow/dags/product_pipeline_dag.py
[2026-02-07T09:40:48.013+0000] {processor.py:830} INFO - Processing file /opt/airflow/dags/product_pipeline_dag.py for tasks to queue
[2026-02-07T09:40:48.020+0000] {logging_mixin.py:188} INFO - [2026-02-07T09:40:48.019+0000] {dagbag.py:545} INFO - Filling up the DagBag from /opt/airflow/dags/product_pipeline_dag.py
[2026-02-07T09:40:48.112+0000] {processor.py:840} INFO - DAG(s) 'product_price_pipeline' retrieved from /opt/airflow/dags/product_pipeline_dag.py
[2026-02-07T09:40:48.195+0000] {logging_mixin.py:188} INFO - [2026-02-07T09:40:48.195+0000] {dag.py:3089} INFO - Sync 1 DAGs
[2026-02-07T09:40:48.242+0000] {logging_mixin.py:188} INFO - [2026-02-07T09:40:48.242+0000] {dag.py:3947} INFO - Setting next_dagrun for product_price_pipeline to 2026-02-06 21:00:00+00:00, run_after=2026-02-07 21:00:00+00:00
[2026-02-07T09:40:48.292+0000] {processor.py:183} INFO - Processing /opt/airflow/dags/product_pipeline_dag.py took 0.311 seconds
[2026-02-07T09:41:19.360+0000] {processor.py:161} INFO - Started process (PID=1136) to work on /opt/airflow/dags/product_pipeline_dag.py
[2026-02-07T09:41:19.366+0000] {processor.py:830} INFO - Processing file /opt/airflow/dags/product_pipeline_dag.py for tasks to queue
[2026-02-07T09:41:19.372+0000] {logging_mixin.py:188} INFO - [2026-02-07T09:41:19.371+0000] {dagbag.py:545} INFO - Filling up the DagBag from /opt/airflow/dags/product_pipeline_dag.py
[2026-02-07T09:41:19.458+0000] {processor.py:840} INFO - DAG(s) 'product_price_pipeline' retrieved from /opt/airflow/dags/product_pipeline_dag.py
[2026-02-07T09:41:19.550+0000] {logging_mixin.py:188} INFO - [2026-02-07T09:41:19.549+0000] {dag.py:3089} INFO - Sync 1 DAGs
[2026-02-07T09:41:19.603+0000] {logging_mixin.py:188} INFO - [2026-02-07T09:41:19.602+0000] {dag.py:3947} INFO - Setting next_dagrun for product_price_pipeline to 2026-02-06 21:00:00+00:00, run_after=2026-02-07 21:00:00+00:00
[2026-02-07T09:41:19.674+0000] {processor.py:183} INFO - Processing /opt/airflow/dags/product_pipeline_dag.py took 0.330 seconds
[2026-02-07T09:41:51.811+0000] {processor.py:161} INFO - Started process (PID=1141) to work on /opt/airflow/dags/product_pipeline_dag.py
[2026-02-07T09:41:51.813+0000] {processor.py:830} INFO - Processing file /opt/airflow/dags/product_pipeline_dag.py for tasks to queue
[2026-02-07T09:41:51.815+0000] {logging_mixin.py:188} INFO - [2026-02-07T09:41:51.815+0000] {dagbag.py:545} INFO - Filling up the DagBag from /opt/airflow/dags/product_pipeline_dag.py
[2026-02-07T09:41:51.865+0000] {processor.py:840} INFO - DAG(s) 'product_price_pipeline' retrieved from /opt/airflow/dags/product_pipeline_dag.py
[2026-02-07T09:41:51.973+0000] {logging_mixin.py:188} INFO - [2026-02-07T09:41:51.973+0000] {dag.py:3089} INFO - Sync 1 DAGs
[2026-02-07T09:41:52.020+0000] {logging_mixin.py:188} INFO - [2026-02-07T09:41:52.020+0000] {dag.py:3947} INFO - Setting next_dagrun for product_price_pipeline to 2026-02-06 21:00:00+00:00, run_after=2026-02-07 21:00:00+00:00
[2026-02-07T09:41:52.067+0000] {processor.py:183} INFO - Processing /opt/airflow/dags/product_pipeline_dag.py took 0.264 seconds
[2026-02-07T09:42:23.494+0000] {processor.py:161} INFO - Started process (PID=1146) to work on /opt/airflow/dags/product_pipeline_dag.py
[2026-02-07T09:42:23.506+0000] {processor.py:830} INFO - Processing file /opt/airflow/dags/product_pipeline_dag.py for tasks to queue
[2026-02-07T09:42:23.527+0000] {logging_mixin.py:188} INFO - [2026-02-07T09:42:23.525+0000] {dagbag.py:545} INFO - Filling up the DagBag from /opt/airflow/dags/product_pipeline_dag.py
[2026-02-07T09:42:23.710+0000] {processor.py:840} INFO - DAG(s) 'product_price_pipeline' retrieved from /opt/airflow/dags/product_pipeline_dag.py
[2026-02-07T09:42:23.779+0000] {logging_mixin.py:188} INFO - [2026-02-07T09:42:23.779+0000] {dag.py:3089} INFO - Sync 1 DAGs
[2026-02-07T09:42:23.837+0000] {logging_mixin.py:188} INFO - [2026-02-07T09:42:23.836+0000] {dag.py:3947} INFO - Setting next_dagrun for product_price_pipeline to 2026-02-06 21:00:00+00:00, run_after=2026-02-07 21:00:00+00:00
[2026-02-07T09:42:23.891+0000] {processor.py:183} INFO - Processing /opt/airflow/dags/product_pipeline_dag.py took 0.410 seconds
[2026-02-07T09:42:55.299+0000] {processor.py:161} INFO - Started process (PID=1151) to work on /opt/airflow/dags/product_pipeline_dag.py
[2026-02-07T09:42:55.303+0000] {processor.py:830} INFO - Processing file /opt/airflow/dags/product_pipeline_dag.py for tasks to queue
[2026-02-07T09:42:55.312+0000] {logging_mixin.py:188} INFO - [2026-02-07T09:42:55.310+0000] {dagbag.py:545} INFO - Filling up the DagBag from /opt/airflow/dags/product_pipeline_dag.py
[2026-02-07T09:42:55.405+0000] {processor.py:840} INFO - DAG(s) 'product_price_pipeline' retrieved from /opt/airflow/dags/product_pipeline_dag.py
[2026-02-07T09:42:55.481+0000] {logging_mixin.py:188} INFO - [2026-02-07T09:42:55.481+0000] {dag.py:3089} INFO - Sync 1 DAGs
[2026-02-07T09:42:55.520+0000] {logging_mixin.py:188} INFO - [2026-02-07T09:42:55.520+0000] {dag.py:3947} INFO - Setting next_dagrun for product_price_pipeline to 2026-02-06 21:00:00+00:00, run_after=2026-02-07 21:00:00+00:00
[2026-02-07T09:42:55.575+0000] {processor.py:183} INFO - Processing /opt/airflow/dags/product_pipeline_dag.py took 0.321 seconds
[2026-02-07T09:43:26.889+0000] {processor.py:161} INFO - Started process (PID=1156) to work on /opt/airflow/dags/product_pipeline_dag.py
[2026-02-07T09:43:26.891+0000] {processor.py:830} INFO - Processing file /opt/airflow/dags/product_pipeline_dag.py for tasks to queue
[2026-02-07T09:43:26.895+0000] {logging_mixin.py:188} INFO - [2026-02-07T09:43:26.895+0000] {dagbag.py:545} INFO - Filling up the DagBag from /opt/airflow/dags/product_pipeline_dag.py
[2026-02-07T09:43:26.973+0000] {processor.py:840} INFO - DAG(s) 'product_price_pipeline' retrieved from /opt/airflow/dags/product_pipeline_dag.py
[2026-02-07T09:43:27.076+0000] {logging_mixin.py:188} INFO - [2026-02-07T09:43:27.076+0000] {dag.py:3089} INFO - Sync 1 DAGs
[2026-02-07T09:43:27.104+0000] {logging_mixin.py:188} INFO - [2026-02-07T09:43:27.104+0000] {dag.py:3947} INFO - Setting next_dagrun for product_price_pipeline to 2026-02-06 21:00:00+00:00, run_after=2026-02-07 21:00:00+00:00
[2026-02-07T09:43:27.151+0000] {processor.py:183} INFO - Processing /opt/airflow/dags/product_pipeline_dag.py took 0.273 seconds
[2026-02-07T09:43:59.276+0000] {processor.py:161} INFO - Started process (PID=1161) to work on /opt/airflow/dags/product_pipeline_dag.py
[2026-02-07T09:43:59.279+0000] {processor.py:830} INFO - Processing file /opt/airflow/dags/product_pipeline_dag.py for tasks to queue
[2026-02-07T09:43:59.282+0000] {logging_mixin.py:188} INFO - [2026-02-07T09:43:59.281+0000] {dagbag.py:545} INFO - Filling up the DagBag from /opt/airflow/dags/product_pipeline_dag.py
[2026-02-07T09:43:59.337+0000] {processor.py:840} INFO - DAG(s) 'product_price_pipeline' retrieved from /opt/airflow/dags/product_pipeline_dag.py
[2026-02-07T09:43:59.412+0000] {logging_mixin.py:188} INFO - [2026-02-07T09:43:59.412+0000] {dag.py:3089} INFO - Sync 1 DAGs
[2026-02-07T09:43:59.468+0000] {logging_mixin.py:188} INFO - [2026-02-07T09:43:59.467+0000] {dag.py:3947} INFO - Setting next_dagrun for product_price_pipeline to 2026-02-06 21:00:00+00:00, run_after=2026-02-07 21:00:00+00:00
[2026-02-07T09:43:59.569+0000] {processor.py:183} INFO - Processing /opt/airflow/dags/product_pipeline_dag.py took 0.308 seconds
[2026-02-07T09:44:30.861+0000] {processor.py:161} INFO - Started process (PID=1166) to work on /opt/airflow/dags/product_pipeline_dag.py
[2026-02-07T09:44:30.864+0000] {processor.py:830} INFO - Processing file /opt/airflow/dags/product_pipeline_dag.py for tasks to queue
[2026-02-07T09:44:30.868+0000] {logging_mixin.py:188} INFO - [2026-02-07T09:44:30.868+0000] {dagbag.py:545} INFO - Filling up the DagBag from /opt/airflow/dags/product_pipeline_dag.py
[2026-02-07T09:44:30.917+0000] {processor.py:840} INFO - DAG(s) 'product_price_pipeline' retrieved from /opt/airflow/dags/product_pipeline_dag.py
[2026-02-07T09:44:30.961+0000] {logging_mixin.py:188} INFO - [2026-02-07T09:44:30.960+0000] {dag.py:3089} INFO - Sync 1 DAGs
[2026-02-07T09:44:30.987+0000] {logging_mixin.py:188} INFO - [2026-02-07T09:44:30.987+0000] {dag.py:3947} INFO - Setting next_dagrun for product_price_pipeline to 2026-02-06 21:00:00+00:00, run_after=2026-02-07 21:00:00+00:00
[2026-02-07T09:44:31.023+0000] {processor.py:183} INFO - Processing /opt/airflow/dags/product_pipeline_dag.py took 0.173 seconds
[2026-02-07T09:45:03.096+0000] {processor.py:161} INFO - Started process (PID=1171) to work on /opt/airflow/dags/product_pipeline_dag.py
[2026-02-07T09:45:03.098+0000] {processor.py:830} INFO - Processing file /opt/airflow/dags/product_pipeline_dag.py for tasks to queue
[2026-02-07T09:45:03.103+0000] {logging_mixin.py:188} INFO - [2026-02-07T09:45:03.103+0000] {dagbag.py:545} INFO - Filling up the DagBag from /opt/airflow/dags/product_pipeline_dag.py
[2026-02-07T09:45:03.159+0000] {processor.py:840} INFO - DAG(s) 'product_price_pipeline' retrieved from /opt/airflow/dags/product_pipeline_dag.py
[2026-02-07T09:45:03.217+0000] {logging_mixin.py:188} INFO - [2026-02-07T09:45:03.216+0000] {dag.py:3089} INFO - Sync 1 DAGs
[2026-02-07T09:45:03.257+0000] {logging_mixin.py:188} INFO - [2026-02-07T09:45:03.256+0000] {dag.py:3947} INFO - Setting next_dagrun for product_price_pipeline to 2026-02-06 21:00:00+00:00, run_after=2026-02-07 21:00:00+00:00
[2026-02-07T09:45:03.299+0000] {processor.py:183} INFO - Processing /opt/airflow/dags/product_pipeline_dag.py took 0.215 seconds
[2026-02-07T09:45:34.651+0000] {processor.py:161} INFO - Started process (PID=1176) to work on /opt/airflow/dags/product_pipeline_dag.py
[2026-02-07T09:45:34.654+0000] {processor.py:830} INFO - Processing file /opt/airflow/dags/product_pipeline_dag.py for tasks to queue
[2026-02-07T09:45:34.659+0000] {logging_mixin.py:188} INFO - [2026-02-07T09:45:34.658+0000] {dagbag.py:545} INFO - Filling up the DagBag from /opt/airflow/dags/product_pipeline_dag.py
[2026-02-07T09:45:34.713+0000] {processor.py:840} INFO - DAG(s) 'product_price_pipeline' retrieved from /opt/airflow/dags/product_pipeline_dag.py
[2026-02-07T09:45:34.761+0000] {logging_mixin.py:188} INFO - [2026-02-07T09:45:34.761+0000] {dag.py:3089} INFO - Sync 1 DAGs
[2026-02-07T09:45:34.787+0000] {logging_mixin.py:188} INFO - [2026-02-07T09:45:34.787+0000] {dag.py:3947} INFO - Setting next_dagrun for product_price_pipeline to 2026-02-06 21:00:00+00:00, run_after=2026-02-07 21:00:00+00:00
[2026-02-07T09:45:34.819+0000] {processor.py:183} INFO - Processing /opt/airflow/dags/product_pipeline_dag.py took 0.178 seconds
[2026-02-07T09:46:06.947+0000] {processor.py:161} INFO - Started process (PID=1181) to work on /opt/airflow/dags/product_pipeline_dag.py
[2026-02-07T09:46:06.950+0000] {processor.py:830} INFO - Processing file /opt/airflow/dags/product_pipeline_dag.py for tasks to queue
[2026-02-07T09:46:06.953+0000] {logging_mixin.py:188} INFO - [2026-02-07T09:46:06.953+0000] {dagbag.py:545} INFO - Filling up the DagBag from /opt/airflow/dags/product_pipeline_dag.py
[2026-02-07T09:46:07.001+0000] {processor.py:840} INFO - DAG(s) 'product_price_pipeline' retrieved from /opt/airflow/dags/product_pipeline_dag.py
[2026-02-07T09:46:07.063+0000] {logging_mixin.py:188} INFO - [2026-02-07T09:46:07.062+0000] {dag.py:3089} INFO - Sync 1 DAGs
[2026-02-07T09:46:07.096+0000] {logging_mixin.py:188} INFO - [2026-02-07T09:46:07.096+0000] {dag.py:3947} INFO - Setting next_dagrun for product_price_pipeline to 2026-02-06 21:00:00+00:00, run_after=2026-02-07 21:00:00+00:00
[2026-02-07T09:46:07.164+0000] {processor.py:183} INFO - Processing /opt/airflow/dags/product_pipeline_dag.py took 0.227 seconds
[2026-02-07T09:46:38.506+0000] {processor.py:161} INFO - Started process (PID=1186) to work on /opt/airflow/dags/product_pipeline_dag.py
[2026-02-07T09:46:38.507+0000] {processor.py:830} INFO - Processing file /opt/airflow/dags/product_pipeline_dag.py for tasks to queue
[2026-02-07T09:46:38.509+0000] {logging_mixin.py:188} INFO - [2026-02-07T09:46:38.509+0000] {dagbag.py:545} INFO - Filling up the DagBag from /opt/airflow/dags/product_pipeline_dag.py
[2026-02-07T09:46:38.577+0000] {processor.py:840} INFO - DAG(s) 'product_price_pipeline' retrieved from /opt/airflow/dags/product_pipeline_dag.py
[2026-02-07T09:46:38.617+0000] {logging_mixin.py:188} INFO - [2026-02-07T09:46:38.616+0000] {dag.py:3089} INFO - Sync 1 DAGs
[2026-02-07T09:46:38.649+0000] {logging_mixin.py:188} INFO - [2026-02-07T09:46:38.649+0000] {dag.py:3947} INFO - Setting next_dagrun for product_price_pipeline to 2026-02-06 21:00:00+00:00, run_after=2026-02-07 21:00:00+00:00
[2026-02-07T09:46:38.707+0000] {processor.py:183} INFO - Processing /opt/airflow/dags/product_pipeline_dag.py took 0.208 seconds
[2026-02-07T09:47:10.745+0000] {processor.py:161} INFO - Started process (PID=1191) to work on /opt/airflow/dags/product_pipeline_dag.py
[2026-02-07T09:47:10.747+0000] {processor.py:830} INFO - Processing file /opt/airflow/dags/product_pipeline_dag.py for tasks to queue
[2026-02-07T09:47:10.752+0000] {logging_mixin.py:188} INFO - [2026-02-07T09:47:10.751+0000] {dagbag.py:545} INFO - Filling up the DagBag from /opt/airflow/dags/product_pipeline_dag.py
[2026-02-07T09:47:10.845+0000] {processor.py:840} INFO - DAG(s) 'product_price_pipeline' retrieved from /opt/airflow/dags/product_pipeline_dag.py
[2026-02-07T09:47:10.910+0000] {logging_mixin.py:188} INFO - [2026-02-07T09:47:10.909+0000] {dag.py:3089} INFO - Sync 1 DAGs
[2026-02-07T09:47:10.949+0000] {logging_mixin.py:188} INFO - [2026-02-07T09:47:10.949+0000] {dag.py:3947} INFO - Setting next_dagrun for product_price_pipeline to 2026-02-06 21:00:00+00:00, run_after=2026-02-07 21:00:00+00:00
[2026-02-07T09:47:10.991+0000] {processor.py:183} INFO - Processing /opt/airflow/dags/product_pipeline_dag.py took 0.257 seconds
[2026-02-07T09:47:42.279+0000] {processor.py:161} INFO - Started process (PID=1196) to work on /opt/airflow/dags/product_pipeline_dag.py
[2026-02-07T09:47:42.282+0000] {processor.py:830} INFO - Processing file /opt/airflow/dags/product_pipeline_dag.py for tasks to queue
[2026-02-07T09:47:42.287+0000] {logging_mixin.py:188} INFO - [2026-02-07T09:47:42.286+0000] {dagbag.py:545} INFO - Filling up the DagBag from /opt/airflow/dags/product_pipeline_dag.py
[2026-02-07T09:47:42.361+0000] {processor.py:840} INFO - DAG(s) 'product_price_pipeline' retrieved from /opt/airflow/dags/product_pipeline_dag.py
[2026-02-07T09:47:42.407+0000] {logging_mixin.py:188} INFO - [2026-02-07T09:47:42.407+0000] {dag.py:3089} INFO - Sync 1 DAGs
[2026-02-07T09:47:42.435+0000] {logging_mixin.py:188} INFO - [2026-02-07T09:47:42.435+0000] {dag.py:3947} INFO - Setting next_dagrun for product_price_pipeline to 2026-02-06 21:00:00+00:00, run_after=2026-02-07 21:00:00+00:00
[2026-02-07T09:47:42.466+0000] {processor.py:183} INFO - Processing /opt/airflow/dags/product_pipeline_dag.py took 0.200 seconds
[2026-02-07T09:48:14.671+0000] {processor.py:161} INFO - Started process (PID=1201) to work on /opt/airflow/dags/product_pipeline_dag.py
[2026-02-07T09:48:14.675+0000] {processor.py:830} INFO - Processing file /opt/airflow/dags/product_pipeline_dag.py for tasks to queue
[2026-02-07T09:48:14.677+0000] {logging_mixin.py:188} INFO - [2026-02-07T09:48:14.677+0000] {dagbag.py:545} INFO - Filling up the DagBag from /opt/airflow/dags/product_pipeline_dag.py
[2026-02-07T09:48:14.737+0000] {processor.py:840} INFO - DAG(s) 'product_price_pipeline' retrieved from /opt/airflow/dags/product_pipeline_dag.py
[2026-02-07T09:48:14.776+0000] {logging_mixin.py:188} INFO - [2026-02-07T09:48:14.776+0000] {dag.py:3089} INFO - Sync 1 DAGs
[2026-02-07T09:48:14.810+0000] {logging_mixin.py:188} INFO - [2026-02-07T09:48:14.810+0000] {dag.py:3947} INFO - Setting next_dagrun for product_price_pipeline to 2026-02-06 21:00:00+00:00, run_after=2026-02-07 21:00:00+00:00
[2026-02-07T09:48:14.847+0000] {processor.py:183} INFO - Processing /opt/airflow/dags/product_pipeline_dag.py took 0.186 seconds
[2026-02-07T09:48:46.146+0000] {processor.py:161} INFO - Started process (PID=1206) to work on /opt/airflow/dags/product_pipeline_dag.py
[2026-02-07T09:48:46.150+0000] {processor.py:830} INFO - Processing file /opt/airflow/dags/product_pipeline_dag.py for tasks to queue
[2026-02-07T09:48:46.157+0000] {logging_mixin.py:188} INFO - [2026-02-07T09:48:46.156+0000] {dagbag.py:545} INFO - Filling up the DagBag from /opt/airflow/dags/product_pipeline_dag.py
[2026-02-07T09:48:46.239+0000] {processor.py:840} INFO - DAG(s) 'product_price_pipeline' retrieved from /opt/airflow/dags/product_pipeline_dag.py
[2026-02-07T09:48:46.282+0000] {logging_mixin.py:188} INFO - [2026-02-07T09:48:46.282+0000] {dag.py:3089} INFO - Sync 1 DAGs
[2026-02-07T09:48:46.314+0000] {logging_mixin.py:188} INFO - [2026-02-07T09:48:46.314+0000] {dag.py:3947} INFO - Setting next_dagrun for product_price_pipeline to 2026-02-06 21:00:00+00:00, run_after=2026-02-07 21:00:00+00:00
[2026-02-07T09:48:46.354+0000] {processor.py:183} INFO - Processing /opt/airflow/dags/product_pipeline_dag.py took 0.221 seconds
[2026-02-07T09:49:18.444+0000] {processor.py:161} INFO - Started process (PID=1211) to work on /opt/airflow/dags/product_pipeline_dag.py
[2026-02-07T09:49:18.446+0000] {processor.py:830} INFO - Processing file /opt/airflow/dags/product_pipeline_dag.py for tasks to queue
[2026-02-07T09:49:18.450+0000] {logging_mixin.py:188} INFO - [2026-02-07T09:49:18.449+0000] {dagbag.py:545} INFO - Filling up the DagBag from /opt/airflow/dags/product_pipeline_dag.py
[2026-02-07T09:49:18.500+0000] {processor.py:840} INFO - DAG(s) 'product_price_pipeline' retrieved from /opt/airflow/dags/product_pipeline_dag.py
[2026-02-07T09:49:18.546+0000] {logging_mixin.py:188} INFO - [2026-02-07T09:49:18.546+0000] {dag.py:3089} INFO - Sync 1 DAGs
[2026-02-07T09:49:18.564+0000] {logging_mixin.py:188} INFO - [2026-02-07T09:49:18.564+0000] {dag.py:3947} INFO - Setting next_dagrun for product_price_pipeline to 2026-02-06 21:00:00+00:00, run_after=2026-02-07 21:00:00+00:00
[2026-02-07T09:49:18.591+0000] {processor.py:183} INFO - Processing /opt/airflow/dags/product_pipeline_dag.py took 0.159 seconds
[2026-02-07T09:49:49.849+0000] {processor.py:161} INFO - Started process (PID=1216) to work on /opt/airflow/dags/product_pipeline_dag.py
[2026-02-07T09:49:49.851+0000] {processor.py:830} INFO - Processing file /opt/airflow/dags/product_pipeline_dag.py for tasks to queue
[2026-02-07T09:49:49.853+0000] {logging_mixin.py:188} INFO - [2026-02-07T09:49:49.853+0000] {dagbag.py:545} INFO - Filling up the DagBag from /opt/airflow/dags/product_pipeline_dag.py
[2026-02-07T09:49:49.894+0000] {processor.py:840} INFO - DAG(s) 'product_price_pipeline' retrieved from /opt/airflow/dags/product_pipeline_dag.py
[2026-02-07T09:49:49.924+0000] {logging_mixin.py:188} INFO - [2026-02-07T09:49:49.923+0000] {dag.py:3089} INFO - Sync 1 DAGs
[2026-02-07T09:49:49.950+0000] {logging_mixin.py:188} INFO - [2026-02-07T09:49:49.949+0000] {dag.py:3947} INFO - Setting next_dagrun for product_price_pipeline to 2026-02-06 21:00:00+00:00, run_after=2026-02-07 21:00:00+00:00
[2026-02-07T09:49:49.995+0000] {processor.py:183} INFO - Processing /opt/airflow/dags/product_pipeline_dag.py took 0.152 seconds
[2026-02-07T09:50:22.201+0000] {processor.py:161} INFO - Started process (PID=1221) to work on /opt/airflow/dags/product_pipeline_dag.py
[2026-02-07T09:50:22.204+0000] {processor.py:830} INFO - Processing file /opt/airflow/dags/product_pipeline_dag.py for tasks to queue
[2026-02-07T09:50:22.209+0000] {logging_mixin.py:188} INFO - [2026-02-07T09:50:22.209+0000] {dagbag.py:545} INFO - Filling up the DagBag from /opt/airflow/dags/product_pipeline_dag.py
[2026-02-07T09:50:22.290+0000] {processor.py:840} INFO - DAG(s) 'product_price_pipeline' retrieved from /opt/airflow/dags/product_pipeline_dag.py
[2026-02-07T09:50:22.340+0000] {logging_mixin.py:188} INFO - [2026-02-07T09:50:22.339+0000] {dag.py:3089} INFO - Sync 1 DAGs
[2026-02-07T09:50:22.382+0000] {logging_mixin.py:188} INFO - [2026-02-07T09:50:22.381+0000] {dag.py:3947} INFO - Setting next_dagrun for product_price_pipeline to 2026-02-06 21:00:00+00:00, run_after=2026-02-07 21:00:00+00:00
[2026-02-07T09:50:22.429+0000] {processor.py:183} INFO - Processing /opt/airflow/dags/product_pipeline_dag.py took 0.243 seconds
[2026-02-07T09:50:53.777+0000] {processor.py:161} INFO - Started process (PID=1227) to work on /opt/airflow/dags/product_pipeline_dag.py
[2026-02-07T09:50:53.780+0000] {processor.py:830} INFO - Processing file /opt/airflow/dags/product_pipeline_dag.py for tasks to queue
[2026-02-07T09:50:53.784+0000] {logging_mixin.py:188} INFO - [2026-02-07T09:50:53.783+0000] {dagbag.py:545} INFO - Filling up the DagBag from /opt/airflow/dags/product_pipeline_dag.py
[2026-02-07T09:50:53.828+0000] {processor.py:840} INFO - DAG(s) 'product_price_pipeline' retrieved from /opt/airflow/dags/product_pipeline_dag.py
[2026-02-07T09:50:53.877+0000] {logging_mixin.py:188} INFO - [2026-02-07T09:50:53.877+0000] {dag.py:3089} INFO - Sync 1 DAGs
[2026-02-07T09:50:53.899+0000] {logging_mixin.py:188} INFO - [2026-02-07T09:50:53.899+0000] {dag.py:3947} INFO - Setting next_dagrun for product_price_pipeline to 2026-02-06 21:00:00+00:00, run_after=2026-02-07 21:00:00+00:00
[2026-02-07T09:50:53.929+0000] {processor.py:183} INFO - Processing /opt/airflow/dags/product_pipeline_dag.py took 0.165 seconds
[2026-02-07T09:51:26.143+0000] {processor.py:161} INFO - Started process (PID=1232) to work on /opt/airflow/dags/product_pipeline_dag.py
[2026-02-07T09:51:26.145+0000] {processor.py:830} INFO - Processing file /opt/airflow/dags/product_pipeline_dag.py for tasks to queue
[2026-02-07T09:51:26.148+0000] {logging_mixin.py:188} INFO - [2026-02-07T09:51:26.147+0000] {dagbag.py:545} INFO - Filling up the DagBag from /opt/airflow/dags/product_pipeline_dag.py
[2026-02-07T09:51:26.438+0000] {processor.py:840} INFO - DAG(s) 'product_price_pipeline' retrieved from /opt/airflow/dags/product_pipeline_dag.py
[2026-02-07T09:51:26.510+0000] {logging_mixin.py:188} INFO - [2026-02-07T09:51:26.510+0000] {dag.py:3089} INFO - Sync 1 DAGs
[2026-02-07T09:51:26.659+0000] {logging_mixin.py:188} INFO - [2026-02-07T09:51:26.659+0000] {dag.py:3947} INFO - Setting next_dagrun for product_price_pipeline to 2026-02-06 21:00:00+00:00, run_after=2026-02-07 21:00:00+00:00
[2026-02-07T09:51:26.695+0000] {processor.py:183} INFO - Processing /opt/airflow/dags/product_pipeline_dag.py took 0.596 seconds
[2026-02-07T09:51:57.428+0000] {processor.py:161} INFO - Started process (PID=1237) to work on /opt/airflow/dags/product_pipeline_dag.py
[2026-02-07T09:51:57.431+0000] {processor.py:830} INFO - Processing file /opt/airflow/dags/product_pipeline_dag.py for tasks to queue
[2026-02-07T09:51:57.433+0000] {logging_mixin.py:188} INFO - [2026-02-07T09:51:57.433+0000] {dagbag.py:545} INFO - Filling up the DagBag from /opt/airflow/dags/product_pipeline_dag.py
[2026-02-07T09:51:57.486+0000] {processor.py:840} INFO - DAG(s) 'product_price_pipeline' retrieved from /opt/airflow/dags/product_pipeline_dag.py
[2026-02-07T09:51:57.521+0000] {logging_mixin.py:188} INFO - [2026-02-07T09:51:57.521+0000] {dag.py:3089} INFO - Sync 1 DAGs
[2026-02-07T09:51:57.547+0000] {logging_mixin.py:188} INFO - [2026-02-07T09:51:57.547+0000] {dag.py:3947} INFO - Setting next_dagrun for product_price_pipeline to 2026-02-06 21:00:00+00:00, run_after=2026-02-07 21:00:00+00:00
[2026-02-07T09:51:57.569+0000] {processor.py:183} INFO - Processing /opt/airflow/dags/product_pipeline_dag.py took 0.154 seconds
[2026-02-07T09:52:29.793+0000] {processor.py:161} INFO - Started process (PID=1242) to work on /opt/airflow/dags/product_pipeline_dag.py
[2026-02-07T09:52:29.795+0000] {processor.py:830} INFO - Processing file /opt/airflow/dags/product_pipeline_dag.py for tasks to queue
[2026-02-07T09:52:29.797+0000] {logging_mixin.py:188} INFO - [2026-02-07T09:52:29.796+0000] {dagbag.py:545} INFO - Filling up the DagBag from /opt/airflow/dags/product_pipeline_dag.py
[2026-02-07T09:52:29.840+0000] {processor.py:840} INFO - DAG(s) 'product_price_pipeline' retrieved from /opt/airflow/dags/product_pipeline_dag.py
[2026-02-07T09:52:29.909+0000] {logging_mixin.py:188} INFO - [2026-02-07T09:52:29.909+0000] {dag.py:3089} INFO - Sync 1 DAGs
[2026-02-07T09:52:29.934+0000] {logging_mixin.py:188} INFO - [2026-02-07T09:52:29.934+0000] {dag.py:3947} INFO - Setting next_dagrun for product_price_pipeline to 2026-02-06 21:00:00+00:00, run_after=2026-02-07 21:00:00+00:00
[2026-02-07T09:52:30.044+0000] {processor.py:183} INFO - Processing /opt/airflow/dags/product_pipeline_dag.py took 0.258 seconds
[2026-02-07T09:53:01.634+0000] {processor.py:161} INFO - Started process (PID=1247) to work on /opt/airflow/dags/product_pipeline_dag.py
[2026-02-07T09:53:01.647+0000] {processor.py:830} INFO - Processing file /opt/airflow/dags/product_pipeline_dag.py for tasks to queue
[2026-02-07T09:53:01.663+0000] {logging_mixin.py:188} INFO - [2026-02-07T09:53:01.661+0000] {dagbag.py:545} INFO - Filling up the DagBag from /opt/airflow/dags/product_pipeline_dag.py
[2026-02-07T09:53:01.787+0000] {processor.py:840} INFO - DAG(s) 'product_price_pipeline' retrieved from /opt/airflow/dags/product_pipeline_dag.py
[2026-02-07T09:53:02.076+0000] {logging_mixin.py:188} INFO - [2026-02-07T09:53:02.075+0000] {dag.py:3089} INFO - Sync 1 DAGs
[2026-02-07T09:53:02.138+0000] {logging_mixin.py:188} INFO - [2026-02-07T09:53:02.138+0000] {dag.py:3947} INFO - Setting next_dagrun for product_price_pipeline to 2026-02-06 21:00:00+00:00, run_after=2026-02-07 21:00:00+00:00
[2026-02-07T09:53:02.176+0000] {processor.py:183} INFO - Processing /opt/airflow/dags/product_pipeline_dag.py took 0.605 seconds
[2026-02-07T09:53:33.421+0000] {processor.py:161} INFO - Started process (PID=1252) to work on /opt/airflow/dags/product_pipeline_dag.py
[2026-02-07T09:53:33.424+0000] {processor.py:830} INFO - Processing file /opt/airflow/dags/product_pipeline_dag.py for tasks to queue
[2026-02-07T09:53:33.427+0000] {logging_mixin.py:188} INFO - [2026-02-07T09:53:33.427+0000] {dagbag.py:545} INFO - Filling up the DagBag from /opt/airflow/dags/product_pipeline_dag.py
[2026-02-07T09:53:33.483+0000] {processor.py:840} INFO - DAG(s) 'product_price_pipeline' retrieved from /opt/airflow/dags/product_pipeline_dag.py
[2026-02-07T09:53:33.545+0000] {logging_mixin.py:188} INFO - [2026-02-07T09:53:33.545+0000] {dag.py:3089} INFO - Sync 1 DAGs
[2026-02-07T09:53:33.571+0000] {logging_mixin.py:188} INFO - [2026-02-07T09:53:33.571+0000] {dag.py:3947} INFO - Setting next_dagrun for product_price_pipeline to 2026-02-06 21:00:00+00:00, run_after=2026-02-07 21:00:00+00:00
[2026-02-07T09:53:33.598+0000] {processor.py:183} INFO - Processing /opt/airflow/dags/product_pipeline_dag.py took 0.183 seconds
[2026-02-07T09:54:05.719+0000] {processor.py:161} INFO - Started process (PID=1257) to work on /opt/airflow/dags/product_pipeline_dag.py
[2026-02-07T09:54:05.722+0000] {processor.py:830} INFO - Processing file /opt/airflow/dags/product_pipeline_dag.py for tasks to queue
[2026-02-07T09:54:05.726+0000] {logging_mixin.py:188} INFO - [2026-02-07T09:54:05.725+0000] {dagbag.py:545} INFO - Filling up the DagBag from /opt/airflow/dags/product_pipeline_dag.py
[2026-02-07T09:54:05.778+0000] {processor.py:840} INFO - DAG(s) 'product_price_pipeline' retrieved from /opt/airflow/dags/product_pipeline_dag.py
[2026-02-07T09:54:05.839+0000] {logging_mixin.py:188} INFO - [2026-02-07T09:54:05.838+0000] {dag.py:3089} INFO - Sync 1 DAGs
[2026-02-07T09:54:05.874+0000] {logging_mixin.py:188} INFO - [2026-02-07T09:54:05.874+0000] {dag.py:3947} INFO - Setting next_dagrun for product_price_pipeline to 2026-02-06 21:00:00+00:00, run_after=2026-02-07 21:00:00+00:00
[2026-02-07T09:54:05.913+0000] {processor.py:183} INFO - Processing /opt/airflow/dags/product_pipeline_dag.py took 0.206 seconds
[2026-02-07T09:54:37.109+0000] {processor.py:161} INFO - Started process (PID=1262) to work on /opt/airflow/dags/product_pipeline_dag.py
[2026-02-07T09:54:37.112+0000] {processor.py:830} INFO - Processing file /opt/airflow/dags/product_pipeline_dag.py for tasks to queue
[2026-02-07T09:54:37.116+0000] {logging_mixin.py:188} INFO - [2026-02-07T09:54:37.115+0000] {dagbag.py:545} INFO - Filling up the DagBag from /opt/airflow/dags/product_pipeline_dag.py
[2026-02-07T09:54:37.168+0000] {processor.py:840} INFO - DAG(s) 'product_price_pipeline' retrieved from /opt/airflow/dags/product_pipeline_dag.py
[2026-02-07T09:54:37.227+0000] {logging_mixin.py:188} INFO - [2026-02-07T09:54:37.227+0000] {dag.py:3089} INFO - Sync 1 DAGs
[2026-02-07T09:54:37.272+0000] {logging_mixin.py:188} INFO - [2026-02-07T09:54:37.272+0000] {dag.py:3947} INFO - Setting next_dagrun for product_price_pipeline to 2026-02-06 21:00:00+00:00, run_after=2026-02-07 21:00:00+00:00
[2026-02-07T09:54:37.317+0000] {processor.py:183} INFO - Processing /opt/airflow/dags/product_pipeline_dag.py took 0.220 seconds
[2026-02-07T09:55:09.632+0000] {processor.py:161} INFO - Started process (PID=1267) to work on /opt/airflow/dags/product_pipeline_dag.py
[2026-02-07T09:55:09.635+0000] {processor.py:830} INFO - Processing file /opt/airflow/dags/product_pipeline_dag.py for tasks to queue
[2026-02-07T09:55:09.639+0000] {logging_mixin.py:188} INFO - [2026-02-07T09:55:09.638+0000] {dagbag.py:545} INFO - Filling up the DagBag from /opt/airflow/dags/product_pipeline_dag.py
[2026-02-07T09:55:09.703+0000] {processor.py:840} INFO - DAG(s) 'product_price_pipeline' retrieved from /opt/airflow/dags/product_pipeline_dag.py
[2026-02-07T09:55:09.777+0000] {logging_mixin.py:188} INFO - [2026-02-07T09:55:09.777+0000] {dag.py:3089} INFO - Sync 1 DAGs
[2026-02-07T09:55:09.817+0000] {logging_mixin.py:188} INFO - [2026-02-07T09:55:09.817+0000] {dag.py:3947} INFO - Setting next_dagrun for product_price_pipeline to 2026-02-06 21:00:00+00:00, run_after=2026-02-07 21:00:00+00:00
[2026-02-07T09:55:09.861+0000] {processor.py:183} INFO - Processing /opt/airflow/dags/product_pipeline_dag.py took 0.239 seconds
[2026-02-07T09:55:40.933+0000] {processor.py:161} INFO - Started process (PID=1272) to work on /opt/airflow/dags/product_pipeline_dag.py
[2026-02-07T09:55:40.936+0000] {processor.py:830} INFO - Processing file /opt/airflow/dags/product_pipeline_dag.py for tasks to queue
[2026-02-07T09:55:40.940+0000] {logging_mixin.py:188} INFO - [2026-02-07T09:55:40.940+0000] {dagbag.py:545} INFO - Filling up the DagBag from /opt/airflow/dags/product_pipeline_dag.py
[2026-02-07T09:55:41.003+0000] {processor.py:840} INFO - DAG(s) 'product_price_pipeline' retrieved from /opt/airflow/dags/product_pipeline_dag.py
[2026-02-07T09:55:41.046+0000] {logging_mixin.py:188} INFO - [2026-02-07T09:55:41.045+0000] {dag.py:3089} INFO - Sync 1 DAGs
[2026-02-07T09:55:41.069+0000] {logging_mixin.py:188} INFO - [2026-02-07T09:55:41.068+0000] {dag.py:3947} INFO - Setting next_dagrun for product_price_pipeline to 2026-02-06 21:00:00+00:00, run_after=2026-02-07 21:00:00+00:00
[2026-02-07T09:55:41.097+0000] {processor.py:183} INFO - Processing /opt/airflow/dags/product_pipeline_dag.py took 0.177 seconds
[2026-02-07T09:56:13.397+0000] {processor.py:161} INFO - Started process (PID=1277) to work on /opt/airflow/dags/product_pipeline_dag.py
[2026-02-07T09:56:13.400+0000] {processor.py:830} INFO - Processing file /opt/airflow/dags/product_pipeline_dag.py for tasks to queue
[2026-02-07T09:56:13.404+0000] {logging_mixin.py:188} INFO - [2026-02-07T09:56:13.403+0000] {dagbag.py:545} INFO - Filling up the DagBag from /opt/airflow/dags/product_pipeline_dag.py
[2026-02-07T09:56:13.461+0000] {processor.py:840} INFO - DAG(s) 'product_price_pipeline' retrieved from /opt/airflow/dags/product_pipeline_dag.py
[2026-02-07T09:56:13.517+0000] {logging_mixin.py:188} INFO - [2026-02-07T09:56:13.516+0000] {dag.py:3089} INFO - Sync 1 DAGs
[2026-02-07T09:56:13.543+0000] {logging_mixin.py:188} INFO - [2026-02-07T09:56:13.543+0000] {dag.py:3947} INFO - Setting next_dagrun for product_price_pipeline to 2026-02-06 21:00:00+00:00, run_after=2026-02-07 21:00:00+00:00
[2026-02-07T09:56:13.575+0000] {processor.py:183} INFO - Processing /opt/airflow/dags/product_pipeline_dag.py took 0.190 seconds
[2026-02-07T09:56:44.834+0000] {processor.py:161} INFO - Started process (PID=1282) to work on /opt/airflow/dags/product_pipeline_dag.py
[2026-02-07T09:56:44.837+0000] {processor.py:830} INFO - Processing file /opt/airflow/dags/product_pipeline_dag.py for tasks to queue
[2026-02-07T09:56:44.841+0000] {logging_mixin.py:188} INFO - [2026-02-07T09:56:44.840+0000] {dagbag.py:545} INFO - Filling up the DagBag from /opt/airflow/dags/product_pipeline_dag.py
[2026-02-07T09:56:44.898+0000] {processor.py:840} INFO - DAG(s) 'product_price_pipeline' retrieved from /opt/airflow/dags/product_pipeline_dag.py
[2026-02-07T09:56:44.952+0000] {logging_mixin.py:188} INFO - [2026-02-07T09:56:44.952+0000] {dag.py:3089} INFO - Sync 1 DAGs
[2026-02-07T09:56:44.976+0000] {logging_mixin.py:188} INFO - [2026-02-07T09:56:44.976+0000] {dag.py:3947} INFO - Setting next_dagrun for product_price_pipeline to 2026-02-06 21:00:00+00:00, run_after=2026-02-07 21:00:00+00:00
[2026-02-07T09:56:45.003+0000] {processor.py:183} INFO - Processing /opt/airflow/dags/product_pipeline_dag.py took 0.180 seconds
[2026-02-07T09:57:16.481+0000] {processor.py:161} INFO - Started process (PID=1287) to work on /opt/airflow/dags/product_pipeline_dag.py
[2026-02-07T09:57:16.488+0000] {processor.py:830} INFO - Processing file /opt/airflow/dags/product_pipeline_dag.py for tasks to queue
[2026-02-07T09:57:16.495+0000] {logging_mixin.py:188} INFO - [2026-02-07T09:57:16.494+0000] {dagbag.py:545} INFO - Filling up the DagBag from /opt/airflow/dags/product_pipeline_dag.py
[2026-02-07T09:57:16.566+0000] {processor.py:840} INFO - DAG(s) 'product_price_pipeline' retrieved from /opt/airflow/dags/product_pipeline_dag.py
[2026-02-07T09:57:16.657+0000] {logging_mixin.py:188} INFO - [2026-02-07T09:57:16.657+0000] {dag.py:3089} INFO - Sync 1 DAGs
[2026-02-07T09:57:16.711+0000] {logging_mixin.py:188} INFO - [2026-02-07T09:57:16.711+0000] {dag.py:3947} INFO - Setting next_dagrun for product_price_pipeline to 2026-02-06 21:00:00+00:00, run_after=2026-02-07 21:00:00+00:00
[2026-02-07T09:57:16.763+0000] {processor.py:183} INFO - Processing /opt/airflow/dags/product_pipeline_dag.py took 0.302 seconds
[2026-02-07T09:57:48.686+0000] {processor.py:161} INFO - Started process (PID=1292) to work on /opt/airflow/dags/product_pipeline_dag.py
[2026-02-07T09:57:48.688+0000] {processor.py:830} INFO - Processing file /opt/airflow/dags/product_pipeline_dag.py for tasks to queue
[2026-02-07T09:57:48.692+0000] {logging_mixin.py:188} INFO - [2026-02-07T09:57:48.691+0000] {dagbag.py:545} INFO - Filling up the DagBag from /opt/airflow/dags/product_pipeline_dag.py
[2026-02-07T09:57:48.755+0000] {processor.py:840} INFO - DAG(s) 'product_price_pipeline' retrieved from /opt/airflow/dags/product_pipeline_dag.py
[2026-02-07T09:57:48.800+0000] {logging_mixin.py:188} INFO - [2026-02-07T09:57:48.800+0000] {dag.py:3089} INFO - Sync 1 DAGs
[2026-02-07T09:57:48.826+0000] {logging_mixin.py:188} INFO - [2026-02-07T09:57:48.826+0000] {dag.py:3947} INFO - Setting next_dagrun for product_price_pipeline to 2026-02-06 21:00:00+00:00, run_after=2026-02-07 21:00:00+00:00
[2026-02-07T09:57:48.873+0000] {processor.py:183} INFO - Processing /opt/airflow/dags/product_pipeline_dag.py took 0.199 seconds
[2026-02-07T09:58:20.970+0000] {processor.py:161} INFO - Started process (PID=1297) to work on /opt/airflow/dags/product_pipeline_dag.py
[2026-02-07T09:58:20.986+0000] {processor.py:830} INFO - Processing file /opt/airflow/dags/product_pipeline_dag.py for tasks to queue
[2026-02-07T09:58:20.992+0000] {logging_mixin.py:188} INFO - [2026-02-07T09:58:20.991+0000] {dagbag.py:545} INFO - Filling up the DagBag from /opt/airflow/dags/product_pipeline_dag.py
[2026-02-07T09:58:21.083+0000] {processor.py:840} INFO - DAG(s) 'product_price_pipeline' retrieved from /opt/airflow/dags/product_pipeline_dag.py
[2026-02-07T09:58:21.185+0000] {logging_mixin.py:188} INFO - [2026-02-07T09:58:21.184+0000] {dag.py:3089} INFO - Sync 1 DAGs
[2026-02-07T09:58:21.209+0000] {logging_mixin.py:188} INFO - [2026-02-07T09:58:21.209+0000] {dag.py:3947} INFO - Setting next_dagrun for product_price_pipeline to 2026-02-06 21:00:00+00:00, run_after=2026-02-07 21:00:00+00:00
[2026-02-07T09:58:21.257+0000] {processor.py:183} INFO - Processing /opt/airflow/dags/product_pipeline_dag.py took 0.305 seconds
[2026-02-07T09:58:52.406+0000] {processor.py:161} INFO - Started process (PID=1302) to work on /opt/airflow/dags/product_pipeline_dag.py
[2026-02-07T09:58:52.408+0000] {processor.py:830} INFO - Processing file /opt/airflow/dags/product_pipeline_dag.py for tasks to queue
[2026-02-07T09:58:52.411+0000] {logging_mixin.py:188} INFO - [2026-02-07T09:58:52.410+0000] {dagbag.py:545} INFO - Filling up the DagBag from /opt/airflow/dags/product_pipeline_dag.py
[2026-02-07T09:58:52.467+0000] {processor.py:840} INFO - DAG(s) 'product_price_pipeline' retrieved from /opt/airflow/dags/product_pipeline_dag.py
[2026-02-07T09:58:52.509+0000] {logging_mixin.py:188} INFO - [2026-02-07T09:58:52.509+0000] {dag.py:3089} INFO - Sync 1 DAGs
[2026-02-07T09:58:52.530+0000] {logging_mixin.py:188} INFO - [2026-02-07T09:58:52.530+0000] {dag.py:3947} INFO - Setting next_dagrun for product_price_pipeline to 2026-02-06 21:00:00+00:00, run_after=2026-02-07 21:00:00+00:00
[2026-02-07T09:58:52.586+0000] {processor.py:183} INFO - Processing /opt/airflow/dags/product_pipeline_dag.py took 0.194 seconds
[2026-02-07T09:59:24.858+0000] {processor.py:161} INFO - Started process (PID=1307) to work on /opt/airflow/dags/product_pipeline_dag.py
[2026-02-07T09:59:24.860+0000] {processor.py:830} INFO - Processing file /opt/airflow/dags/product_pipeline_dag.py for tasks to queue
[2026-02-07T09:59:24.865+0000] {logging_mixin.py:188} INFO - [2026-02-07T09:59:24.864+0000] {dagbag.py:545} INFO - Filling up the DagBag from /opt/airflow/dags/product_pipeline_dag.py
[2026-02-07T09:59:24.938+0000] {processor.py:840} INFO - DAG(s) 'product_price_pipeline' retrieved from /opt/airflow/dags/product_pipeline_dag.py
[2026-02-07T09:59:25.025+0000] {logging_mixin.py:188} INFO - [2026-02-07T09:59:25.025+0000] {dag.py:3089} INFO - Sync 1 DAGs
[2026-02-07T09:59:25.054+0000] {logging_mixin.py:188} INFO - [2026-02-07T09:59:25.054+0000] {dag.py:3947} INFO - Setting next_dagrun for product_price_pipeline to 2026-02-06 21:00:00+00:00, run_after=2026-02-07 21:00:00+00:00
[2026-02-07T09:59:25.104+0000] {processor.py:183} INFO - Processing /opt/airflow/dags/product_pipeline_dag.py took 0.264 seconds
[2026-02-07T09:59:56.670+0000] {processor.py:161} INFO - Started process (PID=1312) to work on /opt/airflow/dags/product_pipeline_dag.py
[2026-02-07T09:59:56.675+0000] {processor.py:830} INFO - Processing file /opt/airflow/dags/product_pipeline_dag.py for tasks to queue
[2026-02-07T09:59:56.683+0000] {logging_mixin.py:188} INFO - [2026-02-07T09:59:56.682+0000] {dagbag.py:545} INFO - Filling up the DagBag from /opt/airflow/dags/product_pipeline_dag.py
[2026-02-07T09:59:56.779+0000] {processor.py:840} INFO - DAG(s) 'product_price_pipeline' retrieved from /opt/airflow/dags/product_pipeline_dag.py
[2026-02-07T09:59:56.939+0000] {logging_mixin.py:188} INFO - [2026-02-07T09:59:56.939+0000] {dag.py:3089} INFO - Sync 1 DAGs
[2026-02-07T09:59:56.980+0000] {logging_mixin.py:188} INFO - [2026-02-07T09:59:56.980+0000] {dag.py:3947} INFO - Setting next_dagrun for product_price_pipeline to 2026-02-06 21:00:00+00:00, run_after=2026-02-07 21:00:00+00:00
[2026-02-07T09:59:57.020+0000] {processor.py:183} INFO - Processing /opt/airflow/dags/product_pipeline_dag.py took 0.373 seconds
[2026-02-07T10:00:28.382+0000] {processor.py:161} INFO - Started process (PID=1317) to work on /opt/airflow/dags/product_pipeline_dag.py
[2026-02-07T10:00:28.386+0000] {processor.py:830} INFO - Processing file /opt/airflow/dags/product_pipeline_dag.py for tasks to queue
[2026-02-07T10:00:28.392+0000] {logging_mixin.py:188} INFO - [2026-02-07T10:00:28.391+0000] {dagbag.py:545} INFO - Filling up the DagBag from /opt/airflow/dags/product_pipeline_dag.py
[2026-02-07T10:00:28.471+0000] {processor.py:840} INFO - DAG(s) 'product_price_pipeline' retrieved from /opt/airflow/dags/product_pipeline_dag.py
[2026-02-07T10:00:28.542+0000] {logging_mixin.py:188} INFO - [2026-02-07T10:00:28.541+0000] {dag.py:3089} INFO - Sync 1 DAGs
[2026-02-07T10:00:28.575+0000] {logging_mixin.py:188} INFO - [2026-02-07T10:00:28.575+0000] {dag.py:3947} INFO - Setting next_dagrun for product_price_pipeline to 2026-02-06 21:00:00+00:00, run_after=2026-02-07 21:00:00+00:00
[2026-02-07T10:00:28.615+0000] {processor.py:183} INFO - Processing /opt/airflow/dags/product_pipeline_dag.py took 0.273 seconds
[2026-02-07T10:00:59.961+0000] {processor.py:161} INFO - Started process (PID=1322) to work on /opt/airflow/dags/product_pipeline_dag.py
[2026-02-07T10:00:59.963+0000] {processor.py:830} INFO - Processing file /opt/airflow/dags/product_pipeline_dag.py for tasks to queue
[2026-02-07T10:00:59.967+0000] {logging_mixin.py:188} INFO - [2026-02-07T10:00:59.967+0000] {dagbag.py:545} INFO - Filling up the DagBag from /opt/airflow/dags/product_pipeline_dag.py
[2026-02-07T10:01:00.024+0000] {processor.py:840} INFO - DAG(s) 'product_price_pipeline' retrieved from /opt/airflow/dags/product_pipeline_dag.py
[2026-02-07T10:01:00.069+0000] {logging_mixin.py:188} INFO - [2026-02-07T10:01:00.069+0000] {dag.py:3089} INFO - Sync 1 DAGs
[2026-02-07T10:01:00.090+0000] {logging_mixin.py:188} INFO - [2026-02-07T10:01:00.090+0000] {dag.py:3947} INFO - Setting next_dagrun for product_price_pipeline to 2026-02-06 21:00:00+00:00, run_after=2026-02-07 21:00:00+00:00
[2026-02-07T10:01:00.118+0000] {processor.py:183} INFO - Processing /opt/airflow/dags/product_pipeline_dag.py took 0.170 seconds
[2026-02-07T10:01:32.269+0000] {processor.py:161} INFO - Started process (PID=1327) to work on /opt/airflow/dags/product_pipeline_dag.py
[2026-02-07T10:01:32.272+0000] {processor.py:830} INFO - Processing file /opt/airflow/dags/product_pipeline_dag.py for tasks to queue
[2026-02-07T10:01:32.278+0000] {logging_mixin.py:188} INFO - [2026-02-07T10:01:32.277+0000] {dagbag.py:545} INFO - Filling up the DagBag from /opt/airflow/dags/product_pipeline_dag.py
[2026-02-07T10:01:32.358+0000] {processor.py:840} INFO - DAG(s) 'product_price_pipeline' retrieved from /opt/airflow/dags/product_pipeline_dag.py
[2026-02-07T10:01:32.406+0000] {logging_mixin.py:188} INFO - [2026-02-07T10:01:32.406+0000] {dag.py:3089} INFO - Sync 1 DAGs
[2026-02-07T10:01:32.425+0000] {logging_mixin.py:188} INFO - [2026-02-07T10:01:32.425+0000] {dag.py:3947} INFO - Setting next_dagrun for product_price_pipeline to 2026-02-06 21:00:00+00:00, run_after=2026-02-07 21:00:00+00:00
[2026-02-07T10:01:32.448+0000] {processor.py:183} INFO - Processing /opt/airflow/dags/product_pipeline_dag.py took 0.197 seconds
[2026-02-07T10:02:03.860+0000] {processor.py:161} INFO - Started process (PID=1332) to work on /opt/airflow/dags/product_pipeline_dag.py
[2026-02-07T10:02:03.863+0000] {processor.py:830} INFO - Processing file /opt/airflow/dags/product_pipeline_dag.py for tasks to queue
[2026-02-07T10:02:03.868+0000] {logging_mixin.py:188} INFO - [2026-02-07T10:02:03.867+0000] {dagbag.py:545} INFO - Filling up the DagBag from /opt/airflow/dags/product_pipeline_dag.py
[2026-02-07T10:02:03.925+0000] {processor.py:840} INFO - DAG(s) 'product_price_pipeline' retrieved from /opt/airflow/dags/product_pipeline_dag.py
[2026-02-07T10:02:04.007+0000] {logging_mixin.py:188} INFO - [2026-02-07T10:02:04.006+0000] {dag.py:3089} INFO - Sync 1 DAGs
[2026-02-07T10:02:04.040+0000] {logging_mixin.py:188} INFO - [2026-02-07T10:02:04.040+0000] {dag.py:3947} INFO - Setting next_dagrun for product_price_pipeline to 2026-02-06 21:00:00+00:00, run_after=2026-02-07 21:00:00+00:00
[2026-02-07T10:02:04.074+0000] {processor.py:183} INFO - Processing /opt/airflow/dags/product_pipeline_dag.py took 0.236 seconds
[2026-02-07T10:02:34.957+0000] {processor.py:161} INFO - Started process (PID=1337) to work on /opt/airflow/dags/product_pipeline_dag.py
[2026-02-07T10:02:34.960+0000] {processor.py:830} INFO - Processing file /opt/airflow/dags/product_pipeline_dag.py for tasks to queue
[2026-02-07T10:02:34.963+0000] {logging_mixin.py:188} INFO - [2026-02-07T10:02:34.962+0000] {dagbag.py:545} INFO - Filling up the DagBag from /opt/airflow/dags/product_pipeline_dag.py
[2026-02-07T10:02:35.040+0000] {processor.py:840} INFO - DAG(s) 'product_price_pipeline' retrieved from /opt/airflow/dags/product_pipeline_dag.py
[2026-02-07T10:02:35.119+0000] {logging_mixin.py:188} INFO - [2026-02-07T10:02:35.119+0000] {dag.py:3089} INFO - Sync 1 DAGs
[2026-02-07T10:02:35.197+0000] {logging_mixin.py:188} INFO - [2026-02-07T10:02:35.197+0000] {dag.py:3947} INFO - Setting next_dagrun for product_price_pipeline to 2026-02-06 21:00:00+00:00, run_after=2026-02-07 21:00:00+00:00
[2026-02-07T10:02:35.243+0000] {processor.py:183} INFO - Processing /opt/airflow/dags/product_pipeline_dag.py took 0.298 seconds
[2026-02-07T10:03:05.582+0000] {processor.py:161} INFO - Started process (PID=1342) to work on /opt/airflow/dags/product_pipeline_dag.py
[2026-02-07T10:03:05.584+0000] {processor.py:830} INFO - Processing file /opt/airflow/dags/product_pipeline_dag.py for tasks to queue
[2026-02-07T10:03:05.587+0000] {logging_mixin.py:188} INFO - [2026-02-07T10:03:05.587+0000] {dagbag.py:545} INFO - Filling up the DagBag from /opt/airflow/dags/product_pipeline_dag.py
[2026-02-07T10:03:05.678+0000] {processor.py:840} INFO - DAG(s) 'product_price_pipeline' retrieved from /opt/airflow/dags/product_pipeline_dag.py
[2026-02-07T10:03:05.734+0000] {logging_mixin.py:188} INFO - [2026-02-07T10:03:05.734+0000] {dag.py:3089} INFO - Sync 1 DAGs
[2026-02-07T10:03:05.758+0000] {logging_mixin.py:188} INFO - [2026-02-07T10:03:05.758+0000] {dag.py:3947} INFO - Setting next_dagrun for product_price_pipeline to 2026-02-06 21:00:00+00:00, run_after=2026-02-07 21:00:00+00:00
[2026-02-07T10:03:05.781+0000] {processor.py:183} INFO - Processing /opt/airflow/dags/product_pipeline_dag.py took 0.212 seconds
[2026-02-07T10:03:35.991+0000] {processor.py:161} INFO - Started process (PID=1347) to work on /opt/airflow/dags/product_pipeline_dag.py
[2026-02-07T10:03:35.995+0000] {processor.py:830} INFO - Processing file /opt/airflow/dags/product_pipeline_dag.py for tasks to queue
[2026-02-07T10:03:36.000+0000] {logging_mixin.py:188} INFO - [2026-02-07T10:03:35.999+0000] {dagbag.py:545} INFO - Filling up the DagBag from /opt/airflow/dags/product_pipeline_dag.py
[2026-02-07T10:03:36.056+0000] {processor.py:840} INFO - DAG(s) 'product_price_pipeline' retrieved from /opt/airflow/dags/product_pipeline_dag.py
[2026-02-07T10:03:36.121+0000] {logging_mixin.py:188} INFO - [2026-02-07T10:03:36.121+0000] {dag.py:3089} INFO - Sync 1 DAGs
[2026-02-07T10:03:36.147+0000] {logging_mixin.py:188} INFO - [2026-02-07T10:03:36.147+0000] {dag.py:3947} INFO - Setting next_dagrun for product_price_pipeline to 2026-02-06 21:00:00+00:00, run_after=2026-02-07 21:00:00+00:00
[2026-02-07T10:03:36.188+0000] {processor.py:183} INFO - Processing /opt/airflow/dags/product_pipeline_dag.py took 0.210 seconds
[2026-02-07T10:04:06.558+0000] {processor.py:161} INFO - Started process (PID=1352) to work on /opt/airflow/dags/product_pipeline_dag.py
[2026-02-07T10:04:06.561+0000] {processor.py:830} INFO - Processing file /opt/airflow/dags/product_pipeline_dag.py for tasks to queue
[2026-02-07T10:04:06.566+0000] {logging_mixin.py:188} INFO - [2026-02-07T10:04:06.565+0000] {dagbag.py:545} INFO - Filling up the DagBag from /opt/airflow/dags/product_pipeline_dag.py
[2026-02-07T10:04:06.628+0000] {processor.py:840} INFO - DAG(s) 'product_price_pipeline' retrieved from /opt/airflow/dags/product_pipeline_dag.py
[2026-02-07T10:04:06.689+0000] {logging_mixin.py:188} INFO - [2026-02-07T10:04:06.689+0000] {dag.py:3089} INFO - Sync 1 DAGs
[2026-02-07T10:04:06.708+0000] {logging_mixin.py:188} INFO - [2026-02-07T10:04:06.708+0000] {dag.py:3947} INFO - Setting next_dagrun for product_price_pipeline to 2026-02-06 21:00:00+00:00, run_after=2026-02-07 21:00:00+00:00
[2026-02-07T10:04:06.731+0000] {processor.py:183} INFO - Processing /opt/airflow/dags/product_pipeline_dag.py took 0.188 seconds
[2026-02-07T10:04:37.002+0000] {processor.py:161} INFO - Started process (PID=1357) to work on /opt/airflow/dags/product_pipeline_dag.py
[2026-02-07T10:04:37.005+0000] {processor.py:830} INFO - Processing file /opt/airflow/dags/product_pipeline_dag.py for tasks to queue
[2026-02-07T10:04:37.009+0000] {logging_mixin.py:188} INFO - [2026-02-07T10:04:37.008+0000] {dagbag.py:545} INFO - Filling up the DagBag from /opt/airflow/dags/product_pipeline_dag.py
[2026-02-07T10:04:37.059+0000] {processor.py:840} INFO - DAG(s) 'product_price_pipeline' retrieved from /opt/airflow/dags/product_pipeline_dag.py
[2026-02-07T10:04:37.121+0000] {logging_mixin.py:188} INFO - [2026-02-07T10:04:37.121+0000] {dag.py:3089} INFO - Sync 1 DAGs
[2026-02-07T10:04:37.171+0000] {logging_mixin.py:188} INFO - [2026-02-07T10:04:37.171+0000] {dag.py:3947} INFO - Setting next_dagrun for product_price_pipeline to 2026-02-06 21:00:00+00:00, run_after=2026-02-07 21:00:00+00:00
[2026-02-07T10:04:37.216+0000] {processor.py:183} INFO - Processing /opt/airflow/dags/product_pipeline_dag.py took 0.223 seconds
[2026-02-07T10:05:07.327+0000] {processor.py:161} INFO - Started process (PID=1362) to work on /opt/airflow/dags/product_pipeline_dag.py
[2026-02-07T10:05:07.329+0000] {processor.py:830} INFO - Processing file /opt/airflow/dags/product_pipeline_dag.py for tasks to queue
[2026-02-07T10:05:07.332+0000] {logging_mixin.py:188} INFO - [2026-02-07T10:05:07.331+0000] {dagbag.py:545} INFO - Filling up the DagBag from /opt/airflow/dags/product_pipeline_dag.py
[2026-02-07T10:05:07.371+0000] {processor.py:840} INFO - DAG(s) 'product_price_pipeline' retrieved from /opt/airflow/dags/product_pipeline_dag.py
[2026-02-07T10:05:07.402+0000] {logging_mixin.py:188} INFO - [2026-02-07T10:05:07.402+0000] {dag.py:3089} INFO - Sync 1 DAGs
[2026-02-07T10:05:07.422+0000] {logging_mixin.py:188} INFO - [2026-02-07T10:05:07.422+0000] {dag.py:3947} INFO - Setting next_dagrun for product_price_pipeline to 2026-02-06 21:00:00+00:00, run_after=2026-02-07 21:00:00+00:00
[2026-02-07T10:05:07.445+0000] {processor.py:183} INFO - Processing /opt/airflow/dags/product_pipeline_dag.py took 0.124 seconds
[2026-02-07T10:05:37.672+0000] {processor.py:161} INFO - Started process (PID=1367) to work on /opt/airflow/dags/product_pipeline_dag.py
[2026-02-07T10:05:37.674+0000] {processor.py:830} INFO - Processing file /opt/airflow/dags/product_pipeline_dag.py for tasks to queue
[2026-02-07T10:05:37.677+0000] {logging_mixin.py:188} INFO - [2026-02-07T10:05:37.676+0000] {dagbag.py:545} INFO - Filling up the DagBag from /opt/airflow/dags/product_pipeline_dag.py
[2026-02-07T10:05:37.724+0000] {processor.py:840} INFO - DAG(s) 'product_price_pipeline' retrieved from /opt/airflow/dags/product_pipeline_dag.py
[2026-02-07T10:05:37.762+0000] {logging_mixin.py:188} INFO - [2026-02-07T10:05:37.762+0000] {dag.py:3089} INFO - Sync 1 DAGs
[2026-02-07T10:05:37.783+0000] {logging_mixin.py:188} INFO - [2026-02-07T10:05:37.782+0000] {dag.py:3947} INFO - Setting next_dagrun for product_price_pipeline to 2026-02-06 21:00:00+00:00, run_after=2026-02-07 21:00:00+00:00
[2026-02-07T10:05:37.812+0000] {processor.py:183} INFO - Processing /opt/airflow/dags/product_pipeline_dag.py took 0.150 seconds
[2026-02-07T10:06:07.952+0000] {processor.py:161} INFO - Started process (PID=1372) to work on /opt/airflow/dags/product_pipeline_dag.py
[2026-02-07T10:06:07.954+0000] {processor.py:830} INFO - Processing file /opt/airflow/dags/product_pipeline_dag.py for tasks to queue
[2026-02-07T10:06:07.957+0000] {logging_mixin.py:188} INFO - [2026-02-07T10:06:07.956+0000] {dagbag.py:545} INFO - Filling up the DagBag from /opt/airflow/dags/product_pipeline_dag.py
[2026-02-07T10:06:08.014+0000] {processor.py:840} INFO - DAG(s) 'product_price_pipeline' retrieved from /opt/airflow/dags/product_pipeline_dag.py
[2026-02-07T10:06:08.048+0000] {logging_mixin.py:188} INFO - [2026-02-07T10:06:08.048+0000] {dag.py:3089} INFO - Sync 1 DAGs
[2026-02-07T10:06:08.069+0000] {logging_mixin.py:188} INFO - [2026-02-07T10:06:08.068+0000] {dag.py:3947} INFO - Setting next_dagrun for product_price_pipeline to 2026-02-06 21:00:00+00:00, run_after=2026-02-07 21:00:00+00:00
[2026-02-07T10:06:08.090+0000] {processor.py:183} INFO - Processing /opt/airflow/dags/product_pipeline_dag.py took 0.149 seconds
[2026-02-07T10:06:38.377+0000] {processor.py:161} INFO - Started process (PID=1377) to work on /opt/airflow/dags/product_pipeline_dag.py
[2026-02-07T10:06:38.380+0000] {processor.py:830} INFO - Processing file /opt/airflow/dags/product_pipeline_dag.py for tasks to queue
[2026-02-07T10:06:38.383+0000] {logging_mixin.py:188} INFO - [2026-02-07T10:06:38.382+0000] {dagbag.py:545} INFO - Filling up the DagBag from /opt/airflow/dags/product_pipeline_dag.py
[2026-02-07T10:06:38.457+0000] {processor.py:840} INFO - DAG(s) 'product_price_pipeline' retrieved from /opt/airflow/dags/product_pipeline_dag.py
[2026-02-07T10:06:38.494+0000] {logging_mixin.py:188} INFO - [2026-02-07T10:06:38.494+0000] {dag.py:3089} INFO - Sync 1 DAGs
[2026-02-07T10:06:38.515+0000] {logging_mixin.py:188} INFO - [2026-02-07T10:06:38.514+0000] {dag.py:3947} INFO - Setting next_dagrun for product_price_pipeline to 2026-02-06 21:00:00+00:00, run_after=2026-02-07 21:00:00+00:00
[2026-02-07T10:06:38.548+0000] {processor.py:183} INFO - Processing /opt/airflow/dags/product_pipeline_dag.py took 0.182 seconds
[2026-02-07T10:07:08.802+0000] {processor.py:161} INFO - Started process (PID=1382) to work on /opt/airflow/dags/product_pipeline_dag.py
[2026-02-07T10:07:08.805+0000] {processor.py:830} INFO - Processing file /opt/airflow/dags/product_pipeline_dag.py for tasks to queue
[2026-02-07T10:07:08.808+0000] {logging_mixin.py:188} INFO - [2026-02-07T10:07:08.808+0000] {dagbag.py:545} INFO - Filling up the DagBag from /opt/airflow/dags/product_pipeline_dag.py
[2026-02-07T10:07:08.869+0000] {processor.py:840} INFO - DAG(s) 'product_price_pipeline' retrieved from /opt/airflow/dags/product_pipeline_dag.py
[2026-02-07T10:07:08.905+0000] {logging_mixin.py:188} INFO - [2026-02-07T10:07:08.904+0000] {dag.py:3089} INFO - Sync 1 DAGs
[2026-02-07T10:07:08.928+0000] {logging_mixin.py:188} INFO - [2026-02-07T10:07:08.928+0000] {dag.py:3947} INFO - Setting next_dagrun for product_price_pipeline to 2026-02-06 21:00:00+00:00, run_after=2026-02-07 21:00:00+00:00
[2026-02-07T10:07:08.966+0000] {processor.py:183} INFO - Processing /opt/airflow/dags/product_pipeline_dag.py took 0.175 seconds
[2026-02-07T10:07:39.216+0000] {processor.py:161} INFO - Started process (PID=1387) to work on /opt/airflow/dags/product_pipeline_dag.py
[2026-02-07T10:07:39.218+0000] {processor.py:830} INFO - Processing file /opt/airflow/dags/product_pipeline_dag.py for tasks to queue
[2026-02-07T10:07:39.225+0000] {logging_mixin.py:188} INFO - [2026-02-07T10:07:39.225+0000] {dagbag.py:545} INFO - Filling up the DagBag from /opt/airflow/dags/product_pipeline_dag.py
[2026-02-07T10:07:39.280+0000] {processor.py:840} INFO - DAG(s) 'product_price_pipeline' retrieved from /opt/airflow/dags/product_pipeline_dag.py
[2026-02-07T10:07:39.366+0000] {logging_mixin.py:188} INFO - [2026-02-07T10:07:39.365+0000] {dag.py:3089} INFO - Sync 1 DAGs
[2026-02-07T10:07:39.406+0000] {logging_mixin.py:188} INFO - [2026-02-07T10:07:39.405+0000] {dag.py:3947} INFO - Setting next_dagrun for product_price_pipeline to 2026-02-06 21:00:00+00:00, run_after=2026-02-07 21:00:00+00:00
[2026-02-07T10:07:39.443+0000] {processor.py:183} INFO - Processing /opt/airflow/dags/product_pipeline_dag.py took 0.238 seconds
[2026-02-07T10:08:09.710+0000] {processor.py:161} INFO - Started process (PID=1392) to work on /opt/airflow/dags/product_pipeline_dag.py
[2026-02-07T10:08:09.713+0000] {processor.py:830} INFO - Processing file /opt/airflow/dags/product_pipeline_dag.py for tasks to queue
[2026-02-07T10:08:09.717+0000] {logging_mixin.py:188} INFO - [2026-02-07T10:08:09.716+0000] {dagbag.py:545} INFO - Filling up the DagBag from /opt/airflow/dags/product_pipeline_dag.py
[2026-02-07T10:08:09.777+0000] {processor.py:840} INFO - DAG(s) 'product_price_pipeline' retrieved from /opt/airflow/dags/product_pipeline_dag.py
[2026-02-07T10:08:09.841+0000] {logging_mixin.py:188} INFO - [2026-02-07T10:08:09.840+0000] {dag.py:3089} INFO - Sync 1 DAGs
[2026-02-07T10:08:09.860+0000] {logging_mixin.py:188} INFO - [2026-02-07T10:08:09.860+0000] {dag.py:3947} INFO - Setting next_dagrun for product_price_pipeline to 2026-02-06 21:00:00+00:00, run_after=2026-02-07 21:00:00+00:00
[2026-02-07T10:08:09.881+0000] {processor.py:183} INFO - Processing /opt/airflow/dags/product_pipeline_dag.py took 0.188 seconds
[2026-02-07T10:08:39.993+0000] {processor.py:161} INFO - Started process (PID=1397) to work on /opt/airflow/dags/product_pipeline_dag.py
[2026-02-07T10:08:39.995+0000] {processor.py:830} INFO - Processing file /opt/airflow/dags/product_pipeline_dag.py for tasks to queue
[2026-02-07T10:08:40.000+0000] {logging_mixin.py:188} INFO - [2026-02-07T10:08:39.999+0000] {dagbag.py:545} INFO - Filling up the DagBag from /opt/airflow/dags/product_pipeline_dag.py
[2026-02-07T10:08:40.058+0000] {processor.py:840} INFO - DAG(s) 'product_price_pipeline' retrieved from /opt/airflow/dags/product_pipeline_dag.py
[2026-02-07T10:08:40.115+0000] {logging_mixin.py:188} INFO - [2026-02-07T10:08:40.114+0000] {dag.py:3089} INFO - Sync 1 DAGs
[2026-02-07T10:08:40.136+0000] {logging_mixin.py:188} INFO - [2026-02-07T10:08:40.135+0000] {dag.py:3947} INFO - Setting next_dagrun for product_price_pipeline to 2026-02-06 21:00:00+00:00, run_after=2026-02-07 21:00:00+00:00
[2026-02-07T10:08:40.197+0000] {processor.py:183} INFO - Processing /opt/airflow/dags/product_pipeline_dag.py took 0.217 seconds
[2026-02-07T10:09:11.275+0000] {processor.py:161} INFO - Started process (PID=1402) to work on /opt/airflow/dags/product_pipeline_dag.py
[2026-02-07T10:09:11.277+0000] {processor.py:830} INFO - Processing file /opt/airflow/dags/product_pipeline_dag.py for tasks to queue
[2026-02-07T10:09:11.281+0000] {logging_mixin.py:188} INFO - [2026-02-07T10:09:11.280+0000] {dagbag.py:545} INFO - Filling up the DagBag from /opt/airflow/dags/product_pipeline_dag.py
[2026-02-07T10:09:11.334+0000] {processor.py:840} INFO - DAG(s) 'product_price_pipeline' retrieved from /opt/airflow/dags/product_pipeline_dag.py
[2026-02-07T10:09:11.392+0000] {logging_mixin.py:188} INFO - [2026-02-07T10:09:11.392+0000] {dag.py:3089} INFO - Sync 1 DAGs
[2026-02-07T10:09:11.429+0000] {logging_mixin.py:188} INFO - [2026-02-07T10:09:11.428+0000] {dag.py:3947} INFO - Setting next_dagrun for product_price_pipeline to 2026-02-06 21:00:00+00:00, run_after=2026-02-07 21:00:00+00:00
[2026-02-07T10:09:11.462+0000] {processor.py:183} INFO - Processing /opt/airflow/dags/product_pipeline_dag.py took 0.198 seconds
[2026-02-07T10:09:41.724+0000] {processor.py:161} INFO - Started process (PID=1407) to work on /opt/airflow/dags/product_pipeline_dag.py
[2026-02-07T10:09:41.728+0000] {processor.py:830} INFO - Processing file /opt/airflow/dags/product_pipeline_dag.py for tasks to queue
[2026-02-07T10:09:41.732+0000] {logging_mixin.py:188} INFO - [2026-02-07T10:09:41.731+0000] {dagbag.py:545} INFO - Filling up the DagBag from /opt/airflow/dags/product_pipeline_dag.py
[2026-02-07T10:09:41.783+0000] {processor.py:840} INFO - DAG(s) 'product_price_pipeline' retrieved from /opt/airflow/dags/product_pipeline_dag.py
[2026-02-07T10:09:41.839+0000] {logging_mixin.py:188} INFO - [2026-02-07T10:09:41.839+0000] {dag.py:3089} INFO - Sync 1 DAGs
[2026-02-07T10:09:41.861+0000] {logging_mixin.py:188} INFO - [2026-02-07T10:09:41.861+0000] {dag.py:3947} INFO - Setting next_dagrun for product_price_pipeline to 2026-02-06 21:00:00+00:00, run_after=2026-02-07 21:00:00+00:00
[2026-02-07T10:09:41.887+0000] {processor.py:183} INFO - Processing /opt/airflow/dags/product_pipeline_dag.py took 0.174 seconds
[2026-02-07T10:10:12.164+0000] {processor.py:161} INFO - Started process (PID=1412) to work on /opt/airflow/dags/product_pipeline_dag.py
[2026-02-07T10:10:12.168+0000] {processor.py:830} INFO - Processing file /opt/airflow/dags/product_pipeline_dag.py for tasks to queue
[2026-02-07T10:10:12.175+0000] {logging_mixin.py:188} INFO - [2026-02-07T10:10:12.174+0000] {dagbag.py:545} INFO - Filling up the DagBag from /opt/airflow/dags/product_pipeline_dag.py
[2026-02-07T10:10:12.242+0000] {processor.py:840} INFO - DAG(s) 'product_price_pipeline' retrieved from /opt/airflow/dags/product_pipeline_dag.py
[2026-02-07T10:10:12.296+0000] {logging_mixin.py:188} INFO - [2026-02-07T10:10:12.295+0000] {dag.py:3089} INFO - Sync 1 DAGs
[2026-02-07T10:10:12.325+0000] {logging_mixin.py:188} INFO - [2026-02-07T10:10:12.324+0000] {dag.py:3947} INFO - Setting next_dagrun for product_price_pipeline to 2026-02-06 21:00:00+00:00, run_after=2026-02-07 21:00:00+00:00
[2026-02-07T10:10:12.361+0000] {processor.py:183} INFO - Processing /opt/airflow/dags/product_pipeline_dag.py took 0.212 seconds
[2026-02-07T10:10:42.723+0000] {processor.py:161} INFO - Started process (PID=1417) to work on /opt/airflow/dags/product_pipeline_dag.py
[2026-02-07T10:10:42.725+0000] {processor.py:830} INFO - Processing file /opt/airflow/dags/product_pipeline_dag.py for tasks to queue
[2026-02-07T10:10:42.730+0000] {logging_mixin.py:188} INFO - [2026-02-07T10:10:42.729+0000] {dagbag.py:545} INFO - Filling up the DagBag from /opt/airflow/dags/product_pipeline_dag.py
[2026-02-07T10:10:42.775+0000] {processor.py:840} INFO - DAG(s) 'product_price_pipeline' retrieved from /opt/airflow/dags/product_pipeline_dag.py
[2026-02-07T10:10:42.828+0000] {logging_mixin.py:188} INFO - [2026-02-07T10:10:42.828+0000] {dag.py:3089} INFO - Sync 1 DAGs
[2026-02-07T10:10:42.853+0000] {logging_mixin.py:188} INFO - [2026-02-07T10:10:42.853+0000] {dag.py:3947} INFO - Setting next_dagrun for product_price_pipeline to 2026-02-06 21:00:00+00:00, run_after=2026-02-07 21:00:00+00:00
[2026-02-07T10:10:42.876+0000] {processor.py:183} INFO - Processing /opt/airflow/dags/product_pipeline_dag.py took 0.163 seconds
[2026-02-07T10:11:13.188+0000] {processor.py:161} INFO - Started process (PID=1422) to work on /opt/airflow/dags/product_pipeline_dag.py
[2026-02-07T10:11:13.192+0000] {processor.py:830} INFO - Processing file /opt/airflow/dags/product_pipeline_dag.py for tasks to queue
[2026-02-07T10:11:13.201+0000] {logging_mixin.py:188} INFO - [2026-02-07T10:11:13.200+0000] {dagbag.py:545} INFO - Filling up the DagBag from /opt/airflow/dags/product_pipeline_dag.py
[2026-02-07T10:11:13.298+0000] {processor.py:840} INFO - DAG(s) 'product_price_pipeline' retrieved from /opt/airflow/dags/product_pipeline_dag.py
[2026-02-07T10:11:13.379+0000] {logging_mixin.py:188} INFO - [2026-02-07T10:11:13.379+0000] {dag.py:3089} INFO - Sync 1 DAGs
[2026-02-07T10:11:13.417+0000] {logging_mixin.py:188} INFO - [2026-02-07T10:11:13.417+0000] {dag.py:3947} INFO - Setting next_dagrun for product_price_pipeline to 2026-02-06 21:00:00+00:00, run_after=2026-02-07 21:00:00+00:00
[2026-02-07T10:11:13.452+0000] {processor.py:183} INFO - Processing /opt/airflow/dags/product_pipeline_dag.py took 0.286 seconds
[2026-02-07T10:11:43.758+0000] {processor.py:161} INFO - Started process (PID=1427) to work on /opt/airflow/dags/product_pipeline_dag.py
[2026-02-07T10:11:43.760+0000] {processor.py:830} INFO - Processing file /opt/airflow/dags/product_pipeline_dag.py for tasks to queue
[2026-02-07T10:11:43.765+0000] {logging_mixin.py:188} INFO - [2026-02-07T10:11:43.764+0000] {dagbag.py:545} INFO - Filling up the DagBag from /opt/airflow/dags/product_pipeline_dag.py
[2026-02-07T10:11:43.829+0000] {processor.py:840} INFO - DAG(s) 'product_price_pipeline' retrieved from /opt/airflow/dags/product_pipeline_dag.py
[2026-02-07T10:11:43.864+0000] {logging_mixin.py:188} INFO - [2026-02-07T10:11:43.864+0000] {dag.py:3089} INFO - Sync 1 DAGs
[2026-02-07T10:11:43.889+0000] {logging_mixin.py:188} INFO - [2026-02-07T10:11:43.889+0000] {dag.py:3947} INFO - Setting next_dagrun for product_price_pipeline to 2026-02-06 21:00:00+00:00, run_after=2026-02-07 21:00:00+00:00
[2026-02-07T10:11:43.919+0000] {processor.py:183} INFO - Processing /opt/airflow/dags/product_pipeline_dag.py took 0.173 seconds
[2026-02-07T10:12:14.217+0000] {processor.py:161} INFO - Started process (PID=1432) to work on /opt/airflow/dags/product_pipeline_dag.py
[2026-02-07T10:12:14.220+0000] {processor.py:830} INFO - Processing file /opt/airflow/dags/product_pipeline_dag.py for tasks to queue
[2026-02-07T10:12:14.225+0000] {logging_mixin.py:188} INFO - [2026-02-07T10:12:14.224+0000] {dagbag.py:545} INFO - Filling up the DagBag from /opt/airflow/dags/product_pipeline_dag.py
[2026-02-07T10:12:14.294+0000] {processor.py:840} INFO - DAG(s) 'product_price_pipeline' retrieved from /opt/airflow/dags/product_pipeline_dag.py
[2026-02-07T10:12:14.340+0000] {logging_mixin.py:188} INFO - [2026-02-07T10:12:14.340+0000] {dag.py:3089} INFO - Sync 1 DAGs
[2026-02-07T10:12:14.359+0000] {logging_mixin.py:188} INFO - [2026-02-07T10:12:14.358+0000] {dag.py:3947} INFO - Setting next_dagrun for product_price_pipeline to 2026-02-06 21:00:00+00:00, run_after=2026-02-07 21:00:00+00:00
[2026-02-07T10:12:14.393+0000] {processor.py:183} INFO - Processing /opt/airflow/dags/product_pipeline_dag.py took 0.192 seconds
[2026-02-07T10:12:44.766+0000] {processor.py:161} INFO - Started process (PID=1437) to work on /opt/airflow/dags/product_pipeline_dag.py
[2026-02-07T10:12:44.770+0000] {processor.py:830} INFO - Processing file /opt/airflow/dags/product_pipeline_dag.py for tasks to queue
[2026-02-07T10:12:44.774+0000] {logging_mixin.py:188} INFO - [2026-02-07T10:12:44.773+0000] {dagbag.py:545} INFO - Filling up the DagBag from /opt/airflow/dags/product_pipeline_dag.py
[2026-02-07T10:12:44.842+0000] {processor.py:840} INFO - DAG(s) 'product_price_pipeline' retrieved from /opt/airflow/dags/product_pipeline_dag.py
[2026-02-07T10:12:44.895+0000] {logging_mixin.py:188} INFO - [2026-02-07T10:12:44.895+0000] {dag.py:3089} INFO - Sync 1 DAGs
[2026-02-07T10:12:44.928+0000] {logging_mixin.py:188} INFO - [2026-02-07T10:12:44.928+0000] {dag.py:3947} INFO - Setting next_dagrun for product_price_pipeline to 2026-02-06 21:00:00+00:00, run_after=2026-02-07 21:00:00+00:00
[2026-02-07T10:12:44.964+0000] {processor.py:183} INFO - Processing /opt/airflow/dags/product_pipeline_dag.py took 0.209 seconds
[2026-02-07T10:13:15.383+0000] {processor.py:161} INFO - Started process (PID=1442) to work on /opt/airflow/dags/product_pipeline_dag.py
[2026-02-07T10:13:15.385+0000] {processor.py:830} INFO - Processing file /opt/airflow/dags/product_pipeline_dag.py for tasks to queue
[2026-02-07T10:13:15.388+0000] {logging_mixin.py:188} INFO - [2026-02-07T10:13:15.388+0000] {dagbag.py:545} INFO - Filling up the DagBag from /opt/airflow/dags/product_pipeline_dag.py
[2026-02-07T10:13:15.452+0000] {processor.py:840} INFO - DAG(s) 'product_price_pipeline' retrieved from /opt/airflow/dags/product_pipeline_dag.py
[2026-02-07T10:13:15.503+0000] {logging_mixin.py:188} INFO - [2026-02-07T10:13:15.503+0000] {dag.py:3089} INFO - Sync 1 DAGs
[2026-02-07T10:13:15.525+0000] {logging_mixin.py:188} INFO - [2026-02-07T10:13:15.525+0000] {dag.py:3947} INFO - Setting next_dagrun for product_price_pipeline to 2026-02-06 21:00:00+00:00, run_after=2026-02-07 21:00:00+00:00
[2026-02-07T10:13:15.554+0000] {processor.py:183} INFO - Processing /opt/airflow/dags/product_pipeline_dag.py took 0.185 seconds
[2026-02-07T10:13:45.943+0000] {processor.py:161} INFO - Started process (PID=1447) to work on /opt/airflow/dags/product_pipeline_dag.py
[2026-02-07T10:13:45.950+0000] {processor.py:830} INFO - Processing file /opt/airflow/dags/product_pipeline_dag.py for tasks to queue
[2026-02-07T10:13:45.956+0000] {logging_mixin.py:188} INFO - [2026-02-07T10:13:45.955+0000] {dagbag.py:545} INFO - Filling up the DagBag from /opt/airflow/dags/product_pipeline_dag.py
[2026-02-07T10:13:46.012+0000] {processor.py:840} INFO - DAG(s) 'product_price_pipeline' retrieved from /opt/airflow/dags/product_pipeline_dag.py
[2026-02-07T10:13:46.100+0000] {logging_mixin.py:188} INFO - [2026-02-07T10:13:46.099+0000] {dag.py:3089} INFO - Sync 1 DAGs
[2026-02-07T10:13:46.161+0000] {logging_mixin.py:188} INFO - [2026-02-07T10:13:46.160+0000] {dag.py:3947} INFO - Setting next_dagrun for product_price_pipeline to 2026-02-06 21:00:00+00:00, run_after=2026-02-07 21:00:00+00:00
[2026-02-07T10:13:46.210+0000] {processor.py:183} INFO - Processing /opt/airflow/dags/product_pipeline_dag.py took 0.284 seconds
[2026-02-07T10:14:16.476+0000] {processor.py:161} INFO - Started process (PID=1452) to work on /opt/airflow/dags/product_pipeline_dag.py
[2026-02-07T10:14:16.478+0000] {processor.py:830} INFO - Processing file /opt/airflow/dags/product_pipeline_dag.py for tasks to queue
[2026-02-07T10:14:16.481+0000] {logging_mixin.py:188} INFO - [2026-02-07T10:14:16.481+0000] {dagbag.py:545} INFO - Filling up the DagBag from /opt/airflow/dags/product_pipeline_dag.py
[2026-02-07T10:14:17.658+0000] {processor.py:840} INFO - DAG(s) 'product_price_pipeline' retrieved from /opt/airflow/dags/product_pipeline_dag.py
[2026-02-07T10:14:17.708+0000] {logging_mixin.py:188} INFO - [2026-02-07T10:14:17.708+0000] {dag.py:3089} INFO - Sync 1 DAGs
[2026-02-07T10:14:17.729+0000] {logging_mixin.py:188} INFO - [2026-02-07T10:14:17.729+0000] {dag.py:3947} INFO - Setting next_dagrun for product_price_pipeline to 2026-02-06 21:00:00+00:00, run_after=2026-02-07 21:00:00+00:00
[2026-02-07T10:14:17.763+0000] {processor.py:183} INFO - Processing /opt/airflow/dags/product_pipeline_dag.py took 0.188 seconds
[2026-02-07T10:14:50.475+0000] {processor.py:161} INFO - Started process (PID=1457) to work on /opt/airflow/dags/product_pipeline_dag.py
[2026-02-07T10:14:50.477+0000] {processor.py:830} INFO - Processing file /opt/airflow/dags/product_pipeline_dag.py for tasks to queue
[2026-02-07T10:14:50.481+0000] {logging_mixin.py:188} INFO - [2026-02-07T10:14:50.480+0000] {dagbag.py:545} INFO - Filling up the DagBag from /opt/airflow/dags/product_pipeline_dag.py
[2026-02-07T10:14:50.537+0000] {processor.py:840} INFO - DAG(s) 'product_price_pipeline' retrieved from /opt/airflow/dags/product_pipeline_dag.py
[2026-02-07T10:14:50.604+0000] {logging_mixin.py:188} INFO - [2026-02-07T10:14:50.604+0000] {dag.py:3089} INFO - Sync 1 DAGs
[2026-02-07T10:14:50.628+0000] {logging_mixin.py:188} INFO - [2026-02-07T10:14:50.628+0000] {dag.py:3947} INFO - Setting next_dagrun for product_price_pipeline to 2026-02-06 21:00:00+00:00, run_after=2026-02-07 21:00:00+00:00
[2026-02-07T10:14:50.668+0000] {processor.py:183} INFO - Processing /opt/airflow/dags/product_pipeline_dag.py took 0.204 seconds
[2026-02-07T10:15:21.764+0000] {processor.py:161} INFO - Started process (PID=1462) to work on /opt/airflow/dags/product_pipeline_dag.py
[2026-02-07T10:15:21.767+0000] {processor.py:830} INFO - Processing file /opt/airflow/dags/product_pipeline_dag.py for tasks to queue
[2026-02-07T10:15:21.775+0000] {logging_mixin.py:188} INFO - [2026-02-07T10:15:21.774+0000] {dagbag.py:545} INFO - Filling up the DagBag from /opt/airflow/dags/product_pipeline_dag.py
[2026-02-07T10:15:21.847+0000] {processor.py:840} INFO - DAG(s) 'product_price_pipeline' retrieved from /opt/airflow/dags/product_pipeline_dag.py
[2026-02-07T10:15:21.883+0000] {logging_mixin.py:188} INFO - [2026-02-07T10:15:21.883+0000] {dag.py:3089} INFO - Sync 1 DAGs
[2026-02-07T10:15:21.904+0000] {logging_mixin.py:188} INFO - [2026-02-07T10:15:21.903+0000] {dag.py:3947} INFO - Setting next_dagrun for product_price_pipeline to 2026-02-06 21:00:00+00:00, run_after=2026-02-07 21:00:00+00:00
[2026-02-07T10:15:21.925+0000] {processor.py:183} INFO - Processing /opt/airflow/dags/product_pipeline_dag.py took 0.176 seconds
[2026-02-07T10:15:54.087+0000] {processor.py:161} INFO - Started process (PID=1467) to work on /opt/airflow/dags/product_pipeline_dag.py
[2026-02-07T10:15:54.089+0000] {processor.py:830} INFO - Processing file /opt/airflow/dags/product_pipeline_dag.py for tasks to queue
[2026-02-07T10:15:54.092+0000] {logging_mixin.py:188} INFO - [2026-02-07T10:15:54.091+0000] {dagbag.py:545} INFO - Filling up the DagBag from /opt/airflow/dags/product_pipeline_dag.py
[2026-02-07T10:15:54.136+0000] {processor.py:840} INFO - DAG(s) 'product_price_pipeline' retrieved from /opt/airflow/dags/product_pipeline_dag.py
[2026-02-07T10:15:54.168+0000] {logging_mixin.py:188} INFO - [2026-02-07T10:15:54.168+0000] {dag.py:3089} INFO - Sync 1 DAGs
[2026-02-07T10:15:54.187+0000] {logging_mixin.py:188} INFO - [2026-02-07T10:15:54.186+0000] {dag.py:3947} INFO - Setting next_dagrun for product_price_pipeline to 2026-02-06 21:00:00+00:00, run_after=2026-02-07 21:00:00+00:00
[2026-02-07T10:15:54.214+0000] {processor.py:183} INFO - Processing /opt/airflow/dags/product_pipeline_dag.py took 0.140 seconds
[2026-02-07T10:16:25.555+0000] {processor.py:161} INFO - Started process (PID=1472) to work on /opt/airflow/dags/product_pipeline_dag.py
[2026-02-07T10:16:25.558+0000] {processor.py:830} INFO - Processing file /opt/airflow/dags/product_pipeline_dag.py for tasks to queue
[2026-02-07T10:16:25.563+0000] {logging_mixin.py:188} INFO - [2026-02-07T10:16:25.562+0000] {dagbag.py:545} INFO - Filling up the DagBag from /opt/airflow/dags/product_pipeline_dag.py
[2026-02-07T10:16:25.625+0000] {processor.py:840} INFO - DAG(s) 'product_price_pipeline' retrieved from /opt/airflow/dags/product_pipeline_dag.py
[2026-02-07T10:16:25.688+0000] {logging_mixin.py:188} INFO - [2026-02-07T10:16:25.688+0000] {dag.py:3089} INFO - Sync 1 DAGs
[2026-02-07T10:16:25.719+0000] {logging_mixin.py:188} INFO - [2026-02-07T10:16:25.719+0000] {dag.py:3947} INFO - Setting next_dagrun for product_price_pipeline to 2026-02-06 21:00:00+00:00, run_after=2026-02-07 21:00:00+00:00
[2026-02-07T10:16:25.781+0000] {processor.py:183} INFO - Processing /opt/airflow/dags/product_pipeline_dag.py took 0.240 seconds
[2026-02-07T10:16:57.840+0000] {processor.py:161} INFO - Started process (PID=1477) to work on /opt/airflow/dags/product_pipeline_dag.py
[2026-02-07T10:16:57.843+0000] {processor.py:830} INFO - Processing file /opt/airflow/dags/product_pipeline_dag.py for tasks to queue
[2026-02-07T10:16:57.848+0000] {logging_mixin.py:188} INFO - [2026-02-07T10:16:57.847+0000] {dagbag.py:545} INFO - Filling up the DagBag from /opt/airflow/dags/product_pipeline_dag.py
[2026-02-07T10:16:57.911+0000] {processor.py:840} INFO - DAG(s) 'product_price_pipeline' retrieved from /opt/airflow/dags/product_pipeline_dag.py
[2026-02-07T10:16:57.990+0000] {logging_mixin.py:188} INFO - [2026-02-07T10:16:57.990+0000] {dag.py:3089} INFO - Sync 1 DAGs
[2026-02-07T10:16:58.024+0000] {logging_mixin.py:188} INFO - [2026-02-07T10:16:58.024+0000] {dag.py:3947} INFO - Setting next_dagrun for product_price_pipeline to 2026-02-06 21:00:00+00:00, run_after=2026-02-07 21:00:00+00:00
[2026-02-07T10:16:58.052+0000] {processor.py:183} INFO - Processing /opt/airflow/dags/product_pipeline_dag.py took 0.234 seconds
[2026-02-07T10:17:29.459+0000] {processor.py:161} INFO - Started process (PID=1482) to work on /opt/airflow/dags/product_pipeline_dag.py
[2026-02-07T10:17:29.462+0000] {processor.py:830} INFO - Processing file /opt/airflow/dags/product_pipeline_dag.py for tasks to queue
[2026-02-07T10:17:29.465+0000] {logging_mixin.py:188} INFO - [2026-02-07T10:17:29.465+0000] {dagbag.py:545} INFO - Filling up the DagBag from /opt/airflow/dags/product_pipeline_dag.py
[2026-02-07T10:17:29.524+0000] {processor.py:840} INFO - DAG(s) 'product_price_pipeline' retrieved from /opt/airflow/dags/product_pipeline_dag.py
[2026-02-07T10:17:29.598+0000] {logging_mixin.py:188} INFO - [2026-02-07T10:17:29.598+0000] {dag.py:3089} INFO - Sync 1 DAGs
[2026-02-07T10:17:29.626+0000] {logging_mixin.py:188} INFO - [2026-02-07T10:17:29.626+0000] {dag.py:3947} INFO - Setting next_dagrun for product_price_pipeline to 2026-02-06 21:00:00+00:00, run_after=2026-02-07 21:00:00+00:00
[2026-02-07T10:17:29.659+0000] {processor.py:183} INFO - Processing /opt/airflow/dags/product_pipeline_dag.py took 0.214 seconds
[2026-02-07T10:18:01.784+0000] {processor.py:161} INFO - Started process (PID=1487) to work on /opt/airflow/dags/product_pipeline_dag.py
[2026-02-07T10:18:01.787+0000] {processor.py:830} INFO - Processing file /opt/airflow/dags/product_pipeline_dag.py for tasks to queue
[2026-02-07T10:18:01.790+0000] {logging_mixin.py:188} INFO - [2026-02-07T10:18:01.790+0000] {dagbag.py:545} INFO - Filling up the DagBag from /opt/airflow/dags/product_pipeline_dag.py
[2026-02-07T10:18:01.846+0000] {processor.py:840} INFO - DAG(s) 'product_price_pipeline' retrieved from /opt/airflow/dags/product_pipeline_dag.py
[2026-02-07T10:18:01.890+0000] {logging_mixin.py:188} INFO - [2026-02-07T10:18:01.890+0000] {dag.py:3089} INFO - Sync 1 DAGs
[2026-02-07T10:18:01.909+0000] {logging_mixin.py:188} INFO - [2026-02-07T10:18:01.909+0000] {dag.py:3947} INFO - Setting next_dagrun for product_price_pipeline to 2026-02-06 21:00:00+00:00, run_after=2026-02-07 21:00:00+00:00
[2026-02-07T10:18:01.937+0000] {processor.py:183} INFO - Processing /opt/airflow/dags/product_pipeline_dag.py took 0.164 seconds
[2026-02-07T10:18:32.140+0000] {processor.py:161} INFO - Started process (PID=1492) to work on /opt/airflow/dags/product_pipeline_dag.py
[2026-02-07T10:18:32.142+0000] {processor.py:830} INFO - Processing file /opt/airflow/dags/product_pipeline_dag.py for tasks to queue
[2026-02-07T10:18:32.145+0000] {logging_mixin.py:188} INFO - [2026-02-07T10:18:32.145+0000] {dagbag.py:545} INFO - Filling up the DagBag from /opt/airflow/dags/product_pipeline_dag.py
[2026-02-07T10:18:32.197+0000] {processor.py:840} INFO - DAG(s) 'product_price_pipeline' retrieved from /opt/airflow/dags/product_pipeline_dag.py
[2026-02-07T10:18:32.240+0000] {logging_mixin.py:188} INFO - [2026-02-07T10:18:32.239+0000] {dag.py:3089} INFO - Sync 1 DAGs
[2026-02-07T10:18:32.263+0000] {logging_mixin.py:188} INFO - [2026-02-07T10:18:32.263+0000] {dag.py:3947} INFO - Setting next_dagrun for product_price_pipeline to 2026-02-06 21:00:00+00:00, run_after=2026-02-07 21:00:00+00:00
[2026-02-07T10:18:32.288+0000] {processor.py:183} INFO - Processing /opt/airflow/dags/product_pipeline_dag.py took 0.160 seconds
[2026-02-07T10:19:02.446+0000] {processor.py:161} INFO - Started process (PID=1497) to work on /opt/airflow/dags/product_pipeline_dag.py
[2026-02-07T10:19:02.449+0000] {processor.py:830} INFO - Processing file /opt/airflow/dags/product_pipeline_dag.py for tasks to queue
[2026-02-07T10:19:02.455+0000] {logging_mixin.py:188} INFO - [2026-02-07T10:19:02.454+0000] {dagbag.py:545} INFO - Filling up the DagBag from /opt/airflow/dags/product_pipeline_dag.py
[2026-02-07T10:19:02.515+0000] {processor.py:840} INFO - DAG(s) 'product_price_pipeline' retrieved from /opt/airflow/dags/product_pipeline_dag.py
[2026-02-07T10:19:02.595+0000] {logging_mixin.py:188} INFO - [2026-02-07T10:19:02.594+0000] {dag.py:3089} INFO - Sync 1 DAGs
[2026-02-07T10:19:02.651+0000] {logging_mixin.py:188} INFO - [2026-02-07T10:19:02.651+0000] {dag.py:3947} INFO - Setting next_dagrun for product_price_pipeline to 2026-02-06 21:00:00+00:00, run_after=2026-02-07 21:00:00+00:00
[2026-02-07T10:19:02.717+0000] {processor.py:183} INFO - Processing /opt/airflow/dags/product_pipeline_dag.py took 0.281 seconds
[2026-02-07T10:19:33.043+0000] {processor.py:161} INFO - Started process (PID=1502) to work on /opt/airflow/dags/product_pipeline_dag.py
[2026-02-07T10:19:33.045+0000] {processor.py:830} INFO - Processing file /opt/airflow/dags/product_pipeline_dag.py for tasks to queue
[2026-02-07T10:19:33.047+0000] {logging_mixin.py:188} INFO - [2026-02-07T10:19:33.047+0000] {dagbag.py:545} INFO - Filling up the DagBag from /opt/airflow/dags/product_pipeline_dag.py
[2026-02-07T10:19:33.093+0000] {processor.py:840} INFO - DAG(s) 'product_price_pipeline' retrieved from /opt/airflow/dags/product_pipeline_dag.py
[2026-02-07T10:19:33.126+0000] {logging_mixin.py:188} INFO - [2026-02-07T10:19:33.126+0000] {dag.py:3089} INFO - Sync 1 DAGs
[2026-02-07T10:19:33.147+0000] {logging_mixin.py:188} INFO - [2026-02-07T10:19:33.147+0000] {dag.py:3947} INFO - Setting next_dagrun for product_price_pipeline to 2026-02-06 21:00:00+00:00, run_after=2026-02-07 21:00:00+00:00
[2026-02-07T10:19:33.169+0000] {processor.py:183} INFO - Processing /opt/airflow/dags/product_pipeline_dag.py took 0.138 seconds
[2026-02-07T10:20:03.580+0000] {processor.py:161} INFO - Started process (PID=1507) to work on /opt/airflow/dags/product_pipeline_dag.py
[2026-02-07T10:20:03.583+0000] {processor.py:830} INFO - Processing file /opt/airflow/dags/product_pipeline_dag.py for tasks to queue
[2026-02-07T10:20:03.587+0000] {logging_mixin.py:188} INFO - [2026-02-07T10:20:03.587+0000] {dagbag.py:545} INFO - Filling up the DagBag from /opt/airflow/dags/product_pipeline_dag.py
[2026-02-07T10:20:03.650+0000] {processor.py:840} INFO - DAG(s) 'product_price_pipeline' retrieved from /opt/airflow/dags/product_pipeline_dag.py
[2026-02-07T10:20:03.712+0000] {logging_mixin.py:188} INFO - [2026-02-07T10:20:03.711+0000] {dag.py:3089} INFO - Sync 1 DAGs
[2026-02-07T10:20:03.732+0000] {logging_mixin.py:188} INFO - [2026-02-07T10:20:03.732+0000] {dag.py:3947} INFO - Setting next_dagrun for product_price_pipeline to 2026-02-06 21:00:00+00:00, run_after=2026-02-07 21:00:00+00:00
[2026-02-07T10:20:03.756+0000] {processor.py:183} INFO - Processing /opt/airflow/dags/product_pipeline_dag.py took 0.186 seconds
[2026-02-07T10:20:33.968+0000] {processor.py:161} INFO - Started process (PID=1512) to work on /opt/airflow/dags/product_pipeline_dag.py
[2026-02-07T10:20:33.972+0000] {processor.py:830} INFO - Processing file /opt/airflow/dags/product_pipeline_dag.py for tasks to queue
[2026-02-07T10:20:33.979+0000] {logging_mixin.py:188} INFO - [2026-02-07T10:20:33.979+0000] {dagbag.py:545} INFO - Filling up the DagBag from /opt/airflow/dags/product_pipeline_dag.py
[2026-02-07T10:20:34.056+0000] {processor.py:840} INFO - DAG(s) 'product_price_pipeline' retrieved from /opt/airflow/dags/product_pipeline_dag.py
[2026-02-07T10:20:34.124+0000] {logging_mixin.py:188} INFO - [2026-02-07T10:20:34.124+0000] {dag.py:3089} INFO - Sync 1 DAGs
[2026-02-07T10:20:34.153+0000] {logging_mixin.py:188} INFO - [2026-02-07T10:20:34.153+0000] {dag.py:3947} INFO - Setting next_dagrun for product_price_pipeline to 2026-02-06 21:00:00+00:00, run_after=2026-02-07 21:00:00+00:00
[2026-02-07T10:20:34.180+0000] {processor.py:183} INFO - Processing /opt/airflow/dags/product_pipeline_dag.py took 0.224 seconds
[2026-02-07T10:21:04.407+0000] {processor.py:161} INFO - Started process (PID=1517) to work on /opt/airflow/dags/product_pipeline_dag.py
[2026-02-07T10:21:04.410+0000] {processor.py:830} INFO - Processing file /opt/airflow/dags/product_pipeline_dag.py for tasks to queue
[2026-02-07T10:21:04.418+0000] {logging_mixin.py:188} INFO - [2026-02-07T10:21:04.416+0000] {dagbag.py:545} INFO - Filling up the DagBag from /opt/airflow/dags/product_pipeline_dag.py
[2026-02-07T10:21:04.480+0000] {processor.py:840} INFO - DAG(s) 'product_price_pipeline' retrieved from /opt/airflow/dags/product_pipeline_dag.py
[2026-02-07T10:21:04.545+0000] {logging_mixin.py:188} INFO - [2026-02-07T10:21:04.544+0000] {dag.py:3089} INFO - Sync 1 DAGs
[2026-02-07T10:21:04.580+0000] {logging_mixin.py:188} INFO - [2026-02-07T10:21:04.579+0000] {dag.py:3947} INFO - Setting next_dagrun for product_price_pipeline to 2026-02-06 21:00:00+00:00, run_after=2026-02-07 21:00:00+00:00
[2026-02-07T10:21:04.658+0000] {processor.py:183} INFO - Processing /opt/airflow/dags/product_pipeline_dag.py took 0.273 seconds
[2026-02-07T10:21:34.985+0000] {processor.py:161} INFO - Started process (PID=1522) to work on /opt/airflow/dags/product_pipeline_dag.py
[2026-02-07T10:21:34.987+0000] {processor.py:830} INFO - Processing file /opt/airflow/dags/product_pipeline_dag.py for tasks to queue
[2026-02-07T10:21:34.991+0000] {logging_mixin.py:188} INFO - [2026-02-07T10:21:34.991+0000] {dagbag.py:545} INFO - Filling up the DagBag from /opt/airflow/dags/product_pipeline_dag.py
[2026-02-07T10:21:35.053+0000] {processor.py:840} INFO - DAG(s) 'product_price_pipeline' retrieved from /opt/airflow/dags/product_pipeline_dag.py
[2026-02-07T10:21:35.107+0000] {logging_mixin.py:188} INFO - [2026-02-07T10:21:35.107+0000] {dag.py:3089} INFO - Sync 1 DAGs
[2026-02-07T10:21:35.136+0000] {logging_mixin.py:188} INFO - [2026-02-07T10:21:35.136+0000] {dag.py:3947} INFO - Setting next_dagrun for product_price_pipeline to 2026-02-06 21:00:00+00:00, run_after=2026-02-07 21:00:00+00:00
[2026-02-07T10:21:35.168+0000] {processor.py:183} INFO - Processing /opt/airflow/dags/product_pipeline_dag.py took 0.194 seconds
[2026-02-07T10:22:05.570+0000] {processor.py:161} INFO - Started process (PID=1527) to work on /opt/airflow/dags/product_pipeline_dag.py
[2026-02-07T10:22:05.572+0000] {processor.py:830} INFO - Processing file /opt/airflow/dags/product_pipeline_dag.py for tasks to queue
[2026-02-07T10:22:05.574+0000] {logging_mixin.py:188} INFO - [2026-02-07T10:22:05.574+0000] {dagbag.py:545} INFO - Filling up the DagBag from /opt/airflow/dags/product_pipeline_dag.py
[2026-02-07T10:22:05.643+0000] {processor.py:840} INFO - DAG(s) 'product_price_pipeline' retrieved from /opt/airflow/dags/product_pipeline_dag.py
[2026-02-07T10:22:05.706+0000] {logging_mixin.py:188} INFO - [2026-02-07T10:22:05.706+0000] {dag.py:3089} INFO - Sync 1 DAGs
[2026-02-07T10:22:05.730+0000] {logging_mixin.py:188} INFO - [2026-02-07T10:22:05.730+0000] {dag.py:3947} INFO - Setting next_dagrun for product_price_pipeline to 2026-02-06 21:00:00+00:00, run_after=2026-02-07 21:00:00+00:00
[2026-02-07T10:22:05.761+0000] {processor.py:183} INFO - Processing /opt/airflow/dags/product_pipeline_dag.py took 0.200 seconds
[2026-02-07T10:22:36.071+0000] {processor.py:161} INFO - Started process (PID=1532) to work on /opt/airflow/dags/product_pipeline_dag.py
[2026-02-07T10:22:36.074+0000] {processor.py:830} INFO - Processing file /opt/airflow/dags/product_pipeline_dag.py for tasks to queue
[2026-02-07T10:22:36.078+0000] {logging_mixin.py:188} INFO - [2026-02-07T10:22:36.078+0000] {dagbag.py:545} INFO - Filling up the DagBag from /opt/airflow/dags/product_pipeline_dag.py
[2026-02-07T10:22:36.147+0000] {processor.py:840} INFO - DAG(s) 'product_price_pipeline' retrieved from /opt/airflow/dags/product_pipeline_dag.py
[2026-02-07T10:22:36.193+0000] {logging_mixin.py:188} INFO - [2026-02-07T10:22:36.192+0000] {dag.py:3089} INFO - Sync 1 DAGs
[2026-02-07T10:22:36.211+0000] {logging_mixin.py:188} INFO - [2026-02-07T10:22:36.211+0000] {dag.py:3947} INFO - Setting next_dagrun for product_price_pipeline to 2026-02-06 21:00:00+00:00, run_after=2026-02-07 21:00:00+00:00
[2026-02-07T10:22:36.243+0000] {processor.py:183} INFO - Processing /opt/airflow/dags/product_pipeline_dag.py took 0.184 seconds
[2026-02-07T10:23:06.504+0000] {processor.py:161} INFO - Started process (PID=1537) to work on /opt/airflow/dags/product_pipeline_dag.py
[2026-02-07T10:23:06.506+0000] {processor.py:830} INFO - Processing file /opt/airflow/dags/product_pipeline_dag.py for tasks to queue
[2026-02-07T10:23:06.510+0000] {logging_mixin.py:188} INFO - [2026-02-07T10:23:06.510+0000] {dagbag.py:545} INFO - Filling up the DagBag from /opt/airflow/dags/product_pipeline_dag.py
[2026-02-07T10:23:06.550+0000] {processor.py:840} INFO - DAG(s) 'product_price_pipeline' retrieved from /opt/airflow/dags/product_pipeline_dag.py
[2026-02-07T10:23:06.620+0000] {logging_mixin.py:188} INFO - [2026-02-07T10:23:06.619+0000] {dag.py:3089} INFO - Sync 1 DAGs
[2026-02-07T10:23:06.657+0000] {logging_mixin.py:188} INFO - [2026-02-07T10:23:06.657+0000] {dag.py:3947} INFO - Setting next_dagrun for product_price_pipeline to 2026-02-06 21:00:00+00:00, run_after=2026-02-07 21:00:00+00:00
[2026-02-07T10:23:06.893+0000] {processor.py:183} INFO - Processing /opt/airflow/dags/product_pipeline_dag.py took 0.400 seconds
[2026-02-07T10:23:37.392+0000] {processor.py:161} INFO - Started process (PID=1542) to work on /opt/airflow/dags/product_pipeline_dag.py
[2026-02-07T10:23:37.395+0000] {processor.py:830} INFO - Processing file /opt/airflow/dags/product_pipeline_dag.py for tasks to queue
[2026-02-07T10:23:37.400+0000] {logging_mixin.py:188} INFO - [2026-02-07T10:23:37.399+0000] {dagbag.py:545} INFO - Filling up the DagBag from /opt/airflow/dags/product_pipeline_dag.py
[2026-02-07T10:23:37.479+0000] {processor.py:840} INFO - DAG(s) 'product_price_pipeline' retrieved from /opt/airflow/dags/product_pipeline_dag.py
[2026-02-07T10:23:37.558+0000] {logging_mixin.py:188} INFO - [2026-02-07T10:23:37.558+0000] {dag.py:3089} INFO - Sync 1 DAGs
[2026-02-07T10:23:37.611+0000] {logging_mixin.py:188} INFO - [2026-02-07T10:23:37.611+0000] {dag.py:3947} INFO - Setting next_dagrun for product_price_pipeline to 2026-02-06 21:00:00+00:00, run_after=2026-02-07 21:00:00+00:00
[2026-02-07T10:23:37.656+0000] {processor.py:183} INFO - Processing /opt/airflow/dags/product_pipeline_dag.py took 0.276 seconds
[2026-02-07T10:24:08.076+0000] {processor.py:161} INFO - Started process (PID=1547) to work on /opt/airflow/dags/product_pipeline_dag.py
[2026-02-07T10:24:08.079+0000] {processor.py:830} INFO - Processing file /opt/airflow/dags/product_pipeline_dag.py for tasks to queue
[2026-02-07T10:24:08.084+0000] {logging_mixin.py:188} INFO - [2026-02-07T10:24:08.083+0000] {dagbag.py:545} INFO - Filling up the DagBag from /opt/airflow/dags/product_pipeline_dag.py
[2026-02-07T10:24:08.171+0000] {processor.py:840} INFO - DAG(s) 'product_price_pipeline' retrieved from /opt/airflow/dags/product_pipeline_dag.py
[2026-02-07T10:24:08.239+0000] {logging_mixin.py:188} INFO - [2026-02-07T10:24:08.239+0000] {dag.py:3089} INFO - Sync 1 DAGs
[2026-02-07T10:24:08.270+0000] {logging_mixin.py:188} INFO - [2026-02-07T10:24:08.269+0000] {dag.py:3947} INFO - Setting next_dagrun for product_price_pipeline to 2026-02-06 21:00:00+00:00, run_after=2026-02-07 21:00:00+00:00
[2026-02-07T10:24:08.348+0000] {processor.py:183} INFO - Processing /opt/airflow/dags/product_pipeline_dag.py took 0.283 seconds
[2026-02-07T10:24:38.771+0000] {processor.py:161} INFO - Started process (PID=1552) to work on /opt/airflow/dags/product_pipeline_dag.py
[2026-02-07T10:24:38.774+0000] {processor.py:830} INFO - Processing file /opt/airflow/dags/product_pipeline_dag.py for tasks to queue
[2026-02-07T10:24:38.777+0000] {logging_mixin.py:188} INFO - [2026-02-07T10:24:38.777+0000] {dagbag.py:545} INFO - Filling up the DagBag from /opt/airflow/dags/product_pipeline_dag.py
[2026-02-07T10:24:38.852+0000] {processor.py:840} INFO - DAG(s) 'product_price_pipeline' retrieved from /opt/airflow/dags/product_pipeline_dag.py
[2026-02-07T10:24:38.909+0000] {logging_mixin.py:188} INFO - [2026-02-07T10:24:38.909+0000] {dag.py:3089} INFO - Sync 1 DAGs
[2026-02-07T10:24:38.927+0000] {logging_mixin.py:188} INFO - [2026-02-07T10:24:38.927+0000] {dag.py:3947} INFO - Setting next_dagrun for product_price_pipeline to 2026-02-06 21:00:00+00:00, run_after=2026-02-07 21:00:00+00:00
[2026-02-07T10:24:38.953+0000] {processor.py:183} INFO - Processing /opt/airflow/dags/product_pipeline_dag.py took 0.189 seconds
[2026-02-07T10:25:09.103+0000] {processor.py:161} INFO - Started process (PID=1557) to work on /opt/airflow/dags/product_pipeline_dag.py
[2026-02-07T10:25:09.105+0000] {processor.py:830} INFO - Processing file /opt/airflow/dags/product_pipeline_dag.py for tasks to queue
[2026-02-07T10:25:09.111+0000] {logging_mixin.py:188} INFO - [2026-02-07T10:25:09.110+0000] {dagbag.py:545} INFO - Filling up the DagBag from /opt/airflow/dags/product_pipeline_dag.py
[2026-02-07T10:25:09.160+0000] {processor.py:840} INFO - DAG(s) 'product_price_pipeline' retrieved from /opt/airflow/dags/product_pipeline_dag.py
[2026-02-07T10:25:09.214+0000] {logging_mixin.py:188} INFO - [2026-02-07T10:25:09.214+0000] {dag.py:3089} INFO - Sync 1 DAGs
[2026-02-07T10:25:09.248+0000] {logging_mixin.py:188} INFO - [2026-02-07T10:25:09.248+0000] {dag.py:3947} INFO - Setting next_dagrun for product_price_pipeline to 2026-02-06 21:00:00+00:00, run_after=2026-02-07 21:00:00+00:00
[2026-02-07T10:25:09.284+0000] {processor.py:183} INFO - Processing /opt/airflow/dags/product_pipeline_dag.py took 0.191 seconds
[2026-02-07T10:25:39.589+0000] {processor.py:161} INFO - Started process (PID=1562) to work on /opt/airflow/dags/product_pipeline_dag.py
[2026-02-07T10:25:39.592+0000] {processor.py:830} INFO - Processing file /opt/airflow/dags/product_pipeline_dag.py for tasks to queue
[2026-02-07T10:25:39.596+0000] {logging_mixin.py:188} INFO - [2026-02-07T10:25:39.595+0000] {dagbag.py:545} INFO - Filling up the DagBag from /opt/airflow/dags/product_pipeline_dag.py
[2026-02-07T10:25:39.653+0000] {processor.py:840} INFO - DAG(s) 'product_price_pipeline' retrieved from /opt/airflow/dags/product_pipeline_dag.py
[2026-02-07T10:25:39.714+0000] {logging_mixin.py:188} INFO - [2026-02-07T10:25:39.714+0000] {dag.py:3089} INFO - Sync 1 DAGs
[2026-02-07T10:25:39.739+0000] {logging_mixin.py:188} INFO - [2026-02-07T10:25:39.739+0000] {dag.py:3947} INFO - Setting next_dagrun for product_price_pipeline to 2026-02-06 21:00:00+00:00, run_after=2026-02-07 21:00:00+00:00
[2026-02-07T10:25:39.777+0000] {processor.py:183} INFO - Processing /opt/airflow/dags/product_pipeline_dag.py took 0.200 seconds
[2026-02-07T10:26:10.016+0000] {processor.py:161} INFO - Started process (PID=1567) to work on /opt/airflow/dags/product_pipeline_dag.py
[2026-02-07T10:26:10.019+0000] {processor.py:830} INFO - Processing file /opt/airflow/dags/product_pipeline_dag.py for tasks to queue
[2026-02-07T10:26:10.024+0000] {logging_mixin.py:188} INFO - [2026-02-07T10:26:10.024+0000] {dagbag.py:545} INFO - Filling up the DagBag from /opt/airflow/dags/product_pipeline_dag.py
[2026-02-07T10:26:10.094+0000] {processor.py:840} INFO - DAG(s) 'product_price_pipeline' retrieved from /opt/airflow/dags/product_pipeline_dag.py
[2026-02-07T10:26:10.163+0000] {logging_mixin.py:188} INFO - [2026-02-07T10:26:10.163+0000] {dag.py:3089} INFO - Sync 1 DAGs
[2026-02-07T10:26:10.199+0000] {logging_mixin.py:188} INFO - [2026-02-07T10:26:10.198+0000] {dag.py:3947} INFO - Setting next_dagrun for product_price_pipeline to 2026-02-06 21:00:00+00:00, run_after=2026-02-07 21:00:00+00:00
[2026-02-07T10:26:10.244+0000] {processor.py:183} INFO - Processing /opt/airflow/dags/product_pipeline_dag.py took 0.242 seconds
[2026-02-07T10:26:40.470+0000] {processor.py:161} INFO - Started process (PID=1572) to work on /opt/airflow/dags/product_pipeline_dag.py
[2026-02-07T10:26:40.471+0000] {processor.py:830} INFO - Processing file /opt/airflow/dags/product_pipeline_dag.py for tasks to queue
[2026-02-07T10:26:40.474+0000] {logging_mixin.py:188} INFO - [2026-02-07T10:26:40.473+0000] {dagbag.py:545} INFO - Filling up the DagBag from /opt/airflow/dags/product_pipeline_dag.py
[2026-02-07T10:26:40.512+0000] {processor.py:840} INFO - DAG(s) 'product_price_pipeline' retrieved from /opt/airflow/dags/product_pipeline_dag.py
[2026-02-07T10:26:40.542+0000] {logging_mixin.py:188} INFO - [2026-02-07T10:26:40.542+0000] {dag.py:3089} INFO - Sync 1 DAGs
[2026-02-07T10:26:40.561+0000] {logging_mixin.py:188} INFO - [2026-02-07T10:26:40.561+0000] {dag.py:3947} INFO - Setting next_dagrun for product_price_pipeline to 2026-02-06 21:00:00+00:00, run_after=2026-02-07 21:00:00+00:00
[2026-02-07T10:26:40.585+0000] {processor.py:183} INFO - Processing /opt/airflow/dags/product_pipeline_dag.py took 0.121 seconds
[2026-02-07T10:27:10.873+0000] {processor.py:161} INFO - Started process (PID=1577) to work on /opt/airflow/dags/product_pipeline_dag.py
[2026-02-07T10:27:10.875+0000] {processor.py:830} INFO - Processing file /opt/airflow/dags/product_pipeline_dag.py for tasks to queue
[2026-02-07T10:27:10.878+0000] {logging_mixin.py:188} INFO - [2026-02-07T10:27:10.877+0000] {dagbag.py:545} INFO - Filling up the DagBag from /opt/airflow/dags/product_pipeline_dag.py
[2026-02-07T10:27:10.930+0000] {processor.py:840} INFO - DAG(s) 'product_price_pipeline' retrieved from /opt/airflow/dags/product_pipeline_dag.py
[2026-02-07T10:27:10.972+0000] {logging_mixin.py:188} INFO - [2026-02-07T10:27:10.971+0000] {dag.py:3089} INFO - Sync 1 DAGs
[2026-02-07T10:27:10.993+0000] {logging_mixin.py:188} INFO - [2026-02-07T10:27:10.993+0000] {dag.py:3947} INFO - Setting next_dagrun for product_price_pipeline to 2026-02-06 21:00:00+00:00, run_after=2026-02-07 21:00:00+00:00
[2026-02-07T10:27:11.018+0000] {processor.py:183} INFO - Processing /opt/airflow/dags/product_pipeline_dag.py took 0.153 seconds
[2026-02-07T10:27:41.173+0000] {processor.py:161} INFO - Started process (PID=1582) to work on /opt/airflow/dags/product_pipeline_dag.py
[2026-02-07T10:27:41.175+0000] {processor.py:830} INFO - Processing file /opt/airflow/dags/product_pipeline_dag.py for tasks to queue
[2026-02-07T10:27:41.179+0000] {logging_mixin.py:188} INFO - [2026-02-07T10:27:41.178+0000] {dagbag.py:545} INFO - Filling up the DagBag from /opt/airflow/dags/product_pipeline_dag.py
[2026-02-07T10:27:41.252+0000] {processor.py:840} INFO - DAG(s) 'product_price_pipeline' retrieved from /opt/airflow/dags/product_pipeline_dag.py
[2026-02-07T10:27:41.324+0000] {logging_mixin.py:188} INFO - [2026-02-07T10:27:41.323+0000] {dag.py:3089} INFO - Sync 1 DAGs
[2026-02-07T10:27:41.368+0000] {logging_mixin.py:188} INFO - [2026-02-07T10:27:41.368+0000] {dag.py:3947} INFO - Setting next_dagrun for product_price_pipeline to 2026-02-06 21:00:00+00:00, run_after=2026-02-07 21:00:00+00:00
[2026-02-07T10:27:41.424+0000] {processor.py:183} INFO - Processing /opt/airflow/dags/product_pipeline_dag.py took 0.261 seconds
[2026-02-07T10:28:11.571+0000] {processor.py:161} INFO - Started process (PID=1587) to work on /opt/airflow/dags/product_pipeline_dag.py
[2026-02-07T10:28:11.575+0000] {processor.py:830} INFO - Processing file /opt/airflow/dags/product_pipeline_dag.py for tasks to queue
[2026-02-07T10:28:11.578+0000] {logging_mixin.py:188} INFO - [2026-02-07T10:28:11.578+0000] {dagbag.py:545} INFO - Filling up the DagBag from /opt/airflow/dags/product_pipeline_dag.py
[2026-02-07T10:28:11.645+0000] {processor.py:840} INFO - DAG(s) 'product_price_pipeline' retrieved from /opt/airflow/dags/product_pipeline_dag.py
[2026-02-07T10:28:11.684+0000] {logging_mixin.py:188} INFO - [2026-02-07T10:28:11.683+0000] {dag.py:3089} INFO - Sync 1 DAGs
[2026-02-07T10:28:11.708+0000] {logging_mixin.py:188} INFO - [2026-02-07T10:28:11.708+0000] {dag.py:3947} INFO - Setting next_dagrun for product_price_pipeline to 2026-02-06 21:00:00+00:00, run_after=2026-02-07 21:00:00+00:00
[2026-02-07T10:28:11.735+0000] {processor.py:183} INFO - Processing /opt/airflow/dags/product_pipeline_dag.py took 0.176 seconds
[2026-02-07T10:28:42.117+0000] {processor.py:161} INFO - Started process (PID=1592) to work on /opt/airflow/dags/product_pipeline_dag.py
[2026-02-07T10:28:42.121+0000] {processor.py:830} INFO - Processing file /opt/airflow/dags/product_pipeline_dag.py for tasks to queue
[2026-02-07T10:28:42.126+0000] {logging_mixin.py:188} INFO - [2026-02-07T10:28:42.125+0000] {dagbag.py:545} INFO - Filling up the DagBag from /opt/airflow/dags/product_pipeline_dag.py
[2026-02-07T10:28:42.194+0000] {processor.py:840} INFO - DAG(s) 'product_price_pipeline' retrieved from /opt/airflow/dags/product_pipeline_dag.py
[2026-02-07T10:28:42.258+0000] {logging_mixin.py:188} INFO - [2026-02-07T10:28:42.258+0000] {dag.py:3089} INFO - Sync 1 DAGs
[2026-02-07T10:28:42.305+0000] {logging_mixin.py:188} INFO - [2026-02-07T10:28:42.304+0000] {dag.py:3947} INFO - Setting next_dagrun for product_price_pipeline to 2026-02-06 21:00:00+00:00, run_after=2026-02-07 21:00:00+00:00
[2026-02-07T10:28:42.346+0000] {processor.py:183} INFO - Processing /opt/airflow/dags/product_pipeline_dag.py took 0.239 seconds
[2026-02-07T10:29:12.461+0000] {processor.py:161} INFO - Started process (PID=1597) to work on /opt/airflow/dags/product_pipeline_dag.py
[2026-02-07T10:29:12.464+0000] {processor.py:830} INFO - Processing file /opt/airflow/dags/product_pipeline_dag.py for tasks to queue
[2026-02-07T10:29:12.467+0000] {logging_mixin.py:188} INFO - [2026-02-07T10:29:12.467+0000] {dagbag.py:545} INFO - Filling up the DagBag from /opt/airflow/dags/product_pipeline_dag.py
[2026-02-07T10:29:12.521+0000] {processor.py:840} INFO - DAG(s) 'product_price_pipeline' retrieved from /opt/airflow/dags/product_pipeline_dag.py
[2026-02-07T10:29:12.582+0000] {logging_mixin.py:188} INFO - [2026-02-07T10:29:12.582+0000] {dag.py:3089} INFO - Sync 1 DAGs
[2026-02-07T10:29:12.615+0000] {logging_mixin.py:188} INFO - [2026-02-07T10:29:12.615+0000] {dag.py:3947} INFO - Setting next_dagrun for product_price_pipeline to 2026-02-06 21:00:00+00:00, run_after=2026-02-07 21:00:00+00:00
[2026-02-07T10:29:12.700+0000] {processor.py:183} INFO - Processing /opt/airflow/dags/product_pipeline_dag.py took 0.249 seconds
[2026-02-07T10:29:44.933+0000] {processor.py:161} INFO - Started process (PID=1602) to work on /opt/airflow/dags/product_pipeline_dag.py
[2026-02-07T10:29:44.936+0000] {processor.py:830} INFO - Processing file /opt/airflow/dags/product_pipeline_dag.py for tasks to queue
[2026-02-07T10:29:44.940+0000] {logging_mixin.py:188} INFO - [2026-02-07T10:29:44.939+0000] {dagbag.py:545} INFO - Filling up the DagBag from /opt/airflow/dags/product_pipeline_dag.py
[2026-02-07T10:29:44.987+0000] {processor.py:840} INFO - DAG(s) 'product_price_pipeline' retrieved from /opt/airflow/dags/product_pipeline_dag.py
[2026-02-07T10:29:45.020+0000] {logging_mixin.py:188} INFO - [2026-02-07T10:29:45.019+0000] {dag.py:3089} INFO - Sync 1 DAGs
[2026-02-07T10:29:45.039+0000] {logging_mixin.py:188} INFO - [2026-02-07T10:29:45.038+0000] {dag.py:3947} INFO - Setting next_dagrun for product_price_pipeline to 2026-02-06 21:00:00+00:00, run_after=2026-02-07 21:00:00+00:00
[2026-02-07T10:29:45.063+0000] {processor.py:183} INFO - Processing /opt/airflow/dags/product_pipeline_dag.py took 0.142 seconds
[2026-02-07T10:30:16.242+0000] {processor.py:161} INFO - Started process (PID=1607) to work on /opt/airflow/dags/product_pipeline_dag.py
[2026-02-07T10:30:16.244+0000] {processor.py:830} INFO - Processing file /opt/airflow/dags/product_pipeline_dag.py for tasks to queue
[2026-02-07T10:30:16.248+0000] {logging_mixin.py:188} INFO - [2026-02-07T10:30:16.247+0000] {dagbag.py:545} INFO - Filling up the DagBag from /opt/airflow/dags/product_pipeline_dag.py
[2026-02-07T10:30:16.311+0000] {processor.py:840} INFO - DAG(s) 'product_price_pipeline' retrieved from /opt/airflow/dags/product_pipeline_dag.py
[2026-02-07T10:30:16.359+0000] {logging_mixin.py:188} INFO - [2026-02-07T10:30:16.358+0000] {dag.py:3089} INFO - Sync 1 DAGs
[2026-02-07T10:30:16.380+0000] {logging_mixin.py:188} INFO - [2026-02-07T10:30:16.380+0000] {dag.py:3947} INFO - Setting next_dagrun for product_price_pipeline to 2026-02-06 21:00:00+00:00, run_after=2026-02-07 21:00:00+00:00
[2026-02-07T10:30:16.404+0000] {processor.py:183} INFO - Processing /opt/airflow/dags/product_pipeline_dag.py took 0.173 seconds
[2026-02-07T10:30:46.584+0000] {processor.py:161} INFO - Started process (PID=1612) to work on /opt/airflow/dags/product_pipeline_dag.py
[2026-02-07T10:30:46.588+0000] {processor.py:830} INFO - Processing file /opt/airflow/dags/product_pipeline_dag.py for tasks to queue
[2026-02-07T10:30:46.592+0000] {logging_mixin.py:188} INFO - [2026-02-07T10:30:46.592+0000] {dagbag.py:545} INFO - Filling up the DagBag from /opt/airflow/dags/product_pipeline_dag.py
[2026-02-07T10:30:47.793+0000] {processor.py:840} INFO - DAG(s) 'product_price_pipeline' retrieved from /opt/airflow/dags/product_pipeline_dag.py
[2026-02-07T10:30:47.849+0000] {logging_mixin.py:188} INFO - [2026-02-07T10:30:47.848+0000] {dag.py:3089} INFO - Sync 1 DAGs
[2026-02-07T10:30:47.886+0000] {logging_mixin.py:188} INFO - [2026-02-07T10:30:47.886+0000] {dag.py:3947} INFO - Setting next_dagrun for product_price_pipeline to 2026-02-06 21:00:00+00:00, run_after=2026-02-07 21:00:00+00:00
[2026-02-07T10:30:47.930+0000] {processor.py:183} INFO - Processing /opt/airflow/dags/product_pipeline_dag.py took 0.225 seconds
[2026-02-07T10:31:20.049+0000] {processor.py:161} INFO - Started process (PID=1617) to work on /opt/airflow/dags/product_pipeline_dag.py
[2026-02-07T10:31:20.052+0000] {processor.py:830} INFO - Processing file /opt/airflow/dags/product_pipeline_dag.py for tasks to queue
[2026-02-07T10:31:20.057+0000] {logging_mixin.py:188} INFO - [2026-02-07T10:31:20.056+0000] {dagbag.py:545} INFO - Filling up the DagBag from /opt/airflow/dags/product_pipeline_dag.py
[2026-02-07T10:31:20.114+0000] {processor.py:840} INFO - DAG(s) 'product_price_pipeline' retrieved from /opt/airflow/dags/product_pipeline_dag.py
[2026-02-07T10:31:20.164+0000] {logging_mixin.py:188} INFO - [2026-02-07T10:31:20.164+0000] {dag.py:3089} INFO - Sync 1 DAGs
[2026-02-07T10:31:20.191+0000] {logging_mixin.py:188} INFO - [2026-02-07T10:31:20.191+0000] {dag.py:3947} INFO - Setting next_dagrun for product_price_pipeline to 2026-02-06 21:00:00+00:00, run_after=2026-02-07 21:00:00+00:00
[2026-02-07T10:31:20.236+0000] {processor.py:183} INFO - Processing /opt/airflow/dags/product_pipeline_dag.py took 0.199 seconds
[2026-02-07T10:31:50.483+0000] {processor.py:161} INFO - Started process (PID=1622) to work on /opt/airflow/dags/product_pipeline_dag.py
[2026-02-07T10:31:50.484+0000] {processor.py:830} INFO - Processing file /opt/airflow/dags/product_pipeline_dag.py for tasks to queue
[2026-02-07T10:31:50.488+0000] {logging_mixin.py:188} INFO - [2026-02-07T10:31:50.487+0000] {dagbag.py:545} INFO - Filling up the DagBag from /opt/airflow/dags/product_pipeline_dag.py
[2026-02-07T10:31:51.703+0000] {processor.py:840} INFO - DAG(s) 'product_price_pipeline' retrieved from /opt/airflow/dags/product_pipeline_dag.py
[2026-02-07T10:31:51.741+0000] {logging_mixin.py:188} INFO - [2026-02-07T10:31:51.740+0000] {dag.py:3089} INFO - Sync 1 DAGs
[2026-02-07T10:31:51.761+0000] {logging_mixin.py:188} INFO - [2026-02-07T10:31:51.761+0000] {dag.py:3947} INFO - Setting next_dagrun for product_price_pipeline to 2026-02-06 21:00:00+00:00, run_after=2026-02-07 21:00:00+00:00
[2026-02-07T10:31:51.787+0000] {processor.py:183} INFO - Processing /opt/airflow/dags/product_pipeline_dag.py took 0.168 seconds
[2026-02-07T10:32:24.072+0000] {processor.py:161} INFO - Started process (PID=1627) to work on /opt/airflow/dags/product_pipeline_dag.py
[2026-02-07T10:32:24.077+0000] {processor.py:830} INFO - Processing file /opt/airflow/dags/product_pipeline_dag.py for tasks to queue
[2026-02-07T10:32:24.086+0000] {logging_mixin.py:188} INFO - [2026-02-07T10:32:24.085+0000] {dagbag.py:545} INFO - Filling up the DagBag from /opt/airflow/dags/product_pipeline_dag.py
[2026-02-07T10:32:24.144+0000] {processor.py:840} INFO - DAG(s) 'product_price_pipeline' retrieved from /opt/airflow/dags/product_pipeline_dag.py
[2026-02-07T10:32:24.193+0000] {logging_mixin.py:188} INFO - [2026-02-07T10:32:24.192+0000] {dag.py:3089} INFO - Sync 1 DAGs
[2026-02-07T10:32:24.223+0000] {logging_mixin.py:188} INFO - [2026-02-07T10:32:24.222+0000] {dag.py:3947} INFO - Setting next_dagrun for product_price_pipeline to 2026-02-06 21:00:00+00:00, run_after=2026-02-07 21:00:00+00:00
[2026-02-07T10:32:24.265+0000] {processor.py:183} INFO - Processing /opt/airflow/dags/product_pipeline_dag.py took 0.210 seconds
[2026-02-07T10:32:54.516+0000] {processor.py:161} INFO - Started process (PID=1632) to work on /opt/airflow/dags/product_pipeline_dag.py
[2026-02-07T10:32:54.539+0000] {processor.py:830} INFO - Processing file /opt/airflow/dags/product_pipeline_dag.py for tasks to queue
[2026-02-07T10:32:54.546+0000] {logging_mixin.py:188} INFO - [2026-02-07T10:32:54.545+0000] {dagbag.py:545} INFO - Filling up the DagBag from /opt/airflow/dags/product_pipeline_dag.py
[2026-02-07T10:32:54.648+0000] {processor.py:840} INFO - DAG(s) 'product_price_pipeline' retrieved from /opt/airflow/dags/product_pipeline_dag.py
[2026-02-07T10:32:55.790+0000] {logging_mixin.py:188} INFO - [2026-02-07T10:32:55.789+0000] {dag.py:3089} INFO - Sync 1 DAGs
[2026-02-07T10:32:55.836+0000] {logging_mixin.py:188} INFO - [2026-02-07T10:32:55.835+0000] {dag.py:3947} INFO - Setting next_dagrun for product_price_pipeline to 2026-02-06 21:00:00+00:00, run_after=2026-02-07 21:00:00+00:00
[2026-02-07T10:32:55.887+0000] {processor.py:183} INFO - Processing /opt/airflow/dags/product_pipeline_dag.py took 0.372 seconds
[2026-02-07T10:33:27.997+0000] {processor.py:161} INFO - Started process (PID=1637) to work on /opt/airflow/dags/product_pipeline_dag.py
[2026-02-07T10:33:27.999+0000] {processor.py:830} INFO - Processing file /opt/airflow/dags/product_pipeline_dag.py for tasks to queue
[2026-02-07T10:33:28.005+0000] {logging_mixin.py:188} INFO - [2026-02-07T10:33:28.004+0000] {dagbag.py:545} INFO - Filling up the DagBag from /opt/airflow/dags/product_pipeline_dag.py
[2026-02-07T10:33:28.053+0000] {processor.py:840} INFO - DAG(s) 'product_price_pipeline' retrieved from /opt/airflow/dags/product_pipeline_dag.py
[2026-02-07T10:33:28.088+0000] {logging_mixin.py:188} INFO - [2026-02-07T10:33:28.088+0000] {dag.py:3089} INFO - Sync 1 DAGs
[2026-02-07T10:33:28.109+0000] {logging_mixin.py:188} INFO - [2026-02-07T10:33:28.109+0000] {dag.py:3947} INFO - Setting next_dagrun for product_price_pipeline to 2026-02-06 21:00:00+00:00, run_after=2026-02-07 21:00:00+00:00
[2026-02-07T10:33:28.133+0000] {processor.py:183} INFO - Processing /opt/airflow/dags/product_pipeline_dag.py took 0.145 seconds
[2026-02-07T10:34:00.268+0000] {processor.py:161} INFO - Started process (PID=1642) to work on /opt/airflow/dags/product_pipeline_dag.py
[2026-02-07T10:34:00.271+0000] {processor.py:830} INFO - Processing file /opt/airflow/dags/product_pipeline_dag.py for tasks to queue
[2026-02-07T10:34:00.275+0000] {logging_mixin.py:188} INFO - [2026-02-07T10:34:00.274+0000] {dagbag.py:545} INFO - Filling up the DagBag from /opt/airflow/dags/product_pipeline_dag.py
[2026-02-07T10:34:00.332+0000] {processor.py:840} INFO - DAG(s) 'product_price_pipeline' retrieved from /opt/airflow/dags/product_pipeline_dag.py
[2026-02-07T10:34:00.381+0000] {logging_mixin.py:188} INFO - [2026-02-07T10:34:00.380+0000] {dag.py:3089} INFO - Sync 1 DAGs
[2026-02-07T10:34:00.406+0000] {logging_mixin.py:188} INFO - [2026-02-07T10:34:00.405+0000] {dag.py:3947} INFO - Setting next_dagrun for product_price_pipeline to 2026-02-06 21:00:00+00:00, run_after=2026-02-07 21:00:00+00:00
[2026-02-07T10:34:00.436+0000] {processor.py:183} INFO - Processing /opt/airflow/dags/product_pipeline_dag.py took 0.179 seconds
[2026-02-07T10:34:31.743+0000] {processor.py:161} INFO - Started process (PID=1647) to work on /opt/airflow/dags/product_pipeline_dag.py
[2026-02-07T10:34:31.745+0000] {processor.py:830} INFO - Processing file /opt/airflow/dags/product_pipeline_dag.py for tasks to queue
[2026-02-07T10:34:31.751+0000] {logging_mixin.py:188} INFO - [2026-02-07T10:34:31.751+0000] {dagbag.py:545} INFO - Filling up the DagBag from /opt/airflow/dags/product_pipeline_dag.py
[2026-02-07T10:34:31.811+0000] {processor.py:840} INFO - DAG(s) 'product_price_pipeline' retrieved from /opt/airflow/dags/product_pipeline_dag.py
[2026-02-07T10:34:31.859+0000] {logging_mixin.py:188} INFO - [2026-02-07T10:34:31.859+0000] {dag.py:3089} INFO - Sync 1 DAGs
[2026-02-07T10:34:31.884+0000] {logging_mixin.py:188} INFO - [2026-02-07T10:34:31.884+0000] {dag.py:3947} INFO - Setting next_dagrun for product_price_pipeline to 2026-02-06 21:00:00+00:00, run_after=2026-02-07 21:00:00+00:00
[2026-02-07T10:34:31.910+0000] {processor.py:183} INFO - Processing /opt/airflow/dags/product_pipeline_dag.py took 0.174 seconds
[2026-02-07T10:35:03.563+0000] {processor.py:161} INFO - Started process (PID=1652) to work on /opt/airflow/dags/product_pipeline_dag.py
[2026-02-07T10:35:03.569+0000] {processor.py:830} INFO - Processing file /opt/airflow/dags/product_pipeline_dag.py for tasks to queue
[2026-02-07T10:35:03.572+0000] {logging_mixin.py:188} INFO - [2026-02-07T10:35:03.572+0000] {dagbag.py:545} INFO - Filling up the DagBag from /opt/airflow/dags/product_pipeline_dag.py
[2026-02-07T10:35:03.630+0000] {processor.py:840} INFO - DAG(s) 'product_price_pipeline' retrieved from /opt/airflow/dags/product_pipeline_dag.py
[2026-02-07T10:35:03.686+0000] {logging_mixin.py:188} INFO - [2026-02-07T10:35:03.685+0000] {dag.py:3089} INFO - Sync 1 DAGs
[2026-02-07T10:35:03.710+0000] {logging_mixin.py:188} INFO - [2026-02-07T10:35:03.710+0000] {dag.py:3947} INFO - Setting next_dagrun for product_price_pipeline to 2026-02-06 21:00:00+00:00, run_after=2026-02-07 21:00:00+00:00
[2026-02-07T10:35:03.760+0000] {processor.py:183} INFO - Processing /opt/airflow/dags/product_pipeline_dag.py took 0.207 seconds
[2026-02-07T10:35:36.050+0000] {processor.py:161} INFO - Started process (PID=1657) to work on /opt/airflow/dags/product_pipeline_dag.py
[2026-02-07T10:35:36.056+0000] {processor.py:830} INFO - Processing file /opt/airflow/dags/product_pipeline_dag.py for tasks to queue
[2026-02-07T10:35:36.062+0000] {logging_mixin.py:188} INFO - [2026-02-07T10:35:36.061+0000] {dagbag.py:545} INFO - Filling up the DagBag from /opt/airflow/dags/product_pipeline_dag.py
[2026-02-07T10:35:36.116+0000] {processor.py:840} INFO - DAG(s) 'product_price_pipeline' retrieved from /opt/airflow/dags/product_pipeline_dag.py
[2026-02-07T10:35:36.180+0000] {logging_mixin.py:188} INFO - [2026-02-07T10:35:36.180+0000] {dag.py:3089} INFO - Sync 1 DAGs
[2026-02-07T10:35:36.225+0000] {logging_mixin.py:188} INFO - [2026-02-07T10:35:36.225+0000] {dag.py:3947} INFO - Setting next_dagrun for product_price_pipeline to 2026-02-06 21:00:00+00:00, run_after=2026-02-07 21:00:00+00:00
[2026-02-07T10:35:36.268+0000] {processor.py:183} INFO - Processing /opt/airflow/dags/product_pipeline_dag.py took 0.234 seconds
[2026-02-07T10:36:07.578+0000] {processor.py:161} INFO - Started process (PID=1662) to work on /opt/airflow/dags/product_pipeline_dag.py
[2026-02-07T10:36:07.580+0000] {processor.py:830} INFO - Processing file /opt/airflow/dags/product_pipeline_dag.py for tasks to queue
[2026-02-07T10:36:07.583+0000] {logging_mixin.py:188} INFO - [2026-02-07T10:36:07.583+0000] {dagbag.py:545} INFO - Filling up the DagBag from /opt/airflow/dags/product_pipeline_dag.py
[2026-02-07T10:36:07.633+0000] {processor.py:840} INFO - DAG(s) 'product_price_pipeline' retrieved from /opt/airflow/dags/product_pipeline_dag.py
[2026-02-07T10:36:07.676+0000] {logging_mixin.py:188} INFO - [2026-02-07T10:36:07.676+0000] {dag.py:3089} INFO - Sync 1 DAGs
[2026-02-07T10:36:07.704+0000] {logging_mixin.py:188} INFO - [2026-02-07T10:36:07.703+0000] {dag.py:3947} INFO - Setting next_dagrun for product_price_pipeline to 2026-02-06 21:00:00+00:00, run_after=2026-02-07 21:00:00+00:00
[2026-02-07T10:36:07.734+0000] {processor.py:183} INFO - Processing /opt/airflow/dags/product_pipeline_dag.py took 0.164 seconds
[2026-02-07T10:36:39.951+0000] {processor.py:161} INFO - Started process (PID=1667) to work on /opt/airflow/dags/product_pipeline_dag.py
[2026-02-07T10:36:39.953+0000] {processor.py:830} INFO - Processing file /opt/airflow/dags/product_pipeline_dag.py for tasks to queue
[2026-02-07T10:36:39.956+0000] {logging_mixin.py:188} INFO - [2026-02-07T10:36:39.955+0000] {dagbag.py:545} INFO - Filling up the DagBag from /opt/airflow/dags/product_pipeline_dag.py
[2026-02-07T10:36:40.023+0000] {processor.py:840} INFO - DAG(s) 'product_price_pipeline' retrieved from /opt/airflow/dags/product_pipeline_dag.py
[2026-02-07T10:36:40.058+0000] {logging_mixin.py:188} INFO - [2026-02-07T10:36:40.058+0000] {dag.py:3089} INFO - Sync 1 DAGs
[2026-02-07T10:36:40.079+0000] {logging_mixin.py:188} INFO - [2026-02-07T10:36:40.079+0000] {dag.py:3947} INFO - Setting next_dagrun for product_price_pipeline to 2026-02-06 21:00:00+00:00, run_after=2026-02-07 21:00:00+00:00
[2026-02-07T10:36:40.107+0000] {processor.py:183} INFO - Processing /opt/airflow/dags/product_pipeline_dag.py took 0.162 seconds
[2026-02-07T10:37:11.689+0000] {processor.py:161} INFO - Started process (PID=1672) to work on /opt/airflow/dags/product_pipeline_dag.py
[2026-02-07T10:37:11.696+0000] {processor.py:830} INFO - Processing file /opt/airflow/dags/product_pipeline_dag.py for tasks to queue
[2026-02-07T10:37:11.714+0000] {logging_mixin.py:188} INFO - [2026-02-07T10:37:11.711+0000] {dagbag.py:545} INFO - Filling up the DagBag from /opt/airflow/dags/product_pipeline_dag.py
[2026-02-07T10:37:11.836+0000] {processor.py:840} INFO - DAG(s) 'product_price_pipeline' retrieved from /opt/airflow/dags/product_pipeline_dag.py
[2026-02-07T10:37:12.002+0000] {logging_mixin.py:188} INFO - [2026-02-07T10:37:12.001+0000] {dag.py:3089} INFO - Sync 1 DAGs
[2026-02-07T10:37:12.104+0000] {logging_mixin.py:188} INFO - [2026-02-07T10:37:12.104+0000] {dag.py:3947} INFO - Setting next_dagrun for product_price_pipeline to 2026-02-06 21:00:00+00:00, run_after=2026-02-07 21:00:00+00:00
[2026-02-07T10:37:12.189+0000] {processor.py:183} INFO - Processing /opt/airflow/dags/product_pipeline_dag.py took 0.564 seconds
[2026-02-07T10:37:43.565+0000] {processor.py:161} INFO - Started process (PID=1677) to work on /opt/airflow/dags/product_pipeline_dag.py
[2026-02-07T10:37:43.567+0000] {processor.py:830} INFO - Processing file /opt/airflow/dags/product_pipeline_dag.py for tasks to queue
[2026-02-07T10:37:43.572+0000] {logging_mixin.py:188} INFO - [2026-02-07T10:37:43.571+0000] {dagbag.py:545} INFO - Filling up the DagBag from /opt/airflow/dags/product_pipeline_dag.py
[2026-02-07T10:37:43.631+0000] {processor.py:840} INFO - DAG(s) 'product_price_pipeline' retrieved from /opt/airflow/dags/product_pipeline_dag.py
[2026-02-07T10:37:43.705+0000] {logging_mixin.py:188} INFO - [2026-02-07T10:37:43.704+0000] {dag.py:3089} INFO - Sync 1 DAGs
[2026-02-07T10:37:43.745+0000] {logging_mixin.py:188} INFO - [2026-02-07T10:37:43.745+0000] {dag.py:3947} INFO - Setting next_dagrun for product_price_pipeline to 2026-02-06 21:00:00+00:00, run_after=2026-02-07 21:00:00+00:00
[2026-02-07T10:37:43.791+0000] {processor.py:183} INFO - Processing /opt/airflow/dags/product_pipeline_dag.py took 0.238 seconds
[2026-02-07T10:38:14.043+0000] {processor.py:161} INFO - Started process (PID=1682) to work on /opt/airflow/dags/product_pipeline_dag.py
[2026-02-07T10:38:14.046+0000] {processor.py:830} INFO - Processing file /opt/airflow/dags/product_pipeline_dag.py for tasks to queue
[2026-02-07T10:38:14.050+0000] {logging_mixin.py:188} INFO - [2026-02-07T10:38:14.050+0000] {dagbag.py:545} INFO - Filling up the DagBag from /opt/airflow/dags/product_pipeline_dag.py
[2026-02-07T10:38:15.223+0000] {processor.py:840} INFO - DAG(s) 'product_price_pipeline' retrieved from /opt/airflow/dags/product_pipeline_dag.py
[2026-02-07T10:38:15.299+0000] {logging_mixin.py:188} INFO - [2026-02-07T10:38:15.298+0000] {dag.py:3089} INFO - Sync 1 DAGs
[2026-02-07T10:38:15.339+0000] {logging_mixin.py:188} INFO - [2026-02-07T10:38:15.338+0000] {dag.py:3947} INFO - Setting next_dagrun for product_price_pipeline to 2026-02-06 21:00:00+00:00, run_after=2026-02-07 21:00:00+00:00
[2026-02-07T10:38:15.390+0000] {processor.py:183} INFO - Processing /opt/airflow/dags/product_pipeline_dag.py took 0.263 seconds
[2026-02-07T10:38:47.445+0000] {processor.py:161} INFO - Started process (PID=1687) to work on /opt/airflow/dags/product_pipeline_dag.py
[2026-02-07T10:38:47.448+0000] {processor.py:830} INFO - Processing file /opt/airflow/dags/product_pipeline_dag.py for tasks to queue
[2026-02-07T10:38:47.452+0000] {logging_mixin.py:188} INFO - [2026-02-07T10:38:47.452+0000] {dagbag.py:545} INFO - Filling up the DagBag from /opt/airflow/dags/product_pipeline_dag.py
[2026-02-07T10:38:47.534+0000] {processor.py:840} INFO - DAG(s) 'product_price_pipeline' retrieved from /opt/airflow/dags/product_pipeline_dag.py
[2026-02-07T10:38:47.595+0000] {logging_mixin.py:188} INFO - [2026-02-07T10:38:47.595+0000] {dag.py:3089} INFO - Sync 1 DAGs
[2026-02-07T10:38:47.639+0000] {logging_mixin.py:188} INFO - [2026-02-07T10:38:47.639+0000] {dag.py:3947} INFO - Setting next_dagrun for product_price_pipeline to 2026-02-06 21:00:00+00:00, run_after=2026-02-07 21:00:00+00:00
[2026-02-07T10:38:47.687+0000] {processor.py:183} INFO - Processing /opt/airflow/dags/product_pipeline_dag.py took 0.258 seconds
[2026-02-07T10:39:17.909+0000] {processor.py:161} INFO - Started process (PID=1692) to work on /opt/airflow/dags/product_pipeline_dag.py
[2026-02-07T10:39:17.912+0000] {processor.py:830} INFO - Processing file /opt/airflow/dags/product_pipeline_dag.py for tasks to queue
[2026-02-07T10:39:17.916+0000] {logging_mixin.py:188} INFO - [2026-02-07T10:39:17.915+0000] {dagbag.py:545} INFO - Filling up the DagBag from /opt/airflow/dags/product_pipeline_dag.py
[2026-02-07T10:39:17.970+0000] {processor.py:840} INFO - DAG(s) 'product_price_pipeline' retrieved from /opt/airflow/dags/product_pipeline_dag.py
[2026-02-07T10:39:18.028+0000] {logging_mixin.py:188} INFO - [2026-02-07T10:39:18.027+0000] {dag.py:3089} INFO - Sync 1 DAGs
[2026-02-07T10:39:18.065+0000] {logging_mixin.py:188} INFO - [2026-02-07T10:39:18.065+0000] {dag.py:3947} INFO - Setting next_dagrun for product_price_pipeline to 2026-02-06 21:00:00+00:00, run_after=2026-02-07 21:00:00+00:00
[2026-02-07T10:39:18.111+0000] {processor.py:183} INFO - Processing /opt/airflow/dags/product_pipeline_dag.py took 0.213 seconds
