[2026-02-14T05:36:15.928+0000] {processor.py:161} INFO - Started process (PID=3697) to work on /opt/airflow/dags/product_pipeline_dag.py
[2026-02-14T05:36:15.965+0000] {processor.py:830} INFO - Processing file /opt/airflow/dags/product_pipeline_dag.py for tasks to queue
[2026-02-14T05:36:16.099+0000] {logging_mixin.py:188} INFO - [2026-02-14T05:36:16.085+0000] {dagbag.py:545} INFO - Filling up the DagBag from /opt/airflow/dags/product_pipeline_dag.py
[2026-02-14T05:36:16.548+0000] {processor.py:840} INFO - DAG(s) 'product_price_pipeline' retrieved from /opt/airflow/dags/product_pipeline_dag.py
[2026-02-14T05:36:17.317+0000] {logging_mixin.py:188} INFO - [2026-02-14T05:36:17.316+0000] {dag.py:3089} INFO - Sync 1 DAGs
[2026-02-14T05:36:17.717+0000] {logging_mixin.py:188} INFO - [2026-02-14T05:36:17.713+0000] {dag.py:3947} INFO - Setting next_dagrun for product_price_pipeline to 2026-02-14 00:00:00+00:00, run_after=2026-02-15 00:00:00+00:00
[2026-02-14T05:36:17.921+0000] {processor.py:183} INFO - Processing /opt/airflow/dags/product_pipeline_dag.py took 2.551 seconds
[2026-02-14T05:38:13.466+0000] {processor.py:161} INFO - Started process (PID=3778) to work on /opt/airflow/dags/product_pipeline_dag.py
[2026-02-14T05:38:13.761+0000] {processor.py:830} INFO - Processing file /opt/airflow/dags/product_pipeline_dag.py for tasks to queue
[2026-02-14T05:38:14.577+0000] {logging_mixin.py:188} INFO - [2026-02-14T05:38:14.513+0000] {dagbag.py:545} INFO - Filling up the DagBag from /opt/airflow/dags/product_pipeline_dag.py
[2026-02-14T05:38:16.591+0000] {processor.py:840} INFO - DAG(s) 'product_price_pipeline' retrieved from /opt/airflow/dags/product_pipeline_dag.py
[2026-02-14T05:38:20.252+0000] {logging_mixin.py:188} INFO - [2026-02-14T05:38:20.209+0000] {dag.py:3089} INFO - Sync 1 DAGs
[2026-02-14T05:38:22.049+0000] {logging_mixin.py:188} INFO - [2026-02-14T05:38:22.045+0000] {dag.py:3947} INFO - Setting next_dagrun for product_price_pipeline to 2026-02-14 00:00:00+00:00, run_after=2026-02-15 00:00:00+00:00
[2026-02-14T05:38:22.501+0000] {processor.py:183} INFO - Processing /opt/airflow/dags/product_pipeline_dag.py took 12.723 seconds
[2026-02-14T05:40:01.861+0000] {processor.py:161} INFO - Started process (PID=3807) to work on /opt/airflow/dags/product_pipeline_dag.py
[2026-02-14T05:40:01.872+0000] {processor.py:830} INFO - Processing file /opt/airflow/dags/product_pipeline_dag.py for tasks to queue
[2026-02-14T05:40:01.966+0000] {logging_mixin.py:188} INFO - [2026-02-14T05:40:01.951+0000] {dagbag.py:545} INFO - Filling up the DagBag from /opt/airflow/dags/product_pipeline_dag.py
[2026-02-14T05:40:02.479+0000] {processor.py:840} INFO - DAG(s) 'product_price_pipeline' retrieved from /opt/airflow/dags/product_pipeline_dag.py
[2026-02-14T05:40:03.134+0000] {logging_mixin.py:188} INFO - [2026-02-14T05:40:03.131+0000] {dag.py:3089} INFO - Sync 1 DAGs
[2026-02-14T05:40:03.763+0000] {logging_mixin.py:188} INFO - [2026-02-14T05:40:03.760+0000] {dag.py:3947} INFO - Setting next_dagrun for product_price_pipeline to 2026-02-14 00:00:00+00:00, run_after=2026-02-15 00:00:00+00:00
[2026-02-14T05:40:04.118+0000] {processor.py:183} INFO - Processing /opt/airflow/dags/product_pipeline_dag.py took 2.441 seconds
[2026-02-14T05:41:07.160+0000] {processor.py:161} INFO - Started process (PID=3836) to work on /opt/airflow/dags/product_pipeline_dag.py
[2026-02-14T05:41:07.186+0000] {processor.py:830} INFO - Processing file /opt/airflow/dags/product_pipeline_dag.py for tasks to queue
[2026-02-14T05:41:07.253+0000] {logging_mixin.py:188} INFO - [2026-02-14T05:41:07.237+0000] {dagbag.py:545} INFO - Filling up the DagBag from /opt/airflow/dags/product_pipeline_dag.py
[2026-02-14T05:41:07.676+0000] {processor.py:840} INFO - DAG(s) 'product_price_pipeline' retrieved from /opt/airflow/dags/product_pipeline_dag.py
[2026-02-14T05:41:08.223+0000] {logging_mixin.py:188} INFO - [2026-02-14T05:41:08.219+0000] {dag.py:3089} INFO - Sync 1 DAGs
[2026-02-14T05:41:08.705+0000] {logging_mixin.py:188} INFO - [2026-02-14T05:41:08.704+0000] {dag.py:3947} INFO - Setting next_dagrun for product_price_pipeline to 2026-02-14 00:00:00+00:00, run_after=2026-02-15 00:00:00+00:00
[2026-02-14T05:41:08.984+0000] {processor.py:183} INFO - Processing /opt/airflow/dags/product_pipeline_dag.py took 2.076 seconds
[2026-02-14T05:42:02.538+0000] {processor.py:161} INFO - Started process (PID=3865) to work on /opt/airflow/dags/product_pipeline_dag.py
[2026-02-14T05:42:02.856+0000] {processor.py:830} INFO - Processing file /opt/airflow/dags/product_pipeline_dag.py for tasks to queue
[2026-02-14T05:42:03.062+0000] {logging_mixin.py:188} INFO - [2026-02-14T05:42:03.032+0000] {dagbag.py:545} INFO - Filling up the DagBag from /opt/airflow/dags/product_pipeline_dag.py
[2026-02-14T05:42:05.104+0000] {processor.py:840} INFO - DAG(s) 'product_price_pipeline' retrieved from /opt/airflow/dags/product_pipeline_dag.py
[2026-02-14T05:42:07.112+0000] {logging_mixin.py:188} INFO - [2026-02-14T05:42:07.107+0000] {dag.py:3089} INFO - Sync 1 DAGs
[2026-02-14T05:42:07.554+0000] {logging_mixin.py:188} INFO - [2026-02-14T05:42:07.552+0000] {dag.py:3947} INFO - Setting next_dagrun for product_price_pipeline to 2026-02-14 00:00:00+00:00, run_after=2026-02-15 00:00:00+00:00
[2026-02-14T05:42:07.881+0000] {processor.py:183} INFO - Processing /opt/airflow/dags/product_pipeline_dag.py took 6.539 seconds
[2026-02-14T05:42:38.331+0000] {processor.py:161} INFO - Started process (PID=3894) to work on /opt/airflow/dags/product_pipeline_dag.py
[2026-02-14T05:42:38.334+0000] {processor.py:830} INFO - Processing file /opt/airflow/dags/product_pipeline_dag.py for tasks to queue
[2026-02-14T05:42:38.338+0000] {logging_mixin.py:188} INFO - [2026-02-14T05:42:38.337+0000] {dagbag.py:545} INFO - Filling up the DagBag from /opt/airflow/dags/product_pipeline_dag.py
[2026-02-14T05:42:38.492+0000] {processor.py:840} INFO - DAG(s) 'product_price_pipeline' retrieved from /opt/airflow/dags/product_pipeline_dag.py
[2026-02-14T05:42:38.643+0000] {logging_mixin.py:188} INFO - [2026-02-14T05:42:38.639+0000] {dag.py:3089} INFO - Sync 1 DAGs
[2026-02-14T05:42:38.749+0000] {logging_mixin.py:188} INFO - [2026-02-14T05:42:38.749+0000] {dag.py:3947} INFO - Setting next_dagrun for product_price_pipeline to 2026-02-14 00:00:00+00:00, run_after=2026-02-15 00:00:00+00:00
[2026-02-14T05:42:38.828+0000] {processor.py:183} INFO - Processing /opt/airflow/dags/product_pipeline_dag.py took 0.525 seconds
[2026-02-14T05:43:09.574+0000] {processor.py:161} INFO - Started process (PID=3923) to work on /opt/airflow/dags/product_pipeline_dag.py
[2026-02-14T05:43:09.579+0000] {processor.py:830} INFO - Processing file /opt/airflow/dags/product_pipeline_dag.py for tasks to queue
[2026-02-14T05:43:09.586+0000] {logging_mixin.py:188} INFO - [2026-02-14T05:43:09.585+0000] {dagbag.py:545} INFO - Filling up the DagBag from /opt/airflow/dags/product_pipeline_dag.py
[2026-02-14T05:43:09.680+0000] {processor.py:840} INFO - DAG(s) 'product_price_pipeline' retrieved from /opt/airflow/dags/product_pipeline_dag.py
[2026-02-14T05:43:09.762+0000] {logging_mixin.py:188} INFO - [2026-02-14T05:43:09.762+0000] {dag.py:3089} INFO - Sync 1 DAGs
[2026-02-14T05:43:09.803+0000] {logging_mixin.py:188} INFO - [2026-02-14T05:43:09.802+0000] {dag.py:3947} INFO - Setting next_dagrun for product_price_pipeline to 2026-02-14 00:00:00+00:00, run_after=2026-02-15 00:00:00+00:00
[2026-02-14T05:43:09.851+0000] {processor.py:183} INFO - Processing /opt/airflow/dags/product_pipeline_dag.py took 0.295 seconds
[2026-02-14T05:43:40.855+0000] {processor.py:161} INFO - Started process (PID=3950) to work on /opt/airflow/dags/product_pipeline_dag.py
[2026-02-14T05:43:40.862+0000] {processor.py:830} INFO - Processing file /opt/airflow/dags/product_pipeline_dag.py for tasks to queue
[2026-02-14T05:43:40.872+0000] {logging_mixin.py:188} INFO - [2026-02-14T05:43:40.870+0000] {dagbag.py:545} INFO - Filling up the DagBag from /opt/airflow/dags/product_pipeline_dag.py
[2026-02-14T05:43:41.013+0000] {processor.py:840} INFO - DAG(s) 'product_price_pipeline' retrieved from /opt/airflow/dags/product_pipeline_dag.py
[2026-02-14T05:43:41.198+0000] {logging_mixin.py:188} INFO - [2026-02-14T05:43:41.197+0000] {dag.py:3089} INFO - Sync 1 DAGs
[2026-02-14T05:43:41.318+0000] {logging_mixin.py:188} INFO - [2026-02-14T05:43:41.317+0000] {dag.py:3947} INFO - Setting next_dagrun for product_price_pipeline to 2026-02-14 00:00:00+00:00, run_after=2026-02-15 00:00:00+00:00
[2026-02-14T05:43:41.416+0000] {processor.py:183} INFO - Processing /opt/airflow/dags/product_pipeline_dag.py took 0.590 seconds
[2026-02-14T05:44:29.761+0000] {processor.py:161} INFO - Started process (PID=3979) to work on /opt/airflow/dags/product_pipeline_dag.py
[2026-02-14T05:44:29.774+0000] {processor.py:830} INFO - Processing file /opt/airflow/dags/product_pipeline_dag.py for tasks to queue
[2026-02-14T05:44:29.790+0000] {logging_mixin.py:188} INFO - [2026-02-14T05:44:29.788+0000] {dagbag.py:545} INFO - Filling up the DagBag from /opt/airflow/dags/product_pipeline_dag.py
[2026-02-14T05:44:30.079+0000] {processor.py:840} INFO - DAG(s) 'product_price_pipeline' retrieved from /opt/airflow/dags/product_pipeline_dag.py
[2026-02-14T05:44:30.284+0000] {logging_mixin.py:188} INFO - [2026-02-14T05:44:30.282+0000] {dag.py:3089} INFO - Sync 1 DAGs
[2026-02-14T05:44:30.436+0000] {logging_mixin.py:188} INFO - [2026-02-14T05:44:30.435+0000] {dag.py:3947} INFO - Setting next_dagrun for product_price_pipeline to 2026-02-14 00:00:00+00:00, run_after=2026-02-15 00:00:00+00:00
[2026-02-14T05:44:30.512+0000] {processor.py:183} INFO - Processing /opt/airflow/dags/product_pipeline_dag.py took 0.784 seconds
[2026-02-14T05:45:07.281+0000] {processor.py:161} INFO - Started process (PID=4010) to work on /opt/airflow/dags/product_pipeline_dag.py
[2026-02-14T05:45:09.380+0000] {processor.py:830} INFO - Processing file /opt/airflow/dags/product_pipeline_dag.py for tasks to queue
[2026-02-14T05:45:09.392+0000] {logging_mixin.py:188} INFO - [2026-02-14T05:45:09.390+0000] {dagbag.py:545} INFO - Filling up the DagBag from /opt/airflow/dags/product_pipeline_dag.py
[2026-02-14T05:45:09.575+0000] {processor.py:840} INFO - DAG(s) 'product_price_pipeline' retrieved from /opt/airflow/dags/product_pipeline_dag.py
[2026-02-14T05:45:09.788+0000] {logging_mixin.py:188} INFO - [2026-02-14T05:45:09.787+0000] {dag.py:3089} INFO - Sync 1 DAGs
[2026-02-14T05:45:10.020+0000] {logging_mixin.py:188} INFO - [2026-02-14T05:45:10.019+0000] {dag.py:3947} INFO - Setting next_dagrun for product_price_pipeline to 2026-02-14 00:00:00+00:00, run_after=2026-02-15 00:00:00+00:00
[2026-02-14T05:45:10.126+0000] {processor.py:183} INFO - Processing /opt/airflow/dags/product_pipeline_dag.py took 0.794 seconds
[2026-02-14T05:45:43.068+0000] {processor.py:161} INFO - Started process (PID=4039) to work on /opt/airflow/dags/product_pipeline_dag.py
[2026-02-14T05:45:43.071+0000] {processor.py:830} INFO - Processing file /opt/airflow/dags/product_pipeline_dag.py for tasks to queue
[2026-02-14T05:45:43.077+0000] {logging_mixin.py:188} INFO - [2026-02-14T05:45:43.076+0000] {dagbag.py:545} INFO - Filling up the DagBag from /opt/airflow/dags/product_pipeline_dag.py
[2026-02-14T05:45:43.176+0000] {processor.py:840} INFO - DAG(s) 'product_price_pipeline' retrieved from /opt/airflow/dags/product_pipeline_dag.py
[2026-02-14T05:45:43.279+0000] {logging_mixin.py:188} INFO - [2026-02-14T05:45:43.278+0000] {dag.py:3089} INFO - Sync 1 DAGs
[2026-02-14T05:45:43.336+0000] {logging_mixin.py:188} INFO - [2026-02-14T05:45:43.335+0000] {dag.py:3947} INFO - Setting next_dagrun for product_price_pipeline to 2026-02-14 00:00:00+00:00, run_after=2026-02-15 00:00:00+00:00
[2026-02-14T05:45:43.388+0000] {processor.py:183} INFO - Processing /opt/airflow/dags/product_pipeline_dag.py took 0.337 seconds
[2026-02-14T05:46:38.913+0000] {processor.py:161} INFO - Started process (PID=4066) to work on /opt/airflow/dags/product_pipeline_dag.py
[2026-02-14T05:46:38.916+0000] {processor.py:830} INFO - Processing file /opt/airflow/dags/product_pipeline_dag.py for tasks to queue
[2026-02-14T05:46:38.920+0000] {logging_mixin.py:188} INFO - [2026-02-14T05:46:38.919+0000] {dagbag.py:545} INFO - Filling up the DagBag from /opt/airflow/dags/product_pipeline_dag.py
[2026-02-14T05:46:39.009+0000] {processor.py:840} INFO - DAG(s) 'product_price_pipeline' retrieved from /opt/airflow/dags/product_pipeline_dag.py
[2026-02-14T05:46:39.125+0000] {logging_mixin.py:188} INFO - [2026-02-14T05:46:39.125+0000] {dag.py:3089} INFO - Sync 1 DAGs
[2026-02-14T05:46:39.203+0000] {logging_mixin.py:188} INFO - [2026-02-14T05:46:39.202+0000] {dag.py:3947} INFO - Setting next_dagrun for product_price_pipeline to 2026-02-14 00:00:00+00:00, run_after=2026-02-15 00:00:00+00:00
[2026-02-14T05:46:39.264+0000] {processor.py:183} INFO - Processing /opt/airflow/dags/product_pipeline_dag.py took 0.365 seconds
[2026-02-14T05:47:11.846+0000] {processor.py:161} INFO - Started process (PID=4095) to work on /opt/airflow/dags/product_pipeline_dag.py
[2026-02-14T05:47:11.849+0000] {processor.py:830} INFO - Processing file /opt/airflow/dags/product_pipeline_dag.py for tasks to queue
[2026-02-14T05:47:11.854+0000] {logging_mixin.py:188} INFO - [2026-02-14T05:47:11.853+0000] {dagbag.py:545} INFO - Filling up the DagBag from /opt/airflow/dags/product_pipeline_dag.py
[2026-02-14T05:47:11.947+0000] {processor.py:840} INFO - DAG(s) 'product_price_pipeline' retrieved from /opt/airflow/dags/product_pipeline_dag.py
[2026-02-14T05:47:12.056+0000] {logging_mixin.py:188} INFO - [2026-02-14T05:47:12.056+0000] {dag.py:3089} INFO - Sync 1 DAGs
[2026-02-14T05:47:12.169+0000] {logging_mixin.py:188} INFO - [2026-02-14T05:47:12.168+0000] {dag.py:3947} INFO - Setting next_dagrun for product_price_pipeline to 2026-02-14 00:00:00+00:00, run_after=2026-02-15 00:00:00+00:00
[2026-02-14T05:47:12.241+0000] {processor.py:183} INFO - Processing /opt/airflow/dags/product_pipeline_dag.py took 0.406 seconds
[2026-02-14T05:47:43.377+0000] {processor.py:161} INFO - Started process (PID=4124) to work on /opt/airflow/dags/product_pipeline_dag.py
[2026-02-14T05:47:43.380+0000] {processor.py:830} INFO - Processing file /opt/airflow/dags/product_pipeline_dag.py for tasks to queue
[2026-02-14T05:47:43.385+0000] {logging_mixin.py:188} INFO - [2026-02-14T05:47:43.384+0000] {dagbag.py:545} INFO - Filling up the DagBag from /opt/airflow/dags/product_pipeline_dag.py
[2026-02-14T05:47:43.443+0000] {processor.py:840} INFO - DAG(s) 'product_price_pipeline' retrieved from /opt/airflow/dags/product_pipeline_dag.py
[2026-02-14T05:47:43.503+0000] {logging_mixin.py:188} INFO - [2026-02-14T05:47:43.503+0000] {dag.py:3089} INFO - Sync 1 DAGs
[2026-02-14T05:47:43.544+0000] {logging_mixin.py:188} INFO - [2026-02-14T05:47:43.544+0000] {dag.py:3947} INFO - Setting next_dagrun for product_price_pipeline to 2026-02-14 00:00:00+00:00, run_after=2026-02-15 00:00:00+00:00
[2026-02-14T05:47:43.585+0000] {processor.py:183} INFO - Processing /opt/airflow/dags/product_pipeline_dag.py took 0.220 seconds
[2026-02-14T05:48:28.456+0000] {processor.py:161} INFO - Started process (PID=4155) to work on /opt/airflow/dags/product_pipeline_dag.py
[2026-02-14T05:48:28.460+0000] {processor.py:830} INFO - Processing file /opt/airflow/dags/product_pipeline_dag.py for tasks to queue
[2026-02-14T05:48:28.470+0000] {logging_mixin.py:188} INFO - [2026-02-14T05:48:28.466+0000] {dagbag.py:545} INFO - Filling up the DagBag from /opt/airflow/dags/product_pipeline_dag.py
[2026-02-14T05:48:28.539+0000] {processor.py:840} INFO - DAG(s) 'product_price_pipeline' retrieved from /opt/airflow/dags/product_pipeline_dag.py
[2026-02-14T05:48:28.644+0000] {logging_mixin.py:188} INFO - [2026-02-14T05:48:28.644+0000] {dag.py:3089} INFO - Sync 1 DAGs
[2026-02-14T05:48:28.720+0000] {logging_mixin.py:188} INFO - [2026-02-14T05:48:28.720+0000] {dag.py:3947} INFO - Setting next_dagrun for product_price_pipeline to 2026-02-14 00:00:00+00:00, run_after=2026-02-15 00:00:00+00:00
[2026-02-14T05:48:28.782+0000] {processor.py:183} INFO - Processing /opt/airflow/dags/product_pipeline_dag.py took 0.345 seconds
[2026-02-14T05:49:02.861+0000] {processor.py:161} INFO - Started process (PID=4182) to work on /opt/airflow/dags/product_pipeline_dag.py
[2026-02-14T05:49:02.864+0000] {processor.py:830} INFO - Processing file /opt/airflow/dags/product_pipeline_dag.py for tasks to queue
[2026-02-14T05:49:02.876+0000] {logging_mixin.py:188} INFO - [2026-02-14T05:49:02.874+0000] {dagbag.py:545} INFO - Filling up the DagBag from /opt/airflow/dags/product_pipeline_dag.py
[2026-02-14T05:49:02.951+0000] {processor.py:840} INFO - DAG(s) 'product_price_pipeline' retrieved from /opt/airflow/dags/product_pipeline_dag.py
[2026-02-14T05:49:03.038+0000] {logging_mixin.py:188} INFO - [2026-02-14T05:49:03.038+0000] {dag.py:3089} INFO - Sync 1 DAGs
[2026-02-14T05:49:03.091+0000] {logging_mixin.py:188} INFO - [2026-02-14T05:49:03.090+0000] {dag.py:3947} INFO - Setting next_dagrun for product_price_pipeline to 2026-02-14 00:00:00+00:00, run_after=2026-02-15 00:00:00+00:00
[2026-02-14T05:49:03.146+0000] {processor.py:183} INFO - Processing /opt/airflow/dags/product_pipeline_dag.py took 0.302 seconds
[2026-02-14T05:49:35.669+0000] {processor.py:161} INFO - Started process (PID=4211) to work on /opt/airflow/dags/product_pipeline_dag.py
[2026-02-14T05:49:35.674+0000] {processor.py:830} INFO - Processing file /opt/airflow/dags/product_pipeline_dag.py for tasks to queue
[2026-02-14T05:49:35.678+0000] {logging_mixin.py:188} INFO - [2026-02-14T05:49:35.677+0000] {dagbag.py:545} INFO - Filling up the DagBag from /opt/airflow/dags/product_pipeline_dag.py
[2026-02-14T05:49:35.754+0000] {processor.py:840} INFO - DAG(s) 'product_price_pipeline' retrieved from /opt/airflow/dags/product_pipeline_dag.py
[2026-02-14T05:49:35.817+0000] {logging_mixin.py:188} INFO - [2026-02-14T05:49:35.816+0000] {dag.py:3089} INFO - Sync 1 DAGs
[2026-02-14T05:49:35.864+0000] {logging_mixin.py:188} INFO - [2026-02-14T05:49:35.863+0000] {dag.py:3947} INFO - Setting next_dagrun for product_price_pipeline to 2026-02-14 00:00:00+00:00, run_after=2026-02-15 00:00:00+00:00
[2026-02-14T05:49:35.929+0000] {processor.py:183} INFO - Processing /opt/airflow/dags/product_pipeline_dag.py took 0.271 seconds
[2026-02-14T05:50:09.762+0000] {processor.py:161} INFO - Started process (PID=4240) to work on /opt/airflow/dags/product_pipeline_dag.py
[2026-02-14T05:50:09.767+0000] {processor.py:830} INFO - Processing file /opt/airflow/dags/product_pipeline_dag.py for tasks to queue
[2026-02-14T05:50:09.775+0000] {logging_mixin.py:188} INFO - [2026-02-14T05:50:09.773+0000] {dagbag.py:545} INFO - Filling up the DagBag from /opt/airflow/dags/product_pipeline_dag.py
[2026-02-14T05:50:09.894+0000] {processor.py:840} INFO - DAG(s) 'product_price_pipeline' retrieved from /opt/airflow/dags/product_pipeline_dag.py
[2026-02-14T05:50:10.114+0000] {logging_mixin.py:188} INFO - [2026-02-14T05:50:10.113+0000] {dag.py:3089} INFO - Sync 1 DAGs
[2026-02-14T05:50:10.251+0000] {logging_mixin.py:188} INFO - [2026-02-14T05:50:10.249+0000] {dag.py:3947} INFO - Setting next_dagrun for product_price_pipeline to 2026-02-14 00:00:00+00:00, run_after=2026-02-15 00:00:00+00:00
[2026-02-14T05:50:10.320+0000] {processor.py:183} INFO - Processing /opt/airflow/dags/product_pipeline_dag.py took 0.578 seconds
[2026-02-14T05:50:42.450+0000] {processor.py:161} INFO - Started process (PID=4269) to work on /opt/airflow/dags/product_pipeline_dag.py
[2026-02-14T05:50:42.453+0000] {processor.py:830} INFO - Processing file /opt/airflow/dags/product_pipeline_dag.py for tasks to queue
[2026-02-14T05:50:42.458+0000] {logging_mixin.py:188} INFO - [2026-02-14T05:50:42.457+0000] {dagbag.py:545} INFO - Filling up the DagBag from /opt/airflow/dags/product_pipeline_dag.py
[2026-02-14T05:50:42.545+0000] {processor.py:840} INFO - DAG(s) 'product_price_pipeline' retrieved from /opt/airflow/dags/product_pipeline_dag.py
[2026-02-14T05:50:42.644+0000] {logging_mixin.py:188} INFO - [2026-02-14T05:50:42.644+0000] {dag.py:3089} INFO - Sync 1 DAGs
[2026-02-14T05:50:42.701+0000] {logging_mixin.py:188} INFO - [2026-02-14T05:50:42.700+0000] {dag.py:3947} INFO - Setting next_dagrun for product_price_pipeline to 2026-02-14 00:00:00+00:00, run_after=2026-02-15 00:00:00+00:00
[2026-02-14T05:50:42.751+0000] {processor.py:183} INFO - Processing /opt/airflow/dags/product_pipeline_dag.py took 0.312 seconds
[2026-02-14T05:51:14.075+0000] {processor.py:161} INFO - Started process (PID=4298) to work on /opt/airflow/dags/product_pipeline_dag.py
[2026-02-14T05:51:14.078+0000] {processor.py:830} INFO - Processing file /opt/airflow/dags/product_pipeline_dag.py for tasks to queue
[2026-02-14T05:51:14.084+0000] {logging_mixin.py:188} INFO - [2026-02-14T05:51:14.083+0000] {dagbag.py:545} INFO - Filling up the DagBag from /opt/airflow/dags/product_pipeline_dag.py
[2026-02-14T05:51:14.164+0000] {processor.py:840} INFO - DAG(s) 'product_price_pipeline' retrieved from /opt/airflow/dags/product_pipeline_dag.py
[2026-02-14T05:51:14.226+0000] {logging_mixin.py:188} INFO - [2026-02-14T05:51:14.226+0000] {dag.py:3089} INFO - Sync 1 DAGs
[2026-02-14T05:51:14.265+0000] {logging_mixin.py:188} INFO - [2026-02-14T05:51:14.264+0000] {dag.py:3947} INFO - Setting next_dagrun for product_price_pipeline to 2026-02-14 00:00:00+00:00, run_after=2026-02-15 00:00:00+00:00
[2026-02-14T05:51:14.304+0000] {processor.py:183} INFO - Processing /opt/airflow/dags/product_pipeline_dag.py took 0.245 seconds
[2026-02-14T05:51:47.227+0000] {processor.py:161} INFO - Started process (PID=4327) to work on /opt/airflow/dags/product_pipeline_dag.py
[2026-02-14T05:51:47.237+0000] {processor.py:830} INFO - Processing file /opt/airflow/dags/product_pipeline_dag.py for tasks to queue
[2026-02-14T05:51:47.244+0000] {logging_mixin.py:188} INFO - [2026-02-14T05:51:47.243+0000] {dagbag.py:545} INFO - Filling up the DagBag from /opt/airflow/dags/product_pipeline_dag.py
[2026-02-14T05:51:47.315+0000] {processor.py:840} INFO - DAG(s) 'product_price_pipeline' retrieved from /opt/airflow/dags/product_pipeline_dag.py
[2026-02-14T05:51:47.414+0000] {logging_mixin.py:188} INFO - [2026-02-14T05:51:47.413+0000] {dag.py:3089} INFO - Sync 1 DAGs
[2026-02-14T05:51:47.481+0000] {logging_mixin.py:188} INFO - [2026-02-14T05:51:47.480+0000] {dag.py:3947} INFO - Setting next_dagrun for product_price_pipeline to 2026-02-14 00:00:00+00:00, run_after=2026-02-15 00:00:00+00:00
[2026-02-14T05:51:47.523+0000] {processor.py:183} INFO - Processing /opt/airflow/dags/product_pipeline_dag.py took 0.370 seconds
[2026-02-14T05:52:26.638+0000] {processor.py:161} INFO - Started process (PID=4358) to work on /opt/airflow/dags/product_pipeline_dag.py
[2026-02-14T05:52:26.643+0000] {processor.py:830} INFO - Processing file /opt/airflow/dags/product_pipeline_dag.py for tasks to queue
[2026-02-14T05:52:26.664+0000] {logging_mixin.py:188} INFO - [2026-02-14T05:52:26.655+0000] {dagbag.py:545} INFO - Filling up the DagBag from /opt/airflow/dags/product_pipeline_dag.py
[2026-02-14T05:52:26.900+0000] {processor.py:840} INFO - DAG(s) 'product_price_pipeline' retrieved from /opt/airflow/dags/product_pipeline_dag.py
[2026-02-14T05:52:27.584+0000] {logging_mixin.py:188} INFO - [2026-02-14T05:52:27.583+0000] {dag.py:3089} INFO - Sync 1 DAGs
[2026-02-14T05:52:27.742+0000] {logging_mixin.py:188} INFO - [2026-02-14T05:52:27.741+0000] {dag.py:3947} INFO - Setting next_dagrun for product_price_pipeline to 2026-02-14 00:00:00+00:00, run_after=2026-02-15 00:00:00+00:00
[2026-02-14T05:52:27.864+0000] {processor.py:183} INFO - Processing /opt/airflow/dags/product_pipeline_dag.py took 1.300 seconds
[2026-02-14T05:53:02.293+0000] {processor.py:161} INFO - Started process (PID=4385) to work on /opt/airflow/dags/product_pipeline_dag.py
[2026-02-14T05:53:02.295+0000] {processor.py:830} INFO - Processing file /opt/airflow/dags/product_pipeline_dag.py for tasks to queue
[2026-02-14T05:53:02.299+0000] {logging_mixin.py:188} INFO - [2026-02-14T05:53:02.298+0000] {dagbag.py:545} INFO - Filling up the DagBag from /opt/airflow/dags/product_pipeline_dag.py
[2026-02-14T05:53:02.412+0000] {processor.py:840} INFO - DAG(s) 'product_price_pipeline' retrieved from /opt/airflow/dags/product_pipeline_dag.py
[2026-02-14T05:53:02.535+0000] {logging_mixin.py:188} INFO - [2026-02-14T05:53:02.534+0000] {dag.py:3089} INFO - Sync 1 DAGs
[2026-02-14T05:53:02.631+0000] {logging_mixin.py:188} INFO - [2026-02-14T05:53:02.630+0000] {dag.py:3947} INFO - Setting next_dagrun for product_price_pipeline to 2026-02-14 00:00:00+00:00, run_after=2026-02-15 00:00:00+00:00
[2026-02-14T05:53:02.700+0000] {processor.py:183} INFO - Processing /opt/airflow/dags/product_pipeline_dag.py took 0.425 seconds
[2026-02-14T05:53:34.146+0000] {processor.py:161} INFO - Started process (PID=4414) to work on /opt/airflow/dags/product_pipeline_dag.py
[2026-02-14T05:53:34.150+0000] {processor.py:830} INFO - Processing file /opt/airflow/dags/product_pipeline_dag.py for tasks to queue
[2026-02-14T05:53:34.156+0000] {logging_mixin.py:188} INFO - [2026-02-14T05:53:34.154+0000] {dagbag.py:545} INFO - Filling up the DagBag from /opt/airflow/dags/product_pipeline_dag.py
[2026-02-14T05:53:34.224+0000] {processor.py:840} INFO - DAG(s) 'product_price_pipeline' retrieved from /opt/airflow/dags/product_pipeline_dag.py
[2026-02-14T05:53:34.283+0000] {logging_mixin.py:188} INFO - [2026-02-14T05:53:34.283+0000] {dag.py:3089} INFO - Sync 1 DAGs
[2026-02-14T05:53:34.323+0000] {logging_mixin.py:188} INFO - [2026-02-14T05:53:34.322+0000] {dag.py:3947} INFO - Setting next_dagrun for product_price_pipeline to 2026-02-14 00:00:00+00:00, run_after=2026-02-15 00:00:00+00:00
[2026-02-14T05:53:34.367+0000] {processor.py:183} INFO - Processing /opt/airflow/dags/product_pipeline_dag.py took 0.235 seconds
[2026-02-14T05:54:06.255+0000] {processor.py:161} INFO - Started process (PID=4445) to work on /opt/airflow/dags/product_pipeline_dag.py
[2026-02-14T05:54:06.258+0000] {processor.py:830} INFO - Processing file /opt/airflow/dags/product_pipeline_dag.py for tasks to queue
[2026-02-14T05:54:06.264+0000] {logging_mixin.py:188} INFO - [2026-02-14T05:54:06.263+0000] {dagbag.py:545} INFO - Filling up the DagBag from /opt/airflow/dags/product_pipeline_dag.py
[2026-02-14T05:54:06.327+0000] {processor.py:840} INFO - DAG(s) 'product_price_pipeline' retrieved from /opt/airflow/dags/product_pipeline_dag.py
[2026-02-14T05:54:06.408+0000] {logging_mixin.py:188} INFO - [2026-02-14T05:54:06.406+0000] {dag.py:3089} INFO - Sync 1 DAGs
[2026-02-14T05:54:06.447+0000] {logging_mixin.py:188} INFO - [2026-02-14T05:54:06.447+0000] {dag.py:3947} INFO - Setting next_dagrun for product_price_pipeline to 2026-02-14 00:00:00+00:00, run_after=2026-02-15 00:00:00+00:00
[2026-02-14T05:54:06.480+0000] {processor.py:183} INFO - Processing /opt/airflow/dags/product_pipeline_dag.py took 0.236 seconds
[2026-02-14T05:54:39.087+0000] {processor.py:161} INFO - Started process (PID=4472) to work on /opt/airflow/dags/product_pipeline_dag.py
[2026-02-14T05:54:39.091+0000] {processor.py:830} INFO - Processing file /opt/airflow/dags/product_pipeline_dag.py for tasks to queue
[2026-02-14T05:54:39.102+0000] {logging_mixin.py:188} INFO - [2026-02-14T05:54:39.096+0000] {dagbag.py:545} INFO - Filling up the DagBag from /opt/airflow/dags/product_pipeline_dag.py
[2026-02-14T05:54:39.218+0000] {processor.py:840} INFO - DAG(s) 'product_price_pipeline' retrieved from /opt/airflow/dags/product_pipeline_dag.py
[2026-02-14T05:54:39.364+0000] {logging_mixin.py:188} INFO - [2026-02-14T05:54:39.363+0000] {dag.py:3089} INFO - Sync 1 DAGs
[2026-02-14T05:54:39.432+0000] {logging_mixin.py:188} INFO - [2026-02-14T05:54:39.432+0000] {dag.py:3947} INFO - Setting next_dagrun for product_price_pipeline to 2026-02-14 00:00:00+00:00, run_after=2026-02-15 00:00:00+00:00
[2026-02-14T05:54:39.494+0000] {processor.py:183} INFO - Processing /opt/airflow/dags/product_pipeline_dag.py took 0.435 seconds
[2026-02-14T05:55:10.681+0000] {processor.py:161} INFO - Started process (PID=4501) to work on /opt/airflow/dags/product_pipeline_dag.py
[2026-02-14T05:55:10.683+0000] {processor.py:830} INFO - Processing file /opt/airflow/dags/product_pipeline_dag.py for tasks to queue
[2026-02-14T05:55:10.686+0000] {logging_mixin.py:188} INFO - [2026-02-14T05:55:10.686+0000] {dagbag.py:545} INFO - Filling up the DagBag from /opt/airflow/dags/product_pipeline_dag.py
[2026-02-14T05:55:10.752+0000] {processor.py:840} INFO - DAG(s) 'product_price_pipeline' retrieved from /opt/airflow/dags/product_pipeline_dag.py
[2026-02-14T05:55:10.826+0000] {logging_mixin.py:188} INFO - [2026-02-14T05:55:10.825+0000] {dag.py:3089} INFO - Sync 1 DAGs
[2026-02-14T05:55:10.869+0000] {logging_mixin.py:188} INFO - [2026-02-14T05:55:10.869+0000] {dag.py:3947} INFO - Setting next_dagrun for product_price_pipeline to 2026-02-14 00:00:00+00:00, run_after=2026-02-15 00:00:00+00:00
[2026-02-14T05:55:10.919+0000] {processor.py:183} INFO - Processing /opt/airflow/dags/product_pipeline_dag.py took 0.250 seconds
[2026-02-14T05:55:44.582+0000] {processor.py:161} INFO - Started process (PID=4530) to work on /opt/airflow/dags/product_pipeline_dag.py
[2026-02-14T05:55:44.597+0000] {processor.py:830} INFO - Processing file /opt/airflow/dags/product_pipeline_dag.py for tasks to queue
[2026-02-14T05:55:44.613+0000] {logging_mixin.py:188} INFO - [2026-02-14T05:55:44.611+0000] {dagbag.py:545} INFO - Filling up the DagBag from /opt/airflow/dags/product_pipeline_dag.py
[2026-02-14T05:55:44.859+0000] {processor.py:840} INFO - DAG(s) 'product_price_pipeline' retrieved from /opt/airflow/dags/product_pipeline_dag.py
[2026-02-14T05:55:45.171+0000] {logging_mixin.py:188} INFO - [2026-02-14T05:55:45.171+0000] {dag.py:3089} INFO - Sync 1 DAGs
[2026-02-14T05:55:45.325+0000] {logging_mixin.py:188} INFO - [2026-02-14T05:55:45.324+0000] {dag.py:3947} INFO - Setting next_dagrun for product_price_pipeline to 2026-02-14 00:00:00+00:00, run_after=2026-02-15 00:00:00+00:00
[2026-02-14T05:55:45.421+0000] {processor.py:183} INFO - Processing /opt/airflow/dags/product_pipeline_dag.py took 0.883 seconds
[2026-02-14T05:56:17.730+0000] {processor.py:161} INFO - Started process (PID=4559) to work on /opt/airflow/dags/product_pipeline_dag.py
[2026-02-14T05:56:17.734+0000] {processor.py:830} INFO - Processing file /opt/airflow/dags/product_pipeline_dag.py for tasks to queue
[2026-02-14T05:56:17.746+0000] {logging_mixin.py:188} INFO - [2026-02-14T05:56:17.745+0000] {dagbag.py:545} INFO - Filling up the DagBag from /opt/airflow/dags/product_pipeline_dag.py
[2026-02-14T05:56:17.823+0000] {processor.py:840} INFO - DAG(s) 'product_price_pipeline' retrieved from /opt/airflow/dags/product_pipeline_dag.py
[2026-02-14T05:56:17.900+0000] {logging_mixin.py:188} INFO - [2026-02-14T05:56:17.900+0000] {dag.py:3089} INFO - Sync 1 DAGs
[2026-02-14T05:56:17.952+0000] {logging_mixin.py:188} INFO - [2026-02-14T05:56:17.951+0000] {dag.py:3947} INFO - Setting next_dagrun for product_price_pipeline to 2026-02-14 00:00:00+00:00, run_after=2026-02-15 00:00:00+00:00
[2026-02-14T05:56:18.015+0000] {processor.py:183} INFO - Processing /opt/airflow/dags/product_pipeline_dag.py took 0.317 seconds
[2026-02-14T05:56:49.587+0000] {processor.py:161} INFO - Started process (PID=4588) to work on /opt/airflow/dags/product_pipeline_dag.py
[2026-02-14T05:56:49.590+0000] {processor.py:830} INFO - Processing file /opt/airflow/dags/product_pipeline_dag.py for tasks to queue
[2026-02-14T05:56:49.597+0000] {logging_mixin.py:188} INFO - [2026-02-14T05:56:49.597+0000] {dagbag.py:545} INFO - Filling up the DagBag from /opt/airflow/dags/product_pipeline_dag.py
[2026-02-14T05:56:49.666+0000] {processor.py:840} INFO - DAG(s) 'product_price_pipeline' retrieved from /opt/airflow/dags/product_pipeline_dag.py
[2026-02-14T05:56:49.764+0000] {logging_mixin.py:188} INFO - [2026-02-14T05:56:49.763+0000] {dag.py:3089} INFO - Sync 1 DAGs
[2026-02-14T05:56:49.814+0000] {logging_mixin.py:188} INFO - [2026-02-14T05:56:49.813+0000] {dag.py:3947} INFO - Setting next_dagrun for product_price_pipeline to 2026-02-14 00:00:00+00:00, run_after=2026-02-15 00:00:00+00:00
[2026-02-14T05:56:49.844+0000] {processor.py:183} INFO - Processing /opt/airflow/dags/product_pipeline_dag.py took 0.267 seconds
[2026-02-14T05:57:21.589+0000] {processor.py:161} INFO - Started process (PID=4617) to work on /opt/airflow/dags/product_pipeline_dag.py
[2026-02-14T05:57:21.591+0000] {processor.py:830} INFO - Processing file /opt/airflow/dags/product_pipeline_dag.py for tasks to queue
[2026-02-14T05:57:21.598+0000] {logging_mixin.py:188} INFO - [2026-02-14T05:57:21.598+0000] {dagbag.py:545} INFO - Filling up the DagBag from /opt/airflow/dags/product_pipeline_dag.py
[2026-02-14T05:57:21.665+0000] {processor.py:840} INFO - DAG(s) 'product_price_pipeline' retrieved from /opt/airflow/dags/product_pipeline_dag.py
[2026-02-14T05:57:21.730+0000] {logging_mixin.py:188} INFO - [2026-02-14T05:57:21.729+0000] {dag.py:3089} INFO - Sync 1 DAGs
[2026-02-14T05:57:21.768+0000] {logging_mixin.py:188} INFO - [2026-02-14T05:57:21.768+0000] {dag.py:3947} INFO - Setting next_dagrun for product_price_pipeline to 2026-02-14 00:00:00+00:00, run_after=2026-02-15 00:00:00+00:00
[2026-02-14T05:57:21.806+0000] {processor.py:183} INFO - Processing /opt/airflow/dags/product_pipeline_dag.py took 0.226 seconds
[2026-02-14T05:57:53.068+0000] {processor.py:161} INFO - Started process (PID=4646) to work on /opt/airflow/dags/product_pipeline_dag.py
[2026-02-14T05:57:53.071+0000] {processor.py:830} INFO - Processing file /opt/airflow/dags/product_pipeline_dag.py for tasks to queue
[2026-02-14T05:57:53.077+0000] {logging_mixin.py:188} INFO - [2026-02-14T05:57:53.076+0000] {dagbag.py:545} INFO - Filling up the DagBag from /opt/airflow/dags/product_pipeline_dag.py
[2026-02-14T05:57:53.137+0000] {processor.py:840} INFO - DAG(s) 'product_price_pipeline' retrieved from /opt/airflow/dags/product_pipeline_dag.py
[2026-02-14T05:57:53.202+0000] {logging_mixin.py:188} INFO - [2026-02-14T05:57:53.202+0000] {dag.py:3089} INFO - Sync 1 DAGs
[2026-02-14T05:57:53.238+0000] {logging_mixin.py:188} INFO - [2026-02-14T05:57:53.237+0000] {dag.py:3947} INFO - Setting next_dagrun for product_price_pipeline to 2026-02-14 00:00:00+00:00, run_after=2026-02-15 00:00:00+00:00
[2026-02-14T05:57:53.284+0000] {processor.py:183} INFO - Processing /opt/airflow/dags/product_pipeline_dag.py took 0.239 seconds
[2026-02-14T05:58:25.357+0000] {processor.py:161} INFO - Started process (PID=4675) to work on /opt/airflow/dags/product_pipeline_dag.py
[2026-02-14T05:58:25.359+0000] {processor.py:830} INFO - Processing file /opt/airflow/dags/product_pipeline_dag.py for tasks to queue
[2026-02-14T05:58:25.365+0000] {logging_mixin.py:188} INFO - [2026-02-14T05:58:25.363+0000] {dagbag.py:545} INFO - Filling up the DagBag from /opt/airflow/dags/product_pipeline_dag.py
[2026-02-14T05:58:25.415+0000] {processor.py:840} INFO - DAG(s) 'product_price_pipeline' retrieved from /opt/airflow/dags/product_pipeline_dag.py
[2026-02-14T05:58:25.478+0000] {logging_mixin.py:188} INFO - [2026-02-14T05:58:25.478+0000] {dag.py:3089} INFO - Sync 1 DAGs
[2026-02-14T05:58:25.522+0000] {logging_mixin.py:188} INFO - [2026-02-14T05:58:25.522+0000] {dag.py:3947} INFO - Setting next_dagrun for product_price_pipeline to 2026-02-14 00:00:00+00:00, run_after=2026-02-15 00:00:00+00:00
[2026-02-14T05:58:25.565+0000] {processor.py:183} INFO - Processing /opt/airflow/dags/product_pipeline_dag.py took 0.216 seconds
[2026-02-14T05:58:58.077+0000] {processor.py:161} INFO - Started process (PID=4704) to work on /opt/airflow/dags/product_pipeline_dag.py
[2026-02-14T05:58:58.080+0000] {processor.py:830} INFO - Processing file /opt/airflow/dags/product_pipeline_dag.py for tasks to queue
[2026-02-14T05:58:58.085+0000] {logging_mixin.py:188} INFO - [2026-02-14T05:58:58.084+0000] {dagbag.py:545} INFO - Filling up the DagBag from /opt/airflow/dags/product_pipeline_dag.py
[2026-02-14T05:58:58.148+0000] {processor.py:840} INFO - DAG(s) 'product_price_pipeline' retrieved from /opt/airflow/dags/product_pipeline_dag.py
[2026-02-14T05:58:58.212+0000] {logging_mixin.py:188} INFO - [2026-02-14T05:58:58.212+0000] {dag.py:3089} INFO - Sync 1 DAGs
[2026-02-14T05:58:58.245+0000] {logging_mixin.py:188} INFO - [2026-02-14T05:58:58.245+0000] {dag.py:3947} INFO - Setting next_dagrun for product_price_pipeline to 2026-02-14 00:00:00+00:00, run_after=2026-02-15 00:00:00+00:00
[2026-02-14T05:58:58.288+0000] {processor.py:183} INFO - Processing /opt/airflow/dags/product_pipeline_dag.py took 0.222 seconds
[2026-02-14T05:59:30.555+0000] {processor.py:161} INFO - Started process (PID=4733) to work on /opt/airflow/dags/product_pipeline_dag.py
[2026-02-14T05:59:30.559+0000] {processor.py:830} INFO - Processing file /opt/airflow/dags/product_pipeline_dag.py for tasks to queue
[2026-02-14T05:59:30.569+0000] {logging_mixin.py:188} INFO - [2026-02-14T05:59:30.568+0000] {dagbag.py:545} INFO - Filling up the DagBag from /opt/airflow/dags/product_pipeline_dag.py
[2026-02-14T05:59:30.639+0000] {processor.py:840} INFO - DAG(s) 'product_price_pipeline' retrieved from /opt/airflow/dags/product_pipeline_dag.py
[2026-02-14T05:59:30.711+0000] {logging_mixin.py:188} INFO - [2026-02-14T05:59:30.710+0000] {dag.py:3089} INFO - Sync 1 DAGs
[2026-02-14T05:59:30.769+0000] {logging_mixin.py:188} INFO - [2026-02-14T05:59:30.769+0000] {dag.py:3947} INFO - Setting next_dagrun for product_price_pipeline to 2026-02-14 00:00:00+00:00, run_after=2026-02-15 00:00:00+00:00
[2026-02-14T05:59:30.814+0000] {processor.py:183} INFO - Processing /opt/airflow/dags/product_pipeline_dag.py took 0.275 seconds
[2026-02-14T06:00:02.138+0000] {processor.py:161} INFO - Started process (PID=4762) to work on /opt/airflow/dags/product_pipeline_dag.py
[2026-02-14T06:00:02.141+0000] {processor.py:830} INFO - Processing file /opt/airflow/dags/product_pipeline_dag.py for tasks to queue
[2026-02-14T06:00:02.147+0000] {logging_mixin.py:188} INFO - [2026-02-14T06:00:02.146+0000] {dagbag.py:545} INFO - Filling up the DagBag from /opt/airflow/dags/product_pipeline_dag.py
[2026-02-14T06:00:02.208+0000] {processor.py:840} INFO - DAG(s) 'product_price_pipeline' retrieved from /opt/airflow/dags/product_pipeline_dag.py
[2026-02-14T06:00:02.285+0000] {logging_mixin.py:188} INFO - [2026-02-14T06:00:02.285+0000] {dag.py:3089} INFO - Sync 1 DAGs
[2026-02-14T06:00:02.330+0000] {logging_mixin.py:188} INFO - [2026-02-14T06:00:02.329+0000] {dag.py:3947} INFO - Setting next_dagrun for product_price_pipeline to 2026-02-14 00:00:00+00:00, run_after=2026-02-15 00:00:00+00:00
[2026-02-14T06:00:02.382+0000] {processor.py:183} INFO - Processing /opt/airflow/dags/product_pipeline_dag.py took 0.255 seconds
[2026-02-14T06:00:34.595+0000] {processor.py:161} INFO - Started process (PID=4791) to work on /opt/airflow/dags/product_pipeline_dag.py
[2026-02-14T06:00:34.599+0000] {processor.py:830} INFO - Processing file /opt/airflow/dags/product_pipeline_dag.py for tasks to queue
[2026-02-14T06:00:34.608+0000] {logging_mixin.py:188} INFO - [2026-02-14T06:00:34.606+0000] {dagbag.py:545} INFO - Filling up the DagBag from /opt/airflow/dags/product_pipeline_dag.py
[2026-02-14T06:00:34.672+0000] {processor.py:840} INFO - DAG(s) 'product_price_pipeline' retrieved from /opt/airflow/dags/product_pipeline_dag.py
[2026-02-14T06:00:34.747+0000] {logging_mixin.py:188} INFO - [2026-02-14T06:00:34.746+0000] {dag.py:3089} INFO - Sync 1 DAGs
[2026-02-14T06:00:34.806+0000] {logging_mixin.py:188} INFO - [2026-02-14T06:00:34.806+0000] {dag.py:3947} INFO - Setting next_dagrun for product_price_pipeline to 2026-02-14 00:00:00+00:00, run_after=2026-02-15 00:00:00+00:00
[2026-02-14T06:00:34.860+0000] {processor.py:183} INFO - Processing /opt/airflow/dags/product_pipeline_dag.py took 0.278 seconds
[2026-02-14T06:01:06.508+0000] {processor.py:161} INFO - Started process (PID=4820) to work on /opt/airflow/dags/product_pipeline_dag.py
[2026-02-14T06:01:06.511+0000] {processor.py:830} INFO - Processing file /opt/airflow/dags/product_pipeline_dag.py for tasks to queue
[2026-02-14T06:01:06.516+0000] {logging_mixin.py:188} INFO - [2026-02-14T06:01:06.515+0000] {dagbag.py:545} INFO - Filling up the DagBag from /opt/airflow/dags/product_pipeline_dag.py
[2026-02-14T06:01:06.579+0000] {processor.py:840} INFO - DAG(s) 'product_price_pipeline' retrieved from /opt/airflow/dags/product_pipeline_dag.py
[2026-02-14T06:01:06.646+0000] {logging_mixin.py:188} INFO - [2026-02-14T06:01:06.645+0000] {dag.py:3089} INFO - Sync 1 DAGs
[2026-02-14T06:01:06.695+0000] {logging_mixin.py:188} INFO - [2026-02-14T06:01:06.695+0000] {dag.py:3947} INFO - Setting next_dagrun for product_price_pipeline to 2026-02-14 00:00:00+00:00, run_after=2026-02-15 00:00:00+00:00
[2026-02-14T06:01:06.735+0000] {processor.py:183} INFO - Processing /opt/airflow/dags/product_pipeline_dag.py took 0.238 seconds
[2026-02-14T06:01:42.124+0000] {processor.py:161} INFO - Started process (PID=4849) to work on /opt/airflow/dags/product_pipeline_dag.py
[2026-02-14T06:01:42.126+0000] {processor.py:830} INFO - Processing file /opt/airflow/dags/product_pipeline_dag.py for tasks to queue
[2026-02-14T06:01:42.136+0000] {logging_mixin.py:188} INFO - [2026-02-14T06:01:42.134+0000] {dagbag.py:545} INFO - Filling up the DagBag from /opt/airflow/dags/product_pipeline_dag.py
[2026-02-14T06:01:42.251+0000] {processor.py:840} INFO - DAG(s) 'product_price_pipeline' retrieved from /opt/airflow/dags/product_pipeline_dag.py
[2026-02-14T06:01:42.323+0000] {logging_mixin.py:188} INFO - [2026-02-14T06:01:42.322+0000] {dag.py:3089} INFO - Sync 1 DAGs
[2026-02-14T06:01:42.368+0000] {logging_mixin.py:188} INFO - [2026-02-14T06:01:42.368+0000] {dag.py:3947} INFO - Setting next_dagrun for product_price_pipeline to 2026-02-14 00:00:00+00:00, run_after=2026-02-15 00:00:00+00:00
[2026-02-14T06:01:42.425+0000] {processor.py:183} INFO - Processing /opt/airflow/dags/product_pipeline_dag.py took 0.312 seconds
[2026-02-14T06:02:14.083+0000] {processor.py:161} INFO - Started process (PID=4878) to work on /opt/airflow/dags/product_pipeline_dag.py
[2026-02-14T06:02:14.085+0000] {processor.py:830} INFO - Processing file /opt/airflow/dags/product_pipeline_dag.py for tasks to queue
[2026-02-14T06:02:14.092+0000] {logging_mixin.py:188} INFO - [2026-02-14T06:02:14.091+0000] {dagbag.py:545} INFO - Filling up the DagBag from /opt/airflow/dags/product_pipeline_dag.py
[2026-02-14T06:02:14.151+0000] {processor.py:840} INFO - DAG(s) 'product_price_pipeline' retrieved from /opt/airflow/dags/product_pipeline_dag.py
[2026-02-14T06:02:14.215+0000] {logging_mixin.py:188} INFO - [2026-02-14T06:02:14.214+0000] {dag.py:3089} INFO - Sync 1 DAGs
[2026-02-14T06:02:14.253+0000] {logging_mixin.py:188} INFO - [2026-02-14T06:02:14.252+0000] {dag.py:3947} INFO - Setting next_dagrun for product_price_pipeline to 2026-02-14 00:00:00+00:00, run_after=2026-02-15 00:00:00+00:00
[2026-02-14T06:02:14.291+0000] {processor.py:183} INFO - Processing /opt/airflow/dags/product_pipeline_dag.py took 0.218 seconds
[2026-02-14T06:02:46.506+0000] {processor.py:161} INFO - Started process (PID=4907) to work on /opt/airflow/dags/product_pipeline_dag.py
[2026-02-14T06:02:46.510+0000] {processor.py:830} INFO - Processing file /opt/airflow/dags/product_pipeline_dag.py for tasks to queue
[2026-02-14T06:02:46.515+0000] {logging_mixin.py:188} INFO - [2026-02-14T06:02:46.514+0000] {dagbag.py:545} INFO - Filling up the DagBag from /opt/airflow/dags/product_pipeline_dag.py
[2026-02-14T06:02:46.580+0000] {processor.py:840} INFO - DAG(s) 'product_price_pipeline' retrieved from /opt/airflow/dags/product_pipeline_dag.py
[2026-02-14T06:02:46.649+0000] {logging_mixin.py:188} INFO - [2026-02-14T06:02:46.648+0000] {dag.py:3089} INFO - Sync 1 DAGs
[2026-02-14T06:02:46.699+0000] {logging_mixin.py:188} INFO - [2026-02-14T06:02:46.699+0000] {dag.py:3947} INFO - Setting next_dagrun for product_price_pipeline to 2026-02-14 00:00:00+00:00, run_after=2026-02-15 00:00:00+00:00
[2026-02-14T06:02:46.756+0000] {processor.py:183} INFO - Processing /opt/airflow/dags/product_pipeline_dag.py took 0.264 seconds
[2026-02-14T06:03:18.796+0000] {processor.py:161} INFO - Started process (PID=4936) to work on /opt/airflow/dags/product_pipeline_dag.py
[2026-02-14T06:03:18.798+0000] {processor.py:830} INFO - Processing file /opt/airflow/dags/product_pipeline_dag.py for tasks to queue
[2026-02-14T06:03:18.803+0000] {logging_mixin.py:188} INFO - [2026-02-14T06:03:18.802+0000] {dagbag.py:545} INFO - Filling up the DagBag from /opt/airflow/dags/product_pipeline_dag.py
[2026-02-14T06:03:18.880+0000] {processor.py:840} INFO - DAG(s) 'product_price_pipeline' retrieved from /opt/airflow/dags/product_pipeline_dag.py
[2026-02-14T06:03:18.947+0000] {logging_mixin.py:188} INFO - [2026-02-14T06:03:18.946+0000] {dag.py:3089} INFO - Sync 1 DAGs
[2026-02-14T06:03:18.993+0000] {logging_mixin.py:188} INFO - [2026-02-14T06:03:18.993+0000] {dag.py:3947} INFO - Setting next_dagrun for product_price_pipeline to 2026-02-14 00:00:00+00:00, run_after=2026-02-15 00:00:00+00:00
[2026-02-14T06:03:19.053+0000] {processor.py:183} INFO - Processing /opt/airflow/dags/product_pipeline_dag.py took 0.269 seconds
[2026-02-14T06:03:51.939+0000] {processor.py:161} INFO - Started process (PID=4965) to work on /opt/airflow/dags/product_pipeline_dag.py
[2026-02-14T06:03:51.941+0000] {processor.py:830} INFO - Processing file /opt/airflow/dags/product_pipeline_dag.py for tasks to queue
[2026-02-14T06:03:51.946+0000] {logging_mixin.py:188} INFO - [2026-02-14T06:03:51.945+0000] {dagbag.py:545} INFO - Filling up the DagBag from /opt/airflow/dags/product_pipeline_dag.py
[2026-02-14T06:03:52.015+0000] {processor.py:840} INFO - DAG(s) 'product_price_pipeline' retrieved from /opt/airflow/dags/product_pipeline_dag.py
[2026-02-14T06:03:52.102+0000] {logging_mixin.py:188} INFO - [2026-02-14T06:03:52.101+0000] {dag.py:3089} INFO - Sync 1 DAGs
[2026-02-14T06:03:52.152+0000] {logging_mixin.py:188} INFO - [2026-02-14T06:03:52.151+0000] {dag.py:3947} INFO - Setting next_dagrun for product_price_pipeline to 2026-02-14 00:00:00+00:00, run_after=2026-02-15 00:00:00+00:00
[2026-02-14T06:03:52.211+0000] {processor.py:183} INFO - Processing /opt/airflow/dags/product_pipeline_dag.py took 0.291 seconds
[2026-02-14T06:04:24.562+0000] {processor.py:161} INFO - Started process (PID=4994) to work on /opt/airflow/dags/product_pipeline_dag.py
[2026-02-14T06:04:24.566+0000] {processor.py:830} INFO - Processing file /opt/airflow/dags/product_pipeline_dag.py for tasks to queue
[2026-02-14T06:04:24.573+0000] {logging_mixin.py:188} INFO - [2026-02-14T06:04:24.572+0000] {dagbag.py:545} INFO - Filling up the DagBag from /opt/airflow/dags/product_pipeline_dag.py
[2026-02-14T06:04:24.649+0000] {processor.py:840} INFO - DAG(s) 'product_price_pipeline' retrieved from /opt/airflow/dags/product_pipeline_dag.py
[2026-02-14T06:04:24.741+0000] {logging_mixin.py:188} INFO - [2026-02-14T06:04:24.740+0000] {dag.py:3089} INFO - Sync 1 DAGs
[2026-02-14T06:04:24.801+0000] {logging_mixin.py:188} INFO - [2026-02-14T06:04:24.800+0000] {dag.py:3947} INFO - Setting next_dagrun for product_price_pipeline to 2026-02-14 00:00:00+00:00, run_after=2026-02-15 00:00:00+00:00
[2026-02-14T06:04:24.845+0000] {processor.py:183} INFO - Processing /opt/airflow/dags/product_pipeline_dag.py took 0.301 seconds
[2026-02-14T06:04:57.436+0000] {processor.py:161} INFO - Started process (PID=5023) to work on /opt/airflow/dags/product_pipeline_dag.py
[2026-02-14T06:04:57.439+0000] {processor.py:830} INFO - Processing file /opt/airflow/dags/product_pipeline_dag.py for tasks to queue
[2026-02-14T06:04:57.444+0000] {logging_mixin.py:188} INFO - [2026-02-14T06:04:57.443+0000] {dagbag.py:545} INFO - Filling up the DagBag from /opt/airflow/dags/product_pipeline_dag.py
[2026-02-14T06:04:57.514+0000] {processor.py:840} INFO - DAG(s) 'product_price_pipeline' retrieved from /opt/airflow/dags/product_pipeline_dag.py
[2026-02-14T06:04:57.584+0000] {logging_mixin.py:188} INFO - [2026-02-14T06:04:57.584+0000] {dag.py:3089} INFO - Sync 1 DAGs
[2026-02-14T06:04:57.623+0000] {logging_mixin.py:188} INFO - [2026-02-14T06:04:57.622+0000] {dag.py:3947} INFO - Setting next_dagrun for product_price_pipeline to 2026-02-14 00:00:00+00:00, run_after=2026-02-15 00:00:00+00:00
[2026-02-14T06:04:57.670+0000] {processor.py:183} INFO - Processing /opt/airflow/dags/product_pipeline_dag.py took 0.244 seconds
[2026-02-14T06:05:30.985+0000] {processor.py:161} INFO - Started process (PID=5052) to work on /opt/airflow/dags/product_pipeline_dag.py
[2026-02-14T06:05:30.997+0000] {processor.py:830} INFO - Processing file /opt/airflow/dags/product_pipeline_dag.py for tasks to queue
[2026-02-14T06:05:31.002+0000] {logging_mixin.py:188} INFO - [2026-02-14T06:05:31.001+0000] {dagbag.py:545} INFO - Filling up the DagBag from /opt/airflow/dags/product_pipeline_dag.py
[2026-02-14T06:05:31.071+0000] {processor.py:840} INFO - DAG(s) 'product_price_pipeline' retrieved from /opt/airflow/dags/product_pipeline_dag.py
[2026-02-14T06:05:31.158+0000] {logging_mixin.py:188} INFO - [2026-02-14T06:05:31.158+0000] {dag.py:3089} INFO - Sync 1 DAGs
[2026-02-14T06:05:31.202+0000] {logging_mixin.py:188} INFO - [2026-02-14T06:05:31.201+0000] {dag.py:3947} INFO - Setting next_dagrun for product_price_pipeline to 2026-02-14 00:00:00+00:00, run_after=2026-02-15 00:00:00+00:00
[2026-02-14T06:05:31.256+0000] {processor.py:183} INFO - Processing /opt/airflow/dags/product_pipeline_dag.py took 0.285 seconds
[2026-02-14T06:06:02.821+0000] {processor.py:161} INFO - Started process (PID=5081) to work on /opt/airflow/dags/product_pipeline_dag.py
[2026-02-14T06:06:02.824+0000] {processor.py:830} INFO - Processing file /opt/airflow/dags/product_pipeline_dag.py for tasks to queue
[2026-02-14T06:06:02.832+0000] {logging_mixin.py:188} INFO - [2026-02-14T06:06:02.831+0000] {dagbag.py:545} INFO - Filling up the DagBag from /opt/airflow/dags/product_pipeline_dag.py
[2026-02-14T06:06:02.873+0000] {processor.py:840} INFO - DAG(s) 'product_price_pipeline' retrieved from /opt/airflow/dags/product_pipeline_dag.py
[2026-02-14T06:06:02.920+0000] {logging_mixin.py:188} INFO - [2026-02-14T06:06:02.920+0000] {dag.py:3089} INFO - Sync 1 DAGs
[2026-02-14T06:06:02.954+0000] {logging_mixin.py:188} INFO - [2026-02-14T06:06:02.953+0000] {dag.py:3947} INFO - Setting next_dagrun for product_price_pipeline to 2026-02-14 00:00:00+00:00, run_after=2026-02-15 00:00:00+00:00
[2026-02-14T06:06:02.992+0000] {processor.py:183} INFO - Processing /opt/airflow/dags/product_pipeline_dag.py took 0.189 seconds
[2026-02-14T06:06:54.833+0000] {processor.py:161} INFO - Started process (PID=5110) to work on /opt/airflow/dags/product_pipeline_dag.py
[2026-02-14T06:06:54.836+0000] {processor.py:830} INFO - Processing file /opt/airflow/dags/product_pipeline_dag.py for tasks to queue
[2026-02-14T06:06:54.841+0000] {logging_mixin.py:188} INFO - [2026-02-14T06:06:54.840+0000] {dagbag.py:545} INFO - Filling up the DagBag from /opt/airflow/dags/product_pipeline_dag.py
[2026-02-14T06:06:54.931+0000] {processor.py:840} INFO - DAG(s) 'product_price_pipeline' retrieved from /opt/airflow/dags/product_pipeline_dag.py
[2026-02-14T06:06:55.047+0000] {logging_mixin.py:188} INFO - [2026-02-14T06:06:55.046+0000] {dag.py:3089} INFO - Sync 1 DAGs
[2026-02-14T06:06:55.144+0000] {logging_mixin.py:188} INFO - [2026-02-14T06:06:55.144+0000] {dag.py:3947} INFO - Setting next_dagrun for product_price_pipeline to 2026-02-14 00:00:00+00:00, run_after=2026-02-15 00:00:00+00:00
[2026-02-14T06:06:55.212+0000] {processor.py:183} INFO - Processing /opt/airflow/dags/product_pipeline_dag.py took 0.400 seconds
[2026-02-14T06:07:28.516+0000] {processor.py:161} INFO - Started process (PID=5139) to work on /opt/airflow/dags/product_pipeline_dag.py
[2026-02-14T06:07:28.519+0000] {processor.py:830} INFO - Processing file /opt/airflow/dags/product_pipeline_dag.py for tasks to queue
[2026-02-14T06:07:28.525+0000] {logging_mixin.py:188} INFO - [2026-02-14T06:07:28.524+0000] {dagbag.py:545} INFO - Filling up the DagBag from /opt/airflow/dags/product_pipeline_dag.py
[2026-02-14T06:07:28.640+0000] {processor.py:840} INFO - DAG(s) 'product_price_pipeline' retrieved from /opt/airflow/dags/product_pipeline_dag.py
[2026-02-14T06:07:28.779+0000] {logging_mixin.py:188} INFO - [2026-02-14T06:07:28.779+0000] {dag.py:3089} INFO - Sync 1 DAGs
[2026-02-14T06:07:28.852+0000] {logging_mixin.py:188} INFO - [2026-02-14T06:07:28.851+0000] {dag.py:3947} INFO - Setting next_dagrun for product_price_pipeline to 2026-02-14 00:00:00+00:00, run_after=2026-02-15 00:00:00+00:00
[2026-02-14T06:07:28.925+0000] {processor.py:183} INFO - Processing /opt/airflow/dags/product_pipeline_dag.py took 0.433 seconds
[2026-02-14T06:08:00.742+0000] {processor.py:161} INFO - Started process (PID=5167) to work on /opt/airflow/dags/product_pipeline_dag.py
[2026-02-14T06:08:00.754+0000] {processor.py:830} INFO - Processing file /opt/airflow/dags/product_pipeline_dag.py for tasks to queue
[2026-02-14T06:08:00.759+0000] {logging_mixin.py:188} INFO - [2026-02-14T06:08:00.758+0000] {dagbag.py:545} INFO - Filling up the DagBag from /opt/airflow/dags/product_pipeline_dag.py
[2026-02-14T06:08:00.860+0000] {processor.py:840} INFO - DAG(s) 'product_price_pipeline' retrieved from /opt/airflow/dags/product_pipeline_dag.py
[2026-02-14T06:08:00.961+0000] {logging_mixin.py:188} INFO - [2026-02-14T06:08:00.961+0000] {dag.py:3089} INFO - Sync 1 DAGs
[2026-02-14T06:08:01.028+0000] {logging_mixin.py:188} INFO - [2026-02-14T06:08:01.028+0000] {dag.py:3947} INFO - Setting next_dagrun for product_price_pipeline to 2026-02-14 00:00:00+00:00, run_after=2026-02-15 00:00:00+00:00
[2026-02-14T06:08:01.101+0000] {processor.py:183} INFO - Processing /opt/airflow/dags/product_pipeline_dag.py took 0.376 seconds
[2026-02-14T06:08:32.591+0000] {processor.py:161} INFO - Started process (PID=5191) to work on /opt/airflow/dags/product_pipeline_dag.py
[2026-02-14T06:08:32.595+0000] {processor.py:830} INFO - Processing file /opt/airflow/dags/product_pipeline_dag.py for tasks to queue
[2026-02-14T06:08:32.604+0000] {logging_mixin.py:188} INFO - [2026-02-14T06:08:32.601+0000] {dagbag.py:545} INFO - Filling up the DagBag from /opt/airflow/dags/product_pipeline_dag.py
[2026-02-14T06:08:32.711+0000] {processor.py:840} INFO - DAG(s) 'product_price_pipeline' retrieved from /opt/airflow/dags/product_pipeline_dag.py
[2026-02-14T06:08:32.852+0000] {logging_mixin.py:188} INFO - [2026-02-14T06:08:32.851+0000] {dag.py:3089} INFO - Sync 1 DAGs
[2026-02-14T06:08:32.911+0000] {logging_mixin.py:188} INFO - [2026-02-14T06:08:32.910+0000] {dag.py:3947} INFO - Setting next_dagrun for product_price_pipeline to 2026-02-14 00:00:00+00:00, run_after=2026-02-15 00:00:00+00:00
[2026-02-14T06:08:32.967+0000] {processor.py:183} INFO - Processing /opt/airflow/dags/product_pipeline_dag.py took 0.388 seconds
[2026-02-14T06:09:07.912+0000] {processor.py:161} INFO - Started process (PID=5216) to work on /opt/airflow/dags/product_pipeline_dag.py
[2026-02-14T06:09:07.915+0000] {processor.py:830} INFO - Processing file /opt/airflow/dags/product_pipeline_dag.py for tasks to queue
[2026-02-14T06:09:07.923+0000] {logging_mixin.py:188} INFO - [2026-02-14T06:09:07.921+0000] {dagbag.py:545} INFO - Filling up the DagBag from /opt/airflow/dags/product_pipeline_dag.py
[2026-02-14T06:09:08.023+0000] {processor.py:840} INFO - DAG(s) 'product_price_pipeline' retrieved from /opt/airflow/dags/product_pipeline_dag.py
[2026-02-14T06:09:08.257+0000] {logging_mixin.py:188} INFO - [2026-02-14T06:09:08.256+0000] {dag.py:3089} INFO - Sync 1 DAGs
[2026-02-14T06:09:08.431+0000] {logging_mixin.py:188} INFO - [2026-02-14T06:09:08.430+0000] {dag.py:3947} INFO - Setting next_dagrun for product_price_pipeline to 2026-02-14 00:00:00+00:00, run_after=2026-02-15 00:00:00+00:00
[2026-02-14T06:09:08.550+0000] {processor.py:183} INFO - Processing /opt/airflow/dags/product_pipeline_dag.py took 0.669 seconds
[2026-02-14T06:09:39.683+0000] {processor.py:161} INFO - Started process (PID=5245) to work on /opt/airflow/dags/product_pipeline_dag.py
[2026-02-14T06:09:39.685+0000] {processor.py:830} INFO - Processing file /opt/airflow/dags/product_pipeline_dag.py for tasks to queue
[2026-02-14T06:09:39.690+0000] {logging_mixin.py:188} INFO - [2026-02-14T06:09:39.690+0000] {dagbag.py:545} INFO - Filling up the DagBag from /opt/airflow/dags/product_pipeline_dag.py
[2026-02-14T06:09:39.749+0000] {processor.py:840} INFO - DAG(s) 'product_price_pipeline' retrieved from /opt/airflow/dags/product_pipeline_dag.py
[2026-02-14T06:09:39.826+0000] {logging_mixin.py:188} INFO - [2026-02-14T06:09:39.825+0000] {dag.py:3089} INFO - Sync 1 DAGs
[2026-02-14T06:09:39.880+0000] {logging_mixin.py:188} INFO - [2026-02-14T06:09:39.880+0000] {dag.py:3947} INFO - Setting next_dagrun for product_price_pipeline to 2026-02-14 00:00:00+00:00, run_after=2026-02-15 00:00:00+00:00
[2026-02-14T06:09:39.945+0000] {processor.py:183} INFO - Processing /opt/airflow/dags/product_pipeline_dag.py took 0.274 seconds
[2026-02-14T06:10:12.108+0000] {processor.py:161} INFO - Started process (PID=5274) to work on /opt/airflow/dags/product_pipeline_dag.py
[2026-02-14T06:10:12.119+0000] {processor.py:830} INFO - Processing file /opt/airflow/dags/product_pipeline_dag.py for tasks to queue
[2026-02-14T06:10:12.124+0000] {logging_mixin.py:188} INFO - [2026-02-14T06:10:12.123+0000] {dagbag.py:545} INFO - Filling up the DagBag from /opt/airflow/dags/product_pipeline_dag.py
[2026-02-14T06:10:12.190+0000] {processor.py:840} INFO - DAG(s) 'product_price_pipeline' retrieved from /opt/airflow/dags/product_pipeline_dag.py
[2026-02-14T06:10:12.245+0000] {logging_mixin.py:188} INFO - [2026-02-14T06:10:12.245+0000] {dag.py:3089} INFO - Sync 1 DAGs
[2026-02-14T06:10:12.293+0000] {logging_mixin.py:188} INFO - [2026-02-14T06:10:12.293+0000] {dag.py:3947} INFO - Setting next_dagrun for product_price_pipeline to 2026-02-14 00:00:00+00:00, run_after=2026-02-15 00:00:00+00:00
[2026-02-14T06:10:12.346+0000] {processor.py:183} INFO - Processing /opt/airflow/dags/product_pipeline_dag.py took 0.248 seconds
[2026-02-14T06:10:44.353+0000] {processor.py:161} INFO - Started process (PID=5303) to work on /opt/airflow/dags/product_pipeline_dag.py
[2026-02-14T06:10:44.355+0000] {processor.py:830} INFO - Processing file /opt/airflow/dags/product_pipeline_dag.py for tasks to queue
[2026-02-14T06:10:44.359+0000] {logging_mixin.py:188} INFO - [2026-02-14T06:10:44.358+0000] {dagbag.py:545} INFO - Filling up the DagBag from /opt/airflow/dags/product_pipeline_dag.py
[2026-02-14T06:10:44.415+0000] {processor.py:840} INFO - DAG(s) 'product_price_pipeline' retrieved from /opt/airflow/dags/product_pipeline_dag.py
[2026-02-14T06:10:44.498+0000] {logging_mixin.py:188} INFO - [2026-02-14T06:10:44.497+0000] {dag.py:3089} INFO - Sync 1 DAGs
[2026-02-14T06:10:44.537+0000] {logging_mixin.py:188} INFO - [2026-02-14T06:10:44.536+0000] {dag.py:3947} INFO - Setting next_dagrun for product_price_pipeline to 2026-02-14 00:00:00+00:00, run_after=2026-02-15 00:00:00+00:00
[2026-02-14T06:10:44.600+0000] {processor.py:183} INFO - Processing /opt/airflow/dags/product_pipeline_dag.py took 0.258 seconds
[2026-02-14T06:11:16.046+0000] {processor.py:161} INFO - Started process (PID=5332) to work on /opt/airflow/dags/product_pipeline_dag.py
[2026-02-14T06:11:16.048+0000] {processor.py:830} INFO - Processing file /opt/airflow/dags/product_pipeline_dag.py for tasks to queue
[2026-02-14T06:11:16.053+0000] {logging_mixin.py:188} INFO - [2026-02-14T06:11:16.051+0000] {dagbag.py:545} INFO - Filling up the DagBag from /opt/airflow/dags/product_pipeline_dag.py
[2026-02-14T06:11:16.125+0000] {processor.py:840} INFO - DAG(s) 'product_price_pipeline' retrieved from /opt/airflow/dags/product_pipeline_dag.py
[2026-02-14T06:11:16.200+0000] {logging_mixin.py:188} INFO - [2026-02-14T06:11:16.199+0000] {dag.py:3089} INFO - Sync 1 DAGs
[2026-02-14T06:11:16.244+0000] {logging_mixin.py:188} INFO - [2026-02-14T06:11:16.243+0000] {dag.py:3947} INFO - Setting next_dagrun for product_price_pipeline to 2026-02-14 00:00:00+00:00, run_after=2026-02-15 00:00:00+00:00
[2026-02-14T06:11:16.302+0000] {processor.py:183} INFO - Processing /opt/airflow/dags/product_pipeline_dag.py took 0.269 seconds
[2026-02-14T06:11:49.161+0000] {processor.py:161} INFO - Started process (PID=5361) to work on /opt/airflow/dags/product_pipeline_dag.py
[2026-02-14T06:11:49.173+0000] {processor.py:830} INFO - Processing file /opt/airflow/dags/product_pipeline_dag.py for tasks to queue
[2026-02-14T06:11:49.180+0000] {logging_mixin.py:188} INFO - [2026-02-14T06:11:49.179+0000] {dagbag.py:545} INFO - Filling up the DagBag from /opt/airflow/dags/product_pipeline_dag.py
[2026-02-14T06:11:49.280+0000] {processor.py:840} INFO - DAG(s) 'product_price_pipeline' retrieved from /opt/airflow/dags/product_pipeline_dag.py
[2026-02-14T06:11:49.367+0000] {logging_mixin.py:188} INFO - [2026-02-14T06:11:49.367+0000] {dag.py:3089} INFO - Sync 1 DAGs
[2026-02-14T06:11:49.439+0000] {logging_mixin.py:188} INFO - [2026-02-14T06:11:49.438+0000] {dag.py:3947} INFO - Setting next_dagrun for product_price_pipeline to 2026-02-14 00:00:00+00:00, run_after=2026-02-15 00:00:00+00:00
[2026-02-14T06:11:49.505+0000] {processor.py:183} INFO - Processing /opt/airflow/dags/product_pipeline_dag.py took 0.364 seconds
[2026-02-14T06:12:20.935+0000] {processor.py:161} INFO - Started process (PID=5390) to work on /opt/airflow/dags/product_pipeline_dag.py
[2026-02-14T06:12:20.939+0000] {processor.py:830} INFO - Processing file /opt/airflow/dags/product_pipeline_dag.py for tasks to queue
[2026-02-14T06:12:20.943+0000] {logging_mixin.py:188} INFO - [2026-02-14T06:12:20.942+0000] {dagbag.py:545} INFO - Filling up the DagBag from /opt/airflow/dags/product_pipeline_dag.py
[2026-02-14T06:12:20.999+0000] {processor.py:840} INFO - DAG(s) 'product_price_pipeline' retrieved from /opt/airflow/dags/product_pipeline_dag.py
[2026-02-14T06:12:21.084+0000] {logging_mixin.py:188} INFO - [2026-02-14T06:12:21.084+0000] {dag.py:3089} INFO - Sync 1 DAGs
[2026-02-14T06:12:21.129+0000] {logging_mixin.py:188} INFO - [2026-02-14T06:12:21.128+0000] {dag.py:3947} INFO - Setting next_dagrun for product_price_pipeline to 2026-02-14 00:00:00+00:00, run_after=2026-02-15 00:00:00+00:00
[2026-02-14T06:12:21.177+0000] {processor.py:183} INFO - Processing /opt/airflow/dags/product_pipeline_dag.py took 0.253 seconds
[2026-02-14T06:12:52.634+0000] {processor.py:161} INFO - Started process (PID=5419) to work on /opt/airflow/dags/product_pipeline_dag.py
[2026-02-14T06:12:52.652+0000] {processor.py:830} INFO - Processing file /opt/airflow/dags/product_pipeline_dag.py for tasks to queue
[2026-02-14T06:12:52.658+0000] {logging_mixin.py:188} INFO - [2026-02-14T06:12:52.656+0000] {dagbag.py:545} INFO - Filling up the DagBag from /opt/airflow/dags/product_pipeline_dag.py
[2026-02-14T06:12:52.734+0000] {processor.py:840} INFO - DAG(s) 'product_price_pipeline' retrieved from /opt/airflow/dags/product_pipeline_dag.py
[2026-02-14T06:12:52.795+0000] {logging_mixin.py:188} INFO - [2026-02-14T06:12:52.794+0000] {dag.py:3089} INFO - Sync 1 DAGs
[2026-02-14T06:12:52.831+0000] {logging_mixin.py:188} INFO - [2026-02-14T06:12:52.831+0000] {dag.py:3947} INFO - Setting next_dagrun for product_price_pipeline to 2026-02-14 00:00:00+00:00, run_after=2026-02-15 00:00:00+00:00
[2026-02-14T06:12:52.883+0000] {processor.py:183} INFO - Processing /opt/airflow/dags/product_pipeline_dag.py took 0.262 seconds
[2026-02-14T06:13:24.581+0000] {processor.py:161} INFO - Started process (PID=5448) to work on /opt/airflow/dags/product_pipeline_dag.py
[2026-02-14T06:13:24.584+0000] {processor.py:830} INFO - Processing file /opt/airflow/dags/product_pipeline_dag.py for tasks to queue
[2026-02-14T06:13:24.588+0000] {logging_mixin.py:188} INFO - [2026-02-14T06:13:24.587+0000] {dagbag.py:545} INFO - Filling up the DagBag from /opt/airflow/dags/product_pipeline_dag.py
[2026-02-14T06:13:24.634+0000] {processor.py:840} INFO - DAG(s) 'product_price_pipeline' retrieved from /opt/airflow/dags/product_pipeline_dag.py
[2026-02-14T06:13:24.698+0000] {logging_mixin.py:188} INFO - [2026-02-14T06:13:24.697+0000] {dag.py:3089} INFO - Sync 1 DAGs
[2026-02-14T06:13:24.740+0000] {logging_mixin.py:188} INFO - [2026-02-14T06:13:24.739+0000] {dag.py:3947} INFO - Setting next_dagrun for product_price_pipeline to 2026-02-14 00:00:00+00:00, run_after=2026-02-15 00:00:00+00:00
[2026-02-14T06:13:24.783+0000] {processor.py:183} INFO - Processing /opt/airflow/dags/product_pipeline_dag.py took 0.210 seconds
[2026-02-14T06:13:56.413+0000] {processor.py:161} INFO - Started process (PID=5477) to work on /opt/airflow/dags/product_pipeline_dag.py
[2026-02-14T06:13:56.415+0000] {processor.py:830} INFO - Processing file /opt/airflow/dags/product_pipeline_dag.py for tasks to queue
[2026-02-14T06:13:56.421+0000] {logging_mixin.py:188} INFO - [2026-02-14T06:13:56.420+0000] {dagbag.py:545} INFO - Filling up the DagBag from /opt/airflow/dags/product_pipeline_dag.py
[2026-02-14T06:13:56.473+0000] {processor.py:840} INFO - DAG(s) 'product_price_pipeline' retrieved from /opt/airflow/dags/product_pipeline_dag.py
[2026-02-14T06:13:56.530+0000] {logging_mixin.py:188} INFO - [2026-02-14T06:13:56.529+0000] {dag.py:3089} INFO - Sync 1 DAGs
[2026-02-14T06:13:56.559+0000] {logging_mixin.py:188} INFO - [2026-02-14T06:13:56.559+0000] {dag.py:3947} INFO - Setting next_dagrun for product_price_pipeline to 2026-02-14 00:00:00+00:00, run_after=2026-02-15 00:00:00+00:00
[2026-02-14T06:13:56.593+0000] {processor.py:183} INFO - Processing /opt/airflow/dags/product_pipeline_dag.py took 0.189 seconds
[2026-02-14T06:14:27.938+0000] {processor.py:161} INFO - Started process (PID=5506) to work on /opt/airflow/dags/product_pipeline_dag.py
[2026-02-14T06:14:27.940+0000] {processor.py:830} INFO - Processing file /opt/airflow/dags/product_pipeline_dag.py for tasks to queue
[2026-02-14T06:14:27.946+0000] {logging_mixin.py:188} INFO - [2026-02-14T06:14:27.944+0000] {dagbag.py:545} INFO - Filling up the DagBag from /opt/airflow/dags/product_pipeline_dag.py
[2026-02-14T06:14:27.999+0000] {processor.py:840} INFO - DAG(s) 'product_price_pipeline' retrieved from /opt/airflow/dags/product_pipeline_dag.py
[2026-02-14T06:14:28.073+0000] {logging_mixin.py:188} INFO - [2026-02-14T06:14:28.073+0000] {dag.py:3089} INFO - Sync 1 DAGs
[2026-02-14T06:14:28.118+0000] {logging_mixin.py:188} INFO - [2026-02-14T06:14:28.118+0000] {dag.py:3947} INFO - Setting next_dagrun for product_price_pipeline to 2026-02-14 00:00:00+00:00, run_after=2026-02-15 00:00:00+00:00
[2026-02-14T06:14:28.169+0000] {processor.py:183} INFO - Processing /opt/airflow/dags/product_pipeline_dag.py took 0.240 seconds
[2026-02-14T06:15:00.353+0000] {processor.py:161} INFO - Started process (PID=5535) to work on /opt/airflow/dags/product_pipeline_dag.py
[2026-02-14T06:15:00.356+0000] {processor.py:830} INFO - Processing file /opt/airflow/dags/product_pipeline_dag.py for tasks to queue
[2026-02-14T06:15:00.364+0000] {logging_mixin.py:188} INFO - [2026-02-14T06:15:00.363+0000] {dagbag.py:545} INFO - Filling up the DagBag from /opt/airflow/dags/product_pipeline_dag.py
[2026-02-14T06:15:00.441+0000] {processor.py:840} INFO - DAG(s) 'product_price_pipeline' retrieved from /opt/airflow/dags/product_pipeline_dag.py
[2026-02-14T06:15:00.515+0000] {logging_mixin.py:188} INFO - [2026-02-14T06:15:00.514+0000] {dag.py:3089} INFO - Sync 1 DAGs
[2026-02-14T06:15:00.563+0000] {logging_mixin.py:188} INFO - [2026-02-14T06:15:00.563+0000] {dag.py:3947} INFO - Setting next_dagrun for product_price_pipeline to 2026-02-14 00:00:00+00:00, run_after=2026-02-15 00:00:00+00:00
[2026-02-14T06:15:00.624+0000] {processor.py:183} INFO - Processing /opt/airflow/dags/product_pipeline_dag.py took 0.281 seconds
[2026-02-14T06:15:32.973+0000] {processor.py:161} INFO - Started process (PID=5564) to work on /opt/airflow/dags/product_pipeline_dag.py
[2026-02-14T06:15:32.978+0000] {processor.py:830} INFO - Processing file /opt/airflow/dags/product_pipeline_dag.py for tasks to queue
[2026-02-14T06:15:32.982+0000] {logging_mixin.py:188} INFO - [2026-02-14T06:15:32.982+0000] {dagbag.py:545} INFO - Filling up the DagBag from /opt/airflow/dags/product_pipeline_dag.py
[2026-02-14T06:15:33.046+0000] {processor.py:840} INFO - DAG(s) 'product_price_pipeline' retrieved from /opt/airflow/dags/product_pipeline_dag.py
[2026-02-14T06:15:33.126+0000] {logging_mixin.py:188} INFO - [2026-02-14T06:15:33.125+0000] {dag.py:3089} INFO - Sync 1 DAGs
[2026-02-14T06:15:33.190+0000] {logging_mixin.py:188} INFO - [2026-02-14T06:15:33.189+0000] {dag.py:3947} INFO - Setting next_dagrun for product_price_pipeline to 2026-02-14 00:00:00+00:00, run_after=2026-02-15 00:00:00+00:00
[2026-02-14T06:15:33.232+0000] {processor.py:183} INFO - Processing /opt/airflow/dags/product_pipeline_dag.py took 0.269 seconds
[2026-02-14T06:16:04.784+0000] {processor.py:161} INFO - Started process (PID=5592) to work on /opt/airflow/dags/product_pipeline_dag.py
[2026-02-14T06:16:04.786+0000] {processor.py:830} INFO - Processing file /opt/airflow/dags/product_pipeline_dag.py for tasks to queue
[2026-02-14T06:16:04.792+0000] {logging_mixin.py:188} INFO - [2026-02-14T06:16:04.791+0000] {dagbag.py:545} INFO - Filling up the DagBag from /opt/airflow/dags/product_pipeline_dag.py
[2026-02-14T06:16:04.856+0000] {processor.py:840} INFO - DAG(s) 'product_price_pipeline' retrieved from /opt/airflow/dags/product_pipeline_dag.py
[2026-02-14T06:16:04.915+0000] {logging_mixin.py:188} INFO - [2026-02-14T06:16:04.915+0000] {dag.py:3089} INFO - Sync 1 DAGs
[2026-02-14T06:16:04.945+0000] {logging_mixin.py:188} INFO - [2026-02-14T06:16:04.944+0000] {dag.py:3947} INFO - Setting next_dagrun for product_price_pipeline to 2026-02-14 00:00:00+00:00, run_after=2026-02-15 00:00:00+00:00
[2026-02-14T06:16:04.995+0000] {processor.py:183} INFO - Processing /opt/airflow/dags/product_pipeline_dag.py took 0.222 seconds
[2026-02-14T06:16:37.348+0000] {processor.py:161} INFO - Started process (PID=5623) to work on /opt/airflow/dags/product_pipeline_dag.py
[2026-02-14T06:16:37.353+0000] {processor.py:830} INFO - Processing file /opt/airflow/dags/product_pipeline_dag.py for tasks to queue
[2026-02-14T06:16:37.361+0000] {logging_mixin.py:188} INFO - [2026-02-14T06:16:37.359+0000] {dagbag.py:545} INFO - Filling up the DagBag from /opt/airflow/dags/product_pipeline_dag.py
[2026-02-14T06:16:37.438+0000] {processor.py:840} INFO - DAG(s) 'product_price_pipeline' retrieved from /opt/airflow/dags/product_pipeline_dag.py
[2026-02-14T06:16:37.519+0000] {logging_mixin.py:188} INFO - [2026-02-14T06:16:37.518+0000] {dag.py:3089} INFO - Sync 1 DAGs
[2026-02-14T06:16:37.568+0000] {logging_mixin.py:188} INFO - [2026-02-14T06:16:37.567+0000] {dag.py:3947} INFO - Setting next_dagrun for product_price_pipeline to 2026-02-14 00:00:00+00:00, run_after=2026-02-15 00:00:00+00:00
[2026-02-14T06:16:37.618+0000] {processor.py:183} INFO - Processing /opt/airflow/dags/product_pipeline_dag.py took 0.284 seconds
[2026-02-14T06:17:09.678+0000] {processor.py:161} INFO - Started process (PID=5652) to work on /opt/airflow/dags/product_pipeline_dag.py
[2026-02-14T06:17:09.681+0000] {processor.py:830} INFO - Processing file /opt/airflow/dags/product_pipeline_dag.py for tasks to queue
[2026-02-14T06:17:09.687+0000] {logging_mixin.py:188} INFO - [2026-02-14T06:17:09.685+0000] {dagbag.py:545} INFO - Filling up the DagBag from /opt/airflow/dags/product_pipeline_dag.py
[2026-02-14T06:17:09.747+0000] {processor.py:840} INFO - DAG(s) 'product_price_pipeline' retrieved from /opt/airflow/dags/product_pipeline_dag.py
[2026-02-14T06:17:09.807+0000] {logging_mixin.py:188} INFO - [2026-02-14T06:17:09.806+0000] {dag.py:3089} INFO - Sync 1 DAGs
[2026-02-14T06:17:09.858+0000] {logging_mixin.py:188} INFO - [2026-02-14T06:17:09.857+0000] {dag.py:3947} INFO - Setting next_dagrun for product_price_pipeline to 2026-02-14 00:00:00+00:00, run_after=2026-02-15 00:00:00+00:00
[2026-02-14T06:17:09.909+0000] {processor.py:183} INFO - Processing /opt/airflow/dags/product_pipeline_dag.py took 0.249 seconds
[2026-02-14T06:17:42.293+0000] {processor.py:161} INFO - Started process (PID=5681) to work on /opt/airflow/dags/product_pipeline_dag.py
[2026-02-14T06:17:42.296+0000] {processor.py:830} INFO - Processing file /opt/airflow/dags/product_pipeline_dag.py for tasks to queue
[2026-02-14T06:17:42.299+0000] {logging_mixin.py:188} INFO - [2026-02-14T06:17:42.299+0000] {dagbag.py:545} INFO - Filling up the DagBag from /opt/airflow/dags/product_pipeline_dag.py
[2026-02-14T06:17:42.364+0000] {processor.py:840} INFO - DAG(s) 'product_price_pipeline' retrieved from /opt/airflow/dags/product_pipeline_dag.py
[2026-02-14T06:17:42.430+0000] {logging_mixin.py:188} INFO - [2026-02-14T06:17:42.429+0000] {dag.py:3089} INFO - Sync 1 DAGs
[2026-02-14T06:17:42.468+0000] {logging_mixin.py:188} INFO - [2026-02-14T06:17:42.468+0000] {dag.py:3947} INFO - Setting next_dagrun for product_price_pipeline to 2026-02-14 00:00:00+00:00, run_after=2026-02-15 00:00:00+00:00
[2026-02-14T06:17:42.539+0000] {processor.py:183} INFO - Processing /opt/airflow/dags/product_pipeline_dag.py took 0.256 seconds
[2026-02-14T06:18:13.927+0000] {processor.py:161} INFO - Started process (PID=5708) to work on /opt/airflow/dags/product_pipeline_dag.py
[2026-02-14T06:18:13.931+0000] {processor.py:830} INFO - Processing file /opt/airflow/dags/product_pipeline_dag.py for tasks to queue
[2026-02-14T06:18:13.938+0000] {logging_mixin.py:188} INFO - [2026-02-14T06:18:13.937+0000] {dagbag.py:545} INFO - Filling up the DagBag from /opt/airflow/dags/product_pipeline_dag.py
[2026-02-14T06:18:13.996+0000] {processor.py:840} INFO - DAG(s) 'product_price_pipeline' retrieved from /opt/airflow/dags/product_pipeline_dag.py
[2026-02-14T06:18:14.056+0000] {logging_mixin.py:188} INFO - [2026-02-14T06:18:14.055+0000] {dag.py:3089} INFO - Sync 1 DAGs
[2026-02-14T06:18:14.110+0000] {logging_mixin.py:188} INFO - [2026-02-14T06:18:14.110+0000] {dag.py:3947} INFO - Setting next_dagrun for product_price_pipeline to 2026-02-14 00:00:00+00:00, run_after=2026-02-15 00:00:00+00:00
[2026-02-14T06:18:14.156+0000] {processor.py:183} INFO - Processing /opt/airflow/dags/product_pipeline_dag.py took 0.246 seconds
[2026-02-14T06:18:48.645+0000] {processor.py:161} INFO - Started process (PID=5739) to work on /opt/airflow/dags/product_pipeline_dag.py
[2026-02-14T06:18:48.649+0000] {processor.py:830} INFO - Processing file /opt/airflow/dags/product_pipeline_dag.py for tasks to queue
[2026-02-14T06:18:48.660+0000] {logging_mixin.py:188} INFO - [2026-02-14T06:18:48.656+0000] {dagbag.py:545} INFO - Filling up the DagBag from /opt/airflow/dags/product_pipeline_dag.py
[2026-02-14T06:18:48.812+0000] {processor.py:840} INFO - DAG(s) 'product_price_pipeline' retrieved from /opt/airflow/dags/product_pipeline_dag.py
[2026-02-14T06:18:48.948+0000] {logging_mixin.py:188} INFO - [2026-02-14T06:18:48.947+0000] {dag.py:3089} INFO - Sync 1 DAGs
[2026-02-14T06:18:49.028+0000] {logging_mixin.py:188} INFO - [2026-02-14T06:18:49.028+0000] {dag.py:3947} INFO - Setting next_dagrun for product_price_pipeline to 2026-02-14 00:00:00+00:00, run_after=2026-02-15 00:00:00+00:00
[2026-02-14T06:18:49.107+0000] {processor.py:183} INFO - Processing /opt/airflow/dags/product_pipeline_dag.py took 0.475 seconds
[2026-02-14T06:19:20.794+0000] {processor.py:161} INFO - Started process (PID=5768) to work on /opt/airflow/dags/product_pipeline_dag.py
[2026-02-14T06:19:20.798+0000] {processor.py:830} INFO - Processing file /opt/airflow/dags/product_pipeline_dag.py for tasks to queue
[2026-02-14T06:19:20.802+0000] {logging_mixin.py:188} INFO - [2026-02-14T06:19:20.801+0000] {dagbag.py:545} INFO - Filling up the DagBag from /opt/airflow/dags/product_pipeline_dag.py
[2026-02-14T06:19:20.877+0000] {processor.py:840} INFO - DAG(s) 'product_price_pipeline' retrieved from /opt/airflow/dags/product_pipeline_dag.py
[2026-02-14T06:19:20.972+0000] {logging_mixin.py:188} INFO - [2026-02-14T06:19:20.972+0000] {dag.py:3089} INFO - Sync 1 DAGs
[2026-02-14T06:19:21.021+0000] {logging_mixin.py:188} INFO - [2026-02-14T06:19:21.021+0000] {dag.py:3947} INFO - Setting next_dagrun for product_price_pipeline to 2026-02-14 00:00:00+00:00, run_after=2026-02-15 00:00:00+00:00
[2026-02-14T06:19:21.070+0000] {processor.py:183} INFO - Processing /opt/airflow/dags/product_pipeline_dag.py took 0.291 seconds
[2026-02-14T06:19:53.148+0000] {processor.py:161} INFO - Started process (PID=5797) to work on /opt/airflow/dags/product_pipeline_dag.py
[2026-02-14T06:19:53.160+0000] {processor.py:830} INFO - Processing file /opt/airflow/dags/product_pipeline_dag.py for tasks to queue
[2026-02-14T06:19:53.164+0000] {logging_mixin.py:188} INFO - [2026-02-14T06:19:53.164+0000] {dagbag.py:545} INFO - Filling up the DagBag from /opt/airflow/dags/product_pipeline_dag.py
[2026-02-14T06:19:53.223+0000] {processor.py:840} INFO - DAG(s) 'product_price_pipeline' retrieved from /opt/airflow/dags/product_pipeline_dag.py
[2026-02-14T06:19:53.301+0000] {logging_mixin.py:188} INFO - [2026-02-14T06:19:53.301+0000] {dag.py:3089} INFO - Sync 1 DAGs
[2026-02-14T06:19:53.333+0000] {logging_mixin.py:188} INFO - [2026-02-14T06:19:53.333+0000] {dag.py:3947} INFO - Setting next_dagrun for product_price_pipeline to 2026-02-14 00:00:00+00:00, run_after=2026-02-15 00:00:00+00:00
[2026-02-14T06:19:53.384+0000] {processor.py:183} INFO - Processing /opt/airflow/dags/product_pipeline_dag.py took 0.246 seconds
[2026-02-14T06:20:25.366+0000] {processor.py:161} INFO - Started process (PID=5826) to work on /opt/airflow/dags/product_pipeline_dag.py
[2026-02-14T06:20:25.379+0000] {processor.py:830} INFO - Processing file /opt/airflow/dags/product_pipeline_dag.py for tasks to queue
[2026-02-14T06:20:25.386+0000] {logging_mixin.py:188} INFO - [2026-02-14T06:20:25.385+0000] {dagbag.py:545} INFO - Filling up the DagBag from /opt/airflow/dags/product_pipeline_dag.py
[2026-02-14T06:20:25.491+0000] {processor.py:840} INFO - DAG(s) 'product_price_pipeline' retrieved from /opt/airflow/dags/product_pipeline_dag.py
[2026-02-14T06:20:25.587+0000] {logging_mixin.py:188} INFO - [2026-02-14T06:20:25.586+0000] {dag.py:3089} INFO - Sync 1 DAGs
[2026-02-14T06:20:25.687+0000] {logging_mixin.py:188} INFO - [2026-02-14T06:20:25.686+0000] {dag.py:3947} INFO - Setting next_dagrun for product_price_pipeline to 2026-02-14 00:00:00+00:00, run_after=2026-02-15 00:00:00+00:00
[2026-02-14T06:20:25.773+0000] {processor.py:183} INFO - Processing /opt/airflow/dags/product_pipeline_dag.py took 0.417 seconds
[2026-02-14T06:20:56.884+0000] {processor.py:161} INFO - Started process (PID=5855) to work on /opt/airflow/dags/product_pipeline_dag.py
[2026-02-14T06:20:56.886+0000] {processor.py:830} INFO - Processing file /opt/airflow/dags/product_pipeline_dag.py for tasks to queue
[2026-02-14T06:20:56.892+0000] {logging_mixin.py:188} INFO - [2026-02-14T06:20:56.891+0000] {dagbag.py:545} INFO - Filling up the DagBag from /opt/airflow/dags/product_pipeline_dag.py
[2026-02-14T06:20:56.955+0000] {processor.py:840} INFO - DAG(s) 'product_price_pipeline' retrieved from /opt/airflow/dags/product_pipeline_dag.py
[2026-02-14T06:20:57.029+0000] {logging_mixin.py:188} INFO - [2026-02-14T06:20:57.028+0000] {dag.py:3089} INFO - Sync 1 DAGs
[2026-02-14T06:20:57.065+0000] {logging_mixin.py:188} INFO - [2026-02-14T06:20:57.064+0000] {dag.py:3947} INFO - Setting next_dagrun for product_price_pipeline to 2026-02-14 00:00:00+00:00, run_after=2026-02-15 00:00:00+00:00
[2026-02-14T06:20:57.117+0000] {processor.py:183} INFO - Processing /opt/airflow/dags/product_pipeline_dag.py took 0.241 seconds
[2026-02-14T06:21:29.105+0000] {processor.py:161} INFO - Started process (PID=5884) to work on /opt/airflow/dags/product_pipeline_dag.py
[2026-02-14T06:21:29.108+0000] {processor.py:830} INFO - Processing file /opt/airflow/dags/product_pipeline_dag.py for tasks to queue
[2026-02-14T06:21:29.111+0000] {logging_mixin.py:188} INFO - [2026-02-14T06:21:29.110+0000] {dagbag.py:545} INFO - Filling up the DagBag from /opt/airflow/dags/product_pipeline_dag.py
[2026-02-14T06:21:29.165+0000] {processor.py:840} INFO - DAG(s) 'product_price_pipeline' retrieved from /opt/airflow/dags/product_pipeline_dag.py
[2026-02-14T06:21:29.240+0000] {logging_mixin.py:188} INFO - [2026-02-14T06:21:29.238+0000] {dag.py:3089} INFO - Sync 1 DAGs
[2026-02-14T06:21:29.280+0000] {logging_mixin.py:188} INFO - [2026-02-14T06:21:29.279+0000] {dag.py:3947} INFO - Setting next_dagrun for product_price_pipeline to 2026-02-14 00:00:00+00:00, run_after=2026-02-15 00:00:00+00:00
[2026-02-14T06:21:29.334+0000] {processor.py:183} INFO - Processing /opt/airflow/dags/product_pipeline_dag.py took 0.241 seconds
[2026-02-14T06:22:01.342+0000] {processor.py:161} INFO - Started process (PID=5913) to work on /opt/airflow/dags/product_pipeline_dag.py
[2026-02-14T06:22:01.344+0000] {processor.py:830} INFO - Processing file /opt/airflow/dags/product_pipeline_dag.py for tasks to queue
[2026-02-14T06:22:01.347+0000] {logging_mixin.py:188} INFO - [2026-02-14T06:22:01.347+0000] {dagbag.py:545} INFO - Filling up the DagBag from /opt/airflow/dags/product_pipeline_dag.py
[2026-02-14T06:22:01.398+0000] {processor.py:840} INFO - DAG(s) 'product_price_pipeline' retrieved from /opt/airflow/dags/product_pipeline_dag.py
[2026-02-14T06:22:01.457+0000] {logging_mixin.py:188} INFO - [2026-02-14T06:22:01.457+0000] {dag.py:3089} INFO - Sync 1 DAGs
[2026-02-14T06:22:01.503+0000] {logging_mixin.py:188} INFO - [2026-02-14T06:22:01.502+0000] {dag.py:3947} INFO - Setting next_dagrun for product_price_pipeline to 2026-02-14 00:00:00+00:00, run_after=2026-02-15 00:00:00+00:00
[2026-02-14T06:22:01.549+0000] {processor.py:183} INFO - Processing /opt/airflow/dags/product_pipeline_dag.py took 0.216 seconds
[2026-02-14T06:22:32.601+0000] {processor.py:161} INFO - Started process (PID=5942) to work on /opt/airflow/dags/product_pipeline_dag.py
[2026-02-14T06:22:32.604+0000] {processor.py:830} INFO - Processing file /opt/airflow/dags/product_pipeline_dag.py for tasks to queue
[2026-02-14T06:22:32.608+0000] {logging_mixin.py:188} INFO - [2026-02-14T06:22:32.607+0000] {dagbag.py:545} INFO - Filling up the DagBag from /opt/airflow/dags/product_pipeline_dag.py
[2026-02-14T06:22:32.675+0000] {processor.py:840} INFO - DAG(s) 'product_price_pipeline' retrieved from /opt/airflow/dags/product_pipeline_dag.py
[2026-02-14T06:22:32.730+0000] {logging_mixin.py:188} INFO - [2026-02-14T06:22:32.729+0000] {dag.py:3089} INFO - Sync 1 DAGs
[2026-02-14T06:22:32.761+0000] {logging_mixin.py:188} INFO - [2026-02-14T06:22:32.761+0000] {dag.py:3947} INFO - Setting next_dagrun for product_price_pipeline to 2026-02-14 00:00:00+00:00, run_after=2026-02-15 00:00:00+00:00
[2026-02-14T06:22:32.901+0000] {processor.py:183} INFO - Processing /opt/airflow/dags/product_pipeline_dag.py took 0.313 seconds
[2026-02-14T06:23:04.236+0000] {processor.py:161} INFO - Started process (PID=5971) to work on /opt/airflow/dags/product_pipeline_dag.py
[2026-02-14T06:23:04.239+0000] {processor.py:830} INFO - Processing file /opt/airflow/dags/product_pipeline_dag.py for tasks to queue
[2026-02-14T06:23:04.242+0000] {logging_mixin.py:188} INFO - [2026-02-14T06:23:04.241+0000] {dagbag.py:545} INFO - Filling up the DagBag from /opt/airflow/dags/product_pipeline_dag.py
[2026-02-14T06:23:04.309+0000] {processor.py:840} INFO - DAG(s) 'product_price_pipeline' retrieved from /opt/airflow/dags/product_pipeline_dag.py
[2026-02-14T06:23:04.355+0000] {logging_mixin.py:188} INFO - [2026-02-14T06:23:04.355+0000] {dag.py:3089} INFO - Sync 1 DAGs
[2026-02-14T06:23:04.398+0000] {logging_mixin.py:188} INFO - [2026-02-14T06:23:04.398+0000] {dag.py:3947} INFO - Setting next_dagrun for product_price_pipeline to 2026-02-14 00:00:00+00:00, run_after=2026-02-15 00:00:00+00:00
[2026-02-14T06:23:04.432+0000] {processor.py:183} INFO - Processing /opt/airflow/dags/product_pipeline_dag.py took 0.203 seconds
[2026-02-14T06:23:37.285+0000] {processor.py:161} INFO - Started process (PID=6000) to work on /opt/airflow/dags/product_pipeline_dag.py
[2026-02-14T06:23:37.286+0000] {processor.py:830} INFO - Processing file /opt/airflow/dags/product_pipeline_dag.py for tasks to queue
[2026-02-14T06:23:37.289+0000] {logging_mixin.py:188} INFO - [2026-02-14T06:23:37.289+0000] {dagbag.py:545} INFO - Filling up the DagBag from /opt/airflow/dags/product_pipeline_dag.py
[2026-02-14T06:23:37.338+0000] {processor.py:840} INFO - DAG(s) 'product_price_pipeline' retrieved from /opt/airflow/dags/product_pipeline_dag.py
[2026-02-14T06:23:37.394+0000] {logging_mixin.py:188} INFO - [2026-02-14T06:23:37.394+0000] {dag.py:3089} INFO - Sync 1 DAGs
[2026-02-14T06:23:37.424+0000] {logging_mixin.py:188} INFO - [2026-02-14T06:23:37.424+0000] {dag.py:3947} INFO - Setting next_dagrun for product_price_pipeline to 2026-02-14 00:00:00+00:00, run_after=2026-02-15 00:00:00+00:00
[2026-02-14T06:23:37.464+0000] {processor.py:183} INFO - Processing /opt/airflow/dags/product_pipeline_dag.py took 0.188 seconds
[2026-02-14T06:24:08.978+0000] {processor.py:161} INFO - Started process (PID=6029) to work on /opt/airflow/dags/product_pipeline_dag.py
[2026-02-14T06:24:08.980+0000] {processor.py:830} INFO - Processing file /opt/airflow/dags/product_pipeline_dag.py for tasks to queue
[2026-02-14T06:24:08.984+0000] {logging_mixin.py:188} INFO - [2026-02-14T06:24:08.983+0000] {dagbag.py:545} INFO - Filling up the DagBag from /opt/airflow/dags/product_pipeline_dag.py
[2026-02-14T06:24:09.052+0000] {processor.py:840} INFO - DAG(s) 'product_price_pipeline' retrieved from /opt/airflow/dags/product_pipeline_dag.py
[2026-02-14T06:24:09.127+0000] {logging_mixin.py:188} INFO - [2026-02-14T06:24:09.126+0000] {dag.py:3089} INFO - Sync 1 DAGs
[2026-02-14T06:24:09.166+0000] {logging_mixin.py:188} INFO - [2026-02-14T06:24:09.165+0000] {dag.py:3947} INFO - Setting next_dagrun for product_price_pipeline to 2026-02-14 00:00:00+00:00, run_after=2026-02-15 00:00:00+00:00
[2026-02-14T06:24:09.213+0000] {processor.py:183} INFO - Processing /opt/airflow/dags/product_pipeline_dag.py took 0.247 seconds
[2026-02-14T06:33:25.793+0000] {processor.py:161} INFO - Started process (PID=6068) to work on /opt/airflow/dags/product_pipeline_dag.py
[2026-02-14T06:33:25.796+0000] {processor.py:830} INFO - Processing file /opt/airflow/dags/product_pipeline_dag.py for tasks to queue
[2026-02-14T06:33:25.802+0000] {logging_mixin.py:188} INFO - [2026-02-14T06:33:25.801+0000] {dagbag.py:545} INFO - Filling up the DagBag from /opt/airflow/dags/product_pipeline_dag.py
[2026-02-14T06:33:25.903+0000] {processor.py:840} INFO - DAG(s) 'product_price_pipeline' retrieved from /opt/airflow/dags/product_pipeline_dag.py
[2026-02-14T06:33:26.013+0000] {logging_mixin.py:188} INFO - [2026-02-14T06:33:26.012+0000] {dag.py:3089} INFO - Sync 1 DAGs
[2026-02-14T06:33:28.210+0000] {logging_mixin.py:188} INFO - [2026-02-14T06:33:28.210+0000] {dag.py:3947} INFO - Setting next_dagrun for product_price_pipeline to 2026-02-14 00:00:00+00:00, run_after=2026-02-15 00:00:00+00:00
[2026-02-14T06:33:28.292+0000] {processor.py:183} INFO - Processing /opt/airflow/dags/product_pipeline_dag.py took 0.402 seconds
[2026-02-14T06:34:04.596+0000] {processor.py:161} INFO - Started process (PID=6097) to work on /opt/airflow/dags/product_pipeline_dag.py
[2026-02-14T06:34:04.599+0000] {processor.py:830} INFO - Processing file /opt/airflow/dags/product_pipeline_dag.py for tasks to queue
[2026-02-14T06:34:04.604+0000] {logging_mixin.py:188} INFO - [2026-02-14T06:34:04.603+0000] {dagbag.py:545} INFO - Filling up the DagBag from /opt/airflow/dags/product_pipeline_dag.py
[2026-02-14T06:34:04.698+0000] {processor.py:840} INFO - DAG(s) 'product_price_pipeline' retrieved from /opt/airflow/dags/product_pipeline_dag.py
[2026-02-14T06:34:04.812+0000] {logging_mixin.py:188} INFO - [2026-02-14T06:34:04.811+0000] {dag.py:3089} INFO - Sync 1 DAGs
[2026-02-14T06:34:04.894+0000] {logging_mixin.py:188} INFO - [2026-02-14T06:34:04.894+0000] {dag.py:3947} INFO - Setting next_dagrun for product_price_pipeline to 2026-02-14 00:00:00+00:00, run_after=2026-02-15 00:00:00+00:00
[2026-02-14T06:34:04.956+0000] {processor.py:183} INFO - Processing /opt/airflow/dags/product_pipeline_dag.py took 0.376 seconds
[2026-02-14T06:34:39.194+0000] {processor.py:161} INFO - Started process (PID=6126) to work on /opt/airflow/dags/product_pipeline_dag.py
[2026-02-14T06:34:39.200+0000] {processor.py:830} INFO - Processing file /opt/airflow/dags/product_pipeline_dag.py for tasks to queue
[2026-02-14T06:34:39.204+0000] {logging_mixin.py:188} INFO - [2026-02-14T06:34:39.203+0000] {dagbag.py:545} INFO - Filling up the DagBag from /opt/airflow/dags/product_pipeline_dag.py
[2026-02-14T06:34:39.287+0000] {processor.py:840} INFO - DAG(s) 'product_price_pipeline' retrieved from /opt/airflow/dags/product_pipeline_dag.py
[2026-02-14T06:34:39.395+0000] {logging_mixin.py:188} INFO - [2026-02-14T06:34:39.394+0000] {dag.py:3089} INFO - Sync 1 DAGs
[2026-02-14T06:34:39.490+0000] {logging_mixin.py:188} INFO - [2026-02-14T06:34:39.489+0000] {dag.py:3947} INFO - Setting next_dagrun for product_price_pipeline to 2026-02-14 00:00:00+00:00, run_after=2026-02-15 00:00:00+00:00
[2026-02-14T06:34:39.558+0000] {processor.py:183} INFO - Processing /opt/airflow/dags/product_pipeline_dag.py took 0.372 seconds
[2026-02-14T06:35:21.094+0000] {processor.py:161} INFO - Started process (PID=6155) to work on /opt/airflow/dags/product_pipeline_dag.py
[2026-02-14T06:35:21.098+0000] {processor.py:830} INFO - Processing file /opt/airflow/dags/product_pipeline_dag.py for tasks to queue
[2026-02-14T06:35:21.103+0000] {logging_mixin.py:188} INFO - [2026-02-14T06:35:21.102+0000] {dagbag.py:545} INFO - Filling up the DagBag from /opt/airflow/dags/product_pipeline_dag.py
[2026-02-14T06:35:21.227+0000] {processor.py:840} INFO - DAG(s) 'product_price_pipeline' retrieved from /opt/airflow/dags/product_pipeline_dag.py
[2026-02-14T06:35:21.352+0000] {logging_mixin.py:188} INFO - [2026-02-14T06:35:21.352+0000] {dag.py:3089} INFO - Sync 1 DAGs
[2026-02-14T06:35:21.432+0000] {logging_mixin.py:188} INFO - [2026-02-14T06:35:21.431+0000] {dag.py:3947} INFO - Setting next_dagrun for product_price_pipeline to 2026-02-14 00:00:00+00:00, run_after=2026-02-15 00:00:00+00:00
[2026-02-14T06:35:21.495+0000] {processor.py:183} INFO - Processing /opt/airflow/dags/product_pipeline_dag.py took 0.412 seconds
[2026-02-14T06:35:52.630+0000] {processor.py:161} INFO - Started process (PID=6184) to work on /opt/airflow/dags/product_pipeline_dag.py
[2026-02-14T06:35:52.634+0000] {processor.py:830} INFO - Processing file /opt/airflow/dags/product_pipeline_dag.py for tasks to queue
[2026-02-14T06:35:52.637+0000] {logging_mixin.py:188} INFO - [2026-02-14T06:35:52.637+0000] {dagbag.py:545} INFO - Filling up the DagBag from /opt/airflow/dags/product_pipeline_dag.py
[2026-02-14T06:35:52.720+0000] {processor.py:840} INFO - DAG(s) 'product_price_pipeline' retrieved from /opt/airflow/dags/product_pipeline_dag.py
[2026-02-14T06:35:52.780+0000] {logging_mixin.py:188} INFO - [2026-02-14T06:35:52.779+0000] {dag.py:3089} INFO - Sync 1 DAGs
[2026-02-14T06:35:52.814+0000] {logging_mixin.py:188} INFO - [2026-02-14T06:35:52.813+0000] {dag.py:3947} INFO - Setting next_dagrun for product_price_pipeline to 2026-02-14 00:00:00+00:00, run_after=2026-02-15 00:00:00+00:00
[2026-02-14T06:35:52.866+0000] {processor.py:183} INFO - Processing /opt/airflow/dags/product_pipeline_dag.py took 0.249 seconds
[2026-02-14T06:36:25.045+0000] {processor.py:161} INFO - Started process (PID=6213) to work on /opt/airflow/dags/product_pipeline_dag.py
[2026-02-14T06:36:25.048+0000] {processor.py:830} INFO - Processing file /opt/airflow/dags/product_pipeline_dag.py for tasks to queue
[2026-02-14T06:36:25.051+0000] {logging_mixin.py:188} INFO - [2026-02-14T06:36:25.051+0000] {dagbag.py:545} INFO - Filling up the DagBag from /opt/airflow/dags/product_pipeline_dag.py
[2026-02-14T06:36:25.102+0000] {processor.py:840} INFO - DAG(s) 'product_price_pipeline' retrieved from /opt/airflow/dags/product_pipeline_dag.py
[2026-02-14T06:36:25.176+0000] {logging_mixin.py:188} INFO - [2026-02-14T06:36:25.175+0000] {dag.py:3089} INFO - Sync 1 DAGs
[2026-02-14T06:36:25.238+0000] {logging_mixin.py:188} INFO - [2026-02-14T06:36:25.237+0000] {dag.py:3947} INFO - Setting next_dagrun for product_price_pipeline to 2026-02-14 00:00:00+00:00, run_after=2026-02-15 00:00:00+00:00
[2026-02-14T06:36:25.312+0000] {processor.py:183} INFO - Processing /opt/airflow/dags/product_pipeline_dag.py took 0.278 seconds
[2026-02-14T06:36:57.162+0000] {processor.py:161} INFO - Started process (PID=6242) to work on /opt/airflow/dags/product_pipeline_dag.py
[2026-02-14T06:36:57.165+0000] {processor.py:830} INFO - Processing file /opt/airflow/dags/product_pipeline_dag.py for tasks to queue
[2026-02-14T06:36:57.172+0000] {logging_mixin.py:188} INFO - [2026-02-14T06:36:57.171+0000] {dagbag.py:545} INFO - Filling up the DagBag from /opt/airflow/dags/product_pipeline_dag.py
[2026-02-14T06:36:57.238+0000] {processor.py:840} INFO - DAG(s) 'product_price_pipeline' retrieved from /opt/airflow/dags/product_pipeline_dag.py
[2026-02-14T06:36:57.316+0000] {logging_mixin.py:188} INFO - [2026-02-14T06:36:57.315+0000] {dag.py:3089} INFO - Sync 1 DAGs
[2026-02-14T06:36:57.357+0000] {logging_mixin.py:188} INFO - [2026-02-14T06:36:57.357+0000] {dag.py:3947} INFO - Setting next_dagrun for product_price_pipeline to 2026-02-14 00:00:00+00:00, run_after=2026-02-15 00:00:00+00:00
[2026-02-14T06:36:57.401+0000] {processor.py:183} INFO - Processing /opt/airflow/dags/product_pipeline_dag.py took 0.249 seconds
[2026-02-14T06:37:29.282+0000] {processor.py:161} INFO - Started process (PID=6271) to work on /opt/airflow/dags/product_pipeline_dag.py
[2026-02-14T06:37:29.287+0000] {processor.py:830} INFO - Processing file /opt/airflow/dags/product_pipeline_dag.py for tasks to queue
[2026-02-14T06:37:29.295+0000] {logging_mixin.py:188} INFO - [2026-02-14T06:37:29.293+0000] {dagbag.py:545} INFO - Filling up the DagBag from /opt/airflow/dags/product_pipeline_dag.py
[2026-02-14T06:37:29.387+0000] {processor.py:840} INFO - DAG(s) 'product_price_pipeline' retrieved from /opt/airflow/dags/product_pipeline_dag.py
[2026-02-14T06:37:29.498+0000] {logging_mixin.py:188} INFO - [2026-02-14T06:37:29.497+0000] {dag.py:3089} INFO - Sync 1 DAGs
[2026-02-14T06:37:29.554+0000] {logging_mixin.py:188} INFO - [2026-02-14T06:37:29.552+0000] {dag.py:3947} INFO - Setting next_dagrun for product_price_pipeline to 2026-02-14 00:00:00+00:00, run_after=2026-02-15 00:00:00+00:00
[2026-02-14T06:37:29.601+0000] {processor.py:183} INFO - Processing /opt/airflow/dags/product_pipeline_dag.py took 0.346 seconds
[2026-02-14T06:38:00.545+0000] {processor.py:161} INFO - Started process (PID=6299) to work on /opt/airflow/dags/product_pipeline_dag.py
[2026-02-14T06:38:00.548+0000] {processor.py:830} INFO - Processing file /opt/airflow/dags/product_pipeline_dag.py for tasks to queue
[2026-02-14T06:38:00.552+0000] {logging_mixin.py:188} INFO - [2026-02-14T06:38:00.552+0000] {dagbag.py:545} INFO - Filling up the DagBag from /opt/airflow/dags/product_pipeline_dag.py
[2026-02-14T06:38:00.601+0000] {processor.py:840} INFO - DAG(s) 'product_price_pipeline' retrieved from /opt/airflow/dags/product_pipeline_dag.py
[2026-02-14T06:38:00.685+0000] {logging_mixin.py:188} INFO - [2026-02-14T06:38:00.684+0000] {dag.py:3089} INFO - Sync 1 DAGs
[2026-02-14T06:38:00.735+0000] {logging_mixin.py:188} INFO - [2026-02-14T06:38:00.735+0000] {dag.py:3947} INFO - Setting next_dagrun for product_price_pipeline to 2026-02-14 00:00:00+00:00, run_after=2026-02-15 00:00:00+00:00
[2026-02-14T06:38:00.780+0000] {processor.py:183} INFO - Processing /opt/airflow/dags/product_pipeline_dag.py took 0.245 seconds
[2026-02-14T06:38:31.297+0000] {processor.py:161} INFO - Started process (PID=6323) to work on /opt/airflow/dags/product_pipeline_dag.py
[2026-02-14T06:38:31.300+0000] {processor.py:830} INFO - Processing file /opt/airflow/dags/product_pipeline_dag.py for tasks to queue
[2026-02-14T06:38:31.302+0000] {logging_mixin.py:188} INFO - [2026-02-14T06:38:31.302+0000] {dagbag.py:545} INFO - Filling up the DagBag from /opt/airflow/dags/product_pipeline_dag.py
[2026-02-14T06:38:31.353+0000] {processor.py:840} INFO - DAG(s) 'product_price_pipeline' retrieved from /opt/airflow/dags/product_pipeline_dag.py
[2026-02-14T06:38:31.404+0000] {logging_mixin.py:188} INFO - [2026-02-14T06:38:31.404+0000] {dag.py:3089} INFO - Sync 1 DAGs
[2026-02-14T06:38:31.437+0000] {logging_mixin.py:188} INFO - [2026-02-14T06:38:31.437+0000] {dag.py:3947} INFO - Setting next_dagrun for product_price_pipeline to 2026-02-14 00:00:00+00:00, run_after=2026-02-15 00:00:00+00:00
[2026-02-14T06:38:31.474+0000] {processor.py:183} INFO - Processing /opt/airflow/dags/product_pipeline_dag.py took 0.185 seconds
[2026-02-14T06:39:02.738+0000] {processor.py:161} INFO - Started process (PID=6352) to work on /opt/airflow/dags/product_pipeline_dag.py
[2026-02-14T06:39:02.740+0000] {processor.py:830} INFO - Processing file /opt/airflow/dags/product_pipeline_dag.py for tasks to queue
[2026-02-14T06:39:02.744+0000] {logging_mixin.py:188} INFO - [2026-02-14T06:39:02.743+0000] {dagbag.py:545} INFO - Filling up the DagBag from /opt/airflow/dags/product_pipeline_dag.py
[2026-02-14T06:39:02.790+0000] {processor.py:840} INFO - DAG(s) 'product_price_pipeline' retrieved from /opt/airflow/dags/product_pipeline_dag.py
[2026-02-14T06:39:02.853+0000] {logging_mixin.py:188} INFO - [2026-02-14T06:39:02.853+0000] {dag.py:3089} INFO - Sync 1 DAGs
[2026-02-14T06:39:02.898+0000] {logging_mixin.py:188} INFO - [2026-02-14T06:39:02.898+0000] {dag.py:3947} INFO - Setting next_dagrun for product_price_pipeline to 2026-02-14 00:00:00+00:00, run_after=2026-02-15 00:00:00+00:00
[2026-02-14T06:39:02.951+0000] {processor.py:183} INFO - Processing /opt/airflow/dags/product_pipeline_dag.py took 0.227 seconds
[2026-02-14T06:39:34.447+0000] {processor.py:161} INFO - Started process (PID=6381) to work on /opt/airflow/dags/product_pipeline_dag.py
[2026-02-14T06:39:34.452+0000] {processor.py:830} INFO - Processing file /opt/airflow/dags/product_pipeline_dag.py for tasks to queue
[2026-02-14T06:39:34.460+0000] {logging_mixin.py:188} INFO - [2026-02-14T06:39:34.458+0000] {dagbag.py:545} INFO - Filling up the DagBag from /opt/airflow/dags/product_pipeline_dag.py
[2026-02-14T06:39:34.535+0000] {processor.py:840} INFO - DAG(s) 'product_price_pipeline' retrieved from /opt/airflow/dags/product_pipeline_dag.py
[2026-02-14T06:39:34.622+0000] {logging_mixin.py:188} INFO - [2026-02-14T06:39:34.621+0000] {dag.py:3089} INFO - Sync 1 DAGs
[2026-02-14T06:39:34.708+0000] {logging_mixin.py:188} INFO - [2026-02-14T06:39:34.707+0000] {dag.py:3947} INFO - Setting next_dagrun for product_price_pipeline to 2026-02-14 00:00:00+00:00, run_after=2026-02-15 00:00:00+00:00
[2026-02-14T06:39:34.785+0000] {processor.py:183} INFO - Processing /opt/airflow/dags/product_pipeline_dag.py took 0.358 seconds
[2026-02-14T06:40:06.134+0000] {processor.py:161} INFO - Started process (PID=6410) to work on /opt/airflow/dags/product_pipeline_dag.py
[2026-02-14T06:40:06.138+0000] {processor.py:830} INFO - Processing file /opt/airflow/dags/product_pipeline_dag.py for tasks to queue
[2026-02-14T06:40:06.144+0000] {logging_mixin.py:188} INFO - [2026-02-14T06:40:06.142+0000] {dagbag.py:545} INFO - Filling up the DagBag from /opt/airflow/dags/product_pipeline_dag.py
[2026-02-14T06:40:06.261+0000] {processor.py:840} INFO - DAG(s) 'product_price_pipeline' retrieved from /opt/airflow/dags/product_pipeline_dag.py
[2026-02-14T06:40:06.400+0000] {logging_mixin.py:188} INFO - [2026-02-14T06:40:06.399+0000] {dag.py:3089} INFO - Sync 1 DAGs
[2026-02-14T06:40:06.545+0000] {logging_mixin.py:188} INFO - [2026-02-14T06:40:06.544+0000] {dag.py:3947} INFO - Setting next_dagrun for product_price_pipeline to 2026-02-14 00:00:00+00:00, run_after=2026-02-15 00:00:00+00:00
[2026-02-14T06:40:06.600+0000] {processor.py:183} INFO - Processing /opt/airflow/dags/product_pipeline_dag.py took 0.482 seconds
[2026-02-14T06:40:40.562+0000] {processor.py:161} INFO - Started process (PID=6439) to work on /opt/airflow/dags/product_pipeline_dag.py
[2026-02-14T06:40:40.565+0000] {processor.py:830} INFO - Processing file /opt/airflow/dags/product_pipeline_dag.py for tasks to queue
[2026-02-14T06:40:40.571+0000] {logging_mixin.py:188} INFO - [2026-02-14T06:40:40.570+0000] {dagbag.py:545} INFO - Filling up the DagBag from /opt/airflow/dags/product_pipeline_dag.py
[2026-02-14T06:40:40.673+0000] {processor.py:840} INFO - DAG(s) 'product_price_pipeline' retrieved from /opt/airflow/dags/product_pipeline_dag.py
[2026-02-14T06:40:40.821+0000] {logging_mixin.py:188} INFO - [2026-02-14T06:40:40.820+0000] {dag.py:3089} INFO - Sync 1 DAGs
[2026-02-14T06:40:40.992+0000] {logging_mixin.py:188} INFO - [2026-02-14T06:40:40.991+0000] {dag.py:3947} INFO - Setting next_dagrun for product_price_pipeline to 2026-02-14 00:00:00+00:00, run_after=2026-02-15 00:00:00+00:00
[2026-02-14T06:40:41.153+0000] {processor.py:183} INFO - Processing /opt/airflow/dags/product_pipeline_dag.py took 0.604 seconds
[2026-02-14T06:41:12.431+0000] {processor.py:161} INFO - Started process (PID=6464) to work on /opt/airflow/dags/product_pipeline_dag.py
[2026-02-14T06:41:12.433+0000] {processor.py:830} INFO - Processing file /opt/airflow/dags/product_pipeline_dag.py for tasks to queue
[2026-02-14T06:41:12.437+0000] {logging_mixin.py:188} INFO - [2026-02-14T06:41:12.436+0000] {dagbag.py:545} INFO - Filling up the DagBag from /opt/airflow/dags/product_pipeline_dag.py
[2026-02-14T06:41:12.489+0000] {processor.py:840} INFO - DAG(s) 'product_price_pipeline' retrieved from /opt/airflow/dags/product_pipeline_dag.py
[2026-02-14T06:41:12.542+0000] {logging_mixin.py:188} INFO - [2026-02-14T06:41:12.542+0000] {dag.py:3089} INFO - Sync 1 DAGs
[2026-02-14T06:41:12.581+0000] {logging_mixin.py:188} INFO - [2026-02-14T06:41:12.580+0000] {dag.py:3947} INFO - Setting next_dagrun for product_price_pipeline to 2026-02-14 00:00:00+00:00, run_after=2026-02-15 00:00:00+00:00
[2026-02-14T06:41:12.616+0000] {processor.py:183} INFO - Processing /opt/airflow/dags/product_pipeline_dag.py took 0.196 seconds
[2026-02-14T06:41:43.589+0000] {processor.py:161} INFO - Started process (PID=6491) to work on /opt/airflow/dags/product_pipeline_dag.py
[2026-02-14T06:41:43.591+0000] {processor.py:830} INFO - Processing file /opt/airflow/dags/product_pipeline_dag.py for tasks to queue
[2026-02-14T06:41:43.595+0000] {logging_mixin.py:188} INFO - [2026-02-14T06:41:43.595+0000] {dagbag.py:545} INFO - Filling up the DagBag from /opt/airflow/dags/product_pipeline_dag.py
[2026-02-14T06:41:43.649+0000] {processor.py:840} INFO - DAG(s) 'product_price_pipeline' retrieved from /opt/airflow/dags/product_pipeline_dag.py
[2026-02-14T06:41:43.720+0000] {logging_mixin.py:188} INFO - [2026-02-14T06:41:43.719+0000] {dag.py:3089} INFO - Sync 1 DAGs
[2026-02-14T06:41:43.770+0000] {logging_mixin.py:188} INFO - [2026-02-14T06:41:43.769+0000] {dag.py:3947} INFO - Setting next_dagrun for product_price_pipeline to 2026-02-14 00:00:00+00:00, run_after=2026-02-15 00:00:00+00:00
[2026-02-14T06:41:43.817+0000] {processor.py:183} INFO - Processing /opt/airflow/dags/product_pipeline_dag.py took 0.241 seconds
[2026-02-14T06:42:15.437+0000] {processor.py:161} INFO - Started process (PID=6520) to work on /opt/airflow/dags/product_pipeline_dag.py
[2026-02-14T06:42:15.440+0000] {processor.py:830} INFO - Processing file /opt/airflow/dags/product_pipeline_dag.py for tasks to queue
[2026-02-14T06:42:15.446+0000] {logging_mixin.py:188} INFO - [2026-02-14T06:42:15.445+0000] {dagbag.py:545} INFO - Filling up the DagBag from /opt/airflow/dags/product_pipeline_dag.py
[2026-02-14T06:42:15.512+0000] {processor.py:840} INFO - DAG(s) 'product_price_pipeline' retrieved from /opt/airflow/dags/product_pipeline_dag.py
[2026-02-14T06:42:15.590+0000] {logging_mixin.py:188} INFO - [2026-02-14T06:42:15.589+0000] {dag.py:3089} INFO - Sync 1 DAGs
[2026-02-14T06:42:15.651+0000] {logging_mixin.py:188} INFO - [2026-02-14T06:42:15.649+0000] {dag.py:3947} INFO - Setting next_dagrun for product_price_pipeline to 2026-02-14 00:00:00+00:00, run_after=2026-02-15 00:00:00+00:00
[2026-02-14T06:42:15.696+0000] {processor.py:183} INFO - Processing /opt/airflow/dags/product_pipeline_dag.py took 0.276 seconds
[2026-02-14T06:42:48.309+0000] {processor.py:161} INFO - Started process (PID=6551) to work on /opt/airflow/dags/product_pipeline_dag.py
[2026-02-14T06:42:48.311+0000] {processor.py:830} INFO - Processing file /opt/airflow/dags/product_pipeline_dag.py for tasks to queue
[2026-02-14T06:42:48.316+0000] {logging_mixin.py:188} INFO - [2026-02-14T06:42:48.315+0000] {dagbag.py:545} INFO - Filling up the DagBag from /opt/airflow/dags/product_pipeline_dag.py
[2026-02-14T06:42:48.376+0000] {processor.py:840} INFO - DAG(s) 'product_price_pipeline' retrieved from /opt/airflow/dags/product_pipeline_dag.py
[2026-02-14T06:42:48.444+0000] {logging_mixin.py:188} INFO - [2026-02-14T06:42:48.443+0000] {dag.py:3089} INFO - Sync 1 DAGs
[2026-02-14T06:42:48.494+0000] {logging_mixin.py:188} INFO - [2026-02-14T06:42:48.493+0000] {dag.py:3947} INFO - Setting next_dagrun for product_price_pipeline to 2026-02-14 00:00:00+00:00, run_after=2026-02-15 00:00:00+00:00
[2026-02-14T06:42:48.555+0000] {processor.py:183} INFO - Processing /opt/airflow/dags/product_pipeline_dag.py took 0.259 seconds
[2026-02-14T06:43:20.585+0000] {processor.py:161} INFO - Started process (PID=6580) to work on /opt/airflow/dags/product_pipeline_dag.py
[2026-02-14T06:43:20.589+0000] {processor.py:830} INFO - Processing file /opt/airflow/dags/product_pipeline_dag.py for tasks to queue
[2026-02-14T06:43:20.594+0000] {logging_mixin.py:188} INFO - [2026-02-14T06:43:20.593+0000] {dagbag.py:545} INFO - Filling up the DagBag from /opt/airflow/dags/product_pipeline_dag.py
[2026-02-14T06:43:20.680+0000] {processor.py:840} INFO - DAG(s) 'product_price_pipeline' retrieved from /opt/airflow/dags/product_pipeline_dag.py
[2026-02-14T06:43:20.819+0000] {logging_mixin.py:188} INFO - [2026-02-14T06:43:20.818+0000] {dag.py:3089} INFO - Sync 1 DAGs
[2026-02-14T06:43:20.894+0000] {logging_mixin.py:188} INFO - [2026-02-14T06:43:20.893+0000] {dag.py:3947} INFO - Setting next_dagrun for product_price_pipeline to 2026-02-14 00:00:00+00:00, run_after=2026-02-15 00:00:00+00:00
[2026-02-14T06:43:20.974+0000] {processor.py:183} INFO - Processing /opt/airflow/dags/product_pipeline_dag.py took 0.403 seconds
[2026-02-14T06:43:53.275+0000] {processor.py:161} INFO - Started process (PID=6609) to work on /opt/airflow/dags/product_pipeline_dag.py
[2026-02-14T06:43:53.281+0000] {processor.py:830} INFO - Processing file /opt/airflow/dags/product_pipeline_dag.py for tasks to queue
[2026-02-14T06:43:53.288+0000] {logging_mixin.py:188} INFO - [2026-02-14T06:43:53.287+0000] {dagbag.py:545} INFO - Filling up the DagBag from /opt/airflow/dags/product_pipeline_dag.py
[2026-02-14T06:43:53.388+0000] {processor.py:840} INFO - DAG(s) 'product_price_pipeline' retrieved from /opt/airflow/dags/product_pipeline_dag.py
[2026-02-14T06:43:53.515+0000] {logging_mixin.py:188} INFO - [2026-02-14T06:43:53.513+0000] {dag.py:3089} INFO - Sync 1 DAGs
[2026-02-14T06:43:53.630+0000] {logging_mixin.py:188} INFO - [2026-02-14T06:43:53.629+0000] {dag.py:3947} INFO - Setting next_dagrun for product_price_pipeline to 2026-02-14 00:00:00+00:00, run_after=2026-02-15 00:00:00+00:00
[2026-02-14T06:43:53.715+0000] {processor.py:183} INFO - Processing /opt/airflow/dags/product_pipeline_dag.py took 0.458 seconds
[2026-02-14T06:44:29.658+0000] {processor.py:161} INFO - Started process (PID=6638) to work on /opt/airflow/dags/product_pipeline_dag.py
[2026-02-14T06:44:29.663+0000] {processor.py:830} INFO - Processing file /opt/airflow/dags/product_pipeline_dag.py for tasks to queue
[2026-02-14T06:44:29.670+0000] {logging_mixin.py:188} INFO - [2026-02-14T06:44:29.669+0000] {dagbag.py:545} INFO - Filling up the DagBag from /opt/airflow/dags/product_pipeline_dag.py
[2026-02-14T06:44:29.782+0000] {processor.py:840} INFO - DAG(s) 'product_price_pipeline' retrieved from /opt/airflow/dags/product_pipeline_dag.py
[2026-02-14T06:44:29.917+0000] {logging_mixin.py:188} INFO - [2026-02-14T06:44:29.916+0000] {dag.py:3089} INFO - Sync 1 DAGs
[2026-02-14T06:44:30.016+0000] {logging_mixin.py:188} INFO - [2026-02-14T06:44:30.015+0000] {dag.py:3947} INFO - Setting next_dagrun for product_price_pipeline to 2026-02-14 00:00:00+00:00, run_after=2026-02-15 00:00:00+00:00
[2026-02-14T06:44:30.116+0000] {processor.py:183} INFO - Processing /opt/airflow/dags/product_pipeline_dag.py took 0.485 seconds
[2026-02-14T06:45:02.898+0000] {processor.py:161} INFO - Started process (PID=6667) to work on /opt/airflow/dags/product_pipeline_dag.py
[2026-02-14T06:45:02.904+0000] {processor.py:830} INFO - Processing file /opt/airflow/dags/product_pipeline_dag.py for tasks to queue
[2026-02-14T06:45:02.913+0000] {logging_mixin.py:188} INFO - [2026-02-14T06:45:02.911+0000] {dagbag.py:545} INFO - Filling up the DagBag from /opt/airflow/dags/product_pipeline_dag.py
[2026-02-14T06:45:03.023+0000] {processor.py:840} INFO - DAG(s) 'product_price_pipeline' retrieved from /opt/airflow/dags/product_pipeline_dag.py
[2026-02-14T06:45:03.185+0000] {logging_mixin.py:188} INFO - [2026-02-14T06:45:03.184+0000] {dag.py:3089} INFO - Sync 1 DAGs
[2026-02-14T06:45:03.265+0000] {logging_mixin.py:188} INFO - [2026-02-14T06:45:03.263+0000] {dag.py:3947} INFO - Setting next_dagrun for product_price_pipeline to 2026-02-14 00:00:00+00:00, run_after=2026-02-15 00:00:00+00:00
[2026-02-14T06:45:03.356+0000] {processor.py:183} INFO - Processing /opt/airflow/dags/product_pipeline_dag.py took 0.490 seconds
[2026-02-14T06:45:35.483+0000] {processor.py:161} INFO - Started process (PID=6696) to work on /opt/airflow/dags/product_pipeline_dag.py
[2026-02-14T06:45:35.489+0000] {processor.py:830} INFO - Processing file /opt/airflow/dags/product_pipeline_dag.py for tasks to queue
[2026-02-14T06:45:35.500+0000] {logging_mixin.py:188} INFO - [2026-02-14T06:45:35.499+0000] {dagbag.py:545} INFO - Filling up the DagBag from /opt/airflow/dags/product_pipeline_dag.py
[2026-02-14T06:45:35.609+0000] {processor.py:840} INFO - DAG(s) 'product_price_pipeline' retrieved from /opt/airflow/dags/product_pipeline_dag.py
[2026-02-14T06:45:35.730+0000] {logging_mixin.py:188} INFO - [2026-02-14T06:45:35.730+0000] {dag.py:3089} INFO - Sync 1 DAGs
[2026-02-14T06:45:35.801+0000] {logging_mixin.py:188} INFO - [2026-02-14T06:45:35.800+0000] {dag.py:3947} INFO - Setting next_dagrun for product_price_pipeline to 2026-02-14 00:00:00+00:00, run_after=2026-02-15 00:00:00+00:00
[2026-02-14T06:45:35.854+0000] {processor.py:183} INFO - Processing /opt/airflow/dags/product_pipeline_dag.py took 0.396 seconds
[2026-02-14T06:46:07.200+0000] {processor.py:161} INFO - Started process (PID=6723) to work on /opt/airflow/dags/product_pipeline_dag.py
[2026-02-14T06:46:07.203+0000] {processor.py:830} INFO - Processing file /opt/airflow/dags/product_pipeline_dag.py for tasks to queue
[2026-02-14T06:46:07.209+0000] {logging_mixin.py:188} INFO - [2026-02-14T06:46:07.208+0000] {dagbag.py:545} INFO - Filling up the DagBag from /opt/airflow/dags/product_pipeline_dag.py
[2026-02-14T06:46:07.287+0000] {processor.py:840} INFO - DAG(s) 'product_price_pipeline' retrieved from /opt/airflow/dags/product_pipeline_dag.py
[2026-02-14T06:46:07.387+0000] {logging_mixin.py:188} INFO - [2026-02-14T06:46:07.386+0000] {dag.py:3089} INFO - Sync 1 DAGs
[2026-02-14T06:46:07.476+0000] {logging_mixin.py:188} INFO - [2026-02-14T06:46:07.475+0000] {dag.py:3947} INFO - Setting next_dagrun for product_price_pipeline to 2026-02-14 00:00:00+00:00, run_after=2026-02-15 00:00:00+00:00
[2026-02-14T06:46:07.570+0000] {processor.py:183} INFO - Processing /opt/airflow/dags/product_pipeline_dag.py took 0.385 seconds
[2026-02-14T06:46:39.217+0000] {processor.py:161} INFO - Started process (PID=6752) to work on /opt/airflow/dags/product_pipeline_dag.py
[2026-02-14T06:46:39.223+0000] {processor.py:830} INFO - Processing file /opt/airflow/dags/product_pipeline_dag.py for tasks to queue
[2026-02-14T06:46:39.234+0000] {logging_mixin.py:188} INFO - [2026-02-14T06:46:39.232+0000] {dagbag.py:545} INFO - Filling up the DagBag from /opt/airflow/dags/product_pipeline_dag.py
[2026-02-14T06:46:39.348+0000] {processor.py:840} INFO - DAG(s) 'product_price_pipeline' retrieved from /opt/airflow/dags/product_pipeline_dag.py
[2026-02-14T06:46:39.466+0000] {logging_mixin.py:188} INFO - [2026-02-14T06:46:39.465+0000] {dag.py:3089} INFO - Sync 1 DAGs
[2026-02-14T06:46:39.578+0000] {logging_mixin.py:188} INFO - [2026-02-14T06:46:39.576+0000] {dag.py:3947} INFO - Setting next_dagrun for product_price_pipeline to 2026-02-14 00:00:00+00:00, run_after=2026-02-15 00:00:00+00:00
[2026-02-14T06:46:39.711+0000] {processor.py:183} INFO - Processing /opt/airflow/dags/product_pipeline_dag.py took 0.516 seconds
[2026-02-14T06:47:10.394+0000] {processor.py:161} INFO - Started process (PID=6775) to work on /opt/airflow/dags/product_pipeline_dag.py
[2026-02-14T06:47:10.397+0000] {processor.py:830} INFO - Processing file /opt/airflow/dags/product_pipeline_dag.py for tasks to queue
[2026-02-14T06:47:10.404+0000] {logging_mixin.py:188} INFO - [2026-02-14T06:47:10.403+0000] {dagbag.py:545} INFO - Filling up the DagBag from /opt/airflow/dags/product_pipeline_dag.py
[2026-02-14T06:47:10.495+0000] {processor.py:840} INFO - DAG(s) 'product_price_pipeline' retrieved from /opt/airflow/dags/product_pipeline_dag.py
[2026-02-14T06:47:10.657+0000] {logging_mixin.py:188} INFO - [2026-02-14T06:47:10.656+0000] {dag.py:3089} INFO - Sync 1 DAGs
[2026-02-14T06:47:10.811+0000] {logging_mixin.py:188} INFO - [2026-02-14T06:47:10.810+0000] {dag.py:3947} INFO - Setting next_dagrun for product_price_pipeline to 2026-02-14 00:00:00+00:00, run_after=2026-02-15 00:00:00+00:00
[2026-02-14T06:47:10.935+0000] {processor.py:183} INFO - Processing /opt/airflow/dags/product_pipeline_dag.py took 0.557 seconds
[2026-02-14T06:47:41.544+0000] {processor.py:161} INFO - Started process (PID=6800) to work on /opt/airflow/dags/product_pipeline_dag.py
[2026-02-14T06:47:41.563+0000] {processor.py:830} INFO - Processing file /opt/airflow/dags/product_pipeline_dag.py for tasks to queue
[2026-02-14T06:47:41.599+0000] {logging_mixin.py:188} INFO - [2026-02-14T06:47:41.590+0000] {dagbag.py:545} INFO - Filling up the DagBag from /opt/airflow/dags/product_pipeline_dag.py
[2026-02-14T06:47:42.015+0000] {processor.py:840} INFO - DAG(s) 'product_price_pipeline' retrieved from /opt/airflow/dags/product_pipeline_dag.py
[2026-02-14T06:47:42.244+0000] {logging_mixin.py:188} INFO - [2026-02-14T06:47:42.242+0000] {dag.py:3089} INFO - Sync 1 DAGs
[2026-02-14T06:47:42.348+0000] {logging_mixin.py:188} INFO - [2026-02-14T06:47:42.347+0000] {dag.py:3947} INFO - Setting next_dagrun for product_price_pipeline to 2026-02-14 00:00:00+00:00, run_after=2026-02-15 00:00:00+00:00
[2026-02-14T06:47:42.436+0000] {processor.py:183} INFO - Processing /opt/airflow/dags/product_pipeline_dag.py took 0.982 seconds
[2026-02-14T06:48:13.166+0000] {processor.py:161} INFO - Started process (PID=6829) to work on /opt/airflow/dags/product_pipeline_dag.py
[2026-02-14T06:48:13.169+0000] {processor.py:830} INFO - Processing file /opt/airflow/dags/product_pipeline_dag.py for tasks to queue
[2026-02-14T06:48:13.174+0000] {logging_mixin.py:188} INFO - [2026-02-14T06:48:13.173+0000] {dagbag.py:545} INFO - Filling up the DagBag from /opt/airflow/dags/product_pipeline_dag.py
[2026-02-14T06:48:13.241+0000] {processor.py:840} INFO - DAG(s) 'product_price_pipeline' retrieved from /opt/airflow/dags/product_pipeline_dag.py
[2026-02-14T06:48:13.327+0000] {logging_mixin.py:188} INFO - [2026-02-14T06:48:13.326+0000] {dag.py:3089} INFO - Sync 1 DAGs
[2026-02-14T06:48:13.393+0000] {logging_mixin.py:188} INFO - [2026-02-14T06:48:13.392+0000] {dag.py:3947} INFO - Setting next_dagrun for product_price_pipeline to 2026-02-14 00:00:00+00:00, run_after=2026-02-15 00:00:00+00:00
[2026-02-14T06:48:13.464+0000] {processor.py:183} INFO - Processing /opt/airflow/dags/product_pipeline_dag.py took 0.313 seconds
[2026-02-14T06:48:44.509+0000] {processor.py:161} INFO - Started process (PID=6858) to work on /opt/airflow/dags/product_pipeline_dag.py
[2026-02-14T06:48:44.514+0000] {processor.py:830} INFO - Processing file /opt/airflow/dags/product_pipeline_dag.py for tasks to queue
[2026-02-14T06:48:44.522+0000] {logging_mixin.py:188} INFO - [2026-02-14T06:48:44.521+0000] {dagbag.py:545} INFO - Filling up the DagBag from /opt/airflow/dags/product_pipeline_dag.py
[2026-02-14T06:48:44.621+0000] {processor.py:840} INFO - DAG(s) 'product_price_pipeline' retrieved from /opt/airflow/dags/product_pipeline_dag.py
[2026-02-14T06:48:44.756+0000] {logging_mixin.py:188} INFO - [2026-02-14T06:48:44.755+0000] {dag.py:3089} INFO - Sync 1 DAGs
[2026-02-14T06:48:44.853+0000] {logging_mixin.py:188} INFO - [2026-02-14T06:48:44.851+0000] {dag.py:3947} INFO - Setting next_dagrun for product_price_pipeline to 2026-02-14 00:00:00+00:00, run_after=2026-02-15 00:00:00+00:00
[2026-02-14T06:48:44.944+0000] {processor.py:183} INFO - Processing /opt/airflow/dags/product_pipeline_dag.py took 0.451 seconds
[2026-02-14T06:49:15.430+0000] {processor.py:161} INFO - Started process (PID=6887) to work on /opt/airflow/dags/product_pipeline_dag.py
[2026-02-14T06:49:15.433+0000] {processor.py:830} INFO - Processing file /opt/airflow/dags/product_pipeline_dag.py for tasks to queue
[2026-02-14T06:49:15.438+0000] {logging_mixin.py:188} INFO - [2026-02-14T06:49:15.437+0000] {dagbag.py:545} INFO - Filling up the DagBag from /opt/airflow/dags/product_pipeline_dag.py
[2026-02-14T06:49:15.508+0000] {processor.py:840} INFO - DAG(s) 'product_price_pipeline' retrieved from /opt/airflow/dags/product_pipeline_dag.py
[2026-02-14T06:49:15.597+0000] {logging_mixin.py:188} INFO - [2026-02-14T06:49:15.596+0000] {dag.py:3089} INFO - Sync 1 DAGs
[2026-02-14T06:49:15.679+0000] {logging_mixin.py:188} INFO - [2026-02-14T06:49:15.678+0000] {dag.py:3947} INFO - Setting next_dagrun for product_price_pipeline to 2026-02-14 00:00:00+00:00, run_after=2026-02-15 00:00:00+00:00
[2026-02-14T06:49:15.761+0000] {processor.py:183} INFO - Processing /opt/airflow/dags/product_pipeline_dag.py took 0.345 seconds
[2026-02-14T06:49:47.333+0000] {processor.py:161} INFO - Started process (PID=6914) to work on /opt/airflow/dags/product_pipeline_dag.py
[2026-02-14T06:49:47.356+0000] {processor.py:830} INFO - Processing file /opt/airflow/dags/product_pipeline_dag.py for tasks to queue
[2026-02-14T06:49:47.387+0000] {logging_mixin.py:188} INFO - [2026-02-14T06:49:47.383+0000] {dagbag.py:545} INFO - Filling up the DagBag from /opt/airflow/dags/product_pipeline_dag.py
[2026-02-14T06:49:47.780+0000] {processor.py:840} INFO - DAG(s) 'product_price_pipeline' retrieved from /opt/airflow/dags/product_pipeline_dag.py
[2026-02-14T06:49:48.267+0000] {logging_mixin.py:188} INFO - [2026-02-14T06:49:48.265+0000] {dag.py:3089} INFO - Sync 1 DAGs
[2026-02-14T06:49:48.526+0000] {logging_mixin.py:188} INFO - [2026-02-14T06:49:48.523+0000] {dag.py:3947} INFO - Setting next_dagrun for product_price_pipeline to 2026-02-14 00:00:00+00:00, run_after=2026-02-15 00:00:00+00:00
[2026-02-14T06:49:48.772+0000] {processor.py:183} INFO - Processing /opt/airflow/dags/product_pipeline_dag.py took 1.551 seconds
[2026-02-14T06:50:19.591+0000] {processor.py:161} INFO - Started process (PID=6937) to work on /opt/airflow/dags/product_pipeline_dag.py
[2026-02-14T06:50:19.607+0000] {processor.py:830} INFO - Processing file /opt/airflow/dags/product_pipeline_dag.py for tasks to queue
[2026-02-14T06:50:19.648+0000] {logging_mixin.py:188} INFO - [2026-02-14T06:50:19.641+0000] {dagbag.py:545} INFO - Filling up the DagBag from /opt/airflow/dags/product_pipeline_dag.py
[2026-02-14T06:50:20.124+0000] {processor.py:840} INFO - DAG(s) 'product_price_pipeline' retrieved from /opt/airflow/dags/product_pipeline_dag.py
[2026-02-14T06:50:20.816+0000] {logging_mixin.py:188} INFO - [2026-02-14T06:50:20.804+0000] {dag.py:3089} INFO - Sync 1 DAGs
[2026-02-14T06:50:21.502+0000] {logging_mixin.py:188} INFO - [2026-02-14T06:50:21.499+0000] {dag.py:3947} INFO - Setting next_dagrun for product_price_pipeline to 2026-02-14 00:00:00+00:00, run_after=2026-02-15 00:00:00+00:00
[2026-02-14T06:50:21.740+0000] {processor.py:183} INFO - Processing /opt/airflow/dags/product_pipeline_dag.py took 2.313 seconds
[2026-02-14T06:50:52.401+0000] {processor.py:161} INFO - Started process (PID=6962) to work on /opt/airflow/dags/product_pipeline_dag.py
[2026-02-14T06:50:52.414+0000] {processor.py:830} INFO - Processing file /opt/airflow/dags/product_pipeline_dag.py for tasks to queue
[2026-02-14T06:50:52.431+0000] {logging_mixin.py:188} INFO - [2026-02-14T06:50:52.428+0000] {dagbag.py:545} INFO - Filling up the DagBag from /opt/airflow/dags/product_pipeline_dag.py
[2026-02-14T06:50:52.850+0000] {processor.py:840} INFO - DAG(s) 'product_price_pipeline' retrieved from /opt/airflow/dags/product_pipeline_dag.py
[2026-02-14T06:50:53.171+0000] {logging_mixin.py:188} INFO - [2026-02-14T06:50:53.170+0000] {dag.py:3089} INFO - Sync 1 DAGs
[2026-02-14T06:50:53.384+0000] {logging_mixin.py:188} INFO - [2026-02-14T06:50:53.382+0000] {dag.py:3947} INFO - Setting next_dagrun for product_price_pipeline to 2026-02-14 00:00:00+00:00, run_after=2026-02-15 00:00:00+00:00
[2026-02-14T06:50:53.487+0000] {processor.py:183} INFO - Processing /opt/airflow/dags/product_pipeline_dag.py took 1.126 seconds
[2026-02-14T06:51:24.061+0000] {processor.py:161} INFO - Started process (PID=6989) to work on /opt/airflow/dags/product_pipeline_dag.py
[2026-02-14T06:51:24.085+0000] {processor.py:830} INFO - Processing file /opt/airflow/dags/product_pipeline_dag.py for tasks to queue
[2026-02-14T06:51:24.126+0000] {logging_mixin.py:188} INFO - [2026-02-14T06:51:24.123+0000] {dagbag.py:545} INFO - Filling up the DagBag from /opt/airflow/dags/product_pipeline_dag.py
[2026-02-14T06:51:24.402+0000] {processor.py:840} INFO - DAG(s) 'product_price_pipeline' retrieved from /opt/airflow/dags/product_pipeline_dag.py
[2026-02-14T06:51:25.076+0000] {logging_mixin.py:188} INFO - [2026-02-14T06:51:25.065+0000] {dag.py:3089} INFO - Sync 1 DAGs
[2026-02-14T06:51:25.751+0000] {logging_mixin.py:188} INFO - [2026-02-14T06:51:25.749+0000] {dag.py:3947} INFO - Setting next_dagrun for product_price_pipeline to 2026-02-14 00:00:00+00:00, run_after=2026-02-15 00:00:00+00:00
[2026-02-14T06:51:26.027+0000] {processor.py:183} INFO - Processing /opt/airflow/dags/product_pipeline_dag.py took 2.068 seconds
[2026-02-14T06:51:58.828+0000] {processor.py:161} INFO - Started process (PID=7012) to work on /opt/airflow/dags/product_pipeline_dag.py
[2026-02-14T06:51:58.842+0000] {processor.py:830} INFO - Processing file /opt/airflow/dags/product_pipeline_dag.py for tasks to queue
[2026-02-14T06:51:58.862+0000] {logging_mixin.py:188} INFO - [2026-02-14T06:51:58.859+0000] {dagbag.py:545} INFO - Filling up the DagBag from /opt/airflow/dags/product_pipeline_dag.py
[2026-02-14T06:51:59.194+0000] {processor.py:840} INFO - DAG(s) 'product_price_pipeline' retrieved from /opt/airflow/dags/product_pipeline_dag.py
[2026-02-14T06:51:59.399+0000] {logging_mixin.py:188} INFO - [2026-02-14T06:51:59.397+0000] {dag.py:3089} INFO - Sync 1 DAGs
[2026-02-14T06:51:59.552+0000] {logging_mixin.py:188} INFO - [2026-02-14T06:51:59.551+0000] {dag.py:3947} INFO - Setting next_dagrun for product_price_pipeline to 2026-02-14 00:00:00+00:00, run_after=2026-02-15 00:00:00+00:00
[2026-02-14T06:51:59.689+0000] {processor.py:183} INFO - Processing /opt/airflow/dags/product_pipeline_dag.py took 0.950 seconds
[2026-02-14T06:52:40.022+0000] {processor.py:161} INFO - Started process (PID=7041) to work on /opt/airflow/dags/product_pipeline_dag.py
[2026-02-14T06:52:40.032+0000] {processor.py:830} INFO - Processing file /opt/airflow/dags/product_pipeline_dag.py for tasks to queue
[2026-02-14T06:52:40.062+0000] {logging_mixin.py:188} INFO - [2026-02-14T06:52:40.058+0000] {dagbag.py:545} INFO - Filling up the DagBag from /opt/airflow/dags/product_pipeline_dag.py
[2026-02-14T06:52:40.512+0000] {processor.py:840} INFO - DAG(s) 'product_price_pipeline' retrieved from /opt/airflow/dags/product_pipeline_dag.py
[2026-02-14T06:52:41.799+0000] {logging_mixin.py:188} INFO - [2026-02-14T06:52:41.796+0000] {dag.py:3089} INFO - Sync 1 DAGs
[2026-02-14T06:52:42.463+0000] {logging_mixin.py:188} INFO - [2026-02-14T06:52:42.448+0000] {dag.py:3947} INFO - Setting next_dagrun for product_price_pipeline to 2026-02-14 00:00:00+00:00, run_after=2026-02-15 00:00:00+00:00
[2026-02-14T06:52:42.965+0000] {processor.py:183} INFO - Processing /opt/airflow/dags/product_pipeline_dag.py took 3.079 seconds
[2026-02-14T06:53:14.436+0000] {processor.py:161} INFO - Started process (PID=7064) to work on /opt/airflow/dags/product_pipeline_dag.py
[2026-02-14T06:53:14.461+0000] {processor.py:830} INFO - Processing file /opt/airflow/dags/product_pipeline_dag.py for tasks to queue
[2026-02-14T06:53:14.531+0000] {logging_mixin.py:188} INFO - [2026-02-14T06:53:14.528+0000] {dagbag.py:545} INFO - Filling up the DagBag from /opt/airflow/dags/product_pipeline_dag.py
[2026-02-14T06:53:15.038+0000] {processor.py:840} INFO - DAG(s) 'product_price_pipeline' retrieved from /opt/airflow/dags/product_pipeline_dag.py
[2026-02-14T06:53:15.374+0000] {logging_mixin.py:188} INFO - [2026-02-14T06:53:15.372+0000] {dag.py:3089} INFO - Sync 1 DAGs
[2026-02-14T06:53:15.625+0000] {logging_mixin.py:188} INFO - [2026-02-14T06:53:15.623+0000] {dag.py:3947} INFO - Setting next_dagrun for product_price_pipeline to 2026-02-14 00:00:00+00:00, run_after=2026-02-15 00:00:00+00:00
[2026-02-14T06:53:15.767+0000] {processor.py:183} INFO - Processing /opt/airflow/dags/product_pipeline_dag.py took 1.574 seconds
[2026-02-14T06:53:46.271+0000] {processor.py:161} INFO - Started process (PID=7089) to work on /opt/airflow/dags/product_pipeline_dag.py
[2026-02-14T06:53:46.290+0000] {processor.py:830} INFO - Processing file /opt/airflow/dags/product_pipeline_dag.py for tasks to queue
[2026-02-14T06:53:46.359+0000] {logging_mixin.py:188} INFO - [2026-02-14T06:53:46.345+0000] {dagbag.py:545} INFO - Filling up the DagBag from /opt/airflow/dags/product_pipeline_dag.py
[2026-02-14T06:53:46.788+0000] {processor.py:840} INFO - DAG(s) 'product_price_pipeline' retrieved from /opt/airflow/dags/product_pipeline_dag.py
[2026-02-14T06:53:47.182+0000] {logging_mixin.py:188} INFO - [2026-02-14T06:53:47.181+0000] {dag.py:3089} INFO - Sync 1 DAGs
[2026-02-14T06:53:47.411+0000] {logging_mixin.py:188} INFO - [2026-02-14T06:53:47.409+0000] {dag.py:3947} INFO - Setting next_dagrun for product_price_pipeline to 2026-02-14 00:00:00+00:00, run_after=2026-02-15 00:00:00+00:00
[2026-02-14T06:53:47.679+0000] {processor.py:183} INFO - Processing /opt/airflow/dags/product_pipeline_dag.py took 1.528 seconds
[2026-02-14T06:54:19.222+0000] {processor.py:161} INFO - Started process (PID=7116) to work on /opt/airflow/dags/product_pipeline_dag.py
[2026-02-14T06:54:19.235+0000] {processor.py:830} INFO - Processing file /opt/airflow/dags/product_pipeline_dag.py for tasks to queue
[2026-02-14T06:54:19.255+0000] {logging_mixin.py:188} INFO - [2026-02-14T06:54:19.251+0000] {dagbag.py:545} INFO - Filling up the DagBag from /opt/airflow/dags/product_pipeline_dag.py
[2026-02-14T06:54:19.596+0000] {processor.py:840} INFO - DAG(s) 'product_price_pipeline' retrieved from /opt/airflow/dags/product_pipeline_dag.py
[2026-02-14T06:54:20.390+0000] {logging_mixin.py:188} INFO - [2026-02-14T06:54:20.388+0000] {dag.py:3089} INFO - Sync 1 DAGs
[2026-02-14T06:54:20.605+0000] {logging_mixin.py:188} INFO - [2026-02-14T06:54:20.604+0000] {dag.py:3947} INFO - Setting next_dagrun for product_price_pipeline to 2026-02-14 00:00:00+00:00, run_after=2026-02-15 00:00:00+00:00
[2026-02-14T06:54:20.845+0000] {processor.py:183} INFO - Processing /opt/airflow/dags/product_pipeline_dag.py took 1.713 seconds
[2026-02-14T06:54:51.632+0000] {processor.py:161} INFO - Started process (PID=7141) to work on /opt/airflow/dags/product_pipeline_dag.py
[2026-02-14T06:54:51.635+0000] {processor.py:830} INFO - Processing file /opt/airflow/dags/product_pipeline_dag.py for tasks to queue
[2026-02-14T06:54:51.639+0000] {logging_mixin.py:188} INFO - [2026-02-14T06:54:51.639+0000] {dagbag.py:545} INFO - Filling up the DagBag from /opt/airflow/dags/product_pipeline_dag.py
[2026-02-14T06:54:51.688+0000] {processor.py:840} INFO - DAG(s) 'product_price_pipeline' retrieved from /opt/airflow/dags/product_pipeline_dag.py
[2026-02-14T06:54:51.746+0000] {logging_mixin.py:188} INFO - [2026-02-14T06:54:51.746+0000] {dag.py:3089} INFO - Sync 1 DAGs
[2026-02-14T06:54:51.784+0000] {logging_mixin.py:188} INFO - [2026-02-14T06:54:51.784+0000] {dag.py:3947} INFO - Setting next_dagrun for product_price_pipeline to 2026-02-14 00:00:00+00:00, run_after=2026-02-15 00:00:00+00:00
[2026-02-14T06:54:51.825+0000] {processor.py:183} INFO - Processing /opt/airflow/dags/product_pipeline_dag.py took 0.202 seconds
[2026-02-14T06:55:22.004+0000] {processor.py:161} INFO - Started process (PID=7170) to work on /opt/airflow/dags/product_pipeline_dag.py
[2026-02-14T06:55:22.007+0000] {processor.py:830} INFO - Processing file /opt/airflow/dags/product_pipeline_dag.py for tasks to queue
[2026-02-14T06:55:22.010+0000] {logging_mixin.py:188} INFO - [2026-02-14T06:55:22.010+0000] {dagbag.py:545} INFO - Filling up the DagBag from /opt/airflow/dags/product_pipeline_dag.py
[2026-02-14T06:55:22.072+0000] {processor.py:840} INFO - DAG(s) 'product_price_pipeline' retrieved from /opt/airflow/dags/product_pipeline_dag.py
[2026-02-14T06:55:22.157+0000] {logging_mixin.py:188} INFO - [2026-02-14T06:55:22.157+0000] {dag.py:3089} INFO - Sync 1 DAGs
[2026-02-14T06:55:22.224+0000] {logging_mixin.py:188} INFO - [2026-02-14T06:55:22.223+0000] {dag.py:3947} INFO - Setting next_dagrun for product_price_pipeline to 2026-02-14 00:00:00+00:00, run_after=2026-02-15 00:00:00+00:00
[2026-02-14T06:55:22.449+0000] {processor.py:183} INFO - Processing /opt/airflow/dags/product_pipeline_dag.py took 0.454 seconds
[2026-02-14T06:55:52.831+0000] {processor.py:161} INFO - Started process (PID=7199) to work on /opt/airflow/dags/product_pipeline_dag.py
[2026-02-14T06:55:52.833+0000] {processor.py:830} INFO - Processing file /opt/airflow/dags/product_pipeline_dag.py for tasks to queue
[2026-02-14T06:55:52.836+0000] {logging_mixin.py:188} INFO - [2026-02-14T06:55:52.836+0000] {dagbag.py:545} INFO - Filling up the DagBag from /opt/airflow/dags/product_pipeline_dag.py
[2026-02-14T06:55:52.889+0000] {processor.py:840} INFO - DAG(s) 'product_price_pipeline' retrieved from /opt/airflow/dags/product_pipeline_dag.py
[2026-02-14T06:55:52.940+0000] {logging_mixin.py:188} INFO - [2026-02-14T06:55:52.940+0000] {dag.py:3089} INFO - Sync 1 DAGs
[2026-02-14T06:55:52.964+0000] {logging_mixin.py:188} INFO - [2026-02-14T06:55:52.963+0000] {dag.py:3947} INFO - Setting next_dagrun for product_price_pipeline to 2026-02-14 00:00:00+00:00, run_after=2026-02-15 00:00:00+00:00
[2026-02-14T06:55:52.992+0000] {processor.py:183} INFO - Processing /opt/airflow/dags/product_pipeline_dag.py took 0.169 seconds
[2026-02-14T06:56:23.236+0000] {processor.py:161} INFO - Started process (PID=7226) to work on /opt/airflow/dags/product_pipeline_dag.py
[2026-02-14T06:56:23.239+0000] {processor.py:830} INFO - Processing file /opt/airflow/dags/product_pipeline_dag.py for tasks to queue
[2026-02-14T06:56:23.244+0000] {logging_mixin.py:188} INFO - [2026-02-14T06:56:23.243+0000] {dagbag.py:545} INFO - Filling up the DagBag from /opt/airflow/dags/product_pipeline_dag.py
[2026-02-14T06:56:23.306+0000] {processor.py:840} INFO - DAG(s) 'product_price_pipeline' retrieved from /opt/airflow/dags/product_pipeline_dag.py
[2026-02-14T06:56:23.377+0000] {logging_mixin.py:188} INFO - [2026-02-14T06:56:23.376+0000] {dag.py:3089} INFO - Sync 1 DAGs
[2026-02-14T06:56:23.419+0000] {logging_mixin.py:188} INFO - [2026-02-14T06:56:23.418+0000] {dag.py:3947} INFO - Setting next_dagrun for product_price_pipeline to 2026-02-14 00:00:00+00:00, run_after=2026-02-15 00:00:00+00:00
[2026-02-14T06:56:23.457+0000] {processor.py:183} INFO - Processing /opt/airflow/dags/product_pipeline_dag.py took 0.231 seconds
[2026-02-14T06:56:54.658+0000] {processor.py:161} INFO - Started process (PID=7255) to work on /opt/airflow/dags/product_pipeline_dag.py
[2026-02-14T06:56:54.661+0000] {processor.py:830} INFO - Processing file /opt/airflow/dags/product_pipeline_dag.py for tasks to queue
[2026-02-14T06:56:54.667+0000] {logging_mixin.py:188} INFO - [2026-02-14T06:56:54.666+0000] {dagbag.py:545} INFO - Filling up the DagBag from /opt/airflow/dags/product_pipeline_dag.py
[2026-02-14T06:56:54.731+0000] {processor.py:840} INFO - DAG(s) 'product_price_pipeline' retrieved from /opt/airflow/dags/product_pipeline_dag.py
[2026-02-14T06:56:54.804+0000] {logging_mixin.py:188} INFO - [2026-02-14T06:56:54.803+0000] {dag.py:3089} INFO - Sync 1 DAGs
[2026-02-14T06:56:54.854+0000] {logging_mixin.py:188} INFO - [2026-02-14T06:56:54.854+0000] {dag.py:3947} INFO - Setting next_dagrun for product_price_pipeline to 2026-02-14 00:00:00+00:00, run_after=2026-02-15 00:00:00+00:00
[2026-02-14T06:56:54.905+0000] {processor.py:183} INFO - Processing /opt/airflow/dags/product_pipeline_dag.py took 0.263 seconds
[2026-02-14T06:57:26.178+0000] {processor.py:161} INFO - Started process (PID=7284) to work on /opt/airflow/dags/product_pipeline_dag.py
[2026-02-14T06:57:26.182+0000] {processor.py:830} INFO - Processing file /opt/airflow/dags/product_pipeline_dag.py for tasks to queue
[2026-02-14T06:57:26.188+0000] {logging_mixin.py:188} INFO - [2026-02-14T06:57:26.187+0000] {dagbag.py:545} INFO - Filling up the DagBag from /opt/airflow/dags/product_pipeline_dag.py
[2026-02-14T06:57:26.258+0000] {processor.py:840} INFO - DAG(s) 'product_price_pipeline' retrieved from /opt/airflow/dags/product_pipeline_dag.py
[2026-02-14T06:57:26.323+0000] {logging_mixin.py:188} INFO - [2026-02-14T06:57:26.322+0000] {dag.py:3089} INFO - Sync 1 DAGs
[2026-02-14T06:57:26.368+0000] {logging_mixin.py:188} INFO - [2026-02-14T06:57:26.367+0000] {dag.py:3947} INFO - Setting next_dagrun for product_price_pipeline to 2026-02-14 00:00:00+00:00, run_after=2026-02-15 00:00:00+00:00
[2026-02-14T06:57:26.400+0000] {processor.py:183} INFO - Processing /opt/airflow/dags/product_pipeline_dag.py took 0.233 seconds
[2026-02-14T06:57:58.492+0000] {processor.py:161} INFO - Started process (PID=7313) to work on /opt/airflow/dags/product_pipeline_dag.py
[2026-02-14T06:57:58.498+0000] {processor.py:830} INFO - Processing file /opt/airflow/dags/product_pipeline_dag.py for tasks to queue
[2026-02-14T06:57:58.511+0000] {logging_mixin.py:188} INFO - [2026-02-14T06:57:58.509+0000] {dagbag.py:545} INFO - Filling up the DagBag from /opt/airflow/dags/product_pipeline_dag.py
[2026-02-14T06:57:58.646+0000] {processor.py:840} INFO - DAG(s) 'product_price_pipeline' retrieved from /opt/airflow/dags/product_pipeline_dag.py
[2026-02-14T06:57:58.781+0000] {logging_mixin.py:188} INFO - [2026-02-14T06:57:58.780+0000] {dag.py:3089} INFO - Sync 1 DAGs
[2026-02-14T06:57:58.879+0000] {logging_mixin.py:188} INFO - [2026-02-14T06:57:58.877+0000] {dag.py:3947} INFO - Setting next_dagrun for product_price_pipeline to 2026-02-14 00:00:00+00:00, run_after=2026-02-15 00:00:00+00:00
[2026-02-14T06:57:58.950+0000] {processor.py:183} INFO - Processing /opt/airflow/dags/product_pipeline_dag.py took 0.496 seconds
[2026-02-14T06:58:30.533+0000] {processor.py:161} INFO - Started process (PID=7342) to work on /opt/airflow/dags/product_pipeline_dag.py
[2026-02-14T06:58:30.537+0000] {processor.py:830} INFO - Processing file /opt/airflow/dags/product_pipeline_dag.py for tasks to queue
[2026-02-14T06:58:30.543+0000] {logging_mixin.py:188} INFO - [2026-02-14T06:58:30.543+0000] {dagbag.py:545} INFO - Filling up the DagBag from /opt/airflow/dags/product_pipeline_dag.py
[2026-02-14T06:58:30.620+0000] {processor.py:840} INFO - DAG(s) 'product_price_pipeline' retrieved from /opt/airflow/dags/product_pipeline_dag.py
[2026-02-14T06:58:30.710+0000] {logging_mixin.py:188} INFO - [2026-02-14T06:58:30.709+0000] {dag.py:3089} INFO - Sync 1 DAGs
[2026-02-14T06:58:30.794+0000] {logging_mixin.py:188} INFO - [2026-02-14T06:58:30.794+0000] {dag.py:3947} INFO - Setting next_dagrun for product_price_pipeline to 2026-02-14 00:00:00+00:00, run_after=2026-02-15 00:00:00+00:00
[2026-02-14T06:58:30.866+0000] {processor.py:183} INFO - Processing /opt/airflow/dags/product_pipeline_dag.py took 0.350 seconds
[2026-02-14T06:59:01.503+0000] {processor.py:161} INFO - Started process (PID=7365) to work on /opt/airflow/dags/product_pipeline_dag.py
[2026-02-14T06:59:01.509+0000] {processor.py:830} INFO - Processing file /opt/airflow/dags/product_pipeline_dag.py for tasks to queue
[2026-02-14T06:59:01.523+0000] {logging_mixin.py:188} INFO - [2026-02-14T06:59:01.521+0000] {dagbag.py:545} INFO - Filling up the DagBag from /opt/airflow/dags/product_pipeline_dag.py
[2026-02-14T06:59:01.730+0000] {processor.py:840} INFO - DAG(s) 'product_price_pipeline' retrieved from /opt/airflow/dags/product_pipeline_dag.py
[2026-02-14T06:59:01.917+0000] {logging_mixin.py:188} INFO - [2026-02-14T06:59:01.916+0000] {dag.py:3089} INFO - Sync 1 DAGs
[2026-02-14T06:59:02.021+0000] {logging_mixin.py:188} INFO - [2026-02-14T06:59:02.019+0000] {dag.py:3947} INFO - Setting next_dagrun for product_price_pipeline to 2026-02-14 00:00:00+00:00, run_after=2026-02-15 00:00:00+00:00
[2026-02-14T06:59:02.148+0000] {processor.py:183} INFO - Processing /opt/airflow/dags/product_pipeline_dag.py took 0.684 seconds
[2026-02-14T06:59:35.755+0000] {processor.py:161} INFO - Started process (PID=7388) to work on /opt/airflow/dags/product_pipeline_dag.py
[2026-02-14T06:59:35.767+0000] {processor.py:830} INFO - Processing file /opt/airflow/dags/product_pipeline_dag.py for tasks to queue
[2026-02-14T06:59:35.839+0000] {logging_mixin.py:188} INFO - [2026-02-14T06:59:35.828+0000] {dagbag.py:545} INFO - Filling up the DagBag from /opt/airflow/dags/product_pipeline_dag.py
[2026-02-14T06:59:36.047+0000] {processor.py:840} INFO - DAG(s) 'product_price_pipeline' retrieved from /opt/airflow/dags/product_pipeline_dag.py
[2026-02-14T06:59:36.333+0000] {logging_mixin.py:188} INFO - [2026-02-14T06:59:36.330+0000] {dag.py:3089} INFO - Sync 1 DAGs
[2026-02-14T06:59:36.541+0000] {logging_mixin.py:188} INFO - [2026-02-14T06:59:36.539+0000] {dag.py:3947} INFO - Setting next_dagrun for product_price_pipeline to 2026-02-14 00:00:00+00:00, run_after=2026-02-15 00:00:00+00:00
[2026-02-14T06:59:36.700+0000] {processor.py:183} INFO - Processing /opt/airflow/dags/product_pipeline_dag.py took 1.012 seconds
[2026-02-14T07:00:07.750+0000] {processor.py:161} INFO - Started process (PID=7411) to work on /opt/airflow/dags/product_pipeline_dag.py
[2026-02-14T07:00:07.774+0000] {processor.py:830} INFO - Processing file /opt/airflow/dags/product_pipeline_dag.py for tasks to queue
[2026-02-14T07:00:07.846+0000] {logging_mixin.py:188} INFO - [2026-02-14T07:00:07.834+0000] {dagbag.py:545} INFO - Filling up the DagBag from /opt/airflow/dags/product_pipeline_dag.py
[2026-02-14T07:00:08.134+0000] {processor.py:840} INFO - DAG(s) 'product_price_pipeline' retrieved from /opt/airflow/dags/product_pipeline_dag.py
[2026-02-14T07:00:08.664+0000] {logging_mixin.py:188} INFO - [2026-02-14T07:00:08.658+0000] {dag.py:3089} INFO - Sync 1 DAGs
[2026-02-14T07:00:08.932+0000] {logging_mixin.py:188} INFO - [2026-02-14T07:00:08.930+0000] {dag.py:3947} INFO - Setting next_dagrun for product_price_pipeline to 2026-02-14 00:00:00+00:00, run_after=2026-02-15 00:00:00+00:00
[2026-02-14T07:00:09.233+0000] {processor.py:183} INFO - Processing /opt/airflow/dags/product_pipeline_dag.py took 1.632 seconds
[2026-02-14T07:00:39.630+0000] {processor.py:161} INFO - Started process (PID=7436) to work on /opt/airflow/dags/product_pipeline_dag.py
[2026-02-14T07:00:39.633+0000] {processor.py:830} INFO - Processing file /opt/airflow/dags/product_pipeline_dag.py for tasks to queue
[2026-02-14T07:00:39.636+0000] {logging_mixin.py:188} INFO - [2026-02-14T07:00:39.635+0000] {dagbag.py:545} INFO - Filling up the DagBag from /opt/airflow/dags/product_pipeline_dag.py
[2026-02-14T07:00:39.692+0000] {processor.py:840} INFO - DAG(s) 'product_price_pipeline' retrieved from /opt/airflow/dags/product_pipeline_dag.py
[2026-02-14T07:00:39.737+0000] {logging_mixin.py:188} INFO - [2026-02-14T07:00:39.737+0000] {dag.py:3089} INFO - Sync 1 DAGs
[2026-02-14T07:00:39.769+0000] {logging_mixin.py:188} INFO - [2026-02-14T07:00:39.768+0000] {dag.py:3947} INFO - Setting next_dagrun for product_price_pipeline to 2026-02-14 00:00:00+00:00, run_after=2026-02-15 00:00:00+00:00
[2026-02-14T07:00:39.815+0000] {processor.py:183} INFO - Processing /opt/airflow/dags/product_pipeline_dag.py took 0.195 seconds
[2026-02-14T07:01:10.238+0000] {processor.py:161} INFO - Started process (PID=7465) to work on /opt/airflow/dags/product_pipeline_dag.py
[2026-02-14T07:01:10.250+0000] {processor.py:830} INFO - Processing file /opt/airflow/dags/product_pipeline_dag.py for tasks to queue
[2026-02-14T07:01:10.254+0000] {logging_mixin.py:188} INFO - [2026-02-14T07:01:10.253+0000] {dagbag.py:545} INFO - Filling up the DagBag from /opt/airflow/dags/product_pipeline_dag.py
[2026-02-14T07:01:10.296+0000] {processor.py:840} INFO - DAG(s) 'product_price_pipeline' retrieved from /opt/airflow/dags/product_pipeline_dag.py
[2026-02-14T07:01:10.335+0000] {logging_mixin.py:188} INFO - [2026-02-14T07:01:10.334+0000] {dag.py:3089} INFO - Sync 1 DAGs
[2026-02-14T07:01:10.359+0000] {logging_mixin.py:188} INFO - [2026-02-14T07:01:10.359+0000] {dag.py:3947} INFO - Setting next_dagrun for product_price_pipeline to 2026-02-14 00:00:00+00:00, run_after=2026-02-15 00:00:00+00:00
[2026-02-14T07:01:10.390+0000] {processor.py:183} INFO - Processing /opt/airflow/dags/product_pipeline_dag.py took 0.159 seconds
[2026-02-14T07:01:40.585+0000] {processor.py:161} INFO - Started process (PID=7494) to work on /opt/airflow/dags/product_pipeline_dag.py
[2026-02-14T07:01:40.588+0000] {processor.py:830} INFO - Processing file /opt/airflow/dags/product_pipeline_dag.py for tasks to queue
[2026-02-14T07:01:40.592+0000] {logging_mixin.py:188} INFO - [2026-02-14T07:01:40.592+0000] {dagbag.py:545} INFO - Filling up the DagBag from /opt/airflow/dags/product_pipeline_dag.py
[2026-02-14T07:01:40.639+0000] {processor.py:840} INFO - DAG(s) 'product_price_pipeline' retrieved from /opt/airflow/dags/product_pipeline_dag.py
[2026-02-14T07:01:40.684+0000] {logging_mixin.py:188} INFO - [2026-02-14T07:01:40.684+0000] {dag.py:3089} INFO - Sync 1 DAGs
[2026-02-14T07:01:40.715+0000] {logging_mixin.py:188} INFO - [2026-02-14T07:01:40.715+0000] {dag.py:3947} INFO - Setting next_dagrun for product_price_pipeline to 2026-02-14 00:00:00+00:00, run_after=2026-02-15 00:00:00+00:00
[2026-02-14T07:01:40.754+0000] {processor.py:183} INFO - Processing /opt/airflow/dags/product_pipeline_dag.py took 0.180 seconds
[2026-02-14T07:02:11.396+0000] {processor.py:161} INFO - Started process (PID=7523) to work on /opt/airflow/dags/product_pipeline_dag.py
[2026-02-14T07:02:11.398+0000] {processor.py:830} INFO - Processing file /opt/airflow/dags/product_pipeline_dag.py for tasks to queue
[2026-02-14T07:02:11.402+0000] {logging_mixin.py:188} INFO - [2026-02-14T07:02:11.401+0000] {dagbag.py:545} INFO - Filling up the DagBag from /opt/airflow/dags/product_pipeline_dag.py
[2026-02-14T07:02:11.447+0000] {processor.py:840} INFO - DAG(s) 'product_price_pipeline' retrieved from /opt/airflow/dags/product_pipeline_dag.py
[2026-02-14T07:02:11.494+0000] {logging_mixin.py:188} INFO - [2026-02-14T07:02:11.493+0000] {dag.py:3089} INFO - Sync 1 DAGs
[2026-02-14T07:02:11.520+0000] {logging_mixin.py:188} INFO - [2026-02-14T07:02:11.520+0000] {dag.py:3947} INFO - Setting next_dagrun for product_price_pipeline to 2026-02-14 00:00:00+00:00, run_after=2026-02-15 00:00:00+00:00
[2026-02-14T07:02:11.573+0000] {processor.py:183} INFO - Processing /opt/airflow/dags/product_pipeline_dag.py took 0.186 seconds
[2026-02-14T07:02:42.141+0000] {processor.py:161} INFO - Started process (PID=7552) to work on /opt/airflow/dags/product_pipeline_dag.py
[2026-02-14T07:02:42.144+0000] {processor.py:830} INFO - Processing file /opt/airflow/dags/product_pipeline_dag.py for tasks to queue
[2026-02-14T07:02:42.148+0000] {logging_mixin.py:188} INFO - [2026-02-14T07:02:42.147+0000] {dagbag.py:545} INFO - Filling up the DagBag from /opt/airflow/dags/product_pipeline_dag.py
[2026-02-14T07:02:42.200+0000] {processor.py:840} INFO - DAG(s) 'product_price_pipeline' retrieved from /opt/airflow/dags/product_pipeline_dag.py
[2026-02-14T07:02:42.248+0000] {logging_mixin.py:188} INFO - [2026-02-14T07:02:42.247+0000] {dag.py:3089} INFO - Sync 1 DAGs
[2026-02-14T07:02:42.286+0000] {logging_mixin.py:188} INFO - [2026-02-14T07:02:42.286+0000] {dag.py:3947} INFO - Setting next_dagrun for product_price_pipeline to 2026-02-14 00:00:00+00:00, run_after=2026-02-15 00:00:00+00:00
[2026-02-14T07:02:42.318+0000] {processor.py:183} INFO - Processing /opt/airflow/dags/product_pipeline_dag.py took 0.185 seconds
[2026-02-14T07:03:12.691+0000] {processor.py:161} INFO - Started process (PID=7581) to work on /opt/airflow/dags/product_pipeline_dag.py
[2026-02-14T07:03:12.693+0000] {processor.py:830} INFO - Processing file /opt/airflow/dags/product_pipeline_dag.py for tasks to queue
[2026-02-14T07:03:12.698+0000] {logging_mixin.py:188} INFO - [2026-02-14T07:03:12.697+0000] {dagbag.py:545} INFO - Filling up the DagBag from /opt/airflow/dags/product_pipeline_dag.py
[2026-02-14T07:03:12.758+0000] {processor.py:840} INFO - DAG(s) 'product_price_pipeline' retrieved from /opt/airflow/dags/product_pipeline_dag.py
[2026-02-14T07:03:12.840+0000] {logging_mixin.py:188} INFO - [2026-02-14T07:03:12.839+0000] {dag.py:3089} INFO - Sync 1 DAGs
[2026-02-14T07:03:12.892+0000] {logging_mixin.py:188} INFO - [2026-02-14T07:03:12.891+0000] {dag.py:3947} INFO - Setting next_dagrun for product_price_pipeline to 2026-02-14 00:00:00+00:00, run_after=2026-02-15 00:00:00+00:00
[2026-02-14T07:03:12.950+0000] {processor.py:183} INFO - Processing /opt/airflow/dags/product_pipeline_dag.py took 0.271 seconds
[2026-02-14T07:03:44.581+0000] {processor.py:161} INFO - Started process (PID=7608) to work on /opt/airflow/dags/product_pipeline_dag.py
[2026-02-14T07:03:44.585+0000] {processor.py:830} INFO - Processing file /opt/airflow/dags/product_pipeline_dag.py for tasks to queue
[2026-02-14T07:03:44.594+0000] {logging_mixin.py:188} INFO - [2026-02-14T07:03:44.593+0000] {dagbag.py:545} INFO - Filling up the DagBag from /opt/airflow/dags/product_pipeline_dag.py
[2026-02-14T07:03:44.721+0000] {processor.py:840} INFO - DAG(s) 'product_price_pipeline' retrieved from /opt/airflow/dags/product_pipeline_dag.py
[2026-02-14T07:03:44.900+0000] {logging_mixin.py:188} INFO - [2026-02-14T07:03:44.899+0000] {dag.py:3089} INFO - Sync 1 DAGs
[2026-02-14T07:03:44.986+0000] {logging_mixin.py:188} INFO - [2026-02-14T07:03:44.985+0000] {dag.py:3947} INFO - Setting next_dagrun for product_price_pipeline to 2026-02-14 00:00:00+00:00, run_after=2026-02-15 00:00:00+00:00
[2026-02-14T07:03:45.051+0000] {processor.py:183} INFO - Processing /opt/airflow/dags/product_pipeline_dag.py took 0.495 seconds
[2026-02-14T07:04:19.640+0000] {processor.py:161} INFO - Started process (PID=7637) to work on /opt/airflow/dags/product_pipeline_dag.py
[2026-02-14T07:04:19.648+0000] {processor.py:830} INFO - Processing file /opt/airflow/dags/product_pipeline_dag.py for tasks to queue
[2026-02-14T07:04:19.667+0000] {logging_mixin.py:188} INFO - [2026-02-14T07:04:19.663+0000] {dagbag.py:545} INFO - Filling up the DagBag from /opt/airflow/dags/product_pipeline_dag.py
[2026-02-14T07:04:19.957+0000] {processor.py:840} INFO - DAG(s) 'product_price_pipeline' retrieved from /opt/airflow/dags/product_pipeline_dag.py
[2026-02-14T07:04:20.327+0000] {logging_mixin.py:188} INFO - [2026-02-14T07:04:20.325+0000] {dag.py:3089} INFO - Sync 1 DAGs
[2026-02-14T07:04:20.543+0000] {logging_mixin.py:188} INFO - [2026-02-14T07:04:20.540+0000] {dag.py:3947} INFO - Setting next_dagrun for product_price_pipeline to 2026-02-14 00:00:00+00:00, run_after=2026-02-15 00:00:00+00:00
[2026-02-14T07:04:20.685+0000] {processor.py:183} INFO - Processing /opt/airflow/dags/product_pipeline_dag.py took 1.105 seconds
[2026-02-14T07:04:51.303+0000] {processor.py:161} INFO - Started process (PID=7660) to work on /opt/airflow/dags/product_pipeline_dag.py
[2026-02-14T07:04:51.313+0000] {processor.py:830} INFO - Processing file /opt/airflow/dags/product_pipeline_dag.py for tasks to queue
[2026-02-14T07:04:51.332+0000] {logging_mixin.py:188} INFO - [2026-02-14T07:04:51.328+0000] {dagbag.py:545} INFO - Filling up the DagBag from /opt/airflow/dags/product_pipeline_dag.py
[2026-02-14T07:04:51.541+0000] {processor.py:840} INFO - DAG(s) 'product_price_pipeline' retrieved from /opt/airflow/dags/product_pipeline_dag.py
[2026-02-14T07:04:51.822+0000] {logging_mixin.py:188} INFO - [2026-02-14T07:04:51.821+0000] {dag.py:3089} INFO - Sync 1 DAGs
[2026-02-14T07:04:52.023+0000] {logging_mixin.py:188} INFO - [2026-02-14T07:04:52.021+0000] {dag.py:3947} INFO - Setting next_dagrun for product_price_pipeline to 2026-02-14 00:00:00+00:00, run_after=2026-02-15 00:00:00+00:00
[2026-02-14T07:04:52.181+0000] {processor.py:183} INFO - Processing /opt/airflow/dags/product_pipeline_dag.py took 0.958 seconds
[2026-02-14T07:05:23.576+0000] {processor.py:161} INFO - Started process (PID=7683) to work on /opt/airflow/dags/product_pipeline_dag.py
[2026-02-14T07:05:23.586+0000] {processor.py:830} INFO - Processing file /opt/airflow/dags/product_pipeline_dag.py for tasks to queue
[2026-02-14T07:05:23.604+0000] {logging_mixin.py:188} INFO - [2026-02-14T07:05:23.601+0000] {dagbag.py:545} INFO - Filling up the DagBag from /opt/airflow/dags/product_pipeline_dag.py
[2026-02-14T07:05:23.851+0000] {processor.py:840} INFO - DAG(s) 'product_price_pipeline' retrieved from /opt/airflow/dags/product_pipeline_dag.py
[2026-02-14T07:05:24.325+0000] {logging_mixin.py:188} INFO - [2026-02-14T07:05:24.323+0000] {dag.py:3089} INFO - Sync 1 DAGs
[2026-02-14T07:05:24.522+0000] {logging_mixin.py:188} INFO - [2026-02-14T07:05:24.520+0000] {dag.py:3947} INFO - Setting next_dagrun for product_price_pipeline to 2026-02-14 00:00:00+00:00, run_after=2026-02-15 00:00:00+00:00
[2026-02-14T07:05:24.826+0000] {processor.py:183} INFO - Processing /opt/airflow/dags/product_pipeline_dag.py took 1.295 seconds
[2026-02-14T07:05:55.696+0000] {processor.py:161} INFO - Started process (PID=7714) to work on /opt/airflow/dags/product_pipeline_dag.py
[2026-02-14T07:05:55.699+0000] {processor.py:830} INFO - Processing file /opt/airflow/dags/product_pipeline_dag.py for tasks to queue
[2026-02-14T07:05:55.702+0000] {logging_mixin.py:188} INFO - [2026-02-14T07:05:55.701+0000] {dagbag.py:545} INFO - Filling up the DagBag from /opt/airflow/dags/product_pipeline_dag.py
[2026-02-14T07:05:55.756+0000] {processor.py:840} INFO - DAG(s) 'product_price_pipeline' retrieved from /opt/airflow/dags/product_pipeline_dag.py
[2026-02-14T07:05:55.806+0000] {logging_mixin.py:188} INFO - [2026-02-14T07:05:55.805+0000] {dag.py:3089} INFO - Sync 1 DAGs
[2026-02-14T07:05:55.841+0000] {logging_mixin.py:188} INFO - [2026-02-14T07:05:55.840+0000] {dag.py:3947} INFO - Setting next_dagrun for product_price_pipeline to 2026-02-14 00:00:00+00:00, run_after=2026-02-15 00:00:00+00:00
[2026-02-14T07:05:55.876+0000] {processor.py:183} INFO - Processing /opt/airflow/dags/product_pipeline_dag.py took 0.188 seconds
[2026-02-14T07:06:27.216+0000] {processor.py:161} INFO - Started process (PID=7741) to work on /opt/airflow/dags/product_pipeline_dag.py
[2026-02-14T07:06:27.217+0000] {processor.py:830} INFO - Processing file /opt/airflow/dags/product_pipeline_dag.py for tasks to queue
[2026-02-14T07:06:27.223+0000] {logging_mixin.py:188} INFO - [2026-02-14T07:06:27.222+0000] {dagbag.py:545} INFO - Filling up the DagBag from /opt/airflow/dags/product_pipeline_dag.py
[2026-02-14T07:06:27.275+0000] {processor.py:840} INFO - DAG(s) 'product_price_pipeline' retrieved from /opt/airflow/dags/product_pipeline_dag.py
[2026-02-14T07:06:27.313+0000] {logging_mixin.py:188} INFO - [2026-02-14T07:06:27.313+0000] {dag.py:3089} INFO - Sync 1 DAGs
[2026-02-14T07:06:27.339+0000] {logging_mixin.py:188} INFO - [2026-02-14T07:06:27.339+0000] {dag.py:3947} INFO - Setting next_dagrun for product_price_pipeline to 2026-02-14 00:00:00+00:00, run_after=2026-02-15 00:00:00+00:00
[2026-02-14T07:06:27.366+0000] {processor.py:183} INFO - Processing /opt/airflow/dags/product_pipeline_dag.py took 0.158 seconds
[2026-02-14T07:07:00.189+0000] {processor.py:161} INFO - Started process (PID=7770) to work on /opt/airflow/dags/product_pipeline_dag.py
[2026-02-14T07:07:00.192+0000] {processor.py:830} INFO - Processing file /opt/airflow/dags/product_pipeline_dag.py for tasks to queue
[2026-02-14T07:07:00.195+0000] {logging_mixin.py:188} INFO - [2026-02-14T07:07:00.194+0000] {dagbag.py:545} INFO - Filling up the DagBag from /opt/airflow/dags/product_pipeline_dag.py
[2026-02-14T07:07:00.251+0000] {processor.py:840} INFO - DAG(s) 'product_price_pipeline' retrieved from /opt/airflow/dags/product_pipeline_dag.py
[2026-02-14T07:07:00.300+0000] {logging_mixin.py:188} INFO - [2026-02-14T07:07:00.300+0000] {dag.py:3089} INFO - Sync 1 DAGs
[2026-02-14T07:07:00.346+0000] {logging_mixin.py:188} INFO - [2026-02-14T07:07:00.346+0000] {dag.py:3947} INFO - Setting next_dagrun for product_price_pipeline to 2026-02-14 00:00:00+00:00, run_after=2026-02-15 00:00:00+00:00
[2026-02-14T07:07:00.379+0000] {processor.py:183} INFO - Processing /opt/airflow/dags/product_pipeline_dag.py took 0.203 seconds
[2026-02-14T07:07:34.178+0000] {processor.py:161} INFO - Started process (PID=7807) to work on /opt/airflow/dags/product_pipeline_dag.py
[2026-02-14T07:07:34.180+0000] {processor.py:830} INFO - Processing file /opt/airflow/dags/product_pipeline_dag.py for tasks to queue
[2026-02-14T07:07:34.185+0000] {logging_mixin.py:188} INFO - [2026-02-14T07:07:34.184+0000] {dagbag.py:545} INFO - Filling up the DagBag from /opt/airflow/dags/product_pipeline_dag.py
[2026-02-14T07:07:34.232+0000] {processor.py:840} INFO - DAG(s) 'product_price_pipeline' retrieved from /opt/airflow/dags/product_pipeline_dag.py
[2026-02-14T07:07:34.274+0000] {logging_mixin.py:188} INFO - [2026-02-14T07:07:34.273+0000] {dag.py:3089} INFO - Sync 1 DAGs
[2026-02-14T07:07:34.301+0000] {logging_mixin.py:188} INFO - [2026-02-14T07:07:34.301+0000] {dag.py:3947} INFO - Setting next_dagrun for product_price_pipeline to 2026-02-14 00:00:00+00:00, run_after=2026-02-15 00:00:00+00:00
[2026-02-14T07:07:34.338+0000] {processor.py:183} INFO - Processing /opt/airflow/dags/product_pipeline_dag.py took 0.171 seconds
[2026-02-14T07:08:07.631+0000] {processor.py:161} INFO - Started process (PID=7836) to work on /opt/airflow/dags/product_pipeline_dag.py
[2026-02-14T07:08:07.634+0000] {processor.py:830} INFO - Processing file /opt/airflow/dags/product_pipeline_dag.py for tasks to queue
[2026-02-14T07:08:07.639+0000] {logging_mixin.py:188} INFO - [2026-02-14T07:08:07.637+0000] {dagbag.py:545} INFO - Filling up the DagBag from /opt/airflow/dags/product_pipeline_dag.py
[2026-02-14T07:08:07.693+0000] {processor.py:840} INFO - DAG(s) 'product_price_pipeline' retrieved from /opt/airflow/dags/product_pipeline_dag.py
[2026-02-14T07:08:07.742+0000] {logging_mixin.py:188} INFO - [2026-02-14T07:08:07.742+0000] {dag.py:3089} INFO - Sync 1 DAGs
[2026-02-14T07:08:07.777+0000] {logging_mixin.py:188} INFO - [2026-02-14T07:08:07.777+0000] {dag.py:3947} INFO - Setting next_dagrun for product_price_pipeline to 2026-02-14 00:00:00+00:00, run_after=2026-02-15 00:00:00+00:00
[2026-02-14T07:08:07.812+0000] {processor.py:183} INFO - Processing /opt/airflow/dags/product_pipeline_dag.py took 0.191 seconds
[2026-02-14T07:08:40.712+0000] {processor.py:161} INFO - Started process (PID=7863) to work on /opt/airflow/dags/product_pipeline_dag.py
[2026-02-14T07:08:40.715+0000] {processor.py:830} INFO - Processing file /opt/airflow/dags/product_pipeline_dag.py for tasks to queue
[2026-02-14T07:08:40.723+0000] {logging_mixin.py:188} INFO - [2026-02-14T07:08:40.721+0000] {dagbag.py:545} INFO - Filling up the DagBag from /opt/airflow/dags/product_pipeline_dag.py
[2026-02-14T07:08:40.795+0000] {processor.py:840} INFO - DAG(s) 'product_price_pipeline' retrieved from /opt/airflow/dags/product_pipeline_dag.py
[2026-02-14T07:08:40.873+0000] {logging_mixin.py:188} INFO - [2026-02-14T07:08:40.872+0000] {dag.py:3089} INFO - Sync 1 DAGs
[2026-02-14T07:08:40.931+0000] {logging_mixin.py:188} INFO - [2026-02-14T07:08:40.931+0000] {dag.py:3947} INFO - Setting next_dagrun for product_price_pipeline to 2026-02-14 00:00:00+00:00, run_after=2026-02-15 00:00:00+00:00
[2026-02-14T07:08:41.030+0000] {processor.py:183} INFO - Processing /opt/airflow/dags/product_pipeline_dag.py took 0.339 seconds
[2026-02-14T07:09:14.957+0000] {processor.py:161} INFO - Started process (PID=7892) to work on /opt/airflow/dags/product_pipeline_dag.py
[2026-02-14T07:09:14.962+0000] {processor.py:830} INFO - Processing file /opt/airflow/dags/product_pipeline_dag.py for tasks to queue
[2026-02-14T07:09:14.969+0000] {logging_mixin.py:188} INFO - [2026-02-14T07:09:14.968+0000] {dagbag.py:545} INFO - Filling up the DagBag from /opt/airflow/dags/product_pipeline_dag.py
[2026-02-14T07:09:15.093+0000] {processor.py:840} INFO - DAG(s) 'product_price_pipeline' retrieved from /opt/airflow/dags/product_pipeline_dag.py
[2026-02-14T07:09:15.228+0000] {logging_mixin.py:188} INFO - [2026-02-14T07:09:15.227+0000] {dag.py:3089} INFO - Sync 1 DAGs
[2026-02-14T07:09:15.319+0000] {logging_mixin.py:188} INFO - [2026-02-14T07:09:15.318+0000] {dag.py:3947} INFO - Setting next_dagrun for product_price_pipeline to 2026-02-14 00:00:00+00:00, run_after=2026-02-15 00:00:00+00:00
[2026-02-14T07:09:15.416+0000] {processor.py:183} INFO - Processing /opt/airflow/dags/product_pipeline_dag.py took 0.487 seconds
[2026-02-14T07:09:50.445+0000] {processor.py:161} INFO - Started process (PID=7917) to work on /opt/airflow/dags/product_pipeline_dag.py
[2026-02-14T07:09:50.455+0000] {processor.py:830} INFO - Processing file /opt/airflow/dags/product_pipeline_dag.py for tasks to queue
[2026-02-14T07:09:50.515+0000] {logging_mixin.py:188} INFO - [2026-02-14T07:09:50.498+0000] {dagbag.py:545} INFO - Filling up the DagBag from /opt/airflow/dags/product_pipeline_dag.py
[2026-02-14T07:09:50.859+0000] {processor.py:840} INFO - DAG(s) 'product_price_pipeline' retrieved from /opt/airflow/dags/product_pipeline_dag.py
[2026-02-14T07:09:51.259+0000] {logging_mixin.py:188} INFO - [2026-02-14T07:09:51.257+0000] {dag.py:3089} INFO - Sync 1 DAGs
[2026-02-14T07:09:51.571+0000] {logging_mixin.py:188} INFO - [2026-02-14T07:09:51.568+0000] {dag.py:3947} INFO - Setting next_dagrun for product_price_pipeline to 2026-02-14 00:00:00+00:00, run_after=2026-02-15 00:00:00+00:00
[2026-02-14T07:09:51.816+0000] {processor.py:183} INFO - Processing /opt/airflow/dags/product_pipeline_dag.py took 1.424 seconds
[2026-02-14T07:10:26.402+0000] {processor.py:161} INFO - Started process (PID=7946) to work on /opt/airflow/dags/product_pipeline_dag.py
[2026-02-14T07:10:26.406+0000] {processor.py:830} INFO - Processing file /opt/airflow/dags/product_pipeline_dag.py for tasks to queue
[2026-02-14T07:10:26.413+0000] {logging_mixin.py:188} INFO - [2026-02-14T07:10:26.412+0000] {dagbag.py:545} INFO - Filling up the DagBag from /opt/airflow/dags/product_pipeline_dag.py
[2026-02-14T07:10:26.533+0000] {processor.py:840} INFO - DAG(s) 'product_price_pipeline' retrieved from /opt/airflow/dags/product_pipeline_dag.py
[2026-02-14T07:10:26.646+0000] {logging_mixin.py:188} INFO - [2026-02-14T07:10:26.645+0000] {dag.py:3089} INFO - Sync 1 DAGs
[2026-02-14T07:10:26.728+0000] {logging_mixin.py:188} INFO - [2026-02-14T07:10:26.727+0000] {dag.py:3947} INFO - Setting next_dagrun for product_price_pipeline to 2026-02-14 00:00:00+00:00, run_after=2026-02-15 00:00:00+00:00
[2026-02-14T07:10:26.798+0000] {processor.py:183} INFO - Processing /opt/airflow/dags/product_pipeline_dag.py took 0.413 seconds
[2026-02-14T07:10:57.271+0000] {processor.py:161} INFO - Started process (PID=7972) to work on /opt/airflow/dags/product_pipeline_dag.py
[2026-02-14T07:10:57.274+0000] {processor.py:830} INFO - Processing file /opt/airflow/dags/product_pipeline_dag.py for tasks to queue
[2026-02-14T07:10:57.277+0000] {logging_mixin.py:188} INFO - [2026-02-14T07:10:57.276+0000] {dagbag.py:545} INFO - Filling up the DagBag from /opt/airflow/dags/product_pipeline_dag.py
[2026-02-14T07:10:57.326+0000] {processor.py:840} INFO - DAG(s) 'product_price_pipeline' retrieved from /opt/airflow/dags/product_pipeline_dag.py
[2026-02-14T07:10:57.377+0000] {logging_mixin.py:188} INFO - [2026-02-14T07:10:57.376+0000] {dag.py:3089} INFO - Sync 1 DAGs
[2026-02-14T07:10:57.409+0000] {logging_mixin.py:188} INFO - [2026-02-14T07:10:57.408+0000] {dag.py:3947} INFO - Setting next_dagrun for product_price_pipeline to 2026-02-14 00:00:00+00:00, run_after=2026-02-15 00:00:00+00:00
[2026-02-14T07:10:57.444+0000] {processor.py:183} INFO - Processing /opt/airflow/dags/product_pipeline_dag.py took 0.181 seconds
[2026-02-14T07:11:28.049+0000] {processor.py:161} INFO - Started process (PID=7996) to work on /opt/airflow/dags/product_pipeline_dag.py
[2026-02-14T07:11:28.051+0000] {processor.py:830} INFO - Processing file /opt/airflow/dags/product_pipeline_dag.py for tasks to queue
[2026-02-14T07:11:28.055+0000] {logging_mixin.py:188} INFO - [2026-02-14T07:11:28.054+0000] {dagbag.py:545} INFO - Filling up the DagBag from /opt/airflow/dags/product_pipeline_dag.py
[2026-02-14T07:11:28.109+0000] {processor.py:840} INFO - DAG(s) 'product_price_pipeline' retrieved from /opt/airflow/dags/product_pipeline_dag.py
[2026-02-14T07:11:28.203+0000] {logging_mixin.py:188} INFO - [2026-02-14T07:11:28.202+0000] {dag.py:3089} INFO - Sync 1 DAGs
[2026-02-14T07:11:28.257+0000] {logging_mixin.py:188} INFO - [2026-02-14T07:11:28.257+0000] {dag.py:3947} INFO - Setting next_dagrun for product_price_pipeline to 2026-02-14 00:00:00+00:00, run_after=2026-02-15 00:00:00+00:00
[2026-02-14T07:11:28.299+0000] {processor.py:183} INFO - Processing /opt/airflow/dags/product_pipeline_dag.py took 0.265 seconds
[2026-02-14T07:11:59.171+0000] {processor.py:161} INFO - Started process (PID=8024) to work on /opt/airflow/dags/product_pipeline_dag.py
[2026-02-14T07:11:59.173+0000] {processor.py:830} INFO - Processing file /opt/airflow/dags/product_pipeline_dag.py for tasks to queue
[2026-02-14T07:11:59.178+0000] {logging_mixin.py:188} INFO - [2026-02-14T07:11:59.177+0000] {dagbag.py:545} INFO - Filling up the DagBag from /opt/airflow/dags/product_pipeline_dag.py
[2026-02-14T07:11:59.237+0000] {processor.py:840} INFO - DAG(s) 'product_price_pipeline' retrieved from /opt/airflow/dags/product_pipeline_dag.py
[2026-02-14T07:11:59.305+0000] {logging_mixin.py:188} INFO - [2026-02-14T07:11:59.304+0000] {dag.py:3089} INFO - Sync 1 DAGs
[2026-02-14T07:11:59.352+0000] {logging_mixin.py:188} INFO - [2026-02-14T07:11:59.351+0000] {dag.py:3947} INFO - Setting next_dagrun for product_price_pipeline to 2026-02-14 00:00:00+00:00, run_after=2026-02-15 00:00:00+00:00
[2026-02-14T07:11:59.400+0000] {processor.py:183} INFO - Processing /opt/airflow/dags/product_pipeline_dag.py took 0.243 seconds
[2026-02-14T07:12:29.569+0000] {processor.py:161} INFO - Started process (PID=8050) to work on /opt/airflow/dags/product_pipeline_dag.py
[2026-02-14T07:12:29.571+0000] {processor.py:830} INFO - Processing file /opt/airflow/dags/product_pipeline_dag.py for tasks to queue
[2026-02-14T07:12:29.573+0000] {logging_mixin.py:188} INFO - [2026-02-14T07:12:29.573+0000] {dagbag.py:545} INFO - Filling up the DagBag from /opt/airflow/dags/product_pipeline_dag.py
[2026-02-14T07:12:29.620+0000] {processor.py:840} INFO - DAG(s) 'product_price_pipeline' retrieved from /opt/airflow/dags/product_pipeline_dag.py
[2026-02-14T07:12:29.668+0000] {logging_mixin.py:188} INFO - [2026-02-14T07:12:29.668+0000] {dag.py:3089} INFO - Sync 1 DAGs
[2026-02-14T07:12:29.701+0000] {logging_mixin.py:188} INFO - [2026-02-14T07:12:29.700+0000] {dag.py:3947} INFO - Setting next_dagrun for product_price_pipeline to 2026-02-14 00:00:00+00:00, run_after=2026-02-15 00:00:00+00:00
[2026-02-14T07:12:29.733+0000] {processor.py:183} INFO - Processing /opt/airflow/dags/product_pipeline_dag.py took 0.171 seconds
[2026-02-14T07:13:00.090+0000] {processor.py:161} INFO - Started process (PID=8079) to work on /opt/airflow/dags/product_pipeline_dag.py
[2026-02-14T07:13:00.094+0000] {processor.py:830} INFO - Processing file /opt/airflow/dags/product_pipeline_dag.py for tasks to queue
[2026-02-14T07:13:00.101+0000] {logging_mixin.py:188} INFO - [2026-02-14T07:13:00.100+0000] {dagbag.py:545} INFO - Filling up the DagBag from /opt/airflow/dags/product_pipeline_dag.py
[2026-02-14T07:13:00.158+0000] {processor.py:840} INFO - DAG(s) 'product_price_pipeline' retrieved from /opt/airflow/dags/product_pipeline_dag.py
[2026-02-14T07:13:00.233+0000] {logging_mixin.py:188} INFO - [2026-02-14T07:13:00.232+0000] {dag.py:3089} INFO - Sync 1 DAGs
[2026-02-14T07:13:00.264+0000] {logging_mixin.py:188} INFO - [2026-02-14T07:13:00.264+0000] {dag.py:3947} INFO - Setting next_dagrun for product_price_pipeline to 2026-02-14 00:00:00+00:00, run_after=2026-02-15 00:00:00+00:00
[2026-02-14T07:13:00.301+0000] {processor.py:183} INFO - Processing /opt/airflow/dags/product_pipeline_dag.py took 0.225 seconds
[2026-02-14T07:13:31.033+0000] {processor.py:161} INFO - Started process (PID=8108) to work on /opt/airflow/dags/product_pipeline_dag.py
[2026-02-14T07:13:31.035+0000] {processor.py:830} INFO - Processing file /opt/airflow/dags/product_pipeline_dag.py for tasks to queue
[2026-02-14T07:13:31.041+0000] {logging_mixin.py:188} INFO - [2026-02-14T07:13:31.040+0000] {dagbag.py:545} INFO - Filling up the DagBag from /opt/airflow/dags/product_pipeline_dag.py
[2026-02-14T07:13:31.101+0000] {processor.py:840} INFO - DAG(s) 'product_price_pipeline' retrieved from /opt/airflow/dags/product_pipeline_dag.py
[2026-02-14T07:13:31.183+0000] {logging_mixin.py:188} INFO - [2026-02-14T07:13:31.183+0000] {dag.py:3089} INFO - Sync 1 DAGs
[2026-02-14T07:13:31.229+0000] {logging_mixin.py:188} INFO - [2026-02-14T07:13:31.228+0000] {dag.py:3947} INFO - Setting next_dagrun for product_price_pipeline to 2026-02-14 00:00:00+00:00, run_after=2026-02-15 00:00:00+00:00
[2026-02-14T07:13:31.283+0000] {processor.py:183} INFO - Processing /opt/airflow/dags/product_pipeline_dag.py took 0.265 seconds
[2026-02-14T07:14:01.425+0000] {processor.py:161} INFO - Started process (PID=8137) to work on /opt/airflow/dags/product_pipeline_dag.py
[2026-02-14T07:14:01.429+0000] {processor.py:830} INFO - Processing file /opt/airflow/dags/product_pipeline_dag.py for tasks to queue
[2026-02-14T07:14:01.435+0000] {logging_mixin.py:188} INFO - [2026-02-14T07:14:01.434+0000] {dagbag.py:545} INFO - Filling up the DagBag from /opt/airflow/dags/product_pipeline_dag.py
[2026-02-14T07:14:01.506+0000] {processor.py:840} INFO - DAG(s) 'product_price_pipeline' retrieved from /opt/airflow/dags/product_pipeline_dag.py
[2026-02-14T07:14:01.589+0000] {logging_mixin.py:188} INFO - [2026-02-14T07:14:01.588+0000] {dag.py:3089} INFO - Sync 1 DAGs
[2026-02-14T07:14:01.647+0000] {logging_mixin.py:188} INFO - [2026-02-14T07:14:01.647+0000] {dag.py:3947} INFO - Setting next_dagrun for product_price_pipeline to 2026-02-14 00:00:00+00:00, run_after=2026-02-15 00:00:00+00:00
[2026-02-14T07:14:01.707+0000] {processor.py:183} INFO - Processing /opt/airflow/dags/product_pipeline_dag.py took 0.296 seconds
[2026-02-14T07:14:32.311+0000] {processor.py:161} INFO - Started process (PID=8166) to work on /opt/airflow/dags/product_pipeline_dag.py
[2026-02-14T07:14:32.323+0000] {processor.py:830} INFO - Processing file /opt/airflow/dags/product_pipeline_dag.py for tasks to queue
[2026-02-14T07:14:32.363+0000] {logging_mixin.py:188} INFO - [2026-02-14T07:14:32.359+0000] {dagbag.py:545} INFO - Filling up the DagBag from /opt/airflow/dags/product_pipeline_dag.py
[2026-02-14T07:14:32.637+0000] {processor.py:840} INFO - DAG(s) 'product_price_pipeline' retrieved from /opt/airflow/dags/product_pipeline_dag.py
[2026-02-14T07:14:32.953+0000] {logging_mixin.py:188} INFO - [2026-02-14T07:14:32.949+0000] {dag.py:3089} INFO - Sync 1 DAGs
[2026-02-14T07:14:33.152+0000] {logging_mixin.py:188} INFO - [2026-02-14T07:14:33.151+0000] {dag.py:3947} INFO - Setting next_dagrun for product_price_pipeline to 2026-02-14 00:00:00+00:00, run_after=2026-02-15 00:00:00+00:00
[2026-02-14T07:14:33.323+0000] {processor.py:183} INFO - Processing /opt/airflow/dags/product_pipeline_dag.py took 1.063 seconds
[2026-02-14T07:15:04.371+0000] {processor.py:161} INFO - Started process (PID=8195) to work on /opt/airflow/dags/product_pipeline_dag.py
[2026-02-14T07:15:04.382+0000] {processor.py:830} INFO - Processing file /opt/airflow/dags/product_pipeline_dag.py for tasks to queue
[2026-02-14T07:15:04.405+0000] {logging_mixin.py:188} INFO - [2026-02-14T07:15:04.399+0000] {dagbag.py:545} INFO - Filling up the DagBag from /opt/airflow/dags/product_pipeline_dag.py
[2026-02-14T07:15:04.690+0000] {processor.py:840} INFO - DAG(s) 'product_price_pipeline' retrieved from /opt/airflow/dags/product_pipeline_dag.py
[2026-02-14T07:15:04.978+0000] {logging_mixin.py:188} INFO - [2026-02-14T07:15:04.976+0000] {dag.py:3089} INFO - Sync 1 DAGs
[2026-02-14T07:15:05.228+0000] {logging_mixin.py:188} INFO - [2026-02-14T07:15:05.226+0000] {dag.py:3947} INFO - Setting next_dagrun for product_price_pipeline to 2026-02-14 00:00:00+00:00, run_after=2026-02-15 00:00:00+00:00
[2026-02-14T07:15:05.498+0000] {processor.py:183} INFO - Processing /opt/airflow/dags/product_pipeline_dag.py took 1.276 seconds
[2026-02-14T07:15:36.446+0000] {processor.py:161} INFO - Started process (PID=8224) to work on /opt/airflow/dags/product_pipeline_dag.py
[2026-02-14T07:15:36.449+0000] {processor.py:830} INFO - Processing file /opt/airflow/dags/product_pipeline_dag.py for tasks to queue
[2026-02-14T07:15:36.452+0000] {logging_mixin.py:188} INFO - [2026-02-14T07:15:36.451+0000] {dagbag.py:545} INFO - Filling up the DagBag from /opt/airflow/dags/product_pipeline_dag.py
[2026-02-14T07:15:36.503+0000] {processor.py:840} INFO - DAG(s) 'product_price_pipeline' retrieved from /opt/airflow/dags/product_pipeline_dag.py
[2026-02-14T07:15:36.548+0000] {logging_mixin.py:188} INFO - [2026-02-14T07:15:36.548+0000] {dag.py:3089} INFO - Sync 1 DAGs
[2026-02-14T07:15:36.579+0000] {logging_mixin.py:188} INFO - [2026-02-14T07:15:36.578+0000] {dag.py:3947} INFO - Setting next_dagrun for product_price_pipeline to 2026-02-14 00:00:00+00:00, run_after=2026-02-15 00:00:00+00:00
[2026-02-14T07:15:36.615+0000] {processor.py:183} INFO - Processing /opt/airflow/dags/product_pipeline_dag.py took 0.177 seconds
[2026-02-14T07:16:07.159+0000] {processor.py:161} INFO - Started process (PID=8253) to work on /opt/airflow/dags/product_pipeline_dag.py
[2026-02-14T07:16:07.161+0000] {processor.py:830} INFO - Processing file /opt/airflow/dags/product_pipeline_dag.py for tasks to queue
[2026-02-14T07:16:07.167+0000] {logging_mixin.py:188} INFO - [2026-02-14T07:16:07.166+0000] {dagbag.py:545} INFO - Filling up the DagBag from /opt/airflow/dags/product_pipeline_dag.py
[2026-02-14T07:16:07.217+0000] {processor.py:840} INFO - DAG(s) 'product_price_pipeline' retrieved from /opt/airflow/dags/product_pipeline_dag.py
[2026-02-14T07:16:07.262+0000] {logging_mixin.py:188} INFO - [2026-02-14T07:16:07.261+0000] {dag.py:3089} INFO - Sync 1 DAGs
[2026-02-14T07:16:07.284+0000] {logging_mixin.py:188} INFO - [2026-02-14T07:16:07.284+0000] {dag.py:3947} INFO - Setting next_dagrun for product_price_pipeline to 2026-02-14 00:00:00+00:00, run_after=2026-02-15 00:00:00+00:00
[2026-02-14T07:16:07.318+0000] {processor.py:183} INFO - Processing /opt/airflow/dags/product_pipeline_dag.py took 0.167 seconds
[2026-02-14T07:16:37.510+0000] {processor.py:161} INFO - Started process (PID=8282) to work on /opt/airflow/dags/product_pipeline_dag.py
[2026-02-14T07:16:37.513+0000] {processor.py:830} INFO - Processing file /opt/airflow/dags/product_pipeline_dag.py for tasks to queue
[2026-02-14T07:16:37.517+0000] {logging_mixin.py:188} INFO - [2026-02-14T07:16:37.516+0000] {dagbag.py:545} INFO - Filling up the DagBag from /opt/airflow/dags/product_pipeline_dag.py
[2026-02-14T07:16:37.566+0000] {processor.py:840} INFO - DAG(s) 'product_price_pipeline' retrieved from /opt/airflow/dags/product_pipeline_dag.py
[2026-02-14T07:16:37.615+0000] {logging_mixin.py:188} INFO - [2026-02-14T07:16:37.615+0000] {dag.py:3089} INFO - Sync 1 DAGs
[2026-02-14T07:16:37.647+0000] {logging_mixin.py:188} INFO - [2026-02-14T07:16:37.646+0000] {dag.py:3947} INFO - Setting next_dagrun for product_price_pipeline to 2026-02-14 00:00:00+00:00, run_after=2026-02-15 00:00:00+00:00
[2026-02-14T07:16:37.670+0000] {processor.py:183} INFO - Processing /opt/airflow/dags/product_pipeline_dag.py took 0.172 seconds
[2026-02-14T07:17:07.840+0000] {processor.py:161} INFO - Started process (PID=8311) to work on /opt/airflow/dags/product_pipeline_dag.py
[2026-02-14T07:17:07.842+0000] {processor.py:830} INFO - Processing file /opt/airflow/dags/product_pipeline_dag.py for tasks to queue
[2026-02-14T07:17:07.845+0000] {logging_mixin.py:188} INFO - [2026-02-14T07:17:07.845+0000] {dagbag.py:545} INFO - Filling up the DagBag from /opt/airflow/dags/product_pipeline_dag.py
[2026-02-14T07:17:07.883+0000] {processor.py:840} INFO - DAG(s) 'product_price_pipeline' retrieved from /opt/airflow/dags/product_pipeline_dag.py
[2026-02-14T07:17:07.918+0000] {logging_mixin.py:188} INFO - [2026-02-14T07:17:07.917+0000] {dag.py:3089} INFO - Sync 1 DAGs
[2026-02-14T07:17:07.947+0000] {logging_mixin.py:188} INFO - [2026-02-14T07:17:07.946+0000] {dag.py:3947} INFO - Setting next_dagrun for product_price_pipeline to 2026-02-14 00:00:00+00:00, run_after=2026-02-15 00:00:00+00:00
[2026-02-14T07:17:07.980+0000] {processor.py:183} INFO - Processing /opt/airflow/dags/product_pipeline_dag.py took 0.148 seconds
[2026-02-14T07:17:38.098+0000] {processor.py:161} INFO - Started process (PID=8340) to work on /opt/airflow/dags/product_pipeline_dag.py
[2026-02-14T07:17:38.100+0000] {processor.py:830} INFO - Processing file /opt/airflow/dags/product_pipeline_dag.py for tasks to queue
[2026-02-14T07:17:38.102+0000] {logging_mixin.py:188} INFO - [2026-02-14T07:17:38.102+0000] {dagbag.py:545} INFO - Filling up the DagBag from /opt/airflow/dags/product_pipeline_dag.py
[2026-02-14T07:17:38.146+0000] {processor.py:840} INFO - DAG(s) 'product_price_pipeline' retrieved from /opt/airflow/dags/product_pipeline_dag.py
[2026-02-14T07:17:38.181+0000] {logging_mixin.py:188} INFO - [2026-02-14T07:17:38.181+0000] {dag.py:3089} INFO - Sync 1 DAGs
[2026-02-14T07:17:38.207+0000] {logging_mixin.py:188} INFO - [2026-02-14T07:17:38.206+0000] {dag.py:3947} INFO - Setting next_dagrun for product_price_pipeline to 2026-02-14 00:00:00+00:00, run_after=2026-02-15 00:00:00+00:00
[2026-02-14T07:17:38.247+0000] {processor.py:183} INFO - Processing /opt/airflow/dags/product_pipeline_dag.py took 0.155 seconds
[2026-02-14T07:18:08.791+0000] {processor.py:161} INFO - Started process (PID=8369) to work on /opt/airflow/dags/product_pipeline_dag.py
[2026-02-14T07:18:08.793+0000] {processor.py:830} INFO - Processing file /opt/airflow/dags/product_pipeline_dag.py for tasks to queue
[2026-02-14T07:18:08.797+0000] {logging_mixin.py:188} INFO - [2026-02-14T07:18:08.796+0000] {dagbag.py:545} INFO - Filling up the DagBag from /opt/airflow/dags/product_pipeline_dag.py
[2026-02-14T07:18:08.852+0000] {processor.py:840} INFO - DAG(s) 'product_price_pipeline' retrieved from /opt/airflow/dags/product_pipeline_dag.py
[2026-02-14T07:18:08.897+0000] {logging_mixin.py:188} INFO - [2026-02-14T07:18:08.897+0000] {dag.py:3089} INFO - Sync 1 DAGs
[2026-02-14T07:18:08.927+0000] {logging_mixin.py:188} INFO - [2026-02-14T07:18:08.926+0000] {dag.py:3947} INFO - Setting next_dagrun for product_price_pipeline to 2026-02-14 00:00:00+00:00, run_after=2026-02-15 00:00:00+00:00
[2026-02-14T07:18:08.959+0000] {processor.py:183} INFO - Processing /opt/airflow/dags/product_pipeline_dag.py took 0.180 seconds
[2026-02-14T07:18:39.270+0000] {processor.py:161} INFO - Started process (PID=8398) to work on /opt/airflow/dags/product_pipeline_dag.py
[2026-02-14T07:18:39.272+0000] {processor.py:830} INFO - Processing file /opt/airflow/dags/product_pipeline_dag.py for tasks to queue
[2026-02-14T07:18:39.277+0000] {logging_mixin.py:188} INFO - [2026-02-14T07:18:39.276+0000] {dagbag.py:545} INFO - Filling up the DagBag from /opt/airflow/dags/product_pipeline_dag.py
[2026-02-14T07:18:39.331+0000] {processor.py:840} INFO - DAG(s) 'product_price_pipeline' retrieved from /opt/airflow/dags/product_pipeline_dag.py
[2026-02-14T07:18:39.400+0000] {logging_mixin.py:188} INFO - [2026-02-14T07:18:39.400+0000] {dag.py:3089} INFO - Sync 1 DAGs
[2026-02-14T07:18:39.436+0000] {logging_mixin.py:188} INFO - [2026-02-14T07:18:39.436+0000] {dag.py:3947} INFO - Setting next_dagrun for product_price_pipeline to 2026-02-14 00:00:00+00:00, run_after=2026-02-15 00:00:00+00:00
[2026-02-14T07:18:39.464+0000] {processor.py:183} INFO - Processing /opt/airflow/dags/product_pipeline_dag.py took 0.205 seconds
[2026-02-14T07:19:11.755+0000] {processor.py:161} INFO - Started process (PID=8425) to work on /opt/airflow/dags/product_pipeline_dag.py
[2026-02-14T07:19:11.758+0000] {processor.py:830} INFO - Processing file /opt/airflow/dags/product_pipeline_dag.py for tasks to queue
[2026-02-14T07:19:11.764+0000] {logging_mixin.py:188} INFO - [2026-02-14T07:19:11.763+0000] {dagbag.py:545} INFO - Filling up the DagBag from /opt/airflow/dags/product_pipeline_dag.py
[2026-02-14T07:19:11.822+0000] {processor.py:840} INFO - DAG(s) 'product_price_pipeline' retrieved from /opt/airflow/dags/product_pipeline_dag.py
[2026-02-14T07:19:11.916+0000] {logging_mixin.py:188} INFO - [2026-02-14T07:19:11.915+0000] {dag.py:3089} INFO - Sync 1 DAGs
[2026-02-14T07:19:11.977+0000] {logging_mixin.py:188} INFO - [2026-02-14T07:19:11.977+0000] {dag.py:3947} INFO - Setting next_dagrun for product_price_pipeline to 2026-02-14 00:00:00+00:00, run_after=2026-02-15 00:00:00+00:00
[2026-02-14T07:19:12.041+0000] {processor.py:183} INFO - Processing /opt/airflow/dags/product_pipeline_dag.py took 0.303 seconds
[2026-02-14T07:20:17.712+0000] {processor.py:161} INFO - Started process (PID=8454) to work on /opt/airflow/dags/product_pipeline_dag.py
[2026-02-14T07:20:17.716+0000] {processor.py:830} INFO - Processing file /opt/airflow/dags/product_pipeline_dag.py for tasks to queue
[2026-02-14T07:20:17.722+0000] {logging_mixin.py:188} INFO - [2026-02-14T07:20:17.721+0000] {dagbag.py:545} INFO - Filling up the DagBag from /opt/airflow/dags/product_pipeline_dag.py
[2026-02-14T07:20:17.849+0000] {processor.py:840} INFO - DAG(s) 'product_price_pipeline' retrieved from /opt/airflow/dags/product_pipeline_dag.py
[2026-02-14T07:20:18.098+0000] {logging_mixin.py:188} INFO - [2026-02-14T07:20:18.098+0000] {dag.py:3089} INFO - Sync 1 DAGs
[2026-02-14T07:20:18.359+0000] {logging_mixin.py:188} INFO - [2026-02-14T07:20:18.358+0000] {dag.py:3947} INFO - Setting next_dagrun for product_price_pipeline to 2026-02-14 00:00:00+00:00, run_after=2026-02-15 00:00:00+00:00
[2026-02-14T07:20:18.420+0000] {processor.py:183} INFO - Processing /opt/airflow/dags/product_pipeline_dag.py took 0.726 seconds
[2026-02-14T07:20:50.527+0000] {processor.py:161} INFO - Started process (PID=8483) to work on /opt/airflow/dags/product_pipeline_dag.py
[2026-02-14T07:20:50.531+0000] {processor.py:830} INFO - Processing file /opt/airflow/dags/product_pipeline_dag.py for tasks to queue
[2026-02-14T07:20:50.535+0000] {logging_mixin.py:188} INFO - [2026-02-14T07:20:50.534+0000] {dagbag.py:545} INFO - Filling up the DagBag from /opt/airflow/dags/product_pipeline_dag.py
[2026-02-14T07:20:50.587+0000] {processor.py:840} INFO - DAG(s) 'product_price_pipeline' retrieved from /opt/airflow/dags/product_pipeline_dag.py
[2026-02-14T07:20:50.641+0000] {logging_mixin.py:188} INFO - [2026-02-14T07:20:50.641+0000] {dag.py:3089} INFO - Sync 1 DAGs
[2026-02-14T07:20:50.674+0000] {logging_mixin.py:188} INFO - [2026-02-14T07:20:50.674+0000] {dag.py:3947} INFO - Setting next_dagrun for product_price_pipeline to 2026-02-14 00:00:00+00:00, run_after=2026-02-15 00:00:00+00:00
[2026-02-14T07:20:50.706+0000] {processor.py:183} INFO - Processing /opt/airflow/dags/product_pipeline_dag.py took 0.188 seconds
[2026-02-14T07:21:23.931+0000] {processor.py:161} INFO - Started process (PID=8512) to work on /opt/airflow/dags/product_pipeline_dag.py
[2026-02-14T07:21:23.933+0000] {processor.py:830} INFO - Processing file /opt/airflow/dags/product_pipeline_dag.py for tasks to queue
[2026-02-14T07:21:23.938+0000] {logging_mixin.py:188} INFO - [2026-02-14T07:21:23.937+0000] {dagbag.py:545} INFO - Filling up the DagBag from /opt/airflow/dags/product_pipeline_dag.py
[2026-02-14T07:21:23.992+0000] {processor.py:840} INFO - DAG(s) 'product_price_pipeline' retrieved from /opt/airflow/dags/product_pipeline_dag.py
[2026-02-14T07:21:24.065+0000] {logging_mixin.py:188} INFO - [2026-02-14T07:21:24.065+0000] {dag.py:3089} INFO - Sync 1 DAGs
[2026-02-14T07:21:24.115+0000] {logging_mixin.py:188} INFO - [2026-02-14T07:21:24.115+0000] {dag.py:3947} INFO - Setting next_dagrun for product_price_pipeline to 2026-02-14 00:00:00+00:00, run_after=2026-02-15 00:00:00+00:00
[2026-02-14T07:21:24.164+0000] {processor.py:183} INFO - Processing /opt/airflow/dags/product_pipeline_dag.py took 0.249 seconds
[2026-02-14T07:54:24.075+0000] {processor.py:161} INFO - Started process (PID=8543) to work on /opt/airflow/dags/product_pipeline_dag.py
[2026-02-14T07:54:24.083+0000] {processor.py:830} INFO - Processing file /opt/airflow/dags/product_pipeline_dag.py for tasks to queue
[2026-02-14T07:54:24.137+0000] {logging_mixin.py:188} INFO - [2026-02-14T07:54:24.125+0000] {dagbag.py:545} INFO - Filling up the DagBag from /opt/airflow/dags/product_pipeline_dag.py
[2026-02-14T07:54:24.306+0000] {processor.py:840} INFO - DAG(s) 'product_price_pipeline' retrieved from /opt/airflow/dags/product_pipeline_dag.py
[2026-02-14T07:54:24.478+0000] {logging_mixin.py:188} INFO - [2026-02-14T07:54:24.477+0000] {dag.py:3089} INFO - Sync 1 DAGs
[2026-02-14T07:54:24.569+0000] {logging_mixin.py:188} INFO - [2026-02-14T07:54:24.569+0000] {dag.py:3947} INFO - Setting next_dagrun for product_price_pipeline to 2026-02-14 00:00:00+00:00, run_after=2026-02-15 00:00:00+00:00
[2026-02-14T07:54:24.644+0000] {processor.py:183} INFO - Processing /opt/airflow/dags/product_pipeline_dag.py took 0.684 seconds
[2026-02-14T07:54:55.357+0000] {processor.py:161} INFO - Started process (PID=8570) to work on /opt/airflow/dags/product_pipeline_dag.py
[2026-02-14T07:54:55.362+0000] {processor.py:830} INFO - Processing file /opt/airflow/dags/product_pipeline_dag.py for tasks to queue
[2026-02-14T07:54:55.371+0000] {logging_mixin.py:188} INFO - [2026-02-14T07:54:55.369+0000] {dagbag.py:545} INFO - Filling up the DagBag from /opt/airflow/dags/product_pipeline_dag.py
[2026-02-14T07:54:55.452+0000] {processor.py:840} INFO - DAG(s) 'product_price_pipeline' retrieved from /opt/airflow/dags/product_pipeline_dag.py
[2026-02-14T07:54:55.564+0000] {logging_mixin.py:188} INFO - [2026-02-14T07:54:55.564+0000] {dag.py:3089} INFO - Sync 1 DAGs
[2026-02-14T07:54:55.639+0000] {logging_mixin.py:188} INFO - [2026-02-14T07:54:55.639+0000] {dag.py:3947} INFO - Setting next_dagrun for product_price_pipeline to 2026-02-14 00:00:00+00:00, run_after=2026-02-15 00:00:00+00:00
[2026-02-14T07:54:55.703+0000] {processor.py:183} INFO - Processing /opt/airflow/dags/product_pipeline_dag.py took 0.363 seconds
[2026-02-14T07:55:30.557+0000] {processor.py:161} INFO - Started process (PID=8599) to work on /opt/airflow/dags/product_pipeline_dag.py
[2026-02-14T07:55:30.562+0000] {processor.py:830} INFO - Processing file /opt/airflow/dags/product_pipeline_dag.py for tasks to queue
[2026-02-14T07:55:30.572+0000] {logging_mixin.py:188} INFO - [2026-02-14T07:55:30.570+0000] {dagbag.py:545} INFO - Filling up the DagBag from /opt/airflow/dags/product_pipeline_dag.py
[2026-02-14T07:55:30.725+0000] {processor.py:840} INFO - DAG(s) 'product_price_pipeline' retrieved from /opt/airflow/dags/product_pipeline_dag.py
[2026-02-14T07:55:31.217+0000] {logging_mixin.py:188} INFO - [2026-02-14T07:55:31.215+0000] {dag.py:3089} INFO - Sync 1 DAGs
[2026-02-14T07:55:31.347+0000] {logging_mixin.py:188} INFO - [2026-02-14T07:55:31.347+0000] {dag.py:3947} INFO - Setting next_dagrun for product_price_pipeline to 2026-02-14 00:00:00+00:00, run_after=2026-02-15 00:00:00+00:00
[2026-02-14T07:55:31.515+0000] {processor.py:183} INFO - Processing /opt/airflow/dags/product_pipeline_dag.py took 0.986 seconds
[2026-02-14T07:56:43.801+0000] {processor.py:161} INFO - Started process (PID=8630) to work on /opt/airflow/dags/product_pipeline_dag.py
[2026-02-14T07:56:43.817+0000] {processor.py:830} INFO - Processing file /opt/airflow/dags/product_pipeline_dag.py for tasks to queue
[2026-02-14T07:56:43.955+0000] {logging_mixin.py:188} INFO - [2026-02-14T07:56:43.930+0000] {dagbag.py:545} INFO - Filling up the DagBag from /opt/airflow/dags/product_pipeline_dag.py
[2026-02-14T07:56:44.860+0000] {processor.py:840} INFO - DAG(s) 'product_price_pipeline' retrieved from /opt/airflow/dags/product_pipeline_dag.py
[2026-02-14T07:56:46.667+0000] {logging_mixin.py:188} INFO - [2026-02-14T07:56:46.666+0000] {dag.py:3089} INFO - Sync 1 DAGs
[2026-02-14T07:56:47.133+0000] {logging_mixin.py:188} INFO - [2026-02-14T07:56:47.132+0000] {dag.py:3947} INFO - Setting next_dagrun for product_price_pipeline to 2026-02-14 00:00:00+00:00, run_after=2026-02-15 00:00:00+00:00
[2026-02-14T07:56:47.381+0000] {processor.py:183} INFO - Processing /opt/airflow/dags/product_pipeline_dag.py took 3.900 seconds
[2026-02-14T07:57:17.830+0000] {processor.py:161} INFO - Started process (PID=8659) to work on /opt/airflow/dags/product_pipeline_dag.py
[2026-02-14T07:57:17.833+0000] {processor.py:830} INFO - Processing file /opt/airflow/dags/product_pipeline_dag.py for tasks to queue
[2026-02-14T07:57:17.839+0000] {logging_mixin.py:188} INFO - [2026-02-14T07:57:17.838+0000] {dagbag.py:545} INFO - Filling up the DagBag from /opt/airflow/dags/product_pipeline_dag.py
[2026-02-14T07:57:17.903+0000] {processor.py:840} INFO - DAG(s) 'product_price_pipeline' retrieved from /opt/airflow/dags/product_pipeline_dag.py
[2026-02-14T07:57:17.998+0000] {logging_mixin.py:188} INFO - [2026-02-14T07:57:17.998+0000] {dag.py:3089} INFO - Sync 1 DAGs
[2026-02-14T07:57:18.047+0000] {logging_mixin.py:188} INFO - [2026-02-14T07:57:18.047+0000] {dag.py:3947} INFO - Setting next_dagrun for product_price_pipeline to 2026-02-14 00:00:00+00:00, run_after=2026-02-15 00:00:00+00:00
[2026-02-14T07:57:18.097+0000] {processor.py:183} INFO - Processing /opt/airflow/dags/product_pipeline_dag.py took 0.280 seconds
[2026-02-14T07:57:48.792+0000] {processor.py:161} INFO - Started process (PID=8688) to work on /opt/airflow/dags/product_pipeline_dag.py
[2026-02-14T07:57:48.795+0000] {processor.py:830} INFO - Processing file /opt/airflow/dags/product_pipeline_dag.py for tasks to queue
[2026-02-14T07:57:48.802+0000] {logging_mixin.py:188} INFO - [2026-02-14T07:57:48.801+0000] {dagbag.py:545} INFO - Filling up the DagBag from /opt/airflow/dags/product_pipeline_dag.py
[2026-02-14T07:57:48.899+0000] {processor.py:840} INFO - DAG(s) 'product_price_pipeline' retrieved from /opt/airflow/dags/product_pipeline_dag.py
[2026-02-14T07:57:49.001+0000] {logging_mixin.py:188} INFO - [2026-02-14T07:57:49.000+0000] {dag.py:3089} INFO - Sync 1 DAGs
[2026-02-14T07:57:49.045+0000] {logging_mixin.py:188} INFO - [2026-02-14T07:57:49.045+0000] {dag.py:3947} INFO - Setting next_dagrun for product_price_pipeline to 2026-02-14 00:00:00+00:00, run_after=2026-02-15 00:00:00+00:00
[2026-02-14T07:57:49.088+0000] {processor.py:183} INFO - Processing /opt/airflow/dags/product_pipeline_dag.py took 0.313 seconds
[2026-02-14T07:58:19.874+0000] {processor.py:161} INFO - Started process (PID=8715) to work on /opt/airflow/dags/product_pipeline_dag.py
[2026-02-14T07:58:19.877+0000] {processor.py:830} INFO - Processing file /opt/airflow/dags/product_pipeline_dag.py for tasks to queue
[2026-02-14T07:58:19.888+0000] {logging_mixin.py:188} INFO - [2026-02-14T07:58:19.886+0000] {dagbag.py:545} INFO - Filling up the DagBag from /opt/airflow/dags/product_pipeline_dag.py
[2026-02-14T07:58:20.003+0000] {processor.py:840} INFO - DAG(s) 'product_price_pipeline' retrieved from /opt/airflow/dags/product_pipeline_dag.py
[2026-02-14T07:58:20.110+0000] {logging_mixin.py:188} INFO - [2026-02-14T07:58:20.109+0000] {dag.py:3089} INFO - Sync 1 DAGs
[2026-02-14T07:58:20.159+0000] {logging_mixin.py:188} INFO - [2026-02-14T07:58:20.158+0000] {dag.py:3947} INFO - Setting next_dagrun for product_price_pipeline to 2026-02-14 00:00:00+00:00, run_after=2026-02-15 00:00:00+00:00
[2026-02-14T07:58:20.223+0000] {processor.py:183} INFO - Processing /opt/airflow/dags/product_pipeline_dag.py took 0.368 seconds
[2026-02-14T07:58:52.588+0000] {processor.py:161} INFO - Started process (PID=8744) to work on /opt/airflow/dags/product_pipeline_dag.py
[2026-02-14T07:58:52.595+0000] {processor.py:830} INFO - Processing file /opt/airflow/dags/product_pipeline_dag.py for tasks to queue
[2026-02-14T07:58:52.604+0000] {logging_mixin.py:188} INFO - [2026-02-14T07:58:52.602+0000] {dagbag.py:545} INFO - Filling up the DagBag from /opt/airflow/dags/product_pipeline_dag.py
[2026-02-14T07:58:52.713+0000] {processor.py:840} INFO - DAG(s) 'product_price_pipeline' retrieved from /opt/airflow/dags/product_pipeline_dag.py
[2026-02-14T07:58:52.856+0000] {logging_mixin.py:188} INFO - [2026-02-14T07:58:52.855+0000] {dag.py:3089} INFO - Sync 1 DAGs
[2026-02-14T07:58:52.964+0000] {logging_mixin.py:188} INFO - [2026-02-14T07:58:52.963+0000] {dag.py:3947} INFO - Setting next_dagrun for product_price_pipeline to 2026-02-14 00:00:00+00:00, run_after=2026-02-15 00:00:00+00:00
[2026-02-14T07:58:53.053+0000] {processor.py:183} INFO - Processing /opt/airflow/dags/product_pipeline_dag.py took 0.487 seconds
[2026-02-14T07:59:24.666+0000] {processor.py:161} INFO - Started process (PID=8773) to work on /opt/airflow/dags/product_pipeline_dag.py
[2026-02-14T07:59:24.670+0000] {processor.py:830} INFO - Processing file /opt/airflow/dags/product_pipeline_dag.py for tasks to queue
[2026-02-14T07:59:24.679+0000] {logging_mixin.py:188} INFO - [2026-02-14T07:59:24.678+0000] {dagbag.py:545} INFO - Filling up the DagBag from /opt/airflow/dags/product_pipeline_dag.py
[2026-02-14T07:59:24.793+0000] {processor.py:840} INFO - DAG(s) 'product_price_pipeline' retrieved from /opt/airflow/dags/product_pipeline_dag.py
[2026-02-14T07:59:24.891+0000] {logging_mixin.py:188} INFO - [2026-02-14T07:59:24.891+0000] {dag.py:3089} INFO - Sync 1 DAGs
[2026-02-14T07:59:24.980+0000] {logging_mixin.py:188} INFO - [2026-02-14T07:59:24.980+0000] {dag.py:3947} INFO - Setting next_dagrun for product_price_pipeline to 2026-02-14 00:00:00+00:00, run_after=2026-02-15 00:00:00+00:00
[2026-02-14T07:59:25.049+0000] {processor.py:183} INFO - Processing /opt/airflow/dags/product_pipeline_dag.py took 0.401 seconds
[2026-02-14T07:59:56.613+0000] {processor.py:161} INFO - Started process (PID=8802) to work on /opt/airflow/dags/product_pipeline_dag.py
[2026-02-14T07:59:56.619+0000] {processor.py:830} INFO - Processing file /opt/airflow/dags/product_pipeline_dag.py for tasks to queue
[2026-02-14T07:59:56.633+0000] {logging_mixin.py:188} INFO - [2026-02-14T07:59:56.626+0000] {dagbag.py:545} INFO - Filling up the DagBag from /opt/airflow/dags/product_pipeline_dag.py
[2026-02-14T07:59:56.720+0000] {processor.py:840} INFO - DAG(s) 'product_price_pipeline' retrieved from /opt/airflow/dags/product_pipeline_dag.py
[2026-02-14T07:59:56.875+0000] {logging_mixin.py:188} INFO - [2026-02-14T07:59:56.875+0000] {dag.py:3089} INFO - Sync 1 DAGs
[2026-02-14T07:59:56.993+0000] {logging_mixin.py:188} INFO - [2026-02-14T07:59:56.991+0000] {dag.py:3947} INFO - Setting next_dagrun for product_price_pipeline to 2026-02-14 00:00:00+00:00, run_after=2026-02-15 00:00:00+00:00
[2026-02-14T07:59:57.087+0000] {processor.py:183} INFO - Processing /opt/airflow/dags/product_pipeline_dag.py took 0.503 seconds
[2026-02-14T08:00:32.885+0000] {processor.py:161} INFO - Started process (PID=8831) to work on /opt/airflow/dags/product_pipeline_dag.py
[2026-02-14T08:00:32.888+0000] {processor.py:830} INFO - Processing file /opt/airflow/dags/product_pipeline_dag.py for tasks to queue
[2026-02-14T08:00:32.895+0000] {logging_mixin.py:188} INFO - [2026-02-14T08:00:32.894+0000] {dagbag.py:545} INFO - Filling up the DagBag from /opt/airflow/dags/product_pipeline_dag.py
[2026-02-14T08:00:33.003+0000] {processor.py:840} INFO - DAG(s) 'product_price_pipeline' retrieved from /opt/airflow/dags/product_pipeline_dag.py
[2026-02-14T08:00:33.122+0000] {logging_mixin.py:188} INFO - [2026-02-14T08:00:33.122+0000] {dag.py:3089} INFO - Sync 1 DAGs
[2026-02-14T08:00:33.215+0000] {logging_mixin.py:188} INFO - [2026-02-14T08:00:33.214+0000] {dag.py:3947} INFO - Setting next_dagrun for product_price_pipeline to 2026-02-14 00:00:00+00:00, run_after=2026-02-15 00:00:00+00:00
[2026-02-14T08:00:33.287+0000] {processor.py:183} INFO - Processing /opt/airflow/dags/product_pipeline_dag.py took 0.418 seconds
[2026-02-14T08:01:04.775+0000] {processor.py:161} INFO - Started process (PID=8860) to work on /opt/airflow/dags/product_pipeline_dag.py
[2026-02-14T08:01:04.778+0000] {processor.py:830} INFO - Processing file /opt/airflow/dags/product_pipeline_dag.py for tasks to queue
[2026-02-14T08:01:04.785+0000] {logging_mixin.py:188} INFO - [2026-02-14T08:01:04.784+0000] {dagbag.py:545} INFO - Filling up the DagBag from /opt/airflow/dags/product_pipeline_dag.py
[2026-02-14T08:01:04.841+0000] {processor.py:840} INFO - DAG(s) 'product_price_pipeline' retrieved from /opt/airflow/dags/product_pipeline_dag.py
[2026-02-14T08:01:04.910+0000] {logging_mixin.py:188} INFO - [2026-02-14T08:01:04.910+0000] {dag.py:3089} INFO - Sync 1 DAGs
[2026-02-14T08:01:04.951+0000] {logging_mixin.py:188} INFO - [2026-02-14T08:01:04.950+0000] {dag.py:3947} INFO - Setting next_dagrun for product_price_pipeline to 2026-02-14 00:00:00+00:00, run_after=2026-02-15 00:00:00+00:00
[2026-02-14T08:01:04.983+0000] {processor.py:183} INFO - Processing /opt/airflow/dags/product_pipeline_dag.py took 0.225 seconds
[2026-02-14T08:01:42.099+0000] {processor.py:161} INFO - Started process (PID=8889) to work on /opt/airflow/dags/product_pipeline_dag.py
[2026-02-14T08:01:42.101+0000] {processor.py:830} INFO - Processing file /opt/airflow/dags/product_pipeline_dag.py for tasks to queue
[2026-02-14T08:01:42.107+0000] {logging_mixin.py:188} INFO - [2026-02-14T08:01:42.106+0000] {dagbag.py:545} INFO - Filling up the DagBag from /opt/airflow/dags/product_pipeline_dag.py
[2026-02-14T08:01:42.184+0000] {processor.py:840} INFO - DAG(s) 'product_price_pipeline' retrieved from /opt/airflow/dags/product_pipeline_dag.py
[2026-02-14T08:01:42.279+0000] {logging_mixin.py:188} INFO - [2026-02-14T08:01:42.278+0000] {dag.py:3089} INFO - Sync 1 DAGs
[2026-02-14T08:01:42.339+0000] {logging_mixin.py:188} INFO - [2026-02-14T08:01:42.338+0000] {dag.py:3947} INFO - Setting next_dagrun for product_price_pipeline to 2026-02-14 00:00:00+00:00, run_after=2026-02-15 00:00:00+00:00
[2026-02-14T08:01:42.401+0000] {processor.py:183} INFO - Processing /opt/airflow/dags/product_pipeline_dag.py took 0.316 seconds
[2026-02-14T08:02:16.977+0000] {processor.py:161} INFO - Started process (PID=8918) to work on /opt/airflow/dags/product_pipeline_dag.py
[2026-02-14T08:02:16.982+0000] {processor.py:830} INFO - Processing file /opt/airflow/dags/product_pipeline_dag.py for tasks to queue
[2026-02-14T08:02:16.993+0000] {logging_mixin.py:188} INFO - [2026-02-14T08:02:16.991+0000] {dagbag.py:545} INFO - Filling up the DagBag from /opt/airflow/dags/product_pipeline_dag.py
[2026-02-14T08:02:17.085+0000] {processor.py:840} INFO - DAG(s) 'product_price_pipeline' retrieved from /opt/airflow/dags/product_pipeline_dag.py
[2026-02-14T08:02:17.177+0000] {logging_mixin.py:188} INFO - [2026-02-14T08:02:17.177+0000] {dag.py:3089} INFO - Sync 1 DAGs
[2026-02-14T08:02:17.230+0000] {logging_mixin.py:188} INFO - [2026-02-14T08:02:17.229+0000] {dag.py:3947} INFO - Setting next_dagrun for product_price_pipeline to 2026-02-14 00:00:00+00:00, run_after=2026-02-15 00:00:00+00:00
[2026-02-14T08:02:17.281+0000] {processor.py:183} INFO - Processing /opt/airflow/dags/product_pipeline_dag.py took 0.334 seconds
[2026-02-14T08:02:48.587+0000] {processor.py:161} INFO - Started process (PID=8947) to work on /opt/airflow/dags/product_pipeline_dag.py
[2026-02-14T08:02:48.590+0000] {processor.py:830} INFO - Processing file /opt/airflow/dags/product_pipeline_dag.py for tasks to queue
[2026-02-14T08:02:48.595+0000] {logging_mixin.py:188} INFO - [2026-02-14T08:02:48.594+0000] {dagbag.py:545} INFO - Filling up the DagBag from /opt/airflow/dags/product_pipeline_dag.py
[2026-02-14T08:02:48.648+0000] {processor.py:840} INFO - DAG(s) 'product_price_pipeline' retrieved from /opt/airflow/dags/product_pipeline_dag.py
[2026-02-14T08:02:48.710+0000] {logging_mixin.py:188} INFO - [2026-02-14T08:02:48.709+0000] {dag.py:3089} INFO - Sync 1 DAGs
[2026-02-14T08:02:48.747+0000] {logging_mixin.py:188} INFO - [2026-02-14T08:02:48.746+0000] {dag.py:3947} INFO - Setting next_dagrun for product_price_pipeline to 2026-02-14 00:00:00+00:00, run_after=2026-02-15 00:00:00+00:00
[2026-02-14T08:02:48.791+0000] {processor.py:183} INFO - Processing /opt/airflow/dags/product_pipeline_dag.py took 0.215 seconds
[2026-02-14T08:03:20.481+0000] {processor.py:161} INFO - Started process (PID=8976) to work on /opt/airflow/dags/product_pipeline_dag.py
[2026-02-14T08:03:20.484+0000] {processor.py:830} INFO - Processing file /opt/airflow/dags/product_pipeline_dag.py for tasks to queue
[2026-02-14T08:03:20.486+0000] {logging_mixin.py:188} INFO - [2026-02-14T08:03:20.486+0000] {dagbag.py:545} INFO - Filling up the DagBag from /opt/airflow/dags/product_pipeline_dag.py
[2026-02-14T08:03:20.560+0000] {processor.py:840} INFO - DAG(s) 'product_price_pipeline' retrieved from /opt/airflow/dags/product_pipeline_dag.py
[2026-02-14T08:03:20.624+0000] {logging_mixin.py:188} INFO - [2026-02-14T08:03:20.624+0000] {dag.py:3089} INFO - Sync 1 DAGs
[2026-02-14T08:03:20.664+0000] {logging_mixin.py:188} INFO - [2026-02-14T08:03:20.664+0000] {dag.py:3947} INFO - Setting next_dagrun for product_price_pipeline to 2026-02-14 00:00:00+00:00, run_after=2026-02-15 00:00:00+00:00
[2026-02-14T08:03:20.716+0000] {processor.py:183} INFO - Processing /opt/airflow/dags/product_pipeline_dag.py took 0.244 seconds
[2026-02-14T08:03:52.107+0000] {processor.py:161} INFO - Started process (PID=9004) to work on /opt/airflow/dags/product_pipeline_dag.py
[2026-02-14T08:03:52.126+0000] {processor.py:830} INFO - Processing file /opt/airflow/dags/product_pipeline_dag.py for tasks to queue
[2026-02-14T08:03:52.132+0000] {logging_mixin.py:188} INFO - [2026-02-14T08:03:52.131+0000] {dagbag.py:545} INFO - Filling up the DagBag from /opt/airflow/dags/product_pipeline_dag.py
[2026-02-14T08:03:52.228+0000] {processor.py:840} INFO - DAG(s) 'product_price_pipeline' retrieved from /opt/airflow/dags/product_pipeline_dag.py
[2026-02-14T08:03:52.303+0000] {logging_mixin.py:188} INFO - [2026-02-14T08:03:52.302+0000] {dag.py:3089} INFO - Sync 1 DAGs
[2026-02-14T08:03:52.368+0000] {logging_mixin.py:188} INFO - [2026-02-14T08:03:52.367+0000] {dag.py:3947} INFO - Setting next_dagrun for product_price_pipeline to 2026-02-14 00:00:00+00:00, run_after=2026-02-15 00:00:00+00:00
[2026-02-14T08:03:52.472+0000] {processor.py:183} INFO - Processing /opt/airflow/dags/product_pipeline_dag.py took 0.384 seconds
[2026-02-14T08:04:23.342+0000] {processor.py:161} INFO - Started process (PID=9028) to work on /opt/airflow/dags/product_pipeline_dag.py
[2026-02-14T08:04:23.345+0000] {processor.py:830} INFO - Processing file /opt/airflow/dags/product_pipeline_dag.py for tasks to queue
[2026-02-14T08:04:23.349+0000] {logging_mixin.py:188} INFO - [2026-02-14T08:04:23.348+0000] {dagbag.py:545} INFO - Filling up the DagBag from /opt/airflow/dags/product_pipeline_dag.py
[2026-02-14T08:04:23.407+0000] {processor.py:840} INFO - DAG(s) 'product_price_pipeline' retrieved from /opt/airflow/dags/product_pipeline_dag.py
[2026-02-14T08:04:23.460+0000] {logging_mixin.py:188} INFO - [2026-02-14T08:04:23.459+0000] {dag.py:3089} INFO - Sync 1 DAGs
[2026-02-14T08:04:23.489+0000] {logging_mixin.py:188} INFO - [2026-02-14T08:04:23.489+0000] {dag.py:3947} INFO - Setting next_dagrun for product_price_pipeline to 2026-02-14 00:00:00+00:00, run_after=2026-02-15 00:00:00+00:00
[2026-02-14T08:04:23.532+0000] {processor.py:183} INFO - Processing /opt/airflow/dags/product_pipeline_dag.py took 0.199 seconds
[2026-02-14T08:04:55.425+0000] {processor.py:161} INFO - Started process (PID=9057) to work on /opt/airflow/dags/product_pipeline_dag.py
[2026-02-14T08:04:55.427+0000] {processor.py:830} INFO - Processing file /opt/airflow/dags/product_pipeline_dag.py for tasks to queue
[2026-02-14T08:04:55.430+0000] {logging_mixin.py:188} INFO - [2026-02-14T08:04:55.429+0000] {dagbag.py:545} INFO - Filling up the DagBag from /opt/airflow/dags/product_pipeline_dag.py
[2026-02-14T08:04:55.477+0000] {processor.py:840} INFO - DAG(s) 'product_price_pipeline' retrieved from /opt/airflow/dags/product_pipeline_dag.py
[2026-02-14T08:04:55.528+0000] {logging_mixin.py:188} INFO - [2026-02-14T08:04:55.526+0000] {dag.py:3089} INFO - Sync 1 DAGs
[2026-02-14T08:04:55.567+0000] {logging_mixin.py:188} INFO - [2026-02-14T08:04:55.567+0000] {dag.py:3947} INFO - Setting next_dagrun for product_price_pipeline to 2026-02-14 00:00:00+00:00, run_after=2026-02-15 00:00:00+00:00
[2026-02-14T08:04:55.620+0000] {processor.py:183} INFO - Processing /opt/airflow/dags/product_pipeline_dag.py took 0.202 seconds
[2026-02-14T08:05:27.392+0000] {processor.py:161} INFO - Started process (PID=9088) to work on /opt/airflow/dags/product_pipeline_dag.py
[2026-02-14T08:05:27.399+0000] {processor.py:830} INFO - Processing file /opt/airflow/dags/product_pipeline_dag.py for tasks to queue
[2026-02-14T08:05:27.402+0000] {logging_mixin.py:188} INFO - [2026-02-14T08:05:27.402+0000] {dagbag.py:545} INFO - Filling up the DagBag from /opt/airflow/dags/product_pipeline_dag.py
[2026-02-14T08:05:27.487+0000] {processor.py:840} INFO - DAG(s) 'product_price_pipeline' retrieved from /opt/airflow/dags/product_pipeline_dag.py
[2026-02-14T08:05:27.582+0000] {logging_mixin.py:188} INFO - [2026-02-14T08:05:27.582+0000] {dag.py:3089} INFO - Sync 1 DAGs
[2026-02-14T08:05:27.651+0000] {logging_mixin.py:188} INFO - [2026-02-14T08:05:27.650+0000] {dag.py:3947} INFO - Setting next_dagrun for product_price_pipeline to 2026-02-14 00:00:00+00:00, run_after=2026-02-15 00:00:00+00:00
[2026-02-14T08:05:27.737+0000] {processor.py:183} INFO - Processing /opt/airflow/dags/product_pipeline_dag.py took 0.363 seconds
[2026-02-14T08:05:58.556+0000] {processor.py:161} INFO - Started process (PID=9114) to work on /opt/airflow/dags/product_pipeline_dag.py
[2026-02-14T08:05:58.564+0000] {processor.py:830} INFO - Processing file /opt/airflow/dags/product_pipeline_dag.py for tasks to queue
[2026-02-14T08:05:58.569+0000] {logging_mixin.py:188} INFO - [2026-02-14T08:05:58.568+0000] {dagbag.py:545} INFO - Filling up the DagBag from /opt/airflow/dags/product_pipeline_dag.py
[2026-02-14T08:05:58.648+0000] {processor.py:840} INFO - DAG(s) 'product_price_pipeline' retrieved from /opt/airflow/dags/product_pipeline_dag.py
[2026-02-14T08:05:58.744+0000] {logging_mixin.py:188} INFO - [2026-02-14T08:05:58.744+0000] {dag.py:3089} INFO - Sync 1 DAGs
[2026-02-14T08:05:58.784+0000] {logging_mixin.py:188} INFO - [2026-02-14T08:05:58.784+0000] {dag.py:3947} INFO - Setting next_dagrun for product_price_pipeline to 2026-02-14 00:00:00+00:00, run_after=2026-02-15 00:00:00+00:00
[2026-02-14T08:05:58.834+0000] {processor.py:183} INFO - Processing /opt/airflow/dags/product_pipeline_dag.py took 0.293 seconds
[2026-02-14T08:06:29.726+0000] {processor.py:161} INFO - Started process (PID=9138) to work on /opt/airflow/dags/product_pipeline_dag.py
[2026-02-14T08:06:29.729+0000] {processor.py:830} INFO - Processing file /opt/airflow/dags/product_pipeline_dag.py for tasks to queue
[2026-02-14T08:06:29.736+0000] {logging_mixin.py:188} INFO - [2026-02-14T08:06:29.734+0000] {dagbag.py:545} INFO - Filling up the DagBag from /opt/airflow/dags/product_pipeline_dag.py
[2026-02-14T08:06:29.795+0000] {processor.py:840} INFO - DAG(s) 'product_price_pipeline' retrieved from /opt/airflow/dags/product_pipeline_dag.py
[2026-02-14T08:06:29.900+0000] {logging_mixin.py:188} INFO - [2026-02-14T08:06:29.899+0000] {dag.py:3089} INFO - Sync 1 DAGs
[2026-02-14T08:06:29.979+0000] {logging_mixin.py:188} INFO - [2026-02-14T08:06:29.978+0000] {dag.py:3947} INFO - Setting next_dagrun for product_price_pipeline to 2026-02-14 00:00:00+00:00, run_after=2026-02-15 00:00:00+00:00
[2026-02-14T08:06:30.043+0000] {processor.py:183} INFO - Processing /opt/airflow/dags/product_pipeline_dag.py took 0.329 seconds
[2026-02-14T08:07:00.428+0000] {processor.py:161} INFO - Started process (PID=9161) to work on /opt/airflow/dags/product_pipeline_dag.py
[2026-02-14T08:07:00.431+0000] {processor.py:830} INFO - Processing file /opt/airflow/dags/product_pipeline_dag.py for tasks to queue
[2026-02-14T08:07:00.438+0000] {logging_mixin.py:188} INFO - [2026-02-14T08:07:00.436+0000] {dagbag.py:545} INFO - Filling up the DagBag from /opt/airflow/dags/product_pipeline_dag.py
[2026-02-14T08:07:00.497+0000] {processor.py:840} INFO - DAG(s) 'product_price_pipeline' retrieved from /opt/airflow/dags/product_pipeline_dag.py
[2026-02-14T08:07:00.613+0000] {logging_mixin.py:188} INFO - [2026-02-14T08:07:00.612+0000] {dag.py:3089} INFO - Sync 1 DAGs
[2026-02-14T08:07:00.670+0000] {logging_mixin.py:188} INFO - [2026-02-14T08:07:00.670+0000] {dag.py:3947} INFO - Setting next_dagrun for product_price_pipeline to 2026-02-14 00:00:00+00:00, run_after=2026-02-15 00:00:00+00:00
[2026-02-14T08:07:00.726+0000] {processor.py:183} INFO - Processing /opt/airflow/dags/product_pipeline_dag.py took 0.311 seconds
[2026-02-14T08:07:31.093+0000] {processor.py:161} INFO - Started process (PID=9186) to work on /opt/airflow/dags/product_pipeline_dag.py
[2026-02-14T08:07:31.096+0000] {processor.py:830} INFO - Processing file /opt/airflow/dags/product_pipeline_dag.py for tasks to queue
[2026-02-14T08:07:31.101+0000] {logging_mixin.py:188} INFO - [2026-02-14T08:07:31.100+0000] {dagbag.py:545} INFO - Filling up the DagBag from /opt/airflow/dags/product_pipeline_dag.py
[2026-02-14T08:07:31.169+0000] {processor.py:840} INFO - DAG(s) 'product_price_pipeline' retrieved from /opt/airflow/dags/product_pipeline_dag.py
[2026-02-14T08:07:31.233+0000] {logging_mixin.py:188} INFO - [2026-02-14T08:07:31.233+0000] {dag.py:3089} INFO - Sync 1 DAGs
[2026-02-14T08:07:31.269+0000] {logging_mixin.py:188} INFO - [2026-02-14T08:07:31.269+0000] {dag.py:3947} INFO - Setting next_dagrun for product_price_pipeline to 2026-02-14 00:00:00+00:00, run_after=2026-02-15 00:00:00+00:00
[2026-02-14T08:07:31.317+0000] {processor.py:183} INFO - Processing /opt/airflow/dags/product_pipeline_dag.py took 0.238 seconds
[2026-02-14T08:08:01.851+0000] {processor.py:161} INFO - Started process (PID=9215) to work on /opt/airflow/dags/product_pipeline_dag.py
[2026-02-14T08:08:01.866+0000] {processor.py:830} INFO - Processing file /opt/airflow/dags/product_pipeline_dag.py for tasks to queue
[2026-02-14T08:08:01.916+0000] {logging_mixin.py:188} INFO - [2026-02-14T08:08:01.902+0000] {dagbag.py:545} INFO - Filling up the DagBag from /opt/airflow/dags/product_pipeline_dag.py
[2026-02-14T08:08:02.187+0000] {processor.py:840} INFO - DAG(s) 'product_price_pipeline' retrieved from /opt/airflow/dags/product_pipeline_dag.py
[2026-02-14T08:08:02.573+0000] {logging_mixin.py:188} INFO - [2026-02-14T08:08:02.572+0000] {dag.py:3089} INFO - Sync 1 DAGs
[2026-02-14T08:08:02.760+0000] {logging_mixin.py:188} INFO - [2026-02-14T08:08:02.759+0000] {dag.py:3947} INFO - Setting next_dagrun for product_price_pipeline to 2026-02-14 00:00:00+00:00, run_after=2026-02-15 00:00:00+00:00
[2026-02-14T08:08:02.887+0000] {processor.py:183} INFO - Processing /opt/airflow/dags/product_pipeline_dag.py took 1.180 seconds
[2026-02-14T08:08:41.147+0000] {processor.py:161} INFO - Started process (PID=9244) to work on /opt/airflow/dags/product_pipeline_dag.py
[2026-02-14T08:08:41.154+0000] {processor.py:830} INFO - Processing file /opt/airflow/dags/product_pipeline_dag.py for tasks to queue
[2026-02-14T08:08:41.204+0000] {logging_mixin.py:188} INFO - [2026-02-14T08:08:41.190+0000] {dagbag.py:545} INFO - Filling up the DagBag from /opt/airflow/dags/product_pipeline_dag.py
[2026-02-14T08:08:41.457+0000] {processor.py:840} INFO - DAG(s) 'product_price_pipeline' retrieved from /opt/airflow/dags/product_pipeline_dag.py
[2026-02-14T08:08:41.835+0000] {logging_mixin.py:188} INFO - [2026-02-14T08:08:41.835+0000] {dag.py:3089} INFO - Sync 1 DAGs
[2026-02-14T08:08:42.093+0000] {logging_mixin.py:188} INFO - [2026-02-14T08:08:42.092+0000] {dag.py:3947} INFO - Setting next_dagrun for product_price_pipeline to 2026-02-14 00:00:00+00:00, run_after=2026-02-15 00:00:00+00:00
[2026-02-14T08:08:42.176+0000] {processor.py:183} INFO - Processing /opt/airflow/dags/product_pipeline_dag.py took 1.144 seconds
[2026-02-14T08:09:13.339+0000] {processor.py:161} INFO - Started process (PID=9273) to work on /opt/airflow/dags/product_pipeline_dag.py
[2026-02-14T08:09:13.342+0000] {processor.py:830} INFO - Processing file /opt/airflow/dags/product_pipeline_dag.py for tasks to queue
[2026-02-14T08:09:13.348+0000] {logging_mixin.py:188} INFO - [2026-02-14T08:09:13.347+0000] {dagbag.py:545} INFO - Filling up the DagBag from /opt/airflow/dags/product_pipeline_dag.py
[2026-02-14T08:09:13.430+0000] {processor.py:840} INFO - DAG(s) 'product_price_pipeline' retrieved from /opt/airflow/dags/product_pipeline_dag.py
[2026-02-14T08:09:13.537+0000] {logging_mixin.py:188} INFO - [2026-02-14T08:09:13.535+0000] {dag.py:3089} INFO - Sync 1 DAGs
[2026-02-14T08:09:13.595+0000] {logging_mixin.py:188} INFO - [2026-02-14T08:09:13.595+0000] {dag.py:3947} INFO - Setting next_dagrun for product_price_pipeline to 2026-02-14 00:00:00+00:00, run_after=2026-02-15 00:00:00+00:00
[2026-02-14T08:09:13.647+0000] {processor.py:183} INFO - Processing /opt/airflow/dags/product_pipeline_dag.py took 0.323 seconds
[2026-02-14T08:09:46.235+0000] {processor.py:161} INFO - Started process (PID=9300) to work on /opt/airflow/dags/product_pipeline_dag.py
[2026-02-14T08:09:46.241+0000] {processor.py:830} INFO - Processing file /opt/airflow/dags/product_pipeline_dag.py for tasks to queue
[2026-02-14T08:09:46.249+0000] {logging_mixin.py:188} INFO - [2026-02-14T08:09:46.248+0000] {dagbag.py:545} INFO - Filling up the DagBag from /opt/airflow/dags/product_pipeline_dag.py
[2026-02-14T08:09:46.323+0000] {processor.py:840} INFO - DAG(s) 'product_price_pipeline' retrieved from /opt/airflow/dags/product_pipeline_dag.py
[2026-02-14T08:09:46.413+0000] {logging_mixin.py:188} INFO - [2026-02-14T08:09:46.410+0000] {dag.py:3089} INFO - Sync 1 DAGs
[2026-02-14T08:09:46.501+0000] {logging_mixin.py:188} INFO - [2026-02-14T08:09:46.500+0000] {dag.py:3947} INFO - Setting next_dagrun for product_price_pipeline to 2026-02-14 00:00:00+00:00, run_after=2026-02-15 00:00:00+00:00
[2026-02-14T08:09:46.599+0000] {processor.py:183} INFO - Processing /opt/airflow/dags/product_pipeline_dag.py took 0.376 seconds
[2026-02-14T08:10:19.776+0000] {processor.py:161} INFO - Started process (PID=9329) to work on /opt/airflow/dags/product_pipeline_dag.py
[2026-02-14T08:10:19.781+0000] {processor.py:830} INFO - Processing file /opt/airflow/dags/product_pipeline_dag.py for tasks to queue
[2026-02-14T08:10:19.787+0000] {logging_mixin.py:188} INFO - [2026-02-14T08:10:19.786+0000] {dagbag.py:545} INFO - Filling up the DagBag from /opt/airflow/dags/product_pipeline_dag.py
[2026-02-14T08:10:20.045+0000] {processor.py:840} INFO - DAG(s) 'product_price_pipeline' retrieved from /opt/airflow/dags/product_pipeline_dag.py
[2026-02-14T08:10:20.499+0000] {logging_mixin.py:188} INFO - [2026-02-14T08:10:20.498+0000] {dag.py:3089} INFO - Sync 1 DAGs
[2026-02-14T08:10:20.650+0000] {logging_mixin.py:188} INFO - [2026-02-14T08:10:20.649+0000] {dag.py:3947} INFO - Setting next_dagrun for product_price_pipeline to 2026-02-14 00:00:00+00:00, run_after=2026-02-15 00:00:00+00:00
[2026-02-14T08:10:20.723+0000] {processor.py:183} INFO - Processing /opt/airflow/dags/product_pipeline_dag.py took 0.988 seconds
[2026-02-14T08:10:52.211+0000] {processor.py:161} INFO - Started process (PID=9358) to work on /opt/airflow/dags/product_pipeline_dag.py
[2026-02-14T08:10:52.213+0000] {processor.py:830} INFO - Processing file /opt/airflow/dags/product_pipeline_dag.py for tasks to queue
[2026-02-14T08:10:52.217+0000] {logging_mixin.py:188} INFO - [2026-02-14T08:10:52.217+0000] {dagbag.py:545} INFO - Filling up the DagBag from /opt/airflow/dags/product_pipeline_dag.py
[2026-02-14T08:10:52.273+0000] {processor.py:840} INFO - DAG(s) 'product_price_pipeline' retrieved from /opt/airflow/dags/product_pipeline_dag.py
[2026-02-14T08:10:52.337+0000] {logging_mixin.py:188} INFO - [2026-02-14T08:10:52.337+0000] {dag.py:3089} INFO - Sync 1 DAGs
[2026-02-14T08:10:52.393+0000] {logging_mixin.py:188} INFO - [2026-02-14T08:10:52.392+0000] {dag.py:3947} INFO - Setting next_dagrun for product_price_pipeline to 2026-02-14 00:00:00+00:00, run_after=2026-02-15 00:00:00+00:00
[2026-02-14T08:10:52.437+0000] {processor.py:183} INFO - Processing /opt/airflow/dags/product_pipeline_dag.py took 0.238 seconds
[2026-02-14T08:11:24.643+0000] {processor.py:161} INFO - Started process (PID=9387) to work on /opt/airflow/dags/product_pipeline_dag.py
[2026-02-14T08:11:24.645+0000] {processor.py:830} INFO - Processing file /opt/airflow/dags/product_pipeline_dag.py for tasks to queue
[2026-02-14T08:11:24.651+0000] {logging_mixin.py:188} INFO - [2026-02-14T08:11:24.650+0000] {dagbag.py:545} INFO - Filling up the DagBag from /opt/airflow/dags/product_pipeline_dag.py
[2026-02-14T08:11:24.713+0000] {processor.py:840} INFO - DAG(s) 'product_price_pipeline' retrieved from /opt/airflow/dags/product_pipeline_dag.py
[2026-02-14T08:11:24.772+0000] {logging_mixin.py:188} INFO - [2026-02-14T08:11:24.772+0000] {dag.py:3089} INFO - Sync 1 DAGs
[2026-02-14T08:11:24.807+0000] {logging_mixin.py:188} INFO - [2026-02-14T08:11:24.807+0000] {dag.py:3947} INFO - Setting next_dagrun for product_price_pipeline to 2026-02-14 00:00:00+00:00, run_after=2026-02-15 00:00:00+00:00
[2026-02-14T08:11:24.844+0000] {processor.py:183} INFO - Processing /opt/airflow/dags/product_pipeline_dag.py took 0.217 seconds
[2026-02-14T08:11:56.843+0000] {processor.py:161} INFO - Started process (PID=9416) to work on /opt/airflow/dags/product_pipeline_dag.py
[2026-02-14T08:11:56.846+0000] {processor.py:830} INFO - Processing file /opt/airflow/dags/product_pipeline_dag.py for tasks to queue
[2026-02-14T08:11:56.851+0000] {logging_mixin.py:188} INFO - [2026-02-14T08:11:56.851+0000] {dagbag.py:545} INFO - Filling up the DagBag from /opt/airflow/dags/product_pipeline_dag.py
[2026-02-14T08:11:56.908+0000] {processor.py:840} INFO - DAG(s) 'product_price_pipeline' retrieved from /opt/airflow/dags/product_pipeline_dag.py
[2026-02-14T08:11:56.970+0000] {logging_mixin.py:188} INFO - [2026-02-14T08:11:56.970+0000] {dag.py:3089} INFO - Sync 1 DAGs
[2026-02-14T08:11:57.015+0000] {logging_mixin.py:188} INFO - [2026-02-14T08:11:57.014+0000] {dag.py:3947} INFO - Setting next_dagrun for product_price_pipeline to 2026-02-14 00:00:00+00:00, run_after=2026-02-15 00:00:00+00:00
[2026-02-14T08:11:57.075+0000] {processor.py:183} INFO - Processing /opt/airflow/dags/product_pipeline_dag.py took 0.242 seconds
[2026-02-14T08:12:29.149+0000] {processor.py:161} INFO - Started process (PID=9445) to work on /opt/airflow/dags/product_pipeline_dag.py
[2026-02-14T08:12:29.153+0000] {processor.py:830} INFO - Processing file /opt/airflow/dags/product_pipeline_dag.py for tasks to queue
[2026-02-14T08:12:29.162+0000] {logging_mixin.py:188} INFO - [2026-02-14T08:12:29.160+0000] {dagbag.py:545} INFO - Filling up the DagBag from /opt/airflow/dags/product_pipeline_dag.py
[2026-02-14T08:12:29.238+0000] {processor.py:840} INFO - DAG(s) 'product_price_pipeline' retrieved from /opt/airflow/dags/product_pipeline_dag.py
[2026-02-14T08:12:29.326+0000] {logging_mixin.py:188} INFO - [2026-02-14T08:12:29.325+0000] {dag.py:3089} INFO - Sync 1 DAGs
[2026-02-14T08:12:29.403+0000] {logging_mixin.py:188} INFO - [2026-02-14T08:12:29.402+0000] {dag.py:3947} INFO - Setting next_dagrun for product_price_pipeline to 2026-02-14 00:00:00+00:00, run_after=2026-02-15 00:00:00+00:00
[2026-02-14T08:12:29.463+0000] {processor.py:183} INFO - Processing /opt/airflow/dags/product_pipeline_dag.py took 0.332 seconds
[2026-02-14T08:13:00.676+0000] {processor.py:161} INFO - Started process (PID=9474) to work on /opt/airflow/dags/product_pipeline_dag.py
[2026-02-14T08:13:00.678+0000] {processor.py:830} INFO - Processing file /opt/airflow/dags/product_pipeline_dag.py for tasks to queue
[2026-02-14T08:13:00.685+0000] {logging_mixin.py:188} INFO - [2026-02-14T08:13:00.684+0000] {dagbag.py:545} INFO - Filling up the DagBag from /opt/airflow/dags/product_pipeline_dag.py
[2026-02-14T08:13:00.745+0000] {processor.py:840} INFO - DAG(s) 'product_price_pipeline' retrieved from /opt/airflow/dags/product_pipeline_dag.py
[2026-02-14T08:13:00.805+0000] {logging_mixin.py:188} INFO - [2026-02-14T08:13:00.805+0000] {dag.py:3089} INFO - Sync 1 DAGs
[2026-02-14T08:13:00.845+0000] {logging_mixin.py:188} INFO - [2026-02-14T08:13:00.844+0000] {dag.py:3947} INFO - Setting next_dagrun for product_price_pipeline to 2026-02-14 00:00:00+00:00, run_after=2026-02-15 00:00:00+00:00
[2026-02-14T08:13:00.894+0000] {processor.py:183} INFO - Processing /opt/airflow/dags/product_pipeline_dag.py took 0.230 seconds
[2026-02-14T08:13:31.425+0000] {processor.py:161} INFO - Started process (PID=9497) to work on /opt/airflow/dags/product_pipeline_dag.py
[2026-02-14T08:13:31.429+0000] {processor.py:830} INFO - Processing file /opt/airflow/dags/product_pipeline_dag.py for tasks to queue
[2026-02-14T08:13:31.439+0000] {logging_mixin.py:188} INFO - [2026-02-14T08:13:31.437+0000] {dagbag.py:545} INFO - Filling up the DagBag from /opt/airflow/dags/product_pipeline_dag.py
[2026-02-14T08:13:31.504+0000] {processor.py:840} INFO - DAG(s) 'product_price_pipeline' retrieved from /opt/airflow/dags/product_pipeline_dag.py
[2026-02-14T08:13:31.584+0000] {logging_mixin.py:188} INFO - [2026-02-14T08:13:31.584+0000] {dag.py:3089} INFO - Sync 1 DAGs
[2026-02-14T08:13:31.637+0000] {logging_mixin.py:188} INFO - [2026-02-14T08:13:31.636+0000] {dag.py:3947} INFO - Setting next_dagrun for product_price_pipeline to 2026-02-14 00:00:00+00:00, run_after=2026-02-15 00:00:00+00:00
[2026-02-14T08:13:31.695+0000] {processor.py:183} INFO - Processing /opt/airflow/dags/product_pipeline_dag.py took 0.282 seconds
[2026-02-14T08:14:02.376+0000] {processor.py:161} INFO - Started process (PID=9522) to work on /opt/airflow/dags/product_pipeline_dag.py
[2026-02-14T08:14:02.379+0000] {processor.py:830} INFO - Processing file /opt/airflow/dags/product_pipeline_dag.py for tasks to queue
[2026-02-14T08:14:02.384+0000] {logging_mixin.py:188} INFO - [2026-02-14T08:14:02.383+0000] {dagbag.py:545} INFO - Filling up the DagBag from /opt/airflow/dags/product_pipeline_dag.py
[2026-02-14T08:14:02.471+0000] {processor.py:840} INFO - DAG(s) 'product_price_pipeline' retrieved from /opt/airflow/dags/product_pipeline_dag.py
[2026-02-14T08:14:02.559+0000] {logging_mixin.py:188} INFO - [2026-02-14T08:14:02.558+0000] {dag.py:3089} INFO - Sync 1 DAGs
[2026-02-14T08:14:02.610+0000] {logging_mixin.py:188} INFO - [2026-02-14T08:14:02.609+0000] {dag.py:3947} INFO - Setting next_dagrun for product_price_pipeline to 2026-02-14 00:00:00+00:00, run_after=2026-02-15 00:00:00+00:00
[2026-02-14T08:14:02.675+0000] {processor.py:183} INFO - Processing /opt/airflow/dags/product_pipeline_dag.py took 0.312 seconds
[2026-02-14T08:14:32.930+0000] {processor.py:161} INFO - Started process (PID=9551) to work on /opt/airflow/dags/product_pipeline_dag.py
[2026-02-14T08:14:32.933+0000] {processor.py:830} INFO - Processing file /opt/airflow/dags/product_pipeline_dag.py for tasks to queue
[2026-02-14T08:14:32.938+0000] {logging_mixin.py:188} INFO - [2026-02-14T08:14:32.937+0000] {dagbag.py:545} INFO - Filling up the DagBag from /opt/airflow/dags/product_pipeline_dag.py
[2026-02-14T08:14:33.028+0000] {processor.py:840} INFO - DAG(s) 'product_price_pipeline' retrieved from /opt/airflow/dags/product_pipeline_dag.py
[2026-02-14T08:14:33.120+0000] {logging_mixin.py:188} INFO - [2026-02-14T08:14:33.120+0000] {dag.py:3089} INFO - Sync 1 DAGs
[2026-02-14T08:14:33.161+0000] {logging_mixin.py:188} INFO - [2026-02-14T08:14:33.160+0000] {dag.py:3947} INFO - Setting next_dagrun for product_price_pipeline to 2026-02-14 00:00:00+00:00, run_after=2026-02-15 00:00:00+00:00
[2026-02-14T08:14:33.219+0000] {processor.py:183} INFO - Processing /opt/airflow/dags/product_pipeline_dag.py took 0.306 seconds
[2026-02-14T08:15:05.140+0000] {processor.py:161} INFO - Started process (PID=9580) to work on /opt/airflow/dags/product_pipeline_dag.py
[2026-02-14T08:15:05.157+0000] {processor.py:830} INFO - Processing file /opt/airflow/dags/product_pipeline_dag.py for tasks to queue
[2026-02-14T08:15:05.182+0000] {logging_mixin.py:188} INFO - [2026-02-14T08:15:05.177+0000] {dagbag.py:545} INFO - Filling up the DagBag from /opt/airflow/dags/product_pipeline_dag.py
[2026-02-14T08:15:05.637+0000] {processor.py:840} INFO - DAG(s) 'product_price_pipeline' retrieved from /opt/airflow/dags/product_pipeline_dag.py
[2026-02-14T08:15:06.865+0000] {logging_mixin.py:188} INFO - [2026-02-14T08:15:06.864+0000] {dag.py:3089} INFO - Sync 1 DAGs
[2026-02-14T08:16:01.967+0000] {logging_mixin.py:188} INFO - [2026-02-14T08:16:01.966+0000] {dag.py:3947} INFO - Setting next_dagrun for product_price_pipeline to 2026-02-14 00:00:00+00:00, run_after=2026-02-15 00:00:00+00:00
[2026-02-14T08:16:36.804+0000] {processor.py:161} INFO - Started process (PID=9605) to work on /opt/airflow/dags/product_pipeline_dag.py
[2026-02-14T08:16:36.816+0000] {processor.py:830} INFO - Processing file /opt/airflow/dags/product_pipeline_dag.py for tasks to queue
[2026-02-14T08:16:36.839+0000] {logging_mixin.py:188} INFO - [2026-02-14T08:16:36.832+0000] {dagbag.py:545} INFO - Filling up the DagBag from /opt/airflow/dags/product_pipeline_dag.py
[2026-02-14T08:16:37.093+0000] {processor.py:840} INFO - DAG(s) 'product_price_pipeline' retrieved from /opt/airflow/dags/product_pipeline_dag.py
[2026-02-14T08:16:37.499+0000] {logging_mixin.py:188} INFO - [2026-02-14T08:16:37.499+0000] {dag.py:3089} INFO - Sync 1 DAGs
[2026-02-14T08:16:37.780+0000] {logging_mixin.py:188} INFO - [2026-02-14T08:16:37.778+0000] {dag.py:3947} INFO - Setting next_dagrun for product_price_pipeline to 2026-02-14 00:00:00+00:00, run_after=2026-02-15 00:00:00+00:00
[2026-02-14T08:16:37.909+0000] {processor.py:183} INFO - Processing /opt/airflow/dags/product_pipeline_dag.py took 1.164 seconds
[2026-02-14T08:17:10.987+0000] {processor.py:161} INFO - Started process (PID=9634) to work on /opt/airflow/dags/product_pipeline_dag.py
[2026-02-14T08:17:10.989+0000] {processor.py:830} INFO - Processing file /opt/airflow/dags/product_pipeline_dag.py for tasks to queue
[2026-02-14T08:17:10.993+0000] {logging_mixin.py:188} INFO - [2026-02-14T08:17:10.992+0000] {dagbag.py:545} INFO - Filling up the DagBag from /opt/airflow/dags/product_pipeline_dag.py
[2026-02-14T08:17:11.068+0000] {processor.py:840} INFO - DAG(s) 'product_price_pipeline' retrieved from /opt/airflow/dags/product_pipeline_dag.py
[2026-02-14T08:17:11.151+0000] {logging_mixin.py:188} INFO - [2026-02-14T08:17:11.151+0000] {dag.py:3089} INFO - Sync 1 DAGs
[2026-02-14T08:17:11.196+0000] {logging_mixin.py:188} INFO - [2026-02-14T08:17:11.195+0000] {dag.py:3947} INFO - Setting next_dagrun for product_price_pipeline to 2026-02-14 00:00:00+00:00, run_after=2026-02-15 00:00:00+00:00
[2026-02-14T08:17:11.255+0000] {processor.py:183} INFO - Processing /opt/airflow/dags/product_pipeline_dag.py took 0.283 seconds
[2026-02-14T08:17:43.996+0000] {processor.py:161} INFO - Started process (PID=9665) to work on /opt/airflow/dags/product_pipeline_dag.py
[2026-02-14T08:17:43.999+0000] {processor.py:830} INFO - Processing file /opt/airflow/dags/product_pipeline_dag.py for tasks to queue
[2026-02-14T08:17:44.004+0000] {logging_mixin.py:188} INFO - [2026-02-14T08:17:44.003+0000] {dagbag.py:545} INFO - Filling up the DagBag from /opt/airflow/dags/product_pipeline_dag.py
[2026-02-14T08:17:44.139+0000] {processor.py:840} INFO - DAG(s) 'product_price_pipeline' retrieved from /opt/airflow/dags/product_pipeline_dag.py
[2026-02-14T08:17:44.229+0000] {logging_mixin.py:188} INFO - [2026-02-14T08:17:44.223+0000] {dag.py:3089} INFO - Sync 1 DAGs
[2026-02-14T08:17:44.403+0000] {logging_mixin.py:188} INFO - [2026-02-14T08:17:44.398+0000] {dag.py:3947} INFO - Setting next_dagrun for product_price_pipeline to 2026-02-14 00:00:00+00:00, run_after=2026-02-15 00:00:00+00:00
[2026-02-14T08:17:44.499+0000] {processor.py:183} INFO - Processing /opt/airflow/dags/product_pipeline_dag.py took 0.517 seconds
[2026-02-14T08:18:15.857+0000] {processor.py:161} INFO - Started process (PID=9692) to work on /opt/airflow/dags/product_pipeline_dag.py
[2026-02-14T08:18:15.860+0000] {processor.py:830} INFO - Processing file /opt/airflow/dags/product_pipeline_dag.py for tasks to queue
[2026-02-14T08:18:15.864+0000] {logging_mixin.py:188} INFO - [2026-02-14T08:18:15.863+0000] {dagbag.py:545} INFO - Filling up the DagBag from /opt/airflow/dags/product_pipeline_dag.py
[2026-02-14T08:18:15.914+0000] {processor.py:840} INFO - DAG(s) 'product_price_pipeline' retrieved from /opt/airflow/dags/product_pipeline_dag.py
[2026-02-14T08:18:15.985+0000] {logging_mixin.py:188} INFO - [2026-02-14T08:18:15.984+0000] {dag.py:3089} INFO - Sync 1 DAGs
[2026-02-14T08:18:16.016+0000] {logging_mixin.py:188} INFO - [2026-02-14T08:18:16.015+0000] {dag.py:3947} INFO - Setting next_dagrun for product_price_pipeline to 2026-02-14 00:00:00+00:00, run_after=2026-02-15 00:00:00+00:00
[2026-02-14T08:18:16.068+0000] {processor.py:183} INFO - Processing /opt/airflow/dags/product_pipeline_dag.py took 0.226 seconds
[2026-02-14T08:18:49.489+0000] {processor.py:161} INFO - Started process (PID=9721) to work on /opt/airflow/dags/product_pipeline_dag.py
[2026-02-14T08:18:49.508+0000] {processor.py:830} INFO - Processing file /opt/airflow/dags/product_pipeline_dag.py for tasks to queue
[2026-02-14T08:18:49.520+0000] {logging_mixin.py:188} INFO - [2026-02-14T08:18:49.519+0000] {dagbag.py:545} INFO - Filling up the DagBag from /opt/airflow/dags/product_pipeline_dag.py
[2026-02-14T08:18:49.632+0000] {processor.py:840} INFO - DAG(s) 'product_price_pipeline' retrieved from /opt/airflow/dags/product_pipeline_dag.py
[2026-02-14T08:18:49.738+0000] {logging_mixin.py:188} INFO - [2026-02-14T08:18:49.737+0000] {dag.py:3089} INFO - Sync 1 DAGs
[2026-02-14T08:18:49.787+0000] {logging_mixin.py:188} INFO - [2026-02-14T08:18:49.787+0000] {dag.py:3947} INFO - Setting next_dagrun for product_price_pipeline to 2026-02-14 00:00:00+00:00, run_after=2026-02-15 00:00:00+00:00
[2026-02-14T08:18:49.844+0000] {processor.py:183} INFO - Processing /opt/airflow/dags/product_pipeline_dag.py took 0.381 seconds
[2026-02-14T08:19:22.452+0000] {processor.py:161} INFO - Started process (PID=9750) to work on /opt/airflow/dags/product_pipeline_dag.py
[2026-02-14T08:19:22.456+0000] {processor.py:830} INFO - Processing file /opt/airflow/dags/product_pipeline_dag.py for tasks to queue
[2026-02-14T08:19:22.460+0000] {logging_mixin.py:188} INFO - [2026-02-14T08:19:22.459+0000] {dagbag.py:545} INFO - Filling up the DagBag from /opt/airflow/dags/product_pipeline_dag.py
[2026-02-14T08:19:22.528+0000] {processor.py:840} INFO - DAG(s) 'product_price_pipeline' retrieved from /opt/airflow/dags/product_pipeline_dag.py
[2026-02-14T08:19:22.601+0000] {logging_mixin.py:188} INFO - [2026-02-14T08:19:22.600+0000] {dag.py:3089} INFO - Sync 1 DAGs
[2026-02-14T08:19:22.668+0000] {logging_mixin.py:188} INFO - [2026-02-14T08:19:22.668+0000] {dag.py:3947} INFO - Setting next_dagrun for product_price_pipeline to 2026-02-14 00:00:00+00:00, run_after=2026-02-15 00:00:00+00:00
[2026-02-14T08:19:22.717+0000] {processor.py:183} INFO - Processing /opt/airflow/dags/product_pipeline_dag.py took 0.277 seconds
[2026-02-14T08:19:56.136+0000] {processor.py:161} INFO - Started process (PID=9779) to work on /opt/airflow/dags/product_pipeline_dag.py
[2026-02-14T08:19:56.139+0000] {processor.py:830} INFO - Processing file /opt/airflow/dags/product_pipeline_dag.py for tasks to queue
[2026-02-14T08:19:56.144+0000] {logging_mixin.py:188} INFO - [2026-02-14T08:19:56.142+0000] {dagbag.py:545} INFO - Filling up the DagBag from /opt/airflow/dags/product_pipeline_dag.py
[2026-02-14T08:19:56.228+0000] {processor.py:840} INFO - DAG(s) 'product_price_pipeline' retrieved from /opt/airflow/dags/product_pipeline_dag.py
[2026-02-14T08:19:56.347+0000] {logging_mixin.py:188} INFO - [2026-02-14T08:19:56.346+0000] {dag.py:3089} INFO - Sync 1 DAGs
[2026-02-14T08:19:56.431+0000] {logging_mixin.py:188} INFO - [2026-02-14T08:19:56.431+0000] {dag.py:3947} INFO - Setting next_dagrun for product_price_pipeline to 2026-02-14 00:00:00+00:00, run_after=2026-02-15 00:00:00+00:00
[2026-02-14T08:19:56.491+0000] {processor.py:183} INFO - Processing /opt/airflow/dags/product_pipeline_dag.py took 0.372 seconds
[2026-02-14T08:20:28.757+0000] {processor.py:161} INFO - Started process (PID=9808) to work on /opt/airflow/dags/product_pipeline_dag.py
[2026-02-14T08:20:28.759+0000] {processor.py:830} INFO - Processing file /opt/airflow/dags/product_pipeline_dag.py for tasks to queue
[2026-02-14T08:20:28.767+0000] {logging_mixin.py:188} INFO - [2026-02-14T08:20:28.762+0000] {dagbag.py:545} INFO - Filling up the DagBag from /opt/airflow/dags/product_pipeline_dag.py
[2026-02-14T08:20:28.838+0000] {processor.py:840} INFO - DAG(s) 'product_price_pipeline' retrieved from /opt/airflow/dags/product_pipeline_dag.py
[2026-02-14T08:20:28.939+0000] {logging_mixin.py:188} INFO - [2026-02-14T08:20:28.938+0000] {dag.py:3089} INFO - Sync 1 DAGs
[2026-02-14T08:20:29.045+0000] {logging_mixin.py:188} INFO - [2026-02-14T08:20:29.045+0000] {dag.py:3947} INFO - Setting next_dagrun for product_price_pipeline to 2026-02-14 00:00:00+00:00, run_after=2026-02-15 00:00:00+00:00
[2026-02-14T08:20:29.126+0000] {processor.py:183} INFO - Processing /opt/airflow/dags/product_pipeline_dag.py took 0.385 seconds
[2026-02-14T08:21:01.302+0000] {processor.py:161} INFO - Started process (PID=9839) to work on /opt/airflow/dags/product_pipeline_dag.py
[2026-02-14T08:21:01.304+0000] {processor.py:830} INFO - Processing file /opt/airflow/dags/product_pipeline_dag.py for tasks to queue
[2026-02-14T08:21:01.307+0000] {logging_mixin.py:188} INFO - [2026-02-14T08:21:01.307+0000] {dagbag.py:545} INFO - Filling up the DagBag from /opt/airflow/dags/product_pipeline_dag.py
[2026-02-14T08:21:01.370+0000] {processor.py:840} INFO - DAG(s) 'product_price_pipeline' retrieved from /opt/airflow/dags/product_pipeline_dag.py
[2026-02-14T08:21:01.440+0000] {logging_mixin.py:188} INFO - [2026-02-14T08:21:01.439+0000] {dag.py:3089} INFO - Sync 1 DAGs
[2026-02-14T08:21:01.506+0000] {logging_mixin.py:188} INFO - [2026-02-14T08:21:01.506+0000] {dag.py:3947} INFO - Setting next_dagrun for product_price_pipeline to 2026-02-14 00:00:00+00:00, run_after=2026-02-15 00:00:00+00:00
[2026-02-14T08:21:01.569+0000] {processor.py:183} INFO - Processing /opt/airflow/dags/product_pipeline_dag.py took 0.282 seconds
[2026-02-14T08:21:34.431+0000] {processor.py:161} INFO - Started process (PID=9867) to work on /opt/airflow/dags/product_pipeline_dag.py
[2026-02-14T08:21:34.436+0000] {processor.py:830} INFO - Processing file /opt/airflow/dags/product_pipeline_dag.py for tasks to queue
[2026-02-14T08:21:34.443+0000] {logging_mixin.py:188} INFO - [2026-02-14T08:21:34.441+0000] {dagbag.py:545} INFO - Filling up the DagBag from /opt/airflow/dags/product_pipeline_dag.py
[2026-02-14T08:21:34.508+0000] {processor.py:840} INFO - DAG(s) 'product_price_pipeline' retrieved from /opt/airflow/dags/product_pipeline_dag.py
[2026-02-14T08:21:34.575+0000] {logging_mixin.py:188} INFO - [2026-02-14T08:21:34.575+0000] {dag.py:3089} INFO - Sync 1 DAGs
[2026-02-14T08:21:34.606+0000] {logging_mixin.py:188} INFO - [2026-02-14T08:21:34.606+0000] {dag.py:3947} INFO - Setting next_dagrun for product_price_pipeline to 2026-02-14 00:00:00+00:00, run_after=2026-02-15 00:00:00+00:00
[2026-02-14T08:21:34.652+0000] {processor.py:183} INFO - Processing /opt/airflow/dags/product_pipeline_dag.py took 0.235 seconds
[2026-02-14T08:22:07.729+0000] {processor.py:161} INFO - Started process (PID=9895) to work on /opt/airflow/dags/product_pipeline_dag.py
[2026-02-14T08:22:07.731+0000] {processor.py:830} INFO - Processing file /opt/airflow/dags/product_pipeline_dag.py for tasks to queue
[2026-02-14T08:22:07.738+0000] {logging_mixin.py:188} INFO - [2026-02-14T08:22:07.737+0000] {dagbag.py:545} INFO - Filling up the DagBag from /opt/airflow/dags/product_pipeline_dag.py
[2026-02-14T08:22:07.808+0000] {processor.py:840} INFO - DAG(s) 'product_price_pipeline' retrieved from /opt/airflow/dags/product_pipeline_dag.py
[2026-02-14T08:22:07.868+0000] {logging_mixin.py:188} INFO - [2026-02-14T08:22:07.867+0000] {dag.py:3089} INFO - Sync 1 DAGs
[2026-02-14T08:22:07.900+0000] {logging_mixin.py:188} INFO - [2026-02-14T08:22:07.900+0000] {dag.py:3947} INFO - Setting next_dagrun for product_price_pipeline to 2026-02-14 00:00:00+00:00, run_after=2026-02-15 00:00:00+00:00
[2026-02-14T08:22:07.944+0000] {processor.py:183} INFO - Processing /opt/airflow/dags/product_pipeline_dag.py took 0.230 seconds
[2026-02-14T08:22:40.345+0000] {processor.py:161} INFO - Started process (PID=9924) to work on /opt/airflow/dags/product_pipeline_dag.py
[2026-02-14T08:22:40.347+0000] {processor.py:830} INFO - Processing file /opt/airflow/dags/product_pipeline_dag.py for tasks to queue
[2026-02-14T08:22:40.351+0000] {logging_mixin.py:188} INFO - [2026-02-14T08:22:40.350+0000] {dagbag.py:545} INFO - Filling up the DagBag from /opt/airflow/dags/product_pipeline_dag.py
[2026-02-14T08:22:40.419+0000] {processor.py:840} INFO - DAG(s) 'product_price_pipeline' retrieved from /opt/airflow/dags/product_pipeline_dag.py
[2026-02-14T08:22:40.475+0000] {logging_mixin.py:188} INFO - [2026-02-14T08:22:40.475+0000] {dag.py:3089} INFO - Sync 1 DAGs
[2026-02-14T08:22:40.532+0000] {logging_mixin.py:188} INFO - [2026-02-14T08:22:40.531+0000] {dag.py:3947} INFO - Setting next_dagrun for product_price_pipeline to 2026-02-14 00:00:00+00:00, run_after=2026-02-15 00:00:00+00:00
[2026-02-14T08:22:40.604+0000] {processor.py:183} INFO - Processing /opt/airflow/dags/product_pipeline_dag.py took 0.270 seconds
[2026-02-14T08:23:13.802+0000] {processor.py:161} INFO - Started process (PID=9953) to work on /opt/airflow/dags/product_pipeline_dag.py
[2026-02-14T08:23:13.804+0000] {processor.py:830} INFO - Processing file /opt/airflow/dags/product_pipeline_dag.py for tasks to queue
[2026-02-14T08:23:13.807+0000] {logging_mixin.py:188} INFO - [2026-02-14T08:23:13.807+0000] {dagbag.py:545} INFO - Filling up the DagBag from /opt/airflow/dags/product_pipeline_dag.py
[2026-02-14T08:23:13.868+0000] {processor.py:840} INFO - DAG(s) 'product_price_pipeline' retrieved from /opt/airflow/dags/product_pipeline_dag.py
[2026-02-14T08:23:13.923+0000] {logging_mixin.py:188} INFO - [2026-02-14T08:23:13.922+0000] {dag.py:3089} INFO - Sync 1 DAGs
[2026-02-14T08:23:13.956+0000] {logging_mixin.py:188} INFO - [2026-02-14T08:23:13.956+0000] {dag.py:3947} INFO - Setting next_dagrun for product_price_pipeline to 2026-02-14 00:00:00+00:00, run_after=2026-02-15 00:00:00+00:00
[2026-02-14T08:23:13.995+0000] {processor.py:183} INFO - Processing /opt/airflow/dags/product_pipeline_dag.py took 0.205 seconds
[2026-02-14T08:23:46.700+0000] {processor.py:161} INFO - Started process (PID=9982) to work on /opt/airflow/dags/product_pipeline_dag.py
[2026-02-14T08:23:46.702+0000] {processor.py:830} INFO - Processing file /opt/airflow/dags/product_pipeline_dag.py for tasks to queue
[2026-02-14T08:23:46.705+0000] {logging_mixin.py:188} INFO - [2026-02-14T08:23:46.705+0000] {dagbag.py:545} INFO - Filling up the DagBag from /opt/airflow/dags/product_pipeline_dag.py
[2026-02-14T08:23:46.769+0000] {processor.py:840} INFO - DAG(s) 'product_price_pipeline' retrieved from /opt/airflow/dags/product_pipeline_dag.py
[2026-02-14T08:23:46.821+0000] {logging_mixin.py:188} INFO - [2026-02-14T08:23:46.820+0000] {dag.py:3089} INFO - Sync 1 DAGs
[2026-02-14T08:23:46.855+0000] {logging_mixin.py:188} INFO - [2026-02-14T08:23:46.855+0000] {dag.py:3947} INFO - Setting next_dagrun for product_price_pipeline to 2026-02-14 00:00:00+00:00, run_after=2026-02-15 00:00:00+00:00
[2026-02-14T08:23:46.907+0000] {processor.py:183} INFO - Processing /opt/airflow/dags/product_pipeline_dag.py took 0.216 seconds
[2026-02-14T08:24:19.864+0000] {processor.py:161} INFO - Started process (PID=10011) to work on /opt/airflow/dags/product_pipeline_dag.py
[2026-02-14T08:24:19.867+0000] {processor.py:830} INFO - Processing file /opt/airflow/dags/product_pipeline_dag.py for tasks to queue
[2026-02-14T08:24:19.872+0000] {logging_mixin.py:188} INFO - [2026-02-14T08:24:19.872+0000] {dagbag.py:545} INFO - Filling up the DagBag from /opt/airflow/dags/product_pipeline_dag.py
[2026-02-14T08:24:19.952+0000] {processor.py:840} INFO - DAG(s) 'product_price_pipeline' retrieved from /opt/airflow/dags/product_pipeline_dag.py
[2026-02-14T08:24:20.010+0000] {logging_mixin.py:188} INFO - [2026-02-14T08:24:20.009+0000] {dag.py:3089} INFO - Sync 1 DAGs
[2026-02-14T08:24:20.052+0000] {logging_mixin.py:188} INFO - [2026-02-14T08:24:20.051+0000] {dag.py:3947} INFO - Setting next_dagrun for product_price_pipeline to 2026-02-14 00:00:00+00:00, run_after=2026-02-15 00:00:00+00:00
[2026-02-14T08:24:20.120+0000] {processor.py:183} INFO - Processing /opt/airflow/dags/product_pipeline_dag.py took 0.264 seconds
[2026-02-14T08:24:53.367+0000] {processor.py:161} INFO - Started process (PID=10040) to work on /opt/airflow/dags/product_pipeline_dag.py
[2026-02-14T08:24:53.369+0000] {processor.py:830} INFO - Processing file /opt/airflow/dags/product_pipeline_dag.py for tasks to queue
[2026-02-14T08:24:53.375+0000] {logging_mixin.py:188} INFO - [2026-02-14T08:24:53.373+0000] {dagbag.py:545} INFO - Filling up the DagBag from /opt/airflow/dags/product_pipeline_dag.py
[2026-02-14T08:24:53.454+0000] {processor.py:840} INFO - DAG(s) 'product_price_pipeline' retrieved from /opt/airflow/dags/product_pipeline_dag.py
[2026-02-14T08:24:53.506+0000] {logging_mixin.py:188} INFO - [2026-02-14T08:24:53.506+0000] {dag.py:3089} INFO - Sync 1 DAGs
[2026-02-14T08:24:53.553+0000] {logging_mixin.py:188} INFO - [2026-02-14T08:24:53.553+0000] {dag.py:3947} INFO - Setting next_dagrun for product_price_pipeline to 2026-02-14 00:00:00+00:00, run_after=2026-02-15 00:00:00+00:00
[2026-02-14T08:24:53.587+0000] {processor.py:183} INFO - Processing /opt/airflow/dags/product_pipeline_dag.py took 0.232 seconds
[2026-02-14T08:25:26.090+0000] {processor.py:161} INFO - Started process (PID=10069) to work on /opt/airflow/dags/product_pipeline_dag.py
[2026-02-14T08:25:26.094+0000] {processor.py:830} INFO - Processing file /opt/airflow/dags/product_pipeline_dag.py for tasks to queue
[2026-02-14T08:25:26.099+0000] {logging_mixin.py:188} INFO - [2026-02-14T08:25:26.098+0000] {dagbag.py:545} INFO - Filling up the DagBag from /opt/airflow/dags/product_pipeline_dag.py
[2026-02-14T08:25:26.154+0000] {processor.py:840} INFO - DAG(s) 'product_price_pipeline' retrieved from /opt/airflow/dags/product_pipeline_dag.py
[2026-02-14T08:25:26.207+0000] {logging_mixin.py:188} INFO - [2026-02-14T08:25:26.206+0000] {dag.py:3089} INFO - Sync 1 DAGs
[2026-02-14T08:25:26.250+0000] {logging_mixin.py:188} INFO - [2026-02-14T08:25:26.249+0000] {dag.py:3947} INFO - Setting next_dagrun for product_price_pipeline to 2026-02-14 00:00:00+00:00, run_after=2026-02-15 00:00:00+00:00
[2026-02-14T08:25:26.285+0000] {processor.py:183} INFO - Processing /opt/airflow/dags/product_pipeline_dag.py took 0.220 seconds
[2026-02-14T08:25:57.577+0000] {processor.py:161} INFO - Started process (PID=10098) to work on /opt/airflow/dags/product_pipeline_dag.py
[2026-02-14T08:25:57.580+0000] {processor.py:830} INFO - Processing file /opt/airflow/dags/product_pipeline_dag.py for tasks to queue
[2026-02-14T08:25:57.588+0000] {logging_mixin.py:188} INFO - [2026-02-14T08:25:57.587+0000] {dagbag.py:545} INFO - Filling up the DagBag from /opt/airflow/dags/product_pipeline_dag.py
[2026-02-14T08:25:57.656+0000] {processor.py:840} INFO - DAG(s) 'product_price_pipeline' retrieved from /opt/airflow/dags/product_pipeline_dag.py
[2026-02-14T08:25:57.711+0000] {logging_mixin.py:188} INFO - [2026-02-14T08:25:57.710+0000] {dag.py:3089} INFO - Sync 1 DAGs
[2026-02-14T08:25:57.757+0000] {logging_mixin.py:188} INFO - [2026-02-14T08:25:57.756+0000] {dag.py:3947} INFO - Setting next_dagrun for product_price_pipeline to 2026-02-14 00:00:00+00:00, run_after=2026-02-15 00:00:00+00:00
[2026-02-14T08:25:57.818+0000] {processor.py:183} INFO - Processing /opt/airflow/dags/product_pipeline_dag.py took 0.249 seconds
[2026-02-14T08:26:30.862+0000] {processor.py:161} INFO - Started process (PID=10127) to work on /opt/airflow/dags/product_pipeline_dag.py
[2026-02-14T08:26:30.865+0000] {processor.py:830} INFO - Processing file /opt/airflow/dags/product_pipeline_dag.py for tasks to queue
[2026-02-14T08:26:30.868+0000] {logging_mixin.py:188} INFO - [2026-02-14T08:26:30.868+0000] {dagbag.py:545} INFO - Filling up the DagBag from /opt/airflow/dags/product_pipeline_dag.py
[2026-02-14T08:26:30.943+0000] {processor.py:840} INFO - DAG(s) 'product_price_pipeline' retrieved from /opt/airflow/dags/product_pipeline_dag.py
[2026-02-14T08:26:31.018+0000] {logging_mixin.py:188} INFO - [2026-02-14T08:26:31.018+0000] {dag.py:3089} INFO - Sync 1 DAGs
[2026-02-14T08:26:31.063+0000] {logging_mixin.py:188} INFO - [2026-02-14T08:26:31.062+0000] {dag.py:3947} INFO - Setting next_dagrun for product_price_pipeline to 2026-02-14 00:00:00+00:00, run_after=2026-02-15 00:00:00+00:00
[2026-02-14T08:26:31.137+0000] {processor.py:183} INFO - Processing /opt/airflow/dags/product_pipeline_dag.py took 0.287 seconds
[2026-02-14T08:27:06.594+0000] {processor.py:161} INFO - Started process (PID=10162) to work on /opt/airflow/dags/product_pipeline_dag.py
[2026-02-14T08:27:06.600+0000] {processor.py:830} INFO - Processing file /opt/airflow/dags/product_pipeline_dag.py for tasks to queue
[2026-02-14T08:27:06.605+0000] {logging_mixin.py:188} INFO - [2026-02-14T08:27:06.604+0000] {dagbag.py:545} INFO - Filling up the DagBag from /opt/airflow/dags/product_pipeline_dag.py
[2026-02-14T08:27:06.702+0000] {processor.py:840} INFO - DAG(s) 'product_price_pipeline' retrieved from /opt/airflow/dags/product_pipeline_dag.py
[2026-02-14T08:27:06.811+0000] {logging_mixin.py:188} INFO - [2026-02-14T08:27:06.809+0000] {dag.py:3089} INFO - Sync 1 DAGs
[2026-02-14T08:27:06.894+0000] {logging_mixin.py:188} INFO - [2026-02-14T08:27:06.893+0000] {dag.py:3947} INFO - Setting next_dagrun for product_price_pipeline to 2026-02-14 00:00:00+00:00, run_after=2026-02-15 00:00:00+00:00
[2026-02-14T08:27:06.977+0000] {processor.py:183} INFO - Processing /opt/airflow/dags/product_pipeline_dag.py took 0.398 seconds
[2026-02-14T08:27:40.079+0000] {processor.py:161} INFO - Started process (PID=10191) to work on /opt/airflow/dags/product_pipeline_dag.py
[2026-02-14T08:27:40.082+0000] {processor.py:830} INFO - Processing file /opt/airflow/dags/product_pipeline_dag.py for tasks to queue
[2026-02-14T08:27:40.086+0000] {logging_mixin.py:188} INFO - [2026-02-14T08:27:40.085+0000] {dagbag.py:545} INFO - Filling up the DagBag from /opt/airflow/dags/product_pipeline_dag.py
[2026-02-14T08:27:40.158+0000] {processor.py:840} INFO - DAG(s) 'product_price_pipeline' retrieved from /opt/airflow/dags/product_pipeline_dag.py
[2026-02-14T08:27:40.228+0000] {logging_mixin.py:188} INFO - [2026-02-14T08:27:40.228+0000] {dag.py:3089} INFO - Sync 1 DAGs
[2026-02-14T08:27:40.277+0000] {logging_mixin.py:188} INFO - [2026-02-14T08:27:40.276+0000] {dag.py:3947} INFO - Setting next_dagrun for product_price_pipeline to 2026-02-14 00:00:00+00:00, run_after=2026-02-15 00:00:00+00:00
[2026-02-14T08:27:40.327+0000] {processor.py:183} INFO - Processing /opt/airflow/dags/product_pipeline_dag.py took 0.261 seconds
[2026-02-14T08:28:13.601+0000] {processor.py:161} INFO - Started process (PID=10220) to work on /opt/airflow/dags/product_pipeline_dag.py
[2026-02-14T08:28:13.603+0000] {processor.py:830} INFO - Processing file /opt/airflow/dags/product_pipeline_dag.py for tasks to queue
[2026-02-14T08:28:13.608+0000] {logging_mixin.py:188} INFO - [2026-02-14T08:28:13.607+0000] {dagbag.py:545} INFO - Filling up the DagBag from /opt/airflow/dags/product_pipeline_dag.py
[2026-02-14T08:28:13.683+0000] {processor.py:840} INFO - DAG(s) 'product_price_pipeline' retrieved from /opt/airflow/dags/product_pipeline_dag.py
[2026-02-14T08:28:13.764+0000] {logging_mixin.py:188} INFO - [2026-02-14T08:28:13.764+0000] {dag.py:3089} INFO - Sync 1 DAGs
[2026-02-14T08:28:13.809+0000] {logging_mixin.py:188} INFO - [2026-02-14T08:28:13.808+0000] {dag.py:3947} INFO - Setting next_dagrun for product_price_pipeline to 2026-02-14 00:00:00+00:00, run_after=2026-02-15 00:00:00+00:00
[2026-02-14T08:28:13.871+0000] {processor.py:183} INFO - Processing /opt/airflow/dags/product_pipeline_dag.py took 0.289 seconds
[2026-02-14T08:28:47.272+0000] {processor.py:161} INFO - Started process (PID=10249) to work on /opt/airflow/dags/product_pipeline_dag.py
[2026-02-14T08:28:47.278+0000] {processor.py:830} INFO - Processing file /opt/airflow/dags/product_pipeline_dag.py for tasks to queue
[2026-02-14T08:28:47.282+0000] {logging_mixin.py:188} INFO - [2026-02-14T08:28:47.281+0000] {dagbag.py:545} INFO - Filling up the DagBag from /opt/airflow/dags/product_pipeline_dag.py
[2026-02-14T08:28:47.353+0000] {processor.py:840} INFO - DAG(s) 'product_price_pipeline' retrieved from /opt/airflow/dags/product_pipeline_dag.py
[2026-02-14T08:28:47.430+0000] {logging_mixin.py:188} INFO - [2026-02-14T08:28:47.429+0000] {dag.py:3089} INFO - Sync 1 DAGs
[2026-02-14T08:28:47.492+0000] {logging_mixin.py:188} INFO - [2026-02-14T08:28:47.491+0000] {dag.py:3947} INFO - Setting next_dagrun for product_price_pipeline to 2026-02-14 00:00:00+00:00, run_after=2026-02-15 00:00:00+00:00
[2026-02-14T08:28:47.563+0000] {processor.py:183} INFO - Processing /opt/airflow/dags/product_pipeline_dag.py took 0.301 seconds
[2026-02-14T08:29:18.799+0000] {processor.py:161} INFO - Started process (PID=10274) to work on /opt/airflow/dags/product_pipeline_dag.py
[2026-02-14T08:29:18.802+0000] {processor.py:830} INFO - Processing file /opt/airflow/dags/product_pipeline_dag.py for tasks to queue
[2026-02-14T08:29:18.809+0000] {logging_mixin.py:188} INFO - [2026-02-14T08:29:18.808+0000] {dagbag.py:545} INFO - Filling up the DagBag from /opt/airflow/dags/product_pipeline_dag.py
[2026-02-14T08:29:18.874+0000] {processor.py:840} INFO - DAG(s) 'product_price_pipeline' retrieved from /opt/airflow/dags/product_pipeline_dag.py
[2026-02-14T08:29:18.940+0000] {logging_mixin.py:188} INFO - [2026-02-14T08:29:18.939+0000] {dag.py:3089} INFO - Sync 1 DAGs
[2026-02-14T08:29:18.976+0000] {logging_mixin.py:188} INFO - [2026-02-14T08:29:18.976+0000] {dag.py:3947} INFO - Setting next_dagrun for product_price_pipeline to 2026-02-14 00:00:00+00:00, run_after=2026-02-15 00:00:00+00:00
[2026-02-14T08:29:19.023+0000] {processor.py:183} INFO - Processing /opt/airflow/dags/product_pipeline_dag.py took 0.236 seconds
[2026-02-14T08:29:54.098+0000] {processor.py:161} INFO - Started process (PID=10313) to work on /opt/airflow/dags/product_pipeline_dag.py
[2026-02-14T08:29:54.102+0000] {processor.py:830} INFO - Processing file /opt/airflow/dags/product_pipeline_dag.py for tasks to queue
[2026-02-14T08:29:54.108+0000] {logging_mixin.py:188} INFO - [2026-02-14T08:29:54.106+0000] {dagbag.py:545} INFO - Filling up the DagBag from /opt/airflow/dags/product_pipeline_dag.py
[2026-02-14T08:29:54.174+0000] {processor.py:840} INFO - DAG(s) 'product_price_pipeline' retrieved from /opt/airflow/dags/product_pipeline_dag.py
[2026-02-14T08:29:54.298+0000] {logging_mixin.py:188} INFO - [2026-02-14T08:29:54.297+0000] {dag.py:3089} INFO - Sync 1 DAGs
[2026-02-14T08:29:54.366+0000] {logging_mixin.py:188} INFO - [2026-02-14T08:29:54.365+0000] {dag.py:3947} INFO - Setting next_dagrun for product_price_pipeline to 2026-02-14 00:00:00+00:00, run_after=2026-02-15 00:00:00+00:00
[2026-02-14T08:29:54.435+0000] {processor.py:183} INFO - Processing /opt/airflow/dags/product_pipeline_dag.py took 0.350 seconds
[2026-02-14T08:30:26.941+0000] {processor.py:161} INFO - Started process (PID=10342) to work on /opt/airflow/dags/product_pipeline_dag.py
[2026-02-14T08:30:26.945+0000] {processor.py:830} INFO - Processing file /opt/airflow/dags/product_pipeline_dag.py for tasks to queue
[2026-02-14T08:30:26.950+0000] {logging_mixin.py:188} INFO - [2026-02-14T08:30:26.949+0000] {dagbag.py:545} INFO - Filling up the DagBag from /opt/airflow/dags/product_pipeline_dag.py
[2026-02-14T08:30:27.008+0000] {processor.py:840} INFO - DAG(s) 'product_price_pipeline' retrieved from /opt/airflow/dags/product_pipeline_dag.py
[2026-02-14T08:30:27.071+0000] {logging_mixin.py:188} INFO - [2026-02-14T08:30:27.071+0000] {dag.py:3089} INFO - Sync 1 DAGs
[2026-02-14T08:30:27.114+0000] {logging_mixin.py:188} INFO - [2026-02-14T08:30:27.113+0000] {dag.py:3947} INFO - Setting next_dagrun for product_price_pipeline to 2026-02-14 00:00:00+00:00, run_after=2026-02-15 00:00:00+00:00
[2026-02-14T08:30:27.166+0000] {processor.py:183} INFO - Processing /opt/airflow/dags/product_pipeline_dag.py took 0.236 seconds
[2026-02-14T08:31:00.417+0000] {processor.py:161} INFO - Started process (PID=10371) to work on /opt/airflow/dags/product_pipeline_dag.py
[2026-02-14T08:31:00.423+0000] {processor.py:830} INFO - Processing file /opt/airflow/dags/product_pipeline_dag.py for tasks to queue
[2026-02-14T08:31:00.427+0000] {logging_mixin.py:188} INFO - [2026-02-14T08:31:00.427+0000] {dagbag.py:545} INFO - Filling up the DagBag from /opt/airflow/dags/product_pipeline_dag.py
[2026-02-14T08:31:00.491+0000] {processor.py:840} INFO - DAG(s) 'product_price_pipeline' retrieved from /opt/airflow/dags/product_pipeline_dag.py
[2026-02-14T08:31:00.576+0000] {logging_mixin.py:188} INFO - [2026-02-14T08:31:00.575+0000] {dag.py:3089} INFO - Sync 1 DAGs
[2026-02-14T08:31:00.657+0000] {logging_mixin.py:188} INFO - [2026-02-14T08:31:00.657+0000] {dag.py:3947} INFO - Setting next_dagrun for product_price_pipeline to 2026-02-14 00:00:00+00:00, run_after=2026-02-15 00:00:00+00:00
[2026-02-14T08:31:00.716+0000] {processor.py:183} INFO - Processing /opt/airflow/dags/product_pipeline_dag.py took 0.316 seconds
[2026-02-14T08:31:32.791+0000] {processor.py:161} INFO - Started process (PID=10400) to work on /opt/airflow/dags/product_pipeline_dag.py
[2026-02-14T08:31:32.793+0000] {processor.py:830} INFO - Processing file /opt/airflow/dags/product_pipeline_dag.py for tasks to queue
[2026-02-14T08:31:32.797+0000] {logging_mixin.py:188} INFO - [2026-02-14T08:31:32.796+0000] {dagbag.py:545} INFO - Filling up the DagBag from /opt/airflow/dags/product_pipeline_dag.py
[2026-02-14T08:31:32.867+0000] {processor.py:840} INFO - DAG(s) 'product_price_pipeline' retrieved from /opt/airflow/dags/product_pipeline_dag.py
[2026-02-14T08:31:32.939+0000] {logging_mixin.py:188} INFO - [2026-02-14T08:31:32.939+0000] {dag.py:3089} INFO - Sync 1 DAGs
[2026-02-14T08:31:32.974+0000] {logging_mixin.py:188} INFO - [2026-02-14T08:31:32.974+0000] {dag.py:3947} INFO - Setting next_dagrun for product_price_pipeline to 2026-02-14 00:00:00+00:00, run_after=2026-02-15 00:00:00+00:00
[2026-02-14T08:31:33.020+0000] {processor.py:183} INFO - Processing /opt/airflow/dags/product_pipeline_dag.py took 0.239 seconds
[2026-02-14T08:32:06.314+0000] {processor.py:161} INFO - Started process (PID=10429) to work on /opt/airflow/dags/product_pipeline_dag.py
[2026-02-14T08:32:06.317+0000] {processor.py:830} INFO - Processing file /opt/airflow/dags/product_pipeline_dag.py for tasks to queue
[2026-02-14T08:32:06.321+0000] {logging_mixin.py:188} INFO - [2026-02-14T08:32:06.321+0000] {dagbag.py:545} INFO - Filling up the DagBag from /opt/airflow/dags/product_pipeline_dag.py
[2026-02-14T08:32:06.382+0000] {processor.py:840} INFO - DAG(s) 'product_price_pipeline' retrieved from /opt/airflow/dags/product_pipeline_dag.py
[2026-02-14T08:32:06.436+0000] {logging_mixin.py:188} INFO - [2026-02-14T08:32:06.435+0000] {dag.py:3089} INFO - Sync 1 DAGs
[2026-02-14T08:32:06.477+0000] {logging_mixin.py:188} INFO - [2026-02-14T08:32:06.477+0000] {dag.py:3947} INFO - Setting next_dagrun for product_price_pipeline to 2026-02-14 00:00:00+00:00, run_after=2026-02-15 00:00:00+00:00
[2026-02-14T08:32:06.518+0000] {processor.py:183} INFO - Processing /opt/airflow/dags/product_pipeline_dag.py took 0.211 seconds
[2026-02-14T08:32:39.676+0000] {processor.py:161} INFO - Started process (PID=10458) to work on /opt/airflow/dags/product_pipeline_dag.py
[2026-02-14T08:32:39.678+0000] {processor.py:830} INFO - Processing file /opt/airflow/dags/product_pipeline_dag.py for tasks to queue
[2026-02-14T08:32:39.687+0000] {logging_mixin.py:188} INFO - [2026-02-14T08:32:39.686+0000] {dagbag.py:545} INFO - Filling up the DagBag from /opt/airflow/dags/product_pipeline_dag.py
[2026-02-14T08:32:39.752+0000] {processor.py:840} INFO - DAG(s) 'product_price_pipeline' retrieved from /opt/airflow/dags/product_pipeline_dag.py
[2026-02-14T08:32:39.837+0000] {logging_mixin.py:188} INFO - [2026-02-14T08:32:39.837+0000] {dag.py:3089} INFO - Sync 1 DAGs
[2026-02-14T08:32:39.879+0000] {logging_mixin.py:188} INFO - [2026-02-14T08:32:39.879+0000] {dag.py:3947} INFO - Setting next_dagrun for product_price_pipeline to 2026-02-14 00:00:00+00:00, run_after=2026-02-15 00:00:00+00:00
[2026-02-14T08:32:39.919+0000] {processor.py:183} INFO - Processing /opt/airflow/dags/product_pipeline_dag.py took 0.255 seconds
[2026-02-14T08:33:11.668+0000] {processor.py:161} INFO - Started process (PID=10487) to work on /opt/airflow/dags/product_pipeline_dag.py
[2026-02-14T08:33:11.670+0000] {processor.py:830} INFO - Processing file /opt/airflow/dags/product_pipeline_dag.py for tasks to queue
[2026-02-14T08:33:11.674+0000] {logging_mixin.py:188} INFO - [2026-02-14T08:33:11.673+0000] {dagbag.py:545} INFO - Filling up the DagBag from /opt/airflow/dags/product_pipeline_dag.py
[2026-02-14T08:33:11.722+0000] {processor.py:840} INFO - DAG(s) 'product_price_pipeline' retrieved from /opt/airflow/dags/product_pipeline_dag.py
[2026-02-14T08:33:11.807+0000] {logging_mixin.py:188} INFO - [2026-02-14T08:33:11.807+0000] {dag.py:3089} INFO - Sync 1 DAGs
[2026-02-14T08:33:11.857+0000] {logging_mixin.py:188} INFO - [2026-02-14T08:33:11.856+0000] {dag.py:3947} INFO - Setting next_dagrun for product_price_pipeline to 2026-02-14 00:00:00+00:00, run_after=2026-02-15 00:00:00+00:00
[2026-02-14T08:33:11.927+0000] {processor.py:183} INFO - Processing /opt/airflow/dags/product_pipeline_dag.py took 0.271 seconds
[2026-02-14T08:33:46.349+0000] {processor.py:161} INFO - Started process (PID=10518) to work on /opt/airflow/dags/product_pipeline_dag.py
[2026-02-14T08:33:46.353+0000] {processor.py:830} INFO - Processing file /opt/airflow/dags/product_pipeline_dag.py for tasks to queue
[2026-02-14T08:33:46.359+0000] {logging_mixin.py:188} INFO - [2026-02-14T08:33:46.358+0000] {dagbag.py:545} INFO - Filling up the DagBag from /opt/airflow/dags/product_pipeline_dag.py
[2026-02-14T08:33:46.446+0000] {processor.py:840} INFO - DAG(s) 'product_price_pipeline' retrieved from /opt/airflow/dags/product_pipeline_dag.py
[2026-02-14T08:33:46.532+0000] {logging_mixin.py:188} INFO - [2026-02-14T08:33:46.531+0000] {dag.py:3089} INFO - Sync 1 DAGs
[2026-02-14T08:33:46.594+0000] {logging_mixin.py:188} INFO - [2026-02-14T08:33:46.592+0000] {dag.py:3947} INFO - Setting next_dagrun for product_price_pipeline to 2026-02-14 00:00:00+00:00, run_after=2026-02-15 00:00:00+00:00
[2026-02-14T08:33:46.659+0000] {processor.py:183} INFO - Processing /opt/airflow/dags/product_pipeline_dag.py took 0.325 seconds
[2026-02-14T08:34:19.149+0000] {processor.py:161} INFO - Started process (PID=10545) to work on /opt/airflow/dags/product_pipeline_dag.py
[2026-02-14T08:34:19.151+0000] {processor.py:830} INFO - Processing file /opt/airflow/dags/product_pipeline_dag.py for tasks to queue
[2026-02-14T08:34:19.155+0000] {logging_mixin.py:188} INFO - [2026-02-14T08:34:19.154+0000] {dagbag.py:545} INFO - Filling up the DagBag from /opt/airflow/dags/product_pipeline_dag.py
[2026-02-14T08:34:19.201+0000] {processor.py:840} INFO - DAG(s) 'product_price_pipeline' retrieved from /opt/airflow/dags/product_pipeline_dag.py
[2026-02-14T08:34:19.290+0000] {logging_mixin.py:188} INFO - [2026-02-14T08:34:19.288+0000] {dag.py:3089} INFO - Sync 1 DAGs
[2026-02-14T08:34:19.331+0000] {logging_mixin.py:188} INFO - [2026-02-14T08:34:19.331+0000] {dag.py:3947} INFO - Setting next_dagrun for product_price_pipeline to 2026-02-14 00:00:00+00:00, run_after=2026-02-15 00:00:00+00:00
[2026-02-14T08:34:19.359+0000] {processor.py:183} INFO - Processing /opt/airflow/dags/product_pipeline_dag.py took 0.224 seconds
[2026-02-14T08:34:52.626+0000] {processor.py:161} INFO - Started process (PID=10574) to work on /opt/airflow/dags/product_pipeline_dag.py
[2026-02-14T08:34:52.628+0000] {processor.py:830} INFO - Processing file /opt/airflow/dags/product_pipeline_dag.py for tasks to queue
[2026-02-14T08:34:52.633+0000] {logging_mixin.py:188} INFO - [2026-02-14T08:34:52.633+0000] {dagbag.py:545} INFO - Filling up the DagBag from /opt/airflow/dags/product_pipeline_dag.py
[2026-02-14T08:34:52.696+0000] {processor.py:840} INFO - DAG(s) 'product_price_pipeline' retrieved from /opt/airflow/dags/product_pipeline_dag.py
[2026-02-14T08:34:52.772+0000] {logging_mixin.py:188} INFO - [2026-02-14T08:34:52.772+0000] {dag.py:3089} INFO - Sync 1 DAGs
[2026-02-14T08:34:52.814+0000] {logging_mixin.py:188} INFO - [2026-02-14T08:34:52.814+0000] {dag.py:3947} INFO - Setting next_dagrun for product_price_pipeline to 2026-02-14 00:00:00+00:00, run_after=2026-02-15 00:00:00+00:00
[2026-02-14T08:34:52.853+0000] {processor.py:183} INFO - Processing /opt/airflow/dags/product_pipeline_dag.py took 0.241 seconds
[2026-02-14T08:35:25.109+0000] {processor.py:161} INFO - Started process (PID=10603) to work on /opt/airflow/dags/product_pipeline_dag.py
[2026-02-14T08:35:25.112+0000] {processor.py:830} INFO - Processing file /opt/airflow/dags/product_pipeline_dag.py for tasks to queue
[2026-02-14T08:35:25.120+0000] {logging_mixin.py:188} INFO - [2026-02-14T08:35:25.119+0000] {dagbag.py:545} INFO - Filling up the DagBag from /opt/airflow/dags/product_pipeline_dag.py
[2026-02-14T08:35:25.177+0000] {processor.py:840} INFO - DAG(s) 'product_price_pipeline' retrieved from /opt/airflow/dags/product_pipeline_dag.py
[2026-02-14T08:35:25.228+0000] {logging_mixin.py:188} INFO - [2026-02-14T08:35:25.228+0000] {dag.py:3089} INFO - Sync 1 DAGs
[2026-02-14T08:35:25.278+0000] {logging_mixin.py:188} INFO - [2026-02-14T08:35:25.278+0000] {dag.py:3947} INFO - Setting next_dagrun for product_price_pipeline to 2026-02-14 00:00:00+00:00, run_after=2026-02-15 00:00:00+00:00
[2026-02-14T08:35:25.315+0000] {processor.py:183} INFO - Processing /opt/airflow/dags/product_pipeline_dag.py took 0.216 seconds
[2026-02-14T08:35:58.660+0000] {processor.py:161} INFO - Started process (PID=10632) to work on /opt/airflow/dags/product_pipeline_dag.py
[2026-02-14T08:35:58.664+0000] {processor.py:830} INFO - Processing file /opt/airflow/dags/product_pipeline_dag.py for tasks to queue
[2026-02-14T08:35:58.669+0000] {logging_mixin.py:188} INFO - [2026-02-14T08:35:58.668+0000] {dagbag.py:545} INFO - Filling up the DagBag from /opt/airflow/dags/product_pipeline_dag.py
[2026-02-14T08:35:58.744+0000] {processor.py:840} INFO - DAG(s) 'product_price_pipeline' retrieved from /opt/airflow/dags/product_pipeline_dag.py
[2026-02-14T08:35:58.816+0000] {logging_mixin.py:188} INFO - [2026-02-14T08:35:58.816+0000] {dag.py:3089} INFO - Sync 1 DAGs
[2026-02-14T08:35:58.860+0000] {logging_mixin.py:188} INFO - [2026-02-14T08:35:58.859+0000] {dag.py:3947} INFO - Setting next_dagrun for product_price_pipeline to 2026-02-14 00:00:00+00:00, run_after=2026-02-15 00:00:00+00:00
[2026-02-14T08:35:58.903+0000] {processor.py:183} INFO - Processing /opt/airflow/dags/product_pipeline_dag.py took 0.264 seconds
[2026-02-14T08:36:32.269+0000] {processor.py:161} INFO - Started process (PID=10661) to work on /opt/airflow/dags/product_pipeline_dag.py
[2026-02-14T08:36:32.271+0000] {processor.py:830} INFO - Processing file /opt/airflow/dags/product_pipeline_dag.py for tasks to queue
[2026-02-14T08:36:32.274+0000] {logging_mixin.py:188} INFO - [2026-02-14T08:36:32.274+0000] {dagbag.py:545} INFO - Filling up the DagBag from /opt/airflow/dags/product_pipeline_dag.py
[2026-02-14T08:36:32.347+0000] {processor.py:840} INFO - DAG(s) 'product_price_pipeline' retrieved from /opt/airflow/dags/product_pipeline_dag.py
[2026-02-14T08:36:32.414+0000] {logging_mixin.py:188} INFO - [2026-02-14T08:36:32.413+0000] {dag.py:3089} INFO - Sync 1 DAGs
[2026-02-14T08:36:32.455+0000] {logging_mixin.py:188} INFO - [2026-02-14T08:36:32.454+0000] {dag.py:3947} INFO - Setting next_dagrun for product_price_pipeline to 2026-02-14 00:00:00+00:00, run_after=2026-02-15 00:00:00+00:00
[2026-02-14T08:36:32.517+0000] {processor.py:183} INFO - Processing /opt/airflow/dags/product_pipeline_dag.py took 0.261 seconds
[2026-02-14T08:37:05.687+0000] {processor.py:161} INFO - Started process (PID=10690) to work on /opt/airflow/dags/product_pipeline_dag.py
[2026-02-14T08:37:05.690+0000] {processor.py:830} INFO - Processing file /opt/airflow/dags/product_pipeline_dag.py for tasks to queue
[2026-02-14T08:37:05.695+0000] {logging_mixin.py:188} INFO - [2026-02-14T08:37:05.693+0000] {dagbag.py:545} INFO - Filling up the DagBag from /opt/airflow/dags/product_pipeline_dag.py
[2026-02-14T08:37:05.757+0000] {processor.py:840} INFO - DAG(s) 'product_price_pipeline' retrieved from /opt/airflow/dags/product_pipeline_dag.py
[2026-02-14T08:37:05.815+0000] {logging_mixin.py:188} INFO - [2026-02-14T08:37:05.813+0000] {dag.py:3089} INFO - Sync 1 DAGs
[2026-02-14T08:37:05.854+0000] {logging_mixin.py:188} INFO - [2026-02-14T08:37:05.854+0000] {dag.py:3947} INFO - Setting next_dagrun for product_price_pipeline to 2026-02-14 00:00:00+00:00, run_after=2026-02-15 00:00:00+00:00
[2026-02-14T08:37:05.890+0000] {processor.py:183} INFO - Processing /opt/airflow/dags/product_pipeline_dag.py took 0.217 seconds
[2026-02-14T08:37:38.720+0000] {processor.py:161} INFO - Started process (PID=10719) to work on /opt/airflow/dags/product_pipeline_dag.py
[2026-02-14T08:37:38.724+0000] {processor.py:830} INFO - Processing file /opt/airflow/dags/product_pipeline_dag.py for tasks to queue
[2026-02-14T08:37:38.733+0000] {logging_mixin.py:188} INFO - [2026-02-14T08:37:38.731+0000] {dagbag.py:545} INFO - Filling up the DagBag from /opt/airflow/dags/product_pipeline_dag.py
[2026-02-14T08:37:38.803+0000] {processor.py:840} INFO - DAG(s) 'product_price_pipeline' retrieved from /opt/airflow/dags/product_pipeline_dag.py
[2026-02-14T08:37:38.897+0000] {logging_mixin.py:188} INFO - [2026-02-14T08:37:38.896+0000] {dag.py:3089} INFO - Sync 1 DAGs
[2026-02-14T08:37:38.950+0000] {logging_mixin.py:188} INFO - [2026-02-14T08:37:38.950+0000] {dag.py:3947} INFO - Setting next_dagrun for product_price_pipeline to 2026-02-14 00:00:00+00:00, run_after=2026-02-15 00:00:00+00:00
[2026-02-14T08:37:38.992+0000] {processor.py:183} INFO - Processing /opt/airflow/dags/product_pipeline_dag.py took 0.285 seconds
[2026-02-14T08:38:11.055+0000] {processor.py:161} INFO - Started process (PID=10748) to work on /opt/airflow/dags/product_pipeline_dag.py
[2026-02-14T08:38:11.057+0000] {processor.py:830} INFO - Processing file /opt/airflow/dags/product_pipeline_dag.py for tasks to queue
[2026-02-14T08:38:11.061+0000] {logging_mixin.py:188} INFO - [2026-02-14T08:38:11.059+0000] {dagbag.py:545} INFO - Filling up the DagBag from /opt/airflow/dags/product_pipeline_dag.py
[2026-02-14T08:38:11.127+0000] {processor.py:840} INFO - DAG(s) 'product_price_pipeline' retrieved from /opt/airflow/dags/product_pipeline_dag.py
[2026-02-14T08:38:11.187+0000] {logging_mixin.py:188} INFO - [2026-02-14T08:38:11.186+0000] {dag.py:3089} INFO - Sync 1 DAGs
[2026-02-14T08:38:11.222+0000] {logging_mixin.py:188} INFO - [2026-02-14T08:38:11.222+0000] {dag.py:3947} INFO - Setting next_dagrun for product_price_pipeline to 2026-02-14 00:00:00+00:00, run_after=2026-02-15 00:00:00+00:00
[2026-02-14T08:38:11.263+0000] {processor.py:183} INFO - Processing /opt/airflow/dags/product_pipeline_dag.py took 0.218 seconds
[2026-02-14T08:38:48.079+0000] {processor.py:161} INFO - Started process (PID=10777) to work on /opt/airflow/dags/product_pipeline_dag.py
[2026-02-14T08:38:48.081+0000] {processor.py:830} INFO - Processing file /opt/airflow/dags/product_pipeline_dag.py for tasks to queue
[2026-02-14T08:38:48.085+0000] {logging_mixin.py:188} INFO - [2026-02-14T08:38:48.084+0000] {dagbag.py:545} INFO - Filling up the DagBag from /opt/airflow/dags/product_pipeline_dag.py
[2026-02-14T08:38:48.156+0000] {processor.py:840} INFO - DAG(s) 'product_price_pipeline' retrieved from /opt/airflow/dags/product_pipeline_dag.py
[2026-02-14T08:38:48.243+0000] {logging_mixin.py:188} INFO - [2026-02-14T08:38:48.242+0000] {dag.py:3089} INFO - Sync 1 DAGs
[2026-02-14T08:38:48.297+0000] {logging_mixin.py:188} INFO - [2026-02-14T08:38:48.296+0000] {dag.py:3947} INFO - Setting next_dagrun for product_price_pipeline to 2026-02-14 00:00:00+00:00, run_after=2026-02-15 00:00:00+00:00
[2026-02-14T08:38:48.349+0000] {processor.py:183} INFO - Processing /opt/airflow/dags/product_pipeline_dag.py took 0.287 seconds
[2026-02-14T08:39:19.709+0000] {processor.py:161} INFO - Started process (PID=10806) to work on /opt/airflow/dags/product_pipeline_dag.py
[2026-02-14T08:39:19.712+0000] {processor.py:830} INFO - Processing file /opt/airflow/dags/product_pipeline_dag.py for tasks to queue
[2026-02-14T08:39:19.719+0000] {logging_mixin.py:188} INFO - [2026-02-14T08:39:19.716+0000] {dagbag.py:545} INFO - Filling up the DagBag from /opt/airflow/dags/product_pipeline_dag.py
[2026-02-14T08:39:19.798+0000] {processor.py:840} INFO - DAG(s) 'product_price_pipeline' retrieved from /opt/airflow/dags/product_pipeline_dag.py
[2026-02-14T08:39:19.881+0000] {logging_mixin.py:188} INFO - [2026-02-14T08:39:19.881+0000] {dag.py:3089} INFO - Sync 1 DAGs
[2026-02-14T08:39:19.939+0000] {logging_mixin.py:188} INFO - [2026-02-14T08:39:19.938+0000] {dag.py:3947} INFO - Setting next_dagrun for product_price_pipeline to 2026-02-14 00:00:00+00:00, run_after=2026-02-15 00:00:00+00:00
[2026-02-14T08:39:20.007+0000] {processor.py:183} INFO - Processing /opt/airflow/dags/product_pipeline_dag.py took 0.317 seconds
[2026-02-14T08:39:51.661+0000] {processor.py:161} INFO - Started process (PID=10831) to work on /opt/airflow/dags/product_pipeline_dag.py
[2026-02-14T08:39:51.667+0000] {processor.py:830} INFO - Processing file /opt/airflow/dags/product_pipeline_dag.py for tasks to queue
[2026-02-14T08:39:51.671+0000] {logging_mixin.py:188} INFO - [2026-02-14T08:39:51.670+0000] {dagbag.py:545} INFO - Filling up the DagBag from /opt/airflow/dags/product_pipeline_dag.py
[2026-02-14T08:39:51.745+0000] {processor.py:840} INFO - DAG(s) 'product_price_pipeline' retrieved from /opt/airflow/dags/product_pipeline_dag.py
[2026-02-14T08:39:51.807+0000] {logging_mixin.py:188} INFO - [2026-02-14T08:39:51.807+0000] {dag.py:3089} INFO - Sync 1 DAGs
[2026-02-14T08:39:51.842+0000] {logging_mixin.py:188} INFO - [2026-02-14T08:39:51.842+0000] {dag.py:3947} INFO - Setting next_dagrun for product_price_pipeline to 2026-02-14 00:00:00+00:00, run_after=2026-02-15 00:00:00+00:00
[2026-02-14T08:39:51.885+0000] {processor.py:183} INFO - Processing /opt/airflow/dags/product_pipeline_dag.py took 0.232 seconds
[2026-02-14T08:40:23.966+0000] {processor.py:161} INFO - Started process (PID=10858) to work on /opt/airflow/dags/product_pipeline_dag.py
[2026-02-14T08:40:23.971+0000] {processor.py:830} INFO - Processing file /opt/airflow/dags/product_pipeline_dag.py for tasks to queue
[2026-02-14T08:40:23.977+0000] {logging_mixin.py:188} INFO - [2026-02-14T08:40:23.976+0000] {dagbag.py:545} INFO - Filling up the DagBag from /opt/airflow/dags/product_pipeline_dag.py
[2026-02-14T08:40:24.054+0000] {processor.py:840} INFO - DAG(s) 'product_price_pipeline' retrieved from /opt/airflow/dags/product_pipeline_dag.py
[2026-02-14T08:40:24.158+0000] {logging_mixin.py:188} INFO - [2026-02-14T08:40:24.157+0000] {dag.py:3089} INFO - Sync 1 DAGs
[2026-02-14T08:40:24.218+0000] {logging_mixin.py:188} INFO - [2026-02-14T08:40:24.217+0000] {dag.py:3947} INFO - Setting next_dagrun for product_price_pipeline to 2026-02-14 00:00:00+00:00, run_after=2026-02-15 00:00:00+00:00
[2026-02-14T08:40:24.282+0000] {processor.py:183} INFO - Processing /opt/airflow/dags/product_pipeline_dag.py took 0.338 seconds
[2026-02-14T08:40:57.060+0000] {processor.py:161} INFO - Started process (PID=10887) to work on /opt/airflow/dags/product_pipeline_dag.py
[2026-02-14T08:40:57.066+0000] {processor.py:830} INFO - Processing file /opt/airflow/dags/product_pipeline_dag.py for tasks to queue
[2026-02-14T08:40:57.069+0000] {logging_mixin.py:188} INFO - [2026-02-14T08:40:57.069+0000] {dagbag.py:545} INFO - Filling up the DagBag from /opt/airflow/dags/product_pipeline_dag.py
[2026-02-14T08:40:57.168+0000] {processor.py:840} INFO - DAG(s) 'product_price_pipeline' retrieved from /opt/airflow/dags/product_pipeline_dag.py
[2026-02-14T08:40:57.279+0000] {logging_mixin.py:188} INFO - [2026-02-14T08:40:57.279+0000] {dag.py:3089} INFO - Sync 1 DAGs
[2026-02-14T08:40:57.346+0000] {logging_mixin.py:188} INFO - [2026-02-14T08:40:57.345+0000] {dag.py:3947} INFO - Setting next_dagrun for product_price_pipeline to 2026-02-14 00:00:00+00:00, run_after=2026-02-15 00:00:00+00:00
[2026-02-14T08:40:57.394+0000] {processor.py:183} INFO - Processing /opt/airflow/dags/product_pipeline_dag.py took 0.345 seconds
[2026-02-14T08:41:39.071+0000] {processor.py:161} INFO - Started process (PID=10922) to work on /opt/airflow/dags/product_pipeline_dag.py
[2026-02-14T08:41:39.073+0000] {processor.py:830} INFO - Processing file /opt/airflow/dags/product_pipeline_dag.py for tasks to queue
[2026-02-14T08:41:39.078+0000] {logging_mixin.py:188} INFO - [2026-02-14T08:41:39.077+0000] {dagbag.py:545} INFO - Filling up the DagBag from /opt/airflow/dags/product_pipeline_dag.py
[2026-02-14T08:41:39.164+0000] {processor.py:840} INFO - DAG(s) 'product_price_pipeline' retrieved from /opt/airflow/dags/product_pipeline_dag.py
[2026-02-14T08:41:39.274+0000] {logging_mixin.py:188} INFO - [2026-02-14T08:41:39.273+0000] {dag.py:3089} INFO - Sync 1 DAGs
[2026-02-14T08:41:39.361+0000] {logging_mixin.py:188} INFO - [2026-02-14T08:41:39.361+0000] {dag.py:3947} INFO - Setting next_dagrun for product_price_pipeline to 2026-02-14 00:00:00+00:00, run_after=2026-02-15 00:00:00+00:00
[2026-02-14T08:41:39.432+0000] {processor.py:183} INFO - Processing /opt/airflow/dags/product_pipeline_dag.py took 0.375 seconds
[2026-02-14T08:42:10.680+0000] {processor.py:161} INFO - Started process (PID=10951) to work on /opt/airflow/dags/product_pipeline_dag.py
[2026-02-14T08:42:10.684+0000] {processor.py:830} INFO - Processing file /opt/airflow/dags/product_pipeline_dag.py for tasks to queue
[2026-02-14T08:42:10.687+0000] {logging_mixin.py:188} INFO - [2026-02-14T08:42:10.687+0000] {dagbag.py:545} INFO - Filling up the DagBag from /opt/airflow/dags/product_pipeline_dag.py
[2026-02-14T08:42:10.751+0000] {processor.py:840} INFO - DAG(s) 'product_price_pipeline' retrieved from /opt/airflow/dags/product_pipeline_dag.py
[2026-02-14T08:42:10.819+0000] {logging_mixin.py:188} INFO - [2026-02-14T08:42:10.818+0000] {dag.py:3089} INFO - Sync 1 DAGs
[2026-02-14T08:42:10.853+0000] {logging_mixin.py:188} INFO - [2026-02-14T08:42:10.853+0000] {dag.py:3947} INFO - Setting next_dagrun for product_price_pipeline to 2026-02-14 00:00:00+00:00, run_after=2026-02-15 00:00:00+00:00
[2026-02-14T08:42:10.907+0000] {processor.py:183} INFO - Processing /opt/airflow/dags/product_pipeline_dag.py took 0.239 seconds
[2026-02-14T08:42:41.865+0000] {processor.py:161} INFO - Started process (PID=10974) to work on /opt/airflow/dags/product_pipeline_dag.py
[2026-02-14T08:42:41.868+0000] {processor.py:830} INFO - Processing file /opt/airflow/dags/product_pipeline_dag.py for tasks to queue
[2026-02-14T08:42:41.872+0000] {logging_mixin.py:188} INFO - [2026-02-14T08:42:41.872+0000] {dagbag.py:545} INFO - Filling up the DagBag from /opt/airflow/dags/product_pipeline_dag.py
[2026-02-14T08:42:41.940+0000] {processor.py:840} INFO - DAG(s) 'product_price_pipeline' retrieved from /opt/airflow/dags/product_pipeline_dag.py
[2026-02-14T08:42:42.012+0000] {logging_mixin.py:188} INFO - [2026-02-14T08:42:42.012+0000] {dag.py:3089} INFO - Sync 1 DAGs
[2026-02-14T08:42:42.053+0000] {logging_mixin.py:188} INFO - [2026-02-14T08:42:42.052+0000] {dag.py:3947} INFO - Setting next_dagrun for product_price_pipeline to 2026-02-14 00:00:00+00:00, run_after=2026-02-15 00:00:00+00:00
[2026-02-14T08:42:42.105+0000] {processor.py:183} INFO - Processing /opt/airflow/dags/product_pipeline_dag.py took 0.249 seconds
[2026-02-14T08:43:13.689+0000] {processor.py:161} INFO - Started process (PID=11003) to work on /opt/airflow/dags/product_pipeline_dag.py
[2026-02-14T08:43:13.692+0000] {processor.py:830} INFO - Processing file /opt/airflow/dags/product_pipeline_dag.py for tasks to queue
[2026-02-14T08:43:13.701+0000] {logging_mixin.py:188} INFO - [2026-02-14T08:43:13.701+0000] {dagbag.py:545} INFO - Filling up the DagBag from /opt/airflow/dags/product_pipeline_dag.py
[2026-02-14T08:43:13.797+0000] {processor.py:840} INFO - DAG(s) 'product_price_pipeline' retrieved from /opt/airflow/dags/product_pipeline_dag.py
[2026-02-14T08:43:13.876+0000] {logging_mixin.py:188} INFO - [2026-02-14T08:43:13.873+0000] {dag.py:3089} INFO - Sync 1 DAGs
[2026-02-14T08:43:13.918+0000] {logging_mixin.py:188} INFO - [2026-02-14T08:43:13.917+0000] {dag.py:3947} INFO - Setting next_dagrun for product_price_pipeline to 2026-02-14 00:00:00+00:00, run_after=2026-02-15 00:00:00+00:00
[2026-02-14T08:43:13.973+0000] {processor.py:183} INFO - Processing /opt/airflow/dags/product_pipeline_dag.py took 0.302 seconds
[2026-02-14T08:43:46.427+0000] {processor.py:161} INFO - Started process (PID=11032) to work on /opt/airflow/dags/product_pipeline_dag.py
[2026-02-14T08:43:46.429+0000] {processor.py:830} INFO - Processing file /opt/airflow/dags/product_pipeline_dag.py for tasks to queue
[2026-02-14T08:43:46.433+0000] {logging_mixin.py:188} INFO - [2026-02-14T08:43:46.432+0000] {dagbag.py:545} INFO - Filling up the DagBag from /opt/airflow/dags/product_pipeline_dag.py
[2026-02-14T08:43:46.490+0000] {processor.py:840} INFO - DAG(s) 'product_price_pipeline' retrieved from /opt/airflow/dags/product_pipeline_dag.py
[2026-02-14T08:43:46.546+0000] {logging_mixin.py:188} INFO - [2026-02-14T08:43:46.545+0000] {dag.py:3089} INFO - Sync 1 DAGs
[2026-02-14T08:43:46.603+0000] {logging_mixin.py:188} INFO - [2026-02-14T08:43:46.602+0000] {dag.py:3947} INFO - Setting next_dagrun for product_price_pipeline to 2026-02-14 00:00:00+00:00, run_after=2026-02-15 00:00:00+00:00
[2026-02-14T08:43:46.655+0000] {processor.py:183} INFO - Processing /opt/airflow/dags/product_pipeline_dag.py took 0.241 seconds
[2026-02-14T08:44:17.654+0000] {processor.py:161} INFO - Started process (PID=11055) to work on /opt/airflow/dags/product_pipeline_dag.py
[2026-02-14T08:44:17.657+0000] {processor.py:830} INFO - Processing file /opt/airflow/dags/product_pipeline_dag.py for tasks to queue
[2026-02-14T08:44:17.663+0000] {logging_mixin.py:188} INFO - [2026-02-14T08:44:17.663+0000] {dagbag.py:545} INFO - Filling up the DagBag from /opt/airflow/dags/product_pipeline_dag.py
[2026-02-14T08:44:17.736+0000] {processor.py:840} INFO - DAG(s) 'product_price_pipeline' retrieved from /opt/airflow/dags/product_pipeline_dag.py
[2026-02-14T08:44:17.827+0000] {logging_mixin.py:188} INFO - [2026-02-14T08:44:17.827+0000] {dag.py:3089} INFO - Sync 1 DAGs
[2026-02-14T08:44:17.871+0000] {logging_mixin.py:188} INFO - [2026-02-14T08:44:17.870+0000] {dag.py:3947} INFO - Setting next_dagrun for product_price_pipeline to 2026-02-14 00:00:00+00:00, run_after=2026-02-15 00:00:00+00:00
[2026-02-14T08:44:17.926+0000] {processor.py:183} INFO - Processing /opt/airflow/dags/product_pipeline_dag.py took 0.284 seconds
[2026-02-14T08:44:48.705+0000] {processor.py:161} INFO - Started process (PID=11077) to work on /opt/airflow/dags/product_pipeline_dag.py
[2026-02-14T08:44:48.707+0000] {processor.py:830} INFO - Processing file /opt/airflow/dags/product_pipeline_dag.py for tasks to queue
[2026-02-14T08:44:48.714+0000] {logging_mixin.py:188} INFO - [2026-02-14T08:44:48.713+0000] {dagbag.py:545} INFO - Filling up the DagBag from /opt/airflow/dags/product_pipeline_dag.py
[2026-02-14T08:44:48.771+0000] {processor.py:840} INFO - DAG(s) 'product_price_pipeline' retrieved from /opt/airflow/dags/product_pipeline_dag.py
[2026-02-14T08:44:48.831+0000] {logging_mixin.py:188} INFO - [2026-02-14T08:44:48.830+0000] {dag.py:3089} INFO - Sync 1 DAGs
[2026-02-14T08:44:48.870+0000] {logging_mixin.py:188} INFO - [2026-02-14T08:44:48.870+0000] {dag.py:3947} INFO - Setting next_dagrun for product_price_pipeline to 2026-02-14 00:00:00+00:00, run_after=2026-02-15 00:00:00+00:00
[2026-02-14T08:44:48.927+0000] {processor.py:183} INFO - Processing /opt/airflow/dags/product_pipeline_dag.py took 0.235 seconds
[2026-02-14T08:45:24.340+0000] {processor.py:161} INFO - Started process (PID=11125) to work on /opt/airflow/dags/product_pipeline_dag.py
[2026-02-14T08:45:24.342+0000] {processor.py:830} INFO - Processing file /opt/airflow/dags/product_pipeline_dag.py for tasks to queue
[2026-02-14T08:45:24.346+0000] {logging_mixin.py:188} INFO - [2026-02-14T08:45:24.344+0000] {dagbag.py:545} INFO - Filling up the DagBag from /opt/airflow/dags/product_pipeline_dag.py
[2026-02-14T08:45:24.400+0000] {processor.py:840} INFO - DAG(s) 'product_price_pipeline' retrieved from /opt/airflow/dags/product_pipeline_dag.py
[2026-02-14T08:45:24.457+0000] {logging_mixin.py:188} INFO - [2026-02-14T08:45:24.456+0000] {dag.py:3089} INFO - Sync 1 DAGs
[2026-02-14T08:45:24.499+0000] {logging_mixin.py:188} INFO - [2026-02-14T08:45:24.498+0000] {dag.py:3947} INFO - Setting next_dagrun for product_price_pipeline to 2026-02-14 00:00:00+00:00, run_after=2026-02-15 00:00:00+00:00
[2026-02-14T08:45:24.535+0000] {processor.py:183} INFO - Processing /opt/airflow/dags/product_pipeline_dag.py took 0.209 seconds
[2026-02-14T08:45:59.916+0000] {processor.py:161} INFO - Started process (PID=11155) to work on /opt/airflow/dags/product_pipeline_dag.py
[2026-02-14T08:45:59.919+0000] {processor.py:830} INFO - Processing file /opt/airflow/dags/product_pipeline_dag.py for tasks to queue
[2026-02-14T08:45:59.925+0000] {logging_mixin.py:188} INFO - [2026-02-14T08:45:59.923+0000] {dagbag.py:545} INFO - Filling up the DagBag from /opt/airflow/dags/product_pipeline_dag.py
[2026-02-14T08:45:59.998+0000] {processor.py:840} INFO - DAG(s) 'product_price_pipeline' retrieved from /opt/airflow/dags/product_pipeline_dag.py
[2026-02-14T08:46:00.096+0000] {logging_mixin.py:188} INFO - [2026-02-14T08:46:00.094+0000] {dag.py:3089} INFO - Sync 1 DAGs
[2026-02-14T08:46:00.181+0000] {logging_mixin.py:188} INFO - [2026-02-14T08:46:00.180+0000] {dag.py:3947} INFO - Setting next_dagrun for product_price_pipeline to 2026-02-14 00:00:00+00:00, run_after=2026-02-15 00:00:00+00:00
[2026-02-14T08:46:00.247+0000] {processor.py:183} INFO - Processing /opt/airflow/dags/product_pipeline_dag.py took 0.345 seconds
[2026-02-14T08:46:31.637+0000] {processor.py:161} INFO - Started process (PID=11184) to work on /opt/airflow/dags/product_pipeline_dag.py
[2026-02-14T08:46:31.640+0000] {processor.py:830} INFO - Processing file /opt/airflow/dags/product_pipeline_dag.py for tasks to queue
[2026-02-14T08:46:31.645+0000] {logging_mixin.py:188} INFO - [2026-02-14T08:46:31.643+0000] {dagbag.py:545} INFO - Filling up the DagBag from /opt/airflow/dags/product_pipeline_dag.py
[2026-02-14T08:46:31.703+0000] {processor.py:840} INFO - DAG(s) 'product_price_pipeline' retrieved from /opt/airflow/dags/product_pipeline_dag.py
[2026-02-14T08:46:31.771+0000] {logging_mixin.py:188} INFO - [2026-02-14T08:46:31.771+0000] {dag.py:3089} INFO - Sync 1 DAGs
[2026-02-14T08:46:31.809+0000] {logging_mixin.py:188} INFO - [2026-02-14T08:46:31.809+0000] {dag.py:3947} INFO - Setting next_dagrun for product_price_pipeline to 2026-02-14 00:00:00+00:00, run_after=2026-02-15 00:00:00+00:00
[2026-02-14T08:46:31.838+0000] {processor.py:183} INFO - Processing /opt/airflow/dags/product_pipeline_dag.py took 0.212 seconds
[2026-02-14T08:47:05.868+0000] {processor.py:161} INFO - Started process (PID=11213) to work on /opt/airflow/dags/product_pipeline_dag.py
[2026-02-14T08:47:05.870+0000] {processor.py:830} INFO - Processing file /opt/airflow/dags/product_pipeline_dag.py for tasks to queue
[2026-02-14T08:47:05.874+0000] {logging_mixin.py:188} INFO - [2026-02-14T08:47:05.874+0000] {dagbag.py:545} INFO - Filling up the DagBag from /opt/airflow/dags/product_pipeline_dag.py
[2026-02-14T08:47:05.958+0000] {processor.py:840} INFO - DAG(s) 'product_price_pipeline' retrieved from /opt/airflow/dags/product_pipeline_dag.py
[2026-02-14T08:47:06.035+0000] {logging_mixin.py:188} INFO - [2026-02-14T08:47:06.034+0000] {dag.py:3089} INFO - Sync 1 DAGs
[2026-02-14T08:47:06.087+0000] {logging_mixin.py:188} INFO - [2026-02-14T08:47:06.086+0000] {dag.py:3947} INFO - Setting next_dagrun for product_price_pipeline to 2026-02-14 00:00:00+00:00, run_after=2026-02-15 00:00:00+00:00
[2026-02-14T08:47:06.143+0000] {processor.py:183} INFO - Processing /opt/airflow/dags/product_pipeline_dag.py took 0.288 seconds
[2026-02-14T08:47:38.210+0000] {processor.py:161} INFO - Started process (PID=11242) to work on /opt/airflow/dags/product_pipeline_dag.py
[2026-02-14T08:47:38.213+0000] {processor.py:830} INFO - Processing file /opt/airflow/dags/product_pipeline_dag.py for tasks to queue
[2026-02-14T08:47:38.217+0000] {logging_mixin.py:188} INFO - [2026-02-14T08:47:38.216+0000] {dagbag.py:545} INFO - Filling up the DagBag from /opt/airflow/dags/product_pipeline_dag.py
[2026-02-14T08:47:38.290+0000] {processor.py:840} INFO - DAG(s) 'product_price_pipeline' retrieved from /opt/airflow/dags/product_pipeline_dag.py
[2026-02-14T08:47:38.356+0000] {logging_mixin.py:188} INFO - [2026-02-14T08:47:38.355+0000] {dag.py:3089} INFO - Sync 1 DAGs
[2026-02-14T08:47:38.396+0000] {logging_mixin.py:188} INFO - [2026-02-14T08:47:38.396+0000] {dag.py:3947} INFO - Setting next_dagrun for product_price_pipeline to 2026-02-14 00:00:00+00:00, run_after=2026-02-15 00:00:00+00:00
[2026-02-14T08:47:38.449+0000] {processor.py:183} INFO - Processing /opt/airflow/dags/product_pipeline_dag.py took 0.253 seconds
[2026-02-14T08:48:12.148+0000] {processor.py:161} INFO - Started process (PID=11271) to work on /opt/airflow/dags/product_pipeline_dag.py
[2026-02-14T08:48:12.150+0000] {processor.py:830} INFO - Processing file /opt/airflow/dags/product_pipeline_dag.py for tasks to queue
[2026-02-14T08:48:12.154+0000] {logging_mixin.py:188} INFO - [2026-02-14T08:48:12.153+0000] {dagbag.py:545} INFO - Filling up the DagBag from /opt/airflow/dags/product_pipeline_dag.py
[2026-02-14T08:48:12.234+0000] {processor.py:840} INFO - DAG(s) 'product_price_pipeline' retrieved from /opt/airflow/dags/product_pipeline_dag.py
[2026-02-14T08:48:12.306+0000] {logging_mixin.py:188} INFO - [2026-02-14T08:48:12.305+0000] {dag.py:3089} INFO - Sync 1 DAGs
[2026-02-14T08:48:12.351+0000] {logging_mixin.py:188} INFO - [2026-02-14T08:48:12.350+0000] {dag.py:3947} INFO - Setting next_dagrun for product_price_pipeline to 2026-02-14 00:00:00+00:00, run_after=2026-02-15 00:00:00+00:00
[2026-02-14T08:48:12.409+0000] {processor.py:183} INFO - Processing /opt/airflow/dags/product_pipeline_dag.py took 0.275 seconds
[2026-02-14T08:48:47.710+0000] {processor.py:161} INFO - Started process (PID=11300) to work on /opt/airflow/dags/product_pipeline_dag.py
[2026-02-14T08:48:47.712+0000] {processor.py:830} INFO - Processing file /opt/airflow/dags/product_pipeline_dag.py for tasks to queue
[2026-02-14T08:48:47.719+0000] {logging_mixin.py:188} INFO - [2026-02-14T08:48:47.718+0000] {dagbag.py:545} INFO - Filling up the DagBag from /opt/airflow/dags/product_pipeline_dag.py
[2026-02-14T08:48:47.794+0000] {processor.py:840} INFO - DAG(s) 'product_price_pipeline' retrieved from /opt/airflow/dags/product_pipeline_dag.py
[2026-02-14T08:48:47.856+0000] {logging_mixin.py:188} INFO - [2026-02-14T08:48:47.855+0000] {dag.py:3089} INFO - Sync 1 DAGs
[2026-02-14T08:48:47.909+0000] {logging_mixin.py:188} INFO - [2026-02-14T08:48:47.909+0000] {dag.py:3947} INFO - Setting next_dagrun for product_price_pipeline to 2026-02-14 00:00:00+00:00, run_after=2026-02-15 00:00:00+00:00
[2026-02-14T08:48:47.986+0000] {processor.py:183} INFO - Processing /opt/airflow/dags/product_pipeline_dag.py took 0.290 seconds
[2026-02-14T08:49:18.216+0000] {processor.py:161} INFO - Started process (PID=11323) to work on /opt/airflow/dags/product_pipeline_dag.py
[2026-02-14T08:49:18.219+0000] {processor.py:830} INFO - Processing file /opt/airflow/dags/product_pipeline_dag.py for tasks to queue
[2026-02-14T08:49:18.225+0000] {logging_mixin.py:188} INFO - [2026-02-14T08:49:18.224+0000] {dagbag.py:545} INFO - Filling up the DagBag from /opt/airflow/dags/product_pipeline_dag.py
[2026-02-14T08:49:18.300+0000] {processor.py:840} INFO - DAG(s) 'product_price_pipeline' retrieved from /opt/airflow/dags/product_pipeline_dag.py
[2026-02-14T08:49:18.391+0000] {logging_mixin.py:188} INFO - [2026-02-14T08:49:18.390+0000] {dag.py:3089} INFO - Sync 1 DAGs
[2026-02-14T08:49:18.449+0000] {logging_mixin.py:188} INFO - [2026-02-14T08:49:18.449+0000] {dag.py:3947} INFO - Setting next_dagrun for product_price_pipeline to 2026-02-14 00:00:00+00:00, run_after=2026-02-15 00:00:00+00:00
[2026-02-14T08:49:18.490+0000] {processor.py:183} INFO - Processing /opt/airflow/dags/product_pipeline_dag.py took 0.290 seconds
[2026-02-14T08:49:49.865+0000] {processor.py:161} INFO - Started process (PID=11346) to work on /opt/airflow/dags/product_pipeline_dag.py
[2026-02-14T08:49:49.868+0000] {processor.py:830} INFO - Processing file /opt/airflow/dags/product_pipeline_dag.py for tasks to queue
[2026-02-14T08:49:49.874+0000] {logging_mixin.py:188} INFO - [2026-02-14T08:49:49.873+0000] {dagbag.py:545} INFO - Filling up the DagBag from /opt/airflow/dags/product_pipeline_dag.py
[2026-02-14T08:49:49.958+0000] {processor.py:840} INFO - DAG(s) 'product_price_pipeline' retrieved from /opt/airflow/dags/product_pipeline_dag.py
[2026-02-14T08:49:50.047+0000] {logging_mixin.py:188} INFO - [2026-02-14T08:49:50.046+0000] {dag.py:3089} INFO - Sync 1 DAGs
[2026-02-14T08:49:50.103+0000] {logging_mixin.py:188} INFO - [2026-02-14T08:49:50.103+0000] {dag.py:3947} INFO - Setting next_dagrun for product_price_pipeline to 2026-02-14 00:00:00+00:00, run_after=2026-02-15 00:00:00+00:00
[2026-02-14T08:49:50.186+0000] {processor.py:183} INFO - Processing /opt/airflow/dags/product_pipeline_dag.py took 0.330 seconds
[2026-02-14T08:50:24.488+0000] {processor.py:161} INFO - Started process (PID=11381) to work on /opt/airflow/dags/product_pipeline_dag.py
[2026-02-14T08:50:24.493+0000] {processor.py:830} INFO - Processing file /opt/airflow/dags/product_pipeline_dag.py for tasks to queue
[2026-02-14T08:50:24.499+0000] {logging_mixin.py:188} INFO - [2026-02-14T08:50:24.498+0000] {dagbag.py:545} INFO - Filling up the DagBag from /opt/airflow/dags/product_pipeline_dag.py
[2026-02-14T08:50:24.623+0000] {processor.py:840} INFO - DAG(s) 'product_price_pipeline' retrieved from /opt/airflow/dags/product_pipeline_dag.py
[2026-02-14T08:50:24.751+0000] {logging_mixin.py:188} INFO - [2026-02-14T08:50:24.749+0000] {dag.py:3089} INFO - Sync 1 DAGs
[2026-02-14T08:50:24.857+0000] {logging_mixin.py:188} INFO - [2026-02-14T08:50:24.856+0000] {dag.py:3947} INFO - Setting next_dagrun for product_price_pipeline to 2026-02-14 00:00:00+00:00, run_after=2026-02-15 00:00:00+00:00
[2026-02-14T08:50:24.932+0000] {processor.py:183} INFO - Processing /opt/airflow/dags/product_pipeline_dag.py took 0.462 seconds
[2026-02-14T08:50:57.230+0000] {processor.py:161} INFO - Started process (PID=11404) to work on /opt/airflow/dags/product_pipeline_dag.py
[2026-02-14T08:50:57.234+0000] {processor.py:830} INFO - Processing file /opt/airflow/dags/product_pipeline_dag.py for tasks to queue
[2026-02-14T08:50:57.238+0000] {logging_mixin.py:188} INFO - [2026-02-14T08:50:57.237+0000] {dagbag.py:545} INFO - Filling up the DagBag from /opt/airflow/dags/product_pipeline_dag.py
[2026-02-14T08:50:57.327+0000] {processor.py:840} INFO - DAG(s) 'product_price_pipeline' retrieved from /opt/airflow/dags/product_pipeline_dag.py
[2026-02-14T08:50:57.487+0000] {logging_mixin.py:188} INFO - [2026-02-14T08:50:57.486+0000] {dag.py:3089} INFO - Sync 1 DAGs
[2026-02-14T08:50:57.545+0000] {logging_mixin.py:188} INFO - [2026-02-14T08:50:57.544+0000] {dag.py:3947} INFO - Setting next_dagrun for product_price_pipeline to 2026-02-14 00:00:00+00:00, run_after=2026-02-15 00:00:00+00:00
[2026-02-14T08:50:57.594+0000] {processor.py:183} INFO - Processing /opt/airflow/dags/product_pipeline_dag.py took 0.379 seconds
[2026-02-14T08:51:30.057+0000] {processor.py:161} INFO - Started process (PID=11433) to work on /opt/airflow/dags/product_pipeline_dag.py
[2026-02-14T08:51:30.060+0000] {processor.py:830} INFO - Processing file /opt/airflow/dags/product_pipeline_dag.py for tasks to queue
[2026-02-14T08:51:30.066+0000] {logging_mixin.py:188} INFO - [2026-02-14T08:51:30.065+0000] {dagbag.py:545} INFO - Filling up the DagBag from /opt/airflow/dags/product_pipeline_dag.py
[2026-02-14T08:51:30.129+0000] {processor.py:840} INFO - DAG(s) 'product_price_pipeline' retrieved from /opt/airflow/dags/product_pipeline_dag.py
[2026-02-14T08:51:30.218+0000] {logging_mixin.py:188} INFO - [2026-02-14T08:51:30.217+0000] {dag.py:3089} INFO - Sync 1 DAGs
[2026-02-14T08:51:30.282+0000] {logging_mixin.py:188} INFO - [2026-02-14T08:51:30.281+0000] {dag.py:3947} INFO - Setting next_dagrun for product_price_pipeline to 2026-02-14 00:00:00+00:00, run_after=2026-02-15 00:00:00+00:00
[2026-02-14T08:51:30.335+0000] {processor.py:183} INFO - Processing /opt/airflow/dags/product_pipeline_dag.py took 0.289 seconds
[2026-02-14T08:52:05.102+0000] {processor.py:161} INFO - Started process (PID=11474) to work on /opt/airflow/dags/product_pipeline_dag.py
[2026-02-14T08:52:05.105+0000] {processor.py:830} INFO - Processing file /opt/airflow/dags/product_pipeline_dag.py for tasks to queue
[2026-02-14T08:52:05.108+0000] {logging_mixin.py:188} INFO - [2026-02-14T08:52:05.108+0000] {dagbag.py:545} INFO - Filling up the DagBag from /opt/airflow/dags/product_pipeline_dag.py
[2026-02-14T08:52:05.193+0000] {processor.py:840} INFO - DAG(s) 'product_price_pipeline' retrieved from /opt/airflow/dags/product_pipeline_dag.py
[2026-02-14T08:52:05.257+0000] {logging_mixin.py:188} INFO - [2026-02-14T08:52:05.256+0000] {dag.py:3089} INFO - Sync 1 DAGs
[2026-02-14T08:52:05.294+0000] {logging_mixin.py:188} INFO - [2026-02-14T08:52:05.294+0000] {dag.py:3947} INFO - Setting next_dagrun for product_price_pipeline to 2026-02-14 00:00:00+00:00, run_after=2026-02-15 00:00:00+00:00
[2026-02-14T08:52:05.342+0000] {processor.py:183} INFO - Processing /opt/airflow/dags/product_pipeline_dag.py took 0.251 seconds
[2026-02-14T08:52:38.068+0000] {processor.py:161} INFO - Started process (PID=11503) to work on /opt/airflow/dags/product_pipeline_dag.py
[2026-02-14T08:52:38.073+0000] {processor.py:830} INFO - Processing file /opt/airflow/dags/product_pipeline_dag.py for tasks to queue
[2026-02-14T08:52:38.077+0000] {logging_mixin.py:188} INFO - [2026-02-14T08:52:38.076+0000] {dagbag.py:545} INFO - Filling up the DagBag from /opt/airflow/dags/product_pipeline_dag.py
[2026-02-14T08:52:38.138+0000] {processor.py:840} INFO - DAG(s) 'product_price_pipeline' retrieved from /opt/airflow/dags/product_pipeline_dag.py
[2026-02-14T08:52:38.208+0000] {logging_mixin.py:188} INFO - [2026-02-14T08:52:38.207+0000] {dag.py:3089} INFO - Sync 1 DAGs
[2026-02-14T08:52:38.255+0000] {logging_mixin.py:188} INFO - [2026-02-14T08:52:38.255+0000] {dag.py:3947} INFO - Setting next_dagrun for product_price_pipeline to 2026-02-14 00:00:00+00:00, run_after=2026-02-15 00:00:00+00:00
[2026-02-14T08:52:38.320+0000] {processor.py:183} INFO - Processing /opt/airflow/dags/product_pipeline_dag.py took 0.268 seconds
[2026-02-14T08:53:11.195+0000] {processor.py:161} INFO - Started process (PID=11532) to work on /opt/airflow/dags/product_pipeline_dag.py
[2026-02-14T08:53:11.197+0000] {processor.py:830} INFO - Processing file /opt/airflow/dags/product_pipeline_dag.py for tasks to queue
[2026-02-14T08:53:11.202+0000] {logging_mixin.py:188} INFO - [2026-02-14T08:53:11.200+0000] {dagbag.py:545} INFO - Filling up the DagBag from /opt/airflow/dags/product_pipeline_dag.py
[2026-02-14T08:53:11.270+0000] {processor.py:840} INFO - DAG(s) 'product_price_pipeline' retrieved from /opt/airflow/dags/product_pipeline_dag.py
[2026-02-14T08:53:11.334+0000] {logging_mixin.py:188} INFO - [2026-02-14T08:53:11.334+0000] {dag.py:3089} INFO - Sync 1 DAGs
[2026-02-14T08:53:11.375+0000] {logging_mixin.py:188} INFO - [2026-02-14T08:53:11.374+0000] {dag.py:3947} INFO - Setting next_dagrun for product_price_pipeline to 2026-02-14 00:00:00+00:00, run_after=2026-02-15 00:00:00+00:00
[2026-02-14T08:53:11.423+0000] {processor.py:183} INFO - Processing /opt/airflow/dags/product_pipeline_dag.py took 0.236 seconds
[2026-02-14T08:53:46.364+0000] {processor.py:161} INFO - Started process (PID=11561) to work on /opt/airflow/dags/product_pipeline_dag.py
[2026-02-14T08:53:46.367+0000] {processor.py:830} INFO - Processing file /opt/airflow/dags/product_pipeline_dag.py for tasks to queue
[2026-02-14T08:53:46.371+0000] {logging_mixin.py:188} INFO - [2026-02-14T08:53:46.370+0000] {dagbag.py:545} INFO - Filling up the DagBag from /opt/airflow/dags/product_pipeline_dag.py
[2026-02-14T08:53:46.451+0000] {processor.py:840} INFO - DAG(s) 'product_price_pipeline' retrieved from /opt/airflow/dags/product_pipeline_dag.py
[2026-02-14T08:53:46.530+0000] {logging_mixin.py:188} INFO - [2026-02-14T08:53:46.529+0000] {dag.py:3089} INFO - Sync 1 DAGs
[2026-02-14T08:53:46.577+0000] {logging_mixin.py:188} INFO - [2026-02-14T08:53:46.577+0000] {dag.py:3947} INFO - Setting next_dagrun for product_price_pipeline to 2026-02-14 00:00:00+00:00, run_after=2026-02-15 00:00:00+00:00
[2026-02-14T08:53:46.632+0000] {processor.py:183} INFO - Processing /opt/airflow/dags/product_pipeline_dag.py took 0.286 seconds
[2026-02-14T08:54:18.562+0000] {processor.py:161} INFO - Started process (PID=11590) to work on /opt/airflow/dags/product_pipeline_dag.py
[2026-02-14T08:54:18.564+0000] {processor.py:830} INFO - Processing file /opt/airflow/dags/product_pipeline_dag.py for tasks to queue
[2026-02-14T08:54:18.568+0000] {logging_mixin.py:188} INFO - [2026-02-14T08:54:18.567+0000] {dagbag.py:545} INFO - Filling up the DagBag from /opt/airflow/dags/product_pipeline_dag.py
[2026-02-14T08:54:18.622+0000] {processor.py:840} INFO - DAG(s) 'product_price_pipeline' retrieved from /opt/airflow/dags/product_pipeline_dag.py
[2026-02-14T08:54:18.681+0000] {logging_mixin.py:188} INFO - [2026-02-14T08:54:18.681+0000] {dag.py:3089} INFO - Sync 1 DAGs
[2026-02-14T08:54:18.715+0000] {logging_mixin.py:188} INFO - [2026-02-14T08:54:18.715+0000] {dag.py:3947} INFO - Setting next_dagrun for product_price_pipeline to 2026-02-14 00:00:00+00:00, run_after=2026-02-15 00:00:00+00:00
[2026-02-14T08:54:18.760+0000] {processor.py:183} INFO - Processing /opt/airflow/dags/product_pipeline_dag.py took 0.215 seconds
[2026-02-14T08:54:51.110+0000] {processor.py:161} INFO - Started process (PID=11619) to work on /opt/airflow/dags/product_pipeline_dag.py
[2026-02-14T08:54:51.113+0000] {processor.py:830} INFO - Processing file /opt/airflow/dags/product_pipeline_dag.py for tasks to queue
[2026-02-14T08:54:51.118+0000] {logging_mixin.py:188} INFO - [2026-02-14T08:54:51.118+0000] {dagbag.py:545} INFO - Filling up the DagBag from /opt/airflow/dags/product_pipeline_dag.py
[2026-02-14T08:54:51.178+0000] {processor.py:840} INFO - DAG(s) 'product_price_pipeline' retrieved from /opt/airflow/dags/product_pipeline_dag.py
[2026-02-14T08:54:51.233+0000] {logging_mixin.py:188} INFO - [2026-02-14T08:54:51.232+0000] {dag.py:3089} INFO - Sync 1 DAGs
[2026-02-14T08:54:51.283+0000] {logging_mixin.py:188} INFO - [2026-02-14T08:54:51.282+0000] {dag.py:3947} INFO - Setting next_dagrun for product_price_pipeline to 2026-02-14 00:00:00+00:00, run_after=2026-02-15 00:00:00+00:00
[2026-02-14T08:54:51.339+0000] {processor.py:183} INFO - Processing /opt/airflow/dags/product_pipeline_dag.py took 0.242 seconds
[2026-02-14T08:55:25.898+0000] {processor.py:161} INFO - Started process (PID=11648) to work on /opt/airflow/dags/product_pipeline_dag.py
[2026-02-14T08:55:25.903+0000] {processor.py:830} INFO - Processing file /opt/airflow/dags/product_pipeline_dag.py for tasks to queue
[2026-02-14T08:55:25.906+0000] {logging_mixin.py:188} INFO - [2026-02-14T08:55:25.905+0000] {dagbag.py:545} INFO - Filling up the DagBag from /opt/airflow/dags/product_pipeline_dag.py
[2026-02-14T08:55:25.993+0000] {processor.py:840} INFO - DAG(s) 'product_price_pipeline' retrieved from /opt/airflow/dags/product_pipeline_dag.py
[2026-02-14T08:55:26.082+0000] {logging_mixin.py:188} INFO - [2026-02-14T08:55:26.082+0000] {dag.py:3089} INFO - Sync 1 DAGs
[2026-02-14T08:55:26.138+0000] {logging_mixin.py:188} INFO - [2026-02-14T08:55:26.138+0000] {dag.py:3947} INFO - Setting next_dagrun for product_price_pipeline to 2026-02-14 00:00:00+00:00, run_after=2026-02-15 00:00:00+00:00
[2026-02-14T08:55:26.197+0000] {processor.py:183} INFO - Processing /opt/airflow/dags/product_pipeline_dag.py took 0.314 seconds
[2026-02-14T08:55:59.384+0000] {processor.py:161} INFO - Started process (PID=11677) to work on /opt/airflow/dags/product_pipeline_dag.py
[2026-02-14T08:55:59.387+0000] {processor.py:830} INFO - Processing file /opt/airflow/dags/product_pipeline_dag.py for tasks to queue
[2026-02-14T08:55:59.391+0000] {logging_mixin.py:188} INFO - [2026-02-14T08:55:59.390+0000] {dagbag.py:545} INFO - Filling up the DagBag from /opt/airflow/dags/product_pipeline_dag.py
[2026-02-14T08:55:59.488+0000] {processor.py:840} INFO - DAG(s) 'product_price_pipeline' retrieved from /opt/airflow/dags/product_pipeline_dag.py
[2026-02-14T08:55:59.575+0000] {logging_mixin.py:188} INFO - [2026-02-14T08:55:59.575+0000] {dag.py:3089} INFO - Sync 1 DAGs
[2026-02-14T08:55:59.645+0000] {logging_mixin.py:188} INFO - [2026-02-14T08:55:59.644+0000] {dag.py:3947} INFO - Setting next_dagrun for product_price_pipeline to 2026-02-14 00:00:00+00:00, run_after=2026-02-15 00:00:00+00:00
[2026-02-14T08:55:59.722+0000] {processor.py:183} INFO - Processing /opt/airflow/dags/product_pipeline_dag.py took 0.347 seconds
[2026-02-14T08:56:31.693+0000] {processor.py:161} INFO - Started process (PID=11706) to work on /opt/airflow/dags/product_pipeline_dag.py
[2026-02-14T08:56:31.695+0000] {processor.py:830} INFO - Processing file /opt/airflow/dags/product_pipeline_dag.py for tasks to queue
[2026-02-14T08:56:31.699+0000] {logging_mixin.py:188} INFO - [2026-02-14T08:56:31.699+0000] {dagbag.py:545} INFO - Filling up the DagBag from /opt/airflow/dags/product_pipeline_dag.py
[2026-02-14T08:56:31.788+0000] {processor.py:840} INFO - DAG(s) 'product_price_pipeline' retrieved from /opt/airflow/dags/product_pipeline_dag.py
[2026-02-14T08:56:31.866+0000] {logging_mixin.py:188} INFO - [2026-02-14T08:56:31.866+0000] {dag.py:3089} INFO - Sync 1 DAGs
[2026-02-14T08:56:31.909+0000] {logging_mixin.py:188} INFO - [2026-02-14T08:56:31.908+0000] {dag.py:3947} INFO - Setting next_dagrun for product_price_pipeline to 2026-02-14 00:00:00+00:00, run_after=2026-02-15 00:00:00+00:00
[2026-02-14T08:56:31.973+0000] {processor.py:183} INFO - Processing /opt/airflow/dags/product_pipeline_dag.py took 0.290 seconds
[2026-02-14T08:57:05.379+0000] {processor.py:161} INFO - Started process (PID=11735) to work on /opt/airflow/dags/product_pipeline_dag.py
[2026-02-14T08:57:05.382+0000] {processor.py:830} INFO - Processing file /opt/airflow/dags/product_pipeline_dag.py for tasks to queue
[2026-02-14T08:57:05.385+0000] {logging_mixin.py:188} INFO - [2026-02-14T08:57:05.385+0000] {dagbag.py:545} INFO - Filling up the DagBag from /opt/airflow/dags/product_pipeline_dag.py
[2026-02-14T08:57:05.452+0000] {processor.py:840} INFO - DAG(s) 'product_price_pipeline' retrieved from /opt/airflow/dags/product_pipeline_dag.py
[2026-02-14T08:57:05.543+0000] {logging_mixin.py:188} INFO - [2026-02-14T08:57:05.542+0000] {dag.py:3089} INFO - Sync 1 DAGs
[2026-02-14T08:57:05.604+0000] {logging_mixin.py:188} INFO - [2026-02-14T08:57:05.604+0000] {dag.py:3947} INFO - Setting next_dagrun for product_price_pipeline to 2026-02-14 00:00:00+00:00, run_after=2026-02-15 00:00:00+00:00
[2026-02-14T08:57:05.671+0000] {processor.py:183} INFO - Processing /opt/airflow/dags/product_pipeline_dag.py took 0.307 seconds
[2026-02-14T08:57:37.008+0000] {processor.py:161} INFO - Started process (PID=11764) to work on /opt/airflow/dags/product_pipeline_dag.py
[2026-02-14T08:57:37.011+0000] {processor.py:830} INFO - Processing file /opt/airflow/dags/product_pipeline_dag.py for tasks to queue
[2026-02-14T08:57:37.015+0000] {logging_mixin.py:188} INFO - [2026-02-14T08:57:37.015+0000] {dagbag.py:545} INFO - Filling up the DagBag from /opt/airflow/dags/product_pipeline_dag.py
[2026-02-14T08:57:37.086+0000] {processor.py:840} INFO - DAG(s) 'product_price_pipeline' retrieved from /opt/airflow/dags/product_pipeline_dag.py
[2026-02-14T08:57:37.154+0000] {logging_mixin.py:188} INFO - [2026-02-14T08:57:37.152+0000] {dag.py:3089} INFO - Sync 1 DAGs
[2026-02-14T08:57:37.194+0000] {logging_mixin.py:188} INFO - [2026-02-14T08:57:37.194+0000] {dag.py:3947} INFO - Setting next_dagrun for product_price_pipeline to 2026-02-14 00:00:00+00:00, run_after=2026-02-15 00:00:00+00:00
[2026-02-14T08:57:37.252+0000] {processor.py:183} INFO - Processing /opt/airflow/dags/product_pipeline_dag.py took 0.254 seconds
[2026-02-14T08:58:09.286+0000] {processor.py:161} INFO - Started process (PID=11787) to work on /opt/airflow/dags/product_pipeline_dag.py
[2026-02-14T08:58:09.293+0000] {processor.py:830} INFO - Processing file /opt/airflow/dags/product_pipeline_dag.py for tasks to queue
[2026-02-14T08:58:09.304+0000] {logging_mixin.py:188} INFO - [2026-02-14T08:58:09.300+0000] {dagbag.py:545} INFO - Filling up the DagBag from /opt/airflow/dags/product_pipeline_dag.py
[2026-02-14T08:58:09.380+0000] {processor.py:840} INFO - DAG(s) 'product_price_pipeline' retrieved from /opt/airflow/dags/product_pipeline_dag.py
[2026-02-14T08:58:09.485+0000] {logging_mixin.py:188} INFO - [2026-02-14T08:58:09.485+0000] {dag.py:3089} INFO - Sync 1 DAGs
[2026-02-14T08:58:09.554+0000] {logging_mixin.py:188} INFO - [2026-02-14T08:58:09.554+0000] {dag.py:3947} INFO - Setting next_dagrun for product_price_pipeline to 2026-02-14 00:00:00+00:00, run_after=2026-02-15 00:00:00+00:00
[2026-02-14T08:58:09.629+0000] {processor.py:183} INFO - Processing /opt/airflow/dags/product_pipeline_dag.py took 0.371 seconds
[2026-02-14T08:58:40.656+0000] {processor.py:161} INFO - Started process (PID=11810) to work on /opt/airflow/dags/product_pipeline_dag.py
[2026-02-14T08:58:40.658+0000] {processor.py:830} INFO - Processing file /opt/airflow/dags/product_pipeline_dag.py for tasks to queue
[2026-02-14T08:58:40.663+0000] {logging_mixin.py:188} INFO - [2026-02-14T08:58:40.662+0000] {dagbag.py:545} INFO - Filling up the DagBag from /opt/airflow/dags/product_pipeline_dag.py
[2026-02-14T08:58:40.720+0000] {processor.py:840} INFO - DAG(s) 'product_price_pipeline' retrieved from /opt/airflow/dags/product_pipeline_dag.py
[2026-02-14T08:58:40.784+0000] {logging_mixin.py:188} INFO - [2026-02-14T08:58:40.783+0000] {dag.py:3089} INFO - Sync 1 DAGs
[2026-02-14T08:58:40.820+0000] {logging_mixin.py:188} INFO - [2026-02-14T08:58:40.819+0000] {dag.py:3947} INFO - Setting next_dagrun for product_price_pipeline to 2026-02-14 00:00:00+00:00, run_after=2026-02-15 00:00:00+00:00
[2026-02-14T08:58:40.861+0000] {processor.py:183} INFO - Processing /opt/airflow/dags/product_pipeline_dag.py took 0.216 seconds
[2026-02-14T08:59:12.751+0000] {processor.py:161} INFO - Started process (PID=11839) to work on /opt/airflow/dags/product_pipeline_dag.py
[2026-02-14T08:59:12.754+0000] {processor.py:830} INFO - Processing file /opt/airflow/dags/product_pipeline_dag.py for tasks to queue
[2026-02-14T08:59:12.766+0000] {logging_mixin.py:188} INFO - [2026-02-14T08:59:12.764+0000] {dagbag.py:545} INFO - Filling up the DagBag from /opt/airflow/dags/product_pipeline_dag.py
[2026-02-14T08:59:12.855+0000] {processor.py:840} INFO - DAG(s) 'product_price_pipeline' retrieved from /opt/airflow/dags/product_pipeline_dag.py
[2026-02-14T08:59:12.959+0000] {logging_mixin.py:188} INFO - [2026-02-14T08:59:12.956+0000] {dag.py:3089} INFO - Sync 1 DAGs
[2026-02-14T08:59:13.021+0000] {logging_mixin.py:188} INFO - [2026-02-14T08:59:13.021+0000] {dag.py:3947} INFO - Setting next_dagrun for product_price_pipeline to 2026-02-14 00:00:00+00:00, run_after=2026-02-15 00:00:00+00:00
[2026-02-14T08:59:13.070+0000] {processor.py:183} INFO - Processing /opt/airflow/dags/product_pipeline_dag.py took 0.338 seconds
[2026-02-14T08:59:44.860+0000] {processor.py:161} INFO - Started process (PID=11868) to work on /opt/airflow/dags/product_pipeline_dag.py
[2026-02-14T08:59:44.862+0000] {processor.py:830} INFO - Processing file /opt/airflow/dags/product_pipeline_dag.py for tasks to queue
[2026-02-14T08:59:44.864+0000] {logging_mixin.py:188} INFO - [2026-02-14T08:59:44.864+0000] {dagbag.py:545} INFO - Filling up the DagBag from /opt/airflow/dags/product_pipeline_dag.py
[2026-02-14T08:59:44.937+0000] {processor.py:840} INFO - DAG(s) 'product_price_pipeline' retrieved from /opt/airflow/dags/product_pipeline_dag.py
[2026-02-14T08:59:45.034+0000] {logging_mixin.py:188} INFO - [2026-02-14T08:59:45.032+0000] {dag.py:3089} INFO - Sync 1 DAGs
[2026-02-14T08:59:45.082+0000] {logging_mixin.py:188} INFO - [2026-02-14T08:59:45.082+0000] {dag.py:3947} INFO - Setting next_dagrun for product_price_pipeline to 2026-02-14 00:00:00+00:00, run_after=2026-02-15 00:00:00+00:00
[2026-02-14T08:59:45.139+0000] {processor.py:183} INFO - Processing /opt/airflow/dags/product_pipeline_dag.py took 0.290 seconds
[2026-02-14T09:00:17.304+0000] {processor.py:161} INFO - Started process (PID=11897) to work on /opt/airflow/dags/product_pipeline_dag.py
[2026-02-14T09:00:17.307+0000] {processor.py:830} INFO - Processing file /opt/airflow/dags/product_pipeline_dag.py for tasks to queue
[2026-02-14T09:00:17.318+0000] {logging_mixin.py:188} INFO - [2026-02-14T09:00:17.317+0000] {dagbag.py:545} INFO - Filling up the DagBag from /opt/airflow/dags/product_pipeline_dag.py
[2026-02-14T09:00:17.385+0000] {processor.py:840} INFO - DAG(s) 'product_price_pipeline' retrieved from /opt/airflow/dags/product_pipeline_dag.py
[2026-02-14T09:00:17.456+0000] {logging_mixin.py:188} INFO - [2026-02-14T09:00:17.456+0000] {dag.py:3089} INFO - Sync 1 DAGs
[2026-02-14T09:00:17.508+0000] {logging_mixin.py:188} INFO - [2026-02-14T09:00:17.508+0000] {dag.py:3947} INFO - Setting next_dagrun for product_price_pipeline to 2026-02-14 00:00:00+00:00, run_after=2026-02-15 00:00:00+00:00
[2026-02-14T09:00:17.551+0000] {processor.py:183} INFO - Processing /opt/airflow/dags/product_pipeline_dag.py took 0.271 seconds
[2026-02-14T09:00:49.856+0000] {processor.py:161} INFO - Started process (PID=11926) to work on /opt/airflow/dags/product_pipeline_dag.py
[2026-02-14T09:00:49.860+0000] {processor.py:830} INFO - Processing file /opt/airflow/dags/product_pipeline_dag.py for tasks to queue
[2026-02-14T09:00:49.874+0000] {logging_mixin.py:188} INFO - [2026-02-14T09:00:49.871+0000] {dagbag.py:545} INFO - Filling up the DagBag from /opt/airflow/dags/product_pipeline_dag.py
[2026-02-14T09:00:49.973+0000] {processor.py:840} INFO - DAG(s) 'product_price_pipeline' retrieved from /opt/airflow/dags/product_pipeline_dag.py
[2026-02-14T09:00:50.053+0000] {logging_mixin.py:188} INFO - [2026-02-14T09:00:50.052+0000] {dag.py:3089} INFO - Sync 1 DAGs
[2026-02-14T09:00:50.112+0000] {logging_mixin.py:188} INFO - [2026-02-14T09:00:50.111+0000] {dag.py:3947} INFO - Setting next_dagrun for product_price_pipeline to 2026-02-14 00:00:00+00:00, run_after=2026-02-15 00:00:00+00:00
[2026-02-14T09:00:50.178+0000] {processor.py:183} INFO - Processing /opt/airflow/dags/product_pipeline_dag.py took 0.336 seconds
[2026-02-14T09:01:24.489+0000] {processor.py:161} INFO - Started process (PID=11967) to work on /opt/airflow/dags/product_pipeline_dag.py
[2026-02-14T09:01:24.491+0000] {processor.py:830} INFO - Processing file /opt/airflow/dags/product_pipeline_dag.py for tasks to queue
[2026-02-14T09:01:24.496+0000] {logging_mixin.py:188} INFO - [2026-02-14T09:01:24.495+0000] {dagbag.py:545} INFO - Filling up the DagBag from /opt/airflow/dags/product_pipeline_dag.py
[2026-02-14T09:01:24.584+0000] {processor.py:840} INFO - DAG(s) 'product_price_pipeline' retrieved from /opt/airflow/dags/product_pipeline_dag.py
[2026-02-14T09:01:24.662+0000] {logging_mixin.py:188} INFO - [2026-02-14T09:01:24.662+0000] {dag.py:3089} INFO - Sync 1 DAGs
[2026-02-14T09:01:24.745+0000] {logging_mixin.py:188} INFO - [2026-02-14T09:01:24.743+0000] {dag.py:3947} INFO - Setting next_dagrun for product_price_pipeline to 2026-02-14 00:00:00+00:00, run_after=2026-02-15 00:00:00+00:00
[2026-02-14T09:01:24.811+0000] {processor.py:183} INFO - Processing /opt/airflow/dags/product_pipeline_dag.py took 0.334 seconds
[2026-02-14T09:01:57.221+0000] {processor.py:161} INFO - Started process (PID=11996) to work on /opt/airflow/dags/product_pipeline_dag.py
[2026-02-14T09:01:57.226+0000] {processor.py:830} INFO - Processing file /opt/airflow/dags/product_pipeline_dag.py for tasks to queue
[2026-02-14T09:01:57.231+0000] {logging_mixin.py:188} INFO - [2026-02-14T09:01:57.230+0000] {dagbag.py:545} INFO - Filling up the DagBag from /opt/airflow/dags/product_pipeline_dag.py
[2026-02-14T09:01:57.385+0000] {processor.py:840} INFO - DAG(s) 'product_price_pipeline' retrieved from /opt/airflow/dags/product_pipeline_dag.py
[2026-02-14T09:01:57.540+0000] {logging_mixin.py:188} INFO - [2026-02-14T09:01:57.539+0000] {dag.py:3089} INFO - Sync 1 DAGs
[2026-02-14T09:01:57.648+0000] {logging_mixin.py:188} INFO - [2026-02-14T09:01:57.648+0000] {dag.py:3947} INFO - Setting next_dagrun for product_price_pipeline to 2026-02-14 00:00:00+00:00, run_after=2026-02-15 00:00:00+00:00
[2026-02-14T09:01:57.723+0000] {processor.py:183} INFO - Processing /opt/airflow/dags/product_pipeline_dag.py took 0.518 seconds
[2026-02-14T09:02:29.079+0000] {processor.py:161} INFO - Started process (PID=12025) to work on /opt/airflow/dags/product_pipeline_dag.py
[2026-02-14T09:02:29.081+0000] {processor.py:830} INFO - Processing file /opt/airflow/dags/product_pipeline_dag.py for tasks to queue
[2026-02-14T09:02:29.084+0000] {logging_mixin.py:188} INFO - [2026-02-14T09:02:29.083+0000] {dagbag.py:545} INFO - Filling up the DagBag from /opt/airflow/dags/product_pipeline_dag.py
[2026-02-14T09:02:29.159+0000] {processor.py:840} INFO - DAG(s) 'product_price_pipeline' retrieved from /opt/airflow/dags/product_pipeline_dag.py
[2026-02-14T09:02:29.221+0000] {logging_mixin.py:188} INFO - [2026-02-14T09:02:29.221+0000] {dag.py:3089} INFO - Sync 1 DAGs
[2026-02-14T09:02:29.266+0000] {logging_mixin.py:188} INFO - [2026-02-14T09:02:29.265+0000] {dag.py:3947} INFO - Setting next_dagrun for product_price_pipeline to 2026-02-14 00:00:00+00:00, run_after=2026-02-15 00:00:00+00:00
[2026-02-14T09:02:29.326+0000] {processor.py:183} INFO - Processing /opt/airflow/dags/product_pipeline_dag.py took 0.259 seconds
[2026-02-14T09:03:01.501+0000] {processor.py:161} INFO - Started process (PID=12054) to work on /opt/airflow/dags/product_pipeline_dag.py
[2026-02-14T09:03:01.504+0000] {processor.py:830} INFO - Processing file /opt/airflow/dags/product_pipeline_dag.py for tasks to queue
[2026-02-14T09:03:01.510+0000] {logging_mixin.py:188} INFO - [2026-02-14T09:03:01.508+0000] {dagbag.py:545} INFO - Filling up the DagBag from /opt/airflow/dags/product_pipeline_dag.py
[2026-02-14T09:03:01.564+0000] {processor.py:840} INFO - DAG(s) 'product_price_pipeline' retrieved from /opt/airflow/dags/product_pipeline_dag.py
[2026-02-14T09:03:01.629+0000] {logging_mixin.py:188} INFO - [2026-02-14T09:03:01.629+0000] {dag.py:3089} INFO - Sync 1 DAGs
[2026-02-14T09:03:01.671+0000] {logging_mixin.py:188} INFO - [2026-02-14T09:03:01.671+0000] {dag.py:3947} INFO - Setting next_dagrun for product_price_pipeline to 2026-02-14 00:00:00+00:00, run_after=2026-02-15 00:00:00+00:00
[2026-02-14T09:03:01.725+0000] {processor.py:183} INFO - Processing /opt/airflow/dags/product_pipeline_dag.py took 0.235 seconds
[2026-02-14T09:03:33.720+0000] {processor.py:161} INFO - Started process (PID=12083) to work on /opt/airflow/dags/product_pipeline_dag.py
[2026-02-14T09:03:33.722+0000] {processor.py:830} INFO - Processing file /opt/airflow/dags/product_pipeline_dag.py for tasks to queue
[2026-02-14T09:03:33.726+0000] {logging_mixin.py:188} INFO - [2026-02-14T09:03:33.725+0000] {dagbag.py:545} INFO - Filling up the DagBag from /opt/airflow/dags/product_pipeline_dag.py
[2026-02-14T09:03:33.782+0000] {processor.py:840} INFO - DAG(s) 'product_price_pipeline' retrieved from /opt/airflow/dags/product_pipeline_dag.py
[2026-02-14T09:03:33.838+0000] {logging_mixin.py:188} INFO - [2026-02-14T09:03:33.838+0000] {dag.py:3089} INFO - Sync 1 DAGs
[2026-02-14T09:03:33.872+0000] {logging_mixin.py:188} INFO - [2026-02-14T09:03:33.872+0000] {dag.py:3947} INFO - Setting next_dagrun for product_price_pipeline to 2026-02-14 00:00:00+00:00, run_after=2026-02-15 00:00:00+00:00
[2026-02-14T09:03:33.913+0000] {processor.py:183} INFO - Processing /opt/airflow/dags/product_pipeline_dag.py took 0.202 seconds
[2026-02-14T09:04:05.393+0000] {processor.py:161} INFO - Started process (PID=12112) to work on /opt/airflow/dags/product_pipeline_dag.py
[2026-02-14T09:04:05.397+0000] {processor.py:830} INFO - Processing file /opt/airflow/dags/product_pipeline_dag.py for tasks to queue
[2026-02-14T09:04:05.403+0000] {logging_mixin.py:188} INFO - [2026-02-14T09:04:05.402+0000] {dagbag.py:545} INFO - Filling up the DagBag from /opt/airflow/dags/product_pipeline_dag.py
[2026-02-14T09:04:05.481+0000] {processor.py:840} INFO - DAG(s) 'product_price_pipeline' retrieved from /opt/airflow/dags/product_pipeline_dag.py
[2026-02-14T09:04:05.550+0000] {logging_mixin.py:188} INFO - [2026-02-14T09:04:05.549+0000] {dag.py:3089} INFO - Sync 1 DAGs
[2026-02-14T09:04:05.593+0000] {logging_mixin.py:188} INFO - [2026-02-14T09:04:05.593+0000] {dag.py:3947} INFO - Setting next_dagrun for product_price_pipeline to 2026-02-14 00:00:00+00:00, run_after=2026-02-15 00:00:00+00:00
[2026-02-14T09:04:05.649+0000] {processor.py:183} INFO - Processing /opt/airflow/dags/product_pipeline_dag.py took 0.269 seconds
[2026-02-14T09:04:38.637+0000] {processor.py:161} INFO - Started process (PID=12141) to work on /opt/airflow/dags/product_pipeline_dag.py
[2026-02-14T09:04:38.641+0000] {processor.py:830} INFO - Processing file /opt/airflow/dags/product_pipeline_dag.py for tasks to queue
[2026-02-14T09:04:38.648+0000] {logging_mixin.py:188} INFO - [2026-02-14T09:04:38.647+0000] {dagbag.py:545} INFO - Filling up the DagBag from /opt/airflow/dags/product_pipeline_dag.py
[2026-02-14T09:04:38.717+0000] {processor.py:840} INFO - DAG(s) 'product_price_pipeline' retrieved from /opt/airflow/dags/product_pipeline_dag.py
[2026-02-14T09:04:38.818+0000] {logging_mixin.py:188} INFO - [2026-02-14T09:04:38.817+0000] {dag.py:3089} INFO - Sync 1 DAGs
[2026-02-14T09:04:38.874+0000] {logging_mixin.py:188} INFO - [2026-02-14T09:04:38.874+0000] {dag.py:3947} INFO - Setting next_dagrun for product_price_pipeline to 2026-02-14 00:00:00+00:00, run_after=2026-02-15 00:00:00+00:00
[2026-02-14T09:04:38.919+0000] {processor.py:183} INFO - Processing /opt/airflow/dags/product_pipeline_dag.py took 0.294 seconds
[2026-02-14T09:05:17.948+0000] {processor.py:161} INFO - Started process (PID=12170) to work on /opt/airflow/dags/product_pipeline_dag.py
[2026-02-14T09:05:17.952+0000] {processor.py:830} INFO - Processing file /opt/airflow/dags/product_pipeline_dag.py for tasks to queue
[2026-02-14T09:05:17.966+0000] {logging_mixin.py:188} INFO - [2026-02-14T09:05:17.964+0000] {dagbag.py:545} INFO - Filling up the DagBag from /opt/airflow/dags/product_pipeline_dag.py
[2026-02-14T09:05:18.115+0000] {processor.py:840} INFO - DAG(s) 'product_price_pipeline' retrieved from /opt/airflow/dags/product_pipeline_dag.py
[2026-02-14T09:05:18.257+0000] {logging_mixin.py:188} INFO - [2026-02-14T09:05:18.256+0000] {dag.py:3089} INFO - Sync 1 DAGs
[2026-02-14T09:05:18.346+0000] {logging_mixin.py:188} INFO - [2026-02-14T09:05:18.346+0000] {dag.py:3947} INFO - Setting next_dagrun for product_price_pipeline to 2026-02-14 00:00:00+00:00, run_after=2026-02-15 00:00:00+00:00
[2026-02-14T09:05:18.419+0000] {processor.py:183} INFO - Processing /opt/airflow/dags/product_pipeline_dag.py took 0.498 seconds
[2026-02-14T09:05:49.863+0000] {processor.py:161} INFO - Started process (PID=12199) to work on /opt/airflow/dags/product_pipeline_dag.py
[2026-02-14T09:05:49.865+0000] {processor.py:830} INFO - Processing file /opt/airflow/dags/product_pipeline_dag.py for tasks to queue
[2026-02-14T09:05:49.872+0000] {logging_mixin.py:188} INFO - [2026-02-14T09:05:49.871+0000] {dagbag.py:545} INFO - Filling up the DagBag from /opt/airflow/dags/product_pipeline_dag.py
[2026-02-14T09:05:49.966+0000] {processor.py:840} INFO - DAG(s) 'product_price_pipeline' retrieved from /opt/airflow/dags/product_pipeline_dag.py
[2026-02-14T09:05:50.045+0000] {logging_mixin.py:188} INFO - [2026-02-14T09:05:50.044+0000] {dag.py:3089} INFO - Sync 1 DAGs
[2026-02-14T09:05:50.102+0000] {logging_mixin.py:188} INFO - [2026-02-14T09:05:50.102+0000] {dag.py:3947} INFO - Setting next_dagrun for product_price_pipeline to 2026-02-14 00:00:00+00:00, run_after=2026-02-15 00:00:00+00:00
[2026-02-14T09:05:50.168+0000] {processor.py:183} INFO - Processing /opt/airflow/dags/product_pipeline_dag.py took 0.315 seconds
[2026-02-14T09:06:22.116+0000] {processor.py:161} INFO - Started process (PID=12230) to work on /opt/airflow/dags/product_pipeline_dag.py
[2026-02-14T09:06:22.120+0000] {processor.py:830} INFO - Processing file /opt/airflow/dags/product_pipeline_dag.py for tasks to queue
[2026-02-14T09:06:22.127+0000] {logging_mixin.py:188} INFO - [2026-02-14T09:06:22.126+0000] {dagbag.py:545} INFO - Filling up the DagBag from /opt/airflow/dags/product_pipeline_dag.py
[2026-02-14T09:06:22.214+0000] {processor.py:840} INFO - DAG(s) 'product_price_pipeline' retrieved from /opt/airflow/dags/product_pipeline_dag.py
[2026-02-14T09:06:22.281+0000] {logging_mixin.py:188} INFO - [2026-02-14T09:06:22.280+0000] {dag.py:3089} INFO - Sync 1 DAGs
[2026-02-14T09:06:22.332+0000] {logging_mixin.py:188} INFO - [2026-02-14T09:06:22.331+0000] {dag.py:3947} INFO - Setting next_dagrun for product_price_pipeline to 2026-02-14 00:00:00+00:00, run_after=2026-02-15 00:00:00+00:00
[2026-02-14T09:06:22.375+0000] {processor.py:183} INFO - Processing /opt/airflow/dags/product_pipeline_dag.py took 0.270 seconds
[2026-02-14T09:06:53.534+0000] {processor.py:161} INFO - Started process (PID=12257) to work on /opt/airflow/dags/product_pipeline_dag.py
[2026-02-14T09:06:53.536+0000] {processor.py:830} INFO - Processing file /opt/airflow/dags/product_pipeline_dag.py for tasks to queue
[2026-02-14T09:06:53.540+0000] {logging_mixin.py:188} INFO - [2026-02-14T09:06:53.539+0000] {dagbag.py:545} INFO - Filling up the DagBag from /opt/airflow/dags/product_pipeline_dag.py
[2026-02-14T09:06:53.601+0000] {processor.py:840} INFO - DAG(s) 'product_price_pipeline' retrieved from /opt/airflow/dags/product_pipeline_dag.py
[2026-02-14T09:06:53.665+0000] {logging_mixin.py:188} INFO - [2026-02-14T09:06:53.664+0000] {dag.py:3089} INFO - Sync 1 DAGs
[2026-02-14T09:06:53.740+0000] {logging_mixin.py:188} INFO - [2026-02-14T09:06:53.739+0000] {dag.py:3947} INFO - Setting next_dagrun for product_price_pipeline to 2026-02-14 00:00:00+00:00, run_after=2026-02-15 00:00:00+00:00
[2026-02-14T09:06:53.798+0000] {processor.py:183} INFO - Processing /opt/airflow/dags/product_pipeline_dag.py took 0.277 seconds
[2026-02-14T09:07:25.640+0000] {processor.py:161} INFO - Started process (PID=12286) to work on /opt/airflow/dags/product_pipeline_dag.py
[2026-02-14T09:07:25.643+0000] {processor.py:830} INFO - Processing file /opt/airflow/dags/product_pipeline_dag.py for tasks to queue
[2026-02-14T09:07:25.647+0000] {logging_mixin.py:188} INFO - [2026-02-14T09:07:25.646+0000] {dagbag.py:545} INFO - Filling up the DagBag from /opt/airflow/dags/product_pipeline_dag.py
[2026-02-14T09:07:25.710+0000] {processor.py:840} INFO - DAG(s) 'product_price_pipeline' retrieved from /opt/airflow/dags/product_pipeline_dag.py
[2026-02-14T09:07:25.765+0000] {logging_mixin.py:188} INFO - [2026-02-14T09:07:25.765+0000] {dag.py:3089} INFO - Sync 1 DAGs
[2026-02-14T09:07:25.809+0000] {logging_mixin.py:188} INFO - [2026-02-14T09:07:25.809+0000] {dag.py:3947} INFO - Setting next_dagrun for product_price_pipeline to 2026-02-14 00:00:00+00:00, run_after=2026-02-15 00:00:00+00:00
[2026-02-14T09:07:25.856+0000] {processor.py:183} INFO - Processing /opt/airflow/dags/product_pipeline_dag.py took 0.224 seconds
[2026-02-14T09:07:56.431+0000] {processor.py:161} INFO - Started process (PID=12308) to work on /opt/airflow/dags/product_pipeline_dag.py
[2026-02-14T09:07:56.433+0000] {processor.py:830} INFO - Processing file /opt/airflow/dags/product_pipeline_dag.py for tasks to queue
[2026-02-14T09:07:56.440+0000] {logging_mixin.py:188} INFO - [2026-02-14T09:07:56.439+0000] {dagbag.py:545} INFO - Filling up the DagBag from /opt/airflow/dags/product_pipeline_dag.py
[2026-02-14T09:07:56.521+0000] {processor.py:840} INFO - DAG(s) 'product_price_pipeline' retrieved from /opt/airflow/dags/product_pipeline_dag.py
[2026-02-14T09:07:56.612+0000] {logging_mixin.py:188} INFO - [2026-02-14T09:07:56.612+0000] {dag.py:3089} INFO - Sync 1 DAGs
[2026-02-14T09:07:56.663+0000] {logging_mixin.py:188} INFO - [2026-02-14T09:07:56.663+0000] {dag.py:3947} INFO - Setting next_dagrun for product_price_pipeline to 2026-02-14 00:00:00+00:00, run_after=2026-02-15 00:00:00+00:00
[2026-02-14T09:07:56.739+0000] {processor.py:183} INFO - Processing /opt/airflow/dags/product_pipeline_dag.py took 0.321 seconds
[2026-02-14T09:08:27.027+0000] {processor.py:161} INFO - Started process (PID=12332) to work on /opt/airflow/dags/product_pipeline_dag.py
[2026-02-14T09:08:27.030+0000] {processor.py:830} INFO - Processing file /opt/airflow/dags/product_pipeline_dag.py for tasks to queue
[2026-02-14T09:08:27.033+0000] {logging_mixin.py:188} INFO - [2026-02-14T09:08:27.032+0000] {dagbag.py:545} INFO - Filling up the DagBag from /opt/airflow/dags/product_pipeline_dag.py
[2026-02-14T09:08:27.084+0000] {processor.py:840} INFO - DAG(s) 'product_price_pipeline' retrieved from /opt/airflow/dags/product_pipeline_dag.py
[2026-02-14T09:08:27.148+0000] {logging_mixin.py:188} INFO - [2026-02-14T09:08:27.148+0000] {dag.py:3089} INFO - Sync 1 DAGs
[2026-02-14T09:08:27.184+0000] {logging_mixin.py:188} INFO - [2026-02-14T09:08:27.183+0000] {dag.py:3947} INFO - Setting next_dagrun for product_price_pipeline to 2026-02-14 00:00:00+00:00, run_after=2026-02-15 00:00:00+00:00
[2026-02-14T09:08:27.235+0000] {processor.py:183} INFO - Processing /opt/airflow/dags/product_pipeline_dag.py took 0.222 seconds
[2026-02-14T09:08:57.520+0000] {processor.py:161} INFO - Started process (PID=12354) to work on /opt/airflow/dags/product_pipeline_dag.py
[2026-02-14T09:08:57.523+0000] {processor.py:830} INFO - Processing file /opt/airflow/dags/product_pipeline_dag.py for tasks to queue
[2026-02-14T09:08:57.529+0000] {logging_mixin.py:188} INFO - [2026-02-14T09:08:57.528+0000] {dagbag.py:545} INFO - Filling up the DagBag from /opt/airflow/dags/product_pipeline_dag.py
[2026-02-14T09:08:57.594+0000] {processor.py:840} INFO - DAG(s) 'product_price_pipeline' retrieved from /opt/airflow/dags/product_pipeline_dag.py
[2026-02-14T09:08:57.727+0000] {logging_mixin.py:188} INFO - [2026-02-14T09:08:57.726+0000] {dag.py:3089} INFO - Sync 1 DAGs
[2026-02-14T09:08:57.806+0000] {logging_mixin.py:188} INFO - [2026-02-14T09:08:57.806+0000] {dag.py:3947} INFO - Setting next_dagrun for product_price_pipeline to 2026-02-14 00:00:00+00:00, run_after=2026-02-15 00:00:00+00:00
[2026-02-14T09:08:57.869+0000] {processor.py:183} INFO - Processing /opt/airflow/dags/product_pipeline_dag.py took 0.368 seconds
[2026-02-14T09:09:31.214+0000] {processor.py:161} INFO - Started process (PID=12390) to work on /opt/airflow/dags/product_pipeline_dag.py
[2026-02-14T09:09:31.217+0000] {processor.py:830} INFO - Processing file /opt/airflow/dags/product_pipeline_dag.py for tasks to queue
[2026-02-14T09:09:31.221+0000] {logging_mixin.py:188} INFO - [2026-02-14T09:09:31.220+0000] {dagbag.py:545} INFO - Filling up the DagBag from /opt/airflow/dags/product_pipeline_dag.py
[2026-02-14T09:09:31.283+0000] {processor.py:840} INFO - DAG(s) 'product_price_pipeline' retrieved from /opt/airflow/dags/product_pipeline_dag.py
[2026-02-14T09:09:31.337+0000] {logging_mixin.py:188} INFO - [2026-02-14T09:09:31.337+0000] {dag.py:3089} INFO - Sync 1 DAGs
[2026-02-14T09:09:31.376+0000] {logging_mixin.py:188} INFO - [2026-02-14T09:09:31.376+0000] {dag.py:3947} INFO - Setting next_dagrun for product_price_pipeline to 2026-02-14 00:00:00+00:00, run_after=2026-02-15 00:00:00+00:00
[2026-02-14T09:09:31.426+0000] {processor.py:183} INFO - Processing /opt/airflow/dags/product_pipeline_dag.py took 0.221 seconds
[2026-02-14T09:10:06.317+0000] {processor.py:161} INFO - Started process (PID=12431) to work on /opt/airflow/dags/product_pipeline_dag.py
[2026-02-14T09:10:06.320+0000] {processor.py:830} INFO - Processing file /opt/airflow/dags/product_pipeline_dag.py for tasks to queue
[2026-02-14T09:10:06.328+0000] {logging_mixin.py:188} INFO - [2026-02-14T09:10:06.327+0000] {dagbag.py:545} INFO - Filling up the DagBag from /opt/airflow/dags/product_pipeline_dag.py
[2026-02-14T09:10:06.391+0000] {processor.py:840} INFO - DAG(s) 'product_price_pipeline' retrieved from /opt/airflow/dags/product_pipeline_dag.py
[2026-02-14T09:10:06.443+0000] {logging_mixin.py:188} INFO - [2026-02-14T09:10:06.442+0000] {dag.py:3089} INFO - Sync 1 DAGs
[2026-02-14T09:10:06.488+0000] {logging_mixin.py:188} INFO - [2026-02-14T09:10:06.488+0000] {dag.py:3947} INFO - Setting next_dagrun for product_price_pipeline to 2026-02-14 00:00:00+00:00, run_after=2026-02-15 00:00:00+00:00
[2026-02-14T09:10:06.541+0000] {processor.py:183} INFO - Processing /opt/airflow/dags/product_pipeline_dag.py took 0.238 seconds
[2026-02-14T09:10:38.259+0000] {processor.py:161} INFO - Started process (PID=12460) to work on /opt/airflow/dags/product_pipeline_dag.py
[2026-02-14T09:10:38.261+0000] {processor.py:830} INFO - Processing file /opt/airflow/dags/product_pipeline_dag.py for tasks to queue
[2026-02-14T09:10:38.265+0000] {logging_mixin.py:188} INFO - [2026-02-14T09:10:38.264+0000] {dagbag.py:545} INFO - Filling up the DagBag from /opt/airflow/dags/product_pipeline_dag.py
[2026-02-14T09:10:38.324+0000] {processor.py:840} INFO - DAG(s) 'product_price_pipeline' retrieved from /opt/airflow/dags/product_pipeline_dag.py
[2026-02-14T09:10:38.381+0000] {logging_mixin.py:188} INFO - [2026-02-14T09:10:38.381+0000] {dag.py:3089} INFO - Sync 1 DAGs
[2026-02-14T09:10:38.419+0000] {logging_mixin.py:188} INFO - [2026-02-14T09:10:38.418+0000] {dag.py:3947} INFO - Setting next_dagrun for product_price_pipeline to 2026-02-14 00:00:00+00:00, run_after=2026-02-15 00:00:00+00:00
[2026-02-14T09:10:38.471+0000] {processor.py:183} INFO - Processing /opt/airflow/dags/product_pipeline_dag.py took 0.225 seconds
[2026-02-14T09:11:11.638+0000] {processor.py:161} INFO - Started process (PID=12489) to work on /opt/airflow/dags/product_pipeline_dag.py
[2026-02-14T09:11:11.641+0000] {processor.py:830} INFO - Processing file /opt/airflow/dags/product_pipeline_dag.py for tasks to queue
[2026-02-14T09:11:11.644+0000] {logging_mixin.py:188} INFO - [2026-02-14T09:11:11.644+0000] {dagbag.py:545} INFO - Filling up the DagBag from /opt/airflow/dags/product_pipeline_dag.py
[2026-02-14T09:11:11.700+0000] {processor.py:840} INFO - DAG(s) 'product_price_pipeline' retrieved from /opt/airflow/dags/product_pipeline_dag.py
[2026-02-14T09:11:11.765+0000] {logging_mixin.py:188} INFO - [2026-02-14T09:11:11.765+0000] {dag.py:3089} INFO - Sync 1 DAGs
[2026-02-14T09:11:11.815+0000] {logging_mixin.py:188} INFO - [2026-02-14T09:11:11.815+0000] {dag.py:3947} INFO - Setting next_dagrun for product_price_pipeline to 2026-02-14 00:00:00+00:00, run_after=2026-02-15 00:00:00+00:00
[2026-02-14T09:11:11.881+0000] {processor.py:183} INFO - Processing /opt/airflow/dags/product_pipeline_dag.py took 0.255 seconds
[2026-02-14T09:11:45.086+0000] {processor.py:161} INFO - Started process (PID=12518) to work on /opt/airflow/dags/product_pipeline_dag.py
[2026-02-14T09:11:45.090+0000] {processor.py:830} INFO - Processing file /opt/airflow/dags/product_pipeline_dag.py for tasks to queue
[2026-02-14T09:11:45.095+0000] {logging_mixin.py:188} INFO - [2026-02-14T09:11:45.094+0000] {dagbag.py:545} INFO - Filling up the DagBag from /opt/airflow/dags/product_pipeline_dag.py
[2026-02-14T09:11:45.192+0000] {processor.py:840} INFO - DAG(s) 'product_price_pipeline' retrieved from /opt/airflow/dags/product_pipeline_dag.py
[2026-02-14T09:11:45.279+0000] {logging_mixin.py:188} INFO - [2026-02-14T09:11:45.279+0000] {dag.py:3089} INFO - Sync 1 DAGs
[2026-02-14T09:11:45.337+0000] {logging_mixin.py:188} INFO - [2026-02-14T09:11:45.337+0000] {dag.py:3947} INFO - Setting next_dagrun for product_price_pipeline to 2026-02-14 00:00:00+00:00, run_after=2026-02-15 00:00:00+00:00
[2026-02-14T09:11:45.409+0000] {processor.py:183} INFO - Processing /opt/airflow/dags/product_pipeline_dag.py took 0.333 seconds
[2026-02-14T09:12:17.088+0000] {processor.py:161} INFO - Started process (PID=12547) to work on /opt/airflow/dags/product_pipeline_dag.py
[2026-02-14T09:12:17.092+0000] {processor.py:830} INFO - Processing file /opt/airflow/dags/product_pipeline_dag.py for tasks to queue
[2026-02-14T09:12:17.096+0000] {logging_mixin.py:188} INFO - [2026-02-14T09:12:17.095+0000] {dagbag.py:545} INFO - Filling up the DagBag from /opt/airflow/dags/product_pipeline_dag.py
[2026-02-14T09:12:17.162+0000] {processor.py:840} INFO - DAG(s) 'product_price_pipeline' retrieved from /opt/airflow/dags/product_pipeline_dag.py
[2026-02-14T09:12:17.222+0000] {logging_mixin.py:188} INFO - [2026-02-14T09:12:17.222+0000] {dag.py:3089} INFO - Sync 1 DAGs
[2026-02-14T09:12:17.256+0000] {logging_mixin.py:188} INFO - [2026-02-14T09:12:17.255+0000] {dag.py:3947} INFO - Setting next_dagrun for product_price_pipeline to 2026-02-14 00:00:00+00:00, run_after=2026-02-15 00:00:00+00:00
[2026-02-14T09:12:17.298+0000] {processor.py:183} INFO - Processing /opt/airflow/dags/product_pipeline_dag.py took 0.220 seconds
[2026-02-14T09:12:50.051+0000] {processor.py:161} INFO - Started process (PID=12576) to work on /opt/airflow/dags/product_pipeline_dag.py
[2026-02-14T09:12:50.053+0000] {processor.py:830} INFO - Processing file /opt/airflow/dags/product_pipeline_dag.py for tasks to queue
[2026-02-14T09:12:50.058+0000] {logging_mixin.py:188} INFO - [2026-02-14T09:12:50.056+0000] {dagbag.py:545} INFO - Filling up the DagBag from /opt/airflow/dags/product_pipeline_dag.py
[2026-02-14T09:12:50.107+0000] {processor.py:840} INFO - DAG(s) 'product_price_pipeline' retrieved from /opt/airflow/dags/product_pipeline_dag.py
[2026-02-14T09:12:50.161+0000] {logging_mixin.py:188} INFO - [2026-02-14T09:12:50.160+0000] {dag.py:3089} INFO - Sync 1 DAGs
[2026-02-14T09:12:50.192+0000] {logging_mixin.py:188} INFO - [2026-02-14T09:12:50.192+0000] {dag.py:3947} INFO - Setting next_dagrun for product_price_pipeline to 2026-02-14 00:00:00+00:00, run_after=2026-02-15 00:00:00+00:00
[2026-02-14T09:12:50.236+0000] {processor.py:183} INFO - Processing /opt/airflow/dags/product_pipeline_dag.py took 0.197 seconds
[2026-02-14T09:13:23.185+0000] {processor.py:161} INFO - Started process (PID=12605) to work on /opt/airflow/dags/product_pipeline_dag.py
[2026-02-14T09:13:23.187+0000] {processor.py:830} INFO - Processing file /opt/airflow/dags/product_pipeline_dag.py for tasks to queue
[2026-02-14T09:13:23.194+0000] {logging_mixin.py:188} INFO - [2026-02-14T09:13:23.193+0000] {dagbag.py:545} INFO - Filling up the DagBag from /opt/airflow/dags/product_pipeline_dag.py
[2026-02-14T09:13:23.257+0000] {processor.py:840} INFO - DAG(s) 'product_price_pipeline' retrieved from /opt/airflow/dags/product_pipeline_dag.py
[2026-02-14T09:13:23.311+0000] {logging_mixin.py:188} INFO - [2026-02-14T09:13:23.311+0000] {dag.py:3089} INFO - Sync 1 DAGs
[2026-02-14T09:13:23.345+0000] {logging_mixin.py:188} INFO - [2026-02-14T09:13:23.345+0000] {dag.py:3947} INFO - Setting next_dagrun for product_price_pipeline to 2026-02-14 00:00:00+00:00, run_after=2026-02-15 00:00:00+00:00
[2026-02-14T09:13:23.385+0000] {processor.py:183} INFO - Processing /opt/airflow/dags/product_pipeline_dag.py took 0.209 seconds
[2026-02-14T09:13:57.190+0000] {processor.py:161} INFO - Started process (PID=12636) to work on /opt/airflow/dags/product_pipeline_dag.py
[2026-02-14T09:13:57.198+0000] {processor.py:830} INFO - Processing file /opt/airflow/dags/product_pipeline_dag.py for tasks to queue
[2026-02-14T09:13:57.206+0000] {logging_mixin.py:188} INFO - [2026-02-14T09:13:57.205+0000] {dagbag.py:545} INFO - Filling up the DagBag from /opt/airflow/dags/product_pipeline_dag.py
[2026-02-14T09:13:57.266+0000] {processor.py:840} INFO - DAG(s) 'product_price_pipeline' retrieved from /opt/airflow/dags/product_pipeline_dag.py
[2026-02-14T09:13:57.348+0000] {logging_mixin.py:188} INFO - [2026-02-14T09:13:57.348+0000] {dag.py:3089} INFO - Sync 1 DAGs
[2026-02-14T09:13:57.428+0000] {logging_mixin.py:188} INFO - [2026-02-14T09:13:57.424+0000] {dag.py:3947} INFO - Setting next_dagrun for product_price_pipeline to 2026-02-14 00:00:00+00:00, run_after=2026-02-15 00:00:00+00:00
[2026-02-14T09:13:57.496+0000] {processor.py:183} INFO - Processing /opt/airflow/dags/product_pipeline_dag.py took 0.321 seconds
[2026-02-14T09:14:31.042+0000] {processor.py:161} INFO - Started process (PID=12663) to work on /opt/airflow/dags/product_pipeline_dag.py
[2026-02-14T09:14:31.045+0000] {processor.py:830} INFO - Processing file /opt/airflow/dags/product_pipeline_dag.py for tasks to queue
[2026-02-14T09:14:31.048+0000] {logging_mixin.py:188} INFO - [2026-02-14T09:14:31.047+0000] {dagbag.py:545} INFO - Filling up the DagBag from /opt/airflow/dags/product_pipeline_dag.py
[2026-02-14T09:14:31.119+0000] {processor.py:840} INFO - DAG(s) 'product_price_pipeline' retrieved from /opt/airflow/dags/product_pipeline_dag.py
[2026-02-14T09:14:31.211+0000] {logging_mixin.py:188} INFO - [2026-02-14T09:14:31.210+0000] {dag.py:3089} INFO - Sync 1 DAGs
[2026-02-14T09:14:31.261+0000] {logging_mixin.py:188} INFO - [2026-02-14T09:14:31.260+0000] {dag.py:3947} INFO - Setting next_dagrun for product_price_pipeline to 2026-02-14 00:00:00+00:00, run_after=2026-02-15 00:00:00+00:00
[2026-02-14T09:14:31.325+0000] {processor.py:183} INFO - Processing /opt/airflow/dags/product_pipeline_dag.py took 0.297 seconds
[2026-02-14T09:15:03.411+0000] {processor.py:161} INFO - Started process (PID=12692) to work on /opt/airflow/dags/product_pipeline_dag.py
[2026-02-14T09:15:03.416+0000] {processor.py:830} INFO - Processing file /opt/airflow/dags/product_pipeline_dag.py for tasks to queue
[2026-02-14T09:15:03.424+0000] {logging_mixin.py:188} INFO - [2026-02-14T09:15:03.423+0000] {dagbag.py:545} INFO - Filling up the DagBag from /opt/airflow/dags/product_pipeline_dag.py
[2026-02-14T09:15:03.495+0000] {processor.py:840} INFO - DAG(s) 'product_price_pipeline' retrieved from /opt/airflow/dags/product_pipeline_dag.py
[2026-02-14T09:15:03.577+0000] {logging_mixin.py:188} INFO - [2026-02-14T09:15:03.577+0000] {dag.py:3089} INFO - Sync 1 DAGs
[2026-02-14T09:15:03.630+0000] {logging_mixin.py:188} INFO - [2026-02-14T09:15:03.630+0000] {dag.py:3947} INFO - Setting next_dagrun for product_price_pipeline to 2026-02-14 00:00:00+00:00, run_after=2026-02-15 00:00:00+00:00
[2026-02-14T09:15:03.670+0000] {processor.py:183} INFO - Processing /opt/airflow/dags/product_pipeline_dag.py took 0.278 seconds
[2026-02-14T09:15:39.845+0000] {processor.py:161} INFO - Started process (PID=12721) to work on /opt/airflow/dags/product_pipeline_dag.py
[2026-02-14T09:15:39.849+0000] {processor.py:830} INFO - Processing file /opt/airflow/dags/product_pipeline_dag.py for tasks to queue
[2026-02-14T09:15:39.865+0000] {logging_mixin.py:188} INFO - [2026-02-14T09:15:39.863+0000] {dagbag.py:545} INFO - Filling up the DagBag from /opt/airflow/dags/product_pipeline_dag.py
[2026-02-14T09:15:39.989+0000] {processor.py:840} INFO - DAG(s) 'product_price_pipeline' retrieved from /opt/airflow/dags/product_pipeline_dag.py
[2026-02-14T09:15:40.132+0000] {logging_mixin.py:188} INFO - [2026-02-14T09:15:40.132+0000] {dag.py:3089} INFO - Sync 1 DAGs
[2026-02-14T09:15:40.221+0000] {logging_mixin.py:188} INFO - [2026-02-14T09:15:40.221+0000] {dag.py:3947} INFO - Setting next_dagrun for product_price_pipeline to 2026-02-14 00:00:00+00:00, run_after=2026-02-15 00:00:00+00:00
[2026-02-14T09:15:40.281+0000] {processor.py:183} INFO - Processing /opt/airflow/dags/product_pipeline_dag.py took 0.453 seconds
[2026-02-14T09:16:11.358+0000] {processor.py:161} INFO - Started process (PID=12750) to work on /opt/airflow/dags/product_pipeline_dag.py
[2026-02-14T09:16:11.360+0000] {processor.py:830} INFO - Processing file /opt/airflow/dags/product_pipeline_dag.py for tasks to queue
[2026-02-14T09:16:11.364+0000] {logging_mixin.py:188} INFO - [2026-02-14T09:16:11.363+0000] {dagbag.py:545} INFO - Filling up the DagBag from /opt/airflow/dags/product_pipeline_dag.py
[2026-02-14T09:16:11.436+0000] {processor.py:840} INFO - DAG(s) 'product_price_pipeline' retrieved from /opt/airflow/dags/product_pipeline_dag.py
[2026-02-14T09:16:11.507+0000] {logging_mixin.py:188} INFO - [2026-02-14T09:16:11.507+0000] {dag.py:3089} INFO - Sync 1 DAGs
[2026-02-14T09:16:11.571+0000] {logging_mixin.py:188} INFO - [2026-02-14T09:16:11.571+0000] {dag.py:3947} INFO - Setting next_dagrun for product_price_pipeline to 2026-02-14 00:00:00+00:00, run_after=2026-02-15 00:00:00+00:00
[2026-02-14T09:16:11.631+0000] {processor.py:183} INFO - Processing /opt/airflow/dags/product_pipeline_dag.py took 0.285 seconds
[2026-02-14T09:16:42.993+0000] {processor.py:161} INFO - Started process (PID=12779) to work on /opt/airflow/dags/product_pipeline_dag.py
[2026-02-14T09:16:42.995+0000] {processor.py:830} INFO - Processing file /opt/airflow/dags/product_pipeline_dag.py for tasks to queue
[2026-02-14T09:16:42.999+0000] {logging_mixin.py:188} INFO - [2026-02-14T09:16:42.998+0000] {dagbag.py:545} INFO - Filling up the DagBag from /opt/airflow/dags/product_pipeline_dag.py
[2026-02-14T09:16:43.056+0000] {processor.py:840} INFO - DAG(s) 'product_price_pipeline' retrieved from /opt/airflow/dags/product_pipeline_dag.py
[2026-02-14T09:16:43.135+0000] {logging_mixin.py:188} INFO - [2026-02-14T09:16:43.135+0000] {dag.py:3089} INFO - Sync 1 DAGs
[2026-02-14T09:16:43.194+0000] {logging_mixin.py:188} INFO - [2026-02-14T09:16:43.193+0000] {dag.py:3947} INFO - Setting next_dagrun for product_price_pipeline to 2026-02-14 00:00:00+00:00, run_after=2026-02-15 00:00:00+00:00
[2026-02-14T09:16:43.270+0000] {processor.py:183} INFO - Processing /opt/airflow/dags/product_pipeline_dag.py took 0.290 seconds
[2026-02-14T09:17:16.729+0000] {processor.py:161} INFO - Started process (PID=12808) to work on /opt/airflow/dags/product_pipeline_dag.py
[2026-02-14T09:17:16.732+0000] {processor.py:830} INFO - Processing file /opt/airflow/dags/product_pipeline_dag.py for tasks to queue
[2026-02-14T09:17:16.743+0000] {logging_mixin.py:188} INFO - [2026-02-14T09:17:16.742+0000] {dagbag.py:545} INFO - Filling up the DagBag from /opt/airflow/dags/product_pipeline_dag.py
[2026-02-14T09:17:16.807+0000] {processor.py:840} INFO - DAG(s) 'product_price_pipeline' retrieved from /opt/airflow/dags/product_pipeline_dag.py
[2026-02-14T09:17:16.862+0000] {logging_mixin.py:188} INFO - [2026-02-14T09:17:16.861+0000] {dag.py:3089} INFO - Sync 1 DAGs
[2026-02-14T09:17:16.905+0000] {logging_mixin.py:188} INFO - [2026-02-14T09:17:16.904+0000] {dag.py:3947} INFO - Setting next_dagrun for product_price_pipeline to 2026-02-14 00:00:00+00:00, run_after=2026-02-15 00:00:00+00:00
[2026-02-14T09:17:16.960+0000] {processor.py:183} INFO - Processing /opt/airflow/dags/product_pipeline_dag.py took 0.242 seconds
[2026-02-14T09:17:49.565+0000] {processor.py:161} INFO - Started process (PID=12837) to work on /opt/airflow/dags/product_pipeline_dag.py
[2026-02-14T09:17:49.568+0000] {processor.py:830} INFO - Processing file /opt/airflow/dags/product_pipeline_dag.py for tasks to queue
[2026-02-14T09:17:49.574+0000] {logging_mixin.py:188} INFO - [2026-02-14T09:17:49.573+0000] {dagbag.py:545} INFO - Filling up the DagBag from /opt/airflow/dags/product_pipeline_dag.py
[2026-02-14T09:17:49.646+0000] {processor.py:840} INFO - DAG(s) 'product_price_pipeline' retrieved from /opt/airflow/dags/product_pipeline_dag.py
[2026-02-14T09:17:49.736+0000] {logging_mixin.py:188} INFO - [2026-02-14T09:17:49.735+0000] {dag.py:3089} INFO - Sync 1 DAGs
[2026-02-14T09:17:49.786+0000] {logging_mixin.py:188} INFO - [2026-02-14T09:17:49.785+0000] {dag.py:3947} INFO - Setting next_dagrun for product_price_pipeline to 2026-02-14 00:00:00+00:00, run_after=2026-02-15 00:00:00+00:00
[2026-02-14T09:17:49.834+0000] {processor.py:183} INFO - Processing /opt/airflow/dags/product_pipeline_dag.py took 0.284 seconds
[2026-02-14T09:18:22.904+0000] {processor.py:161} INFO - Started process (PID=12866) to work on /opt/airflow/dags/product_pipeline_dag.py
[2026-02-14T09:18:22.908+0000] {processor.py:830} INFO - Processing file /opt/airflow/dags/product_pipeline_dag.py for tasks to queue
[2026-02-14T09:18:22.913+0000] {logging_mixin.py:188} INFO - [2026-02-14T09:18:22.912+0000] {dagbag.py:545} INFO - Filling up the DagBag from /opt/airflow/dags/product_pipeline_dag.py
[2026-02-14T09:18:22.980+0000] {processor.py:840} INFO - DAG(s) 'product_price_pipeline' retrieved from /opt/airflow/dags/product_pipeline_dag.py
[2026-02-14T09:18:23.038+0000] {logging_mixin.py:188} INFO - [2026-02-14T09:18:23.038+0000] {dag.py:3089} INFO - Sync 1 DAGs
[2026-02-14T09:18:23.084+0000] {logging_mixin.py:188} INFO - [2026-02-14T09:18:23.084+0000] {dag.py:3947} INFO - Setting next_dagrun for product_price_pipeline to 2026-02-14 00:00:00+00:00, run_after=2026-02-15 00:00:00+00:00
[2026-02-14T09:18:23.135+0000] {processor.py:183} INFO - Processing /opt/airflow/dags/product_pipeline_dag.py took 0.251 seconds
[2026-02-14T09:18:55.715+0000] {processor.py:161} INFO - Started process (PID=12895) to work on /opt/airflow/dags/product_pipeline_dag.py
[2026-02-14T09:18:55.718+0000] {processor.py:830} INFO - Processing file /opt/airflow/dags/product_pipeline_dag.py for tasks to queue
[2026-02-14T09:18:55.724+0000] {logging_mixin.py:188} INFO - [2026-02-14T09:18:55.722+0000] {dagbag.py:545} INFO - Filling up the DagBag from /opt/airflow/dags/product_pipeline_dag.py
[2026-02-14T09:18:55.781+0000] {processor.py:840} INFO - DAG(s) 'product_price_pipeline' retrieved from /opt/airflow/dags/product_pipeline_dag.py
[2026-02-14T09:18:55.871+0000] {logging_mixin.py:188} INFO - [2026-02-14T09:18:55.870+0000] {dag.py:3089} INFO - Sync 1 DAGs
[2026-02-14T09:18:55.914+0000] {logging_mixin.py:188} INFO - [2026-02-14T09:18:55.913+0000] {dag.py:3947} INFO - Setting next_dagrun for product_price_pipeline to 2026-02-14 00:00:00+00:00, run_after=2026-02-15 00:00:00+00:00
[2026-02-14T09:18:55.966+0000] {processor.py:183} INFO - Processing /opt/airflow/dags/product_pipeline_dag.py took 0.261 seconds
[2026-02-14T09:19:28.756+0000] {processor.py:161} INFO - Started process (PID=12924) to work on /opt/airflow/dags/product_pipeline_dag.py
[2026-02-14T09:19:28.759+0000] {processor.py:830} INFO - Processing file /opt/airflow/dags/product_pipeline_dag.py for tasks to queue
[2026-02-14T09:19:28.763+0000] {logging_mixin.py:188} INFO - [2026-02-14T09:19:28.763+0000] {dagbag.py:545} INFO - Filling up the DagBag from /opt/airflow/dags/product_pipeline_dag.py
[2026-02-14T09:19:28.823+0000] {processor.py:840} INFO - DAG(s) 'product_price_pipeline' retrieved from /opt/airflow/dags/product_pipeline_dag.py
[2026-02-14T09:19:28.887+0000] {logging_mixin.py:188} INFO - [2026-02-14T09:19:28.886+0000] {dag.py:3089} INFO - Sync 1 DAGs
[2026-02-14T09:19:28.924+0000] {logging_mixin.py:188} INFO - [2026-02-14T09:19:28.923+0000] {dag.py:3947} INFO - Setting next_dagrun for product_price_pipeline to 2026-02-14 00:00:00+00:00, run_after=2026-02-15 00:00:00+00:00
[2026-02-14T09:19:28.966+0000] {processor.py:183} INFO - Processing /opt/airflow/dags/product_pipeline_dag.py took 0.224 seconds
[2026-02-14T09:20:02.371+0000] {processor.py:161} INFO - Started process (PID=12953) to work on /opt/airflow/dags/product_pipeline_dag.py
[2026-02-14T09:20:02.374+0000] {processor.py:830} INFO - Processing file /opt/airflow/dags/product_pipeline_dag.py for tasks to queue
[2026-02-14T09:20:02.378+0000] {logging_mixin.py:188} INFO - [2026-02-14T09:20:02.377+0000] {dagbag.py:545} INFO - Filling up the DagBag from /opt/airflow/dags/product_pipeline_dag.py
[2026-02-14T09:20:02.443+0000] {processor.py:840} INFO - DAG(s) 'product_price_pipeline' retrieved from /opt/airflow/dags/product_pipeline_dag.py
[2026-02-14T09:20:02.527+0000] {logging_mixin.py:188} INFO - [2026-02-14T09:20:02.526+0000] {dag.py:3089} INFO - Sync 1 DAGs
[2026-02-14T09:20:02.575+0000] {logging_mixin.py:188} INFO - [2026-02-14T09:20:02.575+0000] {dag.py:3947} INFO - Setting next_dagrun for product_price_pipeline to 2026-02-14 00:00:00+00:00, run_after=2026-02-15 00:00:00+00:00
[2026-02-14T09:20:02.628+0000] {processor.py:183} INFO - Processing /opt/airflow/dags/product_pipeline_dag.py took 0.271 seconds
[2026-02-14T09:20:35.521+0000] {processor.py:161} INFO - Started process (PID=12982) to work on /opt/airflow/dags/product_pipeline_dag.py
[2026-02-14T09:20:35.525+0000] {processor.py:830} INFO - Processing file /opt/airflow/dags/product_pipeline_dag.py for tasks to queue
[2026-02-14T09:20:35.530+0000] {logging_mixin.py:188} INFO - [2026-02-14T09:20:35.529+0000] {dagbag.py:545} INFO - Filling up the DagBag from /opt/airflow/dags/product_pipeline_dag.py
[2026-02-14T09:20:35.588+0000] {processor.py:840} INFO - DAG(s) 'product_price_pipeline' retrieved from /opt/airflow/dags/product_pipeline_dag.py
[2026-02-14T09:20:35.643+0000] {logging_mixin.py:188} INFO - [2026-02-14T09:20:35.643+0000] {dag.py:3089} INFO - Sync 1 DAGs
[2026-02-14T09:20:35.683+0000] {logging_mixin.py:188} INFO - [2026-02-14T09:20:35.683+0000] {dag.py:3947} INFO - Setting next_dagrun for product_price_pipeline to 2026-02-14 00:00:00+00:00, run_after=2026-02-15 00:00:00+00:00
[2026-02-14T09:20:35.736+0000] {processor.py:183} INFO - Processing /opt/airflow/dags/product_pipeline_dag.py took 0.229 seconds
[2026-02-14T09:21:08.675+0000] {processor.py:161} INFO - Started process (PID=13011) to work on /opt/airflow/dags/product_pipeline_dag.py
[2026-02-14T09:21:08.679+0000] {processor.py:830} INFO - Processing file /opt/airflow/dags/product_pipeline_dag.py for tasks to queue
[2026-02-14T09:21:08.684+0000] {logging_mixin.py:188} INFO - [2026-02-14T09:21:08.684+0000] {dagbag.py:545} INFO - Filling up the DagBag from /opt/airflow/dags/product_pipeline_dag.py
[2026-02-14T09:21:08.757+0000] {processor.py:840} INFO - DAG(s) 'product_price_pipeline' retrieved from /opt/airflow/dags/product_pipeline_dag.py
[2026-02-14T09:21:08.843+0000] {logging_mixin.py:188} INFO - [2026-02-14T09:21:08.842+0000] {dag.py:3089} INFO - Sync 1 DAGs
[2026-02-14T09:21:08.892+0000] {logging_mixin.py:188} INFO - [2026-02-14T09:21:08.891+0000] {dag.py:3947} INFO - Setting next_dagrun for product_price_pipeline to 2026-02-14 00:00:00+00:00, run_after=2026-02-15 00:00:00+00:00
[2026-02-14T09:21:08.946+0000] {processor.py:183} INFO - Processing /opt/airflow/dags/product_pipeline_dag.py took 0.280 seconds
[2026-02-14T09:21:41.804+0000] {processor.py:161} INFO - Started process (PID=13040) to work on /opt/airflow/dags/product_pipeline_dag.py
[2026-02-14T09:21:41.814+0000] {processor.py:830} INFO - Processing file /opt/airflow/dags/product_pipeline_dag.py for tasks to queue
[2026-02-14T09:21:41.817+0000] {logging_mixin.py:188} INFO - [2026-02-14T09:21:41.817+0000] {dagbag.py:545} INFO - Filling up the DagBag from /opt/airflow/dags/product_pipeline_dag.py
[2026-02-14T09:21:41.904+0000] {processor.py:840} INFO - DAG(s) 'product_price_pipeline' retrieved from /opt/airflow/dags/product_pipeline_dag.py
[2026-02-14T09:21:41.992+0000] {logging_mixin.py:188} INFO - [2026-02-14T09:21:41.991+0000] {dag.py:3089} INFO - Sync 1 DAGs
[2026-02-14T09:21:42.032+0000] {logging_mixin.py:188} INFO - [2026-02-14T09:21:42.032+0000] {dag.py:3947} INFO - Setting next_dagrun for product_price_pipeline to 2026-02-14 00:00:00+00:00, run_after=2026-02-15 00:00:00+00:00
[2026-02-14T09:21:42.087+0000] {processor.py:183} INFO - Processing /opt/airflow/dags/product_pipeline_dag.py took 0.292 seconds
[2026-02-14T09:22:15.350+0000] {processor.py:161} INFO - Started process (PID=13069) to work on /opt/airflow/dags/product_pipeline_dag.py
[2026-02-14T09:22:15.353+0000] {processor.py:830} INFO - Processing file /opt/airflow/dags/product_pipeline_dag.py for tasks to queue
[2026-02-14T09:22:15.358+0000] {logging_mixin.py:188} INFO - [2026-02-14T09:22:15.357+0000] {dagbag.py:545} INFO - Filling up the DagBag from /opt/airflow/dags/product_pipeline_dag.py
[2026-02-14T09:22:15.453+0000] {processor.py:840} INFO - DAG(s) 'product_price_pipeline' retrieved from /opt/airflow/dags/product_pipeline_dag.py
[2026-02-14T09:22:15.518+0000] {logging_mixin.py:188} INFO - [2026-02-14T09:22:15.518+0000] {dag.py:3089} INFO - Sync 1 DAGs
[2026-02-14T09:22:15.554+0000] {logging_mixin.py:188} INFO - [2026-02-14T09:22:15.553+0000] {dag.py:3947} INFO - Setting next_dagrun for product_price_pipeline to 2026-02-14 00:00:00+00:00, run_after=2026-02-15 00:00:00+00:00
[2026-02-14T09:22:15.589+0000] {processor.py:183} INFO - Processing /opt/airflow/dags/product_pipeline_dag.py took 0.248 seconds
[2026-02-14T09:22:48.678+0000] {processor.py:161} INFO - Started process (PID=13098) to work on /opt/airflow/dags/product_pipeline_dag.py
[2026-02-14T09:22:48.680+0000] {processor.py:830} INFO - Processing file /opt/airflow/dags/product_pipeline_dag.py for tasks to queue
[2026-02-14T09:22:48.686+0000] {logging_mixin.py:188} INFO - [2026-02-14T09:22:48.685+0000] {dagbag.py:545} INFO - Filling up the DagBag from /opt/airflow/dags/product_pipeline_dag.py
[2026-02-14T09:22:48.748+0000] {processor.py:840} INFO - DAG(s) 'product_price_pipeline' retrieved from /opt/airflow/dags/product_pipeline_dag.py
[2026-02-14T09:22:48.820+0000] {logging_mixin.py:188} INFO - [2026-02-14T09:22:48.820+0000] {dag.py:3089} INFO - Sync 1 DAGs
[2026-02-14T09:22:48.883+0000] {logging_mixin.py:188} INFO - [2026-02-14T09:22:48.882+0000] {dag.py:3947} INFO - Setting next_dagrun for product_price_pipeline to 2026-02-14 00:00:00+00:00, run_after=2026-02-15 00:00:00+00:00
[2026-02-14T09:22:48.928+0000] {processor.py:183} INFO - Processing /opt/airflow/dags/product_pipeline_dag.py took 0.264 seconds
[2026-02-14T09:23:20.567+0000] {processor.py:161} INFO - Started process (PID=13127) to work on /opt/airflow/dags/product_pipeline_dag.py
[2026-02-14T09:23:20.570+0000] {processor.py:830} INFO - Processing file /opt/airflow/dags/product_pipeline_dag.py for tasks to queue
[2026-02-14T09:23:20.576+0000] {logging_mixin.py:188} INFO - [2026-02-14T09:23:20.575+0000] {dagbag.py:545} INFO - Filling up the DagBag from /opt/airflow/dags/product_pipeline_dag.py
[2026-02-14T09:23:20.635+0000] {processor.py:840} INFO - DAG(s) 'product_price_pipeline' retrieved from /opt/airflow/dags/product_pipeline_dag.py
[2026-02-14T09:23:20.701+0000] {logging_mixin.py:188} INFO - [2026-02-14T09:23:20.701+0000] {dag.py:3089} INFO - Sync 1 DAGs
[2026-02-14T09:23:20.748+0000] {logging_mixin.py:188} INFO - [2026-02-14T09:23:20.748+0000] {dag.py:3947} INFO - Setting next_dagrun for product_price_pipeline to 2026-02-14 00:00:00+00:00, run_after=2026-02-15 00:00:00+00:00
[2026-02-14T09:23:20.803+0000] {processor.py:183} INFO - Processing /opt/airflow/dags/product_pipeline_dag.py took 0.248 seconds
[2026-02-14T09:23:54.529+0000] {processor.py:161} INFO - Started process (PID=13156) to work on /opt/airflow/dags/product_pipeline_dag.py
[2026-02-14T09:23:54.533+0000] {processor.py:830} INFO - Processing file /opt/airflow/dags/product_pipeline_dag.py for tasks to queue
[2026-02-14T09:23:54.538+0000] {logging_mixin.py:188} INFO - [2026-02-14T09:23:54.537+0000] {dagbag.py:545} INFO - Filling up the DagBag from /opt/airflow/dags/product_pipeline_dag.py
[2026-02-14T09:23:54.594+0000] {processor.py:840} INFO - DAG(s) 'product_price_pipeline' retrieved from /opt/airflow/dags/product_pipeline_dag.py
[2026-02-14T09:23:54.671+0000] {logging_mixin.py:188} INFO - [2026-02-14T09:23:54.670+0000] {dag.py:3089} INFO - Sync 1 DAGs
[2026-02-14T09:23:54.718+0000] {logging_mixin.py:188} INFO - [2026-02-14T09:23:54.717+0000] {dag.py:3947} INFO - Setting next_dagrun for product_price_pipeline to 2026-02-14 00:00:00+00:00, run_after=2026-02-15 00:00:00+00:00
[2026-02-14T09:23:54.773+0000] {processor.py:183} INFO - Processing /opt/airflow/dags/product_pipeline_dag.py took 0.256 seconds
[2026-02-14T09:24:28.919+0000] {processor.py:161} INFO - Started process (PID=13187) to work on /opt/airflow/dags/product_pipeline_dag.py
[2026-02-14T09:24:28.922+0000] {processor.py:830} INFO - Processing file /opt/airflow/dags/product_pipeline_dag.py for tasks to queue
[2026-02-14T09:24:28.931+0000] {logging_mixin.py:188} INFO - [2026-02-14T09:24:28.930+0000] {dagbag.py:545} INFO - Filling up the DagBag from /opt/airflow/dags/product_pipeline_dag.py
[2026-02-14T09:24:29.008+0000] {processor.py:840} INFO - DAG(s) 'product_price_pipeline' retrieved from /opt/airflow/dags/product_pipeline_dag.py
[2026-02-14T09:24:29.063+0000] {logging_mixin.py:188} INFO - [2026-02-14T09:24:29.062+0000] {dag.py:3089} INFO - Sync 1 DAGs
[2026-02-14T09:24:29.106+0000] {logging_mixin.py:188} INFO - [2026-02-14T09:24:29.106+0000] {dag.py:3947} INFO - Setting next_dagrun for product_price_pipeline to 2026-02-14 00:00:00+00:00, run_after=2026-02-15 00:00:00+00:00
[2026-02-14T09:24:29.153+0000] {processor.py:183} INFO - Processing /opt/airflow/dags/product_pipeline_dag.py took 0.248 seconds
[2026-02-14T09:25:00.873+0000] {processor.py:161} INFO - Started process (PID=13216) to work on /opt/airflow/dags/product_pipeline_dag.py
[2026-02-14T09:25:00.876+0000] {processor.py:830} INFO - Processing file /opt/airflow/dags/product_pipeline_dag.py for tasks to queue
[2026-02-14T09:25:00.885+0000] {logging_mixin.py:188} INFO - [2026-02-14T09:25:00.884+0000] {dagbag.py:545} INFO - Filling up the DagBag from /opt/airflow/dags/product_pipeline_dag.py
[2026-02-14T09:25:00.964+0000] {processor.py:840} INFO - DAG(s) 'product_price_pipeline' retrieved from /opt/airflow/dags/product_pipeline_dag.py
[2026-02-14T09:25:01.025+0000] {logging_mixin.py:188} INFO - [2026-02-14T09:25:01.024+0000] {dag.py:3089} INFO - Sync 1 DAGs
[2026-02-14T09:25:01.074+0000] {logging_mixin.py:188} INFO - [2026-02-14T09:25:01.072+0000] {dag.py:3947} INFO - Setting next_dagrun for product_price_pipeline to 2026-02-14 00:00:00+00:00, run_after=2026-02-15 00:00:00+00:00
[2026-02-14T09:25:01.122+0000] {processor.py:183} INFO - Processing /opt/airflow/dags/product_pipeline_dag.py took 0.265 seconds
[2026-02-14T09:25:34.099+0000] {processor.py:161} INFO - Started process (PID=13243) to work on /opt/airflow/dags/product_pipeline_dag.py
[2026-02-14T09:25:34.103+0000] {processor.py:830} INFO - Processing file /opt/airflow/dags/product_pipeline_dag.py for tasks to queue
[2026-02-14T09:25:34.110+0000] {logging_mixin.py:188} INFO - [2026-02-14T09:25:34.109+0000] {dagbag.py:545} INFO - Filling up the DagBag from /opt/airflow/dags/product_pipeline_dag.py
[2026-02-14T09:25:34.174+0000] {processor.py:840} INFO - DAG(s) 'product_price_pipeline' retrieved from /opt/airflow/dags/product_pipeline_dag.py
[2026-02-14T09:25:34.237+0000] {logging_mixin.py:188} INFO - [2026-02-14T09:25:34.236+0000] {dag.py:3089} INFO - Sync 1 DAGs
[2026-02-14T09:25:34.282+0000] {logging_mixin.py:188} INFO - [2026-02-14T09:25:34.281+0000] {dag.py:3947} INFO - Setting next_dagrun for product_price_pipeline to 2026-02-14 00:00:00+00:00, run_after=2026-02-15 00:00:00+00:00
[2026-02-14T09:25:34.330+0000] {processor.py:183} INFO - Processing /opt/airflow/dags/product_pipeline_dag.py took 0.244 seconds
[2026-02-14T09:26:08.861+0000] {processor.py:161} INFO - Started process (PID=13272) to work on /opt/airflow/dags/product_pipeline_dag.py
[2026-02-14T09:26:08.865+0000] {processor.py:830} INFO - Processing file /opt/airflow/dags/product_pipeline_dag.py for tasks to queue
[2026-02-14T09:26:08.870+0000] {logging_mixin.py:188} INFO - [2026-02-14T09:26:08.869+0000] {dagbag.py:545} INFO - Filling up the DagBag from /opt/airflow/dags/product_pipeline_dag.py
[2026-02-14T09:26:08.947+0000] {processor.py:840} INFO - DAG(s) 'product_price_pipeline' retrieved from /opt/airflow/dags/product_pipeline_dag.py
[2026-02-14T09:26:09.040+0000] {logging_mixin.py:188} INFO - [2026-02-14T09:26:09.039+0000] {dag.py:3089} INFO - Sync 1 DAGs
[2026-02-14T09:26:09.089+0000] {logging_mixin.py:188} INFO - [2026-02-14T09:26:09.088+0000] {dag.py:3947} INFO - Setting next_dagrun for product_price_pipeline to 2026-02-14 00:00:00+00:00, run_after=2026-02-15 00:00:00+00:00
[2026-02-14T09:26:09.146+0000] {processor.py:183} INFO - Processing /opt/airflow/dags/product_pipeline_dag.py took 0.300 seconds
[2026-02-14T09:26:42.023+0000] {processor.py:161} INFO - Started process (PID=13301) to work on /opt/airflow/dags/product_pipeline_dag.py
[2026-02-14T09:26:42.028+0000] {processor.py:830} INFO - Processing file /opt/airflow/dags/product_pipeline_dag.py for tasks to queue
[2026-02-14T09:26:42.034+0000] {logging_mixin.py:188} INFO - [2026-02-14T09:26:42.033+0000] {dagbag.py:545} INFO - Filling up the DagBag from /opt/airflow/dags/product_pipeline_dag.py
[2026-02-14T09:26:42.099+0000] {processor.py:840} INFO - DAG(s) 'product_price_pipeline' retrieved from /opt/airflow/dags/product_pipeline_dag.py
[2026-02-14T09:26:42.174+0000] {logging_mixin.py:188} INFO - [2026-02-14T09:26:42.173+0000] {dag.py:3089} INFO - Sync 1 DAGs
[2026-02-14T09:26:42.214+0000] {logging_mixin.py:188} INFO - [2026-02-14T09:26:42.213+0000] {dag.py:3947} INFO - Setting next_dagrun for product_price_pipeline to 2026-02-14 00:00:00+00:00, run_after=2026-02-15 00:00:00+00:00
[2026-02-14T09:26:42.245+0000] {processor.py:183} INFO - Processing /opt/airflow/dags/product_pipeline_dag.py took 0.233 seconds
[2026-02-14T09:27:15.253+0000] {processor.py:161} INFO - Started process (PID=13330) to work on /opt/airflow/dags/product_pipeline_dag.py
[2026-02-14T09:27:15.255+0000] {processor.py:830} INFO - Processing file /opt/airflow/dags/product_pipeline_dag.py for tasks to queue
[2026-02-14T09:27:15.258+0000] {logging_mixin.py:188} INFO - [2026-02-14T09:27:15.258+0000] {dagbag.py:545} INFO - Filling up the DagBag from /opt/airflow/dags/product_pipeline_dag.py
[2026-02-14T09:27:15.310+0000] {processor.py:840} INFO - DAG(s) 'product_price_pipeline' retrieved from /opt/airflow/dags/product_pipeline_dag.py
[2026-02-14T09:27:15.370+0000] {logging_mixin.py:188} INFO - [2026-02-14T09:27:15.370+0000] {dag.py:3089} INFO - Sync 1 DAGs
[2026-02-14T09:27:15.408+0000] {logging_mixin.py:188} INFO - [2026-02-14T09:27:15.408+0000] {dag.py:3947} INFO - Setting next_dagrun for product_price_pipeline to 2026-02-14 00:00:00+00:00, run_after=2026-02-15 00:00:00+00:00
[2026-02-14T09:27:15.442+0000] {processor.py:183} INFO - Processing /opt/airflow/dags/product_pipeline_dag.py took 0.197 seconds
[2026-02-14T09:27:48.738+0000] {processor.py:161} INFO - Started process (PID=13359) to work on /opt/airflow/dags/product_pipeline_dag.py
[2026-02-14T09:27:48.741+0000] {processor.py:830} INFO - Processing file /opt/airflow/dags/product_pipeline_dag.py for tasks to queue
[2026-02-14T09:27:48.745+0000] {logging_mixin.py:188} INFO - [2026-02-14T09:27:48.745+0000] {dagbag.py:545} INFO - Filling up the DagBag from /opt/airflow/dags/product_pipeline_dag.py
[2026-02-14T09:27:48.832+0000] {processor.py:840} INFO - DAG(s) 'product_price_pipeline' retrieved from /opt/airflow/dags/product_pipeline_dag.py
[2026-02-14T09:27:48.891+0000] {logging_mixin.py:188} INFO - [2026-02-14T09:27:48.891+0000] {dag.py:3089} INFO - Sync 1 DAGs
[2026-02-14T09:27:48.930+0000] {logging_mixin.py:188} INFO - [2026-02-14T09:27:48.930+0000] {dag.py:3947} INFO - Setting next_dagrun for product_price_pipeline to 2026-02-14 00:00:00+00:00, run_after=2026-02-15 00:00:00+00:00
[2026-02-14T09:27:49.000+0000] {processor.py:183} INFO - Processing /opt/airflow/dags/product_pipeline_dag.py took 0.281 seconds
[2026-02-14T09:28:21.994+0000] {processor.py:161} INFO - Started process (PID=13388) to work on /opt/airflow/dags/product_pipeline_dag.py
[2026-02-14T09:28:21.998+0000] {processor.py:830} INFO - Processing file /opt/airflow/dags/product_pipeline_dag.py for tasks to queue
[2026-02-14T09:28:22.006+0000] {logging_mixin.py:188} INFO - [2026-02-14T09:28:22.005+0000] {dagbag.py:545} INFO - Filling up the DagBag from /opt/airflow/dags/product_pipeline_dag.py
[2026-02-14T09:28:22.114+0000] {processor.py:840} INFO - DAG(s) 'product_price_pipeline' retrieved from /opt/airflow/dags/product_pipeline_dag.py
[2026-02-14T09:28:22.184+0000] {logging_mixin.py:188} INFO - [2026-02-14T09:28:22.183+0000] {dag.py:3089} INFO - Sync 1 DAGs
[2026-02-14T09:28:22.232+0000] {logging_mixin.py:188} INFO - [2026-02-14T09:28:22.232+0000] {dag.py:3947} INFO - Setting next_dagrun for product_price_pipeline to 2026-02-14 00:00:00+00:00, run_after=2026-02-15 00:00:00+00:00
[2026-02-14T09:28:22.286+0000] {processor.py:183} INFO - Processing /opt/airflow/dags/product_pipeline_dag.py took 0.311 seconds
[2026-02-14T09:28:55.885+0000] {processor.py:161} INFO - Started process (PID=13417) to work on /opt/airflow/dags/product_pipeline_dag.py
[2026-02-14T09:28:55.887+0000] {processor.py:830} INFO - Processing file /opt/airflow/dags/product_pipeline_dag.py for tasks to queue
[2026-02-14T09:28:55.893+0000] {logging_mixin.py:188} INFO - [2026-02-14T09:28:55.892+0000] {dagbag.py:545} INFO - Filling up the DagBag from /opt/airflow/dags/product_pipeline_dag.py
[2026-02-14T09:28:55.966+0000] {processor.py:840} INFO - DAG(s) 'product_price_pipeline' retrieved from /opt/airflow/dags/product_pipeline_dag.py
[2026-02-14T09:28:56.036+0000] {logging_mixin.py:188} INFO - [2026-02-14T09:28:56.035+0000] {dag.py:3089} INFO - Sync 1 DAGs
[2026-02-14T09:28:56.081+0000] {logging_mixin.py:188} INFO - [2026-02-14T09:28:56.081+0000] {dag.py:3947} INFO - Setting next_dagrun for product_price_pipeline to 2026-02-14 00:00:00+00:00, run_after=2026-02-15 00:00:00+00:00
[2026-02-14T09:28:56.135+0000] {processor.py:183} INFO - Processing /opt/airflow/dags/product_pipeline_dag.py took 0.261 seconds
[2026-02-14T09:29:28.981+0000] {processor.py:161} INFO - Started process (PID=13446) to work on /opt/airflow/dags/product_pipeline_dag.py
[2026-02-14T09:29:28.985+0000] {processor.py:830} INFO - Processing file /opt/airflow/dags/product_pipeline_dag.py for tasks to queue
[2026-02-14T09:29:28.996+0000] {logging_mixin.py:188} INFO - [2026-02-14T09:29:28.996+0000] {dagbag.py:545} INFO - Filling up the DagBag from /opt/airflow/dags/product_pipeline_dag.py
[2026-02-14T09:29:29.082+0000] {processor.py:840} INFO - DAG(s) 'product_price_pipeline' retrieved from /opt/airflow/dags/product_pipeline_dag.py
[2026-02-14T09:29:29.154+0000] {logging_mixin.py:188} INFO - [2026-02-14T09:29:29.154+0000] {dag.py:3089} INFO - Sync 1 DAGs
[2026-02-14T09:29:29.206+0000] {logging_mixin.py:188} INFO - [2026-02-14T09:29:29.206+0000] {dag.py:3947} INFO - Setting next_dagrun for product_price_pipeline to 2026-02-14 00:00:00+00:00, run_after=2026-02-15 00:00:00+00:00
[2026-02-14T09:29:29.249+0000] {processor.py:183} INFO - Processing /opt/airflow/dags/product_pipeline_dag.py took 0.298 seconds
[2026-02-14T09:30:11.736+0000] {processor.py:161} INFO - Started process (PID=13475) to work on /opt/airflow/dags/product_pipeline_dag.py
[2026-02-14T09:30:11.740+0000] {processor.py:830} INFO - Processing file /opt/airflow/dags/product_pipeline_dag.py for tasks to queue
[2026-02-14T09:30:11.745+0000] {logging_mixin.py:188} INFO - [2026-02-14T09:30:11.744+0000] {dagbag.py:545} INFO - Filling up the DagBag from /opt/airflow/dags/product_pipeline_dag.py
[2026-02-14T09:30:11.863+0000] {processor.py:840} INFO - DAG(s) 'product_price_pipeline' retrieved from /opt/airflow/dags/product_pipeline_dag.py
[2026-02-14T09:30:11.993+0000] {logging_mixin.py:188} INFO - [2026-02-14T09:30:11.992+0000] {dag.py:3089} INFO - Sync 1 DAGs
[2026-02-14T09:30:12.072+0000] {logging_mixin.py:188} INFO - [2026-02-14T09:30:12.072+0000] {dag.py:3947} INFO - Setting next_dagrun for product_price_pipeline to 2026-02-14 00:00:00+00:00, run_after=2026-02-15 00:00:00+00:00
[2026-02-14T09:30:12.134+0000] {processor.py:183} INFO - Processing /opt/airflow/dags/product_pipeline_dag.py took 0.424 seconds
[2026-02-14T09:30:42.649+0000] {processor.py:161} INFO - Started process (PID=13498) to work on /opt/airflow/dags/product_pipeline_dag.py
[2026-02-14T09:30:42.656+0000] {processor.py:830} INFO - Processing file /opt/airflow/dags/product_pipeline_dag.py for tasks to queue
[2026-02-14T09:30:42.661+0000] {logging_mixin.py:188} INFO - [2026-02-14T09:30:42.660+0000] {dagbag.py:545} INFO - Filling up the DagBag from /opt/airflow/dags/product_pipeline_dag.py
[2026-02-14T09:30:42.735+0000] {processor.py:840} INFO - DAG(s) 'product_price_pipeline' retrieved from /opt/airflow/dags/product_pipeline_dag.py
[2026-02-14T09:30:42.812+0000] {logging_mixin.py:188} INFO - [2026-02-14T09:30:42.811+0000] {dag.py:3089} INFO - Sync 1 DAGs
[2026-02-14T09:30:42.870+0000] {logging_mixin.py:188} INFO - [2026-02-14T09:30:42.870+0000] {dag.py:3947} INFO - Setting next_dagrun for product_price_pipeline to 2026-02-14 00:00:00+00:00, run_after=2026-02-15 00:00:00+00:00
[2026-02-14T09:30:42.921+0000] {processor.py:183} INFO - Processing /opt/airflow/dags/product_pipeline_dag.py took 0.288 seconds
[2026-02-14T09:31:15.813+0000] {processor.py:161} INFO - Started process (PID=13521) to work on /opt/airflow/dags/product_pipeline_dag.py
[2026-02-14T09:31:15.819+0000] {processor.py:830} INFO - Processing file /opt/airflow/dags/product_pipeline_dag.py for tasks to queue
[2026-02-14T09:31:15.823+0000] {logging_mixin.py:188} INFO - [2026-02-14T09:31:15.823+0000] {dagbag.py:545} INFO - Filling up the DagBag from /opt/airflow/dags/product_pipeline_dag.py
[2026-02-14T09:31:15.908+0000] {processor.py:840} INFO - DAG(s) 'product_price_pipeline' retrieved from /opt/airflow/dags/product_pipeline_dag.py
[2026-02-14T09:31:16.052+0000] {logging_mixin.py:188} INFO - [2026-02-14T09:31:16.051+0000] {dag.py:3089} INFO - Sync 1 DAGs
[2026-02-14T09:31:16.149+0000] {logging_mixin.py:188} INFO - [2026-02-14T09:31:16.149+0000] {dag.py:3947} INFO - Setting next_dagrun for product_price_pipeline to 2026-02-14 00:00:00+00:00, run_after=2026-02-15 00:00:00+00:00
[2026-02-14T09:31:16.236+0000] {processor.py:183} INFO - Processing /opt/airflow/dags/product_pipeline_dag.py took 0.433 seconds
[2026-02-14T09:31:47.532+0000] {processor.py:161} INFO - Started process (PID=13550) to work on /opt/airflow/dags/product_pipeline_dag.py
[2026-02-14T09:31:47.536+0000] {processor.py:830} INFO - Processing file /opt/airflow/dags/product_pipeline_dag.py for tasks to queue
[2026-02-14T09:31:47.541+0000] {logging_mixin.py:188} INFO - [2026-02-14T09:31:47.539+0000] {dagbag.py:545} INFO - Filling up the DagBag from /opt/airflow/dags/product_pipeline_dag.py
[2026-02-14T09:31:47.597+0000] {processor.py:840} INFO - DAG(s) 'product_price_pipeline' retrieved from /opt/airflow/dags/product_pipeline_dag.py
[2026-02-14T09:31:47.682+0000] {logging_mixin.py:188} INFO - [2026-02-14T09:31:47.681+0000] {dag.py:3089} INFO - Sync 1 DAGs
[2026-02-14T09:31:47.720+0000] {logging_mixin.py:188} INFO - [2026-02-14T09:31:47.719+0000] {dag.py:3947} INFO - Setting next_dagrun for product_price_pipeline to 2026-02-14 00:00:00+00:00, run_after=2026-02-15 00:00:00+00:00
[2026-02-14T09:31:47.773+0000] {processor.py:183} INFO - Processing /opt/airflow/dags/product_pipeline_dag.py took 0.255 seconds
[2026-02-14T09:32:20.015+0000] {processor.py:161} INFO - Started process (PID=13579) to work on /opt/airflow/dags/product_pipeline_dag.py
[2026-02-14T09:32:20.029+0000] {processor.py:830} INFO - Processing file /opt/airflow/dags/product_pipeline_dag.py for tasks to queue
[2026-02-14T09:32:20.039+0000] {logging_mixin.py:188} INFO - [2026-02-14T09:32:20.038+0000] {dagbag.py:545} INFO - Filling up the DagBag from /opt/airflow/dags/product_pipeline_dag.py
[2026-02-14T09:32:20.091+0000] {processor.py:840} INFO - DAG(s) 'product_price_pipeline' retrieved from /opt/airflow/dags/product_pipeline_dag.py
[2026-02-14T09:32:20.176+0000] {logging_mixin.py:188} INFO - [2026-02-14T09:32:20.175+0000] {dag.py:3089} INFO - Sync 1 DAGs
[2026-02-14T09:32:20.228+0000] {logging_mixin.py:188} INFO - [2026-02-14T09:32:20.228+0000] {dag.py:3947} INFO - Setting next_dagrun for product_price_pipeline to 2026-02-14 00:00:00+00:00, run_after=2026-02-15 00:00:00+00:00
[2026-02-14T09:32:20.281+0000] {processor.py:183} INFO - Processing /opt/airflow/dags/product_pipeline_dag.py took 0.277 seconds
[2026-02-14T09:32:52.195+0000] {processor.py:161} INFO - Started process (PID=13608) to work on /opt/airflow/dags/product_pipeline_dag.py
[2026-02-14T09:32:52.199+0000] {processor.py:830} INFO - Processing file /opt/airflow/dags/product_pipeline_dag.py for tasks to queue
[2026-02-14T09:32:52.203+0000] {logging_mixin.py:188} INFO - [2026-02-14T09:32:52.202+0000] {dagbag.py:545} INFO - Filling up the DagBag from /opt/airflow/dags/product_pipeline_dag.py
[2026-02-14T09:32:52.253+0000] {processor.py:840} INFO - DAG(s) 'product_price_pipeline' retrieved from /opt/airflow/dags/product_pipeline_dag.py
[2026-02-14T09:32:52.329+0000] {logging_mixin.py:188} INFO - [2026-02-14T09:32:52.329+0000] {dag.py:3089} INFO - Sync 1 DAGs
[2026-02-14T09:32:52.426+0000] {logging_mixin.py:188} INFO - [2026-02-14T09:32:52.425+0000] {dag.py:3947} INFO - Setting next_dagrun for product_price_pipeline to 2026-02-14 00:00:00+00:00, run_after=2026-02-15 00:00:00+00:00
[2026-02-14T09:32:52.492+0000] {processor.py:183} INFO - Processing /opt/airflow/dags/product_pipeline_dag.py took 0.312 seconds
[2026-02-14T09:33:24.250+0000] {processor.py:161} INFO - Started process (PID=13637) to work on /opt/airflow/dags/product_pipeline_dag.py
[2026-02-14T09:33:24.253+0000] {processor.py:830} INFO - Processing file /opt/airflow/dags/product_pipeline_dag.py for tasks to queue
[2026-02-14T09:33:24.263+0000] {logging_mixin.py:188} INFO - [2026-02-14T09:33:24.259+0000] {dagbag.py:545} INFO - Filling up the DagBag from /opt/airflow/dags/product_pipeline_dag.py
[2026-02-14T09:33:24.338+0000] {processor.py:840} INFO - DAG(s) 'product_price_pipeline' retrieved from /opt/airflow/dags/product_pipeline_dag.py
[2026-02-14T09:33:24.463+0000] {logging_mixin.py:188} INFO - [2026-02-14T09:33:24.463+0000] {dag.py:3089} INFO - Sync 1 DAGs
[2026-02-14T09:33:24.542+0000] {logging_mixin.py:188} INFO - [2026-02-14T09:33:24.541+0000] {dag.py:3947} INFO - Setting next_dagrun for product_price_pipeline to 2026-02-14 00:00:00+00:00, run_after=2026-02-15 00:00:00+00:00
[2026-02-14T09:33:24.605+0000] {processor.py:183} INFO - Processing /opt/airflow/dags/product_pipeline_dag.py took 0.371 seconds
[2026-02-14T09:33:55.918+0000] {processor.py:161} INFO - Started process (PID=13666) to work on /opt/airflow/dags/product_pipeline_dag.py
[2026-02-14T09:33:55.921+0000] {processor.py:830} INFO - Processing file /opt/airflow/dags/product_pipeline_dag.py for tasks to queue
[2026-02-14T09:33:55.925+0000] {logging_mixin.py:188} INFO - [2026-02-14T09:33:55.924+0000] {dagbag.py:545} INFO - Filling up the DagBag from /opt/airflow/dags/product_pipeline_dag.py
[2026-02-14T09:33:55.995+0000] {processor.py:840} INFO - DAG(s) 'product_price_pipeline' retrieved from /opt/airflow/dags/product_pipeline_dag.py
[2026-02-14T09:33:56.082+0000] {logging_mixin.py:188} INFO - [2026-02-14T09:33:56.082+0000] {dag.py:3089} INFO - Sync 1 DAGs
[2026-02-14T09:33:56.130+0000] {logging_mixin.py:188} INFO - [2026-02-14T09:33:56.129+0000] {dag.py:3947} INFO - Setting next_dagrun for product_price_pipeline to 2026-02-14 00:00:00+00:00, run_after=2026-02-15 00:00:00+00:00
[2026-02-14T09:33:56.191+0000] {processor.py:183} INFO - Processing /opt/airflow/dags/product_pipeline_dag.py took 0.286 seconds
[2026-02-14T09:34:27.612+0000] {processor.py:161} INFO - Started process (PID=13695) to work on /opt/airflow/dags/product_pipeline_dag.py
[2026-02-14T09:34:27.616+0000] {processor.py:830} INFO - Processing file /opt/airflow/dags/product_pipeline_dag.py for tasks to queue
[2026-02-14T09:34:27.626+0000] {logging_mixin.py:188} INFO - [2026-02-14T09:34:27.624+0000] {dagbag.py:545} INFO - Filling up the DagBag from /opt/airflow/dags/product_pipeline_dag.py
[2026-02-14T09:34:27.780+0000] {processor.py:840} INFO - DAG(s) 'product_price_pipeline' retrieved from /opt/airflow/dags/product_pipeline_dag.py
[2026-02-14T09:34:27.965+0000] {logging_mixin.py:188} INFO - [2026-02-14T09:34:27.964+0000] {dag.py:3089} INFO - Sync 1 DAGs
[2026-02-14T09:34:28.047+0000] {logging_mixin.py:188} INFO - [2026-02-14T09:34:28.046+0000] {dag.py:3947} INFO - Setting next_dagrun for product_price_pipeline to 2026-02-14 00:00:00+00:00, run_after=2026-02-15 00:00:00+00:00
[2026-02-14T09:34:28.135+0000] {processor.py:183} INFO - Processing /opt/airflow/dags/product_pipeline_dag.py took 0.557 seconds
[2026-02-14T09:34:59.892+0000] {processor.py:161} INFO - Started process (PID=13717) to work on /opt/airflow/dags/product_pipeline_dag.py
[2026-02-14T09:34:59.899+0000] {processor.py:830} INFO - Processing file /opt/airflow/dags/product_pipeline_dag.py for tasks to queue
[2026-02-14T09:34:59.909+0000] {logging_mixin.py:188} INFO - [2026-02-14T09:34:59.906+0000] {dagbag.py:545} INFO - Filling up the DagBag from /opt/airflow/dags/product_pipeline_dag.py
[2026-02-14T09:35:00.032+0000] {processor.py:840} INFO - DAG(s) 'product_price_pipeline' retrieved from /opt/airflow/dags/product_pipeline_dag.py
[2026-02-14T09:35:00.213+0000] {logging_mixin.py:188} INFO - [2026-02-14T09:35:00.213+0000] {dag.py:3089} INFO - Sync 1 DAGs
[2026-02-14T09:35:00.384+0000] {logging_mixin.py:188} INFO - [2026-02-14T09:35:00.381+0000] {dag.py:3947} INFO - Setting next_dagrun for product_price_pipeline to 2026-02-14 00:00:00+00:00, run_after=2026-02-15 00:00:00+00:00
[2026-02-14T09:35:00.532+0000] {processor.py:183} INFO - Processing /opt/airflow/dags/product_pipeline_dag.py took 0.671 seconds
[2026-02-14T09:35:33.286+0000] {processor.py:161} INFO - Started process (PID=13746) to work on /opt/airflow/dags/product_pipeline_dag.py
[2026-02-14T09:35:33.288+0000] {processor.py:830} INFO - Processing file /opt/airflow/dags/product_pipeline_dag.py for tasks to queue
[2026-02-14T09:35:33.294+0000] {logging_mixin.py:188} INFO - [2026-02-14T09:35:33.293+0000] {dagbag.py:545} INFO - Filling up the DagBag from /opt/airflow/dags/product_pipeline_dag.py
[2026-02-14T09:35:33.347+0000] {processor.py:840} INFO - DAG(s) 'product_price_pipeline' retrieved from /opt/airflow/dags/product_pipeline_dag.py
[2026-02-14T09:35:33.412+0000] {logging_mixin.py:188} INFO - [2026-02-14T09:35:33.411+0000] {dag.py:3089} INFO - Sync 1 DAGs
[2026-02-14T09:35:33.456+0000] {logging_mixin.py:188} INFO - [2026-02-14T09:35:33.456+0000] {dag.py:3947} INFO - Setting next_dagrun for product_price_pipeline to 2026-02-14 00:00:00+00:00, run_after=2026-02-15 00:00:00+00:00
[2026-02-14T09:35:33.503+0000] {processor.py:183} INFO - Processing /opt/airflow/dags/product_pipeline_dag.py took 0.231 seconds
[2026-02-14T09:36:07.839+0000] {processor.py:161} INFO - Started process (PID=13782) to work on /opt/airflow/dags/product_pipeline_dag.py
[2026-02-14T09:36:07.842+0000] {processor.py:830} INFO - Processing file /opt/airflow/dags/product_pipeline_dag.py for tasks to queue
[2026-02-14T09:36:07.849+0000] {logging_mixin.py:188} INFO - [2026-02-14T09:36:07.848+0000] {dagbag.py:545} INFO - Filling up the DagBag from /opt/airflow/dags/product_pipeline_dag.py
[2026-02-14T09:36:07.928+0000] {processor.py:840} INFO - DAG(s) 'product_price_pipeline' retrieved from /opt/airflow/dags/product_pipeline_dag.py
[2026-02-14T09:36:08.064+0000] {logging_mixin.py:188} INFO - [2026-02-14T09:36:08.063+0000] {dag.py:3089} INFO - Sync 1 DAGs
[2026-02-14T09:36:08.114+0000] {logging_mixin.py:188} INFO - [2026-02-14T09:36:08.113+0000] {dag.py:3947} INFO - Setting next_dagrun for product_price_pipeline to 2026-02-14 00:00:00+00:00, run_after=2026-02-15 00:00:00+00:00
[2026-02-14T09:36:08.179+0000] {processor.py:183} INFO - Processing /opt/airflow/dags/product_pipeline_dag.py took 0.358 seconds
[2026-02-14T09:36:40.974+0000] {processor.py:161} INFO - Started process (PID=13811) to work on /opt/airflow/dags/product_pipeline_dag.py
[2026-02-14T09:36:40.977+0000] {processor.py:830} INFO - Processing file /opt/airflow/dags/product_pipeline_dag.py for tasks to queue
[2026-02-14T09:36:40.982+0000] {logging_mixin.py:188} INFO - [2026-02-14T09:36:40.981+0000] {dagbag.py:545} INFO - Filling up the DagBag from /opt/airflow/dags/product_pipeline_dag.py
[2026-02-14T09:36:41.051+0000] {processor.py:840} INFO - DAG(s) 'product_price_pipeline' retrieved from /opt/airflow/dags/product_pipeline_dag.py
[2026-02-14T09:36:41.110+0000] {logging_mixin.py:188} INFO - [2026-02-14T09:36:41.110+0000] {dag.py:3089} INFO - Sync 1 DAGs
[2026-02-14T09:36:41.151+0000] {logging_mixin.py:188} INFO - [2026-02-14T09:36:41.150+0000] {dag.py:3947} INFO - Setting next_dagrun for product_price_pipeline to 2026-02-14 00:00:00+00:00, run_after=2026-02-15 00:00:00+00:00
[2026-02-14T09:36:41.198+0000] {processor.py:183} INFO - Processing /opt/airflow/dags/product_pipeline_dag.py took 0.244 seconds
[2026-02-14T09:37:15.383+0000] {processor.py:161} INFO - Started process (PID=13846) to work on /opt/airflow/dags/product_pipeline_dag.py
[2026-02-14T09:37:15.385+0000] {processor.py:830} INFO - Processing file /opt/airflow/dags/product_pipeline_dag.py for tasks to queue
[2026-02-14T09:37:15.389+0000] {logging_mixin.py:188} INFO - [2026-02-14T09:37:15.389+0000] {dagbag.py:545} INFO - Filling up the DagBag from /opt/airflow/dags/product_pipeline_dag.py
[2026-02-14T09:37:15.450+0000] {processor.py:840} INFO - DAG(s) 'product_price_pipeline' retrieved from /opt/airflow/dags/product_pipeline_dag.py
[2026-02-14T09:37:15.516+0000] {logging_mixin.py:188} INFO - [2026-02-14T09:37:15.515+0000] {dag.py:3089} INFO - Sync 1 DAGs
[2026-02-14T09:37:15.561+0000] {logging_mixin.py:188} INFO - [2026-02-14T09:37:15.560+0000] {dag.py:3947} INFO - Setting next_dagrun for product_price_pipeline to 2026-02-14 00:00:00+00:00, run_after=2026-02-15 00:00:00+00:00
[2026-02-14T09:37:15.606+0000] {processor.py:183} INFO - Processing /opt/airflow/dags/product_pipeline_dag.py took 0.233 seconds
[2026-02-14T09:37:47.807+0000] {processor.py:161} INFO - Started process (PID=13869) to work on /opt/airflow/dags/product_pipeline_dag.py
[2026-02-14T09:37:47.821+0000] {processor.py:830} INFO - Processing file /opt/airflow/dags/product_pipeline_dag.py for tasks to queue
[2026-02-14T09:37:47.825+0000] {logging_mixin.py:188} INFO - [2026-02-14T09:37:47.825+0000] {dagbag.py:545} INFO - Filling up the DagBag from /opt/airflow/dags/product_pipeline_dag.py
[2026-02-14T09:37:47.886+0000] {processor.py:840} INFO - DAG(s) 'product_price_pipeline' retrieved from /opt/airflow/dags/product_pipeline_dag.py
[2026-02-14T09:37:47.961+0000] {logging_mixin.py:188} INFO - [2026-02-14T09:37:47.961+0000] {dag.py:3089} INFO - Sync 1 DAGs
[2026-02-14T09:37:48.002+0000] {logging_mixin.py:188} INFO - [2026-02-14T09:37:48.001+0000] {dag.py:3947} INFO - Setting next_dagrun for product_price_pipeline to 2026-02-14 00:00:00+00:00, run_after=2026-02-15 00:00:00+00:00
[2026-02-14T09:37:48.057+0000] {processor.py:183} INFO - Processing /opt/airflow/dags/product_pipeline_dag.py took 0.264 seconds
[2026-02-14T09:38:22.601+0000] {processor.py:161} INFO - Started process (PID=13910) to work on /opt/airflow/dags/product_pipeline_dag.py
[2026-02-14T09:38:22.605+0000] {processor.py:830} INFO - Processing file /opt/airflow/dags/product_pipeline_dag.py for tasks to queue
[2026-02-14T09:38:22.609+0000] {logging_mixin.py:188} INFO - [2026-02-14T09:38:22.609+0000] {dagbag.py:545} INFO - Filling up the DagBag from /opt/airflow/dags/product_pipeline_dag.py
[2026-02-14T09:38:22.673+0000] {processor.py:840} INFO - DAG(s) 'product_price_pipeline' retrieved from /opt/airflow/dags/product_pipeline_dag.py
[2026-02-14T09:38:22.794+0000] {logging_mixin.py:188} INFO - [2026-02-14T09:38:22.794+0000] {dag.py:3089} INFO - Sync 1 DAGs
[2026-02-14T09:38:22.877+0000] {logging_mixin.py:188} INFO - [2026-02-14T09:38:22.876+0000] {dag.py:3947} INFO - Setting next_dagrun for product_price_pipeline to 2026-02-14 00:00:00+00:00, run_after=2026-02-15 00:00:00+00:00
[2026-02-14T09:38:22.926+0000] {processor.py:183} INFO - Processing /opt/airflow/dags/product_pipeline_dag.py took 0.337 seconds
[2026-02-14T09:38:56.167+0000] {processor.py:161} INFO - Started process (PID=13939) to work on /opt/airflow/dags/product_pipeline_dag.py
[2026-02-14T09:38:56.170+0000] {processor.py:830} INFO - Processing file /opt/airflow/dags/product_pipeline_dag.py for tasks to queue
[2026-02-14T09:38:56.175+0000] {logging_mixin.py:188} INFO - [2026-02-14T09:38:56.173+0000] {dagbag.py:545} INFO - Filling up the DagBag from /opt/airflow/dags/product_pipeline_dag.py
[2026-02-14T09:38:56.241+0000] {processor.py:840} INFO - DAG(s) 'product_price_pipeline' retrieved from /opt/airflow/dags/product_pipeline_dag.py
[2026-02-14T09:38:56.300+0000] {logging_mixin.py:188} INFO - [2026-02-14T09:38:56.300+0000] {dag.py:3089} INFO - Sync 1 DAGs
[2026-02-14T09:38:56.340+0000] {logging_mixin.py:188} INFO - [2026-02-14T09:38:56.339+0000] {dag.py:3947} INFO - Setting next_dagrun for product_price_pipeline to 2026-02-14 00:00:00+00:00, run_after=2026-02-15 00:00:00+00:00
[2026-02-14T09:38:56.400+0000] {processor.py:183} INFO - Processing /opt/airflow/dags/product_pipeline_dag.py took 0.244 seconds
[2026-02-14T09:39:28.757+0000] {processor.py:161} INFO - Started process (PID=13968) to work on /opt/airflow/dags/product_pipeline_dag.py
[2026-02-14T09:39:28.761+0000] {processor.py:830} INFO - Processing file /opt/airflow/dags/product_pipeline_dag.py for tasks to queue
[2026-02-14T09:39:28.769+0000] {logging_mixin.py:188} INFO - [2026-02-14T09:39:28.767+0000] {dagbag.py:545} INFO - Filling up the DagBag from /opt/airflow/dags/product_pipeline_dag.py
[2026-02-14T09:39:28.853+0000] {processor.py:840} INFO - DAG(s) 'product_price_pipeline' retrieved from /opt/airflow/dags/product_pipeline_dag.py
[2026-02-14T09:39:28.940+0000] {logging_mixin.py:188} INFO - [2026-02-14T09:39:28.940+0000] {dag.py:3089} INFO - Sync 1 DAGs
[2026-02-14T09:39:28.990+0000] {logging_mixin.py:188} INFO - [2026-02-14T09:39:28.989+0000] {dag.py:3947} INFO - Setting next_dagrun for product_price_pipeline to 2026-02-14 00:00:00+00:00, run_after=2026-02-15 00:00:00+00:00
[2026-02-14T09:39:29.038+0000] {processor.py:183} INFO - Processing /opt/airflow/dags/product_pipeline_dag.py took 0.297 seconds
[2026-02-14T09:40:04.227+0000] {processor.py:161} INFO - Started process (PID=13997) to work on /opt/airflow/dags/product_pipeline_dag.py
[2026-02-14T09:40:04.231+0000] {processor.py:830} INFO - Processing file /opt/airflow/dags/product_pipeline_dag.py for tasks to queue
[2026-02-14T09:40:04.236+0000] {logging_mixin.py:188} INFO - [2026-02-14T09:40:04.235+0000] {dagbag.py:545} INFO - Filling up the DagBag from /opt/airflow/dags/product_pipeline_dag.py
[2026-02-14T09:40:04.332+0000] {processor.py:840} INFO - DAG(s) 'product_price_pipeline' retrieved from /opt/airflow/dags/product_pipeline_dag.py
[2026-02-14T09:40:04.448+0000] {logging_mixin.py:188} INFO - [2026-02-14T09:40:04.448+0000] {dag.py:3089} INFO - Sync 1 DAGs
[2026-02-14T09:40:04.545+0000] {logging_mixin.py:188} INFO - [2026-02-14T09:40:04.544+0000] {dag.py:3947} INFO - Setting next_dagrun for product_price_pipeline to 2026-02-14 00:00:00+00:00, run_after=2026-02-15 00:00:00+00:00
[2026-02-14T09:40:04.605+0000] {processor.py:183} INFO - Processing /opt/airflow/dags/product_pipeline_dag.py took 0.400 seconds
[2026-02-14T09:40:37.580+0000] {processor.py:161} INFO - Started process (PID=14026) to work on /opt/airflow/dags/product_pipeline_dag.py
[2026-02-14T09:40:37.588+0000] {processor.py:830} INFO - Processing file /opt/airflow/dags/product_pipeline_dag.py for tasks to queue
[2026-02-14T09:40:37.593+0000] {logging_mixin.py:188} INFO - [2026-02-14T09:40:37.593+0000] {dagbag.py:545} INFO - Filling up the DagBag from /opt/airflow/dags/product_pipeline_dag.py
[2026-02-14T09:40:37.663+0000] {processor.py:840} INFO - DAG(s) 'product_price_pipeline' retrieved from /opt/airflow/dags/product_pipeline_dag.py
[2026-02-14T09:40:37.727+0000] {logging_mixin.py:188} INFO - [2026-02-14T09:40:37.727+0000] {dag.py:3089} INFO - Sync 1 DAGs
[2026-02-14T09:40:37.775+0000] {logging_mixin.py:188} INFO - [2026-02-14T09:40:37.775+0000] {dag.py:3947} INFO - Setting next_dagrun for product_price_pipeline to 2026-02-14 00:00:00+00:00, run_after=2026-02-15 00:00:00+00:00
[2026-02-14T09:40:37.835+0000] {processor.py:183} INFO - Processing /opt/airflow/dags/product_pipeline_dag.py took 0.266 seconds
[2026-02-14T10:22:45.981+0000] {processor.py:161} INFO - Started process (PID=14057) to work on /opt/airflow/dags/product_pipeline_dag.py
[2026-02-14T10:22:45.997+0000] {processor.py:830} INFO - Processing file /opt/airflow/dags/product_pipeline_dag.py for tasks to queue
[2026-02-14T10:22:46.118+0000] {logging_mixin.py:188} INFO - [2026-02-14T10:22:46.094+0000] {dagbag.py:545} INFO - Filling up the DagBag from /opt/airflow/dags/product_pipeline_dag.py
[2026-02-14T10:22:48.783+0000] {processor.py:840} INFO - DAG(s) 'product_price_pipeline' retrieved from /opt/airflow/dags/product_pipeline_dag.py
[2026-02-14T10:22:50.496+0000] {logging_mixin.py:188} INFO - [2026-02-14T10:22:50.495+0000] {dag.py:3089} INFO - Sync 1 DAGs
[2026-02-14T10:22:52.974+0000] {logging_mixin.py:188} INFO - [2026-02-14T10:22:52.968+0000] {dag.py:3947} INFO - Setting next_dagrun for product_price_pipeline to 2026-02-14 00:00:00+00:00, run_after=2026-02-15 00:00:00+00:00
[2026-02-14T10:22:57.820+0000] {processor.py:183} INFO - Processing /opt/airflow/dags/product_pipeline_dag.py took 8.673 seconds
[2026-02-14T10:23:31.048+0000] {processor.py:161} INFO - Started process (PID=14086) to work on /opt/airflow/dags/product_pipeline_dag.py
[2026-02-14T10:23:31.060+0000] {processor.py:830} INFO - Processing file /opt/airflow/dags/product_pipeline_dag.py for tasks to queue
[2026-02-14T10:23:31.073+0000] {logging_mixin.py:188} INFO - [2026-02-14T10:23:31.067+0000] {dagbag.py:545} INFO - Filling up the DagBag from /opt/airflow/dags/product_pipeline_dag.py
[2026-02-14T10:23:31.193+0000] {processor.py:840} INFO - DAG(s) 'product_price_pipeline' retrieved from /opt/airflow/dags/product_pipeline_dag.py
[2026-02-14T10:23:31.328+0000] {logging_mixin.py:188} INFO - [2026-02-14T10:23:31.327+0000] {dag.py:3089} INFO - Sync 1 DAGs
[2026-02-14T10:23:31.429+0000] {logging_mixin.py:188} INFO - [2026-02-14T10:23:31.429+0000] {dag.py:3947} INFO - Setting next_dagrun for product_price_pipeline to 2026-02-14 00:00:00+00:00, run_after=2026-02-15 00:00:00+00:00
[2026-02-14T10:23:31.497+0000] {processor.py:183} INFO - Processing /opt/airflow/dags/product_pipeline_dag.py took 0.482 seconds
[2026-02-14T10:24:03.694+0000] {processor.py:161} INFO - Started process (PID=14115) to work on /opt/airflow/dags/product_pipeline_dag.py
[2026-02-14T10:24:03.696+0000] {processor.py:830} INFO - Processing file /opt/airflow/dags/product_pipeline_dag.py for tasks to queue
[2026-02-14T10:24:03.707+0000] {logging_mixin.py:188} INFO - [2026-02-14T10:24:03.705+0000] {dagbag.py:545} INFO - Filling up the DagBag from /opt/airflow/dags/product_pipeline_dag.py
[2026-02-14T10:24:03.813+0000] {processor.py:840} INFO - DAG(s) 'product_price_pipeline' retrieved from /opt/airflow/dags/product_pipeline_dag.py
[2026-02-14T10:24:03.954+0000] {logging_mixin.py:188} INFO - [2026-02-14T10:24:03.953+0000] {dag.py:3089} INFO - Sync 1 DAGs
[2026-02-14T10:24:04.056+0000] {logging_mixin.py:188} INFO - [2026-02-14T10:24:04.056+0000] {dag.py:3947} INFO - Setting next_dagrun for product_price_pipeline to 2026-02-14 00:00:00+00:00, run_after=2026-02-15 00:00:00+00:00
[2026-02-14T10:24:04.129+0000] {processor.py:183} INFO - Processing /opt/airflow/dags/product_pipeline_dag.py took 0.456 seconds
[2026-02-14T10:24:37.137+0000] {processor.py:161} INFO - Started process (PID=14144) to work on /opt/airflow/dags/product_pipeline_dag.py
[2026-02-14T10:24:37.148+0000] {processor.py:830} INFO - Processing file /opt/airflow/dags/product_pipeline_dag.py for tasks to queue
[2026-02-14T10:24:37.154+0000] {logging_mixin.py:188} INFO - [2026-02-14T10:24:37.153+0000] {dagbag.py:545} INFO - Filling up the DagBag from /opt/airflow/dags/product_pipeline_dag.py
[2026-02-14T10:24:37.217+0000] {processor.py:840} INFO - DAG(s) 'product_price_pipeline' retrieved from /opt/airflow/dags/product_pipeline_dag.py
[2026-02-14T10:24:37.292+0000] {logging_mixin.py:188} INFO - [2026-02-14T10:24:37.291+0000] {dag.py:3089} INFO - Sync 1 DAGs
[2026-02-14T10:24:37.329+0000] {logging_mixin.py:188} INFO - [2026-02-14T10:24:37.328+0000] {dag.py:3947} INFO - Setting next_dagrun for product_price_pipeline to 2026-02-14 00:00:00+00:00, run_after=2026-02-15 00:00:00+00:00
[2026-02-14T10:24:37.386+0000] {processor.py:183} INFO - Processing /opt/airflow/dags/product_pipeline_dag.py took 0.261 seconds
[2026-02-14T10:25:10.147+0000] {processor.py:161} INFO - Started process (PID=14173) to work on /opt/airflow/dags/product_pipeline_dag.py
[2026-02-14T10:25:10.151+0000] {processor.py:830} INFO - Processing file /opt/airflow/dags/product_pipeline_dag.py for tasks to queue
[2026-02-14T10:25:10.155+0000] {logging_mixin.py:188} INFO - [2026-02-14T10:25:10.154+0000] {dagbag.py:545} INFO - Filling up the DagBag from /opt/airflow/dags/product_pipeline_dag.py
[2026-02-14T10:25:10.241+0000] {processor.py:840} INFO - DAG(s) 'product_price_pipeline' retrieved from /opt/airflow/dags/product_pipeline_dag.py
[2026-02-14T10:25:10.320+0000] {logging_mixin.py:188} INFO - [2026-02-14T10:25:10.319+0000] {dag.py:3089} INFO - Sync 1 DAGs
[2026-02-14T10:25:10.366+0000] {logging_mixin.py:188} INFO - [2026-02-14T10:25:10.366+0000] {dag.py:3947} INFO - Setting next_dagrun for product_price_pipeline to 2026-02-14 00:00:00+00:00, run_after=2026-02-15 00:00:00+00:00
[2026-02-14T10:25:10.429+0000] {processor.py:183} INFO - Processing /opt/airflow/dags/product_pipeline_dag.py took 0.295 seconds
[2026-02-14T10:25:49.199+0000] {processor.py:161} INFO - Started process (PID=14200) to work on /opt/airflow/dags/product_pipeline_dag.py
[2026-02-14T10:25:49.202+0000] {processor.py:830} INFO - Processing file /opt/airflow/dags/product_pipeline_dag.py for tasks to queue
[2026-02-14T10:25:49.210+0000] {logging_mixin.py:188} INFO - [2026-02-14T10:25:49.208+0000] {dagbag.py:545} INFO - Filling up the DagBag from /opt/airflow/dags/product_pipeline_dag.py
[2026-02-14T10:25:49.307+0000] {processor.py:840} INFO - DAG(s) 'product_price_pipeline' retrieved from /opt/airflow/dags/product_pipeline_dag.py
[2026-02-14T10:25:49.470+0000] {logging_mixin.py:188} INFO - [2026-02-14T10:25:49.469+0000] {dag.py:3089} INFO - Sync 1 DAGs
[2026-02-14T10:25:49.573+0000] {logging_mixin.py:188} INFO - [2026-02-14T10:25:49.572+0000] {dag.py:3947} INFO - Setting next_dagrun for product_price_pipeline to 2026-02-14 00:00:00+00:00, run_after=2026-02-15 00:00:00+00:00
[2026-02-14T10:25:49.628+0000] {processor.py:183} INFO - Processing /opt/airflow/dags/product_pipeline_dag.py took 0.447 seconds
[2026-02-14T10:26:23.544+0000] {processor.py:161} INFO - Started process (PID=14229) to work on /opt/airflow/dags/product_pipeline_dag.py
[2026-02-14T10:26:23.548+0000] {processor.py:830} INFO - Processing file /opt/airflow/dags/product_pipeline_dag.py for tasks to queue
[2026-02-14T10:26:23.560+0000] {logging_mixin.py:188} INFO - [2026-02-14T10:26:23.558+0000] {dagbag.py:545} INFO - Filling up the DagBag from /opt/airflow/dags/product_pipeline_dag.py
[2026-02-14T10:26:23.662+0000] {processor.py:840} INFO - DAG(s) 'product_price_pipeline' retrieved from /opt/airflow/dags/product_pipeline_dag.py
[2026-02-14T10:26:23.787+0000] {logging_mixin.py:188} INFO - [2026-02-14T10:26:23.787+0000] {dag.py:3089} INFO - Sync 1 DAGs
[2026-02-14T10:26:23.918+0000] {logging_mixin.py:188} INFO - [2026-02-14T10:26:23.917+0000] {dag.py:3947} INFO - Setting next_dagrun for product_price_pipeline to 2026-02-14 00:00:00+00:00, run_after=2026-02-15 00:00:00+00:00
[2026-02-14T10:26:24.005+0000] {processor.py:183} INFO - Processing /opt/airflow/dags/product_pipeline_dag.py took 0.487 seconds
[2026-02-14T10:26:55.780+0000] {processor.py:161} INFO - Started process (PID=14260) to work on /opt/airflow/dags/product_pipeline_dag.py
[2026-02-14T10:26:55.784+0000] {processor.py:830} INFO - Processing file /opt/airflow/dags/product_pipeline_dag.py for tasks to queue
[2026-02-14T10:26:55.790+0000] {logging_mixin.py:188} INFO - [2026-02-14T10:26:55.789+0000] {dagbag.py:545} INFO - Filling up the DagBag from /opt/airflow/dags/product_pipeline_dag.py
[2026-02-14T10:26:55.880+0000] {processor.py:840} INFO - DAG(s) 'product_price_pipeline' retrieved from /opt/airflow/dags/product_pipeline_dag.py
[2026-02-14T10:26:55.989+0000] {logging_mixin.py:188} INFO - [2026-02-14T10:26:55.988+0000] {dag.py:3089} INFO - Sync 1 DAGs
[2026-02-14T10:26:56.046+0000] {logging_mixin.py:188} INFO - [2026-02-14T10:26:56.045+0000] {dag.py:3947} INFO - Setting next_dagrun for product_price_pipeline to 2026-02-14 00:00:00+00:00, run_after=2026-02-15 00:00:00+00:00
[2026-02-14T10:26:56.103+0000] {processor.py:183} INFO - Processing /opt/airflow/dags/product_pipeline_dag.py took 0.336 seconds
[2026-02-14T10:27:28.263+0000] {processor.py:161} INFO - Started process (PID=14287) to work on /opt/airflow/dags/product_pipeline_dag.py
[2026-02-14T10:27:28.269+0000] {processor.py:830} INFO - Processing file /opt/airflow/dags/product_pipeline_dag.py for tasks to queue
[2026-02-14T10:27:28.277+0000] {logging_mixin.py:188} INFO - [2026-02-14T10:27:28.276+0000] {dagbag.py:545} INFO - Filling up the DagBag from /opt/airflow/dags/product_pipeline_dag.py
[2026-02-14T10:27:28.357+0000] {processor.py:840} INFO - DAG(s) 'product_price_pipeline' retrieved from /opt/airflow/dags/product_pipeline_dag.py
[2026-02-14T10:27:28.444+0000] {logging_mixin.py:188} INFO - [2026-02-14T10:27:28.444+0000] {dag.py:3089} INFO - Sync 1 DAGs
[2026-02-14T10:27:28.502+0000] {logging_mixin.py:188} INFO - [2026-02-14T10:27:28.502+0000] {dag.py:3947} INFO - Setting next_dagrun for product_price_pipeline to 2026-02-14 00:00:00+00:00, run_after=2026-02-15 00:00:00+00:00
[2026-02-14T10:27:28.545+0000] {processor.py:183} INFO - Processing /opt/airflow/dags/product_pipeline_dag.py took 0.316 seconds
[2026-02-14T10:27:59.952+0000] {processor.py:161} INFO - Started process (PID=14316) to work on /opt/airflow/dags/product_pipeline_dag.py
[2026-02-14T10:27:59.956+0000] {processor.py:830} INFO - Processing file /opt/airflow/dags/product_pipeline_dag.py for tasks to queue
[2026-02-14T10:27:59.961+0000] {logging_mixin.py:188} INFO - [2026-02-14T10:27:59.961+0000] {dagbag.py:545} INFO - Filling up the DagBag from /opt/airflow/dags/product_pipeline_dag.py
[2026-02-14T10:28:00.023+0000] {processor.py:840} INFO - DAG(s) 'product_price_pipeline' retrieved from /opt/airflow/dags/product_pipeline_dag.py
[2026-02-14T10:28:00.093+0000] {logging_mixin.py:188} INFO - [2026-02-14T10:28:00.093+0000] {dag.py:3089} INFO - Sync 1 DAGs
[2026-02-14T10:28:00.147+0000] {logging_mixin.py:188} INFO - [2026-02-14T10:28:00.146+0000] {dag.py:3947} INFO - Setting next_dagrun for product_price_pipeline to 2026-02-14 00:00:00+00:00, run_after=2026-02-15 00:00:00+00:00
[2026-02-14T10:28:00.201+0000] {processor.py:183} INFO - Processing /opt/airflow/dags/product_pipeline_dag.py took 0.258 seconds
[2026-02-14T10:28:34.292+0000] {processor.py:161} INFO - Started process (PID=14345) to work on /opt/airflow/dags/product_pipeline_dag.py
[2026-02-14T10:28:34.297+0000] {processor.py:830} INFO - Processing file /opt/airflow/dags/product_pipeline_dag.py for tasks to queue
[2026-02-14T10:28:34.306+0000] {logging_mixin.py:188} INFO - [2026-02-14T10:28:34.304+0000] {dagbag.py:545} INFO - Filling up the DagBag from /opt/airflow/dags/product_pipeline_dag.py
[2026-02-14T10:28:34.383+0000] {processor.py:840} INFO - DAG(s) 'product_price_pipeline' retrieved from /opt/airflow/dags/product_pipeline_dag.py
[2026-02-14T10:28:34.471+0000] {logging_mixin.py:188} INFO - [2026-02-14T10:28:34.471+0000] {dag.py:3089} INFO - Sync 1 DAGs
[2026-02-14T10:28:34.521+0000] {logging_mixin.py:188} INFO - [2026-02-14T10:28:34.520+0000] {dag.py:3947} INFO - Setting next_dagrun for product_price_pipeline to 2026-02-14 00:00:00+00:00, run_after=2026-02-15 00:00:00+00:00
[2026-02-14T10:28:34.565+0000] {processor.py:183} INFO - Processing /opt/airflow/dags/product_pipeline_dag.py took 0.293 seconds
[2026-02-14T10:29:07.685+0000] {processor.py:161} INFO - Started process (PID=14374) to work on /opt/airflow/dags/product_pipeline_dag.py
[2026-02-14T10:29:07.687+0000] {processor.py:830} INFO - Processing file /opt/airflow/dags/product_pipeline_dag.py for tasks to queue
[2026-02-14T10:29:07.693+0000] {logging_mixin.py:188} INFO - [2026-02-14T10:29:07.693+0000] {dagbag.py:545} INFO - Filling up the DagBag from /opt/airflow/dags/product_pipeline_dag.py
[2026-02-14T10:29:07.788+0000] {processor.py:840} INFO - DAG(s) 'product_price_pipeline' retrieved from /opt/airflow/dags/product_pipeline_dag.py
[2026-02-14T10:29:07.896+0000] {logging_mixin.py:188} INFO - [2026-02-14T10:29:07.895+0000] {dag.py:3089} INFO - Sync 1 DAGs
[2026-02-14T10:29:07.981+0000] {logging_mixin.py:188} INFO - [2026-02-14T10:29:07.980+0000] {dag.py:3947} INFO - Setting next_dagrun for product_price_pipeline to 2026-02-14 00:00:00+00:00, run_after=2026-02-15 00:00:00+00:00
[2026-02-14T10:29:08.036+0000] {processor.py:183} INFO - Processing /opt/airflow/dags/product_pipeline_dag.py took 0.363 seconds
[2026-02-14T10:29:39.987+0000] {processor.py:161} INFO - Started process (PID=14403) to work on /opt/airflow/dags/product_pipeline_dag.py
[2026-02-14T10:29:39.992+0000] {processor.py:830} INFO - Processing file /opt/airflow/dags/product_pipeline_dag.py for tasks to queue
[2026-02-14T10:29:39.997+0000] {logging_mixin.py:188} INFO - [2026-02-14T10:29:39.996+0000] {dagbag.py:545} INFO - Filling up the DagBag from /opt/airflow/dags/product_pipeline_dag.py
[2026-02-14T10:29:40.067+0000] {processor.py:840} INFO - DAG(s) 'product_price_pipeline' retrieved from /opt/airflow/dags/product_pipeline_dag.py
[2026-02-14T10:29:40.137+0000] {logging_mixin.py:188} INFO - [2026-02-14T10:29:40.136+0000] {dag.py:3089} INFO - Sync 1 DAGs
[2026-02-14T10:29:40.184+0000] {logging_mixin.py:188} INFO - [2026-02-14T10:29:40.184+0000] {dag.py:3947} INFO - Setting next_dagrun for product_price_pipeline to 2026-02-14 00:00:00+00:00, run_after=2026-02-15 00:00:00+00:00
[2026-02-14T10:29:40.243+0000] {processor.py:183} INFO - Processing /opt/airflow/dags/product_pipeline_dag.py took 0.268 seconds
[2026-02-14T11:27:51.573+0000] {processor.py:161} INFO - Started process (PID=14428) to work on /opt/airflow/dags/product_pipeline_dag.py
[2026-02-14T11:27:51.576+0000] {processor.py:830} INFO - Processing file /opt/airflow/dags/product_pipeline_dag.py for tasks to queue
[2026-02-14T11:27:51.581+0000] {logging_mixin.py:188} INFO - [2026-02-14T11:27:51.579+0000] {dagbag.py:545} INFO - Filling up the DagBag from /opt/airflow/dags/product_pipeline_dag.py
[2026-02-14T11:27:51.800+0000] {processor.py:840} INFO - DAG(s) 'product_price_pipeline' retrieved from /opt/airflow/dags/product_pipeline_dag.py
[2026-02-14T11:27:52.134+0000] {logging_mixin.py:188} INFO - [2026-02-14T11:27:52.133+0000] {dag.py:3089} INFO - Sync 1 DAGs
[2026-02-14T11:27:52.314+0000] {logging_mixin.py:188} INFO - [2026-02-14T11:27:52.309+0000] {dag.py:3947} INFO - Setting next_dagrun for product_price_pipeline to 2026-02-14 00:00:00+00:00, run_after=2026-02-15 00:00:00+00:00
[2026-02-14T11:27:52.410+0000] {processor.py:183} INFO - Processing /opt/airflow/dags/product_pipeline_dag.py took 0.854 seconds
[2026-02-14T11:28:23.148+0000] {processor.py:161} INFO - Started process (PID=14457) to work on /opt/airflow/dags/product_pipeline_dag.py
[2026-02-14T11:28:23.151+0000] {processor.py:830} INFO - Processing file /opt/airflow/dags/product_pipeline_dag.py for tasks to queue
[2026-02-14T11:28:23.154+0000] {logging_mixin.py:188} INFO - [2026-02-14T11:28:23.154+0000] {dagbag.py:545} INFO - Filling up the DagBag from /opt/airflow/dags/product_pipeline_dag.py
[2026-02-14T11:28:23.225+0000] {processor.py:840} INFO - DAG(s) 'product_price_pipeline' retrieved from /opt/airflow/dags/product_pipeline_dag.py
[2026-02-14T11:28:23.286+0000] {logging_mixin.py:188} INFO - [2026-02-14T11:28:23.286+0000] {dag.py:3089} INFO - Sync 1 DAGs
[2026-02-14T11:28:23.326+0000] {logging_mixin.py:188} INFO - [2026-02-14T11:28:23.325+0000] {dag.py:3947} INFO - Setting next_dagrun for product_price_pipeline to 2026-02-14 00:00:00+00:00, run_after=2026-02-15 00:00:00+00:00
[2026-02-14T11:28:23.382+0000] {processor.py:183} INFO - Processing /opt/airflow/dags/product_pipeline_dag.py took 0.246 seconds
[2026-02-14T11:28:53.597+0000] {processor.py:161} INFO - Started process (PID=14479) to work on /opt/airflow/dags/product_pipeline_dag.py
[2026-02-14T11:28:53.600+0000] {processor.py:830} INFO - Processing file /opt/airflow/dags/product_pipeline_dag.py for tasks to queue
[2026-02-14T11:28:53.609+0000] {logging_mixin.py:188} INFO - [2026-02-14T11:28:53.607+0000] {dagbag.py:545} INFO - Filling up the DagBag from /opt/airflow/dags/product_pipeline_dag.py
[2026-02-14T11:28:53.761+0000] {processor.py:840} INFO - DAG(s) 'product_price_pipeline' retrieved from /opt/airflow/dags/product_pipeline_dag.py
[2026-02-14T11:28:53.951+0000] {logging_mixin.py:188} INFO - [2026-02-14T11:28:53.950+0000] {dag.py:3089} INFO - Sync 1 DAGs
[2026-02-14T11:28:54.053+0000] {logging_mixin.py:188} INFO - [2026-02-14T11:28:54.052+0000] {dag.py:3947} INFO - Setting next_dagrun for product_price_pipeline to 2026-02-14 00:00:00+00:00, run_after=2026-02-15 00:00:00+00:00
[2026-02-14T11:28:54.118+0000] {processor.py:183} INFO - Processing /opt/airflow/dags/product_pipeline_dag.py took 0.538 seconds
[2026-02-14T11:29:29.520+0000] {processor.py:161} INFO - Started process (PID=14505) to work on /opt/airflow/dags/product_pipeline_dag.py
[2026-02-14T11:29:29.540+0000] {processor.py:830} INFO - Processing file /opt/airflow/dags/product_pipeline_dag.py for tasks to queue
[2026-02-14T11:29:29.592+0000] {logging_mixin.py:188} INFO - [2026-02-14T11:29:29.583+0000] {dagbag.py:545} INFO - Filling up the DagBag from /opt/airflow/dags/product_pipeline_dag.py
[2026-02-14T11:29:29.923+0000] {processor.py:840} INFO - DAG(s) 'product_price_pipeline' retrieved from /opt/airflow/dags/product_pipeline_dag.py
[2026-02-14T11:29:30.207+0000] {logging_mixin.py:188} INFO - [2026-02-14T11:29:30.207+0000] {dag.py:3089} INFO - Sync 1 DAGs
[2026-02-14T11:29:30.337+0000] {logging_mixin.py:188} INFO - [2026-02-14T11:29:30.336+0000] {dag.py:3947} INFO - Setting next_dagrun for product_price_pipeline to 2026-02-14 00:00:00+00:00, run_after=2026-02-15 00:00:00+00:00
[2026-02-14T11:29:30.401+0000] {processor.py:183} INFO - Processing /opt/airflow/dags/product_pipeline_dag.py took 1.044 seconds
[2026-02-14T11:30:02.146+0000] {processor.py:161} INFO - Started process (PID=14532) to work on /opt/airflow/dags/product_pipeline_dag.py
[2026-02-14T11:30:02.150+0000] {processor.py:830} INFO - Processing file /opt/airflow/dags/product_pipeline_dag.py for tasks to queue
[2026-02-14T11:30:02.156+0000] {logging_mixin.py:188} INFO - [2026-02-14T11:30:02.154+0000] {dagbag.py:545} INFO - Filling up the DagBag from /opt/airflow/dags/product_pipeline_dag.py
[2026-02-14T11:30:02.253+0000] {processor.py:840} INFO - DAG(s) 'product_price_pipeline' retrieved from /opt/airflow/dags/product_pipeline_dag.py
[2026-02-14T11:30:02.403+0000] {logging_mixin.py:188} INFO - [2026-02-14T11:30:02.403+0000] {dag.py:3089} INFO - Sync 1 DAGs
[2026-02-14T11:30:02.479+0000] {logging_mixin.py:188} INFO - [2026-02-14T11:30:02.479+0000] {dag.py:3947} INFO - Setting next_dagrun for product_price_pipeline to 2026-02-14 00:00:00+00:00, run_after=2026-02-15 00:00:00+00:00
[2026-02-14T11:30:02.541+0000] {processor.py:183} INFO - Processing /opt/airflow/dags/product_pipeline_dag.py took 0.412 seconds
[2026-02-14T11:30:34.590+0000] {processor.py:161} INFO - Started process (PID=14561) to work on /opt/airflow/dags/product_pipeline_dag.py
[2026-02-14T11:30:34.599+0000] {processor.py:830} INFO - Processing file /opt/airflow/dags/product_pipeline_dag.py for tasks to queue
[2026-02-14T11:30:34.603+0000] {logging_mixin.py:188} INFO - [2026-02-14T11:30:34.602+0000] {dagbag.py:545} INFO - Filling up the DagBag from /opt/airflow/dags/product_pipeline_dag.py
[2026-02-14T11:30:34.675+0000] {processor.py:840} INFO - DAG(s) 'product_price_pipeline' retrieved from /opt/airflow/dags/product_pipeline_dag.py
[2026-02-14T11:30:34.769+0000] {logging_mixin.py:188} INFO - [2026-02-14T11:30:34.768+0000] {dag.py:3089} INFO - Sync 1 DAGs
[2026-02-14T11:30:34.839+0000] {logging_mixin.py:188} INFO - [2026-02-14T11:30:34.838+0000] {dag.py:3947} INFO - Setting next_dagrun for product_price_pipeline to 2026-02-14 00:00:00+00:00, run_after=2026-02-15 00:00:00+00:00
[2026-02-14T11:30:34.886+0000] {processor.py:183} INFO - Processing /opt/airflow/dags/product_pipeline_dag.py took 0.302 seconds
[2026-02-14T11:31:06.612+0000] {processor.py:161} INFO - Started process (PID=14590) to work on /opt/airflow/dags/product_pipeline_dag.py
[2026-02-14T11:31:06.614+0000] {processor.py:830} INFO - Processing file /opt/airflow/dags/product_pipeline_dag.py for tasks to queue
[2026-02-14T11:31:06.618+0000] {logging_mixin.py:188} INFO - [2026-02-14T11:31:06.618+0000] {dagbag.py:545} INFO - Filling up the DagBag from /opt/airflow/dags/product_pipeline_dag.py
[2026-02-14T11:31:06.680+0000] {processor.py:840} INFO - DAG(s) 'product_price_pipeline' retrieved from /opt/airflow/dags/product_pipeline_dag.py
[2026-02-14T11:31:06.755+0000] {logging_mixin.py:188} INFO - [2026-02-14T11:31:06.755+0000] {dag.py:3089} INFO - Sync 1 DAGs
[2026-02-14T11:31:06.810+0000] {logging_mixin.py:188} INFO - [2026-02-14T11:31:06.810+0000] {dag.py:3947} INFO - Setting next_dagrun for product_price_pipeline to 2026-02-14 00:00:00+00:00, run_after=2026-02-15 00:00:00+00:00
[2026-02-14T11:31:06.855+0000] {processor.py:183} INFO - Processing /opt/airflow/dags/product_pipeline_dag.py took 0.257 seconds
[2026-02-14T11:31:42.104+0000] {processor.py:161} INFO - Started process (PID=14621) to work on /opt/airflow/dags/product_pipeline_dag.py
[2026-02-14T11:31:42.106+0000] {processor.py:830} INFO - Processing file /opt/airflow/dags/product_pipeline_dag.py for tasks to queue
[2026-02-14T11:31:42.110+0000] {logging_mixin.py:188} INFO - [2026-02-14T11:31:42.109+0000] {dagbag.py:545} INFO - Filling up the DagBag from /opt/airflow/dags/product_pipeline_dag.py
[2026-02-14T11:31:42.183+0000] {processor.py:840} INFO - DAG(s) 'product_price_pipeline' retrieved from /opt/airflow/dags/product_pipeline_dag.py
[2026-02-14T11:31:42.276+0000] {logging_mixin.py:188} INFO - [2026-02-14T11:31:42.276+0000] {dag.py:3089} INFO - Sync 1 DAGs
[2026-02-14T11:31:42.349+0000] {logging_mixin.py:188} INFO - [2026-02-14T11:31:42.349+0000] {dag.py:3947} INFO - Setting next_dagrun for product_price_pipeline to 2026-02-14 00:00:00+00:00, run_after=2026-02-15 00:00:00+00:00
[2026-02-14T11:31:42.398+0000] {processor.py:183} INFO - Processing /opt/airflow/dags/product_pipeline_dag.py took 0.308 seconds
[2026-02-14T11:32:14.864+0000] {processor.py:161} INFO - Started process (PID=14648) to work on /opt/airflow/dags/product_pipeline_dag.py
[2026-02-14T11:32:14.867+0000] {processor.py:830} INFO - Processing file /opt/airflow/dags/product_pipeline_dag.py for tasks to queue
[2026-02-14T11:32:14.871+0000] {logging_mixin.py:188} INFO - [2026-02-14T11:32:14.870+0000] {dagbag.py:545} INFO - Filling up the DagBag from /opt/airflow/dags/product_pipeline_dag.py
[2026-02-14T11:32:14.945+0000] {processor.py:840} INFO - DAG(s) 'product_price_pipeline' retrieved from /opt/airflow/dags/product_pipeline_dag.py
[2026-02-14T11:32:15.033+0000] {logging_mixin.py:188} INFO - [2026-02-14T11:32:15.033+0000] {dag.py:3089} INFO - Sync 1 DAGs
[2026-02-14T11:32:15.083+0000] {logging_mixin.py:188} INFO - [2026-02-14T11:32:15.082+0000] {dag.py:3947} INFO - Setting next_dagrun for product_price_pipeline to 2026-02-14 00:00:00+00:00, run_after=2026-02-15 00:00:00+00:00
[2026-02-14T11:32:15.165+0000] {processor.py:183} INFO - Processing /opt/airflow/dags/product_pipeline_dag.py took 0.313 seconds
[2026-02-14T11:32:46.084+0000] {processor.py:161} INFO - Started process (PID=14677) to work on /opt/airflow/dags/product_pipeline_dag.py
[2026-02-14T11:32:46.087+0000] {processor.py:830} INFO - Processing file /opt/airflow/dags/product_pipeline_dag.py for tasks to queue
[2026-02-14T11:32:46.093+0000] {logging_mixin.py:188} INFO - [2026-02-14T11:32:46.092+0000] {dagbag.py:545} INFO - Filling up the DagBag from /opt/airflow/dags/product_pipeline_dag.py
[2026-02-14T11:32:46.156+0000] {processor.py:840} INFO - DAG(s) 'product_price_pipeline' retrieved from /opt/airflow/dags/product_pipeline_dag.py
[2026-02-14T11:32:46.258+0000] {logging_mixin.py:188} INFO - [2026-02-14T11:32:46.257+0000] {dag.py:3089} INFO - Sync 1 DAGs
[2026-02-14T11:32:46.356+0000] {logging_mixin.py:188} INFO - [2026-02-14T11:32:46.355+0000] {dag.py:3947} INFO - Setting next_dagrun for product_price_pipeline to 2026-02-14 00:00:00+00:00, run_after=2026-02-15 00:00:00+00:00
[2026-02-14T11:32:46.448+0000] {processor.py:183} INFO - Processing /opt/airflow/dags/product_pipeline_dag.py took 0.380 seconds
[2026-02-14T11:33:16.729+0000] {processor.py:161} INFO - Started process (PID=14699) to work on /opt/airflow/dags/product_pipeline_dag.py
[2026-02-14T11:33:16.731+0000] {processor.py:830} INFO - Processing file /opt/airflow/dags/product_pipeline_dag.py for tasks to queue
[2026-02-14T11:33:16.736+0000] {logging_mixin.py:188} INFO - [2026-02-14T11:33:16.734+0000] {dagbag.py:545} INFO - Filling up the DagBag from /opt/airflow/dags/product_pipeline_dag.py
[2026-02-14T11:33:16.799+0000] {processor.py:840} INFO - DAG(s) 'product_price_pipeline' retrieved from /opt/airflow/dags/product_pipeline_dag.py
[2026-02-14T11:33:16.866+0000] {logging_mixin.py:188} INFO - [2026-02-14T11:33:16.865+0000] {dag.py:3089} INFO - Sync 1 DAGs
[2026-02-14T11:33:16.907+0000] {logging_mixin.py:188} INFO - [2026-02-14T11:33:16.907+0000] {dag.py:3947} INFO - Setting next_dagrun for product_price_pipeline to 2026-02-14 00:00:00+00:00, run_after=2026-02-15 00:00:00+00:00
[2026-02-14T11:33:16.945+0000] {processor.py:183} INFO - Processing /opt/airflow/dags/product_pipeline_dag.py took 0.225 seconds
[2026-02-14T11:33:47.699+0000] {processor.py:161} INFO - Started process (PID=14725) to work on /opt/airflow/dags/product_pipeline_dag.py
[2026-02-14T11:33:47.702+0000] {processor.py:830} INFO - Processing file /opt/airflow/dags/product_pipeline_dag.py for tasks to queue
[2026-02-14T11:33:47.707+0000] {logging_mixin.py:188} INFO - [2026-02-14T11:33:47.706+0000] {dagbag.py:545} INFO - Filling up the DagBag from /opt/airflow/dags/product_pipeline_dag.py
[2026-02-14T11:33:47.767+0000] {processor.py:840} INFO - DAG(s) 'product_price_pipeline' retrieved from /opt/airflow/dags/product_pipeline_dag.py
[2026-02-14T11:33:47.844+0000] {logging_mixin.py:188} INFO - [2026-02-14T11:33:47.843+0000] {dag.py:3089} INFO - Sync 1 DAGs
[2026-02-14T11:33:47.902+0000] {logging_mixin.py:188} INFO - [2026-02-14T11:33:47.902+0000] {dag.py:3947} INFO - Setting next_dagrun for product_price_pipeline to 2026-02-14 00:00:00+00:00, run_after=2026-02-15 00:00:00+00:00
[2026-02-14T11:33:47.964+0000] {processor.py:183} INFO - Processing /opt/airflow/dags/product_pipeline_dag.py took 0.279 seconds
[2026-02-14T11:34:18.716+0000] {processor.py:161} INFO - Started process (PID=14754) to work on /opt/airflow/dags/product_pipeline_dag.py
[2026-02-14T11:34:18.718+0000] {processor.py:830} INFO - Processing file /opt/airflow/dags/product_pipeline_dag.py for tasks to queue
[2026-02-14T11:34:18.726+0000] {logging_mixin.py:188} INFO - [2026-02-14T11:34:18.724+0000] {dagbag.py:545} INFO - Filling up the DagBag from /opt/airflow/dags/product_pipeline_dag.py
[2026-02-14T11:34:18.839+0000] {processor.py:840} INFO - DAG(s) 'product_price_pipeline' retrieved from /opt/airflow/dags/product_pipeline_dag.py
[2026-02-14T11:34:18.967+0000] {logging_mixin.py:188} INFO - [2026-02-14T11:34:18.965+0000] {dag.py:3089} INFO - Sync 1 DAGs
[2026-02-14T11:34:19.011+0000] {logging_mixin.py:188} INFO - [2026-02-14T11:34:19.010+0000] {dag.py:3947} INFO - Setting next_dagrun for product_price_pipeline to 2026-02-14 00:00:00+00:00, run_after=2026-02-15 00:00:00+00:00
[2026-02-14T11:34:19.064+0000] {processor.py:183} INFO - Processing /opt/airflow/dags/product_pipeline_dag.py took 0.363 seconds
[2026-02-14T11:34:49.643+0000] {processor.py:161} INFO - Started process (PID=14783) to work on /opt/airflow/dags/product_pipeline_dag.py
[2026-02-14T11:34:49.645+0000] {processor.py:830} INFO - Processing file /opt/airflow/dags/product_pipeline_dag.py for tasks to queue
[2026-02-14T11:34:49.652+0000] {logging_mixin.py:188} INFO - [2026-02-14T11:34:49.651+0000] {dagbag.py:545} INFO - Filling up the DagBag from /opt/airflow/dags/product_pipeline_dag.py
[2026-02-14T11:34:49.724+0000] {processor.py:840} INFO - DAG(s) 'product_price_pipeline' retrieved from /opt/airflow/dags/product_pipeline_dag.py
[2026-02-14T11:34:49.787+0000] {logging_mixin.py:188} INFO - [2026-02-14T11:34:49.787+0000] {dag.py:3089} INFO - Sync 1 DAGs
[2026-02-14T11:34:49.832+0000] {logging_mixin.py:188} INFO - [2026-02-14T11:34:49.832+0000] {dag.py:3947} INFO - Setting next_dagrun for product_price_pipeline to 2026-02-14 00:00:00+00:00, run_after=2026-02-15 00:00:00+00:00
[2026-02-14T11:34:49.884+0000] {processor.py:183} INFO - Processing /opt/airflow/dags/product_pipeline_dag.py took 0.254 seconds
[2026-02-14T11:35:22.485+0000] {processor.py:161} INFO - Started process (PID=14812) to work on /opt/airflow/dags/product_pipeline_dag.py
[2026-02-14T11:35:22.487+0000] {processor.py:830} INFO - Processing file /opt/airflow/dags/product_pipeline_dag.py for tasks to queue
[2026-02-14T11:35:22.498+0000] {logging_mixin.py:188} INFO - [2026-02-14T11:35:22.493+0000] {dagbag.py:545} INFO - Filling up the DagBag from /opt/airflow/dags/product_pipeline_dag.py
[2026-02-14T11:35:22.603+0000] {processor.py:840} INFO - DAG(s) 'product_price_pipeline' retrieved from /opt/airflow/dags/product_pipeline_dag.py
[2026-02-14T11:35:22.751+0000] {logging_mixin.py:188} INFO - [2026-02-14T11:35:22.750+0000] {dag.py:3089} INFO - Sync 1 DAGs
[2026-02-14T11:35:22.800+0000] {logging_mixin.py:188} INFO - [2026-02-14T11:35:22.800+0000] {dag.py:3947} INFO - Setting next_dagrun for product_price_pipeline to 2026-02-14 00:00:00+00:00, run_after=2026-02-15 00:00:00+00:00
[2026-02-14T11:35:22.844+0000] {processor.py:183} INFO - Processing /opt/airflow/dags/product_pipeline_dag.py took 0.371 seconds
[2026-02-14T11:35:55.314+0000] {processor.py:161} INFO - Started process (PID=14844) to work on /opt/airflow/dags/product_pipeline_dag.py
[2026-02-14T11:35:55.316+0000] {processor.py:830} INFO - Processing file /opt/airflow/dags/product_pipeline_dag.py for tasks to queue
[2026-02-14T11:35:55.323+0000] {logging_mixin.py:188} INFO - [2026-02-14T11:35:55.322+0000] {dagbag.py:545} INFO - Filling up the DagBag from /opt/airflow/dags/product_pipeline_dag.py
[2026-02-14T11:35:55.388+0000] {processor.py:840} INFO - DAG(s) 'product_price_pipeline' retrieved from /opt/airflow/dags/product_pipeline_dag.py
[2026-02-14T11:35:55.468+0000] {logging_mixin.py:188} INFO - [2026-02-14T11:35:55.467+0000] {dag.py:3089} INFO - Sync 1 DAGs
[2026-02-14T11:35:55.525+0000] {logging_mixin.py:188} INFO - [2026-02-14T11:35:55.524+0000] {dag.py:3947} INFO - Setting next_dagrun for product_price_pipeline to 2026-02-14 00:00:00+00:00, run_after=2026-02-15 00:00:00+00:00
[2026-02-14T11:35:55.592+0000] {processor.py:183} INFO - Processing /opt/airflow/dags/product_pipeline_dag.py took 0.289 seconds
[2026-02-14T11:36:29.886+0000] {processor.py:161} INFO - Started process (PID=14880) to work on /opt/airflow/dags/product_pipeline_dag.py
[2026-02-14T11:36:29.888+0000] {processor.py:830} INFO - Processing file /opt/airflow/dags/product_pipeline_dag.py for tasks to queue
[2026-02-14T11:36:29.892+0000] {logging_mixin.py:188} INFO - [2026-02-14T11:36:29.891+0000] {dagbag.py:545} INFO - Filling up the DagBag from /opt/airflow/dags/product_pipeline_dag.py
[2026-02-14T11:36:29.936+0000] {processor.py:840} INFO - DAG(s) 'product_price_pipeline' retrieved from /opt/airflow/dags/product_pipeline_dag.py
[2026-02-14T11:36:29.992+0000] {logging_mixin.py:188} INFO - [2026-02-14T11:36:29.991+0000] {dag.py:3089} INFO - Sync 1 DAGs
[2026-02-14T11:36:30.039+0000] {logging_mixin.py:188} INFO - [2026-02-14T11:36:30.039+0000] {dag.py:3947} INFO - Setting next_dagrun for product_price_pipeline to 2026-02-14 00:00:00+00:00, run_after=2026-02-15 00:00:00+00:00
[2026-02-14T11:36:30.084+0000] {processor.py:183} INFO - Processing /opt/airflow/dags/product_pipeline_dag.py took 0.207 seconds
[2026-02-14T11:37:02.690+0000] {processor.py:161} INFO - Started process (PID=14909) to work on /opt/airflow/dags/product_pipeline_dag.py
[2026-02-14T11:37:02.694+0000] {processor.py:830} INFO - Processing file /opt/airflow/dags/product_pipeline_dag.py for tasks to queue
[2026-02-14T11:37:02.699+0000] {logging_mixin.py:188} INFO - [2026-02-14T11:37:02.698+0000] {dagbag.py:545} INFO - Filling up the DagBag from /opt/airflow/dags/product_pipeline_dag.py
[2026-02-14T11:37:02.755+0000] {processor.py:840} INFO - DAG(s) 'product_price_pipeline' retrieved from /opt/airflow/dags/product_pipeline_dag.py
[2026-02-14T11:37:02.835+0000] {logging_mixin.py:188} INFO - [2026-02-14T11:37:02.834+0000] {dag.py:3089} INFO - Sync 1 DAGs
[2026-02-14T11:37:02.885+0000] {logging_mixin.py:188} INFO - [2026-02-14T11:37:02.884+0000] {dag.py:3947} INFO - Setting next_dagrun for product_price_pipeline to 2026-02-14 00:00:00+00:00, run_after=2026-02-15 00:00:00+00:00
[2026-02-14T11:37:02.922+0000] {processor.py:183} INFO - Processing /opt/airflow/dags/product_pipeline_dag.py took 0.248 seconds
[2026-02-14T11:37:35.738+0000] {processor.py:161} INFO - Started process (PID=14938) to work on /opt/airflow/dags/product_pipeline_dag.py
[2026-02-14T11:37:35.742+0000] {processor.py:830} INFO - Processing file /opt/airflow/dags/product_pipeline_dag.py for tasks to queue
[2026-02-14T11:37:35.746+0000] {logging_mixin.py:188} INFO - [2026-02-14T11:37:35.745+0000] {dagbag.py:545} INFO - Filling up the DagBag from /opt/airflow/dags/product_pipeline_dag.py
[2026-02-14T11:37:35.800+0000] {processor.py:840} INFO - DAG(s) 'product_price_pipeline' retrieved from /opt/airflow/dags/product_pipeline_dag.py
[2026-02-14T11:37:35.866+0000] {logging_mixin.py:188} INFO - [2026-02-14T11:37:35.865+0000] {dag.py:3089} INFO - Sync 1 DAGs
[2026-02-14T11:37:35.902+0000] {logging_mixin.py:188} INFO - [2026-02-14T11:37:35.901+0000] {dag.py:3947} INFO - Setting next_dagrun for product_price_pipeline to 2026-02-14 00:00:00+00:00, run_after=2026-02-15 00:00:00+00:00
[2026-02-14T11:37:35.944+0000] {processor.py:183} INFO - Processing /opt/airflow/dags/product_pipeline_dag.py took 0.218 seconds
[2026-02-14T11:38:09.338+0000] {processor.py:161} INFO - Started process (PID=14967) to work on /opt/airflow/dags/product_pipeline_dag.py
[2026-02-14T11:38:09.341+0000] {processor.py:830} INFO - Processing file /opt/airflow/dags/product_pipeline_dag.py for tasks to queue
[2026-02-14T11:38:09.348+0000] {logging_mixin.py:188} INFO - [2026-02-14T11:38:09.346+0000] {dagbag.py:545} INFO - Filling up the DagBag from /opt/airflow/dags/product_pipeline_dag.py
[2026-02-14T11:38:09.434+0000] {processor.py:840} INFO - DAG(s) 'product_price_pipeline' retrieved from /opt/airflow/dags/product_pipeline_dag.py
[2026-02-14T11:38:09.546+0000] {logging_mixin.py:188} INFO - [2026-02-14T11:38:09.543+0000] {dag.py:3089} INFO - Sync 1 DAGs
[2026-02-14T11:38:09.618+0000] {logging_mixin.py:188} INFO - [2026-02-14T11:38:09.617+0000] {dag.py:3947} INFO - Setting next_dagrun for product_price_pipeline to 2026-02-14 00:00:00+00:00, run_after=2026-02-15 00:00:00+00:00
[2026-02-14T11:38:09.676+0000] {processor.py:183} INFO - Processing /opt/airflow/dags/product_pipeline_dag.py took 0.360 seconds
[2026-02-14T11:38:41.185+0000] {processor.py:161} INFO - Started process (PID=14996) to work on /opt/airflow/dags/product_pipeline_dag.py
[2026-02-14T11:38:41.200+0000] {processor.py:830} INFO - Processing file /opt/airflow/dags/product_pipeline_dag.py for tasks to queue
[2026-02-14T11:38:41.205+0000] {logging_mixin.py:188} INFO - [2026-02-14T11:38:41.204+0000] {dagbag.py:545} INFO - Filling up the DagBag from /opt/airflow/dags/product_pipeline_dag.py
[2026-02-14T11:38:41.263+0000] {processor.py:840} INFO - DAG(s) 'product_price_pipeline' retrieved from /opt/airflow/dags/product_pipeline_dag.py
[2026-02-14T11:38:41.334+0000] {logging_mixin.py:188} INFO - [2026-02-14T11:38:41.334+0000] {dag.py:3089} INFO - Sync 1 DAGs
[2026-02-14T11:38:41.373+0000] {logging_mixin.py:188} INFO - [2026-02-14T11:38:41.373+0000] {dag.py:3947} INFO - Setting next_dagrun for product_price_pipeline to 2026-02-14 00:00:00+00:00, run_after=2026-02-15 00:00:00+00:00
[2026-02-14T11:38:41.418+0000] {processor.py:183} INFO - Processing /opt/airflow/dags/product_pipeline_dag.py took 0.244 seconds
[2026-02-14T11:39:15.530+0000] {processor.py:161} INFO - Started process (PID=15036) to work on /opt/airflow/dags/product_pipeline_dag.py
[2026-02-14T11:39:15.536+0000] {processor.py:830} INFO - Processing file /opt/airflow/dags/product_pipeline_dag.py for tasks to queue
[2026-02-14T11:39:15.540+0000] {logging_mixin.py:188} INFO - [2026-02-14T11:39:15.539+0000] {dagbag.py:545} INFO - Filling up the DagBag from /opt/airflow/dags/product_pipeline_dag.py
[2026-02-14T11:39:15.594+0000] {processor.py:840} INFO - DAG(s) 'product_price_pipeline' retrieved from /opt/airflow/dags/product_pipeline_dag.py
[2026-02-14T11:39:15.661+0000] {logging_mixin.py:188} INFO - [2026-02-14T11:39:15.661+0000] {dag.py:3089} INFO - Sync 1 DAGs
[2026-02-14T11:39:15.705+0000] {logging_mixin.py:188} INFO - [2026-02-14T11:39:15.705+0000] {dag.py:3947} INFO - Setting next_dagrun for product_price_pipeline to 2026-02-14 00:00:00+00:00, run_after=2026-02-15 00:00:00+00:00
[2026-02-14T11:39:15.761+0000] {processor.py:183} INFO - Processing /opt/airflow/dags/product_pipeline_dag.py took 0.248 seconds
[2026-02-14T11:39:48.997+0000] {processor.py:161} INFO - Started process (PID=15066) to work on /opt/airflow/dags/product_pipeline_dag.py
[2026-02-14T11:39:48.999+0000] {processor.py:830} INFO - Processing file /opt/airflow/dags/product_pipeline_dag.py for tasks to queue
[2026-02-14T11:39:49.002+0000] {logging_mixin.py:188} INFO - [2026-02-14T11:39:49.002+0000] {dagbag.py:545} INFO - Filling up the DagBag from /opt/airflow/dags/product_pipeline_dag.py
[2026-02-14T11:39:49.054+0000] {processor.py:840} INFO - DAG(s) 'product_price_pipeline' retrieved from /opt/airflow/dags/product_pipeline_dag.py
[2026-02-14T11:39:49.112+0000] {logging_mixin.py:188} INFO - [2026-02-14T11:39:49.112+0000] {dag.py:3089} INFO - Sync 1 DAGs
[2026-02-14T11:39:49.169+0000] {logging_mixin.py:188} INFO - [2026-02-14T11:39:49.168+0000] {dag.py:3947} INFO - Setting next_dagrun for product_price_pipeline to 2026-02-14 00:00:00+00:00, run_after=2026-02-15 00:00:00+00:00
[2026-02-14T11:39:49.205+0000] {processor.py:183} INFO - Processing /opt/airflow/dags/product_pipeline_dag.py took 0.217 seconds
[2026-02-14T11:40:23.372+0000] {processor.py:161} INFO - Started process (PID=15095) to work on /opt/airflow/dags/product_pipeline_dag.py
[2026-02-14T11:40:23.375+0000] {processor.py:830} INFO - Processing file /opt/airflow/dags/product_pipeline_dag.py for tasks to queue
[2026-02-14T11:40:23.380+0000] {logging_mixin.py:188} INFO - [2026-02-14T11:40:23.379+0000] {dagbag.py:545} INFO - Filling up the DagBag from /opt/airflow/dags/product_pipeline_dag.py
[2026-02-14T11:40:23.446+0000] {processor.py:840} INFO - DAG(s) 'product_price_pipeline' retrieved from /opt/airflow/dags/product_pipeline_dag.py
[2026-02-14T11:40:23.513+0000] {logging_mixin.py:188} INFO - [2026-02-14T11:40:23.513+0000] {dag.py:3089} INFO - Sync 1 DAGs
[2026-02-14T11:40:23.556+0000] {logging_mixin.py:188} INFO - [2026-02-14T11:40:23.556+0000] {dag.py:3947} INFO - Setting next_dagrun for product_price_pipeline to 2026-02-14 00:00:00+00:00, run_after=2026-02-15 00:00:00+00:00
[2026-02-14T11:40:23.605+0000] {processor.py:183} INFO - Processing /opt/airflow/dags/product_pipeline_dag.py took 0.245 seconds
[2026-02-14T11:40:56.366+0000] {processor.py:161} INFO - Started process (PID=15126) to work on /opt/airflow/dags/product_pipeline_dag.py
[2026-02-14T11:40:56.369+0000] {processor.py:830} INFO - Processing file /opt/airflow/dags/product_pipeline_dag.py for tasks to queue
[2026-02-14T11:40:56.372+0000] {logging_mixin.py:188} INFO - [2026-02-14T11:40:56.372+0000] {dagbag.py:545} INFO - Filling up the DagBag from /opt/airflow/dags/product_pipeline_dag.py
[2026-02-14T11:40:56.414+0000] {processor.py:840} INFO - DAG(s) 'product_price_pipeline' retrieved from /opt/airflow/dags/product_pipeline_dag.py
[2026-02-14T11:40:56.458+0000] {logging_mixin.py:188} INFO - [2026-02-14T11:40:56.457+0000] {dag.py:3089} INFO - Sync 1 DAGs
[2026-02-14T11:40:56.486+0000] {logging_mixin.py:188} INFO - [2026-02-14T11:40:56.486+0000] {dag.py:3947} INFO - Setting next_dagrun for product_price_pipeline to 2026-02-14 00:00:00+00:00, run_after=2026-02-15 00:00:00+00:00
[2026-02-14T11:40:56.522+0000] {processor.py:183} INFO - Processing /opt/airflow/dags/product_pipeline_dag.py took 0.164 seconds
[2026-02-14T11:41:30.100+0000] {processor.py:161} INFO - Started process (PID=15153) to work on /opt/airflow/dags/product_pipeline_dag.py
[2026-02-14T11:41:30.103+0000] {processor.py:830} INFO - Processing file /opt/airflow/dags/product_pipeline_dag.py for tasks to queue
[2026-02-14T11:41:30.106+0000] {logging_mixin.py:188} INFO - [2026-02-14T11:41:30.105+0000] {dagbag.py:545} INFO - Filling up the DagBag from /opt/airflow/dags/product_pipeline_dag.py
[2026-02-14T11:41:30.172+0000] {processor.py:840} INFO - DAG(s) 'product_price_pipeline' retrieved from /opt/airflow/dags/product_pipeline_dag.py
[2026-02-14T11:41:30.236+0000] {logging_mixin.py:188} INFO - [2026-02-14T11:41:30.236+0000] {dag.py:3089} INFO - Sync 1 DAGs
[2026-02-14T11:41:30.284+0000] {logging_mixin.py:188} INFO - [2026-02-14T11:41:30.283+0000] {dag.py:3947} INFO - Setting next_dagrun for product_price_pipeline to 2026-02-14 00:00:00+00:00, run_after=2026-02-15 00:00:00+00:00
[2026-02-14T11:41:30.334+0000] {processor.py:183} INFO - Processing /opt/airflow/dags/product_pipeline_dag.py took 0.247 seconds
[2026-02-14T11:42:03.112+0000] {processor.py:161} INFO - Started process (PID=15182) to work on /opt/airflow/dags/product_pipeline_dag.py
[2026-02-14T11:42:03.114+0000] {processor.py:830} INFO - Processing file /opt/airflow/dags/product_pipeline_dag.py for tasks to queue
[2026-02-14T11:42:03.119+0000] {logging_mixin.py:188} INFO - [2026-02-14T11:42:03.119+0000] {dagbag.py:545} INFO - Filling up the DagBag from /opt/airflow/dags/product_pipeline_dag.py
[2026-02-14T11:42:03.171+0000] {processor.py:840} INFO - DAG(s) 'product_price_pipeline' retrieved from /opt/airflow/dags/product_pipeline_dag.py
[2026-02-14T11:42:03.242+0000] {logging_mixin.py:188} INFO - [2026-02-14T11:42:03.241+0000] {dag.py:3089} INFO - Sync 1 DAGs
[2026-02-14T11:42:03.277+0000] {logging_mixin.py:188} INFO - [2026-02-14T11:42:03.277+0000] {dag.py:3947} INFO - Setting next_dagrun for product_price_pipeline to 2026-02-14 00:00:00+00:00, run_after=2026-02-15 00:00:00+00:00
[2026-02-14T11:42:03.315+0000] {processor.py:183} INFO - Processing /opt/airflow/dags/product_pipeline_dag.py took 0.212 seconds
[2026-02-14T11:42:37.303+0000] {processor.py:161} INFO - Started process (PID=15211) to work on /opt/airflow/dags/product_pipeline_dag.py
[2026-02-14T11:42:37.305+0000] {processor.py:830} INFO - Processing file /opt/airflow/dags/product_pipeline_dag.py for tasks to queue
[2026-02-14T11:42:37.309+0000] {logging_mixin.py:188} INFO - [2026-02-14T11:42:37.309+0000] {dagbag.py:545} INFO - Filling up the DagBag from /opt/airflow/dags/product_pipeline_dag.py
[2026-02-14T11:42:37.366+0000] {processor.py:840} INFO - DAG(s) 'product_price_pipeline' retrieved from /opt/airflow/dags/product_pipeline_dag.py
[2026-02-14T11:42:37.454+0000] {logging_mixin.py:188} INFO - [2026-02-14T11:42:37.453+0000] {dag.py:3089} INFO - Sync 1 DAGs
[2026-02-14T11:42:37.499+0000] {logging_mixin.py:188} INFO - [2026-02-14T11:42:37.499+0000] {dag.py:3947} INFO - Setting next_dagrun for product_price_pipeline to 2026-02-14 00:00:00+00:00, run_after=2026-02-15 00:00:00+00:00
[2026-02-14T11:42:37.545+0000] {processor.py:183} INFO - Processing /opt/airflow/dags/product_pipeline_dag.py took 0.256 seconds
[2026-02-14T11:43:16.197+0000] {processor.py:161} INFO - Started process (PID=15234) to work on /opt/airflow/dags/product_pipeline_dag.py
[2026-02-14T11:43:16.201+0000] {processor.py:830} INFO - Processing file /opt/airflow/dags/product_pipeline_dag.py for tasks to queue
[2026-02-14T11:43:16.204+0000] {logging_mixin.py:188} INFO - [2026-02-14T11:43:16.204+0000] {dagbag.py:545} INFO - Filling up the DagBag from /opt/airflow/dags/product_pipeline_dag.py
[2026-02-14T11:43:16.267+0000] {processor.py:840} INFO - DAG(s) 'product_price_pipeline' retrieved from /opt/airflow/dags/product_pipeline_dag.py
[2026-02-14T11:43:16.350+0000] {logging_mixin.py:188} INFO - [2026-02-14T11:43:16.350+0000] {dag.py:3089} INFO - Sync 1 DAGs
[2026-02-14T11:43:16.416+0000] {logging_mixin.py:188} INFO - [2026-02-14T11:43:16.415+0000] {dag.py:3947} INFO - Setting next_dagrun for product_price_pipeline to 2026-02-14 00:00:00+00:00, run_after=2026-02-15 00:00:00+00:00
[2026-02-14T11:43:16.476+0000] {processor.py:183} INFO - Processing /opt/airflow/dags/product_pipeline_dag.py took 0.286 seconds
[2026-02-14T12:33:49.579+0000] {processor.py:161} INFO - Started process (PID=15269) to work on /opt/airflow/dags/product_pipeline_dag.py
[2026-02-14T12:33:49.587+0000] {processor.py:830} INFO - Processing file /opt/airflow/dags/product_pipeline_dag.py for tasks to queue
[2026-02-14T12:33:49.629+0000] {logging_mixin.py:188} INFO - [2026-02-14T12:33:49.622+0000] {dagbag.py:545} INFO - Filling up the DagBag from /opt/airflow/dags/product_pipeline_dag.py
[2026-02-14T12:33:49.926+0000] {processor.py:840} INFO - DAG(s) 'product_price_pipeline' retrieved from /opt/airflow/dags/product_pipeline_dag.py
[2026-02-14T12:33:50.200+0000] {logging_mixin.py:188} INFO - [2026-02-14T12:33:50.200+0000] {dag.py:3089} INFO - Sync 1 DAGs
[2026-02-14T12:33:50.379+0000] {logging_mixin.py:188} INFO - [2026-02-14T12:33:50.378+0000] {dag.py:3947} INFO - Setting next_dagrun for product_price_pipeline to 2026-02-14 00:00:00+00:00, run_after=2026-02-15 00:00:00+00:00
[2026-02-14T12:33:50.455+0000] {processor.py:183} INFO - Processing /opt/airflow/dags/product_pipeline_dag.py took 0.929 seconds
[2026-02-14T12:34:21.372+0000] {processor.py:161} INFO - Started process (PID=15298) to work on /opt/airflow/dags/product_pipeline_dag.py
[2026-02-14T12:34:21.375+0000] {processor.py:830} INFO - Processing file /opt/airflow/dags/product_pipeline_dag.py for tasks to queue
[2026-02-14T12:34:21.381+0000] {logging_mixin.py:188} INFO - [2026-02-14T12:34:21.380+0000] {dagbag.py:545} INFO - Filling up the DagBag from /opt/airflow/dags/product_pipeline_dag.py
[2026-02-14T12:34:21.458+0000] {processor.py:840} INFO - DAG(s) 'product_price_pipeline' retrieved from /opt/airflow/dags/product_pipeline_dag.py
[2026-02-14T12:34:21.555+0000] {logging_mixin.py:188} INFO - [2026-02-14T12:34:21.554+0000] {dag.py:3089} INFO - Sync 1 DAGs
[2026-02-14T12:34:21.616+0000] {logging_mixin.py:188} INFO - [2026-02-14T12:34:21.616+0000] {dag.py:3947} INFO - Setting next_dagrun for product_price_pipeline to 2026-02-14 00:00:00+00:00, run_after=2026-02-15 00:00:00+00:00
[2026-02-14T12:34:21.657+0000] {processor.py:183} INFO - Processing /opt/airflow/dags/product_pipeline_dag.py took 0.301 seconds
[2026-02-14T12:34:52.349+0000] {processor.py:161} INFO - Started process (PID=15326) to work on /opt/airflow/dags/product_pipeline_dag.py
[2026-02-14T12:34:52.351+0000] {processor.py:830} INFO - Processing file /opt/airflow/dags/product_pipeline_dag.py for tasks to queue
[2026-02-14T12:34:52.354+0000] {logging_mixin.py:188} INFO - [2026-02-14T12:34:52.354+0000] {dagbag.py:545} INFO - Filling up the DagBag from /opt/airflow/dags/product_pipeline_dag.py
[2026-02-14T12:34:52.415+0000] {processor.py:840} INFO - DAG(s) 'product_price_pipeline' retrieved from /opt/airflow/dags/product_pipeline_dag.py
[2026-02-14T12:34:52.487+0000] {logging_mixin.py:188} INFO - [2026-02-14T12:34:52.487+0000] {dag.py:3089} INFO - Sync 1 DAGs
[2026-02-14T12:34:52.520+0000] {logging_mixin.py:188} INFO - [2026-02-14T12:34:52.520+0000] {dag.py:3947} INFO - Setting next_dagrun for product_price_pipeline to 2026-02-14 00:00:00+00:00, run_after=2026-02-15 00:00:00+00:00
[2026-02-14T12:34:52.568+0000] {processor.py:183} INFO - Processing /opt/airflow/dags/product_pipeline_dag.py took 0.231 seconds
[2026-02-14T12:35:22.917+0000] {processor.py:161} INFO - Started process (PID=15349) to work on /opt/airflow/dags/product_pipeline_dag.py
[2026-02-14T12:35:22.919+0000] {processor.py:830} INFO - Processing file /opt/airflow/dags/product_pipeline_dag.py for tasks to queue
[2026-02-14T12:35:22.923+0000] {logging_mixin.py:188} INFO - [2026-02-14T12:35:22.922+0000] {dagbag.py:545} INFO - Filling up the DagBag from /opt/airflow/dags/product_pipeline_dag.py
[2026-02-14T12:35:22.977+0000] {processor.py:840} INFO - DAG(s) 'product_price_pipeline' retrieved from /opt/airflow/dags/product_pipeline_dag.py
[2026-02-14T12:35:23.038+0000] {logging_mixin.py:188} INFO - [2026-02-14T12:35:23.038+0000] {dag.py:3089} INFO - Sync 1 DAGs
[2026-02-14T12:35:23.074+0000] {logging_mixin.py:188} INFO - [2026-02-14T12:35:23.073+0000] {dag.py:3947} INFO - Setting next_dagrun for product_price_pipeline to 2026-02-14 00:00:00+00:00, run_after=2026-02-15 00:00:00+00:00
[2026-02-14T12:35:23.111+0000] {processor.py:183} INFO - Processing /opt/airflow/dags/product_pipeline_dag.py took 0.205 seconds
[2026-02-14T12:35:55.813+0000] {processor.py:161} INFO - Started process (PID=15379) to work on /opt/airflow/dags/product_pipeline_dag.py
[2026-02-14T12:35:55.815+0000] {processor.py:830} INFO - Processing file /opt/airflow/dags/product_pipeline_dag.py for tasks to queue
[2026-02-14T12:35:55.818+0000] {logging_mixin.py:188} INFO - [2026-02-14T12:35:55.817+0000] {dagbag.py:545} INFO - Filling up the DagBag from /opt/airflow/dags/product_pipeline_dag.py
[2026-02-14T12:35:55.868+0000] {processor.py:840} INFO - DAG(s) 'product_price_pipeline' retrieved from /opt/airflow/dags/product_pipeline_dag.py
[2026-02-14T12:35:55.934+0000] {logging_mixin.py:188} INFO - [2026-02-14T12:35:55.934+0000] {dag.py:3089} INFO - Sync 1 DAGs
[2026-02-14T12:35:55.982+0000] {logging_mixin.py:188} INFO - [2026-02-14T12:35:55.981+0000] {dag.py:3947} INFO - Setting next_dagrun for product_price_pipeline to 2026-02-14 00:00:00+00:00, run_after=2026-02-15 00:00:00+00:00
[2026-02-14T12:35:56.042+0000] {processor.py:183} INFO - Processing /opt/airflow/dags/product_pipeline_dag.py took 0.239 seconds
[2026-02-14T12:48:23.195+0000] {processor.py:161} INFO - Started process (PID=15416) to work on /opt/airflow/dags/product_pipeline_dag.py
[2026-02-14T12:48:23.208+0000] {processor.py:830} INFO - Processing file /opt/airflow/dags/product_pipeline_dag.py for tasks to queue
[2026-02-14T12:48:23.291+0000] {logging_mixin.py:188} INFO - [2026-02-14T12:48:23.277+0000] {dagbag.py:545} INFO - Filling up the DagBag from /opt/airflow/dags/product_pipeline_dag.py
[2026-02-14T12:48:23.960+0000] {processor.py:840} INFO - DAG(s) 'product_price_pipeline' retrieved from /opt/airflow/dags/product_pipeline_dag.py
[2026-02-14T12:48:24.591+0000] {logging_mixin.py:188} INFO - [2026-02-14T12:48:24.589+0000] {dag.py:3089} INFO - Sync 1 DAGs
[2026-02-14T12:48:25.053+0000] {logging_mixin.py:188} INFO - [2026-02-14T12:48:25.049+0000] {dag.py:3947} INFO - Setting next_dagrun for product_price_pipeline to 2026-02-14 00:00:00+00:00, run_after=2026-02-15 00:00:00+00:00
[2026-02-14T12:48:25.284+0000] {processor.py:183} INFO - Processing /opt/airflow/dags/product_pipeline_dag.py took 2.324 seconds
[2026-02-14T12:48:59.531+0000] {processor.py:161} INFO - Started process (PID=15563) to work on /opt/airflow/dags/product_pipeline_dag.py
[2026-02-14T12:48:59.539+0000] {processor.py:830} INFO - Processing file /opt/airflow/dags/product_pipeline_dag.py for tasks to queue
[2026-02-14T12:48:59.554+0000] {logging_mixin.py:188} INFO - [2026-02-14T12:48:59.552+0000] {dagbag.py:545} INFO - Filling up the DagBag from /opt/airflow/dags/product_pipeline_dag.py
[2026-02-14T12:48:59.811+0000] {processor.py:840} INFO - DAG(s) 'product_price_pipeline' retrieved from /opt/airflow/dags/product_pipeline_dag.py
[2026-02-14T12:49:00.192+0000] {logging_mixin.py:188} INFO - [2026-02-14T12:49:00.191+0000] {dag.py:3089} INFO - Sync 1 DAGs
[2026-02-14T12:49:00.412+0000] {logging_mixin.py:188} INFO - [2026-02-14T12:49:00.410+0000] {dag.py:3947} INFO - Setting next_dagrun for product_price_pipeline to 2026-02-14 00:00:00+00:00, run_after=2026-02-15 00:00:00+00:00
[2026-02-14T12:49:00.525+0000] {processor.py:183} INFO - Processing /opt/airflow/dags/product_pipeline_dag.py took 1.051 seconds
[2026-02-14T12:49:47.932+0000] {processor.py:161} INFO - Started process (PID=15598) to work on /opt/airflow/dags/product_pipeline_dag.py
[2026-02-14T12:49:47.935+0000] {processor.py:830} INFO - Processing file /opt/airflow/dags/product_pipeline_dag.py for tasks to queue
[2026-02-14T12:49:47.942+0000] {logging_mixin.py:188} INFO - [2026-02-14T12:49:47.942+0000] {dagbag.py:545} INFO - Filling up the DagBag from /opt/airflow/dags/product_pipeline_dag.py
[2026-02-14T12:49:48.032+0000] {processor.py:840} INFO - DAG(s) 'product_price_pipeline' retrieved from /opt/airflow/dags/product_pipeline_dag.py
[2026-02-14T12:49:48.137+0000] {logging_mixin.py:188} INFO - [2026-02-14T12:49:48.136+0000] {dag.py:3089} INFO - Sync 1 DAGs
[2026-02-14T12:49:48.208+0000] {logging_mixin.py:188} INFO - [2026-02-14T12:49:48.207+0000] {dag.py:3947} INFO - Setting next_dagrun for product_price_pipeline to 2026-02-14 00:00:00+00:00, run_after=2026-02-15 00:00:00+00:00
[2026-02-14T12:49:48.260+0000] {processor.py:183} INFO - Processing /opt/airflow/dags/product_pipeline_dag.py took 0.340 seconds
[2026-02-14T12:50:35.619+0000] {processor.py:161} INFO - Started process (PID=15629) to work on /opt/airflow/dags/product_pipeline_dag.py
[2026-02-14T12:50:35.645+0000] {processor.py:830} INFO - Processing file /opt/airflow/dags/product_pipeline_dag.py for tasks to queue
[2026-02-14T12:50:35.730+0000] {logging_mixin.py:188} INFO - [2026-02-14T12:50:35.717+0000] {dagbag.py:545} INFO - Filling up the DagBag from /opt/airflow/dags/product_pipeline_dag.py
[2026-02-14T12:50:36.253+0000] {processor.py:840} INFO - DAG(s) 'product_price_pipeline' retrieved from /opt/airflow/dags/product_pipeline_dag.py
[2026-02-14T12:50:36.913+0000] {logging_mixin.py:188} INFO - [2026-02-14T12:50:36.912+0000] {dag.py:3089} INFO - Sync 1 DAGs
[2026-02-14T12:50:37.636+0000] {logging_mixin.py:188} INFO - [2026-02-14T12:50:37.633+0000] {dag.py:3947} INFO - Setting next_dagrun for product_price_pipeline to 2026-02-14 00:00:00+00:00, run_after=2026-02-15 00:00:00+00:00
[2026-02-14T12:50:38.087+0000] {processor.py:183} INFO - Processing /opt/airflow/dags/product_pipeline_dag.py took 2.740 seconds
[2026-02-14T12:51:17.692+0000] {processor.py:161} INFO - Started process (PID=15656) to work on /opt/airflow/dags/product_pipeline_dag.py
[2026-02-14T12:51:17.699+0000] {processor.py:830} INFO - Processing file /opt/airflow/dags/product_pipeline_dag.py for tasks to queue
[2026-02-14T12:51:17.709+0000] {logging_mixin.py:188} INFO - [2026-02-14T12:51:17.707+0000] {dagbag.py:545} INFO - Filling up the DagBag from /opt/airflow/dags/product_pipeline_dag.py
[2026-02-14T12:51:17.842+0000] {processor.py:840} INFO - DAG(s) 'product_price_pipeline' retrieved from /opt/airflow/dags/product_pipeline_dag.py
[2026-02-14T12:51:17.977+0000] {logging_mixin.py:188} INFO - [2026-02-14T12:51:17.976+0000] {dag.py:3089} INFO - Sync 1 DAGs
[2026-02-14T12:51:18.128+0000] {logging_mixin.py:188} INFO - [2026-02-14T12:51:18.127+0000] {dag.py:3947} INFO - Setting next_dagrun for product_price_pipeline to 2026-02-14 00:00:00+00:00, run_after=2026-02-15 00:00:00+00:00
[2026-02-14T12:51:18.215+0000] {processor.py:183} INFO - Processing /opt/airflow/dags/product_pipeline_dag.py took 0.543 seconds
[2026-02-14T12:51:51.081+0000] {processor.py:161} INFO - Started process (PID=15687) to work on /opt/airflow/dags/product_pipeline_dag.py
[2026-02-14T12:51:51.084+0000] {processor.py:830} INFO - Processing file /opt/airflow/dags/product_pipeline_dag.py for tasks to queue
[2026-02-14T12:51:51.089+0000] {logging_mixin.py:188} INFO - [2026-02-14T12:51:51.089+0000] {dagbag.py:545} INFO - Filling up the DagBag from /opt/airflow/dags/product_pipeline_dag.py
[2026-02-14T12:51:51.152+0000] {processor.py:840} INFO - DAG(s) 'product_price_pipeline' retrieved from /opt/airflow/dags/product_pipeline_dag.py
[2026-02-14T12:51:51.207+0000] {logging_mixin.py:188} INFO - [2026-02-14T12:51:51.206+0000] {dag.py:3089} INFO - Sync 1 DAGs
[2026-02-14T12:51:51.250+0000] {logging_mixin.py:188} INFO - [2026-02-14T12:51:51.249+0000] {dag.py:3947} INFO - Setting next_dagrun for product_price_pipeline to 2026-02-14 00:00:00+00:00, run_after=2026-02-15 00:00:00+00:00
[2026-02-14T12:51:51.300+0000] {processor.py:183} INFO - Processing /opt/airflow/dags/product_pipeline_dag.py took 0.228 seconds
[2026-02-14T12:52:34.934+0000] {processor.py:161} INFO - Started process (PID=15716) to work on /opt/airflow/dags/product_pipeline_dag.py
[2026-02-14T12:52:34.958+0000] {processor.py:830} INFO - Processing file /opt/airflow/dags/product_pipeline_dag.py for tasks to queue
[2026-02-14T12:52:35.060+0000] {logging_mixin.py:188} INFO - [2026-02-14T12:52:35.041+0000] {dagbag.py:545} INFO - Filling up the DagBag from /opt/airflow/dags/product_pipeline_dag.py
[2026-02-14T12:52:35.667+0000] {processor.py:840} INFO - DAG(s) 'product_price_pipeline' retrieved from /opt/airflow/dags/product_pipeline_dag.py
[2026-02-14T12:52:36.241+0000] {logging_mixin.py:188} INFO - [2026-02-14T12:52:36.238+0000] {dag.py:3089} INFO - Sync 1 DAGs
[2026-02-14T12:52:36.563+0000] {logging_mixin.py:188} INFO - [2026-02-14T12:52:36.562+0000] {dag.py:3947} INFO - Setting next_dagrun for product_price_pipeline to 2026-02-14 00:00:00+00:00, run_after=2026-02-15 00:00:00+00:00
[2026-02-14T12:52:36.708+0000] {processor.py:183} INFO - Processing /opt/airflow/dags/product_pipeline_dag.py took 2.022 seconds
[2026-02-14T12:53:14.954+0000] {processor.py:161} INFO - Started process (PID=15745) to work on /opt/airflow/dags/product_pipeline_dag.py
[2026-02-14T12:53:14.956+0000] {processor.py:830} INFO - Processing file /opt/airflow/dags/product_pipeline_dag.py for tasks to queue
[2026-02-14T12:53:14.961+0000] {logging_mixin.py:188} INFO - [2026-02-14T12:53:14.961+0000] {dagbag.py:545} INFO - Filling up the DagBag from /opt/airflow/dags/product_pipeline_dag.py
[2026-02-14T12:53:15.018+0000] {processor.py:840} INFO - DAG(s) 'product_price_pipeline' retrieved from /opt/airflow/dags/product_pipeline_dag.py
[2026-02-14T12:53:15.087+0000] {logging_mixin.py:188} INFO - [2026-02-14T12:53:15.087+0000] {dag.py:3089} INFO - Sync 1 DAGs
[2026-02-14T12:53:15.147+0000] {logging_mixin.py:188} INFO - [2026-02-14T12:53:15.147+0000] {dag.py:3947} INFO - Setting next_dagrun for product_price_pipeline to 2026-02-14 00:00:00+00:00, run_after=2026-02-15 00:00:00+00:00
[2026-02-14T12:53:15.191+0000] {processor.py:183} INFO - Processing /opt/airflow/dags/product_pipeline_dag.py took 0.248 seconds
[2026-02-14T12:53:46.540+0000] {processor.py:161} INFO - Started process (PID=15772) to work on /opt/airflow/dags/product_pipeline_dag.py
[2026-02-14T12:53:46.544+0000] {processor.py:830} INFO - Processing file /opt/airflow/dags/product_pipeline_dag.py for tasks to queue
[2026-02-14T12:53:46.547+0000] {logging_mixin.py:188} INFO - [2026-02-14T12:53:46.547+0000] {dagbag.py:545} INFO - Filling up the DagBag from /opt/airflow/dags/product_pipeline_dag.py
[2026-02-14T12:53:46.603+0000] {processor.py:840} INFO - DAG(s) 'product_price_pipeline' retrieved from /opt/airflow/dags/product_pipeline_dag.py
[2026-02-14T12:53:46.665+0000] {logging_mixin.py:188} INFO - [2026-02-14T12:53:46.664+0000] {dag.py:3089} INFO - Sync 1 DAGs
[2026-02-14T12:53:46.726+0000] {logging_mixin.py:188} INFO - [2026-02-14T12:53:46.725+0000] {dag.py:3947} INFO - Setting next_dagrun for product_price_pipeline to 2026-02-14 00:00:00+00:00, run_after=2026-02-15 00:00:00+00:00
[2026-02-14T12:53:46.776+0000] {processor.py:183} INFO - Processing /opt/airflow/dags/product_pipeline_dag.py took 0.245 seconds
[2026-02-14T12:54:25.691+0000] {processor.py:161} INFO - Started process (PID=15803) to work on /opt/airflow/dags/product_pipeline_dag.py
[2026-02-14T12:54:25.696+0000] {processor.py:830} INFO - Processing file /opt/airflow/dags/product_pipeline_dag.py for tasks to queue
[2026-02-14T12:54:25.705+0000] {logging_mixin.py:188} INFO - [2026-02-14T12:54:25.704+0000] {dagbag.py:545} INFO - Filling up the DagBag from /opt/airflow/dags/product_pipeline_dag.py
[2026-02-14T12:54:25.796+0000] {processor.py:840} INFO - DAG(s) 'product_price_pipeline' retrieved from /opt/airflow/dags/product_pipeline_dag.py
[2026-02-14T12:54:25.896+0000] {logging_mixin.py:188} INFO - [2026-02-14T12:54:25.896+0000] {dag.py:3089} INFO - Sync 1 DAGs
[2026-02-14T12:54:25.990+0000] {logging_mixin.py:188} INFO - [2026-02-14T12:54:25.989+0000] {dag.py:3947} INFO - Setting next_dagrun for product_price_pipeline to 2026-02-14 00:00:00+00:00, run_after=2026-02-15 00:00:00+00:00
[2026-02-14T12:54:26.065+0000] {processor.py:183} INFO - Processing /opt/airflow/dags/product_pipeline_dag.py took 0.391 seconds
[2026-02-14T12:54:57.522+0000] {processor.py:161} INFO - Started process (PID=15830) to work on /opt/airflow/dags/product_pipeline_dag.py
[2026-02-14T12:54:57.526+0000] {processor.py:830} INFO - Processing file /opt/airflow/dags/product_pipeline_dag.py for tasks to queue
[2026-02-14T12:54:57.532+0000] {logging_mixin.py:188} INFO - [2026-02-14T12:54:57.531+0000] {dagbag.py:545} INFO - Filling up the DagBag from /opt/airflow/dags/product_pipeline_dag.py
[2026-02-14T12:54:57.610+0000] {processor.py:840} INFO - DAG(s) 'product_price_pipeline' retrieved from /opt/airflow/dags/product_pipeline_dag.py
[2026-02-14T12:54:57.689+0000] {logging_mixin.py:188} INFO - [2026-02-14T12:54:57.688+0000] {dag.py:3089} INFO - Sync 1 DAGs
[2026-02-14T12:54:57.735+0000] {logging_mixin.py:188} INFO - [2026-02-14T12:54:57.735+0000] {dag.py:3947} INFO - Setting next_dagrun for product_price_pipeline to 2026-02-14 00:00:00+00:00, run_after=2026-02-15 00:00:00+00:00
[2026-02-14T12:54:57.783+0000] {processor.py:183} INFO - Processing /opt/airflow/dags/product_pipeline_dag.py took 0.279 seconds
[2026-02-14T12:55:29.850+0000] {processor.py:161} INFO - Started process (PID=15861) to work on /opt/airflow/dags/product_pipeline_dag.py
[2026-02-14T12:55:29.852+0000] {processor.py:830} INFO - Processing file /opt/airflow/dags/product_pipeline_dag.py for tasks to queue
[2026-02-14T12:55:29.856+0000] {logging_mixin.py:188} INFO - [2026-02-14T12:55:29.855+0000] {dagbag.py:545} INFO - Filling up the DagBag from /opt/airflow/dags/product_pipeline_dag.py
[2026-02-14T12:55:29.913+0000] {processor.py:840} INFO - DAG(s) 'product_price_pipeline' retrieved from /opt/airflow/dags/product_pipeline_dag.py
[2026-02-14T12:55:29.975+0000] {logging_mixin.py:188} INFO - [2026-02-14T12:55:29.974+0000] {dag.py:3089} INFO - Sync 1 DAGs
[2026-02-14T12:55:30.009+0000] {logging_mixin.py:188} INFO - [2026-02-14T12:55:30.009+0000] {dag.py:3947} INFO - Setting next_dagrun for product_price_pipeline to 2026-02-14 00:00:00+00:00, run_after=2026-02-15 00:00:00+00:00
[2026-02-14T12:55:30.048+0000] {processor.py:183} INFO - Processing /opt/airflow/dags/product_pipeline_dag.py took 0.210 seconds
[2026-02-14T12:56:02.196+0000] {processor.py:161} INFO - Started process (PID=15888) to work on /opt/airflow/dags/product_pipeline_dag.py
[2026-02-14T12:56:02.201+0000] {processor.py:830} INFO - Processing file /opt/airflow/dags/product_pipeline_dag.py for tasks to queue
[2026-02-14T12:56:02.204+0000] {logging_mixin.py:188} INFO - [2026-02-14T12:56:02.204+0000] {dagbag.py:545} INFO - Filling up the DagBag from /opt/airflow/dags/product_pipeline_dag.py
[2026-02-14T12:56:02.278+0000] {processor.py:840} INFO - DAG(s) 'product_price_pipeline' retrieved from /opt/airflow/dags/product_pipeline_dag.py
[2026-02-14T12:56:02.349+0000] {logging_mixin.py:188} INFO - [2026-02-14T12:56:02.349+0000] {dag.py:3089} INFO - Sync 1 DAGs
[2026-02-14T12:56:02.389+0000] {logging_mixin.py:188} INFO - [2026-02-14T12:56:02.388+0000] {dag.py:3947} INFO - Setting next_dagrun for product_price_pipeline to 2026-02-14 00:00:00+00:00, run_after=2026-02-15 00:00:00+00:00
[2026-02-14T12:56:02.446+0000] {processor.py:183} INFO - Processing /opt/airflow/dags/product_pipeline_dag.py took 0.264 seconds
[2026-02-14T12:56:33.581+0000] {processor.py:161} INFO - Started process (PID=15917) to work on /opt/airflow/dags/product_pipeline_dag.py
[2026-02-14T12:56:33.584+0000] {processor.py:830} INFO - Processing file /opt/airflow/dags/product_pipeline_dag.py for tasks to queue
[2026-02-14T12:56:33.587+0000] {logging_mixin.py:188} INFO - [2026-02-14T12:56:33.587+0000] {dagbag.py:545} INFO - Filling up the DagBag from /opt/airflow/dags/product_pipeline_dag.py
[2026-02-14T12:56:33.658+0000] {processor.py:840} INFO - DAG(s) 'product_price_pipeline' retrieved from /opt/airflow/dags/product_pipeline_dag.py
[2026-02-14T12:56:33.719+0000] {logging_mixin.py:188} INFO - [2026-02-14T12:56:33.719+0000] {dag.py:3089} INFO - Sync 1 DAGs
[2026-02-14T12:56:33.762+0000] {logging_mixin.py:188} INFO - [2026-02-14T12:56:33.762+0000] {dag.py:3947} INFO - Setting next_dagrun for product_price_pipeline to 2026-02-14 00:00:00+00:00, run_after=2026-02-15 00:00:00+00:00
[2026-02-14T12:56:33.800+0000] {processor.py:183} INFO - Processing /opt/airflow/dags/product_pipeline_dag.py took 0.228 seconds
[2026-02-14T12:57:14.628+0000] {processor.py:161} INFO - Started process (PID=15948) to work on /opt/airflow/dags/product_pipeline_dag.py
[2026-02-14T12:57:14.631+0000] {processor.py:830} INFO - Processing file /opt/airflow/dags/product_pipeline_dag.py for tasks to queue
[2026-02-14T12:57:14.643+0000] {logging_mixin.py:188} INFO - [2026-02-14T12:57:14.642+0000] {dagbag.py:545} INFO - Filling up the DagBag from /opt/airflow/dags/product_pipeline_dag.py
[2026-02-14T12:57:14.766+0000] {processor.py:840} INFO - DAG(s) 'product_price_pipeline' retrieved from /opt/airflow/dags/product_pipeline_dag.py
[2026-02-14T12:57:14.943+0000] {logging_mixin.py:188} INFO - [2026-02-14T12:57:14.943+0000] {dag.py:3089} INFO - Sync 1 DAGs
[2026-02-14T12:57:15.058+0000] {logging_mixin.py:188} INFO - [2026-02-14T12:57:15.057+0000] {dag.py:3947} INFO - Setting next_dagrun for product_price_pipeline to 2026-02-14 00:00:00+00:00, run_after=2026-02-15 00:00:00+00:00
[2026-02-14T12:57:15.138+0000] {processor.py:183} INFO - Processing /opt/airflow/dags/product_pipeline_dag.py took 0.543 seconds
[2026-02-14T12:57:59.317+0000] {processor.py:161} INFO - Started process (PID=15977) to work on /opt/airflow/dags/product_pipeline_dag.py
[2026-02-14T12:57:59.330+0000] {processor.py:830} INFO - Processing file /opt/airflow/dags/product_pipeline_dag.py for tasks to queue
[2026-02-14T12:57:59.353+0000] {logging_mixin.py:188} INFO - [2026-02-14T12:57:59.341+0000] {dagbag.py:545} INFO - Filling up the DagBag from /opt/airflow/dags/product_pipeline_dag.py
[2026-02-14T12:57:59.663+0000] {processor.py:840} INFO - DAG(s) 'product_price_pipeline' retrieved from /opt/airflow/dags/product_pipeline_dag.py
[2026-02-14T12:58:00.035+0000] {logging_mixin.py:188} INFO - [2026-02-14T12:58:00.034+0000] {dag.py:3089} INFO - Sync 1 DAGs
[2026-02-14T12:58:00.241+0000] {logging_mixin.py:188} INFO - [2026-02-14T12:58:00.238+0000] {dag.py:3947} INFO - Setting next_dagrun for product_price_pipeline to 2026-02-14 00:00:00+00:00, run_after=2026-02-15 00:00:00+00:00
[2026-02-14T12:58:00.342+0000] {processor.py:183} INFO - Processing /opt/airflow/dags/product_pipeline_dag.py took 1.101 seconds
[2026-02-14T12:58:32.006+0000] {processor.py:161} INFO - Started process (PID=16004) to work on /opt/airflow/dags/product_pipeline_dag.py
[2026-02-14T12:58:32.010+0000] {processor.py:830} INFO - Processing file /opt/airflow/dags/product_pipeline_dag.py for tasks to queue
[2026-02-14T12:58:32.016+0000] {logging_mixin.py:188} INFO - [2026-02-14T12:58:32.015+0000] {dagbag.py:545} INFO - Filling up the DagBag from /opt/airflow/dags/product_pipeline_dag.py
[2026-02-14T12:58:32.063+0000] {processor.py:840} INFO - DAG(s) 'product_price_pipeline' retrieved from /opt/airflow/dags/product_pipeline_dag.py
[2026-02-14T12:58:32.114+0000] {logging_mixin.py:188} INFO - [2026-02-14T12:58:32.113+0000] {dag.py:3089} INFO - Sync 1 DAGs
[2026-02-14T12:58:32.141+0000] {logging_mixin.py:188} INFO - [2026-02-14T12:58:32.141+0000] {dag.py:3947} INFO - Setting next_dagrun for product_price_pipeline to 2026-02-14 00:00:00+00:00, run_after=2026-02-15 00:00:00+00:00
[2026-02-14T12:58:32.178+0000] {processor.py:183} INFO - Processing /opt/airflow/dags/product_pipeline_dag.py took 0.181 seconds
[2026-02-14T12:59:07.526+0000] {processor.py:161} INFO - Started process (PID=16045) to work on /opt/airflow/dags/product_pipeline_dag.py
[2026-02-14T12:59:07.531+0000] {processor.py:830} INFO - Processing file /opt/airflow/dags/product_pipeline_dag.py for tasks to queue
[2026-02-14T12:59:07.539+0000] {logging_mixin.py:188} INFO - [2026-02-14T12:59:07.538+0000] {dagbag.py:545} INFO - Filling up the DagBag from /opt/airflow/dags/product_pipeline_dag.py
[2026-02-14T12:59:07.611+0000] {processor.py:840} INFO - DAG(s) 'product_price_pipeline' retrieved from /opt/airflow/dags/product_pipeline_dag.py
[2026-02-14T12:59:07.721+0000] {logging_mixin.py:188} INFO - [2026-02-14T12:59:07.721+0000] {dag.py:3089} INFO - Sync 1 DAGs
[2026-02-14T12:59:07.802+0000] {logging_mixin.py:188} INFO - [2026-02-14T12:59:07.801+0000] {dag.py:3947} INFO - Setting next_dagrun for product_price_pipeline to 2026-02-14 00:00:00+00:00, run_after=2026-02-15 00:00:00+00:00
[2026-02-14T12:59:07.848+0000] {processor.py:183} INFO - Processing /opt/airflow/dags/product_pipeline_dag.py took 0.341 seconds
[2026-02-14T12:59:39.740+0000] {processor.py:161} INFO - Started process (PID=16074) to work on /opt/airflow/dags/product_pipeline_dag.py
[2026-02-14T12:59:39.743+0000] {processor.py:830} INFO - Processing file /opt/airflow/dags/product_pipeline_dag.py for tasks to queue
[2026-02-14T12:59:39.747+0000] {logging_mixin.py:188} INFO - [2026-02-14T12:59:39.747+0000] {dagbag.py:545} INFO - Filling up the DagBag from /opt/airflow/dags/product_pipeline_dag.py
[2026-02-14T12:59:39.816+0000] {processor.py:840} INFO - DAG(s) 'product_price_pipeline' retrieved from /opt/airflow/dags/product_pipeline_dag.py
[2026-02-14T12:59:39.890+0000] {logging_mixin.py:188} INFO - [2026-02-14T12:59:39.890+0000] {dag.py:3089} INFO - Sync 1 DAGs
[2026-02-14T12:59:39.942+0000] {logging_mixin.py:188} INFO - [2026-02-14T12:59:39.942+0000] {dag.py:3947} INFO - Setting next_dagrun for product_price_pipeline to 2026-02-14 00:00:00+00:00, run_after=2026-02-15 00:00:00+00:00
[2026-02-14T12:59:39.985+0000] {processor.py:183} INFO - Processing /opt/airflow/dags/product_pipeline_dag.py took 0.253 seconds
[2026-02-14T13:00:15.700+0000] {processor.py:161} INFO - Started process (PID=16103) to work on /opt/airflow/dags/product_pipeline_dag.py
[2026-02-14T13:00:15.706+0000] {processor.py:830} INFO - Processing file /opt/airflow/dags/product_pipeline_dag.py for tasks to queue
[2026-02-14T13:00:15.713+0000] {logging_mixin.py:188} INFO - [2026-02-14T13:00:15.712+0000] {dagbag.py:545} INFO - Filling up the DagBag from /opt/airflow/dags/product_pipeline_dag.py
[2026-02-14T13:00:15.785+0000] {processor.py:840} INFO - DAG(s) 'product_price_pipeline' retrieved from /opt/airflow/dags/product_pipeline_dag.py
[2026-02-14T13:00:15.890+0000] {logging_mixin.py:188} INFO - [2026-02-14T13:00:15.889+0000] {dag.py:3089} INFO - Sync 1 DAGs
[2026-02-14T13:00:15.963+0000] {logging_mixin.py:188} INFO - [2026-02-14T13:00:15.962+0000] {dag.py:3947} INFO - Setting next_dagrun for product_price_pipeline to 2026-02-14 00:00:00+00:00, run_after=2026-02-15 00:00:00+00:00
[2026-02-14T13:00:16.015+0000] {processor.py:183} INFO - Processing /opt/airflow/dags/product_pipeline_dag.py took 0.329 seconds
[2026-02-14T13:11:39.124+0000] {processor.py:161} INFO - Started process (PID=16134) to work on /opt/airflow/dags/product_pipeline_dag.py
[2026-02-14T13:11:39.144+0000] {processor.py:830} INFO - Processing file /opt/airflow/dags/product_pipeline_dag.py for tasks to queue
[2026-02-14T13:11:39.215+0000] {logging_mixin.py:188} INFO - [2026-02-14T13:11:39.198+0000] {dagbag.py:545} INFO - Filling up the DagBag from /opt/airflow/dags/product_pipeline_dag.py
[2026-02-14T13:11:39.814+0000] {processor.py:840} INFO - DAG(s) 'product_price_pipeline' retrieved from /opt/airflow/dags/product_pipeline_dag.py
[2026-02-14T13:11:40.297+0000] {logging_mixin.py:188} INFO - [2026-02-14T13:11:40.296+0000] {dag.py:3089} INFO - Sync 1 DAGs
[2026-02-14T13:11:41.218+0000] {logging_mixin.py:188} INFO - [2026-02-14T13:11:41.216+0000] {dag.py:3947} INFO - Setting next_dagrun for product_price_pipeline to 2026-02-14 00:00:00+00:00, run_after=2026-02-15 00:00:00+00:00
[2026-02-14T13:11:41.437+0000] {processor.py:183} INFO - Processing /opt/airflow/dags/product_pipeline_dag.py took 2.711 seconds
[2026-02-14T13:12:11.672+0000] {processor.py:161} INFO - Started process (PID=16163) to work on /opt/airflow/dags/product_pipeline_dag.py
[2026-02-14T13:12:11.676+0000] {processor.py:830} INFO - Processing file /opt/airflow/dags/product_pipeline_dag.py for tasks to queue
[2026-02-14T13:12:11.680+0000] {logging_mixin.py:188} INFO - [2026-02-14T13:12:11.679+0000] {dagbag.py:545} INFO - Filling up the DagBag from /opt/airflow/dags/product_pipeline_dag.py
[2026-02-14T13:12:11.747+0000] {processor.py:840} INFO - DAG(s) 'product_price_pipeline' retrieved from /opt/airflow/dags/product_pipeline_dag.py
[2026-02-14T13:12:11.834+0000] {logging_mixin.py:188} INFO - [2026-02-14T13:12:11.833+0000] {dag.py:3089} INFO - Sync 1 DAGs
[2026-02-14T13:12:11.896+0000] {logging_mixin.py:188} INFO - [2026-02-14T13:12:11.895+0000] {dag.py:3947} INFO - Setting next_dagrun for product_price_pipeline to 2026-02-14 00:00:00+00:00, run_after=2026-02-15 00:00:00+00:00
[2026-02-14T13:12:11.940+0000] {processor.py:183} INFO - Processing /opt/airflow/dags/product_pipeline_dag.py took 0.284 seconds
[2026-02-14T13:12:42.997+0000] {processor.py:161} INFO - Started process (PID=16192) to work on /opt/airflow/dags/product_pipeline_dag.py
[2026-02-14T13:12:43.001+0000] {processor.py:830} INFO - Processing file /opt/airflow/dags/product_pipeline_dag.py for tasks to queue
[2026-02-14T13:12:43.006+0000] {logging_mixin.py:188} INFO - [2026-02-14T13:12:43.005+0000] {dagbag.py:545} INFO - Filling up the DagBag from /opt/airflow/dags/product_pipeline_dag.py
[2026-02-14T13:12:43.066+0000] {processor.py:840} INFO - DAG(s) 'product_price_pipeline' retrieved from /opt/airflow/dags/product_pipeline_dag.py
[2026-02-14T13:12:43.118+0000] {logging_mixin.py:188} INFO - [2026-02-14T13:12:43.117+0000] {dag.py:3089} INFO - Sync 1 DAGs
[2026-02-14T13:12:43.265+0000] {logging_mixin.py:188} INFO - [2026-02-14T13:12:43.264+0000] {dag.py:3947} INFO - Setting next_dagrun for product_price_pipeline to 2026-02-14 00:00:00+00:00, run_after=2026-02-15 00:00:00+00:00
[2026-02-14T13:12:43.394+0000] {processor.py:183} INFO - Processing /opt/airflow/dags/product_pipeline_dag.py took 0.410 seconds
[2026-02-14T13:13:14.019+0000] {processor.py:161} INFO - Started process (PID=16221) to work on /opt/airflow/dags/product_pipeline_dag.py
[2026-02-14T13:13:14.021+0000] {processor.py:830} INFO - Processing file /opt/airflow/dags/product_pipeline_dag.py for tasks to queue
[2026-02-14T13:13:14.026+0000] {logging_mixin.py:188} INFO - [2026-02-14T13:13:14.025+0000] {dagbag.py:545} INFO - Filling up the DagBag from /opt/airflow/dags/product_pipeline_dag.py
[2026-02-14T13:13:14.080+0000] {processor.py:840} INFO - DAG(s) 'product_price_pipeline' retrieved from /opt/airflow/dags/product_pipeline_dag.py
[2026-02-14T13:13:14.148+0000] {logging_mixin.py:188} INFO - [2026-02-14T13:13:14.147+0000] {dag.py:3089} INFO - Sync 1 DAGs
[2026-02-14T13:13:14.198+0000] {logging_mixin.py:188} INFO - [2026-02-14T13:13:14.198+0000] {dag.py:3947} INFO - Setting next_dagrun for product_price_pipeline to 2026-02-14 00:00:00+00:00, run_after=2026-02-15 00:00:00+00:00
[2026-02-14T13:13:14.249+0000] {processor.py:183} INFO - Processing /opt/airflow/dags/product_pipeline_dag.py took 0.242 seconds
[2026-02-14T13:13:45.197+0000] {processor.py:161} INFO - Started process (PID=16250) to work on /opt/airflow/dags/product_pipeline_dag.py
[2026-02-14T13:13:45.199+0000] {processor.py:830} INFO - Processing file /opt/airflow/dags/product_pipeline_dag.py for tasks to queue
[2026-02-14T13:13:45.205+0000] {logging_mixin.py:188} INFO - [2026-02-14T13:13:45.205+0000] {dagbag.py:545} INFO - Filling up the DagBag from /opt/airflow/dags/product_pipeline_dag.py
[2026-02-14T13:13:45.260+0000] {processor.py:840} INFO - DAG(s) 'product_price_pipeline' retrieved from /opt/airflow/dags/product_pipeline_dag.py
[2026-02-14T13:13:45.306+0000] {logging_mixin.py:188} INFO - [2026-02-14T13:13:45.305+0000] {dag.py:3089} INFO - Sync 1 DAGs
[2026-02-14T13:13:45.339+0000] {logging_mixin.py:188} INFO - [2026-02-14T13:13:45.339+0000] {dag.py:3947} INFO - Setting next_dagrun for product_price_pipeline to 2026-02-14 00:00:00+00:00, run_after=2026-02-15 00:00:00+00:00
[2026-02-14T13:13:45.374+0000] {processor.py:183} INFO - Processing /opt/airflow/dags/product_pipeline_dag.py took 0.186 seconds
[2026-02-14T13:14:15.921+0000] {processor.py:161} INFO - Started process (PID=16277) to work on /opt/airflow/dags/product_pipeline_dag.py
[2026-02-14T13:14:15.925+0000] {processor.py:830} INFO - Processing file /opt/airflow/dags/product_pipeline_dag.py for tasks to queue
[2026-02-14T13:14:15.931+0000] {logging_mixin.py:188} INFO - [2026-02-14T13:14:15.930+0000] {dagbag.py:545} INFO - Filling up the DagBag from /opt/airflow/dags/product_pipeline_dag.py
[2026-02-14T13:14:16.006+0000] {processor.py:840} INFO - DAG(s) 'product_price_pipeline' retrieved from /opt/airflow/dags/product_pipeline_dag.py
[2026-02-14T13:14:16.127+0000] {logging_mixin.py:188} INFO - [2026-02-14T13:14:16.126+0000] {dag.py:3089} INFO - Sync 1 DAGs
[2026-02-14T13:14:16.183+0000] {logging_mixin.py:188} INFO - [2026-02-14T13:14:16.182+0000] {dag.py:3947} INFO - Setting next_dagrun for product_price_pipeline to 2026-02-14 00:00:00+00:00, run_after=2026-02-15 00:00:00+00:00
[2026-02-14T13:14:16.235+0000] {processor.py:183} INFO - Processing /opt/airflow/dags/product_pipeline_dag.py took 0.334 seconds
[2026-02-14T13:14:46.528+0000] {processor.py:161} INFO - Started process (PID=16305) to work on /opt/airflow/dags/product_pipeline_dag.py
[2026-02-14T13:14:46.532+0000] {processor.py:830} INFO - Processing file /opt/airflow/dags/product_pipeline_dag.py for tasks to queue
[2026-02-14T13:14:46.538+0000] {logging_mixin.py:188} INFO - [2026-02-14T13:14:46.537+0000] {dagbag.py:545} INFO - Filling up the DagBag from /opt/airflow/dags/product_pipeline_dag.py
[2026-02-14T13:14:46.609+0000] {processor.py:840} INFO - DAG(s) 'product_price_pipeline' retrieved from /opt/airflow/dags/product_pipeline_dag.py
[2026-02-14T13:14:46.668+0000] {logging_mixin.py:188} INFO - [2026-02-14T13:14:46.668+0000] {dag.py:3089} INFO - Sync 1 DAGs
[2026-02-14T13:14:46.708+0000] {logging_mixin.py:188} INFO - [2026-02-14T13:14:46.707+0000] {dag.py:3947} INFO - Setting next_dagrun for product_price_pipeline to 2026-02-14 00:00:00+00:00, run_after=2026-02-15 00:00:00+00:00
[2026-02-14T13:14:46.742+0000] {processor.py:183} INFO - Processing /opt/airflow/dags/product_pipeline_dag.py took 0.232 seconds
[2026-02-14T13:15:17.048+0000] {processor.py:161} INFO - Started process (PID=16331) to work on /opt/airflow/dags/product_pipeline_dag.py
[2026-02-14T13:15:17.051+0000] {processor.py:830} INFO - Processing file /opt/airflow/dags/product_pipeline_dag.py for tasks to queue
[2026-02-14T13:15:17.058+0000] {logging_mixin.py:188} INFO - [2026-02-14T13:15:17.057+0000] {dagbag.py:545} INFO - Filling up the DagBag from /opt/airflow/dags/product_pipeline_dag.py
[2026-02-14T13:15:17.133+0000] {processor.py:840} INFO - DAG(s) 'product_price_pipeline' retrieved from /opt/airflow/dags/product_pipeline_dag.py
[2026-02-14T13:15:17.193+0000] {logging_mixin.py:188} INFO - [2026-02-14T13:15:17.193+0000] {dag.py:3089} INFO - Sync 1 DAGs
[2026-02-14T13:15:17.263+0000] {logging_mixin.py:188} INFO - [2026-02-14T13:15:17.263+0000] {dag.py:3947} INFO - Setting next_dagrun for product_price_pipeline to 2026-02-14 00:00:00+00:00, run_after=2026-02-15 00:00:00+00:00
[2026-02-14T13:15:17.316+0000] {processor.py:183} INFO - Processing /opt/airflow/dags/product_pipeline_dag.py took 0.280 seconds
[2026-02-14T13:15:48.968+0000] {processor.py:161} INFO - Started process (PID=16357) to work on /opt/airflow/dags/product_pipeline_dag.py
[2026-02-14T13:15:48.971+0000] {processor.py:830} INFO - Processing file /opt/airflow/dags/product_pipeline_dag.py for tasks to queue
[2026-02-14T13:15:48.976+0000] {logging_mixin.py:188} INFO - [2026-02-14T13:15:48.975+0000] {dagbag.py:545} INFO - Filling up the DagBag from /opt/airflow/dags/product_pipeline_dag.py
[2026-02-14T13:15:49.026+0000] {processor.py:840} INFO - DAG(s) 'product_price_pipeline' retrieved from /opt/airflow/dags/product_pipeline_dag.py
[2026-02-14T13:15:49.093+0000] {logging_mixin.py:188} INFO - [2026-02-14T13:15:49.092+0000] {dag.py:3089} INFO - Sync 1 DAGs
[2026-02-14T13:15:49.139+0000] {logging_mixin.py:188} INFO - [2026-02-14T13:15:49.138+0000] {dag.py:3947} INFO - Setting next_dagrun for product_price_pipeline to 2026-02-14 00:00:00+00:00, run_after=2026-02-15 00:00:00+00:00
[2026-02-14T13:15:49.184+0000] {processor.py:183} INFO - Processing /opt/airflow/dags/product_pipeline_dag.py took 0.231 seconds
[2026-02-14T13:16:21.626+0000] {processor.py:161} INFO - Started process (PID=16386) to work on /opt/airflow/dags/product_pipeline_dag.py
[2026-02-14T13:16:21.628+0000] {processor.py:830} INFO - Processing file /opt/airflow/dags/product_pipeline_dag.py for tasks to queue
[2026-02-14T13:16:21.633+0000] {logging_mixin.py:188} INFO - [2026-02-14T13:16:21.632+0000] {dagbag.py:545} INFO - Filling up the DagBag from /opt/airflow/dags/product_pipeline_dag.py
[2026-02-14T13:16:21.697+0000] {processor.py:840} INFO - DAG(s) 'product_price_pipeline' retrieved from /opt/airflow/dags/product_pipeline_dag.py
[2026-02-14T13:16:21.752+0000] {logging_mixin.py:188} INFO - [2026-02-14T13:16:21.751+0000] {dag.py:3089} INFO - Sync 1 DAGs
[2026-02-14T13:16:21.785+0000] {logging_mixin.py:188} INFO - [2026-02-14T13:16:21.784+0000] {dag.py:3947} INFO - Setting next_dagrun for product_price_pipeline to 2026-02-14 00:00:00+00:00, run_after=2026-02-15 00:00:00+00:00
[2026-02-14T13:16:21.824+0000] {processor.py:183} INFO - Processing /opt/airflow/dags/product_pipeline_dag.py took 0.208 seconds
[2026-02-14T13:16:56.246+0000] {processor.py:161} INFO - Started process (PID=16422) to work on /opt/airflow/dags/product_pipeline_dag.py
[2026-02-14T13:16:56.249+0000] {processor.py:830} INFO - Processing file /opt/airflow/dags/product_pipeline_dag.py for tasks to queue
[2026-02-14T13:16:56.255+0000] {logging_mixin.py:188} INFO - [2026-02-14T13:16:56.253+0000] {dagbag.py:545} INFO - Filling up the DagBag from /opt/airflow/dags/product_pipeline_dag.py
[2026-02-14T13:16:56.312+0000] {processor.py:840} INFO - DAG(s) 'product_price_pipeline' retrieved from /opt/airflow/dags/product_pipeline_dag.py
[2026-02-14T13:16:56.389+0000] {logging_mixin.py:188} INFO - [2026-02-14T13:16:56.388+0000] {dag.py:3089} INFO - Sync 1 DAGs
[2026-02-14T13:16:56.429+0000] {logging_mixin.py:188} INFO - [2026-02-14T13:16:56.429+0000] {dag.py:3947} INFO - Setting next_dagrun for product_price_pipeline to 2026-02-14 00:00:00+00:00, run_after=2026-02-15 00:00:00+00:00
[2026-02-14T13:16:56.467+0000] {processor.py:183} INFO - Processing /opt/airflow/dags/product_pipeline_dag.py took 0.232 seconds
[2026-02-14T13:17:29.247+0000] {processor.py:161} INFO - Started process (PID=16451) to work on /opt/airflow/dags/product_pipeline_dag.py
[2026-02-14T13:17:29.250+0000] {processor.py:830} INFO - Processing file /opt/airflow/dags/product_pipeline_dag.py for tasks to queue
[2026-02-14T13:17:29.254+0000] {logging_mixin.py:188} INFO - [2026-02-14T13:17:29.253+0000] {dagbag.py:545} INFO - Filling up the DagBag from /opt/airflow/dags/product_pipeline_dag.py
[2026-02-14T13:17:29.300+0000] {processor.py:840} INFO - DAG(s) 'product_price_pipeline' retrieved from /opt/airflow/dags/product_pipeline_dag.py
[2026-02-14T13:17:29.359+0000] {logging_mixin.py:188} INFO - [2026-02-14T13:17:29.359+0000] {dag.py:3089} INFO - Sync 1 DAGs
[2026-02-14T13:17:29.393+0000] {logging_mixin.py:188} INFO - [2026-02-14T13:17:29.392+0000] {dag.py:3947} INFO - Setting next_dagrun for product_price_pipeline to 2026-02-14 00:00:00+00:00, run_after=2026-02-15 00:00:00+00:00
[2026-02-14T13:17:29.426+0000] {processor.py:183} INFO - Processing /opt/airflow/dags/product_pipeline_dag.py took 0.191 seconds
[2026-02-14T13:18:02.235+0000] {processor.py:161} INFO - Started process (PID=16480) to work on /opt/airflow/dags/product_pipeline_dag.py
[2026-02-14T13:18:02.238+0000] {processor.py:830} INFO - Processing file /opt/airflow/dags/product_pipeline_dag.py for tasks to queue
[2026-02-14T13:18:02.242+0000] {logging_mixin.py:188} INFO - [2026-02-14T13:18:02.241+0000] {dagbag.py:545} INFO - Filling up the DagBag from /opt/airflow/dags/product_pipeline_dag.py
[2026-02-14T13:18:02.296+0000] {processor.py:840} INFO - DAG(s) 'product_price_pipeline' retrieved from /opt/airflow/dags/product_pipeline_dag.py
[2026-02-14T13:18:02.340+0000] {logging_mixin.py:188} INFO - [2026-02-14T13:18:02.340+0000] {dag.py:3089} INFO - Sync 1 DAGs
[2026-02-14T13:18:02.374+0000] {logging_mixin.py:188} INFO - [2026-02-14T13:18:02.373+0000] {dag.py:3947} INFO - Setting next_dagrun for product_price_pipeline to 2026-02-14 00:00:00+00:00, run_after=2026-02-15 00:00:00+00:00
[2026-02-14T13:18:02.406+0000] {processor.py:183} INFO - Processing /opt/airflow/dags/product_pipeline_dag.py took 0.182 seconds
[2026-02-14T13:18:35.889+0000] {processor.py:161} INFO - Started process (PID=16509) to work on /opt/airflow/dags/product_pipeline_dag.py
[2026-02-14T13:18:35.892+0000] {processor.py:830} INFO - Processing file /opt/airflow/dags/product_pipeline_dag.py for tasks to queue
[2026-02-14T13:18:35.897+0000] {logging_mixin.py:188} INFO - [2026-02-14T13:18:35.895+0000] {dagbag.py:545} INFO - Filling up the DagBag from /opt/airflow/dags/product_pipeline_dag.py
[2026-02-14T13:18:35.970+0000] {processor.py:840} INFO - DAG(s) 'product_price_pipeline' retrieved from /opt/airflow/dags/product_pipeline_dag.py
[2026-02-14T13:18:36.026+0000] {logging_mixin.py:188} INFO - [2026-02-14T13:18:36.026+0000] {dag.py:3089} INFO - Sync 1 DAGs
[2026-02-14T13:18:36.072+0000] {logging_mixin.py:188} INFO - [2026-02-14T13:18:36.071+0000] {dag.py:3947} INFO - Setting next_dagrun for product_price_pipeline to 2026-02-14 00:00:00+00:00, run_after=2026-02-15 00:00:00+00:00
[2026-02-14T13:18:36.111+0000] {processor.py:183} INFO - Processing /opt/airflow/dags/product_pipeline_dag.py took 0.234 seconds
[2026-02-14T13:19:09.150+0000] {processor.py:161} INFO - Started process (PID=16538) to work on /opt/airflow/dags/product_pipeline_dag.py
[2026-02-14T13:19:09.153+0000] {processor.py:830} INFO - Processing file /opt/airflow/dags/product_pipeline_dag.py for tasks to queue
[2026-02-14T13:19:09.158+0000] {logging_mixin.py:188} INFO - [2026-02-14T13:19:09.157+0000] {dagbag.py:545} INFO - Filling up the DagBag from /opt/airflow/dags/product_pipeline_dag.py
[2026-02-14T13:19:09.218+0000] {processor.py:840} INFO - DAG(s) 'product_price_pipeline' retrieved from /opt/airflow/dags/product_pipeline_dag.py
[2026-02-14T13:19:09.305+0000] {logging_mixin.py:188} INFO - [2026-02-14T13:19:09.304+0000] {dag.py:3089} INFO - Sync 1 DAGs
[2026-02-14T13:19:09.348+0000] {logging_mixin.py:188} INFO - [2026-02-14T13:19:09.348+0000] {dag.py:3947} INFO - Setting next_dagrun for product_price_pipeline to 2026-02-14 00:00:00+00:00, run_after=2026-02-15 00:00:00+00:00
[2026-02-14T13:19:09.394+0000] {processor.py:183} INFO - Processing /opt/airflow/dags/product_pipeline_dag.py took 0.255 seconds
[2026-02-14T13:19:43.013+0000] {processor.py:161} INFO - Started process (PID=16567) to work on /opt/airflow/dags/product_pipeline_dag.py
[2026-02-14T13:19:43.015+0000] {processor.py:830} INFO - Processing file /opt/airflow/dags/product_pipeline_dag.py for tasks to queue
[2026-02-14T13:19:43.020+0000] {logging_mixin.py:188} INFO - [2026-02-14T13:19:43.019+0000] {dagbag.py:545} INFO - Filling up the DagBag from /opt/airflow/dags/product_pipeline_dag.py
[2026-02-14T13:19:43.070+0000] {processor.py:840} INFO - DAG(s) 'product_price_pipeline' retrieved from /opt/airflow/dags/product_pipeline_dag.py
[2026-02-14T13:19:43.128+0000] {logging_mixin.py:188} INFO - [2026-02-14T13:19:43.128+0000] {dag.py:3089} INFO - Sync 1 DAGs
[2026-02-14T13:19:43.175+0000] {logging_mixin.py:188} INFO - [2026-02-14T13:19:43.174+0000] {dag.py:3947} INFO - Setting next_dagrun for product_price_pipeline to 2026-02-14 00:00:00+00:00, run_after=2026-02-15 00:00:00+00:00
[2026-02-14T13:19:43.224+0000] {processor.py:183} INFO - Processing /opt/airflow/dags/product_pipeline_dag.py took 0.228 seconds
[2026-02-14T13:20:16.608+0000] {processor.py:161} INFO - Started process (PID=16596) to work on /opt/airflow/dags/product_pipeline_dag.py
[2026-02-14T13:20:16.610+0000] {processor.py:830} INFO - Processing file /opt/airflow/dags/product_pipeline_dag.py for tasks to queue
[2026-02-14T13:20:16.615+0000] {logging_mixin.py:188} INFO - [2026-02-14T13:20:16.614+0000] {dagbag.py:545} INFO - Filling up the DagBag from /opt/airflow/dags/product_pipeline_dag.py
[2026-02-14T13:20:16.703+0000] {processor.py:840} INFO - DAG(s) 'product_price_pipeline' retrieved from /opt/airflow/dags/product_pipeline_dag.py
[2026-02-14T13:20:16.809+0000] {logging_mixin.py:188} INFO - [2026-02-14T13:20:16.809+0000] {dag.py:3089} INFO - Sync 1 DAGs
[2026-02-14T13:20:16.893+0000] {logging_mixin.py:188} INFO - [2026-02-14T13:20:16.892+0000] {dag.py:3947} INFO - Setting next_dagrun for product_price_pipeline to 2026-02-14 00:00:00+00:00, run_after=2026-02-15 00:00:00+00:00
[2026-02-14T13:20:16.959+0000] {processor.py:183} INFO - Processing /opt/airflow/dags/product_pipeline_dag.py took 0.362 seconds
[2026-02-14T13:21:06.956+0000] {processor.py:161} INFO - Started process (PID=16630) to work on /opt/airflow/dags/product_pipeline_dag.py
[2026-02-14T13:21:06.964+0000] {processor.py:830} INFO - Processing file /opt/airflow/dags/product_pipeline_dag.py for tasks to queue
[2026-02-14T13:21:06.977+0000] {logging_mixin.py:188} INFO - [2026-02-14T13:21:06.974+0000] {dagbag.py:545} INFO - Filling up the DagBag from /opt/airflow/dags/product_pipeline_dag.py
[2026-02-14T13:21:07.208+0000] {processor.py:840} INFO - DAG(s) 'product_price_pipeline' retrieved from /opt/airflow/dags/product_pipeline_dag.py
[2026-02-14T13:21:07.391+0000] {logging_mixin.py:188} INFO - [2026-02-14T13:21:07.390+0000] {dag.py:3089} INFO - Sync 1 DAGs
[2026-02-14T13:21:07.554+0000] {logging_mixin.py:188} INFO - [2026-02-14T13:21:07.554+0000] {dag.py:3947} INFO - Setting next_dagrun for product_price_pipeline to 2026-02-14 00:00:00+00:00, run_after=2026-02-15 00:00:00+00:00
[2026-02-14T13:21:07.680+0000] {processor.py:183} INFO - Processing /opt/airflow/dags/product_pipeline_dag.py took 0.772 seconds
[2026-02-14T13:21:41.451+0000] {processor.py:161} INFO - Started process (PID=16656) to work on /opt/airflow/dags/product_pipeline_dag.py
[2026-02-14T13:21:41.462+0000] {processor.py:830} INFO - Processing file /opt/airflow/dags/product_pipeline_dag.py for tasks to queue
[2026-02-14T13:21:41.488+0000] {logging_mixin.py:188} INFO - [2026-02-14T13:21:41.483+0000] {dagbag.py:545} INFO - Filling up the DagBag from /opt/airflow/dags/product_pipeline_dag.py
[2026-02-14T13:21:41.882+0000] {processor.py:840} INFO - DAG(s) 'product_price_pipeline' retrieved from /opt/airflow/dags/product_pipeline_dag.py
[2026-02-14T13:21:42.252+0000] {logging_mixin.py:188} INFO - [2026-02-14T13:21:42.250+0000] {dag.py:3089} INFO - Sync 1 DAGs
[2026-02-14T13:21:42.439+0000] {logging_mixin.py:188} INFO - [2026-02-14T13:21:42.438+0000] {dag.py:3947} INFO - Setting next_dagrun for product_price_pipeline to 2026-02-14 00:00:00+00:00, run_after=2026-02-15 00:00:00+00:00
[2026-02-14T13:21:42.601+0000] {processor.py:183} INFO - Processing /opt/airflow/dags/product_pipeline_dag.py took 1.204 seconds
[2026-02-14T13:22:44.549+0000] {processor.py:161} INFO - Started process (PID=16685) to work on /opt/airflow/dags/product_pipeline_dag.py
[2026-02-14T13:22:44.566+0000] {processor.py:830} INFO - Processing file /opt/airflow/dags/product_pipeline_dag.py for tasks to queue
[2026-02-14T13:22:44.728+0000] {logging_mixin.py:188} INFO - [2026-02-14T13:22:44.695+0000] {dagbag.py:545} INFO - Filling up the DagBag from /opt/airflow/dags/product_pipeline_dag.py
[2026-02-14T13:22:45.147+0000] {processor.py:840} INFO - DAG(s) 'product_price_pipeline' retrieved from /opt/airflow/dags/product_pipeline_dag.py
[2026-02-14T13:22:45.562+0000] {logging_mixin.py:188} INFO - [2026-02-14T13:22:45.561+0000] {dag.py:3089} INFO - Sync 1 DAGs
[2026-02-14T13:22:45.799+0000] {logging_mixin.py:188} INFO - [2026-02-14T13:22:45.797+0000] {dag.py:3947} INFO - Setting next_dagrun for product_price_pipeline to 2026-02-14 00:00:00+00:00, run_after=2026-02-15 00:00:00+00:00
[2026-02-14T13:22:45.956+0000] {processor.py:183} INFO - Processing /opt/airflow/dags/product_pipeline_dag.py took 1.737 seconds
[2026-02-14T13:23:19.044+0000] {processor.py:161} INFO - Started process (PID=16715) to work on /opt/airflow/dags/product_pipeline_dag.py
[2026-02-14T13:23:19.048+0000] {processor.py:830} INFO - Processing file /opt/airflow/dags/product_pipeline_dag.py for tasks to queue
[2026-02-14T13:23:19.054+0000] {logging_mixin.py:188} INFO - [2026-02-14T13:23:19.053+0000] {dagbag.py:545} INFO - Filling up the DagBag from /opt/airflow/dags/product_pipeline_dag.py
[2026-02-14T13:23:19.119+0000] {processor.py:840} INFO - DAG(s) 'product_price_pipeline' retrieved from /opt/airflow/dags/product_pipeline_dag.py
[2026-02-14T13:23:19.218+0000] {logging_mixin.py:188} INFO - [2026-02-14T13:23:19.218+0000] {dag.py:3089} INFO - Sync 1 DAGs
[2026-02-14T13:23:19.267+0000] {logging_mixin.py:188} INFO - [2026-02-14T13:23:19.267+0000] {dag.py:3947} INFO - Setting next_dagrun for product_price_pipeline to 2026-02-14 00:00:00+00:00, run_after=2026-02-15 00:00:00+00:00
[2026-02-14T13:23:19.387+0000] {processor.py:183} INFO - Processing /opt/airflow/dags/product_pipeline_dag.py took 0.352 seconds
[2026-02-14T13:24:17.736+0000] {processor.py:161} INFO - Started process (PID=16744) to work on /opt/airflow/dags/product_pipeline_dag.py
[2026-02-14T13:24:17.769+0000] {processor.py:830} INFO - Processing file /opt/airflow/dags/product_pipeline_dag.py for tasks to queue
[2026-02-14T13:24:17.840+0000] {logging_mixin.py:188} INFO - [2026-02-14T13:24:17.823+0000] {dagbag.py:545} INFO - Filling up the DagBag from /opt/airflow/dags/product_pipeline_dag.py
[2026-02-14T13:24:18.314+0000] {processor.py:840} INFO - DAG(s) 'product_price_pipeline' retrieved from /opt/airflow/dags/product_pipeline_dag.py
[2026-02-14T13:24:18.785+0000] {logging_mixin.py:188} INFO - [2026-02-14T13:24:18.783+0000] {dag.py:3089} INFO - Sync 1 DAGs
[2026-02-14T13:24:19.151+0000] {logging_mixin.py:188} INFO - [2026-02-14T13:24:19.150+0000] {dag.py:3947} INFO - Setting next_dagrun for product_price_pipeline to 2026-02-14 00:00:00+00:00, run_after=2026-02-15 00:00:00+00:00
[2026-02-14T13:24:19.318+0000] {processor.py:183} INFO - Processing /opt/airflow/dags/product_pipeline_dag.py took 1.826 seconds
[2026-02-14T13:24:51.295+0000] {processor.py:161} INFO - Started process (PID=16773) to work on /opt/airflow/dags/product_pipeline_dag.py
[2026-02-14T13:24:51.299+0000] {processor.py:830} INFO - Processing file /opt/airflow/dags/product_pipeline_dag.py for tasks to queue
[2026-02-14T13:24:51.304+0000] {logging_mixin.py:188} INFO - [2026-02-14T13:24:51.303+0000] {dagbag.py:545} INFO - Filling up the DagBag from /opt/airflow/dags/product_pipeline_dag.py
[2026-02-14T13:24:51.403+0000] {processor.py:840} INFO - DAG(s) 'product_price_pipeline' retrieved from /opt/airflow/dags/product_pipeline_dag.py
[2026-02-14T13:24:51.508+0000] {logging_mixin.py:188} INFO - [2026-02-14T13:24:51.507+0000] {dag.py:3089} INFO - Sync 1 DAGs
[2026-02-14T13:24:51.573+0000] {logging_mixin.py:188} INFO - [2026-02-14T13:24:51.572+0000] {dag.py:3947} INFO - Setting next_dagrun for product_price_pipeline to 2026-02-14 00:00:00+00:00, run_after=2026-02-15 00:00:00+00:00
[2026-02-14T13:24:51.638+0000] {processor.py:183} INFO - Processing /opt/airflow/dags/product_pipeline_dag.py took 0.357 seconds
[2026-02-14T13:25:23.171+0000] {processor.py:161} INFO - Started process (PID=16802) to work on /opt/airflow/dags/product_pipeline_dag.py
[2026-02-14T13:25:23.175+0000] {processor.py:830} INFO - Processing file /opt/airflow/dags/product_pipeline_dag.py for tasks to queue
[2026-02-14T13:25:23.179+0000] {logging_mixin.py:188} INFO - [2026-02-14T13:25:23.178+0000] {dagbag.py:545} INFO - Filling up the DagBag from /opt/airflow/dags/product_pipeline_dag.py
[2026-02-14T13:25:23.255+0000] {processor.py:840} INFO - DAG(s) 'product_price_pipeline' retrieved from /opt/airflow/dags/product_pipeline_dag.py
[2026-02-14T13:25:23.328+0000] {logging_mixin.py:188} INFO - [2026-02-14T13:25:23.328+0000] {dag.py:3089} INFO - Sync 1 DAGs
[2026-02-14T13:25:23.366+0000] {logging_mixin.py:188} INFO - [2026-02-14T13:25:23.366+0000] {dag.py:3947} INFO - Setting next_dagrun for product_price_pipeline to 2026-02-14 00:00:00+00:00, run_after=2026-02-15 00:00:00+00:00
[2026-02-14T13:25:23.415+0000] {processor.py:183} INFO - Processing /opt/airflow/dags/product_pipeline_dag.py took 0.255 seconds
[2026-02-14T13:25:55.245+0000] {processor.py:161} INFO - Started process (PID=16831) to work on /opt/airflow/dags/product_pipeline_dag.py
[2026-02-14T13:25:55.249+0000] {processor.py:830} INFO - Processing file /opt/airflow/dags/product_pipeline_dag.py for tasks to queue
[2026-02-14T13:25:55.253+0000] {logging_mixin.py:188} INFO - [2026-02-14T13:25:55.252+0000] {dagbag.py:545} INFO - Filling up the DagBag from /opt/airflow/dags/product_pipeline_dag.py
[2026-02-14T13:25:55.317+0000] {processor.py:840} INFO - DAG(s) 'product_price_pipeline' retrieved from /opt/airflow/dags/product_pipeline_dag.py
[2026-02-14T13:25:55.390+0000] {logging_mixin.py:188} INFO - [2026-02-14T13:25:55.389+0000] {dag.py:3089} INFO - Sync 1 DAGs
[2026-02-14T13:25:55.449+0000] {logging_mixin.py:188} INFO - [2026-02-14T13:25:55.449+0000] {dag.py:3947} INFO - Setting next_dagrun for product_price_pipeline to 2026-02-14 00:00:00+00:00, run_after=2026-02-15 00:00:00+00:00
[2026-02-14T13:25:55.501+0000] {processor.py:183} INFO - Processing /opt/airflow/dags/product_pipeline_dag.py took 0.270 seconds
[2026-02-14T13:26:26.923+0000] {processor.py:161} INFO - Started process (PID=16860) to work on /opt/airflow/dags/product_pipeline_dag.py
[2026-02-14T13:26:26.927+0000] {processor.py:830} INFO - Processing file /opt/airflow/dags/product_pipeline_dag.py for tasks to queue
[2026-02-14T13:26:26.931+0000] {logging_mixin.py:188} INFO - [2026-02-14T13:26:26.930+0000] {dagbag.py:545} INFO - Filling up the DagBag from /opt/airflow/dags/product_pipeline_dag.py
[2026-02-14T13:26:27.031+0000] {processor.py:840} INFO - DAG(s) 'product_price_pipeline' retrieved from /opt/airflow/dags/product_pipeline_dag.py
[2026-02-14T13:26:27.126+0000] {logging_mixin.py:188} INFO - [2026-02-14T13:26:27.125+0000] {dag.py:3089} INFO - Sync 1 DAGs
[2026-02-14T13:26:27.193+0000] {logging_mixin.py:188} INFO - [2026-02-14T13:26:27.192+0000] {dag.py:3947} INFO - Setting next_dagrun for product_price_pipeline to 2026-02-14 00:00:00+00:00, run_after=2026-02-15 00:00:00+00:00
[2026-02-14T13:26:27.241+0000] {processor.py:183} INFO - Processing /opt/airflow/dags/product_pipeline_dag.py took 0.330 seconds
[2026-02-14T13:26:58.665+0000] {processor.py:161} INFO - Started process (PID=16889) to work on /opt/airflow/dags/product_pipeline_dag.py
[2026-02-14T13:26:58.668+0000] {processor.py:830} INFO - Processing file /opt/airflow/dags/product_pipeline_dag.py for tasks to queue
[2026-02-14T13:26:58.671+0000] {logging_mixin.py:188} INFO - [2026-02-14T13:26:58.670+0000] {dagbag.py:545} INFO - Filling up the DagBag from /opt/airflow/dags/product_pipeline_dag.py
[2026-02-14T13:26:58.762+0000] {processor.py:840} INFO - DAG(s) 'product_price_pipeline' retrieved from /opt/airflow/dags/product_pipeline_dag.py
[2026-02-14T13:26:58.833+0000] {logging_mixin.py:188} INFO - [2026-02-14T13:26:58.833+0000] {dag.py:3089} INFO - Sync 1 DAGs
[2026-02-14T13:26:58.871+0000] {logging_mixin.py:188} INFO - [2026-02-14T13:26:58.870+0000] {dag.py:3947} INFO - Setting next_dagrun for product_price_pipeline to 2026-02-14 00:00:00+00:00, run_after=2026-02-15 00:00:00+00:00
[2026-02-14T13:26:58.916+0000] {processor.py:183} INFO - Processing /opt/airflow/dags/product_pipeline_dag.py took 0.262 seconds
[2026-02-14T13:27:32.638+0000] {processor.py:161} INFO - Started process (PID=16918) to work on /opt/airflow/dags/product_pipeline_dag.py
[2026-02-14T13:27:32.641+0000] {processor.py:830} INFO - Processing file /opt/airflow/dags/product_pipeline_dag.py for tasks to queue
[2026-02-14T13:27:32.647+0000] {logging_mixin.py:188} INFO - [2026-02-14T13:27:32.646+0000] {dagbag.py:545} INFO - Filling up the DagBag from /opt/airflow/dags/product_pipeline_dag.py
[2026-02-14T13:27:32.714+0000] {processor.py:840} INFO - DAG(s) 'product_price_pipeline' retrieved from /opt/airflow/dags/product_pipeline_dag.py
[2026-02-14T13:27:32.796+0000] {logging_mixin.py:188} INFO - [2026-02-14T13:27:32.794+0000] {dag.py:3089} INFO - Sync 1 DAGs
[2026-02-14T13:27:32.856+0000] {logging_mixin.py:188} INFO - [2026-02-14T13:27:32.855+0000] {dag.py:3947} INFO - Setting next_dagrun for product_price_pipeline to 2026-02-14 00:00:00+00:00, run_after=2026-02-15 00:00:00+00:00
[2026-02-14T13:27:32.900+0000] {processor.py:183} INFO - Processing /opt/airflow/dags/product_pipeline_dag.py took 0.276 seconds
[2026-02-14T13:28:05.290+0000] {processor.py:161} INFO - Started process (PID=16947) to work on /opt/airflow/dags/product_pipeline_dag.py
[2026-02-14T13:28:05.295+0000] {processor.py:830} INFO - Processing file /opt/airflow/dags/product_pipeline_dag.py for tasks to queue
[2026-02-14T13:28:05.304+0000] {logging_mixin.py:188} INFO - [2026-02-14T13:28:05.303+0000] {dagbag.py:545} INFO - Filling up the DagBag from /opt/airflow/dags/product_pipeline_dag.py
[2026-02-14T13:28:05.386+0000] {processor.py:840} INFO - DAG(s) 'product_price_pipeline' retrieved from /opt/airflow/dags/product_pipeline_dag.py
[2026-02-14T13:28:05.470+0000] {logging_mixin.py:188} INFO - [2026-02-14T13:28:05.470+0000] {dag.py:3089} INFO - Sync 1 DAGs
[2026-02-14T13:28:05.518+0000] {logging_mixin.py:188} INFO - [2026-02-14T13:28:05.518+0000] {dag.py:3947} INFO - Setting next_dagrun for product_price_pipeline to 2026-02-14 00:00:00+00:00, run_after=2026-02-15 00:00:00+00:00
[2026-02-14T13:28:05.568+0000] {processor.py:183} INFO - Processing /opt/airflow/dags/product_pipeline_dag.py took 0.319 seconds
[2026-02-14T13:28:39.121+0000] {processor.py:161} INFO - Started process (PID=16976) to work on /opt/airflow/dags/product_pipeline_dag.py
[2026-02-14T13:28:39.123+0000] {processor.py:830} INFO - Processing file /opt/airflow/dags/product_pipeline_dag.py for tasks to queue
[2026-02-14T13:28:39.127+0000] {logging_mixin.py:188} INFO - [2026-02-14T13:28:39.126+0000] {dagbag.py:545} INFO - Filling up the DagBag from /opt/airflow/dags/product_pipeline_dag.py
[2026-02-14T13:28:39.231+0000] {processor.py:840} INFO - DAG(s) 'product_price_pipeline' retrieved from /opt/airflow/dags/product_pipeline_dag.py
[2026-02-14T13:28:39.301+0000] {logging_mixin.py:188} INFO - [2026-02-14T13:28:39.301+0000] {dag.py:3089} INFO - Sync 1 DAGs
[2026-02-14T13:28:39.372+0000] {logging_mixin.py:188} INFO - [2026-02-14T13:28:39.370+0000] {dag.py:3947} INFO - Setting next_dagrun for product_price_pipeline to 2026-02-14 00:00:00+00:00, run_after=2026-02-15 00:00:00+00:00
[2026-02-14T13:28:39.416+0000] {processor.py:183} INFO - Processing /opt/airflow/dags/product_pipeline_dag.py took 0.308 seconds
[2026-02-14T13:29:21.511+0000] {processor.py:161} INFO - Started process (PID=17005) to work on /opt/airflow/dags/product_pipeline_dag.py
[2026-02-14T13:29:21.518+0000] {processor.py:830} INFO - Processing file /opt/airflow/dags/product_pipeline_dag.py for tasks to queue
[2026-02-14T13:29:21.526+0000] {logging_mixin.py:188} INFO - [2026-02-14T13:29:21.524+0000] {dagbag.py:545} INFO - Filling up the DagBag from /opt/airflow/dags/product_pipeline_dag.py
[2026-02-14T13:29:21.739+0000] {processor.py:840} INFO - DAG(s) 'product_price_pipeline' retrieved from /opt/airflow/dags/product_pipeline_dag.py
[2026-02-14T13:29:21.964+0000] {logging_mixin.py:188} INFO - [2026-02-14T13:29:21.963+0000] {dag.py:3089} INFO - Sync 1 DAGs
[2026-02-14T13:29:22.096+0000] {logging_mixin.py:188} INFO - [2026-02-14T13:29:22.095+0000] {dag.py:3947} INFO - Setting next_dagrun for product_price_pipeline to 2026-02-14 00:00:00+00:00, run_after=2026-02-15 00:00:00+00:00
[2026-02-14T13:29:22.220+0000] {processor.py:183} INFO - Processing /opt/airflow/dags/product_pipeline_dag.py took 0.737 seconds
[2026-02-14T13:29:59.655+0000] {processor.py:161} INFO - Started process (PID=17034) to work on /opt/airflow/dags/product_pipeline_dag.py
[2026-02-14T13:29:59.660+0000] {processor.py:830} INFO - Processing file /opt/airflow/dags/product_pipeline_dag.py for tasks to queue
[2026-02-14T13:29:59.667+0000] {logging_mixin.py:188} INFO - [2026-02-14T13:29:59.664+0000] {dagbag.py:545} INFO - Filling up the DagBag from /opt/airflow/dags/product_pipeline_dag.py
[2026-02-14T13:29:59.936+0000] {processor.py:840} INFO - DAG(s) 'product_price_pipeline' retrieved from /opt/airflow/dags/product_pipeline_dag.py
[2026-02-14T13:30:00.181+0000] {logging_mixin.py:188} INFO - [2026-02-14T13:30:00.181+0000] {dag.py:3089} INFO - Sync 1 DAGs
[2026-02-14T13:30:00.301+0000] {logging_mixin.py:188} INFO - [2026-02-14T13:30:00.301+0000] {dag.py:3947} INFO - Setting next_dagrun for product_price_pipeline to 2026-02-14 00:00:00+00:00, run_after=2026-02-15 00:00:00+00:00
[2026-02-14T13:30:00.412+0000] {processor.py:183} INFO - Processing /opt/airflow/dags/product_pipeline_dag.py took 0.783 seconds
[2026-02-14T13:31:12.238+0000] {processor.py:161} INFO - Started process (PID=17073) to work on /opt/airflow/dags/product_pipeline_dag.py
[2026-02-14T13:31:12.242+0000] {processor.py:830} INFO - Processing file /opt/airflow/dags/product_pipeline_dag.py for tasks to queue
[2026-02-14T13:31:12.246+0000] {logging_mixin.py:188} INFO - [2026-02-14T13:31:12.245+0000] {dagbag.py:545} INFO - Filling up the DagBag from /opt/airflow/dags/product_pipeline_dag.py
[2026-02-14T13:31:12.341+0000] {processor.py:840} INFO - DAG(s) 'product_price_pipeline' retrieved from /opt/airflow/dags/product_pipeline_dag.py
[2026-02-14T13:31:12.474+0000] {logging_mixin.py:188} INFO - [2026-02-14T13:31:12.473+0000] {dag.py:3089} INFO - Sync 1 DAGs
[2026-02-14T13:31:12.620+0000] {logging_mixin.py:188} INFO - [2026-02-14T13:31:12.619+0000] {dag.py:3947} INFO - Setting next_dagrun for product_price_pipeline to 2026-02-14 00:00:00+00:00, run_after=2026-02-15 00:00:00+00:00
[2026-02-14T13:31:12.688+0000] {processor.py:183} INFO - Processing /opt/airflow/dags/product_pipeline_dag.py took 0.469 seconds
[2026-02-14T13:31:46.314+0000] {processor.py:161} INFO - Started process (PID=17102) to work on /opt/airflow/dags/product_pipeline_dag.py
[2026-02-14T13:31:46.318+0000] {processor.py:830} INFO - Processing file /opt/airflow/dags/product_pipeline_dag.py for tasks to queue
[2026-02-14T13:31:46.321+0000] {logging_mixin.py:188} INFO - [2026-02-14T13:31:46.321+0000] {dagbag.py:545} INFO - Filling up the DagBag from /opt/airflow/dags/product_pipeline_dag.py
[2026-02-14T13:31:46.389+0000] {processor.py:840} INFO - DAG(s) 'product_price_pipeline' retrieved from /opt/airflow/dags/product_pipeline_dag.py
[2026-02-14T13:31:46.488+0000] {logging_mixin.py:188} INFO - [2026-02-14T13:31:46.487+0000] {dag.py:3089} INFO - Sync 1 DAGs
[2026-02-14T13:31:46.558+0000] {logging_mixin.py:188} INFO - [2026-02-14T13:31:46.558+0000] {dag.py:3947} INFO - Setting next_dagrun for product_price_pipeline to 2026-02-14 00:00:00+00:00, run_after=2026-02-15 00:00:00+00:00
[2026-02-14T13:31:46.616+0000] {processor.py:183} INFO - Processing /opt/airflow/dags/product_pipeline_dag.py took 0.313 seconds
[2026-02-14T13:32:18.958+0000] {processor.py:161} INFO - Started process (PID=17133) to work on /opt/airflow/dags/product_pipeline_dag.py
[2026-02-14T13:32:18.962+0000] {processor.py:830} INFO - Processing file /opt/airflow/dags/product_pipeline_dag.py for tasks to queue
[2026-02-14T13:32:18.967+0000] {logging_mixin.py:188} INFO - [2026-02-14T13:32:18.966+0000] {dagbag.py:545} INFO - Filling up the DagBag from /opt/airflow/dags/product_pipeline_dag.py
[2026-02-14T13:32:19.022+0000] {processor.py:840} INFO - DAG(s) 'product_price_pipeline' retrieved from /opt/airflow/dags/product_pipeline_dag.py
[2026-02-14T13:32:19.080+0000] {logging_mixin.py:188} INFO - [2026-02-14T13:32:19.080+0000] {dag.py:3089} INFO - Sync 1 DAGs
[2026-02-14T13:32:19.129+0000] {logging_mixin.py:188} INFO - [2026-02-14T13:32:19.129+0000] {dag.py:3947} INFO - Setting next_dagrun for product_price_pipeline to 2026-02-14 00:00:00+00:00, run_after=2026-02-15 00:00:00+00:00
[2026-02-14T13:32:19.175+0000] {processor.py:183} INFO - Processing /opt/airflow/dags/product_pipeline_dag.py took 0.231 seconds
[2026-02-14T13:32:52.125+0000] {processor.py:161} INFO - Started process (PID=17160) to work on /opt/airflow/dags/product_pipeline_dag.py
[2026-02-14T13:32:52.129+0000] {processor.py:830} INFO - Processing file /opt/airflow/dags/product_pipeline_dag.py for tasks to queue
[2026-02-14T13:32:52.133+0000] {logging_mixin.py:188} INFO - [2026-02-14T13:32:52.132+0000] {dagbag.py:545} INFO - Filling up the DagBag from /opt/airflow/dags/product_pipeline_dag.py
[2026-02-14T13:32:52.196+0000] {processor.py:840} INFO - DAG(s) 'product_price_pipeline' retrieved from /opt/airflow/dags/product_pipeline_dag.py
[2026-02-14T13:32:52.274+0000] {logging_mixin.py:188} INFO - [2026-02-14T13:32:52.273+0000] {dag.py:3089} INFO - Sync 1 DAGs
[2026-02-14T13:32:52.321+0000] {logging_mixin.py:188} INFO - [2026-02-14T13:32:52.321+0000] {dag.py:3947} INFO - Setting next_dagrun for product_price_pipeline to 2026-02-14 00:00:00+00:00, run_after=2026-02-15 00:00:00+00:00
[2026-02-14T13:32:52.384+0000] {processor.py:183} INFO - Processing /opt/airflow/dags/product_pipeline_dag.py took 0.270 seconds
[2026-02-14T13:33:23.754+0000] {processor.py:161} INFO - Started process (PID=17189) to work on /opt/airflow/dags/product_pipeline_dag.py
[2026-02-14T13:33:23.759+0000] {processor.py:830} INFO - Processing file /opt/airflow/dags/product_pipeline_dag.py for tasks to queue
[2026-02-14T13:33:23.765+0000] {logging_mixin.py:188} INFO - [2026-02-14T13:33:23.764+0000] {dagbag.py:545} INFO - Filling up the DagBag from /opt/airflow/dags/product_pipeline_dag.py
[2026-02-14T13:33:23.829+0000] {processor.py:840} INFO - DAG(s) 'product_price_pipeline' retrieved from /opt/airflow/dags/product_pipeline_dag.py
[2026-02-14T13:33:23.906+0000] {logging_mixin.py:188} INFO - [2026-02-14T13:33:23.905+0000] {dag.py:3089} INFO - Sync 1 DAGs
[2026-02-14T13:33:23.955+0000] {logging_mixin.py:188} INFO - [2026-02-14T13:33:23.955+0000] {dag.py:3947} INFO - Setting next_dagrun for product_price_pipeline to 2026-02-14 00:00:00+00:00, run_after=2026-02-15 00:00:00+00:00
[2026-02-14T13:33:24.013+0000] {processor.py:183} INFO - Processing /opt/airflow/dags/product_pipeline_dag.py took 0.283 seconds
[2026-02-14T13:33:57.044+0000] {processor.py:161} INFO - Started process (PID=17218) to work on /opt/airflow/dags/product_pipeline_dag.py
[2026-02-14T13:33:57.046+0000] {processor.py:830} INFO - Processing file /opt/airflow/dags/product_pipeline_dag.py for tasks to queue
[2026-02-14T13:33:57.050+0000] {logging_mixin.py:188} INFO - [2026-02-14T13:33:57.049+0000] {dagbag.py:545} INFO - Filling up the DagBag from /opt/airflow/dags/product_pipeline_dag.py
[2026-02-14T13:33:57.118+0000] {processor.py:840} INFO - DAG(s) 'product_price_pipeline' retrieved from /opt/airflow/dags/product_pipeline_dag.py
[2026-02-14T13:33:57.187+0000] {logging_mixin.py:188} INFO - [2026-02-14T13:33:57.187+0000] {dag.py:3089} INFO - Sync 1 DAGs
[2026-02-14T13:33:57.238+0000] {logging_mixin.py:188} INFO - [2026-02-14T13:33:57.237+0000] {dag.py:3947} INFO - Setting next_dagrun for product_price_pipeline to 2026-02-14 00:00:00+00:00, run_after=2026-02-15 00:00:00+00:00
[2026-02-14T13:33:57.284+0000] {processor.py:183} INFO - Processing /opt/airflow/dags/product_pipeline_dag.py took 0.252 seconds
[2026-02-14T13:34:29.901+0000] {processor.py:161} INFO - Started process (PID=17247) to work on /opt/airflow/dags/product_pipeline_dag.py
[2026-02-14T13:34:29.904+0000] {processor.py:830} INFO - Processing file /opt/airflow/dags/product_pipeline_dag.py for tasks to queue
[2026-02-14T13:34:29.909+0000] {logging_mixin.py:188} INFO - [2026-02-14T13:34:29.908+0000] {dagbag.py:545} INFO - Filling up the DagBag from /opt/airflow/dags/product_pipeline_dag.py
[2026-02-14T13:34:29.998+0000] {processor.py:840} INFO - DAG(s) 'product_price_pipeline' retrieved from /opt/airflow/dags/product_pipeline_dag.py
[2026-02-14T13:34:30.134+0000] {logging_mixin.py:188} INFO - [2026-02-14T13:34:30.133+0000] {dag.py:3089} INFO - Sync 1 DAGs
[2026-02-14T13:34:30.204+0000] {logging_mixin.py:188} INFO - [2026-02-14T13:34:30.203+0000] {dag.py:3947} INFO - Setting next_dagrun for product_price_pipeline to 2026-02-14 00:00:00+00:00, run_after=2026-02-15 00:00:00+00:00
[2026-02-14T13:34:30.266+0000] {processor.py:183} INFO - Processing /opt/airflow/dags/product_pipeline_dag.py took 0.381 seconds
[2026-02-14T13:35:03.585+0000] {processor.py:161} INFO - Started process (PID=17276) to work on /opt/airflow/dags/product_pipeline_dag.py
[2026-02-14T13:35:03.588+0000] {processor.py:830} INFO - Processing file /opt/airflow/dags/product_pipeline_dag.py for tasks to queue
[2026-02-14T13:35:03.594+0000] {logging_mixin.py:188} INFO - [2026-02-14T13:35:03.592+0000] {dagbag.py:545} INFO - Filling up the DagBag from /opt/airflow/dags/product_pipeline_dag.py
[2026-02-14T13:35:03.661+0000] {processor.py:840} INFO - DAG(s) 'product_price_pipeline' retrieved from /opt/airflow/dags/product_pipeline_dag.py
[2026-02-14T13:35:03.743+0000] {logging_mixin.py:188} INFO - [2026-02-14T13:35:03.742+0000] {dag.py:3089} INFO - Sync 1 DAGs
[2026-02-14T13:35:03.794+0000] {logging_mixin.py:188} INFO - [2026-02-14T13:35:03.793+0000] {dag.py:3947} INFO - Setting next_dagrun for product_price_pipeline to 2026-02-14 00:00:00+00:00, run_after=2026-02-15 00:00:00+00:00
[2026-02-14T13:35:03.838+0000] {processor.py:183} INFO - Processing /opt/airflow/dags/product_pipeline_dag.py took 0.264 seconds
[2026-02-14T13:35:40.324+0000] {processor.py:161} INFO - Started process (PID=17305) to work on /opt/airflow/dags/product_pipeline_dag.py
[2026-02-14T13:35:40.327+0000] {processor.py:830} INFO - Processing file /opt/airflow/dags/product_pipeline_dag.py for tasks to queue
[2026-02-14T13:35:40.334+0000] {logging_mixin.py:188} INFO - [2026-02-14T13:35:40.333+0000] {dagbag.py:545} INFO - Filling up the DagBag from /opt/airflow/dags/product_pipeline_dag.py
[2026-02-14T13:35:40.448+0000] {processor.py:840} INFO - DAG(s) 'product_price_pipeline' retrieved from /opt/airflow/dags/product_pipeline_dag.py
[2026-02-14T13:35:40.556+0000] {logging_mixin.py:188} INFO - [2026-02-14T13:35:40.555+0000] {dag.py:3089} INFO - Sync 1 DAGs
[2026-02-14T13:35:40.621+0000] {logging_mixin.py:188} INFO - [2026-02-14T13:35:40.621+0000] {dag.py:3947} INFO - Setting next_dagrun for product_price_pipeline to 2026-02-14 00:00:00+00:00, run_after=2026-02-15 00:00:00+00:00
[2026-02-14T13:35:40.674+0000] {processor.py:183} INFO - Processing /opt/airflow/dags/product_pipeline_dag.py took 0.368 seconds
[2026-02-14T13:36:11.703+0000] {processor.py:161} INFO - Started process (PID=17334) to work on /opt/airflow/dags/product_pipeline_dag.py
[2026-02-14T13:36:11.709+0000] {processor.py:830} INFO - Processing file /opt/airflow/dags/product_pipeline_dag.py for tasks to queue
[2026-02-14T13:36:11.712+0000] {logging_mixin.py:188} INFO - [2026-02-14T13:36:11.712+0000] {dagbag.py:545} INFO - Filling up the DagBag from /opt/airflow/dags/product_pipeline_dag.py
[2026-02-14T13:36:11.771+0000] {processor.py:840} INFO - DAG(s) 'product_price_pipeline' retrieved from /opt/airflow/dags/product_pipeline_dag.py
[2026-02-14T13:36:11.822+0000] {logging_mixin.py:188} INFO - [2026-02-14T13:36:11.822+0000] {dag.py:3089} INFO - Sync 1 DAGs
[2026-02-14T13:36:11.877+0000] {logging_mixin.py:188} INFO - [2026-02-14T13:36:11.876+0000] {dag.py:3947} INFO - Setting next_dagrun for product_price_pipeline to 2026-02-14 00:00:00+00:00, run_after=2026-02-15 00:00:00+00:00
[2026-02-14T13:36:11.928+0000] {processor.py:183} INFO - Processing /opt/airflow/dags/product_pipeline_dag.py took 0.233 seconds
[2026-02-14T14:48:05.282+0000] {processor.py:161} INFO - Started process (PID=17365) to work on /opt/airflow/dags/product_pipeline_dag.py
[2026-02-14T14:48:05.313+0000] {processor.py:830} INFO - Processing file /opt/airflow/dags/product_pipeline_dag.py for tasks to queue
[2026-02-14T14:48:05.418+0000] {logging_mixin.py:188} INFO - [2026-02-14T14:48:05.402+0000] {dagbag.py:545} INFO - Filling up the DagBag from /opt/airflow/dags/product_pipeline_dag.py
[2026-02-14T14:48:06.341+0000] {processor.py:840} INFO - DAG(s) 'product_price_pipeline' retrieved from /opt/airflow/dags/product_pipeline_dag.py
[2026-02-14T14:48:07.244+0000] {logging_mixin.py:188} INFO - [2026-02-14T14:48:07.240+0000] {dag.py:3089} INFO - Sync 1 DAGs
[2026-02-14T14:48:07.767+0000] {logging_mixin.py:188} INFO - [2026-02-14T14:48:07.765+0000] {dag.py:3947} INFO - Setting next_dagrun for product_price_pipeline to 2026-02-14 00:00:00+00:00, run_after=2026-02-15 00:00:00+00:00
[2026-02-14T14:48:07.979+0000] {processor.py:183} INFO - Processing /opt/airflow/dags/product_pipeline_dag.py took 2.957 seconds
[2026-02-14T14:48:51.632+0000] {processor.py:161} INFO - Started process (PID=17394) to work on /opt/airflow/dags/product_pipeline_dag.py
[2026-02-14T14:48:51.654+0000] {processor.py:830} INFO - Processing file /opt/airflow/dags/product_pipeline_dag.py for tasks to queue
[2026-02-14T14:48:51.703+0000] {logging_mixin.py:188} INFO - [2026-02-14T14:48:51.693+0000] {dagbag.py:545} INFO - Filling up the DagBag from /opt/airflow/dags/product_pipeline_dag.py
[2026-02-14T14:48:51.969+0000] {processor.py:840} INFO - DAG(s) 'product_price_pipeline' retrieved from /opt/airflow/dags/product_pipeline_dag.py
[2026-02-14T14:48:52.493+0000] {logging_mixin.py:188} INFO - [2026-02-14T14:48:52.492+0000] {dag.py:3089} INFO - Sync 1 DAGs
[2026-02-14T14:48:52.866+0000] {logging_mixin.py:188} INFO - [2026-02-14T14:48:52.859+0000] {dag.py:3947} INFO - Setting next_dagrun for product_price_pipeline to 2026-02-14 00:00:00+00:00, run_after=2026-02-15 00:00:00+00:00
[2026-02-14T14:48:53.268+0000] {processor.py:183} INFO - Processing /opt/airflow/dags/product_pipeline_dag.py took 1.803 seconds
[2026-02-14T14:49:32.229+0000] {processor.py:161} INFO - Started process (PID=17423) to work on /opt/airflow/dags/product_pipeline_dag.py
[2026-02-14T14:49:32.237+0000] {processor.py:830} INFO - Processing file /opt/airflow/dags/product_pipeline_dag.py for tasks to queue
[2026-02-14T14:49:32.266+0000] {logging_mixin.py:188} INFO - [2026-02-14T14:49:32.259+0000] {dagbag.py:545} INFO - Filling up the DagBag from /opt/airflow/dags/product_pipeline_dag.py
[2026-02-14T14:49:32.419+0000] {processor.py:840} INFO - DAG(s) 'product_price_pipeline' retrieved from /opt/airflow/dags/product_pipeline_dag.py
[2026-02-14T14:49:32.705+0000] {logging_mixin.py:188} INFO - [2026-02-14T14:49:32.704+0000] {dag.py:3089} INFO - Sync 1 DAGs
[2026-02-14T14:49:32.909+0000] {logging_mixin.py:188} INFO - [2026-02-14T14:49:32.908+0000] {dag.py:3947} INFO - Setting next_dagrun for product_price_pipeline to 2026-02-14 00:00:00+00:00, run_after=2026-02-15 00:00:00+00:00
[2026-02-14T14:49:33.031+0000] {processor.py:183} INFO - Processing /opt/airflow/dags/product_pipeline_dag.py took 0.865 seconds
[2026-02-14T14:50:03.646+0000] {processor.py:161} INFO - Started process (PID=17450) to work on /opt/airflow/dags/product_pipeline_dag.py
[2026-02-14T14:50:03.649+0000] {processor.py:830} INFO - Processing file /opt/airflow/dags/product_pipeline_dag.py for tasks to queue
[2026-02-14T14:50:03.656+0000] {logging_mixin.py:188} INFO - [2026-02-14T14:50:03.656+0000] {dagbag.py:545} INFO - Filling up the DagBag from /opt/airflow/dags/product_pipeline_dag.py
[2026-02-14T14:50:03.712+0000] {processor.py:840} INFO - DAG(s) 'product_price_pipeline' retrieved from /opt/airflow/dags/product_pipeline_dag.py
[2026-02-14T14:50:03.775+0000] {logging_mixin.py:188} INFO - [2026-02-14T14:50:03.775+0000] {dag.py:3089} INFO - Sync 1 DAGs
[2026-02-14T14:50:03.810+0000] {logging_mixin.py:188} INFO - [2026-02-14T14:50:03.809+0000] {dag.py:3947} INFO - Setting next_dagrun for product_price_pipeline to 2026-02-14 00:00:00+00:00, run_after=2026-02-15 00:00:00+00:00
[2026-02-14T14:50:03.850+0000] {processor.py:183} INFO - Processing /opt/airflow/dags/product_pipeline_dag.py took 0.217 seconds
[2026-02-14T14:50:38.286+0000] {processor.py:161} INFO - Started process (PID=17479) to work on /opt/airflow/dags/product_pipeline_dag.py
[2026-02-14T14:50:38.288+0000] {processor.py:830} INFO - Processing file /opt/airflow/dags/product_pipeline_dag.py for tasks to queue
[2026-02-14T14:50:38.295+0000] {logging_mixin.py:188} INFO - [2026-02-14T14:50:38.294+0000] {dagbag.py:545} INFO - Filling up the DagBag from /opt/airflow/dags/product_pipeline_dag.py
[2026-02-14T14:50:38.362+0000] {processor.py:840} INFO - DAG(s) 'product_price_pipeline' retrieved from /opt/airflow/dags/product_pipeline_dag.py
[2026-02-14T14:50:38.420+0000] {logging_mixin.py:188} INFO - [2026-02-14T14:50:38.419+0000] {dag.py:3089} INFO - Sync 1 DAGs
[2026-02-14T14:50:38.461+0000] {logging_mixin.py:188} INFO - [2026-02-14T14:50:38.460+0000] {dag.py:3947} INFO - Setting next_dagrun for product_price_pipeline to 2026-02-14 00:00:00+00:00, run_after=2026-02-15 00:00:00+00:00
[2026-02-14T14:50:38.501+0000] {processor.py:183} INFO - Processing /opt/airflow/dags/product_pipeline_dag.py took 0.224 seconds
[2026-02-14T14:51:09.623+0000] {processor.py:161} INFO - Started process (PID=17508) to work on /opt/airflow/dags/product_pipeline_dag.py
[2026-02-14T14:51:09.627+0000] {processor.py:830} INFO - Processing file /opt/airflow/dags/product_pipeline_dag.py for tasks to queue
[2026-02-14T14:51:09.632+0000] {logging_mixin.py:188} INFO - [2026-02-14T14:51:09.632+0000] {dagbag.py:545} INFO - Filling up the DagBag from /opt/airflow/dags/product_pipeline_dag.py
[2026-02-14T14:51:09.698+0000] {processor.py:840} INFO - DAG(s) 'product_price_pipeline' retrieved from /opt/airflow/dags/product_pipeline_dag.py
[2026-02-14T14:51:09.765+0000] {logging_mixin.py:188} INFO - [2026-02-14T14:51:09.765+0000] {dag.py:3089} INFO - Sync 1 DAGs
[2026-02-14T14:51:09.805+0000] {logging_mixin.py:188} INFO - [2026-02-14T14:51:09.804+0000] {dag.py:3947} INFO - Setting next_dagrun for product_price_pipeline to 2026-02-14 00:00:00+00:00, run_after=2026-02-15 00:00:00+00:00
[2026-02-14T14:51:09.849+0000] {processor.py:183} INFO - Processing /opt/airflow/dags/product_pipeline_dag.py took 0.235 seconds
[2026-02-14T14:51:40.905+0000] {processor.py:161} INFO - Started process (PID=17536) to work on /opt/airflow/dags/product_pipeline_dag.py
[2026-02-14T14:51:40.909+0000] {processor.py:830} INFO - Processing file /opt/airflow/dags/product_pipeline_dag.py for tasks to queue
[2026-02-14T14:51:40.912+0000] {logging_mixin.py:188} INFO - [2026-02-14T14:51:40.912+0000] {dagbag.py:545} INFO - Filling up the DagBag from /opt/airflow/dags/product_pipeline_dag.py
[2026-02-14T14:51:40.969+0000] {processor.py:840} INFO - DAG(s) 'product_price_pipeline' retrieved from /opt/airflow/dags/product_pipeline_dag.py
[2026-02-14T14:51:41.028+0000] {logging_mixin.py:188} INFO - [2026-02-14T14:51:41.027+0000] {dag.py:3089} INFO - Sync 1 DAGs
[2026-02-14T14:51:41.065+0000] {logging_mixin.py:188} INFO - [2026-02-14T14:51:41.065+0000] {dag.py:3947} INFO - Setting next_dagrun for product_price_pipeline to 2026-02-14 00:00:00+00:00, run_after=2026-02-15 00:00:00+00:00
[2026-02-14T14:51:41.100+0000] {processor.py:183} INFO - Processing /opt/airflow/dags/product_pipeline_dag.py took 0.203 seconds
[2026-02-14T14:52:11.263+0000] {processor.py:161} INFO - Started process (PID=17559) to work on /opt/airflow/dags/product_pipeline_dag.py
[2026-02-14T14:52:11.267+0000] {processor.py:830} INFO - Processing file /opt/airflow/dags/product_pipeline_dag.py for tasks to queue
[2026-02-14T14:52:11.271+0000] {logging_mixin.py:188} INFO - [2026-02-14T14:52:11.270+0000] {dagbag.py:545} INFO - Filling up the DagBag from /opt/airflow/dags/product_pipeline_dag.py
[2026-02-14T14:52:11.321+0000] {processor.py:840} INFO - DAG(s) 'product_price_pipeline' retrieved from /opt/airflow/dags/product_pipeline_dag.py
[2026-02-14T14:52:11.371+0000] {logging_mixin.py:188} INFO - [2026-02-14T14:52:11.371+0000] {dag.py:3089} INFO - Sync 1 DAGs
[2026-02-14T14:52:11.406+0000] {logging_mixin.py:188} INFO - [2026-02-14T14:52:11.406+0000] {dag.py:3947} INFO - Setting next_dagrun for product_price_pipeline to 2026-02-14 00:00:00+00:00, run_after=2026-02-15 00:00:00+00:00
[2026-02-14T14:52:11.442+0000] {processor.py:183} INFO - Processing /opt/airflow/dags/product_pipeline_dag.py took 0.187 seconds
[2026-02-14T14:52:42.204+0000] {processor.py:161} INFO - Started process (PID=17585) to work on /opt/airflow/dags/product_pipeline_dag.py
[2026-02-14T14:52:42.207+0000] {processor.py:830} INFO - Processing file /opt/airflow/dags/product_pipeline_dag.py for tasks to queue
[2026-02-14T14:52:42.210+0000] {logging_mixin.py:188} INFO - [2026-02-14T14:52:42.210+0000] {dagbag.py:545} INFO - Filling up the DagBag from /opt/airflow/dags/product_pipeline_dag.py
[2026-02-14T14:52:42.263+0000] {processor.py:840} INFO - DAG(s) 'product_price_pipeline' retrieved from /opt/airflow/dags/product_pipeline_dag.py
[2026-02-14T14:52:42.333+0000] {logging_mixin.py:188} INFO - [2026-02-14T14:52:42.333+0000] {dag.py:3089} INFO - Sync 1 DAGs
[2026-02-14T14:52:42.381+0000] {logging_mixin.py:188} INFO - [2026-02-14T14:52:42.381+0000] {dag.py:3947} INFO - Setting next_dagrun for product_price_pipeline to 2026-02-14 00:00:00+00:00, run_after=2026-02-15 00:00:00+00:00
[2026-02-14T14:52:42.419+0000] {processor.py:183} INFO - Processing /opt/airflow/dags/product_pipeline_dag.py took 0.231 seconds
[2026-02-14T14:53:12.678+0000] {processor.py:161} INFO - Started process (PID=17614) to work on /opt/airflow/dags/product_pipeline_dag.py
[2026-02-14T14:53:12.681+0000] {processor.py:830} INFO - Processing file /opt/airflow/dags/product_pipeline_dag.py for tasks to queue
[2026-02-14T14:53:12.686+0000] {logging_mixin.py:188} INFO - [2026-02-14T14:53:12.684+0000] {dagbag.py:545} INFO - Filling up the DagBag from /opt/airflow/dags/product_pipeline_dag.py
[2026-02-14T14:53:12.732+0000] {processor.py:840} INFO - DAG(s) 'product_price_pipeline' retrieved from /opt/airflow/dags/product_pipeline_dag.py
[2026-02-14T14:53:12.799+0000] {logging_mixin.py:188} INFO - [2026-02-14T14:53:12.798+0000] {dag.py:3089} INFO - Sync 1 DAGs
[2026-02-14T14:53:12.844+0000] {logging_mixin.py:188} INFO - [2026-02-14T14:53:12.844+0000] {dag.py:3947} INFO - Setting next_dagrun for product_price_pipeline to 2026-02-14 00:00:00+00:00, run_after=2026-02-15 00:00:00+00:00
[2026-02-14T14:53:12.898+0000] {processor.py:183} INFO - Processing /opt/airflow/dags/product_pipeline_dag.py took 0.231 seconds
[2026-02-14T14:53:43.527+0000] {processor.py:161} INFO - Started process (PID=17643) to work on /opt/airflow/dags/product_pipeline_dag.py
[2026-02-14T14:53:43.530+0000] {processor.py:830} INFO - Processing file /opt/airflow/dags/product_pipeline_dag.py for tasks to queue
[2026-02-14T14:53:43.534+0000] {logging_mixin.py:188} INFO - [2026-02-14T14:53:43.533+0000] {dagbag.py:545} INFO - Filling up the DagBag from /opt/airflow/dags/product_pipeline_dag.py
[2026-02-14T14:53:43.577+0000] {processor.py:840} INFO - DAG(s) 'product_price_pipeline' retrieved from /opt/airflow/dags/product_pipeline_dag.py
[2026-02-14T14:53:43.674+0000] {logging_mixin.py:188} INFO - [2026-02-14T14:53:43.673+0000] {dag.py:3089} INFO - Sync 1 DAGs
[2026-02-14T14:53:43.727+0000] {logging_mixin.py:188} INFO - [2026-02-14T14:53:43.726+0000] {dag.py:3947} INFO - Setting next_dagrun for product_price_pipeline to 2026-02-14 00:00:00+00:00, run_after=2026-02-15 00:00:00+00:00
[2026-02-14T14:53:43.775+0000] {processor.py:183} INFO - Processing /opt/airflow/dags/product_pipeline_dag.py took 0.262 seconds
[2026-02-14T14:54:14.276+0000] {processor.py:161} INFO - Started process (PID=17672) to work on /opt/airflow/dags/product_pipeline_dag.py
[2026-02-14T14:54:14.278+0000] {processor.py:830} INFO - Processing file /opt/airflow/dags/product_pipeline_dag.py for tasks to queue
[2026-02-14T14:54:14.282+0000] {logging_mixin.py:188} INFO - [2026-02-14T14:54:14.282+0000] {dagbag.py:545} INFO - Filling up the DagBag from /opt/airflow/dags/product_pipeline_dag.py
[2026-02-14T14:54:14.336+0000] {processor.py:840} INFO - DAG(s) 'product_price_pipeline' retrieved from /opt/airflow/dags/product_pipeline_dag.py
[2026-02-14T14:54:14.414+0000] {logging_mixin.py:188} INFO - [2026-02-14T14:54:14.413+0000] {dag.py:3089} INFO - Sync 1 DAGs
[2026-02-14T14:54:14.451+0000] {logging_mixin.py:188} INFO - [2026-02-14T14:54:14.450+0000] {dag.py:3947} INFO - Setting next_dagrun for product_price_pipeline to 2026-02-14 00:00:00+00:00, run_after=2026-02-15 00:00:00+00:00
[2026-02-14T14:54:14.487+0000] {processor.py:183} INFO - Processing /opt/airflow/dags/product_pipeline_dag.py took 0.223 seconds
[2026-02-14T14:54:44.997+0000] {processor.py:161} INFO - Started process (PID=17701) to work on /opt/airflow/dags/product_pipeline_dag.py
[2026-02-14T14:54:45.000+0000] {processor.py:830} INFO - Processing file /opt/airflow/dags/product_pipeline_dag.py for tasks to queue
[2026-02-14T14:54:45.010+0000] {logging_mixin.py:188} INFO - [2026-02-14T14:54:45.007+0000] {dagbag.py:545} INFO - Filling up the DagBag from /opt/airflow/dags/product_pipeline_dag.py
[2026-02-14T14:54:45.122+0000] {processor.py:840} INFO - DAG(s) 'product_price_pipeline' retrieved from /opt/airflow/dags/product_pipeline_dag.py
[2026-02-14T14:54:45.342+0000] {logging_mixin.py:188} INFO - [2026-02-14T14:54:45.341+0000] {dag.py:3089} INFO - Sync 1 DAGs
[2026-02-14T14:54:45.437+0000] {logging_mixin.py:188} INFO - [2026-02-14T14:54:45.436+0000] {dag.py:3947} INFO - Setting next_dagrun for product_price_pipeline to 2026-02-14 00:00:00+00:00, run_after=2026-02-15 00:00:00+00:00
[2026-02-14T14:54:45.516+0000] {processor.py:183} INFO - Processing /opt/airflow/dags/product_pipeline_dag.py took 0.538 seconds
[2026-02-14T14:55:16.055+0000] {processor.py:161} INFO - Started process (PID=17730) to work on /opt/airflow/dags/product_pipeline_dag.py
[2026-02-14T14:55:16.057+0000] {processor.py:830} INFO - Processing file /opt/airflow/dags/product_pipeline_dag.py for tasks to queue
[2026-02-14T14:55:16.062+0000] {logging_mixin.py:188} INFO - [2026-02-14T14:55:16.061+0000] {dagbag.py:545} INFO - Filling up the DagBag from /opt/airflow/dags/product_pipeline_dag.py
[2026-02-14T14:55:16.115+0000] {processor.py:840} INFO - DAG(s) 'product_price_pipeline' retrieved from /opt/airflow/dags/product_pipeline_dag.py
[2026-02-14T14:55:16.183+0000] {logging_mixin.py:188} INFO - [2026-02-14T14:55:16.182+0000] {dag.py:3089} INFO - Sync 1 DAGs
[2026-02-14T14:55:16.214+0000] {logging_mixin.py:188} INFO - [2026-02-14T14:55:16.214+0000] {dag.py:3947} INFO - Setting next_dagrun for product_price_pipeline to 2026-02-14 00:00:00+00:00, run_after=2026-02-15 00:00:00+00:00
[2026-02-14T14:55:16.387+0000] {processor.py:183} INFO - Processing /opt/airflow/dags/product_pipeline_dag.py took 0.348 seconds
[2026-02-14T14:57:07.707+0000] {processor.py:161} INFO - Started process (PID=17753) to work on /opt/airflow/dags/product_pipeline_dag.py
[2026-02-14T14:57:07.715+0000] {processor.py:830} INFO - Processing file /opt/airflow/dags/product_pipeline_dag.py for tasks to queue
[2026-02-14T14:57:07.719+0000] {logging_mixin.py:188} INFO - [2026-02-14T14:57:07.718+0000] {dagbag.py:545} INFO - Filling up the DagBag from /opt/airflow/dags/product_pipeline_dag.py
[2026-02-14T14:57:07.831+0000] {processor.py:840} INFO - DAG(s) 'product_price_pipeline' retrieved from /opt/airflow/dags/product_pipeline_dag.py
[2026-02-14T14:57:08.001+0000] {logging_mixin.py:188} INFO - [2026-02-14T14:57:08.000+0000] {dag.py:3089} INFO - Sync 1 DAGs
[2026-02-14T14:57:08.074+0000] {logging_mixin.py:188} INFO - [2026-02-14T14:57:08.073+0000] {dag.py:3947} INFO - Setting next_dagrun for product_price_pipeline to 2026-02-14 00:00:00+00:00, run_after=2026-02-15 00:00:00+00:00
[2026-02-14T14:57:08.130+0000] {processor.py:183} INFO - Processing /opt/airflow/dags/product_pipeline_dag.py took 0.442 seconds
[2026-02-14T14:57:47.666+0000] {processor.py:161} INFO - Started process (PID=17782) to work on /opt/airflow/dags/product_pipeline_dag.py
[2026-02-14T14:57:47.672+0000] {processor.py:830} INFO - Processing file /opt/airflow/dags/product_pipeline_dag.py for tasks to queue
[2026-02-14T14:57:47.679+0000] {logging_mixin.py:188} INFO - [2026-02-14T14:57:47.677+0000] {dagbag.py:545} INFO - Filling up the DagBag from /opt/airflow/dags/product_pipeline_dag.py
[2026-02-14T14:57:47.770+0000] {processor.py:840} INFO - DAG(s) 'product_price_pipeline' retrieved from /opt/airflow/dags/product_pipeline_dag.py
[2026-02-14T14:57:47.871+0000] {logging_mixin.py:188} INFO - [2026-02-14T14:57:47.870+0000] {dag.py:3089} INFO - Sync 1 DAGs
[2026-02-14T14:57:47.937+0000] {logging_mixin.py:188} INFO - [2026-02-14T14:57:47.936+0000] {dag.py:3947} INFO - Setting next_dagrun for product_price_pipeline to 2026-02-14 00:00:00+00:00, run_after=2026-02-15 00:00:00+00:00
[2026-02-14T14:57:48.003+0000] {processor.py:183} INFO - Processing /opt/airflow/dags/product_pipeline_dag.py took 0.353 seconds
[2026-02-14T14:58:21.038+0000] {processor.py:161} INFO - Started process (PID=17811) to work on /opt/airflow/dags/product_pipeline_dag.py
[2026-02-14T14:58:21.040+0000] {processor.py:830} INFO - Processing file /opt/airflow/dags/product_pipeline_dag.py for tasks to queue
[2026-02-14T14:58:21.043+0000] {logging_mixin.py:188} INFO - [2026-02-14T14:58:21.042+0000] {dagbag.py:545} INFO - Filling up the DagBag from /opt/airflow/dags/product_pipeline_dag.py
[2026-02-14T14:58:21.101+0000] {processor.py:840} INFO - DAG(s) 'product_price_pipeline' retrieved from /opt/airflow/dags/product_pipeline_dag.py
[2026-02-14T14:58:21.156+0000] {logging_mixin.py:188} INFO - [2026-02-14T14:58:21.155+0000] {dag.py:3089} INFO - Sync 1 DAGs
[2026-02-14T14:58:21.199+0000] {logging_mixin.py:188} INFO - [2026-02-14T14:58:21.199+0000] {dag.py:3947} INFO - Setting next_dagrun for product_price_pipeline to 2026-02-14 00:00:00+00:00, run_after=2026-02-15 00:00:00+00:00
[2026-02-14T14:58:21.240+0000] {processor.py:183} INFO - Processing /opt/airflow/dags/product_pipeline_dag.py took 0.211 seconds
[2026-02-14T14:58:53.216+0000] {processor.py:161} INFO - Started process (PID=17840) to work on /opt/airflow/dags/product_pipeline_dag.py
[2026-02-14T14:58:53.217+0000] {processor.py:830} INFO - Processing file /opt/airflow/dags/product_pipeline_dag.py for tasks to queue
[2026-02-14T14:58:53.220+0000] {logging_mixin.py:188} INFO - [2026-02-14T14:58:53.219+0000] {dagbag.py:545} INFO - Filling up the DagBag from /opt/airflow/dags/product_pipeline_dag.py
[2026-02-14T14:58:53.280+0000] {processor.py:840} INFO - DAG(s) 'product_price_pipeline' retrieved from /opt/airflow/dags/product_pipeline_dag.py
[2026-02-14T14:58:53.370+0000] {logging_mixin.py:188} INFO - [2026-02-14T14:58:53.369+0000] {dag.py:3089} INFO - Sync 1 DAGs
[2026-02-14T14:58:53.414+0000] {logging_mixin.py:188} INFO - [2026-02-14T14:58:53.413+0000] {dag.py:3947} INFO - Setting next_dagrun for product_price_pipeline to 2026-02-14 00:00:00+00:00, run_after=2026-02-15 00:00:00+00:00
[2026-02-14T14:58:53.454+0000] {processor.py:183} INFO - Processing /opt/airflow/dags/product_pipeline_dag.py took 0.248 seconds
[2026-02-14T14:59:24.999+0000] {processor.py:161} INFO - Started process (PID=17869) to work on /opt/airflow/dags/product_pipeline_dag.py
[2026-02-14T14:59:25.005+0000] {processor.py:830} INFO - Processing file /opt/airflow/dags/product_pipeline_dag.py for tasks to queue
[2026-02-14T14:59:25.009+0000] {logging_mixin.py:188} INFO - [2026-02-14T14:59:25.008+0000] {dagbag.py:545} INFO - Filling up the DagBag from /opt/airflow/dags/product_pipeline_dag.py
[2026-02-14T14:59:25.072+0000] {processor.py:840} INFO - DAG(s) 'product_price_pipeline' retrieved from /opt/airflow/dags/product_pipeline_dag.py
[2026-02-14T14:59:25.141+0000] {logging_mixin.py:188} INFO - [2026-02-14T14:59:25.141+0000] {dag.py:3089} INFO - Sync 1 DAGs
[2026-02-14T14:59:25.200+0000] {logging_mixin.py:188} INFO - [2026-02-14T14:59:25.199+0000] {dag.py:3947} INFO - Setting next_dagrun for product_price_pipeline to 2026-02-14 00:00:00+00:00, run_after=2026-02-15 00:00:00+00:00
[2026-02-14T14:59:25.245+0000] {processor.py:183} INFO - Processing /opt/airflow/dags/product_pipeline_dag.py took 0.254 seconds
[2026-02-14T14:59:57.618+0000] {processor.py:161} INFO - Started process (PID=17898) to work on /opt/airflow/dags/product_pipeline_dag.py
[2026-02-14T14:59:57.621+0000] {processor.py:830} INFO - Processing file /opt/airflow/dags/product_pipeline_dag.py for tasks to queue
[2026-02-14T14:59:57.629+0000] {logging_mixin.py:188} INFO - [2026-02-14T14:59:57.628+0000] {dagbag.py:545} INFO - Filling up the DagBag from /opt/airflow/dags/product_pipeline_dag.py
[2026-02-14T14:59:57.695+0000] {processor.py:840} INFO - DAG(s) 'product_price_pipeline' retrieved from /opt/airflow/dags/product_pipeline_dag.py
[2026-02-14T14:59:57.775+0000] {logging_mixin.py:188} INFO - [2026-02-14T14:59:57.775+0000] {dag.py:3089} INFO - Sync 1 DAGs
[2026-02-14T14:59:57.812+0000] {logging_mixin.py:188} INFO - [2026-02-14T14:59:57.811+0000] {dag.py:3947} INFO - Setting next_dagrun for product_price_pipeline to 2026-02-14 00:00:00+00:00, run_after=2026-02-15 00:00:00+00:00
[2026-02-14T14:59:57.860+0000] {processor.py:183} INFO - Processing /opt/airflow/dags/product_pipeline_dag.py took 0.254 seconds
[2026-02-14T15:00:29.124+0000] {processor.py:161} INFO - Started process (PID=17927) to work on /opt/airflow/dags/product_pipeline_dag.py
[2026-02-14T15:00:29.126+0000] {processor.py:830} INFO - Processing file /opt/airflow/dags/product_pipeline_dag.py for tasks to queue
[2026-02-14T15:00:29.130+0000] {logging_mixin.py:188} INFO - [2026-02-14T15:00:29.129+0000] {dagbag.py:545} INFO - Filling up the DagBag from /opt/airflow/dags/product_pipeline_dag.py
[2026-02-14T15:00:29.172+0000] {processor.py:840} INFO - DAG(s) 'product_price_pipeline' retrieved from /opt/airflow/dags/product_pipeline_dag.py
[2026-02-14T15:00:29.242+0000] {logging_mixin.py:188} INFO - [2026-02-14T15:00:29.242+0000] {dag.py:3089} INFO - Sync 1 DAGs
[2026-02-14T15:00:29.283+0000] {logging_mixin.py:188} INFO - [2026-02-14T15:00:29.283+0000] {dag.py:3947} INFO - Setting next_dagrun for product_price_pipeline to 2026-02-14 00:00:00+00:00, run_after=2026-02-15 00:00:00+00:00
[2026-02-14T15:00:29.333+0000] {processor.py:183} INFO - Processing /opt/airflow/dags/product_pipeline_dag.py took 0.217 seconds
[2026-02-14T15:01:02.014+0000] {processor.py:161} INFO - Started process (PID=17956) to work on /opt/airflow/dags/product_pipeline_dag.py
[2026-02-14T15:01:02.017+0000] {processor.py:830} INFO - Processing file /opt/airflow/dags/product_pipeline_dag.py for tasks to queue
[2026-02-14T15:01:02.021+0000] {logging_mixin.py:188} INFO - [2026-02-14T15:01:02.020+0000] {dagbag.py:545} INFO - Filling up the DagBag from /opt/airflow/dags/product_pipeline_dag.py
[2026-02-14T15:01:02.084+0000] {processor.py:840} INFO - DAG(s) 'product_price_pipeline' retrieved from /opt/airflow/dags/product_pipeline_dag.py
[2026-02-14T15:01:02.151+0000] {logging_mixin.py:188} INFO - [2026-02-14T15:01:02.151+0000] {dag.py:3089} INFO - Sync 1 DAGs
[2026-02-14T15:01:02.188+0000] {logging_mixin.py:188} INFO - [2026-02-14T15:01:02.188+0000] {dag.py:3947} INFO - Setting next_dagrun for product_price_pipeline to 2026-02-14 00:00:00+00:00, run_after=2026-02-15 00:00:00+00:00
[2026-02-14T15:01:02.228+0000] {processor.py:183} INFO - Processing /opt/airflow/dags/product_pipeline_dag.py took 0.223 seconds
[2026-02-14T15:01:57.091+0000] {processor.py:161} INFO - Started process (PID=17987) to work on /opt/airflow/dags/product_pipeline_dag.py
[2026-02-14T15:01:57.094+0000] {processor.py:830} INFO - Processing file /opt/airflow/dags/product_pipeline_dag.py for tasks to queue
[2026-02-14T15:01:57.100+0000] {logging_mixin.py:188} INFO - [2026-02-14T15:01:57.098+0000] {dagbag.py:545} INFO - Filling up the DagBag from /opt/airflow/dags/product_pipeline_dag.py
[2026-02-14T15:01:57.198+0000] {processor.py:840} INFO - DAG(s) 'product_price_pipeline' retrieved from /opt/airflow/dags/product_pipeline_dag.py
[2026-02-14T15:01:57.339+0000] {logging_mixin.py:188} INFO - [2026-02-14T15:01:57.339+0000] {dag.py:3089} INFO - Sync 1 DAGs
[2026-02-14T15:01:57.436+0000] {logging_mixin.py:188} INFO - [2026-02-14T15:01:57.436+0000] {dag.py:3947} INFO - Setting next_dagrun for product_price_pipeline to 2026-02-14 00:00:00+00:00, run_after=2026-02-15 00:00:00+00:00
[2026-02-14T15:01:57.491+0000] {processor.py:183} INFO - Processing /opt/airflow/dags/product_pipeline_dag.py took 0.409 seconds
[2026-02-14T15:02:28.664+0000] {processor.py:161} INFO - Started process (PID=18014) to work on /opt/airflow/dags/product_pipeline_dag.py
[2026-02-14T15:02:28.666+0000] {processor.py:830} INFO - Processing file /opt/airflow/dags/product_pipeline_dag.py for tasks to queue
[2026-02-14T15:02:28.675+0000] {logging_mixin.py:188} INFO - [2026-02-14T15:02:28.674+0000] {dagbag.py:545} INFO - Filling up the DagBag from /opt/airflow/dags/product_pipeline_dag.py
[2026-02-14T15:02:28.724+0000] {processor.py:840} INFO - DAG(s) 'product_price_pipeline' retrieved from /opt/airflow/dags/product_pipeline_dag.py
[2026-02-14T15:02:28.799+0000] {logging_mixin.py:188} INFO - [2026-02-14T15:02:28.798+0000] {dag.py:3089} INFO - Sync 1 DAGs
[2026-02-14T15:02:28.852+0000] {logging_mixin.py:188} INFO - [2026-02-14T15:02:28.851+0000] {dag.py:3947} INFO - Setting next_dagrun for product_price_pipeline to 2026-02-14 00:00:00+00:00, run_after=2026-02-15 00:00:00+00:00
[2026-02-14T15:02:28.896+0000] {processor.py:183} INFO - Processing /opt/airflow/dags/product_pipeline_dag.py took 0.244 seconds
[2026-02-14T15:02:59.926+0000] {processor.py:161} INFO - Started process (PID=18043) to work on /opt/airflow/dags/product_pipeline_dag.py
[2026-02-14T15:02:59.929+0000] {processor.py:830} INFO - Processing file /opt/airflow/dags/product_pipeline_dag.py for tasks to queue
[2026-02-14T15:02:59.933+0000] {logging_mixin.py:188} INFO - [2026-02-14T15:02:59.933+0000] {dagbag.py:545} INFO - Filling up the DagBag from /opt/airflow/dags/product_pipeline_dag.py
[2026-02-14T15:03:00.016+0000] {processor.py:840} INFO - DAG(s) 'product_price_pipeline' retrieved from /opt/airflow/dags/product_pipeline_dag.py
[2026-02-14T15:03:00.131+0000] {logging_mixin.py:188} INFO - [2026-02-14T15:03:00.130+0000] {dag.py:3089} INFO - Sync 1 DAGs
[2026-02-14T15:03:00.209+0000] {logging_mixin.py:188} INFO - [2026-02-14T15:03:00.209+0000] {dag.py:3947} INFO - Setting next_dagrun for product_price_pipeline to 2026-02-14 00:00:00+00:00, run_after=2026-02-15 00:00:00+00:00
[2026-02-14T15:03:00.254+0000] {processor.py:183} INFO - Processing /opt/airflow/dags/product_pipeline_dag.py took 0.338 seconds
[2026-02-14T15:03:30.920+0000] {processor.py:161} INFO - Started process (PID=18065) to work on /opt/airflow/dags/product_pipeline_dag.py
[2026-02-14T15:03:30.923+0000] {processor.py:830} INFO - Processing file /opt/airflow/dags/product_pipeline_dag.py for tasks to queue
[2026-02-14T15:03:30.929+0000] {logging_mixin.py:188} INFO - [2026-02-14T15:03:30.928+0000] {dagbag.py:545} INFO - Filling up the DagBag from /opt/airflow/dags/product_pipeline_dag.py
[2026-02-14T15:03:30.989+0000] {processor.py:840} INFO - DAG(s) 'product_price_pipeline' retrieved from /opt/airflow/dags/product_pipeline_dag.py
[2026-02-14T15:03:31.068+0000] {logging_mixin.py:188} INFO - [2026-02-14T15:03:31.068+0000] {dag.py:3089} INFO - Sync 1 DAGs
[2026-02-14T15:03:31.119+0000] {logging_mixin.py:188} INFO - [2026-02-14T15:03:31.119+0000] {dag.py:3947} INFO - Setting next_dagrun for product_price_pipeline to 2026-02-14 00:00:00+00:00, run_after=2026-02-15 00:00:00+00:00
[2026-02-14T15:03:31.164+0000] {processor.py:183} INFO - Processing /opt/airflow/dags/product_pipeline_dag.py took 0.257 seconds
[2026-02-14T15:04:02.277+0000] {processor.py:161} INFO - Started process (PID=18091) to work on /opt/airflow/dags/product_pipeline_dag.py
[2026-02-14T15:04:02.281+0000] {processor.py:830} INFO - Processing file /opt/airflow/dags/product_pipeline_dag.py for tasks to queue
[2026-02-14T15:04:02.290+0000] {logging_mixin.py:188} INFO - [2026-02-14T15:04:02.288+0000] {dagbag.py:545} INFO - Filling up the DagBag from /opt/airflow/dags/product_pipeline_dag.py
[2026-02-14T15:04:02.361+0000] {processor.py:840} INFO - DAG(s) 'product_price_pipeline' retrieved from /opt/airflow/dags/product_pipeline_dag.py
[2026-02-14T15:04:02.408+0000] {logging_mixin.py:188} INFO - [2026-02-14T15:04:02.408+0000] {dag.py:3089} INFO - Sync 1 DAGs
[2026-02-14T15:04:02.445+0000] {logging_mixin.py:188} INFO - [2026-02-14T15:04:02.444+0000] {dag.py:3947} INFO - Setting next_dagrun for product_price_pipeline to 2026-02-14 00:00:00+00:00, run_after=2026-02-15 00:00:00+00:00
[2026-02-14T15:04:02.494+0000] {processor.py:183} INFO - Processing /opt/airflow/dags/product_pipeline_dag.py took 0.241 seconds
[2026-02-14T15:04:33.471+0000] {processor.py:161} INFO - Started process (PID=18120) to work on /opt/airflow/dags/product_pipeline_dag.py
[2026-02-14T15:04:33.474+0000] {processor.py:830} INFO - Processing file /opt/airflow/dags/product_pipeline_dag.py for tasks to queue
[2026-02-14T15:04:33.478+0000] {logging_mixin.py:188} INFO - [2026-02-14T15:04:33.478+0000] {dagbag.py:545} INFO - Filling up the DagBag from /opt/airflow/dags/product_pipeline_dag.py
[2026-02-14T15:04:33.531+0000] {processor.py:840} INFO - DAG(s) 'product_price_pipeline' retrieved from /opt/airflow/dags/product_pipeline_dag.py
[2026-02-14T15:04:33.592+0000] {logging_mixin.py:188} INFO - [2026-02-14T15:04:33.592+0000] {dag.py:3089} INFO - Sync 1 DAGs
[2026-02-14T15:04:33.632+0000] {logging_mixin.py:188} INFO - [2026-02-14T15:04:33.632+0000] {dag.py:3947} INFO - Setting next_dagrun for product_price_pipeline to 2026-02-14 00:00:00+00:00, run_after=2026-02-15 00:00:00+00:00
[2026-02-14T15:04:33.690+0000] {processor.py:183} INFO - Processing /opt/airflow/dags/product_pipeline_dag.py took 0.229 seconds
[2026-02-14T15:05:04.651+0000] {processor.py:161} INFO - Started process (PID=18149) to work on /opt/airflow/dags/product_pipeline_dag.py
[2026-02-14T15:05:04.652+0000] {processor.py:830} INFO - Processing file /opt/airflow/dags/product_pipeline_dag.py for tasks to queue
[2026-02-14T15:05:04.656+0000] {logging_mixin.py:188} INFO - [2026-02-14T15:05:04.655+0000] {dagbag.py:545} INFO - Filling up the DagBag from /opt/airflow/dags/product_pipeline_dag.py
[2026-02-14T15:05:04.708+0000] {processor.py:840} INFO - DAG(s) 'product_price_pipeline' retrieved from /opt/airflow/dags/product_pipeline_dag.py
[2026-02-14T15:05:04.761+0000] {logging_mixin.py:188} INFO - [2026-02-14T15:05:04.760+0000] {dag.py:3089} INFO - Sync 1 DAGs
[2026-02-14T15:05:04.813+0000] {logging_mixin.py:188} INFO - [2026-02-14T15:05:04.813+0000] {dag.py:3947} INFO - Setting next_dagrun for product_price_pipeline to 2026-02-14 00:00:00+00:00, run_after=2026-02-15 00:00:00+00:00
[2026-02-14T15:05:04.858+0000] {processor.py:183} INFO - Processing /opt/airflow/dags/product_pipeline_dag.py took 0.217 seconds
[2026-02-14T15:05:35.305+0000] {processor.py:161} INFO - Started process (PID=18178) to work on /opt/airflow/dags/product_pipeline_dag.py
[2026-02-14T15:05:35.308+0000] {processor.py:830} INFO - Processing file /opt/airflow/dags/product_pipeline_dag.py for tasks to queue
[2026-02-14T15:05:35.314+0000] {logging_mixin.py:188} INFO - [2026-02-14T15:05:35.313+0000] {dagbag.py:545} INFO - Filling up the DagBag from /opt/airflow/dags/product_pipeline_dag.py
[2026-02-14T15:05:35.385+0000] {processor.py:840} INFO - DAG(s) 'product_price_pipeline' retrieved from /opt/airflow/dags/product_pipeline_dag.py
[2026-02-14T15:05:35.448+0000] {logging_mixin.py:188} INFO - [2026-02-14T15:05:35.448+0000] {dag.py:3089} INFO - Sync 1 DAGs
[2026-02-14T15:05:35.493+0000] {logging_mixin.py:188} INFO - [2026-02-14T15:05:35.493+0000] {dag.py:3947} INFO - Setting next_dagrun for product_price_pipeline to 2026-02-14 00:00:00+00:00, run_after=2026-02-15 00:00:00+00:00
[2026-02-14T15:05:35.535+0000] {processor.py:183} INFO - Processing /opt/airflow/dags/product_pipeline_dag.py took 0.248 seconds
[2026-02-14T15:06:06.573+0000] {processor.py:161} INFO - Started process (PID=18207) to work on /opt/airflow/dags/product_pipeline_dag.py
[2026-02-14T15:06:06.575+0000] {processor.py:830} INFO - Processing file /opt/airflow/dags/product_pipeline_dag.py for tasks to queue
[2026-02-14T15:06:06.579+0000] {logging_mixin.py:188} INFO - [2026-02-14T15:06:06.578+0000] {dagbag.py:545} INFO - Filling up the DagBag from /opt/airflow/dags/product_pipeline_dag.py
[2026-02-14T15:06:06.634+0000] {processor.py:840} INFO - DAG(s) 'product_price_pipeline' retrieved from /opt/airflow/dags/product_pipeline_dag.py
[2026-02-14T15:06:06.695+0000] {logging_mixin.py:188} INFO - [2026-02-14T15:06:06.695+0000] {dag.py:3089} INFO - Sync 1 DAGs
[2026-02-14T15:06:06.748+0000] {logging_mixin.py:188} INFO - [2026-02-14T15:06:06.747+0000] {dag.py:3947} INFO - Setting next_dagrun for product_price_pipeline to 2026-02-14 00:00:00+00:00, run_after=2026-02-15 00:00:00+00:00
[2026-02-14T15:06:06.803+0000] {processor.py:183} INFO - Processing /opt/airflow/dags/product_pipeline_dag.py took 0.246 seconds
[2026-02-14T15:06:37.573+0000] {processor.py:161} INFO - Started process (PID=18236) to work on /opt/airflow/dags/product_pipeline_dag.py
[2026-02-14T15:06:37.575+0000] {processor.py:830} INFO - Processing file /opt/airflow/dags/product_pipeline_dag.py for tasks to queue
[2026-02-14T15:06:37.579+0000] {logging_mixin.py:188} INFO - [2026-02-14T15:06:37.578+0000] {dagbag.py:545} INFO - Filling up the DagBag from /opt/airflow/dags/product_pipeline_dag.py
[2026-02-14T15:06:37.633+0000] {processor.py:840} INFO - DAG(s) 'product_price_pipeline' retrieved from /opt/airflow/dags/product_pipeline_dag.py
[2026-02-14T15:06:37.675+0000] {logging_mixin.py:188} INFO - [2026-02-14T15:06:37.675+0000] {dag.py:3089} INFO - Sync 1 DAGs
[2026-02-14T15:06:37.702+0000] {logging_mixin.py:188} INFO - [2026-02-14T15:06:37.701+0000] {dag.py:3947} INFO - Setting next_dagrun for product_price_pipeline to 2026-02-14 00:00:00+00:00, run_after=2026-02-15 00:00:00+00:00
[2026-02-14T15:06:37.736+0000] {processor.py:183} INFO - Processing /opt/airflow/dags/product_pipeline_dag.py took 0.175 seconds
[2026-02-14T15:07:08.475+0000] {processor.py:161} INFO - Started process (PID=18265) to work on /opt/airflow/dags/product_pipeline_dag.py
[2026-02-14T15:07:08.477+0000] {processor.py:830} INFO - Processing file /opt/airflow/dags/product_pipeline_dag.py for tasks to queue
[2026-02-14T15:07:08.481+0000] {logging_mixin.py:188} INFO - [2026-02-14T15:07:08.480+0000] {dagbag.py:545} INFO - Filling up the DagBag from /opt/airflow/dags/product_pipeline_dag.py
[2026-02-14T15:07:08.536+0000] {processor.py:840} INFO - DAG(s) 'product_price_pipeline' retrieved from /opt/airflow/dags/product_pipeline_dag.py
[2026-02-14T15:07:08.585+0000] {logging_mixin.py:188} INFO - [2026-02-14T15:07:08.585+0000] {dag.py:3089} INFO - Sync 1 DAGs
[2026-02-14T15:07:08.622+0000] {logging_mixin.py:188} INFO - [2026-02-14T15:07:08.621+0000] {dag.py:3947} INFO - Setting next_dagrun for product_price_pipeline to 2026-02-14 00:00:00+00:00, run_after=2026-02-15 00:00:00+00:00
[2026-02-14T15:07:08.655+0000] {processor.py:183} INFO - Processing /opt/airflow/dags/product_pipeline_dag.py took 0.189 seconds
[2026-02-14T15:07:38.956+0000] {processor.py:161} INFO - Started process (PID=18294) to work on /opt/airflow/dags/product_pipeline_dag.py
[2026-02-14T15:07:38.958+0000] {processor.py:830} INFO - Processing file /opt/airflow/dags/product_pipeline_dag.py for tasks to queue
[2026-02-14T15:07:38.962+0000] {logging_mixin.py:188} INFO - [2026-02-14T15:07:38.962+0000] {dagbag.py:545} INFO - Filling up the DagBag from /opt/airflow/dags/product_pipeline_dag.py
[2026-02-14T15:07:39.014+0000] {processor.py:840} INFO - DAG(s) 'product_price_pipeline' retrieved from /opt/airflow/dags/product_pipeline_dag.py
[2026-02-14T15:07:39.074+0000] {logging_mixin.py:188} INFO - [2026-02-14T15:07:39.073+0000] {dag.py:3089} INFO - Sync 1 DAGs
[2026-02-14T15:07:39.110+0000] {logging_mixin.py:188} INFO - [2026-02-14T15:07:39.110+0000] {dag.py:3947} INFO - Setting next_dagrun for product_price_pipeline to 2026-02-14 00:00:00+00:00, run_after=2026-02-15 00:00:00+00:00
[2026-02-14T15:07:39.154+0000] {processor.py:183} INFO - Processing /opt/airflow/dags/product_pipeline_dag.py took 0.209 seconds
[2026-02-14T15:08:09.784+0000] {processor.py:161} INFO - Started process (PID=18321) to work on /opt/airflow/dags/product_pipeline_dag.py
[2026-02-14T15:08:09.787+0000] {processor.py:830} INFO - Processing file /opt/airflow/dags/product_pipeline_dag.py for tasks to queue
[2026-02-14T15:08:09.792+0000] {logging_mixin.py:188} INFO - [2026-02-14T15:08:09.791+0000] {dagbag.py:545} INFO - Filling up the DagBag from /opt/airflow/dags/product_pipeline_dag.py
[2026-02-14T15:08:09.848+0000] {processor.py:840} INFO - DAG(s) 'product_price_pipeline' retrieved from /opt/airflow/dags/product_pipeline_dag.py
[2026-02-14T15:08:09.904+0000] {logging_mixin.py:188} INFO - [2026-02-14T15:08:09.903+0000] {dag.py:3089} INFO - Sync 1 DAGs
[2026-02-14T15:08:09.952+0000] {logging_mixin.py:188} INFO - [2026-02-14T15:08:09.952+0000] {dag.py:3947} INFO - Setting next_dagrun for product_price_pipeline to 2026-02-14 00:00:00+00:00, run_after=2026-02-15 00:00:00+00:00
[2026-02-14T15:08:09.986+0000] {processor.py:183} INFO - Processing /opt/airflow/dags/product_pipeline_dag.py took 0.212 seconds
[2026-02-14T15:08:41.635+0000] {processor.py:161} INFO - Started process (PID=18350) to work on /opt/airflow/dags/product_pipeline_dag.py
[2026-02-14T15:08:41.638+0000] {processor.py:830} INFO - Processing file /opt/airflow/dags/product_pipeline_dag.py for tasks to queue
[2026-02-14T15:08:41.643+0000] {logging_mixin.py:188} INFO - [2026-02-14T15:08:41.642+0000] {dagbag.py:545} INFO - Filling up the DagBag from /opt/airflow/dags/product_pipeline_dag.py
[2026-02-14T15:08:41.699+0000] {processor.py:840} INFO - DAG(s) 'product_price_pipeline' retrieved from /opt/airflow/dags/product_pipeline_dag.py
[2026-02-14T15:08:41.741+0000] {logging_mixin.py:188} INFO - [2026-02-14T15:08:41.740+0000] {dag.py:3089} INFO - Sync 1 DAGs
[2026-02-14T15:08:41.768+0000] {logging_mixin.py:188} INFO - [2026-02-14T15:08:41.768+0000] {dag.py:3947} INFO - Setting next_dagrun for product_price_pipeline to 2026-02-14 00:00:00+00:00, run_after=2026-02-15 00:00:00+00:00
[2026-02-14T15:08:41.790+0000] {processor.py:183} INFO - Processing /opt/airflow/dags/product_pipeline_dag.py took 0.162 seconds
[2026-02-14T15:09:13.019+0000] {processor.py:161} INFO - Started process (PID=18381) to work on /opt/airflow/dags/product_pipeline_dag.py
[2026-02-14T15:09:13.021+0000] {processor.py:830} INFO - Processing file /opt/airflow/dags/product_pipeline_dag.py for tasks to queue
[2026-02-14T15:09:13.025+0000] {logging_mixin.py:188} INFO - [2026-02-14T15:09:13.024+0000] {dagbag.py:545} INFO - Filling up the DagBag from /opt/airflow/dags/product_pipeline_dag.py
[2026-02-14T15:09:13.071+0000] {processor.py:840} INFO - DAG(s) 'product_price_pipeline' retrieved from /opt/airflow/dags/product_pipeline_dag.py
[2026-02-14T15:09:13.126+0000] {logging_mixin.py:188} INFO - [2026-02-14T15:09:13.125+0000] {dag.py:3089} INFO - Sync 1 DAGs
[2026-02-14T15:09:13.167+0000] {logging_mixin.py:188} INFO - [2026-02-14T15:09:13.167+0000] {dag.py:3947} INFO - Setting next_dagrun for product_price_pipeline to 2026-02-14 00:00:00+00:00, run_after=2026-02-15 00:00:00+00:00
[2026-02-14T15:09:13.383+0000] {processor.py:183} INFO - Processing /opt/airflow/dags/product_pipeline_dag.py took 0.376 seconds
[2026-02-14T15:09:44.011+0000] {processor.py:161} INFO - Started process (PID=18409) to work on /opt/airflow/dags/product_pipeline_dag.py
[2026-02-14T15:09:44.013+0000] {processor.py:830} INFO - Processing file /opt/airflow/dags/product_pipeline_dag.py for tasks to queue
[2026-02-14T15:09:44.016+0000] {logging_mixin.py:188} INFO - [2026-02-14T15:09:44.015+0000] {dagbag.py:545} INFO - Filling up the DagBag from /opt/airflow/dags/product_pipeline_dag.py
[2026-02-14T15:09:44.051+0000] {processor.py:840} INFO - DAG(s) 'product_price_pipeline' retrieved from /opt/airflow/dags/product_pipeline_dag.py
[2026-02-14T15:09:44.085+0000] {logging_mixin.py:188} INFO - [2026-02-14T15:09:44.084+0000] {dag.py:3089} INFO - Sync 1 DAGs
[2026-02-14T15:09:44.115+0000] {logging_mixin.py:188} INFO - [2026-02-14T15:09:44.115+0000] {dag.py:3947} INFO - Setting next_dagrun for product_price_pipeline to 2026-02-14 00:00:00+00:00, run_after=2026-02-15 00:00:00+00:00
[2026-02-14T15:09:44.150+0000] {processor.py:183} INFO - Processing /opt/airflow/dags/product_pipeline_dag.py took 0.147 seconds
[2026-02-14T15:10:16.377+0000] {processor.py:161} INFO - Started process (PID=18437) to work on /opt/airflow/dags/product_pipeline_dag.py
[2026-02-14T15:10:16.380+0000] {processor.py:830} INFO - Processing file /opt/airflow/dags/product_pipeline_dag.py for tasks to queue
[2026-02-14T15:10:16.385+0000] {logging_mixin.py:188} INFO - [2026-02-14T15:10:16.384+0000] {dagbag.py:545} INFO - Filling up the DagBag from /opt/airflow/dags/product_pipeline_dag.py
[2026-02-14T15:10:16.457+0000] {processor.py:840} INFO - DAG(s) 'product_price_pipeline' retrieved from /opt/airflow/dags/product_pipeline_dag.py
[2026-02-14T15:10:16.528+0000] {logging_mixin.py:188} INFO - [2026-02-14T15:10:16.527+0000] {dag.py:3089} INFO - Sync 1 DAGs
[2026-02-14T15:10:16.575+0000] {logging_mixin.py:188} INFO - [2026-02-14T15:10:16.575+0000] {dag.py:3947} INFO - Setting next_dagrun for product_price_pipeline to 2026-02-14 00:00:00+00:00, run_after=2026-02-15 00:00:00+00:00
[2026-02-14T15:10:16.615+0000] {processor.py:183} INFO - Processing /opt/airflow/dags/product_pipeline_dag.py took 0.258 seconds
[2026-02-14T15:10:47.937+0000] {processor.py:161} INFO - Started process (PID=18466) to work on /opt/airflow/dags/product_pipeline_dag.py
[2026-02-14T15:10:47.940+0000] {processor.py:830} INFO - Processing file /opt/airflow/dags/product_pipeline_dag.py for tasks to queue
[2026-02-14T15:10:47.947+0000] {logging_mixin.py:188} INFO - [2026-02-14T15:10:47.945+0000] {dagbag.py:545} INFO - Filling up the DagBag from /opt/airflow/dags/product_pipeline_dag.py
[2026-02-14T15:10:48.022+0000] {processor.py:840} INFO - DAG(s) 'product_price_pipeline' retrieved from /opt/airflow/dags/product_pipeline_dag.py
[2026-02-14T15:10:48.085+0000] {logging_mixin.py:188} INFO - [2026-02-14T15:10:48.085+0000] {dag.py:3089} INFO - Sync 1 DAGs
[2026-02-14T15:10:48.140+0000] {logging_mixin.py:188} INFO - [2026-02-14T15:10:48.139+0000] {dag.py:3947} INFO - Setting next_dagrun for product_price_pipeline to 2026-02-14 00:00:00+00:00, run_after=2026-02-15 00:00:00+00:00
[2026-02-14T15:10:48.170+0000] {processor.py:183} INFO - Processing /opt/airflow/dags/product_pipeline_dag.py took 0.242 seconds
[2026-02-14T15:11:19.360+0000] {processor.py:161} INFO - Started process (PID=18495) to work on /opt/airflow/dags/product_pipeline_dag.py
[2026-02-14T15:11:19.362+0000] {processor.py:830} INFO - Processing file /opt/airflow/dags/product_pipeline_dag.py for tasks to queue
[2026-02-14T15:11:19.366+0000] {logging_mixin.py:188} INFO - [2026-02-14T15:11:19.366+0000] {dagbag.py:545} INFO - Filling up the DagBag from /opt/airflow/dags/product_pipeline_dag.py
[2026-02-14T15:11:19.415+0000] {processor.py:840} INFO - DAG(s) 'product_price_pipeline' retrieved from /opt/airflow/dags/product_pipeline_dag.py
[2026-02-14T15:11:19.465+0000] {logging_mixin.py:188} INFO - [2026-02-14T15:11:19.465+0000] {dag.py:3089} INFO - Sync 1 DAGs
[2026-02-14T15:11:19.503+0000] {logging_mixin.py:188} INFO - [2026-02-14T15:11:19.503+0000] {dag.py:3947} INFO - Setting next_dagrun for product_price_pipeline to 2026-02-14 00:00:00+00:00, run_after=2026-02-15 00:00:00+00:00
[2026-02-14T15:11:19.538+0000] {processor.py:183} INFO - Processing /opt/airflow/dags/product_pipeline_dag.py took 0.186 seconds
[2026-02-14T15:11:51.487+0000] {processor.py:161} INFO - Started process (PID=18524) to work on /opt/airflow/dags/product_pipeline_dag.py
[2026-02-14T15:11:51.490+0000] {processor.py:830} INFO - Processing file /opt/airflow/dags/product_pipeline_dag.py for tasks to queue
[2026-02-14T15:11:51.494+0000] {logging_mixin.py:188} INFO - [2026-02-14T15:11:51.494+0000] {dagbag.py:545} INFO - Filling up the DagBag from /opt/airflow/dags/product_pipeline_dag.py
[2026-02-14T15:11:51.571+0000] {processor.py:840} INFO - DAG(s) 'product_price_pipeline' retrieved from /opt/airflow/dags/product_pipeline_dag.py
[2026-02-14T15:11:51.678+0000] {logging_mixin.py:188} INFO - [2026-02-14T15:11:51.677+0000] {dag.py:3089} INFO - Sync 1 DAGs
[2026-02-14T15:11:51.743+0000] {logging_mixin.py:188} INFO - [2026-02-14T15:11:51.742+0000] {dag.py:3947} INFO - Setting next_dagrun for product_price_pipeline to 2026-02-14 00:00:00+00:00, run_after=2026-02-15 00:00:00+00:00
[2026-02-14T15:11:51.787+0000] {processor.py:183} INFO - Processing /opt/airflow/dags/product_pipeline_dag.py took 0.310 seconds
[2026-02-14T15:12:23.282+0000] {processor.py:161} INFO - Started process (PID=18553) to work on /opt/airflow/dags/product_pipeline_dag.py
[2026-02-14T15:12:23.284+0000] {processor.py:830} INFO - Processing file /opt/airflow/dags/product_pipeline_dag.py for tasks to queue
[2026-02-14T15:12:23.288+0000] {logging_mixin.py:188} INFO - [2026-02-14T15:12:23.287+0000] {dagbag.py:545} INFO - Filling up the DagBag from /opt/airflow/dags/product_pipeline_dag.py
[2026-02-14T15:12:23.334+0000] {processor.py:840} INFO - DAG(s) 'product_price_pipeline' retrieved from /opt/airflow/dags/product_pipeline_dag.py
[2026-02-14T15:12:23.390+0000] {logging_mixin.py:188} INFO - [2026-02-14T15:12:23.390+0000] {dag.py:3089} INFO - Sync 1 DAGs
[2026-02-14T15:12:23.444+0000] {logging_mixin.py:188} INFO - [2026-02-14T15:12:23.444+0000] {dag.py:3947} INFO - Setting next_dagrun for product_price_pipeline to 2026-02-14 00:00:00+00:00, run_after=2026-02-15 00:00:00+00:00
[2026-02-14T15:12:23.494+0000] {processor.py:183} INFO - Processing /opt/airflow/dags/product_pipeline_dag.py took 0.225 seconds
[2026-02-14T15:12:55.282+0000] {processor.py:161} INFO - Started process (PID=18582) to work on /opt/airflow/dags/product_pipeline_dag.py
[2026-02-14T15:12:55.284+0000] {processor.py:830} INFO - Processing file /opt/airflow/dags/product_pipeline_dag.py for tasks to queue
[2026-02-14T15:12:55.288+0000] {logging_mixin.py:188} INFO - [2026-02-14T15:12:55.287+0000] {dagbag.py:545} INFO - Filling up the DagBag from /opt/airflow/dags/product_pipeline_dag.py
[2026-02-14T15:12:55.342+0000] {processor.py:840} INFO - DAG(s) 'product_price_pipeline' retrieved from /opt/airflow/dags/product_pipeline_dag.py
[2026-02-14T15:12:55.386+0000] {logging_mixin.py:188} INFO - [2026-02-14T15:12:55.386+0000] {dag.py:3089} INFO - Sync 1 DAGs
[2026-02-14T15:12:55.417+0000] {logging_mixin.py:188} INFO - [2026-02-14T15:12:55.417+0000] {dag.py:3947} INFO - Setting next_dagrun for product_price_pipeline to 2026-02-14 00:00:00+00:00, run_after=2026-02-15 00:00:00+00:00
[2026-02-14T15:12:55.443+0000] {processor.py:183} INFO - Processing /opt/airflow/dags/product_pipeline_dag.py took 0.168 seconds
[2026-02-14T15:13:28.320+0000] {processor.py:161} INFO - Started process (PID=18616) to work on /opt/airflow/dags/product_pipeline_dag.py
[2026-02-14T15:13:28.322+0000] {processor.py:830} INFO - Processing file /opt/airflow/dags/product_pipeline_dag.py for tasks to queue
[2026-02-14T15:13:28.325+0000] {logging_mixin.py:188} INFO - [2026-02-14T15:13:28.324+0000] {dagbag.py:545} INFO - Filling up the DagBag from /opt/airflow/dags/product_pipeline_dag.py
[2026-02-14T15:13:28.379+0000] {processor.py:840} INFO - DAG(s) 'product_price_pipeline' retrieved from /opt/airflow/dags/product_pipeline_dag.py
[2026-02-14T15:13:28.444+0000] {logging_mixin.py:188} INFO - [2026-02-14T15:13:28.443+0000] {dag.py:3089} INFO - Sync 1 DAGs
[2026-02-14T15:13:28.484+0000] {logging_mixin.py:188} INFO - [2026-02-14T15:13:28.483+0000] {dag.py:3947} INFO - Setting next_dagrun for product_price_pipeline to 2026-02-14 00:00:00+00:00, run_after=2026-02-15 00:00:00+00:00
[2026-02-14T15:13:28.529+0000] {processor.py:183} INFO - Processing /opt/airflow/dags/product_pipeline_dag.py took 0.219 seconds
[2026-02-14T15:14:01.319+0000] {processor.py:161} INFO - Started process (PID=18645) to work on /opt/airflow/dags/product_pipeline_dag.py
[2026-02-14T15:14:01.320+0000] {processor.py:830} INFO - Processing file /opt/airflow/dags/product_pipeline_dag.py for tasks to queue
[2026-02-14T15:14:01.327+0000] {logging_mixin.py:188} INFO - [2026-02-14T15:14:01.326+0000] {dagbag.py:545} INFO - Filling up the DagBag from /opt/airflow/dags/product_pipeline_dag.py
[2026-02-14T15:14:01.379+0000] {processor.py:840} INFO - DAG(s) 'product_price_pipeline' retrieved from /opt/airflow/dags/product_pipeline_dag.py
[2026-02-14T15:14:01.430+0000] {logging_mixin.py:188} INFO - [2026-02-14T15:14:01.429+0000] {dag.py:3089} INFO - Sync 1 DAGs
[2026-02-14T15:14:01.458+0000] {logging_mixin.py:188} INFO - [2026-02-14T15:14:01.458+0000] {dag.py:3947} INFO - Setting next_dagrun for product_price_pipeline to 2026-02-14 00:00:00+00:00, run_after=2026-02-15 00:00:00+00:00
[2026-02-14T15:14:01.494+0000] {processor.py:183} INFO - Processing /opt/airflow/dags/product_pipeline_dag.py took 0.188 seconds
[2026-02-14T15:14:34.214+0000] {processor.py:161} INFO - Started process (PID=18675) to work on /opt/airflow/dags/product_pipeline_dag.py
[2026-02-14T15:14:34.217+0000] {processor.py:830} INFO - Processing file /opt/airflow/dags/product_pipeline_dag.py for tasks to queue
[2026-02-14T15:14:34.219+0000] {logging_mixin.py:188} INFO - [2026-02-14T15:14:34.219+0000] {dagbag.py:545} INFO - Filling up the DagBag from /opt/airflow/dags/product_pipeline_dag.py
[2026-02-14T15:14:34.253+0000] {processor.py:840} INFO - DAG(s) 'product_price_pipeline' retrieved from /opt/airflow/dags/product_pipeline_dag.py
[2026-02-14T15:14:34.298+0000] {logging_mixin.py:188} INFO - [2026-02-14T15:14:34.297+0000] {dag.py:3089} INFO - Sync 1 DAGs
[2026-02-14T15:14:34.333+0000] {logging_mixin.py:188} INFO - [2026-02-14T15:14:34.332+0000] {dag.py:3947} INFO - Setting next_dagrun for product_price_pipeline to 2026-02-14 00:00:00+00:00, run_after=2026-02-15 00:00:00+00:00
[2026-02-14T15:14:34.366+0000] {processor.py:183} INFO - Processing /opt/airflow/dags/product_pipeline_dag.py took 0.160 seconds
[2026-02-14T15:15:07.739+0000] {processor.py:161} INFO - Started process (PID=18704) to work on /opt/airflow/dags/product_pipeline_dag.py
[2026-02-14T15:15:07.741+0000] {processor.py:830} INFO - Processing file /opt/airflow/dags/product_pipeline_dag.py for tasks to queue
[2026-02-14T15:15:07.745+0000] {logging_mixin.py:188} INFO - [2026-02-14T15:15:07.744+0000] {dagbag.py:545} INFO - Filling up the DagBag from /opt/airflow/dags/product_pipeline_dag.py
[2026-02-14T15:15:07.786+0000] {processor.py:840} INFO - DAG(s) 'product_price_pipeline' retrieved from /opt/airflow/dags/product_pipeline_dag.py
[2026-02-14T15:15:07.837+0000] {logging_mixin.py:188} INFO - [2026-02-14T15:15:07.837+0000] {dag.py:3089} INFO - Sync 1 DAGs
[2026-02-14T15:15:07.886+0000] {logging_mixin.py:188} INFO - [2026-02-14T15:15:07.885+0000] {dag.py:3947} INFO - Setting next_dagrun for product_price_pipeline to 2026-02-14 00:00:00+00:00, run_after=2026-02-15 00:00:00+00:00
[2026-02-14T15:15:07.937+0000] {processor.py:183} INFO - Processing /opt/airflow/dags/product_pipeline_dag.py took 0.209 seconds
[2026-02-14T15:15:40.730+0000] {processor.py:161} INFO - Started process (PID=18733) to work on /opt/airflow/dags/product_pipeline_dag.py
[2026-02-14T15:15:40.732+0000] {processor.py:830} INFO - Processing file /opt/airflow/dags/product_pipeline_dag.py for tasks to queue
[2026-02-14T15:15:40.734+0000] {logging_mixin.py:188} INFO - [2026-02-14T15:15:40.734+0000] {dagbag.py:545} INFO - Filling up the DagBag from /opt/airflow/dags/product_pipeline_dag.py
[2026-02-14T15:15:40.778+0000] {processor.py:840} INFO - DAG(s) 'product_price_pipeline' retrieved from /opt/airflow/dags/product_pipeline_dag.py
[2026-02-14T15:15:40.840+0000] {logging_mixin.py:188} INFO - [2026-02-14T15:15:40.840+0000] {dag.py:3089} INFO - Sync 1 DAGs
[2026-02-14T15:15:40.884+0000] {logging_mixin.py:188} INFO - [2026-02-14T15:15:40.884+0000] {dag.py:3947} INFO - Setting next_dagrun for product_price_pipeline to 2026-02-14 00:00:00+00:00, run_after=2026-02-15 00:00:00+00:00
[2026-02-14T15:15:40.918+0000] {processor.py:183} INFO - Processing /opt/airflow/dags/product_pipeline_dag.py took 0.200 seconds
[2026-02-14T15:16:13.430+0000] {processor.py:161} INFO - Started process (PID=18762) to work on /opt/airflow/dags/product_pipeline_dag.py
[2026-02-14T15:16:13.432+0000] {processor.py:830} INFO - Processing file /opt/airflow/dags/product_pipeline_dag.py for tasks to queue
[2026-02-14T15:16:13.436+0000] {logging_mixin.py:188} INFO - [2026-02-14T15:16:13.435+0000] {dagbag.py:545} INFO - Filling up the DagBag from /opt/airflow/dags/product_pipeline_dag.py
[2026-02-14T15:16:13.482+0000] {processor.py:840} INFO - DAG(s) 'product_price_pipeline' retrieved from /opt/airflow/dags/product_pipeline_dag.py
[2026-02-14T15:16:13.540+0000] {logging_mixin.py:188} INFO - [2026-02-14T15:16:13.539+0000] {dag.py:3089} INFO - Sync 1 DAGs
[2026-02-14T15:16:13.580+0000] {logging_mixin.py:188} INFO - [2026-02-14T15:16:13.579+0000] {dag.py:3947} INFO - Setting next_dagrun for product_price_pipeline to 2026-02-14 00:00:00+00:00, run_after=2026-02-15 00:00:00+00:00
[2026-02-14T15:16:13.617+0000] {processor.py:183} INFO - Processing /opt/airflow/dags/product_pipeline_dag.py took 0.197 seconds
[2026-02-14T15:16:45.999+0000] {processor.py:161} INFO - Started process (PID=18791) to work on /opt/airflow/dags/product_pipeline_dag.py
[2026-02-14T15:16:46.001+0000] {processor.py:830} INFO - Processing file /opt/airflow/dags/product_pipeline_dag.py for tasks to queue
[2026-02-14T15:16:46.005+0000] {logging_mixin.py:188} INFO - [2026-02-14T15:16:46.004+0000] {dagbag.py:545} INFO - Filling up the DagBag from /opt/airflow/dags/product_pipeline_dag.py
[2026-02-14T15:16:46.054+0000] {processor.py:840} INFO - DAG(s) 'product_price_pipeline' retrieved from /opt/airflow/dags/product_pipeline_dag.py
[2026-02-14T15:16:46.116+0000] {logging_mixin.py:188} INFO - [2026-02-14T15:16:46.116+0000] {dag.py:3089} INFO - Sync 1 DAGs
[2026-02-14T15:16:46.145+0000] {logging_mixin.py:188} INFO - [2026-02-14T15:16:46.145+0000] {dag.py:3947} INFO - Setting next_dagrun for product_price_pipeline to 2026-02-14 00:00:00+00:00, run_after=2026-02-15 00:00:00+00:00
[2026-02-14T15:16:46.313+0000] {processor.py:183} INFO - Processing /opt/airflow/dags/product_pipeline_dag.py took 0.324 seconds
[2026-02-14T15:17:18.888+0000] {processor.py:161} INFO - Started process (PID=18820) to work on /opt/airflow/dags/product_pipeline_dag.py
[2026-02-14T15:17:18.891+0000] {processor.py:830} INFO - Processing file /opt/airflow/dags/product_pipeline_dag.py for tasks to queue
[2026-02-14T15:17:18.899+0000] {logging_mixin.py:188} INFO - [2026-02-14T15:17:18.897+0000] {dagbag.py:545} INFO - Filling up the DagBag from /opt/airflow/dags/product_pipeline_dag.py
[2026-02-14T15:17:18.979+0000] {processor.py:840} INFO - DAG(s) 'product_price_pipeline' retrieved from /opt/airflow/dags/product_pipeline_dag.py
[2026-02-14T15:17:19.056+0000] {logging_mixin.py:188} INFO - [2026-02-14T15:17:19.056+0000] {dag.py:3089} INFO - Sync 1 DAGs
[2026-02-14T15:17:19.100+0000] {logging_mixin.py:188} INFO - [2026-02-14T15:17:19.099+0000] {dag.py:3947} INFO - Setting next_dagrun for product_price_pipeline to 2026-02-14 00:00:00+00:00, run_after=2026-02-15 00:00:00+00:00
[2026-02-14T15:17:19.144+0000] {processor.py:183} INFO - Processing /opt/airflow/dags/product_pipeline_dag.py took 0.270 seconds
[2026-02-14T15:17:50.224+0000] {processor.py:161} INFO - Started process (PID=18848) to work on /opt/airflow/dags/product_pipeline_dag.py
[2026-02-14T15:17:50.226+0000] {processor.py:830} INFO - Processing file /opt/airflow/dags/product_pipeline_dag.py for tasks to queue
[2026-02-14T15:17:50.229+0000] {logging_mixin.py:188} INFO - [2026-02-14T15:17:50.229+0000] {dagbag.py:545} INFO - Filling up the DagBag from /opt/airflow/dags/product_pipeline_dag.py
[2026-02-14T15:17:50.286+0000] {processor.py:840} INFO - DAG(s) 'product_price_pipeline' retrieved from /opt/airflow/dags/product_pipeline_dag.py
[2026-02-14T15:17:50.345+0000] {logging_mixin.py:188} INFO - [2026-02-14T15:17:50.345+0000] {dag.py:3089} INFO - Sync 1 DAGs
[2026-02-14T15:17:50.390+0000] {logging_mixin.py:188} INFO - [2026-02-14T15:17:50.389+0000] {dag.py:3947} INFO - Setting next_dagrun for product_price_pipeline to 2026-02-14 00:00:00+00:00, run_after=2026-02-15 00:00:00+00:00
[2026-02-14T15:17:50.432+0000] {processor.py:183} INFO - Processing /opt/airflow/dags/product_pipeline_dag.py took 0.219 seconds
[2026-02-14T15:18:23.864+0000] {processor.py:161} INFO - Started process (PID=18878) to work on /opt/airflow/dags/product_pipeline_dag.py
[2026-02-14T15:18:23.867+0000] {processor.py:830} INFO - Processing file /opt/airflow/dags/product_pipeline_dag.py for tasks to queue
[2026-02-14T15:18:23.872+0000] {logging_mixin.py:188} INFO - [2026-02-14T15:18:23.871+0000] {dagbag.py:545} INFO - Filling up the DagBag from /opt/airflow/dags/product_pipeline_dag.py
[2026-02-14T15:18:23.945+0000] {processor.py:840} INFO - DAG(s) 'product_price_pipeline' retrieved from /opt/airflow/dags/product_pipeline_dag.py
[2026-02-14T15:18:24.011+0000] {logging_mixin.py:188} INFO - [2026-02-14T15:18:24.011+0000] {dag.py:3089} INFO - Sync 1 DAGs
[2026-02-14T15:18:24.049+0000] {logging_mixin.py:188} INFO - [2026-02-14T15:18:24.049+0000] {dag.py:3947} INFO - Setting next_dagrun for product_price_pipeline to 2026-02-14 00:00:00+00:00, run_after=2026-02-15 00:00:00+00:00
[2026-02-14T15:18:24.096+0000] {processor.py:183} INFO - Processing /opt/airflow/dags/product_pipeline_dag.py took 0.244 seconds
[2026-02-14T15:18:57.018+0000] {processor.py:161} INFO - Started process (PID=18907) to work on /opt/airflow/dags/product_pipeline_dag.py
[2026-02-14T15:18:57.020+0000] {processor.py:830} INFO - Processing file /opt/airflow/dags/product_pipeline_dag.py for tasks to queue
[2026-02-14T15:18:57.024+0000] {logging_mixin.py:188} INFO - [2026-02-14T15:18:57.023+0000] {dagbag.py:545} INFO - Filling up the DagBag from /opt/airflow/dags/product_pipeline_dag.py
[2026-02-14T15:18:57.069+0000] {processor.py:840} INFO - DAG(s) 'product_price_pipeline' retrieved from /opt/airflow/dags/product_pipeline_dag.py
[2026-02-14T15:18:57.127+0000] {logging_mixin.py:188} INFO - [2026-02-14T15:18:57.127+0000] {dag.py:3089} INFO - Sync 1 DAGs
[2026-02-14T15:18:57.169+0000] {logging_mixin.py:188} INFO - [2026-02-14T15:18:57.168+0000] {dag.py:3947} INFO - Setting next_dagrun for product_price_pipeline to 2026-02-14 00:00:00+00:00, run_after=2026-02-15 00:00:00+00:00
[2026-02-14T15:18:57.217+0000] {processor.py:183} INFO - Processing /opt/airflow/dags/product_pipeline_dag.py took 0.209 seconds
[2026-02-14T15:19:29.159+0000] {processor.py:161} INFO - Started process (PID=18936) to work on /opt/airflow/dags/product_pipeline_dag.py
[2026-02-14T15:19:29.161+0000] {processor.py:830} INFO - Processing file /opt/airflow/dags/product_pipeline_dag.py for tasks to queue
[2026-02-14T15:19:29.165+0000] {logging_mixin.py:188} INFO - [2026-02-14T15:19:29.164+0000] {dagbag.py:545} INFO - Filling up the DagBag from /opt/airflow/dags/product_pipeline_dag.py
[2026-02-14T15:19:29.222+0000] {processor.py:840} INFO - DAG(s) 'product_price_pipeline' retrieved from /opt/airflow/dags/product_pipeline_dag.py
[2026-02-14T15:19:29.308+0000] {logging_mixin.py:188} INFO - [2026-02-14T15:19:29.307+0000] {dag.py:3089} INFO - Sync 1 DAGs
[2026-02-14T15:19:29.355+0000] {logging_mixin.py:188} INFO - [2026-02-14T15:19:29.355+0000] {dag.py:3947} INFO - Setting next_dagrun for product_price_pipeline to 2026-02-14 00:00:00+00:00, run_after=2026-02-15 00:00:00+00:00
[2026-02-14T15:19:29.405+0000] {processor.py:183} INFO - Processing /opt/airflow/dags/product_pipeline_dag.py took 0.257 seconds
[2026-02-14T15:20:02.628+0000] {processor.py:161} INFO - Started process (PID=18965) to work on /opt/airflow/dags/product_pipeline_dag.py
[2026-02-14T15:20:02.630+0000] {processor.py:830} INFO - Processing file /opt/airflow/dags/product_pipeline_dag.py for tasks to queue
[2026-02-14T15:20:02.634+0000] {logging_mixin.py:188} INFO - [2026-02-14T15:20:02.633+0000] {dagbag.py:545} INFO - Filling up the DagBag from /opt/airflow/dags/product_pipeline_dag.py
[2026-02-14T15:20:02.684+0000] {processor.py:840} INFO - DAG(s) 'product_price_pipeline' retrieved from /opt/airflow/dags/product_pipeline_dag.py
[2026-02-14T15:20:02.752+0000] {logging_mixin.py:188} INFO - [2026-02-14T15:20:02.752+0000] {dag.py:3089} INFO - Sync 1 DAGs
[2026-02-14T15:20:02.792+0000] {logging_mixin.py:188} INFO - [2026-02-14T15:20:02.791+0000] {dag.py:3947} INFO - Setting next_dagrun for product_price_pipeline to 2026-02-14 00:00:00+00:00, run_after=2026-02-15 00:00:00+00:00
[2026-02-14T15:20:02.827+0000] {processor.py:183} INFO - Processing /opt/airflow/dags/product_pipeline_dag.py took 0.208 seconds
[2026-02-14T15:20:33.916+0000] {processor.py:161} INFO - Started process (PID=18993) to work on /opt/airflow/dags/product_pipeline_dag.py
[2026-02-14T15:20:33.917+0000] {processor.py:830} INFO - Processing file /opt/airflow/dags/product_pipeline_dag.py for tasks to queue
[2026-02-14T15:20:33.920+0000] {logging_mixin.py:188} INFO - [2026-02-14T15:20:33.919+0000] {dagbag.py:545} INFO - Filling up the DagBag from /opt/airflow/dags/product_pipeline_dag.py
[2026-02-14T15:20:33.951+0000] {processor.py:840} INFO - DAG(s) 'product_price_pipeline' retrieved from /opt/airflow/dags/product_pipeline_dag.py
[2026-02-14T15:20:33.996+0000] {logging_mixin.py:188} INFO - [2026-02-14T15:20:33.996+0000] {dag.py:3089} INFO - Sync 1 DAGs
[2026-02-14T15:20:34.027+0000] {logging_mixin.py:188} INFO - [2026-02-14T15:20:34.027+0000] {dag.py:3947} INFO - Setting next_dagrun for product_price_pipeline to 2026-02-14 00:00:00+00:00, run_after=2026-02-15 00:00:00+00:00
[2026-02-14T15:20:34.061+0000] {processor.py:183} INFO - Processing /opt/airflow/dags/product_pipeline_dag.py took 0.152 seconds
[2026-02-14T15:31:04.403+0000] {processor.py:161} INFO - Started process (PID=19029) to work on /opt/airflow/dags/product_pipeline_dag.py
[2026-02-14T15:31:04.406+0000] {processor.py:830} INFO - Processing file /opt/airflow/dags/product_pipeline_dag.py for tasks to queue
[2026-02-14T15:31:04.409+0000] {logging_mixin.py:188} INFO - [2026-02-14T15:31:04.409+0000] {dagbag.py:545} INFO - Filling up the DagBag from /opt/airflow/dags/product_pipeline_dag.py
[2026-02-14T15:31:04.493+0000] {processor.py:840} INFO - DAG(s) 'product_price_pipeline' retrieved from /opt/airflow/dags/product_pipeline_dag.py
[2026-02-14T15:31:04.648+0000] {logging_mixin.py:188} INFO - [2026-02-14T15:31:04.647+0000] {dag.py:3089} INFO - Sync 1 DAGs
[2026-02-14T15:31:04.746+0000] {logging_mixin.py:188} INFO - [2026-02-14T15:31:04.745+0000] {dag.py:3947} INFO - Setting next_dagrun for product_price_pipeline to 2026-02-14 00:00:00+00:00, run_after=2026-02-15 00:00:00+00:00
[2026-02-14T15:31:04.827+0000] {processor.py:183} INFO - Processing /opt/airflow/dags/product_pipeline_dag.py took 0.436 seconds
[2026-02-14T15:31:41.100+0000] {processor.py:161} INFO - Started process (PID=19058) to work on /opt/airflow/dags/product_pipeline_dag.py
[2026-02-14T15:31:41.103+0000] {processor.py:830} INFO - Processing file /opt/airflow/dags/product_pipeline_dag.py for tasks to queue
[2026-02-14T15:31:41.107+0000] {logging_mixin.py:188} INFO - [2026-02-14T15:31:41.107+0000] {dagbag.py:545} INFO - Filling up the DagBag from /opt/airflow/dags/product_pipeline_dag.py
[2026-02-14T15:31:41.177+0000] {processor.py:840} INFO - DAG(s) 'product_price_pipeline' retrieved from /opt/airflow/dags/product_pipeline_dag.py
[2026-02-14T15:31:41.264+0000] {logging_mixin.py:188} INFO - [2026-02-14T15:31:41.263+0000] {dag.py:3089} INFO - Sync 1 DAGs
[2026-02-14T15:31:41.326+0000] {logging_mixin.py:188} INFO - [2026-02-14T15:31:41.326+0000] {dag.py:3947} INFO - Setting next_dagrun for product_price_pipeline to 2026-02-14 00:00:00+00:00, run_after=2026-02-15 00:00:00+00:00
[2026-02-14T15:31:41.377+0000] {processor.py:183} INFO - Processing /opt/airflow/dags/product_pipeline_dag.py took 0.290 seconds
[2026-02-14T15:32:12.747+0000] {processor.py:161} INFO - Started process (PID=19087) to work on /opt/airflow/dags/product_pipeline_dag.py
[2026-02-14T15:32:12.750+0000] {processor.py:830} INFO - Processing file /opt/airflow/dags/product_pipeline_dag.py for tasks to queue
[2026-02-14T15:32:12.757+0000] {logging_mixin.py:188} INFO - [2026-02-14T15:32:12.756+0000] {dagbag.py:545} INFO - Filling up the DagBag from /opt/airflow/dags/product_pipeline_dag.py
[2026-02-14T15:32:12.817+0000] {processor.py:840} INFO - DAG(s) 'product_price_pipeline' retrieved from /opt/airflow/dags/product_pipeline_dag.py
[2026-02-14T15:32:12.889+0000] {logging_mixin.py:188} INFO - [2026-02-14T15:32:12.888+0000] {dag.py:3089} INFO - Sync 1 DAGs
[2026-02-14T15:32:12.930+0000] {logging_mixin.py:188} INFO - [2026-02-14T15:32:12.930+0000] {dag.py:3947} INFO - Setting next_dagrun for product_price_pipeline to 2026-02-14 00:00:00+00:00, run_after=2026-02-15 00:00:00+00:00
[2026-02-14T15:32:12.980+0000] {processor.py:183} INFO - Processing /opt/airflow/dags/product_pipeline_dag.py took 0.243 seconds
[2026-02-14T15:32:44.130+0000] {processor.py:161} INFO - Started process (PID=19115) to work on /opt/airflow/dags/product_pipeline_dag.py
[2026-02-14T15:32:44.133+0000] {processor.py:830} INFO - Processing file /opt/airflow/dags/product_pipeline_dag.py for tasks to queue
[2026-02-14T15:32:44.137+0000] {logging_mixin.py:188} INFO - [2026-02-14T15:32:44.137+0000] {dagbag.py:545} INFO - Filling up the DagBag from /opt/airflow/dags/product_pipeline_dag.py
[2026-02-14T15:32:44.211+0000] {processor.py:840} INFO - DAG(s) 'product_price_pipeline' retrieved from /opt/airflow/dags/product_pipeline_dag.py
[2026-02-14T15:32:44.283+0000] {logging_mixin.py:188} INFO - [2026-02-14T15:32:44.282+0000] {dag.py:3089} INFO - Sync 1 DAGs
[2026-02-14T15:32:44.323+0000] {logging_mixin.py:188} INFO - [2026-02-14T15:32:44.323+0000] {dag.py:3947} INFO - Setting next_dagrun for product_price_pipeline to 2026-02-14 00:00:00+00:00, run_after=2026-02-15 00:00:00+00:00
[2026-02-14T15:32:44.378+0000] {processor.py:183} INFO - Processing /opt/airflow/dags/product_pipeline_dag.py took 0.257 seconds
[2026-02-14T15:33:15.900+0000] {processor.py:161} INFO - Started process (PID=19145) to work on /opt/airflow/dags/product_pipeline_dag.py
[2026-02-14T15:33:15.904+0000] {processor.py:830} INFO - Processing file /opt/airflow/dags/product_pipeline_dag.py for tasks to queue
[2026-02-14T15:33:15.907+0000] {logging_mixin.py:188} INFO - [2026-02-14T15:33:15.907+0000] {dagbag.py:545} INFO - Filling up the DagBag from /opt/airflow/dags/product_pipeline_dag.py
[2026-02-14T15:33:15.956+0000] {processor.py:840} INFO - DAG(s) 'product_price_pipeline' retrieved from /opt/airflow/dags/product_pipeline_dag.py
[2026-02-14T15:33:16.019+0000] {logging_mixin.py:188} INFO - [2026-02-14T15:33:16.018+0000] {dag.py:3089} INFO - Sync 1 DAGs
[2026-02-14T15:33:16.055+0000] {logging_mixin.py:188} INFO - [2026-02-14T15:33:16.054+0000] {dag.py:3947} INFO - Setting next_dagrun for product_price_pipeline to 2026-02-14 00:00:00+00:00, run_after=2026-02-15 00:00:00+00:00
[2026-02-14T15:33:16.093+0000] {processor.py:183} INFO - Processing /opt/airflow/dags/product_pipeline_dag.py took 0.203 seconds
[2026-02-14T15:33:47.251+0000] {processor.py:161} INFO - Started process (PID=19168) to work on /opt/airflow/dags/product_pipeline_dag.py
[2026-02-14T15:33:47.253+0000] {processor.py:830} INFO - Processing file /opt/airflow/dags/product_pipeline_dag.py for tasks to queue
[2026-02-14T15:33:47.257+0000] {logging_mixin.py:188} INFO - [2026-02-14T15:33:47.256+0000] {dagbag.py:545} INFO - Filling up the DagBag from /opt/airflow/dags/product_pipeline_dag.py
[2026-02-14T15:33:47.307+0000] {processor.py:840} INFO - DAG(s) 'product_price_pipeline' retrieved from /opt/airflow/dags/product_pipeline_dag.py
[2026-02-14T15:33:47.364+0000] {logging_mixin.py:188} INFO - [2026-02-14T15:33:47.363+0000] {dag.py:3089} INFO - Sync 1 DAGs
[2026-02-14T15:33:47.411+0000] {logging_mixin.py:188} INFO - [2026-02-14T15:33:47.410+0000] {dag.py:3947} INFO - Setting next_dagrun for product_price_pipeline to 2026-02-14 00:00:00+00:00, run_after=2026-02-15 00:00:00+00:00
[2026-02-14T15:33:47.452+0000] {processor.py:183} INFO - Processing /opt/airflow/dags/product_pipeline_dag.py took 0.210 seconds
[2026-02-14T15:34:19.387+0000] {processor.py:161} INFO - Started process (PID=19197) to work on /opt/airflow/dags/product_pipeline_dag.py
[2026-02-14T15:34:19.389+0000] {processor.py:830} INFO - Processing file /opt/airflow/dags/product_pipeline_dag.py for tasks to queue
[2026-02-14T15:34:19.393+0000] {logging_mixin.py:188} INFO - [2026-02-14T15:34:19.392+0000] {dagbag.py:545} INFO - Filling up the DagBag from /opt/airflow/dags/product_pipeline_dag.py
[2026-02-14T15:34:19.447+0000] {processor.py:840} INFO - DAG(s) 'product_price_pipeline' retrieved from /opt/airflow/dags/product_pipeline_dag.py
[2026-02-14T15:34:19.502+0000] {logging_mixin.py:188} INFO - [2026-02-14T15:34:19.501+0000] {dag.py:3089} INFO - Sync 1 DAGs
[2026-02-14T15:34:19.544+0000] {logging_mixin.py:188} INFO - [2026-02-14T15:34:19.543+0000] {dag.py:3947} INFO - Setting next_dagrun for product_price_pipeline to 2026-02-14 00:00:00+00:00, run_after=2026-02-15 00:00:00+00:00
[2026-02-14T15:34:19.577+0000] {processor.py:183} INFO - Processing /opt/airflow/dags/product_pipeline_dag.py took 0.200 seconds
[2026-02-14T15:34:51.620+0000] {processor.py:161} INFO - Started process (PID=19226) to work on /opt/airflow/dags/product_pipeline_dag.py
[2026-02-14T15:34:51.623+0000] {processor.py:830} INFO - Processing file /opt/airflow/dags/product_pipeline_dag.py for tasks to queue
[2026-02-14T15:34:51.628+0000] {logging_mixin.py:188} INFO - [2026-02-14T15:34:51.627+0000] {dagbag.py:545} INFO - Filling up the DagBag from /opt/airflow/dags/product_pipeline_dag.py
[2026-02-14T15:34:51.681+0000] {processor.py:840} INFO - DAG(s) 'product_price_pipeline' retrieved from /opt/airflow/dags/product_pipeline_dag.py
[2026-02-14T15:34:51.744+0000] {logging_mixin.py:188} INFO - [2026-02-14T15:34:51.743+0000] {dag.py:3089} INFO - Sync 1 DAGs
[2026-02-14T15:34:51.796+0000] {logging_mixin.py:188} INFO - [2026-02-14T15:34:51.796+0000] {dag.py:3947} INFO - Setting next_dagrun for product_price_pipeline to 2026-02-14 00:00:00+00:00, run_after=2026-02-15 00:00:00+00:00
[2026-02-14T15:34:51.842+0000] {processor.py:183} INFO - Processing /opt/airflow/dags/product_pipeline_dag.py took 0.233 seconds
[2026-02-14T15:35:23.668+0000] {processor.py:161} INFO - Started process (PID=19249) to work on /opt/airflow/dags/product_pipeline_dag.py
[2026-02-14T15:35:23.673+0000] {processor.py:830} INFO - Processing file /opt/airflow/dags/product_pipeline_dag.py for tasks to queue
[2026-02-14T15:35:23.677+0000] {logging_mixin.py:188} INFO - [2026-02-14T15:35:23.676+0000] {dagbag.py:545} INFO - Filling up the DagBag from /opt/airflow/dags/product_pipeline_dag.py
[2026-02-14T15:35:23.733+0000] {processor.py:840} INFO - DAG(s) 'product_price_pipeline' retrieved from /opt/airflow/dags/product_pipeline_dag.py
[2026-02-14T15:35:23.780+0000] {logging_mixin.py:188} INFO - [2026-02-14T15:35:23.780+0000] {dag.py:3089} INFO - Sync 1 DAGs
[2026-02-14T15:35:23.810+0000] {logging_mixin.py:188} INFO - [2026-02-14T15:35:23.809+0000] {dag.py:3947} INFO - Setting next_dagrun for product_price_pipeline to 2026-02-14 00:00:00+00:00, run_after=2026-02-15 00:00:00+00:00
[2026-02-14T15:35:23.845+0000] {processor.py:183} INFO - Processing /opt/airflow/dags/product_pipeline_dag.py took 0.187 seconds
[2026-02-14T15:35:55.719+0000] {processor.py:161} INFO - Started process (PID=19278) to work on /opt/airflow/dags/product_pipeline_dag.py
[2026-02-14T15:35:55.721+0000] {processor.py:830} INFO - Processing file /opt/airflow/dags/product_pipeline_dag.py for tasks to queue
[2026-02-14T15:35:55.724+0000] {logging_mixin.py:188} INFO - [2026-02-14T15:35:55.724+0000] {dagbag.py:545} INFO - Filling up the DagBag from /opt/airflow/dags/product_pipeline_dag.py
[2026-02-14T15:35:55.778+0000] {processor.py:840} INFO - DAG(s) 'product_price_pipeline' retrieved from /opt/airflow/dags/product_pipeline_dag.py
[2026-02-14T15:35:55.876+0000] {logging_mixin.py:188} INFO - [2026-02-14T15:35:55.875+0000] {dag.py:3089} INFO - Sync 1 DAGs
[2026-02-14T15:35:55.983+0000] {logging_mixin.py:188} INFO - [2026-02-14T15:35:55.981+0000] {dag.py:3947} INFO - Setting next_dagrun for product_price_pipeline to 2026-02-14 00:00:00+00:00, run_after=2026-02-15 00:00:00+00:00
[2026-02-14T15:35:56.024+0000] {processor.py:183} INFO - Processing /opt/airflow/dags/product_pipeline_dag.py took 0.312 seconds
[2026-02-14T15:36:30.052+0000] {processor.py:161} INFO - Started process (PID=19321) to work on /opt/airflow/dags/product_pipeline_dag.py
[2026-02-14T15:36:30.054+0000] {processor.py:830} INFO - Processing file /opt/airflow/dags/product_pipeline_dag.py for tasks to queue
[2026-02-14T15:36:30.059+0000] {logging_mixin.py:188} INFO - [2026-02-14T15:36:30.058+0000] {dagbag.py:545} INFO - Filling up the DagBag from /opt/airflow/dags/product_pipeline_dag.py
[2026-02-14T15:36:30.116+0000] {processor.py:840} INFO - DAG(s) 'product_price_pipeline' retrieved from /opt/airflow/dags/product_pipeline_dag.py
[2026-02-14T15:36:30.180+0000] {logging_mixin.py:188} INFO - [2026-02-14T15:36:30.179+0000] {dag.py:3089} INFO - Sync 1 DAGs
[2026-02-14T15:36:30.220+0000] {logging_mixin.py:188} INFO - [2026-02-14T15:36:30.220+0000] {dag.py:3947} INFO - Setting next_dagrun for product_price_pipeline to 2026-02-14 00:00:00+00:00, run_after=2026-02-15 00:00:00+00:00
[2026-02-14T15:36:30.253+0000] {processor.py:183} INFO - Processing /opt/airflow/dags/product_pipeline_dag.py took 0.211 seconds
[2026-02-14T15:37:02.538+0000] {processor.py:161} INFO - Started process (PID=19348) to work on /opt/airflow/dags/product_pipeline_dag.py
[2026-02-14T15:37:02.542+0000] {processor.py:830} INFO - Processing file /opt/airflow/dags/product_pipeline_dag.py for tasks to queue
[2026-02-14T15:37:02.546+0000] {logging_mixin.py:188} INFO - [2026-02-14T15:37:02.546+0000] {dagbag.py:545} INFO - Filling up the DagBag from /opt/airflow/dags/product_pipeline_dag.py
[2026-02-14T15:37:02.598+0000] {processor.py:840} INFO - DAG(s) 'product_price_pipeline' retrieved from /opt/airflow/dags/product_pipeline_dag.py
[2026-02-14T15:37:02.657+0000] {logging_mixin.py:188} INFO - [2026-02-14T15:37:02.657+0000] {dag.py:3089} INFO - Sync 1 DAGs
[2026-02-14T15:37:02.706+0000] {logging_mixin.py:188} INFO - [2026-02-14T15:37:02.705+0000] {dag.py:3947} INFO - Setting next_dagrun for product_price_pipeline to 2026-02-14 00:00:00+00:00, run_after=2026-02-15 00:00:00+00:00
[2026-02-14T15:37:02.751+0000] {processor.py:183} INFO - Processing /opt/airflow/dags/product_pipeline_dag.py took 0.236 seconds
[2026-02-14T15:37:43.012+0000] {processor.py:161} INFO - Started process (PID=19377) to work on /opt/airflow/dags/product_pipeline_dag.py
[2026-02-14T15:37:43.029+0000] {processor.py:830} INFO - Processing file /opt/airflow/dags/product_pipeline_dag.py for tasks to queue
[2026-02-14T15:37:43.040+0000] {logging_mixin.py:188} INFO - [2026-02-14T15:37:43.038+0000] {dagbag.py:545} INFO - Filling up the DagBag from /opt/airflow/dags/product_pipeline_dag.py
[2026-02-14T15:37:43.237+0000] {processor.py:840} INFO - DAG(s) 'product_price_pipeline' retrieved from /opt/airflow/dags/product_pipeline_dag.py
[2026-02-14T15:37:43.438+0000] {logging_mixin.py:188} INFO - [2026-02-14T15:37:43.437+0000] {dag.py:3089} INFO - Sync 1 DAGs
[2026-02-14T15:37:43.593+0000] {logging_mixin.py:188} INFO - [2026-02-14T15:37:43.592+0000] {dag.py:3947} INFO - Setting next_dagrun for product_price_pipeline to 2026-02-14 00:00:00+00:00, run_after=2026-02-15 00:00:00+00:00
[2026-02-14T15:37:43.867+0000] {processor.py:183} INFO - Processing /opt/airflow/dags/product_pipeline_dag.py took 0.875 seconds
[2026-02-14T15:38:14.500+0000] {processor.py:161} INFO - Started process (PID=19406) to work on /opt/airflow/dags/product_pipeline_dag.py
[2026-02-14T15:38:14.502+0000] {processor.py:830} INFO - Processing file /opt/airflow/dags/product_pipeline_dag.py for tasks to queue
[2026-02-14T15:38:14.508+0000] {logging_mixin.py:188} INFO - [2026-02-14T15:38:14.507+0000] {dagbag.py:545} INFO - Filling up the DagBag from /opt/airflow/dags/product_pipeline_dag.py
[2026-02-14T15:38:14.558+0000] {processor.py:840} INFO - DAG(s) 'product_price_pipeline' retrieved from /opt/airflow/dags/product_pipeline_dag.py
[2026-02-14T15:38:14.609+0000] {logging_mixin.py:188} INFO - [2026-02-14T15:38:14.608+0000] {dag.py:3089} INFO - Sync 1 DAGs
[2026-02-14T15:38:14.649+0000] {logging_mixin.py:188} INFO - [2026-02-14T15:38:14.649+0000] {dag.py:3947} INFO - Setting next_dagrun for product_price_pipeline to 2026-02-14 00:00:00+00:00, run_after=2026-02-15 00:00:00+00:00
[2026-02-14T15:38:14.701+0000] {processor.py:183} INFO - Processing /opt/airflow/dags/product_pipeline_dag.py took 0.211 seconds
[2026-02-14T15:38:46.502+0000] {processor.py:161} INFO - Started process (PID=19435) to work on /opt/airflow/dags/product_pipeline_dag.py
[2026-02-14T15:38:46.506+0000] {processor.py:830} INFO - Processing file /opt/airflow/dags/product_pipeline_dag.py for tasks to queue
[2026-02-14T15:38:46.511+0000] {logging_mixin.py:188} INFO - [2026-02-14T15:38:46.510+0000] {dagbag.py:545} INFO - Filling up the DagBag from /opt/airflow/dags/product_pipeline_dag.py
[2026-02-14T15:38:46.572+0000] {processor.py:840} INFO - DAG(s) 'product_price_pipeline' retrieved from /opt/airflow/dags/product_pipeline_dag.py
[2026-02-14T15:38:46.627+0000] {logging_mixin.py:188} INFO - [2026-02-14T15:38:46.627+0000] {dag.py:3089} INFO - Sync 1 DAGs
[2026-02-14T15:38:46.673+0000] {logging_mixin.py:188} INFO - [2026-02-14T15:38:46.673+0000] {dag.py:3947} INFO - Setting next_dagrun for product_price_pipeline to 2026-02-14 00:00:00+00:00, run_after=2026-02-15 00:00:00+00:00
[2026-02-14T15:38:46.725+0000] {processor.py:183} INFO - Processing /opt/airflow/dags/product_pipeline_dag.py took 0.236 seconds
[2026-02-14T15:39:18.142+0000] {processor.py:161} INFO - Started process (PID=19466) to work on /opt/airflow/dags/product_pipeline_dag.py
[2026-02-14T15:39:18.145+0000] {processor.py:830} INFO - Processing file /opt/airflow/dags/product_pipeline_dag.py for tasks to queue
[2026-02-14T15:39:18.150+0000] {logging_mixin.py:188} INFO - [2026-02-14T15:39:18.149+0000] {dagbag.py:545} INFO - Filling up the DagBag from /opt/airflow/dags/product_pipeline_dag.py
[2026-02-14T15:39:18.203+0000] {processor.py:840} INFO - DAG(s) 'product_price_pipeline' retrieved from /opt/airflow/dags/product_pipeline_dag.py
[2026-02-14T15:39:18.263+0000] {logging_mixin.py:188} INFO - [2026-02-14T15:39:18.262+0000] {dag.py:3089} INFO - Sync 1 DAGs
[2026-02-14T15:39:18.302+0000] {logging_mixin.py:188} INFO - [2026-02-14T15:39:18.302+0000] {dag.py:3947} INFO - Setting next_dagrun for product_price_pipeline to 2026-02-14 00:00:00+00:00, run_after=2026-02-15 00:00:00+00:00
[2026-02-14T15:39:18.352+0000] {processor.py:183} INFO - Processing /opt/airflow/dags/product_pipeline_dag.py took 0.218 seconds
[2026-02-14T15:39:50.285+0000] {processor.py:161} INFO - Started process (PID=19493) to work on /opt/airflow/dags/product_pipeline_dag.py
[2026-02-14T15:39:50.287+0000] {processor.py:830} INFO - Processing file /opt/airflow/dags/product_pipeline_dag.py for tasks to queue
[2026-02-14T15:39:50.292+0000] {logging_mixin.py:188} INFO - [2026-02-14T15:39:50.291+0000] {dagbag.py:545} INFO - Filling up the DagBag from /opt/airflow/dags/product_pipeline_dag.py
[2026-02-14T15:39:50.334+0000] {processor.py:840} INFO - DAG(s) 'product_price_pipeline' retrieved from /opt/airflow/dags/product_pipeline_dag.py
[2026-02-14T15:39:50.384+0000] {logging_mixin.py:188} INFO - [2026-02-14T15:39:50.384+0000] {dag.py:3089} INFO - Sync 1 DAGs
[2026-02-14T15:39:50.417+0000] {logging_mixin.py:188} INFO - [2026-02-14T15:39:50.416+0000] {dag.py:3947} INFO - Setting next_dagrun for product_price_pipeline to 2026-02-14 00:00:00+00:00, run_after=2026-02-15 00:00:00+00:00
[2026-02-14T15:39:50.450+0000] {processor.py:183} INFO - Processing /opt/airflow/dags/product_pipeline_dag.py took 0.176 seconds
[2026-02-14T15:40:21.848+0000] {processor.py:161} INFO - Started process (PID=19522) to work on /opt/airflow/dags/product_pipeline_dag.py
[2026-02-14T15:40:21.851+0000] {processor.py:830} INFO - Processing file /opt/airflow/dags/product_pipeline_dag.py for tasks to queue
[2026-02-14T15:40:21.856+0000] {logging_mixin.py:188} INFO - [2026-02-14T15:40:21.855+0000] {dagbag.py:545} INFO - Filling up the DagBag from /opt/airflow/dags/product_pipeline_dag.py
[2026-02-14T15:40:21.919+0000] {processor.py:840} INFO - DAG(s) 'product_price_pipeline' retrieved from /opt/airflow/dags/product_pipeline_dag.py
[2026-02-14T15:40:22.014+0000] {logging_mixin.py:188} INFO - [2026-02-14T15:40:22.013+0000] {dag.py:3089} INFO - Sync 1 DAGs
[2026-02-14T15:40:22.160+0000] {logging_mixin.py:188} INFO - [2026-02-14T15:40:22.157+0000] {dag.py:3947} INFO - Setting next_dagrun for product_price_pipeline to 2026-02-14 00:00:00+00:00, run_after=2026-02-15 00:00:00+00:00
[2026-02-14T15:40:22.278+0000] {processor.py:183} INFO - Processing /opt/airflow/dags/product_pipeline_dag.py took 0.444 seconds
[2026-02-14T15:40:54.027+0000] {processor.py:161} INFO - Started process (PID=19553) to work on /opt/airflow/dags/product_pipeline_dag.py
[2026-02-14T15:40:54.029+0000] {processor.py:830} INFO - Processing file /opt/airflow/dags/product_pipeline_dag.py for tasks to queue
[2026-02-14T15:40:54.034+0000] {logging_mixin.py:188} INFO - [2026-02-14T15:40:54.033+0000] {dagbag.py:545} INFO - Filling up the DagBag from /opt/airflow/dags/product_pipeline_dag.py
[2026-02-14T15:40:54.095+0000] {processor.py:840} INFO - DAG(s) 'product_price_pipeline' retrieved from /opt/airflow/dags/product_pipeline_dag.py
[2026-02-14T15:40:54.156+0000] {logging_mixin.py:188} INFO - [2026-02-14T15:40:54.156+0000] {dag.py:3089} INFO - Sync 1 DAGs
[2026-02-14T15:40:54.198+0000] {logging_mixin.py:188} INFO - [2026-02-14T15:40:54.197+0000] {dag.py:3947} INFO - Setting next_dagrun for product_price_pipeline to 2026-02-14 00:00:00+00:00, run_after=2026-02-15 00:00:00+00:00
[2026-02-14T15:40:54.230+0000] {processor.py:183} INFO - Processing /opt/airflow/dags/product_pipeline_dag.py took 0.213 seconds
[2026-02-14T15:41:25.586+0000] {processor.py:161} INFO - Started process (PID=19580) to work on /opt/airflow/dags/product_pipeline_dag.py
[2026-02-14T15:41:25.588+0000] {processor.py:830} INFO - Processing file /opt/airflow/dags/product_pipeline_dag.py for tasks to queue
[2026-02-14T15:41:25.591+0000] {logging_mixin.py:188} INFO - [2026-02-14T15:41:25.590+0000] {dagbag.py:545} INFO - Filling up the DagBag from /opt/airflow/dags/product_pipeline_dag.py
[2026-02-14T15:41:25.643+0000] {processor.py:840} INFO - DAG(s) 'product_price_pipeline' retrieved from /opt/airflow/dags/product_pipeline_dag.py
[2026-02-14T15:41:25.684+0000] {logging_mixin.py:188} INFO - [2026-02-14T15:41:25.684+0000] {dag.py:3089} INFO - Sync 1 DAGs
[2026-02-14T15:41:25.714+0000] {logging_mixin.py:188} INFO - [2026-02-14T15:41:25.714+0000] {dag.py:3947} INFO - Setting next_dagrun for product_price_pipeline to 2026-02-14 00:00:00+00:00, run_after=2026-02-15 00:00:00+00:00
[2026-02-14T15:41:25.743+0000] {processor.py:183} INFO - Processing /opt/airflow/dags/product_pipeline_dag.py took 0.167 seconds
[2026-02-14T15:41:57.076+0000] {processor.py:161} INFO - Started process (PID=19609) to work on /opt/airflow/dags/product_pipeline_dag.py
[2026-02-14T15:41:57.080+0000] {processor.py:830} INFO - Processing file /opt/airflow/dags/product_pipeline_dag.py for tasks to queue
[2026-02-14T15:41:57.088+0000] {logging_mixin.py:188} INFO - [2026-02-14T15:41:57.088+0000] {dagbag.py:545} INFO - Filling up the DagBag from /opt/airflow/dags/product_pipeline_dag.py
[2026-02-14T15:41:57.199+0000] {processor.py:840} INFO - DAG(s) 'product_price_pipeline' retrieved from /opt/airflow/dags/product_pipeline_dag.py
[2026-02-14T15:41:57.285+0000] {logging_mixin.py:188} INFO - [2026-02-14T15:41:57.285+0000] {dag.py:3089} INFO - Sync 1 DAGs
[2026-02-14T15:41:57.336+0000] {logging_mixin.py:188} INFO - [2026-02-14T15:41:57.335+0000] {dag.py:3947} INFO - Setting next_dagrun for product_price_pipeline to 2026-02-14 00:00:00+00:00, run_after=2026-02-15 00:00:00+00:00
[2026-02-14T15:41:57.390+0000] {processor.py:183} INFO - Processing /opt/airflow/dags/product_pipeline_dag.py took 0.331 seconds
[2026-02-14T15:42:28.070+0000] {processor.py:161} INFO - Started process (PID=19632) to work on /opt/airflow/dags/product_pipeline_dag.py
[2026-02-14T15:42:28.072+0000] {processor.py:830} INFO - Processing file /opt/airflow/dags/product_pipeline_dag.py for tasks to queue
[2026-02-14T15:42:28.075+0000] {logging_mixin.py:188} INFO - [2026-02-14T15:42:28.074+0000] {dagbag.py:545} INFO - Filling up the DagBag from /opt/airflow/dags/product_pipeline_dag.py
[2026-02-14T15:42:28.110+0000] {processor.py:840} INFO - DAG(s) 'product_price_pipeline' retrieved from /opt/airflow/dags/product_pipeline_dag.py
[2026-02-14T15:42:28.160+0000] {logging_mixin.py:188} INFO - [2026-02-14T15:42:28.160+0000] {dag.py:3089} INFO - Sync 1 DAGs
[2026-02-14T15:42:28.194+0000] {logging_mixin.py:188} INFO - [2026-02-14T15:42:28.193+0000] {dag.py:3947} INFO - Setting next_dagrun for product_price_pipeline to 2026-02-14 00:00:00+00:00, run_after=2026-02-15 00:00:00+00:00
[2026-02-14T15:42:28.226+0000] {processor.py:183} INFO - Processing /opt/airflow/dags/product_pipeline_dag.py took 0.163 seconds
[2026-02-14T15:43:02.254+0000] {processor.py:161} INFO - Started process (PID=19667) to work on /opt/airflow/dags/product_pipeline_dag.py
[2026-02-14T15:43:02.256+0000] {processor.py:830} INFO - Processing file /opt/airflow/dags/product_pipeline_dag.py for tasks to queue
[2026-02-14T15:43:02.259+0000] {logging_mixin.py:188} INFO - [2026-02-14T15:43:02.258+0000] {dagbag.py:545} INFO - Filling up the DagBag from /opt/airflow/dags/product_pipeline_dag.py
[2026-02-14T15:43:02.308+0000] {processor.py:840} INFO - DAG(s) 'product_price_pipeline' retrieved from /opt/airflow/dags/product_pipeline_dag.py
[2026-02-14T15:43:02.358+0000] {logging_mixin.py:188} INFO - [2026-02-14T15:43:02.357+0000] {dag.py:3089} INFO - Sync 1 DAGs
[2026-02-14T15:43:02.390+0000] {logging_mixin.py:188} INFO - [2026-02-14T15:43:02.389+0000] {dag.py:3947} INFO - Setting next_dagrun for product_price_pipeline to 2026-02-14 00:00:00+00:00, run_after=2026-02-15 00:00:00+00:00
[2026-02-14T15:43:02.428+0000] {processor.py:183} INFO - Processing /opt/airflow/dags/product_pipeline_dag.py took 0.182 seconds
[2026-02-14T15:43:35.544+0000] {processor.py:161} INFO - Started process (PID=19696) to work on /opt/airflow/dags/product_pipeline_dag.py
[2026-02-14T15:43:35.547+0000] {processor.py:830} INFO - Processing file /opt/airflow/dags/product_pipeline_dag.py for tasks to queue
[2026-02-14T15:43:35.550+0000] {logging_mixin.py:188} INFO - [2026-02-14T15:43:35.549+0000] {dagbag.py:545} INFO - Filling up the DagBag from /opt/airflow/dags/product_pipeline_dag.py
[2026-02-14T15:43:35.619+0000] {processor.py:840} INFO - DAG(s) 'product_price_pipeline' retrieved from /opt/airflow/dags/product_pipeline_dag.py
[2026-02-14T15:43:35.719+0000] {logging_mixin.py:188} INFO - [2026-02-14T15:43:35.719+0000] {dag.py:3089} INFO - Sync 1 DAGs
[2026-02-14T15:43:35.799+0000] {logging_mixin.py:188} INFO - [2026-02-14T15:43:35.798+0000] {dag.py:3947} INFO - Setting next_dagrun for product_price_pipeline to 2026-02-14 00:00:00+00:00, run_after=2026-02-15 00:00:00+00:00
[2026-02-14T15:43:35.893+0000] {processor.py:183} INFO - Processing /opt/airflow/dags/product_pipeline_dag.py took 0.359 seconds
[2026-02-14T15:44:09.607+0000] {processor.py:161} INFO - Started process (PID=19725) to work on /opt/airflow/dags/product_pipeline_dag.py
[2026-02-14T15:44:09.610+0000] {processor.py:830} INFO - Processing file /opt/airflow/dags/product_pipeline_dag.py for tasks to queue
[2026-02-14T15:44:09.614+0000] {logging_mixin.py:188} INFO - [2026-02-14T15:44:09.613+0000] {dagbag.py:545} INFO - Filling up the DagBag from /opt/airflow/dags/product_pipeline_dag.py
[2026-02-14T15:44:09.703+0000] {processor.py:840} INFO - DAG(s) 'product_price_pipeline' retrieved from /opt/airflow/dags/product_pipeline_dag.py
[2026-02-14T15:44:09.811+0000] {logging_mixin.py:188} INFO - [2026-02-14T15:44:09.810+0000] {dag.py:3089} INFO - Sync 1 DAGs
[2026-02-14T15:44:09.907+0000] {logging_mixin.py:188} INFO - [2026-02-14T15:44:09.907+0000] {dag.py:3947} INFO - Setting next_dagrun for product_price_pipeline to 2026-02-14 00:00:00+00:00, run_after=2026-02-15 00:00:00+00:00
[2026-02-14T15:44:09.958+0000] {processor.py:183} INFO - Processing /opt/airflow/dags/product_pipeline_dag.py took 0.362 seconds
[2026-02-14T15:44:41.111+0000] {processor.py:161} INFO - Started process (PID=19754) to work on /opt/airflow/dags/product_pipeline_dag.py
[2026-02-14T15:44:41.113+0000] {processor.py:830} INFO - Processing file /opt/airflow/dags/product_pipeline_dag.py for tasks to queue
[2026-02-14T15:44:41.116+0000] {logging_mixin.py:188} INFO - [2026-02-14T15:44:41.116+0000] {dagbag.py:545} INFO - Filling up the DagBag from /opt/airflow/dags/product_pipeline_dag.py
[2026-02-14T15:44:41.161+0000] {processor.py:840} INFO - DAG(s) 'product_price_pipeline' retrieved from /opt/airflow/dags/product_pipeline_dag.py
[2026-02-14T15:44:41.214+0000] {logging_mixin.py:188} INFO - [2026-02-14T15:44:41.213+0000] {dag.py:3089} INFO - Sync 1 DAGs
[2026-02-14T15:44:41.247+0000] {logging_mixin.py:188} INFO - [2026-02-14T15:44:41.247+0000] {dag.py:3947} INFO - Setting next_dagrun for product_price_pipeline to 2026-02-14 00:00:00+00:00, run_after=2026-02-15 00:00:00+00:00
[2026-02-14T15:44:41.289+0000] {processor.py:183} INFO - Processing /opt/airflow/dags/product_pipeline_dag.py took 0.187 seconds
[2026-02-14T15:45:12.987+0000] {processor.py:161} INFO - Started process (PID=19783) to work on /opt/airflow/dags/product_pipeline_dag.py
[2026-02-14T15:45:12.989+0000] {processor.py:830} INFO - Processing file /opt/airflow/dags/product_pipeline_dag.py for tasks to queue
[2026-02-14T15:45:12.991+0000] {logging_mixin.py:188} INFO - [2026-02-14T15:45:12.991+0000] {dagbag.py:545} INFO - Filling up the DagBag from /opt/airflow/dags/product_pipeline_dag.py
[2026-02-14T15:45:13.043+0000] {processor.py:840} INFO - DAG(s) 'product_price_pipeline' retrieved from /opt/airflow/dags/product_pipeline_dag.py
[2026-02-14T15:45:13.099+0000] {logging_mixin.py:188} INFO - [2026-02-14T15:45:13.098+0000] {dag.py:3089} INFO - Sync 1 DAGs
[2026-02-14T15:45:13.155+0000] {logging_mixin.py:188} INFO - [2026-02-14T15:45:13.155+0000] {dag.py:3947} INFO - Setting next_dagrun for product_price_pipeline to 2026-02-14 00:00:00+00:00, run_after=2026-02-15 00:00:00+00:00
[2026-02-14T15:45:13.211+0000] {processor.py:183} INFO - Processing /opt/airflow/dags/product_pipeline_dag.py took 0.234 seconds
[2026-02-14T15:45:45.938+0000] {processor.py:161} INFO - Started process (PID=19812) to work on /opt/airflow/dags/product_pipeline_dag.py
[2026-02-14T15:45:45.940+0000] {processor.py:830} INFO - Processing file /opt/airflow/dags/product_pipeline_dag.py for tasks to queue
[2026-02-14T15:45:45.944+0000] {logging_mixin.py:188} INFO - [2026-02-14T15:45:45.943+0000] {dagbag.py:545} INFO - Filling up the DagBag from /opt/airflow/dags/product_pipeline_dag.py
[2026-02-14T15:45:45.988+0000] {processor.py:840} INFO - DAG(s) 'product_price_pipeline' retrieved from /opt/airflow/dags/product_pipeline_dag.py
[2026-02-14T15:45:46.044+0000] {logging_mixin.py:188} INFO - [2026-02-14T15:45:46.043+0000] {dag.py:3089} INFO - Sync 1 DAGs
[2026-02-14T15:45:46.084+0000] {logging_mixin.py:188} INFO - [2026-02-14T15:45:46.084+0000] {dag.py:3947} INFO - Setting next_dagrun for product_price_pipeline to 2026-02-14 00:00:00+00:00, run_after=2026-02-15 00:00:00+00:00
[2026-02-14T15:45:46.140+0000] {processor.py:183} INFO - Processing /opt/airflow/dags/product_pipeline_dag.py took 0.211 seconds
[2026-02-14T15:46:19.166+0000] {processor.py:161} INFO - Started process (PID=19841) to work on /opt/airflow/dags/product_pipeline_dag.py
[2026-02-14T15:46:19.169+0000] {processor.py:830} INFO - Processing file /opt/airflow/dags/product_pipeline_dag.py for tasks to queue
[2026-02-14T15:46:19.172+0000] {logging_mixin.py:188} INFO - [2026-02-14T15:46:19.171+0000] {dagbag.py:545} INFO - Filling up the DagBag from /opt/airflow/dags/product_pipeline_dag.py
[2026-02-14T15:46:19.243+0000] {processor.py:840} INFO - DAG(s) 'product_price_pipeline' retrieved from /opt/airflow/dags/product_pipeline_dag.py
[2026-02-14T15:46:19.334+0000] {logging_mixin.py:188} INFO - [2026-02-14T15:46:19.333+0000] {dag.py:3089} INFO - Sync 1 DAGs
[2026-02-14T15:46:19.375+0000] {logging_mixin.py:188} INFO - [2026-02-14T15:46:19.375+0000] {dag.py:3947} INFO - Setting next_dagrun for product_price_pipeline to 2026-02-14 00:00:00+00:00, run_after=2026-02-15 00:00:00+00:00
[2026-02-14T15:46:19.420+0000] {processor.py:183} INFO - Processing /opt/airflow/dags/product_pipeline_dag.py took 0.263 seconds
[2026-02-14T15:46:53.264+0000] {processor.py:161} INFO - Started process (PID=19870) to work on /opt/airflow/dags/product_pipeline_dag.py
[2026-02-14T15:46:53.266+0000] {processor.py:830} INFO - Processing file /opt/airflow/dags/product_pipeline_dag.py for tasks to queue
[2026-02-14T15:46:53.269+0000] {logging_mixin.py:188} INFO - [2026-02-14T15:46:53.269+0000] {dagbag.py:545} INFO - Filling up the DagBag from /opt/airflow/dags/product_pipeline_dag.py
[2026-02-14T15:46:53.331+0000] {processor.py:840} INFO - DAG(s) 'product_price_pipeline' retrieved from /opt/airflow/dags/product_pipeline_dag.py
[2026-02-14T15:46:53.398+0000] {logging_mixin.py:188} INFO - [2026-02-14T15:46:53.398+0000] {dag.py:3089} INFO - Sync 1 DAGs
[2026-02-14T15:46:53.451+0000] {logging_mixin.py:188} INFO - [2026-02-14T15:46:53.451+0000] {dag.py:3947} INFO - Setting next_dagrun for product_price_pipeline to 2026-02-14 00:00:00+00:00, run_after=2026-02-15 00:00:00+00:00
[2026-02-14T15:46:53.497+0000] {processor.py:183} INFO - Processing /opt/airflow/dags/product_pipeline_dag.py took 0.243 seconds
[2026-02-14T15:47:24.639+0000] {processor.py:161} INFO - Started process (PID=19899) to work on /opt/airflow/dags/product_pipeline_dag.py
[2026-02-14T15:47:24.641+0000] {processor.py:830} INFO - Processing file /opt/airflow/dags/product_pipeline_dag.py for tasks to queue
[2026-02-14T15:47:24.644+0000] {logging_mixin.py:188} INFO - [2026-02-14T15:47:24.644+0000] {dagbag.py:545} INFO - Filling up the DagBag from /opt/airflow/dags/product_pipeline_dag.py
[2026-02-14T15:47:24.690+0000] {processor.py:840} INFO - DAG(s) 'product_price_pipeline' retrieved from /opt/airflow/dags/product_pipeline_dag.py
[2026-02-14T15:47:24.748+0000] {logging_mixin.py:188} INFO - [2026-02-14T15:47:24.748+0000] {dag.py:3089} INFO - Sync 1 DAGs
[2026-02-14T15:47:24.787+0000] {logging_mixin.py:188} INFO - [2026-02-14T15:47:24.786+0000] {dag.py:3947} INFO - Setting next_dagrun for product_price_pipeline to 2026-02-14 00:00:00+00:00, run_after=2026-02-15 00:00:00+00:00
[2026-02-14T15:47:24.826+0000] {processor.py:183} INFO - Processing /opt/airflow/dags/product_pipeline_dag.py took 0.198 seconds
[2026-02-14T15:47:56.782+0000] {processor.py:161} INFO - Started process (PID=19928) to work on /opt/airflow/dags/product_pipeline_dag.py
[2026-02-14T15:47:56.785+0000] {processor.py:830} INFO - Processing file /opt/airflow/dags/product_pipeline_dag.py for tasks to queue
[2026-02-14T15:47:56.789+0000] {logging_mixin.py:188} INFO - [2026-02-14T15:47:56.789+0000] {dagbag.py:545} INFO - Filling up the DagBag from /opt/airflow/dags/product_pipeline_dag.py
[2026-02-14T15:47:56.851+0000] {processor.py:840} INFO - DAG(s) 'product_price_pipeline' retrieved from /opt/airflow/dags/product_pipeline_dag.py
[2026-02-14T15:47:56.910+0000] {logging_mixin.py:188} INFO - [2026-02-14T15:47:56.909+0000] {dag.py:3089} INFO - Sync 1 DAGs
[2026-02-14T15:47:56.946+0000] {logging_mixin.py:188} INFO - [2026-02-14T15:47:56.945+0000] {dag.py:3947} INFO - Setting next_dagrun for product_price_pipeline to 2026-02-14 00:00:00+00:00, run_after=2026-02-15 00:00:00+00:00
[2026-02-14T15:47:56.998+0000] {processor.py:183} INFO - Processing /opt/airflow/dags/product_pipeline_dag.py took 0.229 seconds
[2026-02-14T15:48:30.080+0000] {processor.py:161} INFO - Started process (PID=19957) to work on /opt/airflow/dags/product_pipeline_dag.py
[2026-02-14T15:48:30.082+0000] {processor.py:830} INFO - Processing file /opt/airflow/dags/product_pipeline_dag.py for tasks to queue
[2026-02-14T15:48:30.087+0000] {logging_mixin.py:188} INFO - [2026-02-14T15:48:30.086+0000] {dagbag.py:545} INFO - Filling up the DagBag from /opt/airflow/dags/product_pipeline_dag.py
[2026-02-14T15:48:30.147+0000] {processor.py:840} INFO - DAG(s) 'product_price_pipeline' retrieved from /opt/airflow/dags/product_pipeline_dag.py
[2026-02-14T15:48:30.210+0000] {logging_mixin.py:188} INFO - [2026-02-14T15:48:30.209+0000] {dag.py:3089} INFO - Sync 1 DAGs
[2026-02-14T15:48:30.251+0000] {logging_mixin.py:188} INFO - [2026-02-14T15:48:30.251+0000] {dag.py:3947} INFO - Setting next_dagrun for product_price_pipeline to 2026-02-14 00:00:00+00:00, run_after=2026-02-15 00:00:00+00:00
[2026-02-14T15:48:30.293+0000] {processor.py:183} INFO - Processing /opt/airflow/dags/product_pipeline_dag.py took 0.227 seconds
[2026-02-14T15:49:02.629+0000] {processor.py:161} INFO - Started process (PID=19986) to work on /opt/airflow/dags/product_pipeline_dag.py
[2026-02-14T15:49:02.632+0000] {processor.py:830} INFO - Processing file /opt/airflow/dags/product_pipeline_dag.py for tasks to queue
[2026-02-14T15:49:02.639+0000] {logging_mixin.py:188} INFO - [2026-02-14T15:49:02.638+0000] {dagbag.py:545} INFO - Filling up the DagBag from /opt/airflow/dags/product_pipeline_dag.py
[2026-02-14T15:49:02.721+0000] {processor.py:840} INFO - DAG(s) 'product_price_pipeline' retrieved from /opt/airflow/dags/product_pipeline_dag.py
[2026-02-14T15:49:02.814+0000] {logging_mixin.py:188} INFO - [2026-02-14T15:49:02.814+0000] {dag.py:3089} INFO - Sync 1 DAGs
[2026-02-14T15:49:02.871+0000] {logging_mixin.py:188} INFO - [2026-02-14T15:49:02.870+0000] {dag.py:3947} INFO - Setting next_dagrun for product_price_pipeline to 2026-02-14 00:00:00+00:00, run_after=2026-02-15 00:00:00+00:00
[2026-02-14T15:49:03.069+0000] {processor.py:183} INFO - Processing /opt/airflow/dags/product_pipeline_dag.py took 0.464 seconds
[2026-02-14T15:49:35.304+0000] {processor.py:161} INFO - Started process (PID=20015) to work on /opt/airflow/dags/product_pipeline_dag.py
[2026-02-14T15:49:35.307+0000] {processor.py:830} INFO - Processing file /opt/airflow/dags/product_pipeline_dag.py for tasks to queue
[2026-02-14T15:49:35.310+0000] {logging_mixin.py:188} INFO - [2026-02-14T15:49:35.310+0000] {dagbag.py:545} INFO - Filling up the DagBag from /opt/airflow/dags/product_pipeline_dag.py
[2026-02-14T15:49:35.373+0000] {processor.py:840} INFO - DAG(s) 'product_price_pipeline' retrieved from /opt/airflow/dags/product_pipeline_dag.py
[2026-02-14T15:49:35.429+0000] {logging_mixin.py:188} INFO - [2026-02-14T15:49:35.429+0000] {dag.py:3089} INFO - Sync 1 DAGs
[2026-02-14T15:49:35.468+0000] {logging_mixin.py:188} INFO - [2026-02-14T15:49:35.467+0000] {dag.py:3947} INFO - Setting next_dagrun for product_price_pipeline to 2026-02-14 00:00:00+00:00, run_after=2026-02-15 00:00:00+00:00
[2026-02-14T15:49:35.501+0000] {processor.py:183} INFO - Processing /opt/airflow/dags/product_pipeline_dag.py took 0.207 seconds
[2026-02-14T16:00:18.908+0000] {processor.py:161} INFO - Started process (PID=20044) to work on /opt/airflow/dags/product_pipeline_dag.py
[2026-02-14T16:00:18.915+0000] {processor.py:830} INFO - Processing file /opt/airflow/dags/product_pipeline_dag.py for tasks to queue
[2026-02-14T16:00:18.938+0000] {logging_mixin.py:188} INFO - [2026-02-14T16:00:18.936+0000] {dagbag.py:545} INFO - Filling up the DagBag from /opt/airflow/dags/product_pipeline_dag.py
[2026-02-14T16:00:22.024+0000] {processor.py:840} INFO - DAG(s) 'product_price_pipeline' retrieved from /opt/airflow/dags/product_pipeline_dag.py
[2026-02-14T16:00:22.280+0000] {logging_mixin.py:188} INFO - [2026-02-14T16:00:22.278+0000] {dag.py:3089} INFO - Sync 1 DAGs
[2026-02-14T16:00:22.479+0000] {logging_mixin.py:188} INFO - [2026-02-14T16:00:22.478+0000] {dag.py:3947} INFO - Setting next_dagrun for product_price_pipeline to 2026-02-14 00:00:00+00:00, run_after=2026-02-15 00:00:00+00:00
[2026-02-14T16:00:22.626+0000] {processor.py:183} INFO - Processing /opt/airflow/dags/product_pipeline_dag.py took 0.909 seconds
[2026-02-14T16:00:57.633+0000] {processor.py:161} INFO - Started process (PID=20070) to work on /opt/airflow/dags/product_pipeline_dag.py
[2026-02-14T16:00:57.643+0000] {processor.py:830} INFO - Processing file /opt/airflow/dags/product_pipeline_dag.py for tasks to queue
[2026-02-14T16:00:57.728+0000] {logging_mixin.py:188} INFO - [2026-02-14T16:00:57.710+0000] {dagbag.py:545} INFO - Filling up the DagBag from /opt/airflow/dags/product_pipeline_dag.py
[2026-02-14T16:00:58.183+0000] {processor.py:840} INFO - DAG(s) 'product_price_pipeline' retrieved from /opt/airflow/dags/product_pipeline_dag.py
[2026-02-14T16:00:58.810+0000] {logging_mixin.py:188} INFO - [2026-02-14T16:00:58.808+0000] {dag.py:3089} INFO - Sync 1 DAGs
[2026-02-14T16:00:59.185+0000] {logging_mixin.py:188} INFO - [2026-02-14T16:00:59.184+0000] {dag.py:3947} INFO - Setting next_dagrun for product_price_pipeline to 2026-02-14 00:00:00+00:00, run_after=2026-02-15 00:00:00+00:00
[2026-02-14T16:00:59.356+0000] {processor.py:183} INFO - Processing /opt/airflow/dags/product_pipeline_dag.py took 1.905 seconds
[2026-02-14T16:01:29.879+0000] {processor.py:161} INFO - Started process (PID=20098) to work on /opt/airflow/dags/product_pipeline_dag.py
[2026-02-14T16:01:29.882+0000] {processor.py:830} INFO - Processing file /opt/airflow/dags/product_pipeline_dag.py for tasks to queue
[2026-02-14T16:01:29.889+0000] {logging_mixin.py:188} INFO - [2026-02-14T16:01:29.888+0000] {dagbag.py:545} INFO - Filling up the DagBag from /opt/airflow/dags/product_pipeline_dag.py
[2026-02-14T16:01:29.943+0000] {processor.py:840} INFO - DAG(s) 'product_price_pipeline' retrieved from /opt/airflow/dags/product_pipeline_dag.py
[2026-02-14T16:01:29.992+0000] {logging_mixin.py:188} INFO - [2026-02-14T16:01:29.992+0000] {dag.py:3089} INFO - Sync 1 DAGs
[2026-02-14T16:01:30.027+0000] {logging_mixin.py:188} INFO - [2026-02-14T16:01:30.027+0000] {dag.py:3947} INFO - Setting next_dagrun for product_price_pipeline to 2026-02-14 00:00:00+00:00, run_after=2026-02-15 00:00:00+00:00
[2026-02-14T16:01:30.060+0000] {processor.py:183} INFO - Processing /opt/airflow/dags/product_pipeline_dag.py took 0.189 seconds
[2026-02-14T16:02:00.553+0000] {processor.py:161} INFO - Started process (PID=20127) to work on /opt/airflow/dags/product_pipeline_dag.py
[2026-02-14T16:02:00.555+0000] {processor.py:830} INFO - Processing file /opt/airflow/dags/product_pipeline_dag.py for tasks to queue
[2026-02-14T16:02:00.559+0000] {logging_mixin.py:188} INFO - [2026-02-14T16:02:00.558+0000] {dagbag.py:545} INFO - Filling up the DagBag from /opt/airflow/dags/product_pipeline_dag.py
[2026-02-14T16:02:00.624+0000] {processor.py:840} INFO - DAG(s) 'product_price_pipeline' retrieved from /opt/airflow/dags/product_pipeline_dag.py
[2026-02-14T16:02:00.690+0000] {logging_mixin.py:188} INFO - [2026-02-14T16:02:00.690+0000] {dag.py:3089} INFO - Sync 1 DAGs
[2026-02-14T16:02:00.725+0000] {logging_mixin.py:188} INFO - [2026-02-14T16:02:00.724+0000] {dag.py:3947} INFO - Setting next_dagrun for product_price_pipeline to 2026-02-14 00:00:00+00:00, run_after=2026-02-15 00:00:00+00:00
[2026-02-14T16:02:00.756+0000] {processor.py:183} INFO - Processing /opt/airflow/dags/product_pipeline_dag.py took 0.213 seconds
[2026-02-14T16:02:31.749+0000] {processor.py:161} INFO - Started process (PID=20156) to work on /opt/airflow/dags/product_pipeline_dag.py
[2026-02-14T16:02:31.751+0000] {processor.py:830} INFO - Processing file /opt/airflow/dags/product_pipeline_dag.py for tasks to queue
[2026-02-14T16:02:31.756+0000] {logging_mixin.py:188} INFO - [2026-02-14T16:02:31.755+0000] {dagbag.py:545} INFO - Filling up the DagBag from /opt/airflow/dags/product_pipeline_dag.py
[2026-02-14T16:02:31.805+0000] {processor.py:840} INFO - DAG(s) 'product_price_pipeline' retrieved from /opt/airflow/dags/product_pipeline_dag.py
[2026-02-14T16:02:31.891+0000] {logging_mixin.py:188} INFO - [2026-02-14T16:02:31.890+0000] {dag.py:3089} INFO - Sync 1 DAGs
[2026-02-14T16:02:31.925+0000] {logging_mixin.py:188} INFO - [2026-02-14T16:02:31.925+0000] {dag.py:3947} INFO - Setting next_dagrun for product_price_pipeline to 2026-02-14 00:00:00+00:00, run_after=2026-02-15 00:00:00+00:00
[2026-02-14T16:02:31.973+0000] {processor.py:183} INFO - Processing /opt/airflow/dags/product_pipeline_dag.py took 0.237 seconds
[2026-02-14T16:03:02.202+0000] {processor.py:161} INFO - Started process (PID=20185) to work on /opt/airflow/dags/product_pipeline_dag.py
[2026-02-14T16:03:02.204+0000] {processor.py:830} INFO - Processing file /opt/airflow/dags/product_pipeline_dag.py for tasks to queue
[2026-02-14T16:03:02.207+0000] {logging_mixin.py:188} INFO - [2026-02-14T16:03:02.207+0000] {dagbag.py:545} INFO - Filling up the DagBag from /opt/airflow/dags/product_pipeline_dag.py
[2026-02-14T16:03:02.260+0000] {processor.py:840} INFO - DAG(s) 'product_price_pipeline' retrieved from /opt/airflow/dags/product_pipeline_dag.py
[2026-02-14T16:03:02.327+0000] {logging_mixin.py:188} INFO - [2026-02-14T16:03:02.327+0000] {dag.py:3089} INFO - Sync 1 DAGs
[2026-02-14T16:03:02.363+0000] {logging_mixin.py:188} INFO - [2026-02-14T16:03:02.362+0000] {dag.py:3947} INFO - Setting next_dagrun for product_price_pipeline to 2026-02-14 00:00:00+00:00, run_after=2026-02-15 00:00:00+00:00
[2026-02-14T16:03:02.401+0000] {processor.py:183} INFO - Processing /opt/airflow/dags/product_pipeline_dag.py took 0.208 seconds
[2026-02-14T16:03:35.365+0000] {processor.py:161} INFO - Started process (PID=20214) to work on /opt/airflow/dags/product_pipeline_dag.py
[2026-02-14T16:03:35.367+0000] {processor.py:830} INFO - Processing file /opt/airflow/dags/product_pipeline_dag.py for tasks to queue
[2026-02-14T16:03:35.372+0000] {logging_mixin.py:188} INFO - [2026-02-14T16:03:35.371+0000] {dagbag.py:545} INFO - Filling up the DagBag from /opt/airflow/dags/product_pipeline_dag.py
[2026-02-14T16:03:35.439+0000] {processor.py:840} INFO - DAG(s) 'product_price_pipeline' retrieved from /opt/airflow/dags/product_pipeline_dag.py
[2026-02-14T16:03:35.500+0000] {logging_mixin.py:188} INFO - [2026-02-14T16:03:35.500+0000] {dag.py:3089} INFO - Sync 1 DAGs
[2026-02-14T16:03:35.547+0000] {logging_mixin.py:188} INFO - [2026-02-14T16:03:35.547+0000] {dag.py:3947} INFO - Setting next_dagrun for product_price_pipeline to 2026-02-14 00:00:00+00:00, run_after=2026-02-15 00:00:00+00:00
[2026-02-14T16:03:35.592+0000] {processor.py:183} INFO - Processing /opt/airflow/dags/product_pipeline_dag.py took 0.240 seconds
[2026-02-14T16:04:07.568+0000] {processor.py:161} INFO - Started process (PID=20243) to work on /opt/airflow/dags/product_pipeline_dag.py
[2026-02-14T16:04:07.572+0000] {processor.py:830} INFO - Processing file /opt/airflow/dags/product_pipeline_dag.py for tasks to queue
[2026-02-14T16:04:07.575+0000] {logging_mixin.py:188} INFO - [2026-02-14T16:04:07.575+0000] {dagbag.py:545} INFO - Filling up the DagBag from /opt/airflow/dags/product_pipeline_dag.py
[2026-02-14T16:04:07.622+0000] {processor.py:840} INFO - DAG(s) 'product_price_pipeline' retrieved from /opt/airflow/dags/product_pipeline_dag.py
[2026-02-14T16:04:07.668+0000] {logging_mixin.py:188} INFO - [2026-02-14T16:04:07.668+0000] {dag.py:3089} INFO - Sync 1 DAGs
[2026-02-14T16:04:07.703+0000] {logging_mixin.py:188} INFO - [2026-02-14T16:04:07.702+0000] {dag.py:3947} INFO - Setting next_dagrun for product_price_pipeline to 2026-02-14 00:00:00+00:00, run_after=2026-02-15 00:00:00+00:00
[2026-02-14T16:04:07.737+0000] {processor.py:183} INFO - Processing /opt/airflow/dags/product_pipeline_dag.py took 0.176 seconds
[2026-02-14T16:04:41.140+0000] {processor.py:161} INFO - Started process (PID=20272) to work on /opt/airflow/dags/product_pipeline_dag.py
[2026-02-14T16:04:41.144+0000] {processor.py:830} INFO - Processing file /opt/airflow/dags/product_pipeline_dag.py for tasks to queue
[2026-02-14T16:04:41.150+0000] {logging_mixin.py:188} INFO - [2026-02-14T16:04:41.149+0000] {dagbag.py:545} INFO - Filling up the DagBag from /opt/airflow/dags/product_pipeline_dag.py
[2026-02-14T16:04:41.208+0000] {processor.py:840} INFO - DAG(s) 'product_price_pipeline' retrieved from /opt/airflow/dags/product_pipeline_dag.py
[2026-02-14T16:04:41.273+0000] {logging_mixin.py:188} INFO - [2026-02-14T16:04:41.273+0000] {dag.py:3089} INFO - Sync 1 DAGs
[2026-02-14T16:04:41.313+0000] {logging_mixin.py:188} INFO - [2026-02-14T16:04:41.313+0000] {dag.py:3947} INFO - Setting next_dagrun for product_price_pipeline to 2026-02-14 00:00:00+00:00, run_after=2026-02-15 00:00:00+00:00
[2026-02-14T16:04:41.350+0000] {processor.py:183} INFO - Processing /opt/airflow/dags/product_pipeline_dag.py took 0.224 seconds
[2026-02-14T16:05:13.773+0000] {processor.py:161} INFO - Started process (PID=20301) to work on /opt/airflow/dags/product_pipeline_dag.py
[2026-02-14T16:05:13.776+0000] {processor.py:830} INFO - Processing file /opt/airflow/dags/product_pipeline_dag.py for tasks to queue
[2026-02-14T16:05:13.782+0000] {logging_mixin.py:188} INFO - [2026-02-14T16:05:13.781+0000] {dagbag.py:545} INFO - Filling up the DagBag from /opt/airflow/dags/product_pipeline_dag.py
[2026-02-14T16:05:13.867+0000] {processor.py:840} INFO - DAG(s) 'product_price_pipeline' retrieved from /opt/airflow/dags/product_pipeline_dag.py
[2026-02-14T16:05:13.935+0000] {logging_mixin.py:188} INFO - [2026-02-14T16:05:13.934+0000] {dag.py:3089} INFO - Sync 1 DAGs
[2026-02-14T16:05:13.983+0000] {logging_mixin.py:188} INFO - [2026-02-14T16:05:13.981+0000] {dag.py:3947} INFO - Setting next_dagrun for product_price_pipeline to 2026-02-14 00:00:00+00:00, run_after=2026-02-15 00:00:00+00:00
[2026-02-14T16:05:14.037+0000] {processor.py:183} INFO - Processing /opt/airflow/dags/product_pipeline_dag.py took 0.283 seconds
[2026-02-14T16:05:46.010+0000] {processor.py:161} INFO - Started process (PID=20330) to work on /opt/airflow/dags/product_pipeline_dag.py
[2026-02-14T16:05:46.012+0000] {processor.py:830} INFO - Processing file /opt/airflow/dags/product_pipeline_dag.py for tasks to queue
[2026-02-14T16:05:46.015+0000] {logging_mixin.py:188} INFO - [2026-02-14T16:05:46.015+0000] {dagbag.py:545} INFO - Filling up the DagBag from /opt/airflow/dags/product_pipeline_dag.py
[2026-02-14T16:05:46.049+0000] {processor.py:840} INFO - DAG(s) 'product_price_pipeline' retrieved from /opt/airflow/dags/product_pipeline_dag.py
[2026-02-14T16:05:46.099+0000] {logging_mixin.py:188} INFO - [2026-02-14T16:05:46.099+0000] {dag.py:3089} INFO - Sync 1 DAGs
[2026-02-14T16:05:46.127+0000] {logging_mixin.py:188} INFO - [2026-02-14T16:05:46.127+0000] {dag.py:3947} INFO - Setting next_dagrun for product_price_pipeline to 2026-02-14 00:00:00+00:00, run_after=2026-02-15 00:00:00+00:00
[2026-02-14T16:05:46.151+0000] {processor.py:183} INFO - Processing /opt/airflow/dags/product_pipeline_dag.py took 0.150 seconds
[2026-02-14T16:06:18.397+0000] {processor.py:161} INFO - Started process (PID=20359) to work on /opt/airflow/dags/product_pipeline_dag.py
[2026-02-14T16:06:18.399+0000] {processor.py:830} INFO - Processing file /opt/airflow/dags/product_pipeline_dag.py for tasks to queue
[2026-02-14T16:06:18.403+0000] {logging_mixin.py:188} INFO - [2026-02-14T16:06:18.402+0000] {dagbag.py:545} INFO - Filling up the DagBag from /opt/airflow/dags/product_pipeline_dag.py
[2026-02-14T16:06:18.445+0000] {processor.py:840} INFO - DAG(s) 'product_price_pipeline' retrieved from /opt/airflow/dags/product_pipeline_dag.py
[2026-02-14T16:06:18.495+0000] {logging_mixin.py:188} INFO - [2026-02-14T16:06:18.494+0000] {dag.py:3089} INFO - Sync 1 DAGs
[2026-02-14T16:06:18.529+0000] {logging_mixin.py:188} INFO - [2026-02-14T16:06:18.529+0000] {dag.py:3947} INFO - Setting next_dagrun for product_price_pipeline to 2026-02-14 00:00:00+00:00, run_after=2026-02-15 00:00:00+00:00
[2026-02-14T16:06:18.556+0000] {processor.py:183} INFO - Processing /opt/airflow/dags/product_pipeline_dag.py took 0.169 seconds
[2026-02-14T16:06:51.522+0000] {processor.py:161} INFO - Started process (PID=20388) to work on /opt/airflow/dags/product_pipeline_dag.py
[2026-02-14T16:06:51.524+0000] {processor.py:830} INFO - Processing file /opt/airflow/dags/product_pipeline_dag.py for tasks to queue
[2026-02-14T16:06:51.528+0000] {logging_mixin.py:188} INFO - [2026-02-14T16:06:51.528+0000] {dagbag.py:545} INFO - Filling up the DagBag from /opt/airflow/dags/product_pipeline_dag.py
[2026-02-14T16:06:51.611+0000] {processor.py:840} INFO - DAG(s) 'product_price_pipeline' retrieved from /opt/airflow/dags/product_pipeline_dag.py
[2026-02-14T16:06:51.690+0000] {logging_mixin.py:188} INFO - [2026-02-14T16:06:51.689+0000] {dag.py:3089} INFO - Sync 1 DAGs
[2026-02-14T16:06:51.729+0000] {logging_mixin.py:188} INFO - [2026-02-14T16:06:51.728+0000] {dag.py:3947} INFO - Setting next_dagrun for product_price_pipeline to 2026-02-14 00:00:00+00:00, run_after=2026-02-15 00:00:00+00:00
[2026-02-14T16:06:51.770+0000] {processor.py:183} INFO - Processing /opt/airflow/dags/product_pipeline_dag.py took 0.269 seconds
[2026-02-14T16:07:31.085+0000] {processor.py:161} INFO - Started process (PID=20417) to work on /opt/airflow/dags/product_pipeline_dag.py
[2026-02-14T16:07:31.099+0000] {processor.py:830} INFO - Processing file /opt/airflow/dags/product_pipeline_dag.py for tasks to queue
[2026-02-14T16:07:31.119+0000] {logging_mixin.py:188} INFO - [2026-02-14T16:07:31.112+0000] {dagbag.py:545} INFO - Filling up the DagBag from /opt/airflow/dags/product_pipeline_dag.py
[2026-02-14T16:07:34.308+0000] {processor.py:840} INFO - DAG(s) 'product_price_pipeline' retrieved from /opt/airflow/dags/product_pipeline_dag.py
[2026-02-14T16:07:34.592+0000] {logging_mixin.py:188} INFO - [2026-02-14T16:07:34.591+0000] {dag.py:3089} INFO - Sync 1 DAGs
[2026-02-14T16:07:34.817+0000] {logging_mixin.py:188} INFO - [2026-02-14T16:07:34.816+0000] {dag.py:3947} INFO - Setting next_dagrun for product_price_pipeline to 2026-02-14 00:00:00+00:00, run_after=2026-02-15 00:00:00+00:00
[2026-02-14T16:07:34.992+0000] {processor.py:183} INFO - Processing /opt/airflow/dags/product_pipeline_dag.py took 0.994 seconds
[2026-02-14T16:08:06.829+0000] {processor.py:161} INFO - Started process (PID=20446) to work on /opt/airflow/dags/product_pipeline_dag.py
[2026-02-14T16:08:06.832+0000] {processor.py:830} INFO - Processing file /opt/airflow/dags/product_pipeline_dag.py for tasks to queue
[2026-02-14T16:08:06.839+0000] {logging_mixin.py:188} INFO - [2026-02-14T16:08:06.838+0000] {dagbag.py:545} INFO - Filling up the DagBag from /opt/airflow/dags/product_pipeline_dag.py
[2026-02-14T16:08:06.914+0000] {processor.py:840} INFO - DAG(s) 'product_price_pipeline' retrieved from /opt/airflow/dags/product_pipeline_dag.py
[2026-02-14T16:08:07.018+0000] {logging_mixin.py:188} INFO - [2026-02-14T16:08:07.017+0000] {dag.py:3089} INFO - Sync 1 DAGs
[2026-02-14T16:08:07.071+0000] {logging_mixin.py:188} INFO - [2026-02-14T16:08:07.070+0000] {dag.py:3947} INFO - Setting next_dagrun for product_price_pipeline to 2026-02-14 00:00:00+00:00, run_after=2026-02-15 00:00:00+00:00
[2026-02-14T16:08:07.133+0000] {processor.py:183} INFO - Processing /opt/airflow/dags/product_pipeline_dag.py took 0.313 seconds
[2026-02-14T16:08:39.510+0000] {processor.py:161} INFO - Started process (PID=20475) to work on /opt/airflow/dags/product_pipeline_dag.py
[2026-02-14T16:08:39.513+0000] {processor.py:830} INFO - Processing file /opt/airflow/dags/product_pipeline_dag.py for tasks to queue
[2026-02-14T16:08:39.518+0000] {logging_mixin.py:188} INFO - [2026-02-14T16:08:39.518+0000] {dagbag.py:545} INFO - Filling up the DagBag from /opt/airflow/dags/product_pipeline_dag.py
[2026-02-14T16:08:39.609+0000] {processor.py:840} INFO - DAG(s) 'product_price_pipeline' retrieved from /opt/airflow/dags/product_pipeline_dag.py
[2026-02-14T16:08:39.697+0000] {logging_mixin.py:188} INFO - [2026-02-14T16:08:39.697+0000] {dag.py:3089} INFO - Sync 1 DAGs
[2026-02-14T16:08:39.749+0000] {logging_mixin.py:188} INFO - [2026-02-14T16:08:39.748+0000] {dag.py:3947} INFO - Setting next_dagrun for product_price_pipeline to 2026-02-14 00:00:00+00:00, run_after=2026-02-15 00:00:00+00:00
[2026-02-14T16:08:39.798+0000] {processor.py:183} INFO - Processing /opt/airflow/dags/product_pipeline_dag.py took 0.300 seconds
[2026-02-14T16:09:11.995+0000] {processor.py:161} INFO - Started process (PID=20504) to work on /opt/airflow/dags/product_pipeline_dag.py
[2026-02-14T16:09:11.997+0000] {processor.py:830} INFO - Processing file /opt/airflow/dags/product_pipeline_dag.py for tasks to queue
[2026-02-14T16:09:12.002+0000] {logging_mixin.py:188} INFO - [2026-02-14T16:09:12.002+0000] {dagbag.py:545} INFO - Filling up the DagBag from /opt/airflow/dags/product_pipeline_dag.py
[2026-02-14T16:09:12.063+0000] {processor.py:840} INFO - DAG(s) 'product_price_pipeline' retrieved from /opt/airflow/dags/product_pipeline_dag.py
[2026-02-14T16:09:12.120+0000] {logging_mixin.py:188} INFO - [2026-02-14T16:09:12.120+0000] {dag.py:3089} INFO - Sync 1 DAGs
[2026-02-14T16:09:12.154+0000] {logging_mixin.py:188} INFO - [2026-02-14T16:09:12.154+0000] {dag.py:3947} INFO - Setting next_dagrun for product_price_pipeline to 2026-02-14 00:00:00+00:00, run_after=2026-02-15 00:00:00+00:00
[2026-02-14T16:09:12.197+0000] {processor.py:183} INFO - Processing /opt/airflow/dags/product_pipeline_dag.py took 0.216 seconds
[2026-02-14T16:09:45.454+0000] {processor.py:161} INFO - Started process (PID=20533) to work on /opt/airflow/dags/product_pipeline_dag.py
[2026-02-14T16:09:45.456+0000] {processor.py:830} INFO - Processing file /opt/airflow/dags/product_pipeline_dag.py for tasks to queue
[2026-02-14T16:09:45.463+0000] {logging_mixin.py:188} INFO - [2026-02-14T16:09:45.462+0000] {dagbag.py:545} INFO - Filling up the DagBag from /opt/airflow/dags/product_pipeline_dag.py
[2026-02-14T16:09:45.536+0000] {processor.py:840} INFO - DAG(s) 'product_price_pipeline' retrieved from /opt/airflow/dags/product_pipeline_dag.py
[2026-02-14T16:09:45.607+0000] {logging_mixin.py:188} INFO - [2026-02-14T16:09:45.607+0000] {dag.py:3089} INFO - Sync 1 DAGs
[2026-02-14T16:09:45.651+0000] {logging_mixin.py:188} INFO - [2026-02-14T16:09:45.651+0000] {dag.py:3947} INFO - Setting next_dagrun for product_price_pipeline to 2026-02-14 00:00:00+00:00, run_after=2026-02-15 00:00:00+00:00
[2026-02-14T16:09:45.721+0000] {processor.py:183} INFO - Processing /opt/airflow/dags/product_pipeline_dag.py took 0.276 seconds
[2026-02-14T16:10:18.340+0000] {processor.py:161} INFO - Started process (PID=20562) to work on /opt/airflow/dags/product_pipeline_dag.py
[2026-02-14T16:10:18.341+0000] {processor.py:830} INFO - Processing file /opt/airflow/dags/product_pipeline_dag.py for tasks to queue
[2026-02-14T16:10:18.345+0000] {logging_mixin.py:188} INFO - [2026-02-14T16:10:18.344+0000] {dagbag.py:545} INFO - Filling up the DagBag from /opt/airflow/dags/product_pipeline_dag.py
[2026-02-14T16:10:18.405+0000] {processor.py:840} INFO - DAG(s) 'product_price_pipeline' retrieved from /opt/airflow/dags/product_pipeline_dag.py
[2026-02-14T16:10:18.497+0000] {logging_mixin.py:188} INFO - [2026-02-14T16:10:18.497+0000] {dag.py:3089} INFO - Sync 1 DAGs
[2026-02-14T16:10:18.543+0000] {logging_mixin.py:188} INFO - [2026-02-14T16:10:18.543+0000] {dag.py:3947} INFO - Setting next_dagrun for product_price_pipeline to 2026-02-14 00:00:00+00:00, run_after=2026-02-15 00:00:00+00:00
[2026-02-14T16:10:18.582+0000] {processor.py:183} INFO - Processing /opt/airflow/dags/product_pipeline_dag.py took 0.256 seconds
[2026-02-14T16:10:50.283+0000] {processor.py:161} INFO - Started process (PID=20591) to work on /opt/airflow/dags/product_pipeline_dag.py
[2026-02-14T16:10:50.298+0000] {processor.py:830} INFO - Processing file /opt/airflow/dags/product_pipeline_dag.py for tasks to queue
[2026-02-14T16:10:50.306+0000] {logging_mixin.py:188} INFO - [2026-02-14T16:10:50.304+0000] {dagbag.py:545} INFO - Filling up the DagBag from /opt/airflow/dags/product_pipeline_dag.py
[2026-02-14T16:10:50.367+0000] {processor.py:840} INFO - DAG(s) 'product_price_pipeline' retrieved from /opt/airflow/dags/product_pipeline_dag.py
[2026-02-14T16:10:50.429+0000] {logging_mixin.py:188} INFO - [2026-02-14T16:10:50.429+0000] {dag.py:3089} INFO - Sync 1 DAGs
[2026-02-14T16:10:50.495+0000] {logging_mixin.py:188} INFO - [2026-02-14T16:10:50.494+0000] {dag.py:3947} INFO - Setting next_dagrun for product_price_pipeline to 2026-02-14 00:00:00+00:00, run_after=2026-02-15 00:00:00+00:00
[2026-02-14T16:10:50.575+0000] {processor.py:183} INFO - Processing /opt/airflow/dags/product_pipeline_dag.py took 0.308 seconds
[2026-02-14T16:11:22.996+0000] {processor.py:161} INFO - Started process (PID=20620) to work on /opt/airflow/dags/product_pipeline_dag.py
[2026-02-14T16:11:22.998+0000] {processor.py:830} INFO - Processing file /opt/airflow/dags/product_pipeline_dag.py for tasks to queue
[2026-02-14T16:11:23.002+0000] {logging_mixin.py:188} INFO - [2026-02-14T16:11:23.002+0000] {dagbag.py:545} INFO - Filling up the DagBag from /opt/airflow/dags/product_pipeline_dag.py
[2026-02-14T16:11:23.062+0000] {processor.py:840} INFO - DAG(s) 'product_price_pipeline' retrieved from /opt/airflow/dags/product_pipeline_dag.py
[2026-02-14T16:11:23.127+0000] {logging_mixin.py:188} INFO - [2026-02-14T16:11:23.127+0000] {dag.py:3089} INFO - Sync 1 DAGs
[2026-02-14T16:11:23.157+0000] {logging_mixin.py:188} INFO - [2026-02-14T16:11:23.157+0000] {dag.py:3947} INFO - Setting next_dagrun for product_price_pipeline to 2026-02-14 00:00:00+00:00, run_after=2026-02-15 00:00:00+00:00
[2026-02-14T16:11:23.192+0000] {processor.py:183} INFO - Processing /opt/airflow/dags/product_pipeline_dag.py took 0.207 seconds
[2026-02-14T16:11:56.156+0000] {processor.py:161} INFO - Started process (PID=20649) to work on /opt/airflow/dags/product_pipeline_dag.py
[2026-02-14T16:11:56.168+0000] {processor.py:830} INFO - Processing file /opt/airflow/dags/product_pipeline_dag.py for tasks to queue
[2026-02-14T16:11:56.173+0000] {logging_mixin.py:188} INFO - [2026-02-14T16:11:56.173+0000] {dagbag.py:545} INFO - Filling up the DagBag from /opt/airflow/dags/product_pipeline_dag.py
[2026-02-14T16:11:56.252+0000] {processor.py:840} INFO - DAG(s) 'product_price_pipeline' retrieved from /opt/airflow/dags/product_pipeline_dag.py
[2026-02-14T16:11:56.328+0000] {logging_mixin.py:188} INFO - [2026-02-14T16:11:56.327+0000] {dag.py:3089} INFO - Sync 1 DAGs
[2026-02-14T16:11:56.367+0000] {logging_mixin.py:188} INFO - [2026-02-14T16:11:56.366+0000] {dag.py:3947} INFO - Setting next_dagrun for product_price_pipeline to 2026-02-14 00:00:00+00:00, run_after=2026-02-15 00:00:00+00:00
[2026-02-14T16:11:56.413+0000] {processor.py:183} INFO - Processing /opt/airflow/dags/product_pipeline_dag.py took 0.271 seconds
[2026-02-14T16:12:29.102+0000] {processor.py:161} INFO - Started process (PID=20678) to work on /opt/airflow/dags/product_pipeline_dag.py
[2026-02-14T16:12:29.105+0000] {processor.py:830} INFO - Processing file /opt/airflow/dags/product_pipeline_dag.py for tasks to queue
[2026-02-14T16:12:29.116+0000] {logging_mixin.py:188} INFO - [2026-02-14T16:12:29.113+0000] {dagbag.py:545} INFO - Filling up the DagBag from /opt/airflow/dags/product_pipeline_dag.py
[2026-02-14T16:12:29.198+0000] {processor.py:840} INFO - DAG(s) 'product_price_pipeline' retrieved from /opt/airflow/dags/product_pipeline_dag.py
[2026-02-14T16:12:29.307+0000] {logging_mixin.py:188} INFO - [2026-02-14T16:12:29.306+0000] {dag.py:3089} INFO - Sync 1 DAGs
[2026-02-14T16:12:29.359+0000] {logging_mixin.py:188} INFO - [2026-02-14T16:12:29.358+0000] {dag.py:3947} INFO - Setting next_dagrun for product_price_pipeline to 2026-02-14 00:00:00+00:00, run_after=2026-02-15 00:00:00+00:00
[2026-02-14T16:12:29.418+0000] {processor.py:183} INFO - Processing /opt/airflow/dags/product_pipeline_dag.py took 0.333 seconds
[2026-02-14T16:13:01.438+0000] {processor.py:161} INFO - Started process (PID=20707) to work on /opt/airflow/dags/product_pipeline_dag.py
[2026-02-14T16:13:01.440+0000] {processor.py:830} INFO - Processing file /opt/airflow/dags/product_pipeline_dag.py for tasks to queue
[2026-02-14T16:13:01.445+0000] {logging_mixin.py:188} INFO - [2026-02-14T16:13:01.444+0000] {dagbag.py:545} INFO - Filling up the DagBag from /opt/airflow/dags/product_pipeline_dag.py
[2026-02-14T16:13:01.491+0000] {processor.py:840} INFO - DAG(s) 'product_price_pipeline' retrieved from /opt/airflow/dags/product_pipeline_dag.py
[2026-02-14T16:13:01.555+0000] {logging_mixin.py:188} INFO - [2026-02-14T16:13:01.555+0000] {dag.py:3089} INFO - Sync 1 DAGs
[2026-02-14T16:13:01.584+0000] {logging_mixin.py:188} INFO - [2026-02-14T16:13:01.584+0000] {dag.py:3947} INFO - Setting next_dagrun for product_price_pipeline to 2026-02-14 00:00:00+00:00, run_after=2026-02-15 00:00:00+00:00
[2026-02-14T16:13:01.631+0000] {processor.py:183} INFO - Processing /opt/airflow/dags/product_pipeline_dag.py took 0.202 seconds
[2026-02-14T16:13:34.511+0000] {processor.py:161} INFO - Started process (PID=20736) to work on /opt/airflow/dags/product_pipeline_dag.py
[2026-02-14T16:13:34.513+0000] {processor.py:830} INFO - Processing file /opt/airflow/dags/product_pipeline_dag.py for tasks to queue
[2026-02-14T16:13:34.515+0000] {logging_mixin.py:188} INFO - [2026-02-14T16:13:34.515+0000] {dagbag.py:545} INFO - Filling up the DagBag from /opt/airflow/dags/product_pipeline_dag.py
[2026-02-14T16:13:34.573+0000] {processor.py:840} INFO - DAG(s) 'product_price_pipeline' retrieved from /opt/airflow/dags/product_pipeline_dag.py
[2026-02-14T16:13:34.628+0000] {logging_mixin.py:188} INFO - [2026-02-14T16:13:34.627+0000] {dag.py:3089} INFO - Sync 1 DAGs
[2026-02-14T16:13:34.667+0000] {logging_mixin.py:188} INFO - [2026-02-14T16:13:34.666+0000] {dag.py:3947} INFO - Setting next_dagrun for product_price_pipeline to 2026-02-14 00:00:00+00:00, run_after=2026-02-15 00:00:00+00:00
[2026-02-14T16:13:34.711+0000] {processor.py:183} INFO - Processing /opt/airflow/dags/product_pipeline_dag.py took 0.207 seconds
[2026-02-14T16:14:06.650+0000] {processor.py:161} INFO - Started process (PID=20768) to work on /opt/airflow/dags/product_pipeline_dag.py
[2026-02-14T16:14:06.653+0000] {processor.py:830} INFO - Processing file /opt/airflow/dags/product_pipeline_dag.py for tasks to queue
[2026-02-14T16:14:06.658+0000] {logging_mixin.py:188} INFO - [2026-02-14T16:14:06.657+0000] {dagbag.py:545} INFO - Filling up the DagBag from /opt/airflow/dags/product_pipeline_dag.py
[2026-02-14T16:14:06.723+0000] {processor.py:840} INFO - DAG(s) 'product_price_pipeline' retrieved from /opt/airflow/dags/product_pipeline_dag.py
[2026-02-14T16:14:06.789+0000] {logging_mixin.py:188} INFO - [2026-02-14T16:14:06.788+0000] {dag.py:3089} INFO - Sync 1 DAGs
[2026-02-14T16:14:06.834+0000] {logging_mixin.py:188} INFO - [2026-02-14T16:14:06.834+0000] {dag.py:3947} INFO - Setting next_dagrun for product_price_pipeline to 2026-02-14 00:00:00+00:00, run_after=2026-02-15 00:00:00+00:00
[2026-02-14T16:14:06.876+0000] {processor.py:183} INFO - Processing /opt/airflow/dags/product_pipeline_dag.py took 0.238 seconds
[2026-02-14T16:14:40.813+0000] {processor.py:161} INFO - Started process (PID=20804) to work on /opt/airflow/dags/product_pipeline_dag.py
[2026-02-14T16:14:40.816+0000] {processor.py:830} INFO - Processing file /opt/airflow/dags/product_pipeline_dag.py for tasks to queue
[2026-02-14T16:14:40.820+0000] {logging_mixin.py:188} INFO - [2026-02-14T16:14:40.820+0000] {dagbag.py:545} INFO - Filling up the DagBag from /opt/airflow/dags/product_pipeline_dag.py
[2026-02-14T16:14:40.870+0000] {processor.py:840} INFO - DAG(s) 'product_price_pipeline' retrieved from /opt/airflow/dags/product_pipeline_dag.py
[2026-02-14T16:14:40.949+0000] {logging_mixin.py:188} INFO - [2026-02-14T16:14:40.949+0000] {dag.py:3089} INFO - Sync 1 DAGs
[2026-02-14T16:14:40.993+0000] {logging_mixin.py:188} INFO - [2026-02-14T16:14:40.993+0000] {dag.py:3947} INFO - Setting next_dagrun for product_price_pipeline to 2026-02-14 00:00:00+00:00, run_after=2026-02-15 00:00:00+00:00
[2026-02-14T16:14:41.062+0000] {processor.py:183} INFO - Processing /opt/airflow/dags/product_pipeline_dag.py took 0.262 seconds
[2026-02-14T16:15:13.837+0000] {processor.py:161} INFO - Started process (PID=20839) to work on /opt/airflow/dags/product_pipeline_dag.py
[2026-02-14T16:15:13.839+0000] {processor.py:830} INFO - Processing file /opt/airflow/dags/product_pipeline_dag.py for tasks to queue
[2026-02-14T16:15:13.843+0000] {logging_mixin.py:188} INFO - [2026-02-14T16:15:13.842+0000] {dagbag.py:545} INFO - Filling up the DagBag from /opt/airflow/dags/product_pipeline_dag.py
[2026-02-14T16:15:13.891+0000] {processor.py:840} INFO - DAG(s) 'product_price_pipeline' retrieved from /opt/airflow/dags/product_pipeline_dag.py
[2026-02-14T16:15:13.943+0000] {logging_mixin.py:188} INFO - [2026-02-14T16:15:13.943+0000] {dag.py:3089} INFO - Sync 1 DAGs
[2026-02-14T16:15:13.981+0000] {logging_mixin.py:188} INFO - [2026-02-14T16:15:13.980+0000] {dag.py:3947} INFO - Setting next_dagrun for product_price_pipeline to 2026-02-14 00:00:00+00:00, run_after=2026-02-15 00:00:00+00:00
[2026-02-14T16:15:14.029+0000] {processor.py:183} INFO - Processing /opt/airflow/dags/product_pipeline_dag.py took 0.200 seconds
[2026-02-14T16:15:47.788+0000] {processor.py:161} INFO - Started process (PID=20874) to work on /opt/airflow/dags/product_pipeline_dag.py
[2026-02-14T16:15:47.796+0000] {processor.py:830} INFO - Processing file /opt/airflow/dags/product_pipeline_dag.py for tasks to queue
[2026-02-14T16:15:47.799+0000] {logging_mixin.py:188} INFO - [2026-02-14T16:15:47.799+0000] {dagbag.py:545} INFO - Filling up the DagBag from /opt/airflow/dags/product_pipeline_dag.py
[2026-02-14T16:15:47.864+0000] {processor.py:840} INFO - DAG(s) 'product_price_pipeline' retrieved from /opt/airflow/dags/product_pipeline_dag.py
[2026-02-14T16:15:47.929+0000] {logging_mixin.py:188} INFO - [2026-02-14T16:15:47.929+0000] {dag.py:3089} INFO - Sync 1 DAGs
[2026-02-14T16:15:47.981+0000] {logging_mixin.py:188} INFO - [2026-02-14T16:15:47.980+0000] {dag.py:3947} INFO - Setting next_dagrun for product_price_pipeline to 2026-02-14 00:00:00+00:00, run_after=2026-02-15 00:00:00+00:00
[2026-02-14T16:15:48.066+0000] {processor.py:183} INFO - Processing /opt/airflow/dags/product_pipeline_dag.py took 0.287 seconds
[2026-02-14T16:16:20.185+0000] {processor.py:161} INFO - Started process (PID=20903) to work on /opt/airflow/dags/product_pipeline_dag.py
[2026-02-14T16:16:20.187+0000] {processor.py:830} INFO - Processing file /opt/airflow/dags/product_pipeline_dag.py for tasks to queue
[2026-02-14T16:16:20.190+0000] {logging_mixin.py:188} INFO - [2026-02-14T16:16:20.189+0000] {dagbag.py:545} INFO - Filling up the DagBag from /opt/airflow/dags/product_pipeline_dag.py
[2026-02-14T16:16:20.236+0000] {processor.py:840} INFO - DAG(s) 'product_price_pipeline' retrieved from /opt/airflow/dags/product_pipeline_dag.py
[2026-02-14T16:16:20.280+0000] {logging_mixin.py:188} INFO - [2026-02-14T16:16:20.280+0000] {dag.py:3089} INFO - Sync 1 DAGs
[2026-02-14T16:16:20.313+0000] {logging_mixin.py:188} INFO - [2026-02-14T16:16:20.313+0000] {dag.py:3947} INFO - Setting next_dagrun for product_price_pipeline to 2026-02-14 00:00:00+00:00, run_after=2026-02-15 00:00:00+00:00
[2026-02-14T16:16:20.355+0000] {processor.py:183} INFO - Processing /opt/airflow/dags/product_pipeline_dag.py took 0.181 seconds
[2026-02-14T16:16:54.073+0000] {processor.py:161} INFO - Started process (PID=20932) to work on /opt/airflow/dags/product_pipeline_dag.py
[2026-02-14T16:16:54.089+0000] {processor.py:830} INFO - Processing file /opt/airflow/dags/product_pipeline_dag.py for tasks to queue
[2026-02-14T16:16:54.094+0000] {logging_mixin.py:188} INFO - [2026-02-14T16:16:54.093+0000] {dagbag.py:545} INFO - Filling up the DagBag from /opt/airflow/dags/product_pipeline_dag.py
[2026-02-14T16:16:54.152+0000] {processor.py:840} INFO - DAG(s) 'product_price_pipeline' retrieved from /opt/airflow/dags/product_pipeline_dag.py
[2026-02-14T16:16:54.209+0000] {logging_mixin.py:188} INFO - [2026-02-14T16:16:54.208+0000] {dag.py:3089} INFO - Sync 1 DAGs
[2026-02-14T16:16:54.247+0000] {logging_mixin.py:188} INFO - [2026-02-14T16:16:54.247+0000] {dag.py:3947} INFO - Setting next_dagrun for product_price_pipeline to 2026-02-14 00:00:00+00:00, run_after=2026-02-15 00:00:00+00:00
[2026-02-14T16:16:54.277+0000] {processor.py:183} INFO - Processing /opt/airflow/dags/product_pipeline_dag.py took 0.214 seconds
[2026-02-14T16:17:25.200+0000] {processor.py:161} INFO - Started process (PID=20961) to work on /opt/airflow/dags/product_pipeline_dag.py
[2026-02-14T16:17:25.203+0000] {processor.py:830} INFO - Processing file /opt/airflow/dags/product_pipeline_dag.py for tasks to queue
[2026-02-14T16:17:25.207+0000] {logging_mixin.py:188} INFO - [2026-02-14T16:17:25.206+0000] {dagbag.py:545} INFO - Filling up the DagBag from /opt/airflow/dags/product_pipeline_dag.py
[2026-02-14T16:17:25.267+0000] {processor.py:840} INFO - DAG(s) 'product_price_pipeline' retrieved from /opt/airflow/dags/product_pipeline_dag.py
[2026-02-14T16:17:25.327+0000] {logging_mixin.py:188} INFO - [2026-02-14T16:17:25.327+0000] {dag.py:3089} INFO - Sync 1 DAGs
[2026-02-14T16:17:25.371+0000] {logging_mixin.py:188} INFO - [2026-02-14T16:17:25.370+0000] {dag.py:3947} INFO - Setting next_dagrun for product_price_pipeline to 2026-02-14 00:00:00+00:00, run_after=2026-02-15 00:00:00+00:00
[2026-02-14T16:17:25.421+0000] {processor.py:183} INFO - Processing /opt/airflow/dags/product_pipeline_dag.py took 0.233 seconds
[2026-02-14T16:17:56.616+0000] {processor.py:161} INFO - Started process (PID=20990) to work on /opt/airflow/dags/product_pipeline_dag.py
[2026-02-14T16:17:56.618+0000] {processor.py:830} INFO - Processing file /opt/airflow/dags/product_pipeline_dag.py for tasks to queue
[2026-02-14T16:17:56.623+0000] {logging_mixin.py:188} INFO - [2026-02-14T16:17:56.622+0000] {dagbag.py:545} INFO - Filling up the DagBag from /opt/airflow/dags/product_pipeline_dag.py
[2026-02-14T16:17:56.674+0000] {processor.py:840} INFO - DAG(s) 'product_price_pipeline' retrieved from /opt/airflow/dags/product_pipeline_dag.py
[2026-02-14T16:17:56.730+0000] {logging_mixin.py:188} INFO - [2026-02-14T16:17:56.730+0000] {dag.py:3089} INFO - Sync 1 DAGs
[2026-02-14T16:17:56.761+0000] {logging_mixin.py:188} INFO - [2026-02-14T16:17:56.760+0000] {dag.py:3947} INFO - Setting next_dagrun for product_price_pipeline to 2026-02-14 00:00:00+00:00, run_after=2026-02-15 00:00:00+00:00
[2026-02-14T16:17:56.792+0000] {processor.py:183} INFO - Processing /opt/airflow/dags/product_pipeline_dag.py took 0.183 seconds
[2026-02-14T16:18:30.333+0000] {processor.py:161} INFO - Started process (PID=21019) to work on /opt/airflow/dags/product_pipeline_dag.py
[2026-02-14T16:18:30.336+0000] {processor.py:830} INFO - Processing file /opt/airflow/dags/product_pipeline_dag.py for tasks to queue
[2026-02-14T16:18:30.341+0000] {logging_mixin.py:188} INFO - [2026-02-14T16:18:30.340+0000] {dagbag.py:545} INFO - Filling up the DagBag from /opt/airflow/dags/product_pipeline_dag.py
[2026-02-14T16:18:30.414+0000] {processor.py:840} INFO - DAG(s) 'product_price_pipeline' retrieved from /opt/airflow/dags/product_pipeline_dag.py
[2026-02-14T16:18:30.481+0000] {logging_mixin.py:188} INFO - [2026-02-14T16:18:30.480+0000] {dag.py:3089} INFO - Sync 1 DAGs
[2026-02-14T16:18:30.524+0000] {logging_mixin.py:188} INFO - [2026-02-14T16:18:30.524+0000] {dag.py:3947} INFO - Setting next_dagrun for product_price_pipeline to 2026-02-14 00:00:00+00:00, run_after=2026-02-15 00:00:00+00:00
[2026-02-14T16:18:30.572+0000] {processor.py:183} INFO - Processing /opt/airflow/dags/product_pipeline_dag.py took 0.255 seconds
[2026-02-14T16:19:03.642+0000] {processor.py:161} INFO - Started process (PID=21048) to work on /opt/airflow/dags/product_pipeline_dag.py
[2026-02-14T16:19:03.645+0000] {processor.py:830} INFO - Processing file /opt/airflow/dags/product_pipeline_dag.py for tasks to queue
[2026-02-14T16:19:03.650+0000] {logging_mixin.py:188} INFO - [2026-02-14T16:19:03.649+0000] {dagbag.py:545} INFO - Filling up the DagBag from /opt/airflow/dags/product_pipeline_dag.py
[2026-02-14T16:19:03.731+0000] {processor.py:840} INFO - DAG(s) 'product_price_pipeline' retrieved from /opt/airflow/dags/product_pipeline_dag.py
[2026-02-14T16:19:03.799+0000] {logging_mixin.py:188} INFO - [2026-02-14T16:19:03.799+0000] {dag.py:3089} INFO - Sync 1 DAGs
[2026-02-14T16:19:03.836+0000] {logging_mixin.py:188} INFO - [2026-02-14T16:19:03.836+0000] {dag.py:3947} INFO - Setting next_dagrun for product_price_pipeline to 2026-02-14 00:00:00+00:00, run_after=2026-02-15 00:00:00+00:00
[2026-02-14T16:19:03.879+0000] {processor.py:183} INFO - Processing /opt/airflow/dags/product_pipeline_dag.py took 0.252 seconds
[2026-02-14T16:19:36.492+0000] {processor.py:161} INFO - Started process (PID=21077) to work on /opt/airflow/dags/product_pipeline_dag.py
[2026-02-14T16:19:36.494+0000] {processor.py:830} INFO - Processing file /opt/airflow/dags/product_pipeline_dag.py for tasks to queue
[2026-02-14T16:19:36.498+0000] {logging_mixin.py:188} INFO - [2026-02-14T16:19:36.497+0000] {dagbag.py:545} INFO - Filling up the DagBag from /opt/airflow/dags/product_pipeline_dag.py
[2026-02-14T16:19:36.553+0000] {processor.py:840} INFO - DAG(s) 'product_price_pipeline' retrieved from /opt/airflow/dags/product_pipeline_dag.py
[2026-02-14T16:19:36.608+0000] {logging_mixin.py:188} INFO - [2026-02-14T16:19:36.608+0000] {dag.py:3089} INFO - Sync 1 DAGs
[2026-02-14T16:19:36.640+0000] {logging_mixin.py:188} INFO - [2026-02-14T16:19:36.640+0000] {dag.py:3947} INFO - Setting next_dagrun for product_price_pipeline to 2026-02-14 00:00:00+00:00, run_after=2026-02-15 00:00:00+00:00
[2026-02-14T16:19:36.829+0000] {processor.py:183} INFO - Processing /opt/airflow/dags/product_pipeline_dag.py took 0.347 seconds
[2026-02-14T16:20:09.003+0000] {processor.py:161} INFO - Started process (PID=21106) to work on /opt/airflow/dags/product_pipeline_dag.py
[2026-02-14T16:20:09.005+0000] {processor.py:830} INFO - Processing file /opt/airflow/dags/product_pipeline_dag.py for tasks to queue
[2026-02-14T16:20:09.008+0000] {logging_mixin.py:188} INFO - [2026-02-14T16:20:09.008+0000] {dagbag.py:545} INFO - Filling up the DagBag from /opt/airflow/dags/product_pipeline_dag.py
[2026-02-14T16:20:09.070+0000] {processor.py:840} INFO - DAG(s) 'product_price_pipeline' retrieved from /opt/airflow/dags/product_pipeline_dag.py
[2026-02-14T16:20:09.145+0000] {logging_mixin.py:188} INFO - [2026-02-14T16:20:09.144+0000] {dag.py:3089} INFO - Sync 1 DAGs
[2026-02-14T16:20:09.183+0000] {logging_mixin.py:188} INFO - [2026-02-14T16:20:09.182+0000] {dag.py:3947} INFO - Setting next_dagrun for product_price_pipeline to 2026-02-14 00:00:00+00:00, run_after=2026-02-15 00:00:00+00:00
[2026-02-14T16:20:09.226+0000] {processor.py:183} INFO - Processing /opt/airflow/dags/product_pipeline_dag.py took 0.232 seconds
[2026-02-14T16:20:42.352+0000] {processor.py:161} INFO - Started process (PID=21135) to work on /opt/airflow/dags/product_pipeline_dag.py
[2026-02-14T16:20:42.356+0000] {processor.py:830} INFO - Processing file /opt/airflow/dags/product_pipeline_dag.py for tasks to queue
[2026-02-14T16:20:42.360+0000] {logging_mixin.py:188} INFO - [2026-02-14T16:20:42.360+0000] {dagbag.py:545} INFO - Filling up the DagBag from /opt/airflow/dags/product_pipeline_dag.py
[2026-02-14T16:20:42.422+0000] {processor.py:840} INFO - DAG(s) 'product_price_pipeline' retrieved from /opt/airflow/dags/product_pipeline_dag.py
[2026-02-14T16:20:42.484+0000] {logging_mixin.py:188} INFO - [2026-02-14T16:20:42.484+0000] {dag.py:3089} INFO - Sync 1 DAGs
[2026-02-14T16:20:42.523+0000] {logging_mixin.py:188} INFO - [2026-02-14T16:20:42.522+0000] {dag.py:3947} INFO - Setting next_dagrun for product_price_pipeline to 2026-02-14 00:00:00+00:00, run_after=2026-02-15 00:00:00+00:00
[2026-02-14T16:20:42.560+0000] {processor.py:183} INFO - Processing /opt/airflow/dags/product_pipeline_dag.py took 0.219 seconds
[2026-02-14T16:21:14.305+0000] {processor.py:161} INFO - Started process (PID=21164) to work on /opt/airflow/dags/product_pipeline_dag.py
[2026-02-14T16:21:14.308+0000] {processor.py:830} INFO - Processing file /opt/airflow/dags/product_pipeline_dag.py for tasks to queue
[2026-02-14T16:21:14.312+0000] {logging_mixin.py:188} INFO - [2026-02-14T16:21:14.311+0000] {dagbag.py:545} INFO - Filling up the DagBag from /opt/airflow/dags/product_pipeline_dag.py
[2026-02-14T16:21:14.364+0000] {processor.py:840} INFO - DAG(s) 'product_price_pipeline' retrieved from /opt/airflow/dags/product_pipeline_dag.py
[2026-02-14T16:21:14.432+0000] {logging_mixin.py:188} INFO - [2026-02-14T16:21:14.432+0000] {dag.py:3089} INFO - Sync 1 DAGs
[2026-02-14T16:21:14.475+0000] {logging_mixin.py:188} INFO - [2026-02-14T16:21:14.475+0000] {dag.py:3947} INFO - Setting next_dagrun for product_price_pipeline to 2026-02-14 00:00:00+00:00, run_after=2026-02-15 00:00:00+00:00
[2026-02-14T16:21:14.518+0000] {processor.py:183} INFO - Processing /opt/airflow/dags/product_pipeline_dag.py took 0.221 seconds
[2026-02-14T16:21:47.454+0000] {processor.py:161} INFO - Started process (PID=21193) to work on /opt/airflow/dags/product_pipeline_dag.py
[2026-02-14T16:21:47.457+0000] {processor.py:830} INFO - Processing file /opt/airflow/dags/product_pipeline_dag.py for tasks to queue
[2026-02-14T16:21:47.460+0000] {logging_mixin.py:188} INFO - [2026-02-14T16:21:47.460+0000] {dagbag.py:545} INFO - Filling up the DagBag from /opt/airflow/dags/product_pipeline_dag.py
[2026-02-14T16:21:47.511+0000] {processor.py:840} INFO - DAG(s) 'product_price_pipeline' retrieved from /opt/airflow/dags/product_pipeline_dag.py
[2026-02-14T16:21:47.559+0000] {logging_mixin.py:188} INFO - [2026-02-14T16:21:47.559+0000] {dag.py:3089} INFO - Sync 1 DAGs
[2026-02-14T16:21:47.596+0000] {logging_mixin.py:188} INFO - [2026-02-14T16:21:47.595+0000] {dag.py:3947} INFO - Setting next_dagrun for product_price_pipeline to 2026-02-14 00:00:00+00:00, run_after=2026-02-15 00:00:00+00:00
[2026-02-14T16:21:47.635+0000] {processor.py:183} INFO - Processing /opt/airflow/dags/product_pipeline_dag.py took 0.191 seconds
[2026-02-14T16:22:20.940+0000] {processor.py:161} INFO - Started process (PID=21222) to work on /opt/airflow/dags/product_pipeline_dag.py
[2026-02-14T16:22:20.943+0000] {processor.py:830} INFO - Processing file /opt/airflow/dags/product_pipeline_dag.py for tasks to queue
[2026-02-14T16:22:20.949+0000] {logging_mixin.py:188} INFO - [2026-02-14T16:22:20.949+0000] {dagbag.py:545} INFO - Filling up the DagBag from /opt/airflow/dags/product_pipeline_dag.py
[2026-02-14T16:22:21.034+0000] {processor.py:840} INFO - DAG(s) 'product_price_pipeline' retrieved from /opt/airflow/dags/product_pipeline_dag.py
[2026-02-14T16:22:21.120+0000] {logging_mixin.py:188} INFO - [2026-02-14T16:22:21.119+0000] {dag.py:3089} INFO - Sync 1 DAGs
[2026-02-14T16:22:21.170+0000] {logging_mixin.py:188} INFO - [2026-02-14T16:22:21.170+0000] {dag.py:3947} INFO - Setting next_dagrun for product_price_pipeline to 2026-02-14 00:00:00+00:00, run_after=2026-02-15 00:00:00+00:00
[2026-02-14T16:22:21.220+0000] {processor.py:183} INFO - Processing /opt/airflow/dags/product_pipeline_dag.py took 0.301 seconds
[2026-02-14T16:22:53.615+0000] {processor.py:161} INFO - Started process (PID=21251) to work on /opt/airflow/dags/product_pipeline_dag.py
[2026-02-14T16:22:53.620+0000] {processor.py:830} INFO - Processing file /opt/airflow/dags/product_pipeline_dag.py for tasks to queue
[2026-02-14T16:22:53.627+0000] {logging_mixin.py:188} INFO - [2026-02-14T16:22:53.626+0000] {dagbag.py:545} INFO - Filling up the DagBag from /opt/airflow/dags/product_pipeline_dag.py
[2026-02-14T16:22:53.736+0000] {processor.py:840} INFO - DAG(s) 'product_price_pipeline' retrieved from /opt/airflow/dags/product_pipeline_dag.py
[2026-02-14T16:22:53.880+0000] {logging_mixin.py:188} INFO - [2026-02-14T16:22:53.879+0000] {dag.py:3089} INFO - Sync 1 DAGs
[2026-02-14T16:22:53.944+0000] {logging_mixin.py:188} INFO - [2026-02-14T16:22:53.943+0000] {dag.py:3947} INFO - Setting next_dagrun for product_price_pipeline to 2026-02-14 00:00:00+00:00, run_after=2026-02-15 00:00:00+00:00
[2026-02-14T16:22:54.002+0000] {processor.py:183} INFO - Processing /opt/airflow/dags/product_pipeline_dag.py took 0.431 seconds
[2026-02-14T16:23:25.452+0000] {processor.py:161} INFO - Started process (PID=21280) to work on /opt/airflow/dags/product_pipeline_dag.py
[2026-02-14T16:23:25.454+0000] {processor.py:830} INFO - Processing file /opt/airflow/dags/product_pipeline_dag.py for tasks to queue
[2026-02-14T16:23:25.457+0000] {logging_mixin.py:188} INFO - [2026-02-14T16:23:25.457+0000] {dagbag.py:545} INFO - Filling up the DagBag from /opt/airflow/dags/product_pipeline_dag.py
[2026-02-14T16:23:25.498+0000] {processor.py:840} INFO - DAG(s) 'product_price_pipeline' retrieved from /opt/airflow/dags/product_pipeline_dag.py
[2026-02-14T16:23:25.548+0000] {logging_mixin.py:188} INFO - [2026-02-14T16:23:25.548+0000] {dag.py:3089} INFO - Sync 1 DAGs
[2026-02-14T16:23:25.582+0000] {logging_mixin.py:188} INFO - [2026-02-14T16:23:25.582+0000] {dag.py:3947} INFO - Setting next_dagrun for product_price_pipeline to 2026-02-14 00:00:00+00:00, run_after=2026-02-15 00:00:00+00:00
[2026-02-14T16:23:25.613+0000] {processor.py:183} INFO - Processing /opt/airflow/dags/product_pipeline_dag.py took 0.170 seconds
[2026-02-14T16:23:58.135+0000] {processor.py:161} INFO - Started process (PID=21309) to work on /opt/airflow/dags/product_pipeline_dag.py
[2026-02-14T16:23:58.137+0000] {processor.py:830} INFO - Processing file /opt/airflow/dags/product_pipeline_dag.py for tasks to queue
[2026-02-14T16:23:58.140+0000] {logging_mixin.py:188} INFO - [2026-02-14T16:23:58.140+0000] {dagbag.py:545} INFO - Filling up the DagBag from /opt/airflow/dags/product_pipeline_dag.py
[2026-02-14T16:23:58.185+0000] {processor.py:840} INFO - DAG(s) 'product_price_pipeline' retrieved from /opt/airflow/dags/product_pipeline_dag.py
[2026-02-14T16:23:58.238+0000] {logging_mixin.py:188} INFO - [2026-02-14T16:23:58.238+0000] {dag.py:3089} INFO - Sync 1 DAGs
[2026-02-14T16:23:58.277+0000] {logging_mixin.py:188} INFO - [2026-02-14T16:23:58.276+0000] {dag.py:3947} INFO - Setting next_dagrun for product_price_pipeline to 2026-02-14 00:00:00+00:00, run_after=2026-02-15 00:00:00+00:00
[2026-02-14T16:23:58.312+0000] {processor.py:183} INFO - Processing /opt/airflow/dags/product_pipeline_dag.py took 0.185 seconds
[2026-02-14T16:24:30.878+0000] {processor.py:161} INFO - Started process (PID=21338) to work on /opt/airflow/dags/product_pipeline_dag.py
[2026-02-14T16:24:30.880+0000] {processor.py:830} INFO - Processing file /opt/airflow/dags/product_pipeline_dag.py for tasks to queue
[2026-02-14T16:24:30.883+0000] {logging_mixin.py:188} INFO - [2026-02-14T16:24:30.883+0000] {dagbag.py:545} INFO - Filling up the DagBag from /opt/airflow/dags/product_pipeline_dag.py
[2026-02-14T16:24:30.933+0000] {processor.py:840} INFO - DAG(s) 'product_price_pipeline' retrieved from /opt/airflow/dags/product_pipeline_dag.py
[2026-02-14T16:24:30.993+0000] {logging_mixin.py:188} INFO - [2026-02-14T16:24:30.993+0000] {dag.py:3089} INFO - Sync 1 DAGs
[2026-02-14T16:24:31.056+0000] {logging_mixin.py:188} INFO - [2026-02-14T16:24:31.055+0000] {dag.py:3947} INFO - Setting next_dagrun for product_price_pipeline to 2026-02-14 00:00:00+00:00, run_after=2026-02-15 00:00:00+00:00
[2026-02-14T16:24:31.135+0000] {processor.py:183} INFO - Processing /opt/airflow/dags/product_pipeline_dag.py took 0.265 seconds
[2026-02-14T16:25:04.144+0000] {processor.py:161} INFO - Started process (PID=21367) to work on /opt/airflow/dags/product_pipeline_dag.py
[2026-02-14T16:25:04.146+0000] {processor.py:830} INFO - Processing file /opt/airflow/dags/product_pipeline_dag.py for tasks to queue
[2026-02-14T16:25:04.154+0000] {logging_mixin.py:188} INFO - [2026-02-14T16:25:04.152+0000] {dagbag.py:545} INFO - Filling up the DagBag from /opt/airflow/dags/product_pipeline_dag.py
[2026-02-14T16:25:04.223+0000] {processor.py:840} INFO - DAG(s) 'product_price_pipeline' retrieved from /opt/airflow/dags/product_pipeline_dag.py
[2026-02-14T16:25:04.288+0000] {logging_mixin.py:188} INFO - [2026-02-14T16:25:04.288+0000] {dag.py:3089} INFO - Sync 1 DAGs
[2026-02-14T16:25:04.352+0000] {logging_mixin.py:188} INFO - [2026-02-14T16:25:04.352+0000] {dag.py:3947} INFO - Setting next_dagrun for product_price_pipeline to 2026-02-14 00:00:00+00:00, run_after=2026-02-15 00:00:00+00:00
[2026-02-14T16:25:04.422+0000] {processor.py:183} INFO - Processing /opt/airflow/dags/product_pipeline_dag.py took 0.287 seconds
[2026-02-14T16:25:36.966+0000] {processor.py:161} INFO - Started process (PID=21396) to work on /opt/airflow/dags/product_pipeline_dag.py
[2026-02-14T16:25:36.970+0000] {processor.py:830} INFO - Processing file /opt/airflow/dags/product_pipeline_dag.py for tasks to queue
[2026-02-14T16:25:36.977+0000] {logging_mixin.py:188} INFO - [2026-02-14T16:25:36.975+0000] {dagbag.py:545} INFO - Filling up the DagBag from /opt/airflow/dags/product_pipeline_dag.py
[2026-02-14T16:25:37.035+0000] {processor.py:840} INFO - DAG(s) 'product_price_pipeline' retrieved from /opt/airflow/dags/product_pipeline_dag.py
[2026-02-14T16:25:37.102+0000] {logging_mixin.py:188} INFO - [2026-02-14T16:25:37.101+0000] {dag.py:3089} INFO - Sync 1 DAGs
[2026-02-14T16:25:37.139+0000] {logging_mixin.py:188} INFO - [2026-02-14T16:25:37.138+0000] {dag.py:3947} INFO - Setting next_dagrun for product_price_pipeline to 2026-02-14 00:00:00+00:00, run_after=2026-02-15 00:00:00+00:00
[2026-02-14T16:25:37.170+0000] {processor.py:183} INFO - Processing /opt/airflow/dags/product_pipeline_dag.py took 0.225 seconds
[2026-02-14T16:26:08.835+0000] {processor.py:161} INFO - Started process (PID=21425) to work on /opt/airflow/dags/product_pipeline_dag.py
[2026-02-14T16:26:08.837+0000] {processor.py:830} INFO - Processing file /opt/airflow/dags/product_pipeline_dag.py for tasks to queue
[2026-02-14T16:26:08.841+0000] {logging_mixin.py:188} INFO - [2026-02-14T16:26:08.840+0000] {dagbag.py:545} INFO - Filling up the DagBag from /opt/airflow/dags/product_pipeline_dag.py
[2026-02-14T16:26:08.878+0000] {processor.py:840} INFO - DAG(s) 'product_price_pipeline' retrieved from /opt/airflow/dags/product_pipeline_dag.py
[2026-02-14T16:26:08.927+0000] {logging_mixin.py:188} INFO - [2026-02-14T16:26:08.927+0000] {dag.py:3089} INFO - Sync 1 DAGs
[2026-02-14T16:26:08.985+0000] {logging_mixin.py:188} INFO - [2026-02-14T16:26:08.984+0000] {dag.py:3947} INFO - Setting next_dagrun for product_price_pipeline to 2026-02-14 00:00:00+00:00, run_after=2026-02-15 00:00:00+00:00
[2026-02-14T16:26:09.053+0000] {processor.py:183} INFO - Processing /opt/airflow/dags/product_pipeline_dag.py took 0.226 seconds
[2026-02-14T16:26:42.155+0000] {processor.py:161} INFO - Started process (PID=21454) to work on /opt/airflow/dags/product_pipeline_dag.py
[2026-02-14T16:26:42.159+0000] {processor.py:830} INFO - Processing file /opt/airflow/dags/product_pipeline_dag.py for tasks to queue
[2026-02-14T16:26:42.164+0000] {logging_mixin.py:188} INFO - [2026-02-14T16:26:42.163+0000] {dagbag.py:545} INFO - Filling up the DagBag from /opt/airflow/dags/product_pipeline_dag.py
[2026-02-14T16:26:42.220+0000] {processor.py:840} INFO - DAG(s) 'product_price_pipeline' retrieved from /opt/airflow/dags/product_pipeline_dag.py
[2026-02-14T16:26:42.290+0000] {logging_mixin.py:188} INFO - [2026-02-14T16:26:42.290+0000] {dag.py:3089} INFO - Sync 1 DAGs
[2026-02-14T16:26:42.337+0000] {logging_mixin.py:188} INFO - [2026-02-14T16:26:42.336+0000] {dag.py:3947} INFO - Setting next_dagrun for product_price_pipeline to 2026-02-14 00:00:00+00:00, run_after=2026-02-15 00:00:00+00:00
[2026-02-14T16:26:42.382+0000] {processor.py:183} INFO - Processing /opt/airflow/dags/product_pipeline_dag.py took 0.240 seconds
[2026-02-14T16:27:14.481+0000] {processor.py:161} INFO - Started process (PID=21483) to work on /opt/airflow/dags/product_pipeline_dag.py
[2026-02-14T16:27:14.483+0000] {processor.py:830} INFO - Processing file /opt/airflow/dags/product_pipeline_dag.py for tasks to queue
[2026-02-14T16:27:14.486+0000] {logging_mixin.py:188} INFO - [2026-02-14T16:27:14.485+0000] {dagbag.py:545} INFO - Filling up the DagBag from /opt/airflow/dags/product_pipeline_dag.py
[2026-02-14T16:27:14.541+0000] {processor.py:840} INFO - DAG(s) 'product_price_pipeline' retrieved from /opt/airflow/dags/product_pipeline_dag.py
[2026-02-14T16:27:14.593+0000] {logging_mixin.py:188} INFO - [2026-02-14T16:27:14.593+0000] {dag.py:3089} INFO - Sync 1 DAGs
[2026-02-14T16:27:14.645+0000] {logging_mixin.py:188} INFO - [2026-02-14T16:27:14.644+0000] {dag.py:3947} INFO - Setting next_dagrun for product_price_pipeline to 2026-02-14 00:00:00+00:00, run_after=2026-02-15 00:00:00+00:00
[2026-02-14T16:27:14.690+0000] {processor.py:183} INFO - Processing /opt/airflow/dags/product_pipeline_dag.py took 0.217 seconds
[2026-02-14T16:27:47.456+0000] {processor.py:161} INFO - Started process (PID=21512) to work on /opt/airflow/dags/product_pipeline_dag.py
[2026-02-14T16:27:47.458+0000] {processor.py:830} INFO - Processing file /opt/airflow/dags/product_pipeline_dag.py for tasks to queue
[2026-02-14T16:27:47.461+0000] {logging_mixin.py:188} INFO - [2026-02-14T16:27:47.461+0000] {dagbag.py:545} INFO - Filling up the DagBag from /opt/airflow/dags/product_pipeline_dag.py
[2026-02-14T16:27:47.510+0000] {processor.py:840} INFO - DAG(s) 'product_price_pipeline' retrieved from /opt/airflow/dags/product_pipeline_dag.py
[2026-02-14T16:27:47.561+0000] {logging_mixin.py:188} INFO - [2026-02-14T16:27:47.560+0000] {dag.py:3089} INFO - Sync 1 DAGs
[2026-02-14T16:27:47.590+0000] {logging_mixin.py:188} INFO - [2026-02-14T16:27:47.590+0000] {dag.py:3947} INFO - Setting next_dagrun for product_price_pipeline to 2026-02-14 00:00:00+00:00, run_after=2026-02-15 00:00:00+00:00
[2026-02-14T16:27:47.617+0000] {processor.py:183} INFO - Processing /opt/airflow/dags/product_pipeline_dag.py took 0.169 seconds
[2026-02-14T16:28:20.625+0000] {processor.py:161} INFO - Started process (PID=21541) to work on /opt/airflow/dags/product_pipeline_dag.py
[2026-02-14T16:28:20.627+0000] {processor.py:830} INFO - Processing file /opt/airflow/dags/product_pipeline_dag.py for tasks to queue
[2026-02-14T16:28:20.630+0000] {logging_mixin.py:188} INFO - [2026-02-14T16:28:20.630+0000] {dagbag.py:545} INFO - Filling up the DagBag from /opt/airflow/dags/product_pipeline_dag.py
[2026-02-14T16:28:20.681+0000] {processor.py:840} INFO - DAG(s) 'product_price_pipeline' retrieved from /opt/airflow/dags/product_pipeline_dag.py
[2026-02-14T16:28:20.736+0000] {logging_mixin.py:188} INFO - [2026-02-14T16:28:20.735+0000] {dag.py:3089} INFO - Sync 1 DAGs
[2026-02-14T16:28:20.773+0000] {logging_mixin.py:188} INFO - [2026-02-14T16:28:20.773+0000] {dag.py:3947} INFO - Setting next_dagrun for product_price_pipeline to 2026-02-14 00:00:00+00:00, run_after=2026-02-15 00:00:00+00:00
[2026-02-14T16:28:20.808+0000] {processor.py:183} INFO - Processing /opt/airflow/dags/product_pipeline_dag.py took 0.191 seconds
[2026-02-14T16:28:53.869+0000] {processor.py:161} INFO - Started process (PID=21570) to work on /opt/airflow/dags/product_pipeline_dag.py
[2026-02-14T16:28:53.872+0000] {processor.py:830} INFO - Processing file /opt/airflow/dags/product_pipeline_dag.py for tasks to queue
[2026-02-14T16:28:53.878+0000] {logging_mixin.py:188} INFO - [2026-02-14T16:28:53.877+0000] {dagbag.py:545} INFO - Filling up the DagBag from /opt/airflow/dags/product_pipeline_dag.py
[2026-02-14T16:28:53.923+0000] {processor.py:840} INFO - DAG(s) 'product_price_pipeline' retrieved from /opt/airflow/dags/product_pipeline_dag.py
[2026-02-14T16:28:54.001+0000] {logging_mixin.py:188} INFO - [2026-02-14T16:28:54.001+0000] {dag.py:3089} INFO - Sync 1 DAGs
[2026-02-14T16:28:54.038+0000] {logging_mixin.py:188} INFO - [2026-02-14T16:28:54.038+0000] {dag.py:3947} INFO - Setting next_dagrun for product_price_pipeline to 2026-02-14 00:00:00+00:00, run_after=2026-02-15 00:00:00+00:00
[2026-02-14T16:28:54.079+0000] {processor.py:183} INFO - Processing /opt/airflow/dags/product_pipeline_dag.py took 0.220 seconds
[2026-02-14T16:29:25.722+0000] {processor.py:161} INFO - Started process (PID=21599) to work on /opt/airflow/dags/product_pipeline_dag.py
[2026-02-14T16:29:25.736+0000] {processor.py:830} INFO - Processing file /opt/airflow/dags/product_pipeline_dag.py for tasks to queue
[2026-02-14T16:29:25.740+0000] {logging_mixin.py:188} INFO - [2026-02-14T16:29:25.740+0000] {dagbag.py:545} INFO - Filling up the DagBag from /opt/airflow/dags/product_pipeline_dag.py
[2026-02-14T16:29:25.814+0000] {processor.py:840} INFO - DAG(s) 'product_price_pipeline' retrieved from /opt/airflow/dags/product_pipeline_dag.py
[2026-02-14T16:29:25.864+0000] {logging_mixin.py:188} INFO - [2026-02-14T16:29:25.863+0000] {dag.py:3089} INFO - Sync 1 DAGs
[2026-02-14T16:29:25.895+0000] {logging_mixin.py:188} INFO - [2026-02-14T16:29:25.895+0000] {dag.py:3947} INFO - Setting next_dagrun for product_price_pipeline to 2026-02-14 00:00:00+00:00, run_after=2026-02-15 00:00:00+00:00
[2026-02-14T16:29:25.950+0000] {processor.py:183} INFO - Processing /opt/airflow/dags/product_pipeline_dag.py took 0.237 seconds
[2026-02-14T16:29:58.849+0000] {processor.py:161} INFO - Started process (PID=21628) to work on /opt/airflow/dags/product_pipeline_dag.py
[2026-02-14T16:29:58.851+0000] {processor.py:830} INFO - Processing file /opt/airflow/dags/product_pipeline_dag.py for tasks to queue
[2026-02-14T16:29:58.856+0000] {logging_mixin.py:188} INFO - [2026-02-14T16:29:58.856+0000] {dagbag.py:545} INFO - Filling up the DagBag from /opt/airflow/dags/product_pipeline_dag.py
[2026-02-14T16:29:58.913+0000] {processor.py:840} INFO - DAG(s) 'product_price_pipeline' retrieved from /opt/airflow/dags/product_pipeline_dag.py
[2026-02-14T16:29:58.984+0000] {logging_mixin.py:188} INFO - [2026-02-14T16:29:58.984+0000] {dag.py:3089} INFO - Sync 1 DAGs
[2026-02-14T16:29:59.029+0000] {logging_mixin.py:188} INFO - [2026-02-14T16:29:59.028+0000] {dag.py:3947} INFO - Setting next_dagrun for product_price_pipeline to 2026-02-14 00:00:00+00:00, run_after=2026-02-15 00:00:00+00:00
[2026-02-14T16:29:59.082+0000] {processor.py:183} INFO - Processing /opt/airflow/dags/product_pipeline_dag.py took 0.248 seconds
[2026-02-14T16:30:31.883+0000] {processor.py:161} INFO - Started process (PID=21657) to work on /opt/airflow/dags/product_pipeline_dag.py
[2026-02-14T16:30:31.886+0000] {processor.py:830} INFO - Processing file /opt/airflow/dags/product_pipeline_dag.py for tasks to queue
[2026-02-14T16:30:31.891+0000] {logging_mixin.py:188} INFO - [2026-02-14T16:30:31.890+0000] {dagbag.py:545} INFO - Filling up the DagBag from /opt/airflow/dags/product_pipeline_dag.py
[2026-02-14T16:30:31.954+0000] {processor.py:840} INFO - DAG(s) 'product_price_pipeline' retrieved from /opt/airflow/dags/product_pipeline_dag.py
[2026-02-14T16:30:32.018+0000] {logging_mixin.py:188} INFO - [2026-02-14T16:30:32.017+0000] {dag.py:3089} INFO - Sync 1 DAGs
[2026-02-14T16:30:32.076+0000] {logging_mixin.py:188} INFO - [2026-02-14T16:30:32.075+0000] {dag.py:3947} INFO - Setting next_dagrun for product_price_pipeline to 2026-02-14 00:00:00+00:00, run_after=2026-02-15 00:00:00+00:00
[2026-02-14T16:30:32.136+0000] {processor.py:183} INFO - Processing /opt/airflow/dags/product_pipeline_dag.py took 0.267 seconds
[2026-02-14T16:31:03.721+0000] {processor.py:161} INFO - Started process (PID=21686) to work on /opt/airflow/dags/product_pipeline_dag.py
[2026-02-14T16:31:03.724+0000] {processor.py:830} INFO - Processing file /opt/airflow/dags/product_pipeline_dag.py for tasks to queue
[2026-02-14T16:31:03.727+0000] {logging_mixin.py:188} INFO - [2026-02-14T16:31:03.726+0000] {dagbag.py:545} INFO - Filling up the DagBag from /opt/airflow/dags/product_pipeline_dag.py
[2026-02-14T16:31:03.790+0000] {processor.py:840} INFO - DAG(s) 'product_price_pipeline' retrieved from /opt/airflow/dags/product_pipeline_dag.py
[2026-02-14T16:31:03.855+0000] {logging_mixin.py:188} INFO - [2026-02-14T16:31:03.855+0000] {dag.py:3089} INFO - Sync 1 DAGs
[2026-02-14T16:31:03.890+0000] {logging_mixin.py:188} INFO - [2026-02-14T16:31:03.890+0000] {dag.py:3947} INFO - Setting next_dagrun for product_price_pipeline to 2026-02-14 00:00:00+00:00, run_after=2026-02-15 00:00:00+00:00
[2026-02-14T16:31:03.931+0000] {processor.py:183} INFO - Processing /opt/airflow/dags/product_pipeline_dag.py took 0.220 seconds
[2026-02-14T16:31:36.892+0000] {processor.py:161} INFO - Started process (PID=21715) to work on /opt/airflow/dags/product_pipeline_dag.py
[2026-02-14T16:31:36.894+0000] {processor.py:830} INFO - Processing file /opt/airflow/dags/product_pipeline_dag.py for tasks to queue
[2026-02-14T16:31:36.898+0000] {logging_mixin.py:188} INFO - [2026-02-14T16:31:36.897+0000] {dagbag.py:545} INFO - Filling up the DagBag from /opt/airflow/dags/product_pipeline_dag.py
[2026-02-14T16:31:36.953+0000] {processor.py:840} INFO - DAG(s) 'product_price_pipeline' retrieved from /opt/airflow/dags/product_pipeline_dag.py
[2026-02-14T16:31:37.022+0000] {logging_mixin.py:188} INFO - [2026-02-14T16:31:37.022+0000] {dag.py:3089} INFO - Sync 1 DAGs
[2026-02-14T16:31:37.065+0000] {logging_mixin.py:188} INFO - [2026-02-14T16:31:37.065+0000] {dag.py:3947} INFO - Setting next_dagrun for product_price_pipeline to 2026-02-14 00:00:00+00:00, run_after=2026-02-15 00:00:00+00:00
[2026-02-14T16:31:37.114+0000] {processor.py:183} INFO - Processing /opt/airflow/dags/product_pipeline_dag.py took 0.233 seconds
[2026-02-14T16:32:09.671+0000] {processor.py:161} INFO - Started process (PID=21744) to work on /opt/airflow/dags/product_pipeline_dag.py
[2026-02-14T16:32:09.673+0000] {processor.py:830} INFO - Processing file /opt/airflow/dags/product_pipeline_dag.py for tasks to queue
[2026-02-14T16:32:09.677+0000] {logging_mixin.py:188} INFO - [2026-02-14T16:32:09.676+0000] {dagbag.py:545} INFO - Filling up the DagBag from /opt/airflow/dags/product_pipeline_dag.py
[2026-02-14T16:32:09.726+0000] {processor.py:840} INFO - DAG(s) 'product_price_pipeline' retrieved from /opt/airflow/dags/product_pipeline_dag.py
[2026-02-14T16:32:09.787+0000] {logging_mixin.py:188} INFO - [2026-02-14T16:32:09.787+0000] {dag.py:3089} INFO - Sync 1 DAGs
[2026-02-14T16:32:09.828+0000] {logging_mixin.py:188} INFO - [2026-02-14T16:32:09.827+0000] {dag.py:3947} INFO - Setting next_dagrun for product_price_pipeline to 2026-02-14 00:00:00+00:00, run_after=2026-02-15 00:00:00+00:00
[2026-02-14T16:32:09.868+0000] {processor.py:183} INFO - Processing /opt/airflow/dags/product_pipeline_dag.py took 0.207 seconds
[2026-02-14T16:32:42.787+0000] {processor.py:161} INFO - Started process (PID=21773) to work on /opt/airflow/dags/product_pipeline_dag.py
[2026-02-14T16:32:42.789+0000] {processor.py:830} INFO - Processing file /opt/airflow/dags/product_pipeline_dag.py for tasks to queue
[2026-02-14T16:32:42.793+0000] {logging_mixin.py:188} INFO - [2026-02-14T16:32:42.792+0000] {dagbag.py:545} INFO - Filling up the DagBag from /opt/airflow/dags/product_pipeline_dag.py
[2026-02-14T16:32:42.851+0000] {processor.py:840} INFO - DAG(s) 'product_price_pipeline' retrieved from /opt/airflow/dags/product_pipeline_dag.py
[2026-02-14T16:32:42.929+0000] {logging_mixin.py:188} INFO - [2026-02-14T16:32:42.928+0000] {dag.py:3089} INFO - Sync 1 DAGs
[2026-02-14T16:32:42.971+0000] {logging_mixin.py:188} INFO - [2026-02-14T16:32:42.970+0000] {dag.py:3947} INFO - Setting next_dagrun for product_price_pipeline to 2026-02-14 00:00:00+00:00, run_after=2026-02-15 00:00:00+00:00
[2026-02-14T16:32:43.010+0000] {processor.py:183} INFO - Processing /opt/airflow/dags/product_pipeline_dag.py took 0.237 seconds
[2026-02-14T16:42:55.079+0000] {processor.py:161} INFO - Started process (PID=21804) to work on /opt/airflow/dags/product_pipeline_dag.py
[2026-02-14T16:42:55.086+0000] {processor.py:830} INFO - Processing file /opt/airflow/dags/product_pipeline_dag.py for tasks to queue
[2026-02-14T16:42:55.121+0000] {logging_mixin.py:188} INFO - [2026-02-14T16:42:55.115+0000] {dagbag.py:545} INFO - Filling up the DagBag from /opt/airflow/dags/product_pipeline_dag.py
[2026-02-14T16:42:55.256+0000] {processor.py:840} INFO - DAG(s) 'product_price_pipeline' retrieved from /opt/airflow/dags/product_pipeline_dag.py
[2026-02-14T16:42:55.360+0000] {logging_mixin.py:188} INFO - [2026-02-14T16:42:55.360+0000] {dag.py:3089} INFO - Sync 1 DAGs
[2026-02-14T16:42:55.435+0000] {logging_mixin.py:188} INFO - [2026-02-14T16:42:55.434+0000] {dag.py:3947} INFO - Setting next_dagrun for product_price_pipeline to 2026-02-14 00:00:00+00:00, run_after=2026-02-15 00:00:00+00:00
[2026-02-14T16:42:55.485+0000] {processor.py:183} INFO - Processing /opt/airflow/dags/product_pipeline_dag.py took 0.516 seconds
[2026-02-14T16:43:26.745+0000] {processor.py:161} INFO - Started process (PID=21833) to work on /opt/airflow/dags/product_pipeline_dag.py
[2026-02-14T16:43:26.750+0000] {processor.py:830} INFO - Processing file /opt/airflow/dags/product_pipeline_dag.py for tasks to queue
[2026-02-14T16:43:26.753+0000] {logging_mixin.py:188} INFO - [2026-02-14T16:43:26.753+0000] {dagbag.py:545} INFO - Filling up the DagBag from /opt/airflow/dags/product_pipeline_dag.py
[2026-02-14T16:43:26.814+0000] {processor.py:840} INFO - DAG(s) 'product_price_pipeline' retrieved from /opt/airflow/dags/product_pipeline_dag.py
[2026-02-14T16:43:26.868+0000] {logging_mixin.py:188} INFO - [2026-02-14T16:43:26.867+0000] {dag.py:3089} INFO - Sync 1 DAGs
[2026-02-14T16:43:26.907+0000] {logging_mixin.py:188} INFO - [2026-02-14T16:43:26.906+0000] {dag.py:3947} INFO - Setting next_dagrun for product_price_pipeline to 2026-02-14 00:00:00+00:00, run_after=2026-02-15 00:00:00+00:00
[2026-02-14T16:43:26.948+0000] {processor.py:183} INFO - Processing /opt/airflow/dags/product_pipeline_dag.py took 0.215 seconds
[2026-02-14T16:43:58.752+0000] {processor.py:161} INFO - Started process (PID=21862) to work on /opt/airflow/dags/product_pipeline_dag.py
[2026-02-14T16:43:58.756+0000] {processor.py:830} INFO - Processing file /opt/airflow/dags/product_pipeline_dag.py for tasks to queue
[2026-02-14T16:43:58.759+0000] {logging_mixin.py:188} INFO - [2026-02-14T16:43:58.759+0000] {dagbag.py:545} INFO - Filling up the DagBag from /opt/airflow/dags/product_pipeline_dag.py
[2026-02-14T16:43:58.812+0000] {processor.py:840} INFO - DAG(s) 'product_price_pipeline' retrieved from /opt/airflow/dags/product_pipeline_dag.py
[2026-02-14T16:43:58.877+0000] {logging_mixin.py:188} INFO - [2026-02-14T16:43:58.877+0000] {dag.py:3089} INFO - Sync 1 DAGs
[2026-02-14T16:43:58.905+0000] {logging_mixin.py:188} INFO - [2026-02-14T16:43:58.905+0000] {dag.py:3947} INFO - Setting next_dagrun for product_price_pipeline to 2026-02-14 00:00:00+00:00, run_after=2026-02-15 00:00:00+00:00
[2026-02-14T16:43:58.951+0000] {processor.py:183} INFO - Processing /opt/airflow/dags/product_pipeline_dag.py took 0.212 seconds
[2026-02-14T16:44:29.800+0000] {processor.py:161} INFO - Started process (PID=21889) to work on /opt/airflow/dags/product_pipeline_dag.py
[2026-02-14T16:44:29.804+0000] {processor.py:830} INFO - Processing file /opt/airflow/dags/product_pipeline_dag.py for tasks to queue
[2026-02-14T16:44:29.809+0000] {logging_mixin.py:188} INFO - [2026-02-14T16:44:29.808+0000] {dagbag.py:545} INFO - Filling up the DagBag from /opt/airflow/dags/product_pipeline_dag.py
[2026-02-14T16:44:29.885+0000] {processor.py:840} INFO - DAG(s) 'product_price_pipeline' retrieved from /opt/airflow/dags/product_pipeline_dag.py
[2026-02-14T16:44:29.993+0000] {logging_mixin.py:188} INFO - [2026-02-14T16:44:29.992+0000] {dag.py:3089} INFO - Sync 1 DAGs
[2026-02-14T16:44:30.039+0000] {logging_mixin.py:188} INFO - [2026-02-14T16:44:30.038+0000] {dag.py:3947} INFO - Setting next_dagrun for product_price_pipeline to 2026-02-14 00:00:00+00:00, run_after=2026-02-15 00:00:00+00:00
[2026-02-14T16:44:30.094+0000] {processor.py:183} INFO - Processing /opt/airflow/dags/product_pipeline_dag.py took 0.303 seconds
[2026-02-14T16:45:01.099+0000] {processor.py:161} INFO - Started process (PID=21918) to work on /opt/airflow/dags/product_pipeline_dag.py
[2026-02-14T16:45:01.102+0000] {processor.py:830} INFO - Processing file /opt/airflow/dags/product_pipeline_dag.py for tasks to queue
[2026-02-14T16:45:01.106+0000] {logging_mixin.py:188} INFO - [2026-02-14T16:45:01.106+0000] {dagbag.py:545} INFO - Filling up the DagBag from /opt/airflow/dags/product_pipeline_dag.py
[2026-02-14T16:45:01.155+0000] {processor.py:840} INFO - DAG(s) 'product_price_pipeline' retrieved from /opt/airflow/dags/product_pipeline_dag.py
[2026-02-14T16:45:01.225+0000] {logging_mixin.py:188} INFO - [2026-02-14T16:45:01.224+0000] {dag.py:3089} INFO - Sync 1 DAGs
[2026-02-14T16:45:01.263+0000] {logging_mixin.py:188} INFO - [2026-02-14T16:45:01.262+0000] {dag.py:3947} INFO - Setting next_dagrun for product_price_pipeline to 2026-02-14 00:00:00+00:00, run_after=2026-02-15 00:00:00+00:00
[2026-02-14T16:45:01.317+0000] {processor.py:183} INFO - Processing /opt/airflow/dags/product_pipeline_dag.py took 0.227 seconds
[2026-02-14T16:45:32.515+0000] {processor.py:161} INFO - Started process (PID=21947) to work on /opt/airflow/dags/product_pipeline_dag.py
[2026-02-14T16:45:32.518+0000] {processor.py:830} INFO - Processing file /opt/airflow/dags/product_pipeline_dag.py for tasks to queue
[2026-02-14T16:45:32.523+0000] {logging_mixin.py:188} INFO - [2026-02-14T16:45:32.523+0000] {dagbag.py:545} INFO - Filling up the DagBag from /opt/airflow/dags/product_pipeline_dag.py
[2026-02-14T16:45:32.590+0000] {processor.py:840} INFO - DAG(s) 'product_price_pipeline' retrieved from /opt/airflow/dags/product_pipeline_dag.py
[2026-02-14T16:45:32.695+0000] {logging_mixin.py:188} INFO - [2026-02-14T16:45:32.694+0000] {dag.py:3089} INFO - Sync 1 DAGs
[2026-02-14T16:45:32.744+0000] {logging_mixin.py:188} INFO - [2026-02-14T16:45:32.743+0000] {dag.py:3947} INFO - Setting next_dagrun for product_price_pipeline to 2026-02-14 00:00:00+00:00, run_after=2026-02-15 00:00:00+00:00
[2026-02-14T16:45:32.864+0000] {processor.py:183} INFO - Processing /opt/airflow/dags/product_pipeline_dag.py took 0.362 seconds
[2026-02-14T16:46:03.793+0000] {processor.py:161} INFO - Started process (PID=21975) to work on /opt/airflow/dags/product_pipeline_dag.py
[2026-02-14T16:46:03.798+0000] {processor.py:830} INFO - Processing file /opt/airflow/dags/product_pipeline_dag.py for tasks to queue
[2026-02-14T16:46:03.803+0000] {logging_mixin.py:188} INFO - [2026-02-14T16:46:03.803+0000] {dagbag.py:545} INFO - Filling up the DagBag from /opt/airflow/dags/product_pipeline_dag.py
[2026-02-14T16:46:03.864+0000] {processor.py:840} INFO - DAG(s) 'product_price_pipeline' retrieved from /opt/airflow/dags/product_pipeline_dag.py
[2026-02-14T16:46:03.932+0000] {logging_mixin.py:188} INFO - [2026-02-14T16:46:03.932+0000] {dag.py:3089} INFO - Sync 1 DAGs
[2026-02-14T16:46:03.971+0000] {logging_mixin.py:188} INFO - [2026-02-14T16:46:03.970+0000] {dag.py:3947} INFO - Setting next_dagrun for product_price_pipeline to 2026-02-14 00:00:00+00:00, run_after=2026-02-15 00:00:00+00:00
[2026-02-14T16:46:04.010+0000] {processor.py:183} INFO - Processing /opt/airflow/dags/product_pipeline_dag.py took 0.233 seconds
[2026-02-14T16:46:35.116+0000] {processor.py:161} INFO - Started process (PID=22004) to work on /opt/airflow/dags/product_pipeline_dag.py
[2026-02-14T16:46:35.118+0000] {processor.py:830} INFO - Processing file /opt/airflow/dags/product_pipeline_dag.py for tasks to queue
[2026-02-14T16:46:35.123+0000] {logging_mixin.py:188} INFO - [2026-02-14T16:46:35.122+0000] {dagbag.py:545} INFO - Filling up the DagBag from /opt/airflow/dags/product_pipeline_dag.py
[2026-02-14T16:46:35.184+0000] {processor.py:840} INFO - DAG(s) 'product_price_pipeline' retrieved from /opt/airflow/dags/product_pipeline_dag.py
[2026-02-14T16:46:35.254+0000] {logging_mixin.py:188} INFO - [2026-02-14T16:46:35.253+0000] {dag.py:3089} INFO - Sync 1 DAGs
[2026-02-14T16:46:35.292+0000] {logging_mixin.py:188} INFO - [2026-02-14T16:46:35.292+0000] {dag.py:3947} INFO - Setting next_dagrun for product_price_pipeline to 2026-02-14 00:00:00+00:00, run_after=2026-02-15 00:00:00+00:00
[2026-02-14T16:46:35.340+0000] {processor.py:183} INFO - Processing /opt/airflow/dags/product_pipeline_dag.py took 0.236 seconds
[2026-02-14T16:47:05.678+0000] {processor.py:161} INFO - Started process (PID=22027) to work on /opt/airflow/dags/product_pipeline_dag.py
[2026-02-14T16:47:05.680+0000] {processor.py:830} INFO - Processing file /opt/airflow/dags/product_pipeline_dag.py for tasks to queue
[2026-02-14T16:47:05.683+0000] {logging_mixin.py:188} INFO - [2026-02-14T16:47:05.683+0000] {dagbag.py:545} INFO - Filling up the DagBag from /opt/airflow/dags/product_pipeline_dag.py
[2026-02-14T16:47:05.746+0000] {processor.py:840} INFO - DAG(s) 'product_price_pipeline' retrieved from /opt/airflow/dags/product_pipeline_dag.py
[2026-02-14T16:47:05.845+0000] {logging_mixin.py:188} INFO - [2026-02-14T16:47:05.844+0000] {dag.py:3089} INFO - Sync 1 DAGs
[2026-02-14T16:47:05.889+0000] {logging_mixin.py:188} INFO - [2026-02-14T16:47:05.888+0000] {dag.py:3947} INFO - Setting next_dagrun for product_price_pipeline to 2026-02-14 00:00:00+00:00, run_after=2026-02-15 00:00:00+00:00
[2026-02-14T16:47:05.949+0000] {processor.py:183} INFO - Processing /opt/airflow/dags/product_pipeline_dag.py took 0.290 seconds
[2026-02-14T16:47:36.354+0000] {processor.py:161} INFO - Started process (PID=22053) to work on /opt/airflow/dags/product_pipeline_dag.py
[2026-02-14T16:47:36.356+0000] {processor.py:830} INFO - Processing file /opt/airflow/dags/product_pipeline_dag.py for tasks to queue
[2026-02-14T16:47:36.360+0000] {logging_mixin.py:188} INFO - [2026-02-14T16:47:36.359+0000] {dagbag.py:545} INFO - Filling up the DagBag from /opt/airflow/dags/product_pipeline_dag.py
[2026-02-14T16:47:36.435+0000] {processor.py:840} INFO - DAG(s) 'product_price_pipeline' retrieved from /opt/airflow/dags/product_pipeline_dag.py
[2026-02-14T16:47:36.498+0000] {logging_mixin.py:188} INFO - [2026-02-14T16:47:36.498+0000] {dag.py:3089} INFO - Sync 1 DAGs
[2026-02-14T16:47:36.530+0000] {logging_mixin.py:188} INFO - [2026-02-14T16:47:36.529+0000] {dag.py:3947} INFO - Setting next_dagrun for product_price_pipeline to 2026-02-14 00:00:00+00:00, run_after=2026-02-15 00:00:00+00:00
[2026-02-14T16:47:36.563+0000] {processor.py:183} INFO - Processing /opt/airflow/dags/product_pipeline_dag.py took 0.218 seconds
[2026-02-14T16:48:07.810+0000] {processor.py:161} INFO - Started process (PID=22080) to work on /opt/airflow/dags/product_pipeline_dag.py
[2026-02-14T16:48:07.811+0000] {processor.py:830} INFO - Processing file /opt/airflow/dags/product_pipeline_dag.py for tasks to queue
[2026-02-14T16:48:07.816+0000] {logging_mixin.py:188} INFO - [2026-02-14T16:48:07.815+0000] {dagbag.py:545} INFO - Filling up the DagBag from /opt/airflow/dags/product_pipeline_dag.py
[2026-02-14T16:48:07.882+0000] {processor.py:840} INFO - DAG(s) 'product_price_pipeline' retrieved from /opt/airflow/dags/product_pipeline_dag.py
[2026-02-14T16:48:07.961+0000] {logging_mixin.py:188} INFO - [2026-02-14T16:48:07.960+0000] {dag.py:3089} INFO - Sync 1 DAGs
[2026-02-14T16:48:08.016+0000] {logging_mixin.py:188} INFO - [2026-02-14T16:48:08.015+0000] {dag.py:3947} INFO - Setting next_dagrun for product_price_pipeline to 2026-02-14 00:00:00+00:00, run_after=2026-02-15 00:00:00+00:00
[2026-02-14T16:48:08.100+0000] {processor.py:183} INFO - Processing /opt/airflow/dags/product_pipeline_dag.py took 0.301 seconds
[2026-02-14T16:48:40.246+0000] {processor.py:161} INFO - Started process (PID=22109) to work on /opt/airflow/dags/product_pipeline_dag.py
[2026-02-14T16:48:40.249+0000] {processor.py:830} INFO - Processing file /opt/airflow/dags/product_pipeline_dag.py for tasks to queue
[2026-02-14T16:48:40.253+0000] {logging_mixin.py:188} INFO - [2026-02-14T16:48:40.253+0000] {dagbag.py:545} INFO - Filling up the DagBag from /opt/airflow/dags/product_pipeline_dag.py
[2026-02-14T16:48:40.303+0000] {processor.py:840} INFO - DAG(s) 'product_price_pipeline' retrieved from /opt/airflow/dags/product_pipeline_dag.py
[2026-02-14T16:48:40.351+0000] {logging_mixin.py:188} INFO - [2026-02-14T16:48:40.350+0000] {dag.py:3089} INFO - Sync 1 DAGs
[2026-02-14T16:48:40.380+0000] {logging_mixin.py:188} INFO - [2026-02-14T16:48:40.380+0000] {dag.py:3947} INFO - Setting next_dagrun for product_price_pipeline to 2026-02-14 00:00:00+00:00, run_after=2026-02-15 00:00:00+00:00
[2026-02-14T16:48:40.411+0000] {processor.py:183} INFO - Processing /opt/airflow/dags/product_pipeline_dag.py took 0.176 seconds
[2026-02-14T16:49:13.090+0000] {processor.py:161} INFO - Started process (PID=22138) to work on /opt/airflow/dags/product_pipeline_dag.py
[2026-02-14T16:49:13.092+0000] {processor.py:830} INFO - Processing file /opt/airflow/dags/product_pipeline_dag.py for tasks to queue
[2026-02-14T16:49:13.095+0000] {logging_mixin.py:188} INFO - [2026-02-14T16:49:13.095+0000] {dagbag.py:545} INFO - Filling up the DagBag from /opt/airflow/dags/product_pipeline_dag.py
[2026-02-14T16:49:13.142+0000] {processor.py:840} INFO - DAG(s) 'product_price_pipeline' retrieved from /opt/airflow/dags/product_pipeline_dag.py
[2026-02-14T16:49:13.203+0000] {logging_mixin.py:188} INFO - [2026-02-14T16:49:13.203+0000] {dag.py:3089} INFO - Sync 1 DAGs
[2026-02-14T16:49:13.255+0000] {logging_mixin.py:188} INFO - [2026-02-14T16:49:13.254+0000] {dag.py:3947} INFO - Setting next_dagrun for product_price_pipeline to 2026-02-14 00:00:00+00:00, run_after=2026-02-15 00:00:00+00:00
[2026-02-14T16:49:13.296+0000] {processor.py:183} INFO - Processing /opt/airflow/dags/product_pipeline_dag.py took 0.214 seconds
[2026-02-14T16:49:46.196+0000] {processor.py:161} INFO - Started process (PID=22173) to work on /opt/airflow/dags/product_pipeline_dag.py
[2026-02-14T16:49:46.198+0000] {processor.py:830} INFO - Processing file /opt/airflow/dags/product_pipeline_dag.py for tasks to queue
[2026-02-14T16:49:46.203+0000] {logging_mixin.py:188} INFO - [2026-02-14T16:49:46.202+0000] {dagbag.py:545} INFO - Filling up the DagBag from /opt/airflow/dags/product_pipeline_dag.py
[2026-02-14T16:49:46.265+0000] {processor.py:840} INFO - DAG(s) 'product_price_pipeline' retrieved from /opt/airflow/dags/product_pipeline_dag.py
[2026-02-14T16:49:46.324+0000] {logging_mixin.py:188} INFO - [2026-02-14T16:49:46.323+0000] {dag.py:3089} INFO - Sync 1 DAGs
[2026-02-14T16:49:46.366+0000] {logging_mixin.py:188} INFO - [2026-02-14T16:49:46.366+0000] {dag.py:3947} INFO - Setting next_dagrun for product_price_pipeline to 2026-02-14 00:00:00+00:00, run_after=2026-02-15 00:00:00+00:00
[2026-02-14T16:49:46.421+0000] {processor.py:183} INFO - Processing /opt/airflow/dags/product_pipeline_dag.py took 0.235 seconds
[2026-02-14T16:50:18.408+0000] {processor.py:161} INFO - Started process (PID=22201) to work on /opt/airflow/dags/product_pipeline_dag.py
[2026-02-14T16:50:18.411+0000] {processor.py:830} INFO - Processing file /opt/airflow/dags/product_pipeline_dag.py for tasks to queue
[2026-02-14T16:50:18.415+0000] {logging_mixin.py:188} INFO - [2026-02-14T16:50:18.414+0000] {dagbag.py:545} INFO - Filling up the DagBag from /opt/airflow/dags/product_pipeline_dag.py
[2026-02-14T16:50:18.489+0000] {processor.py:840} INFO - DAG(s) 'product_price_pipeline' retrieved from /opt/airflow/dags/product_pipeline_dag.py
[2026-02-14T16:50:18.588+0000] {logging_mixin.py:188} INFO - [2026-02-14T16:50:18.588+0000] {dag.py:3089} INFO - Sync 1 DAGs
[2026-02-14T16:50:18.641+0000] {logging_mixin.py:188} INFO - [2026-02-14T16:50:18.640+0000] {dag.py:3947} INFO - Setting next_dagrun for product_price_pipeline to 2026-02-14 00:00:00+00:00, run_after=2026-02-15 00:00:00+00:00
[2026-02-14T16:50:18.699+0000] {processor.py:183} INFO - Processing /opt/airflow/dags/product_pipeline_dag.py took 0.306 seconds
[2026-02-14T16:50:50.425+0000] {processor.py:161} INFO - Started process (PID=22225) to work on /opt/airflow/dags/product_pipeline_dag.py
[2026-02-14T16:50:50.428+0000] {processor.py:830} INFO - Processing file /opt/airflow/dags/product_pipeline_dag.py for tasks to queue
[2026-02-14T16:50:50.431+0000] {logging_mixin.py:188} INFO - [2026-02-14T16:50:50.430+0000] {dagbag.py:545} INFO - Filling up the DagBag from /opt/airflow/dags/product_pipeline_dag.py
[2026-02-14T16:50:50.496+0000] {processor.py:840} INFO - DAG(s) 'product_price_pipeline' retrieved from /opt/airflow/dags/product_pipeline_dag.py
[2026-02-14T16:50:50.553+0000] {logging_mixin.py:188} INFO - [2026-02-14T16:50:50.552+0000] {dag.py:3089} INFO - Sync 1 DAGs
[2026-02-14T16:50:50.593+0000] {logging_mixin.py:188} INFO - [2026-02-14T16:50:50.593+0000] {dag.py:3947} INFO - Setting next_dagrun for product_price_pipeline to 2026-02-14 00:00:00+00:00, run_after=2026-02-15 00:00:00+00:00
[2026-02-14T16:50:50.636+0000] {processor.py:183} INFO - Processing /opt/airflow/dags/product_pipeline_dag.py took 0.218 seconds
[2026-02-14T16:51:24.420+0000] {processor.py:161} INFO - Started process (PID=22266) to work on /opt/airflow/dags/product_pipeline_dag.py
[2026-02-14T16:51:24.422+0000] {processor.py:830} INFO - Processing file /opt/airflow/dags/product_pipeline_dag.py for tasks to queue
[2026-02-14T16:51:24.425+0000] {logging_mixin.py:188} INFO - [2026-02-14T16:51:24.425+0000] {dagbag.py:545} INFO - Filling up the DagBag from /opt/airflow/dags/product_pipeline_dag.py
[2026-02-14T16:51:24.460+0000] {processor.py:840} INFO - DAG(s) 'product_price_pipeline' retrieved from /opt/airflow/dags/product_pipeline_dag.py
[2026-02-14T16:51:24.509+0000] {logging_mixin.py:188} INFO - [2026-02-14T16:51:24.509+0000] {dag.py:3089} INFO - Sync 1 DAGs
[2026-02-14T16:51:24.544+0000] {logging_mixin.py:188} INFO - [2026-02-14T16:51:24.544+0000] {dag.py:3947} INFO - Setting next_dagrun for product_price_pipeline to 2026-02-14 00:00:00+00:00, run_after=2026-02-15 00:00:00+00:00
[2026-02-14T16:51:24.576+0000] {processor.py:183} INFO - Processing /opt/airflow/dags/product_pipeline_dag.py took 0.169 seconds
[2026-02-14T16:51:57.234+0000] {processor.py:161} INFO - Started process (PID=22295) to work on /opt/airflow/dags/product_pipeline_dag.py
[2026-02-14T16:51:57.236+0000] {processor.py:830} INFO - Processing file /opt/airflow/dags/product_pipeline_dag.py for tasks to queue
[2026-02-14T16:51:57.240+0000] {logging_mixin.py:188} INFO - [2026-02-14T16:51:57.239+0000] {dagbag.py:545} INFO - Filling up the DagBag from /opt/airflow/dags/product_pipeline_dag.py
[2026-02-14T16:51:57.288+0000] {processor.py:840} INFO - DAG(s) 'product_price_pipeline' retrieved from /opt/airflow/dags/product_pipeline_dag.py
[2026-02-14T16:51:57.343+0000] {logging_mixin.py:188} INFO - [2026-02-14T16:51:57.342+0000] {dag.py:3089} INFO - Sync 1 DAGs
[2026-02-14T16:51:57.374+0000] {logging_mixin.py:188} INFO - [2026-02-14T16:51:57.374+0000] {dag.py:3947} INFO - Setting next_dagrun for product_price_pipeline to 2026-02-14 00:00:00+00:00, run_after=2026-02-15 00:00:00+00:00
[2026-02-14T16:51:57.410+0000] {processor.py:183} INFO - Processing /opt/airflow/dags/product_pipeline_dag.py took 0.184 seconds
[2026-02-14T16:52:33.360+0000] {processor.py:161} INFO - Started process (PID=22324) to work on /opt/airflow/dags/product_pipeline_dag.py
[2026-02-14T16:52:33.363+0000] {processor.py:830} INFO - Processing file /opt/airflow/dags/product_pipeline_dag.py for tasks to queue
[2026-02-14T16:52:33.369+0000] {logging_mixin.py:188} INFO - [2026-02-14T16:52:33.367+0000] {dagbag.py:545} INFO - Filling up the DagBag from /opt/airflow/dags/product_pipeline_dag.py
[2026-02-14T16:52:33.453+0000] {processor.py:840} INFO - DAG(s) 'product_price_pipeline' retrieved from /opt/airflow/dags/product_pipeline_dag.py
[2026-02-14T16:52:33.558+0000] {logging_mixin.py:188} INFO - [2026-02-14T16:52:33.558+0000] {dag.py:3089} INFO - Sync 1 DAGs
[2026-02-14T16:52:33.629+0000] {logging_mixin.py:188} INFO - [2026-02-14T16:52:33.629+0000] {dag.py:3947} INFO - Setting next_dagrun for product_price_pipeline to 2026-02-14 00:00:00+00:00, run_after=2026-02-15 00:00:00+00:00
[2026-02-14T16:52:33.680+0000] {processor.py:183} INFO - Processing /opt/airflow/dags/product_pipeline_dag.py took 0.338 seconds
[2026-02-14T16:53:06.424+0000] {processor.py:161} INFO - Started process (PID=22353) to work on /opt/airflow/dags/product_pipeline_dag.py
[2026-02-14T16:53:06.434+0000] {processor.py:830} INFO - Processing file /opt/airflow/dags/product_pipeline_dag.py for tasks to queue
[2026-02-14T16:53:06.438+0000] {logging_mixin.py:188} INFO - [2026-02-14T16:53:06.437+0000] {dagbag.py:545} INFO - Filling up the DagBag from /opt/airflow/dags/product_pipeline_dag.py
[2026-02-14T16:53:06.526+0000] {processor.py:840} INFO - DAG(s) 'product_price_pipeline' retrieved from /opt/airflow/dags/product_pipeline_dag.py
[2026-02-14T16:53:06.604+0000] {logging_mixin.py:188} INFO - [2026-02-14T16:53:06.604+0000] {dag.py:3089} INFO - Sync 1 DAGs
[2026-02-14T16:53:06.657+0000] {logging_mixin.py:188} INFO - [2026-02-14T16:53:06.656+0000] {dag.py:3947} INFO - Setting next_dagrun for product_price_pipeline to 2026-02-14 00:00:00+00:00, run_after=2026-02-15 00:00:00+00:00
[2026-02-14T16:53:06.694+0000] {processor.py:183} INFO - Processing /opt/airflow/dags/product_pipeline_dag.py took 0.283 seconds
[2026-02-14T16:53:38.527+0000] {processor.py:161} INFO - Started process (PID=22384) to work on /opt/airflow/dags/product_pipeline_dag.py
[2026-02-14T16:53:38.530+0000] {processor.py:830} INFO - Processing file /opt/airflow/dags/product_pipeline_dag.py for tasks to queue
[2026-02-14T16:53:38.535+0000] {logging_mixin.py:188} INFO - [2026-02-14T16:53:38.534+0000] {dagbag.py:545} INFO - Filling up the DagBag from /opt/airflow/dags/product_pipeline_dag.py
[2026-02-14T16:53:38.609+0000] {processor.py:840} INFO - DAG(s) 'product_price_pipeline' retrieved from /opt/airflow/dags/product_pipeline_dag.py
[2026-02-14T16:53:38.670+0000] {logging_mixin.py:188} INFO - [2026-02-14T16:53:38.670+0000] {dag.py:3089} INFO - Sync 1 DAGs
[2026-02-14T16:53:38.702+0000] {logging_mixin.py:188} INFO - [2026-02-14T16:53:38.702+0000] {dag.py:3947} INFO - Setting next_dagrun for product_price_pipeline to 2026-02-14 00:00:00+00:00, run_after=2026-02-15 00:00:00+00:00
[2026-02-14T16:53:38.739+0000] {processor.py:183} INFO - Processing /opt/airflow/dags/product_pipeline_dag.py took 0.227 seconds
[2026-02-14T16:54:09.492+0000] {processor.py:161} INFO - Started process (PID=22412) to work on /opt/airflow/dags/product_pipeline_dag.py
[2026-02-14T16:54:09.494+0000] {processor.py:830} INFO - Processing file /opt/airflow/dags/product_pipeline_dag.py for tasks to queue
[2026-02-14T16:54:09.496+0000] {logging_mixin.py:188} INFO - [2026-02-14T16:54:09.496+0000] {dagbag.py:545} INFO - Filling up the DagBag from /opt/airflow/dags/product_pipeline_dag.py
[2026-02-14T16:54:09.531+0000] {processor.py:840} INFO - DAG(s) 'product_price_pipeline' retrieved from /opt/airflow/dags/product_pipeline_dag.py
[2026-02-14T16:54:09.582+0000] {logging_mixin.py:188} INFO - [2026-02-14T16:54:09.581+0000] {dag.py:3089} INFO - Sync 1 DAGs
[2026-02-14T16:54:09.610+0000] {logging_mixin.py:188} INFO - [2026-02-14T16:54:09.610+0000] {dag.py:3947} INFO - Setting next_dagrun for product_price_pipeline to 2026-02-14 00:00:00+00:00, run_after=2026-02-15 00:00:00+00:00
[2026-02-14T16:54:09.645+0000] {processor.py:183} INFO - Processing /opt/airflow/dags/product_pipeline_dag.py took 0.161 seconds
[2026-02-14T16:54:41.497+0000] {processor.py:161} INFO - Started process (PID=22441) to work on /opt/airflow/dags/product_pipeline_dag.py
[2026-02-14T16:54:41.499+0000] {processor.py:830} INFO - Processing file /opt/airflow/dags/product_pipeline_dag.py for tasks to queue
[2026-02-14T16:54:41.504+0000] {logging_mixin.py:188} INFO - [2026-02-14T16:54:41.503+0000] {dagbag.py:545} INFO - Filling up the DagBag from /opt/airflow/dags/product_pipeline_dag.py
[2026-02-14T16:54:41.551+0000] {processor.py:840} INFO - DAG(s) 'product_price_pipeline' retrieved from /opt/airflow/dags/product_pipeline_dag.py
[2026-02-14T16:54:41.592+0000] {logging_mixin.py:188} INFO - [2026-02-14T16:54:41.591+0000] {dag.py:3089} INFO - Sync 1 DAGs
[2026-02-14T16:54:41.622+0000] {logging_mixin.py:188} INFO - [2026-02-14T16:54:41.622+0000] {dag.py:3947} INFO - Setting next_dagrun for product_price_pipeline to 2026-02-14 00:00:00+00:00, run_after=2026-02-15 00:00:00+00:00
[2026-02-14T16:54:41.659+0000] {processor.py:183} INFO - Processing /opt/airflow/dags/product_pipeline_dag.py took 0.172 seconds
[2026-02-14T16:55:14.313+0000] {processor.py:161} INFO - Started process (PID=22470) to work on /opt/airflow/dags/product_pipeline_dag.py
[2026-02-14T16:55:14.316+0000] {processor.py:830} INFO - Processing file /opt/airflow/dags/product_pipeline_dag.py for tasks to queue
[2026-02-14T16:55:14.320+0000] {logging_mixin.py:188} INFO - [2026-02-14T16:55:14.319+0000] {dagbag.py:545} INFO - Filling up the DagBag from /opt/airflow/dags/product_pipeline_dag.py
[2026-02-14T16:55:14.372+0000] {processor.py:840} INFO - DAG(s) 'product_price_pipeline' retrieved from /opt/airflow/dags/product_pipeline_dag.py
[2026-02-14T16:55:14.432+0000] {logging_mixin.py:188} INFO - [2026-02-14T16:55:14.432+0000] {dag.py:3089} INFO - Sync 1 DAGs
[2026-02-14T16:55:14.462+0000] {logging_mixin.py:188} INFO - [2026-02-14T16:55:14.461+0000] {dag.py:3947} INFO - Setting next_dagrun for product_price_pipeline to 2026-02-14 00:00:00+00:00, run_after=2026-02-15 00:00:00+00:00
[2026-02-14T16:55:14.494+0000] {processor.py:183} INFO - Processing /opt/airflow/dags/product_pipeline_dag.py took 0.192 seconds
[2026-02-14T16:55:46.632+0000] {processor.py:161} INFO - Started process (PID=22499) to work on /opt/airflow/dags/product_pipeline_dag.py
[2026-02-14T16:55:46.634+0000] {processor.py:830} INFO - Processing file /opt/airflow/dags/product_pipeline_dag.py for tasks to queue
[2026-02-14T16:55:46.637+0000] {logging_mixin.py:188} INFO - [2026-02-14T16:55:46.636+0000] {dagbag.py:545} INFO - Filling up the DagBag from /opt/airflow/dags/product_pipeline_dag.py
[2026-02-14T16:55:46.673+0000] {processor.py:840} INFO - DAG(s) 'product_price_pipeline' retrieved from /opt/airflow/dags/product_pipeline_dag.py
[2026-02-14T16:55:46.720+0000] {logging_mixin.py:188} INFO - [2026-02-14T16:55:46.720+0000] {dag.py:3089} INFO - Sync 1 DAGs
[2026-02-14T16:55:46.758+0000] {logging_mixin.py:188} INFO - [2026-02-14T16:55:46.757+0000] {dag.py:3947} INFO - Setting next_dagrun for product_price_pipeline to 2026-02-14 00:00:00+00:00, run_after=2026-02-15 00:00:00+00:00
[2026-02-14T16:55:46.794+0000] {processor.py:183} INFO - Processing /opt/airflow/dags/product_pipeline_dag.py took 0.171 seconds
[2026-02-14T16:56:19.999+0000] {processor.py:161} INFO - Started process (PID=22528) to work on /opt/airflow/dags/product_pipeline_dag.py
[2026-02-14T16:56:20.003+0000] {processor.py:830} INFO - Processing file /opt/airflow/dags/product_pipeline_dag.py for tasks to queue
[2026-02-14T16:56:20.008+0000] {logging_mixin.py:188} INFO - [2026-02-14T16:56:20.007+0000] {dagbag.py:545} INFO - Filling up the DagBag from /opt/airflow/dags/product_pipeline_dag.py
[2026-02-14T16:56:20.084+0000] {processor.py:840} INFO - DAG(s) 'product_price_pipeline' retrieved from /opt/airflow/dags/product_pipeline_dag.py
[2026-02-14T16:56:20.164+0000] {logging_mixin.py:188} INFO - [2026-02-14T16:56:20.164+0000] {dag.py:3089} INFO - Sync 1 DAGs
[2026-02-14T16:56:20.219+0000] {logging_mixin.py:188} INFO - [2026-02-14T16:56:20.219+0000] {dag.py:3947} INFO - Setting next_dagrun for product_price_pipeline to 2026-02-14 00:00:00+00:00, run_after=2026-02-15 00:00:00+00:00
[2026-02-14T16:56:20.278+0000] {processor.py:183} INFO - Processing /opt/airflow/dags/product_pipeline_dag.py took 0.297 seconds
[2026-02-14T16:58:41.220+0000] {processor.py:161} INFO - Started process (PID=22557) to work on /opt/airflow/dags/product_pipeline_dag.py
[2026-02-14T16:58:41.224+0000] {processor.py:830} INFO - Processing file /opt/airflow/dags/product_pipeline_dag.py for tasks to queue
[2026-02-14T16:58:41.234+0000] {logging_mixin.py:188} INFO - [2026-02-14T16:58:41.232+0000] {dagbag.py:545} INFO - Filling up the DagBag from /opt/airflow/dags/product_pipeline_dag.py
[2026-02-14T16:58:41.348+0000] {processor.py:840} INFO - DAG(s) 'product_price_pipeline' retrieved from /opt/airflow/dags/product_pipeline_dag.py
[2026-02-14T16:58:41.548+0000] {logging_mixin.py:188} INFO - [2026-02-14T16:58:41.547+0000] {dag.py:3089} INFO - Sync 1 DAGs
[2026-02-14T16:58:41.682+0000] {logging_mixin.py:188} INFO - [2026-02-14T16:58:41.681+0000] {dag.py:3947} INFO - Setting next_dagrun for product_price_pipeline to 2026-02-14 00:00:00+00:00, run_after=2026-02-15 00:00:00+00:00
[2026-02-14T16:58:41.758+0000] {processor.py:183} INFO - Processing /opt/airflow/dags/product_pipeline_dag.py took 0.553 seconds
[2026-02-14T16:59:16.082+0000] {processor.py:161} INFO - Started process (PID=22586) to work on /opt/airflow/dags/product_pipeline_dag.py
[2026-02-14T16:59:16.092+0000] {processor.py:830} INFO - Processing file /opt/airflow/dags/product_pipeline_dag.py for tasks to queue
[2026-02-14T16:59:16.096+0000] {logging_mixin.py:188} INFO - [2026-02-14T16:59:16.095+0000] {dagbag.py:545} INFO - Filling up the DagBag from /opt/airflow/dags/product_pipeline_dag.py
[2026-02-14T16:59:16.160+0000] {processor.py:840} INFO - DAG(s) 'product_price_pipeline' retrieved from /opt/airflow/dags/product_pipeline_dag.py
[2026-02-14T16:59:16.263+0000] {logging_mixin.py:188} INFO - [2026-02-14T16:59:16.262+0000] {dag.py:3089} INFO - Sync 1 DAGs
[2026-02-14T16:59:16.320+0000] {logging_mixin.py:188} INFO - [2026-02-14T16:59:16.319+0000] {dag.py:3947} INFO - Setting next_dagrun for product_price_pipeline to 2026-02-14 00:00:00+00:00, run_after=2026-02-15 00:00:00+00:00
[2026-02-14T16:59:16.352+0000] {processor.py:183} INFO - Processing /opt/airflow/dags/product_pipeline_dag.py took 0.278 seconds
[2026-02-14T16:59:47.422+0000] {processor.py:161} INFO - Started process (PID=22614) to work on /opt/airflow/dags/product_pipeline_dag.py
[2026-02-14T16:59:47.424+0000] {processor.py:830} INFO - Processing file /opt/airflow/dags/product_pipeline_dag.py for tasks to queue
[2026-02-14T16:59:47.429+0000] {logging_mixin.py:188} INFO - [2026-02-14T16:59:47.429+0000] {dagbag.py:545} INFO - Filling up the DagBag from /opt/airflow/dags/product_pipeline_dag.py
[2026-02-14T16:59:47.530+0000] {processor.py:840} INFO - DAG(s) 'product_price_pipeline' retrieved from /opt/airflow/dags/product_pipeline_dag.py
[2026-02-14T16:59:47.665+0000] {logging_mixin.py:188} INFO - [2026-02-14T16:59:47.664+0000] {dag.py:3089} INFO - Sync 1 DAGs
[2026-02-14T16:59:47.777+0000] {logging_mixin.py:188} INFO - [2026-02-14T16:59:47.776+0000] {dag.py:3947} INFO - Setting next_dagrun for product_price_pipeline to 2026-02-14 00:00:00+00:00, run_after=2026-02-15 00:00:00+00:00
[2026-02-14T16:59:47.901+0000] {processor.py:183} INFO - Processing /opt/airflow/dags/product_pipeline_dag.py took 0.491 seconds
[2026-02-14T17:00:18.601+0000] {processor.py:161} INFO - Started process (PID=22638) to work on /opt/airflow/dags/product_pipeline_dag.py
[2026-02-14T17:00:18.604+0000] {processor.py:830} INFO - Processing file /opt/airflow/dags/product_pipeline_dag.py for tasks to queue
[2026-02-14T17:00:18.609+0000] {logging_mixin.py:188} INFO - [2026-02-14T17:00:18.608+0000] {dagbag.py:545} INFO - Filling up the DagBag from /opt/airflow/dags/product_pipeline_dag.py
[2026-02-14T17:00:18.679+0000] {processor.py:840} INFO - DAG(s) 'product_price_pipeline' retrieved from /opt/airflow/dags/product_pipeline_dag.py
[2026-02-14T17:00:18.781+0000] {logging_mixin.py:188} INFO - [2026-02-14T17:00:18.780+0000] {dag.py:3089} INFO - Sync 1 DAGs
[2026-02-14T17:00:18.831+0000] {logging_mixin.py:188} INFO - [2026-02-14T17:00:18.830+0000] {dag.py:3947} INFO - Setting next_dagrun for product_price_pipeline to 2026-02-14 00:00:00+00:00, run_after=2026-02-15 00:00:00+00:00
[2026-02-14T17:00:18.999+0000] {processor.py:183} INFO - Processing /opt/airflow/dags/product_pipeline_dag.py took 0.416 seconds
[2026-02-14T17:00:50.187+0000] {processor.py:161} INFO - Started process (PID=22667) to work on /opt/airflow/dags/product_pipeline_dag.py
[2026-02-14T17:00:50.189+0000] {processor.py:830} INFO - Processing file /opt/airflow/dags/product_pipeline_dag.py for tasks to queue
[2026-02-14T17:00:50.193+0000] {logging_mixin.py:188} INFO - [2026-02-14T17:00:50.192+0000] {dagbag.py:545} INFO - Filling up the DagBag from /opt/airflow/dags/product_pipeline_dag.py
[2026-02-14T17:00:50.248+0000] {processor.py:840} INFO - DAG(s) 'product_price_pipeline' retrieved from /opt/airflow/dags/product_pipeline_dag.py
[2026-02-14T17:00:50.305+0000] {logging_mixin.py:188} INFO - [2026-02-14T17:00:50.304+0000] {dag.py:3089} INFO - Sync 1 DAGs
[2026-02-14T17:00:50.357+0000] {logging_mixin.py:188} INFO - [2026-02-14T17:00:50.357+0000] {dag.py:3947} INFO - Setting next_dagrun for product_price_pipeline to 2026-02-14 00:00:00+00:00, run_after=2026-02-15 00:00:00+00:00
[2026-02-14T17:00:50.418+0000] {processor.py:183} INFO - Processing /opt/airflow/dags/product_pipeline_dag.py took 0.242 seconds
