scrape_date,scrape_timestamp,category,sku,title,brand,price,mrp,vsp,availability,product_url,image_url,categories,rating,review_count
2026-02-10,2026-02-10 15:07:48,television,231930,SANSUI 80 cm (32 inch) HD Ready LED TV | A+ Panel | 60 Hz Refresh Rate | HDMI & USB Ports | Slim Bezel-Less Design | Vibrant Colour & Clear Picture (JSY32NSHDF),Sansui,8990,17990,8990,Available,https://www.vijaysales.com/p/231930/sansui-led-jsy32nshdf,https://vsprod.vijaysales.com/media/catalog/product/2/3/231930-image.jpg,Electronics > Television and Entertainment > Televisions > HD,,
2026-02-10,2026-02-10 15:07:48,television,234496,SANSUI 80 cm (32 inch) HD Smart QLED TV | Coolita OS | Dolby Audio | Bezel-Less Design | A+ Display | HDMI & USB Ports | Screen Sharing (JSS32CSQLED),Sansui,10990,20990,10990,Available,https://www.vijaysales.com/p/234496/sansui-80-cm-32-inches-hd-smart-google-qled-tv-with-dolby-audio-jss32csqled,https://vsprod.vijaysales.com/media/catalog/product/2/3/234496_1_.jpg,Electronics > Television and Entertainment > Televisions > HD,,
2026-02-10,2026-02-10 15:07:48,television,242146,"LG 80cm (32 Inch) HD Smart TV - webOS, α5 Gen6 AI Processor with AI Brightness, HDR10 / HLG, AI Sound, Intelligent Voice Recognition, 32LR570B6LA",LG,13990,21240,13990,Available,https://www.vijaysales.com/p/242146/lg-80cm-32-inch-hd-smart-tv-webos-23-a5-gen6-ai-processor-with-ai-brightness-hdr10-hlg-ai-sound-intelligent-voice-recognition-32lr570b6la,https://vsprod.vijaysales.com/media/catalog/product/2/4/242146_1.jpg,Electronics > Television and Entertainment > Televisions > HD,,
2026-02-10,2026-02-10 15:07:48,television,239914,"Sony BRAVIA 2 139 cm (55 Inch) 4K Ultra HD LED Google TV - 4K Processor X1, HDR10/HLG, Dolby™ Atmos, Chromecast Built-In, K-55S25M2",Sony,62500,91900,62500,Available,https://www.vijaysales.com/p/P239913/239914/sony-bravia-2-139-cm-55-inch-4k-ultra-hd-led-google-tv-4k-processor-x1-hdr10-hlg-dolbytm-atmos-chromecast-built-in-k-55s25m2,https://vsprod.vijaysales.com/media/catalog/product/2/3/239914_1_.jpg,Electronics > Television and Entertainment > Televisions > 4K Ultra HD,,
2026-02-10,2026-02-10 15:07:48,television,238219,"Sansui 80 cm (32 Inch) HD LED Google TV - HDR 10/HLG, Google Voice Assistant, Dolby Audio, JSWG32GSHD",Sansui,10990,21490,10990,Unavailable,https://www.vijaysales.com/p/238219/sansui-80-cm-32-inch-hd-led-google-tv-hdr-10-hlg-google-voice-assistant-dolby-audio-jswg32gshd,https://vsprod.vijaysales.com/media/catalog/product/2/3/238219_2_.jpg,Electronics > Television and Entertainment > Televisions > HD,,
2026-02-10,2026-02-10 15:07:48,television,239913,"Sony BRAVIA 2 M2 108 cm (43 Inch) 4K Ultra HD LED Google TV - 4K Processor X1, HDR10/HLG, Dolbyâ„¢ Atmos, Chromecast Built-In, K-43S25M2",Sony,41790,63900,41790,Available,https://www.vijaysales.com/p/P239913/239913/sony-bravia-2-108-cm-43-inch-4k-ultra-hd-led-google-tv-4k-processor-x1-hdr10-hlg-dolbytm-atmos-chromecast-built-in-k-43s25m2,https://vsprod.vijaysales.com/media/catalog/product/2/3/239913_1_.jpg,Electronics > Television and Entertainment > Televisions > 4K Ultra HD,,
2026-02-10,2026-02-10 15:07:48,television,238220,SANSUI 109 cm (43 inch) Full HD Bezel-Less Smart LED TV | Dolby Audio & Surround Sound | A+ Panel | 60Hz Refresh Rate |(JSWG43CSFHD),Sansui,18490,34640,18490,Available,https://www.vijaysales.com/p/238220/sansui-108-cm-43-inch-fhd-led-smart-tv-hdr-screen-sharing-arc-coax-dolby-audio-jswg43csfhd,https://vsprod.vijaysales.com/media/catalog/product/7/1/71kgo5nrnrl._sl1500_.jpg,Electronics > Television and Entertainment > Televisions > Full HD,,
2026-02-10,2026-02-10 15:07:48,television,237494,"Sony BRAVIA 3 108 cm (43 Inch) 4K Ultra HD LED Google TV - HDR10/HLG, Dolby Vision, Dolby Atmos, 4K HDR Processor X1, K-43S30",Sony,60990,91900,60990,Available,https://www.vijaysales.com/p/P237494/237494/sony-bravia-3-108-cm-43-inch-4k-ultra-hd-led-google-tv-hdr10-hlg-dolby-vision-dolby-atmos-built-in-mic-k-43s30,https://vsprod.vijaysales.com/media/catalog/product/2/3/237494_1.jpg,Electronics > Television and Entertainment > Televisions > 4K Ultra HD,,
2026-02-10,2026-02-10 15:07:48,television,243549,SANSUI 165 cm (65 inch) 4K Ultra HD QLED Smart Google TV | HDR10+/HLG & Dolby Vision | MEMC with 120 Hz HSR | Dolby Atmos & Screen Sharing | Google Assistant | Bezel-Less LED Display (JSW65UG23Q),Sansui,54990,74690,54990,Available,https://www.vijaysales.com/p/243549/sansui-4k-qled-series-165cm-65-inch-4k-ultra-hd-qled-smart-google-tv-hdr10-hlg-dolby-vision-memc-dolby-atmos-screen-sharing-google-assistant-jsw65ug23q,https://vsprod.vijaysales.com/media/catalog/product/2/4/243549_1_.jpg,Electronics > Television and Entertainment > Televisions > 4K Ultra HD,,
2026-02-10,2026-02-10 15:07:48,television,231120,"Sony BRAVIA 3 139 cm (55 Inch)) 4K Ultra HD LED Google TV - HDR10/HLG, Dolby Vision, Dolby Atmos, 4K HDR Processor X1, K-55S30",Sony,72800,118900,72800,Available,https://www.vijaysales.com/p/P237494/231120/sony-ultra-hd-4k-tv-55-inch-139-cm-with-dolby-atmos-and-bass-reflex-speaker-k55s30-black,https://vsprod.vijaysales.com/media/catalog/product/2/3/231120-image.jpg,Electronics > Television and Entertainment > Televisions > 4K Ultra HD,,
2026-02-10,2026-02-10 15:07:48,television,243041,SANSUI 140 cm (55 inch) 4K Ultra HD QLED Smart Google TV | HDR10+/HLG & Dolby Vision | MEMC with 120 Hz HSR | Dolby Atmos & Screen Sharing | Google Assistant | Bezel-Less LED TV (JSW55UG23Q),Sansui,38490,58490,38490,Unavailable,https://www.vijaysales.com/p/243041/sansui-140cm-55-inch-4k-ultra-hd-qled-smart-google-tv-hdr10-hlg-dolby-vision-memc-dolby-atmos-screen-sharing-google-assistant-jsw55ug23q,https://vsprod.vijaysales.com/media/catalog/product/2/4/243041_1_.jpg,Electronics > Television and Entertainment > Televisions > 4K Ultra HD,,
2026-02-10,2026-02-10 15:07:48,television,244115,SANSUI 109 cm (43 inch) 4K Ultra HD QLED Smart Google TV | HDR10+/HLG & Dolby Vision | MEMC with 120 Hz HSR | Dolby Atmos & Screen Sharing | Google Assistant | Bezel-Less LED TV (JSW43UG23Q),Sansui,27990,43190,27990,Available,https://www.vijaysales.com/p/244115/sansui-4k-qled-series-109cm-43-inch-4k-ultra-hd-qled-smart-google-tv-hdr10-hlg-dolby-vision-memc-dolby-atmos-screen-sharing-google-assistant-jsw43ug23q,https://vsprod.vijaysales.com/media/catalog/product/2/4/244115_1_.jpg,Electronics > Television and Entertainment > Televisions > 4K Ultra HD,,
2026-02-10,2026-02-10 15:07:48,television,240940,"LG 139cm (55 Inch) 4K QNED MiniLED TV - webOS 25, α8 AI Processor 4K Gen2, Dolby Vision, Filmmaker Mode, Dolby Atmos, HGIG, ALLM, AI Sound, FreeSync(AMD), Google Cast, 55QNED8XA6A",LG,67990,110590,67990,Available,https://www.vijaysales.com/p/240940/lg-139cm-55-inch-4k-qned-miniled-tv-webos-25-a8-ai-processor-4k-gen2-dolby-vision-filmmaker-mode-dolby-atmos-hgig-allm-ai-sound-freesync-amd-google-cast-55qned8xa6a-2025,https://vsprod.vijaysales.com/media/catalog/product/2/4/240940_1_.jpg,Electronics > Television and Entertainment > Televisions > 4K Ultra HD,,
2026-02-10,2026-02-10 15:07:48,television,244965,"VISE by Vijay Sales 32 Inches (80 cm) HD QLED Google Smart TV - ALLM, MEMC, Google Assistant Built-in, Screen Cast, Chromecast, Dolby Audio, VS32QGA2B",Vise,11990,40000,11990,Available,https://www.vijaysales.com/p/244965/vise-by-vijay-sales-32-inches-80-cm-hd-qled-google-smart-tv-allm-memc-google-assistant-built-in-screen-cast-chromecast-dolby-audio-vs32qga2b,https://vsprod.vijaysales.com/media/catalog/product/2/4/244965n.jpg,Electronics > Television and Entertainment > Televisions > HD,,
2026-02-10,2026-02-10 15:07:48,television,239480,TCL S5K Series 108 cm (43 inch) Full HD QLED Smart Google TV | HDR10 & HLG | Dolby Audio | 60Hz Refresh Rate | Google Cast Built-in | Bezel-Less Design (43S5K),TCL,20990,41390,20990,Available,https://www.vijaysales.com/p/P239250/239480/tcl-s5k-series-108-cm-43-inch-fhd-qled-google-tv-hdr-10-hlg-dolby-audio-google-cast-43s5k,https://vsprod.vijaysales.com/media/catalog/product/2/3/239480_1.jpg,Electronics > Television and Entertainment > Televisions > Full HD,,
2026-02-10,2026-02-10 15:07:48,television,242131,"Sony BRAVIA 2M2 Series 108 cm (43 Inch) 4K Ultra HD LED Google TV - 4K Processor X1, HDR10/HLG, Dolby™ Atmos, ALLM, Chromecast Built-In, K-43S22BM2",Sony,37490,54900,37490,Available,https://www.vijaysales.com/p/P242131/242131/sony-bravia-2m2-series-108-cm-43-inch-4k-ultra-hd-led-google-tv-4k-processor-x1-hdr10-hlg-dolbytm-atmos-allm-chromecast-built-in-k-43s22bm2,https://vsprod.vijaysales.com/media/catalog/product/2/4/242131_1.jpg,Electronics > Television and Entertainment > Televisions > 4K Ultra HD,,
2026-02-10,2026-02-10 15:07:48,television,240055,"Sony BRAVIA 2 M2 Series 164 cm (65 Inch) 4K Ultra HD LED Google TV - 4K Processor X1, HDR10/HLG, Dolbyâ„¢ Atmos, Chromecast Built-In, K-65S25M2",Sony,81450,128900,81450,Available,https://www.vijaysales.com/p/240055/sony-bravia-2m2-series-164-cm-65-inch-4k-ultra-hd-led-google-tv-4k-processor-x1-hdr10-hlg-dolbytm-atmos-chromecast-built-in-k-65s25m2,https://vsprod.vijaysales.com/media/catalog/product/2/4/240055_1.jpg,Electronics > Television and Entertainment > Televisions > 4K Ultra HD,,
2026-02-10,2026-02-10 15:07:48,television,238476,"LG 80 cm (32 Inch) HD AI Smart WebOS23 LED TV - HDR10 Pro, ?5 Gen6 AI Processor, 2.0 Channel, AI Sound, 32LR605B6LC",LG,15490,20990,15490,Available,https://www.vijaysales.com/p/238476/lg-80-cm-32-inch-hd-ai-smart-webos-led-tv-hdr10-pro-a5-gen6-ai-processor-2-0-channel-ai-sound-32lr605b6lc,https://vsprod.vijaysales.com/media/catalog/product/2/3/238476_1_.jpg,Electronics > Television and Entertainment > Televisions > HD,,
2026-02-10,2026-02-10 15:07:48,television,239483,TCL P8K Series 139 cm (55 inch) 4K Ultra HD QLED Smart Google TV | Dolby Vision & HDR10/HLG | ONKYO 2.1 Hi-Fi System | Dolby Atmos | 60Hz Refresh Rate | Bezel-Less Design (55P8K),TCL,40990,98990,40990,Unavailable,https://www.vijaysales.com/p/P239483/239483/tcl-p8k-series-139cm-55-inch-4k-ultra-hd-qled-google-tv-onkyo-2-1-hi-fi-system-dolby-vision-hdr10-hlg-dolby-atmos-55p8k,https://vsprod.vijaysales.com/media/catalog/product/2/3/239483_1.jpg,Electronics > Television and Entertainment > Televisions > 4K Ultra HD,,
2026-02-10,2026-02-10 15:07:48,television,240201,"Sony BRAVIA 2 M2 Series 108 cm (43 Inch) 4K Ultra HD LED Google TV - 4K Processor X1, HDR10/HLG, Dolby™ Atmos, Chromecast Built-In, K-43S22M2",Sony,39290,54900,39290,Available,https://www.vijaysales.com/p/240201/sony-bravia-2m2-series-108-cm-43-inch-4k-ultra-hd-led-google-tv-4k-processor-x1-hdr10-hlg-dolbytm-atmos-chromecast-built-in-k-43s22m2,https://vsprod.vijaysales.com/media/catalog/product/2/4/240201_1.jpg,Electronics > Television and Entertainment > Televisions > 4K Ultra HD,,
2026-02-10,2026-02-10 15:07:48,television,239879,"LG 108 cm (43 Inch) 4K Ultra HD AI UA8350 Smart TV - webOS, α7 AI Processor 4K Gen8, HDR10 / HLG, ALLM, Intelligent Voice Recognition, Dolby Atmos, 43UA83506LA",LG,35990,48790,35990,Available,https://www.vijaysales.com/p/239879/lg-108-cm-43-inch-4k-ultra-hd-ai-ua75-smart-tv-webos-25-a7-ai-processor-4k-gen8-hdr10-hlg-allm-intelligent-voice-recognition-dolby-atmos-43ua83506la,https://vsprod.vijaysales.com/media/catalog/product/2/3/239879_1.jpg,Electronics > Television and Entertainment > Televisions > 4K Ultra HD,,
2026-02-10,2026-02-10 15:07:48,television,245150,SANSUI 80 cm (32 inch) HD QLED Smart Google TV | HDR10 & HLG | Noise Reduction & Inbuilt Soundbar | Dolby Audio | Screen Sharing & Google Assistant | Bezel-Less LED TV (JSS32GSQLED),Sansui,12490,22490,12490,Available,https://www.vijaysales.com/p/245150/sansui-80cm-32-inch-hd-qled-smart-google-tv-hdr10-hlg-noise-reduction-inbuilt-soundbar-google-assistant-screen-sharing-jss32gsqled,https://vsprod.vijaysales.com/media/catalog/product/j/s/jss32gsqled_1.jpg,Electronics > Television and Entertainment > Televisions > HD,,
2026-02-10,2026-02-10 15:07:48,television,246377,"LG UA8200 Series 139cm (55 Inch) 4K Ultra HD AI TV - webOS 25, α7 AI Processor 4K Gen8, HDR10 / HLG, ALLM, HGIG, AI Chatbot, Google Cast, α7 AI Sound Pro, Dolby Atmos, 55UA82006LA",LG,40490,66290,40490,Available,https://www.vijaysales.com/p/246377/lg-ua8200-series-139cm-55-inch-4k-ultra-hd-ai-tv-webos-25-a7-ai-processor-4k-gen8-hdr10-hlg-allm-hgig-ai-chatbot-google-cast-a7-ai-sound-pro-dolby-atmos-55ua82006la-2025,https://vsprod.vijaysales.com/media/catalog/product/2/4/246377_1_.jpg,Electronics > Television and Entertainment > Televisions > 4K Ultra HD,,
2026-02-10,2026-02-10 15:07:48,television,239484,TCL C6K Series 139 cm (55 inch) 4K Ultra HD Mini LED Smart Google TV | Dolby Vision IQ & HDR10 | ONKYO 2.1 Hi-Fi System | Dolby Atmos | 120Hz Refresh Rate | Bezel-Less Design (55C6K),TCL,49990,107990,49990,Available,https://www.vijaysales.com/p/P239484/239484/tcl-c6k-series-139-cm-55-inch-4k-ultra-hd-led-google-tv-dolby-vision-iq-hdr-10-onkyo-2-1-hi-fi-system-dolby-atmos-55c6k,https://vsprod.vijaysales.com/media/catalog/product/2/3/239484_1.jpg,Electronics > Television and Entertainment > Televisions > 4K Ultra HD,,
2026-02-10,2026-02-10 15:07:48,television,245014,"Xiaomi X Pro QLED Series 108cm (43 Inch) 4K Ultra HD Google TV - Dolby Vision, HDR 10+, Filmmaker Mode, Xiaomi Sound, 32GB Storage, Google Cast, Google Voice Assistant, L43MB-APIN",Xiaomi,28999,44999,28999,Available,https://www.vijaysales.com/p/P245014/245014/xiaomi-x-pro-qled-series-108cm-43-inch-4k-ultra-hd-google-tv-dolby-vision-hdr-10-filmmaker-mode-xiaomi-sound-32gb-storage-google-cast-google-voice-assistant-l43mb-apin-2025,https://vsprod.vijaysales.com/media/catalog/product/2/4/245014_2_.jpg,Electronics > Television and Entertainment > Televisions > 4K Ultra HD,,
2026-02-10,2026-02-10 15:07:48,television,240928,"LG NanoCell AI (NANO83) 108cm (43 Inch) 4K Ultra HD Smart TV - webOS 25, α7 AI Processor 4K Gen8, HDR10/HLG, ALLM, HGIG, Intelligent Voice Recognition, Dolby Atmos, 43NANO83A6A",LG,35790,56190,35790,Unavailable,https://www.vijaysales.com/p/240928/lg-nanocell-ai-nano83-108cm-43-inch-4k-ultra-hd-smart-tv-webos-25-a7-ai-processor-4k-gen8-hdr10-hlg-allm-hgig-intelligent-voice-recognition-dolby-atmos-43nano83a6a-2025,https://vsprod.vijaysales.com/media/catalog/product/2/4/240928_1.jpg,Electronics > Television and Entertainment > Televisions > 4K Ultra HD,,
2026-02-10,2026-02-10 15:07:48,television,231548,Sansui 140 cm 55 inch 4K Ultra HD Smart Google TV | HDR10 & HLG | Dolby Audio & DTS Studio Sound | A+ IPS Panel | Screen Sharing & Google Assistant | Bezel-Less LED TV (JSWG55GSUHD),Sansui,31990,52890,31990,Unavailable,https://www.vijaysales.com/p/231548/sansui-140cm-55-inches-4k-ultra-hd-smart-google-led-tv-jswg55gsuhd,https://vsprod.vijaysales.com/media/catalog/product/2/3/231548-image.jpg,Electronics > Television and Entertainment > Televisions > 4K Ultra HD,,
2026-02-10,2026-02-10 15:07:48,television,240939,"LG 164cm (65 Inch) 4K QNED MiniLED TV - webOS 25, α8 AI Processor 4K Gen2, Dolby Vision, Filmmaker Mode, Dolby Atmos, HGIG, ALLM, AI Sound, FreeSync(AMD), Google Cast, 65QNED8XA6A",LG,102990,156690,102990,Available,https://www.vijaysales.com/p/P240939/240939/lg-164cm-65-inch-4k-qned-miniled-tv-webos-25-a8-ai-processor-4k-gen2-dolby-vision-filmmaker-mode-dolby-atmos-hgig-allm-ai-sound-freesync-amd-google-cast-65qned8xa6a-2025,https://vsprod.vijaysales.com/media/catalog/product/2/4/240938_1.jpg,Electronics > Television and Entertainment > Televisions > 4K Ultra HD,,
2026-02-10,2026-02-10 15:07:48,television,246496,SANSUI 140 cm (55 inch) 4K Ultra HD Smart Google TV 5.0 | MEMC & HSR 120Hz | HDR10 & HLG | Dolby Audio & Screen Sharing | Google Assistant | Bezel-Less LED TV (JSW55UG23),Sansui,36490,54990,36490,Unavailable,https://www.vijaysales.com/p/246496/sansui-140cm-55-inch-4k-ultra-hd-led-smart-google-tv-hdr10-hlg-memc-dolby-audio-screen-sharing-google-assistant-jsw55ug23,https://vsprod.vijaysales.com/media/catalog/product/2/4/246496_1_.jpg,Electronics > Television and Entertainment > Televisions > 4K Ultra HD,,
2026-02-10,2026-02-10 15:07:48,television,239644,TCL P7K Series 108 cm (43 inch) 4K Ultra HD QLED Smart Google TV | Dolby Vision & HDR10 | Dolby Atmos | 60Hz Refresh Rate | Google Assistant Built-in | Bezel-Less Design (43P7K),TCL,27990,49490,27990,Available,https://www.vijaysales.com/p/239644/tcl-p7k-series-108-cm-43-inch-4k-ultra-hd-qled-google-tv-hdr10-dolby-vision-google-assistant-built-in-dolby-atmos-43p7k,https://vsprod.vijaysales.com/media/catalog/product/2/3/239644_1.jpg,Electronics > Television and Entertainment > Televisions > 4K Ultra HD,,
2026-02-10,2026-02-10 15:07:48,television,231930,SANSUI 80 cm (32 inch) HD Ready LED TV | A+ Panel | 60 Hz Refresh Rate | HDMI & USB Ports | Slim Bezel-Less Design | Vibrant Colour & Clear Picture (JSY32NSHDF),Sansui,8990,17990,8990,Available,https://www.vijaysales.com/p/231930/sansui-led-jsy32nshdf,https://vsprod.vijaysales.com/media/catalog/product/2/3/231930-image.jpg,Electronics > Television and Entertainment > Televisions > HD,,
2026-02-10,2026-02-10 15:07:48,television,234496,SANSUI 80 cm (32 inch) HD Smart QLED TV | Coolita OS | Dolby Audio | Bezel-Less Design | A+ Display | HDMI & USB Ports | Screen Sharing (JSS32CSQLED),Sansui,10990,20990,10990,Available,https://www.vijaysales.com/p/234496/sansui-80-cm-32-inches-hd-smart-google-qled-tv-with-dolby-audio-jss32csqled,https://vsprod.vijaysales.com/media/catalog/product/2/3/234496_1_.jpg,Electronics > Television and Entertainment > Televisions > HD,,
2026-02-10,2026-02-10 15:07:48,television,242146,"LG 80cm (32 Inch) HD Smart TV - webOS, α5 Gen6 AI Processor with AI Brightness, HDR10 / HLG, AI Sound, Intelligent Voice Recognition, 32LR570B6LA",LG,13990,21240,13990,Available,https://www.vijaysales.com/p/242146/lg-80cm-32-inch-hd-smart-tv-webos-23-a5-gen6-ai-processor-with-ai-brightness-hdr10-hlg-ai-sound-intelligent-voice-recognition-32lr570b6la,https://vsprod.vijaysales.com/media/catalog/product/2/4/242146_1.jpg,Electronics > Television and Entertainment > Televisions > HD,,
2026-02-10,2026-02-10 15:07:48,television,239914,"Sony BRAVIA 2 139 cm (55 Inch) 4K Ultra HD LED Google TV - 4K Processor X1, HDR10/HLG, Dolby™ Atmos, Chromecast Built-In, K-55S25M2",Sony,62500,91900,62500,Available,https://www.vijaysales.com/p/P239913/239914/sony-bravia-2-139-cm-55-inch-4k-ultra-hd-led-google-tv-4k-processor-x1-hdr10-hlg-dolbytm-atmos-chromecast-built-in-k-55s25m2,https://vsprod.vijaysales.com/media/catalog/product/2/3/239914_1_.jpg,Electronics > Television and Entertainment > Televisions > 4K Ultra HD,,
2026-02-10,2026-02-10 15:07:48,television,238219,"Sansui 80 cm (32 Inch) HD LED Google TV - HDR 10/HLG, Google Voice Assistant, Dolby Audio, JSWG32GSHD",Sansui,10990,21490,10990,Unavailable,https://www.vijaysales.com/p/238219/sansui-80-cm-32-inch-hd-led-google-tv-hdr-10-hlg-google-voice-assistant-dolby-audio-jswg32gshd,https://vsprod.vijaysales.com/media/catalog/product/2/3/238219_2_.jpg,Electronics > Television and Entertainment > Televisions > HD,,
2026-02-10,2026-02-10 15:07:48,television,239913,"Sony BRAVIA 2 M2 108 cm (43 Inch) 4K Ultra HD LED Google TV - 4K Processor X1, HDR10/HLG, Dolbyâ„¢ Atmos, Chromecast Built-In, K-43S25M2",Sony,41790,63900,41790,Available,https://www.vijaysales.com/p/P239913/239913/sony-bravia-2-108-cm-43-inch-4k-ultra-hd-led-google-tv-4k-processor-x1-hdr10-hlg-dolbytm-atmos-chromecast-built-in-k-43s25m2,https://vsprod.vijaysales.com/media/catalog/product/2/3/239913_1_.jpg,Electronics > Television and Entertainment > Televisions > 4K Ultra HD,,
2026-02-10,2026-02-10 15:07:48,television,238220,SANSUI 109 cm (43 inch) Full HD Bezel-Less Smart LED TV | Dolby Audio & Surround Sound | A+ Panel | 60Hz Refresh Rate |(JSWG43CSFHD),Sansui,18490,34640,18490,Available,https://www.vijaysales.com/p/238220/sansui-108-cm-43-inch-fhd-led-smart-tv-hdr-screen-sharing-arc-coax-dolby-audio-jswg43csfhd,https://vsprod.vijaysales.com/media/catalog/product/7/1/71kgo5nrnrl._sl1500_.jpg,Electronics > Television and Entertainment > Televisions > Full HD,,
2026-02-10,2026-02-10 15:07:48,television,237494,"Sony BRAVIA 3 108 cm (43 Inch) 4K Ultra HD LED Google TV - HDR10/HLG, Dolby Vision, Dolby Atmos, 4K HDR Processor X1, K-43S30",Sony,60990,91900,60990,Available,https://www.vijaysales.com/p/P237494/237494/sony-bravia-3-108-cm-43-inch-4k-ultra-hd-led-google-tv-hdr10-hlg-dolby-vision-dolby-atmos-built-in-mic-k-43s30,https://vsprod.vijaysales.com/media/catalog/product/2/3/237494_1.jpg,Electronics > Television and Entertainment > Televisions > 4K Ultra HD,,
2026-02-10,2026-02-10 15:07:48,television,243549,SANSUI 165 cm (65 inch) 4K Ultra HD QLED Smart Google TV | HDR10+/HLG & Dolby Vision | MEMC with 120 Hz HSR | Dolby Atmos & Screen Sharing | Google Assistant | Bezel-Less LED Display (JSW65UG23Q),Sansui,54990,74690,54990,Available,https://www.vijaysales.com/p/243549/sansui-4k-qled-series-165cm-65-inch-4k-ultra-hd-qled-smart-google-tv-hdr10-hlg-dolby-vision-memc-dolby-atmos-screen-sharing-google-assistant-jsw65ug23q,https://vsprod.vijaysales.com/media/catalog/product/2/4/243549_1_.jpg,Electronics > Television and Entertainment > Televisions > 4K Ultra HD,,
2026-02-10,2026-02-10 15:07:48,television,231120,"Sony BRAVIA 3 139 cm (55 Inch)) 4K Ultra HD LED Google TV - HDR10/HLG, Dolby Vision, Dolby Atmos, 4K HDR Processor X1, K-55S30",Sony,72800,118900,72800,Available,https://www.vijaysales.com/p/P237494/231120/sony-ultra-hd-4k-tv-55-inch-139-cm-with-dolby-atmos-and-bass-reflex-speaker-k55s30-black,https://vsprod.vijaysales.com/media/catalog/product/2/3/231120-image.jpg,Electronics > Television and Entertainment > Televisions > 4K Ultra HD,,
2026-02-10,2026-02-10 15:07:48,television,243041,SANSUI 140 cm (55 inch) 4K Ultra HD QLED Smart Google TV | HDR10+/HLG & Dolby Vision | MEMC with 120 Hz HSR | Dolby Atmos & Screen Sharing | Google Assistant | Bezel-Less LED TV (JSW55UG23Q),Sansui,38490,58490,38490,Unavailable,https://www.vijaysales.com/p/243041/sansui-140cm-55-inch-4k-ultra-hd-qled-smart-google-tv-hdr10-hlg-dolby-vision-memc-dolby-atmos-screen-sharing-google-assistant-jsw55ug23q,https://vsprod.vijaysales.com/media/catalog/product/2/4/243041_1_.jpg,Electronics > Television and Entertainment > Televisions > 4K Ultra HD,,
2026-02-10,2026-02-10 15:07:48,television,244115,SANSUI 109 cm (43 inch) 4K Ultra HD QLED Smart Google TV | HDR10+/HLG & Dolby Vision | MEMC with 120 Hz HSR | Dolby Atmos & Screen Sharing | Google Assistant | Bezel-Less LED TV (JSW43UG23Q),Sansui,27990,43190,27990,Available,https://www.vijaysales.com/p/244115/sansui-4k-qled-series-109cm-43-inch-4k-ultra-hd-qled-smart-google-tv-hdr10-hlg-dolby-vision-memc-dolby-atmos-screen-sharing-google-assistant-jsw43ug23q,https://vsprod.vijaysales.com/media/catalog/product/2/4/244115_1_.jpg,Electronics > Television and Entertainment > Televisions > 4K Ultra HD,,
2026-02-10,2026-02-10 15:07:48,television,240940,"LG 139cm (55 Inch) 4K QNED MiniLED TV - webOS 25, α8 AI Processor 4K Gen2, Dolby Vision, Filmmaker Mode, Dolby Atmos, HGIG, ALLM, AI Sound, FreeSync(AMD), Google Cast, 55QNED8XA6A",LG,67990,110590,67990,Available,https://www.vijaysales.com/p/240940/lg-139cm-55-inch-4k-qned-miniled-tv-webos-25-a8-ai-processor-4k-gen2-dolby-vision-filmmaker-mode-dolby-atmos-hgig-allm-ai-sound-freesync-amd-google-cast-55qned8xa6a-2025,https://vsprod.vijaysales.com/media/catalog/product/2/4/240940_1_.jpg,Electronics > Television and Entertainment > Televisions > 4K Ultra HD,,
2026-02-10,2026-02-10 15:07:48,television,244965,"VISE by Vijay Sales 32 Inches (80 cm) HD QLED Google Smart TV - ALLM, MEMC, Google Assistant Built-in, Screen Cast, Chromecast, Dolby Audio, VS32QGA2B",Vise,11990,40000,11990,Available,https://www.vijaysales.com/p/244965/vise-by-vijay-sales-32-inches-80-cm-hd-qled-google-smart-tv-allm-memc-google-assistant-built-in-screen-cast-chromecast-dolby-audio-vs32qga2b,https://vsprod.vijaysales.com/media/catalog/product/2/4/244965n.jpg,Electronics > Television and Entertainment > Televisions > HD,,
2026-02-10,2026-02-10 15:07:48,television,239480,TCL S5K Series 108 cm (43 inch) Full HD QLED Smart Google TV | HDR10 & HLG | Dolby Audio | 60Hz Refresh Rate | Google Cast Built-in | Bezel-Less Design (43S5K),TCL,20990,41390,20990,Available,https://www.vijaysales.com/p/P239250/239480/tcl-s5k-series-108-cm-43-inch-fhd-qled-google-tv-hdr-10-hlg-dolby-audio-google-cast-43s5k,https://vsprod.vijaysales.com/media/catalog/product/2/3/239480_1.jpg,Electronics > Television and Entertainment > Televisions > Full HD,,
2026-02-10,2026-02-10 15:07:48,television,242131,"Sony BRAVIA 2M2 Series 108 cm (43 Inch) 4K Ultra HD LED Google TV - 4K Processor X1, HDR10/HLG, Dolby™ Atmos, ALLM, Chromecast Built-In, K-43S22BM2",Sony,37490,54900,37490,Available,https://www.vijaysales.com/p/P242131/242131/sony-bravia-2m2-series-108-cm-43-inch-4k-ultra-hd-led-google-tv-4k-processor-x1-hdr10-hlg-dolbytm-atmos-allm-chromecast-built-in-k-43s22bm2,https://vsprod.vijaysales.com/media/catalog/product/2/4/242131_1.jpg,Electronics > Television and Entertainment > Televisions > 4K Ultra HD,,
2026-02-10,2026-02-10 15:07:48,television,240055,"Sony BRAVIA 2 M2 Series 164 cm (65 Inch) 4K Ultra HD LED Google TV - 4K Processor X1, HDR10/HLG, Dolbyâ„¢ Atmos, Chromecast Built-In, K-65S25M2",Sony,81450,128900,81450,Available,https://www.vijaysales.com/p/240055/sony-bravia-2m2-series-164-cm-65-inch-4k-ultra-hd-led-google-tv-4k-processor-x1-hdr10-hlg-dolbytm-atmos-chromecast-built-in-k-65s25m2,https://vsprod.vijaysales.com/media/catalog/product/2/4/240055_1.jpg,Electronics > Television and Entertainment > Televisions > 4K Ultra HD,,
2026-02-10,2026-02-10 15:07:48,television,238476,"LG 80 cm (32 Inch) HD AI Smart WebOS23 LED TV - HDR10 Pro, ?5 Gen6 AI Processor, 2.0 Channel, AI Sound, 32LR605B6LC",LG,15490,20990,15490,Available,https://www.vijaysales.com/p/238476/lg-80-cm-32-inch-hd-ai-smart-webos-led-tv-hdr10-pro-a5-gen6-ai-processor-2-0-channel-ai-sound-32lr605b6lc,https://vsprod.vijaysales.com/media/catalog/product/2/3/238476_1_.jpg,Electronics > Television and Entertainment > Televisions > HD,,
2026-02-10,2026-02-10 15:07:48,television,239483,TCL P8K Series 139 cm (55 inch) 4K Ultra HD QLED Smart Google TV | Dolby Vision & HDR10/HLG | ONKYO 2.1 Hi-Fi System | Dolby Atmos | 60Hz Refresh Rate | Bezel-Less Design (55P8K),TCL,40990,98990,40990,Unavailable,https://www.vijaysales.com/p/P239483/239483/tcl-p8k-series-139cm-55-inch-4k-ultra-hd-qled-google-tv-onkyo-2-1-hi-fi-system-dolby-vision-hdr10-hlg-dolby-atmos-55p8k,https://vsprod.vijaysales.com/media/catalog/product/2/3/239483_1.jpg,Electronics > Television and Entertainment > Televisions > 4K Ultra HD,,
2026-02-10,2026-02-10 15:07:48,television,240201,"Sony BRAVIA 2 M2 Series 108 cm (43 Inch) 4K Ultra HD LED Google TV - 4K Processor X1, HDR10/HLG, Dolby™ Atmos, Chromecast Built-In, K-43S22M2",Sony,39290,54900,39290,Available,https://www.vijaysales.com/p/240201/sony-bravia-2m2-series-108-cm-43-inch-4k-ultra-hd-led-google-tv-4k-processor-x1-hdr10-hlg-dolbytm-atmos-chromecast-built-in-k-43s22m2,https://vsprod.vijaysales.com/media/catalog/product/2/4/240201_1.jpg,Electronics > Television and Entertainment > Televisions > 4K Ultra HD,,
2026-02-10,2026-02-10 15:07:48,television,239879,"LG 108 cm (43 Inch) 4K Ultra HD AI UA8350 Smart TV - webOS, α7 AI Processor 4K Gen8, HDR10 / HLG, ALLM, Intelligent Voice Recognition, Dolby Atmos, 43UA83506LA",LG,35990,48790,35990,Available,https://www.vijaysales.com/p/239879/lg-108-cm-43-inch-4k-ultra-hd-ai-ua75-smart-tv-webos-25-a7-ai-processor-4k-gen8-hdr10-hlg-allm-intelligent-voice-recognition-dolby-atmos-43ua83506la,https://vsprod.vijaysales.com/media/catalog/product/2/3/239879_1.jpg,Electronics > Television and Entertainment > Televisions > 4K Ultra HD,,
2026-02-10,2026-02-10 15:07:48,television,245150,SANSUI 80 cm (32 inch) HD QLED Smart Google TV | HDR10 & HLG | Noise Reduction & Inbuilt Soundbar | Dolby Audio | Screen Sharing & Google Assistant | Bezel-Less LED TV (JSS32GSQLED),Sansui,12490,22490,12490,Available,https://www.vijaysales.com/p/245150/sansui-80cm-32-inch-hd-qled-smart-google-tv-hdr10-hlg-noise-reduction-inbuilt-soundbar-google-assistant-screen-sharing-jss32gsqled,https://vsprod.vijaysales.com/media/catalog/product/j/s/jss32gsqled_1.jpg,Electronics > Television and Entertainment > Televisions > HD,,
2026-02-10,2026-02-10 15:07:48,television,246377,"LG UA8200 Series 139cm (55 Inch) 4K Ultra HD AI TV - webOS 25, α7 AI Processor 4K Gen8, HDR10 / HLG, ALLM, HGIG, AI Chatbot, Google Cast, α7 AI Sound Pro, Dolby Atmos, 55UA82006LA",LG,40490,66290,40490,Available,https://www.vijaysales.com/p/246377/lg-ua8200-series-139cm-55-inch-4k-ultra-hd-ai-tv-webos-25-a7-ai-processor-4k-gen8-hdr10-hlg-allm-hgig-ai-chatbot-google-cast-a7-ai-sound-pro-dolby-atmos-55ua82006la-2025,https://vsprod.vijaysales.com/media/catalog/product/2/4/246377_1_.jpg,Electronics > Television and Entertainment > Televisions > 4K Ultra HD,,
2026-02-10,2026-02-10 15:07:48,television,239484,TCL C6K Series 139 cm (55 inch) 4K Ultra HD Mini LED Smart Google TV | Dolby Vision IQ & HDR10 | ONKYO 2.1 Hi-Fi System | Dolby Atmos | 120Hz Refresh Rate | Bezel-Less Design (55C6K),TCL,49990,107990,49990,Available,https://www.vijaysales.com/p/P239484/239484/tcl-c6k-series-139-cm-55-inch-4k-ultra-hd-led-google-tv-dolby-vision-iq-hdr-10-onkyo-2-1-hi-fi-system-dolby-atmos-55c6k,https://vsprod.vijaysales.com/media/catalog/product/2/3/239484_1.jpg,Electronics > Television and Entertainment > Televisions > 4K Ultra HD,,
2026-02-10,2026-02-10 15:07:48,television,245014,"Xiaomi X Pro QLED Series 108cm (43 Inch) 4K Ultra HD Google TV - Dolby Vision, HDR 10+, Filmmaker Mode, Xiaomi Sound, 32GB Storage, Google Cast, Google Voice Assistant, L43MB-APIN",Xiaomi,28999,44999,28999,Available,https://www.vijaysales.com/p/P245014/245014/xiaomi-x-pro-qled-series-108cm-43-inch-4k-ultra-hd-google-tv-dolby-vision-hdr-10-filmmaker-mode-xiaomi-sound-32gb-storage-google-cast-google-voice-assistant-l43mb-apin-2025,https://vsprod.vijaysales.com/media/catalog/product/2/4/245014_2_.jpg,Electronics > Television and Entertainment > Televisions > 4K Ultra HD,,
2026-02-10,2026-02-10 15:07:48,television,240928,"LG NanoCell AI (NANO83) 108cm (43 Inch) 4K Ultra HD Smart TV - webOS 25, α7 AI Processor 4K Gen8, HDR10/HLG, ALLM, HGIG, Intelligent Voice Recognition, Dolby Atmos, 43NANO83A6A",LG,35790,56190,35790,Unavailable,https://www.vijaysales.com/p/240928/lg-nanocell-ai-nano83-108cm-43-inch-4k-ultra-hd-smart-tv-webos-25-a7-ai-processor-4k-gen8-hdr10-hlg-allm-hgig-intelligent-voice-recognition-dolby-atmos-43nano83a6a-2025,https://vsprod.vijaysales.com/media/catalog/product/2/4/240928_1.jpg,Electronics > Television and Entertainment > Televisions > 4K Ultra HD,,
2026-02-10,2026-02-10 15:07:48,television,231548,Sansui 140 cm 55 inch 4K Ultra HD Smart Google TV | HDR10 & HLG | Dolby Audio & DTS Studio Sound | A+ IPS Panel | Screen Sharing & Google Assistant | Bezel-Less LED TV (JSWG55GSUHD),Sansui,31990,52890,31990,Unavailable,https://www.vijaysales.com/p/231548/sansui-140cm-55-inches-4k-ultra-hd-smart-google-led-tv-jswg55gsuhd,https://vsprod.vijaysales.com/media/catalog/product/2/3/231548-image.jpg,Electronics > Television and Entertainment > Televisions > 4K Ultra HD,,
2026-02-10,2026-02-10 15:07:48,television,240939,"LG 164cm (65 Inch) 4K QNED MiniLED TV - webOS 25, α8 AI Processor 4K Gen2, Dolby Vision, Filmmaker Mode, Dolby Atmos, HGIG, ALLM, AI Sound, FreeSync(AMD), Google Cast, 65QNED8XA6A",LG,102990,156690,102990,Available,https://www.vijaysales.com/p/P240939/240939/lg-164cm-65-inch-4k-qned-miniled-tv-webos-25-a8-ai-processor-4k-gen2-dolby-vision-filmmaker-mode-dolby-atmos-hgig-allm-ai-sound-freesync-amd-google-cast-65qned8xa6a-2025,https://vsprod.vijaysales.com/media/catalog/product/2/4/240938_1.jpg,Electronics > Television and Entertainment > Televisions > 4K Ultra HD,,
2026-02-10,2026-02-10 15:07:48,television,246496,SANSUI 140 cm (55 inch) 4K Ultra HD Smart Google TV 5.0 | MEMC & HSR 120Hz | HDR10 & HLG | Dolby Audio & Screen Sharing | Google Assistant | Bezel-Less LED TV (JSW55UG23),Sansui,36490,54990,36490,Unavailable,https://www.vijaysales.com/p/246496/sansui-140cm-55-inch-4k-ultra-hd-led-smart-google-tv-hdr10-hlg-memc-dolby-audio-screen-sharing-google-assistant-jsw55ug23,https://vsprod.vijaysales.com/media/catalog/product/2/4/246496_1_.jpg,Electronics > Television and Entertainment > Televisions > 4K Ultra HD,,
2026-02-10,2026-02-10 15:07:48,television,239644,TCL P7K Series 108 cm (43 inch) 4K Ultra HD QLED Smart Google TV | Dolby Vision & HDR10 | Dolby Atmos | 60Hz Refresh Rate | Google Assistant Built-in | Bezel-Less Design (43P7K),TCL,27990,49490,27990,Available,https://www.vijaysales.com/p/239644/tcl-p7k-series-108-cm-43-inch-4k-ultra-hd-qled-google-tv-hdr10-dolby-vision-google-assistant-built-in-dolby-atmos-43p7k,https://vsprod.vijaysales.com/media/catalog/product/2/3/239644_1.jpg,Electronics > Television and Entertainment > Televisions > 4K Ultra HD,,
2026-02-10,2026-02-10 15:07:48,television,231161,"Sony BRAVIA 3 166 cm (65 Inch)) 4K Ultra HD LED Google TV - HDR10/HLG, Dolby Vision, Dolby Atmos, 4K HDR Processor X1, K-65S30",Sony,93290,151900,93290,Available,https://www.vijaysales.com/p/P237494/231161/sony-ultra-hd-4k-tv-65-inch-166-cm-with-dolby-vision-hdr-and-dolby-atmos-k65s30-black,https://vsprod.vijaysales.com/media/catalog/product/2/3/231161n_1_.jpg,Electronics > Television and Entertainment > Televisions > 4K Ultra HD,,
2026-02-10,2026-02-10 15:07:48,television,243616,TCL 80 cm (32 inch) Full HD QLED Smart Google TV | HDR10 | Dolby Audio | Chromecast Built-in | Voice Remote | 60Hz Refresh Rate | Bezel-Less Design (32V5C),TCL,13490,22990,13990,Available,https://www.vijaysales.com/p/243616/tcl-80-cm-32-inches-full-hd-qled-smart-google-tv-with-hdr10-dolby-audio-chromecast-built-in-voice-remote-32v5c,https://vsprod.vijaysales.com/media/catalog/product/2/4/243616_9_.jpg,Electronics > Television and Entertainment > Televisions > 4K Ultra HD,,
2026-02-10,2026-02-10 15:07:48,television,240926,"LG 139cm (55 Inch) 4K Ultra HD AI TV - webOS 25, α7 AI Processor 4K Gen8, HDR10 / HLG, ALLM, HGIG, AI Chatbot, Google Cast, α7 AI Sound Pro, Dolby Atmos, 55UA83506LA",LG,46990,72790,46990,Available,https://www.vijaysales.com/p/P240925/240926/lg-139cm-55-inch-4k-ultra-hd-ai-tv-webos-25-a7-ai-processor-4k-gen8-hdr10-hlg-allm-hgig-ai-chatbot-google-cast-a7-ai-sound-pro-dolby-atmos-55ua83506la-2025,https://vsprod.vijaysales.com/media/catalog/product/2/4/240925_1_1.jpg,Electronics > Television and Entertainment > Televisions > 4K Ultra HD,,
2026-02-10,2026-02-10 15:07:48,television,219966,SANSUI 127 cm (50 inch) 4K Ultra HD Smart Google TV | HDR10 & Dolby Audio | DTS Studio Sound | Google Assistant & Chromecast | Bezel-Less LED TV (JSW50GSUHD),Sansui,29990,46790,29990,Available,https://www.vijaysales.com/p/219966/sansui-50-inch-127-cm-4k-ultra-hd-smart-led-tv-with-dolby-and-dts-audio-google-tv-google-assistant-jsw50gsuhd-2023-model-edition,https://vsprod.vijaysales.com/media/catalog/product/2/1/219966_1.jpg,Electronics > Television and Entertainment > Televisions > 4K Ultra HD,,
2026-02-10,2026-02-10 15:07:48,television,240925,"LG 128cm (50 Inch) 4K Ultra HD AI TV - webOS 25, α7 AI Processor 4K Gen8, HDR10 / HLG, ALLM, HGIG, AI Chatbot, Google Cast, α7 AI Sound Pro, Dolby Atmos, 50UA83506LA",LG,40990,62690,40990,Available,https://www.vijaysales.com/p/P240925/240925/lg-126cm-50-inch-4k-ultra-hd-ai-tv-webos-25-a7-ai-processor-4k-gen8-hdr10-hlg-allm-hgig-ai-chatbot-google-cast-a7-ai-sound-pro-dolby-atmos-50ua83506la-2025,https://vsprod.vijaysales.com/media/catalog/product/2/4/240925_1.jpg,Electronics > Television and Entertainment > Televisions > 4K Ultra HD,,
2026-02-10,2026-02-10 15:07:48,television,245015,"Xiaomi X Pro QLED Series 138cm (55 inch) 4K Ultra HD Google TV - Dolby Vision, HDR 10+, Filmmaker Mode, Xiaomi Sound, 32GB Storage, Google Cast, Google Voice Assistant, L55MB-APIN",Xiaomi,39999,62999,39999,Available,https://www.vijaysales.com/p/P245014/245015/xiaomi-x-pro-qled-series-138cm-55-inch-4k-ultra-hd-google-tv-dolby-vision-hdr-10-filmmaker-mode-xiaomi-sound-32gb-storage-google-cast-google-voice-assistant-l55mb-apin-2025,https://vsprod.vijaysales.com/media/catalog/product/2/4/245015_24_.jpg,Electronics > Television and Entertainment > Televisions > 4K Ultra HD,,
2026-02-10,2026-02-10 15:07:48,television,206980,SANSUI 165 cm (65 inch) 4K Ultra HD QLED Smart Google TV | HDR10+/HLG & Dolby Vision | MEMC Motion | Dolby Atmos & Box Speakers | Screen Sharing & Google Assistant | Bezel-Less LED TV (JSW65GSQLED),Sansui,54990,71990,54990,Available,https://www.vijaysales.com/p/P234913/206980/sansui-ultra-hd-4k-smart-qled-65-inch-165cm-jsw65gsqled-2022-model-edition,https://vsprod.vijaysales.com/media/catalog/product/2/0/206980_1.jpg,Electronics > Television and Entertainment > Televisions > 4K Ultra HD,,
2026-02-10,2026-02-10 15:07:48,television,243040,SANSUI 127 cm (50 inch) 4K Ultra HD QLED Smart Google TV | HDR10+/HLG & Dolby Vision | MEMC & HSR 120Hz | Dolby Atmos & Screen Sharing | Google Assistant | Bezel-Less LED TV (JSW50UG23Q),Sansui,31990,51290,31990,Available,https://www.vijaysales.com/p/243040/sansui-4k-qled-series-127cm-50-inch-4k-ultra-hd-qled-smart-google-tv-hdr10-hlg-dolby-vision-memc-dolby-atmos-screen-sharing-google-assistant-jsw50ug23q,https://vsprod.vijaysales.com/media/catalog/product/2/4/243040_1_.jpg,Electronics > Television and Entertainment > Televisions > 4K Ultra HD,,
2026-02-10,2026-02-10 15:07:48,television,243617,TCL 80 cm (32 inch) HD Ready QLED Smart Google TV | HDR10 | Dolby Audio | Chromecast Built-in | Voice Remote | 60Hz Refresh Rate | Bezel-Less Design (32V4C),TCL,12490,20490,12990,Available,https://www.vijaysales.com/p/243617/tcl-80-cm-32-inches-hd-ready-qled-smart-google-tv-with-hdr10-dolby-audio-chromecast-built-in-voice-remote-32v4c,https://vsprod.vijaysales.com/media/catalog/product/2/4/243617_10_.jpg,Electronics > Television and Entertainment > Televisions > 4K Ultra HD,,
2026-02-10,2026-02-10 15:07:48,television,246966,SANSUI 109 cm (43 inch) Full HD QLED Smart Google TV 5.0 | HDR10 & HLG | Dolby Audio with Noise Reduction | Screen Sharing & Google Assistant | Bezel-Less LED TV (JSW43FHG5Q),Sansui,22990,42990,22990,Available,https://www.vijaysales.com/p/246966/sansui-109cm-43-inch-fhd-qled-smart-google-tv-hdr10-hlg-noise-reduction-dolby-audio-screen-sharing-google-assistant-jsw43fhg5q,https://vsprod.vijaysales.com/media/catalog/product/2/4/246966_1_.jpg,Electronics > Television and Entertainment > Televisions > Full HD,,
2026-02-10,2026-02-10 15:07:48,television,239251,TCL 80 cm (32 inch) HD Smart Google QLED TV | HDR10 | Dolby Audio | Google Cast Built-in | 60Hz Refresh Rate | Bezel-Less Design | Slim LED TV (32S4K),TCL,12490,20990,12490,Available,https://www.vijaysales.com/p/239251/tcl-80cm-32-inch-hd-smart-google-qled-tv-google-cast-hdr-10-dolby-audio-32s4k,https://vsprod.vijaysales.com/media/catalog/product/2/3/239251_1_.jpg,Electronics > Television and Entertainment > Televisions > HD,,
2026-02-10,2026-02-10 15:07:48,television,243620,TCL V6C Series 139 cm (55 inch) 4K Ultra HD LED Smart Google TV | Dolby Vision & HDR10 | AiPQ Processor | HVA Panel | Voice Remote | 60Hz Refresh Rate | Bezel-Less Design (55V6C),TCL,30990,70190,35990,Available,https://www.vijaysales.com/p/243620/tcl-139-cm-55-inches-4k-ultra-hd-led-smart-google-tv-with-hdr10-dolby-vision-aipq-processor-hva-panel-voice-remote-55v6c,https://vsprod.vijaysales.com/media/catalog/product/2/4/243620_8_.jpg,Electronics > Television and Entertainment > Televisions > 4K Ultra HD,,
2026-02-10,2026-02-10 15:07:48,television,243621,TCL V6C Series 164 cm (65 inch) 4K Ultra HD LED Smart Google TV | Dolby Vision & HDR10 | AiPQ Processor | HVA Panel | Voice Remote | 60Hz Refresh Rate | Bezel-Less Design (65V6C),TCL,47990,112490,51990,Available,https://www.vijaysales.com/p/243621/tcl-164-cm-65-inches-4k-ultra-hd-led-smart-google-tv-with-hdr10-dolby-vision-aipq-processor-hva-panel-voice-remote-65v6c,https://vsprod.vijaysales.com/media/catalog/product/2/4/243621_3_.jpg,Electronics > Television and Entertainment > Televisions > 4K Ultra HD,,
2026-02-10,2026-02-10 15:07:48,television,245426,"Xiaomi A Pro QLED Series 80cm (32 Inch) HD Google TV - Vivid Picture Engine 2, Dolby Audio, 8GB Storage, Xiaomi TV+, Google Voice Assistant, Miracast, L32MB-APIN",Xiaomi,14999,26999,14999,Available,https://www.vijaysales.com/p/245426/xiaomi-a-pro-qled-series-80cm-32-inch-hd-google-tv-vivid-picture-engine-2-dolby-audio-8gb-storage-xiaomi-tv-google-voice-assistant-miracast-l32mb-apin,https://vsprod.vijaysales.com/media/catalog/product/2/4/245426_1_.jpg,Electronics > Television and Entertainment > Televisions > HD,,
2026-02-10,2026-02-10 15:07:48,television,246378,"LG UA8200 Series 108cm (43 Inch) 4K Ultra HD AI TV - webOS 25, α7 AI Processor 4K Gen8, HDR10 / HLG, ALLM, HGIG, AI Chatbot, Google Cast, α7 AI Sound Pro, Dolby Atmos, 43UA82006LA",LG,29990,46090,29990,Available,https://www.vijaysales.com/p/246378/lg-ua8200-series-108cm-43-inch-4k-ultra-hd-ai-tv-webos-25-a7-ai-processor-4k-gen8-hdr10-hlg-allm-hgig-ai-chatbot-google-cast-a7-ai-sound-pro-dolby-atmos-43ua82006la-2025,https://vsprod.vijaysales.com/media/catalog/product/2/4/246378_1_.jpg,Electronics > Television and Entertainment > Televisions > 4K Ultra HD,,
2026-02-10,2026-02-10 15:07:48,television,240015,TCL C6K Series 160.8 cm (65 inch) 4K Ultra HD Mini LED Smart Google TV | Dolby Vision IQ & HDR10/HLG | ONKYO 2.1 Hi-Fi System | Dolby Atmos | 144Hz Refresh Rate | Ultra-Slim Bezel-Less Design (65C6K),TCL,69990,152990,69990,Available,https://www.vijaysales.com/p/P239484/240015/tcl-c6k-series-160-8cm-65-inch-4k-ultra-hd-mini-led-google-tv-onkyo-2-1-hi-fi-system-dolby-vision-iq-hdr-10-hlg-dolby-atmos-ultra-slim-design-65c6k,https://vsprod.vijaysales.com/media/catalog/product/2/4/240015_1.jpg,Electronics > Television and Entertainment > Televisions > 4K Ultra HD,,
2026-02-10,2026-02-10 15:07:48,television,241367,"Haier 140 cm (55 inches) 4K Ultra HD LED Smart Google TV with HDR10, Dolby Audio, Built‑in Chromecast & Voice Remote (H55K85FUX)",Haier,39490,63990,39490,Unavailable,https://www.vijaysales.com/p/241367/haier-140-cm-55-inches-4k-ultra-hd-led-smart-google-tv-with-hdr10-dolby-audio-built-in-chromecast-voice-remote-h55k85fux,https://vsprod.vijaysales.com/media/catalog/product/2/4/241367_4_.jpg,Electronics > Television and Entertainment > Televisions > 4K Ultra HD,,
2026-02-10,2026-02-10 15:07:48,television,243038,"Sansui 2K Series 109cm (43 Inch) Full HD Smart LED TV - HDR10/HLG, Noise Reduction, Dolby Audio, Screen Sharing, Surround Sound, Google Assistant, JSW43FHG5",Sansui,19990,35990,19990,Available,https://www.vijaysales.com/p/243038/sansui-2k-series-109cm-43-inch-full-hd-smart-led-tv-hdr10-hlg-noise-reduction-dolby-audio-screen-sharing-surround-sound-google-assistant-jsw43fhg5,https://vsprod.vijaysales.com/media/catalog/product/2/4/243038_1_.jpg,Electronics > Television and Entertainment > Televisions > Full HD,,
2026-02-10,2026-02-10 15:07:48,television,239482,TCL P6K Series 139 cm (55 inch) 4K Ultra HD LED Smart Google TV | AiPQ Processor | HDR10 & HLG | 2.0 Channel Audio | 60Hz Refresh Rate | Metallic Bezel-Less Design (55P6K),TCL,33990,71090,33990,Available,https://www.vijaysales.com/p/P239481/239482/tcl-p6k-series-139cm-55-inch-4k-ultra-hd-led-google-tv-aipq-processor-hdr10-hlg-2-0-channel-metallic-bezel-less-55p6k,https://vsprod.vijaysales.com/media/catalog/product/2/3/239482_1.jpg,Electronics > Television and Entertainment > Televisions > 4K Ultra HD,,
2026-02-10,2026-02-10 15:07:48,television,243550,SANSUI 190 cm (75 inch) 4K Ultra HD QLED Smart Google TV | HDR10+/HLG & Dolby Vision | 120 Hz HSR | Dolby Atmos & Far-Field Voice Control | Screen Sharing & Google Assistant | Bezel-Less LED TV (JSW75UG23QF),Sansui,74990,161910,74990,Available,https://www.vijaysales.com/p/243550/sansui-190cm-75-inch-4k-ultra-hd-qled-smart-google-tv-hdr10-hlg-dolby-vision-far-field-voice-control-dolby-atmos-screen-sharing-google-assistant-jsw75ug23qf,https://vsprod.vijaysales.com/media/catalog/product/2/4/243550_1_.jpg,Electronics > Television and Entertainment > Televisions > 4K Ultra HD,,
2026-02-10,2026-02-10 15:07:48,television,243937,"LLYOD 108cm (43 Inch) 4K Ultra HD LED Smart WebOS TV - A Grade Panel, HDR, Immersive sound, Screen Sharing, GL43U5G2EF",LLOYD,23490,45900,23490,Available,https://www.vijaysales.com/p/243937/llyod-108cm-43-inch-4k-ultra-hd-led-smart-webos-tv-a-grade-panel-hdr-immersive-sound-screen-sharing-gl43u5g2ef,https://vsprod.vijaysales.com/media/catalog/product/2/3/239861_1_1_1.jpg,Electronics > Television and Entertainment > Televisions > 4K Ultra HD,,
2026-02-10,2026-02-10 15:07:48,television,243039,SANSUI 109 cm (43 inch) 4K Ultra HD Smart Google TV | HDR10 & HLG | MEMC with HSR 120 Hz | Dolby Audio & Screen Sharing | Google Assistant | Bezel-Less LED TV (JSW43UG23),Sansui,25990,40490,25990,Available,https://www.vijaysales.com/p/243039/sansui-109cm-43-inch-4k-ultra-hd-smart-led-google-tv-hdr10-hlg-memc-dolby-audio-screen-sharing-google-assistant-jsw43ug23,https://vsprod.vijaysales.com/media/catalog/product/j/s/jsw43ug23-1n.jpg,Electronics > Television and Entertainment > Televisions > 4K Ultra HD,,
2026-02-10,2026-02-10 15:07:48,television,243619,TCL V6C Series 126 cm (50 inch) 4K Ultra HD LED Smart Google TV | Dolby Vision & HDR10 | AiPQ Processor | HVA Panel | Voice Remote | 60Hz Refresh Rate | Bezel-Less Design (50V6C),TCL,30990,58490,32990,Available,https://www.vijaysales.com/p/243619/tcl-126-cm-50-inches-4k-ultra-hd-led-smart-google-tv-with-hdr10-dolby-vision-aipq-processor-hva-panel-voice-remote-50v6c,https://vsprod.vijaysales.com/media/catalog/product/2/4/243619_18_.jpg,Electronics > Television and Entertainment > Televisions > 4K Ultra HD,,
2026-02-10,2026-02-10 15:07:48,television,243037,SANSUI 80 cm (32 inch) HD LED Smart Google TV | HDR10 & HLG | Noise Reduction & Dolby Audio | Google Assistant & Screen Sharing | Bezel-Less LED TV (JSW32HG5),Sansui,11990,21490,11990,Available,https://www.vijaysales.com/p/243037/sansui-80cm-32-inch-hd-led-smart-google-tv-hdr10-hlg-noise-reduction-dolby-audio-google-assistant-jsw32hg5,https://vsprod.vijaysales.com/media/catalog/product/2/4/243037_1_.jpg,Electronics > Television and Entertainment > Televisions > HD,,
2026-02-10,2026-02-10 15:07:48,television,240792,"LG OLED evo 164cm (65 Inch) 4K Ultra HD AI TV - webOS 25, α11 AI Processor 4K Gen2, OLED Motion, Dolby Vision, G-Sync(Nvidia), AI Chatbot, Google Cast, Dolby Atmos, OLED65G56LA",LG,209990,387190,209990,Available,https://www.vijaysales.com/p/P240953/240792/lg-oled-evo-164cm-65-inch-4k-ultra-hd-ai-tv-webos-25-a11-ai-processor-4k-gen2-oled-motion-dolby-vision-g-sync-nvidia-ai-chatbot-google-cast-dolby-atmos-oled65g56la-2025,https://vsprod.vijaysales.com/media/catalog/product/2/4/240953_1_1.jpg,Electronics > Television and Entertainment > Televisions > 4K Ultra HD,,
2026-02-10,2026-02-10 15:07:48,television,243618,TCL V6C Series 108 cm (43 inch) 4K Ultra HD LED Smart Google TV | Dolby Vision & HDR10 | AiPQ Processor | HVA Panel | Voice Remote | 60Hz Refresh Rate | Bezel-Less Design (43V6C),TCL,22990,47690,25990,Available,https://www.vijaysales.com/p/243618/tcl-108-cm-43-inches-4k-ultra-hd-led-smart-google-tv-with-hdr10-dolby-vision-aipq-processor-hva-panel-voice-remote-43v6c,https://vsprod.vijaysales.com/media/catalog/product/2/4/243618_11_.jpg,Electronics > Television and Entertainment > Televisions > 4K Ultra HD,,
2026-02-10,2026-02-10 15:07:48,television,239250,TCL 80 cm (32 inch) Full HD Smart Google QLED TV | HDR10 | Dolby Audio | Google Cast Built-in | 60Hz Refresh Rate | Bezel-Less Design | Slim LED TV (32S5K),TCL,14490,23990,14490,Available,https://www.vijaysales.com/p/P239250/239250/tcl-80cm-32-inch-fhd-smart-google-qled-tv-google-cast-hdr-10-dolby-audio-32s5k,https://vsprod.vijaysales.com/media/catalog/product/2/3/239250_1_.jpg,Electronics > Television and Entertainment > Televisions > Full HD,,
2026-02-10,2026-02-10 15:07:48,television,240929,"LG NanoCell AI (NANO83) 139cm (55 Inch) 4K Ultra HD Smart TV - webOS 25, α7 AI Processor 4K Gen8, HDR10/HLG, ALLM, HGIG, Intelligent Voice Recognition, Dolby Atmos, 55NANO83A6A",LG,49990,82890,49990,Available,https://www.vijaysales.com/p/240929/lg-nanocell-ai-nano83-139cm-55-inch-4k-ultra-hd-smart-tv-webos-25-a7-ai-processor-4k-gen8-hdr10-hlg-allm-hgig-intelligent-voice-recognition-dolby-atmos-55nano83a6a-2025,https://vsprod.vijaysales.com/media/catalog/product/2/4/240929_1.jpg,Electronics > Television and Entertainment > Televisions > 4K Ultra HD,,
2026-02-10,2026-02-10 15:07:48,television,245575,"VISE by Vijay Sales 50 Inches (126 cm) 4K Ultra HD QLED Smart webOS TV - 4K Enhancer, HDR10+/HLG, Dolby Digital, Game Optimiser Mode, VS50QWA2D",Vise,30990,73500,30990,Available,https://www.vijaysales.com/p/245575/vise-by-vijay-sales-50-inches-126-cm-4k-ultra-hd-qled-smart-webos-tv-4k-enhancer-hdr10-hlg-dolby-digital-game-optimiser-mode-vs50qwa2d,https://vsprod.vijaysales.com/media/catalog/product/2/4/245575n.jpg,Electronics > Television and Entertainment > Televisions > 4K Ultra HD,,
2026-02-10,2026-02-10 15:07:48,television,240927,"LG 165 cm (65 inches) 4K Ultra HD LED Smart TV with webOS, HDR10 Pro, Dolby Audio & Voice Remote (65UA83506LA)",LG,67790,96790,67790,Available,https://www.vijaysales.com/p/240927/lg-165-cm-65-inches-4k-ultra-hd-led-smart-tv-with-webos-hdr10-pro-dolby-audio-voice-remote-65ua83506la,https://vsprod.vijaysales.com/media/catalog/product/1/_/1_110.jpg,Electronics > Television and Entertainment > Televisions > 4K Ultra HD,,
2026-02-10,2026-02-10 15:07:48,television,239489,TCL P8K Series 248 cm (98 inch) 4K Ultra HD QLED Smart Google TV | Dolby Vision & HDR10/HLG | ONKYO 2.1 Hi-Fi System | Dolby Atmos | 120Hz Refresh Rate | Bezel-Less Design (98P8K),TCL,229990,629990,229990,Available,https://www.vijaysales.com/p/239489/tcl-p8k-series-248cm-98-inch-4k-ultra-hd-qled-google-tv-onkyo-2-1-hi-fi-system-dolby-vision-hdr10-hlg-dolby-atmos-98p8k,https://vsprod.vijaysales.com/media/catalog/product/2/3/239489.jpg,Electronics > Television and Entertainment > Televisions > 4K Ultra HD,,
2026-02-10,2026-02-10 15:07:48,television,240942,"LG QNED AI (QNED8B) 139cm (55 Inch) 4K Ultra HD Smart TV - webOS 25, α7 AI Processor 4K Gen8, HDR10/HLG, ALLM, HGIG, Intelligent Voice Recognition, Dolby Atmos, 55QNED8BA6A",LG,58990,116090,58990,Available,https://www.vijaysales.com/p/240942/lg-qned-ai-qned8b-139cm-55-inch-4k-ultra-hd-smart-tv-webos-25-a7-ai-processor-4k-gen8-hdr10-hlg-allm-hgig-intelligent-voice-recognition-dolby-atmos-55qned8ba6a-2025,https://vsprod.vijaysales.com/media/catalog/product/2/4/240942_1.jpg,Electronics > Television and Entertainment > Televisions > 4K Ultra HD,,
2026-02-10,2026-02-10 15:07:48,television,241331,"Sony BRAVIA 5 139 cm (55 inches) 4K Ultra HD Mini LED Smart Google TV with HDR10, Dolby Vision, HLG, Dolby Audio & Dolby Atmos (K-55XR55A)",Sony,122990,183900,122990,Available,https://www.vijaysales.com/p/P241331/241331/sony-139-cm-55-inches-4k-ultra-hd-mini-led-smart-google-tv-with-hdr10-dolby-vision-hlg-dolby-audio-dolby-atmos-k-55xr55a,https://vsprod.vijaysales.com/media/catalog/product/2/4/241331_3__1.jpg,Electronics > Television and Entertainment > Televisions > 4K Ultra HD,,
2026-02-10,2026-02-10 15:07:48,television,240947,"LG OLED evo (C5X) 139cm (55 Inch) 4K Ultra HD AI TV - webOS 25, α9 AI Processor 4K Gen8, Dolby Vision, Filmmaker Mode, Dolby Atmos, FreeSync(AMD), G-Sync(NVIDIA), α9 AI Sound Pro, Google Cast, OLED55C5XLA",LG,118490,212590,118490,Unavailable,https://www.vijaysales.com/p/P240947/240947/lg-oled-evo-139cm-55-inch-4k-ultra-hd-oled-tv-webos-25-a9-ai-processor-4k-gen8-oled-motion-dolby-vision-g-sync-nvidia-ai-chatbot-google-cast-dolby-atmos-oled55c5xla-2025,https://vsprod.vijaysales.com/media/catalog/product/2/4/240948_2_1_.jpg,Electronics > Television and Entertainment > Televisions > 4K Ultra HD,,
2026-02-10,2026-02-10 15:07:48,television,239903,"Xiaomi X Pro QLED Series 165cm (65 Inch) 4K Ultra HD Google TV - Dolby Vision, HDR 10+, Filmmaker Mode, Xiaomi Sound, 32GB Storage, Google Cast, Google Voice Assistant, L65MB-APIN",Xiaomi,57999,89999,60999,Available,https://www.vijaysales.com/p/P245014/239903/xiaomi-x-pro-qled-series-165cm-65-inch-4k-ultra-hd-google-tv-dolby-vision-hdr-10-filmmaker-mode-xiaomi-sound-32gb-storage-google-cast-google-voice-assistant-l65mb-apin-2025,https://vsprod.vijaysales.com/media/catalog/product/2/3/239903_25_.jpg,Electronics > Television and Entertainment > Televisions > 4K Ultra HD,,
2026-02-10,2026-02-10 15:07:48,television,240797,"Sony BRAVIA 2 M2 126 cm (50 inches) 4K Ultra HD LED Smart Google TV with HDR10, HLG, Dolby Audio & Dolby Atmos (K-50S22M2)",Sony,56690,72900,56690,Available,https://www.vijaysales.com/p/240797/sony-126-cm-50-inches-4k-ultra-hd-led-smart-google-tv-with-hdr10-hlg-dolby-audio-dolby-atmos-k-50s22m2,https://vsprod.vijaysales.com/media/catalog/product/2/4/240797_1_.jpg,Electronics > Television and Entertainment > Televisions > 4K Ultra HD,,
2026-02-10,2026-02-10 15:07:48,television,245565,LG 108 cm (43 inch) 4K Ultra HD LED Smart TV | webOS Smart Platform | α5 AI Processor 4K Gen7 | Active HDR | AI Sound | ThinQ AI & Magic Remote Ready | 60Hz Refresh Rate (UA7350),LG,31490,54390,31490,Available,https://www.vijaysales.com/p/245565/lg-108-cm-43-inch-4k-ultra-hd-led-smart-tv-webos-smart-platform-a5-ai-processor-4k-gen7-active-hdr-ai-sound-thinq-ai-magic-remote-ready-60hz-refresh-rate-ua7350,https://vsprod.vijaysales.com/media/catalog/product/2/4/245565_1_.jpg,Electronics > Television and Entertainment > Televisions > 4K Ultra HD,,
2026-02-10,2026-02-10 15:07:48,television,231718,"Sony Bravia 108 cm (43 Inch) 4K Ultra HD LED Google TV - 4K Processor X1 Processor, Google Assistant | Chromecast Built In, Dolby Audio, Dolby Atmos, K43S20B",Sony,35900,59900,35900,Unavailable,https://www.vijaysales.com/p/231718/sony-bravia-2-43-inches-108-cm-4k-ultra-hd-smart-led-google-tv-with-dolby-audio-google-assistant-built-in-voice-search-k-43s20b-black,https://vsprod.vijaysales.com/media/catalog/product/2/3/231718-image.jpg,Electronics > Television and Entertainment > Televisions > 4K Ultra HD,,
2026-02-10,2026-02-10 15:07:48,television,240946,"LG OLED evo (C5) 121cm (48 Inch) 4K Ultra HD AI TV - webOS 25, α9 AI Processor 4K Gen8, Dolby Vision, Filmmaker Mode, Dolby Atmos, FreeSync(AMD), G-Sync(NVIDIA), α9 AI Sound Pro, Google Cast, OLED48C56LA",LG,100180,150190,100180,Available,https://www.vijaysales.com/p/240946/lg-oled-evo-c5-121cm-48-inch-4k-ultra-hd-ai-tv-webos-25-a9-ai-processor-4k-gen8-dolby-vision-filmmaker-mode-dolby-atmos-freesync-amd-g-sync-nvidia-a9-ai-sound-pro-google-cast-oled48c56la-2025,https://vsprod.vijaysales.com/media/catalog/product/2/4/240946_1_.jpg,Electronics > Television and Entertainment > Televisions > 4K Ultra HD,,
2026-02-10,2026-02-10 15:07:48,television,219284,"Sony Bravia 164 cm (65 Inch) 4K Ultra HD LED Google TV - 4K Processor X1, Google Assistant | Chromecast Built In, Dolby Audio, Dolby Atmos, XR65X90L",Sony,117600,211900,117600,Unavailable,https://www.vijaysales.com/p/P219283/219284/sony-164-cm-65-inches-x90l-4k-ultra-hd-android-lcd-tv-with-hdr-chromecast-built-in-google-tv-xr65x90l-2023-model-edition,https://vsprod.vijaysales.com/media/catalog/product/2/1/219284-image1_1.jpg,Electronics > Television and Entertainment > Televisions > 4K Ultra HD,,
2026-02-10,2026-02-10 15:07:48,television,243814,"VISE by Vijay Sales 40 Inches (102 cm) HD QLED Google Smart TV - HDR 10, Google Assistant Built-in, Chromecast, Dolby Audio, VS40QGA2B",Vise,19490,36800,19490,Available,https://www.vijaysales.com/p/243814/vise-by-vijay-sales-40-inches-102-cm-hd-qled-google-smart-tv-hdr-10-google-assistant-built-in-chromecast-dolby-audio-vs40qga2b,https://vsprod.vijaysales.com/media/catalog/product/2/4/243814_1_.jpg,Electronics > Television and Entertainment > Televisions > HD,,
2026-02-10,2026-02-10 15:07:48,television,244112,SANSUI 165 cm (65 inch) 4K Ultra HD Quantum Dot Mini LED Smart Google TV | HDR10+/HLG & Dolby Vision | MEMC with 120 Hz HSR & VRR | Dolby Atmos 5.1.2 & 85W Audio | Far-Field Voice Control| Google Assistant | Bezel-Less Display (JSW65UGMQF),Sansui,67990,214990,67990,Unavailable,https://www.vijaysales.com/p/P244112/244112/sansui-165cm-65-inch-4k-ultra-hd-quantum-dot-mini-led-google-tv-hdr10-hlg-dolby-vision-memc-dolby-atmos-screen-sharing-google-assistant-far-field-voice-jsw65ugmqf,https://vsprod.vijaysales.com/media/catalog/product/2/4/244112_1_.jpg,Electronics > Television and Entertainment > Televisions > 4K Ultra HD,,
2026-02-10,2026-02-10 15:07:48,television,242274,"Panasonic 164cm (65 Inch) 4K Ultra HD LED TV - HEXA Chroma Drive, HDR 10+, Google TV, Google Assistant, Home Theatre Built-In, Game Mode, Chromecast, TH-65PX740DX",Panasonic,66490,90990,66490,Unavailable,https://www.vijaysales.com/p/P242271/242274/panasonic-164cm-65-inch-4k-ultra-hd-led-tv-hexa-chroma-drive-hdr-10-google-tv-google-assistant-home-theatre-built-in-game-mode-chromecast-th-65px740dx,https://vsprod.vijaysales.com/media/catalog/product/2/4/242274_1_.jpg,Electronics > Television and Entertainment > Televisions > 4K Ultra HD,,
2026-02-10,2026-02-10 15:07:48,television,241329,"Sony BRAVIA 5 215 cm (85 inches) 4K Ultra HD Mini LED Smart Google TV with HDR10, Dolby Vision, HLG, Dolby Audio & Dolby Atmos (K85XR55A)",Sony,348640,598900,348640,Unavailable,https://www.vijaysales.com/p/P241331/241329/sony-215-cm-85-inches-4k-ultra-hd-mini-led-smart-google-tv-with-hdr10-dolby-vision-hlg-dolby-audio-dolby-atmos-k85xr55a,https://vsprod.vijaysales.com/media/catalog/product/2/4/241329_22_.jpg,Electronics > Television and Entertainment > Televisions > 4K Ultra HD,,
2026-02-10,2026-02-10 15:07:48,television,234913,"Sansui 127 cm (50 Inches) 4K Ultra HD QLED Smart Google TV – Bezel-less Design, Dolby Vision & Atmos, DTS Studio Sound – JSW50GSQLED",Sansui,29990,49490,29990,Unavailable,https://www.vijaysales.com/p/P234913/234913/sansui-127-cm-50-inches-4k-ultra-hd-qled-smart-tv-60hz-refresh-rate-hdr10-dolby-vision-jsw50gsqled-black,https://vsprod.vijaysales.com/media/catalog/product/2/3/234913_1_.jpg,Electronics > Television and Entertainment > Televisions > 4K Ultra HD,,
2026-02-10,2026-02-10 15:07:48,television,230873,"Sony BRAVIA 7 139 cm (55 Inch) Mini LED QLED 4K Google TV - XR Processor, Dolby Vision, Perfect for PS5 - K55XR70",Sony,142490,229900,142490,Available,https://www.vijaysales.com/p/P230873/230873/sony-bravia-7-139-cm-55-inches-mini-led-qled-4k-hdr-google-tv-with-dolby-vision-hdr-features-for-playstation-5-k55xr70-2024-model-edition,https://vsprod.vijaysales.com/media/catalog/product/2/3/230873-image1.jpg,Electronics > Television and Entertainment > Televisions > 4K Ultra HD,,
2026-02-10,2026-02-10 15:07:48,television,224712,"Haier 165 cm (65 inches) QLED 4K Ultra HD Smart Google TV with Dolby Vision, HDR10, Dolby Atmos, Built‑in Chromecast & Voice Remote (65S800QT‑P)",Haier,64990,120490,64990,Available,https://www.vijaysales.com/p/224712/haier-165-cm-65-inches-qled-4k-ultra-hd-smart-google-tv-with-dolby-vision-hdr10-dolby-atmos-built-in-chromecast-voice-remote-65s800qt-p,https://vsprod.vijaysales.com/media/catalog/product/2/2/224712_5_.jpg,Electronics > Television and Entertainment > Televisions > 4K Ultra HD,,
2026-02-10,2026-02-10 15:07:48,television,240200,"Samsung UE81A Series 163 cm (65 Inch) Crystal 4K UHD Tizen™ Smart LED TV - 4K Upscaling, Filmmaker Mode, 2CH, Q-Symphony, Alexa, Sound Mirroring, Auto Game Mode, Mobile to TV, UA65UE81AF",Samsung,92800,92900,92800,Unavailable,https://www.vijaysales.com/p/240200/samsung-ue81a-series-163-cm-65-inch-crystal-4k-uhd-tizentm-smart-led-tv-4k-upscaling-filmmaker-mode-2ch-q-symphony-alexa-sound-mirroring-auto-game-mode-mobile-to-tv-ua65ue81af,https://vsprod.vijaysales.com/media/catalog/product/u/e/ue81a_series_7.jpg,Electronics > Television and Entertainment > Televisions > 4K Ultra HD,,
2026-02-10,2026-02-10 15:07:48,television,230637,"Haier 140 cm (55 Inch) 4K Ultra HD LED Google TV - Bezel-less Design, Google Assistant, M55UG",Haier,32990,69990,32990,Unavailable,https://www.vijaysales.com/p/P230636/230637/haier-50-inch-127-cm-4k-uhd-led-smart-google-tv-with-bezel-less-design-dolby-atmos-google-assistant-m55ug,https://vsprod.vijaysales.com/media/catalog/product/2/3/230637-image1.jpg,Electronics > Television and Entertainment > Televisions > 4K Ultra HD,,
2026-02-10,2026-02-10 15:07:48,television,243475,"LLYOD 165cm (65 Inch) 4K Ultra HD Mini LED Smart WebOS TV - 4K Upscaling, HDR 10, 2.1 Channel Inbuilt Woofer, Screen Sharing, GL65U4I2XA",LLOYD,68990,174900,68990,Available,https://www.vijaysales.com/p/243475/llyod-165cm-65-inch-4k-ultra-hd-mini-led-smart-webos-tv-4k-upscaling-hdr-10-2-1-channel-inbuilt-woofer-screen-sharing-gl65u4i2xa,https://vsprod.vijaysales.com/media/catalog/product/2/4/243475_1_.jpg,Electronics > Television and Entertainment > Televisions > 4K Ultra HD,,
2026-02-10,2026-02-10 15:07:48,television,242132,"Sony BRAVIA 2M2 Series 126 cm (50 Inch) 4K Ultra HD LED Google TV - 4K Processor X1, HDR10/HLG, Dolby™ Atmos, ALLM, Chromecast Built-In, K-50S22BM2",Sony,51990,72900,51990,Unavailable,https://www.vijaysales.com/p/P242131/242132/sony-bravia-2m2-series-126-cm-50-inch-4k-ultra-hd-led-google-tv-4k-processor-x1-hdr10-hlg-dolbytm-atmos-allm-chromecast-built-in-k-50s22bm2,https://vsprod.vijaysales.com/media/catalog/product/2/4/242132_1.jpg,Electronics > Television and Entertainment > Televisions > 4K Ultra HD,,
2026-02-10,2026-02-10 15:07:48,television,228741,"LG 139 cm (55 Inch) 4K Ultra HD LED Smart TV - AI ThinQ, HGIG Mode - Game Optimizer, AI Sound, webOS, 55UQ7500PSF",LG,49490,71990,49490,Unavailable,https://www.vijaysales.com/p/228741/lg-139-cm-55-inches-4k-ultra-hd-led-smart-tv-with-webos-ai-thinq-ai-sound-and-hgig-mode-55uq7500psf-ceramic-black,https://vsprod.vijaysales.com/media/catalog/product/2/2/228741-image1_1.jpg,Electronics > Television and Entertainment > Televisions > 4K Ultra HD,,
2026-02-10,2026-02-10 15:07:48,television,245019,"VISE by Vijay Sales 32 Inches (80 cm) HD LED Google Smart TV - HDR10, Google Assistant Built-in, Chromecast, Dolby Audio, VS32HGA8B",Vise,13490,34000,13490,Available,https://www.vijaysales.com/p/245019/vise-by-vijay-sales-32-inches-80-cm-hd-led-google-smart-tv-hdr10-google-assistant-built-in-chromecast-dolby-audio-vs32hga8b,https://vsprod.vijaysales.com/media/catalog/product/2/4/245019.jpg,Electronics > Television and Entertainment > Televisions > HD,,
2026-02-10,2026-02-10 15:07:48,television,239861,"LLYOD 108cm (43 Inch) 4K Ultra HD LED Smart WebOS TV - A Grade Panel, HDR, Immersive sound, Screen Sharing, GL43U4D2EF",LLOYD,19990,45900,19990,Unavailable,https://www.vijaysales.com/p/239861/llyod-108cm-43-inch-4k-ultra-hd-led-smart-webos-tv-a-grade-panel-hdr-immersive-sound-screen-sharing-gl43u4d2ef,https://vsprod.vijaysales.com/media/catalog/product/2/3/239861_1_1.jpg,Electronics > Television and Entertainment > Televisions > 4K Ultra HD,,
2026-02-10,2026-02-10 15:07:48,television,239487,TCL C6K Series 189 cm (75 inch) 4K Ultra HD Mini LED Smart Google TV | Dolby Vision IQ & HDR10/HLG | ONKYO 2.1 Hi-Fi System | Dolby Atmos | 144Hz Refresh Rate | Ultra-Slim Bezel-Less Design (75C6K),TCL,109990,269990,109990,Available,https://www.vijaysales.com/p/P239484/239487/tcl-c6k-series-189cm-75-inch-4k-ultra-hd-mini-led-google-tv-onkyo-2-1-hi-fi-system-dolby-vision-iq-hdr-10-hlg-dolby-atmos-ultra-slim-design-75c6k,https://vsprod.vijaysales.com/media/catalog/product/2/3/239487_1.jpg,Electronics > Television and Entertainment > Televisions > 4K Ultra HD,,
2026-02-10,2026-02-10 15:07:48,television,242273,"Panasonic 139cm (55 Inch) 4K Ultra HD LED TV - HEXA Chroma Drive, HDR 10+, Google TV, Google Assistant, Dolby Digital, Home Theatre Built-In, Game Mode, Chromecast, TH-55PX740DX",Panasonic,45990,65990,45990,Unavailable,https://www.vijaysales.com/p/P242271/242273/panasonic-139cm-55-inch-4k-ultra-hd-led-tv-hexa-chroma-drive-hdr-10-google-tv-google-assistant-dolby-digital-home-theatre-built-in-game-mode-chromecast-th-55px740dx,https://vsprod.vijaysales.com/media/catalog/product/2/4/242271_1__1.jpg,Electronics > Television and Entertainment > Televisions > 4K Ultra HD,,
2026-02-10,2026-02-10 15:07:48,television,226902,SANSUI 108 cm (40 inch) Full HD Smart Google TV | HDR10 & HLG | Dolby Audio & Built-in Chromecast | Screen Sharing & Google Assistant | Bezel-Less LED TV (JSW40GSFHD),Sansui,20490,31490,20490,Unavailable,https://www.vijaysales.com/p/226902/sansui-108-cm-40-inches-full-hd-smart-google-tv-with-dolby-audio-google-assistant-chromecast-hdr10-hlg-jsw40gsfhd,https://vsprod.vijaysales.com/media/catalog/product/2/2/226902-image1.jpg,Electronics > Television and Entertainment > Televisions > Full HD,,
2026-02-10,2026-02-10 15:07:48,television,244113,SANSUI 189 cm (75 inch) 4K Ultra HD Quantum Dot Mini LED Smart Google TV | HDR10+/HLG & Dolby Vision | MEMC with 120 Hz HSR & VRR | Dolby Atmos 2.1.2 | Far-Field Voice Control & Screen Sharing | Google Assistant | Bezel-Less IPS Display (JSW75UGMQF),Sansui,99990,249990,99990,Available,https://www.vijaysales.com/p/P244112/244113/sansui-189cm-75-inch-4k-ultra-hd-quantum-dot-mini-led-google-tv-hdr10-hlg-dolby-vision-memc-dolby-atmos-screen-sharing-google-assistant-far-field-voice-jsw75ugmqf,https://vsprod.vijaysales.com/media/catalog/product/2/4/244113_1_.jpg,Electronics > Television and Entertainment > Televisions > 4K Ultra HD,,
2026-02-10,2026-02-10 15:07:48,television,219283,"Sony Bravia 139 cm (55 Inch) 4K Ultra HD LED Google TV - 4K Processor X1, Google Assistant | Chromecast Built In, Dolby Audio, Dolby Atmos, XR55X90L",Sony,90000,155900,90000,Unavailable,https://www.vijaysales.com/p/P219283/219283/sony-139-cm-55-inches-x90l-4k-ultra-hd-android-lcd-tv-with-hdr-chromecast-built-in-google-tv-xr55x90l-2023-model-edition,https://vsprod.vijaysales.com/media/catalog/product/2/1/219283-image1_1.jpg,Electronics > Television and Entertainment > Televisions > 4K Ultra HD,,
2026-02-10,2026-02-10 15:07:48,television,240953,"LG OLED evo 139cm (55 Inch) 4K Ultra HD AI TV - webOS 25, α11 AI Processor 4K Gen2, OLED Motion, Dolby Vision, G-Sync(Nvidia), AI Chatbot, Google Cast, Dolby Atmos, OLED55G56LA",LG,164990,247090,164990,Unavailable,https://www.vijaysales.com/p/P240953/240953/lg-oled-evo-139cm-55-inch-4k-ultra-hd-ai-tv-webos-25-a11-ai-processor-4k-gen2-oled-motion-dolby-vision-g-sync-nvidia-ai-chatbot-google-cast-dolby-atmos-oled55g56la-2025,https://vsprod.vijaysales.com/media/catalog/product/2/4/240953_1.jpg,Electronics > Television and Entertainment > Televisions > 4K Ultra HD,,
2026-02-10,2026-02-10 15:07:48,television,246523,"VISE by Vijay Sales 55 Inches (139 cm) 4K Ultra HD LED Google TV - HDR10, MEMC, Google Assistant Built-in, Chromecast, Dolby Audio, Surround Sound, VS55UGA8B",Vise,33990,80000,33990,Available,https://www.vijaysales.com/p/246523/vise-by-vijay-sales-55-inches-139-cm-4k-ultra-hd-led-google-tv-hdr10-memc-google-assistant-built-in-chromecast-dolby-audio-surround-sound-vs55uga8b,https://vsprod.vijaysales.com/media/catalog/product/f/r/front_copy.jpg,Electronics > Television and Entertainment > Televisions > 4K Ultra HD,,
2026-02-10,2026-02-10 15:07:48,television,244828,TCL C755 Series 185 cm (75 inch) 4K Ultra HD QD Mini-LED Smart Google TV | 144 Hz VRR | Dolby Vision IQ & IMAX Enhanced | AiPQ Processor 3.0 | Dolby Atmos | Game Master 2.0 & AMD FreeSync Premium Pro (75C755),TCL,92490,296990,92490,Unavailable,https://www.vijaysales.com/p/244828/tcl-c755-series-185cm-75-inch-4k-ultra-hd-qd-mini-led-google-tv-aipq-processor-3-0-dolby-vision-144hz-vrr-imax-enhanced-game-master-2-0-dolby-atmos-amd-freesync-premium-pro-75c755,https://vsprod.vijaysales.com/media/catalog/product/2/4/244828.jpg,Electronics > Television and Entertainment > Televisions > 4K Ultra HD,,
2026-02-10,2026-02-10 15:07:48,television,245574,"VISE by Vijay Sales 43 Inches (109 cm) 4K Ultra HD QLED Smart webOS TV - HDR10/HLG, MEMC, Dolby Digital, ThinQ AI, VS43QWA2D",Vise,26990,64500,26990,Available,https://www.vijaysales.com/p/245574/vise-by-vijay-sales-43-inches-109-cm-4k-ultra-hd-qled-smart-webos-tv-hdr10-hlg-memc-dolby-digital-lg-thinq-ai-vs43qwa2d,https://vsprod.vijaysales.com/media/catalog/product/2/4/245574n.jpg,Electronics > Television and Entertainment > Televisions > 4K Ultra HD,,
2026-02-10,2026-02-10 15:07:48,television,236984,"LG 80 cm (32 Inch) HD WebOS24 Smart LED TV - ?5 AI Processor Gen6, HDR10/HLG, 2.0 Channel, 32LR686B6LA",LG,17490,28490,17490,Unavailable,https://www.vijaysales.com/p/236984/lg-80-cm-32-inch-hd-webos-smart-led-tv-a5-ai-processor-gen6-hdr10-hlg-2-0-channel-32lr686b6la,https://vsprod.vijaysales.com/media/catalog/product/2/3/236984_1_.jpg,Electronics > Television and Entertainment > Televisions > HD,,
2026-02-10,2026-02-10 15:07:48,television,239481,TCL P6K Series 108 cm (43 inch) 4K Ultra HD LED Smart Google TV | HDR10 | Dolby Audio | 60Hz Refresh Rate | Google Assistant Built-in | Bezel-Less Design (43P6K),TCL,24990,48590,24990,Available,https://www.vijaysales.com/p/P239481/239481/tcl-p6k-series-108-cm-43-inch-4k-ultra-hd-led-google-tv-hdr-10-google-assistant-built-in-dolby-audio-43p6k,https://vsprod.vijaysales.com/media/catalog/product/2/3/239481_1.jpg,Electronics > Television and Entertainment > Televisions > 4K Ultra HD,,
2026-02-10,2026-02-10 15:07:48,television,245016,"Xiaomi X Series 108cm (43 Inch) 4K Ultra HD Google TV - Dolby Vision, HDR 10, Filmmaker Mode, Dolby Audio, 8GB Storage, Google Cast, Miracast, Google Voice Assistant, L43MB-AIN",Xiaomi,24999,37999,24999,Available,https://www.vijaysales.com/p/P245016/245016/xiaomi-x-series-108cm-43-inch-4k-ultra-hd-google-tv-dolby-vision-hdr-10-filmmaker-mode-dolby-audio-8gb-storage-google-cast-miracast-google-voice-assistant-l43mb-ain-2025,https://vsprod.vijaysales.com/media/catalog/product/2/4/245016_1_.jpg,Electronics > Television and Entertainment > Televisions > 4K Ultra HD,,
2026-02-10,2026-02-10 15:07:48,television,242108,"Sony BRAVIA 5 165 cm (65 inches) 4K Ultra HD Mini LED Smart Google TV with HDR10, Dolby Vision, HLG, Dolby Audio & Dolby Atmos (K-65XR55A)",Sony,156090,229900,156090,Unavailable,https://www.vijaysales.com/p/P241331/242108/sony-165-cm-65-inches-4k-ultra-hd-mini-led-smart-google-tv-with-hdr10-dolby-vision-hlg-dolby-audio-dolby-atmos-k-65xr55a,https://vsprod.vijaysales.com/media/catalog/product/2/4/242108_1__1.jpg,Electronics > Television and Entertainment > Televisions > 4K Ultra HD,,
2026-02-10,2026-02-10 15:07:48,television,245017,"Xiaomi X Series 138cm (55 Inch) 4K Ultra HD Google TV - Dolby Vision, HDR 10, Filmmaker Mode, Dolby Audio, 8GB Storage, Google Cast, Miracast, Google Voice Assistant, L55MB-AIN",Xiaomi,34999,48999,34999,Unavailable,https://www.vijaysales.com/p/P245016/245017/xiaomi-x-series-138cm-55-inch-4k-ultra-hd-google-tv-dolby-vision-hdr-10-filmmaker-mode-dolby-audio-8gb-storage-google-cast-miracast-google-voice-assistant-l55mb-ain-2025,https://vsprod.vijaysales.com/media/catalog/product/2/4/245017_1_.jpg,Electronics > Television and Entertainment > Televisions > 4K Ultra HD,,
2026-02-10,2026-02-10 15:07:48,television,230636,"Haier 127 cm (50 Inch) 4K Ultra HD LED Google TV - Bezel-less Design, Google Assistant, M50UG",Haier,28990,64990,28990,Unavailable,https://www.vijaysales.com/p/P230636/230636/haier-50-inch-127-cm-4k-uhd-led-smart-google-tv-with-bezel-less-design-google-assistant-m50ug,https://vsprod.vijaysales.com/media/catalog/product/2/3/230636-image1.jpg,Electronics > Television and Entertainment > Televisions > 4K Ultra HD,,
2026-02-10,2026-02-10 15:07:48,television,231070,"Lloyd 109cm (43 inches) QLED Smart LED TV - HDR 10, Dolby Audio (GL43U4D2EQ)",LLOYD,25990,46500,25990,Available,https://www.vijaysales.com/p/231070/lloyd-109cm-43-inches-qled-smart-webos-led-tv-43qs850e,https://vsprod.vijaysales.com/media/catalog/product/2/3/231070-image.jpg,Electronics > Television and Entertainment > Televisions > Ultra HD,,
2026-02-10,2026-02-10 15:07:48,television,245337,"Xiaomi A Series 80cm (32 Inch) HD Google TV - Vivid Picture Engine, Dolby Audio, 8GB Storage, Xiaomi TV+, Google Voice Assistant, Miracast, L32MB-AIN",Xiaomi,12499,24999,13499,Available,https://www.vijaysales.com/p/245337/xiaomi-a-series-80cm-32-inch-hd-google-tv-vivid-picture-engine-dolby-audio-8gb-storage-xiaomi-tv-google-voice-assistant-miracast-l32mb-ain-2025,https://vsprod.vijaysales.com/media/catalog/product/2/4/245337_1_.jpg,Electronics > Television and Entertainment > Televisions > HD,,
2026-02-10,2026-02-10 15:07:48,television,245030,"LLYOD 189cm (75 Inch) 4K Ultra HD QLED Smart Google TV - 4K Upscaling, HDR 10, Dolby Atmos, AI Quad Core Processor, Screen Sharing, GL75U5F3IO",LLOYD,74990,183900,74990,Available,https://www.vijaysales.com/p/245030/llyod-189cm-75-inch-4k-ultra-hd-qled-smart-webos-tv-4k-upscaling-hdr-10-dolby-atmos-ai-quad-core-processor-screen-sharing-gl75u5f3io,https://vsprod.vijaysales.com/media/catalog/product/2/4/245030_1_.jpg,Electronics > Television and Entertainment > Televisions > 4K Ultra HD,,
2026-02-10,2026-02-10 15:07:48,television,244764,"Panasonic 139cm (55 Inch) 4K Ultra HD LED TV - HEXA Chroma Drive, HDR 10+, Google TV, Google Assistant, Dolby Atmos, Home Theatre Built-In, Game Mode, Chromecast, TH-55PX750DX",Panasonic,48990,67990,48990,Unavailable,https://www.vijaysales.com/p/244764/panasonic-139cm-55-inch-4k-ultra-hd-led-tv-hexa-chroma-drive-hdr-10-google-tv-google-assistant-dolby-atmos-home-theatre-built-in-game-mode-chromecast-th-55px750dx,https://vsprod.vijaysales.com/media/catalog/product/2/4/244764_1_.jpg,Electronics > Television and Entertainment > Televisions > 4K Ultra HD,,
2026-02-10,2026-02-10 15:07:48,television,244114,"Sansui 218cm (86 Inch) 4K Ultra HD Quantum Dot Mini LED Google TV - HDR10+/HLG, Dolby Vision, MEMC, Dolby Atmos, Screen Sharing, Google Assistant, Far-Field voice, JSW86UGMQF",Sansui,149990,284990,149990,Unavailable,https://www.vijaysales.com/p/P244112/244114/sansui-218cm-86-inch-4k-ultra-hd-quantum-dot-mini-led-google-tv-hdr10-hlg-dolby-vision-memc-dolby-atmos-screen-sharing-google-assistant-far-field-voice-jsw86ugmqf,https://vsprod.vijaysales.com/media/catalog/product/2/4/244114_1_.jpg,Electronics > Television and Entertainment > Televisions > 4K Ultra HD,,
2026-02-10,2026-02-10 15:07:48,television,243815,"VISE by Vijay Sales 43 Inches (109 cm) Full HD LED Smart Google TV - Android 14, ALLM, Dolby Audio, Game Mode, VS43FGA2B",Vise,21990,46000,21990,Available,https://www.vijaysales.com/p/243815/vise-by-vijay-sales-43-inches-109-cm-full-hd-led-smart-google-tv-android-14-allm-dolby-audio-game-mode-vs43fga2b,https://vsprod.vijaysales.com/media/catalog/product/2/4/243815.jpg,Electronics > Television and Entertainment > Televisions > Full HD,,
2026-02-10,2026-02-10 15:07:48,television,243622,TCL V6C Series 189 cm (75 inch) 4K Ultra HD LED Smart Google TV | Dolby Vision & HDR10 | AiPQ Processor | HVA Panel | Voice Remote | 60Hz Refresh Rate | Bezel-Less Design (75V6C),TCL,65990,179990,71990,Available,https://www.vijaysales.com/p/243622/tcl-189-cm-75-inches-4k-ultra-hd-led-smart-google-tv-with-hdr10-dolby-vision-aipq-processor-hva-panel-voice-remote-75v6c,https://vsprod.vijaysales.com/media/catalog/product/2/4/243622_9_.jpg,Electronics > Television and Entertainment > Televisions > 4K Ultra HD,,
2026-02-10,2026-02-10 15:07:48,television,243605,"VISE by Vijay Sales 109cm (43 Inch) 4K Ultra HD LED Smart Google TV - HDR10/HLG, Dolby Audio, Bezel Less design, VS43UGA8B",Vise,25690,55300,25690,Available,https://www.vijaysales.com/p/243605/vise-by-vijay-sales-109cm-43-inch-4k-ultra-hd-led-smart-google-tv-hdr10-hlg-dolby-audio-bezel-less-design-vs43uga8b,https://vsprod.vijaysales.com/media/catalog/product/2/4/243605_1_.jpg,Electronics > Television and Entertainment > Televisions > 4K Ultra HD,,
2026-02-10,2026-02-10 15:07:48,television,243604,"VISE by Vijay Sales 80 cm (32 inches) HD Smart QLED TV - Google TV, HDR 10, Dolby Audio, Built in Wi-Fi, Google Assistant, VS32QGA8A",Vise,11990,40000,11990,Available,https://www.vijaysales.com/p/243604/vise-by-vijay-sales-80-cm-32-inches-hd-smart-qled-tv-google-tv-hdr-10-dolby-audio-built-in-wi-fi-google-assistant-vs32qga8a,https://vsprod.vijaysales.com/media/catalog/product/2/4/243604_1_.jpg,Electronics > Television and Entertainment > Televisions > HD,,
2026-02-10,2026-02-10 15:07:48,television,243547,"Sony BRAVIA 2 126 cm (50 Inch) 4K Ultra HD LED Google TV - 4K Processor X1, HDR10/HLG, Dolby™ Atmos, Chromecast Built-In, K-50S25M2",Sony,60100,78900,60100,Available,https://www.vijaysales.com/p/243547/sony-bravia-2-126-cm-50-inch-4k-ultra-hd-led-google-tv-4k-processor-x1-hdr10-hlg-dolbytm-atmos-chromecast-built-in-k-50s25m2,https://vsprod.vijaysales.com/media/catalog/product/2/4/243547_1_.jpg,Electronics > Television and Entertainment > Televisions > 4K Ultra HD,,
2026-02-10,2026-02-10 15:07:48,television,243282,"Sony BRAVIA 5 248 cm (98 inches) 4K Ultra HD Mini LED Smart Google TV with HDR10, Dolby Vision, HLG, Dolby Audio & Dolby Atmos (K98XR55A)",Sony,531990,828900,531990,Unavailable,https://www.vijaysales.com/p/P241331/243282/sony-248-cm-98-inches-4k-ultra-hd-mini-led-smart-google-tv-with-hdr10-dolby-vision-hlg-dolby-audio-dolby-atmos-k98xr55a,https://vsprod.vijaysales.com/media/catalog/product/2/4/243282_1_.jpg,Electronics > Television and Entertainment > Televisions > 4K Ultra HD,,
2026-02-10,2026-02-10 15:07:48,television,242429,"Sansui 80 cm (32 Inch) QLED Smart Google TV - HDR10/HLG, Noise Reduction, Built-In Sound Bar, Dolby Audio, Google Assistant, JSS32GSHD",Sansui,13490,22490,13490,Unavailable,https://www.vijaysales.com/p/242429/sansui-80-cm-32-inch-qled-smart-google-tv-hdr10-hlg-noise-reduction-built-in-sound-bar-dolby-audio-google-assistant-jss32gshd,https://vsprod.vijaysales.com/media/catalog/product/2/4/242429n_1_.jpg,Electronics > Television and Entertainment > Televisions > HD Ready,,
2026-02-10,2026-02-10 15:07:48,television,242272,"Panasonic 108cm (43 Inch) 4K Ultra HD LED TV - HEXA Chroma Drive, HDR 10+, Google TV, Google Assistant, Dolby Atmos, Home Theatre Built-In, Game Mode, Chromecast, TH-43PX750DX",Panasonic,36490,54290,36490,Unavailable,https://www.vijaysales.com/p/242272/panasonic-108cm-43-inch-4k-ultra-hd-led-tv-hexa-chroma-drive-hdr-10-google-tv-google-assistant-dolby-atmos-home-theatre-built-in-game-mode-chromecast-th-43px750dx,https://vsprod.vijaysales.com/media/catalog/product/2/4/242272_1_.jpg,Electronics > Television and Entertainment > Televisions > 4K Ultra HD,,
2026-02-10,2026-02-10 15:07:48,television,242271,"Panasonic 108cm (43 Inch) 4K Ultra HD LED TV - HEXA Chroma Drive, HDR 10+, Google TV, Google Assistant, Dolby Digital, Home Theatre Built-In, Game Mode, Chromecast, TH-43PX740DX",Panasonic,32990,45990,32990,Unavailable,https://www.vijaysales.com/p/P242271/242271/panasonic-108cm-43-inch-4k-ultra-hd-led-tv-hexa-chroma-drive-hdr-10-google-tv-google-assistant-dolby-digital-home-theatre-built-in-game-mode-chromecast-th-43px740dx,https://vsprod.vijaysales.com/media/catalog/product/2/4/242271_1_.jpg,Electronics > Television and Entertainment > Televisions > 4K Ultra HD,,
2026-02-10,2026-02-10 15:07:48,television,242270,"Panasonic 80cm (32 Inch) 2K HDR LED Smart TV - Vivid Digital Pro, Wide Viewing Angle, Google TV, Google Assistant, Home Theatre Built-In, Dolby Digital, Chromecast, TH-32PS680DX",Panasonic,18990,28990,18990,Available,https://www.vijaysales.com/p/242270/panasonic-80cm-32-inch-2k-hdr-led-smart-tv-vivid-digital-pro-wide-viewing-angle-google-tv-google-assistant-home-theatre-built-in-dolby-digital-chromecast-th-32ps680dx,https://vsprod.vijaysales.com/media/catalog/product/2/4/242270_1_.jpg,Electronics > Television and Entertainment > Televisions > HD,,
2026-02-10,2026-02-10 15:07:48,television,242129,"VISE by Vijay Sales 85 Inches (216 cm) 4K Ultra HD LED Google TV - HDR10/HLG, Dolby Vision, Google Assistant Built-in, Dolby Atmos, VS85UGA8A",Vise,124990,216600,124990,Unavailable,https://www.vijaysales.com/p/242129/vise-by-vijay-sales-85-inches-216-cm-4k-ultra-hd-led-google-tv-hdr10-hlg-dolby-vision-google-assistant-built-in-dolby-atmos-vs85uga8a,https://vsprod.vijaysales.com/media/catalog/product/2/4/242129n.jpg,Electronics > Television and Entertainment > Televisions > 4K Ultra HD,,
2026-02-10,2026-02-10 15:07:48,television,241368,"Haier 108 cm (43 inches) QLED 4K Ultra HD Smart Google TV with HDR10, Dolby Audio, Built-in Chromecast, Voice Remote (H43S80FUX)",Haier,31990,50490,31990,Available,https://www.vijaysales.com/p/241368/haier-108-cm-43-inches-qled-4k-ultra-hd-smart-google-tv-with-hdr10-dolby-audio-built-in-chromecast-voice-remote-h43s80fux,https://vsprod.vijaysales.com/media/catalog/product/2/4/241368_4_.jpg,Electronics > Television and Entertainment > Televisions > 4K Ultra HD,,
2026-02-10,2026-02-10 15:07:48,television,241366,"Haier 108 cm (43 inches) 4K Ultra HD LED Smart Google TV with HDR10, Dolby Audio, Built‑in Chromecast & Voice Remote (43A9UG)",Haier,25690,33990,25690,Unavailable,https://www.vijaysales.com/p/241366/haier-108-cm-43-inches-4k-ultra-hd-led-smart-google-tv-with-hdr10-dolby-audio-built-in-chromecast-voice-remote-43a9ug,https://vsprod.vijaysales.com/media/catalog/product/2/4/241366_1_.jpg,Electronics > Television and Entertainment > Televisions > 4K Ultra HD,,
2026-02-10,2026-02-10 15:07:48,television,241121,"Sony BRAVIA 8 Series 164cm (65 Inch) 4K Ultra HD OLED TV - Google TV, XR Processor, Dolby Vision, DTS-HD High Resolution Audio, Built-in Mic, Google Play Store, K-65XR80M2",Sony,296990,459900,296990,Available,https://www.vijaysales.com/p/P241120/241121/sony-bravia-xr80m2-series-164cm-65-inch-4k-ultra-hd-oled-tv-google-tv-xr-processor-dolby-vision-dts-hd-high-resolution-audio-built-in-mic-google-play-store-k-65xr80m2-2025,https://vsprod.vijaysales.com/media/catalog/product/2/4/241121_2_.jpg,Electronics > Television and Entertainment > Televisions > 4K Ultra HD,,
2026-02-10,2026-02-10 15:07:48,television,241120,"Sony BRAVIA 8 Series 139cm (55 Inch) 4K Ultra HD OLED TV - Google TV, XR Processor, Dolby Vision, DTS-HD High Resolution Audio, Built-in Mic, Google Play Store, K-55XR80M2",Sony,208990,367900,208990,Available,https://www.vijaysales.com/p/P241120/241120/sony-bravia-xr80m2-series-139cm-55-inch-4k-ultra-hd-oled-tv-google-tv-xr-processor-dolby-vision-dts-hd-high-resolution-audio-built-in-mic-google-play-store-k-55xr80m2-2025,https://vsprod.vijaysales.com/media/catalog/product/2/4/241120_3_.jpg,Electronics > Television and Entertainment > Televisions > 4K Ultra HD,,
2026-02-10,2026-02-10 15:07:48,television,240869,"VISE by Vijay Sales 80 cm (32 inches) HD Smart QLED TV - webOS 3.0S, Dolby Audio, Built in Wi-Fi, ThinQ AI, VS32QWA2C",Vise,14490,44000,14490,Available,https://www.vijaysales.com/p/240869/vise-by-vijay-sales-80-cm-32-inches-hd-smart-qled-tv-webos-2-0s-dolby-audio-built-in-wi-fi-thinq-ai-vs32qwa2c,https://vsprod.vijaysales.com/media/catalog/product/w/h/whatsapp_image_2025-07-07_at_1.13.41_pm.jpeg,Electronics > Television and Entertainment > Televisions > HD,,
2026-02-10,2026-02-10 15:07:48,television,240054,"Sony BRAVIA 2 M2 190 cm (75 inches) 4K Ultra HD LED Smart Google TV with HDR10, HLG, Dolby Audio & Dolby Atmos (K-75S25M2)",Sony,120590,220900,120590,Available,https://www.vijaysales.com/p/240054/sony-190-cm-75-inches-4k-ultra-hd-led-smart-google-tv-with-hdr10-hlg-dolby-audio-dolby-atmos-k-75s25m2,https://vsprod.vijaysales.com/media/catalog/product/2/4/240054_14__1.jpg,Electronics > Television and Entertainment > Televisions > 4K Ultra HD,,
2026-02-10,2026-02-10 15:07:48,television,239976,"VISE by Vijay Sales 80 cm (32 Inch) HD Smart LED Google TV - HDR10, Dolby Audio, Google Assistant Built-In, VS32HGA8A",Vise,13990,34000,13990,Unavailable,https://www.vijaysales.com/p/239976/vise-by-vijay-sales-80-cm-32-inch-hd-smart-led-google-tv-hdr10-dolby-audio-google-assistant-built-in-vs32hga8a,https://vsprod.vijaysales.com/media/catalog/product/w/h/whatsapp_image_2025-07-07_at_1.13.29_pm.jpeg,Electronics > Television and Entertainment > Televisions > HD,,
2026-02-10,2026-02-10 15:07:48,television,239488,TCL P8K Series 206 cm (85 inch) 4K Ultra HD QLED Smart Google TV | Dolby Vision & HDR10/HLG | ONKYO 2.1 Hi-Fi System | Dolby Atmos | 120Hz Refresh Rate | Bezel-Less Design (85P8K),TCL,129990,395990,129990,Unavailable,https://www.vijaysales.com/p/P239483/239488/tcl-p8k-series-206cm-85-inch-4k-ultra-hd-qled-google-tv-onkyo-2-1-hi-fi-system-dolby-vision-hdr10-hlg-dolby-atmos-85p8k,https://vsprod.vijaysales.com/media/catalog/product/2/3/239488_1.jpg,Electronics > Television and Entertainment > Televisions > 4K Ultra HD,,
2026-02-10,2026-02-10 15:07:48,television,239486,TCL P6K Series 185 cm (75 inch) 4K Ultra HD LED Smart Google TV | AiPQ Processor | HDR10 & HLG | MEMC | 2.0 Channel Audio | 60Hz Refresh Rate | Metallic Bezel-Less Design (75P6K),TCL,65990,180890,65990,Available,https://www.vijaysales.com/p/P239481/239486/tcl-p6k-series-185cm-75-inch-4k-ultra-hd-led-google-tv-aipq-processor-hdr10-hlg-memc-2-0-channel-metallic-bezel-less-75p6k,https://vsprod.vijaysales.com/media/catalog/product/2/3/239486_1.jpg,Electronics > Television and Entertainment > Televisions > 4K Ultra HD,,
2026-02-10,2026-02-10 15:07:48,television,238711,"TCL X955 Series 292 cm (115 Inch) 4K Ultra HD QD Mini-LED Smart Google TV | 20,000+ Local Dimming Zones | 144 Hz VRR | Dolby Vision IQ & IMAX Enhanced | ONKYO 6.2.2 Hi-Fi System with Dolby Atmos | AiPQ Processor | Game Master Pro (115X955) Max",TCL,2699990,8999990,2699990,Unavailable,https://www.vijaysales.com/p/238711/tcl-x955-series-292-cm-115-inch-4k-ultra-hd-qd-mini-led-smart-google-tv-20-000-local-dimming-zones-144-hz-vrr-dolby-vision-iq-imax-enhanced-onkyo-6-2-2-hi-fi-system-with-dolby-atmos-aipq-processor-game-master-pro-115x955-max,https://vsprod.vijaysales.com/media/catalog/product/2/3/238711_1_.jpg,Electronics > Television and Entertainment > Televisions > 4K Ultra HD,,
2026-02-10,2026-02-10 15:07:48,television,238455,"ViSE by Vijay Sales 165 cm (65 Inch) 4K Ultra HD Smart Google TV – HDR10, 60Hz Refresh Rate, Built-in Google Assistant – VS65UGA8A",Vise,47990,101400,47990,Available,https://www.vijaysales.com/p/P235075/238455/vise-by-vijay-sales-165cm-65-inch-4k-ultra-hd-led-smart-google-tv-dolby-vision-hdr10-dolby-atmos-google-assistant-vs65uga8a,https://vsprod.vijaysales.com/media/catalog/product/v/i/vise_4k_uhd_led_vs65uga8a_front_.jpg,Electronics > Television and Entertainment > Televisions > 4K Ultra HD,,
2026-02-10,2026-02-10 15:07:48,television,234786,SANSUI 216 cm (85 inch) 4K Ultra HD Smart Google TV | HDR10 & Dolby Vision | Dolby Atmos & Bezel-Less Design | CA53 Processor | Far-Field Voice Control & Screen Sharing | Google Assistant (JSW85GSUHDFF),Sansui,114990,211390,114990,Available,https://www.vijaysales.com/p/P220339/234786/sansui-216cm-85-inches-4k-uhd-smart-led-tv-jsw85gsuhdff,https://vsprod.vijaysales.com/media/catalog/product/2/3/234786_1_.jpg,Electronics > Television and Entertainment > Televisions > 4K Ultra HD,,
2026-02-10,2026-02-10 15:07:48,television,231719,"Sony Bravia 126 cm (50 Inch) 4K Ultra HD LED Google TV - 4K Processor X1, Google Assistant | Chromecast Built In, Dolby Audio, Dolby Atmos, K50S20B",Sony,48790,79900,48790,Unavailable,https://www.vijaysales.com/p/231719/sony-bravia-2-50-inches-126-cm-4k-ultra-hd-smart-led-google-tv-with-dolby-audio-google-assistant-built-in-voice-search-k-50s20b-black,https://vsprod.vijaysales.com/media/catalog/product/2/3/231719-image.jpg,Electronics > Television and Entertainment > Televisions > 4K Ultra HD,,
2026-02-10,2026-02-10 15:07:48,television,231717,"Sony 80 cm (32 inch) HD Ready LED Google TV - Graphics processor X-Reality PRO, Google Assistant | Chromecast Built In, Dolby Audio, KD32W825",Sony,26990,34900,26990,Unavailable,https://www.vijaysales.com/p/231717/sony-80-cm-32-inches-led-2k-hdr-smart-google-tv-with-dolby-audio-x-reality-pro-kd-32w825-black,https://vsprod.vijaysales.com/media/catalog/product/2/3/231717-image.jpg,Electronics > Television and Entertainment > Televisions > HD Ready,,
2026-02-10,2026-02-10 15:07:48,television,231600,"Sony BRAVIA 3 189 cm (85 Inch)) 4K Ultra HD LED Google TV - HDR10/HLG, Dolby Vision, Dolby Atmos, 4K HDR Processor X1, K-85S30",Sony,237490,525900,237490,Unavailable,https://www.vijaysales.com/p/P237494/231600/sony-215-cm-85-inches-4k-ultra-hd-led-google-tv-60hz-refresh-rate-chromecast-built-in-google-assistant-game-menu-k-85s30-black,https://vsprod.vijaysales.com/media/catalog/product/2/3/231600_16_.jpg,Electronics > Television and Entertainment > Televisions > 4K Ultra HD,,
2026-02-10,2026-02-10 15:07:48,television,231518,"Sony BRAVIA 3 189 cm (75 Inch)) 4K Ultra HD LED Google TV - HDR10/HLG, Dolby Vision, Dolby Atmos, 4K HDR Processor X1, K-75S30",Sony,137740,247900,137740,Available,https://www.vijaysales.com/p/P237494/231518/sony-bravia-iii-75-inches-189cm-4k-ultra-hd-smart-led-google-tv-with-dolby-audio-google-assistant-built-in-voice-search-k-75s30-black,https://vsprod.vijaysales.com/media/catalog/product/2/3/231518-image.jpg,Electronics > Television and Entertainment > Televisions > 4K Ultra HD,,
2026-02-10,2026-02-10 15:07:48,television,231496,"VISE by Vijay Sales 165 cm (65 Inch) 4K Ultra HD QLED Smart TV - Google Assistant, Chromecast built-in, HDR10, VS65QGA8A",Vise,48850,110600,48850,Unavailable,https://www.vijaysales.com/p/231496/vise-165-cm-65-inches-hdr-smart-led-tv-with-dolby-vision-built-in-wi-fi-vs65qga8a,https://vsprod.vijaysales.com/media/catalog/product/2/3/231496-image.jpg,Electronics > Television and Entertainment > Televisions > Ultra HD,,
2026-02-10,2026-02-10 15:07:48,television,231411,"Sony BRAVIA 3 126 cm (50 Inch)) 4K Ultra HD LED Google TV - HDR10/HLG, Dolby Vision, Dolby Atmos, 4K HDR Processor X1, K-50S30",Sony,70610,105900,70610,Available,https://www.vijaysales.com/p/P237494/231411/sony-bravia-iii-50-inches-126cm-4k-ultra-hd-smart-led-google-tv-with-dolby-audio-google-assistant-built-in-voice-search-k-50s30-black,https://vsprod.vijaysales.com/media/catalog/product/2/3/231411-image.jpg,Electronics > Television and Entertainment > Televisions > 4K Ultra HD,,
2026-02-10,2026-02-10 15:07:48,television,230999,"Sony BRAVIA 7 189 cm (75 Inch) Mini LED QLED 4K Google TV - XR Processor, Dolby Vision, Perfect for PS5 - K75XR70",Sony,282990,413900,282990,Available,https://www.vijaysales.com/p/P230873/230999/sony-bravia-7-189-cm-75-inches-mini-led-qled-google-tv-with-dolby-vision-hdr-chromecast-built-in-k75xr70-2024-model-edition,https://vsprod.vijaysales.com/media/catalog/product/2/3/230999-image_13.jpg,Electronics > Television and Entertainment > Televisions > Ultra HD,,
2026-02-10,2026-02-10 15:07:48,television,230919,"Sony 126 cm (50 Inch) 4K Ultra HD LED Google TV - 4K X-Reality PRO, Google Assistant | Chromecast Built In, Dolby Audio and Open Baffle Speaker, K50S25",Sony,51400,78900,51400,Unavailable,https://www.vijaysales.com/p/230919/sony-ultra-hd-4k-tv-49-5-inch-126-cm-with-dolby-audio-auto-genre-picture-mode-k50s25-black,https://vsprod.vijaysales.com/media/catalog/product/2/3/230919-image.jpg,Electronics > Television and Entertainment > Televisions > 4K Ultra HD,,
2026-02-10,2026-02-10 15:07:48,television,230874,"Sony BRAVIA 7 164 cm (65 Inch) Mini LED QLED 4K Google TV - XR Processor, Dolby Vision, Perfect for PS5 - K-65XR70",Sony,190990,275900,190990,Available,https://www.vijaysales.com/p/P230873/230874/sony-bravia-7-164-cm-65-inches-mini-led-qled-4k-hdr-google-tv-with-dolby-vision-hdr-features-for-playstation-5-k65xr70-2024-model-edition,https://vsprod.vijaysales.com/media/catalog/product/2/3/230874-image1.jpg,Electronics > Television and Entertainment > Televisions > 4K Ultra HD,,
2026-02-10,2026-02-10 15:07:48,television,230728,"Sony 80 cm (32 inch) HD Ready LED Google TV - Graphics Coprocessor X-Reality PRO, Google Assistant | Chromecast Built In, Dolby Audio, KD32W835",Sony,26450,34900,26450,Available,https://www.vijaysales.com/p/230728/sony-80-cm-32-inches-led-2k-hdr-smart-google-tv-with-dolby-audio-dolby-atmos-kd32w835-black,https://vsprod.vijaysales.com/media/catalog/product/2/3/230728-image.jpg,Electronics > Television and Entertainment > Televisions > HD Ready,,
2026-02-10,2026-02-10 15:07:48,television,230639,"Haier 140 cm (55 Inch) 4K Ultra HD QLED Google TV - Bezel-less Design, Google Assistant, Dolby Atmos, 55Q6",Haier,44290,90990,44290,Unavailable,https://www.vijaysales.com/p/P230638/230639/haier-55-inch-140-cm-4k-uhd-qled-smart-google-tv-with-bezel-less-design-dolby-atmos-google-assistant-55q6,https://vsprod.vijaysales.com/media/catalog/product/2/3/230639-image1.jpg,Electronics > Television and Entertainment > Televisions > 4K Ultra HD,,
2026-02-10,2026-02-10 15:07:48,television,230638,"Haier 108 cm (43 Inch) 4K Ultra HD QLED Google TV - Bezel-less Design, Google Assistant, Dolby Atmos, 43Q6",Haier,30390,63990,30390,Unavailable,https://www.vijaysales.com/p/P230638/230638/haier-43-inch-108-cm-4k-uhd-qled-smart-google-tv-with-bezel-less-design-dolby-atmos-google-assistant-43q6,https://vsprod.vijaysales.com/media/catalog/product/2/3/230638-image1.jpg,Electronics > Television and Entertainment > Televisions > 4K Ultra HD,,
2026-02-10,2026-02-10 15:07:48,television,230635,"Haier 108 cm (43 Inch) 4K Ultra HD LED Google TV - Bezel-less Design, Google Assistant, LE43A900UG",Haier,24990,33490,24990,Available,https://www.vijaysales.com/p/230635/haier-108-cm-43-inch-4k-uhd-led-smart-google-tv-with-bezel-less-design-google-assistant-le43a900ug,https://vsprod.vijaysales.com/media/catalog/product/2/3/230635-image1.jpg,Electronics > Television and Entertainment > Televisions > 4K Ultra HD,,
2026-02-10,2026-02-10 15:07:48,television,230634,"Haier 80 cm (32 inch) HD Ready LED Google TV - Bezel-less Design, Google Assistant, LE32A900G-N",Haier,13990,21700,13990,Unavailable,https://www.vijaysales.com/p/230634/haier-80-cm-32-inch-hd-ready-led-smart-google-tv-with-bezel-less-design-google-assistant-le32a9000g,https://vsprod.vijaysales.com/media/catalog/product/2/3/230634-image1.jpg,Electronics > Television and Entertainment > Televisions > HD Ready,,
2026-02-10,2026-02-10 15:07:48,television,230631,"Sansui 190 cm (75 Inches) 4K Ultra HD QLED Smart Google TV – Bezel-less Design, Dolby Vision & Atmos, DTS Studio Sound – JSW75GSQLED",Sansui,72490,152890,72490,Unavailable,https://www.vijaysales.com/p/P234913/230631/sansui-75-inch-190-cm-4k-ultra-hd-qled-smart-google-tv-dolby-vision-atmos-google-assistant-zen-panel-2-years-panel-warranty-jsw75gsqled,https://vsprod.vijaysales.com/media/catalog/product/2/3/230631-image.jpg,Electronics > Television and Entertainment > Televisions > 4K Ultra HD,,
2026-02-10,2026-02-10 15:07:48,television,224187,"Sansui 254 cm (100 inches) 4K Ultra HD QLED Smart Google TV with Dolby Atmos & Dolby Vision, HDR10+, Game Mode (JSW100GSQLEDFF)",Sansui,254990,449890,254990,Available,https://www.vijaysales.com/p/224187/sansui-254-cm-100-inches-4k-ultra-hd-qled-smart-google-tv-with-dolby-atmos-dolby-vision-hdr10-game-mode-jsw100gsqledff,https://vsprod.vijaysales.com/media/catalog/product/2/2/224187-image1.jpg,Electronics > Television and Entertainment > Televisions > 4K Ultra HD,,
2026-02-10,2026-02-10 15:07:48,television,223128,SANSUI 165 cm (65 inch) 4K Ultra HD LED Smart Google TV | Dolby Vision & HDR10/HLG | Dolby Atmos & 4K Upscaling | Far-Field Voice Control & Screen Sharing | Google Assistant | Bezel-Less IPS Display (JSW65GSUHDFF),Sansui,47490,63890,47490,Available,https://www.vijaysales.com/p/223128/sansui-165cm-65-inch-4k-ultra-hd-led-google-tv-hdr10-hlg-dolby-vision-4k-upscaling-dolby-atmos-screen-sharing-google-assistant-far-field-voice-control-jsw65gsuhdff,https://vsprod.vijaysales.com/media/catalog/product/j/s/jsw65gsuhdff_1.jpg,Electronics > Television and Entertainment > Televisions > 4K Ultra HD,,
2026-02-10,2026-02-10 15:07:48,television,220339,SANSUI 177 cm (70 inch) 4K Ultra HD Smart Google TV | HDR10 & Dolby Vision | Dolby Atmos & Box Speakers | Zen Panel Display | Far-Field Voice Control & Chromecast Built-in | Google Assistant | Bezel-Less LED TV (JSW70GSUHDFF),Sansui,47990,87190,47990,Unavailable,https://www.vijaysales.com/p/P220339/220339/sansui-4k-uhd-led-70-inch-177cm-with-arm-ca53-processor-google-tv-operating-system-dolby-atmos-sound-technology-black-jsw70gsuhdff,https://vsprod.vijaysales.com/media/catalog/product/2/2/220339-image1_2.jpg,Electronics > Television and Entertainment > Televisions > 4K Ultra HD,,
2026-02-10,2026-02-10 15:07:48,television,219014,"Panasonic MX Series 139 cm (55 inches) 4K Ultra HD Smart Android LED TV with Dolby Audio, Google Assistant & Alexa, Google TV (TH-55MX740DX)",Panasonic,46990,66990,46990,Unavailable,https://www.vijaysales.com/p/219014/panasonic-139-cm-55-inches-4k-ultra-hd-smart-android-led-tv-with-dolby-audio-google-assistant-alexa-google-tv-th-55mx740dx,https://vsprod.vijaysales.com/media/catalog/product/2/1/219014-image1_1.jpg,Electronics > Television and Entertainment > Televisions > 4K Ultra HD,,
2026-02-10,2026-02-10 15:07:48,television,206979,"Sansui 140 cm (55 Inches) 4K Ultra HD QLED Smart Google TV – Bezel-less Design, Dolby Vision & Atmos, DTS Studio Sound – JSW55GSQLED",Sansui,34990,53990,34990,Unavailable,https://www.vijaysales.com/p/P234913/206979/sansui-ultra-hd-4k-smart-qled-55-inch-140cm-jsw55gsqled-2022-model-edition,https://vsprod.vijaysales.com/media/catalog/product/2/0/206979.jpg,Electronics > Television and Entertainment > Televisions > 4K Ultra HD,,
2026-02-10,2026-02-10 15:07:48,television,243476,"LLYOD 139cm (55 Inch) 4K Ultra HD Mini LED Smart WebOS TV - 4K Upscaling, HDR 10, 2.1 Channel Inbuilt Woofer, Screen Sharing, GL55U4P2XA",LLOYD,50990,147900,50990,Available,https://www.vijaysales.com/p/243476/llyod-139cm-55-inch-4k-ultra-hd-mini-led-smart-webos-tv-4k-upscaling-hdr-10-2-1-channel-inbuilt-woofer-screen-sharing-gl55u4p2xa,https://vsprod.vijaysales.com/media/catalog/product/2/4/243476_1_.jpg,Electronics > Television and Entertainment > Televisions > 4K Ultra HD,,
2026-02-10,2026-02-10 15:07:48,television,242428,"LG QNED 8CA 189cm (75 Inch) 4K Ultra HD Smart TV - webOS 25, α7 AI Processor 4K Gen8, HDR10/HLG, Filmmaker Mode, AI Chatbot, HGIG, Dolby Atmos, Google Cast, 75QNED8CA6A",LG,134990,239990,134990,Available,https://www.vijaysales.com/p/242428/lg-qned-8ca-189cm-75-inch-4k-ultra-hd-smart-tv-webos-25-a7-ai-processor-4k-gen8-hdr10-hlg-filmmaker-mode-ai-chatbot-hgig-dolby-atmos-google-cast-75qned8ca6a,https://vsprod.vijaysales.com/media/catalog/product/2/4/242428_2_.jpg,Electronics > Television and Entertainment > Televisions > 4K Ultra HD,,
2026-02-10,2026-02-10 15:07:48,television,242427,"LG QNED 8CA 217cm (86 Inch) 4K Ultra HD Smart TV - webOS 25, α7 AI Processor 4K Gen8, HDR10/HLG, Filmmaker Mode, AI Chatbot, HGIG, Dolby Atmos, Google Cast, 86QNED8CA6A",LG,248990,399990,248990,Unavailable,https://www.vijaysales.com/p/242427/lg-qned-8ca-217cm-86-inch-4k-ultra-hd-smart-tv-webos-25-a7-ai-processor-4k-gen8-hdr10-hlg-filmmaker-mode-ai-chatbot-hgig-dolby-atmos-google-cast-86qned8ca6a-2025,https://vsprod.vijaysales.com/media/catalog/product/2/4/242427_2_.jpg,Electronics > Television and Entertainment > Televisions > 4K Ultra HD,,
2026-02-10,2026-02-10 15:07:48,television,242403,"LLYOD 80cm (32 Inch) HD QLED Smart WebOS TV - A+ Grade Panel, HDR 10, Dolby Audio, Screen Sharing, GL32H4A3BD",LLOYD,14490,24490,14490,Available,https://www.vijaysales.com/p/242403/llyod-80cm-32-inch-hd-qled-smart-webos-tv-a-grade-panel-hdr-10-dolby-audio-screen-sharing-gl32h4a3bd,https://vsprod.vijaysales.com/media/catalog/product/2/4/242403_1_.jpg,Electronics > Television and Entertainment > Televisions > HD,,
2026-02-10,2026-02-10 15:07:48,television,242269,"LG 139cm (55 Inch) 4K Ultra HD AI TV - webOS 23, α5 AI Processor 4K Gen6 with AI Brightness & 4K Upscaling, HDR10 / HLG, ALLM, HGIG, AI Sound, 55UR75006LC",LG,38490,71990,38490,Unavailable,https://www.vijaysales.com/p/P242268/242269/lg-139cm-55-inch-4k-ultra-hd-ai-tv-webos-23-a5-ai-processor-4k-gen6-with-ai-brightness-4k-upscaling-hdr10-hlg-allm-hgig-ai-sound-55ur75006lc-2025,https://vsprod.vijaysales.com/media/catalog/product/2/4/242269_1.jpg,Electronics > Television and Entertainment > Televisions > 4K Ultra HD,,
2026-02-10,2026-02-10 15:07:48,television,242268,"LG 108 cm (43 Inch) 4K Ultra HD AI TV - webOS 23, α5 AI Processor 4K Gen6 with AI Brightness & 4K Upscaling, HDR10 / HLG, ALLM, HGIG, AI Sound, 43UR75006LC",LG,28990,49990,28990,Unavailable,https://www.vijaysales.com/p/P242268/242268/lg-108-cm-43-inch-4k-ultra-hd-ai-tv-webos-23-a5-ai-processor-4k-gen6-with-ai-brightness-4k-upscaling-hdr10-hlg-allm-hgig-ai-sound-43ur75006lc-2025,https://vsprod.vijaysales.com/media/catalog/product/2/4/242268_1.jpg,Electronics > Television and Entertainment > Televisions > 4K Ultra HD,,
2026-02-10,2026-02-10 15:07:48,television,240952,LG 195 cm (77 Inch) OLED evo G5 Series 4K Ultra HD Smart TV | Brightness Booster Max | α11 AI Processor 4K Gen2 | Dolby Vision & Dolby Atmos | webOS Smart Platform | VRR 165Hz Refresh Rate (OLED77G56LA),LG,450390,580790,450390,Unavailable,https://www.vijaysales.com/p/240952/lg-195-cm-77-inch-oled-evo-g5-series-4k-ultra-hd-smart-tv-brightness-booster-max-a11-ai-processor-4k-gen2-dolby-vision-dolby-atmos-webos-smart-platform-vrr-165hz-refresh-rate-oled77g56la,https://vsprod.vijaysales.com/media/catalog/product/2/4/240952_1_.jpg,Electronics > Television and Entertainment > Televisions > 4K Ultra HD,,
2026-02-10,2026-02-10 15:07:48,television,240951,LG 245 cm (97 Inch) OLED evo G5 Series 4K Ultra HD Smart TV | Brightness Booster Max | α11 AI Processor 4K Gen2 | Dolby Vision & Dolby Atmos | webOS Smart Platform | VRR 165Hz Refresh Rate (OLED97G56LA),LG,1572990,2304690,1572990,Unavailable,https://www.vijaysales.com/p/240951/lg-246-cm-97-inch-oled-evo-g5-series-4k-ultra-hd-smart-tv-brightness-booster-max-a11-ai-processor-4k-gen2-dolby-vision-dolby-atmos-webos-smart-platform-vrr-165hz-refresh-rate-oled97g56la,https://vsprod.vijaysales.com/media/catalog/product/2/4/240951_1_.jpg,Electronics > Television and Entertainment > Televisions > 4K Ultra HD,,
2026-02-10,2026-02-10 15:07:48,television,240950,LG 210 cm (83 inch) OLED evo C5 Series 4K Ultra HD Smart TV | Brightness Booster | α9 AI Processor 4K Gen7 | Dolby Vision & Dolby Atmos | webOS Smart Platform | VRR 144Hz Refresh Rate | Ultra-Slim Design (OLED83C56LA),LG,524990,737590,524990,Unavailable,https://www.vijaysales.com/p/240950/lg-210-cm-83-inch-oled-evo-c5-series-4k-ultra-hd-smart-tv-brightness-booster-a9-ai-processor-4k-gen7-dolby-vision-dolby-atmos-webos-smart-platform-vrr-144hz-refresh-rate-ultra-slim-design-oled83c56la,https://vsprod.vijaysales.com/media/catalog/product/2/4/240950_1_.jpg,Electronics > Television and Entertainment > Televisions > 4K Ultra HD,,
2026-02-10,2026-02-10 15:07:48,television,240949,"LG OLED evo (C5) 195cm (77 Inch) 4K Ultra HD AI TV - webOS 25, α9 AI Processor 4K Gen8, Dolby Vision, Filmmaker Mode, Dolby Atmos, FreeSync(AMD), G-Sync(NVIDIA), α9 AI Sound Pro, Google Cast, OLED77C56LA",LG,394990,543990,394990,Available,https://www.vijaysales.com/p/240949/lg-oled-evo-c5-195cm-77-inch-4k-ultra-hd-ai-tv-webos-25-a9-ai-processor-4k-gen8-dolby-vision-filmmaker-mode-dolby-atmos-freesync-amd-g-sync-nvidia-a9-ai-sound-pro-google-cast-oled77c56la-2025,https://vsprod.vijaysales.com/media/catalog/product/2/4/240949_1_.jpg,Electronics > Television and Entertainment > Televisions > 4K Ultra HD,,
2026-02-10,2026-02-10 15:07:48,television,240948,"LG OLED evo (C5X) 164cm (65 Inch) 4K Ultra HD AI TV - webOS 25, α9 AI Processor 4K Gen8, Dolby Vision, Filmmaker Mode, Dolby Atmos, FreeSync(AMD), G-Sync(NVIDIA), α9 AI Sound Pro, Google Cast, OLED65C5XLA",LG,181499,287590,181499,Unavailable,https://www.vijaysales.com/p/P240947/240948/lg-oled-evo-164cm-65-inch-4k-ultra-hd-oled-tv-webos-25-a9-ai-processor-4k-gen8-oled-motion-dolby-vision-g-sync-nvidia-ai-chatbot-google-cast-dolby-atmos-oled65c5xla-2025,https://vsprod.vijaysales.com/media/catalog/product/2/4/240948_2_1__1.jpg,Electronics > Television and Entertainment > Televisions > 4K Ultra HD,,
2026-02-10,2026-02-10 15:07:48,television,240938,"LG 189cm (75 Inch) 4K QNED MiniLED TV - webOS 25, α8 AI Processor 4K Gen2, Dolby Vision, Filmmaker Mode, Dolby Atmos, HGIG, ALLM, AI Sound, FreeSync(AMD), Google Cast, 75QNED8XA6A",LG,139990,239690,139990,Available,https://www.vijaysales.com/p/P240939/240938/lg-189cm-75-inch-4k-qned-miniled-tv-webos-25-a8-ai-processor-4k-gen2-dolby-vision-filmmaker-mode-dolby-atmos-hgig-allm-ai-sound-freesync-amd-google-cast-75qned8xa6a-2025,https://vsprod.vijaysales.com/media/catalog/product/2/4/240938_1_1.jpg,Electronics > Television and Entertainment > Televisions > 4K Ultra HD,,
2026-02-10,2026-02-10 15:07:48,television,240932,"LG NanoCell AI (NANO85) 217cm (86 Inch) 4K Ultra HD Smart TV - webOS 25, α7 AI Processor 4K Gen8, HDR10/HLG, ALLM, HGIG, Intelligent Voice Recognition, Google Cast, Dolby Atmos, 86NANO85A6A",LG,229690,368790,229690,Available,https://www.vijaysales.com/p/240932/lg-nanocell-ai-nano85-217cm-86-inch-4k-ultra-hd-smart-tv-webos-25-a7-ai-processor-4k-gen8-hdr10-hlg-allm-hgig-intelligent-voice-recognition-google-cast-dolby-atmos-75nano85a6a-2025,https://vsprod.vijaysales.com/media/catalog/product/2/4/240932_1_1.jpg,Electronics > Television and Entertainment > Televisions > 4K Ultra HD,,
2026-02-10,2026-02-10 15:07:48,television,240931,"LG NanoCell AI (NANO85) 189cm (75 Inch) 4K Ultra HD Smart TV - webOS 25, α7 AI Processor 4K Gen8, HDR10/HLG, ALLM, HGIG, Intelligent Voice Recognition, Google Cast, Dolby Atmos, 75NANO85A6A",LG,96299,217590,96299,Available,https://www.vijaysales.com/p/240931/lg-nanocell-ai-nano85-189cm-75-inch-4k-ultra-hd-smart-tv-webos-25-a7-ai-processor-4k-gen8-hdr10-hlg-allm-hgig-intelligent-voice-recognition-google-cast-dolby-atmos-75nano85a6a-2025,https://vsprod.vijaysales.com/media/catalog/product/2/4/240932_1.jpg,Electronics > Television and Entertainment > Televisions > 4K Ultra HD,,
2026-02-10,2026-02-10 15:07:48,television,240199,"Samsung UE81A Series 138 cm (55 Inch) Crystal 4K UHD Tizen™ Smart LED TV - 4K Upscaling, Filmmaker Mode, 2CH, Q-Symphony, Alexa, Sound Mirroring, Auto Game Mode, Mobile to TV, UA55UE81AF",Samsung,59800,59900,59800,Unavailable,https://www.vijaysales.com/p/240199/samsung-ue81a-series-138-cm-55-inch-crystal-4k-uhd-tizentm-smart-led-tv-4k-upscaling-filmmaker-mode-2ch-q-symphony-alexa-sound-mirroring-auto-game-mode-mobile-to-tv-ua55ue81af,https://vsprod.vijaysales.com/media/catalog/product/u/e/ue81a_series_6.jpg,Electronics > Television and Entertainment > Televisions > 4K Ultra HD,,
2026-02-10,2026-02-10 15:07:48,television,240198,"Samsung UE81A Series 125 cm (50 Inch) Crystal 4K UHD Tizen™ Smart LED TV - 4K Upscaling, Filmmaker Mode, 2CH, Q-Symphony, Alexa, Sound Mirroring, Auto Game Mode, Mobile to TV, UA50UE81AF",Samsung,54800,54900,54800,Unavailable,https://www.vijaysales.com/p/240198/samsung-ue81a-series-125-cm-50-inch-crystal-4k-uhd-tizentm-smart-led-tv-4k-upscaling-filmmaker-mode-2ch-q-symphony-alexa-sound-mirroring-auto-game-mode-mobile-to-tv-ua50ue81af,https://vsprod.vijaysales.com/media/catalog/product/u/e/ue81a_series_1.jpg,Electronics > Television and Entertainment > Televisions > 4K Ultra HD,,
2026-02-10,2026-02-10 15:07:48,television,240197,"Samsung UE81A Series 108 cm (43 Inch) Crystal 4K UHD Tizen™ Smart LED TV - 4K Upscaling, Motion Xcelerator, Google Assistant, VRR/HGiG, Adaptive Sound, Mobile to TV, UA43UE81AF",Samsung,42800,42900,42800,Unavailable,https://www.vijaysales.com/p/240197/samsung-ue81a-series-108-cm-43-inch-crystal-4k-uhd-tizentm-smart-led-tv-4k-upscaling-motion-xcelerator-google-assistant-vrr-hgig-adaptive-sound-mobile-to-tv-ua43ue81af,https://vsprod.vijaysales.com/media/catalog/product/u/e/ue81a_series.jpg,Electronics > Television and Entertainment > Televisions > 4K Ultra HD,,
2026-02-10,2026-02-10 15:07:48,television,240196,"Samsung F5550 Series 108 cm (43 Inch) Full HD Tizen™ Smart LED TV - Hyper Real, HDR 10+, Q-Symphony, Google Assistant, Wireless TV On, UA43F5550F",Samsung,29800,29900,29800,Unavailable,https://www.vijaysales.com/p/240196/samsung-f5550-series-108-cm-43-inch-full-hd-tizentm-smart-led-tv-hyper-real-hdr-10-q-symphony-google-assistant-wireless-tv-on-ua43f5550f,https://vsprod.vijaysales.com/media/catalog/product/2/4/240196_1.jpg,Electronics > Television and Entertainment > Televisions > Full HD,,
2026-02-10,2026-02-10 15:07:48,television,240195,"Samsung H4550 Series 80 cm (32 Inch) HD Tizen™ Smart LED TV - Hyper Real, HDR 10+, Adaptive Sound, Google Assistant, Mobile to TV, UA32H4550F",Samsung,17800,17900,17800,Unavailable,https://www.vijaysales.com/p/240195/samsung-h4550-series-80-cm-32-inch-hd-tizentm-smart-led-tv-hyper-real-hdr-10-adaptive-sound-google-assistant-mobile-to-tv-ua32h4550f,https://vsprod.vijaysales.com/media/catalog/product/2/4/240195_1.jfif.jpg,Electronics > Television and Entertainment > Televisions > HD,,
2026-02-10,2026-02-10 15:07:48,television,237493,"LG UT73506 108 cm (43 Inch) 4K UHD LED Smart TV - webOS 24, ThinQ Al, HDR10/HLG, AI Sound Pro, 2.0 Channel, 43UT73506LA",LG,29900,54390,29900,Unavailable,https://www.vijaysales.com/p/237493/lg-ut73506-108-cm-43-inch-4k-uhd-led-smart-tv-webos-24-thinq-al-hdr10-hlg-ai-sound-pro-2-0-channel-43ut73506la,https://vsprod.vijaysales.com/media/catalog/product/2/3/237493.jpg,Electronics > Television and Entertainment > Televisions > 4K Ultra HD,,
2026-02-10,2026-02-10 15:07:48,television,235890,"LLYOD 254cm (100 Inch) 4K Ultra HD QLED Smart Google TV - 4K Upscaling, HDR 10, Dolby Atmos, Multi Voice Assistant, Screen Sharing, GL100U4S2TG",LLOYD,264990,829500,264990,Available,https://www.vijaysales.com/p/235890/llyod-254cm-100-inch-4k-ultra-hd-qled-smart-webos-tv-4k-upscaling-hdr-10-dolby-atmos-multi-voice-assistant-screen-sharing-gl100u4s2tg,https://vsprod.vijaysales.com/media/catalog/product/2/3/235890_1_.jpg,Electronics > Television and Entertainment > Televisions > 4K Ultra HD,,
2026-02-10,2026-02-10 15:07:48,television,231652,"LLYOD 139cm (55 Inch) 4K Ultra HD LED Smart WebOS TV - 4K Upscaling, HDR, Immersive sound, Screen Sharing, GL55U4P2SF",LLOYD,35990,61500,35990,Unavailable,https://www.vijaysales.com/p/231652/llyod-139cm-55-inch-4k-ultra-hd-led-smart-webos-tv-4k-upscaling-hdr-immersive-sound-screen-sharing-gl55u4p2sf,https://vsprod.vijaysales.com/media/catalog/product/2/3/239861_1.jpg,Electronics > Television and Entertainment > Televisions > 4K Ultra HD,,
2026-02-10,2026-02-10 15:07:48,television,231651,"Lloyd 109cm (43 inches) 4K Ultra HD Smart LED TV - 4K Upscale, WebOS (GL43U4T2EF)",LLOYD,19990,45900,19990,Unavailable,https://www.vijaysales.com/p/231651/lloyd-109cm-43-inches-smart-webos-led-tv-43us850f,https://vsprod.vijaysales.com/media/catalog/product/2/3/231651-image_1.jpg,Electronics > Television and Entertainment > Televisions > Ultra HD,,
2026-02-10,2026-02-10 15:07:48,television,231445,Lloyd 140cm (55 inches) QLED Smart WebOS LED TV (55PS851F),LLOYD,38490,61500,38490,Unavailable,https://www.vijaysales.com/p/231445/lloyd-140cm-55-inches-qled-smart-webos-led-tv-55ps851f,https://vsprod.vijaysales.com/media/catalog/product/2/3/231445-image.jpg,Electronics > Television and Entertainment > Televisions > Ultra HD,,
2026-02-10,2026-02-10 15:07:48,television,230546,"Samsung 216 cm (85 Inch) 4K Ultra HD QLED Smart TV - NQ4 AI Gen2 Processor, Motion Xcelerator, Dolby Atmos, Tizen, QA85QN90D",Samsung,499990,749900,499990,Unavailable,https://www.vijaysales.com/p/230546/samsung-216-cm-85-inches-neo-4k-qled-smart-tv-with-nq4-ai-gen2-processor-motion-xcelerator-qa85qn90d,https://vsprod.vijaysales.com/media/catalog/product/2/3/230546-image1.jpg,Electronics > Television and Entertainment > Televisions > 4K Ultra HD,,
2026-02-10,2026-02-10 15:07:48,television,230126,"LG UT80 Series 139 cm (55 Inch) 4K Ultra HD LED Smart TV - alpha 5 AI Processor 4K Gen7, HGIG Mode - Game Optimizer, AI Sound Pro, webOS, 55UT80506LA",LG,44200,82890,44200,Unavailable,https://www.vijaysales.com/p/230126/lg-ut80-series-139-cm-55-inches-4k-ultra-hd-smart-tv-with-webos-24-hdr10-pro-alpha-5-ai-processor-4k-gen7-magic-remote-55ut80506la,https://vsprod.vijaysales.com/media/catalog/product/2/3/230126-image1.jpg,Electronics > Television and Entertainment > Televisions > 4K Ultra HD,,
2026-02-10,2026-02-10 15:07:48,television,228743,"LG 108 cm (43 Inch) 4K Ultra HD LED Smart TV - AI ThinQ, HGIG Mode - Game Optimizer, AI Sound, webOS, 43UQ7500PSF",LG,32990,49990,32990,Unavailable,https://www.vijaysales.com/p/228743/lg-108-cm-43-inches-4k-ultra-hd-led-smart-tv-with-webos-ai-thinq-ai-sound-and-hgig-mode-43uq7500psf-ceramic-black,https://vsprod.vijaysales.com/media/catalog/product/2/2/228743n_1_.jpg,Electronics > Television and Entertainment > Televisions > 4K Ultra HD,,
2026-02-10,2026-02-10 15:07:48,television,218394,"Samsung 195 cm (77 Inch) 4K Ultra HD OLED Smart TV - Neural Quantum Processor 4K, LaserSlim Design, Dolby Atmos, Tizen, QA77S90C",Samsung,449990,519900,449990,Unavailable,https://www.vijaysales.com/p/218394/samsung-195-cm-77-inches-s90c-4k-oled-smart-tv-with-neural-quantum-processor-4k-dolby-atmos-qa77s90c-2023-model-edition,https://vsprod.vijaysales.com/media/catalog/product/2/1/218394-image1_1.jpg,Electronics > Television and Entertainment > Televisions > 4K Ultra HD,,
2026-02-10,2026-02-10 15:07:48,television,217468,"Samsung 178 cm (70 Inch) Crystal 4K Ultra HD LED Smart TV - Crystal Processor 4K, Smart Hub, OTS Lite Technology, Tizen, UA70CU7700",Samsung,96990,127900,96990,Unavailable,https://www.vijaysales.com/p/217468/samsung-178-cm-70-inches-cu7700-crystal-4k-ultra-hd-smart-led-tv-with-crystal-processor-4k-3d-surround-sound-ua70cu7700-2023-model-edition,https://vsprod.vijaysales.com/media/catalog/product/2/1/217468-image1_2.jpg,Electronics > Television and Entertainment > Televisions > 4K Ultra HD,,
2026-02-10,2026-02-10 15:07:48,television,217462,"Samsung 138 cm (55 Inch) Crystal 4K Ultra HD LED Smart TV - Crystal Processor 4K, AirSlim Design, Smart Hub, Tizen, UA55CU8570",Samsung,72990,85900,72990,Unavailable,https://www.vijaysales.com/p/217462/samsung-138-cm-55-inches-cu8570-crystal-4k-ultra-hd-smart-led-tv-with-dynamic-crystal-colour-built-in-alexa-ua55cu8570-2023-model-edition,https://vsprod.vijaysales.com/media/catalog/product/2/1/217462-image1_2.jpg,Electronics > Television and Entertainment > Televisions > 4K Ultra HD,,
2026-02-10,2026-02-10 15:07:48,television,217459,"Samsung 125 cm (50 Inch) 4K Ultra HD QLED Smart TV - Quantum Processor Lite 4K, AirSlim Design, OTS Lite & Q-Symphony Technology, Tizen, QA50Q60C",Samsung,60790,83900,60790,Unavailable,https://www.vijaysales.com/p/217459/samsung-125-cm-50-inches-q60c-4k-qled-smart-tv-with-quantum-hdr-technology-3d-surround-sound-qa50q60c-2023-model-edition,https://vsprod.vijaysales.com/media/catalog/product/2/1/217459-image1_2.jpg,Electronics > Television and Entertainment > Televisions > 4K Ultra HD,,
2026-02-10,2026-02-10 15:07:48,television,202719,"Samsung 247 cm (98 inch) 4K Ultra HD QLED Smart TV - Neo Quantum Processor 4K, Quantum HDR 32X*, OTS+ Technology, Tizen, QA98QN90A",Samsung,1449000,2299000,1449000,Unavailable,https://www.vijaysales.com/p/202719/samsung-qn90a-neo-4k-tizen-qled-98-inch-247-cm-qa98qn90a-2022-model-edition,https://vsprod.vijaysales.com/media/catalog/product/2/0/202719-image1_2.jpg,Electronics > Television and Entertainment > Televisions > 4K Ultra HD,,
2026-02-10,2026-02-10 15:07:48,television,172747,"LG 80 cm (32 inch) HD Ready LED Smart TV - AI ThinQ, HDR 10 Pro, Dolby Audio, webOS, (32LM560BPTC)",LG,17490,22490,17490,Unavailable,https://www.vijaysales.com/p/172747/lg-32lm560bptc-32-80-cm-smart-led-tv,https://vsprod.vijaysales.com/media/catalog/product/1/7/172747-image1_3.jpg,Electronics > Television and Entertainment > Televisions > HD Ready,,
