scrape_date,scrape_timestamp,category,sku,title,brand,price,mrp,vsp,availability,product_url,image_url,categories,rating,review_count
2026-02-02,2026-02-02 10:51:20,laptops,245494,HP Thin & Light Laptop (Intel Core 3/ 16GB/ 512GB SSD/ Windows 11/ 15.6 inch (39.6 cm) FHD Display) 15-fd1284TU,HP,40990,51000,40990,Available,https://www.vijaysales.com/p/245494/hp-thin-light-laptop-intel-core-3-16gb-512gb-ssd-windows-11-15-6-inch-39-6-cm-fhd-display-15-fd1284tu,https://vsprod.vijaysales.com/media/catalog/product/1/_/1_126.jpg,Electronics > Computers and Laptops > Laptops > Laptops,,
2026-02-02,2026-02-02 10:51:20,laptops,245126,Dell 15 Laptop (AMD Ryzen 3/ 8GB RAM/ 512GB SSD/ 15.6 inch (39.62 cm) Display/ AMD Radeon 610M Graphics/ MS Office) ODC1525585101RINB1,Dell,32990,41190,32990,Available,https://www.vijaysales.com/p/245126/dell-15-laptop-amd-ryzen-3-8gb-ram-512gb-ssd-15-6-inch-39-62-cm-display-amd-radeon-610m-graphics-ms-office-odc1525585101rinb1,https://vsprod.vijaysales.com/media/catalog/product/2/4/245126ne_1_.jpg,Electronics > Computers and Laptops > Laptops > Laptops,,
2026-02-02,2026-02-02 10:51:20,laptops,245847,HP Thin & Light Laptop (AMD Ryzen 5/ 16GB RAM/ 512GB SSD/ AMD Radeon Graphics/ Windows 11 Home) 15-fc0703AU | Natural Silver,HP,45499,54551,45499,Available,https://www.vijaysales.com/p/245847/hp-thin-light-laptop-amd-ryzen-5-16gb-ram-512gb-ssd-amd-radeon-graphics-windows-11-home-15-fc0703au-natural-silver,https://vsprod.vijaysales.com/media/catalog/product/i/m/imgi_53_318728_0_xqm3lrmge_1.jpg,Electronics > Computers and Laptops > Laptops > Laptops,,
2026-02-02,2026-02-02 10:51:20,laptops,239245,HP Thin & Light Laptop (Intel Core i5/ 16GB DDR4 RAM/ 512GB SSD/ 14 Inch (35.56 cm) FHD Display/ Intel Iris® Xᵉ Graphics/ Windows 11/ MS-Office) 14-gr0002TU,HP,53990,75000,53990,Unavailable,https://www.vijaysales.com/p/239245/hp-thin-light-laptop-intel-core-i5-16gb-ddr4-ram-512gb-ssd-14-inch-35-56-cm-fhd-display-intel-irisr-x-graphics-windows-11-ms-office-14-gr0002tu,https://vsprod.vijaysales.com/media/catalog/product/2/3/239245_1.jpg,Electronics > Computers and Laptops > Laptops > Laptops,,
2026-02-02,2026-02-02 10:51:20,laptops,231452,Acer Aspire 3 A325-45 Laptop (Intel Celeron N4500/ 8GB RAM/ 512GB SSD/  15.6 inch (39.6 cm) Full HD LED Backlit Display/ Intel UHD Graphics/ Windows 11) UN.344SI.007,Acer,25990,36990,25990,Unavailable,https://www.vijaysales.com/p/231452/acer-aspire-3-a325-45-laptop-intel-celeron-n4500-8gb-ram-512gb-ssd-15-6-inch-39-6-cm-full-hd-led-backlit-display-intel-uhd-graphics-windows-11-un-344si-007,https://vsprod.vijaysales.com/media/catalog/product/2/3/231452_1_.jpg,Electronics > Computers and Laptops > Laptops > Laptops,,
2026-02-02,2026-02-02 10:51:20,laptops,241382,ASUS Vivobook 15 Thin & Light Laptop (AMD Ryzen 7/ 16GB RAM/ 512GB SSD/ 15.6 Inch (39.6 cm) FHD IPS Display/ AMD Radeon Graphics/ Windows 11/ MS-Office) M1502YA-BQ702WS,Asus,47990,57990,49990,Unavailable,https://www.vijaysales.com/p/241382/asus-vivobook-15-thin-light-laptop-amd-ryzen-7-16gb-ram-512gb-ssd-15-6-inch-39-6-cm-fhd-ips-display-amd-radeon-graphics-windows-11-ms-office-m1502ya-bq702ws,https://vsprod.vijaysales.com/media/catalog/product/2/4/241382_1.jpg,Electronics > Computers and Laptops > Laptops > Laptops,,
2026-02-02,2026-02-02 10:51:20,laptops,239524,Refurbished HP Probook 440 G5 (Core i5 7th Gen/8GB/256GB SSD/Webcam/14''/Win 10 Pro),HP,23990,32454,23990,Available,https://www.vijaysales.com/p/239524/refurbished-hp-probook-440-g5-core-i5-7th-gen-8gb-256gb-ssd-webcam-14-win-10,https://vsprod.vijaysales.com/media/catalog/product/2/3/239524_1_.jpg,Electronics > Computers and Laptops > Laptops > Refurbished Laptops,,
2026-02-02,2026-02-02 10:51:20,laptops,243920,Dell New 15 Laptop (13th Gen Intel Core i5/ 16GB RAM/ 512GB SSD/ 15.6 inch (39.62 cm) Display/ Intel UHD Graphics/ MS Office) ODC1525000401RINS1,Dell,59499,74700,59499,Available,https://www.vijaysales.com/p/243920/dell-new-15-laptop-13th-gen-intel-core-i5-16gb-ram-512gb-ssd-156-inch-3962-cm-display-intel-uhd-graphics-ms-office-odc1525000401rins1,https://vsprod.vijaysales.com/media/catalog/product/d/e/dell_13th_ci5_16gb_512gb_odc1525000401rins1_dc15250_2_.jpg,Electronics > Computers and Laptops > Laptops > Laptops,,
2026-02-02,2026-02-02 10:51:20,laptops,230211,Acer Aspire Lite Laptop (13th Gen Core i3-1305U/ 8 GB RAM/512GB SSD/ 15.6 Inch - 39.62cm FHD Display /Win 11 /MS Office / Grey) UN.34ESI.005 AL15-53,Acer,34990,52990,34990,Available,https://www.vijaysales.com/p/230211/acer-aspire-lite-laptop-13th-gen-core-i3-1305u-8-gb-ram-512gb-ssd-15-6-inch-39-62cm-fhd-display-win-11-ms-office-grey-un-34esi-005-al15-53,https://vsprod.vijaysales.com/media/catalog/product/2/3/230211n.jpg,Electronics > Computers and Laptops > Laptops > Laptops,,
2026-02-02,2026-02-02 10:51:20,laptops,243320,HP Thin & Light Laptop (AMD Ryzen 3/ 8GB RAM/ 512GB SSD/ 15.6 Inch (39.6 cm) Inch Full HD Display/ AMD Radeon Graphics/ Windows 11) 15-fc0552AU,HP,33990,38000,33990,Available,https://www.vijaysales.com/p/243320/hp-thin-light-laptop-amd-ryzen-3-8gb-ram-512gb-ssd-15-6-inch-39-6-cm-inch-full-hd-display-amd-radeon-graphics-windows-11-15-fc0552au,https://vsprod.vijaysales.com/media/catalog/product/2/4/243320_8_.jpg,Electronics > Computers and Laptops > Laptops > Laptops,,
2026-02-02,2026-02-02 10:51:20,laptops,245843,HP Laptop (Intel Core i3 13th Gen/ 8GB RAM/ 512GB SSD/ 15.6 Inch Full HD IPS Display/ Integrated Intel UHD Graphics GPU/ Windows 11 Home) 15FD0623TU,HP,41999,53412,41999,Available,https://www.vijaysales.com/p/245843/hp-laptop-intel-core-i3-13th-gen-8gb-ram-512gb-ssd-15-6-inch-full-hd-ips-display-integrated-intel-uhd-graphics-gpu-windows-11-home-15fd0623tu,https://vsprod.vijaysales.com/media/catalog/product/2/4/245843_1_.1.jpg,Electronics > Computers and Laptops > Laptops > Laptops,,
2026-02-02,2026-02-02 10:51:20,laptops,248536,ASUS Vivobook Go 14 Student Laptop (AMD Ryzen 3 7320U/ 8GB RAM/ 512GB SSD/ 14 Inch (35.56 cm) FHD Display/ AMD Radeon Graphics/ Windows 11/ MS-Office) E1404FAEB900WS,Asus,33990,44990,33990,Available,https://www.vijaysales.com/p/248536/asus-vivobook-go-14-student-laptop-amd-ryzen-3-7320u-8gb-ram-512gb-ssd-14-inch-35-56-cm-fhd-display-amd-radeon-graphics-windows-11-ms-office-e1404faeb900ws,https://vsprod.vijaysales.com/media/catalog/product/2/4/248536_1_.jpg,Electronics > Computers and Laptops > Laptops > Laptops,,
2026-02-02,2026-02-02 10:51:20,laptops,239503,Refurbished Lenovo Thinkpad T480 (Core i7 8th Gen/8GB/512GB SSD/Webcam/14'' Non Touch/Windows 10 Pro),Dell,29990,54410,29990,Unavailable,https://www.vijaysales.com/p/239503/refurbished-lenovo-thinkpad-t480-core-i7-8th-gen-8gb-512gb-ssd-webcam-14-non-touch-dos,https://vsprod.vijaysales.com/media/catalog/product/2/3/239503_1_.jpg,Electronics > Computers and Laptops > Laptops > Refurbished Laptops,,
2026-02-02,2026-02-02 10:51:20,laptops,239002,Lenovo IdeaPad Slim 3 Thin & Light Laptop (13th Gen Intel Core i5/ 16GB DDR5 RAM/ 512GB SSD/ 15.3 Inch (38.86 cm) WUXGA IPS Display/ Intel UHD Graphics/ Windows 11/ MS-Office) 83K100CFIN,Lenovo,62990,85990,62990,Available,https://www.vijaysales.com/p/239002/lenovo-ideapad-slim-3-thin-light-laptop-13th-gen-intel-core-i5-16gb-ddr5-ram-512gb-ssd-15-3-inch-38-86-cm-wuxga-ips-display-intel-uhd-graphics-windows-11-ms-office-83k100cfin,https://vsprod.vijaysales.com/media/catalog/product/2/3/239002_1_.jpg,Electronics > Computers and Laptops > Laptops > Laptops,,
2026-02-02,2026-02-02 10:51:20,laptops,241420,HP Thin & Light Laptop (Intel Core Ultra 5/ 16GB DDR5 RAM/ 512GB SSD/ 15.6 Inch (39.6 cm) diagonal FHD Display/ Intel Arc Graphics/ Windows 11/ MS-Office) 15-hr1000TU,HP,62990,83000,62990,Available,https://www.vijaysales.com/p/241420/hp-thin-light-laptop-intel-core-ultra-5-16gb-ddr5-ram-512gb-ssd-15-6-inch-39-6-cm-diagonal-fhd-display-intel-arc-graphics-windows-11-ms-office-15-hr1000tu,https://vsprod.vijaysales.com/media/catalog/product/2/4/241420_1.jpg,Electronics > Computers and Laptops > Laptops > Laptops,,
2026-02-02,2026-02-02 10:51:20,laptops,243963,HP Victus Gaming Laptop (AMD Ryzen 7/ 16GB RAM/ 512GB SSD/ 15.6 Inch (39.62 cm) FHD Display/ 4GB-NVIDIA GeForce RTX 2050 Graphics/ Windows 11/ MS-Office) 15-fb3123AX,HP,62999,74000,62999,Available,https://www.vijaysales.com/p/243963/hp-victus-gaming-laptop-amd-ryzen-7-16gb-ram-512gb-ssd-15-6-inch-39-62-cm-fhd-display-4gb-nvidia-geforce-rtx-2050-graphics-windows-11-ms-office-15-fb3123ax,https://vsprod.vijaysales.com/media/catalog/product/2/4/243963_3_.jpg,Electronics > Computers and Laptops > Laptops > Gaming Laptops,,
2026-02-02,2026-02-02 10:51:20,laptops,243561,Dell New 15 Laptop (Intel Core 3/ 8GB RAM/ 512GB SSD/ 15.6 inch (39.62 cm) Display/ Intel UHD Graphics/ MS Office) ODC1525002001RINS1,Dell,40999,48800,40999,Available,https://www.vijaysales.com/p/243561/dell-new-15-laptop-intel-core-i3-8gb-ram-512gb-ssd-156-inch-3962-cm-display-intel-uhd-graphics-ms-office-odc1525002001rins1,https://vsprod.vijaysales.com/media/catalog/product/2/4/243561ne_1_.jpg,Electronics > Computers and Laptops > Laptops > Laptops,,
2026-02-02,2026-02-02 10:51:20,laptops,240005,Acer Nitro V15 Gaming Laptop (AMD Ryzen 5/ 16GB DDR5 RAM/ 512GB SSD/ 15.6 Inch (39.62 cm) Full HD Display/ 6GB NVIDIA GeForce RTX 3050 Graphics/ Windows 11/ MS-Office) UN.QPFSI.00E,Acer,60999,65490,60999,Available,https://www.vijaysales.com/p/240005/acer-nitro-v15-gaming-laptop-amd-ryzen-5-16gb-ddr5-ram-512gb-ssd-15-6-inch-39-62-cm-full-hd-display-6gb-nvidia-geforce-rtx-3050-graphics-windows-11-ms-office-un-qpfsi-00e,https://vsprod.vijaysales.com/media/catalog/product/2/4/240005_10_.jpg,Electronics > Computers and Laptops > Laptops > Gaming Laptops,,
2026-02-02,2026-02-02 10:51:20,laptops,239906,Acer Aspire Lite Laptop (AMD Ryzen 3/ 8GB DDR4 RAM/ 512GB SSD/ 15.6 Inch (39.62 cm) Full HD Display/ AMD Radeon Graphics/ Windows 11/ MS-Office) UN.31ZSI.044,Acer,31990,50999,31990,Available,https://www.vijaysales.com/p/239906/acer-aspire-lite-laptop-amd-ryzen-3-8gb-ddr4-ram-512gb-ssd-15-6-inch-39-62-cm-full-hd-display-amd-radeon-graphics-windows-11-ms-office-un-31zsi-044,https://vsprod.vijaysales.com/media/catalog/product/2/3/239906_1_.jpeg,Electronics > Computers and Laptops > Laptops > Laptops,,
2026-02-02,2026-02-02 10:51:20,laptops,236467,Lenovo Slim3-15 12th Gen Laptop (Intel Core i5/ 16GB LPDDR5 RAM/ 512GB SSD/ 15.6 Inch (39.62 cm) FHD IPS Display/ Intel UHD Graphics/ Win 11/ MS-Office) 83ER00KRIN,Lenovo,56990,76000,56990,Available,https://www.vijaysales.com/p/236467/lenovo-slim3-15-12th-gen-laptop-intel-core-i5-16gb-lpddr5-ram-512gb-ssd-15-6-inch-39-62-cm-fhd-ips-display-intel-uhd-graphics-win-11-ms-office-83er00krin,https://vsprod.vijaysales.com/media/catalog/product/2/3/236467_7_.jpg,Electronics > Computers and Laptops > Laptops > Laptops,,
2026-02-02,2026-02-02 10:51:20,laptops,241043,Store Display Unit - HP Thin & Light Laptop 2025  (AMD Ryzen 5 Hexa Core 7530U/ 16GB DDR4 RAM/ 512GB SSD/ 15.6 Inch (39.62 cm) FHD Display/ AMD Radeon Graphics/ Windows 11/ MS-Office) 15-fc0389AU,HP,40990,48999,40990,Unavailable,https://www.vijaysales.com/p/241043/hp-mso-2024-thin-light-laptop-amd-ryzen-5-hexa-core-7530u-16gb-ddr4-ram-512gb-ssd-15-6-inch-39-62-cm-fhd-display-amd-radeon-graphics-windows-11-ms-office-15-fc0389au,https://vsprod.vijaysales.com/media/catalog/product/2/4/241043_1.jpg,Electronics > Computers and Laptops > Laptops > Laptops,,
2026-02-02,2026-02-02 10:51:20,laptops,245445,ASUS TUF A16 Gaming Laptop (AMD Ryzen 7 7445HS/ 16GB RAM/ 1TB Storage/ 16 Inch (40.64 cm) FHD+ Display/ 6GB-NVIDIA GeForce RTX 4050 Graphics/ Windows 11/ MS-Office) FA607NUG-RL189WS,Asus,102990,114999,111990,Available,https://www.vijaysales.com/p/245445/asus-tuf-a16-gaming-laptop-amd-ryzen-7-7445hs-16gb-ram-1tb-storage-16-inch-40-64-cm-fhd-display-6gb-nvidia-geforce-rtx-4050-graphics-windows-11-ms-office-fa607nug-rl189ws,https://vsprod.vijaysales.com/media/catalog/product/2/4/245445_1_.jpg,Electronics > Computers and Laptops > Laptops > Gaming Laptops,,
2026-02-02,2026-02-02 10:51:20,laptops,241044,HP Thin & Light Laptop (AMD Ryzen 7/ 16GB RAM/ 512GB SSD/ 15.6 Inch (39.6 cm) Full HD Display/ AMD Radeon Graphics/ Windows 11) 15-fc0533AU,HP,51999,53999,51999,Available,https://www.vijaysales.com/p/241044/hp-thin-light-laptop-amd-ryzen-7-16gb-ram-512gb-ssd-15-6-inch-39-6-cm-full-hd-display-amd-radeon-graphics-windows-11-15-fc0533au,https://vsprod.vijaysales.com/media/catalog/product/2/4/241044_2_.jpg,Electronics > Computers and Laptops > Laptops > Laptops,,
2026-02-02,2026-02-02 10:51:20,laptops,240006,HP Thin & Light Laptop (13th Gen Intel Core i3/ 8GB DDR4 RAM/ 512GB SSD/ 15.6 Inch (39.62 cm) Full HD Display/ Intel UHD Graphics/ Windows 11/ MS-Office) 15-fd0490TU,HP,44999,51000,44999,Available,https://www.vijaysales.com/p/240006/hp-thin-light-laptop-13th-gen-intel-core-i3-8gb-ddr4-ram-512gb-ssd-15-6-inch-39-62-cm-full-hd-display-intel-uhd-graphics-windows-11-ms-office-15-fd0490tu,https://vsprod.vijaysales.com/media/catalog/product/2/4/240006_1_.jpg,Electronics > Computers and Laptops > Laptops > Laptops,,
2026-02-02,2026-02-02 10:51:20,laptops,239905,Acer Aspire Lite AL15-41 Laptop (AMD Ryzen 5/ 16GB DDR4 RAM/ 512GB SSD/ 15.6 Inch (39.62 cm) Full HD Display/ AMD Radeon Graphics/ Windows 11/ MS-Office) UN.31ZSI.03Z,Acer,40999,63999,40999,Available,https://www.vijaysales.com/p/239905/acer-aspire-lite-al15-41-laptop-amd-ryzen-5-16gb-ddr4-ram-512gb-ssd-15-6-inch-39-62-cm-full-hd-display-amd-radeon-graphics-windows-11-ms-office-un-31zsi-03z,https://vsprod.vijaysales.com/media/catalog/product/2/3/239905_1_.jpeg,Electronics > Computers and Laptops > Laptops > Laptops,,
2026-02-02,2026-02-02 10:51:20,laptops,239534,Acer Aspire Lite AL15-53 Thin & Light Laptop (Intel Core i5-1334U/ 16GB DDR4 RAM/ 512GB SSD/ 15.6 Inch (39.62 cm) Full HD Display/ Intel UHD Graphics/ Backlit keyboard/ Windows 11/ MS-Office) UN.34ESI.00J,Acer,46999,79000,46999,Available,https://www.vijaysales.com/p/239534/acer-aspire-lite-al15-53-thin-light-laptop-intel-core-i5-1334u-16gb-ddr4-ram-512gb-ssd-15-6-inch-39-62-cm-full-hd-display-intel-uhd-graphics-backlit-keyboard-windows-11-ms-office-un-34esi-00j,https://vsprod.vijaysales.com/media/catalog/product/2/3/239534_1.jpg,Electronics > Computers and Laptops > Laptops > Laptops,,
2026-02-02,2026-02-02 10:51:20,laptops,243553,HP Thin & Light Laptop (Intel Core Ultra 7/ 16GB RAM/ 512GB SSD/ 14 Inch (35.6 cm) Full HD Display/ Intel Arc Graphics/ Windows 11/ MS-Office) 14-gr1028TU,HP,74990,85999,74990,Available,https://www.vijaysales.com/p/243553/hp-thin-light-laptop-intel-core-ultra-7-16gb-ram-512gb-ssd-14-inch-35-6-cm-full-hd-display-intel-arc-graphics-windows-11-ms-office-14-gr1028tu,https://vsprod.vijaysales.com/media/catalog/product/2/4/243553_1_.jpg,Electronics > Computers and Laptops > Laptops > Laptops,,
2026-02-02,2026-02-02 10:51:20,laptops,245831,Lenovo IdeaPad Slim 5 14IRH10 Thin & Light Laptop (13th Gen Intel Core i5/ 16GB RAM/ 1TB SSD/ 14 Inch (35.56 cm) OLED Display/ Intel UHD Graphics/ Windows 11/ MS-Office) 83HR000YIN,Lenovo,65999,104890,65999,Available,https://www.vijaysales.com/p/245831/lenovo-ideapad-slim-5-14irh10-thin-light-laptop-13th-gen-intel-core-i5-16gb-ram-1tb-ssd-14-inch-35-56-cm-oled-display-intel-uhd-graphics-windows-11-ms-office-83hr000yin,https://vsprod.vijaysales.com/media/catalog/product/2/4/245831_1_.jpg,Electronics > Computers and Laptops > Laptops > Laptops,,
2026-02-02,2026-02-02 10:51:20,laptops,238944,ASUS Vivobook 16 Laptop (Intel Core i5-13420H/ 16GB DDR4 RAM/ 512GB SSD/ 16 Inch (40.64 cm) WUXGA Display/ Intel UHD Graphics/ Windows 11/ MS-Office) X1605VA-MB1627WS,Asus,59990,74990,59990,Available,https://www.vijaysales.com/p/238944/asus-vivobook-16-laptop-intel-core-i5-13420h-16gb-ddr4-ram-512gb-ssd-16-inch-40-64-cm-wuxga-display-intel-uhd-graphics-windows-11-ms-office-x1605va-mb1627ws,https://vsprod.vijaysales.com/media/catalog/product/2/3/238944_1.jpg,Electronics > Computers and Laptops > Laptops > Laptops,,
2026-02-02,2026-02-02 10:51:20,laptops,239603,Dell Vostro Thin & Light Laptop (12th Gen Intel Core i5-1235U/ 16GB DDR4 RAM/ 512GB SSD/ 15.6 Inch (39.62 cm) FHD Display/ Intel Graphics/ Windows 11/ MS-Office) VN3520CYGGW001ORB1,Dell,46990,68700,46990,Unavailable,https://www.vijaysales.com/p/239603/dell-vostro-thin-light-laptop-12th-gen-intel-core-i5-1235u-16gb-ddr4-ram-512gb-ssd-15-6-inch-39-62-cm-fhd-display-intel-graphics-windows-11-ms-office-vn3520cyggw001orb1,https://vsprod.vijaysales.com/media/catalog/product/2/3/239603_1_.jpg,Electronics > Computers and Laptops > Laptops > Laptops,,
2026-02-02,2026-02-02 10:51:20,laptops,245494,HP Thin & Light Laptop (Intel Core 3/ 16GB/ 512GB SSD/ Windows 11/ 15.6 inch (39.6 cm) FHD Display) 15-fd1284TU,HP,40990,51000,40990,Available,https://www.vijaysales.com/p/245494/hp-thin-light-laptop-intel-core-3-16gb-512gb-ssd-windows-11-15-6-inch-39-6-cm-fhd-display-15-fd1284tu,https://vsprod.vijaysales.com/media/catalog/product/1/_/1_126.jpg,Electronics > Computers and Laptops > Laptops > Laptops,,
2026-02-02,2026-02-02 10:51:20,laptops,245126,Dell 15 Laptop (AMD Ryzen 3/ 8GB RAM/ 512GB SSD/ 15.6 inch (39.62 cm) Display/ AMD Radeon 610M Graphics/ MS Office) ODC1525585101RINB1,Dell,32990,41190,32990,Available,https://www.vijaysales.com/p/245126/dell-15-laptop-amd-ryzen-3-8gb-ram-512gb-ssd-15-6-inch-39-62-cm-display-amd-radeon-610m-graphics-ms-office-odc1525585101rinb1,https://vsprod.vijaysales.com/media/catalog/product/2/4/245126ne_1_.jpg,Electronics > Computers and Laptops > Laptops > Laptops,,
2026-02-02,2026-02-02 10:51:20,laptops,245847,HP Thin & Light Laptop (AMD Ryzen 5/ 16GB RAM/ 512GB SSD/ AMD Radeon Graphics/ Windows 11 Home) 15-fc0703AU | Natural Silver,HP,45499,54551,45499,Available,https://www.vijaysales.com/p/245847/hp-thin-light-laptop-amd-ryzen-5-16gb-ram-512gb-ssd-amd-radeon-graphics-windows-11-home-15-fc0703au-natural-silver,https://vsprod.vijaysales.com/media/catalog/product/i/m/imgi_53_318728_0_xqm3lrmge_1.jpg,Electronics > Computers and Laptops > Laptops > Laptops,,
2026-02-02,2026-02-02 10:51:20,laptops,239245,HP Thin & Light Laptop (Intel Core i5/ 16GB DDR4 RAM/ 512GB SSD/ 14 Inch (35.56 cm) FHD Display/ Intel Iris® Xᵉ Graphics/ Windows 11/ MS-Office) 14-gr0002TU,HP,53990,75000,53990,Unavailable,https://www.vijaysales.com/p/239245/hp-thin-light-laptop-intel-core-i5-16gb-ddr4-ram-512gb-ssd-14-inch-35-56-cm-fhd-display-intel-irisr-x-graphics-windows-11-ms-office-14-gr0002tu,https://vsprod.vijaysales.com/media/catalog/product/2/3/239245_1.jpg,Electronics > Computers and Laptops > Laptops > Laptops,,
2026-02-02,2026-02-02 10:51:20,laptops,231452,Acer Aspire 3 A325-45 Laptop (Intel Celeron N4500/ 8GB RAM/ 512GB SSD/  15.6 inch (39.6 cm) Full HD LED Backlit Display/ Intel UHD Graphics/ Windows 11) UN.344SI.007,Acer,25990,36990,25990,Unavailable,https://www.vijaysales.com/p/231452/acer-aspire-3-a325-45-laptop-intel-celeron-n4500-8gb-ram-512gb-ssd-15-6-inch-39-6-cm-full-hd-led-backlit-display-intel-uhd-graphics-windows-11-un-344si-007,https://vsprod.vijaysales.com/media/catalog/product/2/3/231452_1_.jpg,Electronics > Computers and Laptops > Laptops > Laptops,,
2026-02-02,2026-02-02 10:51:20,laptops,241382,ASUS Vivobook 15 Thin & Light Laptop (AMD Ryzen 7/ 16GB RAM/ 512GB SSD/ 15.6 Inch (39.6 cm) FHD IPS Display/ AMD Radeon Graphics/ Windows 11/ MS-Office) M1502YA-BQ702WS,Asus,47990,57990,49990,Unavailable,https://www.vijaysales.com/p/241382/asus-vivobook-15-thin-light-laptop-amd-ryzen-7-16gb-ram-512gb-ssd-15-6-inch-39-6-cm-fhd-ips-display-amd-radeon-graphics-windows-11-ms-office-m1502ya-bq702ws,https://vsprod.vijaysales.com/media/catalog/product/2/4/241382_1.jpg,Electronics > Computers and Laptops > Laptops > Laptops,,
2026-02-02,2026-02-02 10:51:20,laptops,239524,Refurbished HP Probook 440 G5 (Core i5 7th Gen/8GB/256GB SSD/Webcam/14''/Win 10 Pro),HP,23990,32454,23990,Available,https://www.vijaysales.com/p/239524/refurbished-hp-probook-440-g5-core-i5-7th-gen-8gb-256gb-ssd-webcam-14-win-10,https://vsprod.vijaysales.com/media/catalog/product/2/3/239524_1_.jpg,Electronics > Computers and Laptops > Laptops > Refurbished Laptops,,
2026-02-02,2026-02-02 10:51:20,laptops,243920,Dell New 15 Laptop (13th Gen Intel Core i5/ 16GB RAM/ 512GB SSD/ 15.6 inch (39.62 cm) Display/ Intel UHD Graphics/ MS Office) ODC1525000401RINS1,Dell,59499,74700,59499,Available,https://www.vijaysales.com/p/243920/dell-new-15-laptop-13th-gen-intel-core-i5-16gb-ram-512gb-ssd-156-inch-3962-cm-display-intel-uhd-graphics-ms-office-odc1525000401rins1,https://vsprod.vijaysales.com/media/catalog/product/d/e/dell_13th_ci5_16gb_512gb_odc1525000401rins1_dc15250_2_.jpg,Electronics > Computers and Laptops > Laptops > Laptops,,
2026-02-02,2026-02-02 10:51:20,laptops,230211,Acer Aspire Lite Laptop (13th Gen Core i3-1305U/ 8 GB RAM/512GB SSD/ 15.6 Inch - 39.62cm FHD Display /Win 11 /MS Office / Grey) UN.34ESI.005 AL15-53,Acer,34990,52990,34990,Available,https://www.vijaysales.com/p/230211/acer-aspire-lite-laptop-13th-gen-core-i3-1305u-8-gb-ram-512gb-ssd-15-6-inch-39-62cm-fhd-display-win-11-ms-office-grey-un-34esi-005-al15-53,https://vsprod.vijaysales.com/media/catalog/product/2/3/230211n.jpg,Electronics > Computers and Laptops > Laptops > Laptops,,
2026-02-02,2026-02-02 10:51:20,laptops,243320,HP Thin & Light Laptop (AMD Ryzen 3/ 8GB RAM/ 512GB SSD/ 15.6 Inch (39.6 cm) Inch Full HD Display/ AMD Radeon Graphics/ Windows 11) 15-fc0552AU,HP,33990,38000,33990,Available,https://www.vijaysales.com/p/243320/hp-thin-light-laptop-amd-ryzen-3-8gb-ram-512gb-ssd-15-6-inch-39-6-cm-inch-full-hd-display-amd-radeon-graphics-windows-11-15-fc0552au,https://vsprod.vijaysales.com/media/catalog/product/2/4/243320_8_.jpg,Electronics > Computers and Laptops > Laptops > Laptops,,
2026-02-02,2026-02-02 10:51:20,laptops,245843,HP Laptop (Intel Core i3 13th Gen/ 8GB RAM/ 512GB SSD/ 15.6 Inch Full HD IPS Display/ Integrated Intel UHD Graphics GPU/ Windows 11 Home) 15FD0623TU,HP,41999,53412,41999,Available,https://www.vijaysales.com/p/245843/hp-laptop-intel-core-i3-13th-gen-8gb-ram-512gb-ssd-15-6-inch-full-hd-ips-display-integrated-intel-uhd-graphics-gpu-windows-11-home-15fd0623tu,https://vsprod.vijaysales.com/media/catalog/product/2/4/245843_1_.1.jpg,Electronics > Computers and Laptops > Laptops > Laptops,,
2026-02-02,2026-02-02 10:51:20,laptops,248536,ASUS Vivobook Go 14 Student Laptop (AMD Ryzen 3 7320U/ 8GB RAM/ 512GB SSD/ 14 Inch (35.56 cm) FHD Display/ AMD Radeon Graphics/ Windows 11/ MS-Office) E1404FAEB900WS,Asus,33990,44990,33990,Available,https://www.vijaysales.com/p/248536/asus-vivobook-go-14-student-laptop-amd-ryzen-3-7320u-8gb-ram-512gb-ssd-14-inch-35-56-cm-fhd-display-amd-radeon-graphics-windows-11-ms-office-e1404faeb900ws,https://vsprod.vijaysales.com/media/catalog/product/2/4/248536_1_.jpg,Electronics > Computers and Laptops > Laptops > Laptops,,
2026-02-02,2026-02-02 10:51:20,laptops,239503,Refurbished Lenovo Thinkpad T480 (Core i7 8th Gen/8GB/512GB SSD/Webcam/14'' Non Touch/Windows 10 Pro),Dell,29990,54410,29990,Unavailable,https://www.vijaysales.com/p/239503/refurbished-lenovo-thinkpad-t480-core-i7-8th-gen-8gb-512gb-ssd-webcam-14-non-touch-dos,https://vsprod.vijaysales.com/media/catalog/product/2/3/239503_1_.jpg,Electronics > Computers and Laptops > Laptops > Refurbished Laptops,,
2026-02-02,2026-02-02 10:51:20,laptops,239002,Lenovo IdeaPad Slim 3 Thin & Light Laptop (13th Gen Intel Core i5/ 16GB DDR5 RAM/ 512GB SSD/ 15.3 Inch (38.86 cm) WUXGA IPS Display/ Intel UHD Graphics/ Windows 11/ MS-Office) 83K100CFIN,Lenovo,62990,85990,62990,Available,https://www.vijaysales.com/p/239002/lenovo-ideapad-slim-3-thin-light-laptop-13th-gen-intel-core-i5-16gb-ddr5-ram-512gb-ssd-15-3-inch-38-86-cm-wuxga-ips-display-intel-uhd-graphics-windows-11-ms-office-83k100cfin,https://vsprod.vijaysales.com/media/catalog/product/2/3/239002_1_.jpg,Electronics > Computers and Laptops > Laptops > Laptops,,
2026-02-02,2026-02-02 10:51:20,laptops,241420,HP Thin & Light Laptop (Intel Core Ultra 5/ 16GB DDR5 RAM/ 512GB SSD/ 15.6 Inch (39.6 cm) diagonal FHD Display/ Intel Arc Graphics/ Windows 11/ MS-Office) 15-hr1000TU,HP,62990,83000,62990,Available,https://www.vijaysales.com/p/241420/hp-thin-light-laptop-intel-core-ultra-5-16gb-ddr5-ram-512gb-ssd-15-6-inch-39-6-cm-diagonal-fhd-display-intel-arc-graphics-windows-11-ms-office-15-hr1000tu,https://vsprod.vijaysales.com/media/catalog/product/2/4/241420_1.jpg,Electronics > Computers and Laptops > Laptops > Laptops,,
2026-02-02,2026-02-02 10:51:20,laptops,243963,HP Victus Gaming Laptop (AMD Ryzen 7/ 16GB RAM/ 512GB SSD/ 15.6 Inch (39.62 cm) FHD Display/ 4GB-NVIDIA GeForce RTX 2050 Graphics/ Windows 11/ MS-Office) 15-fb3123AX,HP,62999,74000,62999,Available,https://www.vijaysales.com/p/243963/hp-victus-gaming-laptop-amd-ryzen-7-16gb-ram-512gb-ssd-15-6-inch-39-62-cm-fhd-display-4gb-nvidia-geforce-rtx-2050-graphics-windows-11-ms-office-15-fb3123ax,https://vsprod.vijaysales.com/media/catalog/product/2/4/243963_3_.jpg,Electronics > Computers and Laptops > Laptops > Gaming Laptops,,
2026-02-02,2026-02-02 10:51:20,laptops,243561,Dell New 15 Laptop (Intel Core 3/ 8GB RAM/ 512GB SSD/ 15.6 inch (39.62 cm) Display/ Intel UHD Graphics/ MS Office) ODC1525002001RINS1,Dell,40999,48800,40999,Available,https://www.vijaysales.com/p/243561/dell-new-15-laptop-intel-core-i3-8gb-ram-512gb-ssd-156-inch-3962-cm-display-intel-uhd-graphics-ms-office-odc1525002001rins1,https://vsprod.vijaysales.com/media/catalog/product/2/4/243561ne_1_.jpg,Electronics > Computers and Laptops > Laptops > Laptops,,
2026-02-02,2026-02-02 10:51:20,laptops,240005,Acer Nitro V15 Gaming Laptop (AMD Ryzen 5/ 16GB DDR5 RAM/ 512GB SSD/ 15.6 Inch (39.62 cm) Full HD Display/ 6GB NVIDIA GeForce RTX 3050 Graphics/ Windows 11/ MS-Office) UN.QPFSI.00E,Acer,60999,65490,60999,Available,https://www.vijaysales.com/p/240005/acer-nitro-v15-gaming-laptop-amd-ryzen-5-16gb-ddr5-ram-512gb-ssd-15-6-inch-39-62-cm-full-hd-display-6gb-nvidia-geforce-rtx-3050-graphics-windows-11-ms-office-un-qpfsi-00e,https://vsprod.vijaysales.com/media/catalog/product/2/4/240005_10_.jpg,Electronics > Computers and Laptops > Laptops > Gaming Laptops,,
2026-02-02,2026-02-02 10:51:20,laptops,239906,Acer Aspire Lite Laptop (AMD Ryzen 3/ 8GB DDR4 RAM/ 512GB SSD/ 15.6 Inch (39.62 cm) Full HD Display/ AMD Radeon Graphics/ Windows 11/ MS-Office) UN.31ZSI.044,Acer,31990,50999,31990,Available,https://www.vijaysales.com/p/239906/acer-aspire-lite-laptop-amd-ryzen-3-8gb-ddr4-ram-512gb-ssd-15-6-inch-39-62-cm-full-hd-display-amd-radeon-graphics-windows-11-ms-office-un-31zsi-044,https://vsprod.vijaysales.com/media/catalog/product/2/3/239906_1_.jpeg,Electronics > Computers and Laptops > Laptops > Laptops,,
2026-02-02,2026-02-02 10:51:20,laptops,236467,Lenovo Slim3-15 12th Gen Laptop (Intel Core i5/ 16GB LPDDR5 RAM/ 512GB SSD/ 15.6 Inch (39.62 cm) FHD IPS Display/ Intel UHD Graphics/ Win 11/ MS-Office) 83ER00KRIN,Lenovo,56990,76000,56990,Available,https://www.vijaysales.com/p/236467/lenovo-slim3-15-12th-gen-laptop-intel-core-i5-16gb-lpddr5-ram-512gb-ssd-15-6-inch-39-62-cm-fhd-ips-display-intel-uhd-graphics-win-11-ms-office-83er00krin,https://vsprod.vijaysales.com/media/catalog/product/2/3/236467_7_.jpg,Electronics > Computers and Laptops > Laptops > Laptops,,
2026-02-02,2026-02-02 10:51:20,laptops,241043,Store Display Unit - HP Thin & Light Laptop 2025  (AMD Ryzen 5 Hexa Core 7530U/ 16GB DDR4 RAM/ 512GB SSD/ 15.6 Inch (39.62 cm) FHD Display/ AMD Radeon Graphics/ Windows 11/ MS-Office) 15-fc0389AU,HP,40990,48999,40990,Unavailable,https://www.vijaysales.com/p/241043/hp-mso-2024-thin-light-laptop-amd-ryzen-5-hexa-core-7530u-16gb-ddr4-ram-512gb-ssd-15-6-inch-39-62-cm-fhd-display-amd-radeon-graphics-windows-11-ms-office-15-fc0389au,https://vsprod.vijaysales.com/media/catalog/product/2/4/241043_1.jpg,Electronics > Computers and Laptops > Laptops > Laptops,,
2026-02-02,2026-02-02 10:51:20,laptops,245445,ASUS TUF A16 Gaming Laptop (AMD Ryzen 7 7445HS/ 16GB RAM/ 1TB Storage/ 16 Inch (40.64 cm) FHD+ Display/ 6GB-NVIDIA GeForce RTX 4050 Graphics/ Windows 11/ MS-Office) FA607NUG-RL189WS,Asus,102990,114999,111990,Available,https://www.vijaysales.com/p/245445/asus-tuf-a16-gaming-laptop-amd-ryzen-7-7445hs-16gb-ram-1tb-storage-16-inch-40-64-cm-fhd-display-6gb-nvidia-geforce-rtx-4050-graphics-windows-11-ms-office-fa607nug-rl189ws,https://vsprod.vijaysales.com/media/catalog/product/2/4/245445_1_.jpg,Electronics > Computers and Laptops > Laptops > Gaming Laptops,,
2026-02-02,2026-02-02 10:51:20,laptops,241044,HP Thin & Light Laptop (AMD Ryzen 7/ 16GB RAM/ 512GB SSD/ 15.6 Inch (39.6 cm) Full HD Display/ AMD Radeon Graphics/ Windows 11) 15-fc0533AU,HP,51999,53999,51999,Available,https://www.vijaysales.com/p/241044/hp-thin-light-laptop-amd-ryzen-7-16gb-ram-512gb-ssd-15-6-inch-39-6-cm-full-hd-display-amd-radeon-graphics-windows-11-15-fc0533au,https://vsprod.vijaysales.com/media/catalog/product/2/4/241044_2_.jpg,Electronics > Computers and Laptops > Laptops > Laptops,,
2026-02-02,2026-02-02 10:51:20,laptops,240006,HP Thin & Light Laptop (13th Gen Intel Core i3/ 8GB DDR4 RAM/ 512GB SSD/ 15.6 Inch (39.62 cm) Full HD Display/ Intel UHD Graphics/ Windows 11/ MS-Office) 15-fd0490TU,HP,44999,51000,44999,Available,https://www.vijaysales.com/p/240006/hp-thin-light-laptop-13th-gen-intel-core-i3-8gb-ddr4-ram-512gb-ssd-15-6-inch-39-62-cm-full-hd-display-intel-uhd-graphics-windows-11-ms-office-15-fd0490tu,https://vsprod.vijaysales.com/media/catalog/product/2/4/240006_1_.jpg,Electronics > Computers and Laptops > Laptops > Laptops,,
2026-02-02,2026-02-02 10:51:20,laptops,239905,Acer Aspire Lite AL15-41 Laptop (AMD Ryzen 5/ 16GB DDR4 RAM/ 512GB SSD/ 15.6 Inch (39.62 cm) Full HD Display/ AMD Radeon Graphics/ Windows 11/ MS-Office) UN.31ZSI.03Z,Acer,40999,63999,40999,Available,https://www.vijaysales.com/p/239905/acer-aspire-lite-al15-41-laptop-amd-ryzen-5-16gb-ddr4-ram-512gb-ssd-15-6-inch-39-62-cm-full-hd-display-amd-radeon-graphics-windows-11-ms-office-un-31zsi-03z,https://vsprod.vijaysales.com/media/catalog/product/2/3/239905_1_.jpeg,Electronics > Computers and Laptops > Laptops > Laptops,,
2026-02-02,2026-02-02 10:51:20,laptops,239534,Acer Aspire Lite AL15-53 Thin & Light Laptop (Intel Core i5-1334U/ 16GB DDR4 RAM/ 512GB SSD/ 15.6 Inch (39.62 cm) Full HD Display/ Intel UHD Graphics/ Backlit keyboard/ Windows 11/ MS-Office) UN.34ESI.00J,Acer,46999,79000,46999,Available,https://www.vijaysales.com/p/239534/acer-aspire-lite-al15-53-thin-light-laptop-intel-core-i5-1334u-16gb-ddr4-ram-512gb-ssd-15-6-inch-39-62-cm-full-hd-display-intel-uhd-graphics-backlit-keyboard-windows-11-ms-office-un-34esi-00j,https://vsprod.vijaysales.com/media/catalog/product/2/3/239534_1.jpg,Electronics > Computers and Laptops > Laptops > Laptops,,
2026-02-02,2026-02-02 10:51:20,laptops,243553,HP Thin & Light Laptop (Intel Core Ultra 7/ 16GB RAM/ 512GB SSD/ 14 Inch (35.6 cm) Full HD Display/ Intel Arc Graphics/ Windows 11/ MS-Office) 14-gr1028TU,HP,74990,85999,74990,Available,https://www.vijaysales.com/p/243553/hp-thin-light-laptop-intel-core-ultra-7-16gb-ram-512gb-ssd-14-inch-35-6-cm-full-hd-display-intel-arc-graphics-windows-11-ms-office-14-gr1028tu,https://vsprod.vijaysales.com/media/catalog/product/2/4/243553_1_.jpg,Electronics > Computers and Laptops > Laptops > Laptops,,
2026-02-02,2026-02-02 10:51:20,laptops,245831,Lenovo IdeaPad Slim 5 14IRH10 Thin & Light Laptop (13th Gen Intel Core i5/ 16GB RAM/ 1TB SSD/ 14 Inch (35.56 cm) OLED Display/ Intel UHD Graphics/ Windows 11/ MS-Office) 83HR000YIN,Lenovo,65999,104890,65999,Available,https://www.vijaysales.com/p/245831/lenovo-ideapad-slim-5-14irh10-thin-light-laptop-13th-gen-intel-core-i5-16gb-ram-1tb-ssd-14-inch-35-56-cm-oled-display-intel-uhd-graphics-windows-11-ms-office-83hr000yin,https://vsprod.vijaysales.com/media/catalog/product/2/4/245831_1_.jpg,Electronics > Computers and Laptops > Laptops > Laptops,,
2026-02-02,2026-02-02 10:51:20,laptops,238944,ASUS Vivobook 16 Laptop (Intel Core i5-13420H/ 16GB DDR4 RAM/ 512GB SSD/ 16 Inch (40.64 cm) WUXGA Display/ Intel UHD Graphics/ Windows 11/ MS-Office) X1605VA-MB1627WS,Asus,59990,74990,59990,Available,https://www.vijaysales.com/p/238944/asus-vivobook-16-laptop-intel-core-i5-13420h-16gb-ddr4-ram-512gb-ssd-16-inch-40-64-cm-wuxga-display-intel-uhd-graphics-windows-11-ms-office-x1605va-mb1627ws,https://vsprod.vijaysales.com/media/catalog/product/2/3/238944_1.jpg,Electronics > Computers and Laptops > Laptops > Laptops,,
2026-02-02,2026-02-02 10:51:20,laptops,239603,Dell Vostro Thin & Light Laptop (12th Gen Intel Core i5-1235U/ 16GB DDR4 RAM/ 512GB SSD/ 15.6 Inch (39.62 cm) FHD Display/ Intel Graphics/ Windows 11/ MS-Office) VN3520CYGGW001ORB1,Dell,46990,68700,46990,Unavailable,https://www.vijaysales.com/p/239603/dell-vostro-thin-light-laptop-12th-gen-intel-core-i5-1235u-16gb-ddr4-ram-512gb-ssd-15-6-inch-39-62-cm-fhd-display-intel-graphics-windows-11-ms-office-vn3520cyggw001orb1,https://vsprod.vijaysales.com/media/catalog/product/2/3/239603_1_.jpg,Electronics > Computers and Laptops > Laptops > Laptops,,
2026-02-02,2026-02-02 10:51:20,laptops,241047,HP Victus Gaming Laptop (13th Gen Intel Core i7/ 16GB RAM/ 512GB SSD/ 15.6 Inch (39.62 cm) FHD Display/ 6GB-NVIDIA GeForce RTX 4050 Graphics/ Windows 11/ MS-Office) 15-fa2104TX,HP,90999,90999,90999,Unavailable,https://www.vijaysales.com/p/241047/hp-victus-gaming-laptop-13th-gen-intel-core-i7-16gb-ram-512gb-ssd-15-6-inch-39-62-cm-fhd-display-6gb-nvidia-geforce-rtx-4050-graphics-windows-11-ms-office-15-fa2104tx,https://vsprod.vijaysales.com/media/catalog/product/2/4/241047_1_.jpg,Electronics > Computers and Laptops > Laptops > Gaming Laptops,,
2026-02-02,2026-02-02 10:51:20,laptops,246501,Lenovo Yoga Slim 7 14IMH9 Thin & Light Laptop (Intel Core 9/ 32GB RAM/ 1TB SSD/ 14 Inch WUXGA OLED Display/ Integrated Intel Graphics GPU/ Windows 11 Home) 83CV00B3IN,Lenovo,105990,158000,105990,Available,https://www.vijaysales.com/p/246501/lenovo-yoga-slim-7-14imh9-thin-light-laptop-intel-core-9-32gb-ram-1tb-ssd-14-inch-wuxga-oled-display-integrated-intel-graphics-gpu-windows-11-home-83cv00b3in,https://vsprod.vijaysales.com/media/catalog/product/2/4/246501_16_.jpg,Electronics > Computers and Laptops > Laptops > Laptops,,
2026-02-02,2026-02-02 10:51:20,laptops,245496,"HP OmniBook 7 AI Laptop (Intel Core Ultra 5-225H/ 16GB RAM/ 1TB SSD/ 14 Inch (35.56 cm) diagonal, 3K OLED Display/ Intel Arc 130T GPU/ Windows 11) 14-fr0789TU",HP,84990,101000,84990,Available,https://www.vijaysales.com/p/245496/hp-omnibook-7-ai-laptop-intel-core-ultra-5-225h-16gb-ram-1tb-ssd-14-inch-35-56-cm-diagonal-3k-oled-display-intel-arc-130t-gpu-windows-11-14-fr0789tu,https://vsprod.vijaysales.com/media/catalog/product/2/4/245496_1_.jpg,Electronics > Computers and Laptops > Laptops > Laptops,,
2026-02-02,2026-02-02 10:51:20,laptops,241384,Dell Inspiron 3530 Laptop (Intel Core i5 13th Gen/ 8GB RAM/ 512GB SSD/ 15.6 Inch Full HD Display/ Integrated Intel UHD Graphics GPU/ Windows 11 Home) OIN353034011RINB1MO,Dell,53499,55499,53499,Available,https://www.vijaysales.com/p/241384/dell-inspiron-3530-laptop-intel-core-i5-13th-gen-16gb-ram-512gb-ssd-15-6-inch-full-hd-display-integrated-intel-uhd-graphics-gpu-windows-11-home-oin353034011rinb1mo,https://vsprod.vijaysales.com/media/catalog/product/2/4/241384_2_.jpg,Electronics > Computers and Laptops > Laptops > Laptops,,
2026-02-02,2026-02-02 10:51:20,laptops,242249,Dell 14 Thin & Light Laptop (13th Gen Intel Core i3-1305U/ 8GB DDR5 RAM/ 512GB SSD/ 14 Inch (35.56 cm) FHD+ Display/ Intel UHD Graphics/ Windows 11/ MS-Office) OIN54403001F1RINU1O,Dell,41999,49000,41999,Available,https://www.vijaysales.com/p/242249/dell-14-thin-light-laptop-13th-gen-intel-core-i3-1305u-8gb-ddr5-ram-512gb-ssd-14-inch-35-56-cm-fhd-display-intel-uhd-graphics-windows-11-ms-office-oin54403001f1rinu1o,https://vsprod.vijaysales.com/media/catalog/product/2/4/242249_1_.jpg,Electronics > Computers and Laptops > Laptops > Laptops,,
2026-02-02,2026-02-02 10:51:20,laptops,241041,HP Thin & Light Laptop (Intel Core 5/ 16GB RAM/ 512GB SSD/ 15.6 Inch (39.6 cm) Full HD Display/ Intel UHD Graphics/ Windows 11/ MS-Office) 15-fd0664TU,HP,58999,66499,58999,Available,https://www.vijaysales.com/p/241041/hp-thin-light-laptop-intel-core-5-16gb-ram-512gb-ssd-15-6-inch-39-6-cm-full-hd-display-intel-uhd-graphics-windows-11-ms-office-15-fd0664tu,https://vsprod.vijaysales.com/media/catalog/product/2/4/241041_1.jpg,Electronics > Computers and Laptops > Laptops > Laptops,,
2026-02-02,2026-02-02 10:51:20,laptops,248534,ASUS Vivobook Go 14 Standard Laptop (AMD Ryzen™ 5 7520U/ 16GB RAM/ 512GB SSD/ 14 Inch Full HD Anti-Glare Display/ Integrated AMD Radeon Graphics GPU/ Windows 11 Home) E1404FAEB2541WS,Asus,41990,52990,41990,Available,https://www.vijaysales.com/p/248534/asus-vivobook-go-14-standard-laptop-amd-ryzentm-5-7520u-16gb-ram-512gb-ssd-14-inch-full-hd-anti-glare-display-integrated-amd-radeon-graphics-gpu-windows-11-home-e1404faeb2541ws,https://vsprod.vijaysales.com/media/catalog/product/2/4/248534_1_.jpg,Electronics > Computers and Laptops > Laptops > Laptops,,
2026-02-02,2026-02-02 10:51:20,laptops,248745,Lenovo IdeaPad Slim 3 Standard Laptop (AMD Ryzen 5 7520U/ 16GB RAM/ 512GB SSD/ 15.6 Inch (39.62 cm) Full HD Display/ Integrated AMD Radeon 610M GPU/ Windows 11/ MS-Office) 82XQ00XCIN,Lenovo,46990,65490,46990,Available,https://www.vijaysales.com/p/248745/lenovo-ideapad-slim-3-standard-laptop-amd-ryzen-5-7520u-16gb-ram-512gb-ssd-15-6-inch-39-62-cm-full-hd-display-integrated-amd-radeon-610m-gpu-windows-11-82xq00xcin,https://vsprod.vijaysales.com/media/catalog/product/2/4/248745_8_.jpg,Electronics > Computers and Laptops > Laptops > Laptops,,
2026-02-02,2026-02-02 10:51:20,laptops,245845,HP Thin & Light Laptop (AMD Ryzen 3/ 8GB RAM/ 512GB SSD/ 14 inch (35.56 cm) Display/ AMD Radeon Graphics) 14-em0243AU,HP,34990,39731,34990,Available,https://www.vijaysales.com/p/245845/hp-thin-light-laptop-amd-ryzen-3-8gb-ram-512gb-ssd-14-inch-35-56-cm-display-amd-radeon-graphics-14-em0243au,https://vsprod.vijaysales.com/media/catalog/product/2/4/245845_1__1.jpg,Electronics > Computers and Laptops > Laptops > Laptops,,
2026-02-02,2026-02-02 10:51:20,laptops,245848,HP Thin & Light Laptop (AMD Ryzen 5 Thin/ 8GB RAM/ 512GB SSD/ AMD Radeon Graphics/ Windows 11 Home) 15-fc0704AU | Natural Silver,HP,40499,54551,40499,Available,https://www.vijaysales.com/p/245848/hp-thin-and-light-laptop-amd-ryzen-5-thin-8gb-ram-512gb-ssd-amd-radeon-graphics-windows-11-home-15-fc0704au-natural-silver,https://vsprod.vijaysales.com/media/catalog/product/2/4/245848_1_.jpg,Electronics > Computers and Laptops > Laptops > Laptops,,
2026-02-02,2026-02-02 10:51:20,laptops,243423,Store Display Unit - Lenovo LOQ 15 Gaming Laptop (13th Gen Intel Core i5/ 24GB RAM/ 512GB SSD/ 15.6 Inch (39.6 cm) Full HD Display/ 6GB-NVIDIA GeForce RTX 4050 Graphics/ Windows 11/ MS-Office) 83DV018QIN,Lenovo,88990,127000,88990,Available,https://www.vijaysales.com/p/243423/lenovo-loq-15-gaming-laptop-13th-gen-intel-core-i5-24gb-ram-512gb-ssd-15-6-inch-39-6-cm-full-hd-display-6gb-nvidia-geforce-rtx-4050-graphics-windows-11-ms-office-83dv018qin,https://vsprod.vijaysales.com/media/catalog/product/2/4/243423_15_.jpg,Electronics > Computers and Laptops > Laptops > Gaming Laptops,,
2026-02-02,2026-02-02 10:51:20,laptops,241422,HP OmniBook 5 Next Gen AI Laptop (Snapdragon® X X1-26-100/ 16GB LPDDR5x RAM/ 1TB SSD/ 14 Inch (35.6 cm) diagonal 2K OLED Display/ Qualcomm Adreno™ GPU/ Windows 11/ MS-Office) 14-he0015QU,HP,67690,88000,67690,Available,https://www.vijaysales.com/p/241422/hp-omnibook-5-next-gen-ai-laptop-snapdragonr-x-x1-26-100-16gb-lpddr5x-ram-1tb-ssd-14-inch-35-6-cm-diagonal-2k-oled-display-qualcomm-adrenotm-gpu-windows-11-ms-office-14-he0015qu,https://vsprod.vijaysales.com/media/catalog/product/i/m/image_1_4.jpg,Electronics > Computers and Laptops > Laptops > Laptops,,
2026-02-02,2026-02-02 10:51:20,laptops,240714,Acer Aspire Lite Thin & Light Laptop (13th Gen Intel Core i5/ 16GB RAM/ 512GB Storage/ 15.6 Inch (39.62 cm) FHD Display/ Intel UHD Graphics/ Windows 11/ MS-Office) UN.347SI.00V,Acer,50990,67999,50990,Available,https://www.vijaysales.com/p/240714/acer-aspire-lite-thin-light-laptop-13th-gen-intel-core-i5-16gb-ram-512gb-storage-15-6-inch-39-62-cm-fhd-display-intel-uhd-graphics-windows-11-ms-office-un-347si-00v,https://vsprod.vijaysales.com/media/catalog/product/2/4/240714_1_.jpg,Electronics > Computers and Laptops > Laptops > Laptops,,
2026-02-02,2026-02-02 10:51:20,laptops,248535,ASUS Vivobook 15 Laptop (Intel Core i3-1315U/ 8GB RAM/ 512GB SSD/ 15.6 Inch (39.62 cm) Full HD Display/ Intel UHD Graphics GPU/ Windows 11 Home) X1504VABQ321WS,Asus,37990,50990,39990,Available,https://www.vijaysales.com/p/248535/asus-vivobook-15-laptop-intel-core-i3-1315u-8gb-ram-512gb-ssd-15-6-inch-39-62-cm-full-hd-display-intel-uhd-graphics-gpu-windows-11-home-x1504vabq321ws,https://vsprod.vijaysales.com/media/catalog/product/2/4/248535_4_.jpg,Electronics > Computers and Laptops > Laptops > Laptops,,
2026-02-02,2026-02-02 10:51:20,laptops,237962,Acer Aspire ALG AL15G-53 Gaming Laptop (13th Gen Intel Core i5-13420H/ 16GB DDR4 RAM/ 512GB SSD/ 15.6 Inch (39.62 cm) Full HD Display/ 6 GB-NVIDIA GeForce RTX TM 3050 Graphics/ Windows 11/ MS-Office) UN.34LSI.00A,Acer,63990,77000,63990,Available,https://www.vijaysales.com/p/237962/acer-aspire-alg-al15g-53-gaming-laptop-13th-gen-intel-core-i5-13420h-16gb-ddr4-ram-512gb-ssd-156-inch-3962-cm-full-hd-display-6-gb-nvidia-geforce-rtx-tm-3050-graphics-windows-11-ms-office-un34lsi00a,https://vsprod.vijaysales.com/media/catalog/product/2/3/237962_9_.jpeg,Electronics > Computers and Laptops > Laptops > Gaming Laptops,,
2026-02-02,2026-02-02 10:51:20,laptops,239004,Lenovo Yoga Slim 7 Laptop (Intel Core Ultra 5/ 16GB DDR5 RAM/ 1TB SSD/ 14 Inch (35.56 cm) WUXGA OLED Display/ Intel Arc Graphics/ Windows 11/ MS-Office) 83CV008YIN,Lenovo,82999,118890,82999,Available,https://www.vijaysales.com/p/239004/lenovo-yoga-slim-7-laptop-intel-core-ultra-5-16gb-ddr5-ram-1tb-ssd-14-inch-35-56-cm-wuxga-oled-display-intel-arc-graphics-windows-11-ms-office-83cv008yin,https://vsprod.vijaysales.com/media/catalog/product/2/3/239004_1.jpg,Electronics > Computers and Laptops > Laptops > Laptops,,
2026-02-02,2026-02-02 10:51:20,laptops,219972,Store Display Unit - Lenovo IdeaPad Slim 5 (12th Gen Intel Core i5 / 16 GB/ 512 GB SSD/ 16 inch (40.64 cm)/ Backlit KB/Intel UHD Graphics/Win11/ MSOffice/ 83BG000NIN16IAH8,Lenovo,52000,83000,52000,Available,https://www.vijaysales.com/p/219972/lenovo-ideapad-slim-5-16iah8-12th-gen-intel-core-i5-16-gb-512-gb-ssd-16-inch-40-64-cm-intel-uhd-graphics-windows-11-ms-office-83bg000nin,https://vsprod.vijaysales.com/media/catalog/product/2/1/219972-image1_1.jpg,Electronics > Computers and Laptops > Laptops > Laptops,,
2026-02-02,2026-02-02 10:51:20,laptops,245851,HP Thin & Light Laptop (AMD Ryzen 7/ 16GB RAM/ 512GB SSD/ 15.6 Inch (39.6 cm) Full HD Display/ AMD Radeon 680M Graphics/ Windows 11/ MS-Office) 15-fc1045AU,HP,56999,69362,56999,Available,https://www.vijaysales.com/p/245851/hp-thin-light-laptop-amd-ryzen-7-16gb-ram-512gb-ssd-15-6-inch-39-6-cm-full-hd-display-amd-radeon-680m-graphics-windows-11-15-fc1045au,https://vsprod.vijaysales.com/media/catalog/product/2/4/245851_1_.jpg,Electronics > Computers and Laptops > Laptops > Laptops,,
2026-02-02,2026-02-02 10:51:20,laptops,245854,HP Victus Gaming Laptop (AMD Ryzen 7 260/ 24GB RAM/ 1TB SSD/ 15.6 Inch (39.62 cm) FHD Display/ 8GB-NVIDIA GeForce RTX 5050 Graphics/ Windows 11/ MS-Office) 15-fb3185AX,HP,103999,122058,103999,Available,https://www.vijaysales.com/p/245854/hp-victus-gaming-laptop-amd-ryzen-7-260-24gb-ram-1tb-ssd-15-6-inch-39-62-cm-fhd-display-8gb-nvidia-geforce-rtx-5050-graphics-windows-11-ms-office-15-fb3185ax,https://vsprod.vijaysales.com/media/catalog/product/2/4/245854_1_.jpg,Electronics > Computers and Laptops > Laptops > Gaming Laptops,,
2026-02-02,2026-02-02 10:51:20,laptops,240673,HP Thin & Light Laptop (13th Gen Intel Core i3/ 8GB DDR4 RAM/ 512GB SSD/ 15.6 Inch (39.6 cm) Full HD Display/ Intel® UHD Graphics/ Windows 11/ MS-Office) 15-fd0489TU,HP,36999,53000,36999,Unavailable,https://www.vijaysales.com/p/240673/hp-thin-light-laptop-13th-gen-intel-core-i3-8gb-ddr4-ram-512gb-ssd-15-6-inch-39-6-cm-full-hd-display-intelr-uhd-graphics-windows-11-ms-office-15-fd0489tu,https://vsprod.vijaysales.com/media/catalog/product/2/4/240673_3_.jpg,Electronics > Computers and Laptops > Laptops > Laptops,,
2026-02-02,2026-02-02 10:51:20,laptops,239728,ASUS ROG Strix G16 Gaming Laptop (Intel Core Ultra 9 275HX/ 32GB RAM/ 1TB SSD/ 16 Inch (40.64 cm) 2.5K WQXGA Display/ 12GB-NVIDIA GeForce RTX 5070 Ti Graphics/ 4-Zone RGB Backlit Keyboard/ Windows 11/ MS-Office) G615LR-S5190WS,Asus,279990,311990,275990,Available,https://www.vijaysales.com/p/239728/asus-rog-strix-g16-gaming-laptop-intel-core-ultra-9-275hx-32gb-ram-1tb-ssd-16-inch-40-64-cm-2-5k-wqxga-display-12gb-nvidia-geforce-rtx-5070-ti-graphics-4-zone-rgb-backlit-keyboard-windows-11-ms-office-g615lr-s5190ws,https://vsprod.vijaysales.com/media/catalog/product/2/3/239728_1__1.jpg,Electronics > Computers and Laptops > Laptops > Gaming Laptops,,
2026-02-02,2026-02-02 10:51:20,laptops,241326,Lenovo LOQ 15 Gaming Laptop (13th Gen Intel Core i5/ 16GB RAM/ 512GB SSD/ 15.6 Inch (39.6 cm) Full HD Display/ 6GB-NVIDIA GeForce RTX 3050 Graphics/ Windows 11/ MS-Office) 83DV018NIN,Lenovo,83990,90000,83990,Available,https://www.vijaysales.com/p/241326/lenovo-loq-15-gaming-laptop-13th-gen-intel-core-i5-16gb-ram-512gb-ssd-15-6-inch-39-6-cm-full-hd-display-6gb-nvidia-geforce-rtx-3050-graphics-windows-11-ms-office-83dv018nin,https://vsprod.vijaysales.com/media/catalog/product/2/4/241326_3_.jpg,Electronics > Computers and Laptops > Laptops > Gaming Laptops,,
2026-02-02,2026-02-02 10:51:20,laptops,240727,ASUS TUF F16 Gaming Laptop (13th Gen Intel Core i5-13450HX/ 16GB DDR5 RAM/ 1TB SSD/ 16 Inch (40.64 cm) FHD+ Display/ NVIDIA RTX 5050 8GB Graphics/ Windows 11/ MS-Office) FX608JH-RV057WS,Asus,109990,149990,119990,Unavailable,https://www.vijaysales.com/p/240727/asus-tuf-f16-gaming-laptop-13th-gen-intel-core-i5-13450hx-16gb-ddr5-ram-1tb-ssd-16-inch-40-64-cm-fhd-display-nvidia-rtx-5050-8gb-graphics-windows-11-ms-office-fx608jh-rv057ws,https://vsprod.vijaysales.com/media/catalog/product/2/4/240727_1.jpg,Electronics > Computers and Laptops > Laptops > Gaming Laptops,,
2026-02-02,2026-02-02 10:51:20,laptops,242102,Acer Predator Helios Neo Gaming Laptop (Intel Core Ultra 7/ 16GB RAM/ 1TB Storage/ 16 Inch (40.64 cm) OLED Display/ 8GB-NVIDIA GeForce RTX 5050 Graphics/ Windows 11) NH.QX8SI.001,Acer,149990,185990,149990,Available,https://www.vijaysales.com/p/242102/acer-predator-helios-neo-gaming-laptop-intel-core-ultra-7-16gb-ram-1tb-storage-16-inch-40-64-cm-oled-display-8gb-nvidia-geforce-rtx-5050-graphics-windows-11-ms-office-nh-qx8si-001,https://vsprod.vijaysales.com/media/catalog/product/2/4/242102_1_.jpg,Electronics > Computers and Laptops > Laptops > Gaming Laptops,,
2026-02-02,2026-02-02 10:51:20,laptops,232251,Store Display Unit - Acer NITRO V ANV15-41 Gaming Laptop (AMD Ryzen 7/ 16GB RAM/ 512GB SSD/ 15.6 inch (39.6 cm) 144 Hz Full HD Display/ NVIDIA GeForce RTX 3050 6GB Graphics/ Windows 11/ MS-Office) UN.QPFSI.007,Acer,67000,94999,67000,Available,https://www.vijaysales.com/p/232251/acer-nitro-v-anv15-41-gaming-laptop-amd-ryzen-7-16gb-ram-512gb-ssd-15-6-inch-39-6-cm-144-hz-full-hd-display-nvidia-geforce-rtx-3050-6gb-graphics-windows-11-ms-office-un-qpfsi-007,https://vsprod.vijaysales.com/media/catalog/product/2/3/232251_1_.jpg,Electronics > Computers and Laptops > Laptops > Gaming Laptops,,
2026-02-02,2026-02-02 10:51:20,laptops,244977,ASUS TUF A15 Gaming Laptop (AMD Ryzen 7/ 16GB RAM/ 512GB SSD/ 15.6 Inch (39.62 cm) FHD Display/ 4GB-NVIDIA GeForce RTX 3050 Graphics/ Windows 11/ MS-Office) FA506NCG-HN200WS,Asus,73990,85990,78990,Available,https://www.vijaysales.com/p/244977/asus-tuf-a15-gaming-laptop-amd-ryzen-7-16gb-ram-512gb-ssd-15-6-inch-39-62-cm-fhd-display-4gb-nvidia-geforce-rtx-3050-graphics-windows-11-ms-office-fa506ncg-hn200ws,https://vsprod.vijaysales.com/media/catalog/product/2/4/244977_1_.jpg,Electronics > Computers and Laptops > Laptops > Gaming Laptops,,
2026-02-02,2026-02-02 10:51:20,laptops,237961,ASUS Zenbook 14 AI Laptop 2025  (Intel Core Ultra 5 Series 2 / 16GB LPDDR5X RAM/ 1TB SSD/ 14 Inch (35.56 cm) OLED Display/ Intel Arc Graphics/ Backlit Keyboard/ Win 11/ MS-Office 2024) UX3405CA-PZ162WS,Asus,105990,135990,114990,Available,https://www.vijaysales.com/p/237961/asus-zenbook-14-laptop-intel-core-ultra-5-16gb-lpddr5x-ram-1tb-ssd-14-inch-35-56-cm-oled-display-intel-arc-graphics-backlit-chiclet-keyboard-win-11-ms-office-x1607ca-mb142ws,https://vsprod.vijaysales.com/media/catalog/product/2/3/237961_1_.jpg,Electronics > Computers and Laptops > Laptops > Laptops,,
2026-02-02,2026-02-02 10:51:20,laptops,238441,Lenovo IdeaPad 5 Convertible Laptop (Intel Core i5 13th Gen/ 16GB LPDDR5x RAM/ 512GB SSD/ 14 Inch (35.56 cm) Touchscreen Display/ Intel UHD Graphics/ Backlit Keyboard/ Windows 11/ MS-Office) 83KX0058IN,Lenovo,73999,99990,73999,Available,https://www.vijaysales.com/p/238441/lenovo-ideapad-5-convertible-laptop-intel-core-i5-13th-gen-16gb-lpddr5x-ram-512gb-ssd-14-inch-35-56-cm-touchscreen-display-intel-uhd-graphics-backlit-keyboard-windows-11-ms-office-83kx0058in,https://vsprod.vijaysales.com/media/catalog/product/2/3/238441_1_.jpg,Electronics > Computers and Laptops > Laptops > Convertible Laptops,,
2026-02-02,2026-02-02 10:51:20,laptops,245833,Lenovo LOQ 15IRX10 Gaming Laptop (Intel Core i7-13700HX/ 16GB RAM/ 1TB SSD/ 15.6 Inch (39.62 cm) FHD Display/ 8GB-NVIDIA GeForce RTX 5050 Graphics/ Windows 11/ MS-Office) 83JE00W1IN,Lenovo,122999,152290,122999,Available,https://www.vijaysales.com/p/245833/lenovo-loq-15irx10-gaming-laptop-intel-core-i7-13700hx-16gb-ram-1tb-ssd-15-6-inch-39-62-cm-fhd-display-8gb-nvidia-geforce-rtx-5050-graphics-windows-11-ms-office-83je00w1in,https://vsprod.vijaysales.com/media/catalog/product/2/4/245833_1_.jpg,Electronics > Computers and Laptops > Laptops > Gaming Laptops,,
2026-02-02,2026-02-02 10:51:20,laptops,245444,Acer Swift Lite Premium Thin & Light Laptop (Intel Core Ultra 5-115U/ 16GB LPDDR5 RAM/ 512GB SSD/ 14 Inch (35.56 cm) WUXGA OLED Display/ Intel Graphics/ Windows 11/ MS-Office) NX.D2GSI.001,Acer,57990,94000,57990,Available,https://www.vijaysales.com/p/245444/acer-swift-lite-premium-thin-light-laptop-intel-core-ultra-5-115u-16gb-lpddr5-ram-512gb-ssd-14-inch-35-56-cm-wuxga-oled-display-intel-graphics-windows-11-ms-office-nx-d2gsi-001,https://vsprod.vijaysales.com/media/catalog/product/2/4/245444_1_.jpg,Electronics > Computers and Laptops > Laptops > Laptops,,
2026-02-02,2026-02-02 10:51:20,laptops,251008,HP Victus Gaming Laptop (AMD Ryzen 7/ 16GB RAM/ 1TB SSD/ 15.6 Inch (39.62 cm) FHD Display/ 6GB-NVIDIA GeForce RTX 4050 Graphics/ Windows 11) 15-fb3162AX,HP,83999,102280,83999,Available,https://www.vijaysales.com/p/251008/hp-victus-gaming-laptop-amd-ryzen-7-16gb-ram-1tb-ssd-15-6-inch-39-62-cm-fhd-display-6gb-nvidia-geforce-rtx-4050-graphics-windows-11-15-fb3162ax,https://vsprod.vijaysales.com/media/catalog/product/2/5/251008_1_.jpg,Electronics > Computers and Laptops > Laptops > Gaming Laptops,,
2026-02-02,2026-02-02 10:51:20,laptops,237102,Dell Inspiron 15 Laptop (13th Gen Intel Core i5/ 16GB DDR4 RAM/ 512GB SSD/ 15.6 Inch (39.62 cm) FHD Display/ Intel Iris Xe Graphics/ Backlit Keyboard/ Windows 11/ MS-Office) OIN353034071RINS1MO,Dell,58999,74000,58999,Available,https://www.vijaysales.com/p/237102/dell-inspiron-15-laptop-13th-gen-intel-core-i5-16gb-ddr4-ram-512gb-ssd-15-6-inch-39-62-cm-fhd-display-intel-iris-xe-graphics-backlit-keyboard-windows-11-ms-office-oin353034071rins1mo,https://vsprod.vijaysales.com/media/catalog/product/2/3/237102_1_.jpg,Electronics > Computers and Laptops > Laptops > Laptops,,
2026-02-02,2026-02-02 10:51:20,laptops,239505,"Refurbished Dell Latitude 5411 (Core i5 10th Gen/16GB/512GB SSD/Webcam/14""/Non Touch/Windows 10 Pro)",HP,34999,56799,34999,Available,https://www.vijaysales.com/p/239505/refurbished-dell-latitude-5411-core-i5-10th-gen-16gb-512gb-ssd-webcam-14-non-touch-dos,https://vsprod.vijaysales.com/media/catalog/product/2/3/239505_1_.jpg,Electronics > Computers and Laptops > Laptops > Refurbished Laptops,,
2026-02-02,2026-02-02 10:51:20,laptops,239510,"Refurbished HP Probook 640 G5 (Core i5 8th Gen/8GB/512GB SSD/Webcam/14"" Non Touch/Win 10 Pro)",HP,27999,39200,27999,Available,https://www.vijaysales.com/p/239510/refurbished-hp-probook-640-g5-core-i5-8th-gen-8gb-512gb-ssd-webcam-14-non-touch-win-10,https://vsprod.vijaysales.com/media/catalog/product/2/3/239510.jpg,Electronics > Computers and Laptops > Laptops > Refurbished Laptops,,
2026-02-02,2026-02-02 10:51:20,laptops,239509,Refurbished HP Probook 645 G4 (AMD Ryzen 5 Pro/8GB/256GB SSD/Webcam/14'' Non Touch/Win-10 Pro),HP,23999,44190,23999,Available,https://www.vijaysales.com/p/239509/refurbished-hp-probook-645-g4-amd-ryzen-5-pro-8gb-256gb-ssd-webcam-14-non-touch-win-10,https://vsprod.vijaysales.com/media/catalog/product/2/3/239509_1_.jpg,Electronics > Computers and Laptops > Laptops > Refurbished Laptops,,
2026-02-02,2026-02-02 10:51:20,laptops,236786,Lenovo LOQ Gaming Laptop (12th Gen Core i5/ 16GB RAM/ 512GB SSD/ 15.6 Inch (39.62 cm)/ 6GB RTX™ 3050 Graphics/ Win 11/ MS Office) 83GS00LLIN,Lenovo,75999,106000,75999,Available,https://www.vijaysales.com/p/236786/lenovo-loq-15iax9-gaming-laptop-12th-gen-core-i5-16gb-ram-512gb-ssd-15-6-inch-39-62-cm-6gb-rtxtm-3050-graphics-win-11-ms-office-83gs003qin,https://vsprod.vijaysales.com/media/catalog/product/2/3/236786_1.jpg,Electronics > Computers and Laptops > Laptops > Gaming Laptops,,
2026-02-02,2026-02-02 10:51:20,laptops,238019,ASUS Vivobook Go 14 Laptop (AMD Ryzen 5/ 8GB LPDDR5 RAM/ 512GB SSD/ 14 Inch (35.56 cm) FHD Display/ AMD Radeon Graphics/ Windows 11/ MS-Office) E1404FA-NK5521WS,Asus,37990,48990,37990,Available,https://www.vijaysales.com/p/238019/asus-vivobook-go-14-laptop-amd-ryzen-5-8gb-lpddr5-ram-512gb-ssd-14-inch-35-56-cm-fhd-display-amd-radeon-graphics-windows-11-ms-office-e1404fa-nk5521ws,https://vsprod.vijaysales.com/media/catalog/product/2/3/238019_1.jpg,Electronics > Computers and Laptops > Laptops > Laptops,,
2026-02-02,2026-02-02 10:51:20,laptops,245832,Lenovo LOQ 15IAX9E Gaming Laptop (12th Gen Intel Core i5/ 16GB RAM/ 512GB SSD/ 15.6 Inch (39.62 cm) FHD Display/ 4GB-NVIDIA GeForce RTX 3050A Graphics/ Windows 11/ MS-Office) 83LK00AVIN,Lenovo,68990,95590,68990,Available,https://www.vijaysales.com/p/245832/lenovo-loq-15iax9e-gaming-laptop-12th-gen-intel-core-i5-16gb-ram-512gb-ssd-15-6-inch-39-62-cm-fhd-display-4gb-nvidia-geforce-rtx-3050a-graphics-windows-11-ms-office-83lk00avin,https://vsprod.vijaysales.com/media/catalog/product/2/4/245832_1_.jpg,Electronics > Computers and Laptops > Laptops > Gaming Laptops,,
2026-02-02,2026-02-02 10:51:20,laptops,241040,HP Thin & Light Laptop (13th Gen Intel Core i5/ 16GB DDR4 RAM/ 512GB SSD/ 15.6 Inch (39.6 cm) Full HD Display/ Intel Iris Xe Graphics/ Windows 11/ MS-Office) 15-hr0007TU,HP,54990,62999,54990,Available,https://www.vijaysales.com/p/241040/hp-thin-light-laptop-13th-gen-intel-core-i5-16gb-ddr4-ram-512gb-ssd-15-6-inch-39-6-cm-full-hd-display-intel-iris-xe-graphics-windows-11-ms-office-15-hr0007tu,https://vsprod.vijaysales.com/media/catalog/product/2/4/241040_3_.jpg,Electronics > Computers and Laptops > Laptops > Laptops,,
2026-02-02,2026-02-02 10:51:20,laptops,241421,HP Thin & Light Laptop (13th Gen Intel Core i5/ 16GB RAM/ 512GB SSD/ 15.6 Inch (39.6 cm) Full HD Display/ Intel UHD Graphics/ Windows 11/ MS-Office) 15-fr0049TU,HP,59490,73000,59490,Available,https://www.vijaysales.com/p/241421/hp-thin-light-laptop-13th-gen-intel-core-i5-16gb-ram-512gb-ssd-15-6-inch-39-6-cm-full-hd-display-intel-uhd-graphics-windows-11-ms-office-15-fr0049tu,https://vsprod.vijaysales.com/media/catalog/product/i/m/image_1_3.jpg,Electronics > Computers and Laptops > Laptops > Laptops,,
2026-02-02,2026-02-02 10:51:20,laptops,241021,ASUS Vivobook 15 Everyday Laptop (13th Gen Intel Core i3/ 8GB DDR4 RAM/ 512GB SSD/ 15.6 Inch (39.62 cm) FHD Display/ Intel UHD Graphics/ Windows 11/ MS-Office) X1504VA-NJ3320WS,Asus,37990,51990,38990,Available,https://www.vijaysales.com/p/241021/asus-vivobook-15-everyday-laptop-13th-gen-intel-core-i3-8gb-ddr4-ram-512gb-ssd-15-6-inch-39-62-cm-fhd-display-intel-uhd-graphics-windows-11-ms-office-x1504va-nj3320ws,https://vsprod.vijaysales.com/media/catalog/product/2/4/241021_1.jpg,Electronics > Computers and Laptops > Laptops > Laptops,,
2026-02-02,2026-02-02 10:51:20,laptops,231165,"Store Display Unit - HP Laptop (14th Gen Intel Core Ultra 7 155H, 16GB RAM/ 512GB SSD/ 14 inch (35.56 cm) diagonal FHD display/ Intel Arc Graphics/ Silver) 14GR1023TU",HP,72000,98900,72000,Available,https://www.vijaysales.com/p/231165/hp-laptop-14th-gen-intel-core-ultra-7-155h-16gb-ram-512gb-ssd-14-inch-35-56-cm-diagonal-fhd-display-intel-arc-graphics-silver-14gr1023tu,https://vsprod.vijaysales.com/media/catalog/product/2/3/231165-image.jpg,Electronics > Computers and Laptops > Laptops > Laptops,,
2026-02-02,2026-02-02 10:51:20,laptops,245837,Asus Vivobook Go 14 Thin & Light Laptop (AMD Ryzen 5 Quad Core 7520U/ 8GB RAM /512GB SSD /14 Inch (35.56) FHD Display /AMD Radeon Graphics / Windows 11/ MS-Office) E1404FA-NK521WS,Asus,37990,43990,37990,Available,https://www.vijaysales.com/p/245837/asus-vivobook-go-14-thin-light-laptop-amd-ryzen-5-quad-core-7520u-8gb-ram-512gb-ssd-14-inch-35-56-fhd-display-amd-radeon-graphics-windows-11-ms-office-e1404fa-nk521ws,https://vsprod.vijaysales.com/media/catalog/product/2/4/245837_5_.jpg,Electronics > Computers and Laptops > Laptops > Laptops,,
2026-02-02,2026-02-02 10:51:20,laptops,245836,ASUS Vivobook Go 14 Student Laptop (AMD Ryzen 3 7320U/ 8GB LPDDR5 RAM/ 512GB SSD/ 14 Inch (35.56 cm) FHD Display/ AMD Radeon Graphics/ Windows 11/ MS-Office) E1404FA-EB2321WS,Asus,34990,43990,34990,Available,https://www.vijaysales.com/p/245836/asus-vivobook-go-14-student-laptop-amd-ryzen-3-7320u-8gb-lpddr5-ram-512gb-ssd-14-inch-35-56-cm-fhd-display-amd-radeon-graphics-windows-11-ms-office-e1404fa-eb2321ws,https://vsprod.vijaysales.com/media/catalog/product/2/4/245836_1_.jpg,Electronics > Computers and Laptops > Laptops > Laptops,,
2026-02-02,2026-02-02 10:51:20,laptops,243558,Lenovo IdeaPad Slim 3 14IRU8 Thin & Light Laptop (13th Gen Intel Core i3/ 8GB RAM/ 512GB SSD/ 14 Inch (35.6 cm) Full HD Display/ Intel UHD Graphics/ Windows 11 Home/ MS-Office) 82X60062IN,Lenovo,42499,59190,42499,Available,https://www.vijaysales.com/p/243558/lenovo-ideapad-slim-3-14iru8-thin-light-laptop-13th-gen-intel-core-i3-8gb-ram-512gb-ssd-14-inch-35-6-cm-full-hd-display-intel-uhd-graphics-windows-11-home-ms-office-82x60062in,https://vsprod.vijaysales.com/media/catalog/product/2/4/243558_1_.jpg,Electronics > Computers and Laptops > Laptops > Laptops,,
2026-02-02,2026-02-02 10:51:20,laptops,245846,HP Standard Laptop (AMD Ryzen 3/ 8GB RAM/ 512GB SSD/ 15.6 inch (39.62 cm) Display/  Windows 11 Home/ MS Office) 15-fc0499AU,HP,34999,45000,34999,Available,https://www.vijaysales.com/p/245846/hp-standard-laptop-amd-ryzen-3-8gb-ram-512gb-ssd-15-6-inch-39-62-cm-display-windows-11-home-ms-office-15-fc0499au,https://vsprod.vijaysales.com/media/catalog/product/2/4/245846_1_.jpeg,Electronics > Computers and Laptops > Laptops > Laptops,,
2026-02-02,2026-02-02 10:51:20,laptops,239328,Dell Inspiron 3530 Thin & Light Laptop (13th Gen Intel Corr i7-1355U/ 16GB DDR4 RAM/ 512GB SSD/ 15.6 Inch (39.62 cm) FHD Display/ Intel Iris Xe Graphics/ Windows 11/ MS-Office) OIN353010031RINS1MO,Dell,70990,88900,70990,Available,https://www.vijaysales.com/p/239328/dell-inspiron-3530-thin-light-laptop-13th-gen-intel-corr-i7-1355u-16gb-ddr4-ram-512gb-ssd-15-6-inch-39-62-cm-fhd-display-intel-iris-xe-graphics-windows-11-ms-office-oin353010031rins1mo,https://vsprod.vijaysales.com/media/catalog/product/2/3/239328_1.jpg,Electronics > Computers and Laptops > Laptops > Laptops,,
2026-02-02,2026-02-02 10:51:20,laptops,239502,Refurbished Dell Latitude 7490 (Core i5 8th Gen/8GB/512GB SSD/Webcam/14'' Non Touch/Windows 10 Pro),Dell,27499,42410,27499,Unavailable,https://www.vijaysales.com/p/239502/refurbished-dell-latitude-7490-core-i5-8th-gen-8gb-512gb-ssd-webcam-14-non-touch-dos,https://vsprod.vijaysales.com/media/catalog/product/2/3/239502_1_.jpg,Electronics > Computers and Laptops > Laptops > Refurbished Laptops,,
2026-02-02,2026-02-02 10:51:20,laptops,251004,HP Laptop (AMD Ryzen 5/ 16GB RAM/ 512GB SSD/ 14 Inch (35.6 cm) FHD Display/ AMD Radeon Graphics/ Windows 11) 14-em0241AU,HP,46499,56831,46499,Available,https://www.vijaysales.com/p/251004/hp-laptop-amd-ryzen-5-16gb-ram-512gb-ssd-14-inch-35-6-cm-fhd-display-amd-radeon-graphics-windows-11-14-em0241au,https://vsprod.vijaysales.com/media/catalog/product/2/5/251004_1_.jpg,Electronics > Computers and Laptops > Laptops > Laptops,,
2026-02-02,2026-02-02 10:51:20,laptops,242250,Acer Aspire Go 14 AG14-71M Laptop (Intel Core Ultra 5/ 16GB DDR5 RAM/ 512GB SSD/ 14 Inch (35.56 cm) WUXGA IPS Display/ Intel Graphics/ Windows 11/ MS-Office) NX.JF5SI.001,Acer,54990,72990,54990,Available,https://www.vijaysales.com/p/242250/acer-aspire-go-14-ag14-71m-laptop-intel-core-ultra-5-16gb-ddr5-ram-512gb-ssd-14-inch-35-56-cm-wuxga-ips-display-intel-arc-graphics-windows-11-ms-office-nx-jf5si-001,https://vsprod.vijaysales.com/media/catalog/product/2/4/242250_1.jpg,Electronics > Computers and Laptops > Laptops > Laptops,,
2026-02-02,2026-02-02 10:51:20,laptops,244980,Dell New 15 Laptop (Intel Core i3/ 16GB RAM/ 512GB SSD/ 15.6 inch (39.62 cm) Display/ Intel UHD Graphics/ MS Office) ODC1525002101RINB1,Dell,45499,47000,45499,Available,https://www.vijaysales.com/p/244980/dell-new-15-laptop-intel-core-i3-16gb-ram-512gb-ssd-156-inch-3962-cm-display-intel-uhd-graphics-ms-office-odc1525002101rinb1,https://vsprod.vijaysales.com/media/catalog/product/2/4/244980_2_.jpg,Electronics > Computers and Laptops > Laptops > Laptops,,
2026-02-02,2026-02-02 10:51:20,laptops,246163,Lenovo IdeaPad Slim 3 15Q8X10 Thin & Light Laptop (Snapdragon X X1-26-100/ 16GB RAM/ 512GB SSD/ 15.3 Inch (38.86 cm) WUXGA Display/ Qualcomm Adreno Graphics/ Qualcomm Hexagon NPU/ Windows 11/ MS-Office) 83N3002QIN,Lenovo,57499,82800,57499,Available,https://www.vijaysales.com/p/246163/lenovo-ideapad-slim-3-15q8x10-thin-light-laptop-snapdragon-x-x1-26-100-16gb-ram-512gb-ssd-15-3-inch-38-86-cm-wuxga-display-qualcomm-adreno-graphics-qualcomm-hexagon-npu-windows-11-ms-office-83n3002qin,https://vsprod.vijaysales.com/media/catalog/product/2/4/246163_1_.jpg,Electronics > Computers and Laptops > Laptops > Laptops,,
2026-02-02,2026-02-02 10:51:20,laptops,237640,Store Display Unit - HP 15 Thin & Light Laptop (13th Gen Intel Core i5/ 16GB DDR4 RAM/ 512GB SSD/ 15.6 Inch (39.62 cm) FHD Display/ Intel Iris X Graphics/ Dual Speakers/ Backlit Keyboard/ Windows 11/ MS-Office) 15-FD0492TU,HP,51990,67000,51990,Unavailable,https://www.vijaysales.com/p/237640/hp-15-thin-light-laptop-13th-gen-intel-core-i5-16gb-ddr4-ram-512gb-ssd-15-6-inch-39-62-cm-fhd-display-intel-iris-x-graphics-dual-speakers-backlit-keyboard-windows-11-ms-office-15-fd0492tu,https://vsprod.vijaysales.com/media/catalog/product/2/3/237640_3_.jpg,Electronics > Computers and Laptops > Laptops > Laptops,,
2026-02-02,2026-02-02 10:51:20,laptops,241048,HP Essentials Thin & Light Laptop (13th Gen Intel Core i3/ 8GB DDR4 RAM/ 512GB SSD/ 14 Inch (35.6 cm) diagonal FHD Display/ Intel® UHD Graphics/ Windows 11/ MS-Office) 14-ep0294TU,HP,42990,42990,42990,Available,https://www.vijaysales.com/p/241048/hp-essentials-thin-light-laptop-13th-gen-intel-core-i3-8gb-ddr4-ram-512gb-ssd-14-inch-35-6-cm-diagonal-fhd-display-intelr-uhd-graphics-windows-11-ms-office-14-ep0294tu,https://vsprod.vijaysales.com/media/catalog/product/2/4/241048_2_.jpg,Electronics > Computers and Laptops > Laptops > Laptops,,
2026-02-02,2026-02-02 10:51:20,laptops,218311,Store Display Unit HP 15 Laptop (AMD Ryzen 3 / 8GB RAM/ 512 SSD/ 15.6 inch (39.6 cm) FHD Display / Thin & Light / AMD Radeon Graphics/ Win 11/ MS Office) fc0025AU,HP,32990,45995,32990,Available,https://www.vijaysales.com/p/218311/hp-15-fc0025au-laptop-amd-ryzen-3-8gb-ram-512-ssd-15-6-39-6-cm-display-amd-radeon-graphics-win-11-office,https://vsprod.vijaysales.com/media/catalog/product/2/1/218311-image1_1.jpg,Electronics > Computers and Laptops > Laptops > Laptops,,
2026-02-02,2026-02-02 10:51:20,laptops,241328,Lenovo IdeaPad Slim 3 15IRH10 Thin & Light Laptop (13th Gen Intel Core i7/ 16GB DDR5 RAM/ 512GB SSD/ 15.3 Inch (38.86 cm) WUXGA Display/ Intel UHD Graphics/ Windows 11/ MS-Office) 83K100CPIN,Lenovo,70999,99700,70999,Available,https://www.vijaysales.com/p/241328/lenovo-ideapad-slim-3-15irh10-thin-light-laptop-13th-gen-intel-core-i7-16gb-ddr5-ram-512gb-ssd-15-3-inch-38-86-cm-wuxga-display-intelr-uhd-graphics-windows-11-ms-office-83k100cpin,https://vsprod.vijaysales.com/media/catalog/product/2/4/241328_1_.jpg,Electronics > Computers and Laptops > Laptops > Laptops,,
2026-02-02,2026-02-02 10:51:20,laptops,240715,Acer Aspire Lite Thin & Light Laptop (13th Gen Intel Core i7/ 16GB RAM/ 512GB Storage/ 15.6 Inch (39.62 cm) FHD Display/ Intel UHD Graphics/ Windows 11/ MS-Office) UN.347SI.00U,Acer,59999,73999,59999,Available,https://www.vijaysales.com/p/240715/acer-aspire-lite-thin-light-laptop-13th-gen-intel-core-i7-16gb-ram-512gb-storage-15-6-inch-39-62-cm-fhd-display-intel-uhd-graphics-windows-11-ms-office-un-347si-00u,https://vsprod.vijaysales.com/media/catalog/product/2/4/240715_1_.jpg,Electronics > Computers and Laptops > Laptops > Laptops,,
2026-02-02,2026-02-02 10:51:20,laptops,247926,Dell 15 Laptop (13th Gen Intel Core i7-1355U/ 16GB RAM/ 512GB SSD/ 15.6 Inch (39.62 cm) FHD Display/ Intel UHD Graphics/ Windows 11/ MS-Office) ODC1525000601RINS1,Dell,73499,74999,73499,Available,https://www.vijaysales.com/p/247926/dell-15-laptop-13th-gen-intel-core-i7-1355u-16gb-ram-512gb-ssd-15-6-inch-39-62-cm-fhd-display-intel-uhd-graphics-windows-11-ms-office-odc1525000601rins1,https://vsprod.vijaysales.com/media/catalog/product/2/4/247926_1_.jpg,Electronics > Computers and Laptops > Laptops > Laptops,,
2026-02-02,2026-02-02 10:51:20,laptops,241327,Lenovo IdeaPad Slim 3 15ABR8 Thin & Light Laptop (AMD Ryzen 7/ 16GB DDR4 RAM/ 512GB SSD/ 15.6 Inch (39.62 cm) Display/ AMD Radeon™ Graphics/ Windows 11/ MS-Office) 82XM0114IN,Lenovo,52490,72690,52490,Available,https://www.vijaysales.com/p/241327/lenovo-ideapad-slim-3-15abr8-thin-light-laptop-amd-ryzen-7-16gb-ddr4-ram-512gb-ssd-15-6-inch-39-62-cm-display-amd-radeontm-graphics-windows-11-ms-office-82xm0114in,https://vsprod.vijaysales.com/media/catalog/product/2/4/241327_8_.jpg,Electronics > Computers and Laptops > Laptops > Laptops,,
2026-02-02,2026-02-02 10:51:20,laptops,243557,Lenovo Yoga Slim 7 14IMH9 Thin & Light Laptop (Intel Core Ultra 7 155H/ 32GB RAM/ 1TB SSD/ 14 Inch (35.56 cm) OLED Display/ Intel Arc Graphics / Windows 11/ MS-Office) 83CV00D3IN,Lenovo,106999,139890,106999,Available,https://www.vijaysales.com/p/243557/lenovo-yoga-slim-7-14imh9-thin-light-laptop-intel-core-ultra-7-155h-32gb-ram-1tb-ssd-14-inch-35-56-cm-oled-display-intel-arc-graphics-windows-11-ms-office-83cv00d3in,https://vsprod.vijaysales.com/media/catalog/product/2/4/243557_14_.jpg,Electronics > Computers and Laptops > Laptops > Laptops,,
2026-02-02,2026-02-02 10:51:20,laptops,243925,Acer Aspire Lite Thin & Light Laptop (12th Gen Intel Core i7-12650H/ 16GB LPDDR5 RAM/ 512GB SSD/ 15.6 Inch (39.62 cm) Full HD IPS Display/ Intel UHD Graphics/ Windows 11/ MS-Office) UN.347SI.011,Acer,54990,71500,54990,Available,https://www.vijaysales.com/p/243925/acer-aspire-lite-thin-light-laptop-12th-gen-intel-core-i7-12650h-16gb-lpddr5-ram-512gb-ssd-15-6-inch-39-62-cm-full-hd-ips-display-intel-uhd-graphics-windows-11-ms-office-un-347si-011,https://vsprod.vijaysales.com/media/catalog/product/2/4/243925_1_.jpg,Electronics > Computers and Laptops > Laptops > Laptops,,
2026-02-02,2026-02-02 10:51:20,laptops,243424,Dell 15 Thin & Light Laptop (AMD Ryzen 5 Hexa Core 7530U/ 16GB DDR4 RAM/ 512GB SSD/ 15.6 Inch (39.62 cm) FHD Display/ AMD Radeon Graphics/ Windows 11/ MS-Office) ODC1525580201RINS1,Dell,47499,56000,47499,Available,https://www.vijaysales.com/p/243424/dell-15-thin-light-laptop-amd-ryzen-5-hexa-core-7530u-16gb-ddr4-ram-512gb-ssd-15-6-inch-39-62-cm-fhd-display-amd-radeon-graphics-windows-11-ms-office-odc1525580201rins1,https://vsprod.vijaysales.com/media/catalog/product/2/4/243424_1_.jpg,Electronics > Computers and Laptops > Laptops > Laptops,,
2026-02-02,2026-02-02 10:51:20,laptops,239506,"Refurbished Lenovo Thinkpad L14 Gen 1 (Core i5 10th Gen/8GB/512GB SSD/Webcam/14"" Non Touch/Windows 10 Pro)",HP,32499,56300,32499,Available,https://www.vijaysales.com/p/239506/refurbished-lenovo-thinkpad-l14-gen-1-core-i5-10th-gen-8gb-512gb-ssd-webcam-14-non-touch-dos,https://vsprod.vijaysales.com/media/catalog/product/2/3/239506.jpg,Electronics > Computers and Laptops > Laptops > Refurbished Laptops,,
2026-02-02,2026-02-02 10:51:20,laptops,238437,HP Victus Gaming Laptop (13th Gen Intel Core i5/ 16GB DDR4 RAM/ 512GB SSD/ 15.6 Inch (39.6 cm) diagonal FHD IPS Display/ 4GB NVIDIA® GeForce RTX 2050 Graphics/ Bluetooth 5.3/ Windows 11/ MS-Office) 15-FA2703TX,HP,64489,76000,64489,Unavailable,https://www.vijaysales.com/p/238437/hp-victus-gaming-laptop-13th-gen-intel-core-i5-16gb-ddr4-ram-512gb-ssd-15-6-inch-39-6-cm-diagonal-fhd-ips-display-4gb-nvidiar-geforce-rtx-2050-graphics-bluetooth-5-3-windows-11-ms-office-15-fa2703tx,https://vsprod.vijaysales.com/media/catalog/product/2/3/238437_7_.jpg,Electronics > Computers and Laptops > Laptops > Gaming Laptops,,
2026-02-02,2026-02-02 10:51:20,laptops,242101,Acer Swift Lite 14 AI PC - Intel Core Ultra 5 | 16 GB RAM | 512 GB SSD | 14″ WUXGA OLED | Backlit KB | Windows 11 Home | AI Copilot Key | Sunset Copper - NXDB8SI001,Acer,57990,94990,57990,Unavailable,https://www.vijaysales.com/p/242101/acer-swift-lite-14-ai-pc-intel-core-ultra-5-16-gb-ram-512-gb-ssd-14-wuxga-oled-backlit-kb-windows-11-home-ai-copilot-key-sunset-copper,https://vsprod.vijaysales.com/media/catalog/product/1/_/1_111.jpg,Electronics > Computers and Laptops > Laptops > Laptops,,
2026-02-02,2026-02-02 10:51:20,laptops,237641,Dell Inspiron 15 Laptop (13th Gen Intel Core i5/ 16GB DDR4 RAM/ 1TB SSD/ 15.6 Inch (39.62 cm) FHD Display/ Intel UHD Graphics/ Backlit Keyboard/ Windows 11/ MS-Office) OIN353034151RINS1MO,Dell,58990,67000,58990,Unavailable,https://www.vijaysales.com/p/237641/dell-inspiron-15-laptop-13th-gen-intel-core-i5-16gb-ddr4-ram-1tb-ssd-15-6-inch-39-62-cm-fhd-display-intel-uhd-graphics-backlit-keyboard-windows-11-ms-office-oin353034151rins1mo,https://vsprod.vijaysales.com/media/catalog/product/2/3/237641_1_.jpg,Electronics > Computers and Laptops > Laptops > Laptops,,
2026-02-02,2026-02-02 10:51:20,laptops,238017,Store Display Unit - ASUS Vivobook Go 14 Laptop (AMD Ryzen 3 7320U/ 8GB LPDDR5 RAM/ 512GB SSD/ 14 Inch (35.56 cm) FHD Display/ AMD Radeon Graphics/ Chiclet Keyboard/ Windows 11/ MS-Office) E1404FA-NK3321WS,Asus,33990,43990,33990,Unavailable,https://www.vijaysales.com/p/238017/asus-vivobook-go-14-laptop-amd-ryzen-3-7320u-8gb-lpddr5-ram-512gb-ssd-14-inch-35-56-cm-fhd-display-amd-radeon-graphics-chiclet-keyboard-windows-11-ms-office-e1404fa-nk3321ws,https://vsprod.vijaysales.com/media/catalog/product/2/3/23801715.jpg,Electronics > Computers and Laptops > Laptops > Laptops,,
2026-02-02,2026-02-02 10:51:20,laptops,227550,HP Envy x360 2-in-1 Laptop (Intel Core Ultra 5/ 16GB RAM/ 512GB SSD/ 14 inch (35.6 cm) OLED Display/ Intel® Graphics/ Windows 11) 14-fc0078TU,HP,89990,119000,89990,Available,https://www.vijaysales.com/p/227550/hp-envy-x360-2-in-1-laptop-intel-core-ultra-5-16gb-ram-512gb-ssd-14-inch-35-6-cm-oled-display-intel-graphics-windows-11-14-fc0078tu,https://vsprod.vijaysales.com/media/catalog/product/i/m/image_1.jpg,Electronics > Computers and Laptops > Laptops > Convertible Laptops,,
2026-02-02,2026-02-02 10:51:20,laptops,239904,Acer Aspire Lite AL15-41 Laptop (AMD Ryzen 7/ 16GB DDR4 RAM/ 512GB SSD/ 15.6 Inch (39.62 cm) Full HD Display/ AMD Radeon Graphics/ Windows 11/ MS-Office) UN.31ZSI.042,Acer,44999,66999,44999,Available,https://www.vijaysales.com/p/239904/acer-aspire-lite-al15-41-laptop-amd-ryzen-7-16gb-ddr4-ram-512gb-ssd-15-6-inch-39-62-cm-full-hd-display-amd-radeon-graphics-windows-11-ms-office-un-31zsi-042,https://vsprod.vijaysales.com/media/catalog/product/2/3/239904_1.jpeg,Electronics > Computers and Laptops > Laptops > Laptops,,
2026-02-02,2026-02-02 10:51:20,laptops,231566,ASUS Vivobook 15 (13th Gen Core i3/ 8GB RAM/ 512GB SSD/ 15.6 inch (39.62 cm)/ Intel UHD Graphics/ Win 11/ MS Office) X1504VA-NJ320WS,Asus,37990,57990,38990,Unavailable,https://www.vijaysales.com/p/231566/asus-vivobook-15-13th-gen-core-i3-8gb-ram-512gb-ssd-15-6-inch-39-62-cm-intel-uhd-graphics-win-11-ms-office-x1504va-nj320ws,https://vsprod.vijaysales.com/media/catalog/product/2/3/235166n.jpg,Electronics > Computers and Laptops > Laptops > Laptops,,
2026-02-02,2026-02-02 10:51:20,laptops,251009,HP Victus Gaming Laptop (AMD Ryzen 7/ 16GB RAM/ 512GB SSD/ 15.6 Inch (39.62 cm) FHD Display/ 6GB-NVIDIA GeForce RTX 4050 Graphics/ Windows 11) 15-fb3124AX,HP,81999,100019,81999,Available,https://www.vijaysales.com/p/251009/hp-victus-gaming-laptop-amd-ryzen-7-16gb-ram-512gb-ssd-15-6-inch-39-62-cm-fhd-display-6gb-nvidia-geforce-rtx-4050-graphics-windows-11-15-fb3124ax,https://vsprod.vijaysales.com/media/catalog/product/2/5/251009_1.jpg,Electronics > Computers and Laptops > Laptops > Gaming Laptops,,
2026-02-02,2026-02-02 10:51:20,laptops,243555,Lenovo IdeaPad Slim 3 15ABR8 Thin & Light Laptop (AMD Ryzen 5/ 8GB RAM/ 512GB SSD/ 15.6 Inch (39.62 cm) FHD Display/ AMD Radeon Graphics/ Windows 11/ MS-Office) 82XM0140IN,Lenovo,41499,61290,41499,Available,https://www.vijaysales.com/p/243555/lenovo-ideapad-slim-3-15abr8-thin-light-laptop-amd-ryzen-5-8gb-ram-512gb-ssd-15-6-inch-39-62-cm-fhd-display-amd-radeon-graphics-windows-11-ms-office-82xm0140in,https://vsprod.vijaysales.com/media/catalog/product/2/4/243555.jpg,Electronics > Computers and Laptops > Laptops > Laptops,,
2026-02-02,2026-02-02 10:51:20,laptops,248352,Lenovo LOQ 15IRX10 Gaming Laptop (Intel Core i7 14th Gen/ 32GB RAM/ 1TB SSD/ 15.6 Inch Full HD 144Hz IPS Display/ NVIDIA GeForce RTX 5060 8GB GPU/ Windows 11 Home) - Luna Grey,Lenovo,147999,188690,147999,Available,https://www.vijaysales.com/p/248352/lenovo-loq-15irx10-gaming-laptop-intel-core-i7-14th-gen-32gb-ram-1tb-ssd-15-6-inch-full-hd-144hz-ips-display-nvidia-geforce-rtx-5060-8gb-gpu-windows-11-home-luna-grey,https://vsprod.vijaysales.com/media/catalog/product/2/4/248352_16_.jpg,Electronics > Computers and Laptops > Laptops > Laptops,,
2026-02-02,2026-02-02 10:51:20,laptops,239507,Refurbished Dell Latitude 7410 2 In 1(Core i7 10th Gen/16GB/512GB SSD/Webcam/14''Touch/Windows 10 Pro),Dell,44499,75899,44499,Available,https://www.vijaysales.com/p/239507/refurbished-dell-latitude-7410-2-in-1-core-i7-10th-gen-16gb-512gb-ssd-webcam-14-touch-dos,https://vsprod.vijaysales.com/media/catalog/product/2/3/239507.jpg,Electronics > Computers and Laptops > Laptops > Refurbished Laptops,,
2026-02-02,2026-02-02 10:51:20,laptops,242445,Store Display Unit - HP Thin & Light Laptop (13th Gen Intel Core i5/ 16GB RAM/ 512GB SSD/ 15.6 Inch (39.6 cm) Full HD Display/ Intel Iris Xe Graphics/ Windows 11/ MS-Office) 15-fd0467TU,HP,50190,72000,50190,Unavailable,https://www.vijaysales.com/p/242445/hp-thin-light-laptop-13th-gen-intel-core-i5-16gb-ram-512gb-ssd-15-6-inch-39-6-cm-full-hd-display-intel-iris-xe-graphics-windows-11-ms-office-15-fd0467tu,https://vsprod.vijaysales.com/media/catalog/product/2/4/242445_4_.jpg,Electronics > Computers and Laptops > Laptops > Laptops,,
2026-02-02,2026-02-02 10:51:20,laptops,240681,Lenovo Yoga Slim 7 14ILL10 Laptop (Intel Core Ultra 5 228V/ 32GB LPDDR5x RAM/ 1TB SSD/ 14 Inch (35.56 cm) OLED Display/ Intel Arc Graphics 130V/ Windows 11/ MS-Office) 83JX001LIN,Lenovo,116999,153890,116999,Available,https://www.vijaysales.com/p/240681/lenovo-yoga-slim-7-14ill10-laptop-intel-core-ultra-5-228v-32gb-lpddr5x-ram-1tb-ssd-14-inch-35-56-cm-oled-display-intel-arc-graphics-130v-windows-11-ms-office-83jx001lin,https://vsprod.vijaysales.com/media/catalog/product/2/4/240681_1.jpg,Electronics > Computers and Laptops > Laptops > Laptops,,
2026-02-02,2026-02-02 10:51:20,laptops,243964,HP OMEN Gaming Laptop (14th Gen Intel Core i7/ 24GB RAM/ 1TB SSD/ 16 Inch (40.6 cm) Diagonal Display/ 8GB-NVIDIA GeForce RTX 5050 Graphics/ Windows 11/ MS-Office) 16-am0241TX,HP,135999,162900,135999,Available,https://www.vijaysales.com/p/243964/hp-omen-gaming-laptop-14th-gen-intel-core-i7-24gb-ram-1tb-ssd-16-inch-40-6-cm-diagonal-display-8gb-nvidia-geforce-rtx-5050-graphics-windows-11-ms-office-16-am0241tx,https://vsprod.vijaysales.com/media/catalog/product/2/4/243964.jpg,Electronics > Computers and Laptops > Laptops > Gaming Laptops,,
2026-02-02,2026-02-02 10:51:20,laptops,234863,Store Display Unit - Lenovo IdeaPad 3 14IAU7 Laptop (12th Gen Core i3 / 8 GB RAM/ 512 GB SSD/ 14 inches (35.56 cm) Display/ Intel UHD Graphics/ Win 11/ Office) 82RJ00FHIN,Lenovo,32490,45000,32490,Unavailable,https://www.vijaysales.com/p/234863/lenovo-ideapad-3-14iau7-laptop-12th-gen-core-i3-8-gb-ram-512-gb-ssd-14-inches-35-56-cm-display-intel-uhd-graphics-win-11-office-82rj00fhin,https://vsprod.vijaysales.com/media/catalog/product/2/3/234863.jpg,Electronics > Computers and Laptops > Laptops > Laptops,,
2026-02-02,2026-02-02 10:51:20,laptops,248533,"Microsoft New Surface 13"" Touchscreen Laptop (Snapdragon X Plus (8 Core)/ 16GB RAM/ 256GB SSD/ 13 Inch (33.02 cm) PixelSense Display/ Copilot+ PC/ Qualcomm Adreno GPU/ Windows 11) EP2-36996",Microsoft,100999,100999,100999,Available,https://www.vijaysales.com/p/248533/microsoft-new-surface-13-touchscreen-laptop-snapdragon-x-plus-8-core-16gb-ram-256gb-ssd-13-inch-33-02-cm-pixelsense-display-copilot-pc-qualcomm-adreno-gpu-windows-11-ep2-36996,https://vsprod.vijaysales.com/media/catalog/product/2/4/248530_1__1.jpg,Electronics > Computers and Laptops > Laptops > Laptops,,
2026-02-02,2026-02-02 10:51:20,laptops,248530,"Microsoft New Surface 13"" Touchscreen Laptop (Snapdragon X Plus (8 Core)/ 16GB RAM/ 512GB SSD/ 13 Inch (33.02 cm) PixelSense Display/ Copilot+ PC/ Qualcomm Adreno GPU/ Windows 11) EP2-31940",Microsoft,109990,109999,109990,Available,https://www.vijaysales.com/p/248530/microsoft-new-surface-13-touchscreen-laptop-snapdragon-x-plus-8-core-16gb-ram-512gb-ssd-13-inch-33-02-cm-pixelsense-display-copilot-pc-qualcomm-adreno-gpu-windows-11-ep2-31940,https://vsprod.vijaysales.com/media/catalog/product/2/4/248530_1_.jpg,Electronics > Computers and Laptops > Laptops > Laptops,,
2026-02-02,2026-02-02 10:51:20,laptops,238964,Store Display Unit - HP Thin & Light Laptop (AMD Ryzen 5-7520U/ 8GB LPDDR5 RAM/ 512GB SSD/ 15.6 Inch (39.62 cm) FHD Display/ AMD Radeon Graphics/ Windows 11/ MS-Office) 15-fc0155AU,HP,36990,53400,36990,Unavailable,https://www.vijaysales.com/p/238964/hp-thin-light-laptop-amd-ryzen-5-7520u-8gb-lpddr5-ram-512gb-ssd-15-6-inch-39-62-cm-fhd-display-amd-radeon-graphics-windows-11-ms-office-15-fc0155au,https://vsprod.vijaysales.com/media/catalog/product/2/3/238964_1.jpg,Electronics > Computers and Laptops > Laptops > Laptops,,
2026-02-02,2026-02-02 10:51:20,laptops,231084,Microsoft Surface Laptop (7th Edition) (Snapdragon X Elite (12 Core)/ 16GB RAM/ 256GB SSD/ 15 inch (38.1 cm) Qualcomm Graphics/ Win 11) ZHG-00023,Microsoft,136990,142999,136990,Available,https://www.vijaysales.com/p/231084/microsoft-surface-laptop-7-snapdragon-x-elite-12-core-16gb-ram-256gb-ssd-15-inch-38-1-cm-qualcomm-adreno-graphics-win-11-zhg-00023,https://vsprod.vijaysales.com/media/catalog/product/2/3/231084-image1.jpg,Electronics > Computers and Laptops > Laptops > Laptops,,
2026-02-02,2026-02-02 10:51:20,laptops,231082,Microsoft Surface Laptop (7th Edition) (Snapdragon X Elite (12 Core)/ 16GB RAM/ 1TB SSD/ 13.8 inch (35.05 cm)/ Qualcomm Graphics/ Win 11) ZXX-00059,Microsoft,168990,175999,168990,Available,https://www.vijaysales.com/p/231082/microsoft-surface-laptop-7-snapdragon-x-elite-12-core-16gb-ram-1tb-ssd-13-8-inch-35-05-cm-qualcomm-adreno-graphics-win-11-zxx-00059,https://vsprod.vijaysales.com/media/catalog/product/2/3/231082-image1.jpg,Electronics > Computers and Laptops > Laptops > Laptops,,
2026-02-02,2026-02-02 10:51:20,laptops,231080,Microsoft Surface Laptop (7th Edition) (Snapdragon X Elite (12 Core)/ 16GB RAM/ 512GB SSD/ 13.8 inch (35.05 cm)/ Qualcomm Graphics/ Win 11) ZGP-00059,Microsoft,148990,154999,148990,Unavailable,https://www.vijaysales.com/p/231080/microsoft-surface-laptop-7-snapdragon-x-elite-12-core-16gb-ram-512gb-ssd-13-8-inch-35-05-cm-qualcomm-adreno-graphics-win-11-zgp-00059,https://vsprod.vijaysales.com/media/catalog/product/2/3/231080-image1.jpg,Electronics > Computers and Laptops > Laptops > Laptops,,
2026-02-02,2026-02-02 10:51:20,laptops,231079,Microsoft Surface Laptop (7th Edition) (Snapdragon X Elite (12 Core)/ 16GB RAM/ 512GB SSD/ 13.8 inch (35.05 cm)/ Qualcomm Graphics/ Win 11) ZGP-00023,Microsoft,148990,154999,148990,Available,https://www.vijaysales.com/p/231079/microsoft-surface-laptop-7-snapdragon-x-elite-12-core-16gb-ram-512gb-ssd-13-8-inch-35-05-cm-qualcomm-adreno-graphics-win-11-zgp-00023,https://vsprod.vijaysales.com/media/catalog/product/2/3/231079-image1.jpg,Electronics > Computers and Laptops > Laptops > Laptops,,
2026-02-02,2026-02-02 10:51:20,laptops,231077,Microsoft Surface Laptop (7th Edition) (Snapdragon X Plus (10 Core)/ 16GB RAM/ 512GB SSD/ 13.8 inch (35.05 cm)/ Qualcomm Graphics/ Win 11) ZGM-00023,Microsoft,129990,134999,129990,Available,https://www.vijaysales.com/p/231077/microsoft-surface-laptop-7-snapdragon-x-plus-10-core-16gb-ram-512gb-ssd-13-8-inch-35-05-cm-qualcomm-adreno-graphics-win-11-zgm-00023,https://vsprod.vijaysales.com/media/catalog/product/2/3/231077-image1.jpg,Electronics > Computers and Laptops > Laptops > Laptops,,
2026-02-02,2026-02-02 10:51:20,laptops,231076,Microsoft Surface Laptop (7th Edition) (Snapdragon X Plus (10 Core)/ 16GB RAM/ 256GB SSD/ 13.8 inch (35.05 cm)/ Qualcomm Graphics/ Win 11) ZGJ-00023,Microsoft,111570,116999,111570,Unavailable,https://www.vijaysales.com/p/231076/microsoft-surface-laptop-7-snapdragon-x-plus-10-core-16gb-ram-256gb-ssd-13-8-inch-35-05-cm-qualcomm-adreno-graphics-win-11-zgj-00023,https://vsprod.vijaysales.com/media/catalog/product/2/3/231076-image1.jpg,Electronics > Computers and Laptops > Laptops > Laptops,,
2026-02-02,2026-02-02 10:51:20,laptops,251121,Asus TUF F16 Gaming Laptop (Intel Core 5/ 16GB RAM/ 512GB Storage/ 16 Inch (40.64 cm) FHD+ Display/ 6GB-NVIDIA GeForce RTX 4050 Graphics/ MS-Office/ Windows 11) FX677VU-RL055WS,Asus,97990,108990,104990,Available,https://www.vijaysales.com/p/251121/asus-tuf-f16-gaming-laptop-intel-core-5-16gb-ram-512gb-storage-16-inch-40-64-cm-fhd-display-6gb-nvidia-geforce-rtx-4050-graphics-ms-office-windows-11-fx677vu-rl055ws,https://vsprod.vijaysales.com/media/catalog/product/2/5/251121_1_.jpg,Electronics > Computers and Laptops > Laptops > Gaming Laptops,,
2026-02-02,2026-02-02 10:51:20,laptops,251091,Dell 14 Plus Laptop (Intel Core Ultra 5/ 16GB RAM/ 512GB SSD/ 14 Inch (35.56 cm) 2.5K Display/ Intel Arc Graphics/ Windows 11/ MS-Office) ODB1425021001RINU1,Dell,82499,83499,82499,Available,https://www.vijaysales.com/p/251091/dell-14-plus-laptop-intel-core-ultra-5-16gb-ram-512gb-ssd-14-inch-35-56-cm-wva-ips-display-intel-arc-graphics-windows-11-ms-office-odb1425021001rinu1,https://vsprod.vijaysales.com/media/catalog/product/2/5/251091_1_.jpg,Electronics > Computers and Laptops > Laptops > Laptops,,
2026-02-02,2026-02-02 10:51:20,laptops,251010,HP Victus Gaming Laptop (14th Gen Intel Core i5/ 24GB RAM/ 512GB SSD/ 15.6 Inch (39.62 cm) FHD Display/ 6GB-NVIDIA GeForce RTX 3050 Graphics/ Windows 11/ MS-Office) 15-fa2316TX,HP,81499,97759,81499,Available,https://www.vijaysales.com/p/251010/hp-victus-gaming-laptop-14th-gen-intel-core-i5-24gb-ram-512gb-ssd-15-6-inch-39-62-cm-fhd-display-6gb-nvidia-geforce-rtx-3050-graphics-windows-11-ms-office-15-fa2316tx,https://vsprod.vijaysales.com/media/catalog/product/2/5/251010_1_.jpg,Electronics > Computers and Laptops > Laptops > Gaming Laptops,,
2026-02-02,2026-02-02 10:51:20,laptops,251010,HP Victus Gaming Laptop (14th Gen Intel Core i5/ 24GB RAM/ 512GB SSD/ 15.6 Inch (39.62 cm) FHD Display/ 6GB-NVIDIA GeForce RTX 3050 Graphics/ Windows 11/ MS-Office) 15-fa2316TX,HP,81499,97759,81499,Available,https://www.vijaysales.com/p/251010/hp-victus-gaming-laptop-14th-gen-intel-core-i5-24gb-ram-512gb-ssd-15-6-inch-39-62-cm-fhd-display-6gb-nvidia-geforce-rtx-3050-graphics-windows-11-ms-office-15-fa2316tx,https://vsprod.vijaysales.com/media/catalog/product/2/5/251010_1_.jpg,Electronics > Computers and Laptops > Laptops > Gaming Laptops,,
2026-02-02,2026-02-02 10:51:20,laptops,251006,HP Laptop (Intel Core Ultra 5/ 24GB RAM/ 1TB SSD/ 15.6 Inch (39.62 cm) FHD Display/ Intel Arc Graphics/ Windows 11) 15-hr1004TU,HP,73999,83034,73999,Available,https://www.vijaysales.com/p/251006/hp-laptop-intel-core-ultra-5-24gb-ram-1tb-ssd-15-6-inch-39-62-cm-fhd-display-intel-arc-graphics-windows-11-15-hr1004tu,https://vsprod.vijaysales.com/media/catalog/product/2/5/251006_2_.jpg,Electronics > Computers and Laptops > Laptops > Laptops,,
2026-02-02,2026-02-02 10:51:20,laptops,251003,HP Laptop (Intel Core 3/ 24GB RAM/ 512GB SSD/ 15.6 Inch (39.62 cm) FHD Display/ Intel Graphics/ Windows 11) 15-fd0886TU,HP,45499,53412,45499,Available,https://www.vijaysales.com/p/251003/hp-laptop-intel-core-3-24gb-ram-512gb-ssd-15-6-inch-39-62-cm-fhd-display-intel-graphics-windows-11-15-fd0886tu,https://vsprod.vijaysales.com/media/catalog/product/2/5/251003_1_.jpg,Electronics > Computers and Laptops > Laptops > Laptops,,
2026-02-02,2026-02-02 10:51:20,laptops,251001,HP Laptop (Intel Core Ultra 5/ 16GB RAM/ 512GB SSD/ 15.6 Inch (39.6 cm) FHD IPS Display/ Intel Arc Graphics/ Windows 11) 15-fd1254TU,HP,66999,83034,66999,Available,https://www.vijaysales.com/p/251001/hp-laptop-intel-core-ultra-5-16gb-ram-512gb-ssd-15-6-inch-39-6-cm-fhd-ips-display-intel-arc-graphics-windows-11-15-fd1254tu,https://vsprod.vijaysales.com/media/catalog/product/2/5/251001_1_.jpg,Electronics > Computers and Laptops > Laptops > Laptops,,
2026-02-02,2026-02-02 10:51:20,laptops,250814,Acer Nitro Lite NL16-71G Gaming Laptop (13th Gen Intel Core i5/ 16GB RAM/ 512GB SSD/ 16 Inch (40.64 cm) WUXGA Display/ 6GB-NVIDIA GeForce RTX 4050 Graphics/ Windows 11) UN.D5ASI.002,Acer,72990,107799,72990,Available,https://www.vijaysales.com/p/250814/acer-nitro-lite-nl16-71g-gaming-laptop-13th-gen-intel-core-i5-16gb-ram-512gb-ssd-16-inch-40-64-cm-wuxga-display-6gb-nvidia-geforce-rtx-4050-graphics-windows-11-un-d5asi-002,https://vsprod.vijaysales.com/media/catalog/product/2/5/250814.jpg,Electronics > Computers and Laptops > Laptops > Gaming Laptops,,
2026-02-02,2026-02-02 10:51:20,laptops,250797,Dell DC 14250 Laptop (Intel Core 5/ 16GB RAM/ 512GB SSD/ 14 Inch (35.56 cm) Full HD+ Display/ Intel UHD Graphics/ Windows 11/ MS-Office) ODC1425000401RINS1,Dell,65999,80000,65999,Available,https://www.vijaysales.com/p/250797/dell-dc-14250-laptop-intel-core-5-16gb-ram-512gb-ssd-14-inch-35-56-cm-full-hd-display-intel-uhd-graphics-windows-11-ms-office-odc1425000401rins1,https://vsprod.vijaysales.com/media/catalog/product/2/5/250797_1_.jpg,Electronics > Computers and Laptops > Laptops > Laptops,,
2026-02-02,2026-02-02 10:51:20,laptops,248806,ASUS Vivobook 15 Standard Laptop (Intel Core 5 Processor 120U/ 16GB RAM/ 512GB SSD/ 15.6 Inch (39.62 cm) Full HD Display/ Intel Graphics GPU/ Windows 11 Home) X1504VAP-BQ224WS,Asus,54990,73990,58990,Available,https://www.vijaysales.com/p/248806/asus-vivobook-15-standard-laptop-intel-core-5-processor-120u-16gb-ram-512gb-ssd-15-6-inch-39-62-cm-full-hd-display-intel-graphics-gpu-windows-11-home-x1504vap-bq224ws,https://vsprod.vijaysales.com/media/catalog/product/2/4/248806_1_.jpg,Electronics > Computers and Laptops > Laptops > Laptops,,
2026-02-02,2026-02-02 10:51:20,laptops,248746,Lenovo Legion-15 Series AI Gaming Laptop (AMD Ryzen 7 260/ 16GB RAM/ 1TB SSD/ 15.3 Inch (38.86 cm) WQXGA 165Hz IPS Display/ NVIDIA GeForce RTX 5060 8GB GPU/ Windows 11) 83M00074IN,Lenovo,154490,206390,154490,Available,https://www.vijaysales.com/p/248746/lenovo-legion-5-ai-gaming-laptop-amd-ryzen-7-260-16gb-ram-1tb-ssd-15-inch-39-6-cm-wuxga-165hz-ips-display-nvidia-geforce-rtx-5060-8gb-gpu-windows-11-83m00074in,https://vsprod.vijaysales.com/media/catalog/product/2/4/248746_7_.jpg,Electronics > Computers and Laptops > Laptops > Gaming Laptops,,
2026-02-02,2026-02-02 10:51:20,laptops,248214,Dell DC 15250 Laptop (13th Gen Intel Core i5/ 16GB RAM/ 1TB SSD/ 15.6 Inch (39.62 cm) FHD IPS Display/ Intel UHD Graphics/ Windows 11/ MS-Office) ODC1525001301RINS1,Dell,63999,79400,63999,Available,https://www.vijaysales.com/p/248214/dell-dc-15250-laptop-13th-gen-intel-core-i5-16gb-ram-1tb-ssd-15-6-inch-39-62-cm-fhd-ips-display-intel-uhd-graphics-windows-11-ms-office-odc1525001301rins1,https://vsprod.vijaysales.com/media/catalog/product/2/4/248214_1_.jpg,Electronics > Computers and Laptops > Laptops > Laptops,,
2026-02-02,2026-02-02 10:51:20,laptops,245972,Microsoft Surface Pro 2-in-1 Touchscreen Laptop (Snapdragon X Plus/ 16GB RAM/ 512GB Storage/ 12 Inch PixelSense™ LCD display/ Copilot+ PC/ Qualcomm Adreno GPU/ Windows 11) EP2-27670,Microsoft,98990,99999,98990,Available,https://www.vijaysales.com/p/245972/microsoft-surface-pro-2-in-1-touchscreen-laptop-snapdragon-x-plus-16gb-ram-512gb-storage-12-inch-pixelsensetm-lcd-display-copilot-pc-qualcomm-adreno-gpu-windows-11-ep2-27670,https://vsprod.vijaysales.com/media/catalog/product/2/4/245972_1_.jpg,Electronics > Computers and Laptops > Laptops > 2 in 1 Laptops,,
2026-02-02,2026-02-02 10:51:20,laptops,245971,Microsoft Surface Pro 2-in-1 Touchscreen Laptop (Snapdragon X Plus/ 16GB RAM/ 256GB Storage/ 12 Inch PixelSense™ LCD display/ Copilot+ PC/ Qualcomm Adreno GPU/ Windows 11) EP2-27654,Microsoft,89790,90999,89790,Available,https://www.vijaysales.com/p/245971/microsoft-surface-pro-2-in-1-touchscreen-laptop-snapdragon-x-plus-16gb-ram-256gb-storage-12-inch-pixelsensetm-lcd-display-copilot-pc-qualcomm-adreno-gpu-windows-11-ep2-27654,https://vsprod.vijaysales.com/media/catalog/product/2/4/245972_1__1.jpg,Electronics > Computers and Laptops > Laptops > 2 in 1 Laptops,,
2026-02-02,2026-02-02 10:51:20,laptops,245852,HP 15s Standard Laptop (Intel Core 5/ 8GB/ 512GB SSD/ Full HD/ 15.6 inch (39.62 cm) FHD Display/ Windows 11/ MS Office) 15-FD0651TU,HP,48990,68792,48990,Available,https://www.vijaysales.com/p/245852/hp-15s-standard-laptop-intel-core-5-8gb-512gb-ssd-full-hd-15-6-inch-39-62-cm-fhd-display-windows-11-ms-office-15-fd0651tu,https://vsprod.vijaysales.com/media/catalog/product/i/m/image_1_2.jpg,Electronics > Computers and Laptops > Laptops > Laptops,,
2026-02-02,2026-02-02 10:51:20,laptops,245849,HP Victus Gaming Laptop (13th Gen Intel Core i5/ 16GB RAM/ 512GB SSD/ 15.6 Inch (39.62 cm) FHD Display/ 6GB-NVIDIA GeForce RTX 4050 Graphics/ Windows 11) 15-fa2375TX,HP,81990,93804,81990,Available,https://www.vijaysales.com/p/245849/hp-victus-gaming-laptop-13th-gen-intel-core-i5-16gb-ram-512gb-ssd-15-6-inch-39-62-cm-fhd-display-6gb-nvidia-geforce-rtx-4050-graphics-windows-11-15-fa2375tx,https://vsprod.vijaysales.com/media/catalog/product/2/4/245849_1_.jpg,Electronics > Computers and Laptops > Laptops > Gaming Laptops,,
2026-02-02,2026-02-02 10:51:20,laptops,245844,HP Victus Gaming Laptop (13th Gen Intel Core i5/ 16GB RAM/ 512GB SSD/ 15.6 Inch (39.62 cm) FHD Display/ 6GB-NVIDIA GeForce RTX 3050 Graphics/ Windows 11) 15-fa2197TX,HP,74999,84838,74999,Available,https://www.vijaysales.com/p/245844/hp-victus-gaming-laptop-13th-gen-intel-core-i5-16gb-ram-512gb-ssd-15-6-inch-39-62-cm-fhd-display-6gb-nvidia-geforce-rtx-3050-graphics-windows-11-15-fa2197tx,https://vsprod.vijaysales.com/media/catalog/product/2/4/245844_1_.jpg,Electronics > Computers and Laptops > Laptops > Gaming Laptops,,
2026-02-02,2026-02-02 10:51:20,laptops,245838,ASUS Vivobook S14 Light Weight Laptop (Intel Core 5 210H/ 16GB RAM/ 512GB Storage/ 14 Inch (35.56 cm) WUXGA Display/ Intel UHD Graphics/ Windows 11/ MS-Office) S3407VA-LY080WS,Asus,64990,65990,64990,Available,https://www.vijaysales.com/p/245838/asus-vivobook-s14-light-weight-laptop-intel-core-5-210h-16gb-ram-512gb-storage-14-inch-35-56-cm-wuxga-display-intel-uhd-graphics-windows-11-ms-office-s3407va-ly080ws,https://vsprod.vijaysales.com/media/catalog/product/2/4/245838_1_.jpg,Electronics > Computers and Laptops > Laptops > Laptops,,
2026-02-02,2026-02-02 10:51:20,laptops,245835,Lenovo LOQ 15IRX9 Gaming Laptop (Intel Core i5 13th Gen/ 16GB RAM/ 512GB SSD/ 15.6 Inch Full HD 144Hz IPS Display/ NVIDIA GeForce RTX 4050 6GB GPU/ Windows 11 Home) Luna Grey,Lenovo,91990,124900,91990,Available,https://www.vijaysales.com/p/245835/lenovo-loq-15irx9-gaming-laptop-intel-core-i5-13th-gen-16gb-ram-512gb-ssd-15-6-inch-full-hd-144hz-ips-display-nvidia-geforce-rtx-4050-6gb-gpu-windows-11-home-luna-grey,https://vsprod.vijaysales.com/media/catalog/product/2/4/245835_1_.jpg,Electronics > Computers and Laptops > Laptops > Laptops,,
2026-02-02,2026-02-02 10:51:20,laptops,245834,Lenovo LOQ 15IRX10 Gaming Laptop (14th Gen Intel Core i7/ 32GB RAM/ 1TB SSD/ 15.6 Inch (39.62 cm) FHD Display/ 8GB-NVIDIA GeForce RTX 5060 Graphics/ Windows 11/ MS-Office) 83JE00U3IN,Lenovo,147999,184990,147999,Unavailable,https://www.vijaysales.com/p/245834/lenovo-loq-15irx10-gaming-laptop-14th-gen-intel-core-i7-32gb-ram-1tb-ssd-15-6-inch-39-62-cm-fhd-display-8gb-nvidia-geforce-rtx-5060-graphics-windows-11-ms-office-83je00u3in,https://vsprod.vijaysales.com/media/catalog/product/2/4/245834_1_.jpg,Electronics > Computers and Laptops > Laptops > Gaming Laptops,,
2026-02-02,2026-02-02 10:51:20,laptops,245495,HP Laptop (Intel Core 5/ 16GB RAM/ 512GB SSD/ 15.6 Inch (39.62 cm) FHD Display/ Intel Graphics/ Intel integrated SoC/ Windows 11/ MS-Office) 15-hr0009TU,HP,58999,76700,58999,Available,https://www.vijaysales.com/p/245495/hp-laptop-intel-core-5-16gb-ram-512gb-ssd-15-6-inch-39-62-cm-fhd-display-intel-graphics-intel-integrated-soc-windows-11-ms-office-15-hr0009tu,https://vsprod.vijaysales.com/media/catalog/product/2/4/245495_1_.jpg,Electronics > Computers and Laptops > Laptops > Laptops,,
2026-02-02,2026-02-02 10:51:20,laptops,245029,Lenovo IdeaPad Slim 3 15ABR8 Thin & Light Laptop (AMD Ryzen 5/ 16GB RAM/ 512GB Storage/ 15.6 Inch (39.62 cm) FHD Display/ AMD Radeon Graphics/ Windows 11/ MS-Office) 82XM00QDIN,Lenovo,42990,59000,42990,Unavailable,https://www.vijaysales.com/p/245029/lenovo-ideapad-slim-3-15abr8-thin-light-laptop-amd-ryzen-5-16gb-ram-512gb-storage-15-6-inch-39-62-cm-fhd-display-amd-radeon-graphics-windows-11-ms-office-82xm00qdin,https://vsprod.vijaysales.com/media/catalog/product/2/4/245029_1_.jpg,Electronics > Computers and Laptops > Laptops > Laptops,,
2026-02-02,2026-02-02 10:51:20,laptops,244979,Dell Alienware 16 Aurora Gaming Laptop (Intel Core 7/ 16GB RAM/ 1TB Storage/ 16 Inch (40.64 cm) QHD+ Display/ 8GB-NVIDIA GeForce RTX 5050 Graphics/ Windows 11/ MS-Office) oan1625000801mino,Dell,129990,135000,129990,Available,https://www.vijaysales.com/p/244979/dell-alienware-16-aurora-gaming-laptop-intel-core-7-16gb-ram-1tb-storage-16-inch-40-64-cm-qhd-display-8gb-nvidia-geforce-rtx-5050-graphics-windows-11-ms-office-oan1625000801mino,https://vsprod.vijaysales.com/media/catalog/product/2/4/244979_1_.jpg,Electronics > Computers and Laptops > Laptops > Gaming Laptops,,
2026-02-02,2026-02-02 10:51:20,laptops,244731,Samsung Galaxy Book5 Laptop (Intel Core Ultra 7/ 32GB LPDDR5X RAM/ 1TB SSD/ 15.6 Inch (39.62 cm) Full HD Display/ Intel Graphics/ Windows 11/ MS-Office) NP750XHD-KD4IN,Samsung,119990,146990,119990,Unavailable,https://www.vijaysales.com/p/244731/samsung-galaxy-book5-laptop-intel-core-ultra-7-32gb-lpddr5x-ram-1tb-ssd-15-6-inch-39-62-cm-full-hd-display-intel-graphics-windows-11-ms-office-np750xhd-kd4in,https://vsprod.vijaysales.com/media/catalog/product/2/4/244731_1_.jpg,Electronics > Computers and Laptops > Laptops > Laptops,,
2026-02-02,2026-02-02 10:51:20,laptops,244730,Samsung Galaxy Book5 Laptop (Intel Core Ultra 7/ 16GB LPDDR5X RAM/ 1TB SSD/ 15.6 Inch (39.62 cm) Full HD Display/ Intel Graphics/ Windows 11/ MS-Office) NP750XHD-KD3IN,Samsung,103990,127990,103990,Unavailable,https://www.vijaysales.com/p/244730/samsung-galaxy-book5-laptop-intel-core-ultra-7-16gb-lpddr5x-ram-1tb-ssd-15-6-inch-39-62-cm-full-hd-display-intel-graphics-windows-11-ms-office-np750xhd-kd3in,https://vsprod.vijaysales.com/media/catalog/product/2/4/244730_1_.jpg,Electronics > Computers and Laptops > Laptops > Laptops,,
2026-02-02,2026-02-02 10:51:20,laptops,244729,Samsung Galaxy Book5 Laptop (Intel Core Ultra 7/ 16GB LPDDR5X RAM/ 512GB SSD/ 15.6 Inch (39.62 cm) FHD Display/ Intel Graphics/ Windows 11 Home) NP750XHD-KD2IN,Samsung,87990,109990,87990,Available,https://www.vijaysales.com/p/244729/samsung-galaxy-book5-laptop-intel-core-ultra-7-16gb-lpddr5x-ram-512gb-ssd-156-inch-3962-cm-fhd-display-intel-graphics-windows-11-home-np750xhd-kd2in,https://vsprod.vijaysales.com/media/catalog/product/2/4/244728_1__1.jpeg,Electronics > Computers and Laptops > Laptops > Laptops,,
2026-02-02,2026-02-02 10:51:20,laptops,244728,Samsung Galaxy Book5 Laptop (Intel Core Ultra 5/ 16GB LPDDR5X RAM/ 512GB SSD/ 15.6 Inch (39.62 cm) FHD Display/ Intel Graphics/ Windows 11 Home) NP750XHD-KD1IN,Samsung,81990,99990,81990,Available,https://www.vijaysales.com/p/244728/samsung-galaxy-book5-laptop-intel-core-ultra-5-16gb-lpddr5x-ram-512gb-ssd-15-6-inch-39-62-cm-fhd-display-intel-graphics-windows-11-home-np750xhd-kd1in,https://vsprod.vijaysales.com/media/catalog/product/2/4/244728_1_.jpeg,Electronics > Computers and Laptops > Laptops > Laptops,,
2026-02-02,2026-02-02 10:51:20,laptops,243923,Acer Nitro V15 ANV15-52 Gaming Laptop (13th Gen Intel Core i7/ 16GB RAM/ 512GB Storage/ 15.6 Inch (39.62 cm) FHD IPS Display/ 8GB-NVIDIA GeForce RTX 5050 Graphics/ Windows 11/ MS-Office) UN.QZ9SI.002,Acer,99990,130999,99990,Available,https://www.vijaysales.com/p/243923/acer-nitro-v15-anv15-52-gaming-laptop-13th-gen-intel-core-i7-16gb-ram-512gb-storage-15-6-inch-39-62-cm-fhd-ips-display-8gb-nvidia-geforce-rtx-5050-graphics-windows-11-ms-office-un-qz9si-002,https://vsprod.vijaysales.com/media/catalog/product/2/4/243923_1_.jpg,Electronics > Computers and Laptops > Laptops > Gaming Laptops,,
2026-02-02,2026-02-02 10:51:20,laptops,243922,Acer Nitro V15 ANV15-52 Gaming Laptop (13th Gen Intel Core i7/ 16GB RAM/ 512GB SSD/ 15.6 Inch (39.62 cm) FHD IPS Display/ 8GB-NVIDIA GeForce RTX 5060 Graphics/ MS-Office/ Windows 11) UN.QZASI.002,Acer,112599,140999,112599,Available,https://www.vijaysales.com/p/243922/acer-nitro-v15-anv15-52-gaming-laptop-13th-gen-intel-core-i7-16gb-ram-512gb-ssd-15-6-inch-39-62-cm-fhd-ips-display-8gb-nvidia-geforce-rtx-5060-graphics-ms-office-windows-11-un-qzasi-002,https://vsprod.vijaysales.com/media/catalog/product/2/4/243922_1_.jpg,Electronics > Computers and Laptops > Laptops > Gaming Laptops,,
2026-02-02,2026-02-02 10:51:20,laptops,243921,Acer Swift Go 14 Thin & Light Premium Laptop (Intel Core Ultra 7/ 16GB RAM/ 1TB Storage/ 14 Inch (35.56 cm) OLED Multi-touch IPS Display/ Intel ARC Graphics/ Windows 11/ MS-Office) NX.KSMSI.003,Acer,88990,129900,88990,Available,https://www.vijaysales.com/p/243921/acer-swift-go-14-thin-light-premium-laptop-intel-core-ultra-7-16gb-ram-1tb-storage-14-inch-35-56-cm-oled-multi-touch-ips-display-intel-arc-graphics-windows-11-ms-office-nx-ksmsi-003,https://vsprod.vijaysales.com/media/catalog/product/2/4/243921_1_.1.jpg,Electronics > Computers and Laptops > Laptops > Laptops,,
2026-02-02,2026-02-02 10:51:20,laptops,243615,HP Victus Gaming Laptop (13th Gen Intel Core i7/ 24GB RAM/ 1TB SSD/ 15.6 Inch (39.62 cm) FHD Display/ 8GB-NVIDIA GeForce RTX 5050 Graphics/ Windows 11/ MS-Office) 15-fa2309TX,HP,107999,124000,107999,Available,https://www.vijaysales.com/p/243615/hp-victus-gaming-laptop-13th-gen-intel-core-i7-24gb-ram-1tb-ssd-15-6-inch-39-62-cm-fhd-display-8gb-nvidia-geforce-rtx-5050-graphics-windows-11-ms-office-15-fa2309tx,https://vsprod.vijaysales.com/media/catalog/product/2/4/243615_1_1.jpg,Electronics > Computers and Laptops > Laptops > Gaming Laptops,,
2026-02-02,2026-02-02 10:51:20,laptops,243611,Dell 16 Plus Laptop (AMD Ryzen AI 5 340/ 16GB RAM/ 512GB SSD/ 16 Inch (40.64 cm) 2K Anti-Glare Display/ AMD Radeon™ Graphics/ Windows 11/ MS-Office) odb1625550801rinu1,Dell,72950,89250,72950,Available,https://www.vijaysales.com/p/243611/dell-16-plus-laptop-amd-ryzen-ai-5-340-16gb-ram-512gb-ssd-16-inch-40-64-cm-2k-anti-glare-display-amd-radeontm-graphics-windows-11-ms-office-odb1625550801rinu1,https://vsprod.vijaysales.com/media/catalog/product/2/4/243611.jpg,Electronics > Computers and Laptops > Laptops > Laptops,,
2026-02-02,2026-02-02 10:51:20,laptops,243560,Dell 14 Plus 2 in 1 Laptop (Intel Core Ultra 5/ 16GB RAM/ 512GB SSD/ 14 Inch (35.6 cm) FHD+ Display/ Intel Arc Graphics/ MS-Office/ Windows 11) ODB0425020201RINU1,Dell,93999,101999,93999,Available,https://www.vijaysales.com/p/243560/dell-14-plus-2-in-1-laptop-intel-core-ultra-5-16gb-ram-512gb-ssd-14-inch-35-6-cm-fhd-display-intel-arc-graphics-ms-office-windows-11-odb0425020201rinu1,https://vsprod.vijaysales.com/media/catalog/product/2/4/243560_1_.jpg,Electronics > Computers and Laptops > Laptops > 2 in 1 Laptops,,
2026-02-02,2026-02-02 10:51:20,laptops,243556,Lenovo Yoga 7 2-in-1 14AKP10 Laptop (AMD Ryzen AI 7/ 24GB RAM/ 1TB SSD/ 14 Inch (35.56 cm) OLED 10-point Multi-touch Display/ AMD Radeon 860M Graphics/ Windows 11/ MS-Office) 83JR001EIN,Lenovo,99990,151090,99990,Unavailable,https://www.vijaysales.com/p/243556/lenovo-yoga-7-2-in-1-14akp10-laptop-amd-ryzen-ai-7-24gb-ram-1tb-ssd-14-inch-35-56-cm-oled-10-point-multi-touch-display-amd-radeon-860m-graphics-windows-11-ms-office-83jr001ein,https://vsprod.vijaysales.com/media/catalog/product/2/4/243556_1_.jpg,Electronics > Computers and Laptops > Laptops > 2 in 1 Laptops,,
2026-02-02,2026-02-02 10:51:20,laptops,243554,HP Victus Gaming Laptop (AMD Ryzen 7/ 16GB RAM/ 512GB SSD/ 15.6 Inch (39.6 cm) 144 Hz Full HD IPS Display/ 6GB-NVIDIA GeForce RTX 3050 Graphics/ Windows 11 Home/ MS-Office) 15-fb3125AX,HP,76499,82500,76499,Available,https://www.vijaysales.com/p/243554/hp-victus-gaming-laptop-amd-ryzen-7-16gb-ram-512gb-ssd-15-6-inch-39-6-cm-144-hz-full-hd-ips-display-6gb-nvidia-geforce-rtx-3050-graphics-windows-11-home-ms-office-15-fb3125ax,https://vsprod.vijaysales.com/media/catalog/product/i/m/image_1_1.jpg,Electronics > Computers and Laptops > Laptops > Gaming Laptops,,
2026-02-02,2026-02-02 10:51:20,laptops,242446,Store Display Unit - HP OMEN Gaming Laptop (14th Gen Intel Core i7/ 16GB RAM/ 1TB SSD/ 16.1 Inch (40.9 cm) FHD Display/ 8GB-NVIDIA GeForce RTX 4060 Graphics/ Windows 11/ MS-Office) 16-ae0002TX,HP,113000,166000,113000,Unavailable,https://www.vijaysales.com/p/242446/hp-omen-gaming-laptop-14th-gen-intel-core-i7-16gb-ram-1tb-ssd-16-1-inch-40-9-cm-fhd-display-8gb-nvidia-geforce-rtx-4060-graphics-windows-11-ms-office-16-ae0002tx,https://vsprod.vijaysales.com/media/catalog/product/1/6/16-ae0002tx_1_.jpg,Electronics > Computers and Laptops > Laptops > Gaming Laptops,,
2026-02-02,2026-02-02 10:51:20,laptops,242105,Dell 14 Plus Laptop (AMD Ryzen AI 5/ 16GB RAM/ 512GB SSD/ 14 inch (35.56 cm) Display/ AMD Radeon Graphics/ MS Office) ODB1425550701RINU1,Dell,75490,86990,75490,Available,https://www.vijaysales.com/p/242105/dell-14-plus-laptop-amd-ryzen-ai-5-16gb-ram-512gb-ssd-14-inch-35-56-cm-display-amd-radeon-graphics-ms-office-odb1425550701rinu1,https://vsprod.vijaysales.com/media/catalog/product/2/4/242105_1_.jpg,Electronics > Computers and Laptops > Laptops > Laptops,,
2026-02-02,2026-02-02 10:51:20,laptops,242104,"Store Display Unit - HP Laptop 2025 Intel Core i3 12th Gen/ 15.6"" FHD/ 8GB RAM/ 512GB SSD/ Windows 11/ HP Fast Charge/ MS Office | 15FD0751TU",HP,31999,42300,31999,Unavailable,https://www.vijaysales.com/p/242104/hp-laptop-15s-fd0751tu-intel-core-i3-12th-gen-15-6-fhd-8gb-ram-512gb-ssd-win-11-ms-office-silver,https://vsprod.vijaysales.com/media/catalog/product/2/4/242104_1_.jpg,Electronics > Computers and Laptops > Laptops > Laptops,,
2026-02-02,2026-02-02 10:51:20,laptops,242103,Acer Predator Helios Neo 16S Gaming Laptop (Intel Core Ultra 7/ 16GB RAM/ 1TB Storage/ 16 Inch (40.64 cm) OLED Display/ 8GB-NVIDIA GeForce RTX 5060 Graphics/ Windows 11) NH.QX9SI.001,Acer,164990,195990,164990,Available,https://www.vijaysales.com/p/242103/acer-predator-helios-neo-16s-gaming-laptop-intel-core-ultra-7-16gb-ram-1tb-storage-16-inch-40-64-cm-oled-display-8gb-nvidia-geforce-rtx-5060-graphics-windows-11-ms-office-nh-qx9si-001,https://vsprod.vijaysales.com/media/catalog/product/2/4/242103_1_.jpg,Electronics > Computers and Laptops > Laptops > Gaming Laptops,,
2026-02-02,2026-02-02 10:51:20,laptops,241419,HP OmniBook 3 Thin & Light Laptop (AMD Ryzen AI 5/ 16GB RAM/ 512GB SSD/ 14 Inch (35.6 cm) FHD Display/ AMD Radeon 840M Graphics/ Windows 11) 14-ha0000AU,HP,61990,78000,61990,Available,https://www.vijaysales.com/p/241419/hp-omnibook-3-thin-light-laptop-amd-ryzen-ai-5-16gb-ram-512gb-ssd-14-inch-35-6-cm-fhd-display-amd-radeon-840m-graphics-windows-11-14-ha0000au,https://vsprod.vijaysales.com/media/catalog/product/2/4/241419_1.jpg,Electronics > Computers and Laptops > Laptops > Laptops,,
2026-02-02,2026-02-02 10:51:20,laptops,241406,Lenovo LOQ 15ARP9 Gaming Laptop (AMD Ryzen 7/ 24GB DDR5 RAM/ 512GB SSD/ 15.6 Inch (39.62 cm) FHD Display/ 4GB NVIDIA GeForce RTX 3050A Graphics/ Windows 11/ MS-Office) 83JC00JVIN,Lenovo,71990,104690,71990,Unavailable,https://www.vijaysales.com/p/241406/lenovo-loq-15arp9-gaming-laptop-amd-ryzen-7-24gb-ddr5-ram-512gb-ssd-15-6-inch-39-62-cm-fhd-display-4gb-nvidia-geforce-rtx-3050a-graphics-windows-11-ms-office-83jc00jvin,https://vsprod.vijaysales.com/media/catalog/product/2/4/241406_2.jpg,Electronics > Computers and Laptops > Laptops > Gaming Laptops,,
2026-02-02,2026-02-02 10:51:20,laptops,241405,Lenovo LOQ 15ARP9 Gaming Laptop (AMD Ryzen 5/ 24GB DDR5 RAM/ 512GB SSD/ 15.6 Inch (39.62 cm) FHD Display/ 4GB NVIDIA GeForce RTX 3050A Graphics/ Windows 11/ MS-Office) 83JC00JWIN,Lenovo,72999,99000,72999,Available,https://www.vijaysales.com/p/241405/lenovo-loq-15arp9-gaming-laptop-amd-ryzen-5-24gb-ddr5-ram-512gb-ssd-15-6-inch-39-62-cm-fhd-display-4gb-nvidia-geforce-rtx-3050a-graphics-windows-11-ms-office-83jc00jwin,https://vsprod.vijaysales.com/media/catalog/product/2/4/241406_2_2.jpg,Electronics > Computers and Laptops > Laptops > Gaming Laptops,,
2026-02-02,2026-02-02 10:51:20,laptops,241042,"HP Pavilion Thin & Light Laptop (AMD Ryzen™ 5/ 16GB LPDDR5 RAM/ 512GB SSD/ 16 Inch (40.6 cm) diagonal, WUXGA IPS Display/ AMD Radeon™ Graphics/ Windows 11/ MS-Office) 16-ag0019AU",HP,51490,61999,51490,Unavailable,https://www.vijaysales.com/p/241042/hp-pavilion-thin-light-laptop-amd-ryzentm-5-16gb-lpddr5-ram-512gb-ssd-16-inch-40-6-cm-diagonal-wuxga-ips-display-amd-radeontm-graphics-windows-11-ms-office-16-ag0019au,https://vsprod.vijaysales.com/media/catalog/product/2/4/241042_1.jpg,Electronics > Computers and Laptops > Laptops > Laptops,,
2026-02-02,2026-02-02 10:51:20,laptops,241028,MSI Cyborg 15 Gaming Laptop (Intel Core 7/ 16GB DDR5 RAM/ 1TB SSD/ 15.6 Inch (39.62 cm) Full HD Display/ NVIDIA GeForce RTX 5050 8GB Graphics/ Windows 11/ MS-Office) B2RWEKG-247IN,MSI,115990,126990,115990,Unavailable,https://www.vijaysales.com/p/241028/msi-cyborg-15-gaming-laptop-intel-core-7-16gb-ddr5-ram-1tb-ssd-15-6-inch-39-62-cm-full-hd-display-nvidia-geforce-rtx-5050-8gb-graphics-windows-11-ms-office-b2rwekg-247in,https://vsprod.vijaysales.com/media/catalog/product/2/4/241028_1.jpg,Electronics > Computers and Laptops > Laptops > Gaming Laptops,,
2026-02-02,2026-02-02 10:51:20,laptops,241027,MSI Cyborg 15 Gaming Laptop (Intel Core 7/ 16GB DDR5 RAM/ 1TB SSD/ 15.6 Inch (39.62 cm) Full HD Display/ NVIDIA GeForce RTX 5060 8GB Graphics/ Windows 11/ MS-Office) B2RWFKG-246IN,MSI,125990,137990,125990,Available,https://www.vijaysales.com/p/241027/msi-cyborg-15-gaming-laptop-intel-core-7-16gb-ddr5-ram-1tb-ssd-15-6-inch-39-62-cm-full-hd-display-nvidia-geforce-rtx-5060-8gb-graphics-windows-11-ms-office-b2rwfkg-246in,https://vsprod.vijaysales.com/media/catalog/product/2/4/241027_1.jpg,Electronics > Computers and Laptops > Laptops > Gaming Laptops,,
2026-02-02,2026-02-02 10:51:20,laptops,241026,MSI Katana A15 AI Gaming Laptop (AMD Ryzen 9/ 16GB DDR5 RAM/ 512GB SSD/ 15.6 Inch (39.62 cm) Full HD Display/ NVIDIA GeForce RTX 4060 8GB Graphics/ Windows 11/ MS-Office) B8VF-447IN,MSI,134990,151990,134990,Available,https://www.vijaysales.com/p/241026/msi-katana-a15-ai-gaming-laptop-amd-ryzen-9-16gb-ddr5-ram-512gb-ssd-15-6-inch-39-62-cm-full-hd-display-nvidia-geforce-rtx-4060-8gb-graphics-windows-11-ms-office-b8vf-447in,https://vsprod.vijaysales.com/media/catalog/product/2/4/241026_1.jpg,Electronics > Computers and Laptops > Laptops > Gaming Laptops,,
2026-02-02,2026-02-02 10:51:20,laptops,241025,MSI Thin 15 Gaming Laptop (13th Gen Intel Core i7/ 16GB DDR4 RAM/ 512GB SSD/ 15.6 Inch (39.62 cm) Full HD Display/ NVIDIA GeForce RTX 3050 4GB Graphics/ Windows 11/ MS-Office) B13UC-2019IN,MSI,89990,100990,89990,Unavailable,https://www.vijaysales.com/p/241025/msi-thin-15-gaming-laptop-13th-gen-intel-core-i7-16gb-ddr4-ram-512gb-ssd-15-6-inch-39-62-cm-full-hd-display-nvidia-geforce-rtx-3050-4gb-graphics-windows-11-ms-office-b13uc-2019in,https://vsprod.vijaysales.com/media/catalog/product/2/4/241025_1.jpg,Electronics > Computers and Laptops > Laptops > Gaming Laptops,,
2026-02-02,2026-02-02 10:51:20,laptops,241024,MSI Thin 15 Gaming Laptop (13th Gen Intel Core i5/ 16GB DDR4 RAM/ 512GB SSD/ 15.6 Inch (39.62 cm) Full HD Display/ NVIDIA GeForce RTX 3050 4GB Graphics/ Windows 11/ MS-Office) B13UC-3231IN,MSI,76990,86990,76990,Unavailable,https://www.vijaysales.com/p/241024/msi-thin-15-gaming-laptop-13th-gen-intel-core-i5-16gb-ddr4-ram-512gb-ssd-15-6-inch-39-62-cm-full-hd-display-nvidia-geforce-rtx-3050-4gb-graphics-windows-11-ms-office-b13uc-3231in,https://vsprod.vijaysales.com/media/catalog/product/2/4/241024_1.jpg,Electronics > Computers and Laptops > Laptops > Gaming Laptops,,
2026-02-02,2026-02-02 10:51:20,laptops,241023,MSI Modern 15 Thin & Light Laptop (AMD Ryzen 7/ 16GB DDR4 RAM/ 512GB SSD/ 15.6 Inch (39.62 cm) Full HD Display/ AMD Radeon Graphics/ Windows 11/ MS-Office) B7M-479IN,MSI,74990,74990,74990,Available,https://www.vijaysales.com/p/241023/msi-modern-15-thin-light-laptop-amd-ryzen-7-16gb-ddr4-ram-512gb-ssd-15-6-inch-39-62-cm-full-hd-display-amd-radeon-graphics-windows-11-ms-office-b7m-479in,https://vsprod.vijaysales.com/media/catalog/product/2/4/241023_1.jpg,Electronics > Computers and Laptops > Laptops > Laptops,,
2026-02-02,2026-02-02 10:51:20,laptops,241022,MSI Modern 15 Thin & Light Laptop (13th Gen Intel Core i5/ 16GB DDR4 RAM/ 512GB SSD/ 15.6 Inch (39.62 cm) Full HD Display/ Intel Iris Xe Graphics/ Windows 11/ MS-Office) B13M-1200IN,MSI,55990,74990,55990,Available,https://www.vijaysales.com/p/241022/msi-modern-15-thin-light-laptop-13th-gen-intel-core-i5-16gb-ddr4-ram-512gb-ssd-15-6-inch-39-62-cm-full-hd-display-intel-iris-xe-graphics-windows-11-ms-office-b13m-1200in,https://vsprod.vijaysales.com/media/catalog/product/2/4/241022_1.jpg,Electronics > Computers and Laptops > Laptops > Laptops,,
2026-02-02,2026-02-02 10:51:20,laptops,240879,ASUS Vivobook S14 AI Powered Light Weight Laptop (Intel Core Ultra 5 225H/ 16GB DDR5 RAM/ 512GB SSD/ 14 Inch (35.56cm) WUXGA Display/ Intel AI Boost NPU up to 13TOPS/ Windows 11/ MS-Office) S3407CA-LY060WS,Asus,72990,99990,80990,Available,https://www.vijaysales.com/p/240879/asus-vivobook-s14-ai-powered-light-weight-laptop-intel-core-ultra-5-225h-16gb-ddr5-ram-512gb-ssd-14-inch-35-56cm-wuxga-display-intel-ai-boost-npu-up-to-13tops-windows-11-ms-office-s3407ca-ly060ws,https://vsprod.vijaysales.com/media/catalog/product/2/4/240879_1.jpg,Electronics > Computers and Laptops > Laptops > Laptops,,
2026-02-02,2026-02-02 10:51:20,laptops,240726,ASUS ROG Strix G16 Gaming Laptop (AMD Ryzen 9 8940HX/ 16GB RAM/ 1TB SSD/ 16 Inch (40.64 cm) FHD+ Display/ NVIDIA GeForce RTX 5050 GPU/ Windows 11 Home) G614PHRV033WS,Asus,154990,173990,159990,Available,https://www.vijaysales.com/p/240726/asus-rog-strix-g16-gaming-laptop-amd-ryzen-9-8940hx-16gb-ram-1tb-ssd-16-inch-40-64-cm-fhd-display-nvidia-geforce-rtx-5050-gpu-windows-11-home-g614phrv033ws,https://vsprod.vijaysales.com/media/catalog/product/2/4/240726_1_.1.jpg,Electronics > Computers and Laptops > Laptops > Laptops,,
2026-02-02,2026-02-02 10:51:20,laptops,240725,ASUS ROG Strix G16 Gaming Laptop (14th Gen Intel Core i7/ 16GB DDR5 RAM/ 1TB SSD/ 16 Inch (40.64 cm) 2.5k ROG Nebula Display/ 8GB NVIDIA GeForce RTX 5050 Graphics/ Windows 11/ MS-Office) G615JHR-S5005WS,Asus,169990,191990,169990,Available,https://www.vijaysales.com/p/240725/asus-rog-strix-g16-gaming-laptop-14th-gen-intel-core-i7-16gb-ddr5-ram-1tb-ssd-16-inch-40-64-cm-2-5k-rog-nebula-display-8gb-nvidia-geforce-rtx-5050-graphics-windows-11-ms-office-g615jhr-s5005ws,https://vsprod.vijaysales.com/media/catalog/product/2/4/240725_1.jpg,Electronics > Computers and Laptops > Laptops > Gaming Laptops,,
2026-02-02,2026-02-02 10:51:20,laptops,240724,ASUS TUF F16 Gaming Laptop (Intel Core i7/ 16GB DDR5 RAM/ 1TB SSD/ 16 Inch (40.64 cm) FHD+ Display/ NVIDIA RTX 5060 8GB Graphics/ Windows 11/ MS-Office) FX608JMR-RV049WS,Asus,154990,173990,159990,Available,https://www.vijaysales.com/p/240724/asus-tuf-f16-gaming-laptop-intel-core-i7-16gb-ddr5-ram-1tb-ssd-16-inch-40-64-cm-fhd-display-nvidia-rtx-5060-8gb-graphics-windows-11-ms-office-fx608jmr-rv049ws,https://vsprod.vijaysales.com/media/catalog/product/2/4/240724_1.jpg,Electronics > Computers and Laptops > Laptops > Gaming Laptops,,
2026-02-02,2026-02-02 10:51:20,laptops,240722,ASUS ROG Strix G16 Gaming Laptop (Intel Core Ultra 9/ 16GB DDR5 RAM/ 1TB SSD/ 16 Inch (40.64 cm) 2.5k ROG Nebula Display/ NVIDIA RTX 5060 8GB Graphics/ Windows 11/ MS-Office) G615LM-S5128WS,Asus,204990,227990,204990,Available,https://www.vijaysales.com/p/240722/asus-rog-strix-g16-gaming-laptop-intel-core-ultra-9-16gb-ddr5-ram-1tb-ssd-16-inch-40-64-cm-2-5k-rog-nebula-display-nvidia-rtx-5060-8gb-graphics-windows-11-ms-office-g615lm-s5128ws,https://vsprod.vijaysales.com/media/catalog/product/2/4/240722_1_.jpg,Electronics > Computers and Laptops > Laptops > Gaming Laptops,,
2026-02-02,2026-02-02 10:51:20,laptops,240718,ASUS ROG Strix G16 Gaming Laptop (Intel Core Ultra 9/ 32GB DDR5 RAM/ 1TB SSD/ 16 Inch (40.64 cm) 2.5k ROG Nebula Display/ NVIDIA RTX 5070 8GB Graphics/ Windows 11/ MS-Office) G615LP-S5022WS,Asus,249990,275990,249990,Available,https://www.vijaysales.com/p/240718/asus-rog-strix-g16-gaming-laptop-intel-core-ultra-9-32gb-ddr5-ram-1tb-ssd-16-inch-40-64-cm-2-5k-rog-nebula-display-nvidia-rtx-5070-8gb-graphics-windows-11-ms-office-g615lp-s5022ws,https://vsprod.vijaysales.com/media/catalog/product/2/4/240718_1.jpg,Electronics > Computers and Laptops > Laptops > Gaming Laptops,,
2026-02-02,2026-02-02 10:51:20,laptops,240680,Lenovo IdeaPad Slim 3 15IRU8 Thin & Light Laptop (13th Gen Intel Core i3/ 8GB LPDDR5 RAM/ 512GB SSD/ 15.6 Inch (39.62 cm) FHD Display/ Intel® UHD Graphics/ Windows 11/ MS-Office) 82X700G6IN,Lenovo,43999,61290,43999,Unavailable,https://www.vijaysales.com/p/240680/lenovo-ideapad-slim-3-15iru8-thin-light-laptop-13th-gen-intel-core-i3-8gb-lpddr5-ram-512gb-ssd-15-6-inch-39-62-cm-fhd-display-intelr-uhd-graphics-windows-11-ms-office-82x700g6in,https://vsprod.vijaysales.com/media/catalog/product/2/4/240680_4_.jpg,Electronics > Computers and Laptops > Laptops > Laptops,,
2026-02-02,2026-02-02 10:51:20,laptops,240679,Lenovo Yoga 7 2-in-1 14IML9 Laptop (Intel Core Ultra 5 125H/ 16GB LPDDR5x RAM/ 512GB SSD/ 14 Inch (35.56 cm) OLED 10-point Multi-touch Display/ Intel Arc Graphics/ Windows 11/ MS-Office) 83DJ00FTIN,Lenovo,92999,125890,92999,Available,https://www.vijaysales.com/p/240679/lenovo-yoga-7-2-in-1-14iml9-laptop-intel-core-ultra-5-125h-16gb-lpddr5x-ram-512gb-ssd-14-inch-35-56-cm-oled-10-point-multi-touch-display-intel-arc-graphics-windows-11-ms-office-83dj00ftin,https://vsprod.vijaysales.com/media/catalog/product/2/4/240679_1.jpg,Electronics > Computers and Laptops > Laptops > 2 in 1 Laptops,,
2026-02-02,2026-02-02 10:51:20,laptops,240676,Store Display Unit - HP Victus Gaming Laptop (AMD Ryzen 5 8645HS/ 16GB DDR5 RAM/ 512GB SSD/ 15.6 Inch (39.6 cm) diagonal FHD Display/ 4GB-NVIDIA GeForce RTX 2050 Graphics/ Windows 11/ MS-Office) 15-fb3004AX,HP,57990,75000,57990,Unavailable,https://www.vijaysales.com/p/240676/hp-victus-gaming-laptop-amd-ryzen-5-8645hs-16gb-ddr5-ram-512gb-ssd-15-6-inch-39-6-cm-diagonal-fhd-display-4gb-nvidia-geforce-rtx-2050-graphics-windows-11-ms-office-15-fb3004ax,https://vsprod.vijaysales.com/media/catalog/product/2/4/240676_1.jpg,Electronics > Computers and Laptops > Laptops > Gaming Laptops,,
2026-02-02,2026-02-02 10:51:20,laptops,240675,HP Victus Gaming Laptop (13th Gen Intel Core i5/ 16GB DDR4 RAM/ 512GB SSD/ 15.6 Inch (39.6 cm) FHD IPS Display/ 4GB-NVIDIA GeForce RTX 3050 Graphics/ Windows 11/ MS-Office) 15-fa2192TX,HP,69990,75000,69990,Available,https://www.vijaysales.com/p/240675/hp-victus-gaming-laptop-13th-gen-intel-core-i5-16gb-ddr4-ram-512gb-ssd-15-6-inch-39-6-cm-fhd-ips-display-4gb-nvidia-geforce-rtx-3050-graphics-windows-11-ms-office-15-fa2192tx,https://vsprod.vijaysales.com/media/catalog/product/2/4/240675_4_.jpg,Electronics > Computers and Laptops > Laptops > Gaming Laptops,,
2026-02-02,2026-02-02 10:51:20,laptops,240157,Lenovo IdeaPad Slim 5 14AKP10 Thin & Light Laptop (AMD Ryzen 7/ 24GB DDR5 RAM/ 1TB SSD/ 14 Inch (35.56 cm) OLED Display/ AMD Radeon™ 860M Graphics/ Windows 11/ MS-Office) 83HX0052IN,Lenovo,83990,99999,83990,Available,https://www.vijaysales.com/p/240157/lenovo-ideapad-slim-5-14akp10-thin-light-laptop-amd-ryzen-7-24gb-ddr5-ram-1tb-ssd-14-inch-35-56-cm-oled-display-amd-radeontm-860m-graphics-windows-11-ms-office-83hx0052in,https://vsprod.vijaysales.com/media/catalog/product/2/4/240157_3_.jpg,Electronics > Computers and Laptops > Laptops > Laptops,,
2026-02-02,2026-02-02 10:51:20,laptops,239988,Lenovo IdeaPad Slim 3 15ABR8 Thin & Light Laptop (AMD Ryzen 5/ 16GB DDR4 RAM/ 512GB SSD/ 15.6 Inch (39.62 cm) FHD Display/ AMD Radeon Graphics/ Windows 11/ MS-Office) 82XM0119IN,Lenovo,40990,65490,40990,Unavailable,https://www.vijaysales.com/p/239988/lenovo-ideapad-slim-3-15abr8-thin-light-laptop-amd-ryzen-5-16gb-ddr4-ram-512gb-ssd-15-6-inch-39-62-cm-fhd-display-amd-radeon-graphics-windows-11-ms-office-82xm0119in,https://vsprod.vijaysales.com/media/catalog/product/2/3/239988_1.jpg,Electronics > Computers and Laptops > Laptops > Laptops,,
2026-02-02,2026-02-02 10:51:20,laptops,239908,ASUS ROG Strix G16 Gaming Laptop (13th Gen Intel Core i7/ 16GB DDR5 RAM/ 1TB SSD/ 16 Inch (40.64 cm) FHD+ Display/ 6GB NVIDIA GeForce RTX 4050 Graphics/ Windows 11/ MS-Office) G614JU-N4200WS,Asus,113990,153000,122990,Unavailable,https://www.vijaysales.com/p/239908/asus-rog-strix-g16-gaming-laptop-13th-gen-intel-core-i7-16gb-ddr5-ram-1tb-ssd-16-inch-40-64-cm-fhd-display-6gb-nvidia-geforce-rtx-4050-graphics-windows-11-ms-office-g614ju-n4200ws,https://vsprod.vijaysales.com/media/catalog/product/2/3/239908_1.jpg,Electronics > Computers and Laptops > Laptops > Gaming Laptops,,
2026-02-02,2026-02-02 10:51:20,laptops,239907,Acer Aspire ALG AL15G-53 Gaming Laptop (13th Gen Intel Core i7/ 16GB DDR4 RAM/ 512GB SSD/ 15.6 Inch (39.62 cm) Full HD Display/ 6GB NVIDIA GeForce RTX 3050 Graphics/ Windows 11/ MS-Office) UN.34LSI.002,Acer,77990,99990,77990,Available,https://www.vijaysales.com/p/239907/acer-aspire-alg-al15g-53-gaming-laptop-13th-gen-intel-core-i7-16gb-ddr4-ram-512gb-ssd-15-6-inch-39-62-cm-full-hd-display-6gb-nvidia-geforce-rtx-3050-graphics-windows-11-ms-office-un-34lsi-002,https://vsprod.vijaysales.com/media/catalog/product/2/3/239907_1_.jpg,Electronics > Computers and Laptops > Laptops > Gaming Laptops,,
2026-02-02,2026-02-02 10:51:20,laptops,239731,ASUS ROG Strix SCAR 16 Gaming Laptop (Intel Core Ultra 9 275HX/ 32GB RAM/ 2TB SSD/ 16 Inch (40.64 cm) 2.5K WQXGA Display/ 16GB-NVIDIA GeForce RTX 5080 Graphics/ Per-Key RGB Backlit Keyboard/ Windows 11/ MS-Office) G635LW-RW157WS,Asus,399990,455990,399990,Available,https://www.vijaysales.com/p/239731/asus-rog-strix-scar-16-gaming-laptop-intel-core-ultra-9-275hx-32gb-ram-2tb-ssd-16-inch-40-64-cm-2-5k-wqxga-display-16gb-nvidia-geforce-rtx-5080-graphics-per-key-rgb-backlit-keyboard-windows-11-ms-office-g635lw-rw157ws,https://vsprod.vijaysales.com/media/catalog/product/2/3/239731_1__1.jpg,Electronics > Computers and Laptops > Laptops > Gaming Laptops,,
2026-02-02,2026-02-02 10:51:20,laptops,239727,ASUS ROG Zephyrus G16 Gaming Laptop (Intel Core Ultra 9 285H/ 32GB LPDDR5X RAM/ 2TB SSD/ 16 Inch (40.64 cm) 2.5K WQXGA Display/ 16GB-NVIDIA GeForce RTX 5080 Graphics/ 1-Zone RGB Backlit Keyboard/ Windows 11/ MS-Office) GU605CW-QR133WS,Asus,359990,431990,359990,Available,https://www.vijaysales.com/p/239727/asus-rog-zephyrus-g16-gaming-laptop-intel-core-ultra-9-285h-32gb-lpddr5x-ram-2tb-ssd-16-inch-40-64-cm-2-5k-wqxga-display-16gb-nvidia-geforce-rtx-5080-graphics-1-zone-rgb-backlit-keyboard-windows-11-ms-office-gu605cw-qr133ws,https://vsprod.vijaysales.com/media/catalog/product/2/3/239727_1__1.jpg,Electronics > Computers and Laptops > Laptops > Gaming Laptops,,
2026-02-02,2026-02-02 10:51:20,laptops,239611,Samsung Galaxy Book4 Laptop (Intel Core 7/ 16GB RAM/ 512GB SSD/ 15.6 Inch (39.62 cm) Full HD Display/ Intel Iris Xe Graphics/ Windows 11/ MS-Office) NP750XGK-LG8IN,Samsung,78999,103400,78999,Available,https://www.vijaysales.com/p/239611/samsung-galaxy-book4-laptop-intel-core-7-16gb-ram-512gb-ssd-15-6-inch-39-62-cm-full-hd-display-intel-iris-xe-graphics-windows-11-ms-office-np750xgk-lg8in,https://vsprod.vijaysales.com/media/catalog/product/2/3/239611_1_.jpg,Electronics > Computers and Laptops > Laptops > Laptops,,
2026-02-02,2026-02-02 10:51:20,laptops,239608,Samsung Galaxy Book3 360 Laptop (Intel Core i7/ 16GB RAM/ 512GB SSD/ 13.3 Inch (33.78cm) FHD AMOLED Display/ Intel Iris Xe Graphics/ Windows 11/ MS-Office) NP730QFG-LA6IN,Samsung,112990,147990,112990,Available,https://www.vijaysales.com/p/239608/samsung-galaxy-book3-360-laptop-intel-core-i7-16gb-ram-512gb-ssd-13-3-inch-33-78cm-fhd-amoled-display-intel-iris-xe-graphics-windows-11-ms-office-np730qfg-la6in,https://vsprod.vijaysales.com/media/catalog/product/2/3/239608_1__1.jpg,Electronics > Computers and Laptops > Laptops > 2 in 1 Laptops,,
2026-02-02,2026-02-02 10:51:20,laptops,239607,Samsung Galaxy Book3 360 Laptop (Intel Core i5/ 16GB RAM/ 512GB SSD/ 13.3 Inch (33.78cm) FHD AMOLED Display/ Intel Iris Xe Graphics/ Windows 11/ MS-Office) NP730QFG-LA7IN,Samsung,104990,137990,104990,Available,https://www.vijaysales.com/p/239607/samsung-galaxy-book3-360-laptop-intel-core-i5-16gb-ram-512gb-ssd-13-3-inch-33-78cm-fhd-amoled-display-intel-iris-xe-graphics-windows-11-ms-office-np730qfg-la7in,https://vsprod.vijaysales.com/media/catalog/product/2/3/239608_1_.jpg,Electronics > Computers and Laptops > Laptops > 2 in 1 Laptops,,
2026-02-02,2026-02-02 10:51:20,laptops,239526,"Refurbished HP Probook 640 G5 (Core i5 8th Gen/16GB/512GB SSD/Webcam/14"" Non Touch/Win 10 Pro)",HP,28999,38574,28999,Unavailable,https://www.vijaysales.com/p/239526/refurbished-hp-probook-640-g5-core-i5-8th-gen-16gb-512gb-ssd-webcam-14-non-touch-win-10,https://vsprod.vijaysales.com/media/catalog/product/2/3/239526.jpg,Electronics > Computers and Laptops > Laptops > Refurbished Laptops,,
2026-02-02,2026-02-02 10:51:20,laptops,239512,"Refurbished HP Elitebook 830 G7 (Core i5 10th Gen/16GB/512GB SSD/Webcam/13.3"" Non Touch/Win-10 Pro)",HP,39999,52199,39999,Unavailable,https://www.vijaysales.com/p/239512/refurbished-hp-elitebook-830-g7-core-i5-10th-gen-16gb-512gb-ssd-webcam-13-3-non-touch-win-10,https://vsprod.vijaysales.com/media/catalog/product/2/3/239512_1_.jpg,Electronics > Computers and Laptops > Laptops > Refurbished Laptops,,
2026-02-02,2026-02-02 10:51:20,laptops,239511,Refurbished HP Elitebook 840 G6 (Core i7 8th Gen/16GB/1TB SSD/Webcam/14'' Non Touch/Win-10 Pro),HP,37499,47200,37499,Unavailable,https://www.vijaysales.com/p/239511/refurbished-hp-elitebook-840-g6-core-i7-8th-gen-16gb-1tb-ssd-webcam-14-non-touch-win-10,https://vsprod.vijaysales.com/media/catalog/product/2/3/239511_1_.jpg,Electronics > Computers and Laptops > Laptops > Refurbished Laptops,,
2026-02-02,2026-02-02 10:51:20,laptops,239508,Refurbished HP Elitebook 840 G5 (Core i5 8th Gen/8GB/512GB SSD/Webcam/14''/Win 10 Pro),HP,29999,34655,29999,Available,https://www.vijaysales.com/p/239508/refurbished-hp-elitebook-840-g5-core-i5-8th-gen-8gb-512gb-ssd-webcam-14-win-10,https://vsprod.vijaysales.com/media/catalog/product/2/3/239508_1_.jpg,Electronics > Computers and Laptops > Laptops > Refurbished Laptops,,
2026-02-02,2026-02-02 10:51:20,laptops,239504,Refurbished Dell Latitude 7310 (Core i7 10th Gen/16GB/512GB SSD/Webcam/13.3''Non Touch/Windows 10 Pro),Dell,37499,62899,37499,Unavailable,https://www.vijaysales.com/p/239504/refurbished-dell-latitude-7310-core-i7-10th-gen-16gb-512gb-ssd-webcam-13-3-non-touch-dos,https://vsprod.vijaysales.com/media/catalog/product/2/3/239504_1_.jpg,Electronics > Computers and Laptops > Laptops > Refurbished Laptops,,
2026-02-02,2026-02-02 10:51:20,laptops,239410,HP OmniBook 7 Aero Next Gen AI Laptop (AMD Ryzen AI 5/ 16GB LPDDR5x RAM/ 512GB SSD/ 13.3 Inch (33.78 cm) diagonal WQXGA Display/ AMD Radeon 840M Graphics/ Windows 11/ MS-Office) 13-bg1678AU,HP,76990,96146,76990,Available,https://www.vijaysales.com/p/239410/hp-omnibook-7-aero-next-gen-ai-laptop-amd-ryzen-ai-5-16gb-lpddr5x-ram-512gb-ssd-13-3-inch-33-78-cm-diagonal-wqxga-display-amd-radeon-840m-graphics-windows-11-ms-office-13-bg1678au,https://vsprod.vijaysales.com/media/catalog/product/2/3/239410_1_.jpg,Electronics > Computers and Laptops > Laptops > Laptops,,
2026-02-02,2026-02-02 10:51:20,laptops,239409,HP OmniBook 7 Aero Next Gen AI Laptop (AMD Ryzen AI 7/ 16GB LPDDR5x RAM/ 512GB SSD/ 13.3 Inch (33.78 cm) diagonal WQXGA Display/ AMD Radeon 860M Graphics/ Windows 11/ MS-Office) 13-bg1456AU,HP,84999,106308,84999,Available,https://www.vijaysales.com/p/239409/hp-omnibook-7-aero-next-gen-ai-laptop-amd-ryzen-ai-7-16gb-lpddr5x-ram-512gb-ssd-13-3-inch-33-78-cm-diagonal-wqxga-display-amd-radeon-860m-graphics-windows-11-ms-office-13-bg1456au,https://vsprod.vijaysales.com/media/catalog/product/2/3/239409_1_.jpg,Electronics > Computers and Laptops > Laptops > Laptops,,
2026-02-02,2026-02-02 10:51:20,laptops,239408,HP OmniBook 5 Next Gen AI Laptop (AMD Ryzen AI 7/ 16GB LPDDR5x RAM/ 512GB SSD/ 16 Inch (40.64 cm) diagonal 2K Touchscreen Display/ AMD Radeon 860M Graphics/ Windows 11/ MS-Office) 16-ag1048AU,HP,80990,99557,80990,Available,https://www.vijaysales.com/p/239408/hp-omnibook-5-next-gen-ai-laptop-amd-ryzen-ai-7-16gb-lpddr5x-ram-512gb-ssd-16-inch-40-64-cm-diagonal-2k-touchscreen-display-amd-radeon-860m-graphics-windows-11-ms-office-16-ag1048au,https://vsprod.vijaysales.com/media/catalog/product/2/3/239408_1_.jpg,Electronics > Computers and Laptops > Laptops > Laptops,,
2026-02-02,2026-02-02 10:51:20,laptops,239407,HP OmniBook 5 Next Gen AI Laptop (AMD Ryzen AI 5/ 16GB LPDDR5x RAM/ 512GB SSD/ 16 Inch (40.64 cm) diagonal 2K Display/ AMD Radeon 840M Graphics/ Windows 11/ MS-Office) 16-ag1037AU,HP,71990,87097,71990,Available,https://www.vijaysales.com/p/239407/hp-omnibook-5-next-gen-ai-laptop-amd-ryzen-ai-5-16gb-lpddr5x-ram-512gb-ssd-16-inch-40-64-cm-diagonal-2k-display-amd-radeon-840m-graphics-windows-11-ms-office-16-ag1037au,https://vsprod.vijaysales.com/media/catalog/product/2/3/239407_1_.jpg,Electronics > Computers and Laptops > Laptops > Laptops,,
2026-02-02,2026-02-02 10:51:20,laptops,239405,HP OmniBook X Flip Convertible Laptop (Intel Core Ultra 5/ 16GB LPDDR5x RAM/ 512GB SSD/ 14 Inch (35.56 cm) diagonal 3K OLED Touchscreen Display/ Intel Arc Graphics/ Windows 11/ MS-Office) 14-fm0058TU,HP,99990,125841,99990,Available,https://www.vijaysales.com/p/239405/hp-omnibook-x-flip-convertible-laptop-intel-core-ultra-5-16gb-lpddr5x-ram-512gb-ssd-14-inch-35-56-cm-diagonal-3k-oled-touchscreen-display-intel-arc-graphics-windows-11-ms-office-14-fm0058tu,https://vsprod.vijaysales.com/media/catalog/product/2/3/239405_1_.jpg,Electronics > Computers and Laptops > Laptops > Convertible Laptops,,
2026-02-02,2026-02-02 10:51:20,laptops,239404,HP OmniBook X Flip Convertible Laptop (Intel Core Ultra 7/ 16GB LPDDR5x RAM/ 512GB SSD/ 14 Inch (35.56 cm) diagonal 3K OLED Touchscreen Display/ Intel Arc Graphics/ Windows 11/ MS-Office) 14-fm0026TU,HP,116999,138207,116999,Available,https://www.vijaysales.com/p/239404/hp-omnibook-x-flip-convertible-laptop-intel-core-ultra-7-16gb-lpddr5x-ram-512gb-ssd-14-inch-35-56-cm-diagonal-3k-oled-touchscreen-display-intel-arc-graphics-windows-11-ms-office-14-fm0026tu,https://vsprod.vijaysales.com/media/catalog/product/2/3/239404_1_.jpg,Electronics > Computers and Laptops > Laptops > Convertible Laptops,,
2026-02-02,2026-02-02 10:51:20,laptops,239029,ASUS TUF Gaming A15 Laptop (AMD Ryzen 7-7435HS/ 16GB DDR5-4800 RAM/ 512GB SSD/ 15.6 Inch (39.62 cm) FHD Display/ 4GB-NVIDIA GeForce RTX 3050 Graphics/ 1-Zone RGB Backlit Keyboard/ Windows 11/ MS-Office) FA566NCR-HN254WS,Asus,66990,89990,70990,Unavailable,https://www.vijaysales.com/p/239029/asus-tuf-gaming-a15-laptop-amd-ryzen-7-7435hs-16gb-ddr5-4800-ram-512gb-ssd-15-6-inch-39-62-cm-fhd-display-4gb-nvidia-geforce-rtx-3050-graphics-1-zone-rgb-backlit-keyboard-windows-11-ms-office-fa566ncr-hn254ws,https://vsprod.vijaysales.com/media/catalog/product/2/3/239029_1.jpg,Electronics > Computers and Laptops > Laptops > Gaming Laptops,,
2026-02-02,2026-02-02 10:51:20,laptops,239008,Acer Predator Helios 16 Gaming Laptop (14th Gen Intel Core i7/ 16GB DDR5 RAM/ 1TB SSD/ 16 Inch (40.64) WQXGA LED Backlit IPS Display/ 8GB NVIDIA GeForce RTX 4070 Graphics/ Windows 11/ MS-Office) NH.QNXSI.004,Acer,181990,220000,181990,Available,https://www.vijaysales.com/p/239008/acer-predator-helios-16-gaming-laptop-14th-gen-intel-core-i7-16gb-ddr5-ram-1tb-ssd-16-inch-40-64-wqxga-led-backlit-ips-display-8gb-nvidia-geforce-rtx-4070-graphics-windows-11-ms-office-nh-qnxsi-004,https://vsprod.vijaysales.com/media/catalog/product/2/3/239008_1.jpg,Electronics > Computers and Laptops > Laptops > Gaming Laptops,,
2026-02-02,2026-02-02 10:51:20,laptops,239003,Lenovo IdeaPad Slim 5 Thin & Light Laptop (AMD Ryzen 7/ 16GB LPDDR5x RAM/ 512GB SSD/ 13.3 Inch (33.78 cm) WUXGA IPS Display/ AMD Radeon Graphics/ Windows 11/ MS-Office) 83J2003NIN,Lenovo,67990,89490,67990,Available,https://www.vijaysales.com/p/239003/lenovo-ideapad-slim-5-thin-light-laptop-amd-ryzen-7-16gb-lpddr5x-ram-512gb-ssd-13-3-inch-33-78-cm-wuxga-ips-display-amd-radeon-graphics-windows-11-ms-office-83j2003nin,https://vsprod.vijaysales.com/media/catalog/product/2/3/239003_1.jpg,Electronics > Computers and Laptops > Laptops > Laptops,,
2026-02-02,2026-02-02 10:51:20,laptops,238701,ASUS TUF Gaming F16 Laptop (Intel Core 5 210H/ 16GB DDR4 RAM/ 512GB SSD/ 16 Inch (40.64 cm) FHD+ Display/ 4GB GDDR6 NVIDIA GeForce RTX 3050A Graphics/ Bluetooth 5.3/ Windows 11/ MS-Office) FX607VB-RL087WS,Asus,69990,96990,74990,Unavailable,https://www.vijaysales.com/p/238701/asus-tuf-gaming-f16-laptop-intel-core-5-210h-16gb-ddr4-ram-512gb-ssd-16-inch-40-64-cm-fhd-display-4gb-gddr6-nvidia-geforce-rtx-3050a-graphics-bluetooth-5-3-windows-11-ms-office-fx607vb-rl087ws,https://vsprod.vijaysales.com/media/catalog/product/2/3/238701_1_.jpg,Electronics > Computers and Laptops > Laptops > Gaming Laptops,,
2026-02-02,2026-02-02 10:51:20,laptops,238696,Samsung Galaxy Book5 Pro 360 Laptop (Intel Core Ultra 7/ 32GB LPDDR5X RAM/ 1TB SSD/ 16 Inch (40.64 cm) WQXGA+ Dynamic AMOLED 2X Display/ Intel ARC Graphics/ Windows 11/ MS-Office) NP960QHA-KG4IN,Samsung,195990,235190,195990,Unavailable,https://www.vijaysales.com/p/238696/samsung-galaxy-book5-pro-360-laptop-intel-core-ultra-7-32gb-lpddr5x-ram-1tb-ssd-16-inch-40-64-cm-wqxga-dynamic-amoled-2x-display-intel-arc-graphics-windows-11-ms-office-np960qha-kg4in,https://vsprod.vijaysales.com/media/catalog/product/p/r/pro_360_ultra5__2__2.jpg,Electronics > Computers and Laptops > Laptops > Convertible Laptops,,
2026-02-02,2026-02-02 10:51:20,laptops,238695,Samsung Galaxy Book5 Pro 360 Laptop (Intel Core Ultra 5/ 16GB LPDDR5X RAM/ 512GB SSD/ 16 Inch (40.64 cm) WQXGA+ Dynamic AMOLED 2X Display/ Intel ARC Graphics/ Windows 11/ MS-Office) NP960QHA-KG3IN,Samsung,155990,187190,155990,Available,https://www.vijaysales.com/p/238695/samsung-galaxy-book5-pro-360-laptop-intel-core-ultra-5-16gb-lpddr5x-ram-512gb-ssd-16-inch-40-64-cm-wqxga-dynamic-amoled-2x-display-intel-arc-graphics-windows-11-ms-office-np960qha-kg3in,https://vsprod.vijaysales.com/media/catalog/product/p/r/pro_360_ultra5__2_.jpg,Electronics > Computers and Laptops > Laptops > Convertible Laptops,,
2026-02-02,2026-02-02 10:51:20,laptops,238694,Samsung Galaxy Book5 Pro 360 Laptop (Intel Core Ultra 7/ 16GB LPDDR5X RAM/ 512GB SSD/ 16 Inch (40.64 cm) WQXGA+ Dynamic AMOLED 2X Display/ Intel ARC Graphics/ Windows 11/ MS-Office) NP960QHA-KG1IN,Samsung,163990,196790,163990,Unavailable,https://www.vijaysales.com/p/238694/samsung-galaxy-book5-pro-360-laptop-intel-core-ultra-7-16gb-lpddr5x-ram-512gb-ssd-16-inch-40-64-cm-wqxga-dynamic-amoled-2x-display-intel-arc-graphics-windows-11-ms-office-np960qha-kg1in,https://vsprod.vijaysales.com/media/catalog/product/p/r/pro_360_ultra5__2__1.jpg,Electronics > Computers and Laptops > Laptops > Convertible Laptops,,
2026-02-02,2026-02-02 10:51:20,laptops,238692,Samsung Galaxy Book5 Pro Laptop (Intel Core Ultra 7/ 16GB LPDDR5X RAM/ 512GB SSD/ 16 Inch (40.64 cm) WQXGA+ Dynamic AMOLED 2X Display/ Intel ARC Graphics/ Windows 11/ MS-Office) NP960XHA-LG1IN,Samsung,149990,175188,149990,Available,https://www.vijaysales.com/p/238692/samsung-galaxy-book5-pro-laptop-intel-core-ultra-7-16gb-lpddr5x-ram-512gb-ssd-16-inch-40-64-cm-wqxga-dynamic-amoled-2x-display-intel-arc-graphics-windows-11-ms-office-np960xha-lg1in,https://vsprod.vijaysales.com/media/catalog/product/b/o/book5_pro_ultra7_1__2.jpg,Electronics > Computers and Laptops > Laptops > Laptops,,
2026-02-02,2026-02-02 10:51:20,laptops,238689,Samsung Galaxy Book5 Pro Laptop (Intel Core Ultra 7/ 16GB LPDDR5X RAM/ 512GB SSD/ 14 Inch (35.56 cm) WQXGA+ Dynamic AMOLED 2X Display/ Intel ARC Graphics/ Windows 11/ MS-Office) NP940XHA-LG2IN,Samsung,139990,167990,139990,Available,https://www.vijaysales.com/p/238689/samsung-galaxy-book5-pro-laptop-intel-core-ultra-7-16gb-lpddr5x-ram-512gb-ssd-14-inch-35-56-cm-wqxga-dynamic-amoled-2x-display-intel-arc-graphics-windows-11-ms-office-np940xha-lg2in,https://vsprod.vijaysales.com/media/catalog/product/b/o/book5_pro_ultra7_1__1.jpg,Electronics > Computers and Laptops > Laptops > Laptops,,
2026-02-02,2026-02-02 10:51:20,laptops,238688,Samsung Galaxy Book5 Pro Laptop (Intel Core Ultra 5/ 16GB LPDDR5X RAM/ 512GB SSD/ 14 Inch (35.56 cm) WQXGA+ Dynamic AMOLED 2X Display/ Intel ARC Graphics/ Windows 11/ MS-Office) NP940XHA-LG1IN,Samsung,131990,153588,131990,Available,https://www.vijaysales.com/p/238688/samsung-galaxy-book5-pro-laptop-intel-core-ultra-5-16gb-lpddr5x-ram-512gb-ssd-14-inch-35-56-cm-wqxga-dynamic-amoled-2x-display-intel-arc-graphics-windows-11-ms-office-np940xha-lg1in,https://vsprod.vijaysales.com/media/catalog/product/b/o/book5_pro_ultra5_1_.jpg,Electronics > Computers and Laptops > Laptops > Laptops,,
2026-02-02,2026-02-02 10:51:20,laptops,238687,Samsung Galaxy Book5 360 Laptop (Intel Core Ultra 7/ 32GB LPDDR5X RAM/ 1TB SSD/ 15.6 Inch (39.62cm) FHD AMOLED Display/ Intel ARC Graphics/ Windows 11/ MS-Office) NP750QHA-LG4IN,Samsung,154990,185990,154990,Unavailable,https://www.vijaysales.com/p/238687/samsung-galaxy-book5-360-laptop-intel-core-ultra-7-32gb-lpddr5x-ram-1tb-ssd-15-6-inch-39-62cm-fhd-amoled-display-intel-arc-graphics-windows-11-ms-office-np750qha-lg4in,https://vsprod.vijaysales.com/media/catalog/product/2/3/238685_1__2.jpg,Electronics > Computers and Laptops > Laptops > Convertible Laptops,,
2026-02-02,2026-02-02 10:51:20,laptops,238686,Samsung Galaxy Book5 360 Laptop (Intel Core Ultra 7/ 16GB LPDDR5X RAM/ 1TB SSD/ 15.6 Inch (39.62cm) FHD AMOLED Display/ Intel ARC Graphics/ Windows 11/ MS-Office) NP750QHA-LG3IN,Samsung,138990,166790,138990,Unavailable,https://www.vijaysales.com/p/238686/samsung-galaxy-book5-360-laptop-intel-core-ultra-7-16gb-lpddr5x-ram-1tb-ssd-15-6-inch-39-62cm-fhd-amoled-display-intel-arc-graphics-windows-11-ms-office-np750qha-lg3in,https://vsprod.vijaysales.com/media/catalog/product/2/3/238685_1__1.jpg,Electronics > Computers and Laptops > Laptops > Convertible Laptops,,
2026-02-02,2026-02-02 10:51:20,laptops,238685,Samsung Galaxy Book5 360 Laptop (Intel Core Ultra 7/ 16GB LPDDR5X RAM/ 512GB SSD/ 15.6 Inch (39.62cm) FHD AMOLED Display/ Intel ARC Graphics/ Windows 11/ MS-Office) NP750QHA-LG2IN,Samsung,122990,147590,122990,Available,https://www.vijaysales.com/p/238685/samsung-galaxy-book5-360-laptop-intel-core-ultra-7-16gb-lpddr5x-ram-512gb-ssd-15-6-inch-39-62cm-fhd-amoled-display-intel-arc-graphics-windows-11-ms-office-np750qha-lg2in,https://vsprod.vijaysales.com/media/catalog/product/2/3/238685_1_.jpg,Electronics > Computers and Laptops > Laptops > Convertible Laptops,,
2026-02-02,2026-02-02 10:51:20,laptops,238684,Samsung Galaxy Book5 360 Laptop (Intel Core Ultra 5/ 16GB LPDDR5X RAM/ 512GB SSD/ 15.6 Inch (39.62cm) FHD AMOLED Display/ Intel ARC Graphics/ Windows 11/ MS-Office) NP750QHA-LG1IN,Samsung,110990,137988,110990,Available,https://www.vijaysales.com/p/238684/samsung-galaxy-book5-360-laptop-intel-core-ultra-5-16gb-lpddr5x-ram-512gb-ssd-15-6-inch-39-62cm-fhd-amoled-display-intel-arc-graphics-windows-11-ms-office-np750qha-lg1in,https://vsprod.vijaysales.com/media/catalog/product/b/o/book5_360_ultra5_1_.jpg,Electronics > Computers and Laptops > Laptops > Convertible Laptops,,
2026-02-02,2026-02-02 10:51:20,laptops,238440,Dell Inspiron 3535 Thin & Light Laptop (AMD Ryzen 5 Quad Core 7520U/ 8GB LPDDR5 RAM/ 512GB SSD/ 15.6 Inch (39.62 cm) FHD Display/ AMD Radeon Graphics/ Windows 11/ MS-Office) OIN353510021RINB1MO,Dell,40490,43900,40490,Available,https://www.vijaysales.com/p/238440/dell-inspiron-3535-thin-light-laptop-amd-ryzen-5-quad-core-7520u-8gb-lpddr5-ram-512gb-ssd-15-6-inch-39-62-cm-fhd-display-amd-radeon-graphics-windows-11-ms-office-oin353510021rinb1mo,https://vsprod.vijaysales.com/media/catalog/product/2/3/238440_1.jpg,Electronics > Computers and Laptops > Laptops > Laptops,,
2026-02-02,2026-02-02 10:51:20,laptops,238439,Store Display Unit - Dell Inspiron 5640 Thin & Light Laptop (13th Gen Intel Core i5-1334U/ 16GB DDR5 RAM/ 512GB SSD/ 16 Inch (40.64 cm) FHD+ Display/ Intel Iris Xe Graphics/ Windows 11/ MS-Office) OIN5640341901RINU1O,Dell,65100,75000,65100,Available,https://www.vijaysales.com/p/238439/dell-inspiron-5640-thin-light-laptop-13th-gen-intel-core-i5-1334u-16gb-ddr5-ram-512gb-ssd-16-inch-40-64-cm-fhd-display-intel-irisr-xe-graphics-windows-11-ms-office-oin5640341901rinu1o,https://vsprod.vijaysales.com/media/catalog/product/2/3/238439_9_.jpg,Electronics > Computers and Laptops > Laptops > Laptops,,
2026-02-02,2026-02-02 10:51:20,laptops,238242,Acer Swift Go 14 Laptop (Intel Core Ultra 5 125H/ 16GB LPDDR5X RAM/ 512GB SSD/ 14 Inch (35.56 cm) Touchscreen Display/ Intel ARC Graphics/ Bluetooth 5.3/ Finger Print Reader/ Windows 11) NX.KSMSI.002,Acer,75990,109990,75990,Available,https://www.vijaysales.com/p/238242/acer-swift-go-14-laptop-intel-core-ultra-5-125h-16gb-lpddr5x-ram-512gb-ssd-14-inch-35-56-cm-touchscreen-display-intel-arc-graphics-bluetooth-5-3-finger-print-reader-windows-11-nx-ksmsi-002,https://vsprod.vijaysales.com/media/catalog/product/2/3/238242_1_.jpg,Electronics > Computers and Laptops > Laptops > Laptops,,
2026-02-02,2026-02-02 10:51:20,laptops,238209,ASUS Vivobook 16 AI Powered Laptop (Snapdragon X X1 26 100/ 16GB LPDDR5X RAM/ 512GB SSD/ 16 Inch (40.64 cm) WUXGA Display/ Qualcomm® Adreno™ GPU Graphics/ Windows 11/ MS-Office) X1607QA-MB050WS,Asus,54990,84990,69990,Available,https://www.vijaysales.com/p/238209/asus-vivobook-16-ai-powered-laptop-snapdragon-x-x1-26-100-16gb-lpddr5x-ram-512gb-ssd-16-inch-40-64-cm-wuxga-display-qualcommr-adrenotm-gpu-graphics-windows-11-ms-office-x1607qa-mb050ws,https://vsprod.vijaysales.com/media/catalog/product/2/3/238209_1.jpg,Electronics > Computers and Laptops > Laptops > Laptops,,
2026-02-02,2026-02-02 10:51:20,laptops,238208,"ASUS Zenbook A14, AI Powered Laptop (Snapdragon X X1 26 100/ 16GB LPDDR5X RAM/ 512GB SSD/ 14 Inch (35.56 cm) WUXGA OLED Display/ Qualcomm Adreno GPU Graphics/ ErgoSense Backlit Keyboard with Copilot Key/ Windows 11/ MS-Office) UX3407QA-QD259WS",Asus,86990,122900,95990,Available,https://www.vijaysales.com/p/238208/asus-zenbook-a14-ai-powered-laptop-snapdragon-x-x1-26-100-16gb-lpddr5x-ram-512gb-ssd-14-inch-35-56-cm-wuxga-oled-display-qualcomm-adreno-gpu-graphics-ergosense-backlit-keyboard-with-copilot-key-windows-11-ms-office-ux3407qa-qd259ws,https://vsprod.vijaysales.com/media/catalog/product/2/3/238208_1_.jpg,Electronics > Computers and Laptops > Laptops > Laptops,,
2026-02-02,2026-02-02 10:51:20,laptops,238085,Store Display Unit - Lenovo Ideapad 3 Laptop (12th Gen Intel Core i3/ 8GB DDR4 RAM/ 512GB SSD/ 15.6 Inch (39.6 cm) FHD Display/ Intel UHD Graphics/ Dolby Audio/ Bluetooth 5.2/ Windows 11/ MS-Office) 82RK019GIN,Lenovo,31390,40000,31390,Unavailable,https://www.vijaysales.com/p/238085/lenovo-ideapad-3-laptop-12th-gen-intel-core-i3-8gb-ddr4-ram-512gb-ssd-15-6-inch-39-6-cm-fhd-display-intel-uhd-graphics-dolby-audio-bluetooth-5-2-windows-11-ms-office-82rk019gin,https://vsprod.vijaysales.com/media/catalog/product/2/3/238085_1_.jpg,Electronics > Computers and Laptops > Laptops > Laptops,,
2026-02-02,2026-02-02 10:51:20,laptops,237963,ASUS Vivobook 16 AI Laptop 2025 (Intel Core Ultra 5/ 16GB RAM/ 512GB SSD/ 16 Inch (40.64 cm) WUXGA Display/ Intel Graphics/ Backlit Keyboard / Win 11/ MS-Office) X1607CA-MB142WS,Asus,65990,92990,73990,Available,https://www.vijaysales.com/p/237963/asus-vivobook-16-laptop-intel-core-ultra-5-16gb-ddr5-ram-512gb-ssd-16-inch-40-64-cm-wuxga-display-intel-graphics-backlit-chiclet-keyboard-with-num-key-win-11-ms-office-x1607ca-mb142ws,https://vsprod.vijaysales.com/media/catalog/product/2/3/23796315.jpg,Electronics > Computers and Laptops > Laptops > Laptops,,
2026-02-02,2026-02-02 10:51:20,laptops,237644,Acer Swift 14 AI Laptop (Intel Core Ultra 5/ 16GB LPDDR5X RAM/ 512GB SSD/ 14 Inch (35.56 cm) OLED Display/ Intel ARC Graphics/ Backlit Keyboard/ Windows 11/ MS-Office) NX.J2HSI.002,Acer,85990,111990,85990,Available,https://www.vijaysales.com/p/237644/acer-swift-14-ai-laptop-intel-core-ultra-5-16gb-lpddr5x-ram-512gb-ssd-14-inch-35-56-cm-oled-display-intel-arc-graphics-backlit-keyboard-windows-11-ms-office-nx-j2hsi-002,https://vsprod.vijaysales.com/media/catalog/product/2/3/237644_1_.jpg,Electronics > Computers and Laptops > Laptops > Laptops,,
2026-02-02,2026-02-02 10:51:20,laptops,237643,Store Display Unit - Acer Predator Helios Neo 14 Gaming Laptop (Intel Core Ultra 7 16GB LPDDR5X RAM/ 1TB SSD/ 14.5 Inch (36.83 cm) FHD Display/ NVIDIA GeForce RTX4050 6GB Graphics/ Backlit Keyboard/ Win 11) NH.QRQSI.001,Acer,110298,161990,110298,Available,https://www.vijaysales.com/p/237643/acer-predator-helios-neo-14-gaming-laptop-intel-core-ultra-7-16gb-lpddr5x-ram-1tb-ssd-145-inch-3683-cm-fhd-display-nvidia-geforce-rtx4050-6gb-graphics-backlit-keyboard-win-11-nhqrqsi001,https://vsprod.vijaysales.com/media/catalog/product/2/3/237643_1_.jpg,Electronics > Computers and Laptops > Laptops > Gaming Laptops,,
2026-02-02,2026-02-02 10:51:20,laptops,237642,Lenovo LOQ 15IAX9 Gaming Laptop (12th Gen Intel Core i5/ 12GB RAM/ 512GB SSD/ 15.6 Inch (39.62 cm) FHD Display/ NVIDIA GeForce RTX2050 4GB Graphics/ Windows 11/ MS-Office) 83GS00MWIN,Lenovo,64990,70000,64990,Unavailable,https://www.vijaysales.com/p/237642/lenovo-loq-15iax9-gaming-laptop-12th-gen-intel-core-i5-12gb-ram-512gb-ssd-15-6-inch-39-62-cm-fhd-display-nvidia-geforce-rtx2050-4gb-graphics-windows-11-ms-office-83gs00mwin,https://vsprod.vijaysales.com/media/catalog/product/2/3/237642_1_.jpg,Electronics > Computers and Laptops > Laptops > Gaming Laptops,,
2026-02-02,2026-02-02 10:51:20,laptops,237244,Dell G15 Gaming Laptop (Intel Core i5 13th Gen/ 16GB RAM/ 1TB SSD/ 15.6 Inch (39.62 cm) FHD Display/ 6GB-NVIDIA GeForce RTX 3050 Graphics/ Windows 11/ MS-Office) OGN55301106G201RINO(5530),Dell,77990,106000,77990,Available,https://www.vijaysales.com/p/237244/dell-g15-gaming-laptop-intel-core-i5-13th-gen-16gb-ram-1tb-ssd-156-inch-3962-cm-fhd-display-6gb-nvidia-geforce-rtx-3050-graphics-windows-11-ms-office-ogn55301106g201rino5530,https://vsprod.vijaysales.com/media/catalog/product/2/3/237244_4_.jpg,Electronics > Computers and Laptops > Laptops > Gaming Laptops,,
2026-02-02,2026-02-02 10:51:20,laptops,237101,Dell Inspiron 15 Laptop (13th Gen Intel Core i3/ 8GB DDR4 RAM/ 512GB SSD/ 15.6 Inch (39.62 cm) FHD Display/ Intel UHD Graphics/ Stereo Speakers/ Windows 11/ MS-Office) OIN353010051RINB1MO,Dell,36990,47000,36990,Unavailable,https://www.vijaysales.com/p/237101/dell-inspiron-15-laptop-13th-gen-intel-core-i3-8gb-ddr4-ram-512gb-ssd-15-6-inch-39-62-cm-fhd-display-intel-uhd-graphics-stereo-speakers-windows-11-ms-office-oin353010051rinb1mo,https://vsprod.vijaysales.com/media/catalog/product/2/3/237101_1_.jpg,Electronics > Computers and Laptops > Laptops > Laptops,,
2026-02-02,2026-02-02 10:51:20,laptops,236990,Store Display Unit - Acer ALG AL15G-52 Gaming Laptop (12th Gen Intel Core i5/ 16GB DDR4 RAM/ 512GB SSD/ 15.6 Inch (39.6 cm) FHD Display/ 144Hz/ 4GB NVIDIA GeForce RTX 2050 Graphics/ Bluetooth 5.2/ Backlight Keyboard/ Windows 11/ MS-Office) UN.34CSI.00W,Acer,53000,93000,53000,Unavailable,https://www.vijaysales.com/p/236990/store-display-unit-acer-alg-al15g-52-gaming-laptop-12th-gen-intel-core-i5-16gb-ddr4-ram-512gb-ssd-156-inch-396-cm-fhd-display-144hz-4gb-nvidia-geforce-rtx-2050-graphics-bluetooth-52-backlight-keyboard-windows-11-ms-office-un34csi00w,https://vsprod.vijaysales.com/media/catalog/product/2/3/236990_1_.jpg,Electronics > Computers and Laptops > Laptops > Gaming Laptops,,
2026-02-02,2026-02-02 10:51:20,laptops,236789,HP Victus 13th Gen Gaming Laptop (Intel Core i5/ 16GB DDR4 RAM/ 512GB SSD/ NVIDIA GeForce RTX 3050 6GB Graphics/ 15.6 Inch (39.62 cm) 144 Hz Full HD Display/ Up to 8 Hours Battery/ Win 11/ MS-Office) 15-FA1198TX,HP,69990,93990,69990,Unavailable,https://www.vijaysales.com/p/236789/hp-victus-13th-gen-gaming-laptop-intel-core-i5-16gb-ddr4-ram-512gb-ssd-nvidia-geforce-rtx-3050-6gb-graphics-15-6-inch-39-62-cm-144-hz-full-hd-display-up-to-8-hours-battery-win-11-ms-office-15-fa1198tx,https://vsprod.vijaysales.com/media/catalog/product/2/3/236789_7_.jpg,Electronics > Computers and Laptops > Laptops > Gaming Laptops,,
2026-02-02,2026-02-02 10:51:20,laptops,236452,Store Display Unit - Dell Vostro 3520 Laptop (Intel Core i3 12th Gen/ 8GB RAM/ 512GB SSD/ 15.6 inch (39.62 cm) FHD Display/ Intel UHD Graphics/ Windows 11/ MS-Office) VN3520VMN67002ORG1,Dell,34000,48500,34000,Unavailable,https://www.vijaysales.com/p/236452/store-display-unit-dell-vostro-3520-laptop-intel-core-i3-12th-gen-8gb-ram-512gb-ssd-156-inch-3962-cm-fhd-display-intel-uhd-graphics-windows-11-ms-office-vn3520vmn67002org1,https://vsprod.vijaysales.com/media/catalog/product/2/3/236452_1_.jpg,Electronics > Computers and Laptops > Laptops > Laptops,,
2026-02-02,2026-02-02 10:51:20,laptops,235844,Dell Inspiron 7440 2 in 1 Laptop (13th Gen Intel Core i5-1334U/ 16GB DDR5 RAM/ 512GB SSD/ 14 Inch (35.56 cm) FHD+ Display/ Intel® Iris® Xe Graphics/ Fingerprint Reader/ Windows 11/ MS-Office) OIC7440134501RINU1,Dell,78000,85500,78000,Unavailable,https://www.vijaysales.com/p/235844/dell-inspiron-7440-2-in-1-laptop-13th-gen-intel-core-i5-1334u-16gb-ddr5-ram-512gb-ssd-14-inch-35-56-cm-fhd-display-intelr-irisr-xe-graphics-fingerprint-reader-windows-11-ms-office-oic7440134501rinu1,https://vsprod.vijaysales.com/media/catalog/product/2/3/235844_1.jpg,Electronics > Computers and Laptops > Laptops > 2 in 1 Laptops,,
2026-02-02,2026-02-02 10:51:20,laptops,235736,Acer Swift Go Laptop (Intel Core Ultra 5/ 16GB RAM/ 512 GB SSD/ 14 Inch (35.56 cm) OLED WUXGA Display/ Intel ARC Graphics/ Win 11/ MS-Office) NX.J2BSI.002,Acer,76990,106990,76990,Available,https://www.vijaysales.com/p/235736/acer-swift-go-laptop-intel-core-ultra-5-16gb-ram-512-gb-ssd-14-inch-35-56-cm-oled-wuxga-display-intel-arc-graphics-win-11-ms-office-nx-j2bsi-002,https://vsprod.vijaysales.com/media/catalog/product/2/3/235736_1_.jpg,Electronics > Computers and Laptops > Laptops > Laptops,,
2026-02-02,2026-02-02 10:51:20,laptops,235666,Dell Inspiron 14 Laptop (Qualcomm Snapdragon X Plus/ 16GB LPDDR5X RAM/ 512GB SSD/ 14 Inch (35.56 cm) FHD Plus IPS Display/ Qualcomm Adreno Graphics/ Win 11/ MS-Office) OIN5441100101RING1,Dell,77990,105999,77990,Available,https://www.vijaysales.com/p/235666/dell-inspiron-14-laptop-qualcomm-snapdragon-x-plus-16gb-lpddr5x-ram-512gb-ssd-14-inch-35-56-cm-fhd-plus-ips-display-qualcomm-adreno-graphics-win-11-ms-office-oin5441100101ring1,https://vsprod.vijaysales.com/media/catalog/product/2/3/235666_1_.jpg,Electronics > Computers and Laptops > Laptops > Laptops,,
2026-02-02,2026-02-02 10:51:20,laptops,235154,Dell G15 Gaming Laptop (13th Gen Core i7/ 16 GB RAM/ 512GB SSD/ 15.6 inch (39.62cm)/ NVIDIA 6GB Graphics/ Win 11/ Office) OGN5530112201RIN,Dell,91990,107499,91990,Available,https://www.vijaysales.com/p/235154/dell-g15-gaming-laptop-13th-gen-core-i7-16-gb-ram-1tb-ssd-15-6-inch-39-62cm-nvidia-6gb-graphics-win-11-office-ogn5530112201rin,https://vsprod.vijaysales.com/media/catalog/product/2/3/235154_1.jpg,Electronics > Computers and Laptops > Laptops > Gaming Laptops,,
2026-02-02,2026-02-02 10:51:20,laptops,235152,Dell G15-5530 13th Gen Gaming Laptop (Intel Core i5-13450HX/ 16GB DDR5 RAM/ 512GB SSD/ NVIDIA RTX 3050 (6GB GDDR6)/ 15.6 Inch (39.62cm) FHD 120Hz Display/ Backlit Keyboard 4-Zone RGB/ Win 11/ MS-Office) OGN55301124G01RIN(5530),Dell,75490,89499,75490,Unavailable,https://www.vijaysales.com/p/235152/dell-g15-5530-13th-gen-gaming-laptop-intel-core-i5-13450hx-16gb-ddr5-ram-512gb-ssd-nvidia-rtx-3050-6gb-gddr6-15-6-inch-39-62cm-fhd-120hz-display-backlit-keyboard-4-zone-rgb-win-11-ms-office-ogn55301124g01rin-5530,https://vsprod.vijaysales.com/media/catalog/product/2/3/235152_1_.jpg,Electronics > Computers and Laptops > Laptops > Gaming Laptops,,
2026-02-02,2026-02-02 10:51:20,laptops,235135,HP 15 Laptop (AMD Ryzen 5/ 16GB RAM/ 512GB SSD/ 15.6 inch (39.6 cm) FHD Display/ AMD Radeon Graphics/ Win 11) 15-fc0156AU,HP,41990,56000,41990,Unavailable,https://www.vijaysales.com/p/235135/hp-15-laptop-amd-ryzen-5-16gb-ram-512gb-ssd-15-6-inch-39-6-cm-fhd-display-amd-radeon-graphics-win-11-15-fc0156au,https://vsprod.vijaysales.com/media/catalog/product/2/3/235135_3_.jpg,Electronics > Computers and Laptops > Laptops > Laptops,,
2026-02-02,2026-02-02 10:51:20,laptops,234980,Dell Inspiron 14 Plus Laptop (Intel Core Ultra 7/ 16GB RAM/ 1TB Storage/ 14 Inch (35.56 cm) Display/ Intel Arc Graphics/ Win 11/ MS-Office) OIN74402204A1RINU1,Dell,97990,115000,97990,Available,https://www.vijaysales.com/p/234980/dell-inspiron-14-plus-laptop-intel-core-ultra-7-16gb-ram-1tb-storage-14-inch-35-56-cm-display-intel-arc-graphics-win-11-ms-office-oin74402204a1rinu1-7440,https://vsprod.vijaysales.com/media/catalog/product/2/3/234980_1_.jpg,Electronics > Computers and Laptops > Laptops > Laptops,,
2026-02-02,2026-02-02 10:51:20,laptops,234861,Store Display Unit - HP 14 Laptop (AMD Ryzen 3/ 8GB RAM/ 512 SSD/ 14 inch (35.6 cm) FHD Display/ Thin & Light/ AMD Radeon Graphics/ Win 11/ MS Office) 14-em0025AU,HP,32000,45000,32000,Unavailable,https://www.vijaysales.com/p/234861/hp-14-laptop-amd-ryzen-3-8gb-ram-512-ssd-14-inch-35-6-cm-fhd-display-thin-light-amd-radeon-graphics-win-11-ms-office-14-em0025au,https://vsprod.vijaysales.com/media/catalog/product/2/3/234861.jpg,Electronics > Computers and Laptops > Laptops > Laptops,,
2026-02-02,2026-02-02 10:51:20,laptops,234770,Dell G15-5530 Gaming Laptop (13th Gen Intel Core i7-13650HX/ 16GB DDR5 RAM/ 1TB SSD/ 15.6 Inch (39.62 cm) FHD Display/ 6GB-NVIDIA GeForce RTX 3050 Graphics/ Windows 11/ MS-Office) OGN55301123G01RIN,Dell,93990,130000,93990,Unavailable,https://www.vijaysales.com/p/234770/dell-g15-5530-gaming-laptop-13th-gen-intel-core-i7-13650hx-16gb-ddr5-ram-1tb-ssd-15-6-inch-39-62-cm-fhd-display-6gb-nvidia-geforce-rtx-3050-graphics-windows-11-ms-office-ogn55301123g01rin,https://vsprod.vijaysales.com/media/catalog/product/2/3/234770_1.jpg,Electronics > Computers and Laptops > Laptops > Gaming Laptops,,
2026-02-02,2026-02-02 10:51:20,laptops,234768,Store Display Unit - Dell Inspiron Laptop (Intel Core Ultra 5 14th Gen/ 16GB RAM/ 512GB SSD/ 13.3 Inch QHD Plus Display/ Intel Arc Graphics/ Win 11/ MS-Office) IN5330NT1NM001ORS1,Dell,79990,112000,79990,Unavailable,https://www.vijaysales.com/p/234768/dell-inspiron-laptop-intel-core-ultra-5-14th-gen-16gb-ram-512gb-ssd-13-3-inch-qhd-plus-display-intel-arc-graphics-win-11-ms-office-in5330nt1nm001ors1-5330,https://vsprod.vijaysales.com/media/catalog/product/2/3/234768_1_.jpg,Electronics > Computers and Laptops > Laptops > Laptops,,
2026-02-02,2026-02-02 10:51:20,laptops,234754,Dell Inspiron 5430 13th Gen Laptop (Intel Core i5-1335U/ 8GB LPDDR5 RAM/ 512GB SSD/ 14 Inch (35.56 cm) FHD+ Display/ Intel Iris XE Graphics/ Win 11/ MS-Office) IN5430FR0KC001ORS1(5430),Dell,58990,70000,58990,Available,https://www.vijaysales.com/p/234754/dell-inspiron-5430-13th-gen-laptop-intel-core-i5-1335u-8gb-lpddr5-ram-512gb-ssd-14-inch-35-56-cm-fhd-display-intel-iris-xe-graphics-win-11-ms-office-in5430fr0kc001ors1-5430,https://vsprod.vijaysales.com/media/catalog/product/2/3/234754_1_.jpg,Electronics > Computers and Laptops > Laptops > Laptops,,
2026-02-02,2026-02-02 10:51:20,laptops,232252,Acer NITRO V ANV15-41 Gaming Laptop (AMD Ryzen 7/ 16GB RAM/ 512GB SSD/ 15.6 inch (39.6 cm) Full HD Display/ NVIDIA GeForce RTXTM 4050 6GB Graphics/ Windows 11/ MS-Office) UN.QPESI.002,Acer,80990,106999,80990,Unavailable,https://www.vijaysales.com/p/232252/acer-nitro-v-anv15-41-gaming-laptop-amd-ryzen-7-16gb-ram-512gb-ssd-15-6-inch-39-6-cm-full-hd-display-nvidia-geforce-rtxtm-4050-6gb-graphics-windows-11-ms-office-un-qpesi-002,https://vsprod.vijaysales.com/media/catalog/product/2/3/232252_1_.jpg,Electronics > Computers and Laptops > Laptops > Gaming Laptops,,
2026-02-02,2026-02-02 10:51:20,laptops,232012,Store Display Unit - Dell Inspiron 3530 Thin & Light Laptop (13th Gen Intel Core i5/ 16GB RAM/ 512GB SSD/ 15.6 inch/ Intel UHD Graphics/ Win 11/ Office) OIN353034071RINS1M,Dell,54990,66999,54990,Available,https://www.vijaysales.com/p/232012/store-display-unit-dell-inspiron-3530-thin-and-light-laptop-13th-gen-intel-core-i5-16gb-ram-512gb-ssd-156-inch-intel-uhd-graphics-win-11-office-oin353034071rins1m,https://vsprod.vijaysales.com/media/catalog/product/2/3/232012-image.jpg,Electronics > Computers and Laptops > Laptops > Laptops,,
2026-02-02,2026-02-02 10:51:20,laptops,232011,Dell Inspiron 14 Laptop (Core 3 Processor/ 8GB RAM/ 512GB SSD/ 14 inch (35.56 cm)/ Touchscreen/ Intel Graphics/ Win 11/ MS Office),Dell,62990,69990,62990,Available,https://www.vijaysales.com/p/232011/dell-inspiron-14-laptop-core-3-processor-8gb-ram-512gb-ssd-14-inch-35-56-cm-touchscreen-intel-graphics-win-11-ms-office,https://vsprod.vijaysales.com/media/catalog/product/2/3/232011-image.jpg,Electronics > Computers and Laptops > Laptops > Laptops,,
2026-02-02,2026-02-02 10:51:20,laptops,231498,Dell Inspiron 14 Plus Laptop with Snapdragon X Plus/ 16GB Ram/ 512GB SSD/ Qualcomm Adreno GPU/ 14 inch(35.56 cm) QHD Plus IPS Display/ (Ice Blue),Dell,99990,119990,99990,Available,https://www.vijaysales.com/p/231498/dell-inspiron-14-plus-laptop-with-snapdragon-x-plus-16gb-ram-512gb-ssd-qualcomm-adreno-gpu-14-inch-35-56-cm-qhd-plus-ips-display-ice-blue,https://vsprod.vijaysales.com/media/catalog/product/2/3/231498_2_.jpg,Electronics > Computers and Laptops > Laptops > Laptops,,
2026-02-02,2026-02-02 10:51:20,laptops,231497,"Store Display Unit - Dell Inspiron 15 Laptop (AMD Ryzen 5 7520U, 8 GB RAM, 512 GB SSD, 15.6 inch FHD (39.62cm) Display, Ideal for Students, Perfect for Learning and Productivity (Carbon Black)",Dell,37000,45000,37000,Unavailable,https://www.vijaysales.com/p/231497/store-display-unit-dell-inspiron-15-laptop-amd-ryzen-5-7520u-8-gb-ram-512-gb-ssd-156-inch-fhd-3962cm-display-ideal-for-students-perfect-for-learning-and-productivity-carbon-black,https://vsprod.vijaysales.com/media/catalog/product/2/3/231497-image.jpg,Electronics > Computers and Laptops > Laptops > Laptops,,
2026-02-02,2026-02-02 10:51:20,laptops,231166,Store Display Unit - HP Laptop 14 AI Laptop (Intel Core Ultra 5 125H/16GB RAM /512GB SSD /14 inch (35.6 cm)Intel Arc Graphics / Backlit KB / Win 11 / Silver)GR1022TU,HP,62990,81800,62990,Unavailable,https://www.vijaysales.com/p/231166/hp-laptop-14-ai-laptop-intel-core-ultra-5-125h-16gb-ram-512gb-ssd-14-inch-35-6-cm-intel-arc-graphics-backlit-kb-win-11-silver-gr1022tu,https://vsprod.vijaysales.com/media/catalog/product/2/3/231166_2_.jpg,Electronics > Computers and Laptops > Laptops > Laptops,,
2026-02-02,2026-02-02 10:51:20,laptops,231092,Microsoft Surface Pro (11th Edition) (Snapdragon X Elite (12 Core)/ 16GB RAM/ 1TB SSD/ 13 inch (33.02 cm) Qualcomm Adreno Graphics/ Win 11) ZIB-00031,Microsoft,178990,185999,178990,Available,https://www.vijaysales.com/p/231092/microsoft-surface-pro-laptop-11-snapdragon-x-elite-12-core-16gb-ram-1tb-ssd-13-inch-33-02-cm-qualcomm-adreno-graphics-win-11-zib-00031,https://vsprod.vijaysales.com/media/catalog/product/2/3/231092.jpg,Electronics > Computers and Laptops > Laptops > 2 in 1 Laptops,,
2026-02-02,2026-02-02 10:51:20,laptops,231091,Microsoft Surface Pro (11th Edition) (Snapdragon X Elite (12 Core)/ 16GB RAM/ 512GB SSD/ 13 inch (33.02 cm)Qualcomm Graphics/ Win 11) ZIA-00031,Microsoft,158990,165999,158990,Unavailable,https://www.vijaysales.com/p/231091/microsoft-surface-pro-laptop-11-snapdragon-x-elite-12-core-16gb-ram-512gb-ssd-13-inch-33-02-cm-qualcomm-adreno-graphics-win-11-zia-00031,https://vsprod.vijaysales.com/media/catalog/product/2/3/231092_1.jpg,Electronics > Computers and Laptops > Laptops > 2 in 1 Laptops,,
2026-02-02,2026-02-02 10:51:20,laptops,231090,Microsoft Surface Pro (11th Edition) (Snapdragon X Elite (12 Core)/ 16GB RAM/ 512GB SSD/ 13 inch (33.02 cm)Qualcomm Graphics/ Win 11) ZIA-00014,Microsoft,159990,165999,159990,Available,https://www.vijaysales.com/p/231090/microsoft-surface-pro-laptop-11-snapdragon-x-elite-12-core-16gb-ram-512gb-ssd-13-inch-33-02-cm-qualcomm-adreno-graphics-win-11-zia-00014,https://vsprod.vijaysales.com/media/catalog/product/2/3/231093_1.jpg,Electronics > Computers and Laptops > Laptops > 2 in 1 Laptops,,
2026-02-02,2026-02-02 10:51:20,laptops,231089,Microsoft Surface Pro (11th Edition) (Snapdragon X Plus (10 Core)/ 16GB RAM/ 512GB SSD/ 13 inch (33.02 cm) Qualcomm Graphics/ Win 11) ZHY-00032,Microsoft,129989,134999,129989,Available,https://www.vijaysales.com/p/231089/microsoft-surface-pro-laptop-11-snapdragon-x-plus-10-core-16gb-ram-512gb-ssd-13-inch-33-02-cm-qualcomm-adreno-graphics-win-11-zhy-00032,https://vsprod.vijaysales.com/media/catalog/product/2/3/231092_2.jpg,Electronics > Computers and Laptops > Laptops > 2 in 1 Laptops,,
2026-02-02,2026-02-02 10:51:20,laptops,231088,Microsoft Surface Pro (11th Edition) (Snapdragon X Plus (10 Core)/ 16GB RAM/ 512GB SSD/ 13 inch (33.02 cm) Qualcomm Graphics/ Win 11) ZHY-00014,Microsoft,130990,134999,130990,Available,https://www.vijaysales.com/p/231088/microsoft-surface-pro-laptop-11-snapdragon-x-plus-10-core-16gb-ram-512gb-ssd-13-inch-33-02-cm-qualcomm-adreno-graphics-win-11-zhy-00014,https://vsprod.vijaysales.com/media/catalog/product/2/3/231093_2.jpg,Electronics > Computers and Laptops > Laptops > 2 in 1 Laptops,,
2026-02-02,2026-02-02 10:51:20,laptops,231087,Microsoft Surface Pro (11th Edition) (Snapdragon X Plus (10 Core)/ 16GB RAM/ 256GB SSD/ 13 inch (33.02 cm) Qualcomm Graphics/ Win 11) ZHX-00014,Microsoft,111570,116999,111570,Available,https://www.vijaysales.com/p/231087/microsoft-surface-pro-laptop-11-snapdragon-x-plus-10-core-16gb-ram-256gb-ssd-13-inch-33-02-cm-qualcomm-adreno-graphics-win-11-zhx-00014,https://vsprod.vijaysales.com/media/catalog/product/2/3/231093_3.jpg,Electronics > Computers and Laptops > Laptops > 2 in 1 Laptops,,
2026-02-02,2026-02-02 10:51:20,laptops,230998,Store Display Unit - Dell Inspiron 15 Laptop (Intel Core i3 12th Gen / 8GB DDR4 RAM/ 512GB SSD/ 15.6 Inch (39.62 cm) Display/ Intel UHD Graphics/ Win 11/ MS-Office) OIN352010021RINB1M(3520),Dell,30000,42000,30000,Unavailable,https://www.vijaysales.com/p/230998/store-display-unit-dell-inspiron-15-laptop-intel-core-i3-12th-gen-8gb-ddr4-ram-512gb-ssd-156-inch-3962-cm-display-intel-uhd-graphics-win-11-ms-office-oin352010021rinb1m3520,https://vsprod.vijaysales.com/media/catalog/product/2/3/230998_3__2.jpg,Electronics > Computers and Laptops > Laptops > Laptops,,
2026-02-02,2026-02-02 10:51:20,laptops,230814,Store Display Unit - HP Pavilion 16 Laptop (Intel Core Ultra 5 processor/16GB RAM/512GB SSD/ 40.6 cm (16) diagonal WUXGA display/1080p FHD/Windows 11 Home/ Natural silver),HP,61500,89000,61500,Unavailable,https://www.vijaysales.com/p/230814/hp-pavilion-16-laptop-intel-core-ultra-5-processor-16gb-ram-512gb-ssd-40-6-cm-16-diagonal-wuxga-display-1080p-fhd-windows-11-home-natural-silver,https://vsprod.vijaysales.com/media/catalog/product/2/3/230814_13_.jpg,Electronics > Computers and Laptops > Laptops > Laptops,,
2026-02-02,2026-02-02 10:51:20,laptops,230559,Store Display Unit - Dell Inspiron 15 Laptop (12th Gen Core i5/ 8GB RAM/ 512GB SSD/ 15.6 inch/Intel UHD Graphics/ Win11/Full HD Display)10031RINS1M,Dell,46990,65100,46990,Available,https://www.vijaysales.com/p/230559/dell-inspiron-15-laptop-12th-gen-core-i5-8gb-ram-512gb-ssd-15-6-inch-intel-uhd-graphics-win11-full-hd-display-10031rins1m,https://vsprod.vijaysales.com/media/catalog/product/2/3/230559-image.jpg,Electronics > Computers and Laptops > Laptops > Laptops,,
2026-02-02,2026-02-02 10:51:20,laptops,230453,Dell Inspiron 14 Plus Laptop (Intel Core Ultra 7/ 16GB RAM/ 1TB SSD/ 14 inch (35.56 cm)/ Intel? Arc? Graphics/ Win 11/ MS Office) OIN7440220401RINU1,Dell,97990,129352,97990,Available,https://www.vijaysales.com/p/230453/dell-inspiron-14-plus-laptop-intel-core-ultra-7-16gb-ram-1tb-ssd-14-inch-35-56-cm-intel-arc-graphics-win-11-ms-office-oin7440220401rinu1,https://vsprod.vijaysales.com/media/catalog/product/3/0/306649_0_pmgimj_4.jpg,Electronics > Computers and Laptops > Laptops > Laptops,,
2026-02-02,2026-02-02 10:51:20,laptops,230212,Store Display Unit - ASUS Vivobook 16 (12th Gen Core i5/ 16GB RAM/ 512GB SSD/ 16inch (40.64 cm)/ Intel Iris Xe Graphics/ Win 11/ MS Office) X1605ZAC-MB540WS,Asus,54990,72990,54990,Unavailable,https://www.vijaysales.com/p/230212/asus-vivobook-16-12th-gen-core-i5-16gb-ram-512gb-ssd-16inch-40-64-cm-intel-iris-xe-graphics-win-11-ms-office-x1605zac-mb540ws,https://vsprod.vijaysales.com/media/catalog/product/2/3/230212n.jpg,Electronics > Computers and Laptops > Laptops > Laptops,,
2026-02-02,2026-02-02 10:51:20,laptops,230119,Store Display Unit - Acer ALG Gaming Laptop (12th Gen Core i5 - 12450H Series/ 16 GB RAM/ 512 GB SSD/ 15.6 Inch (39.6cm) 144Hz Display/NVIDIA RTX 3050/ Win11/ MSO)UN.34CSI.00B,Acer,60000,95999,60000,Available,https://www.vijaysales.com/p/230119/store-display-unit-acer-alg-gaming-laptop-12th-gen-core-i5-12450h-series-16-gb-ram-512-gb-ssd-156-396cm144hz-displaynvidia-rtx-3050-win11-msoun34csi00b,https://vsprod.vijaysales.com/media/catalog/product/2/3/230119-image.jpg,Electronics > Computers and Laptops > Laptops > Gaming Laptops,,
2026-02-02,2026-02-02 10:51:20,laptops,229741,Asus ROG Strix G16 (Intel Core i7/ 16GB RAM/ 1TB SSD/ 16 Inch (40.64 cm) FHD Display/ 6GB RTX 4050 Graphics/ Windows 11/ MS Office) G614JU-N3200WS,Asus,113990,143990,122990,Unavailable,https://www.vijaysales.com/p/229741/asus-rog-strix-g16-intel-core-i7-16gb-ram-1tb-ssd-16-inch-40-64-cm-fhd-display-6gb-rtx-4050-graphics-windows-11-ms-office-g614ju-n3200w,https://vsprod.vijaysales.com/media/catalog/product/2/2/229741-image1.jpg,Electronics > Computers and Laptops > Laptops > Gaming Laptops,,
2026-02-02,2026-02-02 10:51:20,laptops,228908,HP Envy x360 2-in-1 Laptop (Intel Core Ultra 5/ 16GB RAM/ 512GB SSD/ 14 inch (35.6 cm) WUXGA Display/ Intel® Graphics/ Windows 11) 14-fc0123TU,HP,82000,110000,82000,Unavailable,https://www.vijaysales.com/p/228908/hp-envy-x360-2-in-1-laptop-intel-core-ultra-5-16gb-ram-512gb-ssd-14-inch-35-6-cm-wuxga-display-intel-graphics-windows-11-14-fc0123tu,https://vsprod.vijaysales.com/media/catalog/product/2/2/228908-image1.jpg,Electronics > Computers and Laptops > Laptops > Convertible Laptops,,
2026-02-02,2026-02-02 10:51:20,laptops,228905,HP Victus Gaming Laptop (13th Gen Core i5/ 16GB RAM/ 512GB SSD/ 15.6 inch (39.62 cm) Display/ 6GB RTX 4050 Graphics/ Windows 11) 15-fa1279TX,HP,72990,96000,72990,Unavailable,https://www.vijaysales.com/p/228905/hp-victus-gaming-laptop-13th-gen-core-i5-16gb-ram-512gb-ssd-15-6-inch-39-62-cm-display-8gb-rtx-4050-graphics-win-11-ms-office-15-fa1279tx,https://vsprod.vijaysales.com/media/catalog/product/2/2/228905-image1.jpg,Electronics > Computers and Laptops > Laptops > Gaming Laptops,,
2026-02-02,2026-02-02 10:51:20,laptops,227820,Store Display Unit - Lenovo LOQ 15IAX9 Gaming Laptop (12th Gen Core i5/ 12GB RAM/ 512GB SSD/ 15.6 Inch (39.62 cm)/ 4GB RTX 2050 Graphics/ Win 11/ MS Office) 83GS008BIN,Lenovo,51000,91990,51000,Unavailable,https://www.vijaysales.com/p/227820/lenovo-loq-15iax9-gaming-laptop-12th-gen-core-i5-12gb-ram-512gb-ssd-15-6-inch-39-62-cm-4gb-rtx-2050-graphics-win-11-ms-office-83gs008bin,https://vsprod.vijaysales.com/media/catalog/product/2/2/227820-image1_1.jpg,Electronics > Computers and Laptops > Laptops > Gaming Laptops,,
2026-02-02,2026-02-02 10:51:20,laptops,227556,"Dell Inspiron 15 3530 Laptop - Powerful 15.6 inch FHD (39.62cm) Display, Intel Core i7-1355U, 16 GB RAM, 512 GB SSD, Windows 11 Home, Platinum Silver, Thin and Light, Ideal for Data Mavens",Dell,67500,77000,67500,Unavailable,https://www.vijaysales.com/p/227556/dell-inspiron-15-laptop-13th-gen-core-i7-16gb-ram-512gb-ssd-15-6-inch-39-62-cm-intel-iris-xe-graphics-win-11-ms-office-oin353010031rins1m,https://vsprod.vijaysales.com/media/catalog/product/2/2/227556-image1.jpg,Electronics > Computers and Laptops > Laptops > Laptops,,
2026-02-02,2026-02-02 10:51:20,laptops,227549,HP Envy x360 2-in-1 Laptop (Intel Core Ultra 7/ 16GB RAM/ 512GB SSD/ 14 inch (35.6 cm) Display/ Intel® Graphics/ Windows 11) 14-fc0125TU,HP,94990,123800,94990,Available,https://www.vijaysales.com/p/227549/hp-envy-x360-2-in-1-laptop-intel-core-ultra-5-16gb-ram-512gb-ssd-14-inch-35-6-cm-display-intel-graphics-windows-11-14-fc0125tu,https://vsprod.vijaysales.com/media/catalog/product/2/2/227549-image1_2.jpg,Electronics > Computers and Laptops > Laptops > Convertible Laptops,,
2026-02-02,2026-02-02 10:51:20,laptops,227514,Store Display Unit - Acer Swift Go 14 AI Laptop (Intel Core Ultra 5/ 16GB RAM/ 512GB SSD/ 14 inch (35.56 cm) OLED Display/ Intel ARC Graphics/ Windows 11) NX.KSGSI.001,Acer,73000,109990,73000,Available,https://www.vijaysales.com/p/227514/acer-swift-go-14-intel-core-ultra-5-16gb-ram-512gb-ssd-14-inch-35-56-cm-oled-display-intel-arc-graphics-windows-11-nx-ksgsi-001,https://vsprod.vijaysales.com/media/catalog/product/2/2/227514-image1_1.jpg,Electronics > Computers and Laptops > Laptops > Laptops,,
2026-02-02,2026-02-02 10:51:20,laptops,227333,HP Pavilion Plus Laptop (13th Gen Core i5/ 16 GB RAM/ 512 GB SSD/ 14 inch (35.56 cm)/ Intel® Iris® Xe Graphics/ Win 11) 14-ew0116TU,HP,69490,82900,69490,Available,https://www.vijaysales.com/p/227333/hp-pavilion-plus-laptop-13th-gen-core-i5-16-gb-ram-512-gb-ssd-14-inch-35-56-cm-intel-iris-xe-graphics-win-11-14-ew0116tu,https://vsprod.vijaysales.com/media/catalog/product/2/2/227333-image1_2.jpg,Electronics > Computers and Laptops > Laptops > Laptops,,
2026-02-02,2026-02-02 10:51:20,laptops,225704,Store Display Unit - Acer Aspire Lite 15-52 Laptop (12th Gen Core i5/ 16GB RAM/ 512GB SSD/ Intel Iris Xe Graphics/ Windows 11) UN431SI343,Acer,44000,67990,44000,Available,https://www.vijaysales.com/p/225704/store-display-unit-acer-aspire-lite-15-52-laptop-12th-gen-core-i5-16gb-ram-512gb-ssd-intel-iris-xe-graphics-windows-11-un431si343,https://vsprod.vijaysales.com/media/catalog/product/2/2/225704-image1_1.jpg,Electronics > Computers and Laptops > Laptops > Laptops,,
2026-02-02,2026-02-02 10:51:20,laptops,225491,Store Display Unit - HP Spectre x360 2024 2-in1 Laptop (Intel Core Ultra 7/ 32GB RAM/ 1TB SSD/ 14 inch (35.6 cm) Display/ Intel ARC Graphics/ Win11/ MSO) 14-EU0556TU,HP,160000,185000,160000,Available,https://www.vijaysales.com/p/225491/hp-spectre-x360-2-in1-laptop-intel-core-ultra-7-32gb-ram-1tb-ssd-14-inch-35-6-cm-display-intel-arc-graphics-win-11-office-14-eu0556tu,https://vsprod.vijaysales.com/media/catalog/product/2/2/225491-image1_1.jpg,Electronics > Computers and Laptops > Laptops > Convertible Laptops,,
2026-02-02,2026-02-02 10:51:20,laptops,225311,"Store Display Unit - Acer Nitro V Gaming Laptop (13th Gen Core i5/ 16GB RAM/ 512GB SSD/ 15.6""(39.62 cm)/ NVIDIA GeForce RTX 3050 Graphics/ Win 11/ MSOffice) UNQN9SI003",Acer,62000,92990,62000,Available,https://www.vijaysales.com/p/225311/acer-nitro-v-gaming-laptop-13th-gen-core-i5-16gb-ram-512gb-ssd-15-6-39-62-cm-nvidia-geforce-rtx-3050-graphics-win-11-msoffice-unqn9si003,https://vsprod.vijaysales.com/media/catalog/product/2/2/225311-image1_1.jpg,Electronics > Computers and Laptops > Laptops > Gaming Laptops,,
2026-02-02,2026-02-02 10:51:20,laptops,220211,HP Pavilion x360 (13th Gen Core i5 / 16 GB/ 512 GB SSD / 14 inch (35.6 cm)/ HP Fast Charge/Intel UHD Graphics/ Win 11/ MSOffice) 14ek1074TU,HP,63990,90486,63990,Unavailable,https://www.vijaysales.com/p/220211/hp-pavilion-x360-2-in-1-13th-gen-core-i5-16-gb-512-gb-ssd-14-inch-35-6-cm-intel-uhd-graphics-windows-11-ms-office-14-ek1074tu,https://vsprod.vijaysales.com/media/catalog/product/2/2/220211-image1.jpg,Electronics > Computers and Laptops > Laptops > Convertible Laptops,,
2026-02-02,2026-02-02 10:51:20,laptops,219825,Store Display Unit - Lenovo IdeaPad Slim 5 14IRL8 (13th Gen Core i5 / 16 GB/ 512 GB SSD/ 14 inch (35.56 cm)/ Intel UHD Graphics/ Windows 11/ MS Office/ 82XD003PIN),Lenovo,59999,100690,59999,Unavailable,https://www.vijaysales.com/p/219825/lenovo-ideapad-slim-5-14irl8-13th-gen-core-i5-16-gb-512-gb-ssd-14-inch-35-56-cm-intel-uhd-graphics-windows-11-ms-office-82xd003pin,https://vsprod.vijaysales.com/media/catalog/product/2/1/219825-image1_1.jpg,Electronics > Computers and Laptops > Laptops > Laptops,,
2026-02-02,2026-02-02 10:51:20,laptops,218732,Store Display Unit - Dell Inspiron 3530 Laptop (13th Gen Intel i5 / 8GB RAM/ 512GB SSD/ 15.6 inch (39.62cm) Display/ Intel UHD Graphics/ Win 11/ Office) IN3530NM1NN001ORS,Dell,49790,81999,49790,Available,https://www.vijaysales.com/p/218732/store-display-unit-dell-inspiron-3530-laptop-13th-gen-intel-i5-8gb-ram-512gb-ssd-156-inch-3962cm-display-intel-uhd-graphics-win-11-office-in3530nm1nn001ors,https://vsprod.vijaysales.com/media/catalog/product/2/1/218732-image1_1.jpg,Electronics > Computers and Laptops > Laptops > Laptops,,
2026-02-02,2026-02-02 10:51:20,laptops,218313,Store Display Unit - HP Pavilion 15 Laptop (13th Gen Intel Core i5 / 16 GB RAM/ 512 GB SSD/ 15.6 inch (39.6 cm) Display/ Intel Iris Xe Graphics/ Win 11/ Office) EG3081TU,HP,59490,84834,59490,Available,https://www.vijaysales.com/p/218313/hp-pavilion-15-eg3081tu-laptop-13th-gen-intel-core-i5-16-gb-ram-512-gb-ssd-15-6-inch-39-6-cm-display-intel-iris-xe-graphics-win-11-office,https://vsprod.vijaysales.com/media/catalog/product/2/1/218313-image1_1.jpg,Electronics > Computers and Laptops > Laptops > Laptops,,
2026-02-02,2026-02-02 10:51:20,laptops,218180,Store Display Unit HP Victus Gaming Laptop (12th Gen Core i5 / 16GB RAM/ 512 GB SSD/ 15.6 inch ( 39.62 cm) 144 Hz Display / 4 GB RTX Graphics/ Win11/ MSOffice)15-fa0998T,HP,62999,108000,62999,Unavailable,https://www.vijaysales.com/p/218180/hp-victus-gaming-laptop-15-fa0998tx-12th-gen-core-i5-16gb-ram-512-gb-ssd-15-6-inch-39-62-cm-display-4-gb-rtx-graphics-win-11-office,https://vsprod.vijaysales.com/media/catalog/product/2/1/218180-image1_1.jpg,Electronics > Computers and Laptops > Laptops > Gaming Laptops,,
2026-02-02,2026-02-02 10:51:20,laptops,204097,Store Display Unit - HP 15s Laptop (12th Gen Intel Core i5 / 8 GB RAM / 512 GB SSD /15.6 inch (39.6 cm) FHD Display / Intel Iris Xe Graphic / Win 11/ MS-Office) 15sfr5007TU,HP,42000,68000,42000,Unavailable,https://www.vijaysales.com/p/204097/hp-15s-fr5007tu-laptop-12th-gen-intel-core-i5-8-gb-ram-512-gb-ssd-15-6-inch-39-6-cm-display-intel-iris-xe-graphic-win-11-mso,https://vsprod.vijaysales.com/media/catalog/product/2/0/204097-image1_2.jpg,Electronics > Computers and Laptops > Laptops > Laptops,,
2026-02-02,2026-02-02 10:51:20,laptops,203152,"TP-Link USB Bluetooth Adapter for PC, 5.3 Bluetooth Dongle Receiver (UB500) Supports Windows 11/10/8.1/7 for Desktop, Laptop, Mouse, Keyboard, Printers, Headsets, Speakers, PS4/ Xbox Controllers.",TP-Link,599,899,599,Available,https://www.vijaysales.com/p/203152/tp-link-ub500-bluetooth-5-0-nano-usb-adapter-works-with-win-7-win-8-1-and-win-10,https://vsprod.vijaysales.com/media/catalog/product/2/0/203152-image1.jpg,Electronics > Computers and Laptops > Networking > Wireless USB Adapters,,
2026-02-02,2026-02-02 10:51:20,laptops,226924,HP All-in-One Desktop (13th Gen Core i3/ 8GB RAM/ 512GB SSD/ 27 inch (68.6 cm)/ Intel UHD Graphics/ Windows 11/ MS Office) 27CR0345IN,HP,52999,63000,52999,Unavailable,https://www.vijaysales.com/p/226924/hp-all-in-one-desktop-13th-gen-core-i3-8gb-ram-512gb-ssd-27-inch-68-6-cm-intel-uhd-graphics-windows-11-ms-office-27cr0345in,https://vsprod.vijaysales.com/media/catalog/product/2/2/226924-image1_1.jpg,Electronics > Computers and Laptops > Desktops > Desktop,,
2026-02-02,2026-02-02 10:51:20,laptops,225382,Lenovo Idea Centre All-in-One F0GJ00QPIN Desktop (16GB RAM / 1TB SSD/ 27 inch (68.58 cm) FHD IPS Display / Intel UHD Graphics / Windows 11),Lenovo,63999,83000,63999,Unavailable,https://www.vijaysales.com/p/225382/lenovo-idea-centre-all-in-one-f0gj00qpin-desktop-16gb-ram-1tb-ssd-27-inch-68-58-cm-fhd-ips-display-intel-uhd-graphics-windows-11,https://vsprod.vijaysales.com/media/catalog/product/2/2/225382-image1_1.jpg,Electronics > Computers and Laptops > Desktops > Desktop,,
2026-02-02,2026-02-02 10:51:20,laptops,220804,Lenovo Idea Centre All-in-One F0GJ00C2IN Desktop (8GB RAM / 512 SSD/ 27 inch (68.58 cm) FHD Display / Intel UHD Graphics / Windows 11),Lenovo,47499,64000,47499,Unavailable,https://www.vijaysales.com/p/220804/lenovo-idea-centre-all-in-one-f0gj00c2in-desktop-8gb-ram-512-ssd-27-inch-68-58-cm-fhd-display-intel-uhd-graphics-windows-11,https://vsprod.vijaysales.com/media/catalog/product/2/2/220804_1_.jpg,Electronics > Computers and Laptops > Desktops > Desktop,,
2026-02-02,2026-02-02 10:51:20,laptops,235461,Apple MU9D3HN/A Mac Mini (Apple M4 Chip/ 10-Core CPU/ 10-Core GPU/ 16GB RAM/ 256GB SSD/ macOS),Apple,56900,59900,56900,Available,https://www.vijaysales.com/p/P235461/235461/apple-mu9d3hna-mac-mini-apple-m4-chip-10-core-cpu-10-core-gpu-16gb-ram-256gb-ssd-macos,https://vsprod.vijaysales.com/media/catalog/product/p/r/product_size_template_3__1.jpg,Electronics > Computers and Laptops > Desktops > iMac,,
2026-02-02,2026-02-02 10:51:20,laptops,235462,Apple MU9E3HN/A Mac Mini (Apple M4 Chip/ 10-Core CPU/ 10-Core GPU/ 16GB RAM/ 512GB SSD/ macOS),Apple,75900,79900,75900,Available,https://www.vijaysales.com/p/P235461/235462/apple-mu9e3hn-a-mac-mini-apple-m4-chip-10-core-cpu-10-core-gpu-16gb-ram-512gb-ssd-macos,https://vsprod.vijaysales.com/media/catalog/product/p/r/product_size_template_3_.jpg,Electronics > Computers and Laptops > Desktops > iMac,,
2026-02-02,2026-02-02 10:51:20,laptops,235522,Store Display Unit - Apple MU9E3HN/A Mac Mini (Apple M4 Chip/ 10-Core CPU/ 10-Core GPU/ 16GB RAM/ 256GB SSD/ macOS) 1 Year Onsite Go Warranty ,Apple,56900,59900,56900,Unavailable,https://www.vijaysales.com/p/235522/store-display-unit-apple-mu9e3hna-mac-mini-apple-m4-chip-10-core-cpu-10-core-gpu-16gb-ram-256gb-ssd-macos-1-year-onsite-go-warranty,https://vsprod.vijaysales.com/media/catalog/product/p/r/product_size_template_3__1_2.jpg,Electronics > Computers and Laptops > Desktops > iMac,,
2026-02-02,2026-02-02 10:51:20,laptops,235460,Apple MCYT4HN/A Mac Mini (Apple M4 Chip/ 10-Core CPU/ 10-Core GPU/ 24GB RAM/ 512GB SSD/ macOS),Apple,94900,99900,94900,Unavailable,https://www.vijaysales.com/p/235460/apple-mu9e3hn-a-mac-mini-apple-m4-chip-10-core-cpu-10-core-gpu-24gb-ram-512gb-ssd-macos,https://vsprod.vijaysales.com/media/catalog/product/p/r/product_size_template_3__2.jpg,Electronics > Computers and Laptops > Desktops > iMac,,
2026-02-02,2026-02-02 10:51:20,laptops,235437,Store Display Unit - Apple iMac (10-Core Apple M4 Chip/ 4 Ports/ 16 GB RAM/ 256 GB SSD/ 60.96 cm (24 inch) Display/ macOS) MWV13HN/A (1 Year Onsite Go Warranty),Apple,147000,154900,147000,Available,https://www.vijaysales.com/p/235437/store-display-unit-apple-imac-10-core-apple-m4-chip-4-ports-16-gb-ram-256-gb-ssd-60-96-cm-24-inch-display-macos-mwv13hn-a-1-year-onsite-go-warranty,https://vsprod.vijaysales.com/media/catalog/product/2/3/235437_1.jpeg,Electronics > Computers and Laptops > Desktops > iMac,,
2026-02-02,2026-02-02 10:51:20,laptops,235433,Apple iMac (Apple M4 Chip/ 10-core CPU/ 16GB RAM/ 256GB SSD/ 24-inch (60.96 cm) 4.5K Retina display / 10-core GPU/ macOS/ Blue),Apple,139490,154900,139490,Unavailable,https://www.vijaysales.com/p/235433/apple-imac-apple-m4-chip-10-core-cpu-16gb-ram-256gb-ssd-24-inch-60-96-cm-4-5k-retina-display-10-core-gpu-macos-blue,https://vsprod.vijaysales.com/media/catalog/product/2/3/235433_1_.jpg,Electronics > Computers and Laptops > Desktops > iMac,,
2026-02-02,2026-02-02 10:51:20,laptops,230869,Store Display Unit - Apple iMac (8-core Apple M3 chip/ 8 GB RAM/ 256 GB SSD/ 24-inch (60.96 cm) Display/ 10 core GPU/ macOS) MQRQ3HN/A (1 Year Onsite Go Warranty),Apple,99990,154900,99990,Unavailable,https://www.vijaysales.com/p/230869/store-display-unit-apple-imac-8-core-apple-m3-chip-8-gb-ram-256-gb-ssd-24-inch-60-96-cm-display-10-core-gpu-macos-mqrq3hn-a-1-year-onsite-go-warranty,https://vsprod.vijaysales.com/media/catalog/product/2/3/230869n1.jpg,Electronics > Computers and Laptops > Desktops > iMac,,
2026-02-02,2026-02-02 10:51:20,laptops,222927,Apple iMac (Apple M3 Chip/ 8-core CPU/ 8GB RAM/ 512GB SSD/ 24-inch (60.96 cm) 4.5K Retina display / 10-core GPU/ macOS/ Pink),Apple,174900,174900,174900,Unavailable,https://www.vijaysales.com/p/222927/apple-imac-apple-m3-chip-8-core-cpu-8gb-ram-512gb-ssd-24-inch-60-96-cm-4-5k-retina-display-10-core-gpu-macos-pink,https://vsprod.vijaysales.com/media/catalog/product/2/2/222927-image1_1.jpg,Electronics > Computers and Laptops > Desktops > iMac,,
2026-02-02,2026-02-02 10:51:20,laptops,222926,Apple iMac (Apple M3 Chip/ 8-core CPU/ 8GB RAM/ 512GB SSD/ 24-inch (60.96 cm) 4.5K Retina display / 10-core GPU/ macOS/ Blue),Apple,166890,174900,166890,Unavailable,https://www.vijaysales.com/p/222926/apple-imac-apple-m3-chip-8-core-cpu-8gb-ram-512gb-ssd-24-inch-60-96-cm-4-5k-retina-display-10-core-gpu-macos-blue,https://vsprod.vijaysales.com/media/catalog/product/2/2/222926-image1_1.jpg,Electronics > Computers and Laptops > Desktops > iMac,,
2026-02-02,2026-02-02 10:51:20,laptops,222925,Apple iMac (Apple M3 Chip/ 8-core CPU/ 8GB RAM/ 512GB SSD/ 24-inch (60.96 cm) 4.5K Retina display / 10-core GPU/ macOS/ Green),Apple,174900,174900,174900,Unavailable,https://www.vijaysales.com/p/222925/apple-imac-apple-m3-chip-8-core-cpu-8gb-ram-512gb-ssd-24-inch-60-96-cm-4-5k-retina-display-10-core-gpu-macos-green,https://vsprod.vijaysales.com/media/catalog/product/2/2/222925-image1_1.jpg,Electronics > Computers and Laptops > Desktops > iMac,,
2026-02-02,2026-02-02 10:51:20,laptops,222924,Apple iMac (Apple M3 Chip/ 8-core CPU/ 8GB RAM/ 512GB SSD/ 24-inch (60.96 cm) 4.5K Retina display / 10-core GPU/ macOS/ Silver),Apple,167990,174900,167990,Unavailable,https://www.vijaysales.com/p/222924/apple-imac-apple-m3-chip-8-core-cpu-8gb-ram-512gb-ssd-24-inch-60-96-cm-4-5k-retina-display-10-core-gpu-macos-silver,https://vsprod.vijaysales.com/media/catalog/product/2/2/222924-image1_1.jpg,Electronics > Computers and Laptops > Desktops > iMac,,
2026-02-02,2026-02-02 10:51:20,laptops,222923,Apple iMac (Apple M3 Chip/ 8-core CPU/ 8GB RAM/ 256GB SSD/ 24-inch (60.96 cm) 4.5K Retina display / 10-core GPU/ macOS/ Pink),Apple,154900,154900,154900,Unavailable,https://www.vijaysales.com/p/222923/apple-imac-apple-m3-chip-8-core-cpu-8gb-ram-256gb-ssd-24-inch-60-96-cm-4-5k-retina-display-10-core-gpu-macos-pink,https://vsprod.vijaysales.com/media/catalog/product/2/2/222923-image1_1.jpg,Electronics > Computers and Laptops > Desktops > iMac,,
2026-02-02,2026-02-02 10:51:20,laptops,222922,Apple iMac 2024 (Apple M3 Chip/ 8-core CPU/ 8GB RAM/ 256GB SSD/ 24-inch (60.96 cm) 4.5K Retina display / 10-core GPU/ macOS/ Blue),Apple,120000,154900,120000,Unavailable,https://www.vijaysales.com/p/222922/apple-imac-apple-m3-chip-8-core-cpu-8gb-ram-256gb-ssd-24-inch-60-96-cm-4-5k-retina-display-10-core-gpu-macos-blue,https://vsprod.vijaysales.com/media/catalog/product/2/2/222922-image1_1.jpg,Electronics > Computers and Laptops > Desktops > iMac,,
2026-02-02,2026-02-02 10:51:20,laptops,222921,Apple iMac (Apple M3 Chip/ 8-core CPU/ 8GB RAM/ 256GB SSD/ 24-inch (60.96 cm) 4.5K Retina display / 10-core GPU/ macOS/ Green),Apple,154900,154900,154900,Unavailable,https://www.vijaysales.com/p/222921/apple-imac-apple-m3-chip-8-core-cpu-8gb-ram-256gb-ssd-24-inch-60-96-cm-4-5k-retina-display-10-core-gpu-macos-green,https://vsprod.vijaysales.com/media/catalog/product/2/2/222921-image1_1.jpg,Electronics > Computers and Laptops > Desktops > iMac,,
2026-02-02,2026-02-02 10:51:20,laptops,222920,Apple iMac (Apple M3 Chip/ 8-core CPU/ 8GB RAM/ 256GB SSD/ 24-inch (60.96 cm) 4.5K Retina display / 10-core GPU/ macOS/ Silver),Apple,139990,154900,139990,Unavailable,https://www.vijaysales.com/p/222920/apple-imac-apple-m3-chip-8-core-cpu-8gb-ram-256gb-ssd-24-inch-60-96-cm-4-5k-retina-display-10-core-gpu-macos-silver,https://vsprod.vijaysales.com/media/catalog/product/2/2/222920-image1_1.jpg,Electronics > Computers and Laptops > Desktops > iMac,,
2026-02-02,2026-02-02 10:51:20,laptops,222919,Apple iMac (Apple M3 Chip/ 8-core CPU/ 8GB RAM/ 256GB SSD/ 24-inch (60.96 cm) 4.5K Retina display / 8-core GPU/ macOS/ Pink),Apple,134900,134900,134900,Unavailable,https://www.vijaysales.com/p/222919/apple-imac-apple-m3-chip-8-core-cpu-8gb-ram-256gb-ssd-24-inch-60-96-cm-4-5k-retina-display-8-core-gpu-macos-pink,https://vsprod.vijaysales.com/media/catalog/product/2/2/222919-image1_1.jpg,Electronics > Computers and Laptops > Desktops > iMac,,
2026-02-02,2026-02-02 10:51:20,laptops,222918,Apple iMac (Apple M3 Chip/ 8-core CPU/ 8GB RAM/ 256GB SSD/ 24-inch (60.96 cm) 4.5K Retina display / 8-core GPU/ macOS/ Blue),Apple,134900,134900,134900,Unavailable,https://www.vijaysales.com/p/222918/apple-imac-apple-m3-chip-8-core-cpu-8gb-ram-256gb-ssd-24-inch-60-96-cm-4-5k-retina-display-8-core-gpu-macos-blue,https://vsprod.vijaysales.com/media/catalog/product/2/2/222918-image1_1.jpg,Electronics > Computers and Laptops > Desktops > iMac,,
2026-02-02,2026-02-02 10:51:20,laptops,222917,Apple iMac (Apple M3 Chip/ 8-core CPU/ 8GB RAM/ 256GB SSD/ 24-inch (60.96 cm) 4.5K Retina display / 8-core GPU/ macOS/ Green),Apple,134900,134900,134900,Unavailable,https://www.vijaysales.com/p/222917/apple-imac-apple-m3-chip-8-core-cpu-8gb-ram-256gb-ssd-24-inch-60-96-cm-4-5k-retina-display-8-core-gpu-macos-green,https://vsprod.vijaysales.com/media/catalog/product/2/2/222917-image1_1.jpg,Electronics > Computers and Laptops > Desktops > iMac,,
2026-02-02,2026-02-02 10:51:20,laptops,222916,Apple iMac (Apple M3 Chip/ 8-core CPU/ 8GB RAM/ 256GB SSD/ 24-inch (60.96 cm) 4.5K Retina display / 8-core GPU/ macOS/ Silver),Apple,110000,134900,110000,Unavailable,https://www.vijaysales.com/p/222916/apple-imac-apple-m3-chip-8-core-cpu-8gb-ram-256gb-ssd-24-inch-60-96-cm-4-5k-retina-display-8-core-gpu-macos-silver,https://vsprod.vijaysales.com/media/catalog/product/2/2/222916-image1_1.jpg,Electronics > Computers and Laptops > Desktops > iMac,,
2026-02-02,2026-02-02 10:51:20,laptops,214111,Store Display Unit - Apple iMac (8-core Apple M1 chip/ 8GB RAM / 256GB SSD / 24-inch (60.96 cm) 4.5K Retina display / 7-core GPU/ macOS) MJV93HN/A (1 Year Onsite Go Warranty),Apple,69990,119900,69990,Available,https://www.vijaysales.com/p/214111/store-display-unit-apple-imac-8-core-apple-m1-chip-8gb-ram-256gb-ssd-24-inch-60-96-cm-4-5k-retina-display-7-core-gpu-macos-mjv93hn-a-1-year-onsite-go-warranty,https://vsprod.vijaysales.com/media/catalog/product/2/1/214111_1_1_.jpg,Electronics > Computers and Laptops > Desktops > iMac,,
2026-02-02,2026-02-02 10:51:20,laptops,214105,Store Display Unit - Apple iMac 24 MGPK3HN/A (Apple M1 chip/ 8-core CPU / 8GB RAM / 256GB SSD / 24-inch (60.96 cm) 4.5K Retina display / 8-core GPU/ macOS ),Apple,74990,139900,74990,Unavailable,https://www.vijaysales.com/p/214105/store-display-unit-apple-imac-24-mgpk3hna-apple-m1-chip-8-core-cpu-8gb-ram-256gb-ssd-24-inch-6096-cm-45k-retina-display-8-core-gpu-macos,https://vsprod.vijaysales.com/media/catalog/product/1/8/184533-1_1__1.jpg,Electronics > Computers and Laptops > Desktops > iMac,,
2026-02-02,2026-02-02 10:51:20,laptops,184533,Store Display Unit - Apple iMac 24 MGPK3HN/A (Apple M1 chip/ 8-core CPU / 8GB RAM / 256GB SSD / 24-inch (60.96 cm) 4.5K Retina display / 8-core GPU/ macOS ),Apple,74990,139900,74990,Available,https://www.vijaysales.com/p/184533/store-display-unit-apple-imac-24-mgpk3hn-a-apple-m1-chip-8-core-cpu-8gb-ram-256gb-ssd-24-inch-60-96-cm-4-5k-retina-display-8-core-gpu-macos,https://vsprod.vijaysales.com/media/catalog/product/1/8/184533-1_1_.jpg,Electronics > Computers and Laptops > Desktops > iMac,,
2026-02-02,2026-02-02 10:51:20,laptops,184529,Store Display Unit - Apple iMac (Apple M1 chip/ 8-core CPU / 8GB RAM / 256GB SSD / 24-inch (60.96 cm) 4.5K Retina display / 7-core GPU/ macOS) MJV93HN/A (1 Year Onsite Go Warranty),Apple,69990,119900,69990,Available,https://www.vijaysales.com/p/184529/store-display-unit-apple-imac-apple-m1-chip-8-core-cpu-8gb-ram-256gb-ssd-24-inch-60-96-cm-4-5k-retina-display-7-core-gpu-macos-mjv93hn-a-1-year-onsite-go-warranty,https://vsprod.vijaysales.com/media/catalog/product/1/8/184529_1.jpg,Electronics > Computers and Laptops > Desktops > iMac,,
2026-02-02,2026-02-02 10:51:20,laptops,173007,Store Display Unit - Apple iMac (8th Gen Intel Core i3/ 8 GB RAM/ 256 GB SSD/ 21.5-inch Retina 4K Display/ 2GB-Radeon Pro 555X Graphics/ macOS) MHK23HN/A (1 Year Onsite Go Warranty),Apple,64990,119900,64990,Unavailable,https://www.vijaysales.com/p/173007/store-display-unit-apple-imac-8th-gen-intel-core-i3-8-gb-ram-256-gb-ssd-21-5-inch-retina-4k-display-2gb-radeon-pro-555x-graphics-macos-mhk23hn-a-1-year-onsite-go-warranty,https://vsprod.vijaysales.com/media/catalog/product/1/7/173007_1.jpg,Electronics > Computers and Laptops > Desktops > iMac,,
2026-02-02,2026-02-02 10:51:20,laptops,237445,"TP-Link Usb Wifi Adapter For Pc(Tl-Wn725N),N150 Wireless Network Adapter For Desktop-Nano Size Wifi Dongle Compatible With Windows 11/10/7/8/8.1/Xp/ Mac Os 10.9-10.15 Linux Kernel 2.6.18-4.4.3,Black",TP-Link,499,999,499,Available,https://www.vijaysales.com/p/237445/tp-link-tl-wn725n-150-mbps-wireless-nano-usb-adapter-black,https://vsprod.vijaysales.com/media/catalog/product/2/3/237445_1_.jpg,Electronics > Computers and Laptops > Networking > Wireless USB Adapters,,
2026-02-02,2026-02-02 10:51:20,laptops,225512,"EDIFIER R33BT Active Bluetooth Computer Speakers with 10W RMS Output, AUX & Bluetooth Connectivity, Easy Controls (Black)",EDIFIER,5490,8490,5490,Unavailable,https://www.vijaysales.com/p/P223156/225512/edifier-r33bt-active-bluetooth-computer-speakers-with-10w-rms-output-aux-bluetooth-connectivity-easy-controls-black,https://vsprod.vijaysales.com/media/catalog/product/2/2/225512-image1_1.jpg,Electronics > Headphones and Speakers > Speakers > Portable Speakers,,
2026-02-02,2026-02-02 10:51:20,laptops,238594,Apple Macbook Air M4 Chip/ 13.6 Inch/ 34.46 cm/ 16GB/ 256GB - Skyblue MC6T4HN/A,Apple,89990,99900,89990,Available,https://www.vijaysales.com/p/P238593/238594/apple-macbook-air-m4-chip-13-inch-34-46-cm-13-6-16gb-256gb-skyblue-mc6t4hn-a,https://vsprod.vijaysales.com/media/catalog/product/2/3/238594_1_.jpg,Electronics > Computers and Laptops > Laptops > MacBook,,
2026-02-02,2026-02-02 10:51:20,laptops,238593,Apple Macbook Air M4 Chip/ 13.6 Inch/ 34.46 cm/ 16GB/ 256GB - Midnight MW123HN/A,Apple,89990,99900,89990,Available,https://www.vijaysales.com/p/P238593/238593/apple-macbook-air-m4-chip-13-inch-34-46-cm-13-6-16gb-256gb-midnight-mw123hn-a,https://vsprod.vijaysales.com/media/catalog/product/2/3/238593_1_.jpg,Electronics > Computers and Laptops > Laptops > MacBook,,
2026-02-02,2026-02-02 10:51:20,laptops,238592,Apple Macbook Air M4 Chip/ 13.6 Inch/ 34.46 cm/ 16GB/ 256GB - Starlight MW0Y3HN/A,Apple,89990,99900,89990,Available,https://www.vijaysales.com/p/P238593/238592/apple-macbook-air-m4-chip-13-inch-34-46-cm-13-6-16gb-256gb-starlight-mw0y3hn-a,https://vsprod.vijaysales.com/media/catalog/product/2/3/238592_1_.jpg,Electronics > Computers and Laptops > Laptops > MacBook,,
2026-02-02,2026-02-02 10:51:20,laptops,246902,Apple MacBook Pro M5 Chip (16GB RAM/ 512GB SSD/ 14 inch (35.56 cm) Liquid Retina XDR Display/ 10-core CPU/ 10-core GPU/ macOS/ Silver) MDE44HN/A,Apple,161990,169900,161990,Available,https://www.vijaysales.com/p/P246899/246902/apple-macbook-pro-m5-chip-16gb-ram-512gb-ssd-14-inch-35-56-cm-liquid-retina-xdr-display-10-core-cpu-10-core-gpu-macos-silver-mde44hn-a,https://vsprod.vijaysales.com/media/catalog/product/m/a/macbook_pro_14-in_m5_silver_pdp_image_position_1__en-in_1.jpg,Electronics > Computers and Laptops > Laptops > MacBook,,
2026-02-02,2026-02-02 10:51:20,laptops,238591,Apple Macbook Air M4 Chip/ 13.6 Inch/ 34.46 cm/ 16GB/ 256GB - Silver MW0W3HN/A,Apple,89990,99900,89990,Available,https://www.vijaysales.com/p/P238593/238591/apple-macbook-air-m4-chip-13-inch-34-46-cm-13-6-16gb-256gb-silver-mw0w3hn-a,https://vsprod.vijaysales.com/media/catalog/product/2/3/238591_1_.jpg,Electronics > Computers and Laptops > Laptops > MacBook,,
2026-02-02,2026-02-02 10:51:20,laptops,238597,Apple Macbook Air M4 Chip/ 13.6 Inch/ 34.46 cm/ 16GB/ 512GB - Midnight MW133HN/A,Apple,110290,119900,110290,Available,https://www.vijaysales.com/p/P238593/238597/apple-macbook-air-m4-chip-13-inch-34-46-cm-13-6-16gb-512gb-midnight-mw133hn-a,https://vsprod.vijaysales.com/media/catalog/product/2/3/238597_1_.jpg,Electronics > Computers and Laptops > Laptops > MacBook,,
2026-02-02,2026-02-02 10:51:20,laptops,235474,Apple MacBook Air M2 chip (16GB RAM/ 256GB SSD/ 13.6 inch (34.46 cm) Liquid Retina Display/ 8-core CPU/ 8-core GPU macOS/ Midnight),Apple,72990,85900,72990,Unavailable,https://www.vijaysales.com/p/P235474/235474/apple-macbook-air-m2-chip-16gb-ram-256gb-ssd-13-6-inch-34-46-cm-liquid-retina-display-8-core-cpu-8-core-gpu-macos-midnight,https://vsprod.vijaysales.com/media/catalog/product/m/i/midnight_1_.jpg,Electronics > Computers and Laptops > Laptops > MacBook,,
2026-02-02,2026-02-02 10:51:20,laptops,238599,Apple Macbook Air M4 Chip/ 13.6 Inch/ 34.46 cm/ 24GB/ 512GB - SkyBlue MC6V4HN/A,Apple,128690,139900,128690,Available,https://www.vijaysales.com/p/P238593/238599/apple-macbook-air-m4-chip-13-inch-34-46-cm-13-6-24gb-512gb-silver-mc6v4hn-a,https://vsprod.vijaysales.com/media/catalog/product/2/3/238602_1__1_1.jpg,Electronics > Computers and Laptops > Laptops > MacBook,,
2026-02-02,2026-02-02 10:51:20,laptops,238598,Apple Macbook Air M4 Chip/ 13.6 Inch/ 34.46 cm/ 16GB/ 512GB - Skyblue MC6U4HN/A,Apple,110290,119900,110290,Unavailable,https://www.vijaysales.com/p/P238593/238598/apple-macbook-air-m4-chip-13-inch-34-46-cm-13-6-16gb-512gb-skyblue-mc6u4hn-a,https://vsprod.vijaysales.com/media/catalog/product/2/3/238598_1_.jpg,Electronics > Computers and Laptops > Laptops > MacBook,,
2026-02-02,2026-02-02 10:51:20,laptops,238595,Apple Macbook Air M4 Chip/ 13.6 Inch/ 34.46 cm/ 16GB/ 512GB - Silver MW0X3HN/A,Apple,110290,119900,110290,Available,https://www.vijaysales.com/p/P238593/238595/apple-macbook-air-m4-chip-13-inch-34-46-cm-13-6-16gb-512gb-silver-mw0x3hn-a,https://vsprod.vijaysales.com/media/catalog/product/2/3/238595_1_.jpg,Electronics > Computers and Laptops > Laptops > MacBook,,
2026-02-02,2026-02-02 10:51:20,laptops,238596,Apple Macbook Air M4 Chip/ 13.6 Inch/ 34.46 cm/ 16GB/ 512GB - Starlight MW103HN/A,Apple,110290,119900,110290,Available,https://www.vijaysales.com/p/P238593/238596/apple-macbook-air-m4-chip-13-inch-34-46-cm-13-6-16gb-512gb-starlight-mw103hn-a,https://vsprod.vijaysales.com/media/catalog/product/2/3/238596_1_.jpg,Electronics > Computers and Laptops > Laptops > MacBook,,
2026-02-02,2026-02-02 10:51:20,laptops,238610,Apple Macbook Air M4 Chip/ 15.3 Inch/ 38.91 cm/ 16GB/ 512GB - Skyblue MC7C4HN/A,Apple,133290,144900,133290,Available,https://www.vijaysales.com/p/P238593/238610/apple-macbook-air-m4-chip-15-inch-38-91-cm-15-3-16gb-512gb-skyblue-mc7c4hn-a,https://vsprod.vijaysales.com/media/catalog/product/2/3/238610_1_.jpg,Electronics > Computers and Laptops > Laptops > MacBook,,
2026-02-02,2026-02-02 10:51:20,laptops,238606,Apple Macbook Air M4 Chip/ 15.3 Inch/ 38.91 cm/ 16GB/ 256GB - Skyblue MC7A4HN/A,Apple,114900,124900,114900,Available,https://www.vijaysales.com/p/P238593/238606/apple-macbook-air-m4-chip-15-inch-38-91-cm-15-3-16gb-256gb-skyblue-mc7a4hn-a,https://vsprod.vijaysales.com/media/catalog/product/2/3/238606_1_.jpg,Electronics > Computers and Laptops > Laptops > MacBook,,
2026-02-02,2026-02-02 10:51:20,laptops,238605,Apple Macbook Air M4 Chip/ 15.3 Inch/ 38.91 cm/ 16GB/ 256GB - Midnight MW1L3HN/A,Apple,114900,124900,114900,Available,https://www.vijaysales.com/p/P238593/238605/apple-macbook-air-m4-chip-15-inch-38-91-cm-15-3-16gb-256gb-midnight-mw1l3hn-a,https://vsprod.vijaysales.com/media/catalog/product/2/3/238605_1_.jpg,Electronics > Computers and Laptops > Laptops > MacBook,,
2026-02-02,2026-02-02 10:51:20,laptops,235473,Apple MacBook Air M2 chip (16GB RAM/ 256GB SSD/ 13.6 inch (34.46 cm) Liquid Retina Display/ 8-core CPU/ 8-core GPU macOS/ Starlight),Apple,72990,85900,72990,Unavailable,https://www.vijaysales.com/p/P235474/235473/apple-macbook-air-m2-chip-16gb-ram-256gb-ssd-13-6-inch-34-46-cm-liquid-retina-display-8-core-cpu-8-core-gpu-macos-starlight,https://vsprod.vijaysales.com/media/catalog/product/s/t/starlight_1_.jpg,Electronics > Computers and Laptops > Laptops > MacBook,,
2026-02-02,2026-02-02 10:51:20,laptops,238609,Apple Macbook Air M4 Chip/ 15.3 Inch/ 38.91 cm/ 16GB/ 512GB - Midnight MW1M3HN/A,Apple,133290,144900,133290,Available,https://www.vijaysales.com/p/P238593/238609/apple-macbook-air-m4-chip-15-inch-38-91-cm-15-3-16gb-512gb-midnight-mw1m3hn-a,https://vsprod.vijaysales.com/media/catalog/product/2/3/238609_1_.jpg,Electronics > Computers and Laptops > Laptops > MacBook,,
2026-02-02,2026-02-02 10:51:20,laptops,246899,Apple MacBook Pro M5 Chip (16GB RAM/ 512GB SSD/ 14 inch (35.56 cm) Liquid Retina XDR Display/ 10-core CPU/ 10-core GPU/ macOS/ Space Black) MDE04HN/A,Apple,161990,169900,161990,Unavailable,https://www.vijaysales.com/p/P246899/246899/apple-macbook-pro-m5-chip-16gb-ram-512gb-ssd-14-inch-35-56-cm-liquid-retina-xdr-display-10-core-cpu-10-core-gpu-macos-space-black-mde04hn-a,https://vsprod.vijaysales.com/media/catalog/product/m/a/macbook_pro_14-in_m5_space_black_pdp_image_position_1__en-in_1.jpg,Electronics > Computers and Laptops > Laptops > MacBook,,
2026-02-02,2026-02-02 10:51:20,laptops,235523,Store Display Unit - Apple MacBook Pro M4 Chip (16GB RAM/ 512GB SSD/ 14.2 inch (35.97 cm) Liquid Retina XDR Display/ 10-core CPU/ 10-core GPU macOS/ Space Black) (1 Year OnSiteGo Warranty),Apple,114900,169900,114900,Unavailable,https://www.vijaysales.com/p/235523/store-display-unit-apple-macbook-pro-m4-chip-16gb-ram-512gb-ssd-142-inch-3597-cm-liquid-retina-xdr-display-10-core-cpu-10-core-gpu-macos-space-black-1-year-onsitego-warranty,https://vsprod.vijaysales.com/media/catalog/product/2/3/235491_5__1_1.jpg,Electronics > Computers and Laptops > Laptops > MacBook,,
2026-02-02,2026-02-02 10:51:20,laptops,238601,Apple Macbook Air M4 Chip/ 13.6 Inch/ 34.46 cm/ 24GB/ 512GB - Starlight MC6A4HN/A,Apple,128690,139900,128690,Unavailable,https://www.vijaysales.com/p/P238593/238601/apple-macbook-air-m4-chip-13-inch-34-46-cm-13-6-24gb-512gb-midnight-mc6a4hn-a,https://vsprod.vijaysales.com/media/catalog/product/2/3/238600_1__1.jpg,Electronics > Computers and Laptops > Laptops > MacBook,,
2026-02-02,2026-02-02 10:51:20,laptops,238604,Apple Macbook Air M4 Chip/ 15.3 Inch/ 38.91 cm/ 16GB/ 256GB - Starlight MW1J3HN/A,Apple,114900,124900,114900,Available,https://www.vijaysales.com/p/P238593/238604/apple-macbook-air-m4-chip-15-inch-38-91-cm-15-3-16gb-256gb-starlight-mw1j3hn-a,https://vsprod.vijaysales.com/media/catalog/product/2/3/238604_1_.jpg,Electronics > Computers and Laptops > Laptops > MacBook,,
2026-02-02,2026-02-02 10:51:20,laptops,238607,Apple Macbook Air M4 Chip/ 15.3 Inch/ 38.91 cm/ 16GB/ 512GB - Silver MW1H3HN/A,Apple,133290,144900,133290,Available,https://www.vijaysales.com/p/P238593/238607/apple-macbook-air-m4-chip-15-inch-38-91-cm-15-3-16gb-512gb-silver-mw1h3hn-a,https://vsprod.vijaysales.com/media/catalog/product/2/3/238607_1_.jpg,Electronics > Computers and Laptops > Laptops > MacBook,,
2026-02-02,2026-02-02 10:51:20,laptops,238608,Apple Macbook Air M4 Chip/ 15.3 Inch/ 38.91 cm/ 16GB/ 512GB - Starlight MW1K3HN/A,Apple,133290,144900,133290,Available,https://www.vijaysales.com/p/P238593/238608/apple-macbook-air-m4-chip-15-inch-38-91-cm-15-3-16gb-512gb-starlight-mw1k3hn-a,https://vsprod.vijaysales.com/media/catalog/product/2/3/238608_1_.jpg,Electronics > Computers and Laptops > Laptops > MacBook,,
2026-02-02,2026-02-02 10:51:20,laptops,235494,Apple MacBook Pro M4 Chip (16GB RAM/ 1TB SSD/ 14.2 inch (35.97 cm) Liquid Retina XDR Display/ 10-core CPU/ 10-core GPU macOS/ Space Black),Apple,163990,189900,163990,Available,https://www.vijaysales.com/p/P235491/235494/apple-macbook-pro-m4-chip-16gb-ram-1tb-ssd-14-2-inch-35-97-cm-liquid-retina-xdr-display-10-core-cpu-10-core-gpu-macos-space-black,https://vsprod.vijaysales.com/media/catalog/product/2/3/235491_5__2.jpg,Electronics > Computers and Laptops > Laptops > MacBook,,
2026-02-02,2026-02-02 10:51:20,laptops,246903,Apple MacBook Pro M5 Chip (16GB RAM/ 1TB SSD/ 14 inch (35.56 cm) Liquid Retina XDR Display/ 10-core CPU/ 10-core GPU/ macOS/ Silver) MDE54HN/A,Apple,179990,189900,179990,Unavailable,https://www.vijaysales.com/p/P246899/246903/apple-macbook-pro-m5-chip-16gb-ram-1tb-ssd-14-inch-35-56-cm-liquid-retina-xdr-display-10-core-cpu-10-core-gpu-macos-silver-mde54hn-a,https://vsprod.vijaysales.com/media/catalog/product/m/a/macbook_pro_14-in_m5_silver_pdp_image_position_1__en-in.jpg,Electronics > Computers and Laptops > Laptops > MacBook,,
2026-02-02,2026-02-02 10:51:20,laptops,246900,Apple MacBook Pro M5 Chip (16GB RAM/ 1TB SSD/ 14 inch (35.56 cm) Liquid Retina XDR Display/ 10-core CPU/ 10-core GPU/ macOS/ Space Black) MDE14HN/A,Apple,179990,189900,179990,Unavailable,https://www.vijaysales.com/p/P246899/246900/apple-macbook-pro-m5-chip-16gb-ram-1tb-ssd-14-inch-35-56-cm-liquid-retina-xdr-display-10-core-cpu-10-core-gpu-macos-space-black-mde14hn-a,https://vsprod.vijaysales.com/media/catalog/product/m/a/macbook_pro_14-in_m5_space_black_pdp_image_position_1__en-in.jpg,Electronics > Computers and Laptops > Laptops > MacBook,,
2026-02-02,2026-02-02 10:51:20,laptops,246904,Apple MacBook Pro M5 Chip (24GB RAM/ 1TB SSD/ 14 inch (35.56 cm) Liquid Retina XDR Display/ 10-core CPU/ 10-core GPU/ macOS/ Silver) MDE64HN/A,Apple,194990,209900,194990,Unavailable,https://www.vijaysales.com/p/P246899/246904/apple-macbook-pro-m5-chip-24gb-ram-1tb-ssd-14-inch-35-56-cm-liquid-retina-xdr-display-10-core-cpu-10-core-gpu-macos-silver-mde64hn-a,https://vsprod.vijaysales.com/media/catalog/product/m/a/macbook_pro_14-in_m5_silver_pdp_image_position_1__en-in_2.jpg,Electronics > Computers and Laptops > Laptops > MacBook,,
2026-02-02,2026-02-02 10:51:20,laptops,246901,Apple MacBook Pro M5 Chip (24GB RAM/ 1TB SSD/ 14 inch (35.56 cm) Liquid Retina XDR Display/ 10-core CPU/ 10-core GPU/ macOS/ Space Black) MDE34HN/A,Apple,194990,209900,194990,Unavailable,https://www.vijaysales.com/p/P246899/246901/apple-macbook-pro-m5-chip-24gb-ram-1tb-ssd-14-inch-35-56-cm-liquid-retina-xdr-display-10-core-cpu-10-core-gpu-macos-space-black-mde34hn-a,https://vsprod.vijaysales.com/media/catalog/product/m/a/macbook_pro_14-in_m5_space_black_pdp_image_position_1__en-in_2.jpg,Electronics > Computers and Laptops > Laptops > MacBook,,
2026-02-02,2026-02-02 10:51:20,laptops,239839,Store Display Unit - Apple MacBook Pro M4 Chip (16GB RAM/ 512GB SSD/ 14.2 inch (35.97 cm) Liquid Retina XDR Display/ 10-core CPU/ 10-core GPU macOS/ Silver) (1 Year OnSiteGo Warranty),Apple,114900,169900,114900,Unavailable,https://www.vijaysales.com/p/239839/store-display-unit-apple-macbook-pro-m4-chip-16gb-ram-512gb-ssd-142-inch-3597-cm-liquid-retina-xdr-display-10-core-cpu-10-core-gpu-macos-silver-1-year-onsitego-warranty,https://vsprod.vijaysales.com/media/catalog/product/2/3/235492_5__1_1.jpg,Electronics > Computers and Laptops > Laptops > MacBook,,
2026-02-02,2026-02-02 10:51:20,laptops,238614,Apple Macbook Air M4 Chip/ 15.3 Inch/ 38.91 cm/ 24GB/ 512GB - Skyblue MC7D4HN/A,Apple,151690,164900,151690,Unavailable,https://www.vijaysales.com/p/P238593/238614/apple-macbook-air-m4-chip-15-inch-38-91-cm-15-3-24gb-512gb-skyblue-mc7d4hn-a,https://vsprod.vijaysales.com/media/catalog/product/2/3/238614_1_.jpg,Electronics > Computers and Laptops > Laptops > MacBook,,
2026-02-02,2026-02-02 10:51:20,laptops,238613,Apple Macbook Air M4 Chip/ 15.3 Inch/ 38.91 cm/ 24GB/ 512GB - Midnight MC6L4HN/A,Apple,151690,164900,151690,Unavailable,https://www.vijaysales.com/p/P238593/238613/apple-macbook-air-m4-chip-15-inch-38-91-cm-15-3-24gb-512gb-midnight-mc6l4hn-a,https://vsprod.vijaysales.com/media/catalog/product/2/3/238613_1_.jpg,Electronics > Computers and Laptops > Laptops > MacBook,,
2026-02-02,2026-02-02 10:51:20,laptops,238612,Apple Macbook Air M4 Chip/ 15.3 Inch/ 38.91 cm/ 24GB/ 512GB - Starlight MC6K4HN/A,Apple,151690,164900,151690,Unavailable,https://www.vijaysales.com/p/P238593/238612/apple-macbook-air-m4-chip-15-inch-38-91-cm-15-3-24gb-512gb-starlight-mc6k4hn-a,https://vsprod.vijaysales.com/media/catalog/product/2/3/238612_1_.jpg,Electronics > Computers and Laptops > Laptops > MacBook,,
2026-02-02,2026-02-02 10:51:20,laptops,238611,Apple Macbook Air M4 Chip/ 15.3 Inch/ 38.91 cm/ 24GB/ 512GB - Silver MC6J4HN/A,Apple,151690,164900,151690,Unavailable,https://www.vijaysales.com/p/P238593/238611/apple-macbook-air-m4-chip-15-inch-38-91-cm-15-3-24gb-512gb-silver-mc6j4hn-a,https://vsprod.vijaysales.com/media/catalog/product/2/3/238611_1_.jpg,Electronics > Computers and Laptops > Laptops > MacBook,,
2026-02-02,2026-02-02 10:51:20,laptops,238603,Apple Macbook Air M4 Chip/ 15.3 Inch/ 38.91 cm/ 16GB/ 256GB - Silver MW1G3HN/A,Apple,114900,124900,114900,Unavailable,https://www.vijaysales.com/p/P238593/238603/apple-macbook-air-m4-chip-15-inch-38-91-cm-15-3-16gb-256gb-silver-mw1g3hn-a,https://vsprod.vijaysales.com/media/catalog/product/2/3/238603_1_.jpg,Electronics > Computers and Laptops > Laptops > MacBook,,
2026-02-02,2026-02-02 10:51:20,laptops,238602,Apple Macbook Air M4 Chip/ 13.6 Inch/ 34.46 cm/ 24GB/ 512GB - Midnight MC6C4HN/A,Apple,128690,139900,128690,Unavailable,https://www.vijaysales.com/p/P238593/238602/apple-macbook-air-m4-chip-13-inch-34-46-cm-13-6-24gb-512gb-skyblue-mc6c4hn-a,https://vsprod.vijaysales.com/media/catalog/product/2/3/238601_1_.jpg,Electronics > Computers and Laptops > Laptops > MacBook,,
2026-02-02,2026-02-02 10:51:20,laptops,238600,Apple Macbook Air M4 Chip/ 13.6 Inch/ 34.46 cm/ 24GB/ 512GB - Silver MC654HN/A,Apple,128690,139900,128690,Unavailable,https://www.vijaysales.com/p/P238593/238600/apple-macbook-air-m4-chip-13-inch-34-46-cm-13-6-24gb-512gb-starlight-mc654hn-a,https://vsprod.vijaysales.com/media/catalog/product/2/3/238599_1_.jpg,Electronics > Computers and Laptops > Laptops > MacBook,,
2026-02-02,2026-02-02 10:51:20,laptops,235527,Store Display Unit - Apple MacBook Air M3 Chip 16GB RAM/ 256GB SSD/ 15.3 inch (38.91 cm) Liquid Retina Display/ 8-core CPU/ 10-core GPU/ macOS/ Starlight (1 Year OnSiteGo Warranty),Apple,75000,113900,75000,Unavailable,https://www.vijaysales.com/p/235527/store-display-unit-apple-macbook-air-m3-chip-16gb-ram-256gb-ssd-15-3-inch-38-91-cm-liquid-retina-display-8-core-cpu-10-core-gpu-macos-starlight-1-year-onsitego-warranty,https://vsprod.vijaysales.com/media/catalog/product/2/3/235485_2_.jpg,Electronics > Computers and Laptops > Laptops > MacBook,,
2026-02-02,2026-02-02 10:51:20,laptops,235510,Apple MacBook Pro M4 Max Chip (48GB RAM/ 1TB SSD/ 16.2 inch (41.05 cm) Liquid Retina XDR Display/ 16-core CPU/ 40-core GPU/ Space Black),Apple,379905,399900,379905,Unavailable,https://www.vijaysales.com/p/235510/apple-macbook-pro-m4-max-chip-48gb-ram-1tb-ssd-16-2-inch-41-05-cm-liquid-retina-xdr-display-16-core-cpu-40-core-gpu-space-black,https://vsprod.vijaysales.com/media/catalog/product/2/3/235510_2_.jpg,Electronics > Computers and Laptops > Laptops > MacBook,,
2026-02-02,2026-02-02 10:51:20,laptops,235509,Apple MacBook Pro M4 Max Chip (36GB RAM/ 1TB SSD/ 16.2 inch (41.05 cm) Liquid Retina XDR Display/ 14-core CPU/ 32-core GPU/ Space Black),Apple,332500,349900,332500,Unavailable,https://www.vijaysales.com/p/235509/apple-macbook-pro-m4-max-chip-36gb-ram-1tb-ssd-16-2-inch-41-05-cm-liquid-retina-xdr-display-14-core-cpu-32-core-gpu-space-black,https://vsprod.vijaysales.com/media/catalog/product/2/3/235509_2_.jpg,Electronics > Computers and Laptops > Laptops > MacBook,,
2026-02-02,2026-02-02 10:51:20,laptops,235508,Apple MacBook Pro M4 Pro Chip (48GB RAM/ 512GB SSD/ 16.2 inch (41.05 cm) Liquid Retina XDR Display/ 14-core CPU/ 20-core GPU macOS/ Space Black),Apple,275399,289900,275399,Unavailable,https://www.vijaysales.com/p/P235503/235508/apple-macbook-pro-m4-chip-48gb-ram-512gb-ssd-16-2-inch-41-05-cm-liquid-retina-xdr-display-14-core-cpu-20-core-gpu-macos-space-black,https://vsprod.vijaysales.com/media/catalog/product/2/3/235508.jpg,Electronics > Computers and Laptops > Laptops > MacBook,,
2026-02-02,2026-02-02 10:51:20,laptops,235507,Apple MacBook Pro M4 Pro Chip (24GB RAM/ 512GB SSD/ 16.2 inch (41.05 cm) Liquid Retina XDR Display/ 14-core CPU/ 20-core GPU macOS/ Space black),Apple,229900,249900,229900,Unavailable,https://www.vijaysales.com/p/P235503/235507/apple-macbook-pro-m4-chip-24gb-ram-512gb-ssd-16-2-inch-41-05-cm-liquid-retina-xdr-display-14-core-cpu-20-core-gpu-macos-space-black,https://vsprod.vijaysales.com/media/catalog/product/2/3/235507.jpg,Electronics > Computers and Laptops > Laptops > MacBook,,
2026-02-02,2026-02-02 10:51:20,laptops,235505,Apple MacBook Pro M4 Max Chip (36GB RAM/ 1TB SSD/ 16.2 inch (41.05 cm) Liquid Retina XDR Display/ 14-core CPU/ 32-core GPU/ Silver),Apple,332399,349900,332399,Unavailable,https://www.vijaysales.com/p/235505/apple-macbook-pro-m4-max-chip-36gb-ram-1tb-ssd-16-2-inch-41-05-cm-liquid-retina-xdr-display-14-core-cpu-32-core-gpu-silver,https://vsprod.vijaysales.com/media/catalog/product/2/3/235505_2_.jpg,Electronics > Computers and Laptops > Laptops > MacBook,,
2026-02-02,2026-02-02 10:51:20,laptops,235504,Apple MacBook Pro M4 Pro Chip (48GB RAM/ 512GB SSD/ 16.2 inch (41.05 cm) Liquid Retina XDR Display/ 14-core CPU/ 20-core GPU macOS/ Silver),Apple,260900,289900,260900,Unavailable,https://www.vijaysales.com/p/235504/apple-macbook-pro-m4-chip-48gb-ram-512gb-ssd-16-2-inch-41-05-cm-liquid-retina-xdr-display-14-core-cpu-20-core-gpu-macos-silver,https://vsprod.vijaysales.com/media/catalog/product/2/3/235504.jpg,Electronics > Computers and Laptops > Laptops > MacBook,,
2026-02-02,2026-02-02 10:51:20,laptops,235503,Apple MacBook Pro M4 Pro Chip (24GB RAM/ 512GB SSD/ 16.2 inch (41.05 cm) Liquid Retina XDR Display/ 14-core CPU/ 20-core GPU macOS/ Silver),Apple,229900,249900,229900,Unavailable,https://www.vijaysales.com/p/P235503/235503/apple-macbook-pro-m4-chip-24gb-ram-512gb-ssd-16-2-inch-41-05-cm-liquid-retina-xdr-display-14-core-cpu-20-core-gpu-macos-silver,https://vsprod.vijaysales.com/media/catalog/product/2/3/235503.jpg,Electronics > Computers and Laptops > Laptops > MacBook,,
2026-02-02,2026-02-02 10:51:20,laptops,235502,Apple MacBook Pro M4 Max Chip (36GB RAM/ 1TB SSD/ 14.2 inch (35.97 cm) Liquid Retina XDR Display/ 14-core CPU/ 32-core GPU macOS/ Space Black),Apple,287900,319900,287900,Unavailable,https://www.vijaysales.com/p/P235502/235502/apple-macbook-pro-m4-max-chip-36gb-ram-1tb-ssd-14-2-inch-35-97-cm-liquid-retina-xdr-display-14-core-cpu-32-core-gpu-macos-space-black,https://vsprod.vijaysales.com/media/catalog/product/2/3/235502_4_.jpg,Electronics > Computers and Laptops > Laptops > MacBook,,
2026-02-02,2026-02-02 10:51:20,laptops,235501,Apple MacBook Pro M4 Pro Chip (24GB RAM/ 1TB SSD/ 14.2 inch (35.97 cm) Liquid Retina XDR Display/ 14-core CPU/ 20-core GPU macOS/ Space Black),Apple,215900,239900,215900,Unavailable,https://www.vijaysales.com/p/P235503/235501/apple-macbook-pro-m4-pro-chip-24gb-ram-1tb-ssd-14-2-inch-35-97-cm-liquid-retina-xdr-display-14-core-cpu-20-core-gpu-macos-space-black,https://vsprod.vijaysales.com/media/catalog/product/2/3/235501_3_.jpg,Electronics > Computers and Laptops > Laptops > MacBook,,
2026-02-02,2026-02-02 10:51:20,laptops,235500,Apple MacBook Pro M4 Pro Chip (24GB RAM/ 512GB SSD/ 14.2 inch (35.97 cm) Liquid Retina XDR Display/ 12-core CPU/ 16-core GPU macOS/ Space Black),Apple,189900,199900,189900,Unavailable,https://www.vijaysales.com/p/235500/apple-macbook-pro-m4-pro-chip-24gb-ram-512gb-ssd-14-2-inch-35-97-cm-liquid-retina-xdr-display-12-core-cpu-16-core-gpu-macos-space-black,https://vsprod.vijaysales.com/media/catalog/product/2/3/235500_2_.jpg,Electronics > Computers and Laptops > Laptops > MacBook,,
2026-02-02,2026-02-02 10:51:20,laptops,235499,Apple MacBook Pro M4 Max Chip (36GB RAM/ 1TB SSD/ 14.2 inch (35.97 cm) Liquid Retina XDR Display/ 14-core CPU/ 32-core GPU macOS/ Silver),Apple,287900,319900,287900,Unavailable,https://www.vijaysales.com/p/P235502/235499/apple-macbook-pro-m4-max-chip-36gb-ram-1tb-ssd-14-2-inch-35-97-cm-liquid-retina-xdr-display-14-core-cpu-32-core-gpu-macos-silver,https://vsprod.vijaysales.com/media/catalog/product/2/3/235499_4_.jpg,Electronics > Computers and Laptops > Laptops > MacBook,,
2026-02-02,2026-02-02 10:51:20,laptops,235498,Apple MacBook Pro M4 Pro Chip (24GB RAM/ 1TB SSD/ 14.2 inch (35.97 cm) Liquid Retina XDR Display/ 14-core CPU/ 20-core GPU macOS/ Silver),Apple,228000,239900,228000,Unavailable,https://www.vijaysales.com/p/235498/apple-macbook-pro-m4-pro-chip-24gb-ram-1tb-ssd-14-2-inch-35-97-cm-liquid-retina-xdr-display-14-core-cpu-20-core-gpu-macos-silver,https://vsprod.vijaysales.com/media/catalog/product/2/3/235498_3_.jpg,Electronics > Computers and Laptops > Laptops > MacBook,,
2026-02-02,2026-02-02 10:51:20,laptops,235497,Apple MacBook Pro M4 Pro Chip (24GB RAM/ 512GB SSD/ 14.2 inch (35.97 cm) Liquid Retina XDR Display/ 12-core CPU/ 16-core GPU macOS/ Silver),Apple,189900,199900,189900,Unavailable,https://www.vijaysales.com/p/235497/apple-macbook-pro-m4-pro-chip-24gb-ram-512gb-ssd-14-2-inch-35-97-cm-liquid-retina-xdr-display-12-core-cpu-16-core-gpu-macos-silver,https://vsprod.vijaysales.com/media/catalog/product/2/3/235497_2_.jpg,Electronics > Computers and Laptops > Laptops > MacBook,,
2026-02-02,2026-02-02 10:51:20,laptops,235496,Apple MacBook Pro M4 Chip (16GB RAM/ 1TB SSD/ 14.2 inch (35.97 cm) Liquid Retina XDR Display/ 10-core CPU/ 10-core GPU macOS/ Silver),Apple,170900,189900,170900,Unavailable,https://www.vijaysales.com/p/P235491/235496/apple-macbook-pro-m4-chip-16gb-ram-1tb-ssd-14-2-inch-35-97-cm-liquid-retina-xdr-display-10-core-cpu-10-core-gpu-macos-silver,https://vsprod.vijaysales.com/media/catalog/product/2/3/235492_5__2.jpg,Electronics > Computers and Laptops > Laptops > MacBook,,
2026-02-02,2026-02-02 10:51:20,laptops,235495,Apple MacBook Pro M4 Chip (16GB RAM/ 512GB SSD/ 14.2 inch (35.97 cm) Liquid Retina XDR Display/ 10-core CPU/ 10-core GPU macOS/ Silver),Apple,152900,169900,152900,Unavailable,https://www.vijaysales.com/p/P235491/235495/apple-macbook-pro-m4-chip-16gb-ram-512gb-ssd-14-2-inch-35-97-cm-liquid-retina-xdr-display-10-core-cpu-10-core-gpu-macos-silver,https://vsprod.vijaysales.com/media/catalog/product/2/3/235492_5__1.jpg,Electronics > Computers and Laptops > Laptops > MacBook,,
2026-02-02,2026-02-02 10:51:20,laptops,235493,Apple MacBook Pro M4 Chip (16GB RAM/ 512GB SSD/ 14.2 inch (35.97 cm) Liquid Retina XDR Display/ 10-core CPU/ 10-core GPU macOS/ Space Black),Apple,146490,169900,146490,Unavailable,https://www.vijaysales.com/p/P235491/235493/apple-macbook-pro-m4-chip-16gb-ram-512gb-ssd-14-2-inch-35-97-cm-liquid-retina-xdr-display-10-core-cpu-10-core-gpu-macos-space-black,https://vsprod.vijaysales.com/media/catalog/product/2/3/235491_5__1.jpg,Electronics > Computers and Laptops > Laptops > MacBook,,
2026-02-02,2026-02-02 10:51:20,laptops,235492,Apple MacBook Pro M4 Chip (24GB RAM/ 1TB SSD/ 14.2 inch (35.97 cm) Liquid Retina XDR Display/ 10-core CPU/ 10-core GPU macOS/ Silver),Apple,180990,209900,180990,Unavailable,https://www.vijaysales.com/p/P235491/235492/apple-macbook-pro-m4-chip-24gb-ram-1tb-ssd-14-2-inch-35-97-cm-liquid-retina-xdr-display-10-core-cpu-10-core-gpu-macos-silver,https://vsprod.vijaysales.com/media/catalog/product/2/3/235492_5_.jpg,Electronics > Computers and Laptops > Laptops > MacBook,,
2026-02-02,2026-02-02 10:51:20,laptops,235491,Apple MacBook Pro M4 Chip (24GB RAM/ 1TB SSD/ 14.2 inch (35.97 cm) Liquid Retina XDR Display/ 10-core CPU/ 10-core GPU macOS/ Space Black),Apple,199500,209900,199500,Unavailable,https://www.vijaysales.com/p/P235491/235491/apple-macbook-pro-m4-chip-24gb-ram-1tb-ssd-14-2-inch-35-97-cm-liquid-retina-xdr-display-10-core-cpu-10-core-gpu-macos-space-black,https://vsprod.vijaysales.com/media/catalog/product/2/3/235491_5_.jpg,Electronics > Computers and Laptops > Laptops > MacBook,,
2026-02-02,2026-02-02 10:51:20,laptops,235485,Apple MacBook Air M3 Chip (16GB RAM/ 256GB SSD/ 15.3 inch (38.91 cm) Liquid Retina Display/ 8-core CPU/ 10-core GPU/ macOS/ Starlight),Apple,78334,134900,78334,Unavailable,https://www.vijaysales.com/p/235485/apple-macbook-air-m3-chip-16gb-ram-256gb-ssd-15-3-inch-38-91-cm-liquid-retina-display-8-core-cpu-10-core-gpu-macos-starlight,https://vsprod.vijaysales.com/media/catalog/product/2/3/235485_2_.jpg,Electronics > Computers and Laptops > Laptops > MacBook,,
2026-02-02,2026-02-02 10:51:20,laptops,235484,Apple MacBook Air M3 Chip (16GB RAM/ 256GB SSD/ 15.3 inch (38.91 cm) Liquid Retina Display/ 8-core CPU/ 10-core GPU/ macOS/ Silver),Apple,78334,134900,78334,Unavailable,https://www.vijaysales.com/p/235484/apple-macbook-air-m3-chip-16gb-ram-256gb-ssd-15-3-inch-38-91-cm-liquid-retina-display-8-core-cpu-10-core-gpu-macos-silver,https://vsprod.vijaysales.com/media/catalog/product/2/3/235484_2_.jpg,Electronics > Computers and Laptops > Laptops > MacBook,,
2026-02-02,2026-02-02 10:51:20,laptops,235483,Apple MacBook Air M3 Chip (16GB RAM/ 256GB SSD/ 15.3 inch (38.91 cm) Liquid Retina Display/ 8-core CPU/ 10-core GPU/ macOS/ Space Grey),Apple,78334,134900,78334,Unavailable,https://www.vijaysales.com/p/235483/apple-macbook-air-m3-chip-16gb-ram-256gb-ssd-15-3-inch-38-91-cm-liquid-retina-display-8-core-cpu-10-core-gpu-macos-space-grey,https://vsprod.vijaysales.com/media/catalog/product/2/3/235483_2_.jpg,Electronics > Computers and Laptops > Laptops > MacBook,,
2026-02-02,2026-02-02 10:51:20,laptops,229361,Store Display Unit - Apple MacBook Pro (M3 Pro chip/ 18GB RAM/ 512GB SSD/ (16.2 inch 41.05cm) 12 Core CPU 18 Core GPU/ Space Black) MRW13HN/A (1 Year OnSiteGo Warranty),Apple,155000,239900,155000,Unavailable,https://www.vijaysales.com/p/229361/demo-apple-mbp-16-m3-pro-12c-18c-18g-512g-space-blk-mrw13hna,https://vsprod.vijaysales.com/media/catalog/product/2/2/222909-image1_2_1.jpg,Electronics > Computers and Laptops > Laptops > MacBook,,
2026-02-02,2026-02-02 10:51:20,laptops,227164,Apple MacBook Air M2 Chip Laptop (8GB RAM/512 GB SSD/13.6-inch (34.46 cm) Display/8-core CPU/10-core GPU /macOS/Midnight) MLY43HN/A(119900),Apple,75583,109900,75583,Unavailable,https://www.vijaysales.com/p/227164/apple-macbook-air-m2-chip-mly43hn-a-2022-laptop-8gb-ram-512-gb-ssd-13-6-inch-34-46-cm-display-8-core-cpu-10-core-gpu-macos-midnight,https://vsprod.vijaysales.com/media/catalog/product/2/2/227164-image1_1.jpg,Electronics > Computers and Laptops > Laptops > MacBook,,
2026-02-02,2026-02-02 10:51:20,laptops,227163,Store Display Unit - Apple MacBook Air M2 Chip MLY23HN/A  (8GB RAM/512 GB SSD/13.6-inch (34.46 cm) Display/8-core CPU/10-core GPU /macOS/Starlight)  1 Year OnSiteGo Warranty,Apple,75490,109900,75490,Available,https://www.vijaysales.com/p/227163/apple-macbook-air-m2-chip-mly23hn-a-2022-laptop-8gb-ram-512-gb-ssd-13-6-inch-34-46-cm-display-8-core-cpu-10-core-gpu-macos-starlight,https://vsprod.vijaysales.com/media/catalog/product/2/2/227163-image1_1.jpg,Electronics > Computers and Laptops > Laptops > MacBook,,
2026-02-02,2026-02-02 10:51:20,laptops,227161,Apple MacBook Air M2 Chip (2022) (8GB RAM/512 GB SSD/13.6-inch(34.46 cm) /8-core CPU/10-core GPU /macOS/Space Grey/ LightWeight/ MLXX3HN/A(119900),Apple,75583,109900,75583,Unavailable,https://www.vijaysales.com/p/227161/apple-macbook-air-m2-chip-mlxx3hn-a-2022-laptop-8gb-ram-512-gb-ssd-13-6-inch-34-46-cm-display-8-core-cpu-10-core-gpu-macos-space-grey,https://vsprod.vijaysales.com/media/catalog/product/2/2/227161-image1_1.jpg,Electronics > Computers and Laptops > Laptops > MacBook,,
2026-02-02,2026-02-02 10:51:20,laptops,227089,"Store Display Unit - Apple MacBook Air M1 chip Laptop 8GB RAM/ 256GB SSD/ 13.3 Inch Retina Display/ Backlit KB/ FaceTime HD Camera/ Touch ID, MGN63HN/A (1 Year OnSiteGo Warranty)",Apple,49990,74900,49990,Unavailable,https://www.vijaysales.com/p/227089/store-display-unit-apple-macbook-air-m1-chip-laptop-8gb-ram-256gb-ssd-13-3-inch-retina-display-backlit-kb-facetime-hd-camera-touch-id-mgn63hn-a-1-year-onsitego-warranty,https://vsprod.vijaysales.com/media/catalog/product/2/0/203764-image1_2.jpg,Electronics > Computers and Laptops > Laptops > MacBook,,
2026-02-02,2026-02-02 10:51:20,laptops,227088,Store Display Unit - Apple Macbook Air 13 M3 8GB 256GB MRXV3HN/A (1 Year OnSiteGo Warranty),Apple,64990,114900,64990,Unavailable,https://www.vijaysales.com/p/227088/store-display-unit-apple-macbook-air-13-m3-8gb-256gb-mrxv3hna-1-year-onsitego-warranty,https://vsprod.vijaysales.com/media/catalog/product/2/2/227064-image1_1_1.jpg,Electronics > Computers and Laptops > Laptops > MacBook,,
2026-02-02,2026-02-02 10:51:20,laptops,227084,Apple Macbook Air 2024 (M3 Chip / 16GB RAM / 512 GB SSD / 8 Core CPU 10 CORE GPU / 15.3 Inch 38.91cm Liquid Retina Display / Midnight) MXD43HN/A,Apple,92776,154900,92776,Unavailable,https://www.vijaysales.com/p/227084/apple-macbook-air-15-inch-m3-chip-mxd43hn-a-16gb-ram-512gb-ssd-15-3-inch-38-91-cm-liquid-retina-display-10-core-gpu-macos-midnight,https://vsprod.vijaysales.com/media/catalog/product/2/2/227084-image1_1.jpg,Electronics > Computers and Laptops > Laptops > MacBook,,
2026-02-02,2026-02-02 10:51:20,laptops,227083,Apple Macbook Air 2024 (M3 Chip / 16GB RAM / 512 GB SSD / 8 Core CPU 10 CORE GPU / 15.3 Inch 38.91cm Liquid Retina Display / Starlight) MXD33HN/A,Apple,92776,154900,92776,Unavailable,https://www.vijaysales.com/p/227083/apple-macbook-air-15-inch-m3-chip-mxd33hn-a-16gb-ram-512gb-ssd-15-3-inch-38-91-cm-liquid-retina-display-10-core-gpu-macos-starlight,https://vsprod.vijaysales.com/media/catalog/product/2/2/227083-image1_1.jpg,Electronics > Computers and Laptops > Laptops > MacBook,,
2026-02-02,2026-02-02 10:51:20,laptops,227082,Apple Macbook Air 2024 (M3 Chip / 16GB RAM / 512 GB SSD / 8 Core CPU 10 CORE GPU / 15.3 Inch 38.91cm Liquid Retina Display / Silver) MXD23HN/A,Apple,92776,154900,92776,Unavailable,https://www.vijaysales.com/p/227082/apple-macbook-air-15-inch-m3-chip-mxd23hn-a-16gb-ram-512gb-ssd-15-3-inch-38-91-cm-liquid-retina-display-10-core-gpu-macos-silver,https://vsprod.vijaysales.com/media/catalog/product/2/2/227082-image1_1.jpg,Electronics > Computers and Laptops > Laptops > MacBook,,
2026-02-02,2026-02-02 10:51:20,laptops,227080,Apple Macbook Air 2024 (M3 Chip / 8GB RAM / 512 GB SSD / 8 Core CPU 10 CORE GPU / 15.3 Inch 38.91cm Liquid Retina Display / Midnight) MRYV3HN/A,Apple,99590,144900,99590,Available,https://www.vijaysales.com/p/227080/apple-macbook-air-15-inch-m3-chip-mryv3hn-a-8gb-ram-512gb-ssd-15-3-inch-38-91-cm-liquid-retina-display-10-core-gpu-macos-midnight,https://vsprod.vijaysales.com/media/catalog/product/2/2/227080-image1_1.jpg,Electronics > Computers and Laptops > Laptops > MacBook,,
2026-02-02,2026-02-02 10:51:20,laptops,227079,Apple Macbook Air 2024 (M3 Chip / 8GB RAM / 512 GB SSD / 8 Core CPU 10 CORE GPU / 15.3 Inch 38.91cm Liquid Retina Display / Starlight) MRYT3HN/A,Apple,99590,144900,99590,Unavailable,https://www.vijaysales.com/p/227079/apple-macbook-air-15-inch-m3-chip-mryt3hn-a-8gb-ram-512gb-ssd-15-3-inch-38-91-cm-liquid-retina-display-10-core-gpu-macos-starlight,https://vsprod.vijaysales.com/media/catalog/product/2/2/227079-image1_1.jpg,Electronics > Computers and Laptops > Laptops > MacBook,,
2026-02-02,2026-02-02 10:51:20,laptops,227078,Store Display Unit - Apple Macbook Air 2024 (M3 Chip/ 8GB RAM/ 512 GB SSD/15.3 Inch (38.91cm) Display/ Silver) MRYQ3HN/A (1 Year OnSiteGo Warranty),Apple,99590,144900,99590,Available,https://www.vijaysales.com/p/227078/apple-macbook-air-15-inch-m3-chip-mryq3hn-a-8gb-ram-512gb-ssd-15-3-inch-38-91-cm-liquid-retina-display-10-core-gpu-macos-silver,https://vsprod.vijaysales.com/media/catalog/product/2/2/227078-image1_1.jpg,Electronics > Computers and Laptops > Laptops > MacBook,,
2026-02-02,2026-02-02 10:51:20,laptops,227077,Store Display Unit - Apple Macbook Air 2024 (M3 Chip/ 8GB RAM/ 512 GB SSD/ 8 Core CPU 10 CORE GPU/ 15.3 Inch (38.91cm) Liquid Retina Display/ Space Grey) MRYN3HN/A (1 Year OnSiteGo Warranty),Apple,99590,144900,99590,Available,https://www.vijaysales.com/p/227077/apple-macbook-air-15-inch-m3-chip-mryv3hn-a-8gb-ram-512gb-ssd-15-3-inch-38-91-cm-liquid-retina-display-10-core-gpu-macos-space-grey,https://vsprod.vijaysales.com/media/catalog/product/2/2/227077-image1_1.jpg,Electronics > Computers and Laptops > Laptops > MacBook,,
2026-02-02,2026-02-02 10:51:20,laptops,223127,Store Display Unit APPLE Macbook Pro 14 M3 PRO 18GB 512GB MRX33HN/A (1 Year OnSiteGo Warranty),Apple,125000,189900,125000,Unavailable,https://www.vijaysales.com/p/223127/store-display-unit-apple-macbook-pro-14-m3-pro-18gb-512gb-mrx33hna-1-year-onsitego-warranty,https://vsprod.vijaysales.com/media/catalog/product/2/2/222903-image1_2_1.jpg,Electronics > Computers and Laptops > Laptops > MacBook,,
2026-02-02,2026-02-02 10:51:20,laptops,218926,Store Display Unit - Apple MacBook Air 15 Inch M2 Chip (8GB RAM/ 256GB SSD/ Liquid Retina Display/ 10 core GPU/ Starlight) (1 Year OnSiteGo Warranty),Apple,79990,134900,79990,Unavailable,https://www.vijaysales.com/p/218926/apple-macbook-air-15-inch-m2-chip-mqku3hn-a-8gb-ram-256gb-ssd-15-3-inch-38-91-cm-liquid-retina-display-10-core-gpu-macos-starlight-1,https://vsprod.vijaysales.com/media/catalog/product/2/1/218861-image1_1.jpg,Electronics > Computers and Laptops > Laptops > MacBook,,
2026-02-02,2026-02-02 10:51:20,laptops,218863,Store Display Unit - Apple MacBook Air M2 Chip MQKW3HN/A (8GB RAM/ 256GB SSD/ 15.3 inch (38.91 cm) Liquid Retina Display/ 10 core GPU/ macOS/ Midnight) (1 Year OnSiteGo Warranty),Apple,92790,134900,92790,Available,https://www.vijaysales.com/p/218863/apple-macbook-air-15-inch-m2-chip-mqkw3hn-a-8gb-ram-256gb-ssd-15-3-inch-38-91-cm-liquid-retina-display-10-core-gpu-macos-midnight,https://vsprod.vijaysales.com/media/catalog/product/2/1/218863-image1_1.jpg,Electronics > Computers and Laptops > Laptops > MacBook,,
2026-02-02,2026-02-02 10:51:20,laptops,218861,"Store Display Unit - Apple MacBook Air 15 Inch M2 Chip 2023 (8GB RAM/ 256GB SSD/ 15.3"" (38.91 cm) Liquid Retina Display/ 1080p HD Camera/ 10 core GPU/ Starlight) MQKU3HN/A (1 Year OnSiteGo Warranty)",Apple,92790,134900,92790,Available,https://www.vijaysales.com/p/218861/apple-macbook-air-15-inch-m2-chip-mqku3hn-a-8gb-ram-256gb-ssd-15-3-inch-38-91-cm-liquid-retina-display-10-core-gpu-macos-starlight,https://vsprod.vijaysales.com/media/catalog/product/2/1/218861-image1.jpg,Electronics > Computers and Laptops > Laptops > MacBook,,
2026-02-02,2026-02-02 10:51:20,laptops,218860,Store Display Unit - Apple MacBook Air 15 Inch M2 Chip MQKT3HN/A (8GB RAM/ 512GB SSD/ 15.3 inch (38.91 cm) Liquid Retina Display/ 10 core GPU/ macOS/ Silver) (1 Year OnSiteGo Warranty),Apple,106490,154900,106490,Available,https://www.vijaysales.com/p/218860/apple-macbook-air-15-inch-m2-chip-mqkt3hn-a-8gb-ram-512gb-ssd-15-3-inch-38-91-cm-liquid-retina-display-10-core-gpu-macos-silver,https://vsprod.vijaysales.com/media/catalog/product/2/1/218860-image1_1.jpg,Electronics > Computers and Laptops > Laptops > MacBook,,
2026-02-02,2026-02-02 10:51:20,laptops,214088,Store Display Unit - Apple MacBook Pro M2 Pro Chip (16GB RAM/ 512GB SSD/ 16.2 Inch Liquid Retina XDR Display/ 16 core GPU/ Space Grey) MNW83HN/A (1 Year OnSiteGo Warranty),Apple,206990,239900,206990,Unavailable,https://www.vijaysales.com/p/214088/apple-macbook-pro-m2-pro-chip-16gb-ram-512gb-ssd-16-2-inch-liquid-retina-xdr-display-16-core-gpu-space-grey-mnw83hn-a,https://vsprod.vijaysales.com/media/catalog/product/2/1/214088_1_.jpg,Electronics > Computers and Laptops > Laptops > MacBook,,
2026-02-02,2026-02-02 10:51:20,laptops,204489,Store Display Unit - Apple Macbook Pro M2 8GB RAM/ 256GB Storage MNEH3HN/A SG (1 Year OnSiteGo Warranty),Apple,74990,129900,74990,Available,https://www.vijaysales.com/p/204489/store-display-unit-apple-macbook-pro-m2-8gb-256gb-mneh3hn-a-sg-1-year-onsitego-warranty,https://vsprod.vijaysales.com/media/catalog/product/2/0/204489_1_.jpg,Electronics > Computers and Laptops > Laptops > MacBook,,
2026-02-02,2026-02-02 10:51:20,laptops,203766,Store Display Unit - Apple MacBook Air (M1 Chip/ 8GB RAM/ 256GB SSD/ 13.3-inch (33.74 cm) Retina Display) MGND3HN/A (1 Year OnSiteGo Warranty),Apple,57500,92900,57500,Unavailable,https://www.vijaysales.com/p/203766/apple-2020-macbook-air-m1-chip-mgnd3hn-a-laptop-8gb-ram-256gb-ssd-13-3-inch-33-74-cm-display-8-core-cpu-7-core-gpu-mac-os-gold,https://vsprod.vijaysales.com/media/catalog/product/2/0/203766-image1.jpg,Electronics > Computers and Laptops > Laptops > MacBook,,
2026-02-02,2026-02-02 10:51:20,laptops,203764,Store Display Unit - Apple MacBook Air M1 chip Laptop (8GB RAM/ 256GB SSD/ 13.3-inch (33.74 cm) Retina Display/ Backlit KB/ FaceTime HD Camera/ Touch ID/ Space Gray) MGN63HN/A (1 Year OnSiteGo Warranty),Apple,59900,74900,59900,Available,https://www.vijaysales.com/p/203764/apple-2020-macbook-air-m1-chip-mgn63hn-a-laptop-8gb-ram-256gb-ssd-13-3-inch-33-74-cm-display-8-core-cpu-7-core-gpu-mac-os-big-space-grey,https://vsprod.vijaysales.com/media/catalog/product/2/0/203764-image1_2.jpg,Electronics > Computers and Laptops > Laptops > MacBook,,
2026-02-02,2026-02-02 10:51:20,laptops,203608,"Store Display Unit Apple Macbook Air M2 8GB 512GB MLY43HN/A, Midnight (1 Year OnSiteGo Warranty)",Apple,75490,109900,75490,Unavailable,https://www.vijaysales.com/p/203608/store-display-unit-apple-macbook-air-m2-8gb-512gb-mly43hn-a-midnight-1-year-onsitego-warranty,https://vsprod.vijaysales.com/media/catalog/product/2/0/203608_1_.jpg,Electronics > Computers and Laptops > Laptops > MacBook,,
2026-02-02,2026-02-02 10:51:20,laptops,203606,"Store Display Unit Apple Macbook Air M2 8GB 512GB MLY23HN/A, Starlight (1 Year OnSiteGo Warranty)",Apple,75490,109900,75490,Unavailable,https://www.vijaysales.com/p/203606/store-display-unit-apple-macbook-air-m2-8gb-512gb-mly23hn-a-starlight-1-year-onsitego-warranty,https://vsprod.vijaysales.com/media/catalog/product/2/0/203606-1.jpg,Electronics > Computers and Laptops > Laptops > MacBook,,
2026-02-02,2026-02-02 10:51:20,laptops,203604,Store Display Unit - Apple MacBook Air M2 Chip Laptop (8GB RAM/ 512 GB SSD/ 13.6-inch (34.46 cm) Display/ 8-core CPU/ 10-core GPU/ macOS) MLY03HN/A (1 Year OnSiteGo Warranty),Apple,75490,109900,75490,Unavailable,https://www.vijaysales.com/p/203604/apple-macbook-air-m2-chip-laptop-8gb-ram-512-gb-ssd-13-6-inch-34-46-cm-display-8-core-cpu-10-core-gpu-macos-silver-mly03hn-a-2022,https://vsprod.vijaysales.com/media/catalog/product/2/0/203604-image1.jpg,Electronics > Computers and Laptops > Laptops > MacBook,,
2026-02-02,2026-02-02 10:51:20,laptops,203603,"Store Display Unit Apple Macbook Air M2 8GB 256GB MLXY3HN/A, Silver (1 Year OnSiteGo Warranty)",Apple,61828,89900,61828,Unavailable,https://www.vijaysales.com/p/203603/store-display-unit-apple-macbook-air-m2-8gb-256gb-mlxy3hna-silver-1-year-onsitego-warranty,https://vsprod.vijaysales.com/media/catalog/product/2/0/203603_1_.jpg,Electronics > Computers and Laptops > Laptops > MacBook,,
2026-02-02,2026-02-02 10:51:20,laptops,194701,Store Display Unit - Apple MacBook Pro 16 M1 Pro Chip MK193HN/A (16GB RAM/ 1 TB SSD/ 16.2 inch (41.05 cm) Liquid Retina XDR Display/ 16-core GPU/ macOS Monterey/ Space Grey) (1 Year OnSiteGo Warranty),Apple,223990,259900,223990,Available,https://www.vijaysales.com/p/194701/apple-macbook-pro-16-m1-pro-chip-mk193hn-a-16gb-ram-1-tb-ssd-16-2-inch-41-05-cm-liquid-retina-xdr-display-16-core-gpu-macos-monterey-space-grey,https://vsprod.vijaysales.com/media/catalog/product/1/9/194701-image1.jpg,Electronics > Computers and Laptops > Laptops > MacBook,,
2026-02-02,2026-02-02 10:51:20,laptops,179125,Store Display Unit - Apple MacBook Pro M1 Chip (8GB RAM/ 256GB SSD/ 13 Inch Retina Display/ 8 core GPU/ Space Grey) MYD82HN/A (1 Year OnSiteGo Warranty),Apple,69990,122900,69990,Unavailable,https://www.vijaysales.com/p/179125/apple-macbook-pro-m1-chip-8gb-ram-256gb-ssd-13-inch-retina-display-8-core-gpu-space-grey-myd82hn-a,https://vsprod.vijaysales.com/media/catalog/product/1/7/179125_1.jpg,Electronics > Computers and Laptops > Laptops > MacBook,,
2026-02-02,2026-02-02 10:51:20,laptops,179121,Store Display Unit - Apple MacBook Air (M1 Chip/ 8GB RAM/ 256GB SSD/ 13.3-inch (33.74 cm) Retina Display) MGND3HN/A (1 Year OnSiteGo Warranty),Apple,57500,89900,57500,Available,https://www.vijaysales.com/p/179121/store-display-unit-apple-macbook-air-m1-chip-8gb-ram-256gb-ssd-133-inch-3374-cm-retina-display-gold-mgnd3hna,https://vsprod.vijaysales.com/media/catalog/product/2/0/203766-image1_1.jpg,Electronics > Computers and Laptops > Laptops > MacBook,,
2026-02-02,2026-02-02 10:51:20,laptops,191762,"XP-Pen Star Star G960S Graphic Tablet for Desktop, Laptop, iMac, MacBook, Mobile, Tablet",XP-Pen,4299,6499,4299,Available,https://www.vijaysales.com/p/191762/xp-pen-star-star-g960s-graphic-tablet-for-desktop-laptop-imac-macbook-mobile-tablet,https://vsprod.vijaysales.com/media/catalog/product/1/9/191762-image1_4.jpg,Electronics > Tablets and Accessories > Tablets > Graphic Tablets,,
2026-02-02,2026-02-02 10:51:20,laptops,191760,"XP-Pen StarG640s Graphic Tablet for Desktop, Laptop, iMac, MacBook, Mobile, Tablet (Black)",XP-Pen,3499,5999,3499,Unavailable,https://www.vijaysales.com/p/191760/xp-pen-starg640s-graphic-tablet-for-desktop-laptop-imac-macbook-mobile-tablet-black,https://vsprod.vijaysales.com/media/catalog/product/1/9/191760-image1_4.jpg,Electronics > Tablets and Accessories > Tablets > Graphic Tablets,,
