scrape_date,scrape_timestamp,category,sku,title,brand,price,mrp,vsp,availability,product_url,image_url,categories,rating,review_count
2026-02-02,2026-02-02 10:51:42,refrigerator,226091,"Whirlpool 235 Litres 2 Star Frost Free Double Door Refrigerator with Faster Bottle Cooling, Anti-Odour Action (NEO DF278 PRM, Steel)",Whirlpool,22990,30690,22990,Unavailable,https://www.vijaysales.com/p/226091/whirlpool-235-litres-2-star-frost-free-double-door-refrigerator-with-faster-bottle-cooling-anti-odour-action-neo-df278-prm-steel,https://vsprod.vijaysales.com/media/catalog/product/2/2/226091-image1.jpg,Electronics > Large Appliances > Refrigerators > Double Door,,
2026-02-02,2026-02-02 10:51:42,refrigerator,215017,"Samsung 183 Litres 3 Star Single Door Refrigerator with Digital Inverter Technology, Direct Cool (RR20C2Y23S8/NL)",Samsung,14990,19999,14990,Available,https://www.vijaysales.com/p/215017/samsung-183-litres-3-star-single-door-refrigerator-with-digital-inverter-technology-direct-cool-rr20c2y23s8-nl,https://vsprod.vijaysales.com/media/catalog/product/2/1/215017-image1_1.jpg,Electronics > Large Appliances > Refrigerators > Single Door,,
2026-02-02,2026-02-02 10:51:42,refrigerator,226094,"Whirlpool 312 Litres 3 Star Frost Free Double Door Inverter Bottom-Mount Refrigerator with 10-in-1 Convertible (Intellifresh Pro, Steel Onyx)",Whirlpool,35990,52850,35990,Available,https://www.vijaysales.com/p/226094/whirlpool-312-litres-3-star-frost-free-double-door-inverter-bottom-mount-refrigerator-with-10-in-1-convertible-intellifresh-pro-steel-onyx,https://vsprod.vijaysales.com/media/catalog/product/2/2/226094_1_.jpg,Electronics > Large Appliances > Refrigerators > Double Door,,
2026-02-02,2026-02-02 10:51:42,refrigerator,154816,"LG 242 L Frost Free 2 Star Double Door Refrigerator with Smart Inverter Compressor, LED Lighting, Toughened Glass Shelves (GL-N292DDSY, Dazzle Steel)",LG,24990,33499,24990,Available,https://www.vijaysales.com/p/P154816/154816/lg-242-l-frost-free-2-star-double-door-refrigerator-with-smart-inverter-compressor-led-lighting-toughened-glass-shelves-gl-n292ddsy-dazzle-steel,https://vsprod.vijaysales.com/media/catalog/product/r/e/ref_ff_vijay_sales_gl-n292ddsy.jpg,Electronics > Large Appliances > Refrigerators > Double Door,,
2026-02-02,2026-02-02 10:51:42,refrigerator,200978,"LG 380 Litres 2 Star Frost Free Double Door Refrigerator with Smart Inverter Compressor, Smart Inverter Technology (GL-N412SDSY, Dazzle Steel)",LG,38490,53099,38490,Available,https://www.vijaysales.com/p/P154816/200978/lg-408-ltrs-2-star-frost-free-double-door-refrigerator-gln412sdsy-dazzle-steel,https://vsprod.vijaysales.com/media/catalog/product/2/0/200978-image1_2.jpg,Electronics > Large Appliances > Refrigerators > Double Door,,
2026-02-02,2026-02-02 10:51:42,refrigerator,214083,"Samsung 189 Litres 5 Star Horizontal Curve Design Single Door Refrigerator with Direct Cool, Digital Inverter Compressor (RR21C2H25DX/HL)",Samsung,17790,23999,17790,Available,https://www.vijaysales.com/p/214083/samsung-5-star-horizontal-curve-design-single-door-refrigerator-with-direct-cool-digital-inverter-compressor-rr21c2h25dx-hl,https://vsprod.vijaysales.com/media/catalog/product/2/1/214083-image1_1.jpg,Electronics > Large Appliances > Refrigerators > Single Door,,
2026-02-02,2026-02-02 10:51:42,refrigerator,213949,"Samsung 236 Litres 2 Stars Digital Inverter Technology Double Door Refrigerator with Egg Container, Interior LED Light (Elegant Inox, RT28C3042S8/HL)",Samsung,23990,32990,23990,Available,https://www.vijaysales.com/p/213949/samsung-236-litres-digital-inverter-technology-double-door-refrigerator-with-egg-container-interior-led-light-elegant-inox-rt28c3042s8-hl,https://vsprod.vijaysales.com/media/catalog/product/2/1/213949-image1_1.jpg,Electronics > Large Appliances > Refrigerators > Double Door,,
2026-02-02,2026-02-02 10:51:42,refrigerator,214199,"LG 185 Litres 3 Star Direct Cool Single Door Refrigerator | Fastest Ice Making | Base Stand with Drawer | Smart Connect | Works without Stabilizer (GL-D199OSED, Scarlet Euphoria)",LG,14990,19899,14990,Available,https://www.vijaysales.com/p/214199/lg-185-litres-3-star-direct-cool-single-door-refrigerator-fastest-ice-making-base-stand-with-drawer-smart-connect-works-without-stabilizer-gl-d199osed-scarlet-euphoria,https://vsprod.vijaysales.com/media/catalog/product/2/1/214199.jpg,Electronics > Large Appliances > Refrigerators > Single Door,,
2026-02-02,2026-02-02 10:51:42,refrigerator,215027,"Whirlpool Intellifresh Pro 235 Litres 2 Star Frost Free Double Door Inverter Convertible Refrigerator (IF PRO 278 INV CNV IS 2S, Illusia Steel)",Whirlpool,24100,34950,24100,Unavailable,https://www.vijaysales.com/p/215027/whirlpool-intellifresh-pro-235-litres-2-star-frost-free-double-door-inverter-convertible-refrigerator-if-pro-278-inv-cnv-is-2s-illusia-steel,https://vsprod.vijaysales.com/media/catalog/product/2/1/215027-image1_1.jpg,Electronics > Large Appliances > Refrigerators > Double Door,,
2026-02-02,2026-02-02 10:51:42,refrigerator,229638,Haier 325 Litres 2 Star Double Door Frost Free Inverter Bottom Mount Refrigerator with Magic Cooling | 14 in 1 Convertible (HRB-3752PKG-P),Haier,38990,62990,38990,Available,https://www.vijaysales.com/p/229638/haier-325-litres-2-star-double-door-frost-free-inverter-bottom-mount-refrigerator-with-magic-cooling-14-in-1-convertible-hrb-3752pkg-p,https://vsprod.vijaysales.com/media/catalog/product/2/2/229638-image.jpg,Electronics > Large Appliances > Refrigerators > Double Door,,
2026-02-02,2026-02-02 10:51:42,refrigerator,242297,"Haier 237 Litres 2 Star Double Door Frost Free Bottom Mount Refrigerator | 8 in 1 Convertible | Turbo Icing | 2X Bigger Vegetable Box | Toughened Glass Shelves (HRB-2872BSB-P, Sparkle Blue)",Haier,24990,38190,24990,Available,https://www.vijaysales.com/p/242297/haier-237-litres-2-star-double-door-frost-free-bottom-mount-refrigerator-8-in-1-convertible-turbo-icing-2x-bigger-vegetable-box-toughened-glass-shelves-hrb-2872bsb-p-sparkle-blue,https://vsprod.vijaysales.com/media/catalog/product/2/4/242297_1_.jpg,Electronics > Large Appliances > Refrigerators > Double Door,,
2026-02-02,2026-02-02 10:51:42,refrigerator,226089,Whirlpool 192 Litres 3 Star Vitamagic Pro Direct Cool Single Door Refrigerator | Auto Defrost Technology | Smart UI Panel (215 VMPRO PRM 3S ALPHA STEEL-Z),Whirlpool,15690,21050,15690,Available,https://www.vijaysales.com/p/P214455/226089/whirlpool-vitamagic-pro-192-litres-3-star-direct-cool-single-door-refrigerator-with-auto-defrost-technology-215vmproprm3sasz-alpha-steel,https://vsprod.vijaysales.com/media/catalog/product/2/2/226089_1__1.jpg,Electronics > Large Appliances > Refrigerators > Single Door,,
2026-02-02,2026-02-02 10:51:42,refrigerator,236531,"Godrej 600 Litres 3 Star Inverter Double Door Side by Side Refrigerator | LED Display Control Panel | Preset Cooling Modes | Deep Storage Drawers (RS EON VELVET 646C RIT, Opera Black)",Godrej,66900,115990,66900,Available,https://www.vijaysales.com/p/236531/godrej-600-litres-3-star-inverter-double-door-side-by-side-refrigerator-led-display-control-panel-preset-cooling-modes-deep-storage-drawers-rs-eon-velvet-646c-rit-opera-black,https://vsprod.vijaysales.com/media/catalog/product/2/3/236531_1__1.jpg,Electronics > Large Appliances > Refrigerators > Side By Side,,
2026-02-02,2026-02-02 10:51:42,refrigerator,237997,"LG 340 Litres 3 Star Frost Free Double Door Smart Wifi Enabled Refrigerator with Door Cooling Plus | Multi Air Flow | Fast Cooling | Wi-Fi (LG ThinQ) (GL-B382DPZX, Shiny Steel)",LG,48990,64999,48990,Available,https://www.vijaysales.com/p/237997/lg-340-litres-3-star-frost-free-double-door-smart-wifi-enabled-refrigerator-with-door-cooling-plus-multi-air-flow-fast-cooling-wi-fi-lg-thinq-gl-b382dpzx-shiny-steel,https://vsprod.vijaysales.com/media/catalog/product/b/a/background_3.jpg,Electronics > Large Appliances > Refrigerators > Double Door,,
2026-02-02,2026-02-02 10:51:42,refrigerator,235899,"Samsung 183 Litres 5 Star Direct Cool Inverter Refrigerator with Toughened Glass Shelves | Base Stand Drawer | Deep Door Guard | Vegetable Box (RR20D2825CU/NL, Camellia Blue)",Samsung,16990,21999,16990,Available,https://www.vijaysales.com/p/235899/samsung-183-litres-5-star-direct-cool-inverter-refrigerator-with-toughened-glass-shelves-base-stand-drawer-deep-door-guard-vegetable-box-rr20d2825cu-nl-camellia-blue,https://vsprod.vijaysales.com/media/catalog/product/2/3/235899_1_.jpg,Electronics > Large Appliances > Refrigerators > Single Door,,
2026-02-02,2026-02-02 10:51:42,refrigerator,229887,Lloyd 92 Litres 1 Star Direct Cool Single Door Mini Refrigerator (Grey Metallic),LLOYD,9990,14290,9990,Available,https://www.vijaysales.com/p/229887/lloyd-92-litres-1-star-direct-cool-single-door-mini-refrigerator-grey-metallic,https://vsprod.vijaysales.com/media/catalog/product/7/1/71uvboadngl._sl1500_.jpg,Electronics > Large Appliances > Refrigerators > Single Door,,
2026-02-02,2026-02-02 10:51:42,refrigerator,200900,"LG 322 Litres Frost Free Double Door Refrigerator with Convertible, Smart Inverter Compressor (GL-S342SPZY, Shiny Steel)",LG,37740,52999,37740,Available,https://www.vijaysales.com/p/P219492/200900/lg-340-ltrs-frost-free-double-door-refrigerator-gls342spzy-shiny-steel,https://vsprod.vijaysales.com/media/catalog/product/2/0/200900-image1_2.jpg,Electronics > Large Appliances > Refrigerators > Double Door,,
2026-02-02,2026-02-02 10:51:42,refrigerator,228934,"Samsung 215 Litres (5 Star) Direct Cool Single Door Refrigerator with Digital Inverter Technology (RR23D2H259R/HL, Paradise Bloom Purple)",Samsung,19990,26999,19990,Available,https://www.vijaysales.com/p/228934/samsung-215-litres-5-star-direct-cool-single-door-refrigerator-with-digital-inverter-technology-rr23d2h259r-hl-paradise-bloom-purple,https://vsprod.vijaysales.com/media/catalog/product/2/2/228934-image1.jpg,Electronics > Large Appliances > Refrigerators > Single Door,,
2026-02-02,2026-02-02 10:51:42,refrigerator,236985,"LG 650 Litres 3 Star Side-by-Side Convertible Refrigerator with Multi-Air Flow | Smart Diagnosis | Smart Inverter Compressor (GL-B257JDS3, Dazzle Steel)",LG,79340,119999,79340,Available,https://www.vijaysales.com/p/236985/lg-650-litres-3-star-side-by-side-convertible-refrigerator-with-multi-air-flow-smart-diagnosis-smart-inverter-compressor-gl-b257jds3-dazzle-steel,https://vsprod.vijaysales.com/media/catalog/product/b/a/background1.jpg,Electronics > Large Appliances > Refrigerators > Side By Side,,
2026-02-02,2026-02-02 10:51:42,refrigerator,214203,LG 272 Litres 2 Star Frost Free Double Door Refrigerator with Smart Diagnosis & Smart Inverter Compressor (GL-N312SDSY Dazzle Steel),LG,30490,38999,30490,Available,https://www.vijaysales.com/p/P154816/214203/lg-272-litres-2-star-frost-free-double-door-refrigerator-with-smart-diagnosis-smart-inverter-compressor-gl-n312sdsy-dazzle-steel,https://vsprod.vijaysales.com/media/catalog/product/2/1/214203_3_2.jpg,Electronics > Large Appliances > Refrigerators > Double Door,,
2026-02-02,2026-02-02 10:51:42,refrigerator,200901,"LG 343 Litres Frost Free Double Door Refrigerator with Convertible, Smart Inverter Compressor (GL-S382SPZY, Shiny Steel)",LG,37599,49999,37599,Available,https://www.vijaysales.com/p/P219492/200901/lg-360-ltrs-frost-free-double-door-refrigerator-gls382spzy-shiny-steel,https://vsprod.vijaysales.com/media/catalog/product/2/0/200901_4_.jpg,Electronics > Large Appliances > Refrigerators > Double Door,,
2026-02-02,2026-02-02 10:51:42,refrigerator,224980,"Voltas Beko 175 Litres 2 Star Single Door Direct Cool Refrigerator with Chiller Zone, Stabilizer Free Operation, Fresh Box (RDC208D/S0ABE0M0000GD)",Voltas Beko,13990,25990,13990,Available,https://www.vijaysales.com/p/224980/voltas-beko-175-litres-2-star-single-door-direct-cool-refrigerator-with-chiller-zone-stabilizer-free-operation-fresh-box-rdc208d-s0abe0m0000gd,https://vsprod.vijaysales.com/media/catalog/product/2/2/224980-image1.jpg,Electronics > Large Appliances > Refrigerators > Single Door,,
2026-02-02,2026-02-02 10:51:42,refrigerator,224979,"Voltas Beko 175 Litres 1 Star Single Door Direct Cool Refrigerator with Chiller Zone, Stabilizer Free Operation, Fresh Box (RDC208E / S0PWE0M0000GD)",Voltas Beko,12990,24090,12990,Available,https://www.vijaysales.com/p/224979/voltas-beko-175-litres-1-star-single-door-direct-cool-refrigerator-with-chiller-zone-stabilizer-free-operation-fresh-box-rdc208e-s0pwe0m0000gd,https://vsprod.vijaysales.com/media/catalog/product/a/5/a5184d86-b7fa-4c78-b449-9a7a5464b25e24141310.jpg,Electronics > Large Appliances > Refrigerators > Single Door,,
2026-02-02,2026-02-02 10:51:42,refrigerator,228749,"LG 466 Litres Frost Free Double Door Refrigerator with Smart Inverter Compressor, Convertible, WIFI Support (GLT492MESY, Ebony Sheen)",LG,56990,74799,56990,Available,https://www.vijaysales.com/p/228749/lg-466-litres-frost-free-double-door-refrigerator-with-smart-inverter-compressor-convertible-wifi-support-glt492mesy-ebony-sheen,https://vsprod.vijaysales.com/media/catalog/product/2/2/228749-image.jpg,Electronics > Large Appliances > Refrigerators > Double Door,,
2026-02-02,2026-02-02 10:51:42,refrigerator,238913,"IFB 187 Litres 2 Star Direct Cool Refrigerator with Converti Cool Technology | Fast Ice | Copper Boost | Toughened Glass Shelves | Stabilizer Free Operation (IFBDC-2132FCS, Cobalt Blue)",IFB,13490,18850,13490,Available,https://www.vijaysales.com/p/238913/ifb-187-litres-2-star-direct-cool-refrigerator-with-converti-cool-technology-fast-ice-copper-boost-toughened-glass-shelves-stabilizer-free-operation-ifbdc-2132fcs-cobalt-blue,https://vsprod.vijaysales.com/media/catalog/product/2/3/238913_1_.jpg,Electronics > Large Appliances > Refrigerators > Single Door,,
2026-02-02,2026-02-02 10:51:42,refrigerator,231935,"Samsung 396 Litres 2 Star BESPOKE AI Double Door Refrigerator with Convertible 5-in-1 | SmartThings AI Energy Mode (RT41DB6A4B22, Black Glass)",Samsung,46490,68990,46490,Available,https://www.vijaysales.com/p/231935/samsung-396-litres-2-star-bespoke-ai-double-door-refrigerator-with-convertible-5-in-1-smartthings-ai-energy-mode-rt41db6a4b22-black-glass,https://vsprod.vijaysales.com/media/catalog/product/2/3/231935_1_.jpg,Electronics > Large Appliances > Refrigerators > Double Door,,
2026-02-02,2026-02-02 10:51:42,refrigerator,238984,"Voltas Beko 185 Litres 5 Star Direct Cool Single Door Refrigerator | Quick Freeze | Fresh Box | Crisper Humidity Controller | Flexlift Door Shelf | Door Lock (RDC220A / W0BDETM0000GD, Peony Delight Blue)",Voltas,16490,31390,16490,Available,https://www.vijaysales.com/p/238984/voltas-beko-185-litres-5-star-direct-cool-single-door-refrigerator-quick-freeze-fresh-box-crisper-humidity-controller-flexlift-door-shelf-door-lock-rdc220a-w0bdetm0000gd-peony-delight-blue,https://vsprod.vijaysales.com/media/catalog/product/2/3/238984_1_.jpg,Electronics > Large Appliances > Refrigerators > Single Door,,
2026-02-02,2026-02-02 10:51:42,refrigerator,229639,"Haier 300 Litres 2 Star Bottom Mounted Frost Free Double Door Inverter Refrigerator with Turbo Icing Technology (HRB-3502BS-P, Brushline Silver)",Haier,30500,47990,30500,Available,https://www.vijaysales.com/p/229639/haier-300-litres-2-star-bottom-mounted-frost-free-double-door-inverter-refrigerator-with-turbo-icing-technology-hrb-3502bs-p-brushline-silver,https://vsprod.vijaysales.com/media/catalog/product/2/2/229639-image_8.jpg,Electronics > Large Appliances > Refrigerators > Double Door,,
2026-02-02,2026-02-02 10:51:42,refrigerator,224672,"Haier 602 L Side-by-Side Refrigerator with 3 Star, Frost Free, WiFi Enabled, Stabilizer Free Operation (HRS-682SSU1, Shiny Steel)",Haier,62990,111390,62990,Available,https://www.vijaysales.com/p/224672/haier-602-l-side-by-side-refrigerator-with-3-star-frost-free-wifi-enabled-stabilizer-free-operation-hrs-682ssu1-shiny-steel,https://vsprod.vijaysales.com/media/catalog/product/2/2/224672-image.jpg,Electronics > Large Appliances > Refrigerators > Side By Side,,
2026-02-02,2026-02-02 10:51:42,refrigerator,218132,"Godrej 272 Litres 2 Star Frost Free Double Door Refrigerator | Advanced Inverter Tecnholgy | Glass Door Finish (RT Eon Crystal 310B RI OB, Onyx Black)",Godrej,27990,41590,27990,Available,https://www.vijaysales.com/p/P217434/218132/godrej-272-litres-2-star-frost-free-double-door-refrigerator-with-cool-balance-technology-rt-eoncrystal-310b-ri-ob-onyx-black,https://vsprod.vijaysales.com/media/catalog/product/2/1/218132-image1_1.jpg,Electronics > Large Appliances > Refrigerators > Double Door,,
2026-02-02,2026-02-02 10:51:42,refrigerator,226091,"Whirlpool 235 Litres 2 Star Frost Free Double Door Refrigerator with Faster Bottle Cooling, Anti-Odour Action (NEO DF278 PRM, Steel)",Whirlpool,22990,30690,22990,Unavailable,https://www.vijaysales.com/p/226091/whirlpool-235-litres-2-star-frost-free-double-door-refrigerator-with-faster-bottle-cooling-anti-odour-action-neo-df278-prm-steel,https://vsprod.vijaysales.com/media/catalog/product/2/2/226091-image1.jpg,Electronics > Large Appliances > Refrigerators > Double Door,,
2026-02-02,2026-02-02 10:51:42,refrigerator,215017,"Samsung 183 Litres 3 Star Single Door Refrigerator with Digital Inverter Technology, Direct Cool (RR20C2Y23S8/NL)",Samsung,14990,19999,14990,Available,https://www.vijaysales.com/p/215017/samsung-183-litres-3-star-single-door-refrigerator-with-digital-inverter-technology-direct-cool-rr20c2y23s8-nl,https://vsprod.vijaysales.com/media/catalog/product/2/1/215017-image1_1.jpg,Electronics > Large Appliances > Refrigerators > Single Door,,
2026-02-02,2026-02-02 10:51:42,refrigerator,226094,"Whirlpool 312 Litres 3 Star Frost Free Double Door Inverter Bottom-Mount Refrigerator with 10-in-1 Convertible (Intellifresh Pro, Steel Onyx)",Whirlpool,35990,52850,35990,Available,https://www.vijaysales.com/p/226094/whirlpool-312-litres-3-star-frost-free-double-door-inverter-bottom-mount-refrigerator-with-10-in-1-convertible-intellifresh-pro-steel-onyx,https://vsprod.vijaysales.com/media/catalog/product/2/2/226094_1_.jpg,Electronics > Large Appliances > Refrigerators > Double Door,,
2026-02-02,2026-02-02 10:51:42,refrigerator,154816,"LG 242 L Frost Free 2 Star Double Door Refrigerator with Smart Inverter Compressor, LED Lighting, Toughened Glass Shelves (GL-N292DDSY, Dazzle Steel)",LG,24990,33499,24990,Available,https://www.vijaysales.com/p/P154816/154816/lg-242-l-frost-free-2-star-double-door-refrigerator-with-smart-inverter-compressor-led-lighting-toughened-glass-shelves-gl-n292ddsy-dazzle-steel,https://vsprod.vijaysales.com/media/catalog/product/r/e/ref_ff_vijay_sales_gl-n292ddsy.jpg,Electronics > Large Appliances > Refrigerators > Double Door,,
2026-02-02,2026-02-02 10:51:42,refrigerator,200978,"LG 380 Litres 2 Star Frost Free Double Door Refrigerator with Smart Inverter Compressor, Smart Inverter Technology (GL-N412SDSY, Dazzle Steel)",LG,38490,53099,38490,Available,https://www.vijaysales.com/p/P154816/200978/lg-408-ltrs-2-star-frost-free-double-door-refrigerator-gln412sdsy-dazzle-steel,https://vsprod.vijaysales.com/media/catalog/product/2/0/200978-image1_2.jpg,Electronics > Large Appliances > Refrigerators > Double Door,,
2026-02-02,2026-02-02 10:51:42,refrigerator,214083,"Samsung 189 Litres 5 Star Horizontal Curve Design Single Door Refrigerator with Direct Cool, Digital Inverter Compressor (RR21C2H25DX/HL)",Samsung,17790,23999,17790,Available,https://www.vijaysales.com/p/214083/samsung-5-star-horizontal-curve-design-single-door-refrigerator-with-direct-cool-digital-inverter-compressor-rr21c2h25dx-hl,https://vsprod.vijaysales.com/media/catalog/product/2/1/214083-image1_1.jpg,Electronics > Large Appliances > Refrigerators > Single Door,,
2026-02-02,2026-02-02 10:51:42,refrigerator,213949,"Samsung 236 Litres 2 Stars Digital Inverter Technology Double Door Refrigerator with Egg Container, Interior LED Light (Elegant Inox, RT28C3042S8/HL)",Samsung,23990,32990,23990,Available,https://www.vijaysales.com/p/213949/samsung-236-litres-digital-inverter-technology-double-door-refrigerator-with-egg-container-interior-led-light-elegant-inox-rt28c3042s8-hl,https://vsprod.vijaysales.com/media/catalog/product/2/1/213949-image1_1.jpg,Electronics > Large Appliances > Refrigerators > Double Door,,
2026-02-02,2026-02-02 10:51:42,refrigerator,214199,"LG 185 Litres 3 Star Direct Cool Single Door Refrigerator | Fastest Ice Making | Base Stand with Drawer | Smart Connect | Works without Stabilizer (GL-D199OSED, Scarlet Euphoria)",LG,14990,19899,14990,Available,https://www.vijaysales.com/p/214199/lg-185-litres-3-star-direct-cool-single-door-refrigerator-fastest-ice-making-base-stand-with-drawer-smart-connect-works-without-stabilizer-gl-d199osed-scarlet-euphoria,https://vsprod.vijaysales.com/media/catalog/product/2/1/214199.jpg,Electronics > Large Appliances > Refrigerators > Single Door,,
2026-02-02,2026-02-02 10:51:42,refrigerator,215027,"Whirlpool Intellifresh Pro 235 Litres 2 Star Frost Free Double Door Inverter Convertible Refrigerator (IF PRO 278 INV CNV IS 2S, Illusia Steel)",Whirlpool,24100,34950,24100,Unavailable,https://www.vijaysales.com/p/215027/whirlpool-intellifresh-pro-235-litres-2-star-frost-free-double-door-inverter-convertible-refrigerator-if-pro-278-inv-cnv-is-2s-illusia-steel,https://vsprod.vijaysales.com/media/catalog/product/2/1/215027-image1_1.jpg,Electronics > Large Appliances > Refrigerators > Double Door,,
2026-02-02,2026-02-02 10:51:42,refrigerator,229638,Haier 325 Litres 2 Star Double Door Frost Free Inverter Bottom Mount Refrigerator with Magic Cooling | 14 in 1 Convertible (HRB-3752PKG-P),Haier,38990,62990,38990,Available,https://www.vijaysales.com/p/229638/haier-325-litres-2-star-double-door-frost-free-inverter-bottom-mount-refrigerator-with-magic-cooling-14-in-1-convertible-hrb-3752pkg-p,https://vsprod.vijaysales.com/media/catalog/product/2/2/229638-image.jpg,Electronics > Large Appliances > Refrigerators > Double Door,,
2026-02-02,2026-02-02 10:51:42,refrigerator,242297,"Haier 237 Litres 2 Star Double Door Frost Free Bottom Mount Refrigerator | 8 in 1 Convertible | Turbo Icing | 2X Bigger Vegetable Box | Toughened Glass Shelves (HRB-2872BSB-P, Sparkle Blue)",Haier,24990,38190,24990,Available,https://www.vijaysales.com/p/242297/haier-237-litres-2-star-double-door-frost-free-bottom-mount-refrigerator-8-in-1-convertible-turbo-icing-2x-bigger-vegetable-box-toughened-glass-shelves-hrb-2872bsb-p-sparkle-blue,https://vsprod.vijaysales.com/media/catalog/product/2/4/242297_1_.jpg,Electronics > Large Appliances > Refrigerators > Double Door,,
2026-02-02,2026-02-02 10:51:42,refrigerator,226089,Whirlpool 192 Litres 3 Star Vitamagic Pro Direct Cool Single Door Refrigerator | Auto Defrost Technology | Smart UI Panel (215 VMPRO PRM 3S ALPHA STEEL-Z),Whirlpool,15690,21050,15690,Available,https://www.vijaysales.com/p/P214455/226089/whirlpool-vitamagic-pro-192-litres-3-star-direct-cool-single-door-refrigerator-with-auto-defrost-technology-215vmproprm3sasz-alpha-steel,https://vsprod.vijaysales.com/media/catalog/product/2/2/226089_1__1.jpg,Electronics > Large Appliances > Refrigerators > Single Door,,
2026-02-02,2026-02-02 10:51:42,refrigerator,236531,"Godrej 600 Litres 3 Star Inverter Double Door Side by Side Refrigerator | LED Display Control Panel | Preset Cooling Modes | Deep Storage Drawers (RS EON VELVET 646C RIT, Opera Black)",Godrej,66900,115990,66900,Available,https://www.vijaysales.com/p/236531/godrej-600-litres-3-star-inverter-double-door-side-by-side-refrigerator-led-display-control-panel-preset-cooling-modes-deep-storage-drawers-rs-eon-velvet-646c-rit-opera-black,https://vsprod.vijaysales.com/media/catalog/product/2/3/236531_1__1.jpg,Electronics > Large Appliances > Refrigerators > Side By Side,,
2026-02-02,2026-02-02 10:51:42,refrigerator,237997,"LG 340 Litres 3 Star Frost Free Double Door Smart Wifi Enabled Refrigerator with Door Cooling Plus | Multi Air Flow | Fast Cooling | Wi-Fi (LG ThinQ) (GL-B382DPZX, Shiny Steel)",LG,48990,64999,48990,Available,https://www.vijaysales.com/p/237997/lg-340-litres-3-star-frost-free-double-door-smart-wifi-enabled-refrigerator-with-door-cooling-plus-multi-air-flow-fast-cooling-wi-fi-lg-thinq-gl-b382dpzx-shiny-steel,https://vsprod.vijaysales.com/media/catalog/product/b/a/background_3.jpg,Electronics > Large Appliances > Refrigerators > Double Door,,
2026-02-02,2026-02-02 10:51:42,refrigerator,235899,"Samsung 183 Litres 5 Star Direct Cool Inverter Refrigerator with Toughened Glass Shelves | Base Stand Drawer | Deep Door Guard | Vegetable Box (RR20D2825CU/NL, Camellia Blue)",Samsung,16990,21999,16990,Available,https://www.vijaysales.com/p/235899/samsung-183-litres-5-star-direct-cool-inverter-refrigerator-with-toughened-glass-shelves-base-stand-drawer-deep-door-guard-vegetable-box-rr20d2825cu-nl-camellia-blue,https://vsprod.vijaysales.com/media/catalog/product/2/3/235899_1_.jpg,Electronics > Large Appliances > Refrigerators > Single Door,,
2026-02-02,2026-02-02 10:51:42,refrigerator,229887,Lloyd 92 Litres 1 Star Direct Cool Single Door Mini Refrigerator (Grey Metallic),LLOYD,9990,14290,9990,Available,https://www.vijaysales.com/p/229887/lloyd-92-litres-1-star-direct-cool-single-door-mini-refrigerator-grey-metallic,https://vsprod.vijaysales.com/media/catalog/product/7/1/71uvboadngl._sl1500_.jpg,Electronics > Large Appliances > Refrigerators > Single Door,,
2026-02-02,2026-02-02 10:51:42,refrigerator,200900,"LG 322 Litres Frost Free Double Door Refrigerator with Convertible, Smart Inverter Compressor (GL-S342SPZY, Shiny Steel)",LG,37740,52999,37740,Available,https://www.vijaysales.com/p/P219492/200900/lg-340-ltrs-frost-free-double-door-refrigerator-gls342spzy-shiny-steel,https://vsprod.vijaysales.com/media/catalog/product/2/0/200900-image1_2.jpg,Electronics > Large Appliances > Refrigerators > Double Door,,
2026-02-02,2026-02-02 10:51:42,refrigerator,228934,"Samsung 215 Litres (5 Star) Direct Cool Single Door Refrigerator with Digital Inverter Technology (RR23D2H259R/HL, Paradise Bloom Purple)",Samsung,19990,26999,19990,Available,https://www.vijaysales.com/p/228934/samsung-215-litres-5-star-direct-cool-single-door-refrigerator-with-digital-inverter-technology-rr23d2h259r-hl-paradise-bloom-purple,https://vsprod.vijaysales.com/media/catalog/product/2/2/228934-image1.jpg,Electronics > Large Appliances > Refrigerators > Single Door,,
2026-02-02,2026-02-02 10:51:42,refrigerator,236985,"LG 650 Litres 3 Star Side-by-Side Convertible Refrigerator with Multi-Air Flow | Smart Diagnosis | Smart Inverter Compressor (GL-B257JDS3, Dazzle Steel)",LG,79340,119999,79340,Available,https://www.vijaysales.com/p/236985/lg-650-litres-3-star-side-by-side-convertible-refrigerator-with-multi-air-flow-smart-diagnosis-smart-inverter-compressor-gl-b257jds3-dazzle-steel,https://vsprod.vijaysales.com/media/catalog/product/b/a/background1.jpg,Electronics > Large Appliances > Refrigerators > Side By Side,,
2026-02-02,2026-02-02 10:51:42,refrigerator,214203,LG 272 Litres 2 Star Frost Free Double Door Refrigerator with Smart Diagnosis & Smart Inverter Compressor (GL-N312SDSY Dazzle Steel),LG,30490,38999,30490,Available,https://www.vijaysales.com/p/P154816/214203/lg-272-litres-2-star-frost-free-double-door-refrigerator-with-smart-diagnosis-smart-inverter-compressor-gl-n312sdsy-dazzle-steel,https://vsprod.vijaysales.com/media/catalog/product/2/1/214203_3_2.jpg,Electronics > Large Appliances > Refrigerators > Double Door,,
2026-02-02,2026-02-02 10:51:42,refrigerator,200901,"LG 343 Litres Frost Free Double Door Refrigerator with Convertible, Smart Inverter Compressor (GL-S382SPZY, Shiny Steel)",LG,37599,49999,37599,Available,https://www.vijaysales.com/p/P219492/200901/lg-360-ltrs-frost-free-double-door-refrigerator-gls382spzy-shiny-steel,https://vsprod.vijaysales.com/media/catalog/product/2/0/200901_4_.jpg,Electronics > Large Appliances > Refrigerators > Double Door,,
2026-02-02,2026-02-02 10:51:42,refrigerator,224980,"Voltas Beko 175 Litres 2 Star Single Door Direct Cool Refrigerator with Chiller Zone, Stabilizer Free Operation, Fresh Box (RDC208D/S0ABE0M0000GD)",Voltas Beko,13990,25990,13990,Available,https://www.vijaysales.com/p/224980/voltas-beko-175-litres-2-star-single-door-direct-cool-refrigerator-with-chiller-zone-stabilizer-free-operation-fresh-box-rdc208d-s0abe0m0000gd,https://vsprod.vijaysales.com/media/catalog/product/2/2/224980-image1.jpg,Electronics > Large Appliances > Refrigerators > Single Door,,
2026-02-02,2026-02-02 10:51:42,refrigerator,224979,"Voltas Beko 175 Litres 1 Star Single Door Direct Cool Refrigerator with Chiller Zone, Stabilizer Free Operation, Fresh Box (RDC208E / S0PWE0M0000GD)",Voltas Beko,12990,24090,12990,Available,https://www.vijaysales.com/p/224979/voltas-beko-175-litres-1-star-single-door-direct-cool-refrigerator-with-chiller-zone-stabilizer-free-operation-fresh-box-rdc208e-s0pwe0m0000gd,https://vsprod.vijaysales.com/media/catalog/product/a/5/a5184d86-b7fa-4c78-b449-9a7a5464b25e24141310.jpg,Electronics > Large Appliances > Refrigerators > Single Door,,
2026-02-02,2026-02-02 10:51:42,refrigerator,228749,"LG 466 Litres Frost Free Double Door Refrigerator with Smart Inverter Compressor, Convertible, WIFI Support (GLT492MESY, Ebony Sheen)",LG,56990,74799,56990,Available,https://www.vijaysales.com/p/228749/lg-466-litres-frost-free-double-door-refrigerator-with-smart-inverter-compressor-convertible-wifi-support-glt492mesy-ebony-sheen,https://vsprod.vijaysales.com/media/catalog/product/2/2/228749-image.jpg,Electronics > Large Appliances > Refrigerators > Double Door,,
2026-02-02,2026-02-02 10:51:42,refrigerator,238913,"IFB 187 Litres 2 Star Direct Cool Refrigerator with Converti Cool Technology | Fast Ice | Copper Boost | Toughened Glass Shelves | Stabilizer Free Operation (IFBDC-2132FCS, Cobalt Blue)",IFB,13490,18850,13490,Available,https://www.vijaysales.com/p/238913/ifb-187-litres-2-star-direct-cool-refrigerator-with-converti-cool-technology-fast-ice-copper-boost-toughened-glass-shelves-stabilizer-free-operation-ifbdc-2132fcs-cobalt-blue,https://vsprod.vijaysales.com/media/catalog/product/2/3/238913_1_.jpg,Electronics > Large Appliances > Refrigerators > Single Door,,
2026-02-02,2026-02-02 10:51:42,refrigerator,231935,"Samsung 396 Litres 2 Star BESPOKE AI Double Door Refrigerator with Convertible 5-in-1 | SmartThings AI Energy Mode (RT41DB6A4B22, Black Glass)",Samsung,46490,68990,46490,Available,https://www.vijaysales.com/p/231935/samsung-396-litres-2-star-bespoke-ai-double-door-refrigerator-with-convertible-5-in-1-smartthings-ai-energy-mode-rt41db6a4b22-black-glass,https://vsprod.vijaysales.com/media/catalog/product/2/3/231935_1_.jpg,Electronics > Large Appliances > Refrigerators > Double Door,,
2026-02-02,2026-02-02 10:51:42,refrigerator,238984,"Voltas Beko 185 Litres 5 Star Direct Cool Single Door Refrigerator | Quick Freeze | Fresh Box | Crisper Humidity Controller | Flexlift Door Shelf | Door Lock (RDC220A / W0BDETM0000GD, Peony Delight Blue)",Voltas,16490,31390,16490,Available,https://www.vijaysales.com/p/238984/voltas-beko-185-litres-5-star-direct-cool-single-door-refrigerator-quick-freeze-fresh-box-crisper-humidity-controller-flexlift-door-shelf-door-lock-rdc220a-w0bdetm0000gd-peony-delight-blue,https://vsprod.vijaysales.com/media/catalog/product/2/3/238984_1_.jpg,Electronics > Large Appliances > Refrigerators > Single Door,,
2026-02-02,2026-02-02 10:51:42,refrigerator,229639,"Haier 300 Litres 2 Star Bottom Mounted Frost Free Double Door Inverter Refrigerator with Turbo Icing Technology (HRB-3502BS-P, Brushline Silver)",Haier,30500,47990,30500,Available,https://www.vijaysales.com/p/229639/haier-300-litres-2-star-bottom-mounted-frost-free-double-door-inverter-refrigerator-with-turbo-icing-technology-hrb-3502bs-p-brushline-silver,https://vsprod.vijaysales.com/media/catalog/product/2/2/229639-image_8.jpg,Electronics > Large Appliances > Refrigerators > Double Door,,
2026-02-02,2026-02-02 10:51:42,refrigerator,224672,"Haier 602 L Side-by-Side Refrigerator with 3 Star, Frost Free, WiFi Enabled, Stabilizer Free Operation (HRS-682SSU1, Shiny Steel)",Haier,62990,111390,62990,Available,https://www.vijaysales.com/p/224672/haier-602-l-side-by-side-refrigerator-with-3-star-frost-free-wifi-enabled-stabilizer-free-operation-hrs-682ssu1-shiny-steel,https://vsprod.vijaysales.com/media/catalog/product/2/2/224672-image.jpg,Electronics > Large Appliances > Refrigerators > Side By Side,,
2026-02-02,2026-02-02 10:51:42,refrigerator,218132,"Godrej 272 Litres 2 Star Frost Free Double Door Refrigerator | Advanced Inverter Tecnholgy | Glass Door Finish (RT Eon Crystal 310B RI OB, Onyx Black)",Godrej,27990,41590,27990,Available,https://www.vijaysales.com/p/P217434/218132/godrej-272-litres-2-star-frost-free-double-door-refrigerator-with-cool-balance-technology-rt-eoncrystal-310b-ri-ob-onyx-black,https://vsprod.vijaysales.com/media/catalog/product/2/1/218132-image1_1.jpg,Electronics > Large Appliances > Refrigerators > Double Door,,
2026-02-02,2026-02-02 10:51:42,refrigerator,224350,"Bluestar 47 Litres 2 Star Minibar Refrigerator with Adjustable Temperature,  Toughened Glass Shelf (MR60-GB, Black)",Bluestar,8790,11990,8790,Available,https://www.vijaysales.com/p/224350/bluestar-47-litres-2-star-minibar-refrigerator-with-adjustable-temperature-toughened-glass-shelf-mr60-gb-black,https://vsprod.vijaysales.com/media/catalog/product/2/2/224350-image1_1.jpg,Electronics > Large Appliances > Refrigerators > Single Door,,
2026-02-02,2026-02-02 10:51:42,refrigerator,241293,"Haier 190 Litres Single Door Direct Cool Refrigerator | One Hour Icing Technology |  3 Toughened Glass Shelves | Stabilizer Free Operation (HRD-2103BNS-P, Nickel Steel)",Haier,14990,21990,14990,Available,https://www.vijaysales.com/p/241293/haier-190-litres-single-door-direct-cool-refrigerator-one-hour-icing-technology-3-toughened-glass-shelves-stabilizer-free-operation-hrd-2103bns-p-nickel-steel,https://vsprod.vijaysales.com/media/catalog/product/2/4/241293_1_.jpg,Electronics > Large Appliances > Refrigerators > Single Door,,
2026-02-02,2026-02-02 10:51:42,refrigerator,218162,"Whirlpool 236 Litres 4 Star Direct Cool Single Door Inverter Refrigerator with Auto Defrost (260 Icemagic Pro Plus ROY 4S AS Z, ALPHA STEEL-Z)",Whirlpool,20990,27050,20990,Unavailable,https://www.vijaysales.com/p/P218162/218162/whirlpool-236-litres-4-star-icemagic-pro-plus-direct-cool-single-door-inverter-refrigerator-260-impro-plus-roy-4s-as-z-alpha-steel-z,https://vsprod.vijaysales.com/media/catalog/product/2/1/218162-image1_1.jpg,Electronics > Large Appliances > Refrigerators > Single Door,,
2026-02-02,2026-02-02 10:51:42,refrigerator,214079,"Samsung 2 Star 256 Litres Convertible Double Door Refrigerator with Digital Inverter Compressor (Elegant Inox, RT30C3732S8/HL)",Samsung,28200,41990,28200,Unavailable,https://www.vijaysales.com/p/214079/samsung-2-star-256-litres-convertible-double-door-refrigerator-with-digital-inverter-compressor-elegant-inox-rt30c3732s8-hl,https://vsprod.vijaysales.com/media/catalog/product/2/1/214079-image1_1.jpg,Electronics > Large Appliances > Refrigerators > Double Door,,
2026-02-02,2026-02-02 10:51:42,refrigerator,218131,"Godrej 180 Litres 3 Star Direct Cool Single Door Refrigerator |Turbo Cooling Technology | Upto 24 Days Farm Freshness (RD ERIOPLS 205C THF ST GL, Steel Glow)",Godrej,13990,20590,13990,Unavailable,https://www.vijaysales.com/p/218131/godrej-180-litres-3-star-direct-cool-single-door-refrigerator-with-turbo-cooling-technology-rderiopls205cthfstgl-steel-glow,https://vsprod.vijaysales.com/media/catalog/product/r/d/rderiopls205cthfstgl_1_.jpg,Electronics > Large Appliances > Refrigerators > Single Door,,
2026-02-02,2026-02-02 10:51:42,refrigerator,214085,"Samsung 653 Litres 3 Star Frost Free Side By Side  Refrigerator with Twin Cooling Plus & Digital Inverter Compressor (RS76CG8113SL/HL, EZ Clean Steel)",Samsung,83990,137000,83990,Available,https://www.vijaysales.com/p/P218271/214085/samsung-653-litres-3-star-frost-free-side-by-side-refrigerator-with-twin-cooling-plus-digital-inverter-compressor-rs76cg8113sl-hl-ez-clean-steel,https://vsprod.vijaysales.com/media/catalog/product/2/1/214085.jpg,Electronics > Large Appliances > Refrigerators > Side By Side,,
2026-02-02,2026-02-02 10:51:42,refrigerator,200979,"LG 398 Litres 2 Star Convertible Double Door Refrigerator with Smart Inverter Compressor | Multi Air Flow | Moving Ice Tray (GL-S422SPZY, Shiny Steel)",LG,46490,59399,46490,Available,https://www.vijaysales.com/p/P219492/200979/lg-423-ltrs-2-star-frost-free-double-door-refrigerator-gls422spzy-shiny-steel,https://vsprod.vijaysales.com/media/catalog/product/2/0/200979_1_2.jpg,Electronics > Large Appliances > Refrigerators > Double Door,,
2026-02-02,2026-02-02 10:51:42,refrigerator,245427,Whirlpool 285 Litres 2 Star Double Door Frost Free Bottom-Mount Refrigerator | 3D Airflow Technology | High Cooling Retention (Omega Steel),Whirlpool,31990,46050,31990,Available,https://www.vijaysales.com/p/245427/whirlpool-285-litres-2-star-double-door-frost-free-bottom-mount-refrigerator-3d-airflow-technology-high-cooling-retention-omega-steel,https://vsprod.vijaysales.com/media/catalog/product/2/4/245427.jpg,Electronics > Large Appliances > Refrigerators > Double Door,,
2026-02-02,2026-02-02 10:51:42,refrigerator,226095,"Whirlpool 235 Litres 2 Star Frost Free Double Door Refrigerator with Ice Twister, Fast Bottle Cooling (NEO 278GD PRM, Crystal Black)",Whirlpool,25490,33700,25490,Unavailable,https://www.vijaysales.com/p/226095/whirlpool-235-litres-2-star-frost-free-double-door-refrigerator-with-ice-twister-fast-bottle-cooling-neo-278gd-prm-crystal-black,https://vsprod.vijaysales.com/media/catalog/product/2/2/226095-image1_1.jpg,Electronics > Large Appliances > Refrigerators > Double Door,,
2026-02-02,2026-02-02 10:51:42,refrigerator,238106,"Haier 520 Litres 3 Star Four Door Side by Side Refrigerator | Deo Fresh Technology | Convertible 85% Fridge Space | No Wall Partition | Magic Cooling | Toughened Glass (HRB-600IS, Inox Steel)",Haier,74990,124490,74990,Available,https://www.vijaysales.com/p/238106/haier-520-litres-3-star-four-door-side-by-side-refrigerator-deo-fresh-technology-convertible-85-fridge-space-no-wall-partition-magic-cooling-toughened-glass-hrb-600is-inox-steel,https://vsprod.vijaysales.com/media/catalog/product/2/3/238106_3__1.jpg,Electronics > Large Appliances > Refrigerators > Side By Side,,
2026-02-02,2026-02-02 10:51:42,refrigerator,230140,"LG 630 Litres Side-by-Side Refrigerator with 3 Star, Wi-Fi –Convertible Water & Ice Dispenser, Smart Inverter Compressor (GL-L257CPZ3, Shiny Steel)",LG,107990,157499,107990,Available,https://www.vijaysales.com/p/230140/lg-630-litres-side-by-side-refrigerator-with-3-star-wi-fi-convertible-water-ice-dispenser-smart-inverter-compressor-gl-l257cpz3-shiny-steel,https://vsprod.vijaysales.com/media/catalog/product/g/l/gl-l257cpz3_1.jpg,Electronics > Large Appliances > Refrigerators > Side By Side,,
2026-02-02,2026-02-02 10:51:42,refrigerator,238074,"Samsung 330 Litres 3 Star Bespoke AI Double Door Frost Free Refrigerator | Convertible 5-in-1 | Twin Cooling Plus | Wi-Fi Enabled | Power Cool/Free (RT34DG5A4DB1, Black Matt)",Samsung,38990,56990,38990,Unavailable,https://www.vijaysales.com/p/238074/samsung-330-litres-3-star-bespoke-ai-double-door-frost-free-refrigerator-convertible-5-in-1-twin-cooling-plus-wi-fi-enabled-power-cool-free-rt34dg5a4db1-black-matt,https://vsprod.vijaysales.com/media/catalog/product/2/3/238074_1_.jpg,Electronics > Large Appliances > Refrigerators > Double Door,,
2026-02-02,2026-02-02 10:51:42,refrigerator,238076,"Samsung 350 Litres 2 Star Double Door Frost Free Inverter Refrigerator with Convertible 5-in-1 | Wi-Fi Enabled | Twin Cooling Plus (RT38DG5A2BBXHL, Luxe Black)",Samsung,39990,57990,39990,Unavailable,https://www.vijaysales.com/p/238076/samsung-350-litres-2-star-double-door-frost-free-inverter-refrigerator-with-convertible-5-in-1-wi-fi-enabled-twin-cooling-plus-rt38dg5a2bbxhl-luxe-black,https://vsprod.vijaysales.com/media/catalog/product/2/3/238076_1_.jpg,Electronics > Large Appliances > Refrigerators > Double Door,,
2026-02-02,2026-02-02 10:51:42,refrigerator,215138,"Haier 355 Litres 3 Star Double Door Inverter Refrigerator with Triple Inverter Technology, 14 In 1 Convertible Mode (HRB4053BISP, Inox Steel)",Haier,40990,61490,40990,Available,https://www.vijaysales.com/p/215138/haier-355-litres-3-star-double-door-inverter-refrigerator-with-triple-inverter-technology-14-in-1-convertible-mode-hrb4053bisp-inox-steel,https://vsprod.vijaysales.com/media/catalog/product/2/1/215138-image1_1.jpg,Electronics > Large Appliances > Refrigerators > Double Door,,
2026-02-02,2026-02-02 10:51:42,refrigerator,226092,Whirlpool Icemagic Pro 192 Litres 5 Star Direct Cool Single Door Inverter Refrigerator with Magic Chiller | Large Vegetable Crisper | Microblock Technology (Sapphire Silk),Whirlpool,16990,24080,16990,Available,https://www.vijaysales.com/p/226092/whirlpool-icemagic-pro-192-litres-5-star-direct-cool-single-door-inverter-refrigerator-with-magic-chiller-large-vegetable-crisper-microblock-technology-sapphire-silk,https://vsprod.vijaysales.com/media/catalog/product/2/2/226092_1_.jpg,Electronics > Large Appliances > Refrigerators > Single Door,,
2026-02-02,2026-02-02 10:51:42,refrigerator,242384,"Midea 563 Litres Side by Side Inverter Refrigerator | Digital Control | Highlight LED | 2L Door Bin | Portable Ice Maker | Water Dispenser | Easy Organization (MDRS710FGF46, Bru Steel)",Midea,47990,99990,47990,Available,https://www.vijaysales.com/p/242384/midea-563-litres-side-by-side-inverter-refrigerator-digital-control-highlight-led-2l-door-bin-portable-ice-maker-water-dispenser-easy-organization-mdrs710fgf46-bru-steel,https://vsprod.vijaysales.com/media/catalog/product/2/4/242384_1_.jpg,Electronics > Large Appliances > Refrigerators > Side By Side,,
2026-02-02,2026-02-02 10:51:42,refrigerator,230048,"LG 630 L Side-by-Side Refrigerator with 3 Star, InstaView, Wi-Fi Convertible, UV Nano - Self Cleaning Water Dispenser (GL-X257AMC3, Matte Black)",LG,174990,247199,174990,Available,https://www.vijaysales.com/p/230048/lg-630-l-side-by-side-refrigerator-with-3-star-instaview-wi-fi-convertible-uv-nano-self-cleaning-water-dispenser-gl-x257amc3-matte-black,https://vsprod.vijaysales.com/media/catalog/product/g/l/gl-x257amc3_.jpg,Electronics > Large Appliances > Refrigerators > Side By Side,,
2026-02-02,2026-02-02 10:51:42,refrigerator,235069,"LG 90 Litres 1 Star Single Door Direct Cool Mini Refrigerator | Door Basket | Chiller Tray | Freezer Section | Stylish Pocket Handle | Anti Bacterial Gasket (GL-M131RDSB, Dazzle Steel)",LG,12490,13999,12490,Available,https://www.vijaysales.com/p/235069/lg-90-litres-1-star-single-door-direct-cool-mini-refrigerator-door-basket-chiller-tray-freezer-section-stylish-pocket-handle-anti-bacterial-gasket-gl-m131rdsb-dazzle-steel,https://vsprod.vijaysales.com/media/catalog/product/2/3/235069_1_.jpg,Electronics > Large Appliances > Refrigerators > Single Door,,
2026-02-02,2026-02-02 10:51:42,refrigerator,238075,"Samsung 330 Litres 2 Star Frost Free Inverter Refrigerator with Convertible 5-in-1 | Twin Cooling Plus | Wi-Fi Enabled | Power Cool (RT34DG5A2BS8HL, Elegant Inox)",Samsung,36990,53990,36990,Available,https://www.vijaysales.com/p/238075/samsung-330-litres-2-star-frost-free-inverter-refrigerator-with-convertible-5-in-1-twin-cooling-plus-wi-fi-enabled-power-cool-rt34dg5a2bs8hl-elegant-inox,https://vsprod.vijaysales.com/media/catalog/product/2/3/238075_1_.jpg,Electronics > Large Appliances > Refrigerators > Double Door,,
2026-02-02,2026-02-02 10:51:42,refrigerator,182395,"LG 288 Liters 2 Star Convertible Double Door Refrigerator with Smart Inverter Compressor, Multi Air Flow (Shiny Steel Finish) GL-S322SPZY",LG,33990,43999,33990,Unavailable,https://www.vijaysales.com/p/P219492/182395/lg-288-liters-2-star-convertible-double-door-refrigerator-with-smart-inverter-compressor-multi-air-flow-shiny-steel-finish-gl-s322spzy,https://vsprod.vijaysales.com/media/catalog/product/1/8/182395_3_.jpg,Electronics > Large Appliances > Refrigerators > Double Door,,
2026-02-02,2026-02-02 10:51:42,refrigerator,243583,"LG 340 Litres 3 Star Double Door Frost Free Bottom Freezer Refrigerator | Door Cooling Plus | Wi-Fi Convertible | LG ThinQ | Bottle Rack | Multi Air Flow (GL-B382EBMX, Black Mirror)",LG,49990,68999,49990,Available,https://www.vijaysales.com/p/243583/lg-340-litres-3-star-double-door-frost-free-bottom-freezer-refrigerator-door-cooling-plus-wi-fi-convertible-lg-thinq-bottle-rack-multi-air-flow-gl-b382ebmx-black-mirror,https://vsprod.vijaysales.com/media/catalog/product/5/2/5236.jpg,Electronics > Large Appliances > Refrigerators > Double Door,,
2026-02-02,2026-02-02 10:51:42,refrigerator,215308,"LG 592 Litres 1 Star Frost Free Double Door Refrigerator with Inverter Technology, Deodorizer (GR-H812HLHM)",LG,74990,103999,74990,Available,https://www.vijaysales.com/p/215308/lg-592-litres-1-star-frost-free-double-door-refrigerator-with-inverter-technology-deodorizer-grh812hlhm,https://vsprod.vijaysales.com/media/catalog/product/g/r/gr-h812hlhm_1-1_-_copy_1.jpg,Electronics > Large Appliances > Refrigerators > Double Door,,
2026-02-02,2026-02-02 10:51:42,refrigerator,240838,"Samsung 530 Litres 1 Star BESPOKE AI Double Door Frost Free Refrigerator with Convertible 5-in-1 | Twin Cooling Plus | Wi-Fi Embedded | Power Cool / Power Freeze (RT56DG7A6AB1, Black Matt)",Samsung,62990,94990,62990,Available,https://www.vijaysales.com/p/240838/samsung-530-litres-1-star-bespoke-ai-double-door-frost-free-refrigerator-with-convertible-5-in-1-twin-cooling-plus-wi-fi-embedded-power-cool-power-freeze-rt56dg7a6ab1-black-matt,https://vsprod.vijaysales.com/media/catalog/product/2/4/240838.jpg,Electronics > Large Appliances > Refrigerators > Double Door,,
2026-02-02,2026-02-02 10:51:42,refrigerator,240984,"IFB 243 Litres 2 Star Frost Free Double Door Inverter Refrigerator with Surround Cooling | Ice Twister | Deodorizer | Lock & Key | Toughened Glass Shelves (IFBFF-2902IBS, Brush Steel)",IFB,23990,36500,23990,Available,https://www.vijaysales.com/p/240984/ifb-243-litres-2-star-frost-free-double-door-inverter-refrigerator-with-surround-cooling-ice-twister-deodorizer-lock-key-toughened-glass-shelves-ifbff-2902ibs-brush-steel,https://vsprod.vijaysales.com/media/catalog/product/2/4/240984_1_.jpg,Electronics > Large Appliances > Refrigerators > Double Door,,
2026-02-02,2026-02-02 10:51:42,refrigerator,230868,Haier 325 Litres 2 Star Bottom Mounted Frost Free Double Door Inverter Refrigerator with Magic Cooling | 14 in 1 Convertible (HRB-3752BGK-P),Haier,36990,57890,36990,Available,https://www.vijaysales.com/p/230868/haier-325-litres-2-star-bottom-mounted-frost-free-double-door-inverter-refrigerator-with-magic-cooling-14-in-1-convertible-hrb-3752bgk-p,https://vsprod.vijaysales.com/media/catalog/product/2/3/230868-image.jpg,Electronics > Large Appliances > Refrigerators > Double Door,,
2026-02-02,2026-02-02 10:51:42,refrigerator,215131,"Whirlpool 192 Litres 3 Star Star Direct Cool Single Door Refrigerator | No. 1 in Ice Making (215 Icemagic Pro PRM 3S CIZ, Cool Illusia-Z)",Whirlpool,15490,19300,15490,Available,https://www.vijaysales.com/p/P214455/215131/whirlpool-192-litres-3-star-star-direct-cool-single-door-refrigerator-no-1-in-ice-making-215-icemagic-pro-prm-3s-ciz-cool-illusia-z,https://vsprod.vijaysales.com/media/catalog/product/2/1/215131-image1_1.jpg,Electronics > Large Appliances > Refrigerators > Single Door,,
2026-02-02,2026-02-02 10:51:42,refrigerator,242295,"Haier 240 Litres 2 Star Double Door Frost Free Refrigerator | 5 in 1 Convertible | Separate Fruit Box | Turbo Icing | Toughened Glass Shelves | Anti Bacterial Gasket (HRF-2902IBBS-P, Brushline Silver)",Haier,23990,35990,23990,Available,https://www.vijaysales.com/p/242295/haier-240-litres-2-star-double-door-frost-free-refrigerator-5-in-1-convertible-separate-fruit-box-turbo-icing-toughened-glass-shelves-anti-bacterial-gasket-hrf-2902ibbs-p-brushline-silver,https://vsprod.vijaysales.com/media/catalog/product/2/4/242295_1_.jpg,Electronics > Large Appliances > Refrigerators > Double Door,,
2026-02-02,2026-02-02 10:51:42,refrigerator,235115,"Godrej 97 Litres 1 Star Direct Cool Single Door Refrigerator | Jumbo Vegetable Tray | Large Bottle Space (RD Champ 114A WPF ST GR, Steel Grey)",Godrej,11990,14490,11990,Available,https://www.vijaysales.com/p/235115/godrej-97-litres-1-star-direct-cool-single-door-refrigerator-with-jumbo-vegetable-tray-separate-quick-ice-making-space-rd-champ-114a-wpf-st-gr,https://vsprod.vijaysales.com/media/catalog/product/2/2/2235115_1_.jpg,Electronics > Large Appliances > Refrigerators > Single Door,,
2026-02-02,2026-02-02 10:51:42,refrigerator,222378,"LG 650 Litres Side by Side Door Convertible Refrigerator with Door Cooling+, Hygiene Fresh+, Glass Finish (GL-B257DLW3, Linen White)",LG,98990,147199,98990,Available,https://www.vijaysales.com/p/P222377/222378/lg-650-litres-side-by-side-door-convertible-refrigerator-with-door-cooling-hygiene-fresh-in-glass-finish-gl-b257dlw3-linen-white,https://vsprod.vijaysales.com/media/catalog/product/g/l/gl-b257dlw3_1.jpg,Electronics > Large Appliances > Refrigerators > Side By Side,,
2026-02-02,2026-02-02 10:51:42,refrigerator,244760,"Samsung 236 Litres Frost Free Double Door Inverter Refrigerator with Base Stand Drawer | All-around Cooling | Easy Slide Shelf | Movable Ice Maker | Door Alarm (RT28C31429R, Paradise Bloom Purple)",Samsung,26990,36990,26990,Available,https://www.vijaysales.com/p/244760/samsung-236-litres-frost-free-double-door-inverter-refrigerator-with-base-stand-drawer-all-around-cooling-easy-slide-shelf-movable-ice-maker-door-alarm-rt28c31429r-paradise-bloom-purple,https://vsprod.vijaysales.com/media/catalog/product/2/4/244760_1_.jpg,Electronics > Large Appliances > Refrigerators > Double Door,,
2026-02-02,2026-02-02 10:51:42,refrigerator,242296,"Haier 268 Litres 2 Star Double Door Frost Free Refrigerator | Turbo Icing | Stabilizer Free Operation | Toughened Glass Shelves | LED Light (HRF-3182IENS-P, Nickel Steel)",Haier,25490,35990,25490,Available,https://www.vijaysales.com/p/242296/haier-268-litres-2-star-double-door-frost-free-refrigerator-turbo-icing-stabilizer-free-operation-toughened-glass-shelves-led-light-hrf-3182iens-p-nickel-steel,https://vsprod.vijaysales.com/media/catalog/product/2/4/242296_1_.jpeg,Electronics > Large Appliances > Refrigerators > Double Door,,
2026-02-02,2026-02-02 10:51:42,refrigerator,214086,"Samsung 653 Litres 3 Star Frost Free Side By Side Refrigerator with Twin Cooling Plus & Digital Inverter Compressor (RS76CG8113B1/HL, Black DOI)",Samsung,86990,140000,86990,Available,https://www.vijaysales.com/p/P218271/214086/samsung-653-litres-3-star-frost-free-side-by-side-refrigerator-with-twin-cooling-plus-digital-inverter-compressor-rs76cg8113b1-hl-black-doi,https://vsprod.vijaysales.com/media/catalog/product/2/1/214086.jpg,Electronics > Large Appliances > Refrigerators > Side By Side,,
2026-02-02,2026-02-02 10:51:42,refrigerator,243941,"IFB 187 L 5 Star Single Door Direct Cool Refrigerator with Anti-Bacterial Gasket | Converti Cool | Copper Boost | XL Bottle Bin (IFBDC-2135IBS, Brush Grey)",IFB,16490,21600,16490,Available,https://www.vijaysales.com/p/243941/ifb-187-l-5-star-single-door-direct-cool-refrigerator-with-anti-bacterial-gasket-converti-cool-copper-boost-xl-bottle-bin-ifbdc-2135ibs-brush-grey,https://vsprod.vijaysales.com/media/catalog/product/2/4/243941_2_.jpg,Electronics > Large Appliances > Refrigerators > Single Door,,
2026-02-02,2026-02-02 10:51:42,refrigerator,214546,"Samsung 2 Star 236 Litres Frost Free Convertible Double Door Refrigerator with Smart Connect Inverter (Elegant Inox, RT28C3732S8/HL)",Samsung,26990,35990,26990,Available,https://www.vijaysales.com/p/214546/samsung-2-star-236-litres-frost-free-convertible-double-door-refrigerator-with-smart-connect-inverter-elegant-inox-rt28c3732s8-hl,https://vsprod.vijaysales.com/media/catalog/product/r/t/rt28c3732s8_1_.jpg,Electronics > Large Appliances > Refrigerators > Double Door,,
2026-02-02,2026-02-02 10:51:42,refrigerator,218087,"LG 506 Liters Inverter Frost Free Double Door Refrigerator | Wi-Fi | Digital Panel | Hygiene Fresh+ | Door Cooling+ (GN-H702HLHM, Platinum Silver)",LG,64990,86299,64990,Available,https://www.vijaysales.com/p/P218086/218087/lg-506-litres-1-star-frost-free-double-door-refrigerator-with-door-alarm-convertible-inverter-linear-compressor-gn-h702hlhm,https://vsprod.vijaysales.com/media/catalog/product/g/n/gn-h702hlhm_1-1__29_may_2025_.jpg,Electronics > Large Appliances > Refrigerators > Double Door,,
2026-02-02,2026-02-02 10:51:42,refrigerator,222547,"Whirlpool 327 Litres 2 Star Frost Free Double Door Inverter Refrigerator with 10-In-1 Convertible Modes (Intellifresh Pro, Illusia Steel)",Whirlpool,33590,53650,33590,Unavailable,https://www.vijaysales.com/p/P222547/222547/whrilpool-327-litres-2-star-frost-free-double-door-inverter-refrigerator-with-10-in-1-convertible-modes-intellifresh-pro-illusia-steel,https://vsprod.vijaysales.com/media/catalog/product/2/2/222547-image1_1.jpg,Electronics > Large Appliances > Refrigerators > Double Door,,
2026-02-02,2026-02-02 10:51:42,refrigerator,228748,"LG 446 Litres 1 Star Double Door Frost Free Refrigerator with Door Cooling+, Convertible, Smart Diagnosis, Toughened Glass Shelf (GL-T502CPZR)",LG,46990,60999,46990,Available,https://www.vijaysales.com/p/228748/lg-446-litres-1-star-double-door-frost-free-refrigerator-with-door-cooling-convertible-smart-diagnosis-toughened-glass-shelf-gl-t502cpzr,https://vsprod.vijaysales.com/media/catalog/product/2/2/228748.jpg,Electronics > Large Appliances > Refrigerators > Double Door,,
2026-02-02,2026-02-02 10:51:42,refrigerator,218735,"Whirlpool 274 Litres 3 Star Direct Cool Single Door Refrigerator with Auto Defrost (305 Icemagic Pro Plus PRM 3S ASZ, Alpha Steel-Z)",Whirlpool,21990,30450,21990,Unavailable,https://www.vijaysales.com/p/218735/whirlpool-274-litres-3-star-direct-cool-single-door-refrigerator-with-auto-defrost-305-icemagic-pro-plus-prm-3s-asz-alpha-steel-z,https://vsprod.vijaysales.com/media/catalog/product/2/1/218735-image1_1.jpg,Electronics > Large Appliances > Refrigerators > Single Door,,
2026-02-02,2026-02-02 10:51:42,refrigerator,225536,"Godrej 184 Litres 2 Star Direct Cool Single Door Refrigerator | Upto 24% Faster Bottle Cooling | 16.3 L Freezer (RD Edge Marvel 207B TDF FS ST, Fossil Steel)",Godrej,14390,19800,14390,Available,https://www.vijaysales.com/p/P225536/225536/godrej-184-litres-2-star-direct-cool-refrigerator-with-turbo-cooling-technology-large-freezer-rd-emarvel-207b-tdf-fs-st-fossil-steel,https://vsprod.vijaysales.com/media/catalog/product/2/2/225536-image1_1.jpg,Electronics > Large Appliances > Refrigerators > Single Door,,
2026-02-02,2026-02-02 10:51:42,refrigerator,185825,"Samsung 580 Litres Side by Side Refrigerator with Convertible freezer, Twin Cooling Plus, Digital inverter Compressor (RF57A5032B1, Black)",Samsung,82990,108990,82990,Available,https://www.vijaysales.com/p/185825/samsung-580-ltrs-side-by-side-french-door-inverter-refrigerator-rf57a5032b1-black,https://vsprod.vijaysales.com/media/catalog/product/1/8/185825-image1_4.jpg,Electronics > Large Appliances > Refrigerators > Side By Side,,
2026-02-02,2026-02-02 10:51:42,refrigerator,238105,"Haier 520 Litres 3 Star 4-Door Side by Side Refrigerator with Wi-Fi | Convertible Magic Zone | Colorful Digital Display | Sunlit Interior | IPX5 Waterproof (HRB-600MGU1, Mirror Glass)",Haier,95990,152490,95990,Available,https://www.vijaysales.com/p/238105/haier-520-litres-3-star-4-door-side-by-side-refrigerator-with-wi-fi-convertible-magic-zone-colorful-digital-display-sunlit-interior-ipx5-waterproof-hrb-600mgu1-mirror-glass,https://vsprod.vijaysales.com/media/catalog/product/2/3/238105_1_.jpg,Electronics > Large Appliances > Refrigerators > Side By Side,,
2026-02-02,2026-02-02 10:51:42,refrigerator,240007,"Samsung 467 Litres 2 Star Bespoke AI Double Door Frost Free Refrigerator with Convertible 5-in-1 | Twin Cooling Plus | Wi-Fi Enabled | Power Cool / Power Freeze (RT80F51C2B, Black Glass)",Samsung,58990,82999,58990,Available,https://www.vijaysales.com/p/240007/samsung-467-litres-2-star-bespoke-ai-double-door-frost-free-refrigerator-with-convertible-5-in-1-twin-cooling-plus-wi-fi-enabled-power-cool-power-freeze-rt80f51c2b-black-glass,https://vsprod.vijaysales.com/media/catalog/product/2/4/240007_1_.jpg,Electronics > Large Appliances > Refrigerators > Double Door,,
2026-02-02,2026-02-02 10:51:42,refrigerator,170404,"LG 240 Litres 2 Star Frost Free Double Door Refrigerator with Inverter Linear Compressor, Auto Smart Connect (GL-S292RPZY, Shiny Steel)",LG,26490,35999,26490,Available,https://www.vijaysales.com/p/P219492/170404/lg-260-ltrs-2-star-frost-free-double-door-inverter-refrigerator-gls292rpzy-shiny-steel,https://vsprod.vijaysales.com/media/catalog/product/1/7/170404-image1_4.jpg,Electronics > Large Appliances > Refrigerators > Double Door,,
2026-02-02,2026-02-02 10:51:42,refrigerator,218163,"Whirlpool Intellifresh 259 Litres (2 Star) Frost Free Double Door Inverter Refrigerator (IF INV ELT 305GD CM 2S TL, Crystal Mirror)",Whirlpool,26990,40950,26990,Available,https://www.vijaysales.com/p/218163/whirlpool-intellifresh-259-litres-2-star-frost-free-double-door-inverter-refrigerator-if-inv-elt-305gd-cm-2s-tl-crystal-mirror,https://vsprod.vijaysales.com/media/catalog/product/2/1/218163-image1_1.jpg,Electronics > Large Appliances > Refrigerators > Double Door,,
2026-02-02,2026-02-02 10:51:42,refrigerator,231936,"Samsung 419 Litres Frost Free BESPOKE AI Double Door Refrigerator with Convertible 5-in-1 | Wi-Fi Embedded (RT45DG6A2BSLHL, Real Stainless)",Samsung,46990,69990,46990,Available,https://www.vijaysales.com/p/231936/samsung-419-litres-frost-free-bespoke-ai-double-door-refrigerator-with-convertible-5-in-1-wi-fi-embedded-rt45dg6a2bslhl-real-stainless,https://vsprod.vijaysales.com/media/catalog/product/2/3/231936-image_7.jpg,Electronics > Large Appliances > Refrigerators > Double Door,,
2026-02-02,2026-02-02 10:51:42,refrigerator,121756,"Whirlpool 300 Litres Frost Free Triple Door Inverter Refrigerator with 6th Sense Active Fresh, Zeolite Technology (FP 343 D PROT ROY AS, Alpha Steel)",Whirlpool,32490,45100,32490,Unavailable,https://www.vijaysales.com/p/P121745/121756/whirlpool-330-ltrs-frost-free-triple-door-inverter-refrigerator-fp343dprotroyas-alpha-steel,https://vsprod.vijaysales.com/media/catalog/product/1/2/121756-pdp-1.jpg,Electronics > Large Appliances > Refrigerators > Triple Door,,
2026-02-02,2026-02-02 10:51:42,refrigerator,228809,"LG 224 Litres 5 Star Single Door Direct Cool Refrigerator | Base Stand Drawer | Toughened Glass Shelves | Fastest Ice Making | Anti-Bacterial Gasket (GL-D241ABMU, Blue Marvel)",LG,22990,29299,22990,Unavailable,https://www.vijaysales.com/p/228809/lg-224-litres-5-star-single-door-direct-cool-refrigerator-base-stand-drawer-toughened-glass-shelves-fastest-ice-making-anti-bacterial-gasket-gl-d241abmu-blue-marvel,https://vsprod.vijaysales.com/media/catalog/product/2/2/228809_1__1.jpg,Electronics > Large Appliances > Refrigerators > Single Door,,
2026-02-02,2026-02-02 10:51:42,refrigerator,222827,"Whirlpool Intellifresh 308 Litres 2 Star Forst Free Double Door Refrigerator with Intellisense Inverter Technology (IFINVELTDF355AS2STL, Alpha Steel)",Whirlpool,32990,45000,32990,Available,https://www.vijaysales.com/p/222827/samsung-308-litres-2-star-forst-free-double-door-with-inverter-compressor-ifinveltdf355as2stl-alpha-steel,https://vsprod.vijaysales.com/media/catalog/product/2/2/222827-image1_1.jpg,Electronics > Large Appliances > Refrigerators > Double Door,,
2026-02-02,2026-02-02 10:51:42,refrigerator,244763,"Samsung 183 Litres 5 Star Single Door Direct Cool Refrigerator | Toughened Glass | Premium Veg Box | Base Stand Drawer | Clear View Lamp | Stabilizer Free Operation (RR20F2825BR, Burgundy Red)",Samsung,16990,21999,16990,Unavailable,https://www.vijaysales.com/p/244763/samsung-183-litres-5-star-single-door-direct-cool-refrigerator-toughened-glass-premium-veg-box-base-stand-drawer-clear-view-lamp-stabilizer-free-operation-rr20f2825br-burgundy-red,https://vsprod.vijaysales.com/media/catalog/product/2/4/244763_1_.jpg,Electronics > Large Appliances > Refrigerators > Single Door,,
2026-02-02,2026-02-02 10:51:42,refrigerator,221428,"BOSCH 6 Series 508 Litres 2 Star Frost Free Double Door Bottom Mount Refrigerator with Vario Inverter Compressor, KGN56LB42I (Black)",Bosch,79990,108090,79990,Available,https://www.vijaysales.com/p/P190437/221428/bosch-6-series-508-litres-2-star-frost-free-double-door-bottom-mount-refrigerator-with-vario-inverter-compressor-kgn56lb42i-black,https://vsprod.vijaysales.com/media/catalog/product/2/2/221428-image1_2.jpg,Electronics > Large Appliances > Refrigerators > Double Door,,
2026-02-02,2026-02-02 10:51:42,refrigerator,224415,"IFB 206 Litres 4 Star Direct Cool Single Door Refrigerator with Converti Cool Technology | Advanced Inverter Compressor (IFBDC-2324IKS, Black Steel)",IFB,16990,24500,16990,Available,https://www.vijaysales.com/p/224415/ifb-206-litres-4-star-direct-cool-single-door-refrigerator-with-converti-cool-technology-advanced-inverter-compressor-ifbdc-2324iks-black-steel,https://vsprod.vijaysales.com/media/catalog/product/2/2/224415-image.jpg,Electronics > Large Appliances > Refrigerators > Single Door,,
2026-02-02,2026-02-02 10:51:42,refrigerator,227320,"Bosch 368 Litres Frost Free Double Door Refrigerator with freezer at top (CTC39S02NI, Shiney Silver)",Bosch,39990,60590,39990,Available,https://www.vijaysales.com/p/227320/bosch-368-litres-frost-free-double-door-refrigerator-with-freezer-at-top-ctc39s02ni-shiney-silver,https://vsprod.vijaysales.com/media/catalog/product/2/2/227320-image.jpg,Electronics > Large Appliances > Refrigerators > Double Door,,
2026-02-02,2026-02-02 10:51:42,refrigerator,230718,"Liebherr 191 Litres 5 Star Direct Cool Single Door Refrigerator with Adjustable Shelves | Handsfree Opening (DFPTSE1931, Teal Strings)",Liebherr,19990,21290,19990,Available,https://www.vijaysales.com/p/230718/liebherr-191-litres-5-star-direct-cool-single-door-refrigerator-with-adjustable-shelves-handsfree-opening-dfptse1931-teal-strings,https://vsprod.vijaysales.com/media/catalog/product/2/3/230718_1_.jpg,Electronics > Large Appliances > Refrigerators > Single Door,,
2026-02-02,2026-02-02 10:51:42,refrigerator,230573,"Godrej 330 Lites 2 Star Frost Free Inverter Refrigerator with Convertible 4 in 1 Modes | 360 Degree Cooling | 2.25L Door Storage (Eon Vibe, Matt Black)",Godrej,34990,53490,34990,Available,https://www.vijaysales.com/p/230573/godrej-330-lites-2-star-frost-free-inverter-refrigerator-with-convertible-4-in-1-modes-360-degree-cooling-2-25l-door-storage-eon-vibe-matt-black,https://vsprod.vijaysales.com/media/catalog/product/2/3/230573_1__1.jpg,Electronics > Large Appliances > Refrigerators > Double Door,,
2026-02-02,2026-02-02 10:51:42,refrigerator,227319,"Bosch 334 Litres 2 Star Frost Free Double Door Refrigerator with VitaFresh System | Multi Airflow | Ice Box (CTC35S02NI, Shiney Silver)",Bosch,36990,58990,36990,Available,https://www.vijaysales.com/p/227319/bosch-334-litres-2-star-frost-free-double-door-refrigerator-with-vitafresh-system-multi-airflow-ice-box-ctc35s02ni-shiney-silver,https://vsprod.vijaysales.com/media/catalog/product/2/2/227319-image.jpg,Electronics > Large Appliances > Refrigerators > Double Door,,
2026-02-02,2026-02-02 10:51:42,refrigerator,214877,"Haier 445 Litres 2 Star Double Door Frost Free Inverter Refrigerator | Bottom Mounted | 14 in 1 Convertible | Triple Inverter & Dual Fan Tech (HRB-4952CKG-P, Black Glass)",Haier,55450,80490,55450,Available,https://www.vijaysales.com/p/P222638/214877/haier-445-litres-2-star-double-door-frost-free-inverter-refrigerator-bottom-mounted-14-in-1-convertible-triple-inverter-dual-fan-tech-hrb-4952ckg-p-black-glass,https://vsprod.vijaysales.com/media/catalog/product/h/r/hrb4952ckgp_1_.jpg,Electronics > Large Appliances > Refrigerators > Double Door,,
2026-02-02,2026-02-02 10:51:42,refrigerator,242298,"Haier 602 Litres 2 Star Double Door Side by Side Refrigerator | Convertible 5-in-1 | Smart Sense AI | Smart Connectivity | Digital Control Panel | Jumbo Ice Maker (HRS-682PMGU1, Mirror Glass)",Haier,69990,126490,69990,Available,https://www.vijaysales.com/p/242298/haier-602-litres-2-star-double-door-side-by-side-refrigerator-convertible-5-in-1-smart-sense-ai-smart-connectivity-digital-control-panel-jumbo-ice-maker-hrs-682pmgu1-mirror-glass,https://vsprod.vijaysales.com/media/catalog/product/2/4/242298_1_.jpg,Electronics > Large Appliances > Refrigerators > Side By Side,,
2026-02-02,2026-02-02 10:51:42,refrigerator,225701,"Liebherr 191 Litres 3 Star Direct Cool Single Door Refrigerator with Hands-Free Opening, DryStorage, Vegetable FreshBox (DFPsiC 1921, Silver)",Liebherr,17640,21290,17640,Available,https://www.vijaysales.com/p/225701/liebherr-191-litres-3-star-direct-cool-single-door-refrigerator-with-hands-free-opening-drystorage-vegetable-freshbox-dfpsic-1921-silver,https://vsprod.vijaysales.com/media/catalog/product/2/2/225701_1_.jpg,Electronics > Large Appliances > Refrigerators > Single Door,,
2026-02-02,2026-02-02 10:51:42,refrigerator,203542,"LG 322 Litres 2 Star Frost Free Double Door Refrigerator with Smart Inverter Compressor, Multi Air Flow (GL-N342SDSY, Dazzle Steel)",LG,32490,46499,32490,Unavailable,https://www.vijaysales.com/p/P154816/203542/lg-340-litres-2-star-frost-free-double-door-refrigerator-gln342sdsy-dazzle-steel,https://vsprod.vijaysales.com/media/catalog/product/2/0/203542-image1_2.jpg,Electronics > Large Appliances > Refrigerators > Double Door,,
2026-02-02,2026-02-02 10:51:42,refrigerator,217434,"Godrej 244 Litres 2 Star Frost Free Double Door Refrigerator | Intelligent Inverter Tecnholgy | Glass Door Finish (RT Eon Crystal 280B RI OB, Onyx Black)",Godrej,27490,39500,27490,Available,https://www.vijaysales.com/p/P217434/217434/godrej-244-litres-2-star-frost-free-refrigerator-with-inverter-compressor-rt-eoncrystal-280b-ri-onyx-black,https://vsprod.vijaysales.com/media/catalog/product/2/1/217434_1_.jpg,Electronics > Large Appliances > Refrigerators > Double Door,,
2026-02-02,2026-02-02 10:51:42,refrigerator,231934,"Samsung 396 Litres 2 Star Frost Free Double Door Refrigerator with Twin Cooling Plus | Convertible 5-in-1 (RT41DG6A2BB1HL, Black Matt)",Samsung,44490,65990,44490,Available,https://www.vijaysales.com/p/231934/samsung-396-litres-2-star-frost-free-double-door-refrigerator-with-twin-cooling-plus-convertible-5-in-1-rt41dg6a2bb1hl-black-matt,https://vsprod.vijaysales.com/media/catalog/product/2/3/231934-image.jpg,Electronics > Large Appliances > Refrigerators > Double Door,,
2026-02-02,2026-02-02 10:51:42,refrigerator,246522,"LG 610 Litres 3 Star French Door Refrigerator with Fresh Converter+, Convertilble | Wi-Fi Convertible | Hygiene Fresh+ | Smart Learner (GV-B25FFGMB, Black Glass Finish)",LG,122990,149999,122990,Available,https://www.vijaysales.com/p/246522/lg-610-litres-3-star-french-door-refrigerator-with-fresh-converter-convertilble-wi-fi-convertible-hygiene-fresh-smart-learner-gv-b25ffgmb-black-glass-finish,https://vsprod.vijaysales.com/media/catalog/product/2/4/246522_2__1.jpg,Electronics > Large Appliances > Refrigerators > Side By Side,,
2026-02-02,2026-02-02 10:51:42,refrigerator,215015,"Samsung 256 Litres 2 Star Frost Free Convertible 3 in 1 Double Door Refrigerator with Inverter, Deodorizer (RT30C3732S8/NL)",Samsung,28990,41990,28990,Unavailable,https://www.vijaysales.com/p/215015/samsung-256-litres-2-star-frost-free-convertible-3-in-1-double-door-refrigerator-with-inverter-deodorizer-rt30c3732s8-nl,https://vsprod.vijaysales.com/media/catalog/product/2/1/215015-image1_1.jpg,Electronics > Large Appliances > Refrigerators > Double Door,,
2026-02-02,2026-02-02 10:51:42,refrigerator,240837,"Samsung 530 Litres Bespoke AI Frost Free Double Door Inverter Refrigerator | Convertible 5-in-1 | Twin Cooling Plus | Wi-Fi Embedded | Twist Ice Maker | Active Fresh Filter (RT56DG7A6ASL, Real Stainless)",Samsung,62990,94990,62990,Available,https://www.vijaysales.com/p/240837/samsung-530-litres-bespoke-ai-frost-free-double-door-inverter-refrigerator-convertible-5-in-1-twin-cooling-plus-wi-fi-embedded-twist-ice-maker-active-fresh-filter-rt56dg7a6asl-real-stainless,https://vsprod.vijaysales.com/media/catalog/product/2/4/240837_1_.jpg,Electronics > Large Appliances > Refrigerators > Double Door,,
2026-02-02,2026-02-02 10:51:42,refrigerator,224671,"Haier 355 Litres 3 Star Double Door Frost Free Refrigerator | Magic Cooling | 14 in 1 Convertible | Triple Inverter & Dual Fan Tech | 2X Big Box | 1 Hour Icing Technology (HRB-4053PMG-P, Mirror Glass)",Haier,48990,75890,48990,Unavailable,https://www.vijaysales.com/p/224671/haier-355-litres-3-star-double-door-frost-free-refrigerator-magic-cooling-14-in-1-convertible-triple-inverter-dual-fan-tech-2x-big-box-1-hour-icing-technology-hrb-4053pmg-p-mirror-glass,https://vsprod.vijaysales.com/media/catalog/product/2/2/224671_1__1.jpg,Electronics > Large Appliances > Refrigerators > Double Door,,
2026-02-02,2026-02-02 10:51:42,refrigerator,235900,"IFB 187 Litres 2 Star Direct Cool Refrigerator with Converti Cool Technology | Fast Ice | Big Crisper | XL Bottle Bin | Humidity Control (IFBDC-2132FKG, Carbon Sparkle Glass)",IFB,14990,22000,14990,Unavailable,https://www.vijaysales.com/p/235900/ifb-187-litres-2-star-direct-cool-refrigerator-with-converti-cool-technology-fast-ice-big-crisper-xl-bottle-bin-humidity-control-ifbdc-2132fkg-carbon-sparkle-glass,https://vsprod.vijaysales.com/media/catalog/product/2/3/235900_1_.jpg,Electronics > Large Appliances > Refrigerators > Single Door,,
2026-02-02,2026-02-02 10:51:42,refrigerator,240008,"Samsung 467 Litres 2 Star Bespoke AI Double Door Frost Free Refrigerator with Convertible 5-in-1 | Twin Cooling Plus | Wi-Fi Enabled | Power Cool / Power Freeze (RT80F51C2F, Black Doi)",Samsung,51790,74990,51790,Available,https://www.vijaysales.com/p/240008/samsung-467-litres-2-star-bespoke-ai-double-door-frost-free-refrigerator-with-convertible-5-in-1-twin-cooling-plus-wi-fi-enabled-power-cool-power-freeze-rt80f51c2f-black-doi,https://vsprod.vijaysales.com/media/catalog/product/2/4/240008_1_.jpg,Electronics > Large Appliances > Refrigerators > Double Door,,
2026-02-02,2026-02-02 10:51:42,refrigerator,251690,Electrolux 600 Series 565 L 4 Star Frost Free French Door Refrigerator | Inverter Compressor | Touch Control | QuickFreeze & XL Door Bins (EHE5600D-SDIN),Electrolux,70990,106990,70990,Available,https://www.vijaysales.com/p/251690/electrolux-600-series-565-l-4-star-frost-free-french-door-refrigerator-inverter-compressor-touch-control-quickfreeze-xl-door-bins-ehe5600d-sdin,https://vsprod.vijaysales.com/media/catalog/product/2/5/251690_1_.jpg,Electronics > Large Appliances > Refrigerators > Side By Side,,
2026-02-02,2026-02-02 10:51:42,refrigerator,249513,"Godrej 194 L 5 Star Direct Cool Single Door Refrigerator | Inverter Compressor | Turbo Cooling | Anti-Bacterial Gasket (RDE-IMPRESS215ETDIEMDBM, Midnight Bloom)",Godrej,18990,29990,18990,Unavailable,https://www.vijaysales.com/p/249513/godrej-194-l-5-star-direct-cool-single-door-refrigerator-inverter-compressor-turbo-cooling-anti-bacterial-gasket-rde-impress215etdiemdbm-midnight-bloom,https://vsprod.vijaysales.com/media/catalog/product/2/4/249513_7_.jpg,Electronics > Large Appliances > Refrigerators > Single Door,,
2026-02-02,2026-02-02 10:51:42,refrigerator,249460,"Electrolux 600 Series 4 Star Frost Free French Door Refrigerator | 547 L | Inverter Compressor | Frost Free | Touch Control | GreenZone Crisper (EQE5400DBNIN, Charcoal Black)",Electrolux,94990,142990,94990,Available,https://www.vijaysales.com/p/249460/electrolux-600-series-4-star-frost-free-french-door-refrigerator-547-l-inverter-compressor-frost-free-touch-control-greenzone-crisper-eqe5400dbnin-charcoal-black,https://vsprod.vijaysales.com/media/catalog/product/2/4/249460_1_.jpg,Electronics > Large Appliances > Refrigerators > Side By Side,,
2026-02-02,2026-02-02 10:51:42,refrigerator,245446,"LG 398 Litres 3 Star Double Door Inverter Refrigerator with AI ThinQ Wi-Fi | Convertilble | Door Cooling | Multi Air Flow | Hygiene Fresh | Moving Ice Tray (GLT422VESX, Ebony Sheen Finish)",LG,54990,72999,54990,Unavailable,https://www.vijaysales.com/p/245446/lg-398-litres-3-star-double-door-refrigerator-with-smart-inverter-compressor-convertilble-door-cooling-glt422vesx-ebony-sheen-finish,https://vsprod.vijaysales.com/media/catalog/product/2/4/245446_1_2.jpg,Electronics > Large Appliances > Refrigerators > Double Door,,
2026-02-02,2026-02-02 10:51:42,refrigerator,244761,"Samsung 236 Litres Frost Free Double Door Inverter Refrigerator with Base Stand Drawer | All-around Cooling | Easy Slide Shelf | Movable Ice Maker | MoistFresh Zone (RT28C3122CR, Camellia Purple)",Samsung,27490,35990,27490,Available,https://www.vijaysales.com/p/244761/samsung-236-litres-frost-free-double-door-inverter-refrigerator-with-base-stand-drawer-all-around-cooling-easy-slide-shelf-movable-ice-maker-moistfresh-zone-rt28c3122cr-camellia-purple,https://vsprod.vijaysales.com/media/catalog/product/2/4/244761_1_.jpg,Electronics > Large Appliances > Refrigerators > Double Door,,
2026-02-02,2026-02-02 10:51:42,refrigerator,243584,"Godrej EON Velvet 646C RIT 600 Litres 3 Star Side By Side Refrigerator | Inverter Compressor | Frost Free | Digital Display (RSEONVELVET646CRITOPRS, Opera Rose)",Godrej,125990,125990,125990,Unavailable,https://www.vijaysales.com/p/243584/godrej-eon-velvet-646c-rit-600-litres-3-star-side-by-side-refrigerator-inverter-compressor-frost-free-digital-display-rseonvelvet646critoprs-opera-rose,https://vsprod.vijaysales.com/media/catalog/product/2/4/243584.jpg,Electronics > Large Appliances > Refrigerators > Side By Side,,
2026-02-02,2026-02-02 10:51:42,refrigerator,243394,"Electrolux 503 Litres 1 Star Frost Free Double Door Inverter Refrigerator | AI AutoSense | Cooling360 | Twist & Serve Ice Maker | FresherAir Filter | Door Alarm (ETM5002C-S, Silver)",Electrolux,57990,89990,57990,Available,https://www.vijaysales.com/p/243394/electrolux-503-litres-1-star-frost-free-double-door-inverter-refrigerator-ai-autosense-cooling360-twist-serve-ice-maker-fresherair-filter-door-alarm-etm5002c-s-silver,https://vsprod.vijaysales.com/media/catalog/product/2/4/243394_1_.jpg,Electronics > Large Appliances > Refrigerators > Double Door,,
2026-02-02,2026-02-02 10:51:42,refrigerator,243393,"Electrolux 431 Litres 1 Star Frost Free Double Door Inverter Refrigerator | AI AutoSense | Cooling360 | Twist & Serve Ice Maker | FresherAir Filter | Door Alarm (ETM4302C-B, Matte Black)",Electrolux,50490,78990,50490,Available,https://www.vijaysales.com/p/243393/electrolux-431-litres-1-star-frost-free-double-door-inverter-refrigerator-ai-autosense-cooling360-twist-serve-ice-maker-fresherair-filter-door-alarm-etm4302c-b-matte-black,https://vsprod.vijaysales.com/media/catalog/product/2/4/243393_1_.jpg,Electronics > Large Appliances > Refrigerators > Double Door,,
2026-02-02,2026-02-02 10:51:42,refrigerator,243391,"Electrolux 341 Litres 1 Star Frost Free Double Door Inverter Refrigerator | AI AutoSense | Sphere Ice Tray | ExtraChill Compartment | FresherAir Filter | Door Alarm (ETM3400L-S, Matte Black)",Electrolux,45990,64490,45990,Available,https://www.vijaysales.com/p/243391/electrolux-341-litres-1-star-frost-free-double-door-inverter-refrigerator-ai-autosense-sphere-ice-tray-extrachill-compartment-fresherair-filter-door-alarm-etm3400l-s-matte-black,https://vsprod.vijaysales.com/media/catalog/product/2/4/243391_1_.jpg,Electronics > Large Appliances > Refrigerators > Double Door,,
2026-02-02,2026-02-02 10:51:42,refrigerator,243390,"Electrolux 341 Litres 1 Star Frost Free Double Door Inverter Refrigerator | AI AutoSense | Sphere Ice Tray | ExtraChill Compartment | FresherAir Filter | Door Alarm (ETM3400L-S, Silver)",Electrolux,43990,61990,43990,Available,https://www.vijaysales.com/p/243390/electrolux-341-litres-1-star-frost-free-double-door-inverter-refrigerator-ai-autosense-sphere-ice-tray-extrachill-compartment-fresherair-filter-door-alarm-etm3400l-s-silver,https://vsprod.vijaysales.com/media/catalog/product/2/4/243390_1_.jpg,Electronics > Large Appliances > Refrigerators > Double Door,,
2026-02-02,2026-02-02 10:51:42,refrigerator,242383,"Toshiba 608 Litres 1 Star Double Door Frost Free Origin Inverter Refrigerator | Automatic Ice Maker | Ultrafresh Zone | Pure Bio Deodorizer | Touch Control Panel (GR-RT835WE-PGI(22), Black Glass)",Toshiba,69990,104990,69990,Available,https://www.vijaysales.com/p/242383/toshiba-608-litres-1-star-double-door-frost-free-origin-inverter-refrigerator-automatic-ice-maker-ultrafresh-zone-pure-bio-deodorizer-touch-control-panel-gr-rt835we-pgi-22-black-glass,https://vsprod.vijaysales.com/media/catalog/product/2/4/242383_1__1.jpg,Electronics > Large Appliances > Refrigerators > Double Door,,
2026-02-02,2026-02-02 10:51:42,refrigerator,242358,"Liebherr 245 Litres 2 Star Double Door Frost Free Inverter Refrigerator | Bigger Vegetable Basket | Central Power Cooling | Heat Sensor (TCHgsB 2411, Grey Steel)",Liebherr,25690,40990,25690,Available,https://www.vijaysales.com/p/242358/liebherr-245-litres-2-star-double-door-frost-free-inverter-refrigerator-bigger-vegetable-basket-central-power-cooling-heat-sensor-tchgsb-2411-grey-steel,https://vsprod.vijaysales.com/media/catalog/product/2/4/242358_1_.png,Electronics > Large Appliances > Refrigerators > Double Door,,
2026-02-02,2026-02-02 10:51:42,refrigerator,240704,"Electrolux 564 Litres Quad Door Frost Free Inverter Refrigerator with Electronic Touch Controls | EvenTemp Function | Bright LED | Slow-melting Spherical Ice (EQE5600B-S, Silver)",Electrolux,97990,135990,97990,Available,https://www.vijaysales.com/p/240704/electrolux-564-litres-quad-door-frost-free-inverter-refrigerator-with-electronic-touch-controls-eventemp-function-bright-led-slow-melting-spherical-ice-eqe5600b-s-silver,https://vsprod.vijaysales.com/media/catalog/product/2/4/240704_1_.jpg,Electronics > Large Appliances > Refrigerators > Side By Side,,
2026-02-02,2026-02-02 10:51:42,refrigerator,240703,"Electrolux 564 Litres Quad Door Frost Free Inverter Refrigerator with Electronic Touch Controls | EvenTemp Function | Bright LED | Slow-melting Spherical Ice (EQE5600B-B, Matte Black)",Electrolux,99990,152990,99990,Available,https://www.vijaysales.com/p/240703/electrolux-564-litres-quad-door-frost-free-inverter-refrigerator-with-electronic-touch-controls-eventemp-function-bright-led-slow-melting-spherical-ice-eqe5600b-b-matte-black,https://vsprod.vijaysales.com/media/catalog/product/2/4/240703_1_.jpg,Electronics > Large Appliances > Refrigerators > Side By Side,,
2026-02-02,2026-02-02 10:51:42,refrigerator,240118,Haier 630 Litres Convertible 4 Door Side by Side Wi-Fi Refrigerator | Colorful Digital Display with Motion sensor | Magic Cooling | Toughened Glass (Black Glass),Haier,146990,225000,146990,Available,https://www.vijaysales.com/p/240118/haier-630-litres-convertible-4-door-side-by-side-wi-fi-refrigerator-colorful-digital-display-with-motion-sensor-magic-cooling-toughened-glass-black-glass,https://vsprod.vijaysales.com/media/catalog/product/2/4/240118_3__1.jpg,Electronics > Large Appliances > Refrigerators > Side By Side,,
2026-02-02,2026-02-02 10:51:42,refrigerator,238735,"Haier 520 Litres 3 Star Convertible 4 Door Side by Side  Wi-Fi Refrigerator | Deo Fresh Technology | Toughened Glass Shelves | Smart Sense AI (HRB-600KGU1, Black Glass)",Haier,84990,137990,84990,Available,https://www.vijaysales.com/p/238735/haier-520-litres-3-star-convertible-4-door-side-by-side-wi-fi-refrigerator-deo-fresh-technology-toughened-glass-shelves-smart-sense-ai-hrb-600kgu1-black-glass,https://vsprod.vijaysales.com/media/catalog/product/h/r/hrb-600kgu1-01.jpg,Electronics > Large Appliances > Refrigerators > Side By Side,,
2026-02-02,2026-02-02 10:51:42,refrigerator,237492,"Haier 598 Litres 3 Star Convertible Side-by-Side Refrigerator with Wi-Fi | Digital Control Panel | Jumbo Ice Maker | Deo Fresh Technology | Inverter Technology (HRT-683GKU1, Graphite Black)",Haier,84990,141990,84990,Available,https://www.vijaysales.com/p/237492/haier-598-litres-3-star-convertible-side-by-side-refrigerator-with-wi-fi-digital-control-panel-jumbo-ice-maker-deo-fresh-technology-inverter-technology-hrt-683gku1-graphite-black,https://vsprod.vijaysales.com/media/catalog/product/2/3/237492_1_.jpeg,Electronics > Large Appliances > Refrigerators > Side By Side,,
2026-02-02,2026-02-02 10:51:42,refrigerator,236075,Godrej Eon Regalis 472 Litres 2 Star Double Door Frost Free Inverter Refrigerator | Powered by AI Tech | Advanced Control Panel | Easy Slide Shelf | Separate Fruit Crisper (Champagne Gold),Godrej,49990,74990,49990,Available,https://www.vijaysales.com/p/236075/godrej-eon-regalis-472-litres-2-star-double-door-frost-free-inverter-refrigerator-powered-by-ai-tech-advanced-control-panel-easy-slide-shelf-separate-fruit-crisper-champagne-gold,https://vsprod.vijaysales.com/media/catalog/product/2/3/236075_1_.jpg,Electronics > Large Appliances > Refrigerators > Double Door,,
2026-02-02,2026-02-02 10:51:42,refrigerator,235925,"Liebherr 269 Litres 2 Star Double Door Frost Free Inverter Refrigerator | Central Power Cooling | Adjustable Shelves | Spice Boxes | Pocket Handle (TCPbsB 2721, Black Steel)",Liebherr,29790,43880,29790,Available,https://www.vijaysales.com/p/235925/liebherr-269-litres-2-star-double-door-frost-free-inverter-refrigerator-central-power-cooling-adjustable-shelves-spice-boxes-pocket-handle-tcpbsb-2721-black-steel,https://vsprod.vijaysales.com/media/catalog/product/2/3/235925_1_.jpg,Electronics > Large Appliances > Refrigerators > Double Door,,
2026-02-02,2026-02-02 10:51:42,refrigerator,235916,"IFB 265 Litres 2 Star Frost Free Double Door Tru Convertible Refrigerator with Surround Cooling | Ice Twister | Deodorizer | Lock & Key | Toughened Glass Shelves (IFBFF-3152FBST, Brush Steel)",IFB,26690,40750,26690,Available,https://www.vijaysales.com/p/235916/ifb-265-litres-2-star-frost-free-double-door-tru-convertible-refrigerator-with-surround-cooling-ice-twister-deodorizer-lock-key-toughened-glass-shelves-ifbff-3152fbst-brush-steel,https://vsprod.vijaysales.com/media/catalog/product/2/3/235916_1_.jpg,Electronics > Large Appliances > Refrigerators > Double Door,,
2026-02-02,2026-02-02 10:51:42,refrigerator,235770,"Haier 598 Litres 3 Star Triple Door Convertible Side-by-Side Refrigerator with Digital Control Panel | WIFI Enabled (HRT-683KGU1, Black Glass)",Haier,89990,151990,89990,Available,https://www.vijaysales.com/p/235770/haier-598-litres-3-star-triple-door-convertible-side-by-side-refrigerator-with-digital-control-panel-wifi-enabled-hrt-683kgu1-black-glass,https://vsprod.vijaysales.com/media/catalog/product/2/3/235770_1_.jpg,Electronics > Large Appliances > Refrigerators > Side By Side,,
2026-02-02,2026-02-02 10:51:42,refrigerator,235769,LG 43 Litres 1 Star Single Door Mini Refrigerator with Anti-Bacterial Gasket | Door Basket | Polypropylene Shelf | Pocket Handle (Super White),LG,9900,11999,9900,Unavailable,https://www.vijaysales.com/p/235769/lg-43-litres-1-star-single-door-mini-refrigerator-with-anti-bacterial-gasket-door-basket-polypropylene-shelf-pocket-handle-super-white,https://vsprod.vijaysales.com/media/catalog/product/2/3/235769_1_.jpg,Electronics > Large Appliances > Refrigerators > Single Door,,
2026-02-02,2026-02-02 10:51:42,refrigerator,235116,"Godrej 436 Litres 2 Star Frost Free Inverter Double Door Refrigerator | 95%+ Food Surface Disinfection with Nano Shield Technology (RT Eon Regalis 477B RCI MT BK, Matte Black)",Godrej,40490,68490,40490,Available,https://www.vijaysales.com/p/235116/godrej-436-litres-2-star-double-door-inverter-frost-free-refrigerator-with-advanced-control-panel-led-rt-eonregalis-477b-rci-mt-bk-matte-black,https://vsprod.vijaysales.com/media/catalog/product/2/3/235116_1_.jpg,Electronics > Large Appliances > Refrigerators > Double Door,,
2026-02-02,2026-02-02 10:51:42,refrigerator,235068,"LG 650 Litres 3 Star Side-by-Side Inverter Refrigerator | Wi-Fi Convertible | DoorCooling+ | Multi Air Flow | Hygiene Fresh+ | Full Wine Rack | Easy Ice Maker (GL-B257EUS3, Urban Steel)",LG,102990,129899,102990,Available,https://www.vijaysales.com/p/235068/lg-650-litres-3-star-side-by-side-inverter-refrigerator-wi-fi-convertible-doorcooling-multi-air-flow-hygiene-fresh-full-wine-rack-easy-ice-maker-gl-b257eus3-urban-steel,https://vsprod.vijaysales.com/media/catalog/product/2/3/235068_1__1.jpg,Electronics > Large Appliances > Refrigerators > Side By Side,,
2026-02-02,2026-02-02 10:51:42,refrigerator,234330,"Electrolux 609 Litres Frost Free Inverter French Door Refrigerator with TwinTech Cooling System | Door Alarm (EQE6879A-B, Glossy Dark Grey)",Electrolux,179990,316990,179990,Available,https://www.vijaysales.com/p/234330/electrolux-680-litres-frost-free-inverter-french-door-refrigerator-with-twintech-cooling-system-door-alarm-eqe6879a-b-glossy-dark-grey,https://vsprod.vijaysales.com/media/catalog/product/2/3/234330_1_.jpg,Electronics > Large Appliances > Refrigerators > Side By Side,,
2026-02-02,2026-02-02 10:51:42,refrigerator,234329,"Electrolux 541 Litres Frost Free Inverter French Door Refrigerator with TasteLockPlus Technology, 360 Cooling System (EQE6000A-BNIN, Matte Dark Grey)",Electrolux,102990,181990,102990,Unavailable,https://www.vijaysales.com/p/234329/electrolux-600-litres-frost-free-inverter-french-door-refrigerator-with-tastelockplus-technology-360-cooling-system-eqe6000a-b-matte-dark-grey,https://vsprod.vijaysales.com/media/catalog/product/2/3/234329_1__1_.jpg,Electronics > Large Appliances > Refrigerators > Side By Side,,
2026-02-02,2026-02-02 10:51:42,refrigerator,234327,"Electrolux 496 Litres 1 Star Frost Free Double Door Inverter Refrigerator with Door Alarm | EvenTemp Cooling System (EBE5302C-S, Stainless Steel)",Electrolux,71990,114990,71990,Unavailable,https://www.vijaysales.com/p/234327/electrolux-529-litres-1-star-frost-free-double-door-inverter-refrigerator-with-door-alarm-eventemp-cooling-system-ebe5302c-s-stainless-steel,https://vsprod.vijaysales.com/media/catalog/product/2/3/234327_1_.jpg,Electronics > Large Appliances > Refrigerators > Double Door,,
2026-02-02,2026-02-02 10:51:42,refrigerator,234326,"Electrolux 425 Litres 1 Star Double Door Frost Free Inverter Refrigerator with Bottom Freezer | TasteLockAuto & TasteGuard Tech (EBE4502C-S, Stainless Steel)",Electrolux,57990,99990,57990,Available,https://www.vijaysales.com/p/234326/electrolux-453-litres-1-star-double-door-frost-free-inverter-refrigerator-with-bottom-freezer-tastelockauto-tasteguard-tech-ebe4502c-s-stainless-steel,https://vsprod.vijaysales.com/media/catalog/product/2/3/234326_1_.jpg,Electronics > Large Appliances > Refrigerators > Double Door,,
2026-02-02,2026-02-02 10:51:42,refrigerator,234325,"Electrolux 537 Litres 1 Star Frost Free Double Door Inverter Refrigerator with TasteLockAuto | Even Temp (ETE5700C-A, Arctic Silver Steel)",Electrolux,62990,106990,62990,Available,https://www.vijaysales.com/p/234325/electrolux-573-litres-1-star-frost-free-double-door-inverter-refrigerator-with-tastelockauto-even-temp-ete5700c-a-arctic-silver-steel,https://vsprod.vijaysales.com/media/catalog/product/2/3/234325_1__1_.jpg,Electronics > Large Appliances > Refrigerators > Double Door,,
2026-02-02,2026-02-02 10:51:42,refrigerator,234324,"Electrolux 431 Litres 1 Star Frost Free Double Door Inverter Refrigerator with Taste Lock Auto | Eventemp Function (ETB4600C-A, Arctic Silver)",Electrolux,45990,93990,45990,Unavailable,https://www.vijaysales.com/p/234324/electrolux-461-litres-1-star-frost-free-double-door-inverter-refrigerator-with-taste-lock-auto-eventemp-function-etb4600c-a-arctic-silver,https://vsprod.vijaysales.com/media/catalog/product/2/3/234324_1__1_.jpg,Electronics > Large Appliances > Refrigerators > Double Door,,
2026-02-02,2026-02-02 10:51:42,refrigerator,234323,"Electrolux 341 Litres 2 Star Frost Free Double Door Inverter Refrigerator with TasteLockAuto | 360 Degree Cooling (ETB3700K-H, Glossy Black Steel)",Electrolux,42990,76990,42990,Unavailable,https://www.vijaysales.com/p/234323/electrolux-360-litres-2-star-frost-free-double-door-inverter-refrigerator-with-tastelockauto-360-degree-cooling-etb3700k-h-glossy-black-steel,https://vsprod.vijaysales.com/media/catalog/product/2/3/234323_1__1_1.jpg,Electronics > Large Appliances > Refrigerators > Double Door,,
2026-02-02,2026-02-02 10:51:42,refrigerator,231851,"Samsung 650 Litres 4 Door Convertible French Door Refrigerator with Triple Cooling + Precise Cooling | Power Cool / Power Freeze | Slide-in Shelf | AI Energy Mode (RF65DB90BD12, Clean White)",Samsung,184990,244000,184990,Available,https://www.vijaysales.com/p/231851/samsung-650-litres-4-door-convertible-french-door-refrigerator-with-triple-cooling-precise-cooling-power-cool-power-freeze-slide-in-shelf-ai-energy-mode-rf65db90bd12-clean-white,https://vsprod.vijaysales.com/media/catalog/product/2/3/231851_1_.jpg,Electronics > Large Appliances > Refrigerators > Side By Side,,
2026-02-02,2026-02-02 10:51:42,refrigerator,230574,"Godrej 308 Litres 2 Star Double Door Inverter Frost Free Refrigerator | 4 in 1 Convertible Modes | AI Tech | Nano Shield Technology | Wide Shelves (RT EONVIBE 346B RCIT, Steel Rush)",Godrej,31990,48090,31990,Available,https://www.vijaysales.com/p/230574/godrej-308-litres-2-star-double-door-inverter-frost-free-refrigerator-4-in-1-convertible-modes-ai-tech-nano-shield-technology-wide-shelves-rt-eonvibe-346b-rcit-steel-rush,https://vsprod.vijaysales.com/media/catalog/product/2/3/230574_1_.jpg,Electronics > Large Appliances > Refrigerators > Double Door,,
2026-02-02,2026-02-02 10:51:42,refrigerator,230436,"Panasonic Prime Convertible Bottom-Mount 450 L Frost Free Double Door Refrigerator with 6-Stage Smart Inverter (NRBK468BGMN, Mirror Glass)",Panasonic,49990,97690,49990,Unavailable,https://www.vijaysales.com/p/230436/panasonic-prime-convertible-bottom-mount-450-l-frost-free-double-door-refrigerator-with-6-stage-smart-inverter-nrbk468bgmn-mirror-glass,https://vsprod.vijaysales.com/media/catalog/product/2/3/230436-image.jpg,Electronics > Large Appliances > Refrigerators > Double Door,,
2026-02-02,2026-02-02 10:51:42,refrigerator,229927,"Samsung 653 L Convertible 5 in 1 Side by Side Refrigerator with 3 Star, Auto Open Door (RS76CB81A333, Glam Deep Charcoal)",Samsung,102990,160000,102990,Available,https://www.vijaysales.com/p/229927/samsung-653-l-convertible-5-in-1-side-by-side-refrigerator-with-3-star-auto-open-door-rs76cb81a333-glam-deep-charcoal,https://vsprod.vijaysales.com/media/catalog/product/2/2/229927-image.jpg,Electronics > Large Appliances > Refrigerators > Side By Side,,
2026-02-02,2026-02-02 10:51:42,refrigerator,229926,"Samsung 653L BESPOKE Convertible 5in1 Side by Side Refrigerator with 3 Star, Twin Cooling Plus, Digital Inverter Compressor (RS76CB81A312,Clean White)",Samsung,104490,160000,104490,Available,https://www.vijaysales.com/p/229926/samsung-653l-bespoke-convertible-5in1-side-by-side-refrigerator-with-3-star-twin-cooling-plus-digital-inverter-compressor-rs76cb81a312-clean-white,https://vsprod.vijaysales.com/media/catalog/product/2/2/229926-image.jpg,Electronics > Large Appliances > Refrigerators > Side By Side,,
2026-02-02,2026-02-02 10:51:42,refrigerator,229925,"Samsung 809 Litres Bespoke 4-Door Flex Family Hub French Door Refrigerator with 81.3 cm Screen | AI Vision Inside | Auto Open Door | Dual Auto Ice Maker (RF71DB9950QD, Clean Charcoal + Stainless Steel)",Samsung,349990,509000,349990,Unavailable,https://www.vijaysales.com/p/229925/samsung-809-litres-bespoke-4-door-flex-family-hub-french-door-refrigerator-with-81-3-cm-screen-ai-vision-inside-auto-open-door-dual-auto-ice-maker-rf71db9950qd-clean-charcoal-stainless-steel,https://vsprod.vijaysales.com/media/catalog/product/2/2/229925_1_.jpg,Electronics > Large Appliances > Refrigerators > Side By Side,,
2026-02-02,2026-02-02 10:51:42,refrigerator,229924,"Samsung 650 Litres Convertible Frost Free French Door Refrigerator with Triple Cooling | Flex Zone | Power Cool / Power Freeze | Slide-in Shelf | AI Energy Mode (RF65DG90BDSG, Black Caviar)",Samsung,159990,226000,159990,Available,https://www.vijaysales.com/p/229924/samsung-650-litres-convertible-frost-free-french-door-refrigerator-with-triple-cooling-flex-zone-power-cool-power-freeze-slide-in-shelf-ai-energy-mode-rf65dg90bdsg-black-caviar,https://vsprod.vijaysales.com/media/catalog/product/2/2/229924_1__1.jpg,Electronics > Large Appliances > Refrigerators > Side By Side,,
2026-02-02,2026-02-02 10:51:42,refrigerator,227829,"LG 201 Litres 3 Star Single Door Direct Cool Refrigerator with Stabilizer Free Operation (GL-B211HELD, Emareld Lotus)",LG,18990,21399,18990,Unavailable,https://www.vijaysales.com/p/227829/lg-201-litres-3-star-single-door-direct-cool-refrigerator-with-stabilizer-free-operation-gl-b211held-emareld-lotus,https://vsprod.vijaysales.com/media/catalog/product/2/2/227829-image1.jpg,Electronics > Large Appliances > Refrigerators > Single Door,,
2026-02-02,2026-02-02 10:51:42,refrigerator,227827,LG 201 Litres 5 Star Direct Cool Single Door Refrigerator with Antibacterial Gasket (Scarlet Euphoria),LG,20990,26199,20990,Unavailable,https://www.vijaysales.com/p/227827/lg-201-litres-5-star-direct-cool-single-door-refrigerator-with-antibacterial-gasket-scarlet-euphoria,https://vsprod.vijaysales.com/media/catalog/product/2/2/227827-image1.jpg,Electronics > Large Appliances > Refrigerators > Single Door,,
2026-02-02,2026-02-02 10:51:42,refrigerator,227610,LG MoodUP™ 617 Litres 3 Star French Door Refrigerator | InstaView™ | 1.7 Lakh + Color Combinations | Built-in Bluetooth Speaker | ThinQ® (GR-A24FDMMB),LG,399990,449999,399990,Unavailable,https://www.vijaysales.com/p/227610/lg-617-litres-3-stat-multi-door-frost-free-refrigerator-with-instaview-thinq-wi-fi-door-alarm-smart-diagnosis-gr-a24fdmmb,https://vsprod.vijaysales.com/media/catalog/product/2/2/227610-image1.jpg,Electronics > Large Appliances > Refrigerators > Side By Side,,
2026-02-02,2026-02-02 10:51:42,refrigerator,227558,"Liebherr 428 Litres 2 Star Double Door Frost Free Refrigerator with EasyFresh Technology | DuoCooling | Spice Boxes (TEBcsB 4255, Cobalt Steel)",Liebherr,52990,78990,52990,Unavailable,https://www.vijaysales.com/p/227558/liebherr-428-litres-2-star-double-door-frost-free-refrigerator-with-easyfresh-technology-duocooling-spice-boxes-tebcsb-4255-cobalt-steel,https://vsprod.vijaysales.com/media/catalog/product/2/2/227558_ref_1_.jpg,Electronics > Large Appliances > Refrigerators > Double Door,,
2026-02-02,2026-02-02 10:51:42,refrigerator,226093,"Whirlpool Intellifresh 467 Litres 2 Star Frost Free Double Door Inverter Refrigerator with 5-in-1 Convertible Modes (IFINVCNV515SO2SZ, Steel Onyx)",Whirlpool,44800,76450,44800,Unavailable,https://www.vijaysales.com/p/226093/whirlpool-intellifresh-467-litres-2-star-frost-free-double-door-inverter-refrigerator-with-5-in-1-convertible-modes-ifinvcnv515so2sz-steel-onyx,https://vsprod.vijaysales.com/media/catalog/product/2/2/226093-image1_1.jpg,Electronics > Large Appliances > Refrigerators > Double Door,,
2026-02-02,2026-02-02 10:51:42,refrigerator,226090,"Whirlpool Vitamagic Pro 192 Litres 3 Star Direct Cool Single Door Inverter Refrigerator with Auto Defrost Technology (215VMPROPRM3SASZ, Alpha Steel)",Whirlpool,17990,22350,17990,Unavailable,https://www.vijaysales.com/p/226090/whirlpool-vitamagic-pro-192-litres-3-star-direct-cool-single-door-inverter-refrigerator-with-auto-defrost-technology-215vmproprm3sasz-alpha-steel,https://vsprod.vijaysales.com/media/catalog/product/2/2/226090-image1.jpg,Electronics > Large Appliances > Refrigerators > Single Door,,
2026-02-02,2026-02-02 10:51:42,refrigerator,224424,"Panasonic 401 L Double Door Bottom Mount Refrigerator with 2 Star, Prime Convertible AI Econavi, 6-Stage Smart Inverter (NR-BK468BQKN, Diamond Black)",Panasonic,49990,89690,49990,Unavailable,https://www.vijaysales.com/p/224424/panasonic-401-l-double-door-bottom-mount-refrigerator-with-2-star-prime-convertible-ai-econavi-6-stage-smart-inverter-nr-bk468bqkn-diamond-black,https://vsprod.vijaysales.com/media/catalog/product/2/2/224424-image.jpg,Electronics > Large Appliances > Refrigerators > Double Door,,
2026-02-02,2026-02-02 10:51:42,refrigerator,224388,"Liebherr 191 Litres 3 Star Single Door Direct Cool Refrigerator | Adjustable Shelves  | LED Lighting | 2.25L Big Bottle storage | Ice Cube Tray | Pocket Handle (DNPsiC 1901 Pure, Silver Steel)",Liebherr,15990,19490,15990,Unavailable,https://www.vijaysales.com/p/224388/liebherr-191-litres-3-star-single-door-direct-cool-refrigerator-adjustable-shelves-led-lighting-2-25l-big-bottle-storage-ice-cube-tray-pocket-handle-dnpsic-1901-pure-silver-steel,https://vsprod.vijaysales.com/media/catalog/product/i/m/imgi_11_dnpsic_1901.jpg,Electronics > Large Appliances > Refrigerators > Single Door,,
2026-02-02,2026-02-02 10:51:42,refrigerator,224351,Bluestar 47 Litres 2 Star Mini Bar Refrigerator | Temperature Control Dial | Reversible Door | Silent Operation | LED Lighting (MR60-GG),Bluestar,8990,11990,8990,Unavailable,https://www.vijaysales.com/p/224351/bluestar-47-litres-2-star-mini-bar-refrigerator-temperature-control-dial-reversible-door-silent-operation-led-lighting-mr60-gg,https://vsprod.vijaysales.com/media/catalog/product/2/2/224351_1_.jpg,Electronics > Large Appliances > Refrigerators > Single Door,,
2026-02-02,2026-02-02 10:51:42,refrigerator,222638,"Haier 445 Litres 2 Star Double Door Frost Free Inverter Refrigerator with 14 in 1 Convertible, Magic Cooling (HRB-4952BGK-P, Graphite Black)",Haier,51990,76490,51990,Available,https://www.vijaysales.com/p/P222638/222638/haier-445-litres-2-star-double-door-frost-free-inverter-refrigerator-with-14-in-1-convertible-magic-cooling-hrb-4952bgk-p-graphite-black,https://vsprod.vijaysales.com/media/catalog/product/2/2/222638-pdp_1_.jpg,Electronics > Large Appliances > Refrigerators > Double Door,,
2026-02-02,2026-02-02 10:51:42,refrigerator,222379,"LG 650 L Side by Side Door Convertible  Refrigerator with Door Cooling + , Hygiene Fresh+ (GL-B257EPZ3, Shiny Steel)",LG,97990,129899,97990,Unavailable,https://www.vijaysales.com/p/P222377/222379/lg-650-l-side-by-side-door-convertible-refrigerator-with-door-cooling-hygiene-fresh-gl-b257epz3-shiny-steel,https://vsprod.vijaysales.com/media/catalog/product/2/2/222379-image1_1.jpg,Electronics > Large Appliances > Refrigerators > Side By Side,,
2026-02-02,2026-02-02 10:51:42,refrigerator,222377,"LG 650 Litres Side by Side Door Convertible Inverter Refrigerator with Smart Diagnosis, Hygiene Fresh+ (GL-B257DBM3, Black Mirror)",LG,114990,147199,114990,Available,https://www.vijaysales.com/p/P222377/222377/lg-650-litres-side-by-side-door-convertible-inverter-refrigerator-with-smart-diagnosis-hygiene-fresh-gl-b257dbm3-black-mirror,https://vsprod.vijaysales.com/media/catalog/product/g/l/gl-b257dbm3_1.jpg,Electronics > Large Appliances > Refrigerators > Side By Side,,
2026-02-02,2026-02-02 10:51:42,refrigerator,219731,"LG 380 Litres 2 Star Double Door Inverter Refrigerator with Smart Inverter Compressor, Toughened Glass Shelves (GLS412SUSY, Urban Steel)",LG,46324,58299,46324,Available,https://www.vijaysales.com/p/219731/lg-380-litres-2-star-double-door-inverter-refrigerator-with-smart-inverter-compressor-toughened-glass-shelves-gls412susy-urban-steel,https://vsprod.vijaysales.com/media/catalog/product/b/a/background_2.jpg,Electronics > Large Appliances > Refrigerators > Double Door,,
2026-02-02,2026-02-02 10:51:42,refrigerator,218133,"Godrej 272 Litres 2 Star Frost Free Double Door Refrigerator | Inverter Technology | LED Lights | Cool Balance Technology (RT Eon Valor 310B RI FS ST, Fossil Steel)",Godrej,25990,37990,25990,Available,https://www.vijaysales.com/p/P217435/218133/godrej-272-litres-2-star-frost-free-double-door-refrigerator-with-cool-balance-technology-rteonvalor310brifsst-fossil-steel,https://vsprod.vijaysales.com/media/catalog/product/r/t/rt_eonvalor_310b_ri_fs_st_1_.jpg,Electronics > Large Appliances > Refrigerators > Double Door,,
2026-02-02,2026-02-02 10:51:42,refrigerator,217435,"Godrej 244 Litres 2 Star Frost Free Double Door Refrigerator | Inverter Technology | LED Lights | Cool Balance Technology (RT Eon Valor 280B RI FS ST, Fossil Steel)",Godrej,25990,33050,25990,Available,https://www.vijaysales.com/p/P217435/217435/godrej-244-litres-2-star-frost-free-double-door-refrigerator-with-inverter-compressor-cool-balance-technology-rteonvalor280brifsst-fossil-steel,https://vsprod.vijaysales.com/media/catalog/product/2/1/217435_1_.jpg,Electronics > Large Appliances > Refrigerators > Double Door,,
