scrape_date,scrape_timestamp,category,sku,title,brand,price,mrp,vsp,availability,product_url,image_url,categories,rating,review_count
2026-02-07,2026-02-07 08:46:31,mobiles,245179,"Apple iPhone 17 (256GB Storage, Black)",Apple,82900,82900,82900,Available,https://www.vijaysales.com/p/P245179/245179/apple-iphone-17-256gb-storage-black,https://vsprod.vijaysales.com/media/catalog/product/i/p/iphone_17_black_pdp_image_position_1__en-in_1.jpg,Electronics > Mobiles and Accessories > Mobiles > iPhones,,
2026-02-07,2026-02-07 08:46:31,mobiles,236654,"Redmi Mobile 14C 5G (6GB RAM, 128GB Storage) | Snapdragon 4 Gen 2 | 5160mAh Battery | 6.88-inch 120Hz Display | Starlight Blue",Redmi,11999,14999,11999,Available,https://www.vijaysales.com/p/P236653/236654/redmi-mobile-14c-5g-6gb-ram-128gb-storage-starlight-blue,https://vsprod.vijaysales.com/media/catalog/product/s/t/starlight_blue_1.jpg,Electronics > Mobiles and Accessories > Mobiles > Smartphones,,
2026-02-07,2026-02-07 08:46:31,mobiles,244103,"Google Pixel 10 Pro 5G (16GB RAM, 256GB Storage) | Google Tensor G5 | 4870mAh Battery | Smarter with Google Gemini AI | Porcelain",Google,109999,109999,109999,Unavailable,https://www.vijaysales.com/p/P244102/244103/google-pixel-10-pro-5g-16gb-ram-256gb-porcelain,https://vsprod.vijaysales.com/media/catalog/product/p/1/p10_pro_porcelain.jpeg,Electronics > Mobiles and Accessories > Mobiles > Smartphones,,
2026-02-07,2026-02-07 08:46:31,mobiles,245194,"Apple iPhone 17 Pro (256GB Storage, Silver)",Apple,132490,134900,132490,Available,https://www.vijaysales.com/p/P245195/245194/apple-iphone-17-pro-256gb-silver,https://vsprod.vijaysales.com/media/catalog/product/i/p/iphone_17_pro_silver_pdp_image_position_1__en-in_1.jpg,Electronics > Mobiles and Accessories > Mobiles > iPhones,,
2026-02-07,2026-02-07 08:46:31,mobiles,232293,"Apple iPhone 16 (256GB Storage, Ultramarine)",Apple,69990,79900,69990,Unavailable,https://www.vijaysales.com/p/P232288/232293/apple-iphone-16-256gb-storage-ultramarine,https://vsprod.vijaysales.com/media/catalog/product/2/3/232293-image.jpg,Electronics > Mobiles and Accessories > Mobiles > iPhones,,
2026-02-07,2026-02-07 08:46:31,mobiles,247900,"Oppo Find X9 5G (12GB RAM, 256GB Storage) | MediaTek Dimensity 9500 | 7025mAh Battery | IP69 Water & Dust Resistance | Titanium Grey",Oppo,74999,79999,74999,Available,https://www.vijaysales.com/p/P247899/247900/oppo-find-x9-5g-12gb-ram-256gb-storage-titanium-grey,https://vsprod.vijaysales.com/media/catalog/product/x/9/x9_titanium_grey_2_.jpg,Electronics > Mobiles and Accessories > Mobiles > Smartphones,,
2026-02-07,2026-02-07 08:46:31,mobiles,244710,"Redmi 15 5G (8GB RAM, 128GB Storage) | Snapdragon 6s Gen 3 | 7000mAh Battery | IP64 Rating | Frosted White",Redmi,16999,17999,16999,Available,https://www.vijaysales.com/p/P244702/244710/redmi-15-5g-8gb-ram-128gb-storage-frosted-white,https://vsprod.vijaysales.com/media/catalog/product/r/e/redmi-15-5g-white_1__1.jpg,Electronics > Mobiles and Accessories > Mobiles > Smartphones,,
2026-02-07,2026-02-07 08:46:31,mobiles,245051,"Oppo F31 5G (8GB RAM, 128GB Storage) | MediaTek Dimensity 6300 | 7000mAh Battery | Rated IP69, IP68, IP66 | Cloud Green",Oppo,26999,27999,26999,Available,https://www.vijaysales.com/p/P245050/245051/oppo-f31-5g-8gb-128gb-cloud-green,https://vsprod.vijaysales.com/media/catalog/product/c/l/cloud_green_1_.jpg,Electronics > Mobiles and Accessories > Mobiles > Smartphones,,
2026-02-07,2026-02-07 08:46:31,mobiles,244098,"Google Pixel 10 5G (12GB RAM, 256GB Storage) | Google Tensor G5 | 4835mAh Battery | Smarter with Google Gemini AI | Obsidian",Google,74999,79999,79999,Available,https://www.vijaysales.com/p/P244098/244098/google-pixel-10-12gb-ram-256gb-storage-obsidian,https://vsprod.vijaysales.com/media/catalog/product/p/1/p10_obsidian.jpg,Electronics > Mobiles and Accessories > Mobiles > Smartphones,,
2026-02-07,2026-02-07 08:46:31,mobiles,245982,"vivo V60e 5G (8GB RAM, 256GB Storage) | MediaTek Dimensity | 6500mAh Battery | IP68/IP69 Rating | Noble Gold",Vivo,31499,36999,33999,Available,https://www.vijaysales.com/p/P245977/245982/vivo-v60e-5g-8gb-ram-256gb-storage-noble-gold,https://vsprod.vijaysales.com/media/catalog/product/v/i/vivo-v60e-noble-gold_1__1.jpg,Electronics > Mobiles and Accessories > Mobiles > Smartphones,,
2026-02-07,2026-02-07 08:46:31,mobiles,241171,"Oneplus Nord 5 5G (8GB RAM, 256GB Storage) | Snapdragon 8s Gen 3 | 6800mAh Battery | Lifetime Display Warranty | Phantom Grey",OnePlus,33999,34999,33999,Available,https://www.vijaysales.com/p/P241171/241171/oneplus-nord-5-5g-8gb-ram-256gb-storage-phantom-grey,https://vsprod.vijaysales.com/media/catalog/product/6/1/61ao4sacnel._sl1500_1_2.jpg,Electronics > Mobiles and Accessories > Mobiles > Smartphones,,
2026-02-07,2026-02-07 08:46:31,mobiles,220949,"Apple iPhone 15 (128 GB Storage, Blue)",Apple,53900,59900,54490,Available,https://www.vijaysales.com/p/P220946/220949/apple-iphone-15-128-gb-storage-blue,https://vsprod.vijaysales.com/media/catalog/product/2/2/220949-image1_2.jpg,Electronics > Mobiles and Accessories > Mobiles > iPhones,,
2026-02-07,2026-02-07 08:46:31,mobiles,238641,"vivo T4X 5G (8GB RAM, 256GB Storage) | Dimensity 7300 | 6500mAh Battery | 120Hz FHD+ Display | Marine Blue",Vivo,18499,20999,18499,Available,https://www.vijaysales.com/p/P238638/238641/vivo-t4x-5g-8gb-ram-256gb-storage-marine-blue,https://vsprod.vijaysales.com/media/catalog/product/m/a/marine_blue_1__2.jpg,Electronics > Mobiles and Accessories > Mobiles > Smartphones,,
2026-02-07,2026-02-07 08:46:31,mobiles,238751,"Google Pixel 9a 5G (8GB RAM, 256GB Storage) | Google Tensor G4 | 5100mAh Battery | Smarter with Google Gemini AI | Porcelain",Google,39999,49999,44999,Available,https://www.vijaysales.com/p/P238750/238751/google-pixel-9a-8gb-ram-256gb-storage-porcelain,https://vsprod.vijaysales.com/media/catalog/product/g/o/google-pixel-9a-porcelain_1_.jpg,Electronics > Mobiles and Accessories > Mobiles > Smartphones,,
2026-02-07,2026-02-07 08:46:31,mobiles,240147,"OnePlus 13s 5G (12GB RAM, 256GB Storage) | Snapdragon 8 Elite | 5850mAh Battery with 80W Charge | Lifetime Display Warranty | Green Silk",OnePlus,50999,57999,54990,Available,https://www.vijaysales.com/p/P240146/240147/oneplus-13s-5g-12gb-ram-256gb-storage-green-silk,https://vsprod.vijaysales.com/media/catalog/product/2/4/240147_1_.jpg,Electronics > Mobiles and Accessories > Mobiles > Smartphones,,
2026-02-07,2026-02-07 08:46:31,mobiles,245149,"vivo Y31 5G (6GB RAM, 128GB Storage) | Snapdragon 4 Gen 2 | 6500mAh Battery | Dual Stereo Speakers | Rose Red",Vivo,18499,21499,18499,Available,https://www.vijaysales.com/p/P245144/245149/vivo-y31-5g-6gb-ram-128gb-storage-rose-red,https://vsprod.vijaysales.com/media/catalog/product/v/i/vivo-y31-5g-rose-red_1_.jpg,Electronics > Mobiles and Accessories > Mobiles > Smartphones,,
2026-02-07,2026-02-07 08:46:31,mobiles,235693,"Redmi Note 14 5G (8GB RAM, 256GB Storage) | MediaTek Dimensity 7300-Ultra | 5110mAh Battery | 6.67-inch 120Hz Display | Titan Black",Redmi,18499,24999,18499,Available,https://www.vijaysales.com/p/P235684/235693/redmi-note-14-5g-8gb-ram-256gb-storage-titan-black,https://vsprod.vijaysales.com/media/catalog/product/r/e/redminote14-5g-black_1__2.jpg,Electronics > Mobiles and Accessories > Mobiles > Smartphones,,
2026-02-07,2026-02-07 08:46:31,mobiles,244106,"Google Pixel 10 Pro XL 5G (16GB RAM, 256GB Storage) | Google Tensor G5 | 5200mAh Battery | Smarter with Google Gemini AI | Moonstone",Google,124999,124999,124999,Available,https://www.vijaysales.com/p/P244108/244106/google-pixel-10-pro-xl-5g-16gb-ram-256gb-moonstone,https://vsprod.vijaysales.com/media/catalog/product/p/1/p10_pro_xl_moonstone_front_.jpg,Electronics > Mobiles and Accessories > Mobiles > Smartphones,,
2026-02-07,2026-02-07 08:46:31,mobiles,241181,"Oneplus Nord CE5 5G (8GB RAM, 256GB Storage) | 7100mAh Battery with 80W SuperVOOC | Smarter with Oneplus AI | Black Infinity",OnePlus,26999,30999,26999,Available,https://www.vijaysales.com/p/P241181/241181/oneplus-nord-ce5-5g-8gb-ram-256gb-storage-black-infinity,https://vsprod.vijaysales.com/media/catalog/product/o/n/oneplus_mobile_nord_ce5_5g_black.jpg,Electronics > Mobiles and Accessories > Mobiles > Smartphones,,
2026-02-07,2026-02-07 08:46:31,mobiles,236560,"OnePlus 13R 5G (12GB RAM, 256GB Storage) | Snapdragon 8 Gen 3 | 6000mAh Battery | Smarter with Oneplus AI | Astral Trail",OnePlus,39999,44999,42990,Available,https://www.vijaysales.com/p/P236561/236560/oneplus-13r-5g-12gb-ram-256gb-storage-astral-trail,https://vsprod.vijaysales.com/media/catalog/product/a/s/astral_trail_1_.jpg,Electronics > Mobiles and Accessories > Mobiles > Smartphones,,
2026-02-07,2026-02-07 08:46:31,mobiles,238469,"Nothing Phone (3a) Pro 5G (8GB RAM, 256GB Storage) | Snapdragon 7s Gen 3 | 5000mAh Battery | Smarter with Essential Space AI | Grey",Nothing,31999,35999,31999,Unavailable,https://www.vijaysales.com/p/P238464/238469/nothing-phone-3a-pro-5g-8gb-ram-256gb-storage-grey,https://vsprod.vijaysales.com/media/catalog/product/n/o/nothing_phone-3a-pro-grey_1_.jpg,Electronics > Mobiles and Accessories > Mobiles > Smartphones,,
2026-02-07,2026-02-07 08:46:31,mobiles,240991,"Oppo K13x 5G (4GB RAM, 128GB Storage) | MediaTek Dimensity 6300 | 6000mAh Battery | IP65 Water and Dust Resistance | Midnight Violet",Oppo,15999,15999,15999,Available,https://www.vijaysales.com/p/P240991/240991/oppo-k13x-5g-4gb-ram-128gb-storage-midnight-violet,https://vsprod.vijaysales.com/media/catalog/product/k/1/k13x-purple-1.jpg,Electronics > Mobiles and Accessories > Mobiles > Smartphones,,
2026-02-07,2026-02-07 08:46:31,mobiles,238639,"vivo T4X 5G (8GB RAM, 128GB Storage) | Dimensity 7300 | 6500mAh Battery | 120Hz FHD+ Display | Marine Blue",Vivo,16499,19499,16499,Unavailable,https://www.vijaysales.com/p/P238638/238639/vivo-t4x-5g-8gb-ram-128gb-storage-marine-blue,https://vsprod.vijaysales.com/media/catalog/product/m/a/marine_blue_1__1.jpg,Electronics > Mobiles and Accessories > Mobiles > Smartphones,,
2026-02-07,2026-02-07 08:46:31,mobiles,248738,"Nothing Phone (3a) Lite (8GB RAM, 256GB Storage) | Dimensity 7300 Pro | 5000mAh Battery | Smarter with Nothing OS AI | White",Nothing,23999,26999,23999,Available,https://www.vijaysales.com/p/P248734/248738/nothing-phone-3a-lite-8gb-ram-256gb-storage-white,https://vsprod.vijaysales.com/media/catalog/product/w/h/white_nothing_3a_lite_1.jpg,Electronics > Mobiles and Accessories > Mobiles > Smartphones,,
2026-02-07,2026-02-07 08:46:31,mobiles,236651,"Redmi Mobile 14C 5G (4GB RAM, 128GB Storage) | Snapdragon 4 Gen 2 | 5160mAh Battery | 6.88-inch 120Hz Display | Starlight Blue",Redmi,10499,13999,10499,Available,https://www.vijaysales.com/p/P236653/236651/redmi-mobile-14c-5g-4gb-ram-128gb-storage-starlight-blue,https://vsprod.vijaysales.com/media/catalog/product/s/t/starlight_blue.jpg,Electronics > Mobiles and Accessories > Mobiles > Smartphones,,
2026-02-07,2026-02-07 08:46:31,mobiles,239577,"Oppo Mobile K13 5G (8GB RAM, 256GB Storage) | Snapdragon 6 Gen Pro | 7000mAh Battery | 80W SUPERVOOC Fast Charging | Prism Black",Oppo,24999,24999,24999,Available,https://www.vijaysales.com/p/P239577/239577/oppo-mobile-k13-5g-8gb-ram-256gb-storage-prism-black,https://vsprod.vijaysales.com/media/catalog/product/p/r/prism_black_1__1.jpg,Electronics > Mobiles and Accessories > Mobiles > Smartphones,,
2026-02-07,2026-02-07 08:46:31,mobiles,244711,"Redmi 15 5G (8GB RAM, 256GB Storage) | Snapdragon 6s Gen 3 | 7000mAh Battery | IP64 Rating | Midnight Black",Redmi,18499,19999,18499,Available,https://www.vijaysales.com/p/P244702/244711/redmi-15-5g-8gb-ram-256gb-storage-midnight-black,https://vsprod.vijaysales.com/media/catalog/product/r/e/redmi-15-5g-black_1_.jpg,Electronics > Mobiles and Accessories > Mobiles > Smartphones,,
2026-02-07,2026-02-07 08:46:31,mobiles,236557,"OnePlus 13 5G (12GB RAM, 256GB Storage) | Snapdragon 8 Elite | 6000mAh Battery | Smarter with Oneplus AI | Black Eclipse",OnePlus,60999,72999,69990,Available,https://www.vijaysales.com/p/P236557/236557/oneplus-13-5g-12gb-ram-256gb-storage-black-eclipse,https://vsprod.vijaysales.com/media/catalog/product/2/3/236557_1_.jpg,Electronics > Mobiles and Accessories > Mobiles > Smartphones,,
2026-02-07,2026-02-07 08:46:31,mobiles,240992,"Oppo K13x 5G (4GB RAM, 128GB Storage) | MediaTek Dimensity 6300 | 6000mAh Battery | IP65 Water and Dust Resistance | Sunset Peach",Oppo,15999,15999,15999,Available,https://www.vijaysales.com/p/P240991/240992/oppo-k13x-5g-4gb-ram-128gb-storage-sunset-peach,https://vsprod.vijaysales.com/media/catalog/product/k/1/k13x-peach-1.jpg,Electronics > Mobiles and Accessories > Mobiles > Smartphones,,
2026-02-07,2026-02-07 08:46:31,mobiles,248700,"Redmi Mobile 15C 5G (6GB RAM, 128GB Storage) | Dimensity 6300 | 6000mAh Battery | IP64 Rating | Purple",Redmi,13999,15999,13999,Available,https://www.vijaysales.com/p/P248695/248700/redmi-mobile-15c-5g-6gb-ram-128gb-storage-purple,https://vsprod.vijaysales.com/media/catalog/product/2/4/248697_1__1.jpg,Electronics > Mobiles and Accessories > Mobiles > Smartphones,,
2026-02-07,2026-02-07 08:46:31,mobiles,245179,"Apple iPhone 17 (256GB Storage, Black)",Apple,82900,82900,82900,Available,https://www.vijaysales.com/p/P245179/245179/apple-iphone-17-256gb-storage-black,https://vsprod.vijaysales.com/media/catalog/product/i/p/iphone_17_black_pdp_image_position_1__en-in_1.jpg,Electronics > Mobiles and Accessories > Mobiles > iPhones,,
2026-02-07,2026-02-07 08:46:31,mobiles,236654,"Redmi Mobile 14C 5G (6GB RAM, 128GB Storage) | Snapdragon 4 Gen 2 | 5160mAh Battery | 6.88-inch 120Hz Display | Starlight Blue",Redmi,11999,14999,11999,Available,https://www.vijaysales.com/p/P236653/236654/redmi-mobile-14c-5g-6gb-ram-128gb-storage-starlight-blue,https://vsprod.vijaysales.com/media/catalog/product/s/t/starlight_blue_1.jpg,Electronics > Mobiles and Accessories > Mobiles > Smartphones,,
2026-02-07,2026-02-07 08:46:31,mobiles,244103,"Google Pixel 10 Pro 5G (16GB RAM, 256GB Storage) | Google Tensor G5 | 4870mAh Battery | Smarter with Google Gemini AI | Porcelain",Google,109999,109999,109999,Unavailable,https://www.vijaysales.com/p/P244102/244103/google-pixel-10-pro-5g-16gb-ram-256gb-porcelain,https://vsprod.vijaysales.com/media/catalog/product/p/1/p10_pro_porcelain.jpeg,Electronics > Mobiles and Accessories > Mobiles > Smartphones,,
2026-02-07,2026-02-07 08:46:31,mobiles,245194,"Apple iPhone 17 Pro (256GB Storage, Silver)",Apple,132490,134900,132490,Available,https://www.vijaysales.com/p/P245195/245194/apple-iphone-17-pro-256gb-silver,https://vsprod.vijaysales.com/media/catalog/product/i/p/iphone_17_pro_silver_pdp_image_position_1__en-in_1.jpg,Electronics > Mobiles and Accessories > Mobiles > iPhones,,
2026-02-07,2026-02-07 08:46:31,mobiles,232293,"Apple iPhone 16 (256GB Storage, Ultramarine)",Apple,69990,79900,69990,Unavailable,https://www.vijaysales.com/p/P232288/232293/apple-iphone-16-256gb-storage-ultramarine,https://vsprod.vijaysales.com/media/catalog/product/2/3/232293-image.jpg,Electronics > Mobiles and Accessories > Mobiles > iPhones,,
2026-02-07,2026-02-07 08:46:31,mobiles,247900,"Oppo Find X9 5G (12GB RAM, 256GB Storage) | MediaTek Dimensity 9500 | 7025mAh Battery | IP69 Water & Dust Resistance | Titanium Grey",Oppo,74999,79999,74999,Available,https://www.vijaysales.com/p/P247899/247900/oppo-find-x9-5g-12gb-ram-256gb-storage-titanium-grey,https://vsprod.vijaysales.com/media/catalog/product/x/9/x9_titanium_grey_2_.jpg,Electronics > Mobiles and Accessories > Mobiles > Smartphones,,
2026-02-07,2026-02-07 08:46:31,mobiles,244710,"Redmi 15 5G (8GB RAM, 128GB Storage) | Snapdragon 6s Gen 3 | 7000mAh Battery | IP64 Rating | Frosted White",Redmi,16999,17999,16999,Available,https://www.vijaysales.com/p/P244702/244710/redmi-15-5g-8gb-ram-128gb-storage-frosted-white,https://vsprod.vijaysales.com/media/catalog/product/r/e/redmi-15-5g-white_1__1.jpg,Electronics > Mobiles and Accessories > Mobiles > Smartphones,,
2026-02-07,2026-02-07 08:46:31,mobiles,245051,"Oppo F31 5G (8GB RAM, 128GB Storage) | MediaTek Dimensity 6300 | 7000mAh Battery | Rated IP69, IP68, IP66 | Cloud Green",Oppo,26999,27999,26999,Available,https://www.vijaysales.com/p/P245050/245051/oppo-f31-5g-8gb-128gb-cloud-green,https://vsprod.vijaysales.com/media/catalog/product/c/l/cloud_green_1_.jpg,Electronics > Mobiles and Accessories > Mobiles > Smartphones,,
2026-02-07,2026-02-07 08:46:31,mobiles,244098,"Google Pixel 10 5G (12GB RAM, 256GB Storage) | Google Tensor G5 | 4835mAh Battery | Smarter with Google Gemini AI | Obsidian",Google,74999,79999,79999,Available,https://www.vijaysales.com/p/P244098/244098/google-pixel-10-12gb-ram-256gb-storage-obsidian,https://vsprod.vijaysales.com/media/catalog/product/p/1/p10_obsidian.jpg,Electronics > Mobiles and Accessories > Mobiles > Smartphones,,
2026-02-07,2026-02-07 08:46:31,mobiles,245982,"vivo V60e 5G (8GB RAM, 256GB Storage) | MediaTek Dimensity | 6500mAh Battery | IP68/IP69 Rating | Noble Gold",Vivo,31499,36999,33999,Available,https://www.vijaysales.com/p/P245977/245982/vivo-v60e-5g-8gb-ram-256gb-storage-noble-gold,https://vsprod.vijaysales.com/media/catalog/product/v/i/vivo-v60e-noble-gold_1__1.jpg,Electronics > Mobiles and Accessories > Mobiles > Smartphones,,
2026-02-07,2026-02-07 08:46:31,mobiles,241171,"Oneplus Nord 5 5G (8GB RAM, 256GB Storage) | Snapdragon 8s Gen 3 | 6800mAh Battery | Lifetime Display Warranty | Phantom Grey",OnePlus,33999,34999,33999,Available,https://www.vijaysales.com/p/P241171/241171/oneplus-nord-5-5g-8gb-ram-256gb-storage-phantom-grey,https://vsprod.vijaysales.com/media/catalog/product/6/1/61ao4sacnel._sl1500_1_2.jpg,Electronics > Mobiles and Accessories > Mobiles > Smartphones,,
2026-02-07,2026-02-07 08:46:31,mobiles,220949,"Apple iPhone 15 (128 GB Storage, Blue)",Apple,53900,59900,54490,Available,https://www.vijaysales.com/p/P220946/220949/apple-iphone-15-128-gb-storage-blue,https://vsprod.vijaysales.com/media/catalog/product/2/2/220949-image1_2.jpg,Electronics > Mobiles and Accessories > Mobiles > iPhones,,
2026-02-07,2026-02-07 08:46:31,mobiles,238641,"vivo T4X 5G (8GB RAM, 256GB Storage) | Dimensity 7300 | 6500mAh Battery | 120Hz FHD+ Display | Marine Blue",Vivo,18499,20999,18499,Available,https://www.vijaysales.com/p/P238638/238641/vivo-t4x-5g-8gb-ram-256gb-storage-marine-blue,https://vsprod.vijaysales.com/media/catalog/product/m/a/marine_blue_1__2.jpg,Electronics > Mobiles and Accessories > Mobiles > Smartphones,,
2026-02-07,2026-02-07 08:46:31,mobiles,238751,"Google Pixel 9a 5G (8GB RAM, 256GB Storage) | Google Tensor G4 | 5100mAh Battery | Smarter with Google Gemini AI | Porcelain",Google,39999,49999,44999,Available,https://www.vijaysales.com/p/P238750/238751/google-pixel-9a-8gb-ram-256gb-storage-porcelain,https://vsprod.vijaysales.com/media/catalog/product/g/o/google-pixel-9a-porcelain_1_.jpg,Electronics > Mobiles and Accessories > Mobiles > Smartphones,,
2026-02-07,2026-02-07 08:46:31,mobiles,240147,"OnePlus 13s 5G (12GB RAM, 256GB Storage) | Snapdragon 8 Elite | 5850mAh Battery with 80W Charge | Lifetime Display Warranty | Green Silk",OnePlus,50999,57999,54990,Available,https://www.vijaysales.com/p/P240146/240147/oneplus-13s-5g-12gb-ram-256gb-storage-green-silk,https://vsprod.vijaysales.com/media/catalog/product/2/4/240147_1_.jpg,Electronics > Mobiles and Accessories > Mobiles > Smartphones,,
2026-02-07,2026-02-07 08:46:31,mobiles,245149,"vivo Y31 5G (6GB RAM, 128GB Storage) | Snapdragon 4 Gen 2 | 6500mAh Battery | Dual Stereo Speakers | Rose Red",Vivo,18499,21499,18499,Available,https://www.vijaysales.com/p/P245144/245149/vivo-y31-5g-6gb-ram-128gb-storage-rose-red,https://vsprod.vijaysales.com/media/catalog/product/v/i/vivo-y31-5g-rose-red_1_.jpg,Electronics > Mobiles and Accessories > Mobiles > Smartphones,,
2026-02-07,2026-02-07 08:46:31,mobiles,235693,"Redmi Note 14 5G (8GB RAM, 256GB Storage) | MediaTek Dimensity 7300-Ultra | 5110mAh Battery | 6.67-inch 120Hz Display | Titan Black",Redmi,18499,24999,18499,Available,https://www.vijaysales.com/p/P235684/235693/redmi-note-14-5g-8gb-ram-256gb-storage-titan-black,https://vsprod.vijaysales.com/media/catalog/product/r/e/redminote14-5g-black_1__2.jpg,Electronics > Mobiles and Accessories > Mobiles > Smartphones,,
2026-02-07,2026-02-07 08:46:31,mobiles,244106,"Google Pixel 10 Pro XL 5G (16GB RAM, 256GB Storage) | Google Tensor G5 | 5200mAh Battery | Smarter with Google Gemini AI | Moonstone",Google,124999,124999,124999,Available,https://www.vijaysales.com/p/P244108/244106/google-pixel-10-pro-xl-5g-16gb-ram-256gb-moonstone,https://vsprod.vijaysales.com/media/catalog/product/p/1/p10_pro_xl_moonstone_front_.jpg,Electronics > Mobiles and Accessories > Mobiles > Smartphones,,
2026-02-07,2026-02-07 08:46:31,mobiles,241181,"Oneplus Nord CE5 5G (8GB RAM, 256GB Storage) | 7100mAh Battery with 80W SuperVOOC | Smarter with Oneplus AI | Black Infinity",OnePlus,26999,30999,26999,Available,https://www.vijaysales.com/p/P241181/241181/oneplus-nord-ce5-5g-8gb-ram-256gb-storage-black-infinity,https://vsprod.vijaysales.com/media/catalog/product/o/n/oneplus_mobile_nord_ce5_5g_black.jpg,Electronics > Mobiles and Accessories > Mobiles > Smartphones,,
2026-02-07,2026-02-07 08:46:31,mobiles,236560,"OnePlus 13R 5G (12GB RAM, 256GB Storage) | Snapdragon 8 Gen 3 | 6000mAh Battery | Smarter with Oneplus AI | Astral Trail",OnePlus,39999,44999,42990,Available,https://www.vijaysales.com/p/P236561/236560/oneplus-13r-5g-12gb-ram-256gb-storage-astral-trail,https://vsprod.vijaysales.com/media/catalog/product/a/s/astral_trail_1_.jpg,Electronics > Mobiles and Accessories > Mobiles > Smartphones,,
2026-02-07,2026-02-07 08:46:31,mobiles,238469,"Nothing Phone (3a) Pro 5G (8GB RAM, 256GB Storage) | Snapdragon 7s Gen 3 | 5000mAh Battery | Smarter with Essential Space AI | Grey",Nothing,31999,35999,31999,Unavailable,https://www.vijaysales.com/p/P238464/238469/nothing-phone-3a-pro-5g-8gb-ram-256gb-storage-grey,https://vsprod.vijaysales.com/media/catalog/product/n/o/nothing_phone-3a-pro-grey_1_.jpg,Electronics > Mobiles and Accessories > Mobiles > Smartphones,,
2026-02-07,2026-02-07 08:46:31,mobiles,240991,"Oppo K13x 5G (4GB RAM, 128GB Storage) | MediaTek Dimensity 6300 | 6000mAh Battery | IP65 Water and Dust Resistance | Midnight Violet",Oppo,15999,15999,15999,Available,https://www.vijaysales.com/p/P240991/240991/oppo-k13x-5g-4gb-ram-128gb-storage-midnight-violet,https://vsprod.vijaysales.com/media/catalog/product/k/1/k13x-purple-1.jpg,Electronics > Mobiles and Accessories > Mobiles > Smartphones,,
2026-02-07,2026-02-07 08:46:31,mobiles,238639,"vivo T4X 5G (8GB RAM, 128GB Storage) | Dimensity 7300 | 6500mAh Battery | 120Hz FHD+ Display | Marine Blue",Vivo,16499,19499,16499,Unavailable,https://www.vijaysales.com/p/P238638/238639/vivo-t4x-5g-8gb-ram-128gb-storage-marine-blue,https://vsprod.vijaysales.com/media/catalog/product/m/a/marine_blue_1__1.jpg,Electronics > Mobiles and Accessories > Mobiles > Smartphones,,
2026-02-07,2026-02-07 08:46:31,mobiles,248738,"Nothing Phone (3a) Lite (8GB RAM, 256GB Storage) | Dimensity 7300 Pro | 5000mAh Battery | Smarter with Nothing OS AI | White",Nothing,23999,26999,23999,Available,https://www.vijaysales.com/p/P248734/248738/nothing-phone-3a-lite-8gb-ram-256gb-storage-white,https://vsprod.vijaysales.com/media/catalog/product/w/h/white_nothing_3a_lite_1.jpg,Electronics > Mobiles and Accessories > Mobiles > Smartphones,,
2026-02-07,2026-02-07 08:46:31,mobiles,236651,"Redmi Mobile 14C 5G (4GB RAM, 128GB Storage) | Snapdragon 4 Gen 2 | 5160mAh Battery | 6.88-inch 120Hz Display | Starlight Blue",Redmi,10499,13999,10499,Available,https://www.vijaysales.com/p/P236653/236651/redmi-mobile-14c-5g-4gb-ram-128gb-storage-starlight-blue,https://vsprod.vijaysales.com/media/catalog/product/s/t/starlight_blue.jpg,Electronics > Mobiles and Accessories > Mobiles > Smartphones,,
2026-02-07,2026-02-07 08:46:31,mobiles,239577,"Oppo Mobile K13 5G (8GB RAM, 256GB Storage) | Snapdragon 6 Gen Pro | 7000mAh Battery | 80W SUPERVOOC Fast Charging | Prism Black",Oppo,24999,24999,24999,Available,https://www.vijaysales.com/p/P239577/239577/oppo-mobile-k13-5g-8gb-ram-256gb-storage-prism-black,https://vsprod.vijaysales.com/media/catalog/product/p/r/prism_black_1__1.jpg,Electronics > Mobiles and Accessories > Mobiles > Smartphones,,
2026-02-07,2026-02-07 08:46:31,mobiles,244711,"Redmi 15 5G (8GB RAM, 256GB Storage) | Snapdragon 6s Gen 3 | 7000mAh Battery | IP64 Rating | Midnight Black",Redmi,18499,19999,18499,Available,https://www.vijaysales.com/p/P244702/244711/redmi-15-5g-8gb-ram-256gb-storage-midnight-black,https://vsprod.vijaysales.com/media/catalog/product/r/e/redmi-15-5g-black_1_.jpg,Electronics > Mobiles and Accessories > Mobiles > Smartphones,,
2026-02-07,2026-02-07 08:46:31,mobiles,236557,"OnePlus 13 5G (12GB RAM, 256GB Storage) | Snapdragon 8 Elite | 6000mAh Battery | Smarter with Oneplus AI | Black Eclipse",OnePlus,60999,72999,69990,Available,https://www.vijaysales.com/p/P236557/236557/oneplus-13-5g-12gb-ram-256gb-storage-black-eclipse,https://vsprod.vijaysales.com/media/catalog/product/2/3/236557_1_.jpg,Electronics > Mobiles and Accessories > Mobiles > Smartphones,,
2026-02-07,2026-02-07 08:46:31,mobiles,240992,"Oppo K13x 5G (4GB RAM, 128GB Storage) | MediaTek Dimensity 6300 | 6000mAh Battery | IP65 Water and Dust Resistance | Sunset Peach",Oppo,15999,15999,15999,Available,https://www.vijaysales.com/p/P240991/240992/oppo-k13x-5g-4gb-ram-128gb-storage-sunset-peach,https://vsprod.vijaysales.com/media/catalog/product/k/1/k13x-peach-1.jpg,Electronics > Mobiles and Accessories > Mobiles > Smartphones,,
2026-02-07,2026-02-07 08:46:31,mobiles,248700,"Redmi Mobile 15C 5G (6GB RAM, 128GB Storage) | Dimensity 6300 | 6000mAh Battery | IP64 Rating | Purple",Redmi,13999,15999,13999,Available,https://www.vijaysales.com/p/P248695/248700/redmi-mobile-15c-5g-6gb-ram-128gb-storage-purple,https://vsprod.vijaysales.com/media/catalog/product/2/4/248697_1__1.jpg,Electronics > Mobiles and Accessories > Mobiles > Smartphones,,
2026-02-07,2026-02-07 08:46:31,mobiles,235704,"Redmi Note 14 Pro 5G (8GB RAM, 256GB Storage) | MediaTek Dimensity 7300-Ultra | 5500mAh Battery | 6.67-inch 120Hz Display | Phantom Purple",Redmi,23999,30999,23999,Available,https://www.vijaysales.com/p/P235696/235704/redmi-note-14-pro-5g-8gb-ram-256gb-storage-phantom-purple,https://vsprod.vijaysales.com/media/catalog/product/r/e/redmi-note-14-pro-5g-purple_1_.jpg,Electronics > Mobiles and Accessories > Mobiles > Smartphones,,
2026-02-07,2026-02-07 08:46:31,mobiles,239396,"Redmi A5 4G (4GB RAM, 128GB Storage) | Octa-Core Processor | 5200mAh Battery | 6.88-inch 120Hz Display | Pondicherry Blue",Redmi,8999,9999,8999,Available,https://www.vijaysales.com/p/P239394/239396/redmi-a5-4g-4gb-ram-128gb-storage-pondicherry-blue,https://vsprod.vijaysales.com/media/catalog/product/r/e/redmi-a5-blue_1__1.jpg,Electronics > Mobiles and Accessories > Mobiles > Smartphones,,
2026-02-07,2026-02-07 08:46:31,mobiles,239394,"Redmi A5 4G (3GB RAM, 64GB Storage) | Octa-Core Processor | 5200mAh Battery | 6.88-inch 120Hz Display | Jaisalmer Gold",Redmi,7999,8999,7999,Available,https://www.vijaysales.com/p/P239394/239394/redmi-a5-4g-3gb-ram-64gb-storage-jaisalmer-gold,https://vsprod.vijaysales.com/media/catalog/product/r/e/redmi-a5-gold_1__1.jpg,Electronics > Mobiles and Accessories > Mobiles > Smartphones,,
2026-02-07,2026-02-07 08:46:31,mobiles,244807,"realme P4 5G (6GB RAM, 128GB Storage) | Dimensity 7400 Ultra | 7000mAh Battery | IP65 & IP66 Water and Dust Protection | Steel Grey",realme,18499,18499,18499,Unavailable,https://www.vijaysales.com/p/P244807/244807/realme-p4-5g-6gb-ram-128gb-storage-steel-grey,https://vsprod.vijaysales.com/media/catalog/product/s/t/steel_grey_14_.jpg,Electronics > Mobiles and Accessories > Mobiles > Smartphones,,
2026-02-07,2026-02-07 08:46:31,mobiles,248241,"Samsung Galaxy A07 (Black, 4 GB RAM, 64GB Storage) MediaTek Helio G99 | 5000mAh Battery | IP54 Dust and Water Protection",Samsung,8999,10499,8999,Available,https://www.vijaysales.com/p/P248239/248241/samsung-galaxy-a07-black-4-gb-ram-64gb-storage-mediatek-helio-g99-5000mah-battery-ip54-dust-and-water-protection,https://vsprod.vijaysales.com/media/catalog/product/2/4/248241_6_.jpg,Electronics > Mobiles and Accessories > Mobiles > Smartphones,,
2026-02-07,2026-02-07 08:46:31,mobiles,248730,"OPPO A6x 5G (4GB RAM, 128GB Storage) | MediaTek Dimensity 6300 | 6500mAh Battery | 120 Hz Ultra Bright Display | Olive Green",Oppo,13999,15999,13999,Available,https://www.vijaysales.com/p/P248729/248730/oppo-a6x-5g-6gb-ram-128gb-storage-olive-green,https://vsprod.vijaysales.com/media/catalog/product/a/6/a6x5g_olivegreen_01.jpg,Electronics > Mobiles and Accessories > Mobiles > Smartphones,,
2026-02-07,2026-02-07 08:46:31,mobiles,235695,"Redmi Note 14 5G (8GB RAM, 256GB Storage) | MediaTek Dimensity 7300-Ultra | 5110mAh Battery | 6.67-inch 120Hz Display | Phantom Purple",Redmi,18499,24999,18499,Available,https://www.vijaysales.com/p/P235684/235695/redmi-note-14-5g-8gb-ram-256gb-storage-phantom-purple,https://vsprod.vijaysales.com/media/catalog/product/r/e/redminote14-5g-purple_1__2.jpg,Electronics > Mobiles and Accessories > Mobiles > Smartphones,,
2026-02-07,2026-02-07 08:46:31,mobiles,237977,"Redmi Mobile 14C 5G (4GB RAM, 64GB Storage) | Snapdragon 4 Gen 2 | 5160mAh Battery | 6.88-inch 120Hz Display | Starlight Blue",Redmi,9499,12999,9499,Available,https://www.vijaysales.com/p/P236653/237977/redmi-mobile-14c-5g-4gb-ram-64gb-storage-starlight-blue,https://vsprod.vijaysales.com/media/catalog/product/s/t/starlight_blue_2.jpg,Electronics > Mobiles and Accessories > Mobiles > Smartphones,,
2026-02-07,2026-02-07 08:46:31,mobiles,235714,"Redmi Note 14 Pro Plus 5G (12GB RAM, 512GB Storage) | Snapdragon 7s Gen 3 | 6200mAh Battery | 6.67-inch 120Hz Display | Titan Black",Redmi,31999,39999,31999,Available,https://www.vijaysales.com/p/P235711/235714/redmi-note-14-pro-plus-5g-12gb-ram-512gb-storage-titan-black,https://vsprod.vijaysales.com/media/catalog/product/r/e/redminote14-pro-plus-black_1_.jpg,Electronics > Mobiles and Accessories > Mobiles > Smartphones,,
2026-02-07,2026-02-07 08:46:31,mobiles,239354,"Store Display Unit - vivo V50e 5G (8GB RAM, 128GB Storage) | Dimensity 7300 | 50MP Front Camera | 5600mAh Battery | Sapphire Blue",Vivo,21999,33999,21999,Unavailable,https://www.vijaysales.com/p/239354/store-display-unit-vivo-v50e-5g-8gb-ram-128gb-storage-sapphire-blue,https://vsprod.vijaysales.com/media/catalog/product/2/3/239354_1_.jpg,Electronics > Mobiles and Accessories > Mobiles > Smartphones,,
2026-02-07,2026-02-07 08:46:31,mobiles,245138,"vivo Y31 Pro 5G (8GB RAM, 128GB Storage) | Dimensity 7300 | 6500mAh Battery | Dual Stereo Speakers | Mocha Brown",Vivo,19999,23999,19999,Available,https://www.vijaysales.com/p/P245139/245138/vivo-y31-pro-5g-8gb-ram-128gb-storage-mocha-brown,https://vsprod.vijaysales.com/media/catalog/product/v/i/vivo_y31_pro_5g_mocha_brown_1_.jpg,Electronics > Mobiles and Accessories > Mobiles > Smartphones,,
2026-02-07,2026-02-07 08:46:31,mobiles,248701,"Redmi Mobile 15C 5G (8GB RAM, 128GB Storage) | Dimensity 6300 | 6000mAh Battery | IP64 Rating | Black",Redmi,15499,16999,15499,Available,https://www.vijaysales.com/p/P248695/248701/redmi-mobile-15c-5g-8gb-ram-128gb-storage-black,https://vsprod.vijaysales.com/media/catalog/product/2/4/248695_1__2.jpg,Electronics > Mobiles and Accessories > Mobiles > Smartphones,,
2026-02-07,2026-02-07 08:46:31,mobiles,240995,"Oppo K13x 5G (8GB RAM, 128GB Storage) | MediaTek Dimensity 6300 | 6000mAh Battery | IP65 Water and Dust Resistance | Midnight Violet",Oppo,15999,15999,15999,Available,https://www.vijaysales.com/p/P240991/240995/oppo-k13x-5g-8gb-ram-128gb-storage-midnight-violet,https://vsprod.vijaysales.com/media/catalog/product/k/1/k13x-purple-1_2.jpg,Electronics > Mobiles and Accessories > Mobiles > Smartphones,,
2026-02-07,2026-02-07 08:46:31,mobiles,241162,"vivo T4 Lite 5G (4GB RAM, 128GB Storage) | Dimensity 6300 | 6000mAh Battery | 1000 nits Brightness | Prism Blue",Vivo,11999,13999,11999,Available,https://www.vijaysales.com/p/P241161/241162/vivo-t4-lite-5g-4gb-ram-128gb-storage-prism-blue,https://vsprod.vijaysales.com/media/catalog/product/v/i/vivo-t4-lite-blue_1__1.jpg,Electronics > Mobiles and Accessories > Mobiles > Smartphones,,
2026-02-07,2026-02-07 08:46:31,mobiles,239743,"vivo T4 5G (8GB RAM, 128GB Storage) | Snapdragon 7s Gen 3 | 7300mAh Battery | 90W FlashCharge | Emerald Blaze",Vivo,22999,25999,22999,Available,https://www.vijaysales.com/p/P239743/239743/vivo-t4-5g-8gb-ram-128gb-storage-emerald-blaze,https://vsprod.vijaysales.com/media/catalog/product/v/i/vivo-t4-emerald-blaze_1_.jpg,Electronics > Mobiles and Accessories > Mobiles > Smartphones,,
2026-02-07,2026-02-07 08:46:31,mobiles,241183,"Oneplus Nord CE5 5G (8GB RAM, 256GB Storage) | 7100mAh Battery with 80W SuperVOOC | Smarter with Oneplus AI | Marble Mist",OnePlus,26999,30999,26999,Available,https://www.vijaysales.com/p/P241181/241183/oneplus-nord-ce5-5g-8gb-ram-256gb-storage-marble-mist,https://vsprod.vijaysales.com/media/catalog/product/o/n/oneplus_mobile_nord_ce5_5g_white.jpg,Electronics > Mobiles and Accessories > Mobiles > Smartphones,,
2026-02-07,2026-02-07 08:46:31,mobiles,248239,"Samsung Galaxy A07 (Light Violet, 4 GB RAM, 64GB Storage) MediaTek Helio G99 | 5000mAh Battery | IP54 Dust and Water Protection",Samsung,8999,10499,8999,Available,https://www.vijaysales.com/p/P248239/248239/samsung-galaxy-a07-light-violet-4-gb-ram-64gb-storage-mediatek-helio-g99-5000mah-battery-ip54-dust-and-water-protection,https://vsprod.vijaysales.com/media/catalog/product/2/4/248239_2_.jpg,Electronics > Mobiles and Accessories > Mobiles > Smartphones,,
2026-02-07,2026-02-07 08:46:31,mobiles,241741,"realme 15 Pro 5G (8GB RAM, 128GB Storage) | Snapdragon 7 Gen 4 | 7000mAh Battery | IP69 Top-Tier Waterproof | Flowing Silver",realme,31999,35999,31999,Available,https://www.vijaysales.com/p/P241741/241741/realme-15-pro-5g-8gb-ram-128gb-storage-flowing-silver,https://vsprod.vijaysales.com/media/catalog/product/-/o/-original-imahe4eqffybjznz_2.jpg,Electronics > Mobiles and Accessories > Mobiles > Smartphones,,
2026-02-07,2026-02-07 08:46:31,mobiles,232285,"Apple iPhone 16 (128GB Storage, Black)",Apple,63990,69900,63990,Unavailable,https://www.vijaysales.com/p/P232288/232285/apple-iphone-16-128gb-storage-black,https://vsprod.vijaysales.com/media/catalog/product/2/3/232285-image.jpg,Electronics > Mobiles and Accessories > Mobiles > iPhones,,
2026-02-07,2026-02-07 08:46:31,mobiles,238750,"Google Pixel 9a 5G (8GB RAM, 256GB Storage) | Google Tensor G4 | 5100mAh Battery | Smarter with Google Gemini AI | Obsidian",Google,39999,49999,44999,Available,https://www.vijaysales.com/p/P238750/238750/google-pixel-9a-8gb-ram-256gb-storage-obsidian,https://vsprod.vijaysales.com/media/catalog/product/g/o/google-pixel-9a-osidian_1_.jpg,Electronics > Mobiles and Accessories > Mobiles > Smartphones,,
2026-02-07,2026-02-07 08:46:31,mobiles,241176,"Oneplus Nord 5 5G (12GB RAM, 256GB Storage) | Snapdragon 8s Gen 3 | 6800mAh Battery | Lifetime Display Warranty | Marble Sands",OnePlus,36999,37999,36999,Available,https://www.vijaysales.com/p/P241171/241176/oneplus-nord-5-5g-12gb-ram-256gb-storage-marble-sands,https://vsprod.vijaysales.com/media/catalog/product/6/1/61v2edmrlkl._sl1500__2.jpg,Electronics > Mobiles and Accessories > Mobiles > Smartphones,,
2026-02-07,2026-02-07 08:46:31,mobiles,245205,"Apple iPhone 17 Pro (1TB Storage, Deep Blue)",Apple,172900,174900,172900,Available,https://www.vijaysales.com/p/P245195/245205/apple-iphone-17-pro-1tb-deep-blue,https://vsprod.vijaysales.com/media/catalog/product/i/p/iphone_17_pro_deep_blue_pdp_image_position_1__en-in_2.jpg,Electronics > Mobiles and Accessories > Mobiles > iPhones,,
2026-02-07,2026-02-07 08:46:31,mobiles,236652,"Redmi Mobile 14C 5G (4GB RAM, 128GB Storage) | Snapdragon 4 Gen 2 | 5160mAh Battery | 6.88-inch 120Hz Display | Stardust Purple",Redmi,10499,13999,10499,Available,https://www.vijaysales.com/p/P236653/236652/redmi-mobile-14c-5g-4gb-ram-128gb-storage-stardust-purple,https://vsprod.vijaysales.com/media/catalog/product/s/t/stardust_purple.jpg,Electronics > Mobiles and Accessories > Mobiles > Smartphones,,
2026-02-07,2026-02-07 08:46:31,mobiles,239397,"Redmi A5 4G (4GB RAM, 128GB Storage) | Octa-Core Processor | 5200mAh Battery | 6.88-inch 120Hz Display | Jaisalmer Gold",Redmi,8999,9999,8999,Available,https://www.vijaysales.com/p/P239394/239397/redmi-a5-4g-4gb-ram-128gb-storage-jaisalmer-gold,https://vsprod.vijaysales.com/media/catalog/product/r/e/redmi-a5-gold_1_.jpg,Electronics > Mobiles and Accessories > Mobiles > Smartphones,,
2026-02-07,2026-02-07 08:46:31,mobiles,238028,"Samsung Galaxy A06 5G (6GB RAM, 128GB Storage) Black",Samsung,13999,15499,13999,Available,https://www.vijaysales.com/p/P238027/238028/samsung-galaxy-a06-5g-6gb-ram-128gb-storage-black,https://vsprod.vijaysales.com/media/catalog/product/s/a/samsung-galaxy-a06-5g-black_1__4.jpg,Electronics > Mobiles and Accessories > Mobiles > Smartphones,,
2026-02-07,2026-02-07 08:46:31,mobiles,248886,"OnePlus 15R 5G (12GB RAM, 256GB Storage) | Snapdragon 8 Gen 5 | 7400mAh Battery | Lifetime Display Warranty | Mint Breeze",OnePlus,47999,54999,47999,Available,https://www.vijaysales.com/p/P248882/248886/oneplus-15r-5g-12gb-ram-256gb-storage-mint-breeze-snapdragon-8-gen-5-7400-mah-battery-lifetime-display-warranty,https://vsprod.vijaysales.com/media/catalog/product/g/r/green_10__2.jpg,Electronics > Mobiles and Accessories > Mobiles > Smartphones,,
2026-02-07,2026-02-07 08:46:31,mobiles,241163,"vivo T4 Lite 5G (4GB RAM, 128GB Storage) | Dimensity 6300 | 6000mAh Battery | 1000 nits Brightness | Titanium Gold",Vivo,11999,13999,11999,Available,https://www.vijaysales.com/p/P241161/241163/vivo-t4-lite-5g-4gb-ram-128gb-storage-titanium-gold,https://vsprod.vijaysales.com/media/catalog/product/v/i/vivo-t4-lite-gold_1__1.jpg,Electronics > Mobiles and Accessories > Mobiles > Smartphones,,
2026-02-07,2026-02-07 08:46:31,mobiles,238942,"vivo Y19e 4G (4GB RAM, 64GB Storage) | Unisoc T7225 | 5500mAh Battery | IP64 Rating | Titanium Silver",Vivo,9999,11999,9999,Available,https://www.vijaysales.com/p/238942/vivo-y19e-4g-4gb-ram-64gb-storage-titanium-silver,https://vsprod.vijaysales.com/media/catalog/product/2/3/238942_1_.jpg,Electronics > Mobiles and Accessories > Mobiles > Smartphones,,
2026-02-07,2026-02-07 08:46:31,mobiles,239393,"Redmi A5 4G (3GB RAM, 64GB Storage) | Octa-Core Processor | 5200mAh Battery | 6.88-inch 120Hz Display | Pondicherry Blue",Redmi,7999,8999,7999,Available,https://www.vijaysales.com/p/P239394/239393/redmi-a5-4g-3gb-ram-64gb-storage-pondicherry-blue,https://vsprod.vijaysales.com/media/catalog/product/r/e/redmi-a5-blue_1_.jpg,Electronics > Mobiles and Accessories > Mobiles > Smartphones,,
2026-02-07,2026-02-07 08:46:31,mobiles,244726,"OPPO K13x 5G (6GB RAM, 128GB Storage) | MediaTek Dimensity 6300 Processor | 6000mAh Battery with 45W SUPERVOOC | AI Features (Breeze Blue)",Oppo,16999,16999,16999,Available,https://www.vijaysales.com/p/P240991/244726/oppo-k13x-5g-6gb-ram-128gb-storage-mediatek-dimensity-6300-processor-6000mah-battery-with-45w-supervooc-ai-features-breeze-blue,https://vsprod.vijaysales.com/media/catalog/product/2/4/244726_1_.jpg,Electronics > Mobiles and Accessories > Mobiles > Smartphones,,
2026-02-07,2026-02-07 08:46:31,mobiles,239392,"Redmi A5 4G (3GB RAM, 64GB Storage) | Octa-Core Processor | 5200mAh Battery | 6.88-inch 120Hz Display | Just Black",Redmi,7999,8999,7999,Available,https://www.vijaysales.com/p/P239394/239392/redmi-a5-4g-3gb-ram-64gb-storage-just-black,https://vsprod.vijaysales.com/media/catalog/product/r/e/redmi-a5-black_1_.jpg,Electronics > Mobiles and Accessories > Mobiles > Smartphones,,
2026-02-07,2026-02-07 08:46:31,mobiles,248476,"realme P4x 5G (6GB RAM, 128GB Storage) | Dimensity 7400 Ultra | 7000mAh Titan Battery | 144Hz Display | Matte Silver",realme,15999,17999,15999,Unavailable,https://www.vijaysales.com/p/P248475/248476/realme-p4x-5g-6-gb-ram-128-gb-storage-matte-silver,https://vsprod.vijaysales.com/media/catalog/product/2/4/248476_1_.jpg,Electronics > Mobiles and Accessories > Mobiles > Smartphones,,
2026-02-07,2026-02-07 08:46:31,mobiles,247919,Samsung Galaxy A17 5G (8+128GB) 6.7 inch Super AMOLED Display | 50MP Triple Camera | 5000mAh Battery | Exynos 1330 Processor | IP54 Water-Dust Resistance | Android 15 One UI 7.0 | Grey,Samsung,20499,20499,20499,Available,https://www.vijaysales.com/p/P247916/247919/samsung-galaxy-a17-5g-grey-8gb-ram-128gb-storage-6x-os-upgrades-triple-cameras-gemini-with-hw-key-without-travel-adapter,https://vsprod.vijaysales.com/media/catalog/product/g/r/gray_a17_2__1.jpg,Electronics > Mobiles and Accessories > Mobiles > Smartphones,,
2026-02-07,2026-02-07 08:46:31,mobiles,241167,"vivo T4 Lite 5G (8GB RAM, 256GB Storage) | Dimensity 6300 | 6000mAh Battery | 1000 nits Brightness | Titanium Gold",Vivo,14999,16999,14999,Available,https://www.vijaysales.com/p/P241161/241167/vivo-t4-lite-5g-8gb-ram-256gb-storage-titanium-gold,https://vsprod.vijaysales.com/media/catalog/product/v/i/vivo-t4-lite-gold_1__3.jpg,Electronics > Mobiles and Accessories > Mobiles > Smartphones,,
2026-02-07,2026-02-07 08:46:31,mobiles,241184,"Oneplus Nord CE5 5G (8GB RAM, 128GB Storage) | 7100mAh Battery with 80W SuperVOOC | Smarter with Oneplus AI | Black Infinity",OnePlus,24999,28999,24999,Available,https://www.vijaysales.com/p/P241181/241184/oneplus-nord-ce5-5g-8gb-ram-128gb-storage-black-infinity,https://vsprod.vijaysales.com/media/catalog/product/o/n/oneplus_mobile_nord_ce5_5g_black_1.jpg,Electronics > Mobiles and Accessories > Mobiles > Smartphones,,
2026-02-07,2026-02-07 08:46:31,mobiles,241187,"Oneplus Nord CE5 5G (12GB RAM, 256GB Storage) | 7100mAh Battery with 80W SuperVOOC | Smarter with Oneplus AI | Black Infinity",OnePlus,28999,32999,28999,Unavailable,https://www.vijaysales.com/p/P241181/241187/oneplus-nord-ce5-5g-12gb-ram-256gb-storage-black-infinity,https://vsprod.vijaysales.com/media/catalog/product/o/n/oneplus_mobile_nord_ce5_5g_black_2.jpg,Electronics > Mobiles and Accessories > Mobiles > Smartphones,,
2026-02-07,2026-02-07 08:46:31,mobiles,241165,"vivo T4 Lite 5G (6GB RAM, 128GB Storage) | Dimensity 6300 | 6000mAh Battery | 1000 nits Brightness | Titanium Gold",Vivo,12999,14999,12999,Unavailable,https://www.vijaysales.com/p/P241161/241165/vivo-t4-lite-5g-6gb-ram-128gb-storage-titanium-gold,https://vsprod.vijaysales.com/media/catalog/product/v/i/vivo-t4-lite-gold_1__2.jpg,Electronics > Mobiles and Accessories > Mobiles > Smartphones,,
2026-02-07,2026-02-07 08:46:31,mobiles,241430,"Redmi Note 14 Pro Plus 5G (12GB RAM, 512GB Storage) | Snapdragon 7s Gen 3 | 6200mAh Battery | 6.67-inch 120Hz Display | Champagne Gold",Redmi,31990,39999,31990,Unavailable,https://www.vijaysales.com/p/P235705/241430/redmi-note-14-pro-plus-5g-12gb-ram-512gb-storage-champagne-gold,https://vsprod.vijaysales.com/media/catalog/product/r/e/redmi-note-14-pro-plus-gold_1_.jpg,Electronics > Mobiles and Accessories > Mobiles > Smartphones,,
2026-02-07,2026-02-07 08:46:31,mobiles,245145,"vivo Y31 5G (4GB RAM, 128GB Storage) | Snapdragon 4 Gen 2 | 6500mAh Battery | Dual Stereo Speakers | Rose Red",Vivo,16999,19999,16999,Available,https://www.vijaysales.com/p/P245144/245145/vivo-y31-5g-4gb-ram-128gb-storage-rose-red,https://vsprod.vijaysales.com/media/catalog/product/v/i/vivo-y31-5g-rose-red_1__2.jpg,Electronics > Mobiles and Accessories > Mobiles > Smartphones,,
2026-02-07,2026-02-07 08:46:31,mobiles,238943,"vivo Y19e 4G (4GB RAM, 64GB Storage) | Unisoc T7225 | 5500mAh Battery | IP64 Rating | Majestic Green",Vivo,9999,11999,9999,Available,https://www.vijaysales.com/p/238943/vivo-y19e-4g-4gb-ram-64gb-storage-majestic-green,https://vsprod.vijaysales.com/media/catalog/product/2/3/238943_1_.jpg,Electronics > Mobiles and Accessories > Mobiles > Smartphones,,
2026-02-07,2026-02-07 08:46:31,mobiles,238636,"vivo T4X 5G (6GB RAM, 128GB Storage) | Dimensity 7300 | 6500mAh Battery | 120Hz FHD+ Display | Pronto Purple",Vivo,15499,17999,15499,Unavailable,https://www.vijaysales.com/p/P238638/238636/vivo-t4x-5g-6gb-ram-126gb-storage-pronto-purple,https://vsprod.vijaysales.com/media/catalog/product/p/r/pronto_purple_1_.jpg,Electronics > Mobiles and Accessories > Mobiles > Smartphones,,
2026-02-07,2026-02-07 08:46:31,mobiles,245143,"vivo Y31 Pro 5G (8GB RAM, 256GB Storage) | Dimensity 7300 | 6500mAh Battery | Dual Stereo Speakers | Dreamy White",Vivo,21999,25999,21999,Available,https://www.vijaysales.com/p/P245139/245143/vivo-y31-pro-5g-8gb-ram-256gb-storage-dreamy-white,https://vsprod.vijaysales.com/media/catalog/product/v/i/vivo_y31_pro_5g_white_1__1.jpg,Electronics > Mobiles and Accessories > Mobiles > Smartphones,,
2026-02-07,2026-02-07 08:46:31,mobiles,236650,"Redmi Mobile 14C 5G (4GB RAM, 128GB Storage) | Snapdragon 4 Gen 2 | 5160mAh Battery | 6.88-inch 120Hz Display | Stargaze Black",Redmi,10499,13999,10499,Available,https://www.vijaysales.com/p/P236653/236650/redmi-mobile-14c-5g-4gb-ram-256gb-storage-stargaze-black,https://vsprod.vijaysales.com/media/catalog/product/s/t/stargaze_black.jpg,Electronics > Mobiles and Accessories > Mobiles > Smartphones,,
2026-02-07,2026-02-07 08:46:31,mobiles,244117,"realme 15T 5G (8GB RAM, 128GB Storage) | Dimensity 6400 MAX | 7000mAh Battery | IP66/68/69 Water Resistance | Silk Blue",realme,22999,22999,22999,Available,https://www.vijaysales.com/p/P244116/244117/realme-15t-5g-8gb-rm-128gb-storage-silk-blue,https://vsprod.vijaysales.com/media/catalog/product/r/e/realme_15t_blue_1__1.jpg,Electronics > Mobiles and Accessories > Mobiles > Smartphones,,
2026-02-07,2026-02-07 08:46:31,mobiles,239395,"Redmi A5 4G (4GB RAM, 128GB Storage) | Octa-Core Processor | 5200mAh Battery | 6.88-inch 120Hz Display | Just Black",Redmi,8999,9999,8999,Available,https://www.vijaysales.com/p/P239394/239395/redmi-a5-4g-4gb-ram-128gb-storage-just-black,https://vsprod.vijaysales.com/media/catalog/product/r/e/redmi-a5-black_1__1.jpg,Electronics > Mobiles and Accessories > Mobiles > Smartphones,,
2026-02-07,2026-02-07 08:46:31,mobiles,242133,"realme C71 4G (4GB RAM, 64GB Storage) | UNISOC T7250 | 6300mAh Battery | IP54 Dust & Water Resistance | Obsidian Black",realme,8999,8999,8999,Available,https://www.vijaysales.com/p/P242133/242133/realme-c71-4g-4gb-ram-64gb-storage-obsidian-black,https://vsprod.vijaysales.com/media/catalog/product/r/e/realme-c71-black-1.jpg,Electronics > Mobiles and Accessories > Mobiles > Smartphones,,
2026-02-07,2026-02-07 08:46:31,mobiles,243448,"vivo V60 5G (8GB RAM, 256GB Storage) | Snapdragon 7 Gen 4 | 6500mAh Battery | IP68 & IP69 Rating | Mist Gray",Vivo,36499,43999,38999,Available,https://www.vijaysales.com/p/P243444/243448/vivo-v60-5g-8gb-ram-256gb-storage-mist-gray,https://vsprod.vijaysales.com/media/catalog/product/v/i/vivo_v60_grey_pdp_1_.jpg,Electronics > Mobiles and Accessories > Mobiles > Smartphones,,
2026-02-07,2026-02-07 08:46:31,mobiles,248482,"realme P4x 5G (8GB RAM, 256GB Storage) | Dimensity 7400 Ultra | 7000mAh Titan Battery | 144Hz Display | Matte Silver",realme,19499,20999,19499,Available,https://www.vijaysales.com/p/P248475/248482/realme-p4x-5g-8-gb-ram-256-gb-storage-matte-silver,https://vsprod.vijaysales.com/media/catalog/product/2/4/248482_13_.jpg,Electronics > Mobiles and Accessories > Mobiles > Smartphones,,
2026-02-07,2026-02-07 08:46:31,mobiles,248478,"realme P4x 5G (8GB RAM, 128GB Storage) | Dimensity 7400 Ultra | 7000mAh Titan Battery | 144Hz Display | Lake Green",realme,17499,18999,17499,Available,https://www.vijaysales.com/p/P248475/248478/realme-p4x-5g-8-gb-ram-128-gb-storage-lake-green,https://vsprod.vijaysales.com/media/catalog/product/2/4/248478_11_.jpg,Electronics > Mobiles and Accessories > Mobiles > Smartphones,,
2026-02-07,2026-02-07 08:46:31,mobiles,241182,"Oneplus Nord CE5 5G (8GB RAM, 256GB Storage) | 7100mAh Battery with 80W SuperVOOC | Smarter with Oneplus AI | Nexus Blue",OnePlus,26999,30999,26999,Available,https://www.vijaysales.com/p/P241181/241182/oneplus-nord-ce5-5g-8gb-ram-256gb-storage-nexus-blue,https://vsprod.vijaysales.com/media/catalog/product/o/n/oneplus_mobile_nord_ce5_5g_nexus_blue.jpg,Electronics > Mobiles and Accessories > Mobiles > Smartphones,,
2026-02-07,2026-02-07 08:46:31,mobiles,238468,"Nothing Phone (3a) Pro 5G (8GB RAM, 256GB Storage) | Snapdragon 7s Gen 3 | 5000mAh Battery | Smarter with Essential Space AI | Black",Nothing,31999,35999,31999,Available,https://www.vijaysales.com/p/P238464/238468/nothing-phone-3a-pro-5g-8gb-ram-256gb-storage-black,https://vsprod.vijaysales.com/media/catalog/product/n/o/nothing_phone_3a_pro_black_1_.jpg,Electronics > Mobiles and Accessories > Mobiles > Smartphones,,
2026-02-07,2026-02-07 08:46:31,mobiles,238470,"Nothing Phone (3a) Pro 5G (12GB RAM, 256GB Storage) | Snapdragon 7s Gen 3 | 5000mAh Battery | Smarter with Essential Space AI | Black",Nothing,33999,36999,33999,Unavailable,https://www.vijaysales.com/p/P238464/238470/nothing-phone-3a-pro-5g-12gb-ram-256gb-internal-storage-black,https://vsprod.vijaysales.com/media/catalog/product/n/o/nothing_phone_3a_pro_black_1_.jpg,Electronics > Mobiles and Accessories > Mobiles > Smartphones,,
2026-02-07,2026-02-07 08:46:31,mobiles,248697,"Redmi Mobile 15C 5G (4GB RAM, 128GB Storage) | Dimensity 6300 | 6000mAh Battery | IP64 Rating | Purple",Redmi,12499,14999,12499,Available,https://www.vijaysales.com/p/P248695/248697/redmi-mobile-15c-5g-4gb-ram-128gb-storage-purple,https://vsprod.vijaysales.com/media/catalog/product/2/4/248697_1_.jpg,Electronics > Mobiles and Accessories > Mobiles > Smartphones,,
2026-02-07,2026-02-07 08:46:31,mobiles,237292,"Samsung Galaxy S25 5G (12GB RAM, 256GB Storage) Silver Shadow",Samsung,74999,80999,80999,Available,https://www.vijaysales.com/p/P237290/237292/samsung-galaxy-s25-5g-12gb-ram-256gb-storage-silver-shadow,https://vsprod.vijaysales.com/media/catalog/product/2/3/237292_1_.jpg,Electronics > Mobiles and Accessories > Mobiles > Smartphones,,
2026-02-07,2026-02-07 08:46:31,mobiles,238103,"Store Display Unit - Apple iPhone 16e (128GB Storage, Black)",Apple,40990,59900,40990,Available,https://www.vijaysales.com/p/238103/store-display-unit-apple-iphone-16e-128gb-storage-black,https://vsprod.vijaysales.com/media/catalog/product/i/p/iphone-16e-black_1__3.jpg,Electronics > Mobiles and Accessories > Mobiles > iPhones,,
2026-02-07,2026-02-07 08:46:31,mobiles,248732,"OPPO A6x 5G (4GB RAM, 64GB Storage) | MediaTek Dimensity 6300 | 6500mAh Battery | 120 Hz Ultra Bright Display | Olive Green",Oppo,12999,14499,12999,Available,https://www.vijaysales.com/p/P248729/248732/oppo-a6x-5g-4gb-ram-128gb-storage-olive-green,https://vsprod.vijaysales.com/media/catalog/product/a/6/a6x5g_olivegreen_01_1.jpg,Electronics > Mobiles and Accessories > Mobiles > Smartphones,,
2026-02-07,2026-02-07 08:46:31,mobiles,248356,"realme C85 5G (6GB RAM, 128GB Storage) | Dimensity 6300 | 7000mAh Battery | Military-Grade Shock Resistance | Parrot Purple",realme,17999,17999,17999,Available,https://www.vijaysales.com/p/P248354/248356/realme-c85-5g-6gb-ram-128gb-storage-parrot-purple,https://vsprod.vijaysales.com/media/catalog/product/p/a/parrot_purple_6__1.jpg,Electronics > Mobiles and Accessories > Mobiles > Smartphones,,
2026-02-07,2026-02-07 08:46:31,mobiles,240183,"realme C73 5G (4GB RAM, 64GB Storage) | MediaTek Dimensity 6300 | 6000mAh Battery | Military-Grade Shock Resistance | Jade Green",realme,11999,12999,11999,Available,https://www.vijaysales.com/p/P240184/240183/realme-c73-5g-4gb-ram-64gb-storage-jade-green,https://vsprod.vijaysales.com/media/catalog/product/r/e/realmec73green_1_.jpg,Electronics > Mobiles and Accessories > Mobiles > Smartphones,,
2026-02-07,2026-02-07 08:46:31,mobiles,240835,"Oppo A5 5G (6GB RAM, 128GB Storage) | MediaTek Dimensity 6300 | 6000mAh Battery | IP65 Water and Dust Resistance | Mist White",Oppo,16499,19499,16499,Available,https://www.vijaysales.com/p/P240834/240835/oppo-a5-5g-6gb-ram-128gb-storage-mist-white,https://vsprod.vijaysales.com/media/catalog/product/o/p/oppo-a5-5g-white-1.jpg,Electronics > Mobiles and Accessories > Mobiles > Smartphones,,
2026-02-07,2026-02-07 08:46:31,mobiles,248202,"vivo Y19s 5G (6GB RAM, 128GB Storage) | Dimensity 6300 | 6000mAh Battery | IP64 Rating | Titanium Silver",Vivo,15499,17499,15499,Available,https://www.vijaysales.com/p/P248198/248202/vivo-y19s-5g-6gb-ram-128gb-storage-titanium-silver,https://vsprod.vijaysales.com/media/catalog/product/t/i/titanium_silver_8__2.jpg,Electronics > Mobiles and Accessories > Mobiles > Smartphones,,
2026-02-07,2026-02-07 08:46:31,mobiles,241756,"Tecno Spark Go 2 4G (4GB RAM, 64GB Storage) | Unisoc T7250 | 5000mAh Battery | Smarter with Tecno AI | Veil White",Tecno,7499,8999,7499,Available,https://www.vijaysales.com/p/P241756/241756/tecno-spark-go-2-4g-4gb-ram-64gb-storage-veil-white,https://vsprod.vijaysales.com/media/catalog/product/t/e/tecno-spark-go-2-white_1_.jpg,Electronics > Mobiles and Accessories > Mobiles > Smartphones,,
2026-02-07,2026-02-07 08:46:31,mobiles,245042,Samsung Galaxy F17 5G (6GB RAM / 128GB Storage) 6x OS Upgrades | AMOLED Display | Corning Gorilla Glass Victus & IP54 (Violet Pop),Samsung,16999,17999,16999,Available,https://www.vijaysales.com/p/P245041/245042/samsung-galaxy-f17-5g-6gb-ram-128gb-storage-6x-os-upgrades-samoled-display-corning-gorilla-glass-victus-ip54-violet-pop,https://vsprod.vijaysales.com/media/catalog/product/f/1/f17_5g_blue_1__1.jpg,Electronics > Mobiles and Accessories > Mobiles > Smartphones,,
2026-02-07,2026-02-07 08:46:31,mobiles,248728,"OPPO A6x 5G (6GB RAM, 128GB Storage) | MediaTek Dimensity 6300 | 6500mAh Battery | 120 Hz Ultra Bright Display | Olive Green",Oppo,15999,17499,15999,Available,https://www.vijaysales.com/p/P248729/248728/oppo-a6x-5g-4gb-ram-64gb-storage-olive-green,https://vsprod.vijaysales.com/media/catalog/product/a/6/a6x5g_olivegreen_01_2.jpg,Electronics > Mobiles and Accessories > Mobiles > Smartphones,,
2026-02-07,2026-02-07 08:46:31,mobiles,248481,"realme P4x 5G (8GB RAM, 256GB Storage) | Dimensity 7400 Ultra | 7000mAh Titan Battery | 144Hz Display | Lake Green",realme,19499,20999,19499,Available,https://www.vijaysales.com/p/P248475/248481/realme-p4x-5g-8-gb-ram-256-gb-storage-lake-green,https://vsprod.vijaysales.com/media/catalog/product/2/4/248481_11_.jpg,Electronics > Mobiles and Accessories > Mobiles > Smartphones,,
2026-02-07,2026-02-07 08:46:31,mobiles,240993,"Oppo K13x 5G (6GB RAM, 128GB Storage) | MediaTek Dimensity 6300 | 6000mAh Battery | IP65 Water and Dust Resistance | Sunset Peach",Oppo,16999,16999,16999,Unavailable,https://www.vijaysales.com/p/P240991/240993/oppo-k13x-5g-6gb-ram-128gb-storage-sunset-peach,https://vsprod.vijaysales.com/media/catalog/product/k/1/k13x-peach-1_1.jpg,Electronics > Mobiles and Accessories > Mobiles > Smartphones,,
2026-02-07,2026-02-07 08:46:31,mobiles,238285,"Samsung Galaxy A36 5G (12GB RAM, 256GB Storage) Awesome Lavender",Samsung,38499,38999,38499,Available,https://www.vijaysales.com/p/P238282/238285/samsung-galaxy-a36-5g-12gb-ram-256gb-storage-awesome-lavender,https://vsprod.vijaysales.com/media/catalog/product/s/a/samsung-galaxy-a36-5g-lavender_1_.jpg,Electronics > Mobiles and Accessories > Mobiles > Smartphones,,
2026-02-07,2026-02-07 08:46:31,mobiles,251819,"Redmi Note 15 Pro 5G (8GB RAM, 256GB Storage) | MediaTek Dimensity 7400-Ultra | 6580mAh Battery | Dust and Water Resistance | Silver Ash",Redmi,31999,34999,31999,Available,https://www.vijaysales.com/p/P251813/251819/redmi-note-15-pro-5g-8gb-ram-256gb-storage-120hz-amoled-display-6580mah-battery-dust-and-water-resistance-silver-ash,https://vsprod.vijaysales.com/media/catalog/product/r/e/redmi_note_15_pro_5g_silver_ash_1__1.jpg,Electronics > Mobiles and Accessories > Mobiles > Smartphones,,
2026-02-07,2026-02-07 08:46:31,mobiles,241172,"Oneplus Nord 5 5G (8GB RAM, 256GB Storage) | Snapdragon 8s Gen 3 | 6800mAh Battery | Lifetime Display Warranty | Marble Sands",OnePlus,33999,34999,33999,Available,https://www.vijaysales.com/p/P241171/241172/oneplus-nord-5-5g-8gb-ram-256gb-storage-marble-sands,https://vsprod.vijaysales.com/media/catalog/product/6/1/61v2edmrlkl._sl1500_1.jpg,Electronics > Mobiles and Accessories > Mobiles > Smartphones,,
2026-02-07,2026-02-07 08:46:31,mobiles,241173,"Oneplus Nord 5 5G (8GB RAM, 256GB Storage) | Snapdragon 8s Gen 3 | 6800mAh Battery | Lifetime Display Warranty | Dry Ice",OnePlus,33999,34999,33999,Available,https://www.vijaysales.com/p/P241171/241173/oneplus-nord-5-5g-8gb-ram-256gb-storage-dry-ice,https://vsprod.vijaysales.com/media/catalog/product/6/1/61ju4wtrssl._sl1500_11_1.jpg,Electronics > Mobiles and Accessories > Mobiles > Smartphones,,
2026-02-07,2026-02-07 08:46:31,mobiles,238752,"Google Pixel 9a 5G (8GB RAM, 256GB Storage) | Google Tensor G4 | 5100mAh Battery | Smarter with Google Gemini AI | Iris",Google,39999,49999,44999,Unavailable,https://www.vijaysales.com/p/P238750/238752/google-pixel-9a-8gb-ram-256gb-storage-iris,https://vsprod.vijaysales.com/media/catalog/product/g/o/google-pixel-9a-iris_1_.jpg,Electronics > Mobiles and Accessories > Mobiles > Smartphones,,
2026-02-07,2026-02-07 08:46:31,mobiles,241185,"Oneplus Nord CE5 5G (8GB RAM, 128GB Storage) | 7100mAh Battery with 80W SuperVOOC | Smarter with Oneplus AI | Nexus Blue",OnePlus,24999,28999,24999,Available,https://www.vijaysales.com/p/P241181/241185/oneplus-nord-ce5-5g-8gb-ram-128gb-storage-nexus-blue,https://vsprod.vijaysales.com/media/catalog/product/o/n/oneplus_mobile_nord_ce5_5g_nexus_blue_1.jpg,Electronics > Mobiles and Accessories > Mobiles > Smartphones,,
2026-02-07,2026-02-07 08:46:31,mobiles,248885,"OnePlus 15R 5G (12GB RAM, 256GB Storage) | Snapdragon 8 Gen 5 | 7400mAh Battery | Lifetime Display Warranty | Charcoal Black",OnePlus,47999,54999,47999,Available,https://www.vijaysales.com/p/P248882/248885/oneplus-15r-5g-12gb-ram-256gb-storage-charcoal-black-snapdragon-8-gen-5-7400-mah-battery-lifetime-display-warranty,https://vsprod.vijaysales.com/media/catalog/product/b/l/black_9__1_1.jpg,Electronics > Mobiles and Accessories > Mobiles > Smartphones,,
2026-02-07,2026-02-07 08:46:31,mobiles,241174,"Oneplus Nord 5 5G (12GB RAM, 256GB Storage) | Snapdragon 8s Gen 3 | 6800mAh Battery | Lifetime Display Warranty | Phantom Grey",OnePlus,36999,37999,36999,Available,https://www.vijaysales.com/p/P241171/241174/oneplus-nord-5-5g-12gb-ram-256gb-storage-phantom-grey,https://vsprod.vijaysales.com/media/catalog/product/6/1/61ao4sacnel._sl1500_1.jpg,Electronics > Mobiles and Accessories > Mobiles > Smartphones,,
2026-02-07,2026-02-07 08:46:31,mobiles,241177,"Oneplus Nord 5 5G (12GB RAM, 512GB Storage) | Snapdragon 8s Gen 3 | 6800mAh Battery | Lifetime Display Warranty | Phantom Grey",OnePlus,39999,40999,39999,Available,https://www.vijaysales.com/p/P241171/241177/oneplus-nord-5-5g-12gb-ram-512gb-storage-phantom-grey,https://vsprod.vijaysales.com/media/catalog/product/6/1/61ao4sacnel._sl1500_1_1.jpg,Electronics > Mobiles and Accessories > Mobiles > Smartphones,,
2026-02-07,2026-02-07 08:46:31,mobiles,244973,"vivo T4R 5G (8GB RAM, 256GB Storage) | Dimensity 7400 | 5700mAh Battery | Studio Aura Light | Twilight Blue",Vivo,22999,24999,22999,Unavailable,https://www.vijaysales.com/p/P244970/244973/vivo-t4r-5g-8gb-ram-256gb-storage-twilight-blue,https://vsprod.vijaysales.com/media/catalog/product/v/i/vivo_t4r_purple_1__1.jpg,Electronics > Mobiles and Accessories > Mobiles > Smartphones,,
2026-02-07,2026-02-07 08:46:31,mobiles,244972,"vivo T4R 5G (8GB RAM, 256GB Storage) | Dimensity 7400 | 5700mAh Battery | Studio Aura Light | Arctic White",Vivo,22999,24999,22999,Available,https://www.vijaysales.com/p/P244970/244972/vivo-t4r-5g-8gb-ram-256gb-storage-arctic-white,https://vsprod.vijaysales.com/media/catalog/product/v/i/vivo_t4r_white_1__1.jpg,Electronics > Mobiles and Accessories > Mobiles > Smartphones,,
2026-02-07,2026-02-07 08:46:31,mobiles,236559,"OnePlus 13R 5G (12GB RAM, 256GB Storage) | Snapdragon 8 Gen 3 | 6000mAh Battery | Smarter with Oneplus AI | Nebula Noir",OnePlus,39999,44999,42990,Available,https://www.vijaysales.com/p/P236561/236559/oneplus-13r-5g-12gb-ram-256gb-storage-nebula-noir,https://vsprod.vijaysales.com/media/catalog/product/n/e/nebula_noir_1_.jpg,Electronics > Mobiles and Accessories > Mobiles > Smartphones,,
2026-02-07,2026-02-07 08:46:31,mobiles,241186,"Oneplus Nord CE5 5G (8GB RAM, 128GB Storage) | 7100mAh Battery with 80W SuperVOOC | Smarter with Oneplus AI | Marble Mist",OnePlus,24999,28999,24999,Available,https://www.vijaysales.com/p/P241181/241186/oneplus-nord-ce5-5g-8gb-ram-128gb-storage-marble-mist,https://vsprod.vijaysales.com/media/catalog/product/o/n/oneplus_mobile_nord_ce5_5g_white_1.jpg,Electronics > Mobiles and Accessories > Mobiles > Smartphones,,
2026-02-07,2026-02-07 08:46:31,mobiles,248882,"OnePlus 15R 5G (12GB RAM, 512GB Storage) | Snapdragon 8 Gen 5 | 7400mAh Battery | Lifetime Display Warranty | Charcoal Black",OnePlus,52999,59999,52999,Available,https://www.vijaysales.com/p/P248882/248882/oneplus-15r-5g-12gb-ram-512gb-storage-charcoal-black-snapdragon-8-gen-5-7400-mah-battery-lifetime-display-warranty,https://vsprod.vijaysales.com/media/catalog/product/b/l/black_9__1.jpg,Electronics > Mobiles and Accessories > Mobiles > Smartphones,,
2026-02-07,2026-02-07 08:46:31,mobiles,236552,"OnePlus 13 5G (12GB RAM, 256GB Storage) | Snapdragon 8 Elite | 6000mAh Battery | Smarter with Oneplus AI | Midnight Ocean",OnePlus,60999,72999,69990,Available,https://www.vijaysales.com/p/P236557/236552/oneplus-13-5g-12gb-ram-256gb-storage-midnight-ocean,https://vsprod.vijaysales.com/media/catalog/product/2/3/236552_1_.jpg,Electronics > Mobiles and Accessories > Mobiles > Smartphones,,
2026-02-07,2026-02-07 08:46:31,mobiles,248883,"OnePlus 15R 5G (12GB RAM, 512GB Storage) | Snapdragon 8 Gen 5 | 7400mAh Battery | Lifetime Display Warranty | Mint Breeze",OnePlus,52999,59999,52999,Available,https://www.vijaysales.com/p/P248882/248883/oneplus-15r-5g-12gb-ram-512gb-storage-mint-breeze-snapdragon-8-gen-5-7400-mah-battery-lifetime-display-warranty,https://vsprod.vijaysales.com/media/catalog/product/g/r/green_10_.jpg,Electronics > Mobiles and Accessories > Mobiles > Smartphones,,
2026-02-07,2026-02-07 08:46:31,mobiles,248884,"OnePlus 15R 5G (12GB RAM, 256GB Storage) | Snapdragon 8 Gen 5 | 7400mAh Battery | Lifetime Display Warranty | Electric Violet",OnePlus,47999,54999,47999,Available,https://www.vijaysales.com/p/P248882/248884/oneplus-15r-5g-12gb-ram-256gb-storage-electric-violet-snapdragon-8-gen-5-7400-mah-battery-lifetime-display-warranty,https://vsprod.vijaysales.com/media/catalog/product/p/u/purple_10_.jpg,Electronics > Mobiles and Accessories > Mobiles > Smartphones,,
2026-02-07,2026-02-07 08:46:31,mobiles,241164,"vivo T4 Lite 5G (6GB RAM, 128GB Storage) | Dimensity 6300 | 6000mAh Battery | 1000 nits Brightness | Prism Blue",Vivo,12999,14999,12999,Unavailable,https://www.vijaysales.com/p/P241161/241164/vivo-t4-lite-5g-6gb-ram-128gb-storage-prism-blue,https://vsprod.vijaysales.com/media/catalog/product/v/i/vivo-t4-lite-blue_1__2.jpg,Electronics > Mobiles and Accessories > Mobiles > Smartphones,,
2026-02-07,2026-02-07 08:46:31,mobiles,236553,"OnePlus 13 5G (16GB RAM, 512GB Storage) | Snapdragon 8 Elite | 6000mAh Battery | Smarter with Oneplus AI | Midnight Ocean",OnePlus,67999,79999,76990,Available,https://www.vijaysales.com/p/P236557/236553/oneplus-13-5g-16gb-ram-512gb-storage-midnight-ocean,https://vsprod.vijaysales.com/media/catalog/product/2/3/236552_1__1.jpg,Electronics > Mobiles and Accessories > Mobiles > Smartphones,,
2026-02-07,2026-02-07 08:46:31,mobiles,244104,"Google Pixel 10 Pro 5G (16GB RAM, 256GB Storage) | Google Tensor G5 | 4870mAh Battery | Smarter with Google Gemini AI | Moonstone",Google,109999,109999,109999,Available,https://www.vijaysales.com/p/P244102/244104/google-pixel-10-pro-5g-16gb-ram-256gb-moonstone,https://vsprod.vijaysales.com/media/catalog/product/p/1/p10_pro_moonstone.jpg,Electronics > Mobiles and Accessories > Mobiles > Smartphones,,
2026-02-07,2026-02-07 08:46:31,mobiles,241175,"Oneplus Nord 5 5G (12GB RAM, 256GB Storage) | Snapdragon 8s Gen 3 | 6800mAh Battery | Lifetime Display Warranty | Dry Ice",OnePlus,36999,37999,36999,Available,https://www.vijaysales.com/p/P241171/241175/oneplus-nord-5-5g-12gb-ram-256gb-storage-dry-ice,https://vsprod.vijaysales.com/media/catalog/product/6/1/61ju4wtrssl._sl1500_11.jpg,Electronics > Mobiles and Accessories > Mobiles > Smartphones,,
2026-02-07,2026-02-07 08:46:31,mobiles,244102,"Google Pixel 10 Pro 5G (16GB RAM, 256GB Storage) | Google Tensor G5 | 4870mAh Battery | Smarter with Google Gemini AI | Obsidian",Google,109999,109999,109999,Available,https://www.vijaysales.com/p/P244102/244102/google-pixel-10-pro-5g-16gb-ram-256gb-obsidian,https://vsprod.vijaysales.com/media/catalog/product/p/1/p10_pro_obsidian.jpg,Electronics > Mobiles and Accessories > Mobiles > Smartphones,,
2026-02-07,2026-02-07 08:46:31,mobiles,238637,"vivo T4X 5G (6GB RAM, 128GB Storage) | Dimensity 7300 | 6500mAh Battery | 120Hz FHD+ Display | Marine Blue",Vivo,15499,17999,15499,Unavailable,https://www.vijaysales.com/p/P238638/238637/vivo-t4x-5g-6gb-ram-126gb-storage-marine-blue,https://vsprod.vijaysales.com/media/catalog/product/m/a/marine_blue_1_.jpg,Electronics > Mobiles and Accessories > Mobiles > Smartphones,,
2026-02-07,2026-02-07 08:46:31,mobiles,248210,"OnePlus 15 5G (16GB RAM, 512GB Storage) | Snapdragon 8 Elite Gen 5 | 7300mAh Battery | Lifetime Display Warranty | Sand Strom",OnePlus,79999,83999,79999,Available,https://www.vijaysales.com/p/P248207/248210/oneplus-15-5g-16gb-ram-512gb-storage-sand-strom-snapdragon-8-elite-gen-5-7300mah-battery-with-120w-charge-lifetime-display-warranty,https://vsprod.vijaysales.com/media/catalog/product/o/n/oneplus_15_sand_6__1_1.jpg,Electronics > Mobiles and Accessories > Mobiles > Smartphones,,
2026-02-07,2026-02-07 08:46:31,mobiles,238640,"vivo T4X 5G (8GB RAM, 256GB Storage) | Dimensity 7300 | 6500mAh Battery | 120Hz FHD+ Display | Pronto Purple",Vivo,18499,20999,18499,Unavailable,https://www.vijaysales.com/p/P238638/238640/vivo-t4x-5g-8gb-ram-256gb-storage-pronto-purple,https://vsprod.vijaysales.com/media/catalog/product/p/r/pronto_purple_1__2.jpg,Electronics > Mobiles and Accessories > Mobiles > Smartphones,,
2026-02-07,2026-02-07 08:46:31,mobiles,236554,"OnePlus 13 5G (12GB RAM, 256GB Storage) | Snapdragon 8 Elite | 6000mAh Battery | Smarter with Oneplus AI | Artic Dawn",OnePlus,60999,72999,69990,Available,https://www.vijaysales.com/p/P236557/236554/oneplus-13-5g-12gb-ram-256gb-storage-artic-dawn,https://vsprod.vijaysales.com/media/catalog/product/2/3/236554_1_.jpg,Electronics > Mobiles and Accessories > Mobiles > Smartphones,,
2026-02-07,2026-02-07 08:46:31,mobiles,239746,"vivo T4 5G (8GB RAM, 128GB Storage) | Snapdragon 7s Gen 3 | 7300mAh Battery | 90W FlashCharge | Phantom Grey",Vivo,22999,25999,22999,Available,https://www.vijaysales.com/p/P239743/239746/vivo-t4-5g-8gb-ram-128gb-storage-phantom-grey,https://vsprod.vijaysales.com/media/catalog/product/v/i/vivo-t4-phantom-grey_1_.jpg,Electronics > Mobiles and Accessories > Mobiles > Smartphones,,
2026-02-07,2026-02-07 08:46:31,mobiles,248207,"OnePlus 15 5G (12GB RAM, 256GB Storage) | Snapdragon 8 Elite Gen 5 | 7300mAh Battery | Lifetime Display Warranty | Infinite Black",OnePlus,72999,76999,72999,Available,https://www.vijaysales.com/p/P248207/248207/oneplus-15-5g-12gb-ram-256gb-storage-infinite-black-snapdragon-8-elite-gen-5-7300mah-battery-with-120w-charge-lifetime-display-warranty,https://vsprod.vijaysales.com/media/catalog/product/o/n/oneplus_15_black_2__1.jpg,Electronics > Mobiles and Accessories > Mobiles > Smartphones,,
2026-02-07,2026-02-07 08:46:31,mobiles,244108,"Google Pixel 10 Pro XL 5G (16GB RAM, 256GB Storage) | Google Tensor G5 | 5200mAh Battery | Smarter with Google Gemini AI | Obsidian",Google,124999,124999,124999,Available,https://www.vijaysales.com/p/P244108/244108/google-pixel-10-pro-xl-5g-16gb-ram-256gb-obsidian,https://vsprod.vijaysales.com/media/catalog/product/p/1/p10_pro_xl_obsidian_front_.jpg,Electronics > Mobiles and Accessories > Mobiles > Smartphones,,
2026-02-07,2026-02-07 08:46:31,mobiles,238638,"vivo T4X 5G (8GB RAM, 128GB Storage) | Dimensity 7300 | 6500mAh Battery | 120Hz FHD+ Display | Pronto Purple",Vivo,16499,19499,16499,Unavailable,https://www.vijaysales.com/p/P238638/238638/vivo-t4x-5g-8gb-ram-128gb-storage-pronto-purple,https://vsprod.vijaysales.com/media/catalog/product/p/r/pronto_purple_1__1.jpg,Electronics > Mobiles and Accessories > Mobiles > Smartphones,,
2026-02-07,2026-02-07 08:46:31,mobiles,248208,"OnePlus 15 5G (12GB RAM, 256GB Storage) | Snapdragon 8 Elite Gen 5 | 7300mAh Battery | Lifetime Display Warranty | Sand Strom",OnePlus,72999,76999,72999,Available,https://www.vijaysales.com/p/P248207/248208/oneplus-15-5g-12gb-ram-256gb-storage-sand-strom-snapdragon-8-elite-gen-5-7300mah-battery-with-120w-charge-lifetime-display-warranty,https://vsprod.vijaysales.com/media/catalog/product/o/n/oneplus_15_sand_6__1.jpg,Electronics > Mobiles and Accessories > Mobiles > Smartphones,,
2026-02-07,2026-02-07 08:46:31,mobiles,243450,"vivo V60 5G (8GB RAM, 256GB Storage) | Snapdragon 7 Gen 4 | 6500mAh Battery | IP68 & IP69 Rating | Auspicious Gold",Vivo,36499,43999,38999,Available,https://www.vijaysales.com/p/P243444/243450/vivo-v60-5g-8gb-ram-256gb-storage-auspicious-gold,https://vsprod.vijaysales.com/media/catalog/product/v/i/vivo_v60_gold_pdp_1_.jpg,Electronics > Mobiles and Accessories > Mobiles > Smartphones,,
2026-02-07,2026-02-07 08:46:31,mobiles,235690,"Redmi Note 14 5G (8GB RAM, 128GB Storage) | MediaTek Dimensity 7300-Ultra | 5110mAh Battery | 6.67-inch 120Hz Display | Titan Black",Redmi,16999,22999,16999,Available,https://www.vijaysales.com/p/P235684/235690/redmi-note-14-5g-8gb-ram-128gb-storage-titan-black,https://vsprod.vijaysales.com/media/catalog/product/r/e/redminote14-5g-black_1__1.jpg,Electronics > Mobiles and Accessories > Mobiles > Smartphones,,
2026-02-07,2026-02-07 08:46:31,mobiles,240146,"OnePlus 13s 5G (12GB RAM, 256GB Storage) | Snapdragon 8 Elite | 5850mAh Battery with 80W Charge | Lifetime Display Warranty | Black Velvet",OnePlus,50999,57999,54990,Available,https://www.vijaysales.com/p/P240146/240146/oneplus-13s-5g-12gb-ram-256gb-storage-black-velvet,https://vsprod.vijaysales.com/media/catalog/product/2/4/240146_1_.jpg,Electronics > Mobiles and Accessories > Mobiles > Smartphones,,
2026-02-07,2026-02-07 08:46:31,mobiles,238465,"Nothing Phone (3a) Pro 5G (8GB RAM, 128GB Storage) | Snapdragon 7s Gen 3 | 5000mAh Battery | Smarter with Essential Space AI | Grey",Nothing,29999,33999,29999,Available,https://www.vijaysales.com/p/P238464/238465/nothing-phone-3a-pro-5g-8gb-ram-128gb-storage-grey,https://vsprod.vijaysales.com/media/catalog/product/n/o/nothing_phone-3a-pro-grey_1_.jpg,Electronics > Mobiles and Accessories > Mobiles > Smartphones,,
2026-02-07,2026-02-07 08:46:31,mobiles,248209,"OnePlus 15 5G (16GB RAM, 512GB Storage) | Snapdragon 8 Elite Gen 5 | 7300mAh Battery | Lifetime Display Warranty | Infinite Black",OnePlus,79999,83999,79999,Available,https://www.vijaysales.com/p/P248207/248209/oneplus-15-5g-16gb-ram-512gb-storage-infinite-black-snapdragon-8-elite-gen-5-7300mah-battery-with-120w-charge-lifetime-display-warranty,https://vsprod.vijaysales.com/media/catalog/product/o/n/oneplus_15_black_2_.jpg,Electronics > Mobiles and Accessories > Mobiles > Smartphones,,
2026-02-07,2026-02-07 08:46:31,mobiles,238464,"Nothing Phone (3a) Pro 5G (8GB RAM, 128GB Storage) | Snapdragon 7s Gen 3 | 5000mAh Battery | Smarter with Essential Space AI | Black",Nothing,29999,33999,29999,Available,https://www.vijaysales.com/p/P238464/238464/nothing-phone-3a-pro-5g-8gb-ram-128gb-storage-black,https://vsprod.vijaysales.com/media/catalog/product/n/o/nothing_phone_3a_pro_black_1_.jpg,Electronics > Mobiles and Accessories > Mobiles > Smartphones,,
2026-02-07,2026-02-07 08:46:31,mobiles,248206,"OnePlus 15 5G (12GB RAM, 256GB Storage) | Snapdragon 8 Elite Gen 5 | 7300mAh Battery | Lifetime Display Warranty | Ultra Violet",OnePlus,72999,76999,72999,Available,https://www.vijaysales.com/p/P248207/248206/oneplus-15-5g-12gb-ram-256gb-storage-ultra-violet-snapdragon-8-elite-gen-5-7300mah-battery-with-120w-charge-lifetime-display-warranty,https://vsprod.vijaysales.com/media/catalog/product/v/i/violet_7_.jpg,Electronics > Mobiles and Accessories > Mobiles > Smartphones,,
2026-02-07,2026-02-07 08:46:31,mobiles,235691,"Redmi Note 14 5G (8GB RAM, 128GB Storage) | MediaTek Dimensity 7300-Ultra | 5110mAh Battery | 6.67-inch 120Hz Display | Mystique White",Redmi,16999,22999,16999,Available,https://www.vijaysales.com/p/P235684/235691/redmi-note-14-5g-8gb-ram-128gb-storage-mystique-white,https://vsprod.vijaysales.com/media/catalog/product/r/e/redminote14-5g-white_1__1.jpg,Electronics > Mobiles and Accessories > Mobiles > Smartphones,,
2026-02-07,2026-02-07 08:46:31,mobiles,244974,"vivo T4R 5G (12GB RAM, 256GB Storage) | Dimensity 7400 | 5700mAh Battery | Studio Aura Light | Arctic White",Vivo,24999,26999,24999,Available,https://www.vijaysales.com/p/P244970/244974/vivo-t4r-5g-12gb-ram-256gb-storage-arctic-white,https://vsprod.vijaysales.com/media/catalog/product/v/i/vivo_t4r_white_1__3.jpg,Electronics > Mobiles and Accessories > Mobiles > Smartphones,,
2026-02-07,2026-02-07 08:46:31,mobiles,243442,"vivo V60 5G (8GB RAM, 128GB Storage) | Snapdragon 7 Gen 4 | 6500mAh Battery | IP68 & IP69 Rating | Mist Gray",Vivo,34999,41999,36999,Available,https://www.vijaysales.com/p/P243444/243442/vivo-v60-5g-8gb-ram-128gb-storage-mist-gray,https://vsprod.vijaysales.com/media/catalog/product/v/i/vivo_v60_grey_pdp_1__1.jpg,Electronics > Mobiles and Accessories > Mobiles > Smartphones,,
2026-02-07,2026-02-07 08:46:31,mobiles,236556,"OnePlus 13 5G (16GB RAM, 512GB Storage) | Snapdragon 8 Elite | 6000mAh Battery | Smarter with Oneplus AI | Black Eclipse",OnePlus,67999,79999,76990,Available,https://www.vijaysales.com/p/P236557/236556/oneplus-13-5g-16gb-ram-512gb-storage-black-eclipse,https://vsprod.vijaysales.com/media/catalog/product/2/3/236557_1__1.jpg,Electronics > Mobiles and Accessories > Mobiles > Smartphones,,
2026-02-07,2026-02-07 08:46:31,mobiles,249465,"realme 16 Pro 5G (8GB RAM, 256GB Storage) | Dimensity 7300 Max | 7000mAh Battery | 200MP Camera | Master Gold",realme,33999,36999,33999,Available,https://www.vijaysales.com/p/P249461/249465/realme-16-pro-5g-8gb-ram-256gb-storage-master-gold,https://vsprod.vijaysales.com/media/catalog/product/1/7/1767607330558648a26c6a4294b058149e0a23522ff6b.png.webp_1.jpg,Electronics > Mobiles and Accessories > Mobiles > Smartphones,,
2026-02-07,2026-02-07 08:46:31,mobiles,240180,Lava Gem 2025 Dual Sim Keypad Phone | 2.8 inch (7.11 cm) LCD Display | Camera & Flash | 2575mAh Smart AI Powerful Battery | Wireless FM & Recording | Stereo Speakers (Blue Chrome),Lava,1539,1539,1539,Available,https://www.vijaysales.com/p/P240181/240180/lava-gem-2025-dual-sim-keypad-phone-2-8-inch-7-11-cm-lcd-display-camera-flash-2575mah-smart-ai-powerful-battery-wireless-fm-recording-stereo-speakers-blue-chrome,https://vsprod.vijaysales.com/media/catalog/product/2/4/240180_1_.jpg,Electronics > Mobiles and Accessories > Mobiles > Feature Phones,,
2026-02-07,2026-02-07 08:46:31,mobiles,244105,"Google Pixel 10 Pro 5G (16GB RAM, 256GB Storage) | Google Tensor G5 | 4870mAh Battery | Smarter with Google Gemini AI | Jade",Google,109999,109999,109999,Available,https://www.vijaysales.com/p/P244102/244105/google-pixel-10-pro-5g-16gb-ram-256gb-jade,https://vsprod.vijaysales.com/media/catalog/product/p/1/p10_pro_jade.jpg,Electronics > Mobiles and Accessories > Mobiles > Smartphones,,
2026-02-07,2026-02-07 08:46:31,mobiles,245977,"vivo V60e 5G (8GB RAM, 128GB Storage) | MediaTek Dimensity | 6500mAh Battery | IP68/IP69 Rating | Elite Purple",Vivo,29499,34999,31999,Available,https://www.vijaysales.com/p/P245977/245977/vivo-v60e-5g-8gb-ram-128gb-storage-elite-purple,https://vsprod.vijaysales.com/media/catalog/product/v/i/vivo-v60e-elite-purple_1_.jpg,Electronics > Mobiles and Accessories > Mobiles > Smartphones,,
2026-02-07,2026-02-07 08:46:31,mobiles,250992,"Redmi Note 15 5G (8GB RAM, 128GB Storage) | Snapdragon 6 Gen 3 | 5520mAh Battery | IP65/IP66 Rating | Glacier Blue",Redmi,22999,26999,22999,Available,https://www.vijaysales.com/p/P250991/250992/redmi-note-15-5g-8gb-ram-128gb-storage-glacier-blue,https://vsprod.vijaysales.com/media/catalog/product/2/5/250992_1_.jpg,Electronics > Mobiles and Accessories > Mobiles > Smartphones,,
2026-02-07,2026-02-07 08:46:31,mobiles,242173,"Samsung Galaxy Z Fold7 5G Smartphone with Galaxy AI (Navy, 12GB RAM, 256GB Storage), Ultra Sleek Design with 200MP Camera, Powerful Snapdragon 8 Elite, Google Gemini",Samsung,174999,174999,174999,Available,https://www.vijaysales.com/p/P242173/242173/samsung-galaxy-z-fold7-12gb-ram-256gb-storage-blue-shadow,https://vsprod.vijaysales.com/media/catalog/product/i/n/in-galaxy-z-fold7-f966-sm-f966bdbgins-547543120.jpg,Electronics > Mobiles and Accessories > Mobiles > Smartphones,,
2026-02-07,2026-02-07 08:46:31,mobiles,243451,"vivo V60 5G (12GB RAM, 256GB Storage) | Snapdragon 7 Gen 4 | 6500mAh Battery | IP68 & IP69 Rating | Mist Gray",Vivo,37999,45999,40999,Available,https://www.vijaysales.com/p/P243444/243451/vivo-v60-5g-12gb-ram-256gb-storage-mist-gray,https://vsprod.vijaysales.com/media/catalog/product/v/i/vivo_v60_grey_pdp_1__3.jpg,Electronics > Mobiles and Accessories > Mobiles > Smartphones,,
2026-02-07,2026-02-07 08:46:31,mobiles,237310,"Samsung Galaxy S25 Ultra 5G (12GB RAM, 256GB Storage) Titanium Jetblack",Samsung,129999,129999,129999,Available,https://www.vijaysales.com/p/P237318/237310/samsung-galaxy-s25-ultra-5g-12gb-ram-256gb-storage-titanium-jetblack,https://vsprod.vijaysales.com/media/catalog/product/s/a/samsung-galaxy-s25-ultra-jetblack_1__1.jpg,Electronics > Mobiles and Accessories > Mobiles > Smartphones,,
2026-02-07,2026-02-07 08:46:31,mobiles,247923,Samsung Galaxy A17 5G (8+256GB) 6.7 inch Super AMOLED Display | 50MP Triple Camera | 5000mAh Battery | Exynos 1330 Processor | IP54 Water-Dust Resistance | Android 15 One UI 7.0 | Blue,Samsung,23499,23499,23499,Available,https://www.vijaysales.com/p/P247916/247923/samsung-galaxy-a17-5g-blue-8gb-ram-256gb-storage-6x-os-upgrades-triple-cameras-gemini-with-hw-key-without-travel-adapter,https://vsprod.vijaysales.com/media/catalog/product/a/1/a17_blue_1__5.jpg,Electronics > Mobiles and Accessories > Mobiles > Smartphones,,
2026-02-07,2026-02-07 08:46:31,mobiles,243452,"vivo V60 5G (12GB RAM, 256GB Storage) | Snapdragon 7 Gen 4 | 6500mAh Battery | IP68 & IP69 Rating | Moonlit Blue",Vivo,38499,45999,40999,Available,https://www.vijaysales.com/p/P243444/243452/vivo-v60-5g-12gb-ram-256gb-storage-moonlit-blue,https://vsprod.vijaysales.com/media/catalog/product/v/i/vivo_v60_pdp_blue_1__2.jpg,Electronics > Mobiles and Accessories > Mobiles > Smartphones,,
2026-02-07,2026-02-07 08:46:31,mobiles,245040,Samsung Galaxy F17 5G (4GB RAM / 128GB Storage) 6x OS Upgrades | AMOLED Display | Corning Gorilla Glass Victus & IP54 (Violet Pop),Samsung,15499,16499,15499,Available,https://www.vijaysales.com/p/P245041/245040/samsung-galaxy-f17-5g-4gb-ram-128gb-storage-6x-os-upgrades-samoled-display-corning-gorilla-glass-victus-ip54-violet-pop,https://vsprod.vijaysales.com/media/catalog/product/f/1/f17_5g_blue_1_.jpg,Electronics > Mobiles and Accessories > Mobiles > Smartphones,,
2026-02-07,2026-02-07 08:46:31,mobiles,244810,"realme P4 5G (8GB RAM, 128GB Storage) | Dimensity 7400 Ultra | 7000mAh Battery | IP65 & IP66 Water and Dust Protection | Steel Grey",realme,19499,19499,19499,Unavailable,https://www.vijaysales.com/p/P244807/244810/realme-p4-5g-8gb-ram-128gb-storage-steel-grey,https://vsprod.vijaysales.com/media/catalog/product/s/t/steel_grey_14__1.jpg,Electronics > Mobiles and Accessories > Mobiles > Smartphones,,
2026-02-07,2026-02-07 08:46:31,mobiles,244099,"Google Pixel 10 5G (12GB RAM, 256GB Storage) | Google Tensor G5 | 4835mAh Battery | Smarter with Google Gemini AI | Frost",Google,74999,79999,79999,Available,https://www.vijaysales.com/p/P244098/244099/google-pixel-10-12gb-ram-256gb-storage-frost,https://vsprod.vijaysales.com/media/catalog/product/p/1/p10_frost.jpg,Electronics > Mobiles and Accessories > Mobiles > Smartphones,,
2026-02-07,2026-02-07 08:46:31,mobiles,249034,"OPPO Reno15 5G (8GB RAM, 256GB Storage) | Snapdragon 7 Gen 4 | 6500mAh Battery | IP69 Rated (Glacier White)",Oppo,45999,49999,45999,Available,https://www.vijaysales.com/p/P249033/249034/oppo-reno15-5g-8gb-ram-256gb-storage-glacier-white,https://vsprod.vijaysales.com/media/catalog/product/r/e/reno15_glacier_white_1_.jpg,Electronics > Mobiles and Accessories > Mobiles > Smartphones,,
2026-02-07,2026-02-07 08:46:31,mobiles,248398,"vivo X300 5G (12GB RAM, 256GB Storage) | Dimensity 9500 | 6040 mAh Battery | IP68/IP69 Rating | Summit Red",Vivo,75999,83999,75999,Available,https://www.vijaysales.com/p/P248396/248398/vivo-x300-5g-12gb-ram-256gb-storage-summit-red,https://vsprod.vijaysales.com/media/catalog/product/s/u/summit_red_1__2.jpg,Electronics > Mobiles and Accessories > Mobiles > Smartphones,,
2026-02-07,2026-02-07 08:46:31,mobiles,249462,"realme 16 Pro 5G (8GB RAM, 128GB Storage) | Dimensity 7300 Max | 7000mAh Battery | 200MP Camera | Master Gold",realme,31999,34999,31999,Available,https://www.vijaysales.com/p/P249461/249462/realme-16-pro-5g-8gb-ram-128gb-storage-master-gold,https://vsprod.vijaysales.com/media/catalog/product/1/7/1767607330558648a26c6a4294b058149e0a23522ff6b.png.webp.jpg,Electronics > Mobiles and Accessories > Mobiles > Smartphones,,
2026-02-07,2026-02-07 08:46:31,mobiles,235715,"Redmi Note 14 Pro Plus 5G (12GB RAM, 512GB Storage) | Snapdragon 7s Gen 3 | 6200mAh Battery | 6.67-inch 120Hz Display | Spectre Blue",Redmi,31999,39999,31999,Available,https://www.vijaysales.com/p/P235711/235715/redmi-note-14-pro-plus-5g-12gb-ram-512gb-storage-spectre-blue,https://vsprod.vijaysales.com/media/catalog/product/r/e/redminote14-pro-plus-blue_1_.jpg,Electronics > Mobiles and Accessories > Mobiles > Smartphones,,
2026-02-07,2026-02-07 08:46:31,mobiles,240903,"Oppo Reno14 Pro 5G (12GB RAM, 256GB Storage) | MediaTek Dimensity 8450 | 6200mAh Battery | IP68 & IP69 Water and Dust Resistant | Titanium Grey",Oppo,54999,54999,54999,Available,https://www.vijaysales.com/p/P240901/240903/oppo-reno14-pro-5g-12gb-ram-256gb-storage-titanium-grey,https://vsprod.vijaysales.com/media/catalog/product/o/p/opporeno14pro-grey_1_.jpg,Electronics > Mobiles and Accessories > Mobiles > Smartphones,,
2026-02-07,2026-02-07 08:46:31,mobiles,248479,"realme P4x 5G (8GB RAM, 128GB Storage) | Dimensity 7400 Ultra | 7000mAh Titan Battery | 144Hz Display | Matte Silver",realme,17499,18999,17499,Available,https://www.vijaysales.com/p/P248475/248479/realme-p4x-5g-8-gb-ram-128-gb-storage-matte-silver,https://vsprod.vijaysales.com/media/catalog/product/2/4/248479_13_.jpg,Electronics > Mobiles and Accessories > Mobiles > Smartphones,,
2026-02-07,2026-02-07 08:46:31,mobiles,244101,"Google Pixel 10 5G (12GB RAM, 256GB Storage) | Google Tensor G5 | 4835mAh Battery | Smarter with Google Gemini AI | Indigo",Google,74999,79999,79999,Available,https://www.vijaysales.com/p/P244098/244101/google-pixel-10-12gb-ram-256gb-storage-indigo,https://vsprod.vijaysales.com/media/catalog/product/p/1/p10_indigo.jpg,Electronics > Mobiles and Accessories > Mobiles > Smartphones,,
2026-02-07,2026-02-07 08:46:31,mobiles,243455,"vivo V60 5G (16GB RAM, 512GB Storage) | Snapdragon 7 Gen 4 | 6500mAh Battery | IP68 & IP69 Rating | Moonlit Blue",Vivo,42999,50999,45999,Available,https://www.vijaysales.com/p/P243444/243455/vivo-v60-5g-16gb-ram-512gb-storage-moonlit-blue,https://vsprod.vijaysales.com/media/catalog/product/v/i/vivo_v60_pdp_blue_1__1.jpg,Electronics > Mobiles and Accessories > Mobiles > Smartphones,,
2026-02-07,2026-02-07 08:46:31,mobiles,248475,"realme P4x 5G (6GB RAM, 128GB Storage) | Dimensity 7400 Ultra | 7000mAh Titan Battery | 144Hz Display | Lake Green",realme,15999,17999,15999,Available,https://www.vijaysales.com/p/P248475/248475/realme-p4x-5g-6-gb-ram-128-gb-storage-lake-green,https://vsprod.vijaysales.com/media/catalog/product/2/4/248475_1_.jpg,Electronics > Mobiles and Accessories > Mobiles > Smartphones,,
2026-02-07,2026-02-07 08:46:31,mobiles,248735,"Nothing Phone (3a) Lite (8GB RAM, 128GB Storage) | Dimensity 7300 Pro | 5000mAh Battery | Smarter with Nothing OS AI | White",Nothing,21999,24999,21999,Available,https://www.vijaysales.com/p/P248734/248735/nothing-phone-3a-lite-8gb-ram-128gb-storage-white,https://vsprod.vijaysales.com/media/catalog/product/w/h/white_nothing_3a_lite.jpg,Electronics > Mobiles and Accessories > Mobiles > Smartphones,,
2026-02-07,2026-02-07 08:46:31,mobiles,248396,"vivo X300 5G (12GB RAM, 256GB Storage) | Dimensity 9500 | 6040 mAh Battery | IP68/IP69 Rating | Elite Black",Vivo,75999,83999,75999,Available,https://www.vijaysales.com/p/P248396/248396/vivo-x300-5g-12gb-ram-256gb-storage-elite-black,https://vsprod.vijaysales.com/media/catalog/product/e/l/elite_black_1_.jpg,Electronics > Mobiles and Accessories > Mobiles > Smartphones,,
2026-02-07,2026-02-07 08:46:31,mobiles,236555,"OnePlus 13 5G (16GB RAM, 512GB Storage) | Snapdragon 8 Elite | 6000mAh Battery | Smarter with Oneplus AI | Artic Dawn",OnePlus,67999,79999,76990,Available,https://www.vijaysales.com/p/P236557/236555/oneplus-13-5g-16gb-ram-512gb-storage-artic-dawn,https://vsprod.vijaysales.com/media/catalog/product/2/3/236554_1__1.jpg,Electronics > Mobiles and Accessories > Mobiles > Smartphones,,
2026-02-07,2026-02-07 08:46:31,mobiles,245068,"Oppo F31 Pro+ 5G (12GB RAM, 256GB Storage) | Snapdragon 7 Gen 3 | 7000mAh Battery | Waterproof Rated IP69, IP68, IP66 | Himalayan White",Oppo,34999,39999,34999,Available,https://www.vijaysales.com/p/P245065/245068/oppo-f31-pro-plus-5g-12gb-256gb-himalayan-white,https://vsprod.vijaysales.com/media/catalog/product/f/3/f31-pro_-5g_himalayan-white_1_1.jpg,Electronics > Mobiles and Accessories > Mobiles > Smartphones,,
2026-02-07,2026-02-07 08:46:31,mobiles,245983,"vivo V60e 5G (12GB RAM, 256GB Storage) | MediaTek Dimensity | 6500mAh Battery | IP68/IP69 Rating | Elite Purple",Vivo,33499,38999,35999,Available,https://www.vijaysales.com/p/P245977/245983/vivo-v60e-5g-12gb-ram-256gb-storage-elite-purple,https://vsprod.vijaysales.com/media/catalog/product/v/i/vivo-v60e-elite-purple_1__2.jpg,Electronics > Mobiles and Accessories > Mobiles > Smartphones,,
2026-02-07,2026-02-07 08:46:31,mobiles,243462,"vivo T4 Pro 5G (12GB RAM, 256GB Storage) | Snapdragon 7 Gen 4 | 6500mAh Battery | Bypass & Reverse Charging | Blaze Gold",Vivo,31999,36999,31999,Available,https://www.vijaysales.com/p/P243457/243462/vivo-t4-pro-5g-12gb-ram-256gb-storage-blaze-gold,https://vsprod.vijaysales.com/media/catalog/product/v/i/vivo_t4_pro_gold_1__2.jpg,Electronics > Mobiles and Accessories > Mobiles > Smartphones,,
2026-02-07,2026-02-07 08:46:31,mobiles,250994,"Redmi Note 15 5G (8GB RAM, 256GB Storage) | Snapdragon 6 Gen 3 | 5520mAh Battery | IP65/IP66 Rating | Black",Redmi,24999,28999,24999,Available,https://www.vijaysales.com/p/P250991/250994/redmi-note-15-5g-8gb-ram-256gb-storage-black,https://vsprod.vijaysales.com/media/catalog/product/2/5/250991_1__1.jpg,Electronics > Mobiles and Accessories > Mobiles > Smartphones,,
2026-02-07,2026-02-07 08:46:31,mobiles,237287,"Samsung Galaxy S25 5G (12GB RAM, 256GB Storage) Icyblue",Samsung,74999,80999,80999,Available,https://www.vijaysales.com/p/P237290/237287/samsung-galaxy-s25-5g-12gb-ram-256gb-storage-icyblue,https://vsprod.vijaysales.com/media/catalog/product/2/3/237287_1_.jpg,Electronics > Mobiles and Accessories > Mobiles > Smartphones,,
2026-02-07,2026-02-07 08:46:31,mobiles,245053,"Oppo F31 5G (8GB RAM, 256GB Storage) | MediaTek Dimensity 6300 | 7000mAh Battery | Rated IP69, IP68, IP66 | Midnight Blue",Oppo,28999,29999,28999,Available,https://www.vijaysales.com/p/P245050/245053/oppo-f31-5g-8gb-256gb-midnight-blue,https://vsprod.vijaysales.com/media/catalog/product/m/i/midnight_blue_1__1.jpg,Electronics > Mobiles and Accessories > Mobiles > Smartphones,,
2026-02-07,2026-02-07 08:46:31,mobiles,238022,"Samsung Galaxy A06 5G (6GB RAM, 128GB Storage) Light Green",Samsung,13999,15499,13999,Available,https://www.vijaysales.com/p/P238027/238022/samsung-galaxy-a06-5g-6gb-ram-128gb-storage-light-green,https://vsprod.vijaysales.com/media/catalog/product/s/a/samsung-galaxy-a06-5g-light-green_1__2.jpg,Electronics > Mobiles and Accessories > Mobiles > Smartphones,,
2026-02-07,2026-02-07 08:46:31,mobiles,240181,Lava Gem 2025 Dual Sim Keypad Phone | 2.8 inch (7.11 cm) LCD Display | Camera & Flash | 2575mAh Smart AI Powerful Battery | Wireless FM & Recording | Stereo Speakers (Black Gold),Lava,1539,1539,1539,Available,https://www.vijaysales.com/p/P240181/240181/lava-gem-2025-dual-sim-keypad-phone-2-8-inch-7-11-cm-lcd-display-camera-flash-2575mah-smart-ai-powerful-battery-wireless-fm-recording-stereo-speakers-black-gold,https://vsprod.vijaysales.com/media/catalog/product/2/4/240181_1_.jpg,Electronics > Mobiles and Accessories > Mobiles > Feature Phones,,
2026-02-07,2026-02-07 08:46:31,mobiles,243542,"vivo Y400 5G (8GB RAM, 128GB Storage) | Snapdragon 4 Gen 2 | 6000mAh Battery | IP68 & IP69 Rating | Glam White",Vivo,22999,26999,22999,Available,https://www.vijaysales.com/p/P243541/243542/vivo-y400-5g-8gb-ram-128gb-storage-glam-white,https://vsprod.vijaysales.com/media/catalog/product/v/i/vivo_y400_white_1__1.jpg,Electronics > Mobiles and Accessories > Mobiles > Smartphones,,
2026-02-07,2026-02-07 08:46:31,mobiles,245981,"vivo V60e 5G (8GB RAM, 256GB Storage) | MediaTek Dimensity | 6500mAh Battery | IP68/IP69 Rating | Elite Purple",Vivo,31499,36999,33999,Available,https://www.vijaysales.com/p/P245977/245981/vivo-v60e-5g-8gb-ram-256gb-storage-elite-purple,https://vsprod.vijaysales.com/media/catalog/product/v/i/vivo-v60e-elite-purple_1__1.jpg,Electronics > Mobiles and Accessories > Mobiles > Smartphones,,
2026-02-07,2026-02-07 08:46:31,mobiles,248402,"vivo X300 Pro (16GB RAM, 512GB Storage) | 200MP Camera | 6510mAh Battery | Premium Glass-Fiber Back | Dune Gold",Vivo,109999,119999,109999,Available,https://www.vijaysales.com/p/P248403/248402/vivo-x300-pro-16gb-ram-512gb-storage-dune-gold,https://vsprod.vijaysales.com/media/catalog/product/x/3/x300_pro_20_.jpg,Electronics > Mobiles and Accessories > Mobiles > Smartphones,,
2026-02-07,2026-02-07 08:46:31,mobiles,243453,"vivo V60 5G (12GB RAM, 256GB Storage) | Snapdragon 7 Gen 4 | 6500mAh Battery | IP68 & IP69 Rating | Auspicious Gold",Vivo,38499,45999,40999,Available,https://www.vijaysales.com/p/P243444/243453/vivo-v60-5g-12gb-ram-256gb-storage-auspicious-gold,https://vsprod.vijaysales.com/media/catalog/product/v/i/vivo_v60_gold_pdp_1__3.jpg,Electronics > Mobiles and Accessories > Mobiles > Smartphones,,
2026-02-07,2026-02-07 08:46:31,mobiles,247920,Samsung Galaxy A17 5G (8+128GB) 6.7 inch Super AMOLED Display | 50MP Triple Camera | 5000mAh Battery | Exynos 1330 Processor | IP54 Water-Dust Resistance | Android 15 One UI 7.0 | Blue,Samsung,20499,20499,20499,Available,https://www.vijaysales.com/p/P247916/247920/samsung-galaxy-a17-5g-blue-8gb-ram-128gb-storage-6x-os-upgrades-triple-cameras-gemini-with-hw-key-without-travel-adapter,https://vsprod.vijaysales.com/media/catalog/product/a/1/a17_blue_1__4.jpg,Electronics > Mobiles and Accessories > Mobiles > Smartphones,,
2026-02-07,2026-02-07 08:46:31,mobiles,243449,"vivo V60 5G (8GB RAM, 256GB Storage) | Snapdragon 7 Gen 4 | 6500mAh Battery | IP68 & IP69 Rating | Moonlit Blue",Vivo,36499,43999,38999,Available,https://www.vijaysales.com/p/P243444/243449/vivo-v60-5g-8gb-ram-256gb-storage-moonlit-blue,https://vsprod.vijaysales.com/media/catalog/product/v/i/vivo_v60_blue_1_.jpg,Electronics > Mobiles and Accessories > Mobiles > Smartphones,,
2026-02-07,2026-02-07 08:46:31,mobiles,239492,"vivo Y19 5G (6GB RAM, 128GB Storage) | Dimensity 6300 | 5500mAh Battery | IP64 Rating | Majestic Green",Vivo,12999,16499,12999,Available,https://www.vijaysales.com/p/P239501/239492/vivo-y19-5g-6gb-ram-128gb-storage-majestic-green,https://vsprod.vijaysales.com/media/catalog/product/y/1/y19-green_1__2.jpg,Electronics > Mobiles and Accessories > Mobiles > Smartphones,,
2026-02-07,2026-02-07 08:46:31,mobiles,248403,"vivo X300 Pro (16GB RAM, 512GB Storage) | 200MP Camera | 6510mAh Battery | Premium Glass-Fiber Back | Elite Black",Vivo,109999,119999,109999,Available,https://www.vijaysales.com/p/P248403/248403/vivo-x300-pro-16gb-ram-512gb-storage-elite-black,https://vsprod.vijaysales.com/media/catalog/product/x/3/x300_pro_1_.jpg,Electronics > Mobiles and Accessories > Mobiles > Smartphones,,
2026-02-07,2026-02-07 08:46:31,mobiles,251821,"REDMI Note 15 Pro+ 5G (8GB RAM, 256GB Storage) | Snapdragon 7s Gen 4 | 6500mAh Battery | 200MP OIS Camera | Glacier Blue",Redmi,37999,39999,37999,Available,https://www.vijaysales.com/p/P251820/251821/redmi-note-15-pro-5g-8gb-ram-256gb-storage-snapdragon-7s-gen-4-6500mah-battery-200mp-ois-camera-glacier-blue,https://vsprod.vijaysales.com/media/catalog/product/g/l/glacier_blue_1_.jpg,Electronics > Mobiles and Accessories > Mobiles > Smartphones,,
2026-02-07,2026-02-07 08:46:31,mobiles,249464,"realme 16 Pro 5G (8GB RAM, 256GB Storage) | Dimensity 7300 Max | 7000mAh Battery | 200MP Camera | Pebble Grey",realme,33999,36999,33999,Available,https://www.vijaysales.com/p/P249461/249464/realme-16-pro-5g-8gb-ram-256gb-storage-pebble-grey,https://vsprod.vijaysales.com/media/catalog/product/1/7/1767606847820eb2e2420f2fa42409d85aaff1f9bda74.png.webp_1.jpg,Electronics > Mobiles and Accessories > Mobiles > Smartphones,,
2026-02-07,2026-02-07 08:46:31,mobiles,245061,"Oppo F31 Pro 5G (12GB RAM, 256GB Storage) | MediaTek Dimensity 7300-Energy | 7000mAh Battery | Rated IP69, IP68, IP66 | Desert Gold",Oppo,31999,35999,31999,Available,https://www.vijaysales.com/p/P245058/245061/oppo-f31-pro-5g-12gb-256gb-desert-gold,https://vsprod.vijaysales.com/media/catalog/product/f/3/f31-pro-5g_desert-gold_1_2.jpg,Electronics > Mobiles and Accessories > Mobiles > Smartphones,,
2026-02-07,2026-02-07 08:46:31,mobiles,245007,"Tecno Pova Slim 5G (8GB RAM, 128GB Storage) | Dimensity 6400 | 5160mAh Battery | Smarter with Ella AI | Slim White",Tecno,20999,24999,20999,Available,https://www.vijaysales.com/p/P245007/245007/tecno-pova-slim-5g-8gb-ram-128gb-storage-slim-white,https://vsprod.vijaysales.com/media/catalog/product/t/e/tecno_pova_slim_5g_white_1_.jpg,Electronics > Mobiles and Accessories > Mobiles > Smartphones,,
2026-02-07,2026-02-07 08:46:31,mobiles,225842,"ASUS ROG Phone 8 Pro 5G (16GB RAM, 512GB Storage) | Snapdragon 8 Gen 3 | 5500 mAh Battery | AirTrigger Gaming Controls | Phantom Black",Asus,94999,100999,94999,Available,https://www.vijaysales.com/p/225842/asus-rog-phone-8-pro-5g-gaming-smartphone-16gb-ram-512gb-storage-6-78-inch-fhd-amoled-165hz-display-snapdragon-8-gen-3-phantom-black,https://vsprod.vijaysales.com/media/catalog/product/2/2/225842-image1_1.jpg,Electronics > Mobiles and Accessories > Mobiles > Smartphones,,
2026-02-07,2026-02-07 08:46:31,mobiles,246189,Samsung Galaxy F17 5G (8GB RAM / 128GB Storage) 6x OS Upgrades | AMOLED Display | Corning Gorilla Glass Victus & IP54 (Violet Pop),Samsung,18499,18499,18499,Available,https://www.vijaysales.com/p/P245041/246189/samsung-galaxy-f17-5g-8gb-ram-128gb-storage-6x-os-upgrades-samoled-display-corning-gorilla-glass-victus-ip54-violet-pop,https://vsprod.vijaysales.com/media/catalog/product/f/1/f17_5g_blue_1__2.jpg,Electronics > Mobiles and Accessories > Mobiles > Smartphones,,
2026-02-07,2026-02-07 08:46:31,mobiles,249468,"realme 16 Pro 5G (12GB RAM, 256GB Storage) | Dimensity 7300 Max | 7000mAh Battery | 200MP Camera | Master Gold",realme,36999,39999,36999,Available,https://www.vijaysales.com/p/P249461/249468/realme-16-pro-5g-12gb-ram-256gb-storage-master-gold,https://vsprod.vijaysales.com/media/catalog/product/1/7/1767607330558648a26c6a4294b058149e0a23522ff6b.png.webp_2.jpg,Electronics > Mobiles and Accessories > Mobiles > Smartphones,,
2026-02-07,2026-02-07 08:46:31,mobiles,249028,"OPPO Reno15 Pro Mini 5G (12GB RAM, 256GB Storage) | MediaTek Dimensity 8450 | 6200mAh Battery | IP69 Water and Dust Resistance | Cocoa Brown",Oppo,59999,64999,59999,Available,https://www.vijaysales.com/p/P249028/249028/oppo-reno15-pro-mini-5g-12gb-ram-256gb-storage-cocoa-brown,https://vsprod.vijaysales.com/media/catalog/product/r/e/reno15-pro-mini_01.jpg,Electronics > Mobiles and Accessories > Mobiles > Smartphones,,
2026-02-07,2026-02-07 08:46:31,mobiles,247901,"OPPO Find X9 5G (12GB RAM, 256GB Storage) | MediaTek Dimensity 9500 | 7025mAh Battery | IP69 Water & Dust Resistance | Velvet Red",Oppo,74999,79999,74999,Available,https://www.vijaysales.com/p/P247899/247901/oppo-find-x9-5g-12gb-ram-256gb-storage-velvet-red,https://vsprod.vijaysales.com/media/catalog/product/2/4/247901_1_.jpg,Electronics > Mobiles and Accessories > Mobiles > Smartphones,,
2026-02-07,2026-02-07 08:46:31,mobiles,235694,"Redmi Note 14 5G (8GB RAM, 256GB Storage) | MediaTek Dimensity 7300-Ultra | 5110mAh Battery | 6.67-inch 120Hz Display | Mystique White",Redmi,18499,24999,18499,Available,https://www.vijaysales.com/p/P235684/235694/redmi-note-14-5g-8gb-ram-256gb-storage-mystique-white,https://vsprod.vijaysales.com/media/catalog/product/r/e/redminote14-5g-white_1__2.jpg,Electronics > Mobiles and Accessories > Mobiles > Smartphones,,
2026-02-07,2026-02-07 08:46:31,mobiles,237316,"Samsung Galaxy S25 Ultra 5G (12GB RAM, 256GB Storage) Titanium Whitesilver",Samsung,129999,129999,129999,Available,https://www.vijaysales.com/p/P237318/237316/samsung-galaxy-s25-ultra-5g-12gb-ram-256gb-storage-titanium-whitesilver,https://vsprod.vijaysales.com/media/catalog/product/s/a/samsung-galaxy-s24-ultra-titanium-whitesilver_1_.jpg,Electronics > Mobiles and Accessories > Mobiles > Smartphones,,
2026-02-07,2026-02-07 08:46:31,mobiles,239744,"vivo T4 5G (8GB RAM, 256GB Storage) | Snapdragon 7s Gen 3 | 7300mAh Battery | 90W FlashCharge | Emerald Blaze",Vivo,24999,27999,24999,Unavailable,https://www.vijaysales.com/p/P239743/239744/vivo-t4-5g-8gb-ram-256gb-storage-emerald-blaze,https://vsprod.vijaysales.com/media/catalog/product/v/i/vivo-t4-emerald-blaze_1__1.jpg,Electronics > Mobiles and Accessories > Mobiles > Smartphones,,
2026-02-07,2026-02-07 08:46:31,mobiles,236653,"Redmi Mobile 14C 5G (6GB RAM, 128GB Storage) | Snapdragon 4 Gen 2 | 5160mAh Battery | 6.88-inch 120Hz Display | Stargaze Black",Redmi,11999,14999,11999,Available,https://www.vijaysales.com/p/P236653/236653/redmi-mobile-14c-5g-6gb-ram-128gb-storage-stargaze-black,https://vsprod.vijaysales.com/media/catalog/product/s/t/stargaze_black_1.jpg,Electronics > Mobiles and Accessories > Mobiles > Smartphones,,
2026-02-07,2026-02-07 08:46:31,mobiles,238991,"Samsung Galaxy S25 5G (12GB RAM, 128GB Storage) Mint",Samsung,68999,74999,74999,Unavailable,https://www.vijaysales.com/p/P237290/238991/samsung-galaxy-s25-5g-12gb-ram-128gb-storage-mint,https://vsprod.vijaysales.com/media/catalog/product/2/3/237288_1_.jpg,Electronics > Mobiles and Accessories > Mobiles > Smartphones,,
2026-02-07,2026-02-07 08:46:31,mobiles,237311,"Samsung Galaxy S25 Ultra 5G (12GB RAM, 256GB Storage) Titanium Silverblue",Samsung,129999,129999,129999,Available,https://www.vijaysales.com/p/P237318/237311/samsung-galaxy-s25-ultra-5g-12gb-ram-256gb-storage-titanium-silverblue,https://vsprod.vijaysales.com/media/catalog/product/s/a/samsung-galaxy-s25-ultra-blue_1__1.jpg,Electronics > Mobiles and Accessories > Mobiles > Smartphones,,
2026-02-07,2026-02-07 08:46:31,mobiles,238291,"Samsung Galaxy A36 5G (8GB RAM, 256GB Storage) Awesome Black",Samsung,35499,35999,35499,Available,https://www.vijaysales.com/p/P238282/238291/samsung-galaxy-a36-5g-8gb-ram-256gb-storage-awesome-black,https://vsprod.vijaysales.com/media/catalog/product/s/a/samsung-galaxy-a36-5g-black_1_.jpg,Electronics > Mobiles and Accessories > Mobiles > Smartphones,,
2026-02-07,2026-02-07 08:46:31,mobiles,248703,"Redmi Mobile 15C 5G (8GB RAM, 128GB Storage) | Dimensity 6300 | 6000mAh Battery | IP64 Rating | Purple",Redmi,15499,16999,15499,Available,https://www.vijaysales.com/p/P248695/248703/redmi-mobile-15c-5g-8gb-ram-128gb-storage-purple,https://vsprod.vijaysales.com/media/catalog/product/2/4/248697_1__2.jpg,Electronics > Mobiles and Accessories > Mobiles > Smartphones,,
2026-02-07,2026-02-07 08:46:31,mobiles,240896,"Oppo Reno14 5G (8GB RAM, 256GB Storage) | MediaTek Dimensity 8350 | 6000mAh Battery | IP68 & IP69 Water and Dust Resistant | Forest Green",Oppo,42999,42999,42999,Available,https://www.vijaysales.com/p/P240896/240896/oppo-reno14-5g-8gb-ram-256gb-storage-forest-green,https://vsprod.vijaysales.com/media/catalog/product/o/p/oppo-reno14-green_1_.jpg,Electronics > Mobiles and Accessories > Mobiles > Smartphones,,
2026-02-07,2026-02-07 08:46:31,mobiles,237319,"Samsung Galaxy S25 Ultra 5G (12GB RAM, 512GB Storage) Titanium Silverblue",Samsung,141999,141999,141999,Available,https://www.vijaysales.com/p/P237318/237319/samsung-galaxy-s25-ultra-5g-12gb-ram-512gb-storage-titanium-silverblue,https://vsprod.vijaysales.com/media/catalog/product/s/a/samsung-galaxy-s25-ultra-blue_1__2.jpg,Electronics > Mobiles and Accessories > Mobiles > Smartphones,,
2026-02-07,2026-02-07 08:46:31,mobiles,245054,"Oppo F31 5G (8GB RAM, 256GB Storage) | MediaTek Dimensity 6300 | 7000mAh Battery | Rated IP69, IP68, IP66 | Cloud Green",Oppo,28999,29999,28999,Available,https://www.vijaysales.com/p/P245050/245054/oppo-f31-5g-8gb-256gb-cloud-green,https://vsprod.vijaysales.com/media/catalog/product/c/l/cloud_green_1__1.jpg,Electronics > Mobiles and Accessories > Mobiles > Smartphones,,
2026-02-07,2026-02-07 08:46:31,mobiles,244100,"Google Pixel 10 5G (12GB RAM, 256GB Storage) | Google Tensor G5 | 4835mAh Battery | Smarter with Google Gemini AI | Lemongrass",Google,74999,79999,79999,Available,https://www.vijaysales.com/p/P244098/244100/google-pixel-10-12gb-ram-256gb-storage-lemongrass,https://vsprod.vijaysales.com/media/catalog/product/p/1/p10_lemongrass.jpg,Electronics > Mobiles and Accessories > Mobiles > Smartphones,,
2026-02-07,2026-02-07 08:46:31,mobiles,235692,"Redmi Note 14 5G (8GB RAM, 128GB Storage) | MediaTek Dimensity 7300-Ultra | 5110mAh Battery | 6.67-inch 120Hz Display | Phantom Purple",Redmi,16999,22999,16999,Unavailable,https://www.vijaysales.com/p/P235684/235692/redmi-note-14-5g-8gb-ram-128gb-storage-phantom-purple,https://vsprod.vijaysales.com/media/catalog/product/r/e/redminote14-5g-purple_1__1.jpg,Electronics > Mobiles and Accessories > Mobiles > Smartphones,,
2026-02-07,2026-02-07 08:46:31,mobiles,249036,"OPPO Reno15 5G (12GB RAM, 256GB Storage) | Snapdragon 7 Gen 4 | 6500mAh Battery | IP69 Rated (Twilight Blue)",Oppo,48999,54999,48999,Available,https://www.vijaysales.com/p/P249033/249036/oppo-reno15-5g-12gb-ram-256gb-storage-twilight-blue,https://vsprod.vijaysales.com/media/catalog/product/r/e/reno15_twilight_blue_1__1.jpg,Electronics > Mobiles and Accessories > Mobiles > Smartphones,,
2026-02-07,2026-02-07 08:46:31,mobiles,251813,"Redmi Note 15 Pro 5G (8GB RAM, 128GB Storage) | MediaTek Dimensity 7400-Ultra | 6580mAh Battery | Dust and Water Resistance | Carbon Black",Redmi,29999,33999,29999,Available,https://www.vijaysales.com/p/P251813/251813/redmi-note-15-pro-5g-8gb-ram-128gb-storage-120hz-amoled-display-6580mah-battery-dust-and-water-resistance-carbon-black,https://vsprod.vijaysales.com/media/catalog/product/r/e/redmi_note_15_pro_5g_black_1_.jpg,Electronics > Mobiles and Accessories > Mobiles > Smartphones,,
2026-02-07,2026-02-07 08:46:31,mobiles,245139,"vivo Y31 Pro 5G (8GB RAM, 128GB Storage) | Dimensity 7300 | 6500mAh Battery | Dual Stereo Speakers | Dreamy White",Vivo,19999,23999,19999,Available,https://www.vijaysales.com/p/P245139/245139/vivo-y31-pro-5g-8gb-ram-128gb-storage-dreamy-white,https://vsprod.vijaysales.com/media/catalog/product/v/i/vivo_y31_pro_5g_white_1_.jpg,Electronics > Mobiles and Accessories > Mobiles > Smartphones,,
2026-02-07,2026-02-07 08:46:31,mobiles,240846,"vivo Y400 Pro 5G (8GB RAM, 256GB Storage) | Dimensity 7300 | 5500mAh Battery | 90W Charging | Freestyle White",Vivo,27999,31999,27999,Available,https://www.vijaysales.com/p/P240840/240846/vivo-y400-pro-5g-8gb-ram-256gb-storage-freestyle-white,https://vsprod.vijaysales.com/media/catalog/product/v/i/vivoy400pro-white_1__1.jpg,Electronics > Mobiles and Accessories > Mobiles > Smartphones,,
2026-02-07,2026-02-07 08:46:31,mobiles,249039,"OPPO Reno15 5G (12GB RAM, 512GB Storage) | Snapdragon 7 Gen 4 | 6500mAh Battery | IP69 Rated (Twilight Blue)",Oppo,53999,59999,53999,Available,https://www.vijaysales.com/p/P249033/249039/oppo-reno15-5g-12gb-ram-512gb-storage-twilight-blue,https://vsprod.vijaysales.com/media/catalog/product/r/e/reno15_twilight_blue_1__2.jpg,Electronics > Mobiles and Accessories > Mobiles > Smartphones,,
2026-02-07,2026-02-07 08:46:31,mobiles,250987,"OPPO A6 Pro 5G (8GB RAM, 128GB Storage) | MediaTek Dimensity 6300 | 7000mAh Battery | IP69 Water and Dust Resistance | Aurora Gold",Oppo,22999,26999,22999,Available,https://www.vijaysales.com/p/P250986/250987/oppo-a6-pro-5g-8gb-ram-128gb-storage-aurora-gold,https://vsprod.vijaysales.com/media/catalog/product/a/u/aurora_gold_1__1.jpg,Electronics > Mobiles and Accessories > Mobiles > Smartphones,,
2026-02-07,2026-02-07 08:46:31,mobiles,245059,"Oppo F31 Pro 5G (8GB RAM, 256GB Storage) | MediaTek Dimensity 7300-Energy | 7000mAh Battery | Rated IP69, IP68, IP66 | Desert Gold",Oppo,29999,33999,29999,Available,https://www.vijaysales.com/p/P245058/245059/oppo-f31-pro-5g-8gb-256gb-desert-gold,https://vsprod.vijaysales.com/media/catalog/product/f/3/f31-pro-5g_desert-gold_1.jpg,Electronics > Mobiles and Accessories > Mobiles > Smartphones,,
2026-02-07,2026-02-07 08:46:31,mobiles,247924,Samsung Galaxy A17 5G (8+256GB) 6.7 inch Super AMOLED Display | 50MP Triple Camera | 5000mAh Battery | Exynos 1330 Processor | IP54 Water-Dust Resistance | Android 15 One UI 7.0 | Black,Samsung,23499,23499,23499,Available,https://www.vijaysales.com/p/P247916/247924/samsung-galaxy-a17-5g-black-8gb-ram-256gb-storage-6x-os-upgrades-triple-cameras-gemini-with-hw-key-without-travel-adapter,https://vsprod.vijaysales.com/media/catalog/product/a/1/a17_black_12__1.jpg,Electronics > Mobiles and Accessories > Mobiles > Smartphones,,
2026-02-07,2026-02-07 08:46:31,mobiles,248736,"Nothing Phone (3a) Lite (8GB RAM, 128GB Storage) | Dimensity 7300 Pro | 5000mAh Battery | Smarter with Nothing OS AI | Blue",Nothing,21999,24999,21999,Available,https://www.vijaysales.com/p/P248734/248736/nothing-phone-3a-lite-8gb-ram-128gb-storage-blue,https://vsprod.vijaysales.com/media/catalog/product/1/_/1_3_1__1.jpg,Electronics > Mobiles and Accessories > Mobiles > Smartphones,,
2026-02-07,2026-02-07 08:46:31,mobiles,247899,"Oppo Find X9 5G (12GB RAM, 256GB Storage) | MediaTek Dimensity 9500 | 7025mAh Battery | IP69 Water & Dust Resistance | Space Black",Oppo,74999,79999,74999,Available,https://www.vijaysales.com/p/P247899/247899/oppo-find-x9-5g-12gb-ram-256gb-storage-space-black,https://vsprod.vijaysales.com/media/catalog/product/x/9/x9_black_2__1.jpg,Electronics > Mobiles and Accessories > Mobiles > Smartphones,,
2026-02-07,2026-02-07 08:46:31,mobiles,220946,"Apple iPhone 15 (128 GB Storage, Black)",Apple,54490,59900,54490,Available,https://www.vijaysales.com/p/P220946/220946/apple-iphone-15-128-gb-storage-black,https://vsprod.vijaysales.com/media/catalog/product/2/2/220946-image1_2.jpg,Electronics > Mobiles and Accessories > Mobiles > iPhones,,
2026-02-07,2026-02-07 08:46:31,mobiles,232286,"Apple iPhone 16 (128GB Storage, White)",Apple,63490,69900,63990,Unavailable,https://www.vijaysales.com/p/P232288/232286/apple-iphone-16-128gb-storage-white,https://vsprod.vijaysales.com/media/catalog/product/2/3/232286-image.jpg,Electronics > Mobiles and Accessories > Mobiles > iPhones,,
2026-02-07,2026-02-07 08:46:31,mobiles,232288,"Apple iPhone 16 (128GB Storage, Ultramarine)",Apple,63490,69900,63990,Unavailable,https://www.vijaysales.com/p/P232288/232288/apple-iphone-16-128gb-storage-ultramarine,https://vsprod.vijaysales.com/media/catalog/product/2/3/232288-image.jpg,Electronics > Mobiles and Accessories > Mobiles > iPhones,,
2026-02-07,2026-02-07 08:46:31,mobiles,220947,"Apple iPhone 15 (128 GB Storage, Pink)",Apple,53900,59900,53900,Available,https://www.vijaysales.com/p/P220946/220947/apple-iphone-15-128-gb-storage-pink,https://vsprod.vijaysales.com/media/catalog/product/2/2/220947-image1_2.jpg,Electronics > Mobiles and Accessories > Mobiles > iPhones,,
2026-02-07,2026-02-07 08:46:31,mobiles,252076,"vivo X200T (12GB RAM, 512GB Storage) | Dimensity 9400+ | 6200mAh Battery | IP68 & IP69 Water and Dust Resistance | Seaside Lilac",Vivo,69999,87999,69999,Unavailable,https://www.vijaysales.com/p/P252071/252076/vivo-x200t-12gb-ram-512gb-storage-dimensity-9400-6200mah-battery-ip68-ip69-water-and-dust-resistance-seaside-lilac,https://vsprod.vijaysales.com/media/catalog/product/p/u/purple_1__1_1.jpg,Electronics > Mobiles and Accessories > Mobiles > Smartphones,,
2026-02-07,2026-02-07 08:46:31,mobiles,252075,"vivo X200T (12GB RAM, 512GB Storage) | Dimensity 9400+ | 6200mAh Battery | IP68 & IP69 Water and Dust Resistance | Stellar Black",Vivo,69999,69999,69999,Available,https://www.vijaysales.com/p/P252071/252075/vivo-x200t-12gb-ram-512gb-storage-dimensity-9400-6200mah-battery-ip68-ip69-water-and-dust-resistance-stellar-black,https://vsprod.vijaysales.com/media/catalog/product/b/l/black_1__6_1.jpg,Electronics > Mobiles and Accessories > Mobiles > Smartphones,,
2026-02-07,2026-02-07 08:46:31,mobiles,252072,"vivo X200T (12GB RAM, 256GB Storage) | Dimensity 9400+ | 6200mAh Battery | IP68 & IP69 Water and Dust Resistance | Seaside Lilac",Vivo,59999,79999,59999,Available,https://www.vijaysales.com/p/P252071/252072/vivo-x200t-12gb-ram-256gb-storage-dimensity-9400-6200mah-battery-ip68-ip69-water-and-dust-resistance-seaside-lilac,https://vsprod.vijaysales.com/media/catalog/product/p/u/purple_1__1.jpg,Electronics > Mobiles and Accessories > Mobiles > Smartphones,,
2026-02-07,2026-02-07 08:46:31,mobiles,252071,"vivo X200T (12GB RAM, 256GB Storage) | Dimensity 9400+ | 6200mAh Battery | IP68 & IP69 Water and Dust Resistance | Stellar Black",Vivo,59999,79999,59999,Available,https://www.vijaysales.com/p/P252071/252071/vivo-x200t-12gb-ram-256gb-storage-dimensity-9400-6200mah-battery-ip68-ip69-water-and-dust-resistance-stellar-black,https://vsprod.vijaysales.com/media/catalog/product/b/l/black_1__6.jpg,Electronics > Mobiles and Accessories > Mobiles > Smartphones,,
2026-02-07,2026-02-07 08:46:31,mobiles,251982,"Samsung Galaxy A07 5G (6GB RAM, 128GB Storage) | MediaTek Dimensity 6300 | 6000mAh Battery | 120Hz Display | Black",Samsung,17999,21499,17999,Available,https://www.vijaysales.com/p/P251978/251982/samsung-galaxy-a07-5g-6gb-ram-128gb-storage-mediatek-dimensity-6300-6000mah-battery-120hz-display-black,https://vsprod.vijaysales.com/media/catalog/product/b/l/black_1__6_3.jpg,Electronics > Mobiles and Accessories > Mobiles > Smartphones,,
2026-02-07,2026-02-07 08:46:31,mobiles,251981,"Samsung Galaxy A07 5G (6GB RAM, 128GB Storage) | MediaTek Dimensity 6300 | 6000mAh Battery | 120Hz Display | Light Violet",Samsung,17999,21499,17999,Available,https://www.vijaysales.com/p/P251978/251981/samsung-galaxy-a07-5g-6gb-ram-128gb-storage-mediatek-dimensity-6300-6000mah-battery-120hz-display-light-violet,https://vsprod.vijaysales.com/media/catalog/product/l/i/light_violet_1_.jpg,Electronics > Mobiles and Accessories > Mobiles > Smartphones,,
2026-02-07,2026-02-07 08:46:31,mobiles,251980,"Samsung Galaxy A07 5G (6GB RAM, 128GB Storage) | MediaTek Dimensity 6300 | 6000mAh Battery | 120Hz Display | Light Green",Samsung,17999,21499,17999,Available,https://www.vijaysales.com/p/P251978/251980/samsung-galaxy-a07-5g-6gb-ram-128gb-storage-mediatek-dimensity-6300-6000mah-battery-120hz-display-light-green,https://vsprod.vijaysales.com/media/catalog/product/l/i/light_green_1_.jpg,Electronics > Mobiles and Accessories > Mobiles > Smartphones,,
2026-02-07,2026-02-07 08:46:31,mobiles,251978,"Samsung Galaxy A07 5G (4GB RAM, 128GB Storage) | MediaTek Dimensity 6300 | 6000mAh Battery | 120Hz Display | Black",Samsung,15999,18999,15999,Available,https://www.vijaysales.com/p/P251978/251978/samsung-galaxy-a07-5g-4gb-ram-128gb-storage-mediatek-dimensity-6300-6000mah-battery-120hz-display-black,https://vsprod.vijaysales.com/media/catalog/product/b/l/black_1__6_2.jpg,Electronics > Mobiles and Accessories > Mobiles > Smartphones,,
2026-02-07,2026-02-07 08:46:31,mobiles,251977,"Samsung Galaxy A07 5G (4GB RAM, 128GB Storage) | MediaTek Dimensity 6300 | 6000mAh Battery | 120Hz Display | Light Violet",Samsung,15999,18999,15999,Available,https://www.vijaysales.com/p/P251978/251977/samsung-galaxy-a07-5g-4gb-ram-128gb-storage-mediatek-dimensity-6300-6000mah-battery-120hz-display-light-violet,https://vsprod.vijaysales.com/media/catalog/product/1/_/1_154.jpg,Electronics > Mobiles and Accessories > Mobiles > Smartphones,,
2026-02-07,2026-02-07 08:46:31,mobiles,251976,"Samsung Galaxy A07 5G (4GB RAM, 128GB Storage) | MediaTek Dimensity 6300 | 6000mAh Battery | 120Hz Display | Light Green",Samsung,15999,18999,15999,Available,https://www.vijaysales.com/p/P251978/251976/samsung-galaxy-a07-5g-4gb-ram-128gb-storage-mediatek-dimensity-6300-6000mah-battery-120hz-display-light-green,https://vsprod.vijaysales.com/media/catalog/product/1/_/1_153_2.jpg,Electronics > Mobiles and Accessories > Mobiles > Smartphones,,
2026-02-07,2026-02-07 08:46:31,mobiles,251829,"REDMI Note 15 Pro+ 5G (12GB RAM, 512GB Storage) | Snapdragon 7s Gen 4 | 6500mAh Battery | 200MP OIS Camera | Mocha Brown",Redmi,43999,44999,43999,Available,https://www.vijaysales.com/p/P251820/251829/redmi-note-15-pro-5g-12gb-ram-512gb-storage-snapdragon-7s-gen-4-6500mah-battery-200mp-ois-camera-mocha-brown,https://vsprod.vijaysales.com/media/catalog/product/m/o/mocha_brown_1__2.jpg,Electronics > Mobiles and Accessories > Mobiles > Smartphones,,
2026-02-07,2026-02-07 08:46:31,mobiles,251828,"REDMI Note 15 Pro+ 5G (12GB RAM, 512GB Storage) | Snapdragon 7s Gen 4 | 6500mAh Battery | 200MP OIS Camera | Glacier Blue",Redmi,43999,44999,43999,Available,https://www.vijaysales.com/p/P251820/251828/redmi-note-15-pro-5g-12gb-ram-512gb-storage-snapdragon-7s-gen-4-6500mah-battery-200mp-ois-camera-glacier-blue,https://vsprod.vijaysales.com/media/catalog/product/g/l/glacier_blue_1__1_1.jpg,Electronics > Mobiles and Accessories > Mobiles > Smartphones,,
2026-02-07,2026-02-07 08:46:31,mobiles,251827,"REDMI Note 15 Pro+ 5G (12GB RAM, 512GB Storage) | Snapdragon 7s Gen 4 | 6500mAh Battery | 200MP OIS Camera | Black",Redmi,43999,44999,43999,Available,https://www.vijaysales.com/p/P251820/251827/redmi-note-15-pro-5g-12gb-ram-512gb-storage-snapdragon-7s-gen-4-6500mah-battery-200mp-ois-camera-black,https://vsprod.vijaysales.com/media/catalog/product/b/l/black_1__4_3.jpg,Electronics > Mobiles and Accessories > Mobiles > Smartphones,,
2026-02-07,2026-02-07 08:46:31,mobiles,251826,"REDMI Note 15 Pro+ 5G (12GB RAM, 256GB Storage) | Snapdragon 7s Gen 4 | 6500mAh Battery | 200MP OIS Camera | Mocha Brown",Redmi,39999,41999,39999,Available,https://www.vijaysales.com/p/P251820/251826/redmi-note-15-pro-5g-12gb-ram-256gb-storage-snapdragon-7s-gen-4-6500mah-battery-200mp-ois-camera-mocha-brown,https://vsprod.vijaysales.com/media/catalog/product/m/o/mocha_brown_1__1.jpg,Electronics > Mobiles and Accessories > Mobiles > Smartphones,,
2026-02-07,2026-02-07 08:46:31,mobiles,251825,"REDMI Note 15 Pro+ 5G (12GB RAM, 256GB Storage) | Snapdragon 7s Gen 4 | 6500mAh Battery | 200MP OIS Camera | Glacier Blue",Redmi,39999,41999,39999,Available,https://www.vijaysales.com/p/P251820/251825/redmi-note-15-pro-5g-12gb-ram-256gb-storage-snapdragon-7s-gen-4-6500mah-battery-200mp-ois-camera-glacier-blue,https://vsprod.vijaysales.com/media/catalog/product/g/l/glacier_blue_1__1.jpg,Electronics > Mobiles and Accessories > Mobiles > Smartphones,,
2026-02-07,2026-02-07 08:46:31,mobiles,251824,"REDMI Note 15 Pro+ 5G (12GB RAM, 256GB Storage) | Snapdragon 7s Gen 4 | 6500mAh Battery | 200MP OIS Camera | Black",Redmi,39999,41999,39999,Available,https://www.vijaysales.com/p/P251820/251824/redmi-note-15-pro-5g-12gb-ram-256gb-storage-snapdragon-7s-gen-4-6500mah-battery-200mp-ois-camera-black,https://vsprod.vijaysales.com/media/catalog/product/b/l/black_1__4_2.jpg,Electronics > Mobiles and Accessories > Mobiles > Smartphones,,
2026-02-07,2026-02-07 08:46:31,mobiles,251822,"REDMI Note 15 Pro+ 5G (8GB RAM, 256GB Storage) | Snapdragon 7s Gen 4 | 6500mAh Battery | 200MP OIS Camera | Mocha Brown",Redmi,37999,39999,37999,Available,https://www.vijaysales.com/p/P251820/251822/redmi-note-15-pro-5g-8gb-ram-256gb-storage-snapdragon-7s-gen-4-6500mah-battery-200mp-ois-camera-mocha-brown,https://vsprod.vijaysales.com/media/catalog/product/m/o/mocha_brown_1_.jpg,Electronics > Mobiles and Accessories > Mobiles > Smartphones,,
2026-02-07,2026-02-07 08:46:31,mobiles,251820,"REDMI Note 15 Pro+ 5G (8GB RAM, 256GB Storage) | Snapdragon 7s Gen 4 | 6500mAh Battery | 200MP OIS Camera | Black",Redmi,37999,39999,37999,Available,https://www.vijaysales.com/p/P251820/251820/redmi-note-15-pro-5g-8gb-ram-256gb-storage-snapdragon-7s-gen-4-6500mah-battery-200mp-ois-camera-black,https://vsprod.vijaysales.com/media/catalog/product/b/l/black_1__4_1.jpg,Electronics > Mobiles and Accessories > Mobiles > Smartphones,,
2026-02-07,2026-02-07 08:46:31,mobiles,251818,"Redmi Note 15 Pro 5G (8GB RAM, 256GB Storage) | MediaTek Dimensity 7400-Ultra | 6580mAh Battery | Dust and Water Resistance | Mirage Blue",Redmi,31999,34999,31999,Available,https://www.vijaysales.com/p/P251813/251818/redmi-note-15-pro-5g-8gb-ram-256gb-storage-120hz-amoled-display-6580mah-battery-dust-and-water-resistance-mirage-blue,https://vsprod.vijaysales.com/media/catalog/product/r/e/redmi_note_15_pro_5g_blue_1__1.jpg,Electronics > Mobiles and Accessories > Mobiles > Smartphones,,
2026-02-07,2026-02-07 08:46:31,mobiles,251817,"Redmi Note 15 Pro 5G (8GB RAM, 256GB Storage) | MediaTek Dimensity 7400-Ultra | 6580mAh Battery | Dust and Water Resistance | Carbon Black",Redmi,31999,34999,31999,Available,https://www.vijaysales.com/p/P251813/251817/redmi-note-15-pro-5g-8gb-ram-256gb-storage-120hz-amoled-display-6580mah-battery-dust-and-water-resistance-carbon-black,https://vsprod.vijaysales.com/media/catalog/product/r/e/redmi_note_15_pro_5g_black_1__1.jpg,Electronics > Mobiles and Accessories > Mobiles > Smartphones,,
2026-02-07,2026-02-07 08:46:31,mobiles,251815,"Redmi Note 15 Pro 5G (8GB RAM, 128GB Storage) | MediaTek Dimensity 7400-Ultra | 6580mAh Battery | Dust and Water Resistance | Silver Ash",Redmi,29999,33999,29999,Available,https://www.vijaysales.com/p/P251813/251815/redmi-note-15-pro-5g-8gb-ram-128gb-storage-120hz-amoled-display-6580mah-battery-dust-and-water-resistance-silver-ash,https://vsprod.vijaysales.com/media/catalog/product/r/e/redmi_note_15_pro_5g_silver_ash_1_.jpg,Electronics > Mobiles and Accessories > Mobiles > Smartphones,,
2026-02-07,2026-02-07 08:46:31,mobiles,251814,"Redmi Note 15 Pro 5G (8GB RAM, 128GB Storage) | MediaTek Dimensity 7400-Ultra | 6580mAh Battery | Dust and Water Resistance | Mirage Blue",Redmi,29999,33999,29999,Available,https://www.vijaysales.com/p/P251813/251814/redmi-note-15-pro-5g-8gb-ram-128gb-storage-120hz-amoled-display-6580mah-battery-dust-and-water-resistance-mirage-blue,https://vsprod.vijaysales.com/media/catalog/product/r/e/redmi_note_15_pro_5g_blue_1_.jpg,Electronics > Mobiles and Accessories > Mobiles > Smartphones,,
2026-02-07,2026-02-07 08:46:31,mobiles,251723,"Tecno Spark Go 3 (4GB RAM, 64GB Storage) | Unisoc T7250 | 5000mAh Battery  | Drop Resistance | Aurora Purple",Tecno,11999,11999,8999,Available,https://www.vijaysales.com/p/P251720/251723/tecno-spark-go-3-4gb-ram-64gb-storage-aurora-purple,https://vsprod.vijaysales.com/media/catalog/product/a/u/aurora_purple_1_.jpg,Electronics > Mobiles and Accessories > Mobiles > Smartphones,,
2026-02-07,2026-02-07 08:46:31,mobiles,251722,"Tecno Spark Go 3 (4GB RAM, 64GB Storage) | Unisoc T7250 | 5000mAh Battery  | Drop Resistance | Galaxy Blue",Tecno,11999,11999,8999,Available,https://www.vijaysales.com/p/P251720/251722/tecno-spark-go-3-4gb-ram-64gb-storage-galaxy-blue,https://vsprod.vijaysales.com/media/catalog/product/g/a/galaxy_blue_1_.jpg,Electronics > Mobiles and Accessories > Mobiles > Smartphones,,
2026-02-07,2026-02-07 08:46:31,mobiles,251721,"Tecno Spark Go 3 (4GB RAM, 64GB Storage) | Unisoc T7250 | 5000mAh Battery  | Drop Resistance | Ink Black",Tecno,11999,11999,8999,Available,https://www.vijaysales.com/p/P251720/251721/tecno-spark-go-3-4gb-ram-64gb-storage-ink-black,https://vsprod.vijaysales.com/media/catalog/product/i/n/ink_black_1_.jpg,Electronics > Mobiles and Accessories > Mobiles > Smartphones,,
2026-02-07,2026-02-07 08:46:31,mobiles,251720,"Tecno Spark Go 3 (4GB RAM, 64GB Storage) | Unisoc T7250 | 5000mAh Battery | Drop Resistance | Titanium Grey",Tecno,11999,11999,8999,Available,https://www.vijaysales.com/p/P251720/251720/tecno-spark-go-3-4gb-ram-64gb-storage-titanium-grey,https://vsprod.vijaysales.com/media/catalog/product/t/i/titanium_grey_16_.jpg,Electronics > Mobiles and Accessories > Mobiles > Smartphones,,
2026-02-07,2026-02-07 08:46:31,mobiles,251618,"OPPO A6 5G (6GB RAM, 256GB Storage) | MediaTek Dimensity 6300 | 7000mAh Battery | IP69 Water and Dust Resistance | Sapphire Blue",Oppo,21999,25999,21999,Available,https://www.vijaysales.com/p/P251610/251618/oppo-a6-5g-6gb-ram-256gb-storage-sapphire-blue,https://vsprod.vijaysales.com/media/catalog/product/a/6/a65g_sapphireblue_01_2.jpg,Electronics > Mobiles and Accessories > Mobiles > Smartphones,,
2026-02-07,2026-02-07 08:46:31,mobiles,251617,"OPPO A6 5G (6GB RAM, 256GB Storage) | MediaTek Dimensity 6300 | 7000mAh Battery | IP69 Water and Dust Resistance | Ice White",Oppo,21999,25999,21999,Available,https://www.vijaysales.com/p/P251610/251617/oppo-a6-5g-6gb-ram-256gb-storage-ice-white,https://vsprod.vijaysales.com/media/catalog/product/a/6/a65g_icewhite_1_2.jpg,Electronics > Mobiles and Accessories > Mobiles > Smartphones,,
2026-02-07,2026-02-07 08:46:31,mobiles,251615,"OPPO A6 5G (6GB RAM, 128GB Storage) | MediaTek Dimensity 6300 | 7000mAh Battery | IP69 Water and Dust Resistance | Sapphire Blue",Oppo,19999,23999,19999,Available,https://www.vijaysales.com/p/P251610/251615/oppo-a6-5g-6gb-ram-128gb-storage-sapphire-blue,https://vsprod.vijaysales.com/media/catalog/product/a/6/a65g_sapphireblue_01_1.jpg,Electronics > Mobiles and Accessories > Mobiles > Smartphones,,
2026-02-07,2026-02-07 08:46:31,mobiles,251614,"OPPO A6 5G (6GB RAM, 128GB Storage) | MediaTek Dimensity 6300 | 7000mAh Battery | IP69 Water and Dust Resistance | Sakura Pink",Oppo,19999,23999,19999,Available,https://www.vijaysales.com/p/P251610/251614/oppo-a6-5g-6gb-ram-128gb-storage-sakura-pink,https://vsprod.vijaysales.com/media/catalog/product/a/6/a65g_sakurapink_01_1.jpg,Electronics > Mobiles and Accessories > Mobiles > Smartphones,,
2026-02-07,2026-02-07 08:46:31,mobiles,251613,"OPPO A6 5G (6GB RAM, 128GB Storage) | MediaTek Dimensity 6300 | 7000mAh Battery | IP69 Water and Dust Resistance | Ice White",Oppo,19999,23999,19999,Available,https://www.vijaysales.com/p/P251610/251613/oppo-a6-5g-6gb-ram-128gb-storage-ice-white,https://vsprod.vijaysales.com/media/catalog/product/a/6/a65g_icewhite_1_1.jpg,Electronics > Mobiles and Accessories > Mobiles > Smartphones,,
2026-02-07,2026-02-07 08:46:31,mobiles,251612,"OPPO A6 5G (4GB RAM, 128GB Storage) | MediaTek Dimensity 6300 | 7000mAh Battery | IP69 Water and Dust Resistance | Sapphire Blue",Oppo,17999,21999,17999,Available,https://www.vijaysales.com/p/P251610/251612/oppo-a6-5g-4gb-ram-128gb-storage-sapphire-blue,https://vsprod.vijaysales.com/media/catalog/product/a/6/a65g_sapphireblue_01.jpg,Electronics > Mobiles and Accessories > Mobiles > Smartphones,,
2026-02-07,2026-02-07 08:46:31,mobiles,251611,"OPPO A6 5G (4GB RAM, 128GB Storage) | MediaTek Dimensity 6300 | 7000mAh Battery | IP69 Water and Dust Resistance | Sakura Pink",Oppo,17999,21999,17999,Unavailable,https://www.vijaysales.com/p/P251610/251611/oppo-a6-5g-4gb-ram-128gb-storage-sakura-pink,https://vsprod.vijaysales.com/media/catalog/product/a/6/a65g_sakurapink_01.jpg,Electronics > Mobiles and Accessories > Mobiles > Smartphones,,
2026-02-07,2026-02-07 08:46:31,mobiles,251610,"OPPO A6 5G (4GB RAM, 128GB Storage) | MediaTek Dimensity 6300 | 7000mAh Battery | IP69 Water and Dust Resistance | Ice White",Oppo,17999,21999,17999,Available,https://www.vijaysales.com/p/P251610/251610/oppo-a6-5g-4gb-ram-128gb-storage-ice-white,https://vsprod.vijaysales.com/media/catalog/product/a/6/a65g_icewhite_1.jpg,Electronics > Mobiles and Accessories > Mobiles > Smartphones,,
2026-02-07,2026-02-07 08:46:31,mobiles,251089,Samsung Galaxy M36 5G Smartphone | 8 GB/256 GB | 6.7 inch Super AMOLED Display | 50 MP OIS Triple Camera with Unmatched Nightography | Gorilla Glass Victus+ | 5000 mAh Battery | Android 15 One UI | Orange Haze,Samsung,24499,24499,24499,Unavailable,https://www.vijaysales.com/p/P251081/251089/samsung-galaxy-m36-5g-smartphone-8-gb-256-gb-6-7-inch-super-amoled-display-50-mp-ois-triple-camera-with-unmatched-nightography-gorilla-glass-victus-5000-mah-battery-android-15-one-ui-orange-haze,https://vsprod.vijaysales.com/media/catalog/product/r/e/red_1_2.jpg,Electronics > Mobiles and Accessories > Mobiles > Smartphones,,
2026-02-07,2026-02-07 08:46:31,mobiles,251088,Samsung Galaxy M36 5G Smartphone | 8 GB/256 GB | 6.7 inch Super AMOLED Display | 50 MP OIS Triple Camera with Unmatched Nightography | Gorilla Glass Victus+ | 5000 mAh Battery | Android 15 One UI | Velvet Black,Samsung,24499,24499,24499,Unavailable,https://www.vijaysales.com/p/P251081/251088/samsung-galaxy-m36-5g-smartphone-8-gb-256-gb-6-7-inch-super-amoled-display-50-mp-ois-triple-camera-with-unmatched-nightography-gorilla-glass-victus-5000-mah-battery-android-15-one-ui-velvet-black,https://vsprod.vijaysales.com/media/catalog/product/b/l/black_2.jpg,Electronics > Mobiles and Accessories > Mobiles > Smartphones,,
2026-02-07,2026-02-07 08:46:31,mobiles,251087,Samsung Galaxy M36 5G Smartphone | 8 GB/256 GB | 6.7 inch Super AMOLED Display | 50 MP OIS Triple Camera with Unmatched Nightography | Gorilla Glass Victus+ | 5000 mAh Battery | Android 15 One UI | Serene Green,Samsung,24499,24499,24499,Unavailable,https://www.vijaysales.com/p/P251081/251087/samsung-galaxy-m36-5g-smartphone-8-gb-256-gb-6-7-inch-super-amoled-display-50-mp-ois-triple-camera-with-unmatched-nightography-gorilla-glass-victus-5000-mah-battery-android-15-one-ui-serene-green,https://vsprod.vijaysales.com/media/catalog/product/g/r/green_1_1.jpg,Electronics > Mobiles and Accessories > Mobiles > Smartphones,,
2026-02-07,2026-02-07 08:46:31,mobiles,251086,Samsung Galaxy M36 5G Smartphone | 8 GB/128 GB | 6.7 inch Super AMOLED Display | 50 MP OIS Triple Camera with Unmatched Nightography | Gorilla Glass Victus+ | 5000 mAh Battery | Android 15 One UI | Orange Haze,Samsung,21499,21499,21499,Unavailable,https://www.vijaysales.com/p/P251081/251086/samsung-galaxy-m36-5g-smartphone-8-gb-128-gb-6-7-inch-super-amoled-display-50-mp-ois-triple-camera-with-unmatched-nightography-gorilla-glass-victus-5000-mah-battery-android-15-one-ui-orange-haze,https://vsprod.vijaysales.com/media/catalog/product/r/e/red_1_1.jpg,Electronics > Mobiles and Accessories > Mobiles > Smartphones,,
2026-02-07,2026-02-07 08:46:31,mobiles,251085,Samsung Galaxy M36 5G Smartphone | 8 GB/128 GB | 6.7 inch Super AMOLED Display | 50 MP OIS Triple Camera with Unmatched Nightography | Gorilla Glass Victus+ | 5000 mAh Battery | Android 15 One UI | Velvet Black,Samsung,21499,21499,21499,Unavailable,https://www.vijaysales.com/p/P251081/251085/samsung-galaxy-m36-5g-smartphone-8-gb-128-gb-6-7-inch-super-amoled-display-50-mp-ois-triple-camera-with-unmatched-nightography-gorilla-glass-victus-5000-mah-battery-android-15-one-ui-velvet-black,https://vsprod.vijaysales.com/media/catalog/product/b/l/black_1_2.jpg,Electronics > Mobiles and Accessories > Mobiles > Smartphones,,
2026-02-07,2026-02-07 08:46:31,mobiles,251084,Samsung Galaxy M36 5G Smartphone | 8 GB/128 GB | 6.7 inch Super AMOLED Display | 50 MP OIS Triple Camera with Unmatched Nightography | Gorilla Glass Victus+ | 5000 mAh Battery | Android 15 One UI | Serene Green,Samsung,21499,21499,21499,Unavailable,https://www.vijaysales.com/p/P251081/251084/samsung-galaxy-m36-5g-smartphone-8-gb-128-gb-6-7-inch-super-amoled-display-50-mp-ois-triple-camera-with-unmatched-nightography-gorilla-glass-victus-5000-mah-battery-android-15-one-ui-serene-green,https://vsprod.vijaysales.com/media/catalog/product/g/r/green_1.jpg,Electronics > Mobiles and Accessories > Mobiles > Smartphones,,
2026-02-07,2026-02-07 08:46:31,mobiles,251083,Samsung Galaxy M36 5G Smartphone | 6 GB/128 GB | 6.7 inch Super AMOLED Display | 50 MP OIS Triple Camera with Unmatched Nightography | Gorilla Glass Victus+ | 5000 mAh Battery | Android 15 One UI | Orange Haze,Samsung,19999,19999,19999,Unavailable,https://www.vijaysales.com/p/P251081/251083/samsung-galaxy-m36-5g-smartphone-6-gb-128-gb-6-7-inch-super-amoled-display-50-mp-ois-triple-camera-with-unmatched-nightography-gorilla-glass-victus-5000-mah-battery-android-15-one-ui-orange-haze,https://vsprod.vijaysales.com/media/catalog/product/r/e/red_1.jpg,Electronics > Mobiles and Accessories > Mobiles > Smartphones,,
2026-02-07,2026-02-07 08:46:31,mobiles,251082,Samsung Galaxy M36 5G Smartphone | 6 GB/128 GB | 6.7 inch Super AMOLED Display | 50 MP OIS Triple Camera with Unmatched Nightography | Gorilla Glass Victus+ | 5000 mAh Battery | Android 15 One UI | Velvet Black,Samsung,19999,19999,19999,Unavailable,https://www.vijaysales.com/p/P251081/251082/samsung-galaxy-m36-5g-smartphone-6-gb-128-gb-6-7-inch-super-amoled-display-50-mp-ois-triple-camera-with-unmatched-nightography-gorilla-glass-victus-5000-mah-battery-android-15-one-ui-velvet-black,https://vsprod.vijaysales.com/media/catalog/product/b/l/black_1_1.jpg,Electronics > Mobiles and Accessories > Mobiles > Smartphones,,
2026-02-07,2026-02-07 08:46:31,mobiles,251081,Samsung Galaxy M36 5G Smartphone | 6 GB/128 GB | 6.7 inch Super AMOLED Display | 50 MP OIS Triple Camera with Unmatched Nightography | Gorilla Glass Victus+ | 5000 mAh Battery | Android 15 One UI | Serene Green,Samsung,19999,19999,19999,Unavailable,https://www.vijaysales.com/p/P251081/251081/samsung-galaxy-m36-5g-smartphone-6-gb-128-gb-6-7-inch-super-amoled-display-50-mp-ois-triple-camera-with-unmatched-nightography-gorilla-glass-victus-5000-mah-battery-android-15-one-ui-serene-green,https://vsprod.vijaysales.com/media/catalog/product/g/r/green.jpg,Electronics > Mobiles and Accessories > Mobiles > Smartphones,,
2026-02-07,2026-02-07 08:46:31,mobiles,250996,"Redmi Note 15 5G (8GB RAM, 256GB Storage) | Snapdragon 6 Gen 3 | 5520mAh Battery | IP65/IP66 Rating | Mist Purple",Redmi,24999,28999,24999,Available,https://www.vijaysales.com/p/P250991/250996/redmi-note-15-5g-8gb-ram-256gb-storage-mist-purple,https://vsprod.vijaysales.com/media/catalog/product/2/5/250993_1__1.jpg,Electronics > Mobiles and Accessories > Mobiles > Smartphones,,
2026-02-07,2026-02-07 08:46:31,mobiles,250995,"Redmi Note 15 5G (8GB RAM, 256GB Storage) | Snapdragon 6 Gen 3 | 5520mAh Battery | IP65/IP66 Rating | Glacier Blue",Redmi,24999,28999,24999,Available,https://www.vijaysales.com/p/P250991/250995/redmi-note-15-5g-8gb-ram-256gb-storage-glacier-blue,https://vsprod.vijaysales.com/media/catalog/product/2/5/250992_1__1.jpg,Electronics > Mobiles and Accessories > Mobiles > Smartphones,,
2026-02-07,2026-02-07 08:46:31,mobiles,250993,"Redmi Note 15 5G (8GB RAM, 128GB Storage) | Snapdragon 6 Gen 3 | 5520mAh Battery | IP65/IP66 Rating | Mist Purple",Redmi,22999,26999,22999,Available,https://www.vijaysales.com/p/P250991/250993/redmi-note-15-5g-8gb-ram-128gb-storage-mist-purple,https://vsprod.vijaysales.com/media/catalog/product/2/5/250993_1_.jpg,Electronics > Mobiles and Accessories > Mobiles > Smartphones,,
2026-02-07,2026-02-07 08:46:31,mobiles,250991,"Redmi Note 15 5G (8GB RAM, 128GB Storage) | Snapdragon 6 Gen 3 | 5520mAh Battery | IP65/IP66 Rating | Black",Redmi,22999,26999,22999,Available,https://www.vijaysales.com/p/P250991/250991/redmi-note-15-5g-8gb-ram-128gb-storage-black,https://vsprod.vijaysales.com/media/catalog/product/2/5/250991_1_.jpg,Electronics > Mobiles and Accessories > Mobiles > Smartphones,,
2026-02-07,2026-02-07 08:46:31,mobiles,250989,"OPPO A6 Pro 5G (8GB RAM, 128GB Storage) | MediaTek Dimensity 6300 | 7000mAh Battery | IP69 Water and Dust Resistance | Cappuccino Brown",Oppo,22999,26999,22999,Available,https://www.vijaysales.com/p/P250986/250989/oppo-a6-pro-5g-8gb-ram-128gb-storage-cappuccino-brown,https://vsprod.vijaysales.com/media/catalog/product/c/a/cappuccino_brown_1__1.jpg,Electronics > Mobiles and Accessories > Mobiles > Smartphones,,
2026-02-07,2026-02-07 08:46:31,mobiles,250988,"OPPO A6 Pro 5G (8GB RAM, 256GB Storage) | MediaTek Dimensity 6300 | 7000mAh Battery | IP69 Water and Dust Resistance | Cappuccino Brown",Oppo,24999,28999,24999,Available,https://www.vijaysales.com/p/P250986/250988/oppo-a6-pro-5g-8gb-ram-256gb-storage-cappuccino-brown,https://vsprod.vijaysales.com/media/catalog/product/c/a/cappuccino_brown_1_.jpg,Electronics > Mobiles and Accessories > Mobiles > Smartphones,,
2026-02-07,2026-02-07 08:46:31,mobiles,250986,"OPPO A6 Pro 5G (8GB RAM, 256GB Storage) | MediaTek Dimensity 6300 | 7000mAh Battery | IP69 Water and Dust Resistance | Aurora Gold",Oppo,24999,28999,24999,Unavailable,https://www.vijaysales.com/p/P250986/250986/oppo-a6-pro-5g-8gb-ram-256gb-storage-aurora-gold,https://vsprod.vijaysales.com/media/catalog/product/a/u/aurora_gold_1_.jpg,Electronics > Mobiles and Accessories > Mobiles > Smartphones,,
2026-02-07,2026-02-07 08:46:31,mobiles,249481,"realme 16 Pro+ 5G (12GB RAM, 256GB Storage) | Snapdragon 7 Gen 4 | 7000mAh Battery | Curved AMOLED Display | Master Gold",realme,44999,48999,44999,Available,https://www.vijaysales.com/p/P249473/249481/realme-16-pro-plus-5g-12gb-ram-256gb-storage-master-gold,https://vsprod.vijaysales.com/media/catalog/product/1/7/176760593270679cf42c367ac44ee8be7e72ca766162c.png.webp.jpg,Electronics > Mobiles and Accessories > Mobiles > Smartphones,,
2026-02-07,2026-02-07 08:46:31,mobiles,249480,"realme 16 Pro+ 5G (12GB RAM, 256GB Storage) | Snapdragon 7 Gen 4 | 7000mAh Battery | Curved AMOLED Display | Camellia Pink",realme,44999,48999,44999,Available,https://www.vijaysales.com/p/P249473/249480/realme-16-pro-5g-12gb-ram-256gb-storage-camellia-pink,https://vsprod.vijaysales.com/media/catalog/product/1/7/176760635352039e60b6d3a284120a047ff27192fea42.png.webp.jpg,Electronics > Mobiles and Accessories > Mobiles > Smartphones,,
2026-02-07,2026-02-07 08:46:31,mobiles,249479,"realme 16 Pro+ 5G (12GB RAM, 256GB Storage) | Snapdragon 7 Gen 4 | 7000mAh Battery | Curved AMOLED Display | Master Grey",realme,44999,48999,44999,Available,https://www.vijaysales.com/p/P249473/249479/realme-16-pro-5g-12gb-ram-256gb-storage-master-grey,https://vsprod.vijaysales.com/media/catalog/product/1/7/17676060806675b30135df05242bba5c7770c13e5abf7.png.webp_2.jpg,Electronics > Mobiles and Accessories > Mobiles > Smartphones,,
2026-02-07,2026-02-07 08:46:31,mobiles,249478,"realme 16 Pro+ 5G (8GB RAM, 256GB Storage) | Snapdragon 7 Gen 4 | 7000mAh Battery | Curved AMOLED Display | Master Gold",realme,41999,45999,41999,Available,https://www.vijaysales.com/p/P249473/249478/realme-16-pro-plus-5g-8gb-ram-256gb-storage-master-gold,https://vsprod.vijaysales.com/media/catalog/product/1/7/176760593270679cf42c367ac44ee8be7e72ca766162c.png.webp_1.jpg,Electronics > Mobiles and Accessories > Mobiles > Smartphones,,
2026-02-07,2026-02-07 08:46:31,mobiles,249477,"realme 16 Pro+ 5G (8GB RAM, 256GB Storage) | Snapdragon 7 Gen 4 | 7000mAh Battery | Curved AMOLED Display | Camellia Pink",realme,41999,45999,41999,Available,https://www.vijaysales.com/p/P249473/249477/realme-16-pro-5g-8gb-ram-256gb-storage-camellia-pink,https://vsprod.vijaysales.com/media/catalog/product/1/7/176760635352039e60b6d3a284120a047ff27192fea42.png.webp_1.jpg,Electronics > Mobiles and Accessories > Mobiles > Smartphones,,
2026-02-07,2026-02-07 08:46:31,mobiles,249476,"realme 16 Pro+ 5G (8GB RAM, 256GB Storage) | Snapdragon 7 Gen 4 | 7000mAh Battery | Curved AMOLED Display | Master Grey",realme,41999,45999,41999,Available,https://www.vijaysales.com/p/P249473/249476/realme-16-pro-5g-8gb-ram-256gb-storage-master-grey,https://vsprod.vijaysales.com/media/catalog/product/1/7/17676060806675b30135df05242bba5c7770c13e5abf7.png.webp_1.jpg,Electronics > Mobiles and Accessories > Mobiles > Smartphones,,
2026-02-07,2026-02-07 08:46:31,mobiles,249475,"realme 16 Pro+ 5G (8GB RAM, 128GB Storage) | Snapdragon 7 Gen 4 | 7000mAh Battery | Curved AMOLED Display | Master Gold",realme,39999,43999,39999,Available,https://www.vijaysales.com/p/P249473/249475/realme-16-pro-plus-5g-8gb-ram-128gb-storage-master-gold,https://vsprod.vijaysales.com/media/catalog/product/1/7/176760593270679cf42c367ac44ee8be7e72ca766162c.png.webp_2.jpg,Electronics > Mobiles and Accessories > Mobiles > Smartphones,,
2026-02-07,2026-02-07 08:46:31,mobiles,249474,"realme 16 Pro+ 5G (8GB RAM, 128GB Storage) | Snapdragon 7 Gen 4 | 7000mAh Battery | Curved AMOLED Display | Camellia Pink",realme,39999,43999,39999,Unavailable,https://www.vijaysales.com/p/P249473/249474/realme-16-pro-5g-8gb-ram-128gb-storage-camellia-pink,https://vsprod.vijaysales.com/media/catalog/product/1/7/176760635352039e60b6d3a284120a047ff27192fea42.png.webp_2.jpg,Electronics > Mobiles and Accessories > Mobiles > Smartphones,,
2026-02-07,2026-02-07 08:46:31,mobiles,249473,"realme 16 Pro+ 5G (8GB RAM, 128GB Storage) | Snapdragon 7 Gen 4 | 7000mAh Battery | Curved AMOLED Display | Master Grey",realme,39999,43999,39999,Unavailable,https://www.vijaysales.com/p/P249473/249473/realme-16-pro-5g-8gb-ram-128gb-storage-master-grey,https://vsprod.vijaysales.com/media/catalog/product/1/7/17676060806675b30135df05242bba5c7770c13e5abf7.png.webp.jpg,Electronics > Mobiles and Accessories > Mobiles > Smartphones,,
2026-02-07,2026-02-07 08:46:31,mobiles,249469,"realme 16 Pro 5G (12GB RAM, 256GB Storage) | Dimensity 7300 Max | 7000mAh Battery | 200MP Camera | Orchid Purple",realme,36999,39999,36999,Available,https://www.vijaysales.com/p/P249461/249469/realme-16-pro-5g-12gb-ram-256gb-storage-orchid-purple,https://vsprod.vijaysales.com/media/catalog/product/1/7/17676079127218f04f9c343a2491abad8e2a8247c1471.png.webp_2.jpg,Electronics > Mobiles and Accessories > Mobiles > Smartphones,,
2026-02-07,2026-02-07 08:46:31,mobiles,249467,"realme 16 Pro 5G (12GB RAM, 256GB Storage) | Dimensity 7300 Max | 7000mAh Battery | 200MP Camera | Pebble Grey",realme,36999,39999,36999,Available,https://www.vijaysales.com/p/P249461/249467/realme-16-pro-5g-12gb-ram-256gb-storage-pebble-grey,https://vsprod.vijaysales.com/media/catalog/product/1/7/1767606847820eb2e2420f2fa42409d85aaff1f9bda74.png.webp_2.jpg,Electronics > Mobiles and Accessories > Mobiles > Smartphones,,
2026-02-07,2026-02-07 08:46:31,mobiles,249466,"realme 16 Pro 5G (8GB RAM, 256GB Storage) | Dimensity 7300 Max | 7000mAh Battery | 200MP Camera | Orchid Purple",realme,33999,36999,33999,Available,https://www.vijaysales.com/p/P249461/249466/realme-16-pro-5g-8gb-ram-256gb-storage-orchid-purple,https://vsprod.vijaysales.com/media/catalog/product/1/7/17676079127218f04f9c343a2491abad8e2a8247c1471.png.webp_1.jpg,Electronics > Mobiles and Accessories > Mobiles > Smartphones,,
2026-02-07,2026-02-07 08:46:31,mobiles,249463,"realme 16 Pro 5G (8GB RAM, 128GB Storage) | Dimensity 7300 Max | 7000mAh Battery | 200MP Camera | Orchid Purple",realme,31999,34999,31999,Unavailable,https://www.vijaysales.com/p/P249461/249463/realme-16-pro-5g-8gb-ram-128gb-storage-orchid-purple,https://vsprod.vijaysales.com/media/catalog/product/1/7/17676079127218f04f9c343a2491abad8e2a8247c1471.png.webp.jpg,Electronics > Mobiles and Accessories > Mobiles > Smartphones,,
2026-02-07,2026-02-07 08:46:31,mobiles,249461,"realme 16 Pro+ 5G (8GB RAM, 128GB Storage) | Snapdragon 7 Gen 4 | 7000mAh Battery | Curved AMOLED Display | Master Grey",realme,31999,34999,31999,Unavailable,https://www.vijaysales.com/p/P249461/249461/realme-16-pro-5g-8gb-ram-128gb-storage-pebble-grey,https://vsprod.vijaysales.com/media/catalog/product/1/7/1767606847820eb2e2420f2fa42409d85aaff1f9bda74.png.webp.jpg,Electronics > Mobiles and Accessories > Mobiles > Smartphones,,
2026-02-07,2026-02-07 08:46:31,mobiles,249045,"OPPO Reno15c 5G (12GB RAM, 256GB Storage) | Snapdragon 6 Gen 1 | 7000mAh Battery | In-Display Fingerprint Sensor | Afterglow Pink",Oppo,37999,46999,37999,Available,https://www.vijaysales.com/p/P249042/249045/oppo-reno15c-5g-12gb-ram-256gb-storage-snapdragon-6-gen-1-7000mah-battery-in-display-fingerprint-sensor-afterglow-pink,https://vsprod.vijaysales.com/media/catalog/product/w/h/white_1__2.jpg,Electronics > Mobiles and Accessories > Mobiles > Smartphones,,
2026-02-07,2026-02-07 08:46:31,mobiles,249044,"OPPO Reno15c 5G (12GB RAM, 256GB Storage) | Snapdragon 6 Gen 1 | 7000mAh Battery | In-Display Fingerprint Sensor | Twilight Blue",Oppo,37999,46999,37999,Available,https://www.vijaysales.com/p/P249042/249044/oppo-reno15c-5g-12gb-ram-256gb-storage-snapdragon-6-gen-1-7000mah-battery-in-display-fingerprint-sensor-twilight-blue,https://vsprod.vijaysales.com/media/catalog/product/b/l/black_1__6_5.jpg,Electronics > Mobiles and Accessories > Mobiles > Smartphones,,
2026-02-07,2026-02-07 08:46:31,mobiles,249043,"OPPO Reno15c 5G (8GB RAM, 256GB Storage) | Snapdragon 6 Gen 1 | 7000mAh Battery | In-Display Fingerprint Sensor | Afterglow Pink",Oppo,34999,42999,34999,Available,https://www.vijaysales.com/p/P249042/249043/oppo-reno15c-5g-8gb-ram-256gb-storage-snapdragon-6-gen-1-7000mah-battery-in-display-fingerprint-sensor-afterglow-pink,https://vsprod.vijaysales.com/media/catalog/product/w/h/white_1__1.jpg,Electronics > Mobiles and Accessories > Mobiles > Smartphones,,
2026-02-07,2026-02-07 08:46:31,mobiles,249042,"OPPO Reno15c 5G (8GB RAM, 256GB Storage) | Snapdragon 6 Gen 1 | 7000mAh Battery | In-Display Fingerprint Sensor | Twilight Blue",Oppo,34999,42999,34999,Available,https://www.vijaysales.com/p/P249042/249042/oppo-reno15c-5g-8gb-ram-256gb-storage-snapdragon-6-gen-1-7000mah-battery-in-display-fingerprint-sensor-twilight-blue,https://vsprod.vijaysales.com/media/catalog/product/b/l/black_1__6_4.jpg,Electronics > Mobiles and Accessories > Mobiles > Smartphones,,
2026-02-07,2026-02-07 08:46:31,mobiles,249041,"OPPO Reno15 5G (12GB RAM, 512GB Storage) | Snapdragon 7 Gen 4 | 6500mAh Battery | IP69 Rated (Aurora Blue)",Oppo,53999,59999,53999,Unavailable,https://www.vijaysales.com/p/P249033/249041/oppo-reno15-5g-12gb-ram-512gb-storage-aurora-blue,https://vsprod.vijaysales.com/media/catalog/product/r/e/reno15_aurora_blue_1__2.jpg,Electronics > Mobiles and Accessories > Mobiles > Smartphones,,
2026-02-07,2026-02-07 08:46:31,mobiles,249040,"OPPO Reno15 5G (12GB RAM, 512GB Storage) | Snapdragon 7 Gen 4 | 6500mAh Battery | IP69 Rated ( Glacier White)",Oppo,53999,59999,53999,Available,https://www.vijaysales.com/p/P249033/249040/oppo-reno15-5g-12gb-ram-512gb-storage-glacier-white,https://vsprod.vijaysales.com/media/catalog/product/r/e/reno15_glacier_white_1__2.jpg,Electronics > Mobiles and Accessories > Mobiles > Smartphones,,
2026-02-07,2026-02-07 08:46:31,mobiles,249038,"OPPO Reno15 5G (12GB RAM, 256GB Storage) | Snapdragon 7 Gen 4 | 6500mAh Battery | IP69 Rated (Aurora Blue)",Oppo,48999,54999,48999,Available,https://www.vijaysales.com/p/P249033/249038/oppo-reno15-5g-12gb-ram-256gb-storage-aurora-blue,https://vsprod.vijaysales.com/media/catalog/product/r/e/reno15_aurora_blue_1__1.jpg,Electronics > Mobiles and Accessories > Mobiles > Smartphones,,
2026-02-07,2026-02-07 08:46:31,mobiles,249037,"OPPO Reno15 5G (12GB RAM, 256GB Storage) | Snapdragon 7 Gen 4 | 6500mAh Battery | IP69 Rated ( Glacier White)",Oppo,48999,54999,48999,Available,https://www.vijaysales.com/p/P249033/249037/oppo-reno15-5g-12gb-ram-256gb-storage-glacier-white,https://vsprod.vijaysales.com/media/catalog/product/r/e/reno15_glacier_white_1__1.jpg,Electronics > Mobiles and Accessories > Mobiles > Smartphones,,
2026-02-07,2026-02-07 08:46:31,mobiles,249035,"OPPO Reno15 5G (8GB RAM, 256GB Storage) | Snapdragon 7 Gen 4 | 6500mAh Battery | IP69 Rated (Aurora Blue)",Oppo,45999,49999,45999,Available,https://www.vijaysales.com/p/P249033/249035/oppo-reno15-5g-8gb-ram-256gb-storage-aurora-blue,https://vsprod.vijaysales.com/media/catalog/product/r/e/reno15_aurora_blue_1_.jpg,Electronics > Mobiles and Accessories > Mobiles > Smartphones,,
2026-02-07,2026-02-07 08:46:31,mobiles,249033,"OPPO Reno15 5G (8GB RAM, 256GB Storage) | Snapdragon 7 Gen 4 | 6500mAh Battery | IP69 Rated (Twilight Blue)",Oppo,45999,49999,45999,Available,https://www.vijaysales.com/p/P249033/249033/oppo-reno15-5g-8gb-ram-256gb-storage-twilight-blue,https://vsprod.vijaysales.com/media/catalog/product/r/e/reno15_twilight_blue_1_.jpg,Electronics > Mobiles and Accessories > Mobiles > Smartphones,,
2026-02-07,2026-02-07 08:46:31,mobiles,249032,"OPPO Reno15 Pro Mini 5G (12GB RAM, 256GB Storage) | Dimensity 8450 | 6200mAh Battery | IP69 Water and Dust Resistance | Crystal Pink",Oppo,59999,64999,59999,Available,https://www.vijaysales.com/p/P249028/249032/oppo-reno15-pro-mini-5g-12gb-ram-256gb-storage-crystal-pink,https://vsprod.vijaysales.com/media/catalog/product/r/e/reno15-pro-mini_01_2.jpg,Electronics > Mobiles and Accessories > Mobiles > Smartphones,,
2026-02-07,2026-02-07 08:46:31,mobiles,249031,"OPPO Reno15 Pro Mini 5G (12GB RAM, 512GB Storage) | MediaTek Dimensity 8450 | 6200mAh Battery | IP69 Water and Dust Resistance | Glacier White",Oppo,64999,69999,64999,Available,https://www.vijaysales.com/p/P249028/249031/oppo-reno15-pro-mini-5g-12gb-ram-512gb-storage-glacier-white,https://vsprod.vijaysales.com/media/catalog/product/r/e/reno15-pro-mini_01_1_2.jpg,Electronics > Mobiles and Accessories > Mobiles > Smartphones,,
2026-02-07,2026-02-07 08:46:31,mobiles,249030,"OPPO Reno15 Pro Mini 5G (12GB RAM, 512GB Storage) | MediaTek Dimensity 8450 | 6200mAh Battery | IP69 Water and Dust Resistance | Cocoa Brown",Oppo,64999,69999,64999,Available,https://www.vijaysales.com/p/P249028/249030/oppo-reno15-pro-mini-5g-12gb-ram-512gb-storage-cocoa-brown,https://vsprod.vijaysales.com/media/catalog/product/r/e/reno15-pro-mini_01_1.jpg,Electronics > Mobiles and Accessories > Mobiles > Smartphones,,
2026-02-07,2026-02-07 08:46:31,mobiles,249029,"OPPO Reno15 Pro Mini 5G (12GB RAM, 256GB Storage) | MediaTek Dimensity 8450 | 6200mAh Battery | IP69 Water and Dust Resistance | Glacier White",Oppo,59999,64999,59999,Available,https://www.vijaysales.com/p/P249028/249029/oppo-reno15-pro-mini-5g-12gb-ram-256gb-storage-glacier-white,https://vsprod.vijaysales.com/media/catalog/product/r/e/reno15-pro-mini_01_1_1.jpg,Electronics > Mobiles and Accessories > Mobiles > Smartphones,,
2026-02-07,2026-02-07 08:46:31,mobiles,249027,"OPPO Reno15 Pro 5G (12GB RAM, 512GB Storage) | MediaTek Dimensity 8450 | 6500mAh Battery | IP69 Water and Dust Resistance | Sunset Gold",Oppo,72999,79999,72999,Available,https://www.vijaysales.com/p/P249024/249027/oppo-reno15-pro-5g-12gb-ram-512gb-storage-sunset-gold,https://vsprod.vijaysales.com/media/catalog/product/r/e/reno15-pro_01_1_2.jpg,Electronics > Mobiles and Accessories > Mobiles > Smartphones,,
2026-02-07,2026-02-07 08:46:31,mobiles,249026,"OPPO Reno15 Pro 5G (12GB RAM, 512GB Storage) | MediaTek Dimensity 8450 | 6500mAh Battery | IP69 Water and Dust Resistance | Cocoa Brown",Oppo,72999,79999,72999,Available,https://www.vijaysales.com/p/P249024/249026/oppo-reno15-pro-5g-12gb-ram-512gb-storage-cocoa-brown,https://vsprod.vijaysales.com/media/catalog/product/r/e/reno15-pro_01_1.jpg,Electronics > Mobiles and Accessories > Mobiles > Smartphones,,
2026-02-07,2026-02-07 08:46:31,mobiles,249025,"OPPO Reno15 Pro 5G (12GB RAM, 256GB Storage) | MediaTek Dimensity 8450 | 6500mAh Battery | IP69 Water and Dust Resistance | Sunset Gold",Oppo,67999,74999,67999,Available,https://www.vijaysales.com/p/P249024/249025/oppo-reno15-pro-5g-12gb-ram-256gb-storage-sunset-gold,https://vsprod.vijaysales.com/media/catalog/product/r/e/reno15-pro_01_1_1.jpg,Electronics > Mobiles and Accessories > Mobiles > Smartphones,,
2026-02-07,2026-02-07 08:46:31,mobiles,249024,"OPPO Reno15 Pro 5G (12GB RAM, 256GB Storage) | MediaTek Dimensity 8450 | 6500mAh Battery | IP69 Water and Dust Resistance | Cocoa Brown",Oppo,67999,74999,67999,Available,https://www.vijaysales.com/p/P249024/249024/oppo-reno15-pro-5g-12gb-ram-256gb-storage-cocoa-brown,https://vsprod.vijaysales.com/media/catalog/product/r/e/reno15-pro_01.jpg,Electronics > Mobiles and Accessories > Mobiles > Smartphones,,
2026-02-07,2026-02-07 08:46:31,mobiles,248881,"vivo X300 5G (12GB RAM, 512GB Storage) | Dimensity 9500 | 6040 mAh Battery | IP68/IP69 Rating | Summit Red",Vivo,89999,89999,89999,Available,https://www.vijaysales.com/p/P248396/248881/vivo-x300-5g-12gb-ram-512gb-storage-dimensity-9500-6040-mah-battery-ip68-ip69-rating-summit-red,https://vsprod.vijaysales.com/media/catalog/product/s/u/summit_red_1__1.jpg,Electronics > Mobiles and Accessories > Mobiles > Smartphones,,
2026-02-07,2026-02-07 08:46:31,mobiles,248880,"vivo X300 5G (12GB RAM, 512GB Storage) | Dimensity 9500 | 6040 mAh Battery | IP68/IP69 Rating |Mist Blue",Vivo,89999,89999,89999,Unavailable,https://www.vijaysales.com/p/P248396/248880/vivo-x300-5g-12gb-ram-512gb-storage-dimensity-9500-6040-mah-battery-ip68-ip69-rating-mist-blue,https://vsprod.vijaysales.com/media/catalog/product/m/i/mist_blue_1__2.jpg,Electronics > Mobiles and Accessories > Mobiles > Smartphones,,
2026-02-07,2026-02-07 08:46:31,mobiles,248879,"vivo X300 5G (12GB RAM, 512GB Storage) | Dimensity 9500 | 6040 mAh Battery | IP68/IP69 Rating | Elite Black",Vivo,89999,89999,89999,Available,https://www.vijaysales.com/p/P248396/248879/vivo-x300-5g-12gb-ram-512gb-storage-dimensity-9500-6040-mah-battery-ip68-ip69-rating-elite-black,https://vsprod.vijaysales.com/media/catalog/product/e/l/elite_black_1__2.jpg,Electronics > Mobiles and Accessories > Mobiles > Smartphones,,
2026-02-07,2026-02-07 08:46:31,mobiles,248739,"Nothing Phone (3a) Lite (8GB RAM, 256GB Storage) | Dimensity 7300 Pro | 5000mAh Battery | Smarter with Nothing OS AI | Blue",Nothing,23999,26999,23999,Available,https://www.vijaysales.com/p/P248734/248739/nothing-phone-3a-lite-8gb-ram-256gb-storage-blue,https://vsprod.vijaysales.com/media/catalog/product/1/_/1_3_1_.jpg,Electronics > Mobiles and Accessories > Mobiles > Smartphones,,
2026-02-07,2026-02-07 08:46:31,mobiles,248737,"Nothing Phone (3a) Lite (8GB RAM, 256GB Storage) | Dimensity 7300 Pro | 5000mAh Battery | Smarter with Nothing OS AI | Black",Nothing,23999,26999,23999,Available,https://www.vijaysales.com/p/P248734/248737/nothing-phone-3a-lite-8gb-ram-256gb-storage-black,https://vsprod.vijaysales.com/media/catalog/product/b/l/black_nothing_3a_lite_1.jpg,Electronics > Mobiles and Accessories > Mobiles > Smartphones,,
2026-02-07,2026-02-07 08:46:31,mobiles,248734,"Nothing Phone (3a) Lite (8GB RAM, 128GB Storage) | Dimensity 7300 Pro | 5000mAh Battery | Smarter with Nothing OS AI | Black",Nothing,21999,24999,21999,Available,https://www.vijaysales.com/p/P248734/248734/nothing-phone-3a-lite-8gb-ram-128gb-storage-black,https://vsprod.vijaysales.com/media/catalog/product/b/l/black_nothing_3a_lite.jpg,Electronics > Mobiles and Accessories > Mobiles > Smartphones,,
2026-02-07,2026-02-07 08:46:31,mobiles,248731,"OPPO A6x 5G (4GB RAM, 64GB Storage) | MediaTek Dimensity 6300 | 6500mAh Battery | 120 Hz Ultra Bright Display | Ice Blue",Oppo,12999,14499,12999,Available,https://www.vijaysales.com/p/P248729/248731/oppo-a6x-5g-4gb-ram-128gb-storage-ice-blue,https://vsprod.vijaysales.com/media/catalog/product/a/6/a6x5g_iceblue_01_1.jpg,Electronics > Mobiles and Accessories > Mobiles > Smartphones,,
2026-02-07,2026-02-07 08:46:31,mobiles,248729,"OPPO A6x 5G (4GB RAM, 128GB Storage) | MediaTek Dimensity 6300 | 6500mAh Battery | 120 Hz Ultra Bright Display | Ice Blue",Oppo,13999,15999,13999,Available,https://www.vijaysales.com/p/P248729/248729/oppo-a6x-5g-6gb-ram-128gb-storage-ice-blue,https://vsprod.vijaysales.com/media/catalog/product/a/6/a6x5g_iceblue_01.jpg,Electronics > Mobiles and Accessories > Mobiles > Smartphones,,
2026-02-07,2026-02-07 08:46:31,mobiles,248727,"OPPO A6x 5G (6GB RAM, 128GB Storage) | MediaTek Dimensity 6300 | 6500mAh Battery | 120 Hz Ultra Bright Display | Ice Blue",Oppo,15999,17499,15999,Available,https://www.vijaysales.com/p/P248729/248727/oppo-a6x-5g-4gb-ram-64gb-storage-ice-blue,https://vsprod.vijaysales.com/media/catalog/product/a/6/a6x5g_iceblue_01_2.jpg,Electronics > Mobiles and Accessories > Mobiles > Smartphones,,
2026-02-07,2026-02-07 08:46:31,mobiles,248702,"Redmi Mobile 15C 5G (8GB RAM, 128GB Storage) | Dimensity 6300 | 6000mAh Battery | IP64 Rating | Blue",Redmi,15499,16999,15499,Available,https://www.vijaysales.com/p/P248695/248702/redmi-mobile-15c-5g-8gb-ram-128gb-storage-blue,https://vsprod.vijaysales.com/media/catalog/product/2/4/248696_1__2.jpg,Electronics > Mobiles and Accessories > Mobiles > Smartphones,,
2026-02-07,2026-02-07 08:46:31,mobiles,248699,"Redmi Mobile 15C 5G (6GB RAM, 128GB Storage) | Dimensity 6300 | 6000mAh Battery | IP64 Rating | Blue",Redmi,13999,15999,13999,Available,https://www.vijaysales.com/p/P248695/248699/redmi-mobile-15c-5g-6gb-ram-128gb-storage-blue,https://vsprod.vijaysales.com/media/catalog/product/2/4/248696_1__1.jpg,Electronics > Mobiles and Accessories > Mobiles > Smartphones,,
2026-02-07,2026-02-07 08:46:31,mobiles,248698,"Redmi Mobile 15C 5G (6GB RAM, 128GB Storage) | Dimensity 6300 | 6000mAh Battery | IP64 Rating | Black",Redmi,13999,15999,13999,Available,https://www.vijaysales.com/p/P248695/248698/redmi-mobile-15c-5g-6gb-ram-128gb-storage-black,https://vsprod.vijaysales.com/media/catalog/product/2/4/248695_1__1.jpg,Electronics > Mobiles and Accessories > Mobiles > Smartphones,,
2026-02-07,2026-02-07 08:46:31,mobiles,248696,"Redmi Mobile 15C 5G (4GB RAM, 128GB Storage) | Dimensity 6300 | 6000mAh Battery | IP64 Rating | Blue",Redmi,12499,14999,12499,Available,https://www.vijaysales.com/p/P248695/248696/redmi-mobile-15c-5g-4gb-ram-128gb-storage-blue,https://vsprod.vijaysales.com/media/catalog/product/2/4/248696_1_.jpg,Electronics > Mobiles and Accessories > Mobiles > Smartphones,,
2026-02-07,2026-02-07 08:46:31,mobiles,248695,"Redmi Mobile 15C 5G (4GB RAM, 128GB Storage) | Dimensity 6300 | 6000mAh Battery | IP64 Rating | Black",Redmi,12499,14999,12499,Available,https://www.vijaysales.com/p/P248695/248695/redmi-mobile-15c-5g-4gb-ram-128gb-storage-black,https://vsprod.vijaysales.com/media/catalog/product/2/4/248695_1_.jpg,Electronics > Mobiles and Accessories > Mobiles > Smartphones,,
2026-02-07,2026-02-07 08:46:31,mobiles,248559,"Lava Yuva Smart 2 (3GB RAM, 64GB Storage) | Unisoc Mtk Processor | 5000mAh Battery | 6.75-inch HD+ Display, 13MP AI Dual Rear Camera (Crystal Gold)",Lava,6399,6399,6399,Available,https://www.vijaysales.com/p/P248558/248559/lava-yuva-smart-2-3gb-ram-64gb-storage-unisoc-mtk-processor-5000mah-battery-6-75-inch-hd-display-13mp-ai-dual-rear-camera-crystal-gold,https://vsprod.vijaysales.com/media/catalog/product/2/4/248559.jpg,Electronics > Mobiles and Accessories > Mobiles > Smartphones,,
2026-02-07,2026-02-07 08:46:31,mobiles,248558,"Lava Yuva Smart 2 (3GB RAM, 64GB Storage) | Unisoc Mtk Processor | 5000mAh Battery | 6.75-inch HD+ Display, 13MP AI Dual Rear Camera (Crystal Blue)",Lava,6399,6399,6399,Available,https://www.vijaysales.com/p/P248558/248558/lava-yuva-smart-2-3gb-ram-64gb-storage-unisoc-mtk-processor-5000mah-battery-6-75-inch-hd-display-13mp-ai-dual-rear-camera-crystal-blue,https://vsprod.vijaysales.com/media/catalog/product/2/4/248558_1_.jpg,Electronics > Mobiles and Accessories > Mobiles > Smartphones,,
2026-02-07,2026-02-07 08:46:31,mobiles,248557,"Lava Shark 5G (4GB RAM, 64GB Storage) | Unisoc Octa-core Processor | 5000mAh Battery | 6.75-inch HD+ Notch Display, 13MP AI Camera, IP54 Rated (Steller Gold)",Lava,8499,8499,8499,Available,https://www.vijaysales.com/p/P248556/248557/lava-shark-5g-4gb-ram-64gb-storage-unisoc-octa-core-processor-5000mah-battery-6-75-inch-hd-notch-display-13mp-ai-camera-ip54-rated-steller-gold,https://vsprod.vijaysales.com/media/catalog/product/2/4/248557.jpg,Electronics > Mobiles and Accessories > Mobiles > Smartphones,,
2026-02-07,2026-02-07 08:46:31,mobiles,248556,"Lava Shark 5G (4GB RAM, 64GB Storage) | Unisoc Octa-core Processor | 5000mAh Battery | 6.75-inch HD+ Notch Display, 13MP AI Camera, IP54 Rated (Steller Blue)",Lava,8499,8499,8499,Available,https://www.vijaysales.com/p/P248556/248556/lava-shark-5g-4gb-ram-64gb-storage-unisoc-octa-core-processor-5000mah-battery-6-75-inch-hd-notch-display-13mp-ai-camera-ip54-rated-steller-blue,https://vsprod.vijaysales.com/media/catalog/product/2/4/248556_1_.jpg,Electronics > Mobiles and Accessories > Mobiles > Smartphones,,
2026-02-07,2026-02-07 08:46:31,mobiles,248477,"realme P4x 5G (6GB RAM, 128GB Storage) | Dimensity 7400 Ultra | 7000mAh Titan Battery | 144Hz Display | Elegant Pink",realme,15999,17999,15999,Unavailable,https://www.vijaysales.com/p/P248475/248477/realme-p4x-5g-6-gb-ram-128-gb-storage-elegant-pink,https://vsprod.vijaysales.com/media/catalog/product/2/4/248477_13_.jpg,Electronics > Mobiles and Accessories > Mobiles > Smartphones,,
2026-02-07,2026-02-07 08:46:31,mobiles,248401,"vivo X300 5G (16GB RAM, 512GB Storage) | Dimensity 9500 | 6040 mAh Battery | IP68/IP69 Rating | Summit Red",Vivo,85999,93999,85999,Available,https://www.vijaysales.com/p/P248396/248401/vivo-x300-5g-16gb-ram-512gb-storage-summit-red,https://vsprod.vijaysales.com/media/catalog/product/s/u/summit_red_1_.jpg,Electronics > Mobiles and Accessories > Mobiles > Smartphones,,
2026-02-07,2026-02-07 08:46:31,mobiles,248400,"vivo X300 5G (16GB RAM, 512GB Storage) | Dimensity 9500 | 6040 mAh Battery | IP68/IP69 Rating | Elite Black",Vivo,85999,93999,85999,Available,https://www.vijaysales.com/p/P248396/248400/vivo-x300-5g-16gb-ram-512gb-storage-elite-black,https://vsprod.vijaysales.com/media/catalog/product/e/l/elite_black_1__1.jpg,Electronics > Mobiles and Accessories > Mobiles > Smartphones,,
2026-02-07,2026-02-07 08:46:31,mobiles,248399,"vivo X300 5G (16GB RAM, 512GB Storage) | Dimensity 9500 | 6040 mAh Battery | IP68/IP69 Rating | Mist Blue",Vivo,85999,93999,85999,Available,https://www.vijaysales.com/p/P248396/248399/vivo-x300-5g-16gb-ram-512gb-storage-mist-blue,https://vsprod.vijaysales.com/media/catalog/product/m/i/mist_blue_1__4.jpg,Electronics > Mobiles and Accessories > Mobiles > Smartphones,,
2026-02-07,2026-02-07 08:46:31,mobiles,248397,"vivo X300 5G (12GB RAM, 256GB Storage) | Dimensity 9500 | 6040 mAh Battery | IP68/IP69 Rating | Mist Blue",Vivo,75999,83999,75999,Available,https://www.vijaysales.com/p/P248396/248397/vivo-x300-5g-12gb-ram-256gb-storage-mist-blue,https://vsprod.vijaysales.com/media/catalog/product/m/i/mist_blue_1__3.jpg,Electronics > Mobiles and Accessories > Mobiles > Smartphones,,
2026-02-07,2026-02-07 08:46:31,mobiles,248361,"realme GT 8 Pro (12GB RAM, 256GB Storage) | Snapdragon 8 Elite Gen 5 | 7000mAh Battery | IP69 Protection | Urban Blue",realme,72999,79999,72999,Available,https://www.vijaysales.com/p/P248360/248361/realme-gt-8-pro-12gb-ram-256gb-storage-urban-blue,https://vsprod.vijaysales.com/media/catalog/product/u/r/urban_blue_3_.jpg,Electronics > Mobiles and Accessories > Mobiles > Smartphones,,
2026-02-07,2026-02-07 08:46:31,mobiles,248360,"realme GT 8 Pro (12GB RAM, 256GB Storage) | Snapdragon 8 Elite Gen 5 | 7000mAh Battery | IP69 Protection | Diary White",realme,72999,79999,72999,Available,https://www.vijaysales.com/p/P248360/248360/realme-gt-8-pro-12gb-ram-256gb-storage-diary-white,https://vsprod.vijaysales.com/media/catalog/product/d/i/diary_white_1.jpg,Electronics > Mobiles and Accessories > Mobiles > Smartphones,,
2026-02-07,2026-02-07 08:46:31,mobiles,248357,"realme C85 5G (6GB RAM, 128GB Storage) | Dimensity 6300 | 7000mAh Battery | Military-Grade Shock Resistance | Peacock Green",realme,17999,17999,17999,Available,https://www.vijaysales.com/p/P248354/248357/realme-c85-5g-6gb-ram-128gb-storage-peacock-green,https://vsprod.vijaysales.com/media/catalog/product/p/e/peacock_green_3__1.jpg,Electronics > Mobiles and Accessories > Mobiles > Smartphones,,
2026-02-07,2026-02-07 08:46:31,mobiles,248355,"realme C85 5G (4GB RAM, 128GB Storage) | Dimensity 6300 | 7000mAh Battery | Military-Grade Shock Resistance | Peacock Green",realme,16499,16499,16499,Available,https://www.vijaysales.com/p/P248354/248355/realme-c85-5g-4gb-ram-128gb-storage-peacock-green,https://vsprod.vijaysales.com/media/catalog/product/p/e/peacock_green_3_.jpg,Electronics > Mobiles and Accessories > Mobiles > Smartphones,,
2026-02-07,2026-02-07 08:46:31,mobiles,248354,"realme C85 5G (4GB RAM, 128GB Storage) | Dimensity 6300 | 7000mAh Battery | Military-Grade Shock Resistance | Parrot Purple",realme,16499,16499,16499,Available,https://www.vijaysales.com/p/P248354/248354/realme-c85-5g-4gb-ram-128gb-storage-parrot-purple,https://vsprod.vijaysales.com/media/catalog/product/p/a/parrot_purple_6_.jpg,Electronics > Mobiles and Accessories > Mobiles > Smartphones,,
2026-02-07,2026-02-07 08:46:31,mobiles,248240,"Samsung Galaxy A07 (Green, 4 GB RAM, 64GB Storage) MediaTek Helio G99 | 5000mAh Battery | IP54 Dust and Water Protection",Samsung,8999,10499,8999,Available,https://www.vijaysales.com/p/P248239/248240/samsung-galaxy-a07-green-4-gb-ram-64gb-storage-mediatek-helio-g99-5000mah-battery-ip54-dust-and-water-protection,https://vsprod.vijaysales.com/media/catalog/product/2/4/248240_2_.jpg,Electronics > Mobiles and Accessories > Mobiles > Smartphones,,
2026-02-07,2026-02-07 08:46:31,mobiles,248203,"vivo Y19s 5G (6GB RAM, 128GB Storage) | Dimensity 6300 | 6000mAh Battery | IP64 Rating | Majestic Green",Vivo,15499,17499,15499,Available,https://www.vijaysales.com/p/P248198/248203/vivo-y19s-5g-6gb-ram-128gb-storage-majestic-green,https://vsprod.vijaysales.com/media/catalog/product/m/a/majestic_green_6__2.jpg,Electronics > Mobiles and Accessories > Mobiles > Smartphones,,
2026-02-07,2026-02-07 08:46:31,mobiles,248201,"vivo Y19s 5G (4GB RAM, 128GB Storage) | Dimensity 6300 | 6000mAh Battery | IP64 Rating | Majestic Green",Vivo,13499,15999,13499,Available,https://www.vijaysales.com/p/P248198/248201/vivo-y19s-5g-4gb-ram-128gb-storage-majestic-green,https://vsprod.vijaysales.com/media/catalog/product/m/a/majestic_green_6__1.jpg,Electronics > Mobiles and Accessories > Mobiles > Smartphones,,
2026-02-07,2026-02-07 08:46:31,mobiles,248200,"vivo Y19s 5G (4GB RAM, 128GB Storage) | Dimensity 6300 | 6000mAh Battery | IP64 Rating | Titanium Silver",Vivo,13499,15999,13499,Available,https://www.vijaysales.com/p/P248198/248200/vivo-y19s-5g-4gb-ram-128gb-storage-titanium-silver,https://vsprod.vijaysales.com/media/catalog/product/t/i/titanium_silver_8__1.jpg,Electronics > Mobiles and Accessories > Mobiles > Smartphones,,
2026-02-07,2026-02-07 08:46:31,mobiles,248199,"vivo Y19s 5G (4GB RAM, 64GB Storage) | Dimensity 6300 | 6000mAh Battery | IP64 Rating | Majestic Green",Vivo,12499,14999,12499,Available,https://www.vijaysales.com/p/P248198/248199/vivo-y19s-5g-4gb-ram-64gb-storage-majestic-green,https://vsprod.vijaysales.com/media/catalog/product/m/a/majestic_green_6_.jpg,Electronics > Mobiles and Accessories > Mobiles > Smartphones,,
2026-02-07,2026-02-07 08:46:31,mobiles,248198,"vivo Y19s 5G (4GB RAM, 64GB Storage) | Dimensity 6300 | 6000mAh Battery | IP64 Rating | Titanium Silver",Vivo,12499,14999,12499,Available,https://www.vijaysales.com/p/P248198/248198/vivo-y19s-5g-4gb-ram-64gb-storage-titanium-silver,https://vsprod.vijaysales.com/media/catalog/product/t/i/titanium_silver_8_.jpg,Electronics > Mobiles and Accessories > Mobiles > Smartphones,,
2026-02-07,2026-02-07 08:46:31,mobiles,247922,Samsung Galaxy A17 5G (8+256GB) 6.7 inch Super AMOLED Display | 50MP Triple Camera | 5000mAh Battery | Exynos 1330 Processor | IP54 Water-Dust Resistance | Android 15 One UI 7.0 | Grey,Samsung,23499,23499,23499,Available,https://www.vijaysales.com/p/P247916/247922/samsung-galaxy-a17-5g-grey-8gb-ram-256gb-storage-6x-os-upgrades-triple-cameras-gemini-with-hw-key-without-travel-adapter,https://vsprod.vijaysales.com/media/catalog/product/g/r/gray_a17_2__2.jpg,Electronics > Mobiles and Accessories > Mobiles > Smartphones,,
2026-02-07,2026-02-07 08:46:31,mobiles,247921,Samsung Galaxy A17 5G (8+128GB) 6.7 inch Super AMOLED Display | 50MP Triple Camera | 5000mAh Battery | Exynos 1330 Processor | IP54 Water-Dust Resistance | Android 15 One UI 7.0 | Black,Samsung,20499,20499,20499,Available,https://www.vijaysales.com/p/P247916/247921/samsung-galaxy-a17-5g-black-8gb-ram-128gb-storage-6x-os-upgrades-triple-cameras-gemini-with-hw-key-without-travel-adapter,https://vsprod.vijaysales.com/media/catalog/product/a/1/a17_black_12_.jpg,Electronics > Mobiles and Accessories > Mobiles > Smartphones,,
2026-02-07,2026-02-07 08:46:31,mobiles,247918,Samsung Galaxy A17 5G (6+128GB) 6.7 inch Super AMOLED Display | 50MP Triple Camera | 5000mAh Battery | Exynos 1330 Processor | IP54 Water-Dust Resistance | Android 15 One UI 7.0 | Black,Samsung,18999,18999,18999,Available,https://www.vijaysales.com/p/P247916/247918/samsung-galaxy-a17-5g-black-6gb-ram-128gb-storage-6x-os-upgrades-triple-cameras-gemini-with-hw-key-without-travel-adapter,https://vsprod.vijaysales.com/media/catalog/product/b/l/black_1__4.jpg,Electronics > Mobiles and Accessories > Mobiles > Smartphones,,
2026-02-07,2026-02-07 08:46:31,mobiles,247917,Samsung Galaxy A17 5G (6+128GB) 6.7 inch Super AMOLED Display | 50MP Triple Camera | 5000mAh Battery | Exynos 1330 Processor | IP54 Water-Dust Resistance | Android 15 One UI 7.0 | Blue,Samsung,18999,18999,18999,Available,https://www.vijaysales.com/p/P247916/247917/samsung-galaxy-a17-5g-blue-6gb-ram-128gb-storage-6x-os-upgrades-triple-cameras-gemini-with-hw-key-without-travel-adapter,https://vsprod.vijaysales.com/media/catalog/product/a/1/a17_blue_1__3.jpg,Electronics > Mobiles and Accessories > Mobiles > Smartphones,,
2026-02-07,2026-02-07 08:46:31,mobiles,247916,Samsung Galaxy A17 5G (6+128GB) 6.7 inch Super AMOLED Display | 50MP Triple Camera | 5000mAh Battery | Exynos 1330 Processor | IP54 Water-Dust Resistance | Android 15 One UI 7.0 | Grey,Samsung,18999,18999,18999,Available,https://www.vijaysales.com/p/P247916/247916/samsung-galaxy-a17-5g-grey-6gb-ram-128gb-storage-6x-os-upgrades-triple-cameras-gemini-with-hw-key-without-travel-adapter,https://vsprod.vijaysales.com/media/catalog/product/g/r/gray_a17_2_.jpg,Electronics > Mobiles and Accessories > Mobiles > Smartphones,,
2026-02-07,2026-02-07 08:46:31,mobiles,247905,"Oppo Find X9 Pro 5G (16GB RAM, 512GB Storage) | MediaTek Dimensity 9500 | 7500mAh Battery | IP69 Water & Dust Resistance | Titanium Charcoal",Oppo,109999,109999,109999,Available,https://www.vijaysales.com/p/P247904/247905/oppo-find-x9-pro-5g-16gb-ram-512gb-storage-titanium-charcoal,https://vsprod.vijaysales.com/media/catalog/product/x/9/x9pro_charcoal_2_.jpg,Electronics > Mobiles and Accessories > Mobiles > Smartphones,,
2026-02-07,2026-02-07 08:46:31,mobiles,247904,"Oppo Find X9 Pro 5G (16GB RAM, 512GB Storage) | MediaTek Dimensity 9500 | 7500mAh Battery | IP69 Water & Dust Resistance | Silk White",Oppo,109999,109999,109999,Available,https://www.vijaysales.com/p/P247904/247904/oppo-find-x9-pro-5g-16gb-ram-512gb-storage-silk-white,https://vsprod.vijaysales.com/media/catalog/product/x/9/x9_pro_silk_white_2_.jpg,Electronics > Mobiles and Accessories > Mobiles > Smartphones,,
2026-02-07,2026-02-07 08:46:31,mobiles,247903,"Oppo Find X9 5G (16GB RAM, 512GB Storage) | MediaTek Dimensity 9500 | 7025mAh Battery | IP69 Water & Dust Resistance | Titanium Grey",Oppo,84999,89999,84999,Available,https://www.vijaysales.com/p/P247899/247903/oppo-find-x9-5g-16gb-ram-512gb-storage-titanium-grey,https://vsprod.vijaysales.com/media/catalog/product/x/9/x9_titanium_grey_2__1.jpg,Electronics > Mobiles and Accessories > Mobiles > Smartphones,,
2026-02-07,2026-02-07 08:46:31,mobiles,247902,"Oppo Find X9 5G (16GB RAM, 512GB Storage) | MediaTek Dimensity 9500 | 7025mAh Battery | IP69 Water & Dust Resistance | Space Black",Oppo,84999,89999,84999,Available,https://www.vijaysales.com/p/P247899/247902/oppo-find-x9-5g-16gb-ram-512gb-storage-space-black,https://vsprod.vijaysales.com/media/catalog/product/x/9/x9_black_2__1_1.jpg,Electronics > Mobiles and Accessories > Mobiles > Smartphones,,
2026-02-07,2026-02-07 08:46:31,mobiles,246368,"Google Pixel 10 Pro Fold 5G (16GB RAM, 256GB Storage) | Google Tensor G5 | 5015mAh Battery | Smarter with Google Gemini AI | Moonstone",Google,172999,172999,172999,Available,https://www.vijaysales.com/p/246368/google-pixel-10-pro-fold-16gb-ram-256gb-storage-moonstone,https://vsprod.vijaysales.com/media/catalog/product/c/a/carousel_enin_p10pf_2025q2_2500x2500_07_witb1.jpg,Electronics > Mobiles and Accessories > Mobiles > Smartphones,,
2026-02-07,2026-02-07 08:46:31,mobiles,246190,Samsung Galaxy F17 5G (8GB RAM / 128GB Storage) 6x OS Upgrades | AMOLED Display | Corning Gorilla Glass Victus & IP54 (Neo Black),Samsung,18499,18499,18499,Unavailable,https://www.vijaysales.com/p/P245041/246190/samsung-galaxy-f17-5g-8gb-ram-128gb-storage-6x-os-upgrades-samoled-display-corning-gorilla-glass-victus-ip54-neo-black,https://vsprod.vijaysales.com/media/catalog/product/f/1/f17_5g_black_1__1_1.jpg,Electronics > Mobiles and Accessories > Mobiles > Smartphones,,
2026-02-07,2026-02-07 08:46:31,mobiles,245984,"vivo V60e 5G (12GB RAM, 256GB Storage) | MediaTek Dimensity | 6500mAh Battery | IP68/IP69 Rating | Noble Gold",Vivo,33499,38999,35999,Available,https://www.vijaysales.com/p/P245977/245984/vivo-v60e-5g-12gb-ram-256gb-storage-noble-gold,https://vsprod.vijaysales.com/media/catalog/product/v/i/vivo-v60e-noble-gold_1__2.jpg,Electronics > Mobiles and Accessories > Mobiles > Smartphones,,
2026-02-07,2026-02-07 08:46:31,mobiles,245978,"vivo V60e 5G (8GB RAM, 128GB Storage) | MediaTek Dimensity | 6500mAh Battery | IP68/IP69 Rating | Noble Gold",Vivo,29499,34999,31999,Available,https://www.vijaysales.com/p/P245977/245978/vivo-v60e-5g-8gb-ram-128gb-storage-noble-gold,https://vsprod.vijaysales.com/media/catalog/product/v/i/vivo-v60e-noble-gold_1_.jpg,Electronics > Mobiles and Accessories > Mobiles > Smartphones,,
2026-02-07,2026-02-07 08:46:31,mobiles,245970,"vivo T4X 5G (8GB RAM, 256GB Storage) | Dimensity 7300 | 6500mAh Battery | 120Hz FHD+ Display | Glacial Teal",Vivo,20999,20999,20999,Available,https://www.vijaysales.com/p/P238638/245970/vivo-t4x-5g-8gb-ram-256gb-storage-dimensity-7300-6500mah-battery-120hz-fhd-display-glacial-teal,https://vsprod.vijaysales.com/media/catalog/product/t/4/t4x_5g_1__2.jpg,Electronics > Mobiles and Accessories > Mobiles > Smartphones,,
2026-02-07,2026-02-07 08:46:31,mobiles,245969,"vivo T4X 5G (8GB RAM, 128GB Storage) | Dimensity 7300 | 6500mAh Battery | 120Hz FHD+ Display | Glacial Teal",Vivo,19499,19499,19499,Available,https://www.vijaysales.com/p/P238638/245969/vivo-t4x-5g-8gb-ram-128gb-storage-dimensity-7300-6500mah-battery-120hz-fhd-display-glacial-teal,https://vsprod.vijaysales.com/media/catalog/product/t/4/t4x_5g_1__1.jpg,Electronics > Mobiles and Accessories > Mobiles > Smartphones,,
2026-02-07,2026-02-07 08:46:31,mobiles,245968,"vivo T4X 5G (6GB RAM, 128GB Storage) | Dimensity 7300 | 6500mAh Battery | 120Hz FHD+ Display | Glacial Teal",Vivo,17999,17999,17999,Available,https://www.vijaysales.com/p/P238638/245968/vivo-t4x-5g-6gb-ram-128gb-storage-dimensity-7300-6500mah-battery-120hz-fhd-display-glacial-teal,https://vsprod.vijaysales.com/media/catalog/product/t/4/t4x_5g_1_.jpg,Electronics > Mobiles and Accessories > Mobiles > Smartphones,,
2026-02-07,2026-02-07 08:46:31,mobiles,245597,Samsung Galaxy S25 FE 5G (8GB RAM/ 512GB Storage) Galaxy AI | 7x OS Upgrades | AMOLED 120Hz FHD+ Display (White),Samsung,77999,77999,77999,Available,https://www.vijaysales.com/p/P245588/245597/samsung-galaxy-s25-fe-5g-8gb-ram-512gb-storage-galaxy-ai-7x-os-upgrades-amoled-120hz-fhd-display-white,https://vsprod.vijaysales.com/media/catalog/product/s/2/s25_fe_white_1_.jpg,Electronics > Mobiles and Accessories > Mobiles > Smartphones,,
2026-02-07,2026-02-07 08:46:31,mobiles,245596,Samsung Galaxy S25 FE 5G (8GB RAM/ 512GB Storage) Galaxy AI | 7x OS Upgrades | AMOLED 120Hz FHD+ Display (Jet Black),Samsung,77999,77999,77999,Available,https://www.vijaysales.com/p/P245588/245596/samsung-galaxy-s25-fe-5g-8gb-ram-512gb-storage-galaxy-ai-7x-os-upgrades-amoled-120hz-fhd-display-jet-black,https://vsprod.vijaysales.com/media/catalog/product/s/2/s25_fe_jet_black_1_.jpg,Electronics > Mobiles and Accessories > Mobiles > Smartphones,,
2026-02-07,2026-02-07 08:46:31,mobiles,245594,Samsung Galaxy S25 FE 5G (8GB RAM/ 512GB Storage) Galaxy AI | 7x OS Upgrades | AMOLED 120Hz FHD+ Display (Navy),Samsung,77999,77999,77999,Available,https://www.vijaysales.com/p/P245588/245594/samsung-galaxy-s25-fe-5g-8gb-ram-512gb-storage-galaxy-ai-7x-os-upgrades-amoled-120hz-fhd-display-navy,https://vsprod.vijaysales.com/media/catalog/product/s/2/s25_fe_navy_1_.jpg,Electronics > Mobiles and Accessories > Mobiles > Smartphones,,
2026-02-07,2026-02-07 08:46:31,mobiles,245554,"Tecno POVA Curve 5G (8GB RAM, 256GB Storage) | Dimensity 7300 | 5500mAh Battery | Smarter with Tecno AI | Cyber Orange",Tecno,19999,23999,19999,Unavailable,https://www.vijaysales.com/p/245554/tecno-pova-curve-5g-8gb-ram-256gb-storage-cyber-orange,https://vsprod.vijaysales.com/media/catalog/product/2/4/245554_13_.jpg,Electronics > Mobiles and Accessories > Mobiles > Smartphones,,
2026-02-07,2026-02-07 08:46:31,mobiles,245553,"Tecno POVA Curve 5G (8GB RAM, 256GB Storage) | Dimensity 7300 | 5500mAh Battery | Smarter with Tecno AI | Geek Black",Tecno,19999,23999,19999,Unavailable,https://www.vijaysales.com/p/P240171/245553/tecno-pova-curve-5g-8gb-ram-256gb-storage-geek-black,https://vsprod.vijaysales.com/media/catalog/product/-/o/-original-imahctmxtjhzqzyg.jpg,Electronics > Mobiles and Accessories > Mobiles > Smartphones,,
2026-02-07,2026-02-07 08:46:31,mobiles,245552,"Tecno POVA Curve 5G (8GB RAM, 256GB Storage) | Dimensity 7300 | 5500mAh Battery | Smarter with Tecno AI | Neon Cyan",Tecno,19999,23999,19999,Unavailable,https://www.vijaysales.com/p/P240171/245552/tecno-pova-curve-5g-8gb-ram-256gb-storage-neon-cyan,https://vsprod.vijaysales.com/media/catalog/product/-/o/-original-imahctmx6yhzhghw.jpg,Electronics > Mobiles and Accessories > Mobiles > Smartphones,,
2026-02-07,2026-02-07 08:46:31,mobiles,245551,"Tecno POVA Curve 5G (8GB RAM, 256GB Storage) | Dimensity 7300 | 5500mAh Battery | Smarter with Tecno AI | Magic Silver",Tecno,19999,23999,19999,Unavailable,https://www.vijaysales.com/p/P240171/245551/tecno-pova-curve-5g-8gb-ram-256gb-storage-magic-silver,https://vsprod.vijaysales.com/media/catalog/product/i/m/image1_1.jpg,Electronics > Mobiles and Accessories > Mobiles > Smartphones,,
2026-02-07,2026-02-07 08:46:31,mobiles,245514,"realme 15x 5G (8GB RAM, 128GB Storage) | Dimensity 6300 | 7000mAh Battery | IP69 Pro Top-Tier Waterproof | Marine Blue",realme,19999,19999,19999,Available,https://www.vijaysales.com/p/P245508/245514/realme-15x-5g-8gb-ram-128gb-storage-marine-blue,https://vsprod.vijaysales.com/media/catalog/product/r/e/realme-15x-5g-marine-blue_1__1.jpg,Electronics > Mobiles and Accessories > Mobiles > Smartphones,,
2026-02-07,2026-02-07 08:46:31,mobiles,245513,"realme 15x 5G (8GB RAM, 128GB Storage) | Dimensity 6300 | 7000mAh Battery | IP69 Pro Top-Tier Waterproof | Maroon Red",realme,19999,19999,19999,Available,https://www.vijaysales.com/p/P245508/245513/realme-15x-5g-8gb-ram-128gb-storage-maroon-red,https://vsprod.vijaysales.com/media/catalog/product/r/e/realme-15x-maroon-red_1__1.jpg,Electronics > Mobiles and Accessories > Mobiles > Smartphones,,
2026-02-07,2026-02-07 08:46:31,mobiles,245512,"realme 15x 5G (8GB RAM, 128GB Storage) | Dimensity 6300 | 7000mAh Battery | IP69 Pro Top-Tier Waterproof | Aqua Blue",realme,19999,19999,19999,Available,https://www.vijaysales.com/p/P245508/245512/realme-15x-5g-8gb-ram-128gb-storage-aqua-blue,https://vsprod.vijaysales.com/media/catalog/product/r/e/realme-15x-aqua-blue_1__1.jpg,Electronics > Mobiles and Accessories > Mobiles > Smartphones,,
2026-02-07,2026-02-07 08:46:31,mobiles,245510,"realme 15x 5G (6GB RAM, 128GB Storage) | Dimensity 6300 | 7000mAh Battery | IP69 Pro Top-Tier Waterproof | Marine Blue",realme,18999,18999,18999,Available,https://www.vijaysales.com/p/P245508/245510/realme-15x-5g-6gb-ram-128gb-storage-marine-blue,https://vsprod.vijaysales.com/media/catalog/product/r/e/realme-15x-5g-marine-blue_1_.jpg,Electronics > Mobiles and Accessories > Mobiles > Smartphones,,
2026-02-07,2026-02-07 08:46:31,mobiles,245509,"realme 15x 5G (6GB RAM, 128GB Storage) | Dimensity 6300 | 7000mAh Battery | IP69 Pro Top-Tier Waterproof | Maroon Red",realme,18999,18999,18999,Available,https://www.vijaysales.com/p/P245508/245509/realme-15x-5g-6gb-ram-128gb-storage-maroon-red,https://vsprod.vijaysales.com/media/catalog/product/r/e/realme-15x-maroon-red_1_.jpg,Electronics > Mobiles and Accessories > Mobiles > Smartphones,,
2026-02-07,2026-02-07 08:46:31,mobiles,245508,"realme 15x 5G (6GB RAM, 128GB Storage) | Dimensity 6300 | 7000mAh Battery | IP69 Pro Top-Tier Waterproof | Aqua Blue",realme,18999,18999,18999,Available,https://www.vijaysales.com/p/P245508/245508/realme-15x-5g-6gb-ram-128gb-storage-aqua-blue,https://vsprod.vijaysales.com/media/catalog/product/r/e/realme-15x-aqua-blue_1_.jpg,Electronics > Mobiles and Accessories > Mobiles > Smartphones,,
2026-02-07,2026-02-07 08:46:31,mobiles,245422,"OPPO A5x (4GB RAM, 128GB Storage) | Snapdragon 6s 4G Gen 1 | 6000mAh Battery | 32MP Rear Camera, 5MP Front Camera (Midnight Blue)",Oppo,9999,13999,9999,Available,https://www.vijaysales.com/p/P245422/245422/oppo-a5x-4gb-ram-128gb-storage-snapdragon-6s-4g-gen-1-6000mah-battery-32mp-rear-camera-5mp-front-camera-midnight-blue,https://vsprod.vijaysales.com/media/catalog/product/2/4/245422_1_.jpg,Electronics > Mobiles and Accessories > Mobiles > Smartphones,,
2026-02-07,2026-02-07 08:46:31,mobiles,245421,"OPPO A5x (4GB RAM, 128GB Storage) | Snapdragon 6s 4G Gen 1 | 6000mAh Battery | 32MP Rear Camera, 5MP Front Camera (Laser White)",Oppo,9999,13999,9999,Available,https://www.vijaysales.com/p/P245422/245421/oppo-a5x-4gb-ram-128gb-storage-snapdragon-6s-4g-gen-1-6000mah-battery-32mp-rear-camera-5mp-front-camera-laser-white,https://vsprod.vijaysales.com/media/catalog/product/2/4/245421_1_.jpg,Electronics > Mobiles and Accessories > Mobiles > Smartphones,,
2026-02-07,2026-02-07 08:46:31,mobiles,245148,"vivo Y31 5G (6GB RAM, 128GB Storage) | Snapdragon 4 Gen 2 | 6500mAh Battery | Dual Stereo Speakers | Diamond Green",Vivo,18499,21499,18499,Available,https://www.vijaysales.com/p/P245144/245148/vivo-y31-5g-6gb-ram-128gb-storage-diamond-green,https://vsprod.vijaysales.com/media/catalog/product/v/i/vivo-y31-5g-diamond-green_1__1.jpg,Electronics > Mobiles and Accessories > Mobiles > Smartphones,,
2026-02-07,2026-02-07 08:46:31,mobiles,245144,"vivo Y31 5G (4GB RAM, 128GB Storage) | Snapdragon 4 Gen 2 | 6500mAh Battery | Dual Stereo Speakers | Diamond Green",Vivo,16999,19999,16999,Available,https://www.vijaysales.com/p/P245144/245144/vivo-y31-5g-4gb-ram-128gb-storage-diamond-green,https://vsprod.vijaysales.com/media/catalog/product/v/i/vivo-y31-5g-diamond-green_1_.jpg,Electronics > Mobiles and Accessories > Mobiles > Smartphones,,
2026-02-07,2026-02-07 08:46:31,mobiles,245142,"vivo Y31 Pro 5G (8GB RAM, 256GB Storage) | Dimensity 7300 | 6500mAh Battery | Dual Stereo Speakers | Mocha Brown",Vivo,21999,25999,21999,Available,https://www.vijaysales.com/p/P245139/245142/vivo-y31-pro-5g-8gb-ram-256gb-storage-mocha-brown,https://vsprod.vijaysales.com/media/catalog/product/v/i/vivo_y31_pro_5g_mocha_brown_1__1.jpg,Electronics > Mobiles and Accessories > Mobiles > Smartphones,,
2026-02-07,2026-02-07 08:46:31,mobiles,245135,"realme 15 Lite 5G (8GB RAM, 256GB Storage) | MediaTek Dimensity 7300 | 5000mAh Battery | IP65 Water Resistance | Satin Green",realme,19999,22999,19999,Available,https://www.vijaysales.com/p/P245130/245135/realme-15-lite-5g-8gb-ram-256gb-storage-120hz-oled-display-5000mah-battery-ip65-water-resistance-satin-green,https://vsprod.vijaysales.com/media/catalog/product/r/e/realme-15-lite-5g-satin-green-8gb-128gb-front-back-view_1.jpg,Electronics > Mobiles and Accessories > Mobiles > Smartphones,,
2026-02-07,2026-02-07 08:46:31,mobiles,245134,"realme 15 Lite 5G (8GB RAM, 256GB Storage) | MediaTek Dimensity 7300 | 5000mAh Battery | IP65 Water Resistance | Glitz Gold",realme,19999,22999,19999,Unavailable,https://www.vijaysales.com/p/P245130/245134/realme-15-lite-5g-8gb-ram-256gb-storage-120hz-oled-display-5000mah-battery-ip65-water-resistance-glitz-gold,https://vsprod.vijaysales.com/media/catalog/product/r/e/realme-15-lite-5g-glitz-gold-8gb-128gb-front-back-view_1.jpg,Electronics > Mobiles and Accessories > Mobiles > Smartphones,,
2026-02-07,2026-02-07 08:46:31,mobiles,245132,"realme 15 Lite 5G (8GB RAM, 128GB Storage) | MediaTek Dimensity 7300 | 5000mAh Battery | IP65 Water Resistance | Electric Purple",realme,17999,20999,17999,Unavailable,https://www.vijaysales.com/p/P245130/245132/realme-15-lite-5g-8gb-ram-128gb-storage-120hz-oled-display-5000mah-battery-ip65-water-resistance-electric-purple,https://vsprod.vijaysales.com/media/catalog/product/r/e/realme-15-lite-5g-electric-purple-8gb-128gb-front-back-view.jpg,Electronics > Mobiles and Accessories > Mobiles > Smartphones,,
2026-02-07,2026-02-07 08:46:31,mobiles,245131,"realme 15 Lite 5G (8GB RAM, 128GB Storage) | MediaTek Dimensity 7300 | 5000mAh Battery | IP65 Water Resistance | Satin Green",realme,17999,20999,17999,Available,https://www.vijaysales.com/p/P245130/245131/realme-15-lite-5g-8gb-ram-128gb-storage-120hz-oled-display-5000mah-battery-ip65-water-resistance-satin-green,https://vsprod.vijaysales.com/media/catalog/product/r/e/realme-15-lite-5g-satin-green-8gb-128gb-front-back-view.jpg,Electronics > Mobiles and Accessories > Mobiles > Smartphones,,
2026-02-07,2026-02-07 08:46:31,mobiles,245130,"realme 15 Lite 5G (8GB RAM, 128GB Storage) | MediaTek Dimensity 7300 | 5000mAh Battery | IP65 Water Resistance | Glitz Gold",realme,17999,20999,17999,Available,https://www.vijaysales.com/p/P245130/245130/realme-15-lite-5g-8gb-ram-128gb-storage-120hz-oled-display-5000mah-battery-ip65-water-resistance-glitz-gold,https://vsprod.vijaysales.com/media/catalog/product/r/e/realme-15-lite-5g-glitz-gold-8gb-128gb-front-back-view.jpg,Electronics > Mobiles and Accessories > Mobiles > Smartphones,,
2026-02-07,2026-02-07 08:46:31,mobiles,245069,"Oppo F31 Pro+ 5G (12GB RAM, 256GB Storage) | Snapdragon 7 Gen 3 | 7000mAh Battery | Waterproof Rated IP69, IP68, IP66 | Festival Pink",Oppo,34999,39999,34999,Available,https://www.vijaysales.com/p/P245065/245069/oppo-f31-pro-plus-5g-12gb-256gb-festival-pink,https://vsprod.vijaysales.com/media/catalog/product/f/3/f31-pro_-5g_festival-pink_1_1.jpg,Electronics > Mobiles and Accessories > Mobiles > Smartphones,,
2026-02-07,2026-02-07 08:46:31,mobiles,245067,"Oppo F31 Pro+ 5G (12GB RAM, 256GB Storage) | Snapdragon 7 Gen 3 | 7000mAh Battery | Waterproof Rated IP69, IP68, IP66 | Gemstone Blue",Oppo,34999,39999,34999,Available,https://www.vijaysales.com/p/P245065/245067/oppo-f31-pro-plus-5g-12gb-256gb-gemstone-blue,https://vsprod.vijaysales.com/media/catalog/product/f/3/f31-pro_-5g_gemstone-blue_1_1.jpg,Electronics > Mobiles and Accessories > Mobiles > Smartphones,,
2026-02-07,2026-02-07 08:46:31,mobiles,245066,"Oppo F31 Pro+ 5G (8GB RAM, 256GB Storage) | Snapdragon 7 Gen 3 | 7000mAh Battery | Waterproof Rated IP69, IP68, IP66 | Himalayan White",Oppo,32999,37999,32999,Available,https://www.vijaysales.com/p/P245065/245066/oppo-f31-pro-plus-5g-8gb-256gb-himalayan-white,https://vsprod.vijaysales.com/media/catalog/product/f/3/f31-pro_-5g_himalayan-white_1.jpg,Electronics > Mobiles and Accessories > Mobiles > Smartphones,,
2026-02-07,2026-02-07 08:46:31,mobiles,245065,"Oppo F31 Pro+ 5G (8GB RAM, 256GB Storage) | Snapdragon 7 Gen 3 | 7000mAh Battery | Waterproof Rated IP69, IP68, IP66 | Gemstone Blue",Oppo,32999,37999,32999,Available,https://www.vijaysales.com/p/P245065/245065/oppo-f31-pro-plus-5g-8gb-256gb-gemstone-blue,https://vsprod.vijaysales.com/media/catalog/product/f/3/f31-pro_-5g_gemstone-blue_1.jpg,Electronics > Mobiles and Accessories > Mobiles > Smartphones,,
2026-02-07,2026-02-07 08:46:31,mobiles,245064,"Oppo F31 Pro+ 5G (8GB RAM, 256GB Storage) | Snapdragon 7 Gen 3 | 7000mAh Battery | Waterproof Rated IP69, IP68, IP66 | Festival Pink",Oppo,32999,37999,32999,Available,https://www.vijaysales.com/p/P245065/245064/oppo-f31-pro-plus-5g-8gb-256gb-festival-pink,https://vsprod.vijaysales.com/media/catalog/product/f/3/f31-pro_-5g_festival-pink_1.jpg,Electronics > Mobiles and Accessories > Mobiles > Smartphones,,
2026-02-07,2026-02-07 08:46:31,mobiles,245062,"Oppo F31 Pro 5G (12GB RAM, 256GB Storage) | MediaTek Dimensity 7300-Energy | 7000mAh Battery | Rated IP69, IP68, IP66 | Space Grey",Oppo,31999,35999,31999,Available,https://www.vijaysales.com/p/P245058/245062/oppo-f31-pro-5g-12gb-256gb-space-grey,https://vsprod.vijaysales.com/media/catalog/product/f/3/f31-pro-5g_space-grey_1_2.jpg,Electronics > Mobiles and Accessories > Mobiles > Smartphones,,
2026-02-07,2026-02-07 08:46:31,mobiles,245060,"Oppo F31 Pro 5G (8GB RAM, 256GB Storage) | MediaTek Dimensity 7300-Energy | 7000mAh Battery | Rated IP69, IP68, IP66 | Space Grey",Oppo,29999,33999,29999,Available,https://www.vijaysales.com/p/P245058/245060/oppo-f31-pro-5g-8gb-256gb-space-grey,https://vsprod.vijaysales.com/media/catalog/product/f/3/f31-pro-5g_space-grey_1.jpg,Electronics > Mobiles and Accessories > Mobiles > Smartphones,,
2026-02-07,2026-02-07 08:46:31,mobiles,245058,"Oppo F31 Pro 5G (8GB RAM, 128GB Storage) | MediaTek Dimensity 7300-Energy | 7000mAh Battery | Rated IP69, IP68, IP66 | Space Grey",Oppo,27999,31999,27999,Available,https://www.vijaysales.com/p/P245058/245058/oppo-f31-pro-5g-8gb-128gb-space-grey,https://vsprod.vijaysales.com/media/catalog/product/f/3/f31-pro-5g_space-grey_1_1.jpg,Electronics > Mobiles and Accessories > Mobiles > Smartphones,,
2026-02-07,2026-02-07 08:46:31,mobiles,245057,"Oppo F31 Pro 5G (8GB RAM, 128GB Storage) | MediaTek Dimensity 7300-Energy | 7000mAh Battery | Rated IP69, IP68, IP66 | Desert Gold",Oppo,27999,31999,27999,Available,https://www.vijaysales.com/p/P245058/245057/oppo-f31-pro-5g-8gb-128gb-desert-gold,https://vsprod.vijaysales.com/media/catalog/product/f/3/f31-pro-5g_desert-gold_1_1.jpg,Electronics > Mobiles and Accessories > Mobiles > Smartphones,,
2026-02-07,2026-02-07 08:46:31,mobiles,245055,"Oppo F31 5G (8GB RAM, 256GB Storage) | MediaTek Dimensity 6300 | 7000mAh Battery | Rated IP69, IP68, IP66 | Bloom Red",Oppo,28999,29999,28999,Available,https://www.vijaysales.com/p/P245050/245055/oppo-f31-5g-8gb-256gb-bloom-red,https://vsprod.vijaysales.com/media/catalog/product/b/l/bloom_red_1__1.jpg,Electronics > Mobiles and Accessories > Mobiles > Smartphones,,
2026-02-07,2026-02-07 08:46:31,mobiles,245052,"Oppo F31 5G (8GB RAM, 128GB Storage) | MediaTek Dimensity 6300 | 7000mAh Battery | Rated IP69, IP68, IP66 | Bloom Red",Oppo,26999,27999,26999,Available,https://www.vijaysales.com/p/P245050/245052/oppo-f31-5g-8gb-128gb-bloom-red,https://vsprod.vijaysales.com/media/catalog/product/b/l/bloom_red_1_.jpg,Electronics > Mobiles and Accessories > Mobiles > Smartphones,,
2026-02-07,2026-02-07 08:46:31,mobiles,245050,"Oppo F31 5G (8GB RAM, 128GB Storage) | MediaTek Dimensity 6300 | 7000mAh Battery | Rated IP69, IP68, IP66 | Midnight Blue",Oppo,26999,27999,26999,Available,https://www.vijaysales.com/p/P245050/245050/oppo-f31-5g-8gb-128gb-midnight-blue,https://vsprod.vijaysales.com/media/catalog/product/m/i/midnight_blue_1_.jpg,Electronics > Mobiles and Accessories > Mobiles > Smartphones,,
2026-02-07,2026-02-07 08:46:31,mobiles,245043,Samsung Galaxy F17 5G (6GB RAM / 128GB Storage) 6x OS Upgrades | AMOLED Display | Corning Gorilla Glass Victus & IP54 (Neo Black),Samsung,16999,17999,16999,Available,https://www.vijaysales.com/p/P245041/245043/samsung-galaxy-f17-5g-6gb-ram-128gb-storage-6x-os-upgrades-samoled-display-corning-gorilla-glass-victus-ip54-neo-black,https://vsprod.vijaysales.com/media/catalog/product/f/1/f17_5g_black_1__1.jpg,Electronics > Mobiles and Accessories > Mobiles > Smartphones,,
2026-02-07,2026-02-07 08:46:31,mobiles,245041,Samsung Galaxy F17 5G (4GB RAM / 128GB Storage) 6x OS Upgrades | AMOLED Display | Corning Gorilla Glass Victus & IP54 (Neo Black),Samsung,15499,16499,15499,Available,https://www.vijaysales.com/p/P245041/245041/samsung-galaxy-f17-5g-4gb-ram-128gb-storage-6x-os-upgrades-samoled-display-corning-gorilla-glass-victus-ip54-neo-black,https://vsprod.vijaysales.com/media/catalog/product/f/1/f17_5g_black_1_.jpg,Electronics > Mobiles and Accessories > Mobiles > Smartphones,,
2026-02-07,2026-02-07 08:46:31,mobiles,245009,"Tecno Pova Slim 5G (8GB RAM, 128GB Storage) | Dimensity 6400 | 5160mAh Battery | Smarter with Ella AI | Cool Black",Tecno,20999,24999,20999,Available,https://www.vijaysales.com/p/P245007/245009/tecno-pova-slim-5g-8gb-ram-128gb-storage-cool-black,https://vsprod.vijaysales.com/media/catalog/product/t/e/tecno_pova_slim_5g_black_1_.jpg,Electronics > Mobiles and Accessories > Mobiles > Smartphones,,
2026-02-07,2026-02-07 08:46:31,mobiles,245008,"Tecno Pova Slim 5G (8GB RAM, 128GB Storage) | Dimensity 6400 | 5160mAh Battery | Smarter with Ella AI | Sky Blue",Tecno,20999,24999,20999,Available,https://www.vijaysales.com/p/P245007/245008/tecno-pova-slim-5g-8gb-ram-128gb-storage-sky-blue,https://vsprod.vijaysales.com/media/catalog/product/t/e/tecno_pova_slim_5g_1_.jpg,Electronics > Mobiles and Accessories > Mobiles > Smartphones,,
2026-02-07,2026-02-07 08:46:31,mobiles,244975,"vivo T4R 5G (12GB RAM, 256GB Storage) | Dimensity 7400 | 5700mAh Battery | Studio Aura Light | Twilight Blue",Vivo,24999,26999,24999,Unavailable,https://www.vijaysales.com/p/P244970/244975/vivo-t4r-5g-12gb-ram-256gb-storage-twilight-blue,https://vsprod.vijaysales.com/media/catalog/product/v/i/vivo_t4r_purple_1__2.jpg,Electronics > Mobiles and Accessories > Mobiles > Smartphones,,
2026-02-07,2026-02-07 08:46:31,mobiles,244971,"vivo T4R 5G (8GB RAM, 128GB Storage) | Dimensity 7400 | 5700mAh Battery | Studio Aura Light | Twilight Blue",Vivo,20999,23499,20999,Unavailable,https://www.vijaysales.com/p/P244970/244971/vivo-t4r-5g-8gb-ram-128gb-storage-twilight-blue,https://vsprod.vijaysales.com/media/catalog/product/v/i/vivo_t4r_purple_1_.jpg,Electronics > Mobiles and Accessories > Mobiles > Smartphones,,
2026-02-07,2026-02-07 08:46:31,mobiles,244970,"vivo T4R 5G (8GB RAM, 128GB Storage) | Dimensity 7400 | 5700mAh Battery | Studio Aura Light | Arctic White",Vivo,20999,23499,20999,Unavailable,https://www.vijaysales.com/p/P244970/244970/vivo-t4r-5g-8gb-ram-128gb-storage-arctic-white,https://vsprod.vijaysales.com/media/catalog/product/v/i/vivo_t4r_white_1_.jpg,Electronics > Mobiles and Accessories > Mobiles > Smartphones,,
2026-02-07,2026-02-07 08:46:31,mobiles,244812,"realme P4 5G (8GB RAM, 128GB Storage) | Dimensity 7400 Ultra | 7000mAh Battery | IP65 & IP66 Water and Dust Protection | Engine Blue",realme,19499,19499,19499,Unavailable,https://www.vijaysales.com/p/P244807/244812/realme-p4-5g-8gb-ram-128gb-storage-engine-blue,https://vsprod.vijaysales.com/media/catalog/product/e/n/engine_blue_3__5_1.jpg,Electronics > Mobiles and Accessories > Mobiles > Smartphones,,
2026-02-07,2026-02-07 08:46:31,mobiles,244798,"realme P4 PRO 5G (8GB RAM, 128GB Storage) | Snapdragon 7 Gen 4 | 7000mAh Battery | IP65 & IP66 Water and Dust Protection | Birch Wood",realme,24999,28999,24999,Unavailable,https://www.vijaysales.com/p/P244798/244798/realme-p4-pro-5g-8gb-ram-128gb-storage-birch-wood,https://vsprod.vijaysales.com/media/catalog/product/b/i/birch_wood_24_.jpg,Electronics > Mobiles and Accessories > Mobiles > Smartphones,,
2026-02-07,2026-02-07 08:46:31,mobiles,244722,"Tecno Spark GO 5G (4GB RAM, 128GB Storage) | Dimensity 6400 | 6000mAh Battery | Smarter with Ella AI | Turquoise Green",Tecno,10999,11999,10999,Unavailable,https://www.vijaysales.com/p/P244720/244722/tecno-spark-go-5g-4gb-ram-128gb-storage-turquoise-green,https://vsprod.vijaysales.com/media/catalog/product/2/4/244722_1_.jpg,Electronics > Mobiles and Accessories > Mobiles > Smartphones,,
2026-02-07,2026-02-07 08:46:31,mobiles,244721,"Tecno Spark GO 5G (4GB RAM, 128GB Storage) | Dimensity 6400 | 6000mAh Battery | Smarter with Ella AI | Ink Black",Tecno,10999,11999,10999,Unavailable,https://www.vijaysales.com/p/P244720/244721/tecno-spark-go-5g-4gb-ram-128gb-storage-ink-black,https://vsprod.vijaysales.com/media/catalog/product/2/4/244721_1_.jpg,Electronics > Mobiles and Accessories > Mobiles > Smartphones,,
2026-02-07,2026-02-07 08:46:31,mobiles,244720,"Tecno Spark GO 5G (4GB RAM, 128GB Storage) | Dimensity 6400 | 6000mAh Battery | Smarter with Ella AI | Sky Blue",Tecno,10999,11999,10999,Unavailable,https://www.vijaysales.com/p/P244720/244720/tecno-spark-go-5g-4gb-ram-128gb-storage-sky-blue,https://vsprod.vijaysales.com/media/catalog/product/2/4/244720_1_.jpg,Electronics > Mobiles and Accessories > Mobiles > Smartphones,,
2026-02-07,2026-02-07 08:46:31,mobiles,244713,"Redmi 15 5G (8GB RAM, 256GB Storage) | Snapdragon 6s Gen 3 | 7000mAh Battery | IP64 Rating | Frosted White",Redmi,18499,19999,18499,Available,https://www.vijaysales.com/p/P244702/244713/redmi-15-5g-8gb-ram-256gb-storage-frosted-white,https://vsprod.vijaysales.com/media/catalog/product/r/e/redmi-15-5g-white_1_.jpg,Electronics > Mobiles and Accessories > Mobiles > Smartphones,,
2026-02-07,2026-02-07 08:46:31,mobiles,244712,"Redmi 15 5G (8GB RAM, 256GB Storage) | Snapdragon 6s Gen 3 | 7000mAh Battery | IP64 Rating | Sandy Purple",Redmi,18499,19999,18499,Available,https://www.vijaysales.com/p/P244702/244712/redmi-15-5g-8gb-ram-256gb-storage-sandy-purple,https://vsprod.vijaysales.com/media/catalog/product/r/e/redmi-15-5g-purple_1_.jpg,Electronics > Mobiles and Accessories > Mobiles > Smartphones,,
2026-02-07,2026-02-07 08:46:31,mobiles,244709,"Redmi 15 5G (8GB RAM, 128GB Storage) | Snapdragon 6s Gen 3 | 7000mAh Battery | IP64 Rating | Sandy Purple",Redmi,16999,17999,16999,Available,https://www.vijaysales.com/p/P244702/244709/redmi-15-5g-8gb-ram-128gb-storage-sandy-purple,https://vsprod.vijaysales.com/media/catalog/product/r/e/redmi-15-5g-purple_1__1.jpg,Electronics > Mobiles and Accessories > Mobiles > Smartphones,,
2026-02-07,2026-02-07 08:46:31,mobiles,244708,"Redmi 15 5G (8GB RAM, 128GB Storage) | Snapdragon 6s Gen 3 | 7000mAh Battery | IP64 Rating | Midnight Black",Redmi,16999,17999,16999,Available,https://www.vijaysales.com/p/P244702/244708/redmi-15-5g-8gb-ram-128gb-storage-midnight-black,https://vsprod.vijaysales.com/media/catalog/product/r/e/redmi-15-5g-black_1__1.jpg,Electronics > Mobiles and Accessories > Mobiles > Smartphones,,
2026-02-07,2026-02-07 08:46:31,mobiles,244704,"Redmi 15 5G (6GB RAM, 128GB Storage) | Snapdragon 6s Gen 3 | 7000mAh Battery | IP64 Rating | Frosted White",Redmi,15999,16999,15999,Available,https://www.vijaysales.com/p/P244702/244704/redmi-15-5g-6gb-ram-128gb-storage-frosted-white,https://vsprod.vijaysales.com/media/catalog/product/r/e/redmi-15-5g-white_1__2.jpg,Electronics > Mobiles and Accessories > Mobiles > Smartphones,,
2026-02-07,2026-02-07 08:46:31,mobiles,244703,"Redmi 15 5G (6GB RAM, 128GB Storage) | Snapdragon 6s Gen 3 | 7000mAh Battery | IP64 Rating | Sandy Purple",Redmi,15999,16999,15999,Available,https://www.vijaysales.com/p/P244702/244703/redmi-15-5g-6gb-ram-128gb-storage-sandy-purple,https://vsprod.vijaysales.com/media/catalog/product/r/e/redmi-15-5g-purple_1__2.jpg,Electronics > Mobiles and Accessories > Mobiles > Smartphones,,
2026-02-07,2026-02-07 08:46:31,mobiles,244702,"Redmi 15 5G (6GB RAM, 128GB Storage) | Snapdragon 6s Gen 3 | 7000mAh Battery | IP64 Rating | Midnight Black",Redmi,15999,16999,15999,Available,https://www.vijaysales.com/p/P244702/244702/redmi-15-5g-6gb-ram-128gb-storage-midnight-black,https://vsprod.vijaysales.com/media/catalog/product/r/e/redmi-15-5g-black_1__2.jpg,Electronics > Mobiles and Accessories > Mobiles > Smartphones,,
2026-02-07,2026-02-07 08:46:31,mobiles,244701,"Oppo A5x 5G (4GB RAM, 64GB Storage) | MediaTek Dimensity 6300 | 6000mAh Battery | IP65 Water and Dust Resistance | Midnight Blue",Oppo,11499,14999,11499,Available,https://www.vijaysales.com/p/P239980/244701/oppo-a5x-5g-4gb-ram-64gb-storage-midnight-blue,https://vsprod.vijaysales.com/media/catalog/product/2/3/239981_1__1.jpg,Electronics > Mobiles and Accessories > Mobiles > Smartphones,,
2026-02-07,2026-02-07 08:46:31,mobiles,244700,"Oppo A5x 5G (4GB RAM, 64GB Storage) | MediaTek Dimensity 6300 | 6000mAh Battery | IP65 Water and Dust Resistance | Laser White",Oppo,11499,14999,11499,Available,https://www.vijaysales.com/p/P239980/244700/oppo-a5x-5g-4gb-ram-64gb-storage-laser-white,https://vsprod.vijaysales.com/media/catalog/product/2/3/239980_1__1.jpg,Electronics > Mobiles and Accessories > Mobiles > Smartphones,,
2026-02-07,2026-02-07 08:46:31,mobiles,244125,"realme 15T 5G (12GB RAM, 256GB Storage) | Dimensity 6400 MAX | 7000mAh Battery | IP66/68/69 Water Resistance | Flowing Silver",realme,26999,27999,26999,Available,https://www.vijaysales.com/p/P244116/244125/realme-15t-5g-12gb-rm-256gb-storage-flowing-silver,https://vsprod.vijaysales.com/media/catalog/product/r/e/realme_15t_silver_1_.jpg,Electronics > Mobiles and Accessories > Mobiles > Smartphones,,
2026-02-07,2026-02-07 08:46:31,mobiles,244122,"realme 15T 5G (8GB RAM, 256GB Storage) | Dimensity 6400 MAX | 7000mAh Battery | IP66/68/69 Water Resistance | Flowing Silver",realme,24999,24999,24999,Available,https://www.vijaysales.com/p/P244116/244122/realme-15t-5g-8gb-rm-256gb-storage-flowing-silver,https://vsprod.vijaysales.com/media/catalog/product/r/e/realme_15t_silver_1__1.jpg,Electronics > Mobiles and Accessories > Mobiles > Smartphones,,
2026-02-07,2026-02-07 08:46:31,mobiles,244121,"realme 15T 5G (8GB RAM, 256GB Storage) | Dimensity 6400 MAX | 7000mAh Battery | IP66/68/69 Water Resistance | Silk Blue",realme,24999,24999,24999,Available,https://www.vijaysales.com/p/P244116/244121/realme-15t-5g-8gb-rm-256gb-storage-silk-blue,https://vsprod.vijaysales.com/media/catalog/product/r/e/realme_15t_blue_1_.jpg,Electronics > Mobiles and Accessories > Mobiles > Smartphones,,
2026-02-07,2026-02-07 08:46:31,mobiles,244120,"realme 15T 5G (8GB RAM, 256GB Storage) | Dimensity 6400 MAX | 7000mAh Battery | IP66/68/69 Water Resistance | Suit Titanium",realme,24999,24999,24999,Available,https://www.vijaysales.com/p/P244116/244120/realme-15t-5g-8gb-rm-256gb-storage-suit-titanium,https://vsprod.vijaysales.com/media/catalog/product/r/e/realme_15t_grey_1_.jpg,Electronics > Mobiles and Accessories > Mobiles > Smartphones,,
2026-02-07,2026-02-07 08:46:31,mobiles,244118,"realme 15T 5G (8GB RAM, 128GB Storage) | Dimensity 6400 MAX | 7000mAh Battery | IP66/68/69 Water Resistance | Flowing Silver",realme,22999,22999,22999,Available,https://www.vijaysales.com/p/P244116/244118/realme-15t-5g-8gb-rm-128gb-storage-flowing-silver,https://vsprod.vijaysales.com/media/catalog/product/r/e/realme_15t_silver_1__2.jpg,Electronics > Mobiles and Accessories > Mobiles > Smartphones,,
2026-02-07,2026-02-07 08:46:31,mobiles,244116,"realme 15T 5G (8GB RAM, 128GB Storage) | Dimensity 6400 MAX | 7000mAh Battery | IP66/68/69 Water Resistance | Suit Titanium",realme,22999,22999,22999,Available,https://www.vijaysales.com/p/P244116/244116/realme-15t-5g-8gb-rm-128gb-storage-suit-titanium,https://vsprod.vijaysales.com/media/catalog/product/r/e/realme_15t_grey_1__2.jpg,Electronics > Mobiles and Accessories > Mobiles > Smartphones,,
2026-02-07,2026-02-07 08:46:31,mobiles,244107,"Google Pixel 10 Pro XL 5G (16GB RAM, 256GB Storage) | Google Tensor G5 | 5200mAh Battery | Smarter with Google Gemini AI | Jade",Google,124999,124999,124999,Unavailable,https://www.vijaysales.com/p/P244108/244107/google-pixel-10-pro-xl-5g-16gb-ram-256gb-jade,https://vsprod.vijaysales.com/media/catalog/product/p/1/p10_pro_xl_jade_front_.jpg,Electronics > Mobiles and Accessories > Mobiles > Smartphones,,
2026-02-07,2026-02-07 08:46:31,mobiles,243639,"Oppo K13 Turbo 5G (8GB RAM, 256GB Storage) | MediaTek Dimensity 8450 | 7000mAh Battery | Active Cooling Fan | Purple Phantom",Oppo,29999,29999,29999,Unavailable,https://www.vijaysales.com/p/P243634/243639/oppo-k13-turbo-5g-8gb-ram-256gb-storage-purple-phantom,https://vsprod.vijaysales.com/media/catalog/product/2/4/243636_1_1__1.jpg,Electronics > Mobiles and Accessories > Mobiles > Smartphones,,
2026-02-07,2026-02-07 08:46:31,mobiles,243638,"Oppo K13 Turbo 5G (8GB RAM, 256GB Storage) | MediaTek Dimensity 8450 | 7000mAh Battery | Active Cooling Fan | White Knight",Oppo,29999,29999,29999,Unavailable,https://www.vijaysales.com/p/P243634/243638/oppo-k13-turbo-5g-8gb-ram-256gb-storage-white-knight,https://vsprod.vijaysales.com/media/catalog/product/2/4/243635_1_1.jpg,Electronics > Mobiles and Accessories > Mobiles > Smartphones,,
2026-02-07,2026-02-07 08:46:31,mobiles,243637,"Oppo K13 Turbo 5G (8GB RAM, 256GB Storage) | MediaTek Dimensity 8450 | 7000mAh Battery | Active Cooling Fan | Midnight Maverick",Oppo,29999,29999,29999,Unavailable,https://www.vijaysales.com/p/P243634/243637/oppo-k13-turbo-5g-8gb-ram-256gb-storage-midnight-maverick,https://vsprod.vijaysales.com/media/catalog/product/2/4/243634_12__1.jpg,Electronics > Mobiles and Accessories > Mobiles > Smartphones,,
2026-02-07,2026-02-07 08:46:31,mobiles,243636,"Oppo K13 Turbo 5G (8GB RAM, 128GB Storage) | MediaTek Dimensity 8450 | 7000mAh Battery | Active Cooling Fan | Purple Phantom",Oppo,27999,27999,27999,Unavailable,https://www.vijaysales.com/p/P243634/243636/oppo-k13-turbo-5g-8gb-ram-128gb-storage-purple-phantom,https://vsprod.vijaysales.com/media/catalog/product/2/4/243636_1_1_.jpg,Electronics > Mobiles and Accessories > Mobiles > Smartphones,,
2026-02-07,2026-02-07 08:46:31,mobiles,243635,"Oppo K13 Turbo 5G (8GB RAM, 128GB Storage) | MediaTek Dimensity 8450 | 7000mAh Battery | Active Cooling Fan | White Knight",Oppo,27999,27999,27999,Unavailable,https://www.vijaysales.com/p/P243634/243635/oppo-k13-turbo-5g-8gb-ram-128gb-storage-white-knight,https://vsprod.vijaysales.com/media/catalog/product/2/4/243635_1.jpg,Electronics > Mobiles and Accessories > Mobiles > Smartphones,,
2026-02-07,2026-02-07 08:46:31,mobiles,243634,"Oppo K13 Turbo 5G (8GB RAM, 128GB Storage) | MediaTek Dimensity 8450 | 7000mAh Battery | Active Cooling Fan | Midnight Maverick",Oppo,27999,27999,27999,Unavailable,https://www.vijaysales.com/p/P243634/243634/oppo-k13-turbo-5g-8gb-ram-128gb-storage-midnight-maverick,https://vsprod.vijaysales.com/media/catalog/product/2/4/243634_12_.jpg,Electronics > Mobiles and Accessories > Mobiles > Smartphones,,
2026-02-07,2026-02-07 08:46:31,mobiles,243633,"Oppo K13 Turbo Pro 5G (12GB RAM, 256GB Storage) | Snapdragon 8s Gen 4 | 7000mAh Battery | IPX6/8/9 Rated Waterproof and Drop-Proof | Purple Phantom",Oppo,37999,39999,37999,Unavailable,https://www.vijaysales.com/p/P243629/243633/oppo-k13-turbo-pro-5g-12gb-ram-256gb-storage-purple-phantom,https://vsprod.vijaysales.com/media/catalog/product/o/p/oppo-k13-turbo-pro-purple-pdp_1__1_1.jpeg,Electronics > Mobiles and Accessories > Mobiles > Smartphones,,
2026-02-07,2026-02-07 08:46:31,mobiles,243632,"Oppo K13 Turbo Pro 5G (12GB RAM, 256GB Storage) | Snapdragon 8s Gen 4 | 7000mAh Battery | IPX6/8/9 Rated Waterproof and Drop-Proof | Silver Knight",Oppo,37999,39999,37999,Unavailable,https://www.vijaysales.com/p/P243629/243632/oppo-k13-turbo-pro-5g-12gb-ram-256gb-storage-silver-knight,https://vsprod.vijaysales.com/media/catalog/product/o/p/oppo-k13-turbo-pro-silver-pdp_1__1.jpg,Electronics > Mobiles and Accessories > Mobiles > Smartphones,,
2026-02-07,2026-02-07 08:46:31,mobiles,243631,"Oppo K13 Turbo Pro 5G (12GB RAM, 256GB Storage) | Snapdragon 8s Gen 4 | 7000mAh Battery | IPX6/8/9 Rated Waterproof and Drop-Proof | Midnight Maverick",Oppo,37999,39999,37999,Unavailable,https://www.vijaysales.com/p/P243629/243631/oppo-k13-turbo-pro-5g-12gb-ram-256gb-storage-midnight-maverick,https://vsprod.vijaysales.com/media/catalog/product/o/p/oppo-k13-turbo-pro-pdp-midnight-maverick_1__1.jpg,Electronics > Mobiles and Accessories > Mobiles > Smartphones,,
2026-02-07,2026-02-07 08:46:31,mobiles,243630,"Oppo K13 Turbo Pro 5G (8GB RAM, 256GB Storage) | Snapdragon 8s Gen 4 | 7000mAh Battery | IPX6/8/9 Rated Waterproof and Drop-Proof | Purple Phantom",Oppo,35999,37999,35999,Unavailable,https://www.vijaysales.com/p/P243629/243630/oppo-k13-turbo-pro-5g-8gb-ram-256gb-storage-purple-phantom,https://vsprod.vijaysales.com/media/catalog/product/o/p/oppo-k13-turbo-pro-purple-pdp_1__1.jpeg,Electronics > Mobiles and Accessories > Mobiles > Smartphones,,
2026-02-07,2026-02-07 08:46:31,mobiles,243629,"Oppo K13 Turbo Pro 5G (8GB RAM, 256GB Storage) | Snapdragon 8s Gen 4 | 7000mAh Battery | IPX6/8/9 Rated Waterproof and Drop-Proof | Silver Knight",Oppo,35999,37999,35999,Unavailable,https://www.vijaysales.com/p/P243629/243629/oppo-k13-turbo-pro-5g-8gb-ram-256gb-storage-silver-knight,https://vsprod.vijaysales.com/media/catalog/product/o/p/oppo-k13-turbo-pro-silver-pdp_1_.jpg,Electronics > Mobiles and Accessories > Mobiles > Smartphones,,
2026-02-07,2026-02-07 08:46:31,mobiles,243628,"Oppo K13 Turbo Pro 5G (8GB RAM, 256GB Storage) | Snapdragon 8s Gen 4 | 7000mAh Battery | IPX6/8/9 Rated Waterproof and Drop-Proof | Midnight Maverick",Oppo,35999,37999,35999,Unavailable,https://www.vijaysales.com/p/P243629/243628/oppo-k13-turbo-pro-5g-8gb-ram-256gb-storage-midnight-maverick,https://vsprod.vijaysales.com/media/catalog/product/o/p/oppo-k13-turbo-pro-pdp-midnight-maverick_1_.jpg,Electronics > Mobiles and Accessories > Mobiles > Smartphones,,
2026-02-07,2026-02-07 08:46:31,mobiles,243603,"Tecno Pova 7 Pro 5G (8GB RAM, 256GB Storage) | Dimensity 7300 Ultimate | 6000mAh Battery | Smarter with Ella AI | Geek Black",Tecno,19999,23999,19999,Unavailable,https://www.vijaysales.com/p/P243598/243603/tecno-pova-7-pro-5g-8gb-ram-256gb-storage-geek-black,https://vsprod.vijaysales.com/media/catalog/product/p/o/pova_7_pro_black_1_.jpg,Electronics > Mobiles and Accessories > Mobiles > Smartphones,,
2026-02-07,2026-02-07 08:46:31,mobiles,243602,"Tecno Pova 7 Pro 5G (8GB RAM, 256GB Storage) | Dimensity 7300 Ultimate | 6000mAh Battery | Smarter with Ella AI | Neon Cyan",Tecno,19999,23999,19999,Unavailable,https://www.vijaysales.com/p/P243598/243602/tecno-pova-7-pro-5g-8gb-ram-256gb-storage-neon-cyan,https://vsprod.vijaysales.com/media/catalog/product/p/o/pova_7_pro_cyan_1_.jpg,Electronics > Mobiles and Accessories > Mobiles > Smartphones,,
2026-02-07,2026-02-07 08:46:31,mobiles,243601,"Tecno Pova 7 Pro 5G (8GB RAM, 256GB Storage) | Dimensity 7300 Ultimate | 6000mAh Battery | Smarter with Ella AI | Dynamic Grey",Tecno,19999,23999,19999,Unavailable,https://www.vijaysales.com/p/P243598/243601/tecno-pova-7-pro-5g-8gb-ram-256gb-storage-dynamic-grey,https://vsprod.vijaysales.com/media/catalog/product/p/o/pova_7_pro_grey_1_.jpg,Electronics > Mobiles and Accessories > Mobiles > Smartphones,,
2026-02-07,2026-02-07 08:46:31,mobiles,243600,"Tecno Pova 7 Pro 5G (8GB RAM, 128GB Storage) | Dimensity 7300 Ultimate | 6000mAh Battery | Smarter with Ella AI | Geek Black",Tecno,18999,21999,18999,Unavailable,https://www.vijaysales.com/p/P243598/243600/tecno-pova-7-pro-5g-8gb-ram-128gb-storage-geek-black,https://vsprod.vijaysales.com/media/catalog/product/p/o/pova_7_pro_black_1__1.jpg,Electronics > Mobiles and Accessories > Mobiles > Smartphones,,
2026-02-07,2026-02-07 08:46:31,mobiles,243599,"Tecno Pova 7 Pro 5G (8GB RAM, 128GB Storage) | Dimensity 7300 Ultimate | 6000mAh Battery | Smarter with Ella AI | Neon Cyan",Tecno,18999,21999,18999,Unavailable,https://www.vijaysales.com/p/P243598/243599/tecno-pova-7-pro-5g-8gb-ram-128gb-storage-neon-cyan,https://vsprod.vijaysales.com/media/catalog/product/p/o/pova_7_pro_cyan_1__1.jpg,Electronics > Mobiles and Accessories > Mobiles > Smartphones,,
2026-02-07,2026-02-07 08:46:31,mobiles,243598,"Tecno Pova 7 Pro 5G (8GB RAM, 128GB Storage) | Dimensity 7300 Ultimate | 6000mAh Battery | Smarter with Ella AI | Dynamic Grey",Tecno,18999,21999,18999,Unavailable,https://www.vijaysales.com/p/P243598/243598/tecno-pova-7-pro-5g-8gb-ram-128gb-storage-dynamic-grey,https://vsprod.vijaysales.com/media/catalog/product/p/o/pova_7_pro_grey_1__1.jpg,Electronics > Mobiles and Accessories > Mobiles > Smartphones,,
2026-02-07,2026-02-07 08:46:31,mobiles,243594,"Tecno Pova 7 5G (8GB RAM, 256GB Storage) | Dimensity 7300 Ultimate | 6000mAh Battery | Smarter with Ella AI | Magic Silver",Tecno,15999,19999,15999,Unavailable,https://www.vijaysales.com/p/P243589/243594/tecno-pova-7-5g-8gb-ram-256gb-storage-magic-silver,https://vsprod.vijaysales.com/media/catalog/product/p/o/pova7-silver_1_.jpg,Electronics > Mobiles and Accessories > Mobiles > Smartphones,,
2026-02-07,2026-02-07 08:46:31,mobiles,243593,"Tecno Pova 7 5G (8GB RAM, 256GB Storage) | Dimensity 7300 Ultimate | 6000mAh Battery | Smarter with Ella AI | Geek Black",Tecno,15999,19999,15999,Unavailable,https://www.vijaysales.com/p/P243589/243593/tecno-pova-7-5g-8gb-ram-256gb-storage-geek-black,https://vsprod.vijaysales.com/media/catalog/product/p/o/pova7pro-black_1_.jpg,Electronics > Mobiles and Accessories > Mobiles > Smartphones,,
2026-02-07,2026-02-07 08:46:31,mobiles,243592,"Tecno Pova 7 5G (8GB RAM, 256GB Storage) | Dimensity 7300 Ultimate | 6000mAh Battery | Smarter with Ella AI | Oasis Green",Tecno,15999,19999,15999,Unavailable,https://www.vijaysales.com/p/P243589/243592/tecno-pova-7-5g-8gb-ram-256gb-storage-oasis-green,https://vsprod.vijaysales.com/media/catalog/product/p/o/pova7-green_1_.jpg,Electronics > Mobiles and Accessories > Mobiles > Smartphones,,
2026-02-07,2026-02-07 08:46:31,mobiles,243591,"Tecno Pova 7 5G (8GB RAM, 128GB Storage) | Dimensity 7300 Ultimate | 6000mAh Battery | Smarter with Ella AI | Magic Silver",Tecno,15999,18999,15999,Unavailable,https://www.vijaysales.com/p/P243589/243591/tecno-pova-7-5g-8gb-ram-128gb-storage-magic-silver,https://vsprod.vijaysales.com/media/catalog/product/p/o/pova7-silver_1__1.jpg,Electronics > Mobiles and Accessories > Mobiles > Smartphones,,
2026-02-07,2026-02-07 08:46:31,mobiles,243590,"Tecno Pova 7 5G (8GB RAM, 128GB Storage) | Dimensity 7300 Ultimate | 6000mAh Battery | Smarter with Ella AI | Geek Black",Tecno,15999,18999,15999,Unavailable,https://www.vijaysales.com/p/P243589/243590/tecno-pova-7-5g-8gb-ram-128gb-storage-geek-black,https://vsprod.vijaysales.com/media/catalog/product/p/o/pova7pro-black_1__1.jpg,Electronics > Mobiles and Accessories > Mobiles > Smartphones,,
2026-02-07,2026-02-07 08:46:31,mobiles,243589,"Tecno Pova 7 5G (8GB RAM, 128GB Storage) | Dimensity 7300 Ultimate | 6000mAh Battery | Smarter with Ella AI | Oasis Green",Tecno,15999,18999,15999,Unavailable,https://www.vijaysales.com/p/P243589/243589/tecno-pova-7-5g-8gb-ram-128gb-storage-oasis-green,https://vsprod.vijaysales.com/media/catalog/product/p/o/pova7-green_1__1.jpg,Electronics > Mobiles and Accessories > Mobiles > Smartphones,,
2026-02-07,2026-02-07 08:46:31,mobiles,243544,"vivo Y400 5G (8GB RAM, 256GB Storage) | Snapdragon 4 Gen 2 | 6000mAh Battery | IP68 & IP69 Rating | Glam White",Vivo,24999,28999,24999,Available,https://www.vijaysales.com/p/P243541/243544/vivo-y400-5g-8gb-ram-256gb-storage-glam-white,https://vsprod.vijaysales.com/media/catalog/product/v/i/vivo_y400_white_1_.jpg,Electronics > Mobiles and Accessories > Mobiles > Smartphones,,
2026-02-07,2026-02-07 08:46:31,mobiles,243543,"vivo Y400 5G (8GB RAM, 256GB Storage) | Snapdragon 4 Gen 2 | 6000mAh Battery | IP68 & IP69 Rating | Olive Green",Vivo,24999,28999,24999,Available,https://www.vijaysales.com/p/P243541/243543/vivo-y400-5g-8gb-ram-256gb-storage-olive-green,https://vsprod.vijaysales.com/media/catalog/product/v/i/vivo_y400_5g_green_1_.jpg,Electronics > Mobiles and Accessories > Mobiles > Smartphones,,
2026-02-07,2026-02-07 08:46:31,mobiles,243541,"vivo Y400 5G (8GB RAM, 128GB Storage) | Snapdragon 4 Gen 2 | 6000mAh Battery | IP68 & IP69 Rating | Olive Green",Vivo,22999,26999,22999,Available,https://www.vijaysales.com/p/P243541/243541/vivo-y400-5g-8gb-ram-128gb-storage-olive-green,https://vsprod.vijaysales.com/media/catalog/product/v/i/vivo_y400_5g_green_1__1.jpg,Electronics > Mobiles and Accessories > Mobiles > Smartphones,,
2026-02-07,2026-02-07 08:46:31,mobiles,243461,"vivo T4 Pro 5G (12GB RAM, 256GB Storage) | Snapdragon 7 Gen 4 | 6500mAh Battery | Bypass & Reverse Charging | Nitro Blue",Vivo,31999,36999,31999,Unavailable,https://www.vijaysales.com/p/P243457/243461/vivo-t4-pro-5g-12gb-ram-256gb-storage-nitro-blue,https://vsprod.vijaysales.com/media/catalog/product/v/i/vivo_t4_pro_blue_1__2.jpg,Electronics > Mobiles and Accessories > Mobiles > Smartphones,,
2026-02-07,2026-02-07 08:46:31,mobiles,243460,"vivo T4 Pro 5G (8GB RAM, 256GB Storage) | Snapdragon 7 Gen 4 | 6500mAh Battery | Bypass & Reverse Charging | Blaze Gold",Vivo,29999,34999,29999,Unavailable,https://www.vijaysales.com/p/P243457/243460/vivo-t4-pro-5g-8gb-ram-256gb-storage-blaze-gold,https://vsprod.vijaysales.com/media/catalog/product/v/i/vivo_t4_pro_gold_1_.jpg,Electronics > Mobiles and Accessories > Mobiles > Smartphones,,
2026-02-07,2026-02-07 08:46:31,mobiles,243459,"vivo T4 Pro 5G (8GB RAM, 256GB Storage) | Snapdragon 7 Gen 4 | 6500mAh Battery | Bypass & Reverse Charging | Nitro Blue",Vivo,29999,34999,29999,Unavailable,https://www.vijaysales.com/p/P243457/243459/vivo-t4-pro-5g-8gb-ram-256gb-storage-nitro-blue,https://vsprod.vijaysales.com/media/catalog/product/v/i/vivo_t4_pro_blue_1_.jpg,Electronics > Mobiles and Accessories > Mobiles > Smartphones,,
2026-02-07,2026-02-07 08:46:31,mobiles,243458,"vivo T4 Pro 5G (8GB RAM, 128GB Storage) | Snapdragon 7 Gen 4 | 6500mAh Battery | Bypass & Reverse Charging | Blaze Gold",Vivo,27999,32999,27999,Unavailable,https://www.vijaysales.com/p/P243457/243458/vivo-t4-pro-5g-8gb-ram-128gb-storage-blaze-gold,https://vsprod.vijaysales.com/media/catalog/product/v/i/vivo_t4_pro_gold_1__1.jpg,Electronics > Mobiles and Accessories > Mobiles > Smartphones,,
2026-02-07,2026-02-07 08:46:31,mobiles,243457,"vivo T4 Pro 5G (8GB RAM, 128GB Storage) | Snapdragon 7 Gen 4 | 6500mAh Battery | Bypass & Reverse Charging | Nitro Blue",Vivo,27999,32999,27999,Unavailable,https://www.vijaysales.com/p/P243457/243457/vivo-t4-pro-5g-8gb-ram-128gb-storage-nitro-blue,https://vsprod.vijaysales.com/media/catalog/product/v/i/vivo_t4_pro_blue_1__1.jpg,Electronics > Mobiles and Accessories > Mobiles > Smartphones,,
2026-02-07,2026-02-07 08:46:31,mobiles,243456,"vivo V60 5G (16GB RAM, 512GB Storage) | Snapdragon 7 Gen 4 | 6500mAh Battery | IP68 & IP69 Rating | Auspicious Gold",Vivo,42999,50999,45999,Unavailable,https://www.vijaysales.com/p/P243444/243456/vivo-v60-5g-16gb-ram-512gb-storage-auspicious-gold,https://vsprod.vijaysales.com/media/catalog/product/v/i/vivo_v60_gold_pdp_1__2.jpg,Electronics > Mobiles and Accessories > Mobiles > Smartphones,,
2026-02-07,2026-02-07 08:46:31,mobiles,243454,"vivo V60 5G (16GB RAM, 512GB Storage) | Snapdragon 7 Gen 4 | 6500mAh Battery | IP68 & IP69 Rating | Mist Gray",Vivo,42999,50999,45999,Unavailable,https://www.vijaysales.com/p/P243444/243454/vivo-v60-5g-16gb-ram-512gb-storage-mist-gray,https://vsprod.vijaysales.com/media/catalog/product/v/i/vivo_v60_grey_pdp_1__2.jpg,Electronics > Mobiles and Accessories > Mobiles > Smartphones,,
2026-02-07,2026-02-07 08:46:31,mobiles,243444,"vivo V60 5G (8GB RAM, 128GB Storage) | Snapdragon 7 Gen 4 | 6500mAh Battery | IP68 & IP69 Rating | Auspicious Gold",Vivo,36999,36999,36999,Unavailable,https://www.vijaysales.com/p/P243444/243444/vivo-v60-5g-8gb-ram-128gb-storage-auspicious-gold,https://vsprod.vijaysales.com/media/catalog/product/v/i/vivo_v60_gold_pdp_1__1.jpg,Electronics > Mobiles and Accessories > Mobiles > Smartphones,,
2026-02-07,2026-02-07 08:46:31,mobiles,243443,"vivo V60 5G (8GB RAM, 128GB Storage) | Snapdragon 7 Gen 4 | 6500mAh Battery | IP68 & IP69 Rating | Moonlit Blue",Vivo,36999,36999,36999,Unavailable,https://www.vijaysales.com/p/P243444/243443/vivo-v60-5g-8gb-ram-128gb-storage-moonlit-blue,https://vsprod.vijaysales.com/media/catalog/product/v/i/vivo_v60_pdp_blue_1_.jpg,Electronics > Mobiles and Accessories > Mobiles > Smartphones,,
2026-02-07,2026-02-07 08:46:31,mobiles,242893,"Oppo A5x 5G (6GB RAM, 128GB Storage) | MediaTek Dimensity 6300 | 6000mAh Battery | IP65 Water and Dust Resistance | Midnight Blue",Oppo,13999,14499,13999,Unavailable,https://www.vijaysales.com/p/P239980/242893/oppo-a5x-5g-6gb-ram-128-gb-storage-midnight-blue,https://vsprod.vijaysales.com/media/catalog/product/2/3/239981_1_.jpg,Electronics > Mobiles and Accessories > Mobiles > Smartphones,,
2026-02-07,2026-02-07 08:46:31,mobiles,242892,"Oppo A5x 5G (6GB RAM, 128GB Storage) | MediaTek Dimensity 6300 | 6000mAh Battery | IP65 Water and Dust Resistance | Laser White",Oppo,13999,14499,13999,Unavailable,https://www.vijaysales.com/p/P239980/242892/oppo-a5x-5g-6gb-ram-128gb-storage-midnight-blue,https://vsprod.vijaysales.com/media/catalog/product/2/3/239980_1_.jpg,Electronics > Mobiles and Accessories > Mobiles > Smartphones,,
2026-02-07,2026-02-07 08:46:31,mobiles,242204,"vivo X Fold5 5G (16GB RAM, 512GB Storage) | Snapdragon 8 Gen 3 | 6000mAh Battery | ZEISS Imaging | Titanium Grey",Vivo,149999,159999,149999,Unavailable,https://www.vijaysales.com/p/242204/vivo-x-fold5-5g-16gb-ram-512gb-storage-grey,https://vsprod.vijaysales.com/media/catalog/product/v/i/vivo_x_fold_5_1_.jpg,Electronics > Mobiles and Accessories > Mobiles > Smartphones,,
2026-02-07,2026-02-07 08:46:31,mobiles,242185,"Samsung Galaxy Z Fold7 5G Smartphone with Galaxy AI (Silver Shadow, 16GB RAM, 1TB Storage), Ultra Sleek Design with 200MP Camera, Powerful Snapdragon 8 Elite, Google Gemini",Samsung,216999,216999,216999,Unavailable,https://www.vijaysales.com/p/P242173/242185/samsung-galaxy-z-fold7-16gb-ram-1tb-storage-silver-shadow,https://vsprod.vijaysales.com/media/catalog/product/i/n/in-galaxy-z-fold7-f966-sm-f966bzsgins-547543587.jpg,Electronics > Mobiles and Accessories > Mobiles > Smartphones,,
2026-02-07,2026-02-07 08:46:31,mobiles,242184,"Samsung Galaxy Z Fold7 5G Smartphone with Galaxy AI (Jet Black, 16GB RAM, 1TB Storage), Ultra Sleek Design with 200MP Camera, Powerful Snapdragon 8 Elite, Google Gemini",Samsung,216999,216999,216999,Unavailable,https://www.vijaysales.com/p/P242173/242184/samsung-galaxy-z-fold7-16gb-ram-1tb-storage-jetblack,https://vsprod.vijaysales.com/media/catalog/product/i/n/in-galaxy-z-fold7-f966-sm-f966bzkgins-547543355.jpg,Electronics > Mobiles and Accessories > Mobiles > Smartphones,,
2026-02-07,2026-02-07 08:46:31,mobiles,242183,"Samsung Galaxy Z Fold7 (16GB RAM, 1TB Storage) Mint",Samsung,216999,216999,216999,Unavailable,https://www.vijaysales.com/p/P242173/242183/samsung-galaxy-z-fold7-16gb-ram-1gb-storage-mint,https://vsprod.vijaysales.com/media/catalog/product/s/i/silver_shadow_galaxy_z_fold7_5_.jpg,Electronics > Mobiles and Accessories > Mobiles > Smartphones,,
2026-02-07,2026-02-07 08:46:31,mobiles,242182,"Samsung Galaxy Z Fold7 5G Smartphone with Galaxy AI (Navy, 16GB RAM, 1TB Storage), Ultra Sleek Design with 200MP Camera, Powerful Snapdragon 8 Elite, Google Gemini",Samsung,216999,216999,216999,Unavailable,https://www.vijaysales.com/p/P242173/242182/samsung-galaxy-z-fold7-16gb-ram-1tb-storage-blue-shadow,https://vsprod.vijaysales.com/media/catalog/product/i/n/in-galaxy-z-fold7-f966-sm-f966bdbgins-547543120_1.jpg,Electronics > Mobiles and Accessories > Mobiles > Smartphones,,
2026-02-07,2026-02-07 08:46:31,mobiles,242181,"Samsung Galaxy Z Fold7 5G Smartphone with Galaxy AI (Silver Shadow, 12GB RAM, 512GB Storage), Ultra Sleek Design with 200MP Camera, Powerful Snapdragon 8 Elite, Google Gemini",Samsung,186999,186999,186999,Available,https://www.vijaysales.com/p/P242173/242181/samsung-galaxy-z-fold7-12gb-ram-512gb-storage-silver-shadow,https://vsprod.vijaysales.com/media/catalog/product/i/n/in-galaxy-z-fold7-f966-sm-f966bzsgins-547543587_2.jpg,Electronics > Mobiles and Accessories > Mobiles > Smartphones,,
2026-02-07,2026-02-07 08:46:31,mobiles,242180,"Samsung Galaxy Z Fold7 5G Smartphone with Galaxy AI (Jet Black, 12GB RAM, 512GB Storage), Ultra Sleek Design with 200MP Camera, Powerful Snapdragon 8 Elite, Google Gemini",Samsung,186999,186999,186999,Available,https://www.vijaysales.com/p/P242173/242180/samsung-galaxy-z-fold7-12gb-ram-512gb-storage-jetblack,https://vsprod.vijaysales.com/media/catalog/product/i/n/in-galaxy-z-fold7-f966-sm-f966bzkgins-547543355_2.jpg,Electronics > Mobiles and Accessories > Mobiles > Smartphones,,
2026-02-07,2026-02-07 08:46:31,mobiles,242179,"Samsung Galaxy Z Fold7 (12GB RAM, 512GB Storage) Mint",Samsung,186999,186999,186999,Unavailable,https://www.vijaysales.com/p/P242173/242179/samsung-galaxy-z-fold7-12gb-ram-512gb-storage-mint,https://vsprod.vijaysales.com/media/catalog/product/s/i/silver_shadow_galaxy_z_fold7_5__2.jpg,Electronics > Mobiles and Accessories > Mobiles > Smartphones,,
2026-02-07,2026-02-07 08:46:31,mobiles,242178,"Samsung Galaxy Z Fold7 5G Smartphone with Galaxy AI (Navy, 12GB RAM, 512GB Storage), Ultra Sleek Design with 200MP Camera, Powerful Snapdragon 8 Elite, Google Gemini",Samsung,186999,186999,186999,Available,https://www.vijaysales.com/p/P242173/242178/samsung-galaxy-z-fold7-12gb-ram-512gb-storage-blue-shadow,https://vsprod.vijaysales.com/media/catalog/product/i/n/in-galaxy-z-fold7-f966-sm-f966bdbgins-547543120_2.jpg,Electronics > Mobiles and Accessories > Mobiles > Smartphones,,
2026-02-07,2026-02-07 08:46:31,mobiles,242177,"Samsung Galaxy Z Fold7 5G Smartphone with Galaxy AI (Silver Shadow, 12GB RAM, 256GB Storage), Ultra Sleek Design with 200MP Camera, Powerful Snapdragon 8 Elite, Google Gemini",Samsung,174999,174999,174999,Available,https://www.vijaysales.com/p/P242173/242177/samsung-galaxy-z-fold7-12gb-ram-256gb-storage-silver-shadow,https://vsprod.vijaysales.com/media/catalog/product/i/n/in-galaxy-z-fold7-f966-sm-f966bzsgins-547543587_1.jpg,Electronics > Mobiles and Accessories > Mobiles > Smartphones,,
2026-02-07,2026-02-07 08:46:31,mobiles,242176,"Samsung Galaxy Z Fold7 5G Smartphone with Galaxy AI (Jet Black, 12GB RAM, 256GB Storage), Ultra Sleek Design with 200MP Camera, Powerful Snapdragon 8 Elite, Google Gemini",Samsung,174999,174999,174999,Available,https://www.vijaysales.com/p/P242173/242176/samsung-galaxy-z-fold7-12gb-ram-256gb-storage-jetblack,https://vsprod.vijaysales.com/media/catalog/product/i/n/in-galaxy-z-fold7-f966-sm-f966bzkgins-547543355_1.jpg,Electronics > Mobiles and Accessories > Mobiles > Smartphones,,
2026-02-07,2026-02-07 08:46:31,mobiles,242175,"Samsung Galaxy Z Fold7 (12GB RAM, 256GB Storage) Mint",Samsung,174999,174999,174999,Unavailable,https://www.vijaysales.com/p/P242173/242175/samsung-galaxy-z-fold7-12gb-ram-256gb-storage-mint,https://vsprod.vijaysales.com/media/catalog/product/s/i/silver_shadow_galaxy_z_fold7_5__1.jpg,Electronics > Mobiles and Accessories > Mobiles > Smartphones,,
2026-02-07,2026-02-07 08:46:31,mobiles,242171,"Samsung Galaxy Z Flip7 5G Smartphone with Galaxy AI (Crimson Red, 12GB RAM, 512GB Storage), Ultra Sleek Design with 50MP High-Resolution Camera, Exynos 2500, Google Gemini",Samsung,121999,121999,121999,Unavailable,https://www.vijaysales.com/p/P242165/242171/samsung-galaxy-z-flip7-12gb-ram-512gb-storage-coral-red,https://vsprod.vijaysales.com/media/catalog/product/z/f/zflip_red_1__1.jpg,Electronics > Mobiles and Accessories > Mobiles > Smartphones,,
2026-02-07,2026-02-07 08:46:31,mobiles,242170,"Samsung Galaxy Z Flip7 5G Smartphone with Galaxy AI (Jet Black, 12GB RAM, 512GB Storage), Ultra Sleek Design with 50MP High-Resolution Camera, Exynos 2500, Google Gemini",Samsung,121999,121999,121999,Available,https://www.vijaysales.com/p/P242165/242170/samsung-galaxy-z-flip7-12gb-ram-512gb-storage-jet-black,https://vsprod.vijaysales.com/media/catalog/product/z/f/zflip_black_1__2_1.jpg,Electronics > Mobiles and Accessories > Mobiles > Smartphones,,
2026-02-07,2026-02-07 08:46:31,mobiles,242168,"Samsung Galaxy Z Flip7 5G Smartphone with Galaxy AI (Blue Shadow, 12GB RAM, 512GB Storage), Ultra Sleek Design with 50MP High-Resolution Camera, Exynos 2500, Google Gemini",Samsung,121999,121999,121999,Unavailable,https://www.vijaysales.com/p/P242165/242168/samsung-galaxy-z-flip7-12gb-ram-512gb-storage-blue-shadow,https://vsprod.vijaysales.com/media/catalog/product/z/f/zflip_blue_1__1.jpg,Electronics > Mobiles and Accessories > Mobiles > Smartphones,,
2026-02-07,2026-02-07 08:46:31,mobiles,242166,"Samsung Galaxy Z Flip7 5G Smartphone with Galaxy AI (Crimson Red, 12GB RAM, 256GB Storage), Ultra Sleek Design with 50MP High-Resolution Camera, Exynos 2500, Google Gemini",Samsung,109999,109999,109999,Unavailable,https://www.vijaysales.com/p/P242165/242166/samsung-galaxy-z-flip7-12gb-ram-256gb-storage-coral-red,https://vsprod.vijaysales.com/media/catalog/product/z/f/zflip_red_1_.jpg,Electronics > Mobiles and Accessories > Mobiles > Smartphones,,
2026-02-07,2026-02-07 08:46:31,mobiles,242165,"Samsung Galaxy Z Flip7 5G Smartphone with Galaxy AI (Jet Black, 12GB RAM, 256GB Storage), Ultra Sleek Design with 50MP High-Resolution Camera, Exynos 2500, Google Gemini",Samsung,109999,109999,109999,Available,https://www.vijaysales.com/p/P242165/242165/samsung-galaxy-z-flip7-12gb-ram-256gb-storage-jet-black,https://vsprod.vijaysales.com/media/catalog/product/z/f/zflip_black_1__2.jpg,Electronics > Mobiles and Accessories > Mobiles > Smartphones,,
2026-02-07,2026-02-07 08:46:31,mobiles,242162,"Samsung Galaxy Z Flip7 5G Smartphone with Galaxy AI (Blue Shadow, 12GB RAM, 256GB Storage), Ultra Sleek Design with 50MP High-Resolution Camera, Exynos 2500, Google Gemini",Samsung,109999,109999,109999,Available,https://www.vijaysales.com/p/P242165/242162/samsung-galaxy-z-flip7-12gb-ram-256gb-storage-blue-shadow,https://vsprod.vijaysales.com/media/catalog/product/z/f/zflip_blue_1_.jpg,Electronics > Mobiles and Accessories > Mobiles > Smartphones,,
2026-02-07,2026-02-07 08:46:31,mobiles,242161,"Samsung Galaxy Z Flip7 FE 5G Smartphone with Galaxy AI (White, 8GB RAM, 256GB Storage), Ultra Sleek Compact Design, 50MP High-Resolution FlexCam, Long-Lasting 4000 mAh Battery, All-New One UI 8",Samsung,95999,95999,95999,Available,https://www.vijaysales.com/p/P242157/242161/samsung-galaxy-z-flip7-fe-8gb-ram-256gb-storage-white,https://vsprod.vijaysales.com/media/catalog/product/f/l/flip7-fe-white_6__1.jpg,Electronics > Mobiles and Accessories > Mobiles > Smartphones,,
2026-02-07,2026-02-07 08:46:31,mobiles,242160,"Samsung Galaxy Z Flip7 FE 5G Smartphone with Galaxy AI (Black, 8GB RAM, 256GB Storage), Ultra Sleek Compact Design, 50MP High-Resolution FlexCam, Long-Lasting 4000 mAh Battery, All-New One UI 8",Samsung,95999,95999,95999,Available,https://www.vijaysales.com/p/P242157/242160/samsung-galaxy-z-flip7-fe-8gb-ram-256gb-storage-black,https://vsprod.vijaysales.com/media/catalog/product/f/l/flip7-fe-black_3__1.jpg,Electronics > Mobiles and Accessories > Mobiles > Smartphones,,
2026-02-07,2026-02-07 08:46:31,mobiles,242159,"Samsung Galaxy Z Flip7 FE 5G Smartphone with Galaxy AI (White, 8GB RAM, 128GB Storage), Ultra Sleek Compact Design, 50MP High-Resolution FlexCam, Long-Lasting 4000 mAh Battery, All-New One UI 8",Samsung,89999,89999,89999,Unavailable,https://www.vijaysales.com/p/P242157/242159/samsung-galaxy-z-flip7-fe-8gb-ram-128gb-storage-white,https://vsprod.vijaysales.com/media/catalog/product/f/l/flip7-fe-white_6_.jpg,Electronics > Mobiles and Accessories > Mobiles > Smartphones,,
2026-02-07,2026-02-07 08:46:31,mobiles,242157,"Samsung Galaxy Z Flip7 FE 5G Smartphone with Galaxy AI (Black, 8GB RAM, 128GB Storage), Ultra Sleek Compact Design, 50MP High-Resolution FlexCam, Long-Lasting 4000 mAh Battery, All-New One UI 8",Samsung,89999,89999,89999,Unavailable,https://www.vijaysales.com/p/P242157/242157/samsung-galaxy-z-flip7-fe-8gb-ram-128gb-storage-black,https://vsprod.vijaysales.com/media/catalog/product/f/l/flip7-fe-black_3_.jpg,Electronics > Mobiles and Accessories > Mobiles > Smartphones,,
2026-02-07,2026-02-07 08:46:31,mobiles,242134,"realme C71 4G (4GB RAM, 64GB Storage) | UNISOC T7250 | 6300mAh Battery | IP54 Dust & Water Resistance | Sea Blue",realme,8999,8999,8999,Available,https://www.vijaysales.com/p/P242133/242134/realme-c71-4g-4gb-ram-64gb-storage-sea-blue,https://vsprod.vijaysales.com/media/catalog/product/r/e/realme-c71-blue-1.jpg,Electronics > Mobiles and Accessories > Mobiles > Smartphones,,
2026-02-07,2026-02-07 08:46:31,mobiles,241762,Lava Hero Shakti 2025 Dual Sim Keypad Mobile Phone | 4.6 cm (1.8 inch) Display | Number Talker | Powerful Vibrator | Superior Stereo Sound (Pepsi Blue),Lava,1199,1199,1199,Available,https://www.vijaysales.com/p/P241760/241762/lava-hero-shakti-2025-dual-sim-keypad-mobile-phone-4-6-cm-1-8-inch-display-number-talker-powerful-vibrator-superior-stereo-sound-pepsi-blue,https://vsprod.vijaysales.com/media/catalog/product/2/4/241762_1_.jpg,Electronics > Mobiles and Accessories > Mobiles > Feature Phones,,
2026-02-07,2026-02-07 08:46:31,mobiles,241761,Lava Hero Shakti 2025 Dual Sim Keypad Mobile Phone | 4.6 cm (1.8 inch) Display | Number Talker | Powerful Vibrator | Superior Stereo Sound (Mint Green),Lava,1199,1199,1199,Available,https://www.vijaysales.com/p/P241760/241761/lava-hero-shakti-2025-dual-sim-keypad-mobile-phone-4-6-cm-1-8-inch-display-number-talker-powerful-vibrator-superior-stereo-sound-mint-green,https://vsprod.vijaysales.com/media/catalog/product/2/4/241761_1_.jpg,Electronics > Mobiles and Accessories > Mobiles > Feature Phones,,
2026-02-07,2026-02-07 08:46:31,mobiles,241759,"Tecno Spark Go 2 4G (4GB RAM, 64GB Storage) | Unisoc T7250 | 5000mAh Battery | Smarter with Tecno AI | Ink Black",Tecno,7499,8999,7499,Available,https://www.vijaysales.com/p/P241756/241759/tecno-spark-go-2-4g-4gb-ram-64gb-storage-ink-black,https://vsprod.vijaysales.com/media/catalog/product/2/4/241759_1_.jpg,Electronics > Mobiles and Accessories > Mobiles > Smartphones,,
2026-02-07,2026-02-07 08:46:31,mobiles,241758,"Tecno Spark Go 2 4G (4GB RAM, 64GB Storage) | Unisoc T7250 | 5000mAh Battery | Smarter with Tecno AI | Titanium Grey",Tecno,7499,8999,7499,Available,https://www.vijaysales.com/p/P241756/241758/tecno-spark-go-2-4g-4gb-ram-64gb-storage-titanium-grey,https://vsprod.vijaysales.com/media/catalog/product/2/4/241758_1_.jpg,Electronics > Mobiles and Accessories > Mobiles > Smartphones,,
2026-02-07,2026-02-07 08:46:31,mobiles,241757,"Tecno Spark Go 2 4G (4GB RAM, 64GB Storage) | Unisoc T7250 | 5000mAh Battery | Smarter with Tecno AI | Turquoise Green",Tecno,7499,8999,7499,Available,https://www.vijaysales.com/p/P241756/241757/tecno-spark-go-2-4g-4gb-ram-64gb-storage-turquoise-green,https://vsprod.vijaysales.com/media/catalog/product/2/4/241757_1_.jpg,Electronics > Mobiles and Accessories > Mobiles > Smartphones,,
2026-02-07,2026-02-07 08:46:31,mobiles,241752,"realme 15 Pro 5G (12GB RAM, 256GB Storage) | Snapdragon 7 Gen 4 | 7000mAh Battery | IP69 Top-Tier Waterproof | Velvet Green",realme,35999,39999,35999,Available,https://www.vijaysales.com/p/P241741/241752/realme-15-pro-5g-12gb-ram-256gb-storage-velvet-green,https://vsprod.vijaysales.com/media/catalog/product/r/e/realme-15-pro-green_1_.jpg,Electronics > Mobiles and Accessories > Mobiles > Smartphones,,
2026-02-07,2026-02-07 08:46:31,mobiles,241750,"realme 15 Pro 5G (12GB RAM, 256GB Storage) | Snapdragon 7 Gen 4 | 7000mAh Battery | IP69 Top-Tier Waterproof | Flowing Silver",realme,35999,39999,35999,Available,https://www.vijaysales.com/p/P241741/241750/realme-15-pro-5g-12gb-ram-256gb-storage-flowing-silver,https://vsprod.vijaysales.com/media/catalog/product/-/o/-original-imahe4eqffybjznz.jpg,Electronics > Mobiles and Accessories > Mobiles > Smartphones,,
2026-02-07,2026-02-07 08:46:31,mobiles,241749,"realme 15 Pro 5G (8GB RAM, 256GB Storage) | Snapdragon 7 Gen 4 | 7000mAh Battery | IP69 Top-Tier Waterproof | Velvet Green",realme,33999,37999,33999,Available,https://www.vijaysales.com/p/P241741/241749/realme-15-pro-5g-8gb-ram-256gb-storage-velvet-green,https://vsprod.vijaysales.com/media/catalog/product/r/e/realme-15-pro-green_1__3.jpg,Electronics > Mobiles and Accessories > Mobiles > Smartphones,,
2026-02-07,2026-02-07 08:46:31,mobiles,241747,"realme 15 Pro 5G (8GB RAM, 256GB Storage) | Snapdragon 7 Gen 4 | 7000mAh Battery | IP69 Top-Tier Waterproof | Flowing Silver",realme,33999,37999,33999,Available,https://www.vijaysales.com/p/P241741/241747/realme-15-pro-5g-8gb-ram-256gb-storage-flowing-silver,https://vsprod.vijaysales.com/media/catalog/product/-/o/-original-imahe4eqffybjznz_3.jpg,Electronics > Mobiles and Accessories > Mobiles > Smartphones,,
2026-02-07,2026-02-07 08:46:31,mobiles,241743,"realme 15 Pro 5G (8GB RAM, 128GB Storage) | Snapdragon 7 Gen 4 | 7000mAh Battery | IP69 Top-Tier Waterproof | Velvet Green",realme,31999,35999,31999,Available,https://www.vijaysales.com/p/P241741/241743/realme-15-pro-5g-8gb-ram-128gb-storage-velvet-green,https://vsprod.vijaysales.com/media/catalog/product/r/e/realme-15-pro-green_1__2.jpg,Electronics > Mobiles and Accessories > Mobiles > Smartphones,,
2026-02-07,2026-02-07 08:46:31,mobiles,241738,"realme 15 5G (12GB RAM, 256GB Storage) | MediaTek Dimensity 7300+ | 7000mAh Battery | IP69 Top-Tier Waterproof | Flowing Silver",realme,28990,30999,28990,Available,https://www.vijaysales.com/p/P241732/241738/realme-15-5g-12gb-ram-256gb-storage-flowing-silver,https://vsprod.vijaysales.com/media/catalog/product/f/l/flowing_silver_1__2.jpg,Electronics > Mobiles and Accessories > Mobiles > Smartphones,,
2026-02-07,2026-02-07 08:46:31,mobiles,241737,"realme 15 5G (8GB RAM, 256GB Storage) | MediaTek Dimensity 7300+ | 7000mAh Battery | IP69 Top-Tier Waterproof | Velvet Green",realme,27999,31999,27999,Available,https://www.vijaysales.com/p/P241732/241737/realme-15-5g-8gb-ram-256gb-storage-velvet-green,https://vsprod.vijaysales.com/media/catalog/product/v/e/velvet_green_images_1__1.jpg,Electronics > Mobiles and Accessories > Mobiles > Smartphones,,
2026-02-07,2026-02-07 08:46:31,mobiles,241736,"realme 15 5G (8GB RAM, 256GB Storage) | MediaTek Dimensity 7300+ | 7000mAh Battery | IP69 Top-Tier Waterproof | Silk Pink",realme,27999,31999,27999,Available,https://www.vijaysales.com/p/P241732/241736/realme-15-5g-8gb-ram-256gb-storage-silk-pink,https://vsprod.vijaysales.com/media/catalog/product/s/i/silk_pink_realme_15_1__1.jpg,Electronics > Mobiles and Accessories > Mobiles > Smartphones,,
2026-02-07,2026-02-07 08:46:31,mobiles,241735,"realme 15 5G (8GB RAM, 256GB Storage) | MediaTek Dimensity 7300+ | 7000mAh Battery | IP69 Top-Tier Waterproof | Flowing Silver",realme,27999,31999,27999,Available,https://www.vijaysales.com/p/P241732/241735/realme-15-5g-8gb-ram-256gb-storage-flowing-silver,https://vsprod.vijaysales.com/media/catalog/product/f/l/flowing_silver_1__1.jpg,Electronics > Mobiles and Accessories > Mobiles > Smartphones,,
2026-02-07,2026-02-07 08:46:31,mobiles,241734,"realme 15 5G (8GB RAM, 128GB Storage) | MediaTek Dimensity 7300+ | 7000mAh Battery | IP69 Top-Tier Waterproof | Velvet Green",realme,25999,29999,25999,Available,https://www.vijaysales.com/p/P241732/241734/realme-15-5g-8gb-ram-128gb-storage-velvet-green,https://vsprod.vijaysales.com/media/catalog/product/v/e/velvet_green_images_1_.jpg,Electronics > Mobiles and Accessories > Mobiles > Smartphones,,
2026-02-07,2026-02-07 08:46:31,mobiles,241733,"realme 15 5G (8GB RAM, 128GB Storage) | MediaTek Dimensity 7300+ | 7000mAh Battery | IP69 Top-Tier Waterproof | Silk Pink",realme,25999,29999,25999,Unavailable,https://www.vijaysales.com/p/P241732/241733/realme-15-5g-8gb-ram-128gb-storage-silk-pink,https://vsprod.vijaysales.com/media/catalog/product/s/i/silk_pink_realme_15_1_.jpg,Electronics > Mobiles and Accessories > Mobiles > Smartphones,,
2026-02-07,2026-02-07 08:46:31,mobiles,241732,"realme 15 5G (8GB RAM, 128GB Storage) | MediaTek Dimensity 7300+ | 7000mAh Battery | IP69 Top-Tier Waterproof | Flowing Silver",realme,25999,29999,25999,Available,https://www.vijaysales.com/p/P241732/241732/realme-15-5g-8gb-ram-128gb-storage-flowing-silver,https://vsprod.vijaysales.com/media/catalog/product/f/l/flowing_silver_1_.jpg,Electronics > Mobiles and Accessories > Mobiles > Smartphones,,
2026-02-07,2026-02-07 08:46:31,mobiles,241429,"Redmi Note 14 Pro Plus 5G (8GB RAM, 256GB Storage) | Snapdragon 7s Gen 3 | 6200mAh Battery | 6.67-inch 120Hz Display | Champagne Gold",Redmi,28990,36999,28990,Available,https://www.vijaysales.com/p/P235705/241429/redmi-note-14-pro-plus-5g-8gb-ram-256gb-storage-champagne-gold,https://vsprod.vijaysales.com/media/catalog/product/r/e/redmi-note-14-pro-plus-gold_1__2.jpg,Electronics > Mobiles and Accessories > Mobiles > Smartphones,,
2026-02-07,2026-02-07 08:46:31,mobiles,241428,"Redmi Note 14 Pro Plus 5G (8GB RAM, 128GB Storage) | Snapdragon 7s Gen 3 | 6200mAh Battery | 6.67-inch 120Hz Display | Champagne Gold",Redmi,26990,34999,26990,Available,https://www.vijaysales.com/p/P235705/241428/redmi-note-14-pro-plus-5g-8gb-ram-128gb-storage-champagne-gold,https://vsprod.vijaysales.com/media/catalog/product/r/e/redmi-note-14-pro-plus-gold_1__1.jpg,Electronics > Mobiles and Accessories > Mobiles > Smartphones,,
2026-02-07,2026-02-07 08:46:31,mobiles,241427,"Redmi Note 14 Pro 5G (8GB RAM, 256GB Storage) | MediaTek Dimensity 7300-Ultra | 5500mAh Battery | 6.67-inch 120Hz Display | Champagne Gold",Redmi,23990,30999,23990,Available,https://www.vijaysales.com/p/P235696/241427/redmi-note-14-pro-5g-8gb-ram-256gb-storage-champagne-gold,https://vsprod.vijaysales.com/media/catalog/product/r/e/redmi-note-14-pro-gold_1__1.jpg,Electronics > Mobiles and Accessories > Mobiles > Smartphones,,
2026-02-07,2026-02-07 08:46:31,mobiles,241426,"Redmi Note 14 Pro 5G (8GB RAM, 128GB Storage) | MediaTek Dimensity 7300-Ultra | 5500mAh Battery | 6.67-inch 120Hz Display | Champagne Gold",Redmi,21990,28999,21990,Available,https://www.vijaysales.com/p/P235696/241426/redmi-note-14-pro-5g-8gb-ram-128gb-storage-champagne-gold,https://vsprod.vijaysales.com/media/catalog/product/r/e/redmi-note-14-pro-gold_1_.jpg,Electronics > Mobiles and Accessories > Mobiles > Smartphones,,
2026-02-07,2026-02-07 08:46:31,mobiles,241166,"vivo T4 Lite 5G (8GB RAM, 256GB Storage) | Dimensity 6300 | 6000mAh Battery | 1000 nits Brightness | Prism Blue",Vivo,14999,16999,14999,Unavailable,https://www.vijaysales.com/p/P241161/241166/vivo-t4-lite-5g-8gb-ram-256gb-storage-prism-blue,https://vsprod.vijaysales.com/media/catalog/product/v/i/vivo-t4-lite-blue_1__3.jpg,Electronics > Mobiles and Accessories > Mobiles > Smartphones,,
2026-02-07,2026-02-07 08:46:31,mobiles,241161,"vivo T4 Lite 5G (4GB RAM, 64GB Storage) | Dimensity 6300 | 6000mAh Battery | 1000 nits Brightness | Titanium Gold",Vivo,13499,12999,10999,Unavailable,https://www.vijaysales.com/p/P241161/241161/vivo-t4-lite-5g-4gb-ram-64gb-storage-titanium-gold,https://vsprod.vijaysales.com/media/catalog/product/v/i/vivo-t4-lite-gold_1_.jpg,Electronics > Mobiles and Accessories > Mobiles > Smartphones,,
2026-02-07,2026-02-07 08:46:31,mobiles,241160,"vivo T4 Lite 5G (4GB RAM, 64GB Storage) | Dimensity 6300 | 6000mAh Battery | 1000 nits Brightness | Prism Blue",Vivo,10999,12999,10999,Unavailable,https://www.vijaysales.com/p/P241161/241160/vivo-t4-lite-5g-4gb-ram-64gb-storage-prism-blue,https://vsprod.vijaysales.com/media/catalog/product/v/i/vivo-t4-lite-blue_1_.jpg,Electronics > Mobiles and Accessories > Mobiles > Smartphones,,
2026-02-07,2026-02-07 08:46:31,mobiles,240994,"Oppo K13x 5G (6GB RAM, 128GB Storage) | MediaTek Dimensity 6300 | 6000mAh Battery | IP65 Water and Dust Resistance | Midnight Violet",Oppo,16999,16999,16999,Unavailable,https://www.vijaysales.com/p/P240991/240994/oppo-k13x-5g-6gb-ram-128gb-storage-midnight-violet,https://vsprod.vijaysales.com/media/catalog/product/k/1/k13x-purple-1_1.jpg,Electronics > Mobiles and Accessories > Mobiles > Smartphones,,
2026-02-07,2026-02-07 08:46:31,mobiles,240905,"Oppo Reno14 Pro 5G (12GB RAM, 512GB Storage) | MediaTek Dimensity 8450 | 6200mAh Battery | IP68 & IP69 Water and Dust Resistant | Titanium Grey",Oppo,60999,60999,60999,Unavailable,https://www.vijaysales.com/p/P240901/240905/oppo-reno14-pro-5g-12gb-ram-512gb-storage-titanium-grey,https://vsprod.vijaysales.com/media/catalog/product/o/p/opporeno14pro-grey_1__1.jpg,Electronics > Mobiles and Accessories > Mobiles > Smartphones,,
2026-02-07,2026-02-07 08:46:31,mobiles,240904,"Oppo Reno14 Pro 5G (12GB RAM, 512GB Storage) | MediaTek Dimensity 8450 | 6200mAh Battery | IP68 & IP69 Water and Dust Resistant | Pearl White",Oppo,60999,60999,60999,Available,https://www.vijaysales.com/p/P240901/240904/oppo-reno14-pro-5g-12gb-ram-512gb-storage-pearl-white,https://vsprod.vijaysales.com/media/catalog/product/r/e/reno14pro-white_1__1.jpg,Electronics > Mobiles and Accessories > Mobiles > Smartphones,,
2026-02-07,2026-02-07 08:46:31,mobiles,240901,"Oppo Reno14 Pro 5G (12GB RAM, 256GB Storage) | MediaTek Dimensity 8450 | 6200mAh Battery | IP68 & IP69 Water and Dust Resistant | Pearl White",Oppo,54999,54999,54999,Available,https://www.vijaysales.com/p/P240901/240901/oppo-reno14-pro-5g-12gb-ram-256gb-storage-pearl-white,https://vsprod.vijaysales.com/media/catalog/product/r/e/reno14pro-white_1_.jpg,Electronics > Mobiles and Accessories > Mobiles > Smartphones,,
2026-02-07,2026-02-07 08:46:31,mobiles,240900,"Oppo Reno14 5G (12GB RAM, 512GB Storage) | MediaTek Dimensity 8350 | 6000mAh Battery | IP68 & IP69 Water and Dust Resistant | Pearl White",Oppo,47999,47999,47999,Available,https://www.vijaysales.com/p/P240896/240900/oppo-reno14-5g-12gb-ram-512gb-storage-pearl-white,https://vsprod.vijaysales.com/media/catalog/product/o/p/oppo-reno14-white_1__1.jpg,Electronics > Mobiles and Accessories > Mobiles > Smartphones,,
2026-02-07,2026-02-07 08:46:31,mobiles,240899,"Oppo Reno14 5G (12GB RAM, 512GB Storage) | MediaTek Dimensity 8350 | 6000mAh Battery | IP68 & IP69 Water and Dust Resistant | Forest Green",Oppo,47999,47999,47999,Unavailable,https://www.vijaysales.com/p/P240896/240899/oppo-reno14-5g-12gb-ram-512gb-storage-forest-green,https://vsprod.vijaysales.com/media/catalog/product/o/p/oppo-reno14-green_1_.jpg,Electronics > Mobiles and Accessories > Mobiles > Smartphones,,
2026-02-07,2026-02-07 08:46:31,mobiles,240898,"Oppo Reno14 5G (8GB RAM, 256GB Storage) | MediaTek Dimensity 8350 | 6000mAh Battery | IP68 & IP69 Water and Dust Resistant | Pearl White",Oppo,42999,42999,42999,Available,https://www.vijaysales.com/p/P240896/240898/oppo-reno14-5g-8gb-ram-256gb-storage-pearl-white,https://vsprod.vijaysales.com/media/catalog/product/1/-/1-resized_1.jpg,Electronics > Mobiles and Accessories > Mobiles > Smartphones,,
2026-02-07,2026-02-07 08:46:31,mobiles,240897,"Oppo Reno14 5G (8GB RAM, 256GB Storage) | MediaTek Dimensity 8350 | 6000mAh Battery | IP68 & IP69 Water and Dust Resistant | Mint Green",Oppo,42999,42999,42999,Unavailable,https://www.vijaysales.com/p/P240896/240897/oppo-reno14-5g-mint-green-8gb-ram-256gb-storage-with-no-cost-emi-exchange-available,https://vsprod.vijaysales.com/media/catalog/product/o/p/oppo_reno_14_mint_green_1_.jpg,Electronics > Mobiles and Accessories > Mobiles > Smartphones,,
2026-02-07,2026-02-07 08:46:31,mobiles,240895,"Oppo Reno14 5G (12GB RAM, 256GB Storage) | MediaTek Dimensity 8350 | 6000mAh Battery | IP68 & IP69 Water and Dust Resistant | Pearl White",Oppo,44999,44999,44999,Unavailable,https://www.vijaysales.com/p/P240896/240895/oppo-reno14-5g-12gb-ram-256gb-storage-pearl-white,https://vsprod.vijaysales.com/media/catalog/product/o/p/oppo-reno14-white_1_.jpg,Electronics > Mobiles and Accessories > Mobiles > Smartphones,,
2026-02-07,2026-02-07 08:46:31,mobiles,240894,"Oppo Reno14 5G (12GB RAM, 256GB Storage) | MediaTek Dimensity 8350 | 6000mAh Battery | IP68 & IP69 Water and Dust Resistant | Mint Green",Oppo,44999,44999,44999,Unavailable,https://www.vijaysales.com/p/P240896/240894/oppo-reno14-5g-mint-green-12gb-ram-256gb-storage-with-no-cost-emi-exchange-available,https://vsprod.vijaysales.com/media/catalog/product/o/p/oppo_reno_14_mint_green_1__1.jpg,Electronics > Mobiles and Accessories > Mobiles > Smartphones,,
2026-02-07,2026-02-07 08:46:31,mobiles,240892,"Oppo Reno14 5G (12GB RAM, 256GB Storage) | MediaTek Dimensity 8350 | 6000mAh Battery | IP68 & IP69 Water and Dust Resistant | Forest Green",Oppo,44999,44999,44999,Unavailable,https://www.vijaysales.com/p/P240896/240892/oppo-reno14-5g-12gb-ram-256gb-storage-forest-green,https://vsprod.vijaysales.com/media/catalog/product/o/p/oppo-reno14-green_1_.jpg,Electronics > Mobiles and Accessories > Mobiles > Smartphones,,
2026-02-07,2026-02-07 08:46:31,mobiles,240848,"vivo Y400 Pro 5G (8GB RAM, 256GB Storage) | Dimensity 7300 | 5500mAh Battery | 90W Charging | Nebula Purple",Vivo,27999,31999,27999,Available,https://www.vijaysales.com/p/P240840/240848/vivo-y400-pro-5g-8gb-ram-256gb-storage-nebula-purple,https://vsprod.vijaysales.com/media/catalog/product/v/i/vivoy400pro-purple_1__1.jpg,Electronics > Mobiles and Accessories > Mobiles > Smartphones,,
2026-02-07,2026-02-07 08:46:31,mobiles,240847,"vivo Y400 Pro 5G (8GB RAM, 256GB Storage) | Dimensity 7300 | 5500mAh Battery | 90W Charging | Fest Gold",Vivo,27999,31999,27999,Available,https://www.vijaysales.com/p/P240840/240847/vivo-y400-pro-5g-8gb-ram-256gb-storage-fest-gold,https://vsprod.vijaysales.com/media/catalog/product/v/i/vivoy400pro-gold_1__1.jpg,Electronics > Mobiles and Accessories > Mobiles > Smartphones,,
2026-02-07,2026-02-07 08:46:31,mobiles,240842,"vivo Y400 Pro 5G (8GB RAM, 128GB Storage) | Dimensity 7300 | 5500mAh Battery | 90W Charging | Nebula Purple",Vivo,25999,29999,25999,Available,https://www.vijaysales.com/p/P240840/240842/vivo-y400-pro-5g-8gb-ram-128gb-storage-nebula-purple,https://vsprod.vijaysales.com/media/catalog/product/v/i/vivoy400pro-purple_1_.jpg,Electronics > Mobiles and Accessories > Mobiles > Smartphones,,
2026-02-07,2026-02-07 08:46:31,mobiles,240841,"vivo Y400 Pro 5G (8GB RAM, 128GB Storage) | Dimensity 7300 | 5500mAh Battery | 90W Charging | Fest Gold",Vivo,25999,29999,25999,Available,https://www.vijaysales.com/p/P240840/240841/vivo-y400-pro-5g-8gb-ram-128gb-storage-fest-gold,https://vsprod.vijaysales.com/media/catalog/product/v/i/vivoy400pro-gold_1_.jpg,Electronics > Mobiles and Accessories > Mobiles > Smartphones,,
2026-02-07,2026-02-07 08:46:31,mobiles,240840,"vivo Y400 Pro 5G (8GB RAM, 128GB Storage) | Dimensity 7300 | 5500mAh Battery | 90W Charging | Freestyle White",Vivo,25999,29999,25999,Available,https://www.vijaysales.com/p/P240840/240840/vivo-y400-pro-5g-8gb-ram-128gb-storage-freestyle-white,https://vsprod.vijaysales.com/media/catalog/product/v/i/vivoy400pro-white_1_.jpg,Electronics > Mobiles and Accessories > Mobiles > Smartphones,,
2026-02-07,2026-02-07 08:46:31,mobiles,240834,"Oppo A5 5G (6GB RAM, 128GB Storage) | MediaTek Dimensity 6300 | 6000mAh Battery | IP65 Water and Dust Resistance | Aurora Green",Oppo,16499,19499,16499,Available,https://www.vijaysales.com/p/P240834/240834/oppo-a5-5g-6gb-ram-128gb-storage-aurora-green,https://vsprod.vijaysales.com/media/catalog/product/o/p/oppo-a5-5g-green-1.jpg,Electronics > Mobiles and Accessories > Mobiles > Smartphones,,
2026-02-07,2026-02-07 08:46:31,mobiles,240833,"Oppo A5 5G (8GB RAM, 128GB Storage) | MediaTek Dimensity 6300 | 6000mAh Battery | IP65 Water and Dust Resistance | Aurora Green",Oppo,17999,20999,17999,Available,https://www.vijaysales.com/p/P240834/240833/oppo-a5-5g-8gb-ram-128gb-storage-aurora-green,https://vsprod.vijaysales.com/media/catalog/product/o/p/oppo-a5-5g-green-1_1.jpg,Electronics > Mobiles and Accessories > Mobiles > Smartphones,,
2026-02-07,2026-02-07 08:46:31,mobiles,240832,"Oppo A5 5G (8GB RAM, 128GB Storage) | MediaTek Dimensity 6300 | 6000mAh Battery | IP65 Water and Dust Resistance | Mist White",Oppo,17999,20999,17999,Available,https://www.vijaysales.com/p/P240834/240832/oppo-a5-5g-8gb-ram-128gb-storage-mist-white,https://vsprod.vijaysales.com/media/catalog/product/o/p/oppo-a5-5g-white-1_1.jpg,Electronics > Mobiles and Accessories > Mobiles > Smartphones,,
2026-02-07,2026-02-07 08:46:31,mobiles,240187,"realme C73 5G (4GB RAM, 128GB Storage) | MediaTek Dimensity 6300 | 6000mAh Battery | Military-Grade Shock Resistance | Onyx Black",realme,12999,13999,12999,Available,https://www.vijaysales.com/p/P240184/240187/realme-c73-5g-4gb-ram-128gb-storage-onyx-black,https://vsprod.vijaysales.com/media/catalog/product/r/e/realmec73black_1__1.jpg,Electronics > Mobiles and Accessories > Mobiles > Smartphones,,
2026-02-07,2026-02-07 08:46:31,mobiles,240186,"realme C73 5G (4GB RAM, 128GB Storage) | MediaTek Dimensity 6300 | 6000mAh Battery | Military-Grade Shock Resistance | (Jade Green",realme,12999,13999,12999,Available,https://www.vijaysales.com/p/P240184/240186/realme-c73-5g-4gb-ram-128gb-storage-jade-green,https://vsprod.vijaysales.com/media/catalog/product/r/e/realmec73green_1__1.jpg,Electronics > Mobiles and Accessories > Mobiles > Smartphones,,
2026-02-07,2026-02-07 08:46:31,mobiles,240185,"realme C73 5G (4GB RAM, 128GB Storage) | MediaTek Dimensity 6300 | 6000mAh Battery | Military-Grade Shock Resistance | Crystal Purple",realme,12999,13999,12999,Unavailable,https://www.vijaysales.com/p/P240184/240185/realme-c73-5g-4gb-ram-128gb-storage-crystal-purple,https://vsprod.vijaysales.com/media/catalog/product/r/e/realmec73pueple_1__1.jpg,Electronics > Mobiles and Accessories > Mobiles > Smartphones,,
2026-02-07,2026-02-07 08:46:31,mobiles,240184,"realme C73 5G (4GB RAM, 64GB Storage) | MediaTek Dimensity 6300 | 6000mAh Battery | Military-Grade Shock Resistance | Onyx Black",realme,11999,12999,11999,Available,https://www.vijaysales.com/p/P240184/240184/realme-c73-5g-4gb-ram-64gb-storage-onyx-black,https://vsprod.vijaysales.com/media/catalog/product/r/e/realmec73black_1_.jpg,Electronics > Mobiles and Accessories > Mobiles > Smartphones,,
2026-02-07,2026-02-07 08:46:31,mobiles,240171,"Tecno POVA Curve 5G (8GB RAM, 128GB Storage) | Dimensity 7300 | 5500mAh Battery | Smarter with Tecno AI | Geek Black",Tecno,17999,19999,17999,Available,https://www.vijaysales.com/p/P240171/240171/tecno-pova-curve-5g-8gb-ram-128gb-storage-geek-black,https://vsprod.vijaysales.com/media/catalog/product/-/o/-original-imahctmxtjhzqzyg_1.jpg,Electronics > Mobiles and Accessories > Mobiles > Smartphones,,
2026-02-07,2026-02-07 08:46:31,mobiles,240170,"Tecno POVA Curve 5G (8GB RAM, 128GB Storage) | Dimensity 7300 | 5500mAh Battery | Smarter with Tecno AI | Neon Cyan",Tecno,17999,19999,17999,Available,https://www.vijaysales.com/p/P240171/240170/tecno-pova-curve-5g-8gb-ram-128gb-storage-neon-cyan,https://vsprod.vijaysales.com/media/catalog/product/-/o/-original-imahctmx6yhzhghw_1.jpg,Electronics > Mobiles and Accessories > Mobiles > Smartphones,,
2026-02-07,2026-02-07 08:46:31,mobiles,240169,"Tecno POVA Curve 5G (8GB RAM, 128GB Storage) | Dimensity 7300 | 5500mAh Battery | Smarter with Tecno AI | Magic Silver",Tecno,17999,19999,17999,Available,https://www.vijaysales.com/p/P240171/240169/tecno-pova-curve-5g-8gb-ram-128gb-storage-magic-silver,https://vsprod.vijaysales.com/media/catalog/product/i/m/image1_1.jpg,Electronics > Mobiles and Accessories > Mobiles > Smartphones,,
2026-02-07,2026-02-07 08:46:31,mobiles,240150,"OnePlus 13s 5G (12GB RAM, 512GB Storage) | Snapdragon 8 Elite | 5850mAh Battery with 80W Charge | Lifetime Display Warranty | Black Velvet",OnePlus,55999,62999,59999,Available,https://www.vijaysales.com/p/P240146/240150/oneplus-13s-5g-12gb-ram-512gb-storage-black-velvet,https://vsprod.vijaysales.com/media/catalog/product/2/4/240146_1__1.jpg,Electronics > Mobiles and Accessories > Mobiles > Smartphones,,
2026-02-07,2026-02-07 08:46:31,mobiles,240149,"OnePlus 13s 5G (12GB RAM, 512GB Storage) | Snapdragon 8 Elite | 5850mAh Battery with 80W Charge | Lifetime Display Warranty | Green Silk",OnePlus,55999,62999,59999,Available,https://www.vijaysales.com/p/P240146/240149/oneplus-13s-5g-12gb-ram-512gb-storage-green-silk,https://vsprod.vijaysales.com/media/catalog/product/2/4/240147_1__1.jpg,Electronics > Mobiles and Accessories > Mobiles > Smartphones,,
2026-02-07,2026-02-07 08:46:31,mobiles,240148,"OnePlus 13s 5G (12GB RAM, 256GB Storage) | Snapdragon 8 Elite | 5850mAh Battery with 80W Charge | Lifetime Display Warranty | Pink Satin",OnePlus,50999,57999,54990,Available,https://www.vijaysales.com/p/P240146/240148/oneplus-13s-5g-12gb-ram-256gb-storage-pink-satin,https://vsprod.vijaysales.com/media/catalog/product/2/4/240148_1_.jpg,Electronics > Mobiles and Accessories > Mobiles > Smartphones,,
2026-02-07,2026-02-07 08:46:31,mobiles,239981,"Oppo A5x 5G (4GB RAM, 128GB Storage) | MediaTek Dimensity 6300 | 6000mAh Battery | IP65 Water and Dust Resistance | Midnight Blue",Oppo,12499,13999,12499,Unavailable,https://www.vijaysales.com/p/P239980/239981/oppo-a5x-5g-4gb-ram-128gb-storage-midnight-blue,https://vsprod.vijaysales.com/media/catalog/product/2/3/239981_1_.jpg,Electronics > Mobiles and Accessories > Mobiles > Smartphones,,
2026-02-07,2026-02-07 08:46:31,mobiles,239980,"Oppo A5x 5G (4GB RAM, 128GB Storage) | MediaTek Dimensity 6300 | 6000mAh Battery | IP65 Water and Dust Resistance | Laser White",Oppo,12499,13999,12499,Available,https://www.vijaysales.com/p/P239980/239980/oppo-a5x-5g-4gb-ram-128gb-storage-laser-white,https://vsprod.vijaysales.com/media/catalog/product/2/3/239980_1_.jpg,Electronics > Mobiles and Accessories > Mobiles > Smartphones,,
2026-02-07,2026-02-07 08:46:31,mobiles,239957,"realme GT 7T 5G (12GB RAM, 512GB Storage) | Dimensity 8400-Max | 7000mAh Battery | 120W Fast Charging | Racing Yellow",realme,41999,41999,41999,Unavailable,https://www.vijaysales.com/p/P239946/239957/realme-gt-7-5g-12gb-ram-512gb-storage-racing-yellow,https://vsprod.vijaysales.com/media/catalog/product/r/e/realme-gt-7t-yellow_1__1_1.jpg,Electronics > Mobiles and Accessories > Mobiles > Smartphones,,
2026-02-07,2026-02-07 08:46:31,mobiles,239956,"realme GT 7T 5G (12GB RAM, 512GB Storage) | Dimensity 8400-Max | 7000mAh Battery | 120W Fast Charging | IceSense Blue",realme,41999,41999,41999,Unavailable,https://www.vijaysales.com/p/P239946/239956/realme-gt-7-5g-12gb-ram-512gb-storage-icesense-blue,https://vsprod.vijaysales.com/media/catalog/product/r/e/realme-gt-7t-blue_1__1.jpg,Electronics > Mobiles and Accessories > Mobiles > Smartphones,,
2026-02-07,2026-02-07 08:46:31,mobiles,239955,"realme GT 7T 5G (12GB RAM, 512GB Storage) | Dimensity 8400-Max | 7000mAh Battery | 120W Fast Charging | IceSense Black",realme,41999,41999,41999,Unavailable,https://www.vijaysales.com/p/P239946/239955/realme-gt-7-5g-12gb-ram-512gb-storage-icesense-black,https://vsprod.vijaysales.com/media/catalog/product/r/e/realme-gt-7t-black_1__1_1.jpg,Electronics > Mobiles and Accessories > Mobiles > Smartphones,,
2026-02-07,2026-02-07 08:46:31,mobiles,239951,"realme GT 7T 5G (12GB RAM, 256GB Storage) | Dimensity 8400-Max | 7000mAh Battery | 120W Fast Charging | Racing Yellow",realme,37999,37999,37999,Available,https://www.vijaysales.com/p/P239946/239951/realme-gt-7-5g-12gb-ram-256gb-storage-racing-yellow,https://vsprod.vijaysales.com/media/catalog/product/r/e/realme-gt-7t-yellow_1__1.jpg,Electronics > Mobiles and Accessories > Mobiles > Smartphones,,
2026-02-07,2026-02-07 08:46:31,mobiles,239950,"realme GT 7T 5G (12GB RAM, 256GB Storage) | Dimensity 8400-Max | 7000mAh Battery | 120W Fast Charging | IceSense Blue",realme,37999,37999,37999,Available,https://www.vijaysales.com/p/P239946/239950/realme-gt-7-5g-12gb-ram-256gb-storage-icesense-blue,https://vsprod.vijaysales.com/media/catalog/product/r/e/realme-gt-7t-blue_1_.jpg,Electronics > Mobiles and Accessories > Mobiles > Smartphones,,
2026-02-07,2026-02-07 08:46:31,mobiles,239949,"realme GT 7T 5G (12GB RAM, 256GB Storage) | Dimensity 8400-Max | 7000mAh Battery | 120W Fast Charging | IceSense Black",realme,37999,37999,37999,Available,https://www.vijaysales.com/p/P239946/239949/realme-gt-7-5g-12gb-ram-256gb-storage-icesense-black,https://vsprod.vijaysales.com/media/catalog/product/r/e/realme-gt-7t-black_1__1.jpg,Electronics > Mobiles and Accessories > Mobiles > Smartphones,,
2026-02-07,2026-02-07 08:46:31,mobiles,239948,"realme GT 7T 5G (8GB RAM, 256GB Storage) | Dimensity 8400-Max | 7000mAh Battery | 120W Fast Charging | Racing Yellow",realme,34999,34999,34999,Unavailable,https://www.vijaysales.com/p/P239946/239948/realme-gt-7-5g-8gb-ram-256gb-storage-racing-yellow,https://vsprod.vijaysales.com/media/catalog/product/r/e/realme-gt-7t-yellow_1__1_2.jpg,Electronics > Mobiles and Accessories > Mobiles > Smartphones,,
2026-02-07,2026-02-07 08:46:31,mobiles,239947,"realme GT 7T 5G (8GB RAM, 256GB Storage) | Dimensity 8400-Max | 7000mAh Battery | 120W Fast Charging | IceSense Blue",realme,34999,34999,34999,Unavailable,https://www.vijaysales.com/p/P239946/239947/realme-gt-7-5g-8gb-ram-256gb-storage-icesense-blue,https://vsprod.vijaysales.com/media/catalog/product/r/e/realme-gt-7t-blue_1__2.jpg,Electronics > Mobiles and Accessories > Mobiles > Smartphones,,
2026-02-07,2026-02-07 08:46:31,mobiles,239946,"realme GT 7T 5G (8GB RAM, 256GB Storage) | Dimensity 8400-Max | 7000mAh Battery | 120W Fast Charging | IceSense Black",realme,34999,34999,34999,Available,https://www.vijaysales.com/p/P239946/239946/realme-gt-7-5g-8gb-ram-256gb-storage-icesense-black,https://vsprod.vijaysales.com/media/catalog/product/r/e/realme-gt-7t-black_1_.jpg,Electronics > Mobiles and Accessories > Mobiles > Smartphones,,
2026-02-07,2026-02-07 08:46:31,mobiles,239931,"Samsung Galaxy S25 Edge 5G (12GB RAM, 512GB Storage) Titanium Silver",Samsung,112300,121999,112300,Unavailable,https://www.vijaysales.com/p/P239926/239931/samsung-galaxy-s25-edge-5g-12gb-ram-512gb-storage-titanium-silver,https://vsprod.vijaysales.com/media/catalog/product/s/2/s25_titanium_silver_1.jpg,Electronics > Mobiles and Accessories > Mobiles > Smartphones,,
2026-02-07,2026-02-07 08:46:31,mobiles,239930,"Samsung Galaxy S25 Edge 5G (12GB RAM, 512GB Storage) Titanium Jetblack",Samsung,112300,121999,112300,Unavailable,https://www.vijaysales.com/p/P239926/239930/samsung-galaxy-s25-edge-5g-12gb-ram-512gb-storage-titanium-jetblack,https://vsprod.vijaysales.com/media/catalog/product/s/2/s25_titanium_jetblack_1.jpg,Electronics > Mobiles and Accessories > Mobiles > Smartphones,,
2026-02-07,2026-02-07 08:46:31,mobiles,239927,"Samsung Galaxy S25 Edge 5G (12GB RAM, 256GB Storage) Titanium Silver",Samsung,98644,109999,98644,Unavailable,https://www.vijaysales.com/p/P239926/239927/samsung-galaxy-s25-edge-5g-12gb-ram-256gb-storage-titanium-silver,https://vsprod.vijaysales.com/media/catalog/product/s/2/s25_titanium_silver.jpg,Electronics > Mobiles and Accessories > Mobiles > Smartphones,,
2026-02-07,2026-02-07 08:46:31,mobiles,239926,"Samsung Galaxy S25 Edge 5G (12GB RAM, 256GB Storage) Titanium Jetblack",Samsung,98644,109999,98644,Unavailable,https://www.vijaysales.com/p/P239926/239926/samsung-galaxy-s25-edge-5g-12gb-ram-256gb-storage-titanium-jetblack,https://vsprod.vijaysales.com/media/catalog/product/s/2/s25_titanium_jetblack.jpg,Electronics > Mobiles and Accessories > Mobiles > Smartphones,,
2026-02-07,2026-02-07 08:46:31,mobiles,239853,"Samsung Galaxy A26 5G (6GB RAM, 128GB Storage) Awesome White",Samsung,20690,23499,20690,Available,https://www.vijaysales.com/p/P238975/239853/samsung-galaxy-a26-5g-6-gb-ram-128-gb-storage-awesome-white,https://vsprod.vijaysales.com/media/catalog/product/2/3/239853_1_.jpg,Electronics > Mobiles and Accessories > Mobiles > Smartphones,,
2026-02-07,2026-02-07 08:46:31,mobiles,239852,"Samsung Galaxy A26 5G (6 GB RAM,128GB  Storage) Awesome Black",Samsung,20690,23499,20690,Available,https://www.vijaysales.com/p/P238975/239852/samsung-galaxy-a26-5g-6-gb-ram-128gb-storage-awesome-black,https://vsprod.vijaysales.com/media/catalog/product/a/w/awesome_black_1__2.jpg,Electronics > Mobiles and Accessories > Mobiles > Smartphones,,
2026-02-07,2026-02-07 08:46:31,mobiles,239851,"Samsung Galaxy A26 5G (6GB RAM, 128GB Storage) Awesome Mint",Samsung,20690,23499,20690,Available,https://www.vijaysales.com/p/P238975/239851/samsung-galaxy-a26-5g-6gb-ram-128gb-storage-awesome-mint,https://vsprod.vijaysales.com/media/catalog/product/2/3/239851_1_.jpg,Electronics > Mobiles and Accessories > Mobiles > Smartphones,,
2026-02-07,2026-02-07 08:46:31,mobiles,239748,"vivo T4 5G (12GB RAM, 256GB Storage) | Snapdragon 7s Gen 3 | 7300mAh Battery | 90W FlashCharge | Phantom Grey",Vivo,26999,29999,26999,Unavailable,https://www.vijaysales.com/p/P239743/239748/vivo-t4-5g-12gb-ram-256gb-storage-phantom-grey,https://vsprod.vijaysales.com/media/catalog/product/v/i/vivo-t4-phantom-grey_1__2.jpg,Electronics > Mobiles and Accessories > Mobiles > Smartphones,,
2026-02-07,2026-02-07 08:46:31,mobiles,239747,"vivo T4 5G (8GB RAM, 256GB Storage) | Snapdragon 7s Gen 3 | 7300mAh Battery | 90W FlashCharge | Phantom Grey",Vivo,24999,27999,24999,Unavailable,https://www.vijaysales.com/p/P239743/239747/vivo-t4-5g-8gb-ram-256gb-storage-phantom-grey,https://vsprod.vijaysales.com/media/catalog/product/v/i/vivo-t4-phantom-grey_1__1.jpg,Electronics > Mobiles and Accessories > Mobiles > Smartphones,,
2026-02-07,2026-02-07 08:46:31,mobiles,239745,"vivo T4 5G (12GB RAM, 256GB Storage) | Snapdragon 7s Gen 3 | 7300mAh Battery | 90W FlashCharge | Emerald Blaze",Vivo,26999,29999,26999,Unavailable,https://www.vijaysales.com/p/P239743/239745/vivo-t4-5g-12gb-ram-256gb-storage-emerald-blaze,https://vsprod.vijaysales.com/media/catalog/product/v/i/vivo-t4-emerald-blaze_1__2.jpg,Electronics > Mobiles and Accessories > Mobiles > Smartphones,,
2026-02-07,2026-02-07 08:46:31,mobiles,239579,"Oppo Mobile K13 5G (8GB RAM, 256GB Storage) | Snapdragon 6 Gen Pro | 7000mAh Battery | 80W SUPERVOOC Fast Charging | Icy Purple",Oppo,24999,24999,24999,Available,https://www.vijaysales.com/p/P239577/239579/oppo-mobile-k13-5g-8gb-ram-256gb-storage-icy-purple,https://vsprod.vijaysales.com/media/catalog/product/i/c/icy_purple_1__1.jpg,Electronics > Mobiles and Accessories > Mobiles > Smartphones,,
2026-02-07,2026-02-07 08:46:31,mobiles,239578,"Oppo Mobile K13 5G (8GB RAM, 128GB Storage) | Snapdragon 6 Gen Pro | 7000mAh Battery | 80W SUPERVOOC Fast Charging | Icy Purple",Oppo,22999,22999,22999,Available,https://www.vijaysales.com/p/P239577/239578/oppo-mobile-k13-5g-8gb-ram-128gb-storage-icy-purple,https://vsprod.vijaysales.com/media/catalog/product/i/c/icy_purple_1_.jpg,Electronics > Mobiles and Accessories > Mobiles > Smartphones,,
2026-02-07,2026-02-07 08:46:31,mobiles,239576,"Oppo Mobile K13 5G (8GB RAM, 128GB Storage) | Snapdragon 6 Gen Pro | 7000mAh Battery | 80W SUPERVOOC Fast Charging | Prism Black",Oppo,22999,22999,22999,Available,https://www.vijaysales.com/p/P239577/239576/oppo-mobile-k13-5g-8gb-ram-128gb-storage-prism-black,https://vsprod.vijaysales.com/media/catalog/product/p/r/prism_black_1_.jpg,Electronics > Mobiles and Accessories > Mobiles > Smartphones,,
2026-02-07,2026-02-07 08:46:31,mobiles,239570,"realme C75 5G (6GB RAM, 128GB Storage) | Dimensity 6300 | 6000mAh Battery | IP64 Dust & Water Resistance | Lily White",realme,13990,16999,13990,Unavailable,https://www.vijaysales.com/p/P239567/239570/realme-c75-5g-6gb-ram-128gb-storage-lily-white,https://vsprod.vijaysales.com/media/catalog/product/r/e/realme_c75_white_1_.jpg,Electronics > Mobiles and Accessories > Mobiles > Smartphones,,
2026-02-07,2026-02-07 08:46:31,mobiles,239569,"realme C75 5G (6GB RAM, 128GB Storage) | Dimensity 6300 | 6000mAh Battery | IP64 Dust & Water Resistance | Midnight Lily",realme,13990,16999,13990,Unavailable,https://www.vijaysales.com/p/P239567/239569/realme-c75-5g-6gb-ram-128gb-storage-midnight-lily,https://vsprod.vijaysales.com/media/catalog/product/r/e/realme_c75_green_1_.jpg,Electronics > Mobiles and Accessories > Mobiles > Smartphones,,
2026-02-07,2026-02-07 08:46:31,mobiles,239568,"realme C75 5G (6GB RAM, 128GB Storage) | Dimensity 6300 | 6000mAh Battery | IP64 Dust & Water Resistance | Purple Blossom",realme,13990,16999,13990,Unavailable,https://www.vijaysales.com/p/P239567/239568/realme-c75-5g-6gb-ram-128gb-storage-purple-blossom,https://vsprod.vijaysales.com/media/catalog/product/r/e/realme_c75_purple_1_.jpg,Electronics > Mobiles and Accessories > Mobiles > Smartphones,,
2026-02-07,2026-02-07 08:46:31,mobiles,239567,"realme C75 5G (4GB RAM, 128GB Storage) | Dimensity 6300 | 6000mAh Battery | IP64 Dust & Water Resistance | Lily White",realme,12990,15999,12990,Unavailable,https://www.vijaysales.com/p/P239567/239567/realme-c75-5g-4gb-ram-128gb-storage-lily-white,https://vsprod.vijaysales.com/media/catalog/product/r/e/realme_c75_white_1__1.jpg,Electronics > Mobiles and Accessories > Mobiles > Smartphones,,
2026-02-07,2026-02-07 08:46:31,mobiles,239566,"realme C75 5G (4GB RAM, 128GB Storage) | Dimensity 6300 | 6000mAh Battery | IP64 Dust & Water Resistance | Midnight Lily",realme,12990,15999,12990,Unavailable,https://www.vijaysales.com/p/P239567/239566/realme-c75-5g-4gb-ram-128gb-storage-midnight-lily,https://vsprod.vijaysales.com/media/catalog/product/r/e/realme_c75_green_1__1.jpg,Electronics > Mobiles and Accessories > Mobiles > Smartphones,,
2026-02-07,2026-02-07 08:46:31,mobiles,239565,"realme C75 5G (4GB RAM, 128GB Storage) | Dimensity 6300 | 6000mAh Battery | IP64 Dust & Water Resistance | Purple Blossom",realme,12990,15999,12990,Unavailable,https://www.vijaysales.com/p/P239567/239565/realme-c75-5g-4gb-ram-128gb-storage-purple-blossom,https://vsprod.vijaysales.com/media/catalog/product/r/e/realme_c75_purple_1__1.jpg,Electronics > Mobiles and Accessories > Mobiles > Smartphones,,
2026-02-07,2026-02-07 08:46:31,mobiles,239557,"vivo Y19 5G (4GB RAM, 64GB Storage) | Dimensity 6300 | 5500mAh Battery | IP64 Rating | Titanium Silver",Vivo,10499,13999,10499,Unavailable,https://www.vijaysales.com/p/P239501/239557/vivo-y19-5g-4gb-ram-64gb-storage-titanium-silver,https://vsprod.vijaysales.com/media/catalog/product/y/1/y19-silver_1_.jpg,Electronics > Mobiles and Accessories > Mobiles > Smartphones,,
2026-02-07,2026-02-07 08:46:31,mobiles,239501,"vivo Y19 5G (4GB RAM, 64GB Storage) | Dimensity 6300 | 5500mAh Battery | IP64 Rating | Majestic Green",Vivo,10499,13999,10499,Unavailable,https://www.vijaysales.com/p/P239501/239501/vivo-y19-5g-4gb-ram-64gb-storage-majestic-green,https://vsprod.vijaysales.com/media/catalog/product/y/1/y19-green_1_.jpg,Electronics > Mobiles and Accessories > Mobiles > Smartphones,,
2026-02-07,2026-02-07 08:46:31,mobiles,239493,"vivo Y19 5G (6GB RAM, 128GB Storage) | Dimensity 6300 | 5500mAh Battery | IP64 Rating | Titanium Silver",Vivo,12999,16499,12999,Unavailable,https://www.vijaysales.com/p/P239501/239493/vivo-y19-5g-6gb-ram-128gb-storage-titanium-silver,https://vsprod.vijaysales.com/media/catalog/product/y/1/y19-silver_1__2.jpg,Electronics > Mobiles and Accessories > Mobiles > Smartphones,,
2026-02-07,2026-02-07 08:46:31,mobiles,239491,"vivo Y19 5G (4GB RAM, 128GB Storage) | Dimensity 6300 | 5500mAh Battery | IP64 Rating | Titanium Silver",Vivo,11499,14999,11499,Unavailable,https://www.vijaysales.com/p/P239501/239491/vivo-y19-5g-4gb-ram-128gb-storage-titanium-silver,https://vsprod.vijaysales.com/media/catalog/product/y/1/y19-silver_1__1.jpg,Electronics > Mobiles and Accessories > Mobiles > Smartphones,,
2026-02-07,2026-02-07 08:46:31,mobiles,239490,"vivo Y19 5G (4GB RAM, 128GB Storage) | Dimensity 6300 | 5500mAh Battery | IP64 Rating | Majestic Green",Vivo,11499,14999,11499,Unavailable,https://www.vijaysales.com/p/P239501/239490/vivo-y19-5g-4gb-ram-128gb-storage-majestic-green,https://vsprod.vijaysales.com/media/catalog/product/y/1/y19-green_1__1.jpg,Electronics > Mobiles and Accessories > Mobiles > Smartphones,,
2026-02-07,2026-02-07 08:46:31,mobiles,239402,"Oppo A5 Pro 5G (8GB RAM, 256GB Storage) | MediaTek Dimensity 6300 | 5800mAh Battery | IP69 All-Round Waterproof Protection | Feather Blue",Oppo,20999,23999,20999,Available,https://www.vijaysales.com/p/P239399/239402/oppo-a5-pro-5g-8gb-ram-256gb-storage-feather-blue,https://vsprod.vijaysales.com/media/catalog/product/f/e/feather-blue-1_1.jpg,Electronics > Mobiles and Accessories > Mobiles > Smartphones,,
2026-02-07,2026-02-07 08:46:31,mobiles,239401,"Oppo A5 Pro 5G (8GB RAM, 256GB Storage) | MediaTek Dimensity 6300 | 5800mAh Battery | IP69 All-Round Waterproof Protection | Mocha Brown",Oppo,20999,23999,20999,Available,https://www.vijaysales.com/p/P239399/239401/oppo-a5-pro-5g-8gb-ram-256gb-storage-mocha-brown,https://vsprod.vijaysales.com/media/catalog/product/m/o/mocha-brown-1_1.jpg,Electronics > Mobiles and Accessories > Mobiles > Smartphones,,
2026-02-07,2026-02-07 08:46:31,mobiles,239400,"Oppo A5 Pro 5G (8GB RAM, 128GB Storage) | MediaTek Dimensity 6300 | 5800mAh Battery | IP69 All-Round Waterproof Protection | Feather Blue",Oppo,18999,21999,18999,Available,https://www.vijaysales.com/p/P239399/239400/oppo-a5-pro-5g-8gb-ram-128gb-storage-feather-blue,https://vsprod.vijaysales.com/media/catalog/product/f/e/feather-blue-1.jpg,Electronics > Mobiles and Accessories > Mobiles > Smartphones,,
2026-02-07,2026-02-07 08:46:31,mobiles,239399,"Oppo A5 Pro 5G (8GB RAM, 128GB Storage) | MediaTek Dimensity 6300 | 5800mAh Battery | IP69 All-Round Waterproof Protection | Mocha Brown",Oppo,18999,21999,18999,Available,https://www.vijaysales.com/p/P239399/239399/oppo-a5-pro-5g-8gb-ram-128gb-storage-mocha-brown,https://vsprod.vijaysales.com/media/catalog/product/m/o/mocha-brown-1.jpg,Electronics > Mobiles and Accessories > Mobiles > Smartphones,,
2026-02-07,2026-02-07 08:46:31,mobiles,238990,"Samsung Galaxy S25 5G (12GB RAM, 128GB Storage) Navy",Samsung,68999,74999,74999,Unavailable,https://www.vijaysales.com/p/P237290/238990/samsung-galaxy-s25-5g-12gb-ram-128gb-storage-navy,https://vsprod.vijaysales.com/media/catalog/product/2/3/237328_1_1.jpg,Electronics > Mobiles and Accessories > Mobiles > Smartphones,,
2026-02-07,2026-02-07 08:46:31,mobiles,238981,"Samsung Galaxy A26 5G (8GB RAM, 256GB Storage) Awesome White",Samsung,24610,27999,24610,Unavailable,https://www.vijaysales.com/p/P238975/238981/samsung-galaxy-a26-5g-8gb-ram-256gb-storage-awesome-white,https://vsprod.vijaysales.com/media/catalog/product/a/w/awesome_white_1__1.jpg,Electronics > Mobiles and Accessories > Mobiles > Smartphones,,
2026-02-07,2026-02-07 08:46:31,mobiles,238980,"Samsung Galaxy A26 5G (8GB RAM, 256GB Storage) Awesome Black",Samsung,24610,27999,24610,Unavailable,https://www.vijaysales.com/p/P238975/238980/samsung-galaxy-a26-5g-8gb-ram-256gb-storage-awesome-black,https://vsprod.vijaysales.com/media/catalog/product/a/w/awesome_black_1__1.jpg,Electronics > Mobiles and Accessories > Mobiles > Smartphones,,
2026-02-07,2026-02-07 08:46:31,mobiles,238979,"Samsung Galaxy A26 5G (8GB RAM, 256GB Storage) Awesome Peach",Samsung,24610,27999,24610,Unavailable,https://www.vijaysales.com/p/P238975/238979/samsung-galaxy-a26-5g-8gb-ram-256gb-storage-awesome-peach,https://vsprod.vijaysales.com/media/catalog/product/a/w/awesome_peach_1__1.jpg,Electronics > Mobiles and Accessories > Mobiles > Smartphones,,
2026-02-07,2026-02-07 08:46:31,mobiles,238978,"Samsung Galaxy A26 5G (8GB RAM, 256GB Storage) Awesome Mint",Samsung,24610,27999,24610,Unavailable,https://www.vijaysales.com/p/P238975/238978/samsung-galaxy-a26-5g-8gb-ram-256gb-storage-awesome-mint,https://vsprod.vijaysales.com/media/catalog/product/a/w/awesome_mint_1__1.jpg,Electronics > Mobiles and Accessories > Mobiles > Smartphones,,
2026-02-07,2026-02-07 08:46:31,mobiles,238976,"Samsung Galaxy A26 5G (8GB RAM, 128GB Storage) Awesome White",Samsung,21990,24999,21990,Unavailable,https://www.vijaysales.com/p/P238975/238976/samsung-galaxy-a26-5g-8gb-ram-128gb-storage-awesome-white,https://vsprod.vijaysales.com/media/catalog/product/a/w/awesome_white_1_.jpg,Electronics > Mobiles and Accessories > Mobiles > Smartphones,,
2026-02-07,2026-02-07 08:46:31,mobiles,238975,"Samsung Galaxy A26 5G (8GB RAM, 128GB Storage) Awesome Black",Samsung,21990,24999,21990,Unavailable,https://www.vijaysales.com/p/P238975/238975/samsung-galaxy-a26-5g-8gb-ram-128gb-storage-awesome-black,https://vsprod.vijaysales.com/media/catalog/product/a/w/awesome_black_1_.jpg,Electronics > Mobiles and Accessories > Mobiles > Smartphones,,
2026-02-07,2026-02-07 08:46:31,mobiles,238974,"Samsung Galaxy A26 5G (8GB RAM, 128GB Storage) Awesome Peach",Samsung,21990,24999,21990,Unavailable,https://www.vijaysales.com/p/P238975/238974/samsung-galaxy-a26-5g-8gb-ram-128gb-storage-awesome-peach,https://vsprod.vijaysales.com/media/catalog/product/a/w/awesome_peach_1_.jpg,Electronics > Mobiles and Accessories > Mobiles > Smartphones,,
2026-02-07,2026-02-07 08:46:31,mobiles,238973,"Samsung Galaxy A26 5G (8GB RAM, 128GB Storage) Awesome Mint",Samsung,21990,24999,21990,Available,https://www.vijaysales.com/p/P238975/238973/samsung-galaxy-a26-5g-8gb-ram-128gb-storage-awesome-mint,https://vsprod.vijaysales.com/media/catalog/product/a/w/awesome_mint_1_.jpg,Electronics > Mobiles and Accessories > Mobiles > Smartphones,,
2026-02-07,2026-02-07 08:46:31,mobiles,238475,Lava A1 2025 Dual Sim Keypad Mobile | 2 inch (5.08 cm) Display | 1000mAh Battery | Superior Stereo Sound | Vibration Support | Auto Call Recording | Wireless FM (White),Lava,1067,1067,1067,Unavailable,https://www.vijaysales.com/p/P238475/238475/lava-a1-2025-dual-sim-keypad-mobile-2-inch-5-08-cm-display-1000mah-battery-superior-stereo-sound-vibration-support-auto-call-recording-wireless-fm-white,https://vsprod.vijaysales.com/media/catalog/product/2/3/238475_1_.jpg,Electronics > Mobiles and Accessories > Mobiles > Feature Phones,,
2026-02-07,2026-02-07 08:46:31,mobiles,238474,Lava A1 2025 Dual Sim Keypad Mobile | 2 inch (5.08 cm) Display | 1000mAh Battery | Superior Stereo Sound | Vibration Support | Auto Call Recording | Wireless FM (Blue),Lava,1067,1067,1067,Unavailable,https://www.vijaysales.com/p/P238475/238474/lava-a1-2025-dual-sim-keypad-mobile-2-inch-5-08-cm-display-1000mah-battery-superior-stereo-sound-vibration-support-auto-call-recording-wireless-fm-blue,https://vsprod.vijaysales.com/media/catalog/product/2/3/238474_1_.jpg,Electronics > Mobiles and Accessories > Mobiles > Feature Phones,,
2026-02-07,2026-02-07 08:46:31,mobiles,238471,"Nothing Phone (3a) Pro 5G (12GB RAM, 256GB Storage) | Snapdragon 7s Gen 3 | 5000mAh Battery | Smarter with Essential Space AI | Grey",Nothing,33999,36999,33999,Unavailable,https://www.vijaysales.com/p/P238464/238471/nothing-phone-3a-pro-5g-12gb-ram-256gb-internal-storage-grey,https://vsprod.vijaysales.com/media/catalog/product/n/o/nothing_phone-3a-pro-grey_1_.jpg,Electronics > Mobiles and Accessories > Mobiles > Smartphones,,
2026-02-07,2026-02-07 08:46:31,mobiles,238306,"Samsung Galaxy A56 5G (8GB RAM, 256GB Storage) Awesome Olive",Samsung,43999,44999,43999,Available,https://www.vijaysales.com/p/P238304/238306/samsung-galaxy-a56-5g-8gb-ram-256gb-storage-awesome-olive,https://vsprod.vijaysales.com/media/catalog/product/a/5/a56_green_1__2.jpg,Electronics > Mobiles and Accessories > Mobiles > Smartphones,,
2026-02-07,2026-02-07 08:46:31,mobiles,238305,"Samsung Galaxy A56 5G (8GB RAM, 256GB Storage) Awesome Lightgray",Samsung,43999,44999,43999,Available,https://www.vijaysales.com/p/P238304/238305/samsung-galaxy-a56-5g-8gb-ram-256gb-storage-awesome-lightgray,https://vsprod.vijaysales.com/media/catalog/product/a/5/a56_grey_1__2.jpg,Electronics > Mobiles and Accessories > Mobiles > Smartphones,,
2026-02-07,2026-02-07 08:46:31,mobiles,238304,"Samsung Galaxy A56 5G (8GB RAM, 256GB Storage) Awesome Graphite",Samsung,43999,44999,43999,Available,https://www.vijaysales.com/p/P238304/238304/samsung-galaxy-a56-5g-8gb-ram-256gb-storage-awesome-graphite,https://vsprod.vijaysales.com/media/catalog/product/a/5/a56_black_1__2.jpg,Electronics > Mobiles and Accessories > Mobiles > Smartphones,,
2026-02-07,2026-02-07 08:46:31,mobiles,238302,"Samsung Galaxy A56 5G (8GB RAM, 128GB Storage) Awesome Olive",Samsung,40999,41999,40999,Available,https://www.vijaysales.com/p/P238304/238302/samsung-galaxy-a56-5g-8gb-ram-128gb-storage-awesome-olive,https://vsprod.vijaysales.com/media/catalog/product/a/5/a56_green_1__1.jpg,Electronics > Mobiles and Accessories > Mobiles > Smartphones,,
2026-02-07,2026-02-07 08:46:31,mobiles,238300,"Samsung Galaxy A56 5G (8GB RAM, 128GB Storage) Awesome Lightgray",Samsung,40999,41999,40999,Unavailable,https://www.vijaysales.com/p/P238304/238300/samsung-galaxy-a56-5g-8gb-ram-128gb-storage-awesome-lightgray,https://vsprod.vijaysales.com/media/catalog/product/a/5/a56_grey_1__1.jpg,Electronics > Mobiles and Accessories > Mobiles > Smartphones,,
2026-02-07,2026-02-07 08:46:31,mobiles,238299,"Samsung Galaxy A56 5G (8GB RAM, 128GB Storage) Awesome Graphite",Samsung,40999,41999,40999,Unavailable,https://www.vijaysales.com/p/P238304/238299/samsung-galaxy-a56-5g-8gb-ram-128gb-storage-awesome-graphite,https://vsprod.vijaysales.com/media/catalog/product/a/5/a56_black_1__1.jpg,Electronics > Mobiles and Accessories > Mobiles > Smartphones,,
2026-02-07,2026-02-07 08:46:31,mobiles,238297,"Samsung Galaxy A56 5G (12GB RAM, 256GB Storage) Awesome Olive",Samsung,46999,47999,46999,Available,https://www.vijaysales.com/p/P238304/238297/samsung-galaxy-a56-5g-12gb-ram-256gb-storage-awesome-olive,https://vsprod.vijaysales.com/media/catalog/product/a/5/a56_green_1_.jpg,Electronics > Mobiles and Accessories > Mobiles > Smartphones,,
2026-02-07,2026-02-07 08:46:31,mobiles,238296,"Samsung Galaxy A56 5G (12GB RAM, 256GB Storage) Awesome Lightgray",Samsung,46999,47999,46999,Available,https://www.vijaysales.com/p/P238304/238296/samsung-galaxy-a56-5g-12gb-ram-256gb-storage-awesome-lightgray,https://vsprod.vijaysales.com/media/catalog/product/a/5/a56_grey_1_.jpg,Electronics > Mobiles and Accessories > Mobiles > Smartphones,,
2026-02-07,2026-02-07 08:46:31,mobiles,238295,"Samsung Galaxy A56 5G (12GB RAM, 256GB Storage) Awesome Graphite",Samsung,46999,47999,46999,Available,https://www.vijaysales.com/p/P238304/238295/samsung-galaxy-a56-5g-12gb-ram-256gb-storage-awesome-graphite,https://vsprod.vijaysales.com/media/catalog/product/a/5/a56_black_1_.jpg,Electronics > Mobiles and Accessories > Mobiles > Smartphones,,
2026-02-07,2026-02-07 08:46:31,mobiles,238294,"Samsung Galaxy A36 5G (8GB RAM, 256GB Storage) Awesome Lavender",Samsung,35499,35999,35499,Available,https://www.vijaysales.com/p/P238282/238294/samsung-galaxy-a36-5g-8gb-ram-256gb-storage-awesome-lavender,https://vsprod.vijaysales.com/media/catalog/product/s/a/samsung-galaxy-a36-5g-lavender_1_.jpg,Electronics > Mobiles and Accessories > Mobiles > Smartphones,,
2026-02-07,2026-02-07 08:46:31,mobiles,238292,"Samsung Galaxy A36 5G (8GB RAM, 256GB Storage) Awesome White",Samsung,35499,35999,35499,Available,https://www.vijaysales.com/p/P238282/238292/samsung-galaxy-a36-5g-8gb-ram-256gb-storage-awesome-white,https://vsprod.vijaysales.com/media/catalog/product/s/a/samsung-galaxy-a36-5g-white_1_.jpg,Electronics > Mobiles and Accessories > Mobiles > Smartphones,,
2026-02-07,2026-02-07 08:46:31,mobiles,238289,"Samsung Galaxy A36 5G (8GB RAM, 128GB Storage) Awesome Lavender",Samsung,32499,32999,32499,Available,https://www.vijaysales.com/p/P238282/238289/samsung-galaxy-a36-5g-8gb-ram-128gb-storage-awesome-lavender,https://vsprod.vijaysales.com/media/catalog/product/s/a/samsung-galaxy-a36-5g-lavender_1_.jpg,Electronics > Mobiles and Accessories > Mobiles > Smartphones,,
2026-02-07,2026-02-07 08:46:31,mobiles,238287,"Samsung Galaxy A36 5G (8GB RAM, 128GB Storage) Awesome White",Samsung,32499,32999,32499,Available,https://www.vijaysales.com/p/P238282/238287/samsung-galaxy-a36-5g-8gb-ram-128gb-storage-awesome-white,https://vsprod.vijaysales.com/media/catalog/product/s/a/samsung-galaxy-a36-5g-white_1_.jpg,Electronics > Mobiles and Accessories > Mobiles > Smartphones,,
2026-02-07,2026-02-07 08:46:31,mobiles,238286,"Samsung Galaxy A36 5G (8GB RAM, 128GB Storage) Awesome Black",Samsung,32499,32999,32499,Available,https://www.vijaysales.com/p/P238282/238286/samsung-galaxy-a36-5g-8gb-ram-128gb-storage-awesome-black,https://vsprod.vijaysales.com/media/catalog/product/s/a/samsung-galaxy-a36-5g-black_1_.jpg,Electronics > Mobiles and Accessories > Mobiles > Smartphones,,
2026-02-07,2026-02-07 08:46:31,mobiles,238283,"Samsung Galaxy A36 5G (12GB RAM, 256GB Storage) Awesome White",Samsung,38499,38999,38499,Unavailable,https://www.vijaysales.com/p/P238282/238283/samsung-galaxy-a36-5g-12gb-ram-256gb-storage-awesome-white,https://vsprod.vijaysales.com/media/catalog/product/s/a/samsung-galaxy-a36-5g-white_1_.jpg,Electronics > Mobiles and Accessories > Mobiles > Smartphones,,
2026-02-07,2026-02-07 08:46:31,mobiles,238282,"Samsung Galaxy A36 5G (12GB RAM, 256GB Storage) Awesome Black",Samsung,38499,38999,38499,Available,https://www.vijaysales.com/p/P238282/238282/samsung-galaxy-a36-5g-12gb-ram-256gb-storage-awesome-black,https://vsprod.vijaysales.com/media/catalog/product/s/a/samsung-galaxy-a36-5g-black_1_.jpg,Electronics > Mobiles and Accessories > Mobiles > Smartphones,,
2026-02-07,2026-02-07 08:46:31,mobiles,238029,"Samsung Galaxy A06 5G (4GB RAM, 128GB Storage) Black",Samsung,12499,13999,12499,Available,https://www.vijaysales.com/p/P238027/238029/samsung-galaxy-a06-5g-4gb-ram-128gb-storage-black,https://vsprod.vijaysales.com/media/catalog/product/s/a/samsung-galaxy-a06-5g-black_1__3.jpg,Electronics > Mobiles and Accessories > Mobiles > Smartphones,,
2026-02-07,2026-02-07 08:46:31,mobiles,238027,"Samsung Galaxy A06 5G (4GB RAM, 64GB Storage) Black",Samsung,11599,12499,11599,Available,https://www.vijaysales.com/p/P238027/238027/samsung-galaxy-a06-5g-4gb-ram-64gb-storage-black,https://vsprod.vijaysales.com/media/catalog/product/s/a/samsung-galaxy-a06-5g-black_1_.jpg,Electronics > Mobiles and Accessories > Mobiles > Smartphones,,
2026-02-07,2026-02-07 08:46:31,mobiles,238026,"Samsung Galaxy A06 5G (4GB RAM, 128GB Storage) Light Grey",Samsung,12499,13999,12499,Available,https://www.vijaysales.com/p/P238027/238026/samsung-galaxy-a06-5g-4gb-ram-128gb-storage-light-grey,https://vsprod.vijaysales.com/media/catalog/product/s/a/samsung-galaxy-a06-5g-light-grey_1__2.jpg,Electronics > Mobiles and Accessories > Mobiles > Smartphones,,
2026-02-07,2026-02-07 08:46:31,mobiles,238025,"Samsung Galaxy A06 5G (6GB RAM, 128GB Storage) Light Grey",Samsung,13999,15499,13999,Available,https://www.vijaysales.com/p/P238027/238025/samsung-galaxy-a06-5g-6gb-ram-128gb-storage-light-grey,https://vsprod.vijaysales.com/media/catalog/product/s/a/samsung-galaxy-a06-5g-light-grey_1__3.jpg,Electronics > Mobiles and Accessories > Mobiles > Smartphones,,
2026-02-07,2026-02-07 08:46:31,mobiles,238024,"Samsung Galaxy A06 5G (4GB RAM, 64GB Storage) Light Grey",Samsung,11599,12499,11599,Available,https://www.vijaysales.com/p/P238027/238024/samsung-galaxy-a06-5g-4gb-ram-64gb-storage-light-grey,https://vsprod.vijaysales.com/media/catalog/product/s/a/samsung-galaxy-a06-5g-light-grey_1__1.jpg,Electronics > Mobiles and Accessories > Mobiles > Smartphones,,
2026-02-07,2026-02-07 08:46:31,mobiles,238023,"Samsung Galaxy A06 5G (4GB RAM, 128GB Storage) Light Green",Samsung,12499,13999,12499,Available,https://www.vijaysales.com/p/P238027/238023/samsung-galaxy-a06-5g-4gb-ram-128gb-storage-light-green,https://vsprod.vijaysales.com/media/catalog/product/s/a/samsung-galaxy-a06-5g-light-green_1__1.jpg,Electronics > Mobiles and Accessories > Mobiles > Smartphones,,
2026-02-07,2026-02-07 08:46:31,mobiles,238020,"Samsung Galaxy A06 5G (4GB RAM, 64GB Storage) Light Green",Samsung,11599,12499,11599,Available,https://www.vijaysales.com/p/P238027/238020/samsung-galaxy-a06-5g-4gb-ram-64gb-storage-light-green,https://vsprod.vijaysales.com/media/catalog/product/s/a/samsung-galaxy-a06-5g-light-green_1_.jpg,Electronics > Mobiles and Accessories > Mobiles > Smartphones,,
2026-02-07,2026-02-07 08:46:31,mobiles,237986,"Store Display Unit - vivo V50 5G (8GB RAM, 128GB Storage) | Snapdragon 7 Gen 3 | 6000mAh Battery | 50MP Front Camera | Rose Red",Vivo,28000,39999,28000,Unavailable,https://www.vijaysales.com/p/237986/store-display-unit-vivo-v50-5g-8gb-ram-128gb-storage-rose-red,https://vsprod.vijaysales.com/media/catalog/product/7/1/71lw7tjwt_l._sl1500__1__2.jpg,Electronics > Mobiles and Accessories > Mobiles > Smartphones,,
2026-02-07,2026-02-07 08:46:31,mobiles,237985,"vivo V50 5G (8GB RAM, 128GB Storage) | Snapdragon 7 Gen 3 | 6000mAh Battery | 50MP Front Camera | Rose Red",Vivo,32999,39999,32999,Available,https://www.vijaysales.com/p/P237985/237985/vivo-v50-5g-8gb-ram-128gb-storage-rose-red,https://vsprod.vijaysales.com/media/catalog/product/v/i/vivo_v50_red_rose_1_.jpg,Electronics > Mobiles and Accessories > Mobiles > Smartphones,,
2026-02-07,2026-02-07 08:46:31,mobiles,237984,"vivo V50 5G (8GB RAM, 128GB Storage) | Snapdragon 7 Gen 3 | 6000mAh Battery | 50MP Front Camera | Titanium Grey",Vivo,32999,39999,32999,Available,https://www.vijaysales.com/p/P237985/237984/vivo-v50-5g-8gb-ram-128gb-storage-titanium-grey,https://vsprod.vijaysales.com/media/catalog/product/7/1/71al7ieptgl._sl1500_.jpg,Electronics > Mobiles and Accessories > Mobiles > Smartphones,,
2026-02-07,2026-02-07 08:46:31,mobiles,237978,"Redmi Mobile 14C 5G (4GB RAM, 64GB Storage) | Snapdragon 4 Gen 2 | 5160mAh Battery | 6.88-inch 120Hz Display | Stardust Purple",Redmi,9499,12999,9499,Unavailable,https://www.vijaysales.com/p/P236653/237978/redmi-mobile-14c-5g-4gb-ram-64gb-storage-stardust-purple,https://vsprod.vijaysales.com/media/catalog/product/s/t/stardust_purple_2.jpg,Electronics > Mobiles and Accessories > Mobiles > Smartphones,,
2026-02-07,2026-02-07 08:46:31,mobiles,237976,"Redmi Mobile 14C 5G (4GB RAM, 64GB Storage) | Snapdragon 4 Gen 2 | 5160mAh Battery | 6.88-inch 120Hz Display | Stargaze Black",Redmi,9499,12999,9499,Unavailable,https://www.vijaysales.com/p/P236653/237976/redmi-mobile-14c-5g-4gb-ram-64gb-storage-stargaze-black,https://vsprod.vijaysales.com/media/catalog/product/s/t/stargaze_black_2.jpg,Electronics > Mobiles and Accessories > Mobiles > Smartphones,,
2026-02-07,2026-02-07 08:46:31,mobiles,237329,"Samsung Galaxy S25 Ultra 5G (12GB RAM, 512GB Storage) Titanium Gray",Samsung,141999,141999,141999,Available,https://www.vijaysales.com/p/P237318/237329/samsung-galaxy-s25-ultra-5g-12gb-ram-512gb-storage-titanium-gray,https://vsprod.vijaysales.com/media/catalog/product/s/a/samsung-galaxy-s24-ultra-titanium-gray_1_.jpg,Electronics > Mobiles and Accessories > Mobiles > Smartphones,,
2026-02-07,2026-02-07 08:46:31,mobiles,237328,"Samsung Galaxy S25 5G (12GB RAM, 512GB Storage) Navy",Samsung,86999,92999,92999,Available,https://www.vijaysales.com/p/P237290/237328/samsung-galaxy-s25-5g-12gb-ram-512gb-storage-navy,https://vsprod.vijaysales.com/media/catalog/product/2/3/237328_1.jpg,Electronics > Mobiles and Accessories > Mobiles > Smartphones,,
2026-02-07,2026-02-07 08:46:31,mobiles,237327,"Samsung Galaxy S25 5G (12GB RAM, 256GB Storage) Navy",Samsung,74999,80999,80999,Available,https://www.vijaysales.com/p/P237290/237327/samsung-galaxy-s25-5g-12gb-ram-256gb-storage-navy,https://vsprod.vijaysales.com/media/catalog/product/2/3/237328_1_1.jpg,Electronics > Mobiles and Accessories > Mobiles > Smartphones,,
2026-02-07,2026-02-07 08:46:31,mobiles,237323,"Samsung Galaxy S25 Ultra 5G (12GB RAM, 512GB Storage) Titanium Whitesilver",Samsung,141999,141999,141999,Available,https://www.vijaysales.com/p/P237318/237323/samsung-galaxy-s25-ultra-5g-12gb-ram-512gb-storage-titanium-whitesilver,https://vsprod.vijaysales.com/media/catalog/product/s/a/samsung-galaxy-s24-ultra-titanium-whitesilver_1__1.jpg,Electronics > Mobiles and Accessories > Mobiles > Smartphones,,
2026-02-07,2026-02-07 08:46:31,mobiles,237317,"Samsung Galaxy S25 Ultra 5G (12GB RAM, 256GB Storage) Titanium Gray",Samsung,129999,129999,129999,Available,https://www.vijaysales.com/p/P237318/237317/samsung-galaxy-s25-ultra-5g-12gb-ram-256gb-storage-titanium-gray,https://vsprod.vijaysales.com/media/catalog/product/s/a/samsung-galaxy-s25-ultra-grey_1__1.jpg,Electronics > Mobiles and Accessories > Mobiles > Smartphones,,
2026-02-07,2026-02-07 08:46:31,mobiles,237315,"Samsung Galaxy S25 Ultra 5G (12GB RAM, 256GB Storage) Titanium Black",Samsung,129999,129999,129999,Available,https://www.vijaysales.com/p/P237318/237315/samsung-galaxy-s25-ultra-5g-12gb-ram-256gb-storage-titanium-black,https://vsprod.vijaysales.com/media/catalog/product/s/a/samsung-galaxy-s24-ultra-titanium-black_1_.jpg,Electronics > Mobiles and Accessories > Mobiles > Smartphones,,
2026-02-07,2026-02-07 08:46:31,mobiles,237298,"Samsung Galaxy S25 5G (12GB RAM, 512GB Storage) Silver Shadow",Samsung,86999,92999,92999,Unavailable,https://www.vijaysales.com/p/P237290/237298/samsung-galaxy-s25-5g-12gb-ram-512gb-storage-silver-shadow,https://vsprod.vijaysales.com/media/catalog/product/2/3/237298_1_.jpg,Electronics > Mobiles and Accessories > Mobiles > Smartphones,,
2026-02-07,2026-02-07 08:46:31,mobiles,237297,"Samsung Galaxy S25 5G (12GB RAM, 512GB Storage) Coralred",Samsung,86999,92999,92999,Unavailable,https://www.vijaysales.com/p/P237290/237297/samsung-galaxy-s25-5g-12gb-ram-512gb-storage-coralred,https://vsprod.vijaysales.com/media/catalog/product/2/3/237297_1_.jpg,Electronics > Mobiles and Accessories > Mobiles > Smartphones,,
2026-02-07,2026-02-07 08:46:31,mobiles,237296,"Samsung Galaxy S25 5G (12GB RAM, 512GB Storage) Blueblack",Samsung,86999,92999,92999,Unavailable,https://www.vijaysales.com/p/P237290/237296/samsung-galaxy-s25-5g-12gb-ram-512gb-storage-blueblack,https://vsprod.vijaysales.com/media/catalog/product/2/3/237296_1_.jpg,Electronics > Mobiles and Accessories > Mobiles > Smartphones,,
2026-02-07,2026-02-07 08:46:31,mobiles,237295,"Samsung Galaxy S25 5G (12GB RAM, 512GB Storage) Pinkgold",Samsung,86999,92999,92999,Unavailable,https://www.vijaysales.com/p/P237290/237295/samsung-galaxy-s25-5g-12gb-ram-512gb-storage-pinkgold,https://vsprod.vijaysales.com/media/catalog/product/2/3/237295_1_.jpg,Electronics > Mobiles and Accessories > Mobiles > Smartphones,,
2026-02-07,2026-02-07 08:46:31,mobiles,237294,"Samsung Galaxy S25 5G (12GB RAM, 512GB Storage) Mint",Samsung,86999,92999,92999,Available,https://www.vijaysales.com/p/P237290/237294/samsung-galaxy-s25-5g-12gb-ram-512gb-storage-mint,https://vsprod.vijaysales.com/media/catalog/product/2/3/237294_1_.jpg,Electronics > Mobiles and Accessories > Mobiles > Smartphones,,
2026-02-07,2026-02-07 08:46:31,mobiles,237293,"Samsung Galaxy S25 5G (12GB RAM, 512GB Storage) Icyblue",Samsung,86999,92999,92999,Available,https://www.vijaysales.com/p/P237290/237293/samsung-galaxy-s25-5g-12gb-ram-512gb-storage-icyblue,https://vsprod.vijaysales.com/media/catalog/product/2/3/237293_1_.jpg,Electronics > Mobiles and Accessories > Mobiles > Smartphones,,
2026-02-07,2026-02-07 08:46:31,mobiles,237288,"Samsung Galaxy S25 5G (12GB RAM, 256GB Storage) Mint",Samsung,74999,80999,80999,Available,https://www.vijaysales.com/p/P237290/237288/samsung-galaxy-s25-5g-12gb-ram-256gb-storage-mint,https://vsprod.vijaysales.com/media/catalog/product/2/3/237288_1_.jpg,Electronics > Mobiles and Accessories > Mobiles > Smartphones,,
2026-02-07,2026-02-07 08:46:31,mobiles,237285,"Samsung Galaxy S25 5G (12GB RAM, 128GB Storage) Silver Shadow",Samsung,68999,74999,74999,Unavailable,https://www.vijaysales.com/p/P237290/237285/samsung-galaxy-s25-5g-12gb-ram-128gb-storage-silver-shadow,https://vsprod.vijaysales.com/media/catalog/product/2/3/237292_1_.jpg,Electronics > Mobiles and Accessories > Mobiles > Smartphones,,
2026-02-07,2026-02-07 08:46:31,mobiles,237284,"Samsung Galaxy S25 5G (12GB RAM, 128GB Storage) Icyblue",Samsung,68999,74999,74999,Unavailable,https://www.vijaysales.com/p/P237290/237284/samsung-galaxy-s25-5g-12gb-ram-128gb-storage-icyblue,https://vsprod.vijaysales.com/media/catalog/product/2/3/237287_1_.jpg,Electronics > Mobiles and Accessories > Mobiles > Smartphones,,
2026-02-07,2026-02-07 08:46:31,mobiles,237249,"Redmi Note 14 5G (8GB RAM, 256GB Storage) | MediaTek Dimensity 7300-Ultra | 5110mAh Battery | 6.67-inch 120Hz Display | Ivy Green",Redmi,24999,24999,24999,Unavailable,https://www.vijaysales.com/p/237249/redmi-note-14-5g-8gb-ram-256gb-storage-mediatek-dimensity-7300-ultra-5110mah-battery-6-67-inch-120hz-display-ivy-green,https://vsprod.vijaysales.com/media/catalog/product/7/1/71_a1gkfxsl._sl1500_.jpg,Electronics > Mobiles and Accessories > Mobiles > Smartphones,,
2026-02-07,2026-02-07 08:46:31,mobiles,236655,"Redmi Mobile 14C 5G (6GB RAM, 128GB Storage) | Snapdragon 4 Gen 2 | 5160mAh Battery | 6.88-inch 120Hz Display | Stardust Purple",Redmi,11999,14999,11999,Available,https://www.vijaysales.com/p/P236653/236655/redmi-mobile-14c-5g-6gb-ram-128gb-storage-stardust-purple,https://vsprod.vijaysales.com/media/catalog/product/s/t/stardust_purple_1.jpg,Electronics > Mobiles and Accessories > Mobiles > Smartphones,,
2026-02-07,2026-02-07 08:46:31,mobiles,235765,"vivo X200 Pro 5G (16GB RAM, 512GB Storage) | Dimensity 9400 | 6000mAh Battery | 200MP ZEISS Camera | Cosmos Black",Vivo,93900,101999,93900,Unavailable,https://www.vijaysales.com/p/P235765/235765/vivo-x-series-x200-pro-dual-sim-5g-smartphone-16gb-ram-512gb-storage-6-78-inches-amoled-display-mediatek-dimensity-9400-cosmos-black,https://vsprod.vijaysales.com/media/catalog/product/v/i/vivox200problack_1.jpg,Electronics > Mobiles and Accessories > Mobiles > Smartphones,,
2026-02-07,2026-02-07 08:46:31,mobiles,235764,"vivo X200 Pro 5G (16GB RAM, 512GB Storage) | Dimensity 9400 | 6000mAh Battery | 200MP ZEISS Camera | Titanium Grey",Vivo,94999,101999,94999,Unavailable,https://www.vijaysales.com/p/P235765/235764/vivo-x200-pro-5g-16gb-ram-512gb-storage-titanium-gray,https://vsprod.vijaysales.com/media/catalog/product/v/i/vivox200protitanium_1.jpg,Electronics > Mobiles and Accessories > Mobiles > Smartphones,,
2026-02-07,2026-02-07 08:46:31,mobiles,235716,"Redmi Note 14 Pro Plus 5G (12GB RAM, 512GB Storage) | Snapdragon 7s Gen 3 | 6200mAh Battery | 6.67-inch 120Hz Display | Phantom Purple",Redmi,31999,39999,31999,Available,https://www.vijaysales.com/p/P235705/235716/redmi-note-14-pro-plus-5g-12gb-ram-256gb-storage-phantom-purple,https://vsprod.vijaysales.com/media/catalog/product/r/e/redmi-note-14-pro-plus-5g-purple_1__2.jpg,Electronics > Mobiles and Accessories > Mobiles > Smartphones,,
2026-02-07,2026-02-07 08:46:31,mobiles,235713,"Redmi Note 14 Pro Plus 5G (8GB RAM, 256GB Storage) | Snapdragon 7s Gen 3 | 6200mAh Battery | 6.67-inch 120Hz Display | Phantom Purple",Redmi,28999,36999,28999,Available,https://www.vijaysales.com/p/P235711/235713/redmi-note-14-pro-plus-5g-8gb-ram-256gb-storage-phantom-purple,https://vsprod.vijaysales.com/media/catalog/product/r/e/redmi-note-14-pro-plus-5g-purple_1__1.jpg,Electronics > Mobiles and Accessories > Mobiles > Smartphones,,
2026-02-07,2026-02-07 08:46:31,mobiles,235712,"Redmi Note 14 Pro Plus 5G (8GB RAM, 256GB Storage) | Snapdragon 7s Gen 3 | 6200mAh Battery | 6.67-inch 120Hz Display | Spectre Blue",Redmi,28999,36999,28999,Available,https://www.vijaysales.com/p/P235711/235712/redmi-note-14-pro-plus-5g-8gb-ram-256gb-storage-spectre-blue,https://vsprod.vijaysales.com/media/catalog/product/r/e/redminote14-pro-plus-blue_1__2.jpg,Electronics > Mobiles and Accessories > Mobiles > Smartphones,,
2026-02-07,2026-02-07 08:46:31,mobiles,235711,"Redmi Note 14 Pro Plus 5G (8GB RAM, 256GB Storage) | Snapdragon 7s Gen 3 | 6200mAh Battery | 6.67-inch 120Hz Display | Titan Black",Redmi,28999,36999,28999,Available,https://www.vijaysales.com/p/P235711/235711/redmi-note-14-pro-plus-5g-8gb-ram-256gb-storage-titan-black,https://vsprod.vijaysales.com/media/catalog/product/r/e/redminote14-pro-plus-black_1__2.jpg,Electronics > Mobiles and Accessories > Mobiles > Smartphones,,
2026-02-07,2026-02-07 08:46:31,mobiles,235707,"Redmi Note 14 Pro Plus 5G (8GB RAM, 128GB Storage) | Snapdragon 7s Gen 3 | 6200mAh Battery | 6.67-inch 120Hz Display | Phantom Purple",Redmi,26999,34999,26999,Available,https://www.vijaysales.com/p/P235711/235707/redmi-note-14-pro-plus-5g-8gb-ram-128gb-storage-phantom-purple,https://vsprod.vijaysales.com/media/catalog/product/r/e/redmi-note-14-pro-plus-5g-purple_1_.jpg,Electronics > Mobiles and Accessories > Mobiles > Smartphones,,
2026-02-07,2026-02-07 08:46:31,mobiles,235706,"Redmi Note 14 Pro Plus 5G (8GB RAM, 128GB Storage) | Snapdragon 7s Gen 3 | 6200mAh Battery | 6.67-inch 120Hz Display | Spectre Blue",Redmi,26999,34999,26999,Available,https://www.vijaysales.com/p/P235711/235706/redmi-note-14-pro-plus-5g-8gb-ram-128gb-storage-spectre-blue,https://vsprod.vijaysales.com/media/catalog/product/r/e/redminote14-pro-plus-blue_1__1.jpg,Electronics > Mobiles and Accessories > Mobiles > Smartphones,,
2026-02-07,2026-02-07 08:46:31,mobiles,235705,"Redmi Note 14 Pro Plus 5G (8GB RAM, 128GB Storage) | Snapdragon 7s Gen 3 | 6200mAh Battery | 6.67-inch 120Hz Display | Titan Black",Redmi,26999,34999,26999,Available,https://www.vijaysales.com/p/P235711/235705/redmi-note-14-pro-plus-5g-8gb-ram-128gb-storage-titan-black,https://vsprod.vijaysales.com/media/catalog/product/r/e/redminote14-pro-plus-black_1__1.jpg,Electronics > Mobiles and Accessories > Mobiles > Smartphones,,
2026-02-07,2026-02-07 08:46:31,mobiles,235703,"Redmi Note 14 Pro 5G (8GB RAM, 256GB Storage) | MediaTek Dimensity 7300-Ultra | 5500mAh Battery | 6.67-inch 120Hz Display | Ivy Green",Redmi,23999,30999,23999,Available,https://www.vijaysales.com/p/P235696/235703/redmi-note-14-pro-5g-8gb-ram-256gb-storage-ivy-green,https://vsprod.vijaysales.com/media/catalog/product/r/e/redmi-note-14-pro-5g-green_1__1.jpg,Electronics > Mobiles and Accessories > Mobiles > Smartphones,,
2026-02-07,2026-02-07 08:46:31,mobiles,235702,"Redmi Note 14 Pro 5G (8GB RAM, 256GB Storage) | MediaTek Dimensity 7300-Ultra | 5500mAh Battery | 6.67-inch 120Hz Display | Titan Black",Redmi,23999,30999,23999,Available,https://www.vijaysales.com/p/P235696/235702/redmi-note-14-pro-5g-8gb-ram-256gb-storage-titan-black,https://vsprod.vijaysales.com/media/catalog/product/r/e/redmi-note-14-pro-5g-black_1__1.jpg,Electronics > Mobiles and Accessories > Mobiles > Smartphones,,
2026-02-07,2026-02-07 08:46:31,mobiles,235698,"Redmi Note 14 Pro 5G (8GB RAM, 128GB Storage) | MediaTek Dimensity 7300-Ultra | 5500mAh Battery | 6.67-inch 120Hz Display | Phantom Purple",Redmi,21999,28999,21999,Available,https://www.vijaysales.com/p/P235696/235698/redmi-note-14-pro-5g-8gb-ram-128gb-storage-phantom-purple,https://vsprod.vijaysales.com/media/catalog/product/r/e/redmi-note-14-pro-5g-purple_1__1.jpg,Electronics > Mobiles and Accessories > Mobiles > Smartphones,,
2026-02-07,2026-02-07 08:46:31,mobiles,235697,"Redmi Note 14 Pro 5G (8GB RAM, 128GB Storage) | MediaTek Dimensity 7300-Ultra | 5500mAh Battery | 6.67-inch 120Hz Display | Ivy Green",Redmi,21999,28999,21999,Available,https://www.vijaysales.com/p/P235696/235697/redmi-note-14-pro-5g-8gb-ram-128gb-storage-ivy-green,https://vsprod.vijaysales.com/media/catalog/product/r/e/redmi-note-14-pro-5g-green_1_.jpg,Electronics > Mobiles and Accessories > Mobiles > Smartphones,,
2026-02-07,2026-02-07 08:46:31,mobiles,235696,"Redmi Note 14 Pro 5G (8GB RAM, 128GB Storage) | MediaTek Dimensity 7300-Ultra | 5500mAh Battery | 6.67-inch 120Hz Display | Titan Black",Redmi,21999,28999,21999,Available,https://www.vijaysales.com/p/P235696/235696/redmi-note-14-pro-5g-8gb-ram-128gb-storage-titan-black,https://vsprod.vijaysales.com/media/catalog/product/r/e/redmi-note-14-pro-5g-black_1_.jpg,Electronics > Mobiles and Accessories > Mobiles > Smartphones,,
2026-02-07,2026-02-07 08:46:31,mobiles,235686,"Redmi Note 14 5G (6GB RAM, 128GB Storage) | MediaTek Dimensity 7300-Ultra | 5110mAh Battery | 6.67-inch 120Hz Display | Phantom Purple",Redmi,16499,21999,16499,Unavailable,https://www.vijaysales.com/p/P235684/235686/redmi-note-14-5g-6gb-ram-128gb-storage-phantom-purple,https://vsprod.vijaysales.com/media/catalog/product/r/e/redminote14-5g-purple_1_.jpg,Electronics > Mobiles and Accessories > Mobiles > Smartphones,,
2026-02-07,2026-02-07 08:46:31,mobiles,235685,"Redmi Note 14 5G (6GB RAM, 128GB Storage) | MediaTek Dimensity 7300-Ultra | 5110mAh Battery | 6.67-inch 120Hz Display | Mystique White",Redmi,16499,21999,16499,Unavailable,https://www.vijaysales.com/p/P235684/235685/redmi-note-14-5g-6gb-ram-128gb-storage-mystique-white,https://vsprod.vijaysales.com/media/catalog/product/r/e/redminote14-5g-white_1_.jpg,Electronics > Mobiles and Accessories > Mobiles > Smartphones,,
2026-02-07,2026-02-07 08:46:31,mobiles,235684,"Redmi Note 14 5G (6GB RAM, 128GB Storage) | MediaTek Dimensity 7300-Ultra | 5110mAh Battery | 6.67-inch 120Hz Display | Titan Black",Redmi,16499,21999,16499,Unavailable,https://www.vijaysales.com/p/P235684/235684/redmi-note-14-5g-6gb-ram-128gb-storage-titan-black,https://vsprod.vijaysales.com/media/catalog/product/r/e/redminote14-5g-black_1_.jpg,Electronics > Mobiles and Accessories > Mobiles > Smartphones,,
2026-02-07,2026-02-07 08:46:31,mobiles,234987,"Samsung Galaxy A16 5G (8GB RAM, 128GB Storage) Blue Black",Samsung,17499,21499,17499,Unavailable,https://www.vijaysales.com/p/P234983/234987/samsung-galaxy-a16-5g-8gb-ram-128gb-storage-blue-black,https://vsprod.vijaysales.com/media/catalog/product/2/3/234983_1__1.jpg,Electronics > Mobiles and Accessories > Mobiles > Smartphones,,
2026-02-07,2026-02-07 08:46:31,mobiles,234982,"Samsung Galaxy A16 5G (6GB RAM, 128GB Storage) Gold",Samsung,15999,19999,15999,Unavailable,https://www.vijaysales.com/p/P234983/234982/samsung-galaxy-a16-5g-6gb-ram-128gb-storage-gold,https://vsprod.vijaysales.com/media/catalog/product/2/3/234982_1_.jpg,Electronics > Mobiles and Accessories > Mobiles > Smartphones,,
2026-02-07,2026-02-07 08:46:31,mobiles,234981,"Samsung Galaxy A16 5G (6GB RAM, 128GB Storage) Light Green",Samsung,15999,19999,15999,Unavailable,https://www.vijaysales.com/p/P234983/234981/samsung-galaxy-a16-5g-6gb-ram-128gb-storage-light-green,https://vsprod.vijaysales.com/media/catalog/product/2/3/234981_1_.jpg,Electronics > Mobiles and Accessories > Mobiles > Smartphones,,
2026-02-07,2026-02-07 08:46:31,mobiles,230727,HMD 105 UPI enabled Keypad Phone | Auto call recording (Purple),HMD,999,1499,999,Unavailable,https://www.vijaysales.com/p/230727/hmd-105-upi-enabled-keypad-phone-auto-call-recording-purple,https://vsprod.vijaysales.com/media/catalog/product/2/3/230727-image_3.jpg,Electronics > Mobiles and Accessories > Mobiles > Feature Phones,,
2026-02-07,2026-02-07 08:46:31,mobiles,230726,HMD 105 UPI enabled Keypad Phone | Auto call recording (Black),HMD,999,1499,999,Unavailable,https://www.vijaysales.com/p/230726/hmd-105-upi-enabled-keypad-phone-auto-call-recording-black,https://vsprod.vijaysales.com/media/catalog/product/2/3/230726-image_3.jpg,Electronics > Mobiles and Accessories > Mobiles > Feature Phones,,
2026-02-07,2026-02-07 08:46:31,mobiles,230725,HMD 105 UPI enabled Keypad Phone | Auto call recording (Blue),HMD,999,1499,999,Unavailable,https://www.vijaysales.com/p/230725/hmd-105-upi-enabled-keypad-phone-auto-call-recording-blue,https://vsprod.vijaysales.com/media/catalog/product/2/3/230725-image_3.jpg,Electronics > Mobiles and Accessories > Mobiles > Feature Phones,,
2026-02-07,2026-02-07 08:46:31,mobiles,230724,"HMD 110 Keypad Phone with Built-in Scan & Pay UPI App, Rear Camera, Long-Lasting Battery, Wireless FM Radio (Green)",HMD,1199,1799,1199,Unavailable,https://www.vijaysales.com/p/230724/hmd-110-keypad-phone-with-built-in-scan-pay-upi-app-rear-camera-long-lasting-battery-wireless-fm-radio-green,https://vsprod.vijaysales.com/media/catalog/product/2/3/230724-image_6.jpg,Electronics > Mobiles and Accessories > Mobiles > Feature Phones,,
2026-02-07,2026-02-07 08:46:31,mobiles,230723,"HMD 110 Keypad Phone with Built-in Scan & Pay UPI App, Rear Camera, Long-Lasting Battery, Wireless FM Radio (Black)",HMD,1199,1799,1199,Unavailable,https://www.vijaysales.com/p/230723/hmd-110-keypad-phone-with-built-in-scan-pay-upi-app-rear-camera-long-lasting-battery-wireless-fm-radio-black,https://vsprod.vijaysales.com/media/catalog/product/2/3/230723-image_6.jpg,Electronics > Mobiles and Accessories > Mobiles > Feature Phones,,
2026-02-07,2026-02-07 08:46:31,mobiles,230722,Lava Hero Shakti 2G Mobile (32GB Expandable Storage) 1.8 inch (4.57 cm) Display | Auto Call Recording | Wireless FM with Recording (Pepsi Blue),Lava,899,1199,899,Unavailable,https://www.vijaysales.com/p/230722/lava-hero-shakti-2g-mobile-32gb-expandable-storage-1-8-inch-4-57-cm-display-auto-call-recording-wireless-fm-with-recording-pepsi-blue,https://vsprod.vijaysales.com/media/catalog/product/2/3/230722-image.jpg,Electronics > Mobiles and Accessories > Mobiles > Feature Phones,,
2026-02-07,2026-02-07 08:46:31,mobiles,230720,Lava Hero Shakti 2G Mobile (32GB Expandable Storage) 1.8 inch (4.57 cm) Display | Auto Call Recording | Wireless FM with Recording (Dark Blue),Lava,899,1199,899,Unavailable,https://www.vijaysales.com/p/230720/lava-hero-shakti-2g-mobile-32gb-expandable-storage-1-8-inch-4-57-cm-display-auto-call-recording-wireless-fm-with-recording-dark-blue,https://vsprod.vijaysales.com/media/catalog/product/2/3/230720-image.jpg,Electronics > Mobiles and Accessories > Mobiles > Feature Phones,,
2026-02-07,2026-02-07 08:46:31,mobiles,225665,"Samsung Galaxy S24 5G (8GB RAM, 256GB Storage) Amber Yellow",Samsung,62399,79999,62399,Unavailable,https://www.vijaysales.com/p/P225662/225665/samsung-galaxy-s-series-s24-5g-dual-sim-smartphone-8gb-ram-256gb-storage-6-2-inch-fhd-dynamic-amoled-2x-display-galaxy-ai-amber-yellow,https://vsprod.vijaysales.com/media/catalog/product/2/2/225665-image1_1.jpg,Electronics > Mobiles and Accessories > Mobiles > Smartphones,,
2026-02-07,2026-02-07 08:46:31,mobiles,225664,"Samsung Galaxy S24 5G (8GB RAM, 256GB Storage) Cobalt Violet",Samsung,62399,79999,62399,Unavailable,https://www.vijaysales.com/p/P225662/225664/samsung-galaxy-s-series-s24-5g-dual-sim-smartphone-8gb-ram-128gb-storage-6-2-inch-fhd-dynamic-amoled-2x-display-galaxy-ai-cobalt-violet,https://vsprod.vijaysales.com/media/catalog/product/2/2/225664-image1_1.jpg,Electronics > Mobiles and Accessories > Mobiles > Smartphones,,
2026-02-07,2026-02-07 08:46:31,mobiles,225663,"Samsung Galaxy S24 5G (8GB RAM, 256GB Storage) Onyx Black",Samsung,62399,79999,62399,Unavailable,https://www.vijaysales.com/p/P225662/225663/samsung-galaxy-s-series-s24-5g-dual-sim-smartphone-8gb-ram-256gb-storage-6-2-inch-fhd-dynamic-amoled-2x-display-galaxy-ai-onyx-black,https://vsprod.vijaysales.com/media/catalog/product/2/2/225663-image1_1.jpg,Electronics > Mobiles and Accessories > Mobiles > Smartphones,,
2026-02-07,2026-02-07 08:46:31,mobiles,225662,"Samsung Galaxy S24 5G (8GB RAM, 256GB Storage) Marble Grey",Samsung,62399,79999,62399,Unavailable,https://www.vijaysales.com/p/P225662/225662/samsung-galaxy-s-series-s24-5g-dual-sim-smartphone-8gb-ram-256gb-storage-6-2-inch-fhd-dynamic-amoled-2x-display-galaxy-ai-marble-grey,https://vsprod.vijaysales.com/media/catalog/product/2/2/225662-image1_1.jpg,Electronics > Mobiles and Accessories > Mobiles > Smartphones,,
2026-02-07,2026-02-07 08:46:31,mobiles,225661,"Samsung Galaxy S24 5G (8GB RAM, 128GB Storage) Amber Yellow",Samsung,57919,74999,57919,Unavailable,https://www.vijaysales.com/p/P225662/225661/samsung-galaxy-s24-5g-8gb-ram-128gb-storage-amber-yellow,https://vsprod.vijaysales.com/media/catalog/product/2/2/225661_1_.jpg,Electronics > Mobiles and Accessories > Mobiles > Smartphones,,
2026-02-07,2026-02-07 08:46:31,mobiles,225660,"Samsung Galaxy S24 5G (8GB RAM, 128GB Storage) Cobalt Violet",Samsung,57919,74999,57919,Unavailable,https://www.vijaysales.com/p/P225662/225660/samsung-galaxy-s24-5g-8gb-ram-128gb-storage-cobalt-violet,https://vsprod.vijaysales.com/media/catalog/product/2/2/225660_1_.jpg,Electronics > Mobiles and Accessories > Mobiles > Smartphones,,
2026-02-07,2026-02-07 08:46:31,mobiles,225659,"Samsung Galaxy S24 5G (8GB RAM, 128GB Storage) Onyx Black",Samsung,57919,74999,57919,Unavailable,https://www.vijaysales.com/p/P225662/225659/samsung-galaxy-s24-5g-8gb-ram-128gb-storage-onyx-black,https://vsprod.vijaysales.com/media/catalog/product/2/2/225659_1_.jpg,Electronics > Mobiles and Accessories > Mobiles > Smartphones,,
2026-02-07,2026-02-07 08:46:31,mobiles,225658,"Samsung Galaxy S24 5G (8GB RAM, 128GB Storage) Marble Grey",Samsung,57919,74999,57919,Unavailable,https://www.vijaysales.com/p/P225662/225658/samsung-galaxy-s24-5g-8gb-ram-128gb-storage-marble-grey,https://vsprod.vijaysales.com/media/catalog/product/2/2/225658-image1.jpg,Electronics > Mobiles and Accessories > Mobiles > Smartphones,,
2026-02-07,2026-02-07 08:46:31,mobiles,218932,LAVA Gem Power Mobile (Blue),Lava,1649,2099,1649,Unavailable,https://www.vijaysales.com/p/P218932/218932/lava-gem-power-mobile-blue,https://vsprod.vijaysales.com/media/catalog/product/2/1/218932-image1_2.jpg,Electronics > Mobiles and Accessories > Mobiles > Feature Phones,,
2026-02-07,2026-02-07 08:46:31,mobiles,218930,LAVA Gem Power Mobile (Black Gold),Lava,1649,2099,1649,Available,https://www.vijaysales.com/p/P218932/218930/lava-gem-power-mobile-black-gold,https://vsprod.vijaysales.com/media/catalog/product/2/1/218930-image1_2.jpg,Electronics > Mobiles and Accessories > Mobiles > Feature Phones,,
2026-02-07,2026-02-07 08:46:31,mobiles,218929,LAVA Josh BOL Mobile (Blue Silver),Lava,956,1399,956,Available,https://www.vijaysales.com/p/P218927/218929/lava-josh-bol-mobile-blue-silver,https://vsprod.vijaysales.com/media/catalog/product/2/1/218929-image1_2.jpg,Electronics > Mobiles and Accessories > Mobiles > Feature Phones,,
2026-02-07,2026-02-07 08:46:31,mobiles,218927,LAVA Josh BOL Mobile (Black Gold),Lava,956,1399,956,Available,https://www.vijaysales.com/p/P218927/218927/lava-josh-bol-mobile-black-gold,https://vsprod.vijaysales.com/media/catalog/product/2/1/218927-image1_2.jpg,Electronics > Mobiles and Accessories > Mobiles > Feature Phones,,
2026-02-07,2026-02-07 08:46:31,mobiles,232289,"Apple iPhone 16 (128GB Storage, Teal)",Apple,63490,69900,63990,Unavailable,https://www.vijaysales.com/p/P232288/232289/apple-iphone-16-128gb-storage-teal,https://vsprod.vijaysales.com/media/catalog/product/2/3/232289-image.jpg,Electronics > Mobiles and Accessories > Mobiles > iPhones,,
2026-02-07,2026-02-07 08:46:31,mobiles,232287,"Apple iPhone 16 (128GB Storage, Pink)",Apple,63490,69900,63490,Available,https://www.vijaysales.com/p/P232288/232287/apple-iphone-16-128gb-storage-pink,https://vsprod.vijaysales.com/media/catalog/product/2/3/232287-image.jpg,Electronics > Mobiles and Accessories > Mobiles > iPhones,,
2026-02-07,2026-02-07 08:46:31,mobiles,245224,"Apple iPhone Air (256GB Storage, Sky Blue)",Apple,94990,119900,94990,Available,https://www.vijaysales.com/p/P245224/245224/apple-iphone-air-256gb-storage-sky-blue,https://vsprod.vijaysales.com/media/catalog/product/i/p/iphone_air_sky_blue_pdp_image_position_1__en-in_1.jpg,Electronics > Mobiles and Accessories > Mobiles > iPhones,,
2026-02-07,2026-02-07 08:46:31,mobiles,245195,"Apple iPhone 17 Pro (256GB Storage, Cosmic Orange)",Apple,132490,134900,132490,Available,https://www.vijaysales.com/p/P245195/245195/apple-iphone-17-pro-256gb-cosmic-orange,https://vsprod.vijaysales.com/media/catalog/product/i/p/iphone_17_pro_cosmic_orange_pdp_image_position_1__en-in_1.jpg,Electronics > Mobiles and Accessories > Mobiles > iPhones,,
2026-02-07,2026-02-07 08:46:31,mobiles,245182,"Apple iPhone 17 (256GB Storage, Lavender)",Apple,82900,82900,82900,Available,https://www.vijaysales.com/p/P245179/245182/apple-iphone-17-256gb-storage-lavender,https://vsprod.vijaysales.com/media/catalog/product/i/p/iphone_17_lavender_pdp_image_position_1__en-in_1.jpg,Electronics > Mobiles and Accessories > Mobiles > iPhones,,
2026-02-07,2026-02-07 08:46:31,mobiles,245181,"Apple iPhone 17 (256GB Storage, Mist Blue)",Apple,82900,82900,82900,Available,https://www.vijaysales.com/p/P245179/245181/apple-iphone-17-256gb-storage-mist-blue,https://vsprod.vijaysales.com/media/catalog/product/i/p/iphone_17_mist_blue_pdp_image_position_1__en-in_1.jpg,Electronics > Mobiles and Accessories > Mobiles > iPhones,,
2026-02-07,2026-02-07 08:46:31,mobiles,232273,"Apple iPhone 16 Plus (128GB Storage, Ultramarine)",Apple,71890,79900,71890,Available,https://www.vijaysales.com/p/P232270/232273/apple-iphone-16-plus-128gb-storage-ultramarine,https://vsprod.vijaysales.com/media/catalog/product/2/3/232273-image.jpg,Electronics > Mobiles and Accessories > Mobiles > iPhones,,
2026-02-07,2026-02-07 08:46:31,mobiles,245206,"Apple iPhone 17 Pro Max (256GB Storage, Silver)",Apple,147900,149900,147900,Available,https://www.vijaysales.com/p/P245207/245206/apple-iphone-17-pro-max-256gb-silver,https://vsprod.vijaysales.com/media/catalog/product/i/p/iphone_17_pro_max_silver_pdp_image_position_1__en-in_2.jpg,Electronics > Mobiles and Accessories > Mobiles > iPhones,,
2026-02-07,2026-02-07 08:46:31,mobiles,245180,"Apple iPhone 17 (256GB Storage, White)",Apple,82900,82900,82900,Available,https://www.vijaysales.com/p/P245179/245180/apple-iphone-17-256gb-storage-white,https://vsprod.vijaysales.com/media/catalog/product/i/p/iphone_17_white_pdp_image_position_1__en-in_1.jpg,Electronics > Mobiles and Accessories > Mobiles > iPhones,,
2026-02-07,2026-02-07 08:46:31,mobiles,232270,"Apple iPhone 16 Plus (128GB Storage, Black)",Apple,71890,79900,71890,Available,https://www.vijaysales.com/p/P232270/232270/apple-iphone-16-plus-128gb-storage-black,https://vsprod.vijaysales.com/media/catalog/product/2/3/232270-image.jpg,Electronics > Mobiles and Accessories > Mobiles > iPhones,,
2026-02-07,2026-02-07 08:46:31,mobiles,232271,"Apple iPhone 16 Plus (128GB Storage, White)",Apple,71890,79900,71890,Available,https://www.vijaysales.com/p/P232270/232271/apple-iphone-16-plus-128gb-storage-white,https://vsprod.vijaysales.com/media/catalog/product/2/3/232271-image.jpg,Electronics > Mobiles and Accessories > Mobiles > iPhones,,
2026-02-07,2026-02-07 08:46:31,mobiles,238097,"Apple iPhone 16e (128GB Storage, Black)",Apple,52390,59900,52390,Unavailable,https://www.vijaysales.com/p/P238097/238097/apple-iphone-16e-128gb-storage-black,https://vsprod.vijaysales.com/media/catalog/product/i/p/iphone-16e-black_1_.jpg,Electronics > Mobiles and Accessories > Mobiles > iPhones,,
2026-02-07,2026-02-07 08:46:31,mobiles,245183,"Apple iPhone 17 (256GB Storage, Sage)",Apple,82900,82900,82900,Available,https://www.vijaysales.com/p/P245179/245183/apple-iphone-17-256gb-storage-sage,https://vsprod.vijaysales.com/media/catalog/product/i/p/iphone_17_sage_pdp_image_position_1__en-in_1_1.jpg,Electronics > Mobiles and Accessories > Mobiles > iPhones,,
2026-02-07,2026-02-07 08:46:31,mobiles,238098,"Apple iPhone 16e (128GB Storage, White)",Apple,52390,59900,52390,Available,https://www.vijaysales.com/p/P238097/238098/apple-iphone-16e-128gb-storage-white,https://vsprod.vijaysales.com/media/catalog/product/i/p/iphone-16e-white_1_.jpg,Electronics > Mobiles and Accessories > Mobiles > iPhones,,
2026-02-07,2026-02-07 08:46:31,mobiles,235142,"Store Display Unit - Apple iPhone 13 (128 GB Storage, Midnight)",Apple,32990,49900,32990,Unavailable,https://www.vijaysales.com/p/235142/store-display-unit-apple-iphone-13-128-gb-storage-midnight,https://vsprod.vijaysales.com/media/catalog/product/1/9/193008-image1_4.jpg,Electronics > Mobiles and Accessories > Mobiles > iPhones,,
2026-02-07,2026-02-07 08:46:31,mobiles,245201,"Apple iPhone 17 Pro (512GB Storage, Cosmic Orange)",Apple,152900,154900,152900,Available,https://www.vijaysales.com/p/P245195/245201/apple-iphone-17-pro-512gb-cosmic-orange,https://vsprod.vijaysales.com/media/catalog/product/i/p/iphone_17_pro_cosmic_orange_pdp_image_position_1__en-in.jpg,Electronics > Mobiles and Accessories > Mobiles > iPhones,,
2026-02-07,2026-02-07 08:46:31,mobiles,245207,"Apple iPhone 17 Pro Max (256GB Storage, Cosmic Orange)",Apple,147900,149900,147900,Available,https://www.vijaysales.com/p/P245207/245207/apple-iphone-17-pro-max-256gb-cosmic-orange,https://vsprod.vijaysales.com/media/catalog/product/i/p/iphone_17_pro_max_cosmic_orange_pdp_image_position_1__en-in_2.jpg,Electronics > Mobiles and Accessories > Mobiles > iPhones,,
2026-02-07,2026-02-07 08:46:31,mobiles,232274,"Apple iPhone 16 Plus (128GB Storage, Teal)",Apple,71890,79900,71890,Available,https://www.vijaysales.com/p/P232270/232274/apple-iphone-16-plus-128gb-storage-teal,https://vsprod.vijaysales.com/media/catalog/product/2/3/232274-image.jpg,Electronics > Mobiles and Accessories > Mobiles > iPhones,,
2026-02-07,2026-02-07 08:46:31,mobiles,245223,"Apple iPhone Air (256GB Storage, Light Gold)",Apple,94990,119900,94990,Unavailable,https://www.vijaysales.com/p/P245224/245223/apple-iphone-air-256gb-storage-light-gold,https://vsprod.vijaysales.com/media/catalog/product/i/p/iphone_air_light_gold_pdp_image_position_1__en-in_1.jpg,Electronics > Mobiles and Accessories > Mobiles > iPhones,,
2026-02-07,2026-02-07 08:46:31,mobiles,232272,"Apple iPhone 16 Plus (128GB Storage, Pink)",Apple,71890,79900,71890,Available,https://www.vijaysales.com/p/P232270/232272/apple-iphone-16-plus-128gb-storage-pink,https://vsprod.vijaysales.com/media/catalog/product/2/3/232272-image.jpg,Electronics > Mobiles and Accessories > Mobiles > iPhones,,
2026-02-07,2026-02-07 08:46:31,mobiles,245222,"Apple iPhone Air (256GB Storage, Cloud White)",Apple,94990,119900,94990,Unavailable,https://www.vijaysales.com/p/P245224/245222/apple-iphone-air-256gb-storage-cloud-white,https://vsprod.vijaysales.com/media/catalog/product/i/p/iphone_air_cloud_white_pdp_image_position_1__en-in_1.jpg,Electronics > Mobiles and Accessories > Mobiles > iPhones,,
2026-02-07,2026-02-07 08:46:31,mobiles,245204,"Apple iPhone 17 Pro (1TB Storage, Cosmic Orange)",Apple,172900,174900,172900,Available,https://www.vijaysales.com/p/P245195/245204/apple-iphone-17-pro-1tb-cosmic-orange,https://vsprod.vijaysales.com/media/catalog/product/i/p/iphone_17_pro_cosmic_orange_pdp_image_position_1__en-in_2.jpg,Electronics > Mobiles and Accessories > Mobiles > iPhones,,
2026-02-07,2026-02-07 08:46:31,mobiles,245208,"Apple iPhone 17 Pro Max (256GB Storage, Deep Blue)",Apple,147900,149900,147900,Available,https://www.vijaysales.com/p/P245207/245208/apple-iphone-17-pro-max-256gb-deep-blue,https://vsprod.vijaysales.com/media/catalog/product/i/p/iphone_17_pro_max_deep_blue_pdp_image_position_1__en-in_2.jpg,Electronics > Mobiles and Accessories > Mobiles > iPhones,,
2026-02-07,2026-02-07 08:46:31,mobiles,245232,"Apple iPhone Air (512GB Storage, Sky Blue)",Apple,112499,139900,112499,Available,https://www.vijaysales.com/p/P245224/245232/apple-iphone-air-512gb-storage-sky-blue,https://vsprod.vijaysales.com/media/catalog/product/i/p/iphone_air_sky_blue_pdp_image_position_1__en-in.jpg,Electronics > Mobiles and Accessories > Mobiles > iPhones,,
2026-02-07,2026-02-07 08:46:31,mobiles,245217,"Apple iPhone 17 Pro Max (1TB Storage, Deep Blue)",Apple,187900,189900,187900,Available,https://www.vijaysales.com/p/P245207/245217/apple-iphone-17-pro-max-1tb-deep-blue,https://vsprod.vijaysales.com/media/catalog/product/i/p/iphone_17_pro_max_deep_blue_pdp_image_position_1__en-in_3.jpg,Electronics > Mobiles and Accessories > Mobiles > iPhones,,
2026-02-07,2026-02-07 08:46:31,mobiles,232277,"Apple iPhone 16 Plus (256GB Storage, Pink)",Apple,81490,89900,81490,Unavailable,https://www.vijaysales.com/p/P232270/232277/apple-iphone-16-plus-256gb-storage-pink,https://vsprod.vijaysales.com/media/catalog/product/2/3/232272_1__1.jpg,Electronics > Mobiles and Accessories > Mobiles > iPhones,,
2026-02-07,2026-02-07 08:46:31,mobiles,245231,"Apple iPhone Air (512GB Storage, Light Gold)",Apple,112499,139900,112499,Unavailable,https://www.vijaysales.com/p/P245224/245231/apple-iphone-air-512gb-storage-light-gold,https://vsprod.vijaysales.com/media/catalog/product/i/p/iphone_air_light_gold_pdp_image_position_1__en-in.jpg,Electronics > Mobiles and Accessories > Mobiles > iPhones,,
2026-02-07,2026-02-07 08:46:31,mobiles,245189,"Apple iPhone 17 (512GB Storage, Black)",Apple,102900,102900,102900,Available,https://www.vijaysales.com/p/P245179/245189/apple-iphone-17-512gb-storage-black,https://vsprod.vijaysales.com/media/catalog/product/i/p/iphone_17_black_pdp_image_position_1__en-in.jpg,Electronics > Mobiles and Accessories > Mobiles > iPhones,,
2026-02-07,2026-02-07 08:46:31,mobiles,245213,"Apple iPhone 17 Pro Max (512GB Storage, Cosmic Orange)",Apple,167900,169900,167900,Unavailable,https://www.vijaysales.com/p/P245207/245213/apple-iphone-17-pro-max-512gb-cosmic-orange,https://vsprod.vijaysales.com/media/catalog/product/i/p/iphone_17_pro_max_cosmic_orange_pdp_image_position_1__en-in.jpg,Electronics > Mobiles and Accessories > Mobiles > iPhones,,
2026-02-07,2026-02-07 08:46:31,mobiles,245234,"Apple iPhone Air (1TB Storage, Cloud White)",Apple,141900,159900,141900,Unavailable,https://www.vijaysales.com/p/P245224/245234/apple-iphone-air-1tb-storage-cloud-white,https://vsprod.vijaysales.com/media/catalog/product/i/p/iphone_air_cloud_white_pdp_image_position_1__en-in_2.jpg,Electronics > Mobiles and Accessories > Mobiles > iPhones,,
2026-02-07,2026-02-07 08:46:31,mobiles,246038,Motorola A200 Dual Sim keypad Phone with Voice Feature | Long Lasting Battery | Built-in UPI Payments App | Wireless FM | Auto Call Recording (Teal Blue),Motorola,1154,1154,1154,Available,https://www.vijaysales.com/p/246038/motorola-a200-dual-sim-keypad-phone-with-voice-feature-long-lasting-battery-built-in-upi-payments-app-wireless-fm-auto-call-recording-teal-blue,https://vsprod.vijaysales.com/media/catalog/product/2/4/246038_1_.jpg,Electronics > Mobiles and Accessories > Mobiles > Feature Phones,,
2026-02-07,2026-02-07 08:46:31,mobiles,245193,"Apple iPhone 17 (512GB Storage, Sage)",Apple,102900,102900,102900,Available,https://www.vijaysales.com/p/P245179/245193/apple-iphone-17-512gb-storage-sage,https://vsprod.vijaysales.com/media/catalog/product/i/p/iphone_17_sage_pdp_image_position_1__en-in_1.jpg,Electronics > Mobiles and Accessories > Mobiles > iPhones,,
2026-02-07,2026-02-07 08:46:31,mobiles,238101,"Apple iPhone 16e (512GB Storage, Black)",Apple,80690,89900,80690,Available,https://www.vijaysales.com/p/P238097/238101/apple-iphone-16e-512gb-black,https://vsprod.vijaysales.com/media/catalog/product/i/p/iphone-16e-black_1__2.jpg,Electronics > Mobiles and Accessories > Mobiles > iPhones,,
2026-02-07,2026-02-07 08:46:31,mobiles,245196,"Apple iPhone 17 Pro (256GB Storage, Deep Blue)",Apple,132490,134900,132490,Available,https://www.vijaysales.com/p/P245195/245196/apple-iphone-17-pro-256gb-deep-blue,https://vsprod.vijaysales.com/media/catalog/product/i/p/iphone_17_pro_deep_blue_pdp_image_position_1__en-in_1.jpg,Electronics > Mobiles and Accessories > Mobiles > iPhones,,
2026-02-07,2026-02-07 08:46:31,mobiles,245212,"Apple iPhone 17 Pro Max (512GB Storage, Silver)",Apple,167900,169900,167900,Available,https://www.vijaysales.com/p/P245207/245212/apple-iphone-17-pro-max-512gb-silver,https://vsprod.vijaysales.com/media/catalog/product/i/p/iphone_17_pro_max_silver_pdp_image_position_1__en-in.jpg,Electronics > Mobiles and Accessories > Mobiles > iPhones,,
2026-02-07,2026-02-07 08:46:31,mobiles,246032,Lava A2 Smart Dual SIM Keypad Mobile Phone | 2.4 inch Big Display | Built-in UPI Payments | 1200mAh Battery | Bluetooth | Camera | Auto Call Recording | 9 Regional Languages (Black),Lava,1132,1132,1132,Available,https://www.vijaysales.com/p/246032/lava-a2-smart-dual-sim-keypad-mobile-phone-2-4-inch-big-display-built-in-upi-payments-1200mah-battery-bluetooth-camera-auto-call-recording-9-regional-languages-black,https://vsprod.vijaysales.com/media/catalog/product/2/4/246032_1_.jpg,Electronics > Mobiles and Accessories > Mobiles > Feature Phones,,
2026-02-07,2026-02-07 08:46:31,mobiles,245190,"Apple iPhone 17 (512GB Storage, White)",Apple,102900,102900,102900,Available,https://www.vijaysales.com/p/P245179/245190/apple-iphone-17-512gb-storage-white,https://vsprod.vijaysales.com/media/catalog/product/i/p/iphone_17_white_pdp_image_position_1__en-in.jpg,Electronics > Mobiles and Accessories > Mobiles > iPhones,,
2026-02-07,2026-02-07 08:46:31,mobiles,246037,Motorola A200 Dual Sim keypad Phone with Voice Feature | Long Lasting Battery | Built-in UPI Payments App | Wireless FM | Auto Call Recording (Black),Motorola,1154,1154,1154,Available,https://www.vijaysales.com/p/246037/motorola-a200-dual-sim-keypad-phone-with-voice-feature-long-lasting-battery-built-in-upi-payments-app-wireless-fm-auto-call-recording-black,https://vsprod.vijaysales.com/media/catalog/product/2/4/246037_1_.jpg,Electronics > Mobiles and Accessories > Mobiles > Feature Phones,,
2026-02-07,2026-02-07 08:46:31,mobiles,246036,Lava A7 Torch Dual Sim Keypad Mobile Phone with Instant Slide Torch | 2.4 inch (6.1 cm) Big Display | 2575 mAh Powerful Battery | Digital Camera | Auto-call Recording (Blue),Lava,1462,1462,1462,Available,https://www.vijaysales.com/p/246036/lava-a7-torch-dual-sim-keypad-mobile-phone-with-instant-slide-torch-2-4-inch-6-1-cm-big-display-2575-mah-powerful-battery-digital-camera-auto-call-recording-blue,https://vsprod.vijaysales.com/media/catalog/product/2/4/246036_1_.jpg,Electronics > Mobiles and Accessories > Mobiles > Feature Phones,,
2026-02-07,2026-02-07 08:46:31,mobiles,246035,Lava A7 Torch Dual Sim Keypad Mobile Phone with Instant Slide Torch | 2.4 inch (6.1 cm) Big Display | 2575 mAh Powerful Battery | Digital Camera | Auto-call Recording (Black),Lava,1462,1462,1462,Available,https://www.vijaysales.com/p/246035/lava-a7-torch-dual-sim-keypad-mobile-phone-with-instant-slide-torch-2-4-inch-6-1-cm-big-display-2575-mah-powerful-battery-digital-camera-auto-call-recording-black,https://vsprod.vijaysales.com/media/catalog/product/2/4/246035_1_.jpg,Electronics > Mobiles and Accessories > Mobiles > Feature Phones,,
2026-02-07,2026-02-07 08:46:31,mobiles,246034,Lava A2 Smart Dual SIM Keypad Mobile Phone | 2.4 inch Big Display | Built-in UPI Payments | 1200mAh Battery | Bluetooth | Camera | Auto Call Recording | 9 Regional Languages (Light Blue),Lava,1132,1132,1132,Available,https://www.vijaysales.com/p/246034/lava-a2-smart-dual-sim-keypad-mobile-phone-2-4-inch-big-display-built-in-upi-payments-1200mah-battery-bluetooth-camera-auto-call-recording-9-regional-languages-light-blue,https://vsprod.vijaysales.com/media/catalog/product/2/4/246034_1_.jpg,Electronics > Mobiles and Accessories > Mobiles > Feature Phones,,
2026-02-07,2026-02-07 08:46:31,mobiles,246033,Lava A2 Smart Dual SIM Keypad Mobile Phone | 2.4 inch Big Display | Built-in UPI Payments | 1200mAh Battery | Bluetooth | Camera | Auto Call Recording | 9 Regional Languages (Dark Blue),Lava,1132,1132,1132,Available,https://www.vijaysales.com/p/246033/lava-a2-smart-dual-sim-keypad-mobile-phone-2-4-inch-big-display-built-in-upi-payments-1200mah-battery-bluetooth-camera-auto-call-recording-9-regional-languages-dark-blue,https://vsprod.vijaysales.com/media/catalog/product/2/4/246033_1_.jpg,Electronics > Mobiles and Accessories > Mobiles > Feature Phones,,
2026-02-07,2026-02-07 08:46:31,mobiles,246031,Lava A3 King Dual Sim Keypad Mobile Phone | 1.8 inch (4.57 cm) Large Display | 1750mAh Big Battery | 7 Languages Read & Write Support | Vibration Alert (Charcoal Grey),Lava,1099,1099,1099,Available,https://www.vijaysales.com/p/P246030/246031/lava-a3-king-dual-sim-keypad-mobile-phone-1-8-inch-4-57-cm-large-display-1750mah-big-battery-7-languages-read-write-support-vibration-alert-charcoal-grey,https://vsprod.vijaysales.com/media/catalog/product/2/4/246031_1_.jpg,Electronics > Mobiles and Accessories > Mobiles > Feature Phones,,
2026-02-07,2026-02-07 08:46:31,mobiles,246030,Lava A3 King Dual Sim Keypad Mobile Phone | 1.8 inch (4.57 cm) Large Display | 1750mAh Big Battery | 7 Languages Read & Write Support | Vibration Alert (Dark Blue),Lava,1099,1099,1099,Available,https://www.vijaysales.com/p/P246030/246030/lava-a3-king-dual-sim-keypad-mobile-phone-1-8-inch-4-57-cm-large-display-1750mah-big-battery-7-languages-read-write-support-vibration-alert-dark-blue,https://vsprod.vijaysales.com/media/catalog/product/2/4/246030_1_.jpg,Electronics > Mobiles and Accessories > Mobiles > Feature Phones,,
2026-02-07,2026-02-07 08:46:31,mobiles,246029,Lava A1 Music Dual Sim Keypad Mobile | 2 inch Display | Bluetooth Support | Smart AI Battery | 5 Days Battery Backup | Powerful Sound (White),Lava,989,989,989,Unavailable,https://www.vijaysales.com/p/P246028/246029/lava-a1-music-dual-sim-keypad-mobile-2-inch-display-bluetooth-support-smart-ai-battery-5-days-battery-backup-powerful-sound-white,https://vsprod.vijaysales.com/media/catalog/product/2/4/246029_1_.jpg,Electronics > Mobiles and Accessories > Mobiles > Feature Phones,,
2026-02-07,2026-02-07 08:46:31,mobiles,246028,Lava A1 Music Dual Sim Keypad Mobile | 2 inch Display | Bluetooth Support | Smart AI Battery | 5 Days Battery Backup | Powerful Sound (Blue),Lava,989,989,989,Available,https://www.vijaysales.com/p/P246028/246028/lava-a1-music-dual-sim-keypad-mobile-2-inch-display-bluetooth-support-smart-ai-battery-5-days-battery-backup-powerful-sound-blue,https://vsprod.vijaysales.com/media/catalog/product/2/4/246028_1_.jpg,Electronics > Mobiles and Accessories > Mobiles > Feature Phones,,
2026-02-07,2026-02-07 08:46:31,mobiles,246026,Lava A1 Josh Dual Sim Keypad Mobile | 1.8 inch Display | Long-Lasting Battery | 22 Languages Read Support | Auto Call Recording | Call Blink Notification (Blue Silver),Lava,923,923,923,Unavailable,https://www.vijaysales.com/p/246026/lava-a1-josh-dual-sim-keypad-mobile-1-8-inch-display-long-lasting-battery-22-languages-read-support-auto-call-recording-call-blink-notification-blue-silver,https://vsprod.vijaysales.com/media/catalog/product/2/4/246026_1_.jpg,Electronics > Mobiles and Accessories > Mobiles > Feature Phones,,
2026-02-07,2026-02-07 08:46:31,mobiles,246025,Lava A1 Josh Dual Sim Keypad Mobile | 1.8 inch Display | Long-Lasting Battery | 22 Languages Read Support | Auto Call Recording | Call Blink Notification (Black Gold),Lava,923,923,923,Unavailable,https://www.vijaysales.com/p/246025/lava-a1-josh-dual-sim-keypad-mobile-1-8-inch-display-long-lasting-battery-22-languages-read-support-auto-call-recording-call-blink-notification-black-gold,https://vsprod.vijaysales.com/media/catalog/product/2/4/246025_1_.jpg,Electronics > Mobiles and Accessories > Mobiles > Feature Phones,,
2026-02-07,2026-02-07 08:46:31,mobiles,245236,"Apple iPhone Air (1TB Storage, Sky Blue)",Apple,141900,159900,141900,Unavailable,https://www.vijaysales.com/p/P245224/245236/apple-iphone-air-1tb-storage-sky-blue,https://vsprod.vijaysales.com/media/catalog/product/i/p/iphone_air_sky_blue_pdp_image_position_1__en-in_2.jpg,Electronics > Mobiles and Accessories > Mobiles > iPhones,,
2026-02-07,2026-02-07 08:46:31,mobiles,245235,"Apple iPhone Air (1TB Storage, Light Gold)",Apple,129900,159900,129900,Available,https://www.vijaysales.com/p/P245224/245235/apple-iphone-air-1tb-storage-light-gold,https://vsprod.vijaysales.com/media/catalog/product/i/p/iphone_air_light_gold_pdp_image_position_1__en-in_2.jpg,Electronics > Mobiles and Accessories > Mobiles > iPhones,,
2026-02-07,2026-02-07 08:46:31,mobiles,245233,"Apple iPhone Air (1TB Storage, Space Black)",Apple,141900,159900,141900,Unavailable,https://www.vijaysales.com/p/P245224/245233/apple-iphone-air-1tb-storage-space-black,https://vsprod.vijaysales.com/media/catalog/product/i/p/iphone_air_space_black_pdp_image_position_1__en-in_2.jpg,Electronics > Mobiles and Accessories > Mobiles > iPhones,,
2026-02-07,2026-02-07 08:46:31,mobiles,245230,"Apple iPhone Air (512GB Storage, Cloud White)",Apple,112499,139900,112499,Unavailable,https://www.vijaysales.com/p/P245224/245230/apple-iphone-air-512gb-storage-cloud-white,https://vsprod.vijaysales.com/media/catalog/product/i/p/iphone_air_cloud_white_pdp_image_position_1__en-in.jpg,Electronics > Mobiles and Accessories > Mobiles > iPhones,,
2026-02-07,2026-02-07 08:46:31,mobiles,245229,"Apple iPhone Air (512GB Storage, Space Black)",Apple,112499,139900,112499,Unavailable,https://www.vijaysales.com/p/P245224/245229/apple-iphone-air-512gb-storage-space-black,https://vsprod.vijaysales.com/media/catalog/product/i/p/iphone_air_space_black_pdp_image_position_1__en-in.jpg,Electronics > Mobiles and Accessories > Mobiles > iPhones,,
2026-02-07,2026-02-07 08:46:31,mobiles,245221,"Apple iPhone Air (256GB Storage, Space Black)",Apple,94990,119900,94990,Unavailable,https://www.vijaysales.com/p/P245224/245221/apple-iphone-air-256gb-storage-space-black,https://vsprod.vijaysales.com/media/catalog/product/i/p/iphone_air_space_black_pdp_image_position_1__en-in_1.jpg,Electronics > Mobiles and Accessories > Mobiles > iPhones,,
2026-02-07,2026-02-07 08:46:31,mobiles,245220,"Apple iPhone 17 Pro Max (2TB Storage, Deep Blue)",Apple,225900,229900,225900,Unavailable,https://www.vijaysales.com/p/P245207/245220/apple-iphone-17-pro-max-2tb-deep-blue,https://vsprod.vijaysales.com/media/catalog/product/i/p/iphone_17_pro_max_deep_blue_pdp_image_position_1__en-in_1.jpg,Electronics > Mobiles and Accessories > Mobiles > iPhones,,
2026-02-07,2026-02-07 08:46:31,mobiles,245219,"Apple iPhone 17 Pro Max (2TB Storage, Cosmic Orange)",Apple,225900,229900,225900,Unavailable,https://www.vijaysales.com/p/P245207/245219/apple-iphone-17-pro-max-2tb-cosmic-orange,https://vsprod.vijaysales.com/media/catalog/product/i/p/iphone_17_pro_max_cosmic_orange_pdp_image_position_1__en-in_1.jpg,Electronics > Mobiles and Accessories > Mobiles > iPhones,,
2026-02-07,2026-02-07 08:46:31,mobiles,245218,"Apple iPhone 17 Pro Max (2TB Storage, Silver)",Apple,225900,229900,225900,Unavailable,https://www.vijaysales.com/p/P245207/245218/apple-iphone-17-pro-max-2tb-silver,https://vsprod.vijaysales.com/media/catalog/product/i/p/iphone_17_pro_max_silver_pdp_image_position_1__en-in_1.jpg,Electronics > Mobiles and Accessories > Mobiles > iPhones,,
2026-02-07,2026-02-07 08:46:31,mobiles,245216,"Apple iPhone 17 Pro Max (1TB Storage, Cosmic Orange)",Apple,189900,189900,189900,Unavailable,https://www.vijaysales.com/p/P245207/245216/apple-iphone-17-pro-max-1tb-cosmic-orange,https://vsprod.vijaysales.com/media/catalog/product/i/p/iphone_17_pro_max_cosmic_orange_pdp_image_position_1__en-in_3.jpg,Electronics > Mobiles and Accessories > Mobiles > iPhones,,
2026-02-07,2026-02-07 08:46:31,mobiles,245215,"Apple iPhone 17 Pro Max (1TB Storage, Silver)",Apple,187900,189900,187900,Unavailable,https://www.vijaysales.com/p/P245207/245215/apple-iphone-17-pro-max-1tb-silver,https://vsprod.vijaysales.com/media/catalog/product/i/p/iphone_17_pro_max_silver_pdp_image_position_1__en-in_3.jpg,Electronics > Mobiles and Accessories > Mobiles > iPhones,,
2026-02-07,2026-02-07 08:46:31,mobiles,245214,"Apple iPhone 17 Pro Max (512GB Storage, Deep Blue)",Apple,167900,169900,167900,Unavailable,https://www.vijaysales.com/p/P245207/245214/apple-iphone-17-pro-max-512gb-deep-blue,https://vsprod.vijaysales.com/media/catalog/product/i/p/iphone_17_pro_max_deep_blue_pdp_image_position_1__en-in.jpg,Electronics > Mobiles and Accessories > Mobiles > iPhones,,
2026-02-07,2026-02-07 08:46:31,mobiles,245203,"Apple iPhone 17 Pro (1TB Storage, Silver)",Apple,172900,174900,172900,Unavailable,https://www.vijaysales.com/p/P245195/245203/apple-iphone-17-pro-1tb-silver,https://vsprod.vijaysales.com/media/catalog/product/i/p/iphone_17_pro_silver_pdp_image_position_1__en-in_2.jpg,Electronics > Mobiles and Accessories > Mobiles > iPhones,,
2026-02-07,2026-02-07 08:46:31,mobiles,245202,"Apple iPhone 17 Pro (512GB Storage, Deep Blue)",Apple,152900,154900,152900,Available,https://www.vijaysales.com/p/P245195/245202/apple-iphone-17-pro-512gb-deep-blue,https://vsprod.vijaysales.com/media/catalog/product/i/p/iphone_17_pro_deep_blue_pdp_image_position_1__en-in.jpg,Electronics > Mobiles and Accessories > Mobiles > iPhones,,
