scrape_date,scrape_timestamp,category,product_id,brand,price,mrp,availability,product_url,image_url,rating,discount,main_category,sub_category,ram,storage,display_inch,processor
2026-02-11,2026-02-11 09:11:06,laptops,245494,HP,40990,51000,Available,https://www.vijaysales.com/p/245494/hp-thin-light-laptop-intel-core-3-16gb-512gb-ssd-windows-11-15-6-inch-39-6-cm-fhd-display-15-fd1284tu,https://vsprod.vijaysales.com/media/catalog/product/1/_/1_126.jpg,5,19.63,Computers and Laptops,Laptops,48.0,512.0,15.6,Ryzen 3
2026-02-11,2026-02-11 09:11:06,laptops,245126,Dell,34499,41190,Unavailable,https://www.vijaysales.com/p/245126/dell-15-laptop-amd-ryzen-3-8gb-ram-512gb-ssd-15-6-inch-39-62-cm-display-amd-radeon-610m-graphics-ms-office-odc1525585101rinb1,https://vsprod.vijaysales.com/media/catalog/product/2/4/245126ne_1_.jpg,4,16.24,Computers and Laptops,Laptops,8.0,512.0,15.6,Ryzen 3
2026-02-11,2026-02-11 09:11:06,laptops,245847,HP,46999,54551,Available,https://www.vijaysales.com/p/245847/hp-thin-light-laptop-amd-ryzen-5-16gb-ram-512gb-ssd-amd-radeon-graphics-windows-11-home-15-fc0703au-natural-silver,https://vsprod.vijaysales.com/media/catalog/product/i/m/imgi_53_318728_0_xqm3lrmge_1.jpg,4,13.84,Computers and Laptops,Laptops,16.0,512.0,15.6,Ryzen 5
2026-02-11,2026-02-11 09:11:06,laptops,239245,HP,62999,75000,Unavailable,https://www.vijaysales.com/p/239245/hp-thin-light-laptop-intel-core-i5-16gb-ddr4-ram-512gb-ssd-14-inch-35-56-cm-fhd-display-intel-irisr-x-graphics-windows-11-ms-office-14-gr0002tu,https://vsprod.vijaysales.com/media/catalog/product/2/3/239245_1.jpg,5,16.0,Computers and Laptops,Laptops,36.0,512.0,14.0,Intel Core i5
2026-02-11,2026-02-11 09:11:06,laptops,230211,Acer,35990,52990,Available,https://www.vijaysales.com/p/230211/acer-aspire-lite-laptop-13th-gen-core-i3-1305u-8-gb-ram-512gb-ssd-15-6-inch-39-62cm-fhd-display-win-11-ms-office-grey-un-34esi-005-al15-53,https://vsprod.vijaysales.com/media/catalog/product/2/3/230211n.jpg,4,32.08,Computers and Laptops,Laptops,8.0,512.0,15.6,Intel Core i5
2026-02-11,2026-02-11 09:11:06,laptops,241382,Asus,47990,57990,Unavailable,https://www.vijaysales.com/p/241382/asus-vivobook-15-thin-light-laptop-amd-ryzen-7-16gb-ram-512gb-ssd-15-6-inch-39-6-cm-fhd-ips-display-amd-radeon-graphics-windows-11-ms-office-m1502ya-bq702ws,https://vsprod.vijaysales.com/media/catalog/product/2/4/241382_1.jpg,4,17.24,Computers and Laptops,Laptops,16.0,512.0,15.6,Ryzen 7
2026-02-11,2026-02-11 09:11:06,laptops,239524,HP,23990,32454,Available,https://www.vijaysales.com/p/239524/refurbished-hp-probook-440-g5-core-i5-7th-gen-8gb-256gb-ssd-webcam-14-win-10,https://vsprod.vijaysales.com/media/catalog/product/2/3/239524_1_.jpg,4,26.08,Computers and Laptops,Refurbished Laptops,16.0,256.0,15.3,Ryzen 3
2026-02-11,2026-02-11 09:11:06,laptops,243920,Dell,59999,74700,Available,https://www.vijaysales.com/p/243920/dell-new-15-laptop-13th-gen-intel-core-i5-16gb-ram-512gb-ssd-156-inch-3962-cm-display-intel-uhd-graphics-ms-office-odc1525000401rins1,https://vsprod.vijaysales.com/media/catalog/product/d/e/dell_13th_ci5_16gb_512gb_odc1525000401rins1_dc15250_2_.jpg,5,19.68,Computers and Laptops,Laptops,16.0,512.0,15.6,Intel Core i5
2026-02-11,2026-02-11 09:11:06,laptops,243320,HP,35499,38000,Available,https://www.vijaysales.com/p/243320/hp-thin-light-laptop-amd-ryzen-3-8gb-ram-512gb-ssd-15-6-inch-39-6-cm-inch-full-hd-display-amd-radeon-graphics-windows-11-15-fc0552au,https://vsprod.vijaysales.com/media/catalog/product/2/4/243320_8_.jpg,4,6.58,Computers and Laptops,Laptops,8.0,512.0,15.6,Ryzen 3
2026-02-11,2026-02-11 09:11:06,laptops,231452,Acer,25990,36990,Unavailable,https://www.vijaysales.com/p/231452/acer-aspire-3-a325-45-laptop-intel-celeron-n4500-8gb-ram-512gb-ssd-15-6-inch-39-6-cm-full-hd-led-backlit-display-intel-uhd-graphics-windows-11-un-344si-007,https://vsprod.vijaysales.com/media/catalog/product/2/3/231452_1_.jpg,4,29.74,Computers and Laptops,Laptops,8.0,512.0,15.6,Ryzen 5
2026-02-11,2026-02-11 09:11:06,laptops,239906,Acer,31999,50999,Available,https://www.vijaysales.com/p/239906/acer-aspire-lite-laptop-amd-ryzen-3-8gb-ddr4-ram-512gb-ssd-15-6-inch-39-62-cm-full-hd-display-amd-radeon-graphics-windows-11-ms-office-un-31zsi-044,https://vsprod.vijaysales.com/media/catalog/product/2/3/239906_1_.jpeg,4,37.26,Computers and Laptops,Laptops,16.0,512.0,15.6,Ryzen 3
2026-02-11,2026-02-11 09:11:06,laptops,239503,Dell,29990,54410,Unavailable,https://www.vijaysales.com/p/239503/refurbished-lenovo-thinkpad-t480-core-i7-8th-gen-8gb-512gb-ssd-webcam-14-non-touch-dos,https://vsprod.vijaysales.com/media/catalog/product/2/3/239503_1_.jpg,4,44.88,Computers and Laptops,Refurbished Laptops,16.0,512.0,15.6,Ryzen 5
2026-02-11,2026-02-11 09:11:06,laptops,245843,HP,42499,53412,Available,https://www.vijaysales.com/p/245843/hp-laptop-intel-core-i3-13th-gen-8gb-ram-512gb-ssd-15-6-inch-full-hd-ips-display-integrated-intel-uhd-graphics-gpu-windows-11-home-15fd0623tu,https://vsprod.vijaysales.com/media/catalog/product/2/4/245843_1_.1.jpg,5,20.43,Computers and Laptops,Laptops,8.0,512.0,15.6,Intel Core i3
2026-02-11,2026-02-11 09:11:06,laptops,248536,Asus,33990,44990,Available,https://www.vijaysales.com/p/248536/asus-vivobook-go-14-student-laptop-amd-ryzen-3-7320u-8gb-ram-512gb-ssd-14-inch-35-56-cm-fhd-display-amd-radeon-graphics-windows-11-ms-office-e1404faeb900ws,https://vsprod.vijaysales.com/media/catalog/product/2/4/248536_1_.jpg,4,24.45,Computers and Laptops,Laptops,8.0,512.0,14.0,Ryzen 3
2026-02-11,2026-02-11 09:11:06,laptops,243963,HP,63999,74000,Available,https://www.vijaysales.com/p/243963/hp-victus-gaming-laptop-amd-ryzen-7-16gb-ram-512gb-ssd-15-6-inch-39-62-cm-fhd-display-4gb-nvidia-geforce-rtx-2050-graphics-windows-11-ms-office-15-fb3123ax,https://vsprod.vijaysales.com/media/catalog/product/2/4/243963_3_.jpg,5,13.51,Computers and Laptops,Gaming Laptops,16.0,512.0,15.6,Ryzen 7
2026-02-11,2026-02-11 09:11:06,laptops,239002,Lenovo,62990,85990,Available,https://www.vijaysales.com/p/239002/lenovo-ideapad-slim-3-thin-light-laptop-13th-gen-intel-core-i5-16gb-ddr5-ram-512gb-ssd-15-3-inch-38-86-cm-wuxga-ips-display-intel-uhd-graphics-windows-11-ms-office-83k100cfin,https://vsprod.vijaysales.com/media/catalog/product/2/3/239002_1_.jpg,4,26.75,Computers and Laptops,Laptops,8.0,512.0,15.3,Intel Core i5
2026-02-11,2026-02-11 09:11:06,laptops,239534,Acer,46999,79000,Available,https://www.vijaysales.com/p/239534/acer-aspire-lite-al15-53-thin-light-laptop-intel-core-i5-1334u-16gb-ddr4-ram-512gb-ssd-15-6-inch-39-62-cm-full-hd-display-intel-uhd-graphics-backlit-keyboard-windows-11-ms-office-un-34esi-00j,https://vsprod.vijaysales.com/media/catalog/product/2/3/239534_1.jpg,5,40.51,Computers and Laptops,Laptops,16.0,512.0,15.6,Intel Core i5
2026-02-11,2026-02-11 09:11:06,laptops,248534,Asus,41990,52990,Available,https://www.vijaysales.com/p/248534/asus-vivobook-go-14-standard-laptop-amd-ryzentm-5-7520u-16gb-ram-512gb-ssd-14-inch-full-hd-anti-glare-display-integrated-amd-radeon-graphics-gpu-windows-11-home-e1404faeb2541ws,https://vsprod.vijaysales.com/media/catalog/product/2/4/248534_1_.jpg,5,20.76,Computers and Laptops,Laptops,16.0,512.0,14.0,Ryzen 7
2026-02-11,2026-02-11 09:11:06,laptops,241420,HP,68499,83000,Available,https://www.vijaysales.com/p/241420/hp-thin-light-laptop-intel-core-ultra-5-16gb-ddr5-ram-512gb-ssd-15-6-inch-39-6-cm-diagonal-fhd-display-intel-arc-graphics-windows-11-ms-office-15-hr1000tu,https://vsprod.vijaysales.com/media/catalog/product/2/4/241420_1.jpg,5,17.47,Computers and Laptops,Laptops,16.0,512.0,15.6,Intel Core i7
2026-02-11,2026-02-11 09:11:06,laptops,241044,HP,52990,53999,Available,https://www.vijaysales.com/p/241044/hp-thin-light-laptop-amd-ryzen-7-16gb-ram-512gb-ssd-15-6-inch-39-6-cm-full-hd-display-amd-radeon-graphics-windows-11-15-fc0533au,https://vsprod.vijaysales.com/media/catalog/product/2/4/241044_2_.jpg,4,1.87,Computers and Laptops,Laptops,16.0,512.0,15.6,Ryzen 7
2026-02-11,2026-02-11 09:11:06,laptops,240005,Acer,60999,65490,Unavailable,https://www.vijaysales.com/p/240005/acer-nitro-v15-gaming-laptop-amd-ryzen-5-16gb-ddr5-ram-512gb-ssd-15-6-inch-39-62-cm-full-hd-display-6gb-nvidia-geforce-rtx-3050-graphics-windows-11-ms-office-un-qpfsi-00e,https://vsprod.vijaysales.com/media/catalog/product/2/4/240005_10_.jpg,4,6.86,Computers and Laptops,Gaming Laptops,8.0,512.0,15.6,Ryzen 5
2026-02-11,2026-02-11 09:11:06,laptops,242249,Dell,42999,49000,Available,https://www.vijaysales.com/p/242249/dell-14-thin-light-laptop-13th-gen-intel-core-i3-1305u-8gb-ddr5-ram-512gb-ssd-14-inch-35-56-cm-fhd-display-intel-uhd-graphics-windows-11-ms-office-oin54403001f1rinu1o,https://vsprod.vijaysales.com/media/catalog/product/2/4/242249_1_.jpg,5,12.25,Computers and Laptops,Laptops,24.0,512.0,14.0,Intel Core i3
2026-02-11,2026-02-11 09:11:06,laptops,241043,HP,40990,48999,Unavailable,https://www.vijaysales.com/p/241043/hp-mso-2024-thin-light-laptop-amd-ryzen-5-hexa-core-7530u-16gb-ddr4-ram-512gb-ssd-15-6-inch-39-62-cm-fhd-display-amd-radeon-graphics-windows-11-ms-office-15-fc0389au,https://vsprod.vijaysales.com/media/catalog/product/2/4/241043_1.jpg,5,16.35,Computers and Laptops,Laptops,24.0,512.0,15.6,Ryzen 5
2026-02-11,2026-02-11 09:11:06,laptops,245845,HP,36499,39731,Available,https://www.vijaysales.com/p/245845/hp-thin-light-laptop-amd-ryzen-3-8gb-ram-512gb-ssd-14-inch-35-56-cm-display-amd-radeon-graphics-14-em0243au,https://vsprod.vijaysales.com/media/catalog/product/2/4/245845_1__1.jpg,4,8.13,Computers and Laptops,Laptops,8.0,512.0,14.0,Ryzen 3
2026-02-11,2026-02-11 09:11:06,laptops,245831,Lenovo,65999,104890,Available,https://www.vijaysales.com/p/245831/lenovo-ideapad-slim-5-14irh10-thin-light-laptop-13th-gen-intel-core-i5-16gb-ram-1tb-ssd-14-inch-35-56-cm-oled-display-intel-uhd-graphics-windows-11-ms-office-83hr000yin,https://vsprod.vijaysales.com/media/catalog/product/2/4/245831_1_.jpg,4,37.08,Computers and Laptops,Laptops,16.0,512.0,14.0,Intel Core i5
2026-02-11,2026-02-11 09:11:06,laptops,239905,Acer,40999,63999,Available,https://www.vijaysales.com/p/239905/acer-aspire-lite-al15-41-laptop-amd-ryzen-5-16gb-ddr4-ram-512gb-ssd-15-6-inch-39-62-cm-full-hd-display-amd-radeon-graphics-windows-11-ms-office-un-31zsi-03z,https://vsprod.vijaysales.com/media/catalog/product/2/3/239905_1_.jpeg,5,35.94,Computers and Laptops,Laptops,8.0,512.0,15.6,Ryzen 5
2026-02-11,2026-02-11 09:11:06,laptops,243553,HP,80999,85999,Available,https://www.vijaysales.com/p/243553/hp-thin-light-laptop-intel-core-ultra-7-16gb-ram-512gb-ssd-14-inch-35-6-cm-full-hd-display-intel-arc-graphics-windows-11-ms-office-14-gr1028tu,https://vsprod.vijaysales.com/media/catalog/product/2/4/243553_1_.jpg,5,5.81,Computers and Laptops,Laptops,16.0,512.0,14.0,Intel Core i5
2026-02-11,2026-02-11 09:11:06,laptops,248745,Lenovo,46990,65490,Available,https://www.vijaysales.com/p/248745/lenovo-ideapad-slim-3-standard-laptop-amd-ryzen-5-7520u-16gb-ram-512gb-ssd-15-6-inch-39-62-cm-full-hd-display-integrated-amd-radeon-610m-gpu-windows-11-82xq00xcin,https://vsprod.vijaysales.com/media/catalog/product/2/4/248745_8_.jpg,4,28.25,Computers and Laptops,Laptops,16.0,512.0,15.6,Ryzen 5
2026-02-11,2026-02-11 09:11:06,laptops,238944,Asus,58990,74990,Available,https://www.vijaysales.com/p/238944/asus-vivobook-16-laptop-intel-core-i5-13420h-16gb-ddr4-ram-512gb-ssd-16-inch-40-64-cm-wuxga-display-intel-uhd-graphics-windows-11-ms-office-x1605va-mb1627ws,https://vsprod.vijaysales.com/media/catalog/product/2/3/238944_1.jpg,4,21.34,Computers and Laptops,Laptops,16.0,512.0,16.0,Intel Core i5
2026-02-11,2026-02-11 09:11:06,laptops,245445,Asus,102990,114999,Available,https://www.vijaysales.com/p/245445/asus-tuf-a16-gaming-laptop-amd-ryzen-7-7445hs-16gb-ram-1tb-storage-16-inch-40-64-cm-fhd-display-6gb-nvidia-geforce-rtx-4050-graphics-windows-11-ms-office-fa607nug-rl189ws,https://vsprod.vijaysales.com/media/catalog/product/2/4/245445_1_.jpg,5,10.44,Computers and Laptops,Gaming Laptops,16.0,512.0,16.0,Ryzen 7
2026-02-11,2026-02-11 09:11:06,laptops,245494,HP,40990,51000,Available,https://www.vijaysales.com/p/245494/hp-thin-light-laptop-intel-core-3-16gb-512gb-ssd-windows-11-15-6-inch-39-6-cm-fhd-display-15-fd1284tu,https://vsprod.vijaysales.com/media/catalog/product/1/_/1_126.jpg,5,19.63,Computers and Laptops,Laptops,16.0,512.0,15.6,Ryzen 5
2026-02-11,2026-02-11 09:11:06,laptops,245126,Dell,34499,41190,Unavailable,https://www.vijaysales.com/p/245126/dell-15-laptop-amd-ryzen-3-8gb-ram-512gb-ssd-15-6-inch-39-62-cm-display-amd-radeon-610m-graphics-ms-office-odc1525585101rinb1,https://vsprod.vijaysales.com/media/catalog/product/2/4/245126ne_1_.jpg,5,16.24,Computers and Laptops,Laptops,8.0,512.0,15.6,Ryzen 3
2026-02-11,2026-02-11 09:11:06,laptops,245847,HP,46999,54551,Available,https://www.vijaysales.com/p/245847/hp-thin-light-laptop-amd-ryzen-5-16gb-ram-512gb-ssd-amd-radeon-graphics-windows-11-home-15-fc0703au-natural-silver,https://vsprod.vijaysales.com/media/catalog/product/i/m/imgi_53_318728_0_xqm3lrmge_1.jpg,5,13.84,Computers and Laptops,Laptops,16.0,512.0,15.6,Ryzen 5
2026-02-11,2026-02-11 09:11:06,laptops,239245,HP,62999,75000,Unavailable,https://www.vijaysales.com/p/239245/hp-thin-light-laptop-intel-core-i5-16gb-ddr4-ram-512gb-ssd-14-inch-35-56-cm-fhd-display-intel-irisr-x-graphics-windows-11-ms-office-14-gr0002tu,https://vsprod.vijaysales.com/media/catalog/product/2/3/239245_1.jpg,4,16.0,Computers and Laptops,Laptops,8.0,512.0,14.0,Intel Core i5
2026-02-11,2026-02-11 09:11:06,laptops,230211,Acer,35990,52990,Available,https://www.vijaysales.com/p/230211/acer-aspire-lite-laptop-13th-gen-core-i3-1305u-8-gb-ram-512gb-ssd-15-6-inch-39-62cm-fhd-display-win-11-ms-office-grey-un-34esi-005-al15-53,https://vsprod.vijaysales.com/media/catalog/product/2/3/230211n.jpg,4,32.08,Computers and Laptops,Laptops,8.0,512.0,15.6,Intel Core i5
2026-02-11,2026-02-11 09:11:06,laptops,241382,Asus,47990,57990,Unavailable,https://www.vijaysales.com/p/241382/asus-vivobook-15-thin-light-laptop-amd-ryzen-7-16gb-ram-512gb-ssd-15-6-inch-39-6-cm-fhd-ips-display-amd-radeon-graphics-windows-11-ms-office-m1502ya-bq702ws,https://vsprod.vijaysales.com/media/catalog/product/2/4/241382_1.jpg,5,17.24,Computers and Laptops,Laptops,16.0,512.0,15.6,Ryzen 7
2026-02-11,2026-02-11 09:11:06,laptops,239524,HP,23990,32454,Available,https://www.vijaysales.com/p/239524/refurbished-hp-probook-440-g5-core-i5-7th-gen-8gb-256gb-ssd-webcam-14-win-10,https://vsprod.vijaysales.com/media/catalog/product/2/3/239524_1_.jpg,5,26.08,Computers and Laptops,Refurbished Laptops,16.0,256.0,14.0,Snapdragon X
2026-02-11,2026-02-11 09:11:06,laptops,243920,Dell,59999,74700,Available,https://www.vijaysales.com/p/243920/dell-new-15-laptop-13th-gen-intel-core-i5-16gb-ram-512gb-ssd-156-inch-3962-cm-display-intel-uhd-graphics-ms-office-odc1525000401rins1,https://vsprod.vijaysales.com/media/catalog/product/d/e/dell_13th_ci5_16gb_512gb_odc1525000401rins1_dc15250_2_.jpg,5,19.68,Computers and Laptops,Laptops,16.0,512.0,15.6,Intel Core i5
2026-02-11,2026-02-11 09:11:06,laptops,243320,HP,35499,38000,Available,https://www.vijaysales.com/p/243320/hp-thin-light-laptop-amd-ryzen-3-8gb-ram-512gb-ssd-15-6-inch-39-6-cm-inch-full-hd-display-amd-radeon-graphics-windows-11-15-fc0552au,https://vsprod.vijaysales.com/media/catalog/product/2/4/243320_8_.jpg,4,6.58,Computers and Laptops,Laptops,8.0,512.0,15.6,Ryzen 3
2026-02-11,2026-02-11 09:11:06,laptops,231452,Acer,25990,36990,Unavailable,https://www.vijaysales.com/p/231452/acer-aspire-3-a325-45-laptop-intel-celeron-n4500-8gb-ram-512gb-ssd-15-6-inch-39-6-cm-full-hd-led-backlit-display-intel-uhd-graphics-windows-11-un-344si-007,https://vsprod.vijaysales.com/media/catalog/product/2/3/231452_1_.jpg,4,29.74,Computers and Laptops,Laptops,8.0,512.0,15.6,Intel Core i5
2026-02-11,2026-02-11 09:11:06,laptops,239906,Acer,31999,50999,Available,https://www.vijaysales.com/p/239906/acer-aspire-lite-laptop-amd-ryzen-3-8gb-ddr4-ram-512gb-ssd-15-6-inch-39-62-cm-full-hd-display-amd-radeon-graphics-windows-11-ms-office-un-31zsi-044,https://vsprod.vijaysales.com/media/catalog/product/2/3/239906_1_.jpeg,4,37.26,Computers and Laptops,Laptops,16.0,512.0,15.6,Ryzen 3
2026-02-11,2026-02-11 09:11:06,laptops,239503,Dell,29990,54410,Unavailable,https://www.vijaysales.com/p/239503/refurbished-lenovo-thinkpad-t480-core-i7-8th-gen-8gb-512gb-ssd-webcam-14-non-touch-dos,https://vsprod.vijaysales.com/media/catalog/product/2/3/239503_1_.jpg,5,44.88,Computers and Laptops,Refurbished Laptops,8.0,512.0,15.6,Intel Core i3
2026-02-11,2026-02-11 09:11:06,laptops,245843,HP,42499,53412,Available,https://www.vijaysales.com/p/245843/hp-laptop-intel-core-i3-13th-gen-8gb-ram-512gb-ssd-15-6-inch-full-hd-ips-display-integrated-intel-uhd-graphics-gpu-windows-11-home-15fd0623tu,https://vsprod.vijaysales.com/media/catalog/product/2/4/245843_1_.1.jpg,4,20.43,Computers and Laptops,Laptops,8.0,512.0,15.6,Intel Core i3
2026-02-11,2026-02-11 09:11:06,laptops,248536,Asus,33990,44990,Available,https://www.vijaysales.com/p/248536/asus-vivobook-go-14-student-laptop-amd-ryzen-3-7320u-8gb-ram-512gb-ssd-14-inch-35-56-cm-fhd-display-amd-radeon-graphics-windows-11-ms-office-e1404faeb900ws,https://vsprod.vijaysales.com/media/catalog/product/2/4/248536_1_.jpg,5,24.45,Computers and Laptops,Laptops,8.0,512.0,14.0,Ryzen 3
2026-02-11,2026-02-11 09:11:06,laptops,243963,HP,63999,74000,Available,https://www.vijaysales.com/p/243963/hp-victus-gaming-laptop-amd-ryzen-7-16gb-ram-512gb-ssd-15-6-inch-39-62-cm-fhd-display-4gb-nvidia-geforce-rtx-2050-graphics-windows-11-ms-office-15-fb3123ax,https://vsprod.vijaysales.com/media/catalog/product/2/4/243963_3_.jpg,5,13.51,Computers and Laptops,Gaming Laptops,16.0,512.0,15.6,Ryzen 7
2026-02-11,2026-02-11 09:11:06,laptops,239002,Lenovo,62990,85990,Available,https://www.vijaysales.com/p/239002/lenovo-ideapad-slim-3-thin-light-laptop-13th-gen-intel-core-i5-16gb-ddr5-ram-512gb-ssd-15-3-inch-38-86-cm-wuxga-ips-display-intel-uhd-graphics-windows-11-ms-office-83k100cfin,https://vsprod.vijaysales.com/media/catalog/product/2/3/239002_1_.jpg,4,26.75,Computers and Laptops,Laptops,16.0,512.0,15.3,Intel Core i5
2026-02-11,2026-02-11 09:11:06,laptops,239534,Acer,46999,79000,Available,https://www.vijaysales.com/p/239534/acer-aspire-lite-al15-53-thin-light-laptop-intel-core-i5-1334u-16gb-ddr4-ram-512gb-ssd-15-6-inch-39-62-cm-full-hd-display-intel-uhd-graphics-backlit-keyboard-windows-11-ms-office-un-34esi-00j,https://vsprod.vijaysales.com/media/catalog/product/2/3/239534_1.jpg,5,40.51,Computers and Laptops,Laptops,16.0,512.0,15.6,Intel Core i5
2026-02-11,2026-02-11 09:11:06,laptops,248534,Asus,41990,52990,Available,https://www.vijaysales.com/p/248534/asus-vivobook-go-14-standard-laptop-amd-ryzentm-5-7520u-16gb-ram-512gb-ssd-14-inch-full-hd-anti-glare-display-integrated-amd-radeon-graphics-gpu-windows-11-home-e1404faeb2541ws,https://vsprod.vijaysales.com/media/catalog/product/2/4/248534_1_.jpg,5,20.76,Computers and Laptops,Laptops,16.0,512.0,14.0,Ryzen 5
2026-02-11,2026-02-11 09:11:06,laptops,241420,HP,68499,83000,Available,https://www.vijaysales.com/p/241420/hp-thin-light-laptop-intel-core-ultra-5-16gb-ddr5-ram-512gb-ssd-15-6-inch-39-6-cm-diagonal-fhd-display-intel-arc-graphics-windows-11-ms-office-15-hr1000tu,https://vsprod.vijaysales.com/media/catalog/product/2/4/241420_1.jpg,5,17.47,Computers and Laptops,Laptops,16.0,512.0,15.6,Intel Core i5
2026-02-11,2026-02-11 09:11:06,laptops,241044,HP,52990,53999,Available,https://www.vijaysales.com/p/241044/hp-thin-light-laptop-amd-ryzen-7-16gb-ram-512gb-ssd-15-6-inch-39-6-cm-full-hd-display-amd-radeon-graphics-windows-11-15-fc0533au,https://vsprod.vijaysales.com/media/catalog/product/2/4/241044_2_.jpg,4,1.87,Computers and Laptops,Laptops,16.0,512.0,15.6,Ryzen 7
2026-02-11,2026-02-11 09:11:06,laptops,240005,Acer,60999,65490,Unavailable,https://www.vijaysales.com/p/240005/acer-nitro-v15-gaming-laptop-amd-ryzen-5-16gb-ddr5-ram-512gb-ssd-15-6-inch-39-62-cm-full-hd-display-6gb-nvidia-geforce-rtx-3050-graphics-windows-11-ms-office-un-qpfsi-00e,https://vsprod.vijaysales.com/media/catalog/product/2/4/240005_10_.jpg,4,6.86,Computers and Laptops,Gaming Laptops,16.0,512.0,15.6,Ryzen 5
2026-02-11,2026-02-11 09:11:06,laptops,242249,Dell,42999,49000,Available,https://www.vijaysales.com/p/242249/dell-14-thin-light-laptop-13th-gen-intel-core-i3-1305u-8gb-ddr5-ram-512gb-ssd-14-inch-35-56-cm-fhd-display-intel-uhd-graphics-windows-11-ms-office-oin54403001f1rinu1o,https://vsprod.vijaysales.com/media/catalog/product/2/4/242249_1_.jpg,4,12.25,Computers and Laptops,Laptops,16.0,512.0,14.0,Intel Core i3
2026-02-11,2026-02-11 09:11:06,laptops,241043,HP,40990,48999,Unavailable,https://www.vijaysales.com/p/241043/hp-mso-2024-thin-light-laptop-amd-ryzen-5-hexa-core-7530u-16gb-ddr4-ram-512gb-ssd-15-6-inch-39-62-cm-fhd-display-amd-radeon-graphics-windows-11-ms-office-15-fc0389au,https://vsprod.vijaysales.com/media/catalog/product/2/4/241043_1.jpg,4,16.35,Computers and Laptops,Laptops,8.0,512.0,15.6,Ryzen 5
2026-02-11,2026-02-11 09:11:06,laptops,245845,HP,36499,39731,Available,https://www.vijaysales.com/p/245845/hp-thin-light-laptop-amd-ryzen-3-8gb-ram-512gb-ssd-14-inch-35-56-cm-display-amd-radeon-graphics-14-em0243au,https://vsprod.vijaysales.com/media/catalog/product/2/4/245845_1__1.jpg,5,8.13,Computers and Laptops,Laptops,8.0,512.0,14.0,Ryzen 3
2026-02-11,2026-02-11 09:11:06,laptops,245831,Lenovo,65999,104890,Available,https://www.vijaysales.com/p/245831/lenovo-ideapad-slim-5-14irh10-thin-light-laptop-13th-gen-intel-core-i5-16gb-ram-1tb-ssd-14-inch-35-56-cm-oled-display-intel-uhd-graphics-windows-11-ms-office-83hr000yin,https://vsprod.vijaysales.com/media/catalog/product/2/4/245831_1_.jpg,4,37.08,Computers and Laptops,Laptops,16.0,512.0,14.0,Intel Core i5
2026-02-11,2026-02-11 09:11:06,laptops,239905,Acer,40999,63999,Available,https://www.vijaysales.com/p/239905/acer-aspire-lite-al15-41-laptop-amd-ryzen-5-16gb-ddr4-ram-512gb-ssd-15-6-inch-39-62-cm-full-hd-display-amd-radeon-graphics-windows-11-ms-office-un-31zsi-03z,https://vsprod.vijaysales.com/media/catalog/product/2/3/239905_1_.jpeg,4,35.94,Computers and Laptops,Laptops,16.0,512.0,15.6,Ryzen 5
2026-02-11,2026-02-11 09:11:06,laptops,243553,HP,80999,85999,Available,https://www.vijaysales.com/p/243553/hp-thin-light-laptop-intel-core-ultra-7-16gb-ram-512gb-ssd-14-inch-35-6-cm-full-hd-display-intel-arc-graphics-windows-11-ms-office-14-gr1028tu,https://vsprod.vijaysales.com/media/catalog/product/2/4/243553_1_.jpg,4,5.81,Computers and Laptops,Laptops,16.0,512.0,14.0,Intel Core i5
2026-02-11,2026-02-11 09:11:06,laptops,248745,Lenovo,46990,65490,Available,https://www.vijaysales.com/p/248745/lenovo-ideapad-slim-3-standard-laptop-amd-ryzen-5-7520u-16gb-ram-512gb-ssd-15-6-inch-39-62-cm-full-hd-display-integrated-amd-radeon-610m-gpu-windows-11-82xq00xcin,https://vsprod.vijaysales.com/media/catalog/product/2/4/248745_8_.jpg,4,28.25,Computers and Laptops,Laptops,16.0,512.0,15.6,Ryzen 5
2026-02-11,2026-02-11 09:11:06,laptops,238944,Asus,58990,74990,Available,https://www.vijaysales.com/p/238944/asus-vivobook-16-laptop-intel-core-i5-13420h-16gb-ddr4-ram-512gb-ssd-16-inch-40-64-cm-wuxga-display-intel-uhd-graphics-windows-11-ms-office-x1605va-mb1627ws,https://vsprod.vijaysales.com/media/catalog/product/2/3/238944_1.jpg,4,21.34,Computers and Laptops,Laptops,16.0,512.0,16.0,Intel Core i5
2026-02-11,2026-02-11 09:11:06,laptops,245445,Asus,102990,114999,Available,https://www.vijaysales.com/p/245445/asus-tuf-a16-gaming-laptop-amd-ryzen-7-7445hs-16gb-ram-1tb-storage-16-inch-40-64-cm-fhd-display-6gb-nvidia-geforce-rtx-4050-graphics-windows-11-ms-office-fa607nug-rl189ws,https://vsprod.vijaysales.com/media/catalog/product/2/4/245445_1_.jpg,5,10.44,Computers and Laptops,Gaming Laptops,16.0,256.0,16.0,Ryzen 7
2026-02-11,2026-02-11 09:11:06,laptops,239904,Acer,44999,66999,Available,https://www.vijaysales.com/p/239904/acer-aspire-lite-al15-41-laptop-amd-ryzen-7-16gb-ddr4-ram-512gb-ssd-15-6-inch-39-62-cm-full-hd-display-amd-radeon-graphics-windows-11-ms-office-un-31zsi-042,https://vsprod.vijaysales.com/media/catalog/product/2/3/239904_1.jpeg,4,32.84,Computers and Laptops,Laptops,8.0,512.0,15.6,Ryzen 7
2026-02-11,2026-02-11 09:11:06,laptops,245496,HP,86999,101000,Available,https://www.vijaysales.com/p/245496/hp-omnibook-7-ai-laptop-intel-core-ultra-5-225h-16gb-ram-1tb-ssd-14-inch-35-56-cm-diagonal-3k-oled-display-intel-arc-130t-gpu-windows-11-14-fr0789tu,https://vsprod.vijaysales.com/media/catalog/product/2/4/245496_1_.jpg,5,13.86,Computers and Laptops,Laptops,16.0,512.0,14.0,Ryzen 5
2026-02-11,2026-02-11 09:11:06,laptops,243423,Lenovo,88990,127000,Available,https://www.vijaysales.com/p/243423/lenovo-loq-15-gaming-laptop-13th-gen-intel-core-i5-24gb-ram-512gb-ssd-15-6-inch-39-6-cm-full-hd-display-6gb-nvidia-geforce-rtx-4050-graphics-windows-11-ms-office-83dv018qin,https://vsprod.vijaysales.com/media/catalog/product/2/4/243423_15_.jpg,5,29.93,Computers and Laptops,Gaming Laptops,24.0,512.0,15.6,Intel Core i5
2026-02-11,2026-02-11 09:11:06,laptops,245837,Asus,37990,43990,Available,https://www.vijaysales.com/p/245837/asus-vivobook-go-14-thin-light-laptop-amd-ryzen-5-quad-core-7520u-8gb-ram-512gb-ssd-14-inch-35-56-fhd-display-amd-radeon-graphics-windows-11-ms-office-e1404fa-nk521ws,https://vsprod.vijaysales.com/media/catalog/product/2/4/245837_5_.jpg,4,13.64,Computers and Laptops,Laptops,8.0,512.0,14.0,Ryzen 5
2026-02-11,2026-02-11 09:11:06,laptops,241041,HP,60999,66499,Available,https://www.vijaysales.com/p/241041/hp-thin-light-laptop-intel-core-5-16gb-ram-512gb-ssd-15-6-inch-39-6-cm-full-hd-display-intel-uhd-graphics-windows-11-ms-office-15-fd0664tu,https://vsprod.vijaysales.com/media/catalog/product/2/4/241041_1.jpg,4,8.27,Computers and Laptops,Laptops,16.0,512.0,15.6,Intel Core i7
2026-02-11,2026-02-11 09:11:06,laptops,240714,Acer,51600,67999,Available,https://www.vijaysales.com/p/240714/acer-aspire-lite-thin-light-laptop-13th-gen-intel-core-i5-16gb-ram-512gb-storage-15-6-inch-39-62-cm-fhd-display-intel-uhd-graphics-windows-11-ms-office-un-347si-00v,https://vsprod.vijaysales.com/media/catalog/product/2/4/240714_1_.jpg,5,24.12,Computers and Laptops,Laptops,16.0,512.0,15.6,Intel Core i5
2026-02-11,2026-02-11 09:11:06,laptops,241421,HP,59490,73000,Available,https://www.vijaysales.com/p/241421/hp-thin-light-laptop-13th-gen-intel-core-i5-16gb-ram-512gb-ssd-15-6-inch-39-6-cm-full-hd-display-intel-uhd-graphics-windows-11-ms-office-15-fr0049tu,https://vsprod.vijaysales.com/media/catalog/product/i/m/image_1_3.jpg,4,18.51,Computers and Laptops,Laptops,16.0,512.0,15.6,Intel Core i5
2026-02-11,2026-02-11 09:11:06,laptops,241422,HP,67690,88000,Available,https://www.vijaysales.com/p/241422/hp-omnibook-5-next-gen-ai-laptop-snapdragonr-x-x1-26-100-16gb-lpddr5x-ram-1tb-ssd-14-inch-35-6-cm-diagonal-2k-oled-display-qualcomm-adrenotm-gpu-windows-11-ms-office-14-he0015qu,https://vsprod.vijaysales.com/media/catalog/product/i/m/image_1_4.jpg,5,23.08,Computers and Laptops,Laptops,8.0,512.0,14.0,Ryzen 5
2026-02-11,2026-02-11 09:11:06,laptops,245848,HP,43999,54551,Available,https://www.vijaysales.com/p/245848/hp-thin-and-light-laptop-amd-ryzen-5-thin-8gb-ram-512gb-ssd-amd-radeon-graphics-windows-11-home-15-fc0704au-natural-silver,https://vsprod.vijaysales.com/media/catalog/product/2/4/245848_1_.jpg,5,19.34,Computers and Laptops,Laptops,8.0,512.0,15.6,Ryzen 5
2026-02-11,2026-02-11 09:11:06,laptops,251006,HP,76499,83034,Available,https://www.vijaysales.com/p/251006/hp-laptop-intel-core-ultra-5-24gb-ram-1tb-ssd-15-6-inch-39-62-cm-fhd-display-intel-arc-graphics-windows-11-15-hr1004tu,https://vsprod.vijaysales.com/media/catalog/product/2/5/251006_2_.jpg,5,7.87,Computers and Laptops,Laptops,24.0,512.0,15.6,Intel Core i5
2026-02-11,2026-02-11 09:11:06,laptops,241047,HP,90999,90999,Unavailable,https://www.vijaysales.com/p/241047/hp-victus-gaming-laptop-13th-gen-intel-core-i7-16gb-ram-512gb-ssd-15-6-inch-39-62-cm-fhd-display-6gb-nvidia-geforce-rtx-4050-graphics-windows-11-ms-office-15-fa2104tx,https://vsprod.vijaysales.com/media/catalog/product/2/4/241047_1_.jpg,4,0.0,Computers and Laptops,Gaming Laptops,16.0,512.0,15.6,Intel Core i7
2026-02-11,2026-02-11 09:11:06,laptops,248535,Asus,37990,50990,Available,https://www.vijaysales.com/p/248535/asus-vivobook-15-laptop-intel-core-i3-1315u-8gb-ram-512gb-ssd-15-6-inch-39-62-cm-full-hd-display-intel-uhd-graphics-gpu-windows-11-home-x1504vabq321ws,https://vsprod.vijaysales.com/media/catalog/product/2/4/248535_4_.jpg,4,25.5,Computers and Laptops,Laptops,8.0,512.0,15.6,Intel Core i3
2026-02-11,2026-02-11 09:11:06,laptops,242250,Acer,54990,72990,Available,https://www.vijaysales.com/p/242250/acer-aspire-go-14-ag14-71m-laptop-intel-core-ultra-5-16gb-ddr5-ram-512gb-ssd-14-inch-35-56-cm-wuxga-ips-display-intel-arc-graphics-windows-11-ms-office-nx-jf5si-001,https://vsprod.vijaysales.com/media/catalog/product/2/4/242250_1.jpg,4,24.66,Computers and Laptops,Laptops,16.0,512.0,14.0,Intel Core i7
2026-02-11,2026-02-11 09:11:06,laptops,239004,Lenovo,82999,118890,Available,https://www.vijaysales.com/p/239004/lenovo-yoga-slim-7-laptop-intel-core-ultra-5-16gb-ddr5-ram-1tb-ssd-14-inch-35-56-cm-wuxga-oled-display-intel-arc-graphics-windows-11-ms-office-83cv008yin,https://vsprod.vijaysales.com/media/catalog/product/2/3/239004_1.jpg,4,30.19,Computers and Laptops,Laptops,16.0,512.0,14.0,Apple M1
2026-02-11,2026-02-11 09:11:06,laptops,251009,HP,89499,100019,Available,https://www.vijaysales.com/p/251009/hp-victus-gaming-laptop-amd-ryzen-7-16gb-ram-512gb-ssd-15-6-inch-39-62-cm-fhd-display-6gb-nvidia-geforce-rtx-4050-graphics-windows-11-15-fb3124ax,https://vsprod.vijaysales.com/media/catalog/product/2/5/251009_1.jpg,4,10.52,Computers and Laptops,Gaming Laptops,16.0,512.0,15.6,Ryzen 7
2026-02-11,2026-02-11 09:11:06,laptops,240715,Acer,59999,73999,Available,https://www.vijaysales.com/p/240715/acer-aspire-lite-thin-light-laptop-13th-gen-intel-core-i7-16gb-ram-512gb-storage-15-6-inch-39-62-cm-fhd-display-intel-uhd-graphics-windows-11-ms-office-un-347si-00u,https://vsprod.vijaysales.com/media/catalog/product/2/4/240715_1_.jpg,5,18.92,Computers and Laptops,Laptops,16.0,512.0,15.6,Intel Core i7
2026-02-11,2026-02-11 09:11:06,laptops,245444,Acer,57990,94000,Available,https://www.vijaysales.com/p/245444/acer-swift-lite-premium-thin-light-laptop-intel-core-ultra-5-115u-16gb-lpddr5-ram-512gb-ssd-14-inch-35-56-cm-wuxga-oled-display-intel-graphics-windows-11-ms-office-nx-d2gsi-001,https://vsprod.vijaysales.com/media/catalog/product/2/4/245444_1_.jpg,4,38.31,Computers and Laptops,Laptops,8.0,512.0,14.0,Intel Core i5
2026-02-11,2026-02-11 09:11:06,laptops,251008,HP,90499,102280,Available,https://www.vijaysales.com/p/251008/hp-victus-gaming-laptop-amd-ryzen-7-16gb-ram-1tb-ssd-15-6-inch-39-62-cm-fhd-display-6gb-nvidia-geforce-rtx-4050-graphics-windows-11-15-fb3162ax,https://vsprod.vijaysales.com/media/catalog/product/2/5/251008_1_.jpg,5,11.52,Computers and Laptops,Gaming Laptops,16.0,512.0,15.6,Ryzen 7
2026-02-11,2026-02-11 09:11:06,laptops,245495,HP,62499,76700,Available,https://www.vijaysales.com/p/245495/hp-laptop-intel-core-5-16gb-ram-512gb-ssd-15-6-inch-39-62-cm-fhd-display-intel-graphics-intel-integrated-soc-windows-11-ms-office-15-hr0009tu,https://vsprod.vijaysales.com/media/catalog/product/2/4/245495_1_.jpg,5,18.51,Computers and Laptops,Laptops,16.0,512.0,15.6,Intel Core i5
2026-02-11,2026-02-11 09:11:06,laptops,243964,HP,135999,162900,Available,https://www.vijaysales.com/p/243964/hp-omen-gaming-laptop-14th-gen-intel-core-i7-24gb-ram-1tb-ssd-16-inch-40-6-cm-diagonal-display-8gb-nvidia-geforce-rtx-5050-graphics-windows-11-ms-office-16-am0241tx,https://vsprod.vijaysales.com/media/catalog/product/2/4/243964.jpg,4,16.51,Computers and Laptops,Gaming Laptops,24.0,512.0,16.0,Intel Core i7
2026-02-11,2026-02-11 09:11:06,laptops,240727,Asus,109990,149990,Unavailable,https://www.vijaysales.com/p/240727/asus-tuf-f16-gaming-laptop-13th-gen-intel-core-i5-13450hx-16gb-ddr5-ram-1tb-ssd-16-inch-40-64-cm-fhd-display-nvidia-rtx-5050-8gb-graphics-windows-11-ms-office-fx608jh-rv057ws,https://vsprod.vijaysales.com/media/catalog/product/2/4/240727_1.jpg,5,26.67,Computers and Laptops,Gaming Laptops,8.0,512.0,16.0,Intel Core i5
2026-02-11,2026-02-11 09:11:06,laptops,251001,HP,66999,83034,Available,https://www.vijaysales.com/p/251001/hp-laptop-intel-core-ultra-5-16gb-ram-512gb-ssd-15-6-inch-39-6-cm-fhd-ips-display-intel-arc-graphics-windows-11-15-fd1254tu,https://vsprod.vijaysales.com/media/catalog/product/2/5/251001_1_.jpg,4,19.31,Computers and Laptops,Laptops,16.0,512.0,15.6,Ryzen 7
2026-02-11,2026-02-11 09:11:06,laptops,237244,Dell,84999,106000,Available,https://www.vijaysales.com/p/237244/dell-g15-gaming-laptop-intel-core-i5-13th-gen-16gb-ram-1tb-ssd-156-inch-3962-cm-fhd-display-6gb-nvidia-geforce-rtx-3050-graphics-windows-11-ms-office-ogn55301106g201rino5530,https://vsprod.vijaysales.com/media/catalog/product/2/3/237244_4_.jpg,5,19.81,Computers and Laptops,Gaming Laptops,16.0,256.0,15.6,Intel Core i5
2026-02-11,2026-02-11 09:11:06,laptops,241326,Lenovo,83990,90000,Available,https://www.vijaysales.com/p/241326/lenovo-loq-15-gaming-laptop-13th-gen-intel-core-i5-16gb-ram-512gb-ssd-15-6-inch-39-6-cm-full-hd-display-6gb-nvidia-geforce-rtx-3050-graphics-windows-11-ms-office-83dv018nin,https://vsprod.vijaysales.com/media/catalog/product/2/4/241326_3_.jpg,4,6.68,Computers and Laptops,Gaming Laptops,16.0,512.0,15.6,Intel Core i5
2026-02-11,2026-02-11 09:11:06,laptops,244977,Asus,73990,85990,Available,https://www.vijaysales.com/p/244977/asus-tuf-a15-gaming-laptop-amd-ryzen-7-16gb-ram-512gb-ssd-15-6-inch-39-62-cm-fhd-display-4gb-nvidia-geforce-rtx-3050-graphics-windows-11-ms-office-fa506ncg-hn200ws,https://vsprod.vijaysales.com/media/catalog/product/2/4/244977_1_.jpg,5,13.96,Computers and Laptops,Gaming Laptops,16.0,512.0,15.6,Ryzen 7
2026-02-11,2026-02-11 09:11:06,laptops,242102,Acer,149990,185990,Available,https://www.vijaysales.com/p/242102/acer-predator-helios-neo-gaming-laptop-intel-core-ultra-7-16gb-ram-1tb-storage-16-inch-40-64-cm-oled-display-8gb-nvidia-geforce-rtx-5050-graphics-windows-11-ms-office-nh-qx8si-001,https://vsprod.vijaysales.com/media/catalog/product/2/4/242102_1_.jpg,5,19.36,Computers and Laptops,Gaming Laptops,16.0,512.0,16.0,Intel Core i7
2026-02-11,2026-02-11 09:11:06,laptops,230119,Acer,60000,95999,Available,https://www.vijaysales.com/p/230119/store-display-unit-acer-alg-gaming-laptop-12th-gen-core-i5-12450h-series-16-gb-ram-512-gb-ssd-156-396cm144hz-displaynvidia-rtx-3050-win11-msoun34csi00b,https://vsprod.vijaysales.com/media/catalog/product/2/3/230119-image.jpg,4,37.5,Computers and Laptops,Gaming Laptops,16.0,512.0,15.6,Ryzen 3
2026-02-11,2026-02-11 09:11:06,laptops,244728,Samsung,81990,99990,Available,https://www.vijaysales.com/p/244728/samsung-galaxy-book5-laptop-intel-core-ultra-5-16gb-lpddr5x-ram-512gb-ssd-15-6-inch-39-62-cm-fhd-display-intel-graphics-windows-11-home-np750xhd-kd1in,https://vsprod.vijaysales.com/media/catalog/product/2/4/244728_1_.jpeg,4,18.0,Computers and Laptops,Laptops,8.0,512.0,15.6,Intel Core i3
2026-02-11,2026-02-11 09:11:06,laptops,227549,HP,94990,123800,Available,https://www.vijaysales.com/p/227549/hp-envy-x360-2-in-1-laptop-intel-core-ultra-5-16gb-ram-512gb-ssd-14-inch-35-6-cm-display-intel-graphics-windows-11-14-fc0125tu,https://vsprod.vijaysales.com/media/catalog/product/2/2/227549-image1_2.jpg,4,23.27,Computers and Laptops,Convertible Laptops,16.0,512.0,14.0,Intel Core i5
2026-02-11,2026-02-11 09:11:06,laptops,243561,Dell,41999,48800,Available,https://www.vijaysales.com/p/243561/dell-new-15-laptop-intel-core-i3-8gb-ram-512gb-ssd-156-inch-3962-cm-display-intel-uhd-graphics-ms-office-odc1525002001rins1,https://vsprod.vijaysales.com/media/catalog/product/2/4/243561ne_1_.jpg,5,13.94,Computers and Laptops,Laptops,8.0,512.0,15.6,Intel Core i5
2026-02-11,2026-02-11 09:11:06,laptops,236467,Lenovo,56990,76000,Available,https://www.vijaysales.com/p/236467/lenovo-slim3-15-12th-gen-laptop-intel-core-i5-16gb-lpddr5-ram-512gb-ssd-15-6-inch-39-62-cm-fhd-ips-display-intel-uhd-graphics-win-11-ms-office-83er00krin,https://vsprod.vijaysales.com/media/catalog/product/2/3/236467_7_.jpg,5,25.01,Computers and Laptops,Laptops,16.0,512.0,15.6,Intel Core i5
2026-02-11,2026-02-11 09:11:06,laptops,238019,Asus,37990,48990,Available,https://www.vijaysales.com/p/238019/asus-vivobook-go-14-laptop-amd-ryzen-5-8gb-lpddr5-ram-512gb-ssd-14-inch-35-56-cm-fhd-display-amd-radeon-graphics-windows-11-ms-office-e1404fa-nk5521ws,https://vsprod.vijaysales.com/media/catalog/product/2/3/238019_1.jpg,5,22.45,Computers and Laptops,Laptops,16.0,512.0,14.0,Ryzen 5
2026-02-11,2026-02-11 09:11:06,laptops,239505,HP,34999,56799,Available,https://www.vijaysales.com/p/239505/refurbished-dell-latitude-5411-core-i5-10th-gen-16gb-512gb-ssd-webcam-14-non-touch-dos,https://vsprod.vijaysales.com/media/catalog/product/2/3/239505_1_.jpg,4,38.38,Computers and Laptops,Refurbished Laptops,16.0,512.0,15.6,Ryzen 5
2026-02-11,2026-02-11 09:11:06,laptops,239509,HP,23999,44190,Available,https://www.vijaysales.com/p/239509/refurbished-hp-probook-645-g4-amd-ryzen-5-pro-8gb-256gb-ssd-webcam-14-non-touch-win-10,https://vsprod.vijaysales.com/media/catalog/product/2/3/239509_1_.jpg,5,45.69,Computers and Laptops,Refurbished Laptops,16.0,256.0,14.0,Ryzen 5
2026-02-11,2026-02-11 09:11:06,laptops,239510,HP,27999,39200,Available,https://www.vijaysales.com/p/239510/refurbished-hp-probook-640-g5-core-i5-8th-gen-8gb-512gb-ssd-webcam-14-non-touch-win-10,https://vsprod.vijaysales.com/media/catalog/product/2/3/239510.jpg,5,28.57,Computers and Laptops,Refurbished Laptops,16.0,512.0,13.6,Ryzen 5
2026-02-11,2026-02-11 09:11:06,laptops,218311,HP,32990,45995,Available,https://www.vijaysales.com/p/218311/hp-15-fc0025au-laptop-amd-ryzen-3-8gb-ram-512-ssd-15-6-39-6-cm-display-amd-radeon-graphics-win-11-office,https://vsprod.vijaysales.com/media/catalog/product/2/1/218311-image1_1.jpg,4,28.27,Computers and Laptops,Laptops,8.0,256.0,15.6,Ryzen 3
2026-02-11,2026-02-11 09:11:06,laptops,237102,Dell,60999,74000,Available,https://www.vijaysales.com/p/237102/dell-inspiron-15-laptop-13th-gen-intel-core-i5-16gb-ddr4-ram-512gb-ssd-15-6-inch-39-62-cm-fhd-display-intel-iris-xe-graphics-backlit-keyboard-windows-11-ms-office-oin353034071rins1mo,https://vsprod.vijaysales.com/media/catalog/product/2/3/237102_1_.jpg,4,17.57,Computers and Laptops,Laptops,16.0,512.0,15.6,Intel Core i5
2026-02-11,2026-02-11 09:11:06,laptops,240006,HP,44999,51000,Available,https://www.vijaysales.com/p/240006/hp-thin-light-laptop-13th-gen-intel-core-i3-8gb-ddr4-ram-512gb-ssd-15-6-inch-39-62-cm-full-hd-display-intel-uhd-graphics-windows-11-ms-office-15-fd0490tu,https://vsprod.vijaysales.com/media/catalog/product/2/4/240006_1_.jpg,4,11.77,Computers and Laptops,Laptops,8.0,512.0,15.6,Intel Core i3
2026-02-11,2026-02-11 09:11:06,laptops,241384,Dell,54499,55499,Available,https://www.vijaysales.com/p/241384/dell-inspiron-3530-laptop-intel-core-i5-13th-gen-16gb-ram-512gb-ssd-15-6-inch-full-hd-display-integrated-intel-uhd-graphics-gpu-windows-11-home-oin353034011rinb1mo,https://vsprod.vijaysales.com/media/catalog/product/2/4/241384_2_.jpg,5,1.8,Computers and Laptops,Laptops,8.0,512.0,15.6,Intel Core i5
2026-02-11,2026-02-11 09:11:06,laptops,246501,Lenovo,105990,158000,Available,https://www.vijaysales.com/p/246501/lenovo-yoga-slim-7-14imh9-thin-light-laptop-intel-core-9-32gb-ram-1tb-ssd-14-inch-wuxga-oled-display-integrated-intel-graphics-gpu-windows-11-home-83cv00b3in,https://vsprod.vijaysales.com/media/catalog/product/2/4/246501_16_.jpg,5,32.92,Computers and Laptops,Laptops,32.0,512.0,14.0,Apple M3
2026-02-11,2026-02-11 09:11:06,laptops,245832,Lenovo,68990,95590,Available,https://www.vijaysales.com/p/245832/lenovo-loq-15iax9e-gaming-laptop-12th-gen-intel-core-i5-16gb-ram-512gb-ssd-15-6-inch-39-62-cm-fhd-display-4gb-nvidia-geforce-rtx-3050a-graphics-windows-11-ms-office-83lk00avin,https://vsprod.vijaysales.com/media/catalog/product/2/4/245832_1_.jpg,4,27.83,Computers and Laptops,Gaming Laptops,16.0,512.0,15.6,Intel Core i5
2026-02-11,2026-02-11 09:11:06,laptops,236786,Lenovo,75999,106000,Available,https://www.vijaysales.com/p/236786/lenovo-loq-15iax9-gaming-laptop-12th-gen-core-i5-16gb-ram-512gb-ssd-15-6-inch-39-62-cm-6gb-rtxtm-3050-graphics-win-11-ms-office-83gs003qin,https://vsprod.vijaysales.com/media/catalog/product/2/3/236786_1.jpg,5,28.3,Computers and Laptops,Gaming Laptops,16.0,512.0,15.6,Ryzen 3
2026-02-11,2026-02-11 09:11:06,laptops,241040,HP,54990,62999,Available,https://www.vijaysales.com/p/241040/hp-thin-light-laptop-13th-gen-intel-core-i5-16gb-ddr4-ram-512gb-ssd-15-6-inch-39-6-cm-full-hd-display-intel-iris-xe-graphics-windows-11-ms-office-15-hr0007tu,https://vsprod.vijaysales.com/media/catalog/product/2/4/241040_3_.jpg,4,12.71,Computers and Laptops,Laptops,16.0,512.0,15.6,Intel Core i5
2026-02-11,2026-02-11 09:11:06,laptops,245836,Asus,34990,43990,Available,https://www.vijaysales.com/p/245836/asus-vivobook-go-14-student-laptop-amd-ryzen-3-7320u-8gb-lpddr5-ram-512gb-ssd-14-inch-35-56-cm-fhd-display-amd-radeon-graphics-windows-11-ms-office-e1404fa-eb2321ws,https://vsprod.vijaysales.com/media/catalog/product/2/4/245836_1_.jpg,4,20.46,Computers and Laptops,Laptops,16.0,512.0,14.0,Ryzen 3
2026-02-11,2026-02-11 09:11:06,laptops,251004,HP,49499,56831,Available,https://www.vijaysales.com/p/251004/hp-laptop-amd-ryzen-5-16gb-ram-512gb-ssd-14-inch-35-6-cm-fhd-display-amd-radeon-graphics-windows-11-14-em0241au,https://vsprod.vijaysales.com/media/catalog/product/2/5/251004_1_.jpg,4,12.9,Computers and Laptops,Laptops,16.0,512.0,14.0,Ryzen 5
2026-02-11,2026-02-11 09:11:06,laptops,245846,HP,38999,45000,Available,https://www.vijaysales.com/p/245846/hp-standard-laptop-amd-ryzen-3-8gb-ram-512gb-ssd-15-6-inch-39-62-cm-display-windows-11-home-ms-office-15-fc0499au,https://vsprod.vijaysales.com/media/catalog/product/2/4/245846_1_.jpeg,4,13.34,Computers and Laptops,Laptops,8.0,512.0,15.6,Ryzen 3
2026-02-11,2026-02-11 09:11:06,laptops,243558,Lenovo,42499,59190,Available,https://www.vijaysales.com/p/243558/lenovo-ideapad-slim-3-14iru8-thin-light-laptop-13th-gen-intel-core-i3-8gb-ram-512gb-ssd-14-inch-35-6-cm-full-hd-display-intel-uhd-graphics-windows-11-home-ms-office-82x60062in,https://vsprod.vijaysales.com/media/catalog/product/2/4/243558_1_.jpg,4,28.2,Computers and Laptops,Laptops,8.0,512.0,14.0,Intel Core i3
2026-02-11,2026-02-11 09:11:06,laptops,231165,HP,72000,98900,Available,https://www.vijaysales.com/p/231165/hp-laptop-14th-gen-intel-core-ultra-7-155h-16gb-ram-512gb-ssd-14-inch-35-56-cm-diagonal-fhd-display-intel-arc-graphics-silver-14gr1023tu,https://vsprod.vijaysales.com/media/catalog/product/2/3/231165-image.jpg,5,27.2,Computers and Laptops,Laptops,16.0,512.0,14.0,Apple M3
2026-02-11,2026-02-11 09:11:06,laptops,241021,Asus,37990,51990,Available,https://www.vijaysales.com/p/241021/asus-vivobook-15-everyday-laptop-13th-gen-intel-core-i3-8gb-ddr4-ram-512gb-ssd-15-6-inch-39-62-cm-fhd-display-intel-uhd-graphics-windows-11-ms-office-x1504va-nj3320ws,https://vsprod.vijaysales.com/media/catalog/product/2/4/241021_1.jpg,4,26.93,Computers and Laptops,Laptops,8.0,512.0,15.6,Intel Core i3
2026-02-11,2026-02-11 09:11:06,laptops,239328,Dell,70990,88900,Available,https://www.vijaysales.com/p/239328/dell-inspiron-3530-thin-light-laptop-13th-gen-intel-corr-i7-1355u-16gb-ddr4-ram-512gb-ssd-15-6-inch-39-62-cm-fhd-display-intel-iris-xe-graphics-windows-11-ms-office-oin353010031rins1mo,https://vsprod.vijaysales.com/media/catalog/product/2/3/239328_1.jpg,5,20.15,Computers and Laptops,Laptops,16.0,512.0,15.6,Intel Core i5
2026-02-11,2026-02-11 09:11:06,laptops,239603,Dell,53999,68700,Unavailable,https://www.vijaysales.com/p/239603/dell-vostro-thin-light-laptop-12th-gen-intel-core-i5-1235u-16gb-ddr4-ram-512gb-ssd-15-6-inch-39-62-cm-fhd-display-intel-graphics-windows-11-ms-office-vn3520cyggw001orb1,https://vsprod.vijaysales.com/media/catalog/product/2/3/239603_1_.jpg,4,21.4,Computers and Laptops,Laptops,8.0,512.0,15.6,Intel Core i5
2026-02-11,2026-02-11 09:11:06,laptops,248214,Dell,64999,79400,Available,https://www.vijaysales.com/p/248214/dell-dc-15250-laptop-13th-gen-intel-core-i5-16gb-ram-1tb-ssd-15-6-inch-39-62-cm-fhd-ips-display-intel-uhd-graphics-windows-11-ms-office-odc1525001301rins1,https://vsprod.vijaysales.com/media/catalog/product/2/4/248214_1_.jpg,5,18.14,Computers and Laptops,Laptops,16.0,512.0,15.6,Intel Core i5
2026-02-11,2026-02-11 09:11:06,laptops,240681,Lenovo,116999,153890,Unavailable,https://www.vijaysales.com/p/240681/lenovo-yoga-slim-7-14ill10-laptop-intel-core-ultra-5-228v-32gb-lpddr5x-ram-1tb-ssd-14-inch-35-56-cm-oled-display-intel-arc-graphics-130v-windows-11-ms-office-83jx001lin,https://vsprod.vijaysales.com/media/catalog/product/2/4/240681_1.jpg,5,23.97,Computers and Laptops,Laptops,16.0,512.0,14.0,Ryzen 5
2026-02-11,2026-02-11 09:11:06,laptops,244980,Dell,45999,47000,Available,https://www.vijaysales.com/p/244980/dell-new-15-laptop-intel-core-i3-16gb-ram-512gb-ssd-156-inch-3962-cm-display-intel-uhd-graphics-ms-office-odc1525002101rinb1,https://vsprod.vijaysales.com/media/catalog/product/2/4/244980_2_.jpg,5,2.13,Computers and Laptops,Laptops,16.0,512.0,15.6,Intel Core i3
2026-02-11,2026-02-11 09:11:06,laptops,245851,HP,59999,69362,Available,https://www.vijaysales.com/p/245851/hp-thin-light-laptop-amd-ryzen-7-16gb-ram-512gb-ssd-15-6-inch-39-6-cm-full-hd-display-amd-radeon-680m-graphics-windows-11-15-fc1045au,https://vsprod.vijaysales.com/media/catalog/product/2/4/245851_1_.jpg,4,13.5,Computers and Laptops,Laptops,16.0,512.0,15.6,Ryzen 7
2026-02-11,2026-02-11 09:11:06,laptops,241328,Lenovo,70999,99700,Available,https://www.vijaysales.com/p/241328/lenovo-ideapad-slim-3-15irh10-thin-light-laptop-13th-gen-intel-core-i7-16gb-ddr5-ram-512gb-ssd-15-3-inch-38-86-cm-wuxga-display-intelr-uhd-graphics-windows-11-ms-office-83k100cpin,https://vsprod.vijaysales.com/media/catalog/product/2/4/241328_1_.jpg,4,28.79,Computers and Laptops,Laptops,16.0,512.0,15.3,Intel Core i7
2026-02-11,2026-02-11 09:11:06,laptops,248806,Asus,54990,73990,Available,https://www.vijaysales.com/p/248806/asus-vivobook-15-standard-laptop-intel-core-5-processor-120u-16gb-ram-512gb-ssd-15-6-inch-39-62-cm-full-hd-display-intel-graphics-gpu-windows-11-home-x1504vap-bq224ws,https://vsprod.vijaysales.com/media/catalog/product/2/4/248806_1_.jpg,4,25.68,Computers and Laptops,Laptops,16.0,512.0,15.6,Intel Core i3
2026-02-11,2026-02-11 09:11:06,laptops,219972,Lenovo,52000,83000,Available,https://www.vijaysales.com/p/219972/lenovo-ideapad-slim-5-16iah8-12th-gen-intel-core-i5-16-gb-512-gb-ssd-16-inch-40-64-cm-intel-uhd-graphics-windows-11-ms-office-83bg000nin,https://vsprod.vijaysales.com/media/catalog/product/2/1/219972-image1_1.jpg,4,37.35,Computers and Laptops,Laptops,8.0,512.0,16.0,Intel Core i5
2026-02-11,2026-02-11 09:11:06,laptops,243424,Dell,47999,56000,Available,https://www.vijaysales.com/p/243424/dell-15-thin-light-laptop-amd-ryzen-5-hexa-core-7530u-16gb-ddr4-ram-512gb-ssd-15-6-inch-39-62-cm-fhd-display-amd-radeon-graphics-windows-11-ms-office-odc1525580201rins1,https://vsprod.vijaysales.com/media/catalog/product/2/4/243424_1_.jpg,5,14.29,Computers and Laptops,Laptops,8.0,512.0,15.6,Ryzen 5
2026-02-11,2026-02-11 09:11:06,laptops,241327,Lenovo,52490,72690,Available,https://www.vijaysales.com/p/241327/lenovo-ideapad-slim-3-15abr8-thin-light-laptop-amd-ryzen-7-16gb-ddr4-ram-512gb-ssd-15-6-inch-39-62-cm-display-amd-radeontm-graphics-windows-11-ms-office-82xm0114in,https://vsprod.vijaysales.com/media/catalog/product/2/4/241327_8_.jpg,5,27.79,Computers and Laptops,Laptops,8.0,512.0,15.6,Ryzen 7
2026-02-11,2026-02-11 09:11:06,laptops,246163,Lenovo,57499,82800,Available,https://www.vijaysales.com/p/246163/lenovo-ideapad-slim-3-15q8x10-thin-light-laptop-snapdragon-x-x1-26-100-16gb-ram-512gb-ssd-15-3-inch-38-86-cm-wuxga-display-qualcomm-adreno-graphics-qualcomm-hexagon-npu-windows-11-ms-office-83n3002qin,https://vsprod.vijaysales.com/media/catalog/product/2/4/246163_1_.jpg,4,30.56,Computers and Laptops,Laptops,16.0,512.0,15.3,Snapdragon X
2026-02-11,2026-02-11 09:11:06,laptops,243557,Lenovo,106999,139890,Available,https://www.vijaysales.com/p/243557/lenovo-yoga-slim-7-14imh9-thin-light-laptop-intel-core-ultra-7-155h-32gb-ram-1tb-ssd-14-inch-35-56-cm-oled-display-intel-arc-graphics-windows-11-ms-office-83cv00d3in,https://vsprod.vijaysales.com/media/catalog/product/2/4/243557_14_.jpg,5,23.51,Computers and Laptops,Laptops,32.0,512.0,14.0,Intel Core i7
2026-02-11,2026-02-11 09:11:06,laptops,239507,Dell,44499,75899,Available,https://www.vijaysales.com/p/239507/refurbished-dell-latitude-7410-2-in-1-core-i7-10th-gen-16gb-512gb-ssd-webcam-14-touch-dos,https://vsprod.vijaysales.com/media/catalog/product/2/3/239507.jpg,5,41.37,Computers and Laptops,Refurbished Laptops,8.0,512.0,14.0,Ryzen 7
2026-02-11,2026-02-11 09:11:06,laptops,239502,Dell,27499,42410,Unavailable,https://www.vijaysales.com/p/239502/refurbished-dell-latitude-7490-core-i5-8th-gen-8gb-512gb-ssd-webcam-14-non-touch-dos,https://vsprod.vijaysales.com/media/catalog/product/2/3/239502_1_.jpg,5,35.16,Computers and Laptops,Refurbished Laptops,16.0,512.0,15.3,Intel Core i5
2026-02-11,2026-02-11 09:11:06,laptops,237962,Acer,65599,77000,Available,https://www.vijaysales.com/p/237962/acer-aspire-alg-al15g-53-gaming-laptop-13th-gen-intel-core-i5-13420h-16gb-ddr4-ram-512gb-ssd-156-inch-3962-cm-full-hd-display-6-gb-nvidia-geforce-rtx-tm-3050-graphics-windows-11-ms-office-un34lsi00a,https://vsprod.vijaysales.com/media/catalog/product/2/3/237962_9_.jpeg,4,14.81,Computers and Laptops,Gaming Laptops,8.0,512.0,15.6,Intel Core i5
2026-02-11,2026-02-11 09:11:06,laptops,243555,Lenovo,41499,61290,Available,https://www.vijaysales.com/p/243555/lenovo-ideapad-slim-3-15abr8-thin-light-laptop-amd-ryzen-5-8gb-ram-512gb-ssd-15-6-inch-39-62-cm-fhd-display-amd-radeon-graphics-windows-11-ms-office-82xm0140in,https://vsprod.vijaysales.com/media/catalog/product/2/4/243555.jpg,4,32.29,Computers and Laptops,Laptops,8.0,512.0,15.6,Ryzen 5
2026-02-11,2026-02-11 09:11:06,laptops,218732,Dell,49790,81999,Available,https://www.vijaysales.com/p/218732/store-display-unit-dell-inspiron-3530-laptop-13th-gen-intel-i5-8gb-ram-512gb-ssd-156-inch-3962cm-display-intel-uhd-graphics-win-11-office-in3530nm1nn001ors,https://vsprod.vijaysales.com/media/catalog/product/2/1/218732-image1_1.jpg,4,39.28,Computers and Laptops,Laptops,8.0,512.0,15.6,Ryzen 7
2026-02-11,2026-02-11 09:11:06,laptops,251122,Asus,38990,50990,Available,https://www.vijaysales.com/p/251122/asus-vivobook-15-light-weight-laptop-13th-gen-intel-core-i3-8gb-ram-512gb-storage-15-6-inch-39-62-cm-fhd-display-intel-graphics-windows-11-ms-office-x1504va-d5321ws,https://vsprod.vijaysales.com/media/catalog/product/2/5/251122_1_.jpg,5,23.53,Computers and Laptops,Laptops,8.0,512.0,15.6,Intel Core i3
2026-02-11,2026-02-11 09:11:06,laptops,238437,HP,64489,76000,Unavailable,https://www.vijaysales.com/p/238437/hp-victus-gaming-laptop-13th-gen-intel-core-i5-16gb-ddr4-ram-512gb-ssd-15-6-inch-39-6-cm-diagonal-fhd-ips-display-4gb-nvidiar-geforce-rtx-2050-graphics-bluetooth-5-3-windows-11-ms-office-15-fa2703tx,https://vsprod.vijaysales.com/media/catalog/product/2/3/238437_7_.jpg,5,15.15,Computers and Laptops,Gaming Laptops,24.0,512.0,15.6,Intel Core i5
2026-02-11,2026-02-11 09:11:06,laptops,247926,Dell,73499,74999,Available,https://www.vijaysales.com/p/247926/dell-15-laptop-13th-gen-intel-core-i7-1355u-16gb-ram-512gb-ssd-15-6-inch-39-62-cm-fhd-display-intel-uhd-graphics-windows-11-ms-office-odc1525000601rins1,https://vsprod.vijaysales.com/media/catalog/product/2/4/247926_1_.jpg,4,2.0,Computers and Laptops,Laptops,16.0,512.0,15.6,Intel Core i7
2026-02-11,2026-02-11 09:11:06,laptops,245835,Lenovo,91990,124900,Available,https://www.vijaysales.com/p/245835/lenovo-loq-15irx9-gaming-laptop-intel-core-i5-13th-gen-16gb-ram-512gb-ssd-15-6-inch-full-hd-144hz-ips-display-nvidia-geforce-rtx-4050-6gb-gpu-windows-11-home-luna-grey,https://vsprod.vijaysales.com/media/catalog/product/2/4/245835_1_.jpg,5,26.35,Computers and Laptops,Laptops,16.0,512.0,15.6,Intel Core i5
2026-02-11,2026-02-11 09:11:06,laptops,241048,HP,42990,42990,Available,https://www.vijaysales.com/p/241048/hp-essentials-thin-light-laptop-13th-gen-intel-core-i3-8gb-ddr4-ram-512gb-ssd-14-inch-35-6-cm-diagonal-fhd-display-intelr-uhd-graphics-windows-11-ms-office-14-ep0294tu,https://vsprod.vijaysales.com/media/catalog/product/2/4/241048_2_.jpg,5,0.0,Computers and Laptops,Laptops,16.0,512.0,14.0,Intel Core i3
2026-02-11,2026-02-11 09:11:06,laptops,239506,HP,32499,56300,Available,https://www.vijaysales.com/p/239506/refurbished-lenovo-thinkpad-l14-gen-1-core-i5-10th-gen-8gb-512gb-ssd-webcam-14-non-touch-dos,https://vsprod.vijaysales.com/media/catalog/product/2/3/239506.jpg,4,42.28,Computers and Laptops,Refurbished Laptops,16.0,512.0,15.6,Ryzen 9
2026-02-11,2026-02-11 09:11:06,laptops,237963,Asus,65990,92990,Available,https://www.vijaysales.com/p/237963/asus-vivobook-16-laptop-intel-core-ultra-5-16gb-ddr5-ram-512gb-ssd-16-inch-40-64-cm-wuxga-display-intel-graphics-backlit-chiclet-keyboard-with-num-key-win-11-ms-office-x1607ca-mb142ws,https://vsprod.vijaysales.com/media/catalog/product/2/3/23796315.jpg,4,29.04,Computers and Laptops,Laptops,16.0,512.0,16.0,Intel Core i5
2026-02-11,2026-02-11 09:11:06,laptops,242104,HP,31999,42300,Unavailable,https://www.vijaysales.com/p/242104/hp-laptop-15s-fd0751tu-intel-core-i3-12th-gen-15-6-fhd-8gb-ram-512gb-ssd-win-11-ms-office-silver,https://vsprod.vijaysales.com/media/catalog/product/2/4/242104_1_.jpg,4,24.35,Computers and Laptops,Laptops,8.0,512.0,15.3,Intel Core i3
2026-02-11,2026-02-11 09:11:06,laptops,240675,HP,71999,95000,Available,https://www.vijaysales.com/p/240675/hp-victus-gaming-laptop-13th-gen-intel-core-i5-16gb-ddr4-ram-512gb-ssd-15-6-inch-39-6-cm-fhd-ips-display-4gb-nvidia-geforce-rtx-3050-graphics-windows-11-ms-office-15-fa2192tx,https://vsprod.vijaysales.com/media/catalog/product/2/4/240675_4_.jpg,4,24.21,Computers and Laptops,Gaming Laptops,16.0,512.0,15.6,Intel Core i5
2026-02-11,2026-02-11 09:11:06,laptops,243925,Acer,54990,71500,Available,https://www.vijaysales.com/p/243925/acer-aspire-lite-thin-light-laptop-12th-gen-intel-core-i7-12650h-16gb-lpddr5-ram-512gb-ssd-15-6-inch-39-62-cm-full-hd-ips-display-intel-uhd-graphics-windows-11-ms-office-un-347si-011,https://vsprod.vijaysales.com/media/catalog/product/2/4/243925_1_.jpg,4,23.09,Computers and Laptops,Laptops,16.0,512.0,15.6,Intel Core i7
2026-02-11,2026-02-11 09:11:06,laptops,239610,Samsung,66999,91900,Available,https://www.vijaysales.com/p/239610/samsung-galaxy-book4-notebook-laptop-intel-core-5-16-gb-lpddr4x-ram-512gb-ssd-15-6-inch-39-62-cm-display-intel-iris-xe-graphics-windows-11-ms-office-np750xgk-lg7in,https://vsprod.vijaysales.com/media/catalog/product/2/3/239610_1.jpeg,4,27.1,Computers and Laptops,Laptops,16.0,512.0,15.6,Ryzen 7
2026-02-11,2026-02-11 09:11:06,laptops,248533,Microsoft,100999,105999,Available,https://www.vijaysales.com/p/248533/microsoft-new-surface-13-touchscreen-laptop-snapdragon-x-plus-8-core-16gb-ram-256gb-ssd-13-inch-33-02-cm-pixelsense-display-copilot-pc-qualcomm-adreno-gpu-windows-11-ep2-36996,https://vsprod.vijaysales.com/media/catalog/product/2/4/248530_1__1.jpg,4,4.72,Computers and Laptops,Laptops,16.0,256.0,13.0,Snapdragon X
2026-02-11,2026-02-11 09:11:06,laptops,248530,Microsoft,111990,114999,Available,https://www.vijaysales.com/p/248530/microsoft-new-surface-13-touchscreen-laptop-snapdragon-x-plus-8-core-16gb-ram-512gb-ssd-13-inch-33-02-cm-pixelsense-display-copilot-pc-qualcomm-adreno-gpu-windows-11-ep2-31940,https://vsprod.vijaysales.com/media/catalog/product/2/4/248530_1_.jpg,4,2.62,Computers and Laptops,Laptops,16.0,512.0,13.0,Snapdragon X
2026-02-11,2026-02-11 09:11:06,laptops,238964,HP,36990,53400,Unavailable,https://www.vijaysales.com/p/238964/hp-thin-light-laptop-amd-ryzen-5-7520u-8gb-lpddr5-ram-512gb-ssd-15-6-inch-39-62-cm-fhd-display-amd-radeon-graphics-windows-11-ms-office-15-fc0155au,https://vsprod.vijaysales.com/media/catalog/product/2/3/238964_1.jpg,5,30.73,Computers and Laptops,Laptops,16.0,512.0,15.6,Ryzen 5
2026-02-11,2026-02-11 09:11:06,laptops,231084,Microsoft,139990,149999,Available,https://www.vijaysales.com/p/231084/microsoft-surface-laptop-7-snapdragon-x-elite-12-core-16gb-ram-256gb-ssd-15-inch-38-1-cm-qualcomm-adreno-graphics-win-11-zhg-00023,https://vsprod.vijaysales.com/media/catalog/product/2/3/231084-image1.jpg,4,6.67,Computers and Laptops,Laptops,16.0,256.0,15.0,Snapdragon X
2026-02-11,2026-02-11 09:11:06,laptops,231082,Microsoft,170990,182999,Available,https://www.vijaysales.com/p/231082/microsoft-surface-laptop-7-snapdragon-x-elite-12-core-16gb-ram-1tb-ssd-13-8-inch-35-05-cm-qualcomm-adreno-graphics-win-11-zxx-00059,https://vsprod.vijaysales.com/media/catalog/product/2/3/231082-image1.jpg,5,6.56,Computers and Laptops,Laptops,16.0,256.0,13.8,Snapdragon X
2026-02-11,2026-02-11 09:11:06,laptops,231080,Microsoft,157990,161999,Unavailable,https://www.vijaysales.com/p/231080/microsoft-surface-laptop-7-snapdragon-x-elite-12-core-16gb-ram-512gb-ssd-13-8-inch-35-05-cm-qualcomm-adreno-graphics-win-11-zgp-00059,https://vsprod.vijaysales.com/media/catalog/product/2/3/231080-image1.jpg,4,2.47,Computers and Laptops,Laptops,16.0,512.0,13.8,Snapdragon X
2026-02-11,2026-02-11 09:11:06,laptops,231079,Microsoft,157990,161999,Available,https://www.vijaysales.com/p/231079/microsoft-surface-laptop-7-snapdragon-x-elite-12-core-16gb-ram-512gb-ssd-13-8-inch-35-05-cm-qualcomm-adreno-graphics-win-11-zgp-00023,https://vsprod.vijaysales.com/media/catalog/product/2/3/231079-image1.jpg,5,2.47,Computers and Laptops,Laptops,16.0,512.0,13.8,Snapdragon X
2026-02-11,2026-02-11 09:11:06,laptops,231077,Microsoft,130990,140999,Available,https://www.vijaysales.com/p/231077/microsoft-surface-laptop-7-snapdragon-x-plus-10-core-16gb-ram-512gb-ssd-13-8-inch-35-05-cm-qualcomm-adreno-graphics-win-11-zgm-00023,https://vsprod.vijaysales.com/media/catalog/product/2/3/231077-image1.jpg,4,7.1,Computers and Laptops,Laptops,16.0,512.0,13.8,Snapdragon X
2026-02-11,2026-02-11 09:11:06,laptops,231076,Microsoft,112990,121999,Available,https://www.vijaysales.com/p/231076/microsoft-surface-laptop-7-snapdragon-x-plus-10-core-16gb-ram-256gb-ssd-13-8-inch-35-05-cm-qualcomm-adreno-graphics-win-11-zgj-00023,https://vsprod.vijaysales.com/media/catalog/product/2/3/231076-image1.jpg,4,7.38,Computers and Laptops,Laptops,16.0,256.0,13.8,Snapdragon X
2026-02-11,2026-02-11 09:11:06,laptops,251728,HP,59499,76000,Available,https://www.vijaysales.com/p/251728/hp-laptop-13th-gen-intel-core-i5-16gb-ram-512gb-ssd-15-6-inch-39-6-cm-fhd-display-intel-iris-xe-graphics-windows-11-15-fd0577tu,https://vsprod.vijaysales.com/media/catalog/product/2/5/251728_1_.jpg,5,21.71,Computers and Laptops,Laptops,16.0,512.0,15.6,Intel Core i5
2026-02-11,2026-02-11 09:11:06,laptops,251123,Asus,42990,54990,Available,https://www.vijaysales.com/p/251123/asus-vivobook-15-light-weight-laptop-13th-gen-intel-core-i3-16gb-ram-512gb-storage-15-6-inch-39-62-cm-fhd-display-intel-graphics-windows-11-ms-office-x1504va-d5341ws,https://vsprod.vijaysales.com/media/catalog/product/2/5/251123_2_1_.jpg,4,21.82,Computers and Laptops,Laptops,16.0,256.0,15.6,Intel Core i3
2026-02-11,2026-02-11 09:11:06,laptops,251121,Asus,97990,108990,Available,https://www.vijaysales.com/p/251121/asus-tuf-f16-gaming-laptop-intel-core-5-16gb-ram-512gb-storage-16-inch-40-64-cm-fhd-display-6gb-nvidia-geforce-rtx-4050-graphics-ms-office-windows-11-fx677vu-rl055ws,https://vsprod.vijaysales.com/media/catalog/product/2/5/251121_1_.jpg,4,10.09,Computers and Laptops,Gaming Laptops,16.0,512.0,16.0,Intel Core i5
2026-02-11,2026-02-11 09:11:06,laptops,251091,Dell,82499,83499,Available,https://www.vijaysales.com/p/251091/dell-14-plus-laptop-intel-core-ultra-5-16gb-ram-512gb-ssd-14-inch-35-56-cm-wva-ips-display-intel-arc-graphics-windows-11-ms-office-odb1425021001rinu1,https://vsprod.vijaysales.com/media/catalog/product/2/5/251091_1_.jpg,5,1.2,Computers and Laptops,Laptops,16.0,512.0,14.0,Snapdragon X
2026-02-11,2026-02-11 09:11:06,laptops,251010,HP,84499,97759,Available,https://www.vijaysales.com/p/251010/hp-victus-gaming-laptop-14th-gen-intel-core-i5-24gb-ram-512gb-ssd-15-6-inch-39-62-cm-fhd-display-6gb-nvidia-geforce-rtx-3050-graphics-windows-11-ms-office-15-fa2316tx,https://vsprod.vijaysales.com/media/catalog/product/2/5/251010_1_.jpg,4,13.56,Computers and Laptops,Gaming Laptops,24.0,512.0,15.6,Intel Core i5
2026-02-11,2026-02-11 09:11:06,laptops,251005,HP,61499,76768,Available,https://www.vijaysales.com/p/251005/hp-laptop-intel-core-5-16gb-ram-512gb-ssd-14-inch-35-6-cm-fhd-display-intel-iris-xe-graphics-windows-11-ms-office-14-gr0006tu,https://vsprod.vijaysales.com/media/catalog/product/2/5/251005_1_.jpg,4,19.89,Computers and Laptops,Laptops,16.0,512.0,14.0,Snapdragon X
2026-02-11,2026-02-11 09:11:06,laptops,251003,HP,47999,53412,Available,https://www.vijaysales.com/p/251003/hp-laptop-intel-core-3-24gb-ram-512gb-ssd-15-6-inch-39-62-cm-fhd-display-intel-graphics-windows-11-15-fd0886tu,https://vsprod.vijaysales.com/media/catalog/product/2/5/251003_1_.jpg,5,10.13,Computers and Laptops,Laptops,24.0,512.0,15.6,Ryzen 5
2026-02-11,2026-02-11 09:11:06,laptops,250814,Acer,72990,107799,Available,https://www.vijaysales.com/p/250814/acer-nitro-lite-nl16-71g-gaming-laptop-13th-gen-intel-core-i5-16gb-ram-512gb-ssd-16-inch-40-64-cm-wuxga-display-6gb-nvidia-geforce-rtx-4050-graphics-windows-11-un-d5asi-002,https://vsprod.vijaysales.com/media/catalog/product/2/5/250814.jpg,4,32.29,Computers and Laptops,Gaming Laptops,16.0,512.0,16.0,Intel Core i5
2026-02-11,2026-02-11 09:11:06,laptops,250797,Dell,65999,80000,Available,https://www.vijaysales.com/p/250797/dell-dc-14250-laptop-intel-core-5-16gb-ram-512gb-ssd-14-inch-35-56-cm-full-hd-display-intel-uhd-graphics-windows-11-ms-office-odc1425000401rins1,https://vsprod.vijaysales.com/media/catalog/product/2/5/250797_1_.jpg,4,17.5,Computers and Laptops,Laptops,16.0,512.0,14.0,Snapdragon X
2026-02-11,2026-02-11 09:11:06,laptops,249289,Asus,96990,112990,Available,https://www.vijaysales.com/p/249289/asus-tuf-a16-gaming-laptop-amd-ryzen-7-7445hs-16gb-ram-512gb-storage-16-inch-40-64-cm-fhd-display-6gb-nvidia-geforce-rtx-4050-graphics-windows-11-ms-office-fa607nug-rl136ws,https://vsprod.vijaysales.com/media/catalog/product/2/4/249289_1_.jpg,4,14.16,Computers and Laptops,Gaming Laptops,16.0,512.0,16.0,Ryzen 7
2026-02-11,2026-02-11 09:11:06,laptops,248746,Lenovo,149999,206390,Available,https://www.vijaysales.com/p/248746/lenovo-legion-5-ai-gaming-laptop-amd-ryzen-7-260-16gb-ram-1tb-ssd-15-inch-39-6-cm-wuxga-165hz-ips-display-nvidia-geforce-rtx-5060-8gb-gpu-windows-11-83m00074in,https://vsprod.vijaysales.com/media/catalog/product/2/4/248746_7_.jpg,4,27.32,Computers and Laptops,Gaming Laptops,16.0,512.0,15.3,Ryzen 7
2026-02-11,2026-02-11 09:11:06,laptops,248352,Lenovo,147999,188690,Available,https://www.vijaysales.com/p/248352/lenovo-loq-15irx10-gaming-laptop-intel-core-i7-14th-gen-32gb-ram-1tb-ssd-15-6-inch-full-hd-144hz-ips-display-nvidia-geforce-rtx-5060-8gb-gpu-windows-11-home-luna-grey,https://vsprod.vijaysales.com/media/catalog/product/2/4/248352_16_.jpg,5,21.57,Computers and Laptops,Laptops,32.0,512.0,15.6,Intel Core i7
2026-02-11,2026-02-11 09:11:06,laptops,245972,Microsoft,100990,102999,Unavailable,https://www.vijaysales.com/p/245972/microsoft-surface-pro-2-in-1-touchscreen-laptop-snapdragon-x-plus-16gb-ram-512gb-storage-12-inch-pixelsensetm-lcd-display-copilot-pc-qualcomm-adreno-gpu-windows-11-ep2-27670,https://vsprod.vijaysales.com/media/catalog/product/2/4/245972_1_.jpg,5,1.95,Computers and Laptops,2 in 1 Laptops,16.0,512.0,12.0,Snapdragon X
2026-02-11,2026-02-11 09:11:06,laptops,245971,Microsoft,91990,93999,Available,https://www.vijaysales.com/p/245971/microsoft-surface-pro-2-in-1-touchscreen-laptop-snapdragon-x-plus-16gb-ram-256gb-storage-12-inch-pixelsensetm-lcd-display-copilot-pc-qualcomm-adreno-gpu-windows-11-ep2-27654,https://vsprod.vijaysales.com/media/catalog/product/2/4/245972_1__1.jpg,4,2.14,Computers and Laptops,2 in 1 Laptops,16.0,512.0,12.0,Snapdragon X
2026-02-11,2026-02-11 09:11:06,laptops,245854,HP,110000,122058,Available,https://www.vijaysales.com/p/245854/hp-victus-gaming-laptop-amd-ryzen-7-260-24gb-ram-1tb-ssd-15-6-inch-39-62-cm-fhd-display-8gb-nvidia-geforce-rtx-5050-graphics-windows-11-ms-office-15-fb3185ax,https://vsprod.vijaysales.com/media/catalog/product/2/4/245854_1_.jpg,5,9.88,Computers and Laptops,Gaming Laptops,24.0,512.0,15.6,Ryzen 7
2026-02-11,2026-02-11 09:11:06,laptops,245852,HP,52499,68792,Available,https://www.vijaysales.com/p/245852/hp-15s-standard-laptop-intel-core-5-8gb-512gb-ssd-full-hd-15-6-inch-39-62-cm-fhd-display-windows-11-ms-office-15-fd0651tu,https://vsprod.vijaysales.com/media/catalog/product/i/m/image_1_2.jpg,5,23.68,Computers and Laptops,Laptops,16.0,512.0,15.6,Ryzen 9
2026-02-11,2026-02-11 09:11:06,laptops,245850,HP,41499,47716,Available,https://www.vijaysales.com/p/245850/hp-laptop-intel-core-3-8gb-ram-512gb-ssd-15-6-inch-39-6-cm-fhd-display-intel-graphics-windows-11-ms-office-14-gr0006tu,https://vsprod.vijaysales.com/media/catalog/product/2/4/245850_1_.jpg,5,13.03,Computers and Laptops,Laptops,8.0,512.0,15.6,Snapdragon X
2026-02-11,2026-02-11 09:11:06,laptops,245849,HP,87999,93804,Available,https://www.vijaysales.com/p/245849/hp-victus-gaming-laptop-13th-gen-intel-core-i5-16gb-ram-512gb-ssd-15-6-inch-39-62-cm-fhd-display-6gb-nvidia-geforce-rtx-4050-graphics-windows-11-15-fa2375tx,https://vsprod.vijaysales.com/media/catalog/product/2/4/245849_1_.jpg,5,6.19,Computers and Laptops,Gaming Laptops,16.0,512.0,15.6,Intel Core i5
2026-02-11,2026-02-11 09:11:06,laptops,245844,HP,80990,84838,Available,https://www.vijaysales.com/p/245844/hp-victus-gaming-laptop-13th-gen-intel-core-i5-16gb-ram-512gb-ssd-15-6-inch-39-62-cm-fhd-display-6gb-nvidia-geforce-rtx-3050-graphics-windows-11-15-fa2197tx,https://vsprod.vijaysales.com/media/catalog/product/2/4/245844_1_.jpg,5,4.54,Computers and Laptops,Gaming Laptops,16.0,512.0,15.6,Intel Core i5
2026-02-11,2026-02-11 09:11:06,laptops,245838,Asus,62990,65990,Available,https://www.vijaysales.com/p/245838/asus-vivobook-s14-light-weight-laptop-intel-core-5-210h-16gb-ram-512gb-storage-14-inch-35-56-cm-wuxga-display-intel-uhd-graphics-windows-11-ms-office-s3407va-ly080ws,https://vsprod.vijaysales.com/media/catalog/product/2/4/245838_1_.jpg,5,4.55,Computers and Laptops,Laptops,16.0,256.0,14.0,Ryzen 5
2026-02-11,2026-02-11 09:11:06,laptops,245834,Lenovo,147999,184990,Unavailable,https://www.vijaysales.com/p/245834/lenovo-loq-15irx10-gaming-laptop-14th-gen-intel-core-i7-32gb-ram-1tb-ssd-15-6-inch-39-62-cm-fhd-display-8gb-nvidia-geforce-rtx-5060-graphics-windows-11-ms-office-83je00u3in,https://vsprod.vijaysales.com/media/catalog/product/2/4/245834_1_.jpg,4,20.0,Computers and Laptops,Gaming Laptops,32.0,512.0,15.6,Intel Core i7
2026-02-11,2026-02-11 09:11:06,laptops,245833,Lenovo,122999,152290,Unavailable,https://www.vijaysales.com/p/245833/lenovo-loq-15irx10-gaming-laptop-intel-core-i7-13700hx-16gb-ram-1tb-ssd-15-6-inch-39-62-cm-fhd-display-8gb-nvidia-geforce-rtx-5050-graphics-windows-11-ms-office-83je00w1in,https://vsprod.vijaysales.com/media/catalog/product/2/4/245833_1_.jpg,4,19.23,Computers and Laptops,Gaming Laptops,16.0,512.0,15.6,Intel Core i7
2026-02-11,2026-02-11 09:11:06,laptops,245029,Lenovo,42990,59000,Unavailable,https://www.vijaysales.com/p/245029/lenovo-ideapad-slim-3-15abr8-thin-light-laptop-amd-ryzen-5-16gb-ram-512gb-storage-15-6-inch-39-62-cm-fhd-display-amd-radeon-graphics-windows-11-ms-office-82xm00qdin,https://vsprod.vijaysales.com/media/catalog/product/2/4/245029_1_.jpg,4,27.14,Computers and Laptops,Laptops,16.0,512.0,15.6,Ryzen 5
2026-02-11,2026-02-11 09:11:06,laptops,244979,Dell,129990,135000,Available,https://www.vijaysales.com/p/244979/dell-alienware-16-aurora-gaming-laptop-intel-core-7-16gb-ram-1tb-storage-16-inch-40-64-cm-qhd-display-8gb-nvidia-geforce-rtx-5050-graphics-windows-11-ms-office-oan1625000801mino,https://vsprod.vijaysales.com/media/catalog/product/2/4/244979_1_.jpg,5,3.71,Computers and Laptops,Gaming Laptops,16.0,512.0,16.0,Apple M3
2026-02-11,2026-02-11 09:11:06,laptops,244731,Samsung,119990,146990,Unavailable,https://www.vijaysales.com/p/244731/samsung-galaxy-book5-laptop-intel-core-ultra-7-32gb-lpddr5x-ram-1tb-ssd-15-6-inch-39-62-cm-full-hd-display-intel-graphics-windows-11-ms-office-np750xhd-kd4in,https://vsprod.vijaysales.com/media/catalog/product/2/4/244731_1_.jpg,4,18.37,Computers and Laptops,Laptops,16.0,512.0,15.6,Ryzen 3
2026-02-11,2026-02-11 09:11:06,laptops,244730,Samsung,103990,127990,Unavailable,https://www.vijaysales.com/p/244730/samsung-galaxy-book5-laptop-intel-core-ultra-7-16gb-lpddr5x-ram-1tb-ssd-15-6-inch-39-62-cm-full-hd-display-intel-graphics-windows-11-ms-office-np750xhd-kd3in,https://vsprod.vijaysales.com/media/catalog/product/2/4/244730_1_.jpg,5,18.75,Computers and Laptops,Laptops,16.0,512.0,15.6,Snapdragon X
2026-02-11,2026-02-11 09:11:06,laptops,244729,Samsung,87990,109990,Available,https://www.vijaysales.com/p/244729/samsung-galaxy-book5-laptop-intel-core-ultra-7-16gb-lpddr5x-ram-512gb-ssd-156-inch-3962-cm-fhd-display-intel-graphics-windows-11-home-np750xhd-kd2in,https://vsprod.vijaysales.com/media/catalog/product/2/4/244728_1__1.jpeg,5,20.0,Computers and Laptops,Laptops,8.0,512.0,15.6,Intel Core i5
2026-02-11,2026-02-11 09:11:06,laptops,243923,Acer,99990,130999,Available,https://www.vijaysales.com/p/243923/acer-nitro-v15-anv15-52-gaming-laptop-13th-gen-intel-core-i7-16gb-ram-512gb-storage-15-6-inch-39-62-cm-fhd-ips-display-8gb-nvidia-geforce-rtx-5050-graphics-windows-11-ms-office-un-qz9si-002,https://vsprod.vijaysales.com/media/catalog/product/2/4/243923_1_.jpg,5,23.67,Computers and Laptops,Gaming Laptops,16.0,512.0,15.6,Intel Core i7
2026-02-11,2026-02-11 09:11:06,laptops,243922,Acer,112599,140999,Available,https://www.vijaysales.com/p/243922/acer-nitro-v15-anv15-52-gaming-laptop-13th-gen-intel-core-i7-16gb-ram-512gb-ssd-15-6-inch-39-62-cm-fhd-ips-display-8gb-nvidia-geforce-rtx-5060-graphics-ms-office-windows-11-un-qzasi-002,https://vsprod.vijaysales.com/media/catalog/product/2/4/243922_1_.jpg,5,20.14,Computers and Laptops,Gaming Laptops,16.0,512.0,15.6,Intel Core i7
2026-02-11,2026-02-11 09:11:06,laptops,243921,Acer,88990,129900,Available,https://www.vijaysales.com/p/243921/acer-swift-go-14-thin-light-premium-laptop-intel-core-ultra-7-16gb-ram-1tb-storage-14-inch-35-56-cm-oled-multi-touch-ips-display-intel-arc-graphics-windows-11-ms-office-nx-ksmsi-003,https://vsprod.vijaysales.com/media/catalog/product/2/4/243921_1_.1.jpg,5,31.49,Computers and Laptops,Laptops,16.0,512.0,14.0,Intel Core i5
2026-02-11,2026-02-11 09:11:06,laptops,243615,HP,114499,124000,Available,https://www.vijaysales.com/p/243615/hp-victus-gaming-laptop-13th-gen-intel-core-i7-24gb-ram-1tb-ssd-15-6-inch-39-62-cm-fhd-display-8gb-nvidia-geforce-rtx-5050-graphics-windows-11-ms-office-15-fa2309tx,https://vsprod.vijaysales.com/media/catalog/product/2/4/243615_1_1.jpg,5,7.66,Computers and Laptops,Gaming Laptops,24.0,512.0,15.6,Intel Core i7
2026-02-11,2026-02-11 09:11:06,laptops,243611,Dell,72950,89250,Available,https://www.vijaysales.com/p/243611/dell-16-plus-laptop-amd-ryzen-ai-5-340-16gb-ram-512gb-ssd-16-inch-40-64-cm-2k-anti-glare-display-amd-radeontm-graphics-windows-11-ms-office-odb1625550801rinu1,https://vsprod.vijaysales.com/media/catalog/product/2/4/243611.jpg,5,18.26,Computers and Laptops,Laptops,16.0,512.0,16.0,Intel Core i5
2026-02-11,2026-02-11 09:11:06,laptops,243560,Dell,93999,101999,Available,https://www.vijaysales.com/p/243560/dell-14-plus-2-in-1-laptop-intel-core-ultra-5-16gb-ram-512gb-ssd-14-inch-35-6-cm-fhd-display-intel-arc-graphics-ms-office-windows-11-odb0425020201rinu1,https://vsprod.vijaysales.com/media/catalog/product/2/4/243560_1_.jpg,4,7.84,Computers and Laptops,2 in 1 Laptops,16.0,512.0,14.0,Intel Core i5
2026-02-11,2026-02-11 09:11:06,laptops,243556,Lenovo,99990,151090,Unavailable,https://www.vijaysales.com/p/243556/lenovo-yoga-7-2-in-1-14akp10-laptop-amd-ryzen-ai-7-24gb-ram-1tb-ssd-14-inch-35-56-cm-oled-10-point-multi-touch-display-amd-radeon-860m-graphics-windows-11-ms-office-83jr001ein,https://vsprod.vijaysales.com/media/catalog/product/2/4/243556_1_.jpg,5,33.82,Computers and Laptops,2 in 1 Laptops,24.0,512.0,14.0,Ryzen 5
2026-02-11,2026-02-11 09:11:06,laptops,243554,HP,78499,82500,Available,https://www.vijaysales.com/p/243554/hp-victus-gaming-laptop-amd-ryzen-7-16gb-ram-512gb-ssd-15-6-inch-39-6-cm-144-hz-full-hd-ips-display-6gb-nvidia-geforce-rtx-3050-graphics-windows-11-home-ms-office-15-fb3125ax,https://vsprod.vijaysales.com/media/catalog/product/i/m/image_1_1.jpg,5,4.85,Computers and Laptops,Gaming Laptops,16.0,512.0,15.6,Ryzen 7
2026-02-11,2026-02-11 09:11:06,laptops,242446,HP,113000,166000,Unavailable,https://www.vijaysales.com/p/242446/hp-omen-gaming-laptop-14th-gen-intel-core-i7-16gb-ram-1tb-ssd-16-1-inch-40-9-cm-fhd-display-8gb-nvidia-geforce-rtx-4060-graphics-windows-11-ms-office-16-ae0002tx,https://vsprod.vijaysales.com/media/catalog/product/1/6/16-ae0002tx_1_.jpg,4,31.93,Computers and Laptops,Gaming Laptops,16.0,512.0,16.1,Intel Core i7
2026-02-11,2026-02-11 09:11:06,laptops,242445,HP,50190,72000,Unavailable,https://www.vijaysales.com/p/242445/hp-thin-light-laptop-13th-gen-intel-core-i5-16gb-ram-512gb-ssd-15-6-inch-39-6-cm-full-hd-display-intel-iris-xe-graphics-windows-11-ms-office-15-fd0467tu,https://vsprod.vijaysales.com/media/catalog/product/2/4/242445_4_.jpg,4,30.29,Computers and Laptops,Laptops,16.0,512.0,15.6,Intel Core i5
2026-02-11,2026-02-11 09:11:06,laptops,242105,Dell,75490,86990,Available,https://www.vijaysales.com/p/242105/dell-14-plus-laptop-amd-ryzen-ai-5-16gb-ram-512gb-ssd-14-inch-35-56-cm-display-amd-radeon-graphics-ms-office-odb1425550701rinu1,https://vsprod.vijaysales.com/media/catalog/product/2/4/242105_1_.jpg,5,13.22,Computers and Laptops,Laptops,16.0,512.0,14.0,Apple M4
2026-02-11,2026-02-11 09:11:06,laptops,242103,Acer,164990,195990,Available,https://www.vijaysales.com/p/242103/acer-predator-helios-neo-16s-gaming-laptop-intel-core-ultra-7-16gb-ram-1tb-storage-16-inch-40-64-cm-oled-display-8gb-nvidia-geforce-rtx-5060-graphics-windows-11-ms-office-nh-qx9si-001,https://vsprod.vijaysales.com/media/catalog/product/2/4/242103_1_.jpg,4,15.82,Computers and Laptops,Gaming Laptops,16.0,256.0,16.0,Intel Core i5
2026-02-11,2026-02-11 09:11:06,laptops,242101,Acer,57990,94990,Unavailable,https://www.vijaysales.com/p/242101/acer-swift-lite-14-ai-pc-intel-core-ultra-5-16-gb-ram-512-gb-ssd-14-wuxga-oled-backlit-kb-windows-11-home-ai-copilot-key-sunset-copper,https://vsprod.vijaysales.com/media/catalog/product/1/_/1_111.jpg,4,38.95,Computers and Laptops,Laptops,16.0,512.0,16.2,Snapdragon X
2026-02-11,2026-02-11 09:11:06,laptops,241419,HP,62999,78000,Available,https://www.vijaysales.com/p/241419/hp-omnibook-3-thin-light-laptop-amd-ryzen-ai-5-16gb-ram-512gb-ssd-14-inch-35-6-cm-fhd-display-amd-radeon-840m-graphics-windows-11-14-ha0000au,https://vsprod.vijaysales.com/media/catalog/product/2/4/241419_1.jpg,5,19.23,Computers and Laptops,Laptops,16.0,512.0,14.0,Snapdragon X
2026-02-11,2026-02-11 09:11:06,laptops,241406,Lenovo,71990,104690,Unavailable,https://www.vijaysales.com/p/241406/lenovo-loq-15arp9-gaming-laptop-amd-ryzen-7-24gb-ddr5-ram-512gb-ssd-15-6-inch-39-62-cm-fhd-display-4gb-nvidia-geforce-rtx-3050a-graphics-windows-11-ms-office-83jc00jvin,https://vsprod.vijaysales.com/media/catalog/product/2/4/241406_2.jpg,5,31.24,Computers and Laptops,Gaming Laptops,48.0,512.0,15.6,Ryzen 7
2026-02-11,2026-02-11 09:11:06,laptops,241405,Lenovo,72999,99000,Available,https://www.vijaysales.com/p/241405/lenovo-loq-15arp9-gaming-laptop-amd-ryzen-5-24gb-ddr5-ram-512gb-ssd-15-6-inch-39-62-cm-fhd-display-4gb-nvidia-geforce-rtx-3050a-graphics-windows-11-ms-office-83jc00jwin,https://vsprod.vijaysales.com/media/catalog/product/2/4/241406_2_2.jpg,5,26.26,Computers and Laptops,Gaming Laptops,16.0,512.0,15.6,Ryzen 5
2026-02-11,2026-02-11 09:11:06,laptops,241042,HP,56999,61999,Unavailable,https://www.vijaysales.com/p/241042/hp-pavilion-thin-light-laptop-amd-ryzentm-5-16gb-lpddr5-ram-512gb-ssd-16-inch-40-6-cm-diagonal-wuxga-ips-display-amd-radeontm-graphics-windows-11-ms-office-16-ag0019au,https://vsprod.vijaysales.com/media/catalog/product/2/4/241042_1.jpg,4,8.06,Computers and Laptops,Laptops,16.0,512.0,16.0,Snapdragon X
2026-02-11,2026-02-11 09:11:06,laptops,241028,MSI,115990,126990,Unavailable,https://www.vijaysales.com/p/241028/msi-cyborg-15-gaming-laptop-intel-core-7-16gb-ddr5-ram-1tb-ssd-15-6-inch-39-62-cm-full-hd-display-nvidia-geforce-rtx-5050-8gb-graphics-windows-11-ms-office-b2rwekg-247in,https://vsprod.vijaysales.com/media/catalog/product/2/4/241028_1.jpg,4,8.66,Computers and Laptops,Gaming Laptops,8.0,256.0,15.6,Ryzen 3
2026-02-11,2026-02-11 09:11:06,laptops,241027,MSI,125990,137990,Available,https://www.vijaysales.com/p/241027/msi-cyborg-15-gaming-laptop-intel-core-7-16gb-ddr5-ram-1tb-ssd-15-6-inch-39-62-cm-full-hd-display-nvidia-geforce-rtx-5060-8gb-graphics-windows-11-ms-office-b2rwfkg-246in,https://vsprod.vijaysales.com/media/catalog/product/2/4/241027_1.jpg,4,8.7,Computers and Laptops,Gaming Laptops,16.0,512.0,15.6,Snapdragon X
2026-02-11,2026-02-11 09:11:06,laptops,241026,MSI,134990,151990,Available,https://www.vijaysales.com/p/241026/msi-katana-a15-ai-gaming-laptop-amd-ryzen-9-16gb-ddr5-ram-512gb-ssd-15-6-inch-39-62-cm-full-hd-display-nvidia-geforce-rtx-4060-8gb-graphics-windows-11-ms-office-b8vf-447in,https://vsprod.vijaysales.com/media/catalog/product/2/4/241026_1.jpg,5,11.18,Computers and Laptops,Gaming Laptops,16.0,512.0,15.6,Ryzen 9
2026-02-11,2026-02-11 09:11:06,laptops,241025,MSI,89990,100990,Unavailable,https://www.vijaysales.com/p/241025/msi-thin-15-gaming-laptop-13th-gen-intel-core-i7-16gb-ddr4-ram-512gb-ssd-15-6-inch-39-62-cm-full-hd-display-nvidia-geforce-rtx-3050-4gb-graphics-windows-11-ms-office-b13uc-2019in,https://vsprod.vijaysales.com/media/catalog/product/2/4/241025_1.jpg,4,10.89,Computers and Laptops,Gaming Laptops,16.0,512.0,15.6,Intel Core i7
2026-02-11,2026-02-11 09:11:06,laptops,241024,MSI,76990,86990,Unavailable,https://www.vijaysales.com/p/241024/msi-thin-15-gaming-laptop-13th-gen-intel-core-i5-16gb-ddr4-ram-512gb-ssd-15-6-inch-39-62-cm-full-hd-display-nvidia-geforce-rtx-3050-4gb-graphics-windows-11-ms-office-b13uc-3231in,https://vsprod.vijaysales.com/media/catalog/product/2/4/241024_1.jpg,4,11.5,Computers and Laptops,Gaming Laptops,8.0,512.0,15.6,Intel Core i5
2026-02-11,2026-02-11 09:11:06,laptops,241023,MSI,72990,74990,Available,https://www.vijaysales.com/p/241023/msi-modern-15-thin-light-laptop-amd-ryzen-7-16gb-ddr4-ram-512gb-ssd-15-6-inch-39-62-cm-full-hd-display-amd-radeon-graphics-windows-11-ms-office-b7m-479in,https://vsprod.vijaysales.com/media/catalog/product/2/4/241023_1.jpg,5,2.67,Computers and Laptops,Laptops,16.0,512.0,15.6,Ryzen 7
2026-02-11,2026-02-11 09:11:06,laptops,241022,MSI,55990,74990,Available,https://www.vijaysales.com/p/241022/msi-modern-15-thin-light-laptop-13th-gen-intel-core-i5-16gb-ddr4-ram-512gb-ssd-15-6-inch-39-62-cm-full-hd-display-intel-iris-xe-graphics-windows-11-ms-office-b13m-1200in,https://vsprod.vijaysales.com/media/catalog/product/2/4/241022_1.jpg,5,25.34,Computers and Laptops,Laptops,16.0,512.0,15.6,Intel Core i5
2026-02-11,2026-02-11 09:11:06,laptops,240879,Asus,72990,99990,Available,https://www.vijaysales.com/p/240879/asus-vivobook-s14-ai-powered-light-weight-laptop-intel-core-ultra-5-225h-16gb-ddr5-ram-512gb-ssd-14-inch-35-56cm-wuxga-display-intel-ai-boost-npu-up-to-13tops-windows-11-ms-office-s3407ca-ly060ws,https://vsprod.vijaysales.com/media/catalog/product/2/4/240879_1.jpg,5,27.0,Computers and Laptops,Laptops,16.0,512.0,14.0,Intel Core i3
2026-02-11,2026-02-11 09:11:06,laptops,240726,Asus,154990,173990,Available,https://www.vijaysales.com/p/240726/asus-rog-strix-g16-gaming-laptop-amd-ryzen-9-8940hx-16gb-ram-1tb-ssd-16-inch-40-64-cm-fhd-display-nvidia-geforce-rtx-5050-gpu-windows-11-home-g614phrv033ws,https://vsprod.vijaysales.com/media/catalog/product/2/4/240726_1_.1.jpg,4,10.92,Computers and Laptops,Laptops,16.0,512.0,16.0,Ryzen 9
2026-02-11,2026-02-11 09:11:06,laptops,240725,Asus,169990,191990,Available,https://www.vijaysales.com/p/240725/asus-rog-strix-g16-gaming-laptop-14th-gen-intel-core-i7-16gb-ddr5-ram-1tb-ssd-16-inch-40-64-cm-2-5k-rog-nebula-display-8gb-nvidia-geforce-rtx-5050-graphics-windows-11-ms-office-g615jhr-s5005ws,https://vsprod.vijaysales.com/media/catalog/product/2/4/240725_1.jpg,4,11.46,Computers and Laptops,Gaming Laptops,16.0,512.0,16.0,Intel Core i7
2026-02-11,2026-02-11 09:11:06,laptops,240724,Asus,154990,173990,Available,https://www.vijaysales.com/p/240724/asus-tuf-f16-gaming-laptop-intel-core-i7-16gb-ddr5-ram-1tb-ssd-16-inch-40-64-cm-fhd-display-nvidia-rtx-5060-8gb-graphics-windows-11-ms-office-fx608jmr-rv049ws,https://vsprod.vijaysales.com/media/catalog/product/2/4/240724_1.jpg,4,10.92,Computers and Laptops,Gaming Laptops,16.0,512.0,16.0,Intel Core i7
2026-02-11,2026-02-11 09:11:06,laptops,240722,Asus,204990,227990,Available,https://www.vijaysales.com/p/240722/asus-rog-strix-g16-gaming-laptop-intel-core-ultra-9-16gb-ddr5-ram-1tb-ssd-16-inch-40-64-cm-2-5k-rog-nebula-display-nvidia-rtx-5060-8gb-graphics-windows-11-ms-office-g615lm-s5128ws,https://vsprod.vijaysales.com/media/catalog/product/2/4/240722_1_.jpg,5,10.09,Computers and Laptops,Gaming Laptops,16.0,512.0,16.0,Intel Core i5
2026-02-11,2026-02-11 09:11:06,laptops,240718,Asus,249990,275990,Available,https://www.vijaysales.com/p/240718/asus-rog-strix-g16-gaming-laptop-intel-core-ultra-9-32gb-ddr5-ram-1tb-ssd-16-inch-40-64-cm-2-5k-rog-nebula-display-nvidia-rtx-5070-8gb-graphics-windows-11-ms-office-g615lp-s5022ws,https://vsprod.vijaysales.com/media/catalog/product/2/4/240718_1.jpg,4,9.42,Computers and Laptops,Gaming Laptops,16.0,512.0,16.0,Apple M3
2026-02-11,2026-02-11 09:11:06,laptops,240680,Lenovo,43999,61290,Unavailable,https://www.vijaysales.com/p/240680/lenovo-ideapad-slim-3-15iru8-thin-light-laptop-13th-gen-intel-core-i3-8gb-lpddr5-ram-512gb-ssd-15-6-inch-39-62-cm-fhd-display-intelr-uhd-graphics-windows-11-ms-office-82x700g6in,https://vsprod.vijaysales.com/media/catalog/product/2/4/240680_4_.jpg,5,28.21,Computers and Laptops,Laptops,8.0,512.0,15.6,Intel Core i3
2026-02-11,2026-02-11 09:11:06,laptops,240679,Lenovo,92999,125890,Available,https://www.vijaysales.com/p/240679/lenovo-yoga-7-2-in-1-14iml9-laptop-intel-core-ultra-5-125h-16gb-lpddr5x-ram-512gb-ssd-14-inch-35-56-cm-oled-10-point-multi-touch-display-intel-arc-graphics-windows-11-ms-office-83dj00ftin,https://vsprod.vijaysales.com/media/catalog/product/2/4/240679_1.jpg,4,26.13,Computers and Laptops,2 in 1 Laptops,16.0,512.0,14.0,Ryzen 3
2026-02-11,2026-02-11 09:11:06,laptops,240676,HP,57990,75000,Unavailable,https://www.vijaysales.com/p/240676/hp-victus-gaming-laptop-amd-ryzen-5-8645hs-16gb-ddr5-ram-512gb-ssd-15-6-inch-39-6-cm-diagonal-fhd-display-4gb-nvidia-geforce-rtx-2050-graphics-windows-11-ms-office-15-fb3004ax,https://vsprod.vijaysales.com/media/catalog/product/2/4/240676_1.jpg,5,22.68,Computers and Laptops,Gaming Laptops,16.0,512.0,15.6,Ryzen 5
2026-02-11,2026-02-11 09:11:06,laptops,240673,HP,38999,53000,Unavailable,https://www.vijaysales.com/p/240673/hp-thin-light-laptop-13th-gen-intel-core-i3-8gb-ddr4-ram-512gb-ssd-15-6-inch-39-6-cm-full-hd-display-intelr-uhd-graphics-windows-11-ms-office-15-fd0489tu,https://vsprod.vijaysales.com/media/catalog/product/2/4/240673_3_.jpg,5,26.42,Computers and Laptops,Laptops,16.0,512.0,15.6,Intel Core i3
2026-02-11,2026-02-11 09:11:06,laptops,240157,Lenovo,83990,99999,Available,https://www.vijaysales.com/p/240157/lenovo-ideapad-slim-5-14akp10-thin-light-laptop-amd-ryzen-7-24gb-ddr5-ram-1tb-ssd-14-inch-35-56-cm-oled-display-amd-radeontm-860m-graphics-windows-11-ms-office-83hx0052in,https://vsprod.vijaysales.com/media/catalog/product/2/4/240157_3_.jpg,5,16.01,Computers and Laptops,Laptops,8.0,512.0,14.0,Ryzen 7
2026-02-11,2026-02-11 09:11:06,laptops,239988,Lenovo,40990,65490,Unavailable,https://www.vijaysales.com/p/239988/lenovo-ideapad-slim-3-15abr8-thin-light-laptop-amd-ryzen-5-16gb-ddr4-ram-512gb-ssd-15-6-inch-39-62-cm-fhd-display-amd-radeon-graphics-windows-11-ms-office-82xm0119in,https://vsprod.vijaysales.com/media/catalog/product/2/3/239988_1.jpg,4,37.41,Computers and Laptops,Laptops,16.0,512.0,15.6,Ryzen 5
2026-02-11,2026-02-11 09:11:06,laptops,239908,Asus,113990,153000,Unavailable,https://www.vijaysales.com/p/239908/asus-rog-strix-g16-gaming-laptop-13th-gen-intel-core-i7-16gb-ddr5-ram-1tb-ssd-16-inch-40-64-cm-fhd-display-6gb-nvidia-geforce-rtx-4050-graphics-windows-11-ms-office-g614ju-n4200ws,https://vsprod.vijaysales.com/media/catalog/product/2/3/239908_1.jpg,5,25.5,Computers and Laptops,Gaming Laptops,16.0,512.0,16.0,Intel Core i7
2026-02-11,2026-02-11 09:11:06,laptops,239907,Acer,75990,99990,Available,https://www.vijaysales.com/p/239907/acer-aspire-alg-al15g-53-gaming-laptop-13th-gen-intel-core-i7-16gb-ddr4-ram-512gb-ssd-15-6-inch-39-62-cm-full-hd-display-6gb-nvidia-geforce-rtx-3050-graphics-windows-11-ms-office-un-34lsi-002,https://vsprod.vijaysales.com/media/catalog/product/2/3/239907_1_.jpg,4,24.0,Computers and Laptops,Gaming Laptops,16.0,512.0,15.6,Intel Core i7
2026-02-11,2026-02-11 09:11:06,laptops,239731,Asus,399990,455990,Available,https://www.vijaysales.com/p/239731/asus-rog-strix-scar-16-gaming-laptop-intel-core-ultra-9-275hx-32gb-ram-2tb-ssd-16-inch-40-64-cm-2-5k-wqxga-display-16gb-nvidia-geforce-rtx-5080-graphics-per-key-rgb-backlit-keyboard-windows-11-ms-office-g635lw-rw157ws,https://vsprod.vijaysales.com/media/catalog/product/2/3/239731_1__1.jpg,4,12.28,Computers and Laptops,Gaming Laptops,32.0,512.0,16.0,Intel Core i5
2026-02-11,2026-02-11 09:11:06,laptops,239728,Asus,279990,311990,Available,https://www.vijaysales.com/p/239728/asus-rog-strix-g16-gaming-laptop-intel-core-ultra-9-275hx-32gb-ram-1tb-ssd-16-inch-40-64-cm-2-5k-wqxga-display-12gb-nvidia-geforce-rtx-5070-ti-graphics-4-zone-rgb-backlit-keyboard-windows-11-ms-office-g615lr-s5190ws,https://vsprod.vijaysales.com/media/catalog/product/2/3/239728_1__1.jpg,5,10.26,Computers and Laptops,Gaming Laptops,32.0,512.0,16.0,Ryzen 7
2026-02-11,2026-02-11 09:11:06,laptops,239727,Asus,359990,431990,Available,https://www.vijaysales.com/p/239727/asus-rog-zephyrus-g16-gaming-laptop-intel-core-ultra-9-285h-32gb-lpddr5x-ram-2tb-ssd-16-inch-40-64-cm-2-5k-wqxga-display-16gb-nvidia-geforce-rtx-5080-graphics-1-zone-rgb-backlit-keyboard-windows-11-ms-office-gu605cw-qr133ws,https://vsprod.vijaysales.com/media/catalog/product/2/3/239727_1__1.jpg,5,16.67,Computers and Laptops,Gaming Laptops,8.0,512.0,16.0,Intel Core i7
2026-02-11,2026-02-11 09:11:06,laptops,239611,Samsung,78999,103400,Available,https://www.vijaysales.com/p/239611/samsung-galaxy-book4-laptop-intel-core-7-16gb-ram-512gb-ssd-15-6-inch-39-62-cm-full-hd-display-intel-iris-xe-graphics-windows-11-ms-office-np750xgk-lg8in,https://vsprod.vijaysales.com/media/catalog/product/2/3/239611_1_.jpg,4,23.6,Computers and Laptops,Laptops,16.0,512.0,15.6,Ryzen 5
2026-02-11,2026-02-11 09:11:06,laptops,239608,Samsung,112990,147990,Available,https://www.vijaysales.com/p/239608/samsung-galaxy-book3-360-laptop-intel-core-i7-16gb-ram-512gb-ssd-13-3-inch-33-78cm-fhd-amoled-display-intel-iris-xe-graphics-windows-11-ms-office-np730qfg-la6in,https://vsprod.vijaysales.com/media/catalog/product/2/3/239608_1__1.jpg,5,23.65,Computers and Laptops,2 in 1 Laptops,16.0,512.0,13.3,Intel Core i7
2026-02-11,2026-02-11 09:11:06,laptops,239607,Samsung,104990,137990,Available,https://www.vijaysales.com/p/239607/samsung-galaxy-book3-360-laptop-intel-core-i5-16gb-ram-512gb-ssd-13-3-inch-33-78cm-fhd-amoled-display-intel-iris-xe-graphics-windows-11-ms-office-np730qfg-la7in,https://vsprod.vijaysales.com/media/catalog/product/2/3/239608_1_.jpg,4,23.91,Computers and Laptops,2 in 1 Laptops,16.0,512.0,13.3,Intel Core i5
2026-02-11,2026-02-11 09:11:06,laptops,239526,HP,28999,38574,Unavailable,https://www.vijaysales.com/p/239526/refurbished-hp-probook-640-g5-core-i5-8th-gen-16gb-512gb-ssd-webcam-14-non-touch-win-10,https://vsprod.vijaysales.com/media/catalog/product/2/3/239526.jpg,4,24.82,Computers and Laptops,Refurbished Laptops,36.0,512.0,15.3,Intel Core i3
2026-02-11,2026-02-11 09:11:06,laptops,239512,HP,39999,52199,Unavailable,https://www.vijaysales.com/p/239512/refurbished-hp-elitebook-830-g7-core-i5-10th-gen-16gb-512gb-ssd-webcam-13-3-non-touch-win-10,https://vsprod.vijaysales.com/media/catalog/product/2/3/239512_1_.jpg,4,23.37,Computers and Laptops,Refurbished Laptops,8.0,512.0,15.6,Ryzen 7
2026-02-11,2026-02-11 09:11:06,laptops,239511,HP,37499,47200,Unavailable,https://www.vijaysales.com/p/239511/refurbished-hp-elitebook-840-g6-core-i7-8th-gen-16gb-1tb-ssd-webcam-14-non-touch-win-10,https://vsprod.vijaysales.com/media/catalog/product/2/3/239511_1_.jpg,4,20.55,Computers and Laptops,Refurbished Laptops,16.0,256.0,15.0,Ryzen 7
2026-02-11,2026-02-11 09:11:06,laptops,239508,HP,29999,34655,Available,https://www.vijaysales.com/p/239508/refurbished-hp-elitebook-840-g5-core-i5-8th-gen-8gb-512gb-ssd-webcam-14-win-10,https://vsprod.vijaysales.com/media/catalog/product/2/3/239508_1_.jpg,5,13.44,Computers and Laptops,Refurbished Laptops,32.0,512.0,16.0,Intel Core i3
2026-02-11,2026-02-11 09:11:06,laptops,239504,Dell,37499,62899,Unavailable,https://www.vijaysales.com/p/239504/refurbished-dell-latitude-7310-core-i7-10th-gen-16gb-512gb-ssd-webcam-13-3-non-touch-dos,https://vsprod.vijaysales.com/media/catalog/product/2/3/239504_1_.jpg,5,40.38,Computers and Laptops,Refurbished Laptops,16.0,512.0,14.0,Ryzen 9
2026-02-11,2026-02-11 09:11:06,laptops,239410,HP,76990,96146,Available,https://www.vijaysales.com/p/239410/hp-omnibook-7-aero-next-gen-ai-laptop-amd-ryzen-ai-5-16gb-lpddr5x-ram-512gb-ssd-13-3-inch-33-78-cm-diagonal-wqxga-display-amd-radeon-840m-graphics-windows-11-ms-office-13-bg1678au,https://vsprod.vijaysales.com/media/catalog/product/2/3/239410_1_.jpg,4,19.92,Computers and Laptops,Laptops,8.0,512.0,13.3,Ryzen 5
2026-02-11,2026-02-11 09:11:06,laptops,239409,HP,84999,106308,Available,https://www.vijaysales.com/p/239409/hp-omnibook-7-aero-next-gen-ai-laptop-amd-ryzen-ai-7-16gb-lpddr5x-ram-512gb-ssd-13-3-inch-33-78-cm-diagonal-wqxga-display-amd-radeon-860m-graphics-windows-11-ms-office-13-bg1456au,https://vsprod.vijaysales.com/media/catalog/product/2/3/239409_1_.jpg,5,20.04,Computers and Laptops,Laptops,8.0,512.0,13.3,Intel Core i5
2026-02-11,2026-02-11 09:11:06,laptops,239408,HP,80990,99557,Available,https://www.vijaysales.com/p/239408/hp-omnibook-5-next-gen-ai-laptop-amd-ryzen-ai-7-16gb-lpddr5x-ram-512gb-ssd-16-inch-40-64-cm-diagonal-2k-touchscreen-display-amd-radeon-860m-graphics-windows-11-ms-office-16-ag1048au,https://vsprod.vijaysales.com/media/catalog/product/2/3/239408_1_.jpg,4,18.65,Computers and Laptops,Laptops,16.0,512.0,16.0,Intel Core i5
2026-02-11,2026-02-11 09:11:06,laptops,239407,HP,71990,87097,Available,https://www.vijaysales.com/p/239407/hp-omnibook-5-next-gen-ai-laptop-amd-ryzen-ai-5-16gb-lpddr5x-ram-512gb-ssd-16-inch-40-64-cm-diagonal-2k-display-amd-radeon-840m-graphics-windows-11-ms-office-16-ag1037au,https://vsprod.vijaysales.com/media/catalog/product/2/3/239407_1_.jpg,4,17.35,Computers and Laptops,Laptops,16.0,512.0,16.0,Ryzen 5
2026-02-11,2026-02-11 09:11:06,laptops,239405,HP,99990,125841,Available,https://www.vijaysales.com/p/239405/hp-omnibook-x-flip-convertible-laptop-intel-core-ultra-5-16gb-lpddr5x-ram-512gb-ssd-14-inch-35-56-cm-diagonal-3k-oled-touchscreen-display-intel-arc-graphics-windows-11-ms-office-14-fm0058tu,https://vsprod.vijaysales.com/media/catalog/product/2/3/239405_1_.jpg,4,20.54,Computers and Laptops,Convertible Laptops,8.0,512.0,14.0,Ryzen 5
2026-02-11,2026-02-11 09:11:06,laptops,239404,HP,120999,138207,Available,https://www.vijaysales.com/p/239404/hp-omnibook-x-flip-convertible-laptop-intel-core-ultra-7-16gb-lpddr5x-ram-512gb-ssd-14-inch-35-56-cm-diagonal-3k-oled-touchscreen-display-intel-arc-graphics-windows-11-ms-office-14-fm0026tu,https://vsprod.vijaysales.com/media/catalog/product/2/3/239404_1_.jpg,4,12.45,Computers and Laptops,Convertible Laptops,16.0,512.0,14.0,Intel Core i5
2026-02-11,2026-02-11 09:11:06,laptops,239029,Asus,66990,89990,Unavailable,https://www.vijaysales.com/p/239029/asus-tuf-gaming-a15-laptop-amd-ryzen-7-7435hs-16gb-ddr5-4800-ram-512gb-ssd-15-6-inch-39-62-cm-fhd-display-4gb-nvidia-geforce-rtx-3050-graphics-1-zone-rgb-backlit-keyboard-windows-11-ms-office-fa566ncr-hn254ws,https://vsprod.vijaysales.com/media/catalog/product/2/3/239029_1.jpg,4,25.56,Computers and Laptops,Gaming Laptops,8.0,512.0,15.6,Ryzen 7
2026-02-11,2026-02-11 09:11:06,laptops,239008,Acer,181990,220000,Available,https://www.vijaysales.com/p/239008/acer-predator-helios-16-gaming-laptop-14th-gen-intel-core-i7-16gb-ddr5-ram-1tb-ssd-16-inch-40-64-wqxga-led-backlit-ips-display-8gb-nvidia-geforce-rtx-4070-graphics-windows-11-ms-office-nh-qnxsi-004,https://vsprod.vijaysales.com/media/catalog/product/2/3/239008_1.jpg,5,17.28,Computers and Laptops,Gaming Laptops,8.0,512.0,16.0,Intel Core i7
2026-02-11,2026-02-11 09:11:06,laptops,239003,Lenovo,67990,89490,Available,https://www.vijaysales.com/p/239003/lenovo-ideapad-slim-5-thin-light-laptop-amd-ryzen-7-16gb-lpddr5x-ram-512gb-ssd-13-3-inch-33-78-cm-wuxga-ips-display-amd-radeon-graphics-windows-11-ms-office-83j2003nin,https://vsprod.vijaysales.com/media/catalog/product/2/3/239003_1.jpg,5,24.03,Computers and Laptops,Laptops,16.0,512.0,13.3,Ryzen 7
2026-02-11,2026-02-11 09:11:06,laptops,238701,Asus,69990,96990,Unavailable,https://www.vijaysales.com/p/238701/asus-tuf-gaming-f16-laptop-intel-core-5-210h-16gb-ddr4-ram-512gb-ssd-16-inch-40-64-cm-fhd-display-4gb-gddr6-nvidia-geforce-rtx-3050a-graphics-bluetooth-5-3-windows-11-ms-office-fx607vb-rl087ws,https://vsprod.vijaysales.com/media/catalog/product/2/3/238701_1_.jpg,5,27.84,Computers and Laptops,Gaming Laptops,16.0,512.0,16.0,Ryzen 5
2026-02-11,2026-02-11 09:11:06,laptops,238696,Samsung,195990,235190,Unavailable,https://www.vijaysales.com/p/238696/samsung-galaxy-book5-pro-360-laptop-intel-core-ultra-7-32gb-lpddr5x-ram-1tb-ssd-16-inch-40-64-cm-wqxga-dynamic-amoled-2x-display-intel-arc-graphics-windows-11-ms-office-np960qha-kg4in,https://vsprod.vijaysales.com/media/catalog/product/p/r/pro_360_ultra5__2__2.jpg,5,16.67,Computers and Laptops,Convertible Laptops,48.0,512.0,16.0,Ryzen 5
2026-02-11,2026-02-11 09:11:06,laptops,238695,Samsung,155990,187190,Available,https://www.vijaysales.com/p/238695/samsung-galaxy-book5-pro-360-laptop-intel-core-ultra-5-16gb-lpddr5x-ram-512gb-ssd-16-inch-40-64-cm-wqxga-dynamic-amoled-2x-display-intel-arc-graphics-windows-11-ms-office-np960qha-kg3in,https://vsprod.vijaysales.com/media/catalog/product/p/r/pro_360_ultra5__2_.jpg,4,16.67,Computers and Laptops,Convertible Laptops,8.0,512.0,16.0,Ryzen 5
2026-02-11,2026-02-11 09:11:06,laptops,238694,Samsung,163990,196790,Unavailable,https://www.vijaysales.com/p/238694/samsung-galaxy-book5-pro-360-laptop-intel-core-ultra-7-16gb-lpddr5x-ram-512gb-ssd-16-inch-40-64-cm-wqxga-dynamic-amoled-2x-display-intel-arc-graphics-windows-11-ms-office-np960qha-kg1in,https://vsprod.vijaysales.com/media/catalog/product/p/r/pro_360_ultra5__2__1.jpg,5,16.67,Computers and Laptops,Convertible Laptops,32.0,512.0,16.0,Snapdragon X
2026-02-11,2026-02-11 09:11:06,laptops,238692,Samsung,149990,175188,Unavailable,https://www.vijaysales.com/p/238692/samsung-galaxy-book5-pro-laptop-intel-core-ultra-7-16gb-lpddr5x-ram-512gb-ssd-16-inch-40-64-cm-wqxga-dynamic-amoled-2x-display-intel-arc-graphics-windows-11-ms-office-np960xha-lg1in,https://vsprod.vijaysales.com/media/catalog/product/b/o/book5_pro_ultra7_1__2.jpg,4,14.38,Computers and Laptops,Laptops,8.0,512.0,16.0,Intel Core i7
2026-02-11,2026-02-11 09:11:06,laptops,238689,Samsung,139990,167990,Available,https://www.vijaysales.com/p/238689/samsung-galaxy-book5-pro-laptop-intel-core-ultra-7-16gb-lpddr5x-ram-512gb-ssd-14-inch-35-56-cm-wqxga-dynamic-amoled-2x-display-intel-arc-graphics-windows-11-ms-office-np940xha-lg2in,https://vsprod.vijaysales.com/media/catalog/product/b/o/book5_pro_ultra7_1__1.jpg,5,16.67,Computers and Laptops,Laptops,8.0,512.0,14.0,Apple M3
2026-02-11,2026-02-11 09:11:06,laptops,238688,Samsung,131990,153588,Available,https://www.vijaysales.com/p/238688/samsung-galaxy-book5-pro-laptop-intel-core-ultra-5-16gb-lpddr5x-ram-512gb-ssd-14-inch-35-56-cm-wqxga-dynamic-amoled-2x-display-intel-arc-graphics-windows-11-ms-office-np940xha-lg1in,https://vsprod.vijaysales.com/media/catalog/product/b/o/book5_pro_ultra5_1_.jpg,4,14.06,Computers and Laptops,Laptops,8.0,512.0,14.0,Ryzen 3
2026-02-11,2026-02-11 09:11:06,laptops,238687,Samsung,154990,185990,Unavailable,https://www.vijaysales.com/p/238687/samsung-galaxy-book5-360-laptop-intel-core-ultra-7-32gb-lpddr5x-ram-1tb-ssd-15-6-inch-39-62cm-fhd-amoled-display-intel-arc-graphics-windows-11-ms-office-np750qha-lg4in,https://vsprod.vijaysales.com/media/catalog/product/2/3/238685_1__2.jpg,4,16.67,Computers and Laptops,Convertible Laptops,16.0,512.0,15.6,Ryzen 5
2026-02-11,2026-02-11 09:11:06,laptops,238686,Samsung,138990,166790,Unavailable,https://www.vijaysales.com/p/238686/samsung-galaxy-book5-360-laptop-intel-core-ultra-7-16gb-lpddr5x-ram-1tb-ssd-15-6-inch-39-62cm-fhd-amoled-display-intel-arc-graphics-windows-11-ms-office-np750qha-lg3in,https://vsprod.vijaysales.com/media/catalog/product/2/3/238685_1__1.jpg,4,16.67,Computers and Laptops,Convertible Laptops,16.0,512.0,15.6,Snapdragon X
2026-02-11,2026-02-11 09:11:06,laptops,238685,Samsung,122990,147590,Available,https://www.vijaysales.com/p/238685/samsung-galaxy-book5-360-laptop-intel-core-ultra-7-16gb-lpddr5x-ram-512gb-ssd-15-6-inch-39-62cm-fhd-amoled-display-intel-arc-graphics-windows-11-ms-office-np750qha-lg2in,https://vsprod.vijaysales.com/media/catalog/product/2/3/238685_1_.jpg,5,16.67,Computers and Laptops,Convertible Laptops,16.0,512.0,15.6,Intel Core i5
2026-02-11,2026-02-11 09:11:06,laptops,238684,Samsung,110990,137988,Available,https://www.vijaysales.com/p/238684/samsung-galaxy-book5-360-laptop-intel-core-ultra-5-16gb-lpddr5x-ram-512gb-ssd-15-6-inch-39-62cm-fhd-amoled-display-intel-arc-graphics-windows-11-ms-office-np750qha-lg1in,https://vsprod.vijaysales.com/media/catalog/product/b/o/book5_360_ultra5_1_.jpg,4,19.57,Computers and Laptops,Convertible Laptops,16.0,512.0,15.6,Ryzen 9
2026-02-11,2026-02-11 09:11:06,laptops,238441,Lenovo,73999,99990,Available,https://www.vijaysales.com/p/238441/lenovo-ideapad-5-convertible-laptop-intel-core-i5-13th-gen-16gb-lpddr5x-ram-512gb-ssd-14-inch-35-56-cm-touchscreen-display-intel-uhd-graphics-backlit-keyboard-windows-11-ms-office-83kx0058in,https://vsprod.vijaysales.com/media/catalog/product/2/3/238441_1_.jpg,4,25.99,Computers and Laptops,Convertible Laptops,16.0,512.0,14.0,Intel Core i5
2026-02-11,2026-02-11 09:11:06,laptops,238440,Dell,42999,43900,Available,https://www.vijaysales.com/p/238440/dell-inspiron-3535-thin-light-laptop-amd-ryzen-5-quad-core-7520u-8gb-lpddr5-ram-512gb-ssd-15-6-inch-39-62-cm-fhd-display-amd-radeon-graphics-windows-11-ms-office-oin353510021rinb1mo,https://vsprod.vijaysales.com/media/catalog/product/2/3/238440_1.jpg,4,2.05,Computers and Laptops,Laptops,16.0,512.0,15.6,Ryzen 5
2026-02-11,2026-02-11 09:11:06,laptops,238439,Dell,65100,75000,Available,https://www.vijaysales.com/p/238439/dell-inspiron-5640-thin-light-laptop-13th-gen-intel-core-i5-1334u-16gb-ddr5-ram-512gb-ssd-16-inch-40-64-cm-fhd-display-intel-irisr-xe-graphics-windows-11-ms-office-oin5640341901rinu1o,https://vsprod.vijaysales.com/media/catalog/product/2/3/238439_9_.jpg,4,13.2,Computers and Laptops,Laptops,16.0,512.0,16.0,Intel Core i5
2026-02-11,2026-02-11 09:11:06,laptops,238242,Acer,75990,109990,Available,https://www.vijaysales.com/p/238242/acer-swift-go-14-laptop-intel-core-ultra-5-125h-16gb-lpddr5x-ram-512gb-ssd-14-inch-35-56-cm-touchscreen-display-intel-arc-graphics-bluetooth-5-3-finger-print-reader-windows-11-nx-ksmsi-002,https://vsprod.vijaysales.com/media/catalog/product/2/3/238242_1_.jpg,5,30.91,Computers and Laptops,Laptops,8.0,512.0,14.0,Apple M4
2026-02-11,2026-02-11 09:11:06,laptops,238209,Asus,57990,84990,Available,https://www.vijaysales.com/p/238209/asus-vivobook-16-ai-powered-laptop-snapdragon-x-x1-26-100-16gb-lpddr5x-ram-512gb-ssd-16-inch-40-64-cm-wuxga-display-qualcommr-adrenotm-gpu-graphics-windows-11-ms-office-x1607qa-mb050ws,https://vsprod.vijaysales.com/media/catalog/product/2/3/238209_1.jpg,5,31.77,Computers and Laptops,Laptops,32.0,512.0,16.0,Snapdragon X
2026-02-11,2026-02-11 09:11:06,laptops,238208,Asus,86990,122900,Available,https://www.vijaysales.com/p/238208/asus-zenbook-a14-ai-powered-laptop-snapdragon-x-x1-26-100-16gb-lpddr5x-ram-512gb-ssd-14-inch-35-56-cm-wuxga-oled-display-qualcomm-adreno-gpu-graphics-ergosense-backlit-keyboard-with-copilot-key-windows-11-ms-office-ux3407qa-qd259ws,https://vsprod.vijaysales.com/media/catalog/product/2/3/238208_1_.jpg,4,29.22,Computers and Laptops,Laptops,16.0,512.0,14.0,Snapdragon X
2026-02-11,2026-02-11 09:11:06,laptops,238085,Lenovo,31390,40000,Unavailable,https://www.vijaysales.com/p/238085/lenovo-ideapad-3-laptop-12th-gen-intel-core-i3-8gb-ddr4-ram-512gb-ssd-15-6-inch-39-6-cm-fhd-display-intel-uhd-graphics-dolby-audio-bluetooth-5-2-windows-11-ms-office-82rk019gin,https://vsprod.vijaysales.com/media/catalog/product/2/3/238085_1_.jpg,5,21.52,Computers and Laptops,Laptops,24.0,512.0,15.6,Intel Core i3
2026-02-11,2026-02-11 09:11:06,laptops,238017,Asus,33990,43990,Unavailable,https://www.vijaysales.com/p/238017/asus-vivobook-go-14-laptop-amd-ryzen-3-7320u-8gb-lpddr5-ram-512gb-ssd-14-inch-35-56-cm-fhd-display-amd-radeon-graphics-chiclet-keyboard-windows-11-ms-office-e1404fa-nk3321ws,https://vsprod.vijaysales.com/media/catalog/product/2/3/23801715.jpg,4,22.73,Computers and Laptops,Laptops,16.0,512.0,14.0,Ryzen 3
2026-02-11,2026-02-11 09:11:06,laptops,237961,Asus,105990,135990,Available,https://www.vijaysales.com/p/237961/asus-zenbook-14-laptop-intel-core-ultra-5-16gb-lpddr5x-ram-1tb-ssd-14-inch-35-56-cm-oled-display-intel-arc-graphics-backlit-chiclet-keyboard-win-11-ms-office-x1607ca-mb142ws,https://vsprod.vijaysales.com/media/catalog/product/2/3/237961_1_.jpg,4,22.06,Computers and Laptops,Laptops,32.0,512.0,14.0,Ryzen 7
2026-02-11,2026-02-11 09:11:06,laptops,237644,Acer,85990,111990,Available,https://www.vijaysales.com/p/237644/acer-swift-14-ai-laptop-intel-core-ultra-5-16gb-lpddr5x-ram-512gb-ssd-14-inch-35-56-cm-oled-display-intel-arc-graphics-backlit-keyboard-windows-11-ms-office-nx-j2hsi-002,https://vsprod.vijaysales.com/media/catalog/product/2/3/237644_1_.jpg,5,23.22,Computers and Laptops,Laptops,8.0,512.0,14.0,Intel Core i7
2026-02-11,2026-02-11 09:11:06,laptops,237643,Acer,110298,161990,Available,https://www.vijaysales.com/p/237643/acer-predator-helios-neo-14-gaming-laptop-intel-core-ultra-7-16gb-lpddr5x-ram-1tb-ssd-145-inch-3683-cm-fhd-display-nvidia-geforce-rtx4050-6gb-graphics-backlit-keyboard-win-11-nhqrqsi001,https://vsprod.vijaysales.com/media/catalog/product/2/3/237643_1_.jpg,4,31.91,Computers and Laptops,Gaming Laptops,8.0,512.0,14.5,Intel Core i3
2026-02-11,2026-02-11 09:11:06,laptops,237642,Lenovo,64990,70000,Unavailable,https://www.vijaysales.com/p/237642/lenovo-loq-15iax9-gaming-laptop-12th-gen-intel-core-i5-12gb-ram-512gb-ssd-15-6-inch-39-62-cm-fhd-display-nvidia-geforce-rtx2050-4gb-graphics-windows-11-ms-office-83gs00mwin,https://vsprod.vijaysales.com/media/catalog/product/2/3/237642_1_.jpg,4,7.16,Computers and Laptops,Gaming Laptops,12.0,512.0,15.6,Intel Core i5
2026-02-11,2026-02-11 09:11:06,laptops,237641,Dell,58990,67000,Unavailable,https://www.vijaysales.com/p/237641/dell-inspiron-15-laptop-13th-gen-intel-core-i5-16gb-ddr4-ram-1tb-ssd-15-6-inch-39-62-cm-fhd-display-intel-uhd-graphics-backlit-keyboard-windows-11-ms-office-oin353034151rins1mo,https://vsprod.vijaysales.com/media/catalog/product/2/3/237641_1_.jpg,5,11.96,Computers and Laptops,Laptops,8.0,512.0,15.6,Intel Core i5
2026-02-11,2026-02-11 09:11:06,laptops,237640,HP,51990,67000,Unavailable,https://www.vijaysales.com/p/237640/hp-15-thin-light-laptop-13th-gen-intel-core-i5-16gb-ddr4-ram-512gb-ssd-15-6-inch-39-62-cm-fhd-display-intel-iris-x-graphics-dual-speakers-backlit-keyboard-windows-11-ms-office-15-fd0492tu,https://vsprod.vijaysales.com/media/catalog/product/2/3/237640_3_.jpg,5,22.4,Computers and Laptops,Laptops,8.0,512.0,15.6,Intel Core i5
2026-02-11,2026-02-11 09:11:06,laptops,237101,Dell,38999,47000,Unavailable,https://www.vijaysales.com/p/237101/dell-inspiron-15-laptop-13th-gen-intel-core-i3-8gb-ddr4-ram-512gb-ssd-15-6-inch-39-62-cm-fhd-display-intel-uhd-graphics-stereo-speakers-windows-11-ms-office-oin353010051rinb1mo,https://vsprod.vijaysales.com/media/catalog/product/2/3/237101_1_.jpg,5,17.02,Computers and Laptops,Laptops,16.0,512.0,15.6,Intel Core i3
2026-02-11,2026-02-11 09:11:06,laptops,236990,Acer,53000,93000,Unavailable,https://www.vijaysales.com/p/236990/store-display-unit-acer-alg-al15g-52-gaming-laptop-12th-gen-intel-core-i5-16gb-ddr4-ram-512gb-ssd-156-inch-396-cm-fhd-display-144hz-4gb-nvidia-geforce-rtx-2050-graphics-bluetooth-52-backlight-keyboard-windows-11-ms-office-un34csi00w,https://vsprod.vijaysales.com/media/catalog/product/2/3/236990_1_.jpg,5,43.01,Computers and Laptops,Gaming Laptops,16.0,512.0,15.6,Intel Core i5
2026-02-11,2026-02-11 09:11:06,laptops,236789,HP,69990,93990,Unavailable,https://www.vijaysales.com/p/236789/hp-victus-13th-gen-gaming-laptop-intel-core-i5-16gb-ddr4-ram-512gb-ssd-nvidia-geforce-rtx-3050-6gb-graphics-15-6-inch-39-62-cm-144-hz-full-hd-display-up-to-8-hours-battery-win-11-ms-office-15-fa1198tx,https://vsprod.vijaysales.com/media/catalog/product/2/3/236789_7_.jpg,4,25.53,Computers and Laptops,Gaming Laptops,8.0,512.0,15.6,Intel Core i5
2026-02-11,2026-02-11 09:11:06,laptops,236452,Dell,34000,48500,Unavailable,https://www.vijaysales.com/p/236452/store-display-unit-dell-vostro-3520-laptop-intel-core-i3-12th-gen-8gb-ram-512gb-ssd-156-inch-3962-cm-fhd-display-intel-uhd-graphics-windows-11-ms-office-vn3520vmn67002org1,https://vsprod.vijaysales.com/media/catalog/product/2/3/236452_1_.jpg,5,29.9,Computers and Laptops,Laptops,8.0,512.0,15.6,Intel Core i3
2026-02-11,2026-02-11 09:11:06,laptops,235844,Dell,78000,85500,Unavailable,https://www.vijaysales.com/p/235844/dell-inspiron-7440-2-in-1-laptop-13th-gen-intel-core-i5-1334u-16gb-ddr5-ram-512gb-ssd-14-inch-35-56-cm-fhd-display-intelr-irisr-xe-graphics-fingerprint-reader-windows-11-ms-office-oic7440134501rinu1,https://vsprod.vijaysales.com/media/catalog/product/2/3/235844_1.jpg,4,8.77,Computers and Laptops,2 in 1 Laptops,16.0,512.0,14.0,Intel Core i5
2026-02-11,2026-02-11 09:11:06,laptops,235736,Acer,76990,106990,Available,https://www.vijaysales.com/p/235736/acer-swift-go-laptop-intel-core-ultra-5-16gb-ram-512-gb-ssd-14-inch-35-56-cm-oled-wuxga-display-intel-arc-graphics-win-11-ms-office-nx-j2bsi-002,https://vsprod.vijaysales.com/media/catalog/product/2/3/235736_1_.jpg,5,28.04,Computers and Laptops,Laptops,16.0,512.0,14.0,Intel Core i5
2026-02-11,2026-02-11 09:11:06,laptops,235666,Dell,85999,105999,Available,https://www.vijaysales.com/p/235666/dell-inspiron-14-laptop-qualcomm-snapdragon-x-plus-16gb-lpddr5x-ram-512gb-ssd-14-inch-35-56-cm-fhd-plus-ips-display-qualcomm-adreno-graphics-win-11-ms-office-oin5441100101ring1,https://vsprod.vijaysales.com/media/catalog/product/2/3/235666_1_.jpg,5,18.87,Computers and Laptops,Laptops,16.0,512.0,14.0,Snapdragon X
2026-02-11,2026-02-11 09:11:06,laptops,235154,Dell,91990,107499,Available,https://www.vijaysales.com/p/235154/dell-g15-gaming-laptop-13th-gen-core-i7-16-gb-ram-1tb-ssd-15-6-inch-39-62cm-nvidia-6gb-graphics-win-11-office-ogn5530112201rin,https://vsprod.vijaysales.com/media/catalog/product/2/3/235154_1.jpg,4,14.43,Computers and Laptops,Gaming Laptops,16.0,512.0,15.6,Snapdragon X
2026-02-11,2026-02-11 09:11:06,laptops,235152,Dell,81999,89499,Unavailable,https://www.vijaysales.com/p/235152/dell-g15-5530-13th-gen-gaming-laptop-intel-core-i5-13450hx-16gb-ddr5-ram-512gb-ssd-nvidia-rtx-3050-6gb-gddr6-15-6-inch-39-62cm-fhd-120hz-display-backlit-keyboard-4-zone-rgb-win-11-ms-office-ogn55301124g01rin-5530,https://vsprod.vijaysales.com/media/catalog/product/2/3/235152_1_.jpg,4,8.38,Computers and Laptops,Gaming Laptops,24.0,512.0,15.6,Intel Core i5
2026-02-11,2026-02-11 09:11:06,laptops,235135,HP,41990,56000,Unavailable,https://www.vijaysales.com/p/235135/hp-15-laptop-amd-ryzen-5-16gb-ram-512gb-ssd-15-6-inch-39-6-cm-fhd-display-amd-radeon-graphics-win-11-15-fc0156au,https://vsprod.vijaysales.com/media/catalog/product/2/3/235135_3_.jpg,4,25.02,Computers and Laptops,Laptops,16.0,512.0,15.6,Ryzen 5
2026-02-11,2026-02-11 09:11:06,laptops,234980,Dell,97990,115000,Available,https://www.vijaysales.com/p/234980/dell-inspiron-14-plus-laptop-intel-core-ultra-7-16gb-ram-1tb-storage-14-inch-35-56-cm-display-intel-arc-graphics-win-11-ms-office-oin74402204a1rinu1-7440,https://vsprod.vijaysales.com/media/catalog/product/2/3/234980_1_.jpg,5,14.79,Computers and Laptops,Laptops,16.0,512.0,14.0,Intel Core i5
2026-02-11,2026-02-11 09:11:06,laptops,234863,Lenovo,32490,45000,Unavailable,https://www.vijaysales.com/p/234863/lenovo-ideapad-3-14iau7-laptop-12th-gen-core-i3-8-gb-ram-512-gb-ssd-14-inches-35-56-cm-display-intel-uhd-graphics-win-11-office-82rj00fhin,https://vsprod.vijaysales.com/media/catalog/product/2/3/234863.jpg,5,27.8,Computers and Laptops,Laptops,8.0,512.0,14.0,Intel Core i5
2026-02-11,2026-02-11 09:11:06,laptops,234861,HP,32000,45000,Unavailable,https://www.vijaysales.com/p/234861/hp-14-laptop-amd-ryzen-3-8gb-ram-512-ssd-14-inch-35-6-cm-fhd-display-thin-light-amd-radeon-graphics-win-11-ms-office-14-em0025au,https://vsprod.vijaysales.com/media/catalog/product/2/3/234861.jpg,4,28.89,Computers and Laptops,Laptops,8.0,512.0,14.0,Ryzen 3
2026-02-11,2026-02-11 09:11:06,laptops,234770,Dell,93990,130000,Unavailable,https://www.vijaysales.com/p/234770/dell-g15-5530-gaming-laptop-13th-gen-intel-core-i7-13650hx-16gb-ddr5-ram-1tb-ssd-15-6-inch-39-62-cm-fhd-display-6gb-nvidia-geforce-rtx-3050-graphics-windows-11-ms-office-ogn55301123g01rin,https://vsprod.vijaysales.com/media/catalog/product/2/3/234770_1.jpg,4,27.7,Computers and Laptops,Gaming Laptops,16.0,512.0,15.6,Intel Core i7
2026-02-11,2026-02-11 09:11:06,laptops,234768,Dell,79990,112000,Unavailable,https://www.vijaysales.com/p/234768/dell-inspiron-laptop-intel-core-ultra-5-14th-gen-16gb-ram-512gb-ssd-13-3-inch-qhd-plus-display-intel-arc-graphics-win-11-ms-office-in5330nt1nm001ors1-5330,https://vsprod.vijaysales.com/media/catalog/product/2/3/234768_1_.jpg,4,28.58,Computers and Laptops,Laptops,16.0,512.0,13.3,Intel Core i5
2026-02-11,2026-02-11 09:11:06,laptops,234754,Dell,62999,70000,Available,https://www.vijaysales.com/p/234754/dell-inspiron-5430-13th-gen-laptop-intel-core-i5-1335u-8gb-lpddr5-ram-512gb-ssd-14-inch-35-56-cm-fhd-display-intel-iris-xe-graphics-win-11-ms-office-in5430fr0kc001ors1-5430,https://vsprod.vijaysales.com/media/catalog/product/2/3/234754_1_.jpg,4,10.0,Computers and Laptops,Laptops,16.0,512.0,14.0,Intel Core i5
2026-02-11,2026-02-11 09:11:06,laptops,232252,Acer,80990,106999,Unavailable,https://www.vijaysales.com/p/232252/acer-nitro-v-anv15-41-gaming-laptop-amd-ryzen-7-16gb-ram-512gb-ssd-15-6-inch-39-6-cm-full-hd-display-nvidia-geforce-rtxtm-4050-6gb-graphics-windows-11-ms-office-un-qpesi-002,https://vsprod.vijaysales.com/media/catalog/product/2/3/232252_1_.jpg,5,24.31,Computers and Laptops,Gaming Laptops,16.0,512.0,15.6,Ryzen 7
2026-02-11,2026-02-11 09:11:06,laptops,232251,Acer,67000,94999,Unavailable,https://www.vijaysales.com/p/232251/acer-nitro-v-anv15-41-gaming-laptop-amd-ryzen-7-16gb-ram-512gb-ssd-15-6-inch-39-6-cm-144-hz-full-hd-display-nvidia-geforce-rtx-3050-6gb-graphics-windows-11-ms-office-un-qpfsi-007,https://vsprod.vijaysales.com/media/catalog/product/2/3/232251_1_.jpg,5,29.47,Computers and Laptops,Gaming Laptops,16.0,512.0,15.6,Ryzen 7
2026-02-11,2026-02-11 09:11:06,laptops,232012,Dell,59999,66999,Available,https://www.vijaysales.com/p/232012/store-display-unit-dell-inspiron-3530-thin-and-light-laptop-13th-gen-intel-core-i5-16gb-ram-512gb-ssd-156-inch-intel-uhd-graphics-win-11-office-oin353034071rins1m,https://vsprod.vijaysales.com/media/catalog/product/2/3/232012-image.jpg,4,10.45,Computers and Laptops,Laptops,16.0,512.0,15.6,Intel Core i5
2026-02-11,2026-02-11 09:11:06,laptops,232011,Dell,68499,69990,Available,https://www.vijaysales.com/p/232011/dell-inspiron-14-laptop-core-3-processor-8gb-ram-512gb-ssd-14-inch-35-56-cm-touchscreen-intel-graphics-win-11-ms-office,https://vsprod.vijaysales.com/media/catalog/product/2/3/232011-image.jpg,5,2.13,Computers and Laptops,Laptops,8.0,512.0,14.0,Apple M3
2026-02-11,2026-02-11 09:11:06,laptops,231566,Asus,37990,57990,Unavailable,https://www.vijaysales.com/p/231566/asus-vivobook-15-13th-gen-core-i3-8gb-ram-512gb-ssd-15-6-inch-39-62-cm-intel-uhd-graphics-win-11-ms-office-x1504va-nj320ws,https://vsprod.vijaysales.com/media/catalog/product/2/3/235166n.jpg,5,34.49,Computers and Laptops,Laptops,8.0,512.0,15.6,Ryzen 7
2026-02-11,2026-02-11 09:11:06,laptops,231498,Dell,116499,119990,Available,https://www.vijaysales.com/p/231498/dell-inspiron-14-plus-laptop-with-snapdragon-x-plus-16gb-ram-512gb-ssd-qualcomm-adreno-gpu-14-inch-35-56-cm-qhd-plus-ips-display-ice-blue,https://vsprod.vijaysales.com/media/catalog/product/2/3/231498_2_.jpg,5,2.91,Computers and Laptops,Laptops,16.0,512.0,14.0,Snapdragon X
2026-02-11,2026-02-11 09:11:06,laptops,231497,Dell,42999,45000,Unavailable,https://www.vijaysales.com/p/231497/store-display-unit-dell-inspiron-15-laptop-amd-ryzen-5-7520u-8-gb-ram-512-gb-ssd-156-inch-fhd-3962cm-display-ideal-for-students-perfect-for-learning-and-productivity-carbon-black,https://vsprod.vijaysales.com/media/catalog/product/2/3/231497-image.jpg,4,4.45,Computers and Laptops,Laptops,8.0,512.0,15.6,Ryzen 5
2026-02-11,2026-02-11 09:11:06,laptops,231166,HP,62990,81800,Unavailable,https://www.vijaysales.com/p/231166/hp-laptop-14-ai-laptop-intel-core-ultra-5-125h-16gb-ram-512gb-ssd-14-inch-35-6-cm-intel-arc-graphics-backlit-kb-win-11-silver-gr1022tu,https://vsprod.vijaysales.com/media/catalog/product/2/3/231166_2_.jpg,5,23.0,Computers and Laptops,Laptops,16.0,512.0,14.0,Apple M4
2026-02-11,2026-02-11 09:11:06,laptops,231092,Microsoft,189990,194999,Unavailable,https://www.vijaysales.com/p/231092/microsoft-surface-pro-laptop-11-snapdragon-x-elite-12-core-16gb-ram-1tb-ssd-13-inch-33-02-cm-qualcomm-adreno-graphics-win-11-zib-00031,https://vsprod.vijaysales.com/media/catalog/product/2/3/231092.jpg,5,2.57,Computers and Laptops,2 in 1 Laptops,16.0,512.0,13.0,Snapdragon X
2026-02-11,2026-02-11 09:11:06,laptops,231091,Microsoft,169990,173999,Unavailable,https://www.vijaysales.com/p/231091/microsoft-surface-pro-laptop-11-snapdragon-x-elite-12-core-16gb-ram-512gb-ssd-13-inch-33-02-cm-qualcomm-adreno-graphics-win-11-zia-00031,https://vsprod.vijaysales.com/media/catalog/product/2/3/231092_1.jpg,5,2.3,Computers and Laptops,2 in 1 Laptops,16.0,512.0,13.0,Snapdragon X
2026-02-11,2026-02-11 09:11:06,laptops,231090,Microsoft,161990,173999,Available,https://www.vijaysales.com/p/231090/microsoft-surface-pro-laptop-11-snapdragon-x-elite-12-core-16gb-ram-512gb-ssd-13-inch-33-02-cm-qualcomm-adreno-graphics-win-11-zia-00014,https://vsprod.vijaysales.com/media/catalog/product/2/3/231093_1.jpg,5,6.9,Computers and Laptops,2 in 1 Laptops,16.0,512.0,13.0,Snapdragon X
2026-02-11,2026-02-11 09:11:06,laptops,231089,Microsoft,130990,140999,Available,https://www.vijaysales.com/p/231089/microsoft-surface-pro-laptop-11-snapdragon-x-plus-10-core-16gb-ram-512gb-ssd-13-inch-33-02-cm-qualcomm-adreno-graphics-win-11-zhy-00032,https://vsprod.vijaysales.com/media/catalog/product/2/3/231092_2.jpg,4,7.1,Computers and Laptops,2 in 1 Laptops,16.0,512.0,13.0,Snapdragon X
2026-02-11,2026-02-11 09:11:06,laptops,231088,Microsoft,130990,140999,Available,https://www.vijaysales.com/p/231088/microsoft-surface-pro-laptop-11-snapdragon-x-plus-10-core-16gb-ram-512gb-ssd-13-inch-33-02-cm-qualcomm-adreno-graphics-win-11-zhy-00014,https://vsprod.vijaysales.com/media/catalog/product/2/3/231093_2.jpg,4,7.1,Computers and Laptops,2 in 1 Laptops,16.0,512.0,13.0,Snapdragon X
2026-02-11,2026-02-11 09:11:06,laptops,231087,Microsoft,112990,121999,Available,https://www.vijaysales.com/p/231087/microsoft-surface-pro-laptop-11-snapdragon-x-plus-10-core-16gb-ram-256gb-ssd-13-inch-33-02-cm-qualcomm-adreno-graphics-win-11-zhx-00014,https://vsprod.vijaysales.com/media/catalog/product/2/3/231093_3.jpg,4,7.38,Computers and Laptops,2 in 1 Laptops,16.0,256.0,13.0,Snapdragon X
2026-02-11,2026-02-11 09:11:06,laptops,230998,Dell,30000,42000,Unavailable,https://www.vijaysales.com/p/230998/store-display-unit-dell-inspiron-15-laptop-intel-core-i3-12th-gen-8gb-ddr4-ram-512gb-ssd-156-inch-3962-cm-display-intel-uhd-graphics-win-11-ms-office-oin352010021rinb1m3520,https://vsprod.vijaysales.com/media/catalog/product/2/3/230998_3__2.jpg,4,28.57,Computers and Laptops,Laptops,16.0,512.0,15.6,Intel Core i3
2026-02-11,2026-02-11 09:11:06,laptops,230814,HP,70999,89000,Unavailable,https://www.vijaysales.com/p/230814/hp-pavilion-16-laptop-intel-core-ultra-5-processor-16gb-ram-512gb-ssd-40-6-cm-16-diagonal-wuxga-display-1080p-fhd-windows-11-home-natural-silver,https://vsprod.vijaysales.com/media/catalog/product/2/3/230814_13_.jpg,4,20.23,Computers and Laptops,Laptops,16.0,512.0,13.3,Intel Core i5
2026-02-11,2026-02-11 09:11:06,laptops,230559,Dell,53999,65100,Unavailable,https://www.vijaysales.com/p/230559/dell-inspiron-15-laptop-12th-gen-core-i5-8gb-ram-512gb-ssd-15-6-inch-intel-uhd-graphics-win11-full-hd-display-10031rins1m,https://vsprod.vijaysales.com/media/catalog/product/2/3/230559-image.jpg,5,17.05,Computers and Laptops,Laptops,8.0,512.0,15.6,Ryzen 7
2026-02-11,2026-02-11 09:11:06,laptops,230453,Dell,97990,129352,Available,https://www.vijaysales.com/p/230453/dell-inspiron-14-plus-laptop-intel-core-ultra-7-16gb-ram-1tb-ssd-14-inch-35-56-cm-intel-arc-graphics-win-11-ms-office-oin7440220401rinu1,https://vsprod.vijaysales.com/media/catalog/product/3/0/306649_0_pmgimj_4.jpg,4,24.25,Computers and Laptops,Laptops,16.0,512.0,14.0,Ryzen 3
2026-02-11,2026-02-11 09:11:06,laptops,230212,Asus,48990,72990,Unavailable,https://www.vijaysales.com/p/230212/asus-vivobook-16-12th-gen-core-i5-16gb-ram-512gb-ssd-16inch-40-64-cm-intel-iris-xe-graphics-win-11-ms-office-x1605zac-mb540ws,https://vsprod.vijaysales.com/media/catalog/product/2/3/230212n.jpg,5,32.88,Computers and Laptops,Laptops,16.0,512.0,16.0,Ryzen 5
2026-02-11,2026-02-11 09:11:06,laptops,229741,Asus,113990,143990,Unavailable,https://www.vijaysales.com/p/229741/asus-rog-strix-g16-intel-core-i7-16gb-ram-1tb-ssd-16-inch-40-64-cm-fhd-display-6gb-rtx-4050-graphics-windows-11-ms-office-g614ju-n3200w,https://vsprod.vijaysales.com/media/catalog/product/2/2/229741-image1.jpg,5,20.83,Computers and Laptops,Gaming Laptops,16.0,512.0,16.0,Intel Core i7
2026-02-11,2026-02-11 09:11:06,laptops,228908,HP,82000,110000,Unavailable,https://www.vijaysales.com/p/228908/hp-envy-x360-2-in-1-laptop-intel-core-ultra-5-16gb-ram-512gb-ssd-14-inch-35-6-cm-wuxga-display-intel-graphics-windows-11-14-fc0123tu,https://vsprod.vijaysales.com/media/catalog/product/2/2/228908-image1.jpg,4,25.45,Computers and Laptops,Convertible Laptops,16.0,512.0,14.0,Ryzen 5
2026-02-11,2026-02-11 09:11:06,laptops,228905,HP,72990,96000,Unavailable,https://www.vijaysales.com/p/228905/hp-victus-gaming-laptop-13th-gen-core-i5-16gb-ram-512gb-ssd-15-6-inch-39-62-cm-display-8gb-rtx-4050-graphics-win-11-ms-office-15-fa1279tx,https://vsprod.vijaysales.com/media/catalog/product/2/2/228905-image1.jpg,5,23.97,Computers and Laptops,Gaming Laptops,16.0,512.0,15.6,Ryzen 7
2026-02-11,2026-02-11 09:11:06,laptops,227820,Lenovo,51000,91990,Unavailable,https://www.vijaysales.com/p/227820/lenovo-loq-15iax9-gaming-laptop-12th-gen-core-i5-12gb-ram-512gb-ssd-15-6-inch-39-62-cm-4gb-rtx-2050-graphics-win-11-ms-office-83gs008bin,https://vsprod.vijaysales.com/media/catalog/product/2/2/227820-image1_1.jpg,5,44.56,Computers and Laptops,Gaming Laptops,12.0,512.0,15.6,Intel Core i3
2026-02-11,2026-02-11 09:11:06,laptops,227556,Dell,67500,77000,Unavailable,https://www.vijaysales.com/p/227556/dell-inspiron-15-laptop-13th-gen-core-i7-16gb-ram-512gb-ssd-15-6-inch-39-62-cm-intel-iris-xe-graphics-win-11-ms-office-oin353010031rins1m,https://vsprod.vijaysales.com/media/catalog/product/2/2/227556-image1.jpg,5,12.34,Computers and Laptops,Laptops,16.0,512.0,15.6,Intel Core i7
2026-02-11,2026-02-11 09:11:06,laptops,227550,HP,95999,119000,Unavailable,https://www.vijaysales.com/p/227550/hp-envy-x360-2-in-1-laptop-intel-core-ultra-5-16gb-ram-512gb-ssd-14-inch-35-6-cm-oled-display-intel-graphics-windows-11-14-fc0078tu,https://vsprod.vijaysales.com/media/catalog/product/i/m/image_1.jpg,5,19.33,Computers and Laptops,Convertible Laptops,16.0,512.0,14.0,Snapdragon X
2026-02-11,2026-02-11 09:11:06,laptops,227514,Acer,73000,109990,Available,https://www.vijaysales.com/p/227514/acer-swift-go-14-intel-core-ultra-5-16gb-ram-512gb-ssd-14-inch-35-56-cm-oled-display-intel-arc-graphics-windows-11-nx-ksgsi-001,https://vsprod.vijaysales.com/media/catalog/product/2/2/227514-image1_1.jpg,4,33.63,Computers and Laptops,Laptops,16.0,512.0,14.0,Ryzen 5
2026-02-11,2026-02-11 09:11:06,laptops,227333,HP,69999,82900,Available,https://www.vijaysales.com/p/227333/hp-pavilion-plus-laptop-13th-gen-core-i5-16-gb-ram-512-gb-ssd-14-inch-35-56-cm-intel-iris-xe-graphics-win-11-14-ew0116tu,https://vsprod.vijaysales.com/media/catalog/product/2/2/227333-image1_2.jpg,5,15.56,Computers and Laptops,Laptops,16.0,512.0,14.0,Ryzen 5
2026-02-11,2026-02-11 09:11:06,laptops,225704,Acer,44000,67990,Available,https://www.vijaysales.com/p/225704/store-display-unit-acer-aspire-lite-15-52-laptop-12th-gen-core-i5-16gb-ram-512gb-ssd-intel-iris-xe-graphics-windows-11-un431si343,https://vsprod.vijaysales.com/media/catalog/product/2/2/225704-image1_1.jpg,4,35.28,Computers and Laptops,Laptops,16.0,512.0,15.6,Apple M3
2026-02-11,2026-02-11 09:11:06,laptops,225491,HP,158999,185000,Available,https://www.vijaysales.com/p/225491/hp-spectre-x360-2-in1-laptop-intel-core-ultra-7-32gb-ram-1tb-ssd-14-inch-35-6-cm-display-intel-arc-graphics-win-11-office-14-eu0556tu,https://vsprod.vijaysales.com/media/catalog/product/2/2/225491-image1_1.jpg,4,14.05,Computers and Laptops,Convertible Laptops,32.0,512.0,14.0,Intel Core i5
2026-02-11,2026-02-11 09:11:06,laptops,225311,Acer,62000,92990,Available,https://www.vijaysales.com/p/225311/acer-nitro-v-gaming-laptop-13th-gen-core-i5-16gb-ram-512gb-ssd-15-6-39-62-cm-nvidia-geforce-rtx-3050-graphics-win-11-msoffice-unqn9si003,https://vsprod.vijaysales.com/media/catalog/product/2/2/225311-image1_1.jpg,5,33.33,Computers and Laptops,Gaming Laptops,16.0,512.0,27.0,Apple M4
2026-02-11,2026-02-11 09:11:06,laptops,220211,HP,63990,90486,Unavailable,https://www.vijaysales.com/p/220211/hp-pavilion-x360-2-in-1-13th-gen-core-i5-16-gb-512-gb-ssd-14-inch-35-6-cm-intel-uhd-graphics-windows-11-ms-office-14-ek1074tu,https://vsprod.vijaysales.com/media/catalog/product/2/2/220211-image1.jpg,5,29.28,Computers and Laptops,Convertible Laptops,8.0,512.0,14.0,Intel Core i3
2026-02-11,2026-02-11 09:11:06,laptops,219825,Lenovo,59999,100690,Unavailable,https://www.vijaysales.com/p/219825/lenovo-ideapad-slim-5-14irl8-13th-gen-core-i5-16-gb-512-gb-ssd-14-inch-35-56-cm-intel-uhd-graphics-windows-11-ms-office-82xd003pin,https://vsprod.vijaysales.com/media/catalog/product/2/1/219825-image1_1.jpg,5,40.41,Computers and Laptops,Laptops,16.0,512.0,14.0,Intel Core i5
2026-02-11,2026-02-11 09:11:06,laptops,218313,HP,59490,84834,Unavailable,https://www.vijaysales.com/p/218313/hp-pavilion-15-eg3081tu-laptop-13th-gen-intel-core-i5-16-gb-ram-512-gb-ssd-15-6-inch-39-6-cm-display-intel-iris-xe-graphics-win-11-office,https://vsprod.vijaysales.com/media/catalog/product/2/1/218313-image1_1.jpg,4,29.87,Computers and Laptops,Laptops,16.0,512.0,15.6,Intel Core i5
2026-02-11,2026-02-11 09:11:06,laptops,218180,HP,62999,108000,Unavailable,https://www.vijaysales.com/p/218180/hp-victus-gaming-laptop-15-fa0998tx-12th-gen-core-i5-16gb-ram-512-gb-ssd-15-6-inch-39-62-cm-display-4-gb-rtx-graphics-win-11-office,https://vsprod.vijaysales.com/media/catalog/product/2/1/218180-image1_1.jpg,5,41.67,Computers and Laptops,Gaming Laptops,16.0,512.0,15.6,Intel Core i5
2026-02-11,2026-02-11 09:11:06,laptops,204097,HP,42000,68000,Unavailable,https://www.vijaysales.com/p/204097/hp-15s-fr5007tu-laptop-12th-gen-intel-core-i5-8-gb-ram-512-gb-ssd-15-6-inch-39-6-cm-display-intel-iris-xe-graphic-win-11-mso,https://vsprod.vijaysales.com/media/catalog/product/2/0/204097-image1_2.jpg,5,38.24,Computers and Laptops,Laptops,8.0,512.0,15.6,Intel Core i5
2026-02-11,2026-02-11 09:11:06,laptops,203152,TP-Link,599,899,Available,https://www.vijaysales.com/p/203152/tp-link-ub500-bluetooth-5-0-nano-usb-adapter-works-with-win-7-win-8-1-and-win-10,https://vsprod.vijaysales.com/media/catalog/product/2/0/203152-image1.jpg,5,33.37,Computers and Laptops,Wireless USB Adapters,16.0,512.0,13.3,Intel Core i5
2026-02-11,2026-02-11 09:11:06,laptops,226924,HP,52999,63000,Unavailable,https://www.vijaysales.com/p/226924/hp-all-in-one-desktop-13th-gen-core-i3-8gb-ram-512gb-ssd-27-inch-68-6-cm-intel-uhd-graphics-windows-11-ms-office-27cr0345in,https://vsprod.vijaysales.com/media/catalog/product/2/2/226924-image1_1.jpg,5,15.87,Computers and Laptops,Desktop,8.0,512.0,27.0,Apple M3
2026-02-11,2026-02-11 09:11:06,laptops,225382,Lenovo,63999,83000,Unavailable,https://www.vijaysales.com/p/225382/lenovo-idea-centre-all-in-one-f0gj00qpin-desktop-16gb-ram-1tb-ssd-27-inch-68-58-cm-fhd-ips-display-intel-uhd-graphics-windows-11,https://vsprod.vijaysales.com/media/catalog/product/2/2/225382-image1_1.jpg,4,22.89,Computers and Laptops,Desktop,16.0,512.0,27.0,Intel Core i3
2026-02-11,2026-02-11 09:11:06,laptops,220804,Lenovo,47499,64000,Unavailable,https://www.vijaysales.com/p/220804/lenovo-idea-centre-all-in-one-f0gj00c2in-desktop-8gb-ram-512-ssd-27-inch-68-58-cm-fhd-display-intel-uhd-graphics-windows-11,https://vsprod.vijaysales.com/media/catalog/product/2/2/220804_1_.jpg,5,25.78,Computers and Laptops,Desktop,8.0,512.0,27.0,Ryzen 7
2026-02-11,2026-02-11 09:11:06,laptops,235461,Apple,56900,59900,Unavailable,https://www.vijaysales.com/p/P235461/235461/apple-mu9d3hna-mac-mini-apple-m4-chip-10-core-cpu-10-core-gpu-16gb-ram-256gb-ssd-macos,https://vsprod.vijaysales.com/media/catalog/product/p/r/product_size_template_3__1.jpg,4,5.01,Computers and Laptops,iMac,16.0,256.0,13.6,Apple M4
2026-02-11,2026-02-11 09:11:06,laptops,235462,Apple,75900,79900,Unavailable,https://www.vijaysales.com/p/P235461/235462/apple-mu9e3hn-a-mac-mini-apple-m4-chip-10-core-cpu-10-core-gpu-16gb-ram-512gb-ssd-macos,https://vsprod.vijaysales.com/media/catalog/product/p/r/product_size_template_3_.jpg,4,5.01,Computers and Laptops,iMac,16.0,512.0,15.6,Apple M4
2026-02-11,2026-02-11 09:11:06,laptops,235522,Apple,56900,59900,Unavailable,https://www.vijaysales.com/p/235522/store-display-unit-apple-mu9e3hna-mac-mini-apple-m4-chip-10-core-cpu-10-core-gpu-16gb-ram-256gb-ssd-macos-1-year-onsite-go-warranty,https://vsprod.vijaysales.com/media/catalog/product/p/r/product_size_template_3__1_2.jpg,4,5.01,Computers and Laptops,iMac,16.0,256.0,15.6,Apple M4
2026-02-11,2026-02-11 09:11:06,laptops,235460,Apple,94900,99900,Unavailable,https://www.vijaysales.com/p/235460/apple-mu9e3hn-a-mac-mini-apple-m4-chip-10-core-cpu-10-core-gpu-24gb-ram-512gb-ssd-macos,https://vsprod.vijaysales.com/media/catalog/product/p/r/product_size_template_3__2.jpg,5,5.01,Computers and Laptops,iMac,24.0,512.0,16.0,Apple M4
2026-02-11,2026-02-11 09:11:06,laptops,235437,Apple,147000,154900,Available,https://www.vijaysales.com/p/235437/store-display-unit-apple-imac-10-core-apple-m4-chip-4-ports-16-gb-ram-256-gb-ssd-60-96-cm-24-inch-display-macos-mwv13hn-a-1-year-onsite-go-warranty,https://vsprod.vijaysales.com/media/catalog/product/2/3/235437_1.jpeg,5,5.1,Computers and Laptops,iMac,16.0,256.0,24.0,Apple M4
2026-02-11,2026-02-11 09:11:06,laptops,235433,Apple,139490,154900,Unavailable,https://www.vijaysales.com/p/235433/apple-imac-apple-m4-chip-10-core-cpu-16gb-ram-256gb-ssd-24-inch-60-96-cm-4-5k-retina-display-10-core-gpu-macos-blue,https://vsprod.vijaysales.com/media/catalog/product/2/3/235433_1_.jpg,4,9.95,Computers and Laptops,iMac,16.0,256.0,13.0,Apple M4
2026-02-11,2026-02-11 09:11:06,laptops,230869,Apple,99990,154900,Unavailable,https://www.vijaysales.com/p/230869/store-display-unit-apple-imac-8-core-apple-m3-chip-8-gb-ram-256-gb-ssd-24-inch-60-96-cm-display-10-core-gpu-macos-mqrq3hn-a-1-year-onsite-go-warranty,https://vsprod.vijaysales.com/media/catalog/product/2/3/230869n1.jpg,4,35.45,Computers and Laptops,iMac,8.0,256.0,15.6,Apple M3
2026-02-11,2026-02-11 09:11:06,laptops,222927,Apple,174900,174900,Unavailable,https://www.vijaysales.com/p/222927/apple-imac-apple-m3-chip-8-core-cpu-8gb-ram-512gb-ssd-24-inch-60-96-cm-4-5k-retina-display-10-core-gpu-macos-pink,https://vsprod.vijaysales.com/media/catalog/product/2/2/222927-image1_1.jpg,4,0.0,Computers and Laptops,iMac,8.0,512.0,15.3,Apple M3
2026-02-11,2026-02-11 09:11:06,laptops,222926,Apple,166890,174900,Unavailable,https://www.vijaysales.com/p/222926/apple-imac-apple-m3-chip-8-core-cpu-8gb-ram-512gb-ssd-24-inch-60-96-cm-4-5k-retina-display-10-core-gpu-macos-blue,https://vsprod.vijaysales.com/media/catalog/product/2/2/222926-image1_1.jpg,5,4.58,Computers and Laptops,iMac,8.0,512.0,15.6,Apple M3
2026-02-11,2026-02-11 09:11:06,laptops,222925,Apple,174900,174900,Unavailable,https://www.vijaysales.com/p/222925/apple-imac-apple-m3-chip-8-core-cpu-8gb-ram-512gb-ssd-24-inch-60-96-cm-4-5k-retina-display-10-core-gpu-macos-green,https://vsprod.vijaysales.com/media/catalog/product/2/2/222925-image1_1.jpg,4,0.0,Computers and Laptops,iMac,8.0,512.0,14.0,Apple M3
2026-02-11,2026-02-11 09:11:06,laptops,222924,Apple,167990,174900,Unavailable,https://www.vijaysales.com/p/222924/apple-imac-apple-m3-chip-8-core-cpu-8gb-ram-512gb-ssd-24-inch-60-96-cm-4-5k-retina-display-10-core-gpu-macos-silver,https://vsprod.vijaysales.com/media/catalog/product/2/2/222924-image1_1.jpg,4,3.95,Computers and Laptops,iMac,8.0,512.0,15.6,Apple M3
2026-02-11,2026-02-11 09:11:06,laptops,222923,Apple,154900,154900,Unavailable,https://www.vijaysales.com/p/222923/apple-imac-apple-m3-chip-8-core-cpu-8gb-ram-256gb-ssd-24-inch-60-96-cm-4-5k-retina-display-10-core-gpu-macos-pink,https://vsprod.vijaysales.com/media/catalog/product/2/2/222923-image1_1.jpg,4,0.0,Computers and Laptops,iMac,8.0,256.0,15.6,Apple M3
2026-02-11,2026-02-11 09:11:06,laptops,222922,Apple,120000,154900,Unavailable,https://www.vijaysales.com/p/222922/apple-imac-apple-m3-chip-8-core-cpu-8gb-ram-256gb-ssd-24-inch-60-96-cm-4-5k-retina-display-10-core-gpu-macos-blue,https://vsprod.vijaysales.com/media/catalog/product/2/2/222922-image1_1.jpg,4,22.53,Computers and Laptops,iMac,8.0,256.0,13.8,Apple M3
2026-02-11,2026-02-11 09:11:06,laptops,222921,Apple,154900,154900,Unavailable,https://www.vijaysales.com/p/222921/apple-imac-apple-m3-chip-8-core-cpu-8gb-ram-256gb-ssd-24-inch-60-96-cm-4-5k-retina-display-10-core-gpu-macos-green,https://vsprod.vijaysales.com/media/catalog/product/2/2/222921-image1_1.jpg,4,0.0,Computers and Laptops,iMac,8.0,256.0,15.6,Apple M3
2026-02-11,2026-02-11 09:11:06,laptops,222920,Apple,139990,154900,Unavailable,https://www.vijaysales.com/p/222920/apple-imac-apple-m3-chip-8-core-cpu-8gb-ram-256gb-ssd-24-inch-60-96-cm-4-5k-retina-display-10-core-gpu-macos-silver,https://vsprod.vijaysales.com/media/catalog/product/2/2/222920-image1_1.jpg,5,9.63,Computers and Laptops,iMac,8.0,256.0,16.0,Apple M3
2026-02-11,2026-02-11 09:11:06,laptops,222919,Apple,134900,134900,Unavailable,https://www.vijaysales.com/p/222919/apple-imac-apple-m3-chip-8-core-cpu-8gb-ram-256gb-ssd-24-inch-60-96-cm-4-5k-retina-display-8-core-gpu-macos-pink,https://vsprod.vijaysales.com/media/catalog/product/2/2/222919-image1_1.jpg,4,0.0,Computers and Laptops,iMac,8.0,256.0,15.6,Apple M3
2026-02-11,2026-02-11 09:11:06,laptops,222918,Apple,134900,134900,Unavailable,https://www.vijaysales.com/p/222918/apple-imac-apple-m3-chip-8-core-cpu-8gb-ram-256gb-ssd-24-inch-60-96-cm-4-5k-retina-display-8-core-gpu-macos-blue,https://vsprod.vijaysales.com/media/catalog/product/2/2/222918-image1_1.jpg,5,0.0,Computers and Laptops,iMac,8.0,256.0,14.0,Apple M3
2026-02-11,2026-02-11 09:11:06,laptops,222917,Apple,134900,134900,Unavailable,https://www.vijaysales.com/p/222917/apple-imac-apple-m3-chip-8-core-cpu-8gb-ram-256gb-ssd-24-inch-60-96-cm-4-5k-retina-display-8-core-gpu-macos-green,https://vsprod.vijaysales.com/media/catalog/product/2/2/222917-image1_1.jpg,4,0.0,Computers and Laptops,iMac,8.0,256.0,16.0,Apple M3
2026-02-11,2026-02-11 09:11:06,laptops,222916,Apple,110000,134900,Unavailable,https://www.vijaysales.com/p/222916/apple-imac-apple-m3-chip-8-core-cpu-8gb-ram-256gb-ssd-24-inch-60-96-cm-4-5k-retina-display-8-core-gpu-macos-silver,https://vsprod.vijaysales.com/media/catalog/product/2/2/222916-image1_1.jpg,5,18.46,Computers and Laptops,iMac,8.0,256.0,14.0,Apple M3
2026-02-11,2026-02-11 09:11:06,laptops,214105,Apple,74990,139900,Unavailable,https://www.vijaysales.com/p/214105/store-display-unit-apple-imac-24-mgpk3hna-apple-m1-chip-8-core-cpu-8gb-ram-256gb-ssd-24-inch-6096-cm-45k-retina-display-8-core-gpu-macos,https://vsprod.vijaysales.com/media/catalog/product/1/8/184533-1_1__1.jpg,5,46.4,Computers and Laptops,iMac,8.0,256.0,15.6,Apple M1
2026-02-11,2026-02-11 09:11:06,laptops,184533,Apple,74990,139900,Available,https://www.vijaysales.com/p/184533/store-display-unit-apple-imac-24-mgpk3hn-a-apple-m1-chip-8-core-cpu-8gb-ram-256gb-ssd-24-inch-60-96-cm-4-5k-retina-display-8-core-gpu-macos,https://vsprod.vijaysales.com/media/catalog/product/1/8/184533-1_1_.jpg,4,46.4,Computers and Laptops,iMac,8.0,256.0,14.2,Apple M1
2026-02-11,2026-02-11 09:11:06,laptops,173007,Apple,64990,119900,Unavailable,https://www.vijaysales.com/p/173007/store-display-unit-apple-imac-8th-gen-intel-core-i3-8-gb-ram-256-gb-ssd-21-5-inch-retina-4k-display-2gb-radeon-pro-555x-graphics-macos-mhk23hn-a-1-year-onsite-go-warranty,https://vsprod.vijaysales.com/media/catalog/product/1/7/173007_1.jpg,5,45.8,Computers and Laptops,iMac,8.0,256.0,15.0,Intel Core i3
2026-02-11,2026-02-11 09:11:06,laptops,237445,TP-Link,499,999,Available,https://www.vijaysales.com/p/237445/tp-link-tl-wn725n-150-mbps-wireless-nano-usb-adapter-black,https://vsprod.vijaysales.com/media/catalog/product/2/3/237445_1_.jpg,5,50.05,Computers and Laptops,Wireless USB Adapters,48.0,512.0,15.6,Intel Core i5
2026-02-11,2026-02-11 09:11:06,laptops,225512,EDIFIER,5490,8490,Unavailable,https://www.vijaysales.com/p/P223156/225512/edifier-r33bt-active-bluetooth-computer-speakers-with-10w-rms-output-aux-bluetooth-connectivity-easy-controls-black,https://vsprod.vijaysales.com/media/catalog/product/2/2/225512-image1_1.jpg,5,35.34,Headphones and Speakers,Portable Speakers,8.0,512.0,16.2,Ryzen 3
2026-02-11,2026-02-11 09:11:06,laptops,238594,Apple,94990,99900,Available,https://www.vijaysales.com/p/P238593/238594/apple-macbook-air-m4-chip-13-inch-34-46-cm-13-6-16gb-256gb-skyblue-mc6t4hn-a,https://vsprod.vijaysales.com/media/catalog/product/2/3/238594_1_.jpg,5,4.91,Computers and Laptops,MacBook,16.0,512.0,13.6,Apple M3
2026-02-11,2026-02-11 09:11:06,laptops,238593,Apple,94990,99900,Available,https://www.vijaysales.com/p/P238593/238593/apple-macbook-air-m4-chip-13-inch-34-46-cm-13-6-16gb-256gb-midnight-mw123hn-a,https://vsprod.vijaysales.com/media/catalog/product/2/3/238593_1_.jpg,4,4.91,Computers and Laptops,MacBook,16.0,512.0,13.6,Ryzen 7
2026-02-11,2026-02-11 09:11:06,laptops,238592,Apple,94990,99900,Available,https://www.vijaysales.com/p/P238593/238592/apple-macbook-air-m4-chip-13-inch-34-46-cm-13-6-16gb-256gb-starlight-mw0y3hn-a,https://vsprod.vijaysales.com/media/catalog/product/2/3/238592_1_.jpg,4,4.91,Computers and Laptops,MacBook,16.0,512.0,13.6,Intel Core i5
2026-02-11,2026-02-11 09:11:06,laptops,246902,Apple,161990,169900,Available,https://www.vijaysales.com/p/P246899/246902/apple-macbook-pro-m5-chip-16gb-ram-512gb-ssd-14-inch-35-56-cm-liquid-retina-xdr-display-10-core-cpu-10-core-gpu-macos-silver-mde44hn-a,https://vsprod.vijaysales.com/media/catalog/product/m/a/macbook_pro_14-in_m5_silver_pdp_image_position_1__en-in_1.jpg,4,4.66,Computers and Laptops,MacBook,16.0,512.0,14.0,Ryzen 3
2026-02-11,2026-02-11 09:11:06,laptops,238591,Apple,94990,99900,Available,https://www.vijaysales.com/p/P238593/238591/apple-macbook-air-m4-chip-13-inch-34-46-cm-13-6-16gb-256gb-silver-mw0w3hn-a,https://vsprod.vijaysales.com/media/catalog/product/2/3/238591_1_.jpg,5,4.91,Computers and Laptops,MacBook,16.0,512.0,13.6,Ryzen 9
2026-02-11,2026-02-11 09:11:06,laptops,238597,Apple,110290,119900,Available,https://www.vijaysales.com/p/P238593/238597/apple-macbook-air-m4-chip-13-inch-34-46-cm-13-6-16gb-512gb-midnight-mw133hn-a,https://vsprod.vijaysales.com/media/catalog/product/2/3/238597_1_.jpg,4,8.02,Computers and Laptops,MacBook,8.0,512.0,13.6,Ryzen 9
2026-02-11,2026-02-11 09:11:06,laptops,238595,Apple,110290,119900,Available,https://www.vijaysales.com/p/P238593/238595/apple-macbook-air-m4-chip-13-inch-34-46-cm-13-6-16gb-512gb-silver-mw0x3hn-a,https://vsprod.vijaysales.com/media/catalog/product/2/3/238595_1_.jpg,4,8.02,Computers and Laptops,MacBook,16.0,512.0,13.6,Intel Core i7
2026-02-11,2026-02-11 09:11:06,laptops,238599,Apple,128690,139900,Unavailable,https://www.vijaysales.com/p/P238593/238599/apple-macbook-air-m4-chip-13-inch-34-46-cm-13-6-24gb-512gb-silver-mc6v4hn-a,https://vsprod.vijaysales.com/media/catalog/product/2/3/238602_1__1_1.jpg,4,8.01,Computers and Laptops,MacBook,16.0,512.0,13.6,Apple M1
2026-02-11,2026-02-11 09:11:06,laptops,238596,Apple,110290,119900,Available,https://www.vijaysales.com/p/P238593/238596/apple-macbook-air-m4-chip-13-inch-34-46-cm-13-6-16gb-512gb-starlight-mw103hn-a,https://vsprod.vijaysales.com/media/catalog/product/2/3/238596_1_.jpg,5,8.02,Computers and Laptops,MacBook,16.0,512.0,13.6,Intel Core i5
2026-02-11,2026-02-11 09:11:06,laptops,235523,Apple,114900,169900,Available,https://www.vijaysales.com/p/235523/store-display-unit-apple-macbook-pro-m4-chip-16gb-ram-512gb-ssd-142-inch-3597-cm-liquid-retina-xdr-display-10-core-cpu-10-core-gpu-macos-space-black-1-year-onsitego-warranty,https://vsprod.vijaysales.com/media/catalog/product/2/3/235491_5__1_1.jpg,4,32.37,Computers and Laptops,MacBook,16.0,512.0,14.2,Ryzen 7
2026-02-11,2026-02-11 09:11:06,laptops,238606,Apple,114900,124900,Available,https://www.vijaysales.com/p/P238593/238606/apple-macbook-air-m4-chip-15-inch-38-91-cm-15-3-16gb-256gb-skyblue-mc7a4hn-a,https://vsprod.vijaysales.com/media/catalog/product/2/3/238606_1_.jpg,4,8.01,Computers and Laptops,MacBook,16.0,512.0,15.3,Intel Core i5
2026-02-11,2026-02-11 09:11:06,laptops,238605,Apple,114900,124900,Available,https://www.vijaysales.com/p/P238593/238605/apple-macbook-air-m4-chip-15-inch-38-91-cm-15-3-16gb-256gb-midnight-mw1l3hn-a,https://vsprod.vijaysales.com/media/catalog/product/2/3/238605_1_.jpg,4,8.01,Computers and Laptops,MacBook,8.0,512.0,15.3,Intel Core i3
2026-02-11,2026-02-11 09:11:06,laptops,235474,Apple,72990,85900,Unavailable,https://www.vijaysales.com/p/P235474/235474/apple-macbook-air-m2-chip-16gb-ram-256gb-ssd-13-6-inch-34-46-cm-liquid-retina-display-8-core-cpu-8-core-gpu-macos-midnight,https://vsprod.vijaysales.com/media/catalog/product/m/i/midnight_1_.jpg,4,15.03,Computers and Laptops,MacBook,16.0,256.0,13.6,Intel Core i5
2026-02-11,2026-02-11 09:11:06,laptops,238598,Apple,110290,119900,Unavailable,https://www.vijaysales.com/p/P238593/238598/apple-macbook-air-m4-chip-13-inch-34-46-cm-13-6-16gb-512gb-skyblue-mc6u4hn-a,https://vsprod.vijaysales.com/media/catalog/product/2/3/238598_1_.jpg,4,8.02,Computers and Laptops,MacBook,16.0,512.0,13.6,Snapdragon X
2026-02-11,2026-02-11 09:11:06,laptops,238610,Apple,133290,144900,Available,https://www.vijaysales.com/p/P238593/238610/apple-macbook-air-m4-chip-15-inch-38-91-cm-15-3-16gb-512gb-skyblue-mc7c4hn-a,https://vsprod.vijaysales.com/media/catalog/product/2/3/238610_1_.jpg,4,8.01,Computers and Laptops,MacBook,16.0,512.0,15.3,Intel Core i5
2026-02-11,2026-02-11 09:11:06,laptops,238604,Apple,114900,124900,Available,https://www.vijaysales.com/p/P238593/238604/apple-macbook-air-m4-chip-15-inch-38-91-cm-15-3-16gb-256gb-starlight-mw1j3hn-a,https://vsprod.vijaysales.com/media/catalog/product/2/3/238604_1_.jpg,4,8.01,Computers and Laptops,MacBook,16.0,512.0,15.3,Intel Core i5
2026-02-11,2026-02-11 09:11:06,laptops,238609,Apple,133290,144900,Available,https://www.vijaysales.com/p/P238593/238609/apple-macbook-air-m4-chip-15-inch-38-91-cm-15-3-16gb-512gb-midnight-mw1m3hn-a,https://vsprod.vijaysales.com/media/catalog/product/2/3/238609_1_.jpg,4,8.01,Computers and Laptops,MacBook,48.0,512.0,15.3,Intel Core i5
2026-02-11,2026-02-11 09:11:06,laptops,238601,Apple,128690,139900,Unavailable,https://www.vijaysales.com/p/P238593/238601/apple-macbook-air-m4-chip-13-inch-34-46-cm-13-6-24gb-512gb-midnight-mc6a4hn-a,https://vsprod.vijaysales.com/media/catalog/product/2/3/238600_1__1.jpg,4,8.01,Computers and Laptops,MacBook,16.0,512.0,13.6,Intel Core i5
2026-02-11,2026-02-11 09:11:06,laptops,238608,Apple,133290,144900,Available,https://www.vijaysales.com/p/P238593/238608/apple-macbook-air-m4-chip-15-inch-38-91-cm-15-3-16gb-512gb-starlight-mw1k3hn-a,https://vsprod.vijaysales.com/media/catalog/product/2/3/238608_1_.jpg,4,8.01,Computers and Laptops,MacBook,8.0,512.0,15.3,Ryzen 5
2026-02-11,2026-02-11 09:11:06,laptops,235494,Apple,163990,189900,Unavailable,https://www.vijaysales.com/p/P235491/235494/apple-macbook-pro-m4-chip-16gb-ram-1tb-ssd-14-2-inch-35-97-cm-liquid-retina-xdr-display-10-core-cpu-10-core-gpu-macos-space-black,https://vsprod.vijaysales.com/media/catalog/product/2/3/235491_5__2.jpg,5,13.64,Computers and Laptops,MacBook,16.0,512.0,14.2,Snapdragon X
2026-02-11,2026-02-11 09:11:06,laptops,238607,Apple,133290,144900,Available,https://www.vijaysales.com/p/P238593/238607/apple-macbook-air-m4-chip-15-inch-38-91-cm-15-3-16gb-512gb-silver-mw1h3hn-a,https://vsprod.vijaysales.com/media/catalog/product/2/3/238607_1_.jpg,4,8.01,Computers and Laptops,MacBook,16.0,256.0,15.3,Intel Core i7
2026-02-11,2026-02-11 09:11:06,laptops,246904,Apple,194990,209900,Unavailable,https://www.vijaysales.com/p/P246899/246904/apple-macbook-pro-m5-chip-24gb-ram-1tb-ssd-14-inch-35-56-cm-liquid-retina-xdr-display-10-core-cpu-10-core-gpu-macos-silver-mde64hn-a,https://vsprod.vijaysales.com/media/catalog/product/m/a/macbook_pro_14-in_m5_silver_pdp_image_position_1__en-in_2.jpg,5,7.1,Computers and Laptops,MacBook,24.0,512.0,14.0,Intel Core i3
2026-02-11,2026-02-11 09:11:06,laptops,246903,Apple,179990,189900,Unavailable,https://www.vijaysales.com/p/P246899/246903/apple-macbook-pro-m5-chip-16gb-ram-1tb-ssd-14-inch-35-56-cm-liquid-retina-xdr-display-10-core-cpu-10-core-gpu-macos-silver-mde54hn-a,https://vsprod.vijaysales.com/media/catalog/product/m/a/macbook_pro_14-in_m5_silver_pdp_image_position_1__en-in.jpg,5,5.22,Computers and Laptops,MacBook,16.0,512.0,14.0,Intel Core i7
2026-02-11,2026-02-11 09:11:06,laptops,246901,Apple,194990,209900,Unavailable,https://www.vijaysales.com/p/P246899/246901/apple-macbook-pro-m5-chip-24gb-ram-1tb-ssd-14-inch-35-56-cm-liquid-retina-xdr-display-10-core-cpu-10-core-gpu-macos-space-black-mde34hn-a,https://vsprod.vijaysales.com/media/catalog/product/m/a/macbook_pro_14-in_m5_space_black_pdp_image_position_1__en-in_2.jpg,4,7.1,Computers and Laptops,MacBook,24.0,256.0,14.0,Intel Core i3
2026-02-11,2026-02-11 09:11:06,laptops,246900,Apple,179990,189900,Unavailable,https://www.vijaysales.com/p/P246899/246900/apple-macbook-pro-m5-chip-16gb-ram-1tb-ssd-14-inch-35-56-cm-liquid-retina-xdr-display-10-core-cpu-10-core-gpu-macos-space-black-mde14hn-a,https://vsprod.vijaysales.com/media/catalog/product/m/a/macbook_pro_14-in_m5_space_black_pdp_image_position_1__en-in.jpg,5,5.22,Computers and Laptops,MacBook,16.0,512.0,14.0,Intel Core i5
2026-02-11,2026-02-11 09:11:06,laptops,246899,Apple,161990,169900,Unavailable,https://www.vijaysales.com/p/P246899/246899/apple-macbook-pro-m5-chip-16gb-ram-512gb-ssd-14-inch-35-56-cm-liquid-retina-xdr-display-10-core-cpu-10-core-gpu-macos-space-black-mde04hn-a,https://vsprod.vijaysales.com/media/catalog/product/m/a/macbook_pro_14-in_m5_space_black_pdp_image_position_1__en-in_1.jpg,5,4.66,Computers and Laptops,MacBook,16.0,512.0,14.0,Ryzen 9
2026-02-11,2026-02-11 09:11:06,laptops,239839,Apple,114900,169900,Unavailable,https://www.vijaysales.com/p/239839/store-display-unit-apple-macbook-pro-m4-chip-16gb-ram-512gb-ssd-142-inch-3597-cm-liquid-retina-xdr-display-10-core-cpu-10-core-gpu-macos-silver-1-year-onsitego-warranty,https://vsprod.vijaysales.com/media/catalog/product/2/3/235492_5__1_1.jpg,4,32.37,Computers and Laptops,MacBook,16.0,512.0,14.2,Intel Core i5
2026-02-11,2026-02-11 09:11:06,laptops,238614,Apple,151690,164900,Unavailable,https://www.vijaysales.com/p/P238593/238614/apple-macbook-air-m4-chip-15-inch-38-91-cm-15-3-24gb-512gb-skyblue-mc7d4hn-a,https://vsprod.vijaysales.com/media/catalog/product/2/3/238614_1_.jpg,4,8.01,Computers and Laptops,MacBook,36.0,512.0,15.3,Snapdragon X
2026-02-11,2026-02-11 09:11:06,laptops,238613,Apple,151690,164900,Unavailable,https://www.vijaysales.com/p/P238593/238613/apple-macbook-air-m4-chip-15-inch-38-91-cm-15-3-24gb-512gb-midnight-mc6l4hn-a,https://vsprod.vijaysales.com/media/catalog/product/2/3/238613_1_.jpg,4,8.01,Computers and Laptops,MacBook,8.0,512.0,15.3,Intel Core i5
2026-02-11,2026-02-11 09:11:06,laptops,238612,Apple,151690,164900,Unavailable,https://www.vijaysales.com/p/P238593/238612/apple-macbook-air-m4-chip-15-inch-38-91-cm-15-3-24gb-512gb-starlight-mc6k4hn-a,https://vsprod.vijaysales.com/media/catalog/product/2/3/238612_1_.jpg,5,8.01,Computers and Laptops,MacBook,16.0,512.0,15.3,Intel Core i5
2026-02-11,2026-02-11 09:11:06,laptops,238611,Apple,151690,164900,Unavailable,https://www.vijaysales.com/p/P238593/238611/apple-macbook-air-m4-chip-15-inch-38-91-cm-15-3-24gb-512gb-silver-mc6j4hn-a,https://vsprod.vijaysales.com/media/catalog/product/2/3/238611_1_.jpg,5,8.01,Computers and Laptops,MacBook,16.0,512.0,15.3,Apple M4
2026-02-11,2026-02-11 09:11:06,laptops,238603,Apple,114900,124900,Unavailable,https://www.vijaysales.com/p/P238593/238603/apple-macbook-air-m4-chip-15-inch-38-91-cm-15-3-16gb-256gb-silver-mw1g3hn-a,https://vsprod.vijaysales.com/media/catalog/product/2/3/238603_1_.jpg,4,8.01,Computers and Laptops,MacBook,16.0,512.0,15.3,Ryzen 7
2026-02-11,2026-02-11 09:11:06,laptops,238602,Apple,128690,139900,Unavailable,https://www.vijaysales.com/p/P238593/238602/apple-macbook-air-m4-chip-13-inch-34-46-cm-13-6-24gb-512gb-skyblue-mc6c4hn-a,https://vsprod.vijaysales.com/media/catalog/product/2/3/238601_1_.jpg,4,8.01,Computers and Laptops,MacBook,24.0,512.0,13.6,Ryzen 7
2026-02-11,2026-02-11 09:11:06,laptops,238600,Apple,128690,139900,Unavailable,https://www.vijaysales.com/p/P238593/238600/apple-macbook-air-m4-chip-13-inch-34-46-cm-13-6-24gb-512gb-starlight-mc654hn-a,https://vsprod.vijaysales.com/media/catalog/product/2/3/238599_1_.jpg,4,8.01,Computers and Laptops,MacBook,16.0,512.0,13.6,Intel Core i7
2026-02-11,2026-02-11 09:11:06,laptops,235527,Apple,75000,113900,Unavailable,https://www.vijaysales.com/p/235527/store-display-unit-apple-macbook-air-m3-chip-16gb-ram-256gb-ssd-15-3-inch-38-91-cm-liquid-retina-display-8-core-cpu-10-core-gpu-macos-starlight-1-year-onsitego-warranty,https://vsprod.vijaysales.com/media/catalog/product/2/3/235485_2_.jpg,4,34.15,Computers and Laptops,MacBook,16.0,256.0,15.3,Intel Core i7
2026-02-11,2026-02-11 09:11:06,laptops,235510,Apple,379905,399900,Unavailable,https://www.vijaysales.com/p/235510/apple-macbook-pro-m4-max-chip-48gb-ram-1tb-ssd-16-2-inch-41-05-cm-liquid-retina-xdr-display-16-core-cpu-40-core-gpu-space-black,https://vsprod.vijaysales.com/media/catalog/product/2/3/235510_2_.jpg,5,5.0,Computers and Laptops,MacBook,48.0,256.0,16.2,Ryzen 3
2026-02-11,2026-02-11 09:11:06,laptops,235509,Apple,332500,349900,Unavailable,https://www.vijaysales.com/p/235509/apple-macbook-pro-m4-max-chip-36gb-ram-1tb-ssd-16-2-inch-41-05-cm-liquid-retina-xdr-display-14-core-cpu-32-core-gpu-space-black,https://vsprod.vijaysales.com/media/catalog/product/2/3/235509_2_.jpg,5,4.97,Computers and Laptops,MacBook,36.0,512.0,16.2,Apple M3
2026-02-11,2026-02-11 09:11:06,laptops,235508,Apple,275399,289900,Unavailable,https://www.vijaysales.com/p/P235503/235508/apple-macbook-pro-m4-chip-48gb-ram-512gb-ssd-16-2-inch-41-05-cm-liquid-retina-xdr-display-14-core-cpu-20-core-gpu-macos-space-black,https://vsprod.vijaysales.com/media/catalog/product/2/3/235508.jpg,4,5.0,Computers and Laptops,MacBook,48.0,512.0,16.2,Ryzen 5
2026-02-11,2026-02-11 09:11:06,laptops,235507,Apple,229900,249900,Unavailable,https://www.vijaysales.com/p/P235503/235507/apple-macbook-pro-m4-chip-24gb-ram-512gb-ssd-16-2-inch-41-05-cm-liquid-retina-xdr-display-14-core-cpu-20-core-gpu-macos-space-black,https://vsprod.vijaysales.com/media/catalog/product/2/3/235507.jpg,4,8.0,Computers and Laptops,MacBook,24.0,512.0,16.2,Intel Core i7
2026-02-11,2026-02-11 09:11:06,laptops,235505,Apple,332399,349900,Unavailable,https://www.vijaysales.com/p/235505/apple-macbook-pro-m4-max-chip-36gb-ram-1tb-ssd-16-2-inch-41-05-cm-liquid-retina-xdr-display-14-core-cpu-32-core-gpu-silver,https://vsprod.vijaysales.com/media/catalog/product/2/3/235505_2_.jpg,4,5.0,Computers and Laptops,MacBook,36.0,512.0,16.2,Ryzen 3
2026-02-11,2026-02-11 09:11:06,laptops,235504,Apple,260900,289900,Unavailable,https://www.vijaysales.com/p/235504/apple-macbook-pro-m4-chip-48gb-ram-512gb-ssd-16-2-inch-41-05-cm-liquid-retina-xdr-display-14-core-cpu-20-core-gpu-macos-silver,https://vsprod.vijaysales.com/media/catalog/product/2/3/235504.jpg,4,10.0,Computers and Laptops,MacBook,48.0,512.0,16.2,Apple M3
2026-02-11,2026-02-11 09:11:06,laptops,235503,Apple,229900,249900,Unavailable,https://www.vijaysales.com/p/P235503/235503/apple-macbook-pro-m4-chip-24gb-ram-512gb-ssd-16-2-inch-41-05-cm-liquid-retina-xdr-display-14-core-cpu-20-core-gpu-macos-silver,https://vsprod.vijaysales.com/media/catalog/product/2/3/235503.jpg,4,8.0,Computers and Laptops,MacBook,24.0,512.0,16.2,Intel Core i5
2026-02-11,2026-02-11 09:11:06,laptops,235502,Apple,287900,319900,Unavailable,https://www.vijaysales.com/p/P235502/235502/apple-macbook-pro-m4-max-chip-36gb-ram-1tb-ssd-14-2-inch-35-97-cm-liquid-retina-xdr-display-14-core-cpu-32-core-gpu-macos-space-black,https://vsprod.vijaysales.com/media/catalog/product/2/3/235502_4_.jpg,5,10.0,Computers and Laptops,MacBook,36.0,512.0,14.2,Intel Core i5
2026-02-11,2026-02-11 09:11:06,laptops,235501,Apple,215900,239900,Unavailable,https://www.vijaysales.com/p/P235503/235501/apple-macbook-pro-m4-pro-chip-24gb-ram-1tb-ssd-14-2-inch-35-97-cm-liquid-retina-xdr-display-14-core-cpu-20-core-gpu-macos-space-black,https://vsprod.vijaysales.com/media/catalog/product/2/3/235501_3_.jpg,5,10.0,Computers and Laptops,MacBook,24.0,512.0,14.2,Intel Core i5
2026-02-11,2026-02-11 09:11:06,laptops,235500,Apple,189900,199900,Unavailable,https://www.vijaysales.com/p/235500/apple-macbook-pro-m4-pro-chip-24gb-ram-512gb-ssd-14-2-inch-35-97-cm-liquid-retina-xdr-display-12-core-cpu-16-core-gpu-macos-space-black,https://vsprod.vijaysales.com/media/catalog/product/2/3/235500_2_.jpg,5,5.0,Computers and Laptops,MacBook,24.0,512.0,14.2,Apple M3
2026-02-11,2026-02-11 09:11:06,laptops,235499,Apple,287900,319900,Unavailable,https://www.vijaysales.com/p/P235502/235499/apple-macbook-pro-m4-max-chip-36gb-ram-1tb-ssd-14-2-inch-35-97-cm-liquid-retina-xdr-display-14-core-cpu-32-core-gpu-macos-silver,https://vsprod.vijaysales.com/media/catalog/product/2/3/235499_4_.jpg,4,10.0,Computers and Laptops,MacBook,36.0,512.0,14.2,Ryzen 5
2026-02-11,2026-02-11 09:11:06,laptops,235498,Apple,228000,239900,Unavailable,https://www.vijaysales.com/p/235498/apple-macbook-pro-m4-pro-chip-24gb-ram-1tb-ssd-14-2-inch-35-97-cm-liquid-retina-xdr-display-14-core-cpu-20-core-gpu-macos-silver,https://vsprod.vijaysales.com/media/catalog/product/2/3/235498_3_.jpg,5,4.96,Computers and Laptops,MacBook,24.0,256.0,14.2,Ryzen 3
2026-02-11,2026-02-11 09:11:06,laptops,235497,Apple,189900,199900,Unavailable,https://www.vijaysales.com/p/235497/apple-macbook-pro-m4-pro-chip-24gb-ram-512gb-ssd-14-2-inch-35-97-cm-liquid-retina-xdr-display-12-core-cpu-16-core-gpu-macos-silver,https://vsprod.vijaysales.com/media/catalog/product/2/3/235497_2_.jpg,5,5.0,Computers and Laptops,MacBook,24.0,512.0,14.2,Intel Core i3
2026-02-11,2026-02-11 09:11:06,laptops,235496,Apple,170900,189900,Unavailable,https://www.vijaysales.com/p/P235491/235496/apple-macbook-pro-m4-chip-16gb-ram-1tb-ssd-14-2-inch-35-97-cm-liquid-retina-xdr-display-10-core-cpu-10-core-gpu-macos-silver,https://vsprod.vijaysales.com/media/catalog/product/2/3/235492_5__2.jpg,5,10.01,Computers and Laptops,MacBook,16.0,512.0,14.2,Ryzen 7
2026-02-11,2026-02-11 09:11:06,laptops,235495,Apple,152900,169900,Unavailable,https://www.vijaysales.com/p/P235491/235495/apple-macbook-pro-m4-chip-16gb-ram-512gb-ssd-14-2-inch-35-97-cm-liquid-retina-xdr-display-10-core-cpu-10-core-gpu-macos-silver,https://vsprod.vijaysales.com/media/catalog/product/2/3/235492_5__1.jpg,4,10.01,Computers and Laptops,MacBook,16.0,512.0,14.2,Intel Core i7
2026-02-11,2026-02-11 09:11:06,laptops,235493,Apple,146490,169900,Unavailable,https://www.vijaysales.com/p/P235491/235493/apple-macbook-pro-m4-chip-16gb-ram-512gb-ssd-14-2-inch-35-97-cm-liquid-retina-xdr-display-10-core-cpu-10-core-gpu-macos-space-black,https://vsprod.vijaysales.com/media/catalog/product/2/3/235491_5__1.jpg,5,13.78,Computers and Laptops,MacBook,16.0,512.0,14.2,Snapdragon X
2026-02-11,2026-02-11 09:11:06,laptops,235492,Apple,180990,209900,Unavailable,https://www.vijaysales.com/p/P235491/235492/apple-macbook-pro-m4-chip-24gb-ram-1tb-ssd-14-2-inch-35-97-cm-liquid-retina-xdr-display-10-core-cpu-10-core-gpu-macos-silver,https://vsprod.vijaysales.com/media/catalog/product/2/3/235492_5_.jpg,5,13.77,Computers and Laptops,MacBook,24.0,512.0,14.2,Snapdragon X
2026-02-11,2026-02-11 09:11:06,laptops,235491,Apple,199500,209900,Unavailable,https://www.vijaysales.com/p/P235491/235491/apple-macbook-pro-m4-chip-24gb-ram-1tb-ssd-14-2-inch-35-97-cm-liquid-retina-xdr-display-10-core-cpu-10-core-gpu-macos-space-black,https://vsprod.vijaysales.com/media/catalog/product/2/3/235491_5_.jpg,4,4.95,Computers and Laptops,MacBook,24.0,512.0,14.2,Intel Core i7
2026-02-11,2026-02-11 09:11:06,laptops,235485,Apple,78334,134900,Unavailable,https://www.vijaysales.com/p/235485/apple-macbook-air-m3-chip-16gb-ram-256gb-ssd-15-3-inch-38-91-cm-liquid-retina-display-8-core-cpu-10-core-gpu-macos-starlight,https://vsprod.vijaysales.com/media/catalog/product/2/3/235485_2_.jpg,4,41.93,Computers and Laptops,MacBook,16.0,256.0,15.3,Ryzen 7
2026-02-11,2026-02-11 09:11:06,laptops,235484,Apple,78334,134900,Unavailable,https://www.vijaysales.com/p/235484/apple-macbook-air-m3-chip-16gb-ram-256gb-ssd-15-3-inch-38-91-cm-liquid-retina-display-8-core-cpu-10-core-gpu-macos-silver,https://vsprod.vijaysales.com/media/catalog/product/2/3/235484_2_.jpg,5,41.93,Computers and Laptops,MacBook,16.0,256.0,15.3,Intel Core i5
2026-02-11,2026-02-11 09:11:06,laptops,235483,Apple,78334,134900,Unavailable,https://www.vijaysales.com/p/235483/apple-macbook-air-m3-chip-16gb-ram-256gb-ssd-15-3-inch-38-91-cm-liquid-retina-display-8-core-cpu-10-core-gpu-macos-space-grey,https://vsprod.vijaysales.com/media/catalog/product/2/3/235483_2_.jpg,4,41.93,Computers and Laptops,MacBook,16.0,256.0,15.3,Ryzen 7
2026-02-11,2026-02-11 09:11:06,laptops,235473,Apple,72990,85900,Unavailable,https://www.vijaysales.com/p/P235474/235473/apple-macbook-air-m2-chip-16gb-ram-256gb-ssd-13-6-inch-34-46-cm-liquid-retina-display-8-core-cpu-8-core-gpu-macos-starlight,https://vsprod.vijaysales.com/media/catalog/product/s/t/starlight_1_.jpg,5,15.03,Computers and Laptops,MacBook,16.0,256.0,13.6,Snapdragon X
2026-02-11,2026-02-11 09:11:06,laptops,229361,Apple,155000,239900,Unavailable,https://www.vijaysales.com/p/229361/demo-apple-mbp-16-m3-pro-12c-18c-18g-512g-space-blk-mrw13hna,https://vsprod.vijaysales.com/media/catalog/product/2/2/222909-image1_2_1.jpg,5,35.39,Computers and Laptops,MacBook,18.0,512.0,16.2,Snapdragon X
2026-02-11,2026-02-11 09:11:06,laptops,227164,Apple,75583,109900,Unavailable,https://www.vijaysales.com/p/227164/apple-macbook-air-m2-chip-mly43hn-a-2022-laptop-8gb-ram-512-gb-ssd-13-6-inch-34-46-cm-display-8-core-cpu-10-core-gpu-macos-midnight,https://vsprod.vijaysales.com/media/catalog/product/2/2/227164-image1_1.jpg,5,31.23,Computers and Laptops,MacBook,8.0,512.0,16.0,Snapdragon X
2026-02-11,2026-02-11 09:11:06,laptops,227163,Apple,75490,109900,Available,https://www.vijaysales.com/p/227163/apple-macbook-air-m2-chip-mly23hn-a-2022-laptop-8gb-ram-512-gb-ssd-13-6-inch-34-46-cm-display-8-core-cpu-10-core-gpu-macos-starlight,https://vsprod.vijaysales.com/media/catalog/product/2/2/227163-image1_1.jpg,5,31.31,Computers and Laptops,MacBook,8.0,512.0,15.6,Apple M3
2026-02-11,2026-02-11 09:11:06,laptops,227161,Apple,75583,109900,Unavailable,https://www.vijaysales.com/p/227161/apple-macbook-air-m2-chip-mlxx3hn-a-2022-laptop-8gb-ram-512-gb-ssd-13-6-inch-34-46-cm-display-8-core-cpu-10-core-gpu-macos-space-grey,https://vsprod.vijaysales.com/media/catalog/product/2/2/227161-image1_1.jpg,4,31.23,Computers and Laptops,MacBook,8.0,512.0,14.0,Snapdragon X
2026-02-11,2026-02-11 09:11:06,laptops,227089,Apple,49990,74900,Unavailable,https://www.vijaysales.com/p/227089/store-display-unit-apple-macbook-air-m1-chip-laptop-8gb-ram-256gb-ssd-13-3-inch-retina-display-backlit-kb-facetime-hd-camera-touch-id-mgn63hn-a-1-year-onsitego-warranty,https://vsprod.vijaysales.com/media/catalog/product/2/0/203764-image1_2.jpg,5,33.26,Computers and Laptops,MacBook,8.0,256.0,13.3,Intel Core i5
2026-02-11,2026-02-11 09:11:06,laptops,227088,Apple,64990,114900,Unavailable,https://www.vijaysales.com/p/227088/store-display-unit-apple-macbook-air-13-m3-8gb-256gb-mrxv3hna-1-year-onsitego-warranty,https://vsprod.vijaysales.com/media/catalog/product/2/2/227064-image1_1_1.jpg,5,43.44,Computers and Laptops,MacBook,16.0,256.0,14.0,Intel Core i5
2026-02-11,2026-02-11 09:11:06,laptops,227084,Apple,92776,154900,Unavailable,https://www.vijaysales.com/p/227084/apple-macbook-air-15-inch-m3-chip-mxd43hn-a-16gb-ram-512gb-ssd-15-3-inch-38-91-cm-liquid-retina-display-10-core-gpu-macos-midnight,https://vsprod.vijaysales.com/media/catalog/product/2/2/227084-image1_1.jpg,5,40.11,Computers and Laptops,MacBook,16.0,512.0,15.3,Intel Core i7
2026-02-11,2026-02-11 09:11:06,laptops,227083,Apple,92776,154900,Unavailable,https://www.vijaysales.com/p/227083/apple-macbook-air-15-inch-m3-chip-mxd33hn-a-16gb-ram-512gb-ssd-15-3-inch-38-91-cm-liquid-retina-display-10-core-gpu-macos-starlight,https://vsprod.vijaysales.com/media/catalog/product/2/2/227083-image1_1.jpg,4,40.11,Computers and Laptops,MacBook,16.0,512.0,15.3,Ryzen 5
2026-02-11,2026-02-11 09:11:06,laptops,227082,Apple,92776,154900,Unavailable,https://www.vijaysales.com/p/227082/apple-macbook-air-15-inch-m3-chip-mxd23hn-a-16gb-ram-512gb-ssd-15-3-inch-38-91-cm-liquid-retina-display-10-core-gpu-macos-silver,https://vsprod.vijaysales.com/media/catalog/product/2/2/227082-image1_1.jpg,4,40.11,Computers and Laptops,MacBook,16.0,512.0,15.3,Ryzen 7
2026-02-11,2026-02-11 09:11:06,laptops,227080,Apple,99590,144900,Available,https://www.vijaysales.com/p/227080/apple-macbook-air-15-inch-m3-chip-mryv3hn-a-8gb-ram-512gb-ssd-15-3-inch-38-91-cm-liquid-retina-display-10-core-gpu-macos-midnight,https://vsprod.vijaysales.com/media/catalog/product/2/2/227080-image1_1.jpg,4,31.27,Computers and Laptops,MacBook,8.0,512.0,15.3,Intel Core i5
2026-02-11,2026-02-11 09:11:06,laptops,227079,Apple,99590,144900,Unavailable,https://www.vijaysales.com/p/227079/apple-macbook-air-15-inch-m3-chip-mryt3hn-a-8gb-ram-512gb-ssd-15-3-inch-38-91-cm-liquid-retina-display-10-core-gpu-macos-starlight,https://vsprod.vijaysales.com/media/catalog/product/2/2/227079-image1_1.jpg,5,31.27,Computers and Laptops,MacBook,8.0,512.0,15.3,Ryzen 5
2026-02-11,2026-02-11 09:11:06,laptops,227078,Apple,99590,144900,Available,https://www.vijaysales.com/p/227078/apple-macbook-air-15-inch-m3-chip-mryq3hn-a-8gb-ram-512gb-ssd-15-3-inch-38-91-cm-liquid-retina-display-10-core-gpu-macos-silver,https://vsprod.vijaysales.com/media/catalog/product/2/2/227078-image1_1.jpg,5,31.27,Computers and Laptops,MacBook,8.0,512.0,15.3,Apple M1
2026-02-11,2026-02-11 09:11:06,laptops,227077,Apple,99590,144900,Available,https://www.vijaysales.com/p/227077/apple-macbook-air-15-inch-m3-chip-mryv3hn-a-8gb-ram-512gb-ssd-15-3-inch-38-91-cm-liquid-retina-display-10-core-gpu-macos-space-grey,https://vsprod.vijaysales.com/media/catalog/product/2/2/227077-image1_1.jpg,4,31.27,Computers and Laptops,MacBook,8.0,512.0,15.3,Apple M3
2026-02-11,2026-02-11 09:11:06,laptops,223127,Apple,125000,189900,Unavailable,https://www.vijaysales.com/p/223127/store-display-unit-apple-macbook-pro-14-m3-pro-18gb-512gb-mrx33hna-1-year-onsitego-warranty,https://vsprod.vijaysales.com/media/catalog/product/2/2/222903-image1_2_1.jpg,5,34.18,Computers and Laptops,MacBook,8.0,512.0,15.3,Intel Core i5
2026-02-11,2026-02-11 09:11:06,laptops,218926,Apple,79990,134900,Unavailable,https://www.vijaysales.com/p/218926/apple-macbook-air-15-inch-m2-chip-mqku3hn-a-8gb-ram-256gb-ssd-15-3-inch-38-91-cm-liquid-retina-display-10-core-gpu-macos-starlight-1,https://vsprod.vijaysales.com/media/catalog/product/2/1/218861-image1_1.jpg,4,40.7,Computers and Laptops,MacBook,8.0,256.0,15.0,Intel Core i5
2026-02-11,2026-02-11 09:11:06,laptops,218863,Apple,92790,134900,Available,https://www.vijaysales.com/p/218863/apple-macbook-air-15-inch-m2-chip-mqkw3hn-a-8gb-ram-256gb-ssd-15-3-inch-38-91-cm-liquid-retina-display-10-core-gpu-macos-midnight,https://vsprod.vijaysales.com/media/catalog/product/2/1/218863-image1_1.jpg,5,31.22,Computers and Laptops,MacBook,8.0,256.0,15.3,Intel Core i5
2026-02-11,2026-02-11 09:11:06,laptops,218861,Apple,92790,134900,Available,https://www.vijaysales.com/p/218861/apple-macbook-air-15-inch-m2-chip-mqku3hn-a-8gb-ram-256gb-ssd-15-3-inch-38-91-cm-liquid-retina-display-10-core-gpu-macos-starlight,https://vsprod.vijaysales.com/media/catalog/product/2/1/218861-image1.jpg,4,31.22,Computers and Laptops,MacBook,8.0,256.0,15.0,Ryzen 5
2026-02-11,2026-02-11 09:11:06,laptops,218860,Apple,106490,154900,Available,https://www.vijaysales.com/p/218860/apple-macbook-air-15-inch-m2-chip-mqkt3hn-a-8gb-ram-512gb-ssd-15-3-inch-38-91-cm-liquid-retina-display-10-core-gpu-macos-silver,https://vsprod.vijaysales.com/media/catalog/product/2/1/218860-image1_1.jpg,4,31.25,Computers and Laptops,MacBook,8.0,512.0,15.0,Ryzen 3
2026-02-11,2026-02-11 09:11:06,laptops,214088,Apple,206990,239900,Unavailable,https://www.vijaysales.com/p/214088/apple-macbook-pro-m2-pro-chip-16gb-ram-512gb-ssd-16-2-inch-liquid-retina-xdr-display-16-core-gpu-space-grey-mnw83hn-a,https://vsprod.vijaysales.com/media/catalog/product/2/1/214088_1_.jpg,5,13.72,Computers and Laptops,MacBook,16.0,512.0,16.2,Ryzen 5
2026-02-11,2026-02-11 09:11:06,laptops,204489,Apple,74990,129900,Available,https://www.vijaysales.com/p/204489/store-display-unit-apple-macbook-pro-m2-8gb-256gb-mneh3hn-a-sg-1-year-onsitego-warranty,https://vsprod.vijaysales.com/media/catalog/product/2/0/204489_1_.jpg,4,42.27,Computers and Laptops,MacBook,8.0,256.0,13.3,Snapdragon X
2026-02-11,2026-02-11 09:11:06,laptops,203766,Apple,57500,92900,Unavailable,https://www.vijaysales.com/p/203766/apple-2020-macbook-air-m1-chip-mgnd3hn-a-laptop-8gb-ram-256gb-ssd-13-3-inch-33-74-cm-display-8-core-cpu-7-core-gpu-mac-os-gold,https://vsprod.vijaysales.com/media/catalog/product/2/0/203766-image1.jpg,5,38.11,Computers and Laptops,MacBook,8.0,256.0,14.0,Intel Core i5
2026-02-11,2026-02-11 09:11:06,laptops,203764,Apple,59900,74900,Available,https://www.vijaysales.com/p/203764/apple-2020-macbook-air-m1-chip-mgn63hn-a-laptop-8gb-ram-256gb-ssd-13-3-inch-33-74-cm-display-8-core-cpu-7-core-gpu-mac-os-big-space-grey,https://vsprod.vijaysales.com/media/catalog/product/2/0/203764-image1_2.jpg,4,20.03,Computers and Laptops,MacBook,8.0,256.0,15.6,Intel Core i5
2026-02-11,2026-02-11 09:11:06,laptops,203608,Apple,75490,109900,Unavailable,https://www.vijaysales.com/p/203608/store-display-unit-apple-macbook-air-m2-8gb-512gb-mly43hn-a-midnight-1-year-onsitego-warranty,https://vsprod.vijaysales.com/media/catalog/product/2/0/203608_1_.jpg,5,31.31,Computers and Laptops,MacBook,8.0,512.0,15.0,Intel Core i3
2026-02-11,2026-02-11 09:11:06,laptops,203606,Apple,75490,109900,Unavailable,https://www.vijaysales.com/p/203606/store-display-unit-apple-macbook-air-m2-8gb-512gb-mly23hn-a-starlight-1-year-onsitego-warranty,https://vsprod.vijaysales.com/media/catalog/product/2/0/203606-1.jpg,5,31.31,Computers and Laptops,MacBook,32.0,512.0,13.6,Intel Core i3
2026-02-11,2026-02-11 09:11:06,laptops,203604,Apple,75490,109900,Unavailable,https://www.vijaysales.com/p/203604/apple-macbook-air-m2-chip-laptop-8gb-ram-512-gb-ssd-13-6-inch-34-46-cm-display-8-core-cpu-10-core-gpu-macos-silver-mly03hn-a-2022,https://vsprod.vijaysales.com/media/catalog/product/2/0/203604-image1.jpg,4,31.31,Computers and Laptops,MacBook,8.0,512.0,15.6,Intel Core i3
2026-02-11,2026-02-11 09:11:06,laptops,203603,Apple,61828,89900,Unavailable,https://www.vijaysales.com/p/203603/store-display-unit-apple-macbook-air-m2-8gb-256gb-mlxy3hna-silver-1-year-onsitego-warranty,https://vsprod.vijaysales.com/media/catalog/product/2/0/203603_1_.jpg,5,31.23,Computers and Laptops,MacBook,16.0,512.0,15.6,Intel Core i7
2026-02-11,2026-02-11 09:11:06,laptops,194701,Apple,223990,259900,Available,https://www.vijaysales.com/p/194701/apple-macbook-pro-16-m1-pro-chip-mk193hn-a-16gb-ram-1-tb-ssd-16-2-inch-41-05-cm-liquid-retina-xdr-display-16-core-gpu-macos-monterey-space-grey,https://vsprod.vijaysales.com/media/catalog/product/1/9/194701-image1.jpg,5,13.82,Computers and Laptops,MacBook,16.0,512.0,16.2,Ryzen 9
